"","par","est","se","true","method","id","seed","n","skew","ncat","model.id","admissible","time"
"1","X=~x1",0.964231096505119,0.0811822847693018,0.8,"MC-OrdPLSc",6601,8928452,200,"Symmetric","2",2,TRUE,12.8399999999965
"2","X=~x2",0.749174265837728,0.105642790792013,0.8,"MC-OrdPLSc",6601,8928452,200,"Symmetric","2",2,TRUE,12.8399999999965
"3","X=~x3",0.726266570608081,0.0913505079223745,0.8,"MC-OrdPLSc",6601,8928452,200,"Symmetric","2",2,TRUE,12.8399999999965
"4","Z=~z1",0.761200469908579,0.083011482661843,0.8,"MC-OrdPLSc",6601,8928452,200,"Symmetric","2",2,TRUE,12.8399999999965
"5","Z=~z2",0.833232482894474,0.0738714806780825,0.8,"MC-OrdPLSc",6601,8928452,200,"Symmetric","2",2,TRUE,12.8399999999965
"6","Z=~z3",0.80057665541097,0.0773444472610832,0.8,"MC-OrdPLSc",6601,8928452,200,"Symmetric","2",2,TRUE,12.8399999999965
"7","Y=~y1",0.785301587476755,0.0647742995558107,0.8,"MC-OrdPLSc",6601,8928452,200,"Symmetric","2",2,TRUE,12.8399999999965
"8","Y=~y2",0.77623755888192,0.0711281053788091,0.8,"MC-OrdPLSc",6601,8928452,200,"Symmetric","2",2,TRUE,12.8399999999965
"9","Y=~y3",0.839431653627865,0.0669081323715409,0.8,"MC-OrdPLSc",6601,8928452,200,"Symmetric","2",2,TRUE,12.8399999999965
"10","Y~X",0.450608459371826,0.100941534144301,0.4,"MC-OrdPLSc",6601,8928452,200,"Symmetric","2",2,TRUE,12.8399999999965
"11","Y~Z",0.563304837062315,0.0820049460920061,0.5,"MC-OrdPLSc",6601,8928452,200,"Symmetric","2",2,TRUE,12.8399999999965
"12","Y~X:Z",0.154493601469801,0.147991393400326,0.3,"MC-OrdPLSc",6601,8928452,200,"Symmetric","2",2,TRUE,12.8399999999965
"13","X~~Z",0.129857569723164,0.0996980969129298,0.2,"MC-OrdPLSc",6601,8928452,200,"Symmetric","2",2,TRUE,12.8399999999965
"14","X=~x1",0.446680466024995,0.116465971102563,0.8,"PLSc",6601,8928452,200,"Symmetric","2",2,TRUE,3.32000000000698
"15","X=~x2",0.71323120273434,0.0898027460498756,0.8,"PLSc",6601,8928452,200,"Symmetric","2",2,TRUE,3.32000000000698
"16","X=~x3",0.775584089974462,0.081247428734794,0.8,"PLSc",6601,8928452,200,"Symmetric","2",2,TRUE,3.32000000000698
"17","Z=~z1",0.826051761475438,0.0990018640440785,0.8,"PLSc",6601,8928452,200,"Symmetric","2",2,TRUE,3.32000000000698
"18","Z=~z2",0.400932568859256,0.135409875108664,0.8,"PLSc",6601,8928452,200,"Symmetric","2",2,TRUE,3.32000000000698
"19","Z=~z3",0.644400121350207,0.0989918597755525,0.8,"PLSc",6601,8928452,200,"Symmetric","2",2,TRUE,3.32000000000698
"20","Y=~y1",0.648774875879013,0.0797217130368786,0.8,"PLSc",6601,8928452,200,"Symmetric","2",2,TRUE,3.32000000000698
"21","Y=~y2",0.444960021028375,0.0924713990619972,0.8,"PLSc",6601,8928452,200,"Symmetric","2",2,TRUE,3.32000000000698
"22","Y=~y3",0.630589561723739,0.0698151190070311,0.8,"PLSc",6601,8928452,200,"Symmetric","2",2,TRUE,3.32000000000698
"23","Y~X",0.515244820231506,0.0979171903940084,0.4,"PLSc",6601,8928452,200,"Symmetric","2",2,TRUE,3.32000000000698
"24","Y~Z",0.474526314545846,0.100888262919233,0.5,"PLSc",6601,8928452,200,"Symmetric","2",2,TRUE,3.32000000000698
"25","Y~X:Z",0.216731206792256,0.131209321753152,0.3,"PLSc",6601,8928452,200,"Symmetric","2",2,TRUE,3.32000000000698
"26","X~~Z",0.204902535950331,0.0931757143496583,0.2,"PLSc",6601,8928452,200,"Symmetric","2",2,TRUE,3.32000000000698
"27","X=~x1",0.685216202948302,0.0735463321682592,0.8,"PLS",6601,8928452,200,"Symmetric","2",2,TRUE,2.26999999998952
"28","X=~x2",0.833693709307003,0.0361262748088776,0.8,"PLS",6601,8928452,200,"Symmetric","2",2,TRUE,2.26999999998952
"29","X=~x3",0.821440001817673,0.0355908996588629,0.8,"PLS",6601,8928452,200,"Symmetric","2",2,TRUE,2.26999999998952
"30","Z=~z1",0.842017791299419,0.0416421678822671,0.8,"PLS",6601,8928452,200,"Symmetric","2",2,TRUE,2.26999999998952
"31","Z=~z2",0.672789293076653,0.0825128608839828,0.8,"PLS",6601,8928452,200,"Symmetric","2",2,TRUE,2.26999999998952
"32","Z=~z3",0.792195400300827,0.0529046514474013,0.8,"PLS",6601,8928452,200,"Symmetric","2",2,TRUE,2.26999999998952
"33","Y=~y1",0.789938589525856,0.0427618096595869,0.8,"PLS",6601,8928452,200,"Symmetric","2",2,TRUE,2.26999999998952
"34","Y=~y2",0.701135448641185,0.0652152780952116,0.8,"PLS",6601,8928452,200,"Symmetric","2",2,TRUE,2.26999999998952
"35","Y=~y3",0.745188700731633,0.0460087328492574,0.8,"PLS",6601,8928452,200,"Symmetric","2",2,TRUE,2.26999999998952
"36","Y~X",0.359717135897716,0.0605875259005146,0.4,"PLS",6601,8928452,200,"Symmetric","2",2,TRUE,2.26999999998952
"37","Y~Z",0.335314307923477,0.057983879138933,0.5,"PLS",6601,8928452,200,"Symmetric","2",2,TRUE,2.26999999998952
"38","Y~X:Z",0.12021369858636,0.0649814936036829,0.3,"PLS",6601,8928452,200,"Symmetric","2",2,TRUE,2.26999999998952
"39","X~~Z",0.148806922457331,0.0682536098689203,0.2,"PLS",6601,8928452,200,"Symmetric","2",2,TRUE,2.26999999998952
"40","X=~x1",0.691,0.077,0.8,"Mplus",6601,8928452,200,"Symmetric","2",2,TRUE,73.9899999999907
"41","X=~x2",0.9,0.07,0.8,"Mplus",6601,8928452,200,"Symmetric","2",2,TRUE,73.9899999999907
"42","X=~x3",0.746,0.08,0.8,"Mplus",6601,8928452,200,"Symmetric","2",2,TRUE,73.9899999999907
"43","Z=~z1",0.785,0.085,0.8,"Mplus",6601,8928452,200,"Symmetric","2",2,TRUE,73.9899999999907
"44","Z=~z2",0.688,0.087,0.8,"Mplus",6601,8928452,200,"Symmetric","2",2,TRUE,73.9899999999907
"45","Z=~z3",0.799,0.082,0.8,"Mplus",6601,8928452,200,"Symmetric","2",2,TRUE,73.9899999999907
"46","Y=~y1",0.789,0.086,0.8,"Mplus",6601,8928452,200,"Symmetric","2",2,TRUE,73.9899999999907
"47","Y=~y2",0.644,0.093,0.8,"Mplus",6601,8928452,200,"Symmetric","2",2,TRUE,73.9899999999907
"48","Y=~y3",0.689,0.094,0.8,"Mplus",6601,8928452,200,"Symmetric","2",2,TRUE,73.9899999999907
"49","Y~X",0.514,0.096,0.4,"Mplus",6601,8928452,200,"Symmetric","2",2,TRUE,73.9899999999907
"50","Y~Z",0.47,0.105,0.5,"Mplus",6601,8928452,200,"Symmetric","2",2,TRUE,73.9899999999907
"51","Y~X:Z",0.332,0.154,0.3,"Mplus",6601,8928452,200,"Symmetric","2",2,TRUE,73.9899999999907
"52","X~~Z",0.209,0.108,0.2,"Mplus",6601,8928452,200,"Symmetric","2",2,TRUE,73.9899999999907
"53","X=~x1",0.54630410971908,1.03025263031992,0.5,"MC-OrdPLSc",6602,3392760,200,"Symmetric","2",3,TRUE,21.3199999999997
"54","X=~x2",-0.0330498659292068,0.454126467308623,0.5,"MC-OrdPLSc",6602,3392760,200,"Symmetric","2",3,TRUE,21.3199999999997
"55","X=~x3",0.324960683536037,0.477823787813206,0.5,"MC-OrdPLSc",6602,3392760,200,"Symmetric","2",3,TRUE,21.3199999999997
"56","Z=~z1",0.545330759510651,0.232405736737684,0.5,"MC-OrdPLSc",6602,3392760,200,"Symmetric","2",3,TRUE,21.3199999999997
"57","Z=~z2",0.68285931714035,0.374761854177818,0.5,"MC-OrdPLSc",6602,3392760,200,"Symmetric","2",3,TRUE,21.3199999999997
"58","Z=~z3",0.454000521841759,0.336319162108369,0.5,"MC-OrdPLSc",6602,3392760,200,"Symmetric","2",3,TRUE,21.3199999999997
"59","Y=~y1",0.334108164201786,0.234636973341423,0.5,"MC-OrdPLSc",6602,3392760,200,"Symmetric","2",3,TRUE,21.3199999999997
"60","Y=~y2",0.654836612634123,0.242003429631639,0.5,"MC-OrdPLSc",6602,3392760,200,"Symmetric","2",3,TRUE,21.3199999999997
"61","Y=~y3",0.466831038547244,0.542133346886941,0.5,"MC-OrdPLSc",6602,3392760,200,"Symmetric","2",3,TRUE,21.3199999999997
"62","Y~X",0.755255417838612,0.983727501004665,0.4,"MC-OrdPLSc",6602,3392760,200,"Symmetric","2",3,TRUE,21.3199999999997
"63","Y~Z",0.591202876210513,0.365979918778865,0.5,"MC-OrdPLSc",6602,3392760,200,"Symmetric","2",3,TRUE,21.3199999999997
"64","Y~X:Z",0.34647937145702,1.21437582210517,0.3,"MC-OrdPLSc",6602,3392760,200,"Symmetric","2",3,TRUE,21.3199999999997
"65","X~~Z",-0.0522315480843598,0.288628382353985,0.2,"MC-OrdPLSc",6602,3392760,200,"Symmetric","2",3,TRUE,21.3199999999997
"66","X=~x1",0.378503777677418,0.147440554217766,0.5,"PLSc",6602,3392760,200,"Symmetric","2",3,TRUE,3.91000000000349
"67","X=~x2",0.503666528085763,0.132349028878947,0.5,"PLSc",6602,3392760,200,"Symmetric","2",3,TRUE,3.91000000000349
"68","X=~x3",0.512815670577518,0.143225742242753,0.5,"PLSc",6602,3392760,200,"Symmetric","2",3,TRUE,3.91000000000349
"69","Z=~z1",0.542153106586252,0.200568388063228,0.5,"PLSc",6602,3392760,200,"Symmetric","2",3,TRUE,3.91000000000349
"70","Z=~z2",0.578721155923034,0.199828441834323,0.5,"PLSc",6602,3392760,200,"Symmetric","2",3,TRUE,3.91000000000349
"71","Z=~z3",0.139021685493717,0.22839126665039,0.5,"PLSc",6602,3392760,200,"Symmetric","2",3,TRUE,3.91000000000349
"72","Y=~y1",0.344460567971239,0.129814252412714,0.5,"PLSc",6602,3392760,200,"Symmetric","2",3,TRUE,3.91000000000349
"73","Y=~y2",0.483093434273534,0.123122625785296,0.5,"PLSc",6602,3392760,200,"Symmetric","2",3,TRUE,3.91000000000349
"74","Y=~y3",0.478161057828991,0.123373686415826,0.5,"PLSc",6602,3392760,200,"Symmetric","2",3,TRUE,3.91000000000349
"75","Y~X",0.561381504137231,0.958559149492009,0.4,"PLSc",6602,3392760,200,"Symmetric","2",3,TRUE,3.91000000000349
"76","Y~Z",0.286947433309622,1.39853740336207,0.5,"PLSc",6602,3392760,200,"Symmetric","2",3,TRUE,3.91000000000349
"77","Y~X:Z",0.00936703906327988,2.13334035534,0.3,"PLSc",6602,3392760,200,"Symmetric","2",3,TRUE,3.91000000000349
"78","X~~Z",0.340018116873101,0.349208915720798,0.2,"PLSc",6602,3392760,200,"Symmetric","2",3,TRUE,3.91000000000349
"79","X=~x1",0.589038037301564,0.150526928063678,0.5,"PLS",6602,3392760,200,"Symmetric","2",3,TRUE,2.73000000001048
"80","X=~x2",0.743488856087378,0.0997027516440868,0.5,"PLS",6602,3392760,200,"Symmetric","2",3,TRUE,2.73000000001048
"81","X=~x3",0.727022490829602,0.115226781896957,0.5,"PLS",6602,3392760,200,"Symmetric","2",3,TRUE,2.73000000001048
"82","Z=~z1",0.760477482540782,0.202063992993537,0.5,"PLS",6602,3392760,200,"Symmetric","2",3,TRUE,2.73000000001048
"83","Z=~z2",0.803454878234385,0.156079983431359,0.5,"PLS",6602,3392760,200,"Symmetric","2",3,TRUE,2.73000000001048
"84","Z=~z3",0.396537719617222,0.269547881057665,0.5,"PLS",6602,3392760,200,"Symmetric","2",3,TRUE,2.73000000001048
"85","Y=~y1",0.594922103788653,0.136862967148514,0.5,"PLS",6602,3392760,200,"Symmetric","2",3,TRUE,2.73000000001048
"86","Y=~y2",0.73092901900631,0.102414404693196,0.5,"PLS",6602,3392760,200,"Symmetric","2",3,TRUE,2.73000000001048
"87","Y=~y3",0.70003689531189,0.118948471327768,0.5,"PLS",6602,3392760,200,"Symmetric","2",3,TRUE,2.73000000001048
"88","Y~X",0.263292284561472,0.0615944646790455,0.4,"PLS",6602,3392760,200,"Symmetric","2",3,TRUE,2.73000000001048
"89","Y~Z",0.174436280317799,0.0640820328852923,0.5,"PLS",6602,3392760,200,"Symmetric","2",3,TRUE,2.73000000001048
"90","Y~X:Z",0.00430572502438714,0.0760540800254801,0.3,"PLS",6602,3392760,200,"Symmetric","2",3,TRUE,2.73000000001048
"91","X~~Z",0.160769142432004,0.0767439912809867,0.2,"PLS",6602,3392760,200,"Symmetric","2",3,TRUE,2.73000000001048
"92","X=~x1",0.455,0.117,0.5,"Mplus",6602,3392760,200,"Symmetric","2",3,TRUE,83.7099999999919
"93","X=~x2",0.65,0.13,0.5,"Mplus",6602,3392760,200,"Symmetric","2",3,TRUE,83.7099999999919
"94","X=~x3",0.532,0.121,0.5,"Mplus",6602,3392760,200,"Symmetric","2",3,TRUE,83.7099999999919
"95","Z=~z1",0.528,0.137,0.5,"Mplus",6602,3392760,200,"Symmetric","2",3,TRUE,83.7099999999919
"96","Z=~z2",0.688,0.158,0.5,"Mplus",6602,3392760,200,"Symmetric","2",3,TRUE,83.7099999999919
"97","Z=~z3",0.449,0.121,0.5,"Mplus",6602,3392760,200,"Symmetric","2",3,TRUE,83.7099999999919
"98","Y=~y1",0.449,0.119,0.5,"Mplus",6602,3392760,200,"Symmetric","2",3,TRUE,83.7099999999919
"99","Y=~y2",0.587,0.13,0.5,"Mplus",6602,3392760,200,"Symmetric","2",3,TRUE,83.7099999999919
"100","Y=~y3",0.494,0.122,0.5,"Mplus",6602,3392760,200,"Symmetric","2",3,TRUE,83.7099999999919
"101","Y~X",0.565,0.181,0.4,"Mplus",6602,3392760,200,"Symmetric","2",3,TRUE,83.7099999999919
"102","Y~Z",0.255,0.185,0.5,"Mplus",6602,3392760,200,"Symmetric","2",3,TRUE,83.7099999999919
"103","Y~X:Z",0.006,0.226,0.3,"Mplus",6602,3392760,200,"Symmetric","2",3,TRUE,83.7099999999919
"104","X~~Z",0.357,0.159,0.2,"Mplus",6602,3392760,200,"Symmetric","2",3,TRUE,83.7099999999919
"105","X=~x1",0.809417557929251,0.0474597338695948,0.8,"MC-OrdPLSc",6603,142963,500,"Symmetric","2",2,TRUE,16.25
"106","X=~x2",0.843753058195765,0.0476723624138595,0.8,"MC-OrdPLSc",6603,142963,500,"Symmetric","2",2,TRUE,16.25
"107","X=~x3",0.777646127633213,0.0526470828563687,0.8,"MC-OrdPLSc",6603,142963,500,"Symmetric","2",2,TRUE,16.25
"108","Z=~z1",0.776457994462991,0.0481681154155997,0.8,"MC-OrdPLSc",6603,142963,500,"Symmetric","2",2,TRUE,16.25
"109","Z=~z2",0.822200142676626,0.0439380749691695,0.8,"MC-OrdPLSc",6603,142963,500,"Symmetric","2",2,TRUE,16.25
"110","Z=~z3",0.77092363893208,0.0464023876164962,0.8,"MC-OrdPLSc",6603,142963,500,"Symmetric","2",2,TRUE,16.25
"111","Y=~y1",0.716725926168693,0.0470408466266658,0.8,"MC-OrdPLSc",6603,142963,500,"Symmetric","2",2,TRUE,16.25
"112","Y=~y2",0.789723225576412,0.0402860359123361,0.8,"MC-OrdPLSc",6603,142963,500,"Symmetric","2",2,TRUE,16.25
"113","Y=~y3",0.802673333950882,0.0452532925417123,0.8,"MC-OrdPLSc",6603,142963,500,"Symmetric","2",2,TRUE,16.25
"114","Y~X",0.437660913351998,0.060104843700917,0.4,"MC-OrdPLSc",6603,142963,500,"Symmetric","2",2,TRUE,16.25
"115","Y~Z",0.560081768282691,0.0619688979620904,0.5,"MC-OrdPLSc",6603,142963,500,"Symmetric","2",2,TRUE,16.25
"116","Y~X:Z",0.218335007622329,0.0964726635842374,0.3,"MC-OrdPLSc",6603,142963,500,"Symmetric","2",2,TRUE,16.25
"117","X~~Z",0.122600155073153,0.0677323876385649,0.2,"MC-OrdPLSc",6603,142963,500,"Symmetric","2",2,TRUE,16.25
"118","X=~x1",0.767256955607725,0.0644405011283386,0.8,"PLSc",6603,142963,500,"Symmetric","2",2,TRUE,4.30999999999767
"119","X=~x2",0.611745845215041,0.0725855803975435,0.8,"PLSc",6603,142963,500,"Symmetric","2",2,TRUE,4.30999999999767
"120","X=~x3",0.7055197353494,0.063286742378371,0.8,"PLSc",6603,142963,500,"Symmetric","2",2,TRUE,4.30999999999767
"121","Z=~z1",0.759624782118345,0.0579746566583794,0.8,"PLSc",6603,142963,500,"Symmetric","2",2,TRUE,4.30999999999767
"122","Z=~z2",0.722144887292233,0.0579436884266467,0.8,"PLSc",6603,142963,500,"Symmetric","2",2,TRUE,4.30999999999767
"123","Z=~z3",0.623914895329481,0.0630532299460642,0.8,"PLSc",6603,142963,500,"Symmetric","2",2,TRUE,4.30999999999767
"124","Y=~y1",0.598565330945522,0.0526668161084904,0.8,"PLSc",6603,142963,500,"Symmetric","2",2,TRUE,4.30999999999767
"125","Y=~y2",0.56609299960638,0.0536145305651181,0.8,"PLSc",6603,142963,500,"Symmetric","2",2,TRUE,4.30999999999767
"126","Y=~y3",0.675882800466704,0.0477105945085356,0.8,"PLSc",6603,142963,500,"Symmetric","2",2,TRUE,4.30999999999767
"127","Y~X",0.422970634905497,0.0598974647291976,0.4,"PLSc",6603,142963,500,"Symmetric","2",2,TRUE,4.30999999999767
"128","Y~Z",0.476859430050596,0.0565552188614374,0.5,"PLSc",6603,142963,500,"Symmetric","2",2,TRUE,4.30999999999767
"129","Y~X:Z",0.121679081381355,0.0692427252546642,0.3,"PLSc",6603,142963,500,"Symmetric","2",2,TRUE,4.30999999999767
"130","X~~Z",0.232335157130663,0.0572890843528329,0.2,"PLSc",6603,142963,500,"Symmetric","2",2,TRUE,4.30999999999767
"131","X=~x1",0.852258040411915,0.0202972958107646,0.8,"PLS",6603,142963,500,"Symmetric","2",2,TRUE,1.91000000000349
"132","X=~x2",0.774086694629021,0.0324228494592943,0.8,"PLS",6603,142963,500,"Symmetric","2",2,TRUE,1.91000000000349
"133","X=~x3",0.798947802776643,0.0271739345456986,0.8,"PLS",6603,142963,500,"Symmetric","2",2,TRUE,1.91000000000349
"134","Z=~z1",0.831976980579221,0.0220266037545287,0.8,"PLS",6603,142963,500,"Symmetric","2",2,TRUE,1.91000000000349
"135","Z=~z2",0.824426800525975,0.0229144186042651,0.8,"PLS",6603,142963,500,"Symmetric","2",2,TRUE,1.91000000000349
"136","Z=~z3",0.783306607982965,0.0297851536066906,0.8,"PLS",6603,142963,500,"Symmetric","2",2,TRUE,1.91000000000349
"137","Y=~y1",0.765584407135605,0.029413673729902,0.8,"PLS",6603,142963,500,"Symmetric","2",2,TRUE,1.91000000000349
"138","Y=~y2",0.740418900345255,0.0328264663465695,0.8,"PLS",6603,142963,500,"Symmetric","2",2,TRUE,1.91000000000349
"139","Y=~y3",0.78654557439372,0.026171069607467,0.8,"PLS",6603,142963,500,"Symmetric","2",2,TRUE,1.91000000000349
"140","Y~X",0.305356069930726,0.0377380952799058,0.4,"PLS",6603,142963,500,"Symmetric","2",2,TRUE,1.91000000000349
"141","Y~Z",0.351950091638847,0.0361891042081062,0.5,"PLS",6603,142963,500,"Symmetric","2",2,TRUE,1.91000000000349
"142","Y~X:Z",0.0684493058143223,0.0392719222150089,0.3,"PLS",6603,142963,500,"Symmetric","2",2,TRUE,1.91000000000349
"143","X~~Z",0.17398170439628,0.043398296597398,0.2,"PLS",6603,142963,500,"Symmetric","2",2,TRUE,1.91000000000349
"144","X=~x1",0.897,0.036,0.8,"Mplus",6603,142963,500,"Symmetric","2",2,TRUE,119.720000000001
"145","X=~x2",0.769,0.044,0.8,"Mplus",6603,142963,500,"Symmetric","2",2,TRUE,119.720000000001
"146","X=~x3",0.773,0.044,0.8,"Mplus",6603,142963,500,"Symmetric","2",2,TRUE,119.720000000001
"147","Z=~z1",0.842,0.04,0.8,"Mplus",6603,142963,500,"Symmetric","2",2,TRUE,119.720000000001
"148","Z=~z2",0.835,0.041,0.8,"Mplus",6603,142963,500,"Symmetric","2",2,TRUE,119.720000000001
"149","Z=~z3",0.794,0.043,0.8,"Mplus",6603,142963,500,"Symmetric","2",2,TRUE,119.720000000001
"150","Y=~y1",0.755,0.052,0.8,"Mplus",6603,142963,500,"Symmetric","2",2,TRUE,119.720000000001
"151","Y=~y2",0.699,0.053,0.8,"Mplus",6603,142963,500,"Symmetric","2",2,TRUE,119.720000000001
"152","Y=~y3",0.749,0.05,0.8,"Mplus",6603,142963,500,"Symmetric","2",2,TRUE,119.720000000001
"153","Y~X",0.436,0.06,0.4,"Mplus",6603,142963,500,"Symmetric","2",2,TRUE,119.720000000001
"154","Y~Z",0.495,0.059,0.5,"Mplus",6603,142963,500,"Symmetric","2",2,TRUE,119.720000000001
"155","Y~X:Z",0.22,0.083,0.3,"Mplus",6603,142963,500,"Symmetric","2",2,TRUE,119.720000000001
"156","X~~Z",0.259,0.063,0.2,"Mplus",6603,142963,500,"Symmetric","2",2,TRUE,119.720000000001
"157","X=~x1",0.496170963721443,0.262112839245721,0.5,"MC-OrdPLSc",6604,9733230,500,"Symmetric","2",3,TRUE,21.4400000000023
"158","X=~x2",0.24277006040624,0.353602513355557,0.5,"MC-OrdPLSc",6604,9733230,500,"Symmetric","2",3,TRUE,21.4400000000023
"159","X=~x3",0.615152947361642,0.462202453028201,0.5,"MC-OrdPLSc",6604,9733230,500,"Symmetric","2",3,TRUE,21.4400000000023
"160","Z=~z1",0.574586391824885,0.175400759845267,0.5,"MC-OrdPLSc",6604,9733230,500,"Symmetric","2",3,TRUE,21.4400000000023
"161","Z=~z2",0.343770112917641,0.138166734414801,0.5,"MC-OrdPLSc",6604,9733230,500,"Symmetric","2",3,TRUE,21.4400000000023
"162","Z=~z3",0.668848657917473,0.172344459324433,0.5,"MC-OrdPLSc",6604,9733230,500,"Symmetric","2",3,TRUE,21.4400000000023
"163","Y=~y1",0.354573772338345,0.136598151130292,0.5,"MC-OrdPLSc",6604,9733230,500,"Symmetric","2",3,TRUE,21.4400000000023
"164","Y=~y2",0.338819011456187,0.207674285135164,0.5,"MC-OrdPLSc",6604,9733230,500,"Symmetric","2",3,TRUE,21.4400000000023
"165","Y=~y3",0.436922823647747,0.151471432574396,0.5,"MC-OrdPLSc",6604,9733230,500,"Symmetric","2",3,TRUE,21.4400000000023
"166","Y~X",0.385556481265305,0.31459226669455,0.4,"MC-OrdPLSc",6604,9733230,500,"Symmetric","2",3,TRUE,21.4400000000023
"167","Y~Z",0.595521862794427,0.231366819976733,0.5,"MC-OrdPLSc",6604,9733230,500,"Symmetric","2",3,TRUE,21.4400000000023
"168","Y~X:Z",0.132239353401102,0.382902409904573,0.3,"MC-OrdPLSc",6604,9733230,500,"Symmetric","2",3,TRUE,21.4400000000023
"169","X~~Z",0.218208761811804,0.164283297258169,0.2,"MC-OrdPLSc",6604,9733230,500,"Symmetric","2",3,TRUE,21.4400000000023
"170","X=~x1",0.423981683864361,0.117406359927054,0.5,"PLSc",6604,9733230,500,"Symmetric","2",3,FALSE,5.39000000001397
"171","X=~x2",0.461792677825153,0.122673104550098,0.5,"PLSc",6604,9733230,500,"Symmetric","2",3,FALSE,5.39000000001397
"172","X=~x3",0.285507012976004,0.123404330643117,0.5,"PLSc",6604,9733230,500,"Symmetric","2",3,FALSE,5.39000000001397
"173","Z=~z1",0.382986879233111,0.108699303500537,0.5,"PLSc",6604,9733230,500,"Symmetric","2",3,FALSE,5.39000000001397
"174","Z=~z2",0.403305675465561,0.117212725515016,0.5,"PLSc",6604,9733230,500,"Symmetric","2",3,FALSE,5.39000000001397
"175","Z=~z3",0.499337490833909,0.111306042226743,0.5,"PLSc",6604,9733230,500,"Symmetric","2",3,FALSE,5.39000000001397
"176","Y=~y1",0.246743335607809,0.0998801147760238,0.5,"PLSc",6604,9733230,500,"Symmetric","2",3,FALSE,5.39000000001397
"177","Y=~y2",0.377384446795488,0.0919997384169964,0.5,"PLSc",6604,9733230,500,"Symmetric","2",3,FALSE,5.39000000001397
"178","Y=~y3",0.388439917284118,0.0865067204356722,0.5,"PLSc",6604,9733230,500,"Symmetric","2",3,FALSE,5.39000000001397
"179","Y~X",0.531056375923153,2.42254832862279,0.4,"PLSc",6604,9733230,500,"Symmetric","2",3,FALSE,5.39000000001397
"180","Y~Z",0.639741597762501,3.48918580177045,0.5,"PLSc",6604,9733230,500,"Symmetric","2",3,FALSE,5.39000000001397
"181","Y~X:Z",0.675067603410942,7.3007691771849,0.3,"PLSc",6604,9733230,500,"Symmetric","2",3,FALSE,5.39000000001397
"182","X~~Z",0.367880212986147,0.128696897413071,0.2,"PLSc",6604,9733230,500,"Symmetric","2",3,FALSE,5.39000000001397
"183","X=~x1",0.680760843829095,0.125541311593522,0.5,"PLS",6604,9733230,500,"Symmetric","2",3,TRUE,2.89999999999418
"184","X=~x2",0.742892735113774,0.113613764563172,0.5,"PLS",6604,9733230,500,"Symmetric","2",3,TRUE,2.89999999999418
"185","X=~x3",0.534830332677148,0.150626000583554,0.5,"PLS",6604,9733230,500,"Symmetric","2",3,TRUE,2.89999999999418
"186","Z=~z1",0.618601030180741,0.117580409821806,0.5,"PLS",6604,9733230,500,"Symmetric","2",3,TRUE,2.89999999999418
"187","Z=~z2",0.654454150754215,0.112527934832172,0.5,"PLS",6604,9733230,500,"Symmetric","2",3,TRUE,2.89999999999418
"188","Z=~z3",0.743563617980294,0.0921278370019076,0.5,"PLS",6604,9733230,500,"Symmetric","2",3,TRUE,2.89999999999418
"189","Y=~y1",0.49177124345531,0.150729519132264,0.5,"PLS",6604,9733230,500,"Symmetric","2",3,TRUE,2.89999999999418
"190","Y=~y2",0.718548257251717,0.0902740760770008,0.5,"PLS",6604,9733230,500,"Symmetric","2",3,TRUE,2.89999999999418
"191","Y=~y3",0.68331064020628,0.110750120624405,0.5,"PLS",6604,9733230,500,"Symmetric","2",3,TRUE,2.89999999999418
"192","Y~X",0.176730556717392,0.0458551363047127,0.4,"PLS",6604,9733230,500,"Symmetric","2",3,TRUE,2.89999999999418
"193","Y~Z",0.202868207667523,0.0450606221876537,0.5,"PLS",6604,9733230,500,"Symmetric","2",3,TRUE,2.89999999999418
"194","Y~X:Z",0.0825412657305531,0.0419850988395033,0.3,"PLS",6604,9733230,500,"Symmetric","2",3,TRUE,2.89999999999418
"195","X~~Z",0.142561123695552,0.0464412582719956,0.2,"PLS",6604,9733230,500,"Symmetric","2",3,TRUE,2.89999999999418
"196","X=~x1",0.413,0.089,0.5,"Mplus",6604,9733230,500,"Symmetric","2",3,TRUE,133.610000000015
"197","X=~x2",0.584,0.106,0.5,"Mplus",6604,9733230,500,"Symmetric","2",3,TRUE,133.610000000015
"198","X=~x3",0.359,0.084,0.5,"Mplus",6604,9733230,500,"Symmetric","2",3,TRUE,133.610000000015
"199","Z=~z1",0.418,0.081,0.5,"Mplus",6604,9733230,500,"Symmetric","2",3,TRUE,133.610000000015
"200","Z=~z2",0.527,0.088,0.5,"Mplus",6604,9733230,500,"Symmetric","2",3,TRUE,133.610000000015
"201","Z=~z3",0.548,0.09,0.5,"Mplus",6604,9733230,500,"Symmetric","2",3,TRUE,133.610000000015
"202","Y=~y1",0.347,0.091,0.5,"Mplus",6604,9733230,500,"Symmetric","2",3,TRUE,133.610000000015
"203","Y=~y2",0.479,0.103,0.5,"Mplus",6604,9733230,500,"Symmetric","2",3,TRUE,133.610000000015
"204","Y=~y3",0.409,0.094,0.5,"Mplus",6604,9733230,500,"Symmetric","2",3,TRUE,133.610000000015
"205","Y~X",0.466,0.16,0.4,"Mplus",6604,9733230,500,"Symmetric","2",3,TRUE,133.610000000015
"206","Y~Z",0.45,0.158,0.5,"Mplus",6604,9733230,500,"Symmetric","2",3,TRUE,133.610000000015
"207","Y~X:Z",0.372,0.172,0.3,"Mplus",6604,9733230,500,"Symmetric","2",3,TRUE,133.610000000015
"208","X~~Z",0.386,0.118,0.2,"Mplus",6604,9733230,500,"Symmetric","2",3,TRUE,133.610000000015
"209","X=~x1",0.833949060362106,0.0298465870826829,0.8,"MC-OrdPLSc",6605,7115194,1000,"Symmetric","2",2,TRUE,19.9200000000055
"210","X=~x2",0.806612143772773,0.0325014822329317,0.8,"MC-OrdPLSc",6605,7115194,1000,"Symmetric","2",2,TRUE,19.9200000000055
"211","X=~x3",0.789904982377845,0.0326716119238475,0.8,"MC-OrdPLSc",6605,7115194,1000,"Symmetric","2",2,TRUE,19.9200000000055
"212","Z=~z1",0.811260255086573,0.0430938875127688,0.8,"MC-OrdPLSc",6605,7115194,1000,"Symmetric","2",2,TRUE,19.9200000000055
"213","Z=~z2",0.768023326502715,0.0391970979553587,0.8,"MC-OrdPLSc",6605,7115194,1000,"Symmetric","2",2,TRUE,19.9200000000055
"214","Z=~z3",0.81842910160544,0.0381591590790034,0.8,"MC-OrdPLSc",6605,7115194,1000,"Symmetric","2",2,TRUE,19.9200000000055
"215","Y=~y1",0.77003487027641,0.0355586404756832,0.8,"MC-OrdPLSc",6605,7115194,1000,"Symmetric","2",2,TRUE,19.9200000000055
"216","Y=~y2",0.793022588223073,0.0309369114388175,0.8,"MC-OrdPLSc",6605,7115194,1000,"Symmetric","2",2,TRUE,19.9200000000055
"217","Y=~y3",0.810563042235387,0.031171730865651,0.8,"MC-OrdPLSc",6605,7115194,1000,"Symmetric","2",2,TRUE,19.9200000000055
"218","Y~X",0.470243071256184,0.0399774068738603,0.4,"MC-OrdPLSc",6605,7115194,1000,"Symmetric","2",2,TRUE,19.9200000000055
"219","Y~Z",0.458390376914802,0.0433536484254259,0.5,"MC-OrdPLSc",6605,7115194,1000,"Symmetric","2",2,TRUE,19.9200000000055
"220","Y~X:Z",0.312941937315476,0.0568171653970526,0.3,"MC-OrdPLSc",6605,7115194,1000,"Symmetric","2",2,TRUE,19.9200000000055
"221","X~~Z",0.164991380257452,0.0485437794575814,0.2,"MC-OrdPLSc",6605,7115194,1000,"Symmetric","2",2,TRUE,19.9200000000055
"222","X=~x1",0.565497747841394,0.0607093697883488,0.8,"PLSc",6605,7115194,1000,"Symmetric","2",2,TRUE,6.88000000000466
"223","X=~x2",0.707766896071333,0.0574399088983938,0.8,"PLSc",6605,7115194,1000,"Symmetric","2",2,TRUE,6.88000000000466
"224","X=~x3",0.640821293673425,0.05505845097745,0.8,"PLSc",6605,7115194,1000,"Symmetric","2",2,TRUE,6.88000000000466
"225","Z=~z1",0.636738882279013,0.0419886219113459,0.8,"PLSc",6605,7115194,1000,"Symmetric","2",2,TRUE,6.88000000000466
"226","Z=~z2",0.712261737897054,0.0384993446863094,0.8,"PLSc",6605,7115194,1000,"Symmetric","2",2,TRUE,6.88000000000466
"227","Z=~z3",0.693851405287839,0.039400849770622,0.8,"PLSc",6605,7115194,1000,"Symmetric","2",2,TRUE,6.88000000000466
"228","Y=~y1",0.625094617988353,0.0325446997125144,0.8,"PLSc",6605,7115194,1000,"Symmetric","2",2,TRUE,6.88000000000466
"229","Y=~y2",0.628136550754825,0.0362002365339656,0.8,"PLSc",6605,7115194,1000,"Symmetric","2",2,TRUE,6.88000000000466
"230","Y=~y3",0.617155422191506,0.037065564669601,0.8,"PLSc",6605,7115194,1000,"Symmetric","2",2,TRUE,6.88000000000466
"231","Y~X",0.370275158913216,0.0463907730478289,0.4,"PLSc",6605,7115194,1000,"Symmetric","2",2,TRUE,6.88000000000466
"232","Y~Z",0.551966199896914,0.0393509298228142,0.5,"PLSc",6605,7115194,1000,"Symmetric","2",2,TRUE,6.88000000000466
"233","Y~X:Z",0.234542012726913,0.0473762419948094,0.3,"PLSc",6605,7115194,1000,"Symmetric","2",2,TRUE,6.88000000000466
"234","X~~Z",0.14668614746906,0.0432719164227634,0.2,"PLSc",6605,7115194,1000,"Symmetric","2",2,TRUE,6.88000000000466
"235","X=~x1",0.749859687922883,0.0293611279051947,0.8,"PLS",6605,7115194,1000,"Symmetric","2",2,TRUE,1.88999999998487
"236","X=~x2",0.798373116869338,0.0249819662948483,0.8,"PLS",6605,7115194,1000,"Symmetric","2",2,TRUE,1.88999999998487
"237","X=~x3",0.784637449696927,0.0250472213572727,0.8,"PLS",6605,7115194,1000,"Symmetric","2",2,TRUE,1.88999999998487
"238","Z=~z1",0.785226612074615,0.0197055373244278,0.8,"PLS",6605,7115194,1000,"Symmetric","2",2,TRUE,1.88999999998487
"239","Z=~z2",0.817291371756102,0.0160640142825527,0.8,"PLS",6605,7115194,1000,"Symmetric","2",2,TRUE,1.88999999998487
"240","Z=~z3",0.801765107349461,0.017907385928737,0.8,"PLS",6605,7115194,1000,"Symmetric","2",2,TRUE,1.88999999998487
"241","Y=~y1",0.783732392039474,0.0171503101503782,0.8,"PLS",6605,7115194,1000,"Symmetric","2",2,TRUE,1.88999999998487
"242","Y=~y2",0.758432570855379,0.0206899861555853,0.8,"PLS",6605,7115194,1000,"Symmetric","2",2,TRUE,1.88999999998487
"243","Y=~y3",0.767054353970733,0.0200157030596215,0.8,"PLS",6605,7115194,1000,"Symmetric","2",2,TRUE,1.88999999998487
"244","Y~X",0.256895556673369,0.0294201462385825,0.4,"PLS",6605,7115194,1000,"Symmetric","2",2,TRUE,1.88999999998487
"245","Y~Z",0.393200838259204,0.0258373987164392,0.5,"PLS",6605,7115194,1000,"Symmetric","2",2,TRUE,1.88999999998487
"246","Y~X:Z",0.132093204007424,0.0257037043855593,0.3,"PLS",6605,7115194,1000,"Symmetric","2",2,TRUE,1.88999999998487
"247","X~~Z",0.103021906970548,0.0305841889204743,0.2,"PLS",6605,7115194,1000,"Symmetric","2",2,TRUE,1.88999999998487
"248","X=~x1",0.743,0.037,0.8,"Mplus",6605,7115194,1000,"Symmetric","2",2,TRUE,134.160000000003
"249","X=~x2",0.743,0.038,0.8,"Mplus",6605,7115194,1000,"Symmetric","2",2,TRUE,134.160000000003
"250","X=~x3",0.777,0.037,0.8,"Mplus",6605,7115194,1000,"Symmetric","2",2,TRUE,134.160000000003
"251","Z=~z1",0.782,0.031,0.8,"Mplus",6605,7115194,1000,"Symmetric","2",2,TRUE,134.160000000003
"252","Z=~z2",0.825,0.03,0.8,"Mplus",6605,7115194,1000,"Symmetric","2",2,TRUE,134.160000000003
"253","Z=~z3",0.796,0.031,0.8,"Mplus",6605,7115194,1000,"Symmetric","2",2,TRUE,134.160000000003
"254","Y=~y1",0.795,0.034,0.8,"Mplus",6605,7115194,1000,"Symmetric","2",2,TRUE,134.160000000003
"255","Y=~y2",0.716,0.037,0.8,"Mplus",6605,7115194,1000,"Symmetric","2",2,TRUE,134.160000000003
"256","Y=~y3",0.759,0.036,0.8,"Mplus",6605,7115194,1000,"Symmetric","2",2,TRUE,134.160000000003
"257","Y~X",0.377,0.043,0.4,"Mplus",6605,7115194,1000,"Symmetric","2",2,TRUE,134.160000000003
"258","Y~Z",0.562,0.039,0.5,"Mplus",6605,7115194,1000,"Symmetric","2",2,TRUE,134.160000000003
"259","Y~X:Z",0.339,0.057,0.3,"Mplus",6605,7115194,1000,"Symmetric","2",2,TRUE,134.160000000003
"260","X~~Z",0.17,0.048,0.2,"Mplus",6605,7115194,1000,"Symmetric","2",2,TRUE,134.160000000003
"261","X=~x1",0.646188245432126,0.142256717700214,0.5,"MC-OrdPLSc",6606,4976083,1000,"Symmetric","2",3,TRUE,23.7300000000032
"262","X=~x2",0.429953084060545,0.119963689111221,0.5,"MC-OrdPLSc",6606,4976083,1000,"Symmetric","2",3,TRUE,23.7300000000032
"263","X=~x3",0.433180791947164,0.129537887196286,0.5,"MC-OrdPLSc",6606,4976083,1000,"Symmetric","2",3,TRUE,23.7300000000032
"264","Z=~z1",0.459925286813695,0.0714190098296826,0.5,"MC-OrdPLSc",6606,4976083,1000,"Symmetric","2",3,TRUE,23.7300000000032
"265","Z=~z2",0.488971858159184,0.0768993195359414,0.5,"MC-OrdPLSc",6606,4976083,1000,"Symmetric","2",3,TRUE,23.7300000000032
"266","Z=~z3",0.537628744563336,0.0805530676980031,0.5,"MC-OrdPLSc",6606,4976083,1000,"Symmetric","2",3,TRUE,23.7300000000032
"267","Y=~y1",0.548103313377328,0.0721729472136004,0.5,"MC-OrdPLSc",6606,4976083,1000,"Symmetric","2",3,TRUE,23.7300000000032
"268","Y=~y2",0.302125935104191,0.0733697287948635,0.5,"MC-OrdPLSc",6606,4976083,1000,"Symmetric","2",3,TRUE,23.7300000000032
"269","Y=~y3",0.529433837122472,0.0789988314613106,0.5,"MC-OrdPLSc",6606,4976083,1000,"Symmetric","2",3,TRUE,23.7300000000032
"270","Y~X",0.348187175704277,0.0933311689096242,0.4,"MC-OrdPLSc",6606,4976083,1000,"Symmetric","2",3,TRUE,23.7300000000032
"271","Y~Z",0.597324959336476,0.11801324696202,0.5,"MC-OrdPLSc",6606,4976083,1000,"Symmetric","2",3,TRUE,23.7300000000032
"272","Y~X:Z",0.00410771047594106,0.251704909366607,0.3,"MC-OrdPLSc",6606,4976083,1000,"Symmetric","2",3,TRUE,23.7300000000032
"273","X~~Z",0.158129723579825,0.0849244450045154,0.2,"MC-OrdPLSc",6606,4976083,1000,"Symmetric","2",3,TRUE,23.7300000000032
"274","X=~x1",0.41202333962001,0.107528715606464,0.5,"PLSc",6606,4976083,1000,"Symmetric","2",3,TRUE,7.22999999998137
"275","X=~x2",0.505826235209597,0.112913468523079,0.5,"PLSc",6606,4976083,1000,"Symmetric","2",3,TRUE,7.22999999998137
"276","X=~x3",0.407314208767876,0.108892895571826,0.5,"PLSc",6606,4976083,1000,"Symmetric","2",3,TRUE,7.22999999998137
"277","Z=~z1",0.423209194582543,0.061315559505856,0.5,"PLSc",6606,4976083,1000,"Symmetric","2",3,TRUE,7.22999999998137
"278","Z=~z2",0.509082592618062,0.0553332642831707,0.5,"PLSc",6606,4976083,1000,"Symmetric","2",3,TRUE,7.22999999998137
"279","Z=~z3",0.40242346274457,0.0628799057452799,0.5,"PLSc",6606,4976083,1000,"Symmetric","2",3,TRUE,7.22999999998137
"280","Y=~y1",0.475150068300021,0.0529829920472512,0.5,"PLSc",6606,4976083,1000,"Symmetric","2",3,TRUE,7.22999999998137
"281","Y=~y2",0.368455323143564,0.0552204983259021,0.5,"PLSc",6606,4976083,1000,"Symmetric","2",3,TRUE,7.22999999998137
"282","Y=~y3",0.299228048667384,0.0564388052390783,0.5,"PLSc",6606,4976083,1000,"Symmetric","2",3,TRUE,7.22999999998137
"283","Y~X",0.273755018516052,0.0971876138276782,0.4,"PLSc",6606,4976083,1000,"Symmetric","2",3,TRUE,7.22999999998137
"284","Y~Z",0.680566354147879,0.0956989029372027,0.5,"PLSc",6606,4976083,1000,"Symmetric","2",3,TRUE,7.22999999998137
"285","Y~X:Z",0.109530833042117,0.203427071986514,0.3,"PLSc",6606,4976083,1000,"Symmetric","2",3,TRUE,7.22999999998137
"286","X~~Z",0.146723903656338,0.0716644440287809,0.2,"PLSc",6606,4976083,1000,"Symmetric","2",3,TRUE,7.22999999998137
"287","X=~x1",0.664845966619528,0.0961946639015634,0.5,"PLS",6606,4976083,1000,"Symmetric","2",3,TRUE,2.27999999999884
"288","X=~x2",0.749867167837416,0.0864939988454726,0.5,"PLS",6606,4976083,1000,"Symmetric","2",3,TRUE,2.27999999999884
"289","X=~x3",0.618925630342584,0.115029574722153,0.5,"PLS",6606,4976083,1000,"Symmetric","2",3,TRUE,2.27999999999884
"290","Z=~z1",0.657649339797833,0.0567148455948386,0.5,"PLS",6606,4976083,1000,"Symmetric","2",3,TRUE,2.27999999999884
"291","Z=~z2",0.73587137319495,0.0439245740843844,0.5,"PLS",6606,4976083,1000,"Symmetric","2",3,TRUE,2.27999999999884
"292","Z=~z3",0.648179153891145,0.0566653742732275,0.5,"PLS",6606,4976083,1000,"Symmetric","2",3,TRUE,2.27999999999884
"293","Y=~y1",0.769465988050885,0.0421932088015536,0.5,"PLS",6606,4976083,1000,"Symmetric","2",3,TRUE,2.27999999999884
"294","Y=~y2",0.646189482253259,0.0584228397278096,0.5,"PLS",6606,4976083,1000,"Symmetric","2",3,TRUE,2.27999999999884
"295","Y=~y3",0.521242534589708,0.0758230277763982,0.5,"PLS",6606,4976083,1000,"Symmetric","2",3,TRUE,2.27999999999884
"296","Y~X",0.128047214966077,0.0299514297641366,0.4,"PLS",6606,4976083,1000,"Symmetric","2",3,TRUE,2.27999999999884
"297","Y~Z",0.275862442356091,0.0284186004407642,0.5,"PLS",6606,4976083,1000,"Symmetric","2",3,TRUE,2.27999999999884
"298","Y~X:Z",0.031813075910184,0.0310563067120709,0.3,"PLS",6606,4976083,1000,"Symmetric","2",3,TRUE,2.27999999999884
"299","X~~Z",0.062969750553119,0.0309511312720375,0.2,"PLS",6606,4976083,1000,"Symmetric","2",3,TRUE,2.27999999999884
"300","X=~x1",0.542,0.069,0.5,"Mplus",6606,4976083,1000,"Symmetric","2",3,TRUE,255.970000000001
"301","X=~x2",0.617,0.078,0.5,"Mplus",6606,4976083,1000,"Symmetric","2",3,TRUE,255.970000000001
"302","X=~x3",0.394,0.059,0.5,"Mplus",6606,4976083,1000,"Symmetric","2",3,TRUE,255.970000000001
"303","Z=~z1",0.488,0.056,0.5,"Mplus",6606,4976083,1000,"Symmetric","2",3,TRUE,255.970000000001
"304","Z=~z2",0.563,0.06,0.5,"Mplus",6606,4976083,1000,"Symmetric","2",3,TRUE,255.970000000001
"305","Z=~z3",0.507,0.057,0.5,"Mplus",6606,4976083,1000,"Symmetric","2",3,TRUE,255.970000000001
"306","Y=~y1",0.568,0.064,0.5,"Mplus",6606,4976083,1000,"Symmetric","2",3,TRUE,255.970000000001
"307","Y=~y2",0.443,0.057,0.5,"Mplus",6606,4976083,1000,"Symmetric","2",3,TRUE,255.970000000001
"308","Y=~y3",0.314,0.054,0.5,"Mplus",6606,4976083,1000,"Symmetric","2",3,TRUE,255.970000000001
"309","Y~X",0.276,0.085,0.4,"Mplus",6606,4976083,1000,"Symmetric","2",3,TRUE,255.970000000001
"310","Y~Z",0.691,0.082,0.5,"Mplus",6606,4976083,1000,"Symmetric","2",3,TRUE,255.970000000001
"311","Y~X:Z",0.033,0.133,0.3,"Mplus",6606,4976083,1000,"Symmetric","2",3,TRUE,255.970000000001
"312","X~~Z",0.133,0.075,0.2,"Mplus",6606,4976083,1000,"Symmetric","2",3,TRUE,255.970000000001
"313","X=~x1",0.710131087503593,0.0724192819464856,0.8,"MC-OrdPLSc",6607,7928267,200,"Symmetric","3",2,TRUE,15.5999999999985
"314","X=~x2",0.80291904383582,0.0590939143585543,0.8,"MC-OrdPLSc",6607,7928267,200,"Symmetric","3",2,TRUE,15.5999999999985
"315","X=~x3",0.797907241205024,0.0622204066782737,0.8,"MC-OrdPLSc",6607,7928267,200,"Symmetric","3",2,TRUE,15.5999999999985
"316","Z=~z1",0.674617857335655,0.0702297157916656,0.8,"MC-OrdPLSc",6607,7928267,200,"Symmetric","3",2,TRUE,15.5999999999985
"317","Z=~z2",0.789585917762489,0.0596542713733185,0.8,"MC-OrdPLSc",6607,7928267,200,"Symmetric","3",2,TRUE,15.5999999999985
"318","Z=~z3",0.773388926153409,0.067613497561184,0.8,"MC-OrdPLSc",6607,7928267,200,"Symmetric","3",2,TRUE,15.5999999999985
"319","Y=~y1",0.774117578514914,0.055727825191928,0.8,"MC-OrdPLSc",6607,7928267,200,"Symmetric","3",2,TRUE,15.5999999999985
"320","Y=~y2",0.812569975407115,0.0489144152494276,0.8,"MC-OrdPLSc",6607,7928267,200,"Symmetric","3",2,TRUE,15.5999999999985
"321","Y=~y3",0.80257450515701,0.0500128706534902,0.8,"MC-OrdPLSc",6607,7928267,200,"Symmetric","3",2,TRUE,15.5999999999985
"322","Y~X",0.474070401017809,0.0786398266288641,0.4,"MC-OrdPLSc",6607,7928267,200,"Symmetric","3",2,TRUE,15.5999999999985
"323","Y~Z",0.511331064581529,0.0684050872537063,0.5,"MC-OrdPLSc",6607,7928267,200,"Symmetric","3",2,TRUE,15.5999999999985
"324","Y~X:Z",0.373309176547832,0.0871539742335054,0.3,"MC-OrdPLSc",6607,7928267,200,"Symmetric","3",2,TRUE,15.5999999999985
"325","X~~Z",0.38051059596134,0.10707248300178,0.2,"MC-OrdPLSc",6607,7928267,200,"Symmetric","3",2,TRUE,15.5999999999985
"326","X=~x1",0.778171871246421,0.0958479955336615,0.8,"PLSc",6607,7928267,200,"Symmetric","3",2,TRUE,3.16000000000349
"327","X=~x2",0.619282976799472,0.11924319785088,0.8,"PLSc",6607,7928267,200,"Symmetric","3",2,TRUE,3.16000000000349
"328","X=~x3",0.801871339595104,0.0958897842988893,0.8,"PLSc",6607,7928267,200,"Symmetric","3",2,TRUE,3.16000000000349
"329","Z=~z1",0.71692815710887,0.0739802545111286,0.8,"PLSc",6607,7928267,200,"Symmetric","3",2,TRUE,3.16000000000349
"330","Z=~z2",0.872274336162759,0.0688524293425595,0.8,"PLSc",6607,7928267,200,"Symmetric","3",2,TRUE,3.16000000000349
"331","Z=~z3",0.532253403723295,0.0979112772997337,0.8,"PLSc",6607,7928267,200,"Symmetric","3",2,TRUE,3.16000000000349
"332","Y=~y1",0.647099545610038,0.0685467634191313,0.8,"PLSc",6607,7928267,200,"Symmetric","3",2,TRUE,3.16000000000349
"333","Y=~y2",0.738070153579413,0.0635498263562828,0.8,"PLSc",6607,7928267,200,"Symmetric","3",2,TRUE,3.16000000000349
"334","Y=~y3",0.640478585259742,0.0651300523971254,0.8,"PLSc",6607,7928267,200,"Symmetric","3",2,TRUE,3.16000000000349
"335","Y~X",0.430149523598623,0.0881606908861625,0.4,"PLSc",6607,7928267,200,"Symmetric","3",2,TRUE,3.16000000000349
"336","Y~Z",0.464386513980905,0.0826254885774314,0.5,"PLSc",6607,7928267,200,"Symmetric","3",2,TRUE,3.16000000000349
"337","Y~X:Z",0.224261612255031,0.0780284801746451,0.3,"PLSc",6607,7928267,200,"Symmetric","3",2,TRUE,3.16000000000349
"338","X~~Z",0.194674854857474,0.0989954341095561,0.2,"PLSc",6607,7928267,200,"Symmetric","3",2,TRUE,3.16000000000349
"339","X=~x1",0.840214989451482,0.0320870870197268,0.8,"PLS",6607,7928267,200,"Symmetric","3",2,TRUE,2.02000000001863
"340","X=~x2",0.808293219821844,0.0408150093723904,0.8,"PLS",6607,7928267,200,"Symmetric","3",2,TRUE,2.02000000001863
"341","X=~x3",0.849192660497794,0.0320568497147548,0.8,"PLS",6607,7928267,200,"Symmetric","3",2,TRUE,2.02000000001863
"342","Z=~z1",0.825262447661909,0.0334973319533393,0.8,"PLS",6607,7928267,200,"Symmetric","3",2,TRUE,2.02000000001863
"343","Z=~z2",0.861961584321239,0.0238365448037384,0.8,"PLS",6607,7928267,200,"Symmetric","3",2,TRUE,2.02000000001863
"344","Z=~z3",0.763748771945525,0.0465128480219975,0.8,"PLS",6607,7928267,200,"Symmetric","3",2,TRUE,2.02000000001863
"345","Y=~y1",0.786167486934341,0.0370045476247699,0.8,"PLS",6607,7928267,200,"Symmetric","3",2,TRUE,2.02000000001863
"346","Y=~y2",0.820677163228507,0.0275683473316535,0.8,"PLS",6607,7928267,200,"Symmetric","3",2,TRUE,2.02000000001863
"347","Y=~y3",0.787399568966923,0.0359099167346634,0.8,"PLS",6607,7928267,200,"Symmetric","3",2,TRUE,2.02000000001863
"348","Y~X",0.324358747019048,0.060781839498325,0.4,"PLS",6607,7928267,200,"Symmetric","3",2,TRUE,2.02000000001863
"349","Y~Z",0.374033292743846,0.0580587412346048,0.5,"PLS",6607,7928267,200,"Symmetric","3",2,TRUE,2.02000000001863
"350","Y~X:Z",0.163916006368994,0.0451770336366766,0.3,"PLS",6607,7928267,200,"Symmetric","3",2,TRUE,2.02000000001863
"351","X~~Z",0.154131769637974,0.078620046074765,0.2,"PLS",6607,7928267,200,"Symmetric","3",2,TRUE,2.02000000001863
"352","X=~x1",0.816,0.053,0.8,"Mplus",6607,7928267,200,"Symmetric","3",2,TRUE,111.109999999986
"353","X=~x2",0.84,0.053,0.8,"Mplus",6607,7928267,200,"Symmetric","3",2,TRUE,111.109999999986
"354","X=~x3",0.837,0.051,0.8,"Mplus",6607,7928267,200,"Symmetric","3",2,TRUE,111.109999999986
"355","Z=~z1",0.788,0.059,0.8,"Mplus",6607,7928267,200,"Symmetric","3",2,TRUE,111.109999999986
"356","Z=~z2",0.858,0.056,0.8,"Mplus",6607,7928267,200,"Symmetric","3",2,TRUE,111.109999999986
"357","Z=~z3",0.74,0.061,0.8,"Mplus",6607,7928267,200,"Symmetric","3",2,TRUE,111.109999999986
"358","Y=~y1",0.73,0.066,0.8,"Mplus",6607,7928267,200,"Symmetric","3",2,TRUE,111.109999999986
"359","Y=~y2",0.828,0.059,0.8,"Mplus",6607,7928267,200,"Symmetric","3",2,TRUE,111.109999999986
"360","Y=~y3",0.752,0.063,0.8,"Mplus",6607,7928267,200,"Symmetric","3",2,TRUE,111.109999999986
"361","Y~X",0.398,0.08,0.4,"Mplus",6607,7928267,200,"Symmetric","3",2,TRUE,111.109999999986
"362","Y~Z",0.519,0.078,0.5,"Mplus",6607,7928267,200,"Symmetric","3",2,TRUE,111.109999999986
"363","Y~X:Z",0.316,0.08,0.3,"Mplus",6607,7928267,200,"Symmetric","3",2,TRUE,111.109999999986
"364","X~~Z",0.215,0.089,0.2,"Mplus",6607,7928267,200,"Symmetric","3",2,TRUE,111.109999999986
"365","X=~x1",0.528277454073533,0.139012828710892,0.5,"MC-OrdPLSc",6608,7410767,200,"Symmetric","3",3,TRUE,18.510000000002
"366","X=~x2",0.576650540030231,0.121123268946584,0.5,"MC-OrdPLSc",6608,7410767,200,"Symmetric","3",3,TRUE,18.510000000002
"367","X=~x3",0.228396805064882,0.128219319502488,0.5,"MC-OrdPLSc",6608,7410767,200,"Symmetric","3",3,TRUE,18.510000000002
"368","Z=~z1",0.417092953717475,0.139361156462746,0.5,"MC-OrdPLSc",6608,7410767,200,"Symmetric","3",3,TRUE,18.510000000002
"369","Z=~z2",0.430763591986229,0.137262149516878,0.5,"MC-OrdPLSc",6608,7410767,200,"Symmetric","3",3,TRUE,18.510000000002
"370","Z=~z3",0.622328916620746,0.177410266575543,0.5,"MC-OrdPLSc",6608,7410767,200,"Symmetric","3",3,TRUE,18.510000000002
"371","Y=~y1",0.510476288257895,0.15556305038839,0.5,"MC-OrdPLSc",6608,7410767,200,"Symmetric","3",3,TRUE,18.510000000002
"372","Y=~y2",0.423850671511285,0.120759484005733,0.5,"MC-OrdPLSc",6608,7410767,200,"Symmetric","3",3,TRUE,18.510000000002
"373","Y=~y3",0.613615551729919,0.114175102267853,0.5,"MC-OrdPLSc",6608,7410767,200,"Symmetric","3",3,TRUE,18.510000000002
"374","Y~X",0.600449025782053,0.199207335941406,0.4,"MC-OrdPLSc",6608,7410767,200,"Symmetric","3",3,TRUE,18.510000000002
"375","Y~Z",0.571614609148158,0.309016366599017,0.5,"MC-OrdPLSc",6608,7410767,200,"Symmetric","3",3,TRUE,18.510000000002
"376","Y~X:Z",0.478911451937552,0.384561222358878,0.3,"MC-OrdPLSc",6608,7410767,200,"Symmetric","3",3,TRUE,18.510000000002
"377","X~~Z",0.099579115169223,0.176317186473451,0.2,"MC-OrdPLSc",6608,7410767,200,"Symmetric","3",3,TRUE,18.510000000002
"378","X=~x1",0.184159280629615,0.166896082410491,0.5,"PLSc",6608,7410767,200,"Symmetric","3",3,TRUE,4.48999999999069
"379","X=~x2",0.576348783414304,0.187647353249181,0.5,"PLSc",6608,7410767,200,"Symmetric","3",3,TRUE,4.48999999999069
"380","X=~x3",0.255989656940638,0.148133464136219,0.5,"PLSc",6608,7410767,200,"Symmetric","3",3,TRUE,4.48999999999069
"381","Z=~z1",0.324337337951076,0.187065746042687,0.5,"PLSc",6608,7410767,200,"Symmetric","3",3,TRUE,4.48999999999069
"382","Z=~z2",0.391559979400832,0.189842873063208,0.5,"PLSc",6608,7410767,200,"Symmetric","3",3,TRUE,4.48999999999069
"383","Z=~z3",0.5917076297732,0.228903673143672,0.5,"PLSc",6608,7410767,200,"Symmetric","3",3,TRUE,4.48999999999069
"384","Y=~y1",0.664603276474845,0.128248030183777,0.5,"PLSc",6608,7410767,200,"Symmetric","3",3,TRUE,4.48999999999069
"385","Y=~y2",0.334319269332578,0.183451121205888,0.5,"PLSc",6608,7410767,200,"Symmetric","3",3,TRUE,4.48999999999069
"386","Y=~y3",0.444445685090498,0.122844073137137,0.5,"PLSc",6608,7410767,200,"Symmetric","3",3,TRUE,4.48999999999069
"387","Y~X",0.708373877630833,2.22717343106726,0.4,"PLSc",6608,7410767,200,"Symmetric","3",3,TRUE,4.48999999999069
"388","Y~Z",0.313461597764571,1.60436196881754,0.5,"PLSc",6608,7410767,200,"Symmetric","3",3,TRUE,4.48999999999069
"389","Y~X:Z",0.199807190655115,3.75665568800055,0.3,"PLSc",6608,7410767,200,"Symmetric","3",3,TRUE,4.48999999999069
"390","X~~Z",0.126039149293718,0.271063774478509,0.2,"PLSc",6608,7410767,200,"Symmetric","3",3,TRUE,4.48999999999069
"391","X=~x1",0.395887506769152,0.239395225763034,0.5,"PLS",6608,7410767,200,"Symmetric","3",3,TRUE,3.04000000000815
"392","X=~x2",0.888405588117765,0.0968764715877612,0.5,"PLS",6608,7410767,200,"Symmetric","3",3,TRUE,3.04000000000815
"393","X=~x3",0.483133552208558,0.214581358382573,0.5,"PLS",6608,7410767,200,"Symmetric","3",3,TRUE,3.04000000000815
"394","Z=~z1",0.603887800235295,0.198560243307585,0.5,"PLS",6608,7410767,200,"Symmetric","3",3,TRUE,3.04000000000815
"395","Z=~z2",0.617407757614745,0.197239373245305,0.5,"PLS",6608,7410767,200,"Symmetric","3",3,TRUE,3.04000000000815
"396","Z=~z3",0.792581644347824,0.205226093557825,0.5,"PLS",6608,7410767,200,"Symmetric","3",3,TRUE,3.04000000000815
"397","Y=~y1",0.828872055291156,0.0836147231155394,0.5,"PLS",6608,7410767,200,"Symmetric","3",3,TRUE,3.04000000000815
"398","Y=~y2",0.583699242053449,0.18453349259634,0.5,"PLS",6608,7410767,200,"Symmetric","3",3,TRUE,3.04000000000815
"399","Y=~y3",0.647135594657915,0.120205770001337,0.5,"PLS",6608,7410767,200,"Symmetric","3",3,TRUE,3.04000000000815
"400","Y~X",0.277562403932883,0.0641759660323506,0.4,"PLS",6608,7410767,200,"Symmetric","3",3,TRUE,3.04000000000815
"401","Y~Z",0.204855094495631,0.0625944108887363,0.5,"PLS",6608,7410767,200,"Symmetric","3",3,TRUE,3.04000000000815
"402","Y~X:Z",-0.00475812742744058,0.069212335618458,0.3,"PLS",6608,7410767,200,"Symmetric","3",3,TRUE,3.04000000000815
"403","X~~Z",0.0515397934067477,0.0764981276738485,0.2,"PLS",6608,7410767,200,"Symmetric","3",3,TRUE,3.04000000000815
"404","X=~x1",0.216,0.119,0.5,"Mplus",6608,7410767,200,"Symmetric","3",3,TRUE,145.059999999998
"405","X=~x2",0.511,0.159,0.5,"Mplus",6608,7410767,200,"Symmetric","3",3,TRUE,145.059999999998
"406","X=~x3",0.265,0.119,0.5,"Mplus",6608,7410767,200,"Symmetric","3",3,TRUE,145.059999999998
"407","Z=~z1",0.631,0.16,0.5,"Mplus",6608,7410767,200,"Symmetric","3",3,TRUE,145.059999999998
"408","Z=~z2",0.445,0.117,0.5,"Mplus",6608,7410767,200,"Symmetric","3",3,TRUE,145.059999999998
"409","Z=~z3",0.424,0.126,0.5,"Mplus",6608,7410767,200,"Symmetric","3",3,TRUE,145.059999999998
"410","Y=~y1",0.71,0.114,0.5,"Mplus",6608,7410767,200,"Symmetric","3",3,TRUE,145.059999999998
"411","Y=~y2",0.46,0.1,0.5,"Mplus",6608,7410767,200,"Symmetric","3",3,TRUE,145.059999999998
"412","Y=~y3",0.478,0.108,0.5,"Mplus",6608,7410767,200,"Symmetric","3",3,TRUE,145.059999999998
"413","Y~X",0.804,0.28,0.4,"Mplus",6608,7410767,200,"Symmetric","3",3,TRUE,145.059999999998
"414","Y~Z",0.179,0.233,0.5,"Mplus",6608,7410767,200,"Symmetric","3",3,TRUE,145.059999999998
"415","Y~X:Z",0.249,0.168,0.3,"Mplus",6608,7410767,200,"Symmetric","3",3,TRUE,145.059999999998
"416","X~~Z",0.237,0.198,0.2,"Mplus",6608,7410767,200,"Symmetric","3",3,TRUE,145.059999999998
"417","X=~x1",0.799737840511858,0.0391554159466929,0.8,"MC-OrdPLSc",6609,4465289,500,"Symmetric","3",2,TRUE,16.7099999999991
"418","X=~x2",0.835129306616529,0.0324185612015605,0.8,"MC-OrdPLSc",6609,4465289,500,"Symmetric","3",2,TRUE,16.7099999999991
"419","X=~x3",0.830344057717403,0.0332418324573327,0.8,"MC-OrdPLSc",6609,4465289,500,"Symmetric","3",2,TRUE,16.7099999999991
"420","Z=~z1",0.79905651525307,0.0409990744753322,0.8,"MC-OrdPLSc",6609,4465289,500,"Symmetric","3",2,TRUE,16.7099999999991
"421","Z=~z2",0.794486060059836,0.0388169527011437,0.8,"MC-OrdPLSc",6609,4465289,500,"Symmetric","3",2,TRUE,16.7099999999991
"422","Z=~z3",0.826819680711546,0.0378206515898767,0.8,"MC-OrdPLSc",6609,4465289,500,"Symmetric","3",2,TRUE,16.7099999999991
"423","Y=~y1",0.827938752188444,0.0323266624108271,0.8,"MC-OrdPLSc",6609,4465289,500,"Symmetric","3",2,TRUE,16.7099999999991
"424","Y=~y2",0.804247180081773,0.0317354152264387,0.8,"MC-OrdPLSc",6609,4465289,500,"Symmetric","3",2,TRUE,16.7099999999991
"425","Y=~y3",0.820551101746785,0.0297796158551883,0.8,"MC-OrdPLSc",6609,4465289,500,"Symmetric","3",2,TRUE,16.7099999999991
"426","Y~X",0.439308510187664,0.0449707110762245,0.4,"MC-OrdPLSc",6609,4465289,500,"Symmetric","3",2,TRUE,16.7099999999991
"427","Y~Z",0.510412048051919,0.0463637780789647,0.5,"MC-OrdPLSc",6609,4465289,500,"Symmetric","3",2,TRUE,16.7099999999991
"428","Y~X:Z",0.252031178496253,0.0463336397146554,0.3,"MC-OrdPLSc",6609,4465289,500,"Symmetric","3",2,TRUE,16.7099999999991
"429","X~~Z",0.194765401015775,0.0602790323680929,0.2,"MC-OrdPLSc",6609,4465289,500,"Symmetric","3",2,TRUE,16.7099999999991
"430","X=~x1",0.773467772917256,0.054837074683099,0.8,"PLSc",6609,4465289,500,"Symmetric","3",2,TRUE,4.47000000000116
"431","X=~x2",0.655138002897429,0.0639873081710162,0.8,"PLSc",6609,4465289,500,"Symmetric","3",2,TRUE,4.47000000000116
"432","X=~x3",0.72744274874467,0.0553583106717168,0.8,"PLSc",6609,4465289,500,"Symmetric","3",2,TRUE,4.47000000000116
"433","Z=~z1",0.712175585981363,0.0479087892737774,0.8,"PLSc",6609,4465289,500,"Symmetric","3",2,TRUE,4.47000000000116
"434","Z=~z2",0.701509320564098,0.0539650430805674,0.8,"PLSc",6609,4465289,500,"Symmetric","3",2,TRUE,4.47000000000116
"435","Z=~z3",0.735240208560078,0.0452498068795127,0.8,"PLSc",6609,4465289,500,"Symmetric","3",2,TRUE,4.47000000000116
"436","Y=~y1",0.666646086705691,0.0428992332450973,0.8,"PLSc",6609,4465289,500,"Symmetric","3",2,TRUE,4.47000000000116
"437","Y=~y2",0.684363609254263,0.0383255114790199,0.8,"PLSc",6609,4465289,500,"Symmetric","3",2,TRUE,4.47000000000116
"438","Y=~y3",0.68773731485839,0.0450770591871713,0.8,"PLSc",6609,4465289,500,"Symmetric","3",2,TRUE,4.47000000000116
"439","Y~X",0.41141935057498,0.0562933791132847,0.4,"PLSc",6609,4465289,500,"Symmetric","3",2,TRUE,4.47000000000116
"440","Y~Z",0.491325346895028,0.0534754447805309,0.5,"PLSc",6609,4465289,500,"Symmetric","3",2,TRUE,4.47000000000116
"441","Y~X:Z",0.271070396728611,0.0596251051904487,0.3,"PLSc",6609,4465289,500,"Symmetric","3",2,TRUE,4.47000000000116
"442","X~~Z",0.26331837370078,0.05548903643917,0.2,"PLSc",6609,4465289,500,"Symmetric","3",2,TRUE,4.47000000000116
"443","X=~x1",0.843727127741508,0.0193334208318293,0.8,"PLS",6609,4465289,500,"Symmetric","3",2,TRUE,1.80999999999767
"444","X=~x2",0.781642440338799,0.0276164882724819,0.8,"PLS",6609,4465289,500,"Symmetric","3",2,TRUE,1.80999999999767
"445","X=~x3",0.841687992378392,0.0190941273442224,0.8,"PLS",6609,4465289,500,"Symmetric","3",2,TRUE,1.80999999999767
"446","Z=~z1",0.819629532099654,0.0199807045454672,0.8,"PLS",6609,4465289,500,"Symmetric","3",2,TRUE,1.80999999999767
"447","Z=~z2",0.818054281680741,0.0230701934778447,0.8,"PLS",6609,4465289,500,"Symmetric","3",2,TRUE,1.80999999999767
"448","Z=~z3",0.827778253278174,0.0179840074474761,0.8,"PLS",6609,4465289,500,"Symmetric","3",2,TRUE,1.80999999999767
"449","Y=~y1",0.78397127399385,0.0242290897750039,0.8,"PLS",6609,4465289,500,"Symmetric","3",2,TRUE,1.80999999999767
"450","Y=~y2",0.805246344295225,0.0197410675586944,0.8,"PLS",6609,4465289,500,"Symmetric","3",2,TRUE,1.80999999999767
"451","Y=~y3",0.812694675656948,0.0195182034000436,0.8,"PLS",6609,4465289,500,"Symmetric","3",2,TRUE,1.80999999999767
"452","Y~X",0.313207908867891,0.0363500050058521,0.4,"PLS",6609,4465289,500,"Symmetric","3",2,TRUE,1.80999999999767
"453","Y~Z",0.38667757308789,0.0358541746186013,0.5,"PLS",6609,4465289,500,"Symmetric","3",2,TRUE,1.80999999999767
"454","Y~X:Z",0.177900333805858,0.0306989374167872,0.3,"PLS",6609,4465289,500,"Symmetric","3",2,TRUE,1.80999999999767
"455","X~~Z",0.201111268720295,0.0430510010334966,0.2,"PLS",6609,4465289,500,"Symmetric","3",2,TRUE,1.80999999999767
"456","X=~x1",0.826,0.034,0.8,"Mplus",6609,4465289,500,"Symmetric","3",2,TRUE,202.99000000002
"457","X=~x2",0.728,0.038,0.8,"Mplus",6609,4465289,500,"Symmetric","3",2,TRUE,202.99000000002
"458","X=~x3",0.831,0.033,0.8,"Mplus",6609,4465289,500,"Symmetric","3",2,TRUE,202.99000000002
"459","Z=~z1",0.788,0.036,0.8,"Mplus",6609,4465289,500,"Symmetric","3",2,TRUE,202.99000000002
"460","Z=~z2",0.789,0.035,0.8,"Mplus",6609,4465289,500,"Symmetric","3",2,TRUE,202.99000000002
"461","Z=~z3",0.806,0.035,0.8,"Mplus",6609,4465289,500,"Symmetric","3",2,TRUE,202.99000000002
"462","Y=~y1",0.732,0.039,0.8,"Mplus",6609,4465289,500,"Symmetric","3",2,TRUE,202.99000000002
"463","Y=~y2",0.789,0.037,0.8,"Mplus",6609,4465289,500,"Symmetric","3",2,TRUE,202.99000000002
"464","Y=~y3",0.797,0.036,0.8,"Mplus",6609,4465289,500,"Symmetric","3",2,TRUE,202.99000000002
"465","Y~X",0.403,0.05,0.4,"Mplus",6609,4465289,500,"Symmetric","3",2,TRUE,202.99000000002
"466","Y~Z",0.51,0.048,0.5,"Mplus",6609,4465289,500,"Symmetric","3",2,TRUE,202.99000000002
"467","Y~X:Z",0.345,0.053,0.3,"Mplus",6609,4465289,500,"Symmetric","3",2,TRUE,202.99000000002
"468","X~~Z",0.273,0.056,0.2,"Mplus",6609,4465289,500,"Symmetric","3",2,TRUE,202.99000000002
"469","X=~x1",0.559775146318679,0.12197807755555,0.5,"MC-OrdPLSc",6610,765933,500,"Symmetric","3",3,TRUE,20.3400000000038
"470","X=~x2",0.533435147516436,0.132319998062599,0.5,"MC-OrdPLSc",6610,765933,500,"Symmetric","3",3,TRUE,20.3400000000038
"471","X=~x3",0.478982574064892,0.110366984014981,0.5,"MC-OrdPLSc",6610,765933,500,"Symmetric","3",3,TRUE,20.3400000000038
"472","Z=~z1",0.387968394309013,0.138956093828618,0.5,"MC-OrdPLSc",6610,765933,500,"Symmetric","3",3,TRUE,20.3400000000038
"473","Z=~z2",0.468236923123371,0.132996423507658,0.5,"MC-OrdPLSc",6610,765933,500,"Symmetric","3",3,TRUE,20.3400000000038
"474","Z=~z3",0.53135769147472,0.150649262191282,0.5,"MC-OrdPLSc",6610,765933,500,"Symmetric","3",3,TRUE,20.3400000000038
"475","Y=~y1",0.320341268505718,0.0925521800397624,0.5,"MC-OrdPLSc",6610,765933,500,"Symmetric","3",3,TRUE,20.3400000000038
"476","Y=~y2",0.446895081209461,0.0871279373546116,0.5,"MC-OrdPLSc",6610,765933,500,"Symmetric","3",3,TRUE,20.3400000000038
"477","Y=~y3",0.667703306460099,0.114884476174568,0.5,"MC-OrdPLSc",6610,765933,500,"Symmetric","3",3,TRUE,20.3400000000038
"478","Y~X",0.412085177459699,0.127914702164421,0.4,"MC-OrdPLSc",6610,765933,500,"Symmetric","3",3,TRUE,20.3400000000038
"479","Y~Z",0.386625257488862,0.110077465938041,0.5,"MC-OrdPLSc",6610,765933,500,"Symmetric","3",3,TRUE,20.3400000000038
"480","Y~X:Z",0.210956706807827,0.213448260673252,0.3,"MC-OrdPLSc",6610,765933,500,"Symmetric","3",3,TRUE,20.3400000000038
"481","X~~Z",0.222922052363698,0.105713649976608,0.2,"MC-OrdPLSc",6610,765933,500,"Symmetric","3",3,TRUE,20.3400000000038
"482","X=~x1",0.294510463796446,0.1087277404414,0.5,"PLSc",6610,765933,500,"Symmetric","3",3,TRUE,4.93999999997322
"483","X=~x2",0.480767710746461,0.0962981900216914,0.5,"PLSc",6610,765933,500,"Symmetric","3",3,TRUE,4.93999999997322
"484","X=~x3",0.534984292095186,0.102578544716922,0.5,"PLSc",6610,765933,500,"Symmetric","3",3,TRUE,4.93999999997322
"485","Z=~z1",0.406978627043513,0.0920992468230682,0.5,"PLSc",6610,765933,500,"Symmetric","3",3,TRUE,4.93999999997322
"486","Z=~z2",0.491643489565936,0.0883146692026477,0.5,"PLSc",6610,765933,500,"Symmetric","3",3,TRUE,4.93999999997322
"487","Z=~z3",0.527110532080992,0.0854442121045949,0.5,"PLSc",6610,765933,500,"Symmetric","3",3,TRUE,4.93999999997322
"488","Y=~y1",0.410107961725034,0.0637887032236417,0.5,"PLSc",6610,765933,500,"Symmetric","3",3,TRUE,4.93999999997322
"489","Y=~y2",0.42525731108154,0.0644884197233172,0.5,"PLSc",6610,765933,500,"Symmetric","3",3,TRUE,4.93999999997322
"490","Y=~y3",0.367358390326071,0.0737134731724276,0.5,"PLSc",6610,765933,500,"Symmetric","3",3,TRUE,4.93999999997322
"491","Y~X",0.580410631125823,0.438224580651806,0.4,"PLSc",6610,765933,500,"Symmetric","3",3,TRUE,4.93999999997322
"492","Y~Z",0.556634960024252,0.221551628377586,0.5,"PLSc",6610,765933,500,"Symmetric","3",3,TRUE,4.93999999997322
"493","Y~X:Z",0.195040948833584,0.644363712040728,0.3,"PLSc",6610,765933,500,"Symmetric","3",3,TRUE,4.93999999997322
"494","X~~Z",0.0833768693524839,0.102526816048071,0.2,"PLSc",6610,765933,500,"Symmetric","3",3,TRUE,4.93999999997322
"495","X=~x1",0.533025280222165,0.112081445998538,0.5,"PLS",6610,765933,500,"Symmetric","3",3,TRUE,2.45999999999185
"496","X=~x2",0.707463346737789,0.086372059751738,0.5,"PLS",6610,765933,500,"Symmetric","3",3,TRUE,2.45999999999185
"497","X=~x3",0.769765404876787,0.0758941754972116,0.5,"PLS",6610,765933,500,"Symmetric","3",3,TRUE,2.45999999999185
"498","Z=~z1",0.651084042914644,0.0781833250946137,0.5,"PLS",6610,765933,500,"Symmetric","3",3,TRUE,2.45999999999185
"499","Z=~z2",0.71477460863406,0.0685607214031356,0.5,"PLS",6610,765933,500,"Symmetric","3",3,TRUE,2.45999999999185
"500","Z=~z3",0.719790498720577,0.0722647884193857,0.5,"PLS",6610,765933,500,"Symmetric","3",3,TRUE,2.45999999999185
"501","Y=~y1",0.674050887198091,0.0630678536137117,0.5,"PLS",6610,765933,500,"Symmetric","3",3,TRUE,2.45999999999185
"502","Y=~y2",0.697673459750156,0.0595628139179592,0.5,"PLS",6610,765933,500,"Symmetric","3",3,TRUE,2.45999999999185
"503","Y=~y3",0.615921325400223,0.084269943823048,0.5,"PLS",6610,765933,500,"Symmetric","3",3,TRUE,2.45999999999185
"504","Y~X",0.225834005139632,0.0406146874071581,0.4,"PLS",6610,765933,500,"Symmetric","3",3,TRUE,2.45999999999185
"505","Y~Z",0.256454745031995,0.041032929273875,0.5,"PLS",6610,765933,500,"Symmetric","3",3,TRUE,2.45999999999185
"506","Y~X:Z",0.0570472729085115,0.0402409199561242,0.3,"PLS",6610,765933,500,"Symmetric","3",3,TRUE,2.45999999999185
"507","X~~Z",0.0381289702050129,0.0472906098362646,0.2,"PLS",6610,765933,500,"Symmetric","3",3,TRUE,2.45999999999185
"508","X=~x1",0.406,0.071,0.5,"Mplus",6610,765933,500,"Symmetric","3",3,TRUE,274.75
"509","X=~x2",0.463,0.076,0.5,"Mplus",6610,765933,500,"Symmetric","3",3,TRUE,274.75
"510","X=~x3",0.594,0.085,0.5,"Mplus",6610,765933,500,"Symmetric","3",3,TRUE,274.75
"511","Z=~z1",0.518,0.071,0.5,"Mplus",6610,765933,500,"Symmetric","3",3,TRUE,274.75
"512","Z=~z2",0.548,0.071,0.5,"Mplus",6610,765933,500,"Symmetric","3",3,TRUE,274.75
"513","Z=~z3",0.491,0.071,0.5,"Mplus",6610,765933,500,"Symmetric","3",3,TRUE,274.75
"514","Y=~y1",0.441,0.07,0.5,"Mplus",6610,765933,500,"Symmetric","3",3,TRUE,274.75
"515","Y=~y2",0.484,0.072,0.5,"Mplus",6610,765933,500,"Symmetric","3",3,TRUE,274.75
"516","Y=~y3",0.403,0.068,0.5,"Mplus",6610,765933,500,"Symmetric","3",3,TRUE,274.75
"517","Y~X",0.501,0.11,0.4,"Mplus",6610,765933,500,"Symmetric","3",3,TRUE,274.75
"518","Y~Z",0.571,0.107,0.5,"Mplus",6610,765933,500,"Symmetric","3",3,TRUE,274.75
"519","Y~X:Z",0.23,0.124,0.3,"Mplus",6610,765933,500,"Symmetric","3",3,TRUE,274.75
"520","X~~Z",0.126,0.1,0.2,"Mplus",6610,765933,500,"Symmetric","3",3,TRUE,274.75
"521","X=~x1",0.834997492280992,0.026746810382652,0.8,"MC-OrdPLSc",6611,5068488,1000,"Symmetric","3",2,TRUE,20.7799999999988
"522","X=~x2",0.759187665914591,0.0258883702097269,0.8,"MC-OrdPLSc",6611,5068488,1000,"Symmetric","3",2,TRUE,20.7799999999988
"523","X=~x3",0.747905023936967,0.0299978784836081,0.8,"MC-OrdPLSc",6611,5068488,1000,"Symmetric","3",2,TRUE,20.7799999999988
"524","Z=~z1",0.792147016034613,0.0246290077879515,0.8,"MC-OrdPLSc",6611,5068488,1000,"Symmetric","3",2,TRUE,20.7799999999988
"525","Z=~z2",0.752013010975566,0.026837268750238,0.8,"MC-OrdPLSc",6611,5068488,1000,"Symmetric","3",2,TRUE,20.7799999999988
"526","Z=~z3",0.80848089008094,0.0273473964819696,0.8,"MC-OrdPLSc",6611,5068488,1000,"Symmetric","3",2,TRUE,20.7799999999988
"527","Y=~y1",0.781300119801819,0.0254205916433381,0.8,"MC-OrdPLSc",6611,5068488,1000,"Symmetric","3",2,TRUE,20.7799999999988
"528","Y=~y2",0.784095987475675,0.026511900489643,0.8,"MC-OrdPLSc",6611,5068488,1000,"Symmetric","3",2,TRUE,20.7799999999988
"529","Y=~y3",0.831830726710152,0.0231286138743801,0.8,"MC-OrdPLSc",6611,5068488,1000,"Symmetric","3",2,TRUE,20.7799999999988
"530","Y~X",0.420048824835374,0.0341497874758812,0.4,"MC-OrdPLSc",6611,5068488,1000,"Symmetric","3",2,TRUE,20.7799999999988
"531","Y~Z",0.514776123011201,0.0331895973787765,0.5,"MC-OrdPLSc",6611,5068488,1000,"Symmetric","3",2,TRUE,20.7799999999988
"532","Y~X:Z",0.315561966726372,0.0428909722287514,0.3,"MC-OrdPLSc",6611,5068488,1000,"Symmetric","3",2,TRUE,20.7799999999988
"533","X~~Z",0.258044122392074,0.0437560464542387,0.2,"MC-OrdPLSc",6611,5068488,1000,"Symmetric","3",2,TRUE,20.7799999999988
"534","X=~x1",0.754273703164768,0.0404059845127658,0.8,"PLSc",6611,5068488,1000,"Symmetric","3",2,TRUE,6.60999999998603
"535","X=~x2",0.70346472540446,0.042391752027243,0.8,"PLSc",6611,5068488,1000,"Symmetric","3",2,TRUE,6.60999999998603
"536","X=~x3",0.661869817818856,0.0427732509280667,0.8,"PLSc",6611,5068488,1000,"Symmetric","3",2,TRUE,6.60999999998603
"537","Z=~z1",0.684915021655891,0.0322599064373103,0.8,"PLSc",6611,5068488,1000,"Symmetric","3",2,TRUE,6.60999999998603
"538","Z=~z2",0.772845938055705,0.0301575960164139,0.8,"PLSc",6611,5068488,1000,"Symmetric","3",2,TRUE,6.60999999998603
"539","Z=~z3",0.683210841614481,0.0327823370111426,0.8,"PLSc",6611,5068488,1000,"Symmetric","3",2,TRUE,6.60999999998603
"540","Y=~y1",0.701399954964229,0.0266082472168622,0.8,"PLSc",6611,5068488,1000,"Symmetric","3",2,TRUE,6.60999999998603
"541","Y=~y2",0.747788982777445,0.0255052142765471,0.8,"PLSc",6611,5068488,1000,"Symmetric","3",2,TRUE,6.60999999998603
"542","Y=~y3",0.685900916127101,0.0262772655472457,0.8,"PLSc",6611,5068488,1000,"Symmetric","3",2,TRUE,6.60999999998603
"543","Y~X",0.399021474705669,0.037472754014719,0.4,"PLSc",6611,5068488,1000,"Symmetric","3",2,TRUE,6.60999999998603
"544","Y~Z",0.515671134280452,0.0349009621000159,0.5,"PLSc",6611,5068488,1000,"Symmetric","3",2,TRUE,6.60999999998603
"545","Y~X:Z",0.309884714546177,0.0457917104043081,0.3,"PLSc",6611,5068488,1000,"Symmetric","3",2,TRUE,6.60999999998603
"546","X~~Z",0.240341659109245,0.0391112146536735,0.2,"PLSc",6611,5068488,1000,"Symmetric","3",2,TRUE,6.60999999998603
"547","X=~x1",0.831402723419901,0.0146598291785505,0.8,"PLS",6611,5068488,1000,"Symmetric","3",2,TRUE,1.75
"548","X=~x2",0.81742499139665,0.0158468861508473,0.8,"PLS",6611,5068488,1000,"Symmetric","3",2,TRUE,1.75
"549","X=~x3",0.799317228957229,0.0179646966365501,0.8,"PLS",6611,5068488,1000,"Symmetric","3",2,TRUE,1.75
"550","Z=~z1",0.808698535211024,0.013814826435901,0.8,"PLS",6611,5068488,1000,"Symmetric","3",2,TRUE,1.75
"551","Z=~z2",0.832856430744085,0.0115697800421121,0.8,"PLS",6611,5068488,1000,"Symmetric","3",2,TRUE,1.75
"552","Z=~z3",0.819697116290005,0.0134879585094123,0.8,"PLS",6611,5068488,1000,"Symmetric","3",2,TRUE,1.75
"553","Y=~y1",0.802494866327214,0.0129111879618163,0.8,"PLS",6611,5068488,1000,"Symmetric","3",2,TRUE,1.75
"554","Y=~y2",0.842230316411025,0.0111696211764261,0.8,"PLS",6611,5068488,1000,"Symmetric","3",2,TRUE,1.75
"555","Y=~y3",0.811852302228539,0.0126330572294022,0.8,"PLS",6611,5068488,1000,"Symmetric","3",2,TRUE,1.75
"556","Y~X",0.318926600006292,0.0258950988049138,0.4,"PLS",6611,5068488,1000,"Symmetric","3",2,TRUE,1.75
"557","Y~Z",0.408586819416988,0.0243621577225388,0.5,"PLS",6611,5068488,1000,"Symmetric","3",2,TRUE,1.75
"558","Y~X:Z",0.211160951994349,0.0263749141007612,0.3,"PLS",6611,5068488,1000,"Symmetric","3",2,TRUE,1.75
"559","X~~Z",0.18188344725042,0.0299051323792122,0.2,"PLS",6611,5068488,1000,"Symmetric","3",2,TRUE,1.75
"560","X=~x1",0.796,0.025,0.8,"Mplus",6611,5068488,1000,"Symmetric","3",2,TRUE,377.820000000007
"561","X=~x2",0.792,0.026,0.8,"Mplus",6611,5068488,1000,"Symmetric","3",2,TRUE,377.820000000007
"562","X=~x3",0.764,0.026,0.8,"Mplus",6611,5068488,1000,"Symmetric","3",2,TRUE,377.820000000007
"563","Z=~z1",0.782,0.025,0.8,"Mplus",6611,5068488,1000,"Symmetric","3",2,TRUE,377.820000000007
"564","Z=~z2",0.805,0.025,0.8,"Mplus",6611,5068488,1000,"Symmetric","3",2,TRUE,377.820000000007
"565","Z=~z3",0.81,0.024,0.8,"Mplus",6611,5068488,1000,"Symmetric","3",2,TRUE,377.820000000007
"566","Y=~y1",0.775,0.025,0.8,"Mplus",6611,5068488,1000,"Symmetric","3",2,TRUE,377.820000000007
"567","Y=~y2",0.86,0.021,0.8,"Mplus",6611,5068488,1000,"Symmetric","3",2,TRUE,377.820000000007
"568","Y=~y3",0.799,0.024,0.8,"Mplus",6611,5068488,1000,"Symmetric","3",2,TRUE,377.820000000007
"569","Y~X",0.41,0.033,0.4,"Mplus",6611,5068488,1000,"Symmetric","3",2,TRUE,377.820000000007
"570","Y~Z",0.519,0.032,0.5,"Mplus",6611,5068488,1000,"Symmetric","3",2,TRUE,377.820000000007
"571","Y~X:Z",0.361,0.036,0.3,"Mplus",6611,5068488,1000,"Symmetric","3",2,TRUE,377.820000000007
"572","X~~Z",0.234,0.04,0.2,"Mplus",6611,5068488,1000,"Symmetric","3",2,TRUE,377.820000000007
"573","X=~x1",0.692621147728275,0.075035124526694,0.5,"MC-OrdPLSc",6612,874074,1000,"Symmetric","3",3,TRUE,25.0299999999988
"574","X=~x2",0.465166576205525,0.0849601122397634,0.5,"MC-OrdPLSc",6612,874074,1000,"Symmetric","3",3,TRUE,25.0299999999988
"575","X=~x3",0.413774466838676,0.0828626512814934,0.5,"MC-OrdPLSc",6612,874074,1000,"Symmetric","3",3,TRUE,25.0299999999988
"576","Z=~z1",0.453544909105115,0.0539486263527609,0.5,"MC-OrdPLSc",6612,874074,1000,"Symmetric","3",3,TRUE,25.0299999999988
"577","Z=~z2",0.416575886472221,0.0734947718783979,0.5,"MC-OrdPLSc",6612,874074,1000,"Symmetric","3",3,TRUE,25.0299999999988
"578","Z=~z3",0.591325787639868,0.0683647983002944,0.5,"MC-OrdPLSc",6612,874074,1000,"Symmetric","3",3,TRUE,25.0299999999988
"579","Y=~y1",0.465136634026044,0.0529497685848932,0.5,"MC-OrdPLSc",6612,874074,1000,"Symmetric","3",3,TRUE,25.0299999999988
"580","Y=~y2",0.594722302430792,0.0622385707483164,0.5,"MC-OrdPLSc",6612,874074,1000,"Symmetric","3",3,TRUE,25.0299999999988
"581","Y=~y3",0.437587751585392,0.0620464112645641,0.5,"MC-OrdPLSc",6612,874074,1000,"Symmetric","3",3,TRUE,25.0299999999988
"582","Y~X",0.304143579035244,0.0660601521812774,0.4,"MC-OrdPLSc",6612,874074,1000,"Symmetric","3",3,TRUE,25.0299999999988
"583","Y~Z",0.549826099428747,0.0752699997142861,0.5,"MC-OrdPLSc",6612,874074,1000,"Symmetric","3",3,TRUE,25.0299999999988
"584","Y~X:Z",0.285624652549106,0.100316990281069,0.3,"MC-OrdPLSc",6612,874074,1000,"Symmetric","3",3,TRUE,25.0299999999988
"585","X~~Z",0.203932247698927,0.0797745669867772,0.2,"MC-OrdPLSc",6612,874074,1000,"Symmetric","3",3,TRUE,25.0299999999988
"586","X=~x1",0.479495877192012,0.0767482816714379,0.5,"PLSc",6612,874074,1000,"Symmetric","3",3,TRUE,7.14000000001397
"587","X=~x2",0.469452638370272,0.0684831595315565,0.5,"PLSc",6612,874074,1000,"Symmetric","3",3,TRUE,7.14000000001397
"588","X=~x3",0.370340457066175,0.0786480013361173,0.5,"PLSc",6612,874074,1000,"Symmetric","3",3,TRUE,7.14000000001397
"589","Z=~z1",0.440936049363502,0.0573303104277846,0.5,"PLSc",6612,874074,1000,"Symmetric","3",3,TRUE,7.14000000001397
"590","Z=~z2",0.451553491740704,0.0595565048083156,0.5,"PLSc",6612,874074,1000,"Symmetric","3",3,TRUE,7.14000000001397
"591","Z=~z3",0.460058207580205,0.0552803668366974,0.5,"PLSc",6612,874074,1000,"Symmetric","3",3,TRUE,7.14000000001397
"592","Y=~y1",0.38592055353884,0.0514106304364189,0.5,"PLSc",6612,874074,1000,"Symmetric","3",3,TRUE,7.14000000001397
"593","Y=~y2",0.359214388922602,0.0519008918173694,0.5,"PLSc",6612,874074,1000,"Symmetric","3",3,TRUE,7.14000000001397
"594","Y=~y3",0.522734827933688,0.0516950818287761,0.5,"PLSc",6612,874074,1000,"Symmetric","3",3,TRUE,7.14000000001397
"595","Y~X",0.44512974482176,0.262773281119073,0.4,"PLSc",6612,874074,1000,"Symmetric","3",3,TRUE,7.14000000001397
"596","Y~Z",0.616533349906067,0.17661367823255,0.5,"PLSc",6612,874074,1000,"Symmetric","3",3,TRUE,7.14000000001397
"597","Y~X:Z",0.355475040119266,0.944337985194646,0.3,"PLSc",6612,874074,1000,"Symmetric","3",3,TRUE,7.14000000001397
"598","X~~Z",0.162617601144655,0.0747152900472125,0.2,"PLSc",6612,874074,1000,"Symmetric","3",3,TRUE,7.14000000001397
"599","X=~x1",0.720481441723205,0.0640535772201371,0.5,"PLS",6612,874074,1000,"Symmetric","3",3,TRUE,2.12999999997555
"600","X=~x2",0.698634501395673,0.0639263562899227,0.5,"PLS",6612,874074,1000,"Symmetric","3",3,TRUE,2.12999999997555
"601","X=~x3",0.615220853106075,0.0742939631621985,0.5,"PLS",6612,874074,1000,"Symmetric","3",3,TRUE,2.12999999997555
"602","Z=~z1",0.678775788823534,0.0492479286699176,0.5,"PLS",6612,874074,1000,"Symmetric","3",3,TRUE,2.12999999997555
"603","Z=~z2",0.687459190309844,0.0510273161673808,0.5,"PLS",6612,874074,1000,"Symmetric","3",3,TRUE,2.12999999997555
"604","Z=~z3",0.687948479148354,0.0488239174753313,0.5,"PLS",6612,874074,1000,"Symmetric","3",3,TRUE,2.12999999997555
"605","Y=~y1",0.629546147668711,0.0522998733508603,0.5,"PLS",6612,874074,1000,"Symmetric","3",3,TRUE,2.12999999997555
"606","Y=~y2",0.6010429176368,0.0530517441502813,0.5,"PLS",6612,874074,1000,"Symmetric","3",3,TRUE,2.12999999997555
"607","Y=~y3",0.769578574044883,0.0372963477764115,0.5,"PLS",6612,874074,1000,"Symmetric","3",3,TRUE,2.12999999997555
"608","Y~X",0.192023831718248,0.0285651774279032,0.4,"PLS",6612,874074,1000,"Symmetric","3",3,TRUE,2.12999999997555
"609","Y~Z",0.270105949370012,0.0286323172873075,0.5,"PLS",6612,874074,1000,"Symmetric","3",3,TRUE,2.12999999997555
"610","Y~X:Z",0.0716196855338278,0.0318884154778998,0.3,"PLS",6612,874074,1000,"Symmetric","3",3,TRUE,2.12999999997555
"611","X~~Z",0.069804119910022,0.0321920741329681,0.2,"PLS",6612,874074,1000,"Symmetric","3",3,TRUE,2.12999999997555
"612","X=~x1",0.541,0.059,0.5,"Mplus",6612,874074,1000,"Symmetric","3",3,TRUE,510.160000000003
"613","X=~x2",0.458,0.055,0.5,"Mplus",6612,874074,1000,"Symmetric","3",3,TRUE,510.160000000003
"614","X=~x3",0.463,0.054,0.5,"Mplus",6612,874074,1000,"Symmetric","3",3,TRUE,510.160000000003
"615","Z=~z1",0.501,0.051,0.5,"Mplus",6612,874074,1000,"Symmetric","3",3,TRUE,510.160000000003
"616","Z=~z2",0.502,0.05,0.5,"Mplus",6612,874074,1000,"Symmetric","3",3,TRUE,510.160000000003
"617","Z=~z3",0.49,0.05,0.5,"Mplus",6612,874074,1000,"Symmetric","3",3,TRUE,510.160000000003
"618","Y=~y1",0.431,0.048,0.5,"Mplus",6612,874074,1000,"Symmetric","3",3,TRUE,510.160000000003
"619","Y=~y2",0.409,0.048,0.5,"Mplus",6612,874074,1000,"Symmetric","3",3,TRUE,510.160000000003
"620","Y=~y3",0.565,0.051,0.5,"Mplus",6612,874074,1000,"Symmetric","3",3,TRUE,510.160000000003
"621","Y~X",0.396,0.076,0.4,"Mplus",6612,874074,1000,"Symmetric","3",3,TRUE,510.160000000003
"622","Y~Z",0.609,0.073,0.5,"Mplus",6612,874074,1000,"Symmetric","3",3,TRUE,510.160000000003
"623","Y~X:Z",0.231,0.095,0.3,"Mplus",6612,874074,1000,"Symmetric","3",3,TRUE,510.160000000003
"624","X~~Z",0.163,0.073,0.2,"Mplus",6612,874074,1000,"Symmetric","3",3,TRUE,510.160000000003
"625","X=~x1",0.791918213649788,0.0523288860729635,0.8,"MC-OrdPLSc",6613,7916703,200,"Symmetric","5",2,TRUE,19.9700000000012
"626","X=~x2",0.864991947293444,0.0402453906688557,0.8,"MC-OrdPLSc",6613,7916703,200,"Symmetric","5",2,TRUE,19.9700000000012
"627","X=~x3",0.76571788490992,0.0493108770524856,0.8,"MC-OrdPLSc",6613,7916703,200,"Symmetric","5",2,TRUE,19.9700000000012
"628","Z=~z1",0.857568178021773,0.0401396030989391,0.8,"MC-OrdPLSc",6613,7916703,200,"Symmetric","5",2,TRUE,19.9700000000012
"629","Z=~z2",0.823730418489204,0.0508153370964061,0.8,"MC-OrdPLSc",6613,7916703,200,"Symmetric","5",2,TRUE,19.9700000000012
"630","Z=~z3",0.831704889736685,0.0430686805344642,0.8,"MC-OrdPLSc",6613,7916703,200,"Symmetric","5",2,TRUE,19.9700000000012
"631","Y=~y1",0.789711886475811,0.04790723135676,0.8,"MC-OrdPLSc",6613,7916703,200,"Symmetric","5",2,TRUE,19.9700000000012
"632","Y=~y2",0.813258716262177,0.0390926298059944,0.8,"MC-OrdPLSc",6613,7916703,200,"Symmetric","5",2,TRUE,19.9700000000012
"633","Y=~y3",0.781471181516392,0.0585565232342375,0.8,"MC-OrdPLSc",6613,7916703,200,"Symmetric","5",2,TRUE,19.9700000000012
"634","Y~X",0.445458059121656,0.0685134606138778,0.4,"MC-OrdPLSc",6613,7916703,200,"Symmetric","5",2,TRUE,19.9700000000012
"635","Y~Z",0.498124090281224,0.0714774879676748,0.5,"MC-OrdPLSc",6613,7916703,200,"Symmetric","5",2,TRUE,19.9700000000012
"636","Y~X:Z",0.191460142721054,0.070107983748622,0.3,"MC-OrdPLSc",6613,7916703,200,"Symmetric","5",2,TRUE,19.9700000000012
"637","X~~Z",0.102028614983775,0.0964377368934434,0.2,"MC-OrdPLSc",6613,7916703,200,"Symmetric","5",2,TRUE,19.9700000000012
"638","X=~x1",0.906295510761484,0.0907279687712657,0.8,"PLSc",6613,7916703,200,"Symmetric","5",2,TRUE,3.27999999999884
"639","X=~x2",0.649099168949849,0.10439399340094,0.8,"PLSc",6613,7916703,200,"Symmetric","5",2,TRUE,3.27999999999884
"640","X=~x3",0.680069482943219,0.0942346023359802,0.8,"PLSc",6613,7916703,200,"Symmetric","5",2,TRUE,3.27999999999884
"641","Z=~z1",0.8655302524112,0.0605672307518763,0.8,"PLSc",6613,7916703,200,"Symmetric","5",2,TRUE,3.27999999999884
"642","Z=~z2",0.770425268428234,0.0603317913791385,0.8,"PLSc",6613,7916703,200,"Symmetric","5",2,TRUE,3.27999999999884
"643","Z=~z3",0.67708407246139,0.0642419122165218,0.8,"PLSc",6613,7916703,200,"Symmetric","5",2,TRUE,3.27999999999884
"644","Y=~y1",0.73924672297933,0.0549118089161176,0.8,"PLSc",6613,7916703,200,"Symmetric","5",2,TRUE,3.27999999999884
"645","Y=~y2",0.717168331655827,0.0529653190488924,0.8,"PLSc",6613,7916703,200,"Symmetric","5",2,TRUE,3.27999999999884
"646","Y=~y3",0.775666800993072,0.0489975115462273,0.8,"PLSc",6613,7916703,200,"Symmetric","5",2,TRUE,3.27999999999884
"647","Y~X",0.388111927182154,0.0714755287940462,0.4,"PLSc",6613,7916703,200,"Symmetric","5",2,TRUE,3.27999999999884
"648","Y~Z",0.550299998587844,0.0727514174865893,0.5,"PLSc",6613,7916703,200,"Symmetric","5",2,TRUE,3.27999999999884
"649","Y~X:Z",0.429603783275473,0.101243863631157,0.3,"PLSc",6613,7916703,200,"Symmetric","5",2,TRUE,3.27999999999884
"650","X~~Z",0.178848019059931,0.0761792595300663,0.2,"PLSc",6613,7916703,200,"Symmetric","5",2,TRUE,3.27999999999884
"651","X=~x1",0.872006680168295,0.0233964142207235,0.8,"PLS",6613,7916703,200,"Symmetric","5",2,TRUE,1.85999999998603
"652","X=~x2",0.825901077479414,0.0381538641536197,0.8,"PLS",6613,7916703,200,"Symmetric","5",2,TRUE,1.85999999998603
"653","X=~x3",0.818904765116285,0.0369811986425073,0.8,"PLS",6613,7916703,200,"Symmetric","5",2,TRUE,1.85999999998603
"654","Z=~z1",0.870950722379358,0.0175552411003069,0.8,"PLS",6613,7916703,200,"Symmetric","5",2,TRUE,1.85999999998603
"655","Z=~z2",0.868784870958052,0.0182119605414725,0.8,"PLS",6613,7916703,200,"Symmetric","5",2,TRUE,1.85999999998603
"656","Z=~z3",0.822828105762456,0.0275616355410017,0.8,"PLS",6613,7916703,200,"Symmetric","5",2,TRUE,1.85999999998603
"657","Y=~y1",0.841188257109938,0.0260439210662277,0.8,"PLS",6613,7916703,200,"Symmetric","5",2,TRUE,1.85999999998603
"658","Y=~y2",0.821617054759384,0.0265513008716284,0.8,"PLS",6613,7916703,200,"Symmetric","5",2,TRUE,1.85999999998603
"659","Y=~y3",0.850939250374636,0.0224547982394969,0.8,"PLS",6613,7916703,200,"Symmetric","5",2,TRUE,1.85999999998603
"660","Y~X",0.327822717009366,0.0490816012649974,0.4,"PLS",6613,7916703,200,"Symmetric","5",2,TRUE,1.85999999998603
"661","Y~Z",0.458247419525558,0.0517759723180192,0.5,"PLS",6613,7916703,200,"Symmetric","5",2,TRUE,1.85999999998603
"662","Y~X:Z",0.291618067381818,0.0515684419079983,0.3,"PLS",6613,7916703,200,"Symmetric","5",2,TRUE,1.85999999998603
"663","X~~Z",0.147284615575697,0.0633458697572889,0.2,"PLS",6613,7916703,200,"Symmetric","5",2,TRUE,1.85999999998603
"664","X=~x1",0.789,0.048,0.8,"Mplus",6613,7916703,200,"Symmetric","5",2,TRUE,138.429999999993
"665","X=~x2",0.785,0.046,0.8,"Mplus",6613,7916703,200,"Symmetric","5",2,TRUE,138.429999999993
"666","X=~x3",0.774,0.049,0.8,"Mplus",6613,7916703,200,"Symmetric","5",2,TRUE,138.429999999993
"667","Z=~z1",0.807,0.043,0.8,"Mplus",6613,7916703,200,"Symmetric","5",2,TRUE,138.429999999993
"668","Z=~z2",0.842,0.04,0.8,"Mplus",6613,7916703,200,"Symmetric","5",2,TRUE,138.429999999993
"669","Z=~z3",0.753,0.047,0.8,"Mplus",6613,7916703,200,"Symmetric","5",2,TRUE,138.429999999993
"670","Y=~y1",0.803,0.044,0.8,"Mplus",6613,7916703,200,"Symmetric","5",2,TRUE,138.429999999993
"671","Y=~y2",0.734,0.051,0.8,"Mplus",6613,7916703,200,"Symmetric","5",2,TRUE,138.429999999993
"672","Y=~y3",0.823,0.043,0.8,"Mplus",6613,7916703,200,"Symmetric","5",2,TRUE,138.429999999993
"673","Y~X",0.371,0.069,0.4,"Mplus",6613,7916703,200,"Symmetric","5",2,TRUE,138.429999999993
"674","Y~Z",0.572,0.061,0.5,"Mplus",6613,7916703,200,"Symmetric","5",2,TRUE,138.429999999993
"675","Y~X:Z",0.414,0.072,0.3,"Mplus",6613,7916703,200,"Symmetric","5",2,TRUE,138.429999999993
"676","X~~Z",0.153,0.086,0.2,"Mplus",6613,7916703,200,"Symmetric","5",2,TRUE,138.429999999993
"677","X=~x1",0.549798111372236,0.120034709654918,0.5,"MC-OrdPLSc",6614,6242315,200,"Symmetric","5",3,TRUE,23.5199999999968
"678","X=~x2",0.430487749740448,0.116624645861771,0.5,"MC-OrdPLSc",6614,6242315,200,"Symmetric","5",3,TRUE,23.5199999999968
"679","X=~x3",0.640422291351335,0.110589243091894,0.5,"MC-OrdPLSc",6614,6242315,200,"Symmetric","5",3,TRUE,23.5199999999968
"680","Z=~z1",0.536213710458888,0.110781076289784,0.5,"MC-OrdPLSc",6614,6242315,200,"Symmetric","5",3,TRUE,23.5199999999968
"681","Z=~z2",0.655793792522554,0.143575326204153,0.5,"MC-OrdPLSc",6614,6242315,200,"Symmetric","5",3,TRUE,23.5199999999968
"682","Z=~z3",0.430202068897913,0.12893959320189,0.5,"MC-OrdPLSc",6614,6242315,200,"Symmetric","5",3,TRUE,23.5199999999968
"683","Y=~y1",0.451071792879318,0.106503004994291,0.5,"MC-OrdPLSc",6614,6242315,200,"Symmetric","5",3,TRUE,23.5199999999968
"684","Y=~y2",0.444789469008603,0.0978876384531098,0.5,"MC-OrdPLSc",6614,6242315,200,"Symmetric","5",3,TRUE,23.5199999999968
"685","Y=~y3",0.675647276929609,0.10875290289274,0.5,"MC-OrdPLSc",6614,6242315,200,"Symmetric","5",3,TRUE,23.5199999999968
"686","Y~X",0.491464821717269,0.155686079592472,0.4,"MC-OrdPLSc",6614,6242315,200,"Symmetric","5",3,TRUE,23.5199999999968
"687","Y~Z",0.361071025369203,0.145248806440976,0.5,"MC-OrdPLSc",6614,6242315,200,"Symmetric","5",3,TRUE,23.5199999999968
"688","Y~X:Z",0.439878561283366,0.154914547028541,0.3,"MC-OrdPLSc",6614,6242315,200,"Symmetric","5",3,TRUE,23.5199999999968
"689","X~~Z",0.393390411088664,0.137221484494298,0.2,"MC-OrdPLSc",6614,6242315,200,"Symmetric","5",3,TRUE,23.5199999999968
"690","X=~x1",0.537858050607918,0.144370184262558,0.5,"PLSc",6614,6242315,200,"Symmetric","5",3,FALSE,3.88000000000466
"691","X=~x2",0.23362929224928,0.157887168016772,0.5,"PLSc",6614,6242315,200,"Symmetric","5",3,FALSE,3.88000000000466
"692","X=~x3",0.553995363374081,0.157921063708817,0.5,"PLSc",6614,6242315,200,"Symmetric","5",3,FALSE,3.88000000000466
"693","Z=~z1",0.535492383909473,0.131562073708718,0.5,"PLSc",6614,6242315,200,"Symmetric","5",3,FALSE,3.88000000000466
"694","Z=~z2",0.388148325113358,0.129700353956012,0.5,"PLSc",6614,6242315,200,"Symmetric","5",3,FALSE,3.88000000000466
"695","Z=~z3",0.430738292967341,0.149618439400622,0.5,"PLSc",6614,6242315,200,"Symmetric","5",3,FALSE,3.88000000000466
"696","Y=~y1",0.539760233270181,0.10131897048824,0.5,"PLSc",6614,6242315,200,"Symmetric","5",3,FALSE,3.88000000000466
"697","Y=~y2",0.407564452146523,0.111434771303607,0.5,"PLSc",6614,6242315,200,"Symmetric","5",3,FALSE,3.88000000000466
"698","Y=~y3",0.320771441816034,0.111322495267228,0.5,"PLSc",6614,6242315,200,"Symmetric","5",3,FALSE,3.88000000000466
"699","Y~X",0.412126974383995,1.14629264582294,0.4,"PLSc",6614,6242315,200,"Symmetric","5",3,FALSE,3.88000000000466
"700","Y~Z",0.644288988463087,1.5573068638746,0.5,"PLSc",6614,6242315,200,"Symmetric","5",3,FALSE,3.88000000000466
"701","Y~X:Z",0.475177431885031,4.39684152235427,0.3,"PLSc",6614,6242315,200,"Symmetric","5",3,FALSE,3.88000000000466
"702","X~~Z",0.307572073183437,0.193137518406174,0.2,"PLSc",6614,6242315,200,"Symmetric","5",3,FALSE,3.88000000000466
"703","X=~x1",0.740618881990801,0.123529948345304,0.5,"PLS",6614,6242315,200,"Symmetric","5",3,TRUE,2.63999999998487
"704","X=~x2",0.501409570970961,0.173438538873748,0.5,"PLS",6614,6242315,200,"Symmetric","5",3,TRUE,2.63999999998487
"705","X=~x3",0.775690896717024,0.118951344652244,0.5,"PLS",6614,6242315,200,"Symmetric","5",3,TRUE,2.63999999998487
"706","Z=~z1",0.756864190512088,0.10719089322779,0.5,"PLS",6614,6242315,200,"Symmetric","5",3,TRUE,2.63999999998487
"707","Z=~z2",0.628166604195147,0.127908345474955,0.5,"PLS",6614,6242315,200,"Symmetric","5",3,TRUE,2.63999999998487
"708","Z=~z3",0.660519416861931,0.135742918113624,0.5,"PLS",6614,6242315,200,"Symmetric","5",3,TRUE,2.63999999998487
"709","Y=~y1",0.766318266250634,0.0762862000381608,0.5,"PLS",6614,6242315,200,"Symmetric","5",3,TRUE,2.63999999998487
"710","Y=~y2",0.674904992911765,0.0960172162953452,0.5,"PLS",6614,6242315,200,"Symmetric","5",3,TRUE,2.63999999998487
"711","Y=~y3",0.555109888513472,0.131547902038982,0.5,"PLS",6614,6242315,200,"Symmetric","5",3,TRUE,2.63999999998487
"712","Y~X",0.259190482753973,0.0632079707292736,0.4,"PLS",6614,6242315,200,"Symmetric","5",3,TRUE,2.63999999998487
"713","Y~Z",0.273784235318704,0.069042252863172,0.5,"PLS",6614,6242315,200,"Symmetric","5",3,TRUE,2.63999999998487
"714","Y~X:Z",0.0926586293239476,0.0729489278336354,0.3,"PLS",6614,6242315,200,"Symmetric","5",3,TRUE,2.63999999998487
"715","X~~Z",0.141295408894364,0.0697124678560827,0.2,"PLS",6614,6242315,200,"Symmetric","5",3,TRUE,2.63999999998487
"716","X=~x1",0.415,0.108,0.5,"Mplus",6614,6242315,200,"Symmetric","5",3,TRUE,155.720000000001
"717","X=~x2",0.39,0.094,0.5,"Mplus",6614,6242315,200,"Symmetric","5",3,TRUE,155.720000000001
"718","X=~x3",0.627,0.119,0.5,"Mplus",6614,6242315,200,"Symmetric","5",3,TRUE,155.720000000001
"719","Z=~z1",0.536,0.11,0.5,"Mplus",6614,6242315,200,"Symmetric","5",3,TRUE,155.720000000001
"720","Z=~z2",0.4,0.102,0.5,"Mplus",6614,6242315,200,"Symmetric","5",3,TRUE,155.720000000001
"721","Z=~z3",0.429,0.107,0.5,"Mplus",6614,6242315,200,"Symmetric","5",3,TRUE,155.720000000001
"722","Y=~y1",0.496,0.095,0.5,"Mplus",6614,6242315,200,"Symmetric","5",3,TRUE,155.720000000001
"723","Y=~y2",0.44,0.098,0.5,"Mplus",6614,6242315,200,"Symmetric","5",3,TRUE,155.720000000001
"724","Y=~y3",0.357,0.096,0.5,"Mplus",6614,6242315,200,"Symmetric","5",3,TRUE,155.720000000001
"725","Y~X",0.541,0.167,0.4,"Mplus",6614,6242315,200,"Symmetric","5",3,TRUE,155.720000000001
"726","Y~Z",0.59,0.172,0.5,"Mplus",6614,6242315,200,"Symmetric","5",3,TRUE,155.720000000001
"727","Y~X:Z",0.282,0.157,0.3,"Mplus",6614,6242315,200,"Symmetric","5",3,TRUE,155.720000000001
"728","X~~Z",0.272,0.155,0.2,"Mplus",6614,6242315,200,"Symmetric","5",3,TRUE,155.720000000001
"729","X=~x1",0.756806524618558,0.0360525594731468,0.8,"MC-OrdPLSc",6615,8256947,500,"Symmetric","5",2,TRUE,21.6800000000003
"730","X=~x2",0.801265754677084,0.033926608940184,0.8,"MC-OrdPLSc",6615,8256947,500,"Symmetric","5",2,TRUE,21.6800000000003
"731","X=~x3",0.767399036695572,0.0320341498595034,0.8,"MC-OrdPLSc",6615,8256947,500,"Symmetric","5",2,TRUE,21.6800000000003
"732","Z=~z1",0.778609255908311,0.0321848740715949,0.8,"MC-OrdPLSc",6615,8256947,500,"Symmetric","5",2,TRUE,21.6800000000003
"733","Z=~z2",0.785932933747519,0.0314135012777216,0.8,"MC-OrdPLSc",6615,8256947,500,"Symmetric","5",2,TRUE,21.6800000000003
"734","Z=~z3",0.837715991972122,0.0282338888731496,0.8,"MC-OrdPLSc",6615,8256947,500,"Symmetric","5",2,TRUE,21.6800000000003
"735","Y=~y1",0.800900840242073,0.0284277583897246,0.8,"MC-OrdPLSc",6615,8256947,500,"Symmetric","5",2,TRUE,21.6800000000003
"736","Y=~y2",0.838554110261511,0.0272361020720945,0.8,"MC-OrdPLSc",6615,8256947,500,"Symmetric","5",2,TRUE,21.6800000000003
"737","Y=~y3",0.73795612733083,0.0330346845682751,0.8,"MC-OrdPLSc",6615,8256947,500,"Symmetric","5",2,TRUE,21.6800000000003
"738","Y~X",0.395813461587984,0.0481055703257117,0.4,"MC-OrdPLSc",6615,8256947,500,"Symmetric","5",2,TRUE,21.6800000000003
"739","Y~Z",0.463629060488701,0.0535224444598837,0.5,"MC-OrdPLSc",6615,8256947,500,"Symmetric","5",2,TRUE,21.6800000000003
"740","Y~X:Z",0.285463266142832,0.0585020772653559,0.3,"MC-OrdPLSc",6615,8256947,500,"Symmetric","5",2,TRUE,21.6800000000003
"741","X~~Z",0.298976040305943,0.0585142888115712,0.2,"MC-OrdPLSc",6615,8256947,500,"Symmetric","5",2,TRUE,21.6800000000003
"742","X=~x1",0.782419665416186,0.0589423855091016,0.8,"PLSc",6615,8256947,500,"Symmetric","5",2,TRUE,4.69999999998254
"743","X=~x2",0.717146425948921,0.0664867090789404,0.8,"PLSc",6615,8256947,500,"Symmetric","5",2,TRUE,4.69999999998254
"744","X=~x3",0.740312107938044,0.0627728294532476,0.8,"PLSc",6615,8256947,500,"Symmetric","5",2,TRUE,4.69999999998254
"745","Z=~z1",0.745870774526446,0.045888752417446,0.8,"PLSc",6615,8256947,500,"Symmetric","5",2,TRUE,4.69999999998254
"746","Z=~z2",0.762339127811674,0.0443579819960196,0.8,"PLSc",6615,8256947,500,"Symmetric","5",2,TRUE,4.69999999998254
"747","Z=~z3",0.750966498661599,0.0411722418314838,0.8,"PLSc",6615,8256947,500,"Symmetric","5",2,TRUE,4.69999999998254
"748","Y=~y1",0.802399327605356,0.040836036975899,0.8,"PLSc",6615,8256947,500,"Symmetric","5",2,TRUE,4.69999999998254
"749","Y=~y2",0.686724962550752,0.0394668443820059,0.8,"PLSc",6615,8256947,500,"Symmetric","5",2,TRUE,4.69999999998254
"750","Y=~y3",0.759918317477749,0.0349130134490224,0.8,"PLSc",6615,8256947,500,"Symmetric","5",2,TRUE,4.69999999998254
"751","Y~X",0.377234188424825,0.0468974996416214,0.4,"PLSc",6615,8256947,500,"Symmetric","5",2,TRUE,4.69999999998254
"752","Y~Z",0.537608518724211,0.0450711356362854,0.5,"PLSc",6615,8256947,500,"Symmetric","5",2,TRUE,4.69999999998254
"753","Y~X:Z",0.281611337644996,0.0498601987391346,0.3,"PLSc",6615,8256947,500,"Symmetric","5",2,TRUE,4.69999999998254
"754","X~~Z",0.138536169648959,0.0533760057350693,0.2,"PLSc",6615,8256947,500,"Symmetric","5",2,TRUE,4.69999999998254
"755","X=~x1",0.844026822056068,0.0179978525644633,0.8,"PLS",6615,8256947,500,"Symmetric","5",2,TRUE,1.79999999998836
"756","X=~x2",0.83573057003289,0.0209938901011891,0.8,"PLS",6615,8256947,500,"Symmetric","5",2,TRUE,1.79999999998836
"757","X=~x3",0.83950552691151,0.0189539296056143,0.8,"PLS",6615,8256947,500,"Symmetric","5",2,TRUE,1.79999999998836
"758","Z=~z1",0.838811400594036,0.0173613080013186,0.8,"PLS",6615,8256947,500,"Symmetric","5",2,TRUE,1.79999999998836
"759","Z=~z2",0.849635027289819,0.0155290158014911,0.8,"PLS",6615,8256947,500,"Symmetric","5",2,TRUE,1.79999999998836
"760","Z=~z3",0.841810671562844,0.0153230406718997,0.8,"PLS",6615,8256947,500,"Symmetric","5",2,TRUE,1.79999999998836
"761","Y=~y1",0.847910409415953,0.0160058760654053,0.8,"PLS",6615,8256947,500,"Symmetric","5",2,TRUE,1.79999999998836
"762","Y=~y2",0.835406291970611,0.0173225858383456,0.8,"PLS",6615,8256947,500,"Symmetric","5",2,TRUE,1.79999999998836
"763","Y=~y3",0.842542060087407,0.0160574579022819,0.8,"PLS",6615,8256947,500,"Symmetric","5",2,TRUE,1.79999999998836
"764","Y~X",0.307183151294771,0.035131168407471,0.4,"PLS",6615,8256947,500,"Symmetric","5",2,TRUE,1.79999999998836
"765","Y~Z",0.436785756222779,0.0348012150202915,0.5,"PLS",6615,8256947,500,"Symmetric","5",2,TRUE,1.79999999998836
"766","Y~X:Z",0.206467918418394,0.0325380344719255,0.3,"PLS",6615,8256947,500,"Symmetric","5",2,TRUE,1.79999999998836
"767","X~~Z",0.110108215060086,0.0426856359956032,0.2,"PLS",6615,8256947,500,"Symmetric","5",2,TRUE,1.79999999998836
"768","X=~x1",0.762,0.032,0.8,"Mplus",6615,8256947,500,"Symmetric","5",2,TRUE,322.959999999992
"769","X=~x2",0.786,0.031,0.8,"Mplus",6615,8256947,500,"Symmetric","5",2,TRUE,322.959999999992
"770","X=~x3",0.776,0.031,0.8,"Mplus",6615,8256947,500,"Symmetric","5",2,TRUE,322.959999999992
"771","Z=~z1",0.763,0.03,0.8,"Mplus",6615,8256947,500,"Symmetric","5",2,TRUE,322.959999999992
"772","Z=~z2",0.803,0.029,0.8,"Mplus",6615,8256947,500,"Symmetric","5",2,TRUE,322.959999999992
"773","Z=~z3",0.774,0.03,0.8,"Mplus",6615,8256947,500,"Symmetric","5",2,TRUE,322.959999999992
"774","Y=~y1",0.805,0.028,0.8,"Mplus",6615,8256947,500,"Symmetric","5",2,TRUE,322.959999999992
"775","Y=~y2",0.783,0.029,0.8,"Mplus",6615,8256947,500,"Symmetric","5",2,TRUE,322.959999999992
"776","Y=~y3",0.784,0.03,0.8,"Mplus",6615,8256947,500,"Symmetric","5",2,TRUE,322.959999999992
"777","Y~X",0.397,0.045,0.4,"Mplus",6615,8256947,500,"Symmetric","5",2,TRUE,322.959999999992
"778","Y~Z",0.536,0.041,0.5,"Mplus",6615,8256947,500,"Symmetric","5",2,TRUE,322.959999999992
"779","Y~X:Z",0.323,0.046,0.3,"Mplus",6615,8256947,500,"Symmetric","5",2,TRUE,322.959999999992
"780","X~~Z",0.136,0.055,0.2,"Mplus",6615,8256947,500,"Symmetric","5",2,TRUE,322.959999999992
"781","X=~x1",0.413372672166256,0.0868961324119185,0.5,"MC-OrdPLSc",6616,141856,500,"Symmetric","5",3,TRUE,25.9199999999983
"782","X=~x2",0.561532057807733,0.0871567057288755,0.5,"MC-OrdPLSc",6616,141856,500,"Symmetric","5",3,TRUE,25.9199999999983
"783","X=~x3",0.564370521862604,0.0977762954763612,0.5,"MC-OrdPLSc",6616,141856,500,"Symmetric","5",3,TRUE,25.9199999999983
"784","Z=~z1",0.56979933166469,0.114125082770521,0.5,"MC-OrdPLSc",6616,141856,500,"Symmetric","5",3,TRUE,25.9199999999983
"785","Z=~z2",0.376895136902151,0.0936113435361092,0.5,"MC-OrdPLSc",6616,141856,500,"Symmetric","5",3,TRUE,25.9199999999983
"786","Z=~z3",0.411805991012948,0.0935320652177825,0.5,"MC-OrdPLSc",6616,141856,500,"Symmetric","5",3,TRUE,25.9199999999983
"787","Y=~y1",0.588676909045484,0.0657508476108189,0.5,"MC-OrdPLSc",6616,141856,500,"Symmetric","5",3,TRUE,25.9199999999983
"788","Y=~y2",0.402012440224514,0.0754784151058517,0.5,"MC-OrdPLSc",6616,141856,500,"Symmetric","5",3,TRUE,25.9199999999983
"789","Y=~y3",0.508974159488927,0.0811953381407147,0.5,"MC-OrdPLSc",6616,141856,500,"Symmetric","5",3,TRUE,25.9199999999983
"790","Y~X",0.467727538763443,0.093200985081703,0.4,"MC-OrdPLSc",6616,141856,500,"Symmetric","5",3,TRUE,25.9199999999983
"791","Y~Z",0.463340707275027,0.0976599789326754,0.5,"MC-OrdPLSc",6616,141856,500,"Symmetric","5",3,TRUE,25.9199999999983
"792","Y~X:Z",0.324113300823763,0.143841755413882,0.3,"MC-OrdPLSc",6616,141856,500,"Symmetric","5",3,TRUE,25.9199999999983
"793","X~~Z",0.118844326373295,0.100457717883644,0.2,"MC-OrdPLSc",6616,141856,500,"Symmetric","5",3,TRUE,25.9199999999983
"794","X=~x1",0.478406334813682,0.104192794831369,0.5,"PLSc",6616,141856,500,"Symmetric","5",3,TRUE,5.07999999998719
"795","X=~x2",0.662006059230155,0.0987095104690076,0.5,"PLSc",6616,141856,500,"Symmetric","5",3,TRUE,5.07999999998719
"796","X=~x3",0.421721817908756,0.107553115817535,0.5,"PLSc",6616,141856,500,"Symmetric","5",3,TRUE,5.07999999998719
"797","Z=~z1",0.502329962555714,0.0912232857540176,0.5,"PLSc",6616,141856,500,"Symmetric","5",3,TRUE,5.07999999998719
"798","Z=~z2",0.438111512550611,0.0882516788068559,0.5,"PLSc",6616,141856,500,"Symmetric","5",3,TRUE,5.07999999998719
"799","Z=~z3",0.498389601527787,0.088819435274346,0.5,"PLSc",6616,141856,500,"Symmetric","5",3,TRUE,5.07999999998719
"800","Y=~y1",0.345260866084917,0.0782675765284567,0.5,"PLSc",6616,141856,500,"Symmetric","5",3,TRUE,5.07999999998719
"801","Y=~y2",0.496968968292869,0.0673510675226789,0.5,"PLSc",6616,141856,500,"Symmetric","5",3,TRUE,5.07999999998719
"802","Y=~y3",0.499990031939379,0.0685439300159324,0.5,"PLSc",6616,141856,500,"Symmetric","5",3,TRUE,5.07999999998719
"803","Y~X",0.4745864844748,4.89695814299647,0.4,"PLSc",6616,141856,500,"Symmetric","5",3,TRUE,5.07999999998719
"804","Y~Z",0.424023220288696,4.08160651207823,0.5,"PLSc",6616,141856,500,"Symmetric","5",3,TRUE,5.07999999998719
"805","Y~X:Z",0.580001217371253,15.7907782519174,0.3,"PLSc",6616,141856,500,"Symmetric","5",3,TRUE,5.07999999998719
"806","X~~Z",0.24924426601691,0.089070341210312,0.2,"PLSc",6616,141856,500,"Symmetric","5",3,TRUE,5.07999999998719
"807","X=~x1",0.686519755877648,0.0761905001423999,0.5,"PLS",6616,141856,500,"Symmetric","5",3,TRUE,2.29000000000815
"808","X=~x2",0.814143393294814,0.0504474236918652,0.5,"PLS",6616,141856,500,"Symmetric","5",3,TRUE,2.29000000000815
"809","X=~x3",0.628941481387967,0.0846238583678886,0.5,"PLS",6616,141856,500,"Symmetric","5",3,TRUE,2.29000000000815
"810","Z=~z1",0.693926735549956,0.0770105482077324,0.5,"PLS",6616,141856,500,"Symmetric","5",3,TRUE,2.29000000000815
"811","Z=~z2",0.667132005302387,0.0719528441122056,0.5,"PLS",6616,141856,500,"Symmetric","5",3,TRUE,2.29000000000815
"812","Z=~z3",0.730857596169184,0.0617475586630812,0.5,"PLS",6616,141856,500,"Symmetric","5",3,TRUE,2.29000000000815
"813","Y=~y1",0.593948815307937,0.0762277351609685,0.5,"PLS",6616,141856,500,"Symmetric","5",3,TRUE,2.29000000000815
"814","Y=~y2",0.717883875078037,0.0564484225963974,0.5,"PLS",6616,141856,500,"Symmetric","5",3,TRUE,2.29000000000815
"815","Y=~y3",0.729064507078585,0.0577918845441801,0.5,"PLS",6616,141856,500,"Symmetric","5",3,TRUE,2.29000000000815
"816","Y~X",0.22523618187037,0.0436097940301203,0.4,"PLS",6616,141856,500,"Symmetric","5",3,TRUE,2.29000000000815
"817","Y~Z",0.236413213465504,0.0393075687037135,0.5,"PLS",6616,141856,500,"Symmetric","5",3,TRUE,2.29000000000815
"818","Y~X:Z",0.155625909196618,0.0440198509680638,0.3,"PLS",6616,141856,500,"Symmetric","5",3,TRUE,2.29000000000815
"819","X~~Z",0.128141031247051,0.0458495512576853,0.2,"PLS",6616,141856,500,"Symmetric","5",3,TRUE,2.29000000000815
"820","X=~x1",0.51,0.058,0.5,"Mplus",6616,141856,500,"Symmetric","5",3,TRUE,320.580000000016
"821","X=~x2",0.617,0.062,0.5,"Mplus",6616,141856,500,"Symmetric","5",3,TRUE,320.580000000016
"822","X=~x3",0.483,0.059,0.5,"Mplus",6616,141856,500,"Symmetric","5",3,TRUE,320.580000000016
"823","Z=~z1",0.412,0.064,0.5,"Mplus",6616,141856,500,"Symmetric","5",3,TRUE,320.580000000016
"824","Z=~z2",0.471,0.063,0.5,"Mplus",6616,141856,500,"Symmetric","5",3,TRUE,320.580000000016
"825","Z=~z3",0.582,0.068,0.5,"Mplus",6616,141856,500,"Symmetric","5",3,TRUE,320.580000000016
"826","Y=~y1",0.43,0.065,0.5,"Mplus",6616,141856,500,"Symmetric","5",3,TRUE,320.580000000016
"827","Y=~y2",0.44,0.064,0.5,"Mplus",6616,141856,500,"Symmetric","5",3,TRUE,320.580000000016
"828","Y=~y3",0.493,0.063,0.5,"Mplus",6616,141856,500,"Symmetric","5",3,TRUE,320.580000000016
"829","Y~X",0.372,0.099,0.4,"Mplus",6616,141856,500,"Symmetric","5",3,TRUE,320.580000000016
"830","Y~Z",0.437,0.103,0.5,"Mplus",6616,141856,500,"Symmetric","5",3,TRUE,320.580000000016
"831","Y~X:Z",0.445,0.111,0.3,"Mplus",6616,141856,500,"Symmetric","5",3,TRUE,320.580000000016
"832","X~~Z",0.304,0.082,0.2,"Mplus",6616,141856,500,"Symmetric","5",3,TRUE,320.580000000016
"833","X=~x1",0.809733544721767,0.0182505854321785,0.8,"MC-OrdPLSc",6617,3472863,1000,"Symmetric","5",2,TRUE,25.4799999999959
"834","X=~x2",0.813463936115163,0.0212331281540521,0.8,"MC-OrdPLSc",6617,3472863,1000,"Symmetric","5",2,TRUE,25.4799999999959
"835","X=~x3",0.803764729575995,0.0196014705481491,0.8,"MC-OrdPLSc",6617,3472863,1000,"Symmetric","5",2,TRUE,25.4799999999959
"836","Z=~z1",0.829769140143507,0.0179672048106852,0.8,"MC-OrdPLSc",6617,3472863,1000,"Symmetric","5",2,TRUE,25.4799999999959
"837","Z=~z2",0.791275676495128,0.020812182751893,0.8,"MC-OrdPLSc",6617,3472863,1000,"Symmetric","5",2,TRUE,25.4799999999959
"838","Z=~z3",0.761915996084619,0.0211773675414809,0.8,"MC-OrdPLSc",6617,3472863,1000,"Symmetric","5",2,TRUE,25.4799999999959
"839","Y=~y1",0.835789964444167,0.0174048570063616,0.8,"MC-OrdPLSc",6617,3472863,1000,"Symmetric","5",2,TRUE,25.4799999999959
"840","Y=~y2",0.780831705602395,0.0214022691823477,0.8,"MC-OrdPLSc",6617,3472863,1000,"Symmetric","5",2,TRUE,25.4799999999959
"841","Y=~y3",0.794290396570723,0.0192755557803264,0.8,"MC-OrdPLSc",6617,3472863,1000,"Symmetric","5",2,TRUE,25.4799999999959
"842","Y~X",0.435085973358208,0.0321735837622716,0.4,"MC-OrdPLSc",6617,3472863,1000,"Symmetric","5",2,TRUE,25.4799999999959
"843","Y~Z",0.497345913793084,0.0310744958111309,0.5,"MC-OrdPLSc",6617,3472863,1000,"Symmetric","5",2,TRUE,25.4799999999959
"844","Y~X:Z",0.28290371471552,0.0366938937890648,0.3,"MC-OrdPLSc",6617,3472863,1000,"Symmetric","5",2,TRUE,25.4799999999959
"845","X~~Z",0.168756011053988,0.0378646379408309,0.2,"MC-OrdPLSc",6617,3472863,1000,"Symmetric","5",2,TRUE,25.4799999999959
"846","X=~x1",0.838510787352192,0.0317185823367244,0.8,"PLSc",6617,3472863,1000,"Symmetric","5",2,TRUE,6.63999999998487
"847","X=~x2",0.721105672323446,0.0362940041151801,0.8,"PLSc",6617,3472863,1000,"Symmetric","5",2,TRUE,6.63999999998487
"848","X=~x3",0.726578225249214,0.0319281118910176,0.8,"PLSc",6617,3472863,1000,"Symmetric","5",2,TRUE,6.63999999998487
"849","Z=~z1",0.766962994693451,0.0311142513578468,0.8,"PLSc",6617,3472863,1000,"Symmetric","5",2,TRUE,6.63999999998487
"850","Z=~z2",0.728396232129496,0.0325822177954518,0.8,"PLSc",6617,3472863,1000,"Symmetric","5",2,TRUE,6.63999999998487
"851","Z=~z3",0.785158997059782,0.032974067471821,0.8,"PLSc",6617,3472863,1000,"Symmetric","5",2,TRUE,6.63999999998487
"852","Y=~y1",0.767757045124922,0.0229202546439419,0.8,"PLSc",6617,3472863,1000,"Symmetric","5",2,TRUE,6.63999999998487
"853","Y=~y2",0.78434813419821,0.0237995799680865,0.8,"PLSc",6617,3472863,1000,"Symmetric","5",2,TRUE,6.63999999998487
"854","Y=~y3",0.767358607139543,0.0232460911591617,0.8,"PLSc",6617,3472863,1000,"Symmetric","5",2,TRUE,6.63999999998487
"855","Y~X",0.43324989755816,0.0323604653130166,0.4,"PLSc",6617,3472863,1000,"Symmetric","5",2,TRUE,6.63999999998487
"856","Y~Z",0.512057408653295,0.0286332560320339,0.5,"PLSc",6617,3472863,1000,"Symmetric","5",2,TRUE,6.63999999998487
"857","Y~X:Z",0.325808708255946,0.0360681633264612,0.3,"PLSc",6617,3472863,1000,"Symmetric","5",2,TRUE,6.63999999998487
"858","X~~Z",0.210705299593379,0.0382496393586439,0.2,"PLSc",6617,3472863,1000,"Symmetric","5",2,TRUE,6.63999999998487
"859","X=~x1",0.867124690370917,0.00919447019724582,0.8,"PLS",6617,3472863,1000,"Symmetric","5",2,TRUE,1.80999999999767
"860","X=~x2",0.84290709312479,0.012916467806391,0.8,"PLS",6617,3472863,1000,"Symmetric","5",2,TRUE,1.80999999999767
"861","X=~x3",0.83632930621772,0.0113815809451229,0.8,"PLS",6617,3472863,1000,"Symmetric","5",2,TRUE,1.80999999999767
"862","Z=~z1",0.846521132610165,0.0115952998478407,0.8,"PLS",6617,3472863,1000,"Symmetric","5",2,TRUE,1.80999999999767
"863","Z=~z2",0.845334314689842,0.0116483919630146,0.8,"PLS",6617,3472863,1000,"Symmetric","5",2,TRUE,1.80999999999767
"864","Z=~z3",0.851581626825379,0.0109327046849768,0.8,"PLS",6617,3472863,1000,"Symmetric","5",2,TRUE,1.80999999999767
"865","Y=~y1",0.856365380153693,0.00989512659651046,0.8,"PLS",6617,3472863,1000,"Symmetric","5",2,TRUE,1.80999999999767
"866","Y=~y2",0.851940572007596,0.0096186789759583,0.8,"PLS",6617,3472863,1000,"Symmetric","5",2,TRUE,1.80999999999767
"867","Y=~y3",0.85827143480062,0.00950458467429106,0.8,"PLS",6617,3472863,1000,"Symmetric","5",2,TRUE,1.80999999999767
"868","Y~X",0.369635024517488,0.0251122660709068,0.4,"PLS",6617,3472863,1000,"Symmetric","5",2,TRUE,1.80999999999767
"869","Y~Z",0.417380928060415,0.0216823088981664,0.5,"PLS",6617,3472863,1000,"Symmetric","5",2,TRUE,1.80999999999767
"870","Y~X:Z",0.237462183241558,0.0221860409349347,0.3,"PLS",6617,3472863,1000,"Symmetric","5",2,TRUE,1.80999999999767
"871","X~~Z",0.170444152780691,0.031292906113568,0.2,"PLS",6617,3472863,1000,"Symmetric","5",2,TRUE,1.80999999999767
"872","X=~x1",0.81,0.02,0.8,"Mplus",6617,3472863,1000,"Symmetric","5",2,TRUE,603.199999999983
"873","X=~x2",0.791,0.02,0.8,"Mplus",6617,3472863,1000,"Symmetric","5",2,TRUE,603.199999999983
"874","X=~x3",0.769,0.021,0.8,"Mplus",6617,3472863,1000,"Symmetric","5",2,TRUE,603.199999999983
"875","Z=~z1",0.788,0.02,0.8,"Mplus",6617,3472863,1000,"Symmetric","5",2,TRUE,603.199999999983
"876","Z=~z2",0.797,0.02,0.8,"Mplus",6617,3472863,1000,"Symmetric","5",2,TRUE,603.199999999983
"877","Z=~z3",0.791,0.02,0.8,"Mplus",6617,3472863,1000,"Symmetric","5",2,TRUE,603.199999999983
"878","Y=~y1",0.812,0.019,0.8,"Mplus",6617,3472863,1000,"Symmetric","5",2,TRUE,603.199999999983
"879","Y=~y2",0.809,0.019,0.8,"Mplus",6617,3472863,1000,"Symmetric","5",2,TRUE,603.199999999983
"880","Y=~y3",0.823,0.018,0.8,"Mplus",6617,3472863,1000,"Symmetric","5",2,TRUE,603.199999999983
"881","Y~X",0.435,0.03,0.4,"Mplus",6617,3472863,1000,"Symmetric","5",2,TRUE,603.199999999983
"882","Y~Z",0.491,0.029,0.5,"Mplus",6617,3472863,1000,"Symmetric","5",2,TRUE,603.199999999983
"883","Y~X:Z",0.344,0.03,0.3,"Mplus",6617,3472863,1000,"Symmetric","5",2,TRUE,603.199999999983
"884","X~~Z",0.213,0.038,0.2,"Mplus",6617,3472863,1000,"Symmetric","5",2,TRUE,603.199999999983
"885","X=~x1",0.554576068438081,0.0600480580670276,0.5,"MC-OrdPLSc",6618,3760912,1000,"Symmetric","5",3,TRUE,27.8099999999977
"886","X=~x2",0.461869401356421,0.0582091909653183,0.5,"MC-OrdPLSc",6618,3760912,1000,"Symmetric","5",3,TRUE,27.8099999999977
"887","X=~x3",0.56344569358186,0.0573646522113615,0.5,"MC-OrdPLSc",6618,3760912,1000,"Symmetric","5",3,TRUE,27.8099999999977
"888","Z=~z1",0.490369687311008,0.0646159003876637,0.5,"MC-OrdPLSc",6618,3760912,1000,"Symmetric","5",3,TRUE,27.8099999999977
"889","Z=~z2",0.464434312435903,0.053291580922269,0.5,"MC-OrdPLSc",6618,3760912,1000,"Symmetric","5",3,TRUE,27.8099999999977
"890","Z=~z3",0.575707713681762,0.052303070969015,0.5,"MC-OrdPLSc",6618,3760912,1000,"Symmetric","5",3,TRUE,27.8099999999977
"891","Y=~y1",0.519251971737561,0.0462560493213864,0.5,"MC-OrdPLSc",6618,3760912,1000,"Symmetric","5",3,TRUE,27.8099999999977
"892","Y=~y2",0.553494953261854,0.0489922242770643,0.5,"MC-OrdPLSc",6618,3760912,1000,"Symmetric","5",3,TRUE,27.8099999999977
"893","Y=~y3",0.474289212015837,0.0437401654469804,0.5,"MC-OrdPLSc",6618,3760912,1000,"Symmetric","5",3,TRUE,27.8099999999977
"894","Y~X",0.483196982956029,0.0583763728326608,0.4,"MC-OrdPLSc",6618,3760912,1000,"Symmetric","5",3,TRUE,27.8099999999977
"895","Y~Z",0.47125020663305,0.0605346563324601,0.5,"MC-OrdPLSc",6618,3760912,1000,"Symmetric","5",3,TRUE,27.8099999999977
"896","Y~X:Z",0.143421887940054,0.0892868263499014,0.3,"MC-OrdPLSc",6618,3760912,1000,"Symmetric","5",3,TRUE,27.8099999999977
"897","X~~Z",0.103584446202091,0.0613558474166033,0.2,"MC-OrdPLSc",6618,3760912,1000,"Symmetric","5",3,TRUE,27.8099999999977
"898","X=~x1",0.605591152511189,0.0773863586969496,0.5,"PLSc",6618,3760912,1000,"Symmetric","5",3,TRUE,7.16000000000349
"899","X=~x2",0.409708391754513,0.0768333032912936,0.5,"PLSc",6618,3760912,1000,"Symmetric","5",3,TRUE,7.16000000000349
"900","X=~x3",0.423737265832175,0.0801510476171714,0.5,"PLSc",6618,3760912,1000,"Symmetric","5",3,TRUE,7.16000000000349
"901","Z=~z1",0.519641412469041,0.0519720452303232,0.5,"PLSc",6618,3760912,1000,"Symmetric","5",3,TRUE,7.16000000000349
"902","Z=~z2",0.38931611179852,0.0618730457612963,0.5,"PLSc",6618,3760912,1000,"Symmetric","5",3,TRUE,7.16000000000349
"903","Z=~z3",0.481315543307866,0.0514409897409034,0.5,"PLSc",6618,3760912,1000,"Symmetric","5",3,TRUE,7.16000000000349
"904","Y=~y1",0.451987789784708,0.0489312730343114,0.5,"PLSc",6618,3760912,1000,"Symmetric","5",3,TRUE,7.16000000000349
"905","Y=~y2",0.534096033747548,0.0473058232744204,0.5,"PLSc",6618,3760912,1000,"Symmetric","5",3,TRUE,7.16000000000349
"906","Y=~y3",0.458000615480371,0.0516437406812996,0.5,"PLSc",6618,3760912,1000,"Symmetric","5",3,TRUE,7.16000000000349
"907","Y~X",0.299569390668218,0.105945833001063,0.4,"PLSc",6618,3760912,1000,"Symmetric","5",3,TRUE,7.16000000000349
"908","Y~Z",0.506525509858755,0.0968450124909448,0.5,"PLSc",6618,3760912,1000,"Symmetric","5",3,TRUE,7.16000000000349
"909","Y~X:Z",0.324675200977307,0.337488611617598,0.3,"PLSc",6618,3760912,1000,"Symmetric","5",3,TRUE,7.16000000000349
"910","X~~Z",0.193313454428019,0.0664601453937244,0.2,"PLSc",6618,3760912,1000,"Symmetric","5",3,TRUE,7.16000000000349
"911","X=~x1",0.790841169568902,0.0491081329044105,0.5,"PLS",6618,3760912,1000,"Symmetric","5",3,TRUE,1.97999999998137
"912","X=~x2",0.632332206900468,0.067336637863751,0.5,"PLS",6618,3760912,1000,"Symmetric","5",3,TRUE,1.97999999998137
"913","X=~x3",0.652585186655528,0.0650365696040765,0.5,"PLS",6618,3760912,1000,"Symmetric","5",3,TRUE,1.97999999998137
"914","Z=~z1",0.733861900600517,0.0412334796403444,0.5,"PLS",6618,3760912,1000,"Symmetric","5",3,TRUE,1.97999999998137
"915","Z=~z2",0.637573916912342,0.0536015481271204,0.5,"PLS",6618,3760912,1000,"Symmetric","5",3,TRUE,1.97999999998137
"916","Z=~z3",0.696083233479114,0.0450731286565949,0.5,"PLS",6618,3760912,1000,"Symmetric","5",3,TRUE,1.97999999998137
"917","Y=~y1",0.670015394323909,0.0405855580148275,0.5,"PLS",6618,3760912,1000,"Symmetric","5",3,TRUE,1.97999999998137
"918","Y=~y2",0.742046881403104,0.0334619393493542,0.5,"PLS",6618,3760912,1000,"Symmetric","5",3,TRUE,1.97999999998137
"919","Y=~y3",0.679924864905179,0.0415755192466479,0.5,"PLS",6618,3760912,1000,"Symmetric","5",3,TRUE,1.97999999998137
"920","Y~X",0.192157675219534,0.0273456361000143,0.4,"PLS",6618,3760912,1000,"Symmetric","5",3,TRUE,1.97999999998137
"921","Y~Z",0.267065133951685,0.0289475358120916,0.5,"PLS",6618,3760912,1000,"Symmetric","5",3,TRUE,1.97999999998137
"922","Y~X:Z",0.116333554868999,0.0294234904135017,0.3,"PLS",6618,3760912,1000,"Symmetric","5",3,TRUE,1.97999999998137
"923","X~~Z",0.0921576469333726,0.03102186371293,0.2,"PLS",6618,3760912,1000,"Symmetric","5",3,TRUE,1.97999999998137
"924","X=~x1",0.525,0.05,0.5,"Mplus",6618,3760912,1000,"Symmetric","5",3,TRUE,676
"925","X=~x2",0.446,0.046,0.5,"Mplus",6618,3760912,1000,"Symmetric","5",3,TRUE,676
"926","X=~x3",0.505,0.049,0.5,"Mplus",6618,3760912,1000,"Symmetric","5",3,TRUE,676
"927","Z=~z1",0.506,0.047,0.5,"Mplus",6618,3760912,1000,"Symmetric","5",3,TRUE,676
"928","Z=~z2",0.459,0.045,0.5,"Mplus",6618,3760912,1000,"Symmetric","5",3,TRUE,676
"929","Z=~z3",0.462,0.047,0.5,"Mplus",6618,3760912,1000,"Symmetric","5",3,TRUE,676
"930","Y=~y1",0.464,0.043,0.5,"Mplus",6618,3760912,1000,"Symmetric","5",3,TRUE,676
"931","Y=~y2",0.537,0.044,0.5,"Mplus",6618,3760912,1000,"Symmetric","5",3,TRUE,676
"932","Y=~y3",0.456,0.043,0.5,"Mplus",6618,3760912,1000,"Symmetric","5",3,TRUE,676
"933","Y~X",0.337,0.066,0.4,"Mplus",6618,3760912,1000,"Symmetric","5",3,TRUE,676
"934","Y~Z",0.544,0.064,0.5,"Mplus",6618,3760912,1000,"Symmetric","5",3,TRUE,676
"935","Y~X:Z",0.306,0.079,0.3,"Mplus",6618,3760912,1000,"Symmetric","5",3,TRUE,676
"936","X~~Z",0.184,0.066,0.2,"Mplus",6618,3760912,1000,"Symmetric","5",3,TRUE,676
"937","X=~x1",0.825729395244799,0.0392981878702365,0.8,"MC-OrdPLSc",6619,5931298,200,"Symmetric","7",2,TRUE,25.6500000000015
"938","X=~x2",0.735713657556957,0.0715981333025045,0.8,"MC-OrdPLSc",6619,5931298,200,"Symmetric","7",2,TRUE,25.6500000000015
"939","X=~x3",0.797940475848239,0.0518718952126992,0.8,"MC-OrdPLSc",6619,5931298,200,"Symmetric","7",2,TRUE,25.6500000000015
"940","Z=~z1",0.859919669052115,0.0326334157219494,0.8,"MC-OrdPLSc",6619,5931298,200,"Symmetric","7",2,TRUE,25.6500000000015
"941","Z=~z2",0.809661177650164,0.0380007834619201,0.8,"MC-OrdPLSc",6619,5931298,200,"Symmetric","7",2,TRUE,25.6500000000015
"942","Z=~z3",0.814320513108771,0.0430944013867523,0.8,"MC-OrdPLSc",6619,5931298,200,"Symmetric","7",2,TRUE,25.6500000000015
"943","Y=~y1",0.817348220106353,0.0477661276426433,0.8,"MC-OrdPLSc",6619,5931298,200,"Symmetric","7",2,TRUE,25.6500000000015
"944","Y=~y2",0.78411973366566,0.0411108652609471,0.8,"MC-OrdPLSc",6619,5931298,200,"Symmetric","7",2,TRUE,25.6500000000015
"945","Y=~y3",0.837379418673626,0.0385890569485036,0.8,"MC-OrdPLSc",6619,5931298,200,"Symmetric","7",2,TRUE,25.6500000000015
"946","Y~X",0.396200322112942,0.0598149233002999,0.4,"MC-OrdPLSc",6619,5931298,200,"Symmetric","7",2,TRUE,25.6500000000015
"947","Y~Z",0.531685411796112,0.062333195682508,0.5,"MC-OrdPLSc",6619,5931298,200,"Symmetric","7",2,TRUE,25.6500000000015
"948","Y~X:Z",0.398050774096871,0.0752267148327672,0.3,"MC-OrdPLSc",6619,5931298,200,"Symmetric","7",2,TRUE,25.6500000000015
"949","X~~Z",0.10495108421556,0.0785916547849036,0.2,"MC-OrdPLSc",6619,5931298,200,"Symmetric","7",2,TRUE,25.6500000000015
"950","X=~x1",0.879055292334711,0.0617774221664924,0.8,"PLSc",6619,5931298,200,"Symmetric","7",2,TRUE,3.25
"951","X=~x2",0.745960450035204,0.064602441826392,0.8,"PLSc",6619,5931298,200,"Symmetric","7",2,TRUE,3.25
"952","X=~x3",0.668520732663872,0.0652602410724147,0.8,"PLSc",6619,5931298,200,"Symmetric","7",2,TRUE,3.25
"953","Z=~z1",0.713281832843584,0.0652596490008592,0.8,"PLSc",6619,5931298,200,"Symmetric","7",2,TRUE,3.25
"954","Z=~z2",0.857097054708193,0.0608942346430501,0.8,"PLSc",6619,5931298,200,"Symmetric","7",2,TRUE,3.25
"955","Z=~z3",0.746193179317431,0.0656621790121996,0.8,"PLSc",6619,5931298,200,"Symmetric","7",2,TRUE,3.25
"956","Y=~y1",0.705547286259622,0.0574472765729421,0.8,"PLSc",6619,5931298,200,"Symmetric","7",2,TRUE,3.25
"957","Y=~y2",0.871731615093816,0.0376017539231384,0.8,"PLSc",6619,5931298,200,"Symmetric","7",2,TRUE,3.25
"958","Y=~y3",0.834726998515748,0.0461271577646636,0.8,"PLSc",6619,5931298,200,"Symmetric","7",2,TRUE,3.25
"959","Y~X",0.529192096196529,0.0726842055243431,0.4,"PLSc",6619,5931298,200,"Symmetric","7",2,TRUE,3.25
"960","Y~Z",0.507720121658652,0.084879895636964,0.5,"PLSc",6619,5931298,200,"Symmetric","7",2,TRUE,3.25
"961","Y~X:Z",0.337610406997213,0.107569484461627,0.3,"PLSc",6619,5931298,200,"Symmetric","7",2,TRUE,3.25
"962","X~~Z",0.270564700902864,0.0847306282925876,0.2,"PLSc",6619,5931298,200,"Symmetric","7",2,TRUE,3.25
"963","X=~x1",0.873867848987263,0.0178430891881681,0.8,"PLS",6619,5931298,200,"Symmetric","7",2,TRUE,1.8300000000163
"964","X=~x2",0.837336293962351,0.0238131990477533,0.8,"PLS",6619,5931298,200,"Symmetric","7",2,TRUE,1.8300000000163
"965","X=~x3",0.841794025403836,0.027963286511027,0.8,"PLS",6619,5931298,200,"Symmetric","7",2,TRUE,1.8300000000163
"966","Z=~z1",0.843850270928735,0.0256097773521272,0.8,"PLS",6619,5931298,200,"Symmetric","7",2,TRUE,1.8300000000163
"967","Z=~z2",0.865696583230717,0.0188233750010172,0.8,"PLS",6619,5931298,200,"Symmetric","7",2,TRUE,1.8300000000163
"968","Z=~z3",0.85651189615683,0.0263066052969948,0.8,"PLS",6619,5931298,200,"Symmetric","7",2,TRUE,1.8300000000163
"969","Y=~y1",0.853484558923193,0.0253784348026542,0.8,"PLS",6619,5931298,200,"Symmetric","7",2,TRUE,1.8300000000163
"970","Y=~y2",0.90139810657573,0.0118281970184064,0.8,"PLS",6619,5931298,200,"Symmetric","7",2,TRUE,1.8300000000163
"971","Y=~y3",0.868309153722585,0.0195146807318169,0.8,"PLS",6619,5931298,200,"Symmetric","7",2,TRUE,1.8300000000163
"972","Y~X",0.450585733756566,0.0492928752295345,0.4,"PLS",6619,5931298,200,"Symmetric","7",2,TRUE,1.8300000000163
"973","Y~Z",0.430954657962258,0.05631698604698,0.5,"PLS",6619,5931298,200,"Symmetric","7",2,TRUE,1.8300000000163
"974","Y~X:Z",0.232294805561989,0.0445288911785208,0.3,"PLS",6619,5931298,200,"Symmetric","7",2,TRUE,1.8300000000163
"975","X~~Z",0.22308242486625,0.0713652087147881,0.2,"PLS",6619,5931298,200,"Symmetric","7",2,TRUE,1.8300000000163
"976","X=~x1",0.788,0.044,0.8,"Mplus",6619,5931298,200,"Symmetric","7",2,TRUE,140.319999999978
"977","X=~x2",0.752,0.046,0.8,"Mplus",6619,5931298,200,"Symmetric","7",2,TRUE,140.319999999978
"978","X=~x3",0.792,0.043,0.8,"Mplus",6619,5931298,200,"Symmetric","7",2,TRUE,140.319999999978
"979","Z=~z1",0.788,0.041,0.8,"Mplus",6619,5931298,200,"Symmetric","7",2,TRUE,140.319999999978
"980","Z=~z2",0.776,0.043,0.8,"Mplus",6619,5931298,200,"Symmetric","7",2,TRUE,140.319999999978
"981","Z=~z3",0.824,0.038,0.8,"Mplus",6619,5931298,200,"Symmetric","7",2,TRUE,140.319999999978
"982","Y=~y1",0.812,0.038,0.8,"Mplus",6619,5931298,200,"Symmetric","7",2,TRUE,140.319999999978
"983","Y=~y2",0.89,0.029,0.8,"Mplus",6619,5931298,200,"Symmetric","7",2,TRUE,140.319999999978
"984","Y=~y3",0.823,0.037,0.8,"Mplus",6619,5931298,200,"Symmetric","7",2,TRUE,140.319999999978
"985","Y~X",0.492,0.06,0.4,"Mplus",6619,5931298,200,"Symmetric","7",2,TRUE,140.319999999978
"986","Y~Z",0.495,0.058,0.5,"Mplus",6619,5931298,200,"Symmetric","7",2,TRUE,140.319999999978
"987","Y~X:Z",0.349,0.068,0.3,"Mplus",6619,5931298,200,"Symmetric","7",2,TRUE,140.319999999978
"988","X~~Z",0.243,0.083,0.2,"Mplus",6619,5931298,200,"Symmetric","7",2,TRUE,140.319999999978
"989","X=~x1",0.520118685208874,0.12361450384835,0.5,"MC-OrdPLSc",6620,9257114,200,"Symmetric","7",3,TRUE,30.5800000000017
"990","X=~x2",0.454756012658872,0.152720976652145,0.5,"MC-OrdPLSc",6620,9257114,200,"Symmetric","7",3,TRUE,30.5800000000017
"991","X=~x3",0.400587398133294,0.138133332079246,0.5,"MC-OrdPLSc",6620,9257114,200,"Symmetric","7",3,TRUE,30.5800000000017
"992","Z=~z1",0.611918833393384,0.138564543483589,0.5,"MC-OrdPLSc",6620,9257114,200,"Symmetric","7",3,TRUE,30.5800000000017
"993","Z=~z2",0.702219713027503,0.166228647853182,0.5,"MC-OrdPLSc",6620,9257114,200,"Symmetric","7",3,TRUE,30.5800000000017
"994","Z=~z3",0.421410072694885,0.144416110845788,0.5,"MC-OrdPLSc",6620,9257114,200,"Symmetric","7",3,TRUE,30.5800000000017
"995","Y=~y1",0.500472429252264,0.125392904947605,0.5,"MC-OrdPLSc",6620,9257114,200,"Symmetric","7",3,TRUE,30.5800000000017
"996","Y=~y2",0.403557256232289,0.120241479706614,0.5,"MC-OrdPLSc",6620,9257114,200,"Symmetric","7",3,TRUE,30.5800000000017
"997","Y=~y3",0.660394440398971,0.102351010560291,0.5,"MC-OrdPLSc",6620,9257114,200,"Symmetric","7",3,TRUE,30.5800000000017
"998","Y~X",0.60584664823672,0.15710607008208,0.4,"MC-OrdPLSc",6620,9257114,200,"Symmetric","7",3,TRUE,30.5800000000017
"999","Y~Z",0.315795323201135,0.148015679073966,0.5,"MC-OrdPLSc",6620,9257114,200,"Symmetric","7",3,TRUE,30.5800000000017
"1000","Y~X:Z",0.407857780087512,0.196406690396653,0.3,"MC-OrdPLSc",6620,9257114,200,"Symmetric","7",3,TRUE,30.5800000000017
"1001","X~~Z",0.225676603704186,0.122640490174281,0.2,"MC-OrdPLSc",6620,9257114,200,"Symmetric","7",3,TRUE,30.5800000000017
"1002","X=~x1",0.623587626028276,0.154722366527034,0.5,"PLSc",6620,9257114,200,"Symmetric","7",3,FALSE,3.5800000000163
"1003","X=~x2",0.50434174759847,0.171538617670511,0.5,"PLSc",6620,9257114,200,"Symmetric","7",3,FALSE,3.5800000000163
"1004","X=~x3",0.411292891399819,0.162638367708591,0.5,"PLSc",6620,9257114,200,"Symmetric","7",3,FALSE,3.5800000000163
"1005","Z=~z1",0.737791248286752,0.13662380903009,0.5,"PLSc",6620,9257114,200,"Symmetric","7",3,FALSE,3.5800000000163
"1006","Z=~z2",0.240087503339364,0.165896014722566,0.5,"PLSc",6620,9257114,200,"Symmetric","7",3,FALSE,3.5800000000163
"1007","Z=~z3",0.504016109936869,0.120965509713717,0.5,"PLSc",6620,9257114,200,"Symmetric","7",3,FALSE,3.5800000000163
"1008","Y=~y1",0.301381825270308,0.119580740150755,0.5,"PLSc",6620,9257114,200,"Symmetric","7",3,FALSE,3.5800000000163
"1009","Y=~y2",0.638744326578957,0.0945389781555313,0.5,"PLSc",6620,9257114,200,"Symmetric","7",3,FALSE,3.5800000000163
"1010","Y=~y3",0.539290713798526,0.0913275563780989,0.5,"PLSc",6620,9257114,200,"Symmetric","7",3,FALSE,3.5800000000163
"1011","Y~X",0.738498527591231,7.37476970878203,0.4,"PLSc",6620,9257114,200,"Symmetric","7",3,FALSE,3.5800000000163
"1012","Y~Z",0.719383524642347,19.9332346346403,0.5,"PLSc",6620,9257114,200,"Symmetric","7",3,FALSE,3.5800000000163
"1013","Y~X:Z",0.834445395077504,25.276904475047,0.3,"PLSc",6620,9257114,200,"Symmetric","7",3,FALSE,3.5800000000163
"1014","X~~Z",0.331458108227797,0.142715801819174,0.2,"PLSc",6620,9257114,200,"Symmetric","7",3,FALSE,3.5800000000163
"1015","X=~x1",0.779411087497791,0.106317817869393,0.5,"PLS",6620,9257114,200,"Symmetric","7",3,TRUE,2.47000000000116
"1016","X=~x2",0.692851452538296,0.139101504153828,0.5,"PLS",6620,9257114,200,"Symmetric","7",3,TRUE,2.47000000000116
"1017","X=~x3",0.662804755191018,0.119955708203003,0.5,"PLS",6620,9257114,200,"Symmetric","7",3,TRUE,2.47000000000116
"1018","Z=~z1",0.853356029063474,0.0578591651944701,0.5,"PLS",6620,9257114,200,"Symmetric","7",3,TRUE,2.47000000000116
"1019","Z=~z2",0.560764393001083,0.147041331187345,0.5,"PLS",6620,9257114,200,"Symmetric","7",3,TRUE,2.47000000000116
"1020","Z=~z3",0.679320548710234,0.102833085899783,0.5,"PLS",6620,9257114,200,"Symmetric","7",3,TRUE,2.47000000000116
"1021","Y=~y1",0.542281797100858,0.113315721128197,0.5,"PLS",6620,9257114,200,"Symmetric","7",3,TRUE,2.47000000000116
"1022","Y=~y2",0.806288770608031,0.0552784781682331,0.5,"PLS",6620,9257114,200,"Symmetric","7",3,TRUE,2.47000000000116
"1023","Y=~y3",0.733860549433475,0.0697121610094804,0.5,"PLS",6620,9257114,200,"Symmetric","7",3,TRUE,2.47000000000116
"1024","Y~X",0.231219672881774,0.0630148454344113,0.4,"PLS",6620,9257114,200,"Symmetric","7",3,TRUE,2.47000000000116
"1025","Y~Z",0.319075601319835,0.0660225506776592,0.5,"PLS",6620,9257114,200,"Symmetric","7",3,TRUE,2.47000000000116
"1026","Y~X:Z",0.0941858828010098,0.0783643758441613,0.3,"PLS",6620,9257114,200,"Symmetric","7",3,TRUE,2.47000000000116
"1027","X~~Z",0.187976086260855,0.0698250988793339,0.2,"PLS",6620,9257114,200,"Symmetric","7",3,TRUE,2.47000000000116
"1028","X=~x1",0.53,0.091,0.5,"Mplus",6620,9257114,200,"Symmetric","7",3,TRUE,146.309999999998
"1029","X=~x2",0.503,0.094,0.5,"Mplus",6620,9257114,200,"Symmetric","7",3,TRUE,146.309999999998
"1030","X=~x3",0.533,0.089,0.5,"Mplus",6620,9257114,200,"Symmetric","7",3,TRUE,146.309999999998
"1031","Z=~z1",0.716,0.094,0.5,"Mplus",6620,9257114,200,"Symmetric","7",3,TRUE,146.309999999998
"1032","Z=~z2",0.44,0.087,0.5,"Mplus",6620,9257114,200,"Symmetric","7",3,TRUE,146.309999999998
"1033","Z=~z3",0.395,0.092,0.5,"Mplus",6620,9257114,200,"Symmetric","7",3,TRUE,146.309999999998
"1034","Y=~y1",0.418,0.093,0.5,"Mplus",6620,9257114,200,"Symmetric","7",3,TRUE,146.309999999998
"1035","Y=~y2",0.587,0.093,0.5,"Mplus",6620,9257114,200,"Symmetric","7",3,TRUE,146.309999999998
"1036","Y=~y3",0.521,0.091,0.5,"Mplus",6620,9257114,200,"Symmetric","7",3,TRUE,146.309999999998
"1037","Y~X",0.37,0.142,0.4,"Mplus",6620,9257114,200,"Symmetric","7",3,TRUE,146.309999999998
"1038","Y~Z",0.502,0.138,0.5,"Mplus",6620,9257114,200,"Symmetric","7",3,TRUE,146.309999999998
"1039","Y~X:Z",0.335,0.18,0.3,"Mplus",6620,9257114,200,"Symmetric","7",3,TRUE,146.309999999998
"1040","X~~Z",0.385,0.12,0.2,"Mplus",6620,9257114,200,"Symmetric","7",3,TRUE,146.309999999998
"1041","X=~x1",0.767946116651498,0.0354650422233585,0.8,"MC-OrdPLSc",6621,1931678,500,"Symmetric","7",2,TRUE,27.1100000000006
"1042","X=~x2",0.845044954324231,0.0291049354581216,0.8,"MC-OrdPLSc",6621,1931678,500,"Symmetric","7",2,TRUE,27.1100000000006
"1043","X=~x3",0.779192491023889,0.031856706483264,0.8,"MC-OrdPLSc",6621,1931678,500,"Symmetric","7",2,TRUE,27.1100000000006
"1044","Z=~z1",0.795269684161491,0.026298277420799,0.8,"MC-OrdPLSc",6621,1931678,500,"Symmetric","7",2,TRUE,27.1100000000006
"1045","Z=~z2",0.78371647513907,0.0344536196322811,0.8,"MC-OrdPLSc",6621,1931678,500,"Symmetric","7",2,TRUE,27.1100000000006
"1046","Z=~z3",0.764097798727262,0.029187842881654,0.8,"MC-OrdPLSc",6621,1931678,500,"Symmetric","7",2,TRUE,27.1100000000006
"1047","Y=~y1",0.781474995940852,0.0291135030462674,0.8,"MC-OrdPLSc",6621,1931678,500,"Symmetric","7",2,TRUE,27.1100000000006
"1048","Y=~y2",0.80461019133189,0.026167725884025,0.8,"MC-OrdPLSc",6621,1931678,500,"Symmetric","7",2,TRUE,27.1100000000006
"1049","Y=~y3",0.826715770001454,0.0253016362099894,0.8,"MC-OrdPLSc",6621,1931678,500,"Symmetric","7",2,TRUE,27.1100000000006
"1050","Y~X",0.335993343584526,0.0479419399198714,0.4,"MC-OrdPLSc",6621,1931678,500,"Symmetric","7",2,TRUE,27.1100000000006
"1051","Y~Z",0.524409237206082,0.0415104973051443,0.5,"MC-OrdPLSc",6621,1931678,500,"Symmetric","7",2,TRUE,27.1100000000006
"1052","Y~X:Z",0.339062123034638,0.0527258745587992,0.3,"MC-OrdPLSc",6621,1931678,500,"Symmetric","7",2,TRUE,27.1100000000006
"1053","X~~Z",0.194767945752182,0.0557257761042472,0.2,"MC-OrdPLSc",6621,1931678,500,"Symmetric","7",2,TRUE,27.1100000000006
"1054","X=~x1",0.831350333641207,0.0478546604193784,0.8,"PLSc",6621,1931678,500,"Symmetric","7",2,TRUE,4.57000000000698
"1055","X=~x2",0.696840344070067,0.0486903817252653,0.8,"PLSc",6621,1931678,500,"Symmetric","7",2,TRUE,4.57000000000698
"1056","X=~x3",0.781439951669254,0.0424865409605801,0.8,"PLSc",6621,1931678,500,"Symmetric","7",2,TRUE,4.57000000000698
"1057","Z=~z1",0.742687411430226,0.0483600242295278,0.8,"PLSc",6621,1931678,500,"Symmetric","7",2,TRUE,4.57000000000698
"1058","Z=~z2",0.836918201901474,0.0408611453172724,0.8,"PLSc",6621,1931678,500,"Symmetric","7",2,TRUE,4.57000000000698
"1059","Z=~z3",0.753014152340112,0.0435450400691631,0.8,"PLSc",6621,1931678,500,"Symmetric","7",2,TRUE,4.57000000000698
"1060","Y=~y1",0.781777884045139,0.0326700980249114,0.8,"PLSc",6621,1931678,500,"Symmetric","7",2,TRUE,4.57000000000698
"1061","Y=~y2",0.790800968575624,0.0339597077844771,0.8,"PLSc",6621,1931678,500,"Symmetric","7",2,TRUE,4.57000000000698
"1062","Y=~y3",0.730127051584143,0.0345745032992428,0.8,"PLSc",6621,1931678,500,"Symmetric","7",2,TRUE,4.57000000000698
"1063","Y~X",0.365691647171914,0.0432343738486834,0.4,"PLSc",6621,1931678,500,"Symmetric","7",2,TRUE,4.57000000000698
"1064","Y~Z",0.485042800553649,0.0462727189258277,0.5,"PLSc",6621,1931678,500,"Symmetric","7",2,TRUE,4.57000000000698
"1065","Y~X:Z",0.270620265705968,0.052404603498396,0.3,"PLSc",6621,1931678,500,"Symmetric","7",2,TRUE,4.57000000000698
"1066","X~~Z",0.258513266419926,0.05454579821226,0.2,"PLSc",6621,1931678,500,"Symmetric","7",2,TRUE,4.57000000000698
"1067","X=~x1",0.859736828608058,0.015815832227987,0.8,"PLS",6621,1931678,500,"Symmetric","7",2,TRUE,1.71000000002095
"1068","X=~x2",0.850324154715884,0.0168363657414414,0.8,"PLS",6621,1931678,500,"Symmetric","7",2,TRUE,1.71000000002095
"1069","X=~x3",0.852885495716435,0.0135798071782149,0.8,"PLS",6621,1931678,500,"Symmetric","7",2,TRUE,1.71000000002095
"1070","Z=~z1",0.846716489116476,0.0160602967756943,0.8,"PLS",6621,1931678,500,"Symmetric","7",2,TRUE,1.71000000002095
"1071","Z=~z2",0.870854337842023,0.0125439601737964,0.8,"PLS",6621,1931678,500,"Symmetric","7",2,TRUE,1.71000000002095
"1072","Z=~z3",0.856849224226581,0.0141206996495686,0.8,"PLS",6621,1931678,500,"Symmetric","7",2,TRUE,1.71000000002095
"1073","Y=~y1",0.849068717569483,0.013735165671628,0.8,"PLS",6621,1931678,500,"Symmetric","7",2,TRUE,1.71000000002095
"1074","Y=~y2",0.864061840304945,0.0130700106031671,0.8,"PLS",6621,1931678,500,"Symmetric","7",2,TRUE,1.71000000002095
"1075","Y=~y3",0.843240044996612,0.016777598017027,0.8,"PLS",6621,1931678,500,"Symmetric","7",2,TRUE,1.71000000002095
"1076","Y~X",0.321176594528129,0.0332002299052511,0.4,"PLS",6621,1931678,500,"Symmetric","7",2,TRUE,1.71000000002095
"1077","Y~Z",0.409909161429176,0.0366479388613237,0.5,"PLS",6621,1931678,500,"Symmetric","7",2,TRUE,1.71000000002095
"1078","Y~X:Z",0.207082556937832,0.0330050061304085,0.3,"PLS",6621,1931678,500,"Symmetric","7",2,TRUE,1.71000000002095
"1079","X~~Z",0.21261283306261,0.0453603100194957,0.2,"PLS",6621,1931678,500,"Symmetric","7",2,TRUE,1.71000000002095
"1080","X=~x1",0.776,0.028,0.8,"Mplus",6621,1931678,500,"Symmetric","7",2,TRUE,323.299999999988
"1081","X=~x2",0.802,0.027,0.8,"Mplus",6621,1931678,500,"Symmetric","7",2,TRUE,323.299999999988
"1082","X=~x3",0.778,0.028,0.8,"Mplus",6621,1931678,500,"Symmetric","7",2,TRUE,323.299999999988
"1083","Z=~z1",0.782,0.027,0.8,"Mplus",6621,1931678,500,"Symmetric","7",2,TRUE,323.299999999988
"1084","Z=~z2",0.806,0.026,0.8,"Mplus",6621,1931678,500,"Symmetric","7",2,TRUE,323.299999999988
"1085","Z=~z3",0.778,0.027,0.8,"Mplus",6621,1931678,500,"Symmetric","7",2,TRUE,323.299999999988
"1086","Y=~y1",0.765,0.028,0.8,"Mplus",6621,1931678,500,"Symmetric","7",2,TRUE,323.299999999988
"1087","Y=~y2",0.807,0.026,0.8,"Mplus",6621,1931678,500,"Symmetric","7",2,TRUE,323.299999999988
"1088","Y=~y3",0.776,0.028,0.8,"Mplus",6621,1931678,500,"Symmetric","7",2,TRUE,323.299999999988
"1089","Y~X",0.366,0.045,0.4,"Mplus",6621,1931678,500,"Symmetric","7",2,TRUE,323.299999999988
"1090","Y~Z",0.493,0.042,0.5,"Mplus",6621,1931678,500,"Symmetric","7",2,TRUE,323.299999999988
"1091","Y~X:Z",0.279,0.049,0.3,"Mplus",6621,1931678,500,"Symmetric","7",2,TRUE,323.299999999988
"1092","X~~Z",0.253,0.052,0.2,"Mplus",6621,1931678,500,"Symmetric","7",2,TRUE,323.299999999988
"1093","X=~x1",0.523605217815878,0.0796474250405078,0.5,"MC-OrdPLSc",6622,10938,500,"Symmetric","7",3,TRUE,31.9199999999983
"1094","X=~x2",0.604157812459569,0.080703502253964,0.5,"MC-OrdPLSc",6622,10938,500,"Symmetric","7",3,TRUE,31.9199999999983
"1095","X=~x3",0.451372232678107,0.0694335150431579,0.5,"MC-OrdPLSc",6622,10938,500,"Symmetric","7",3,TRUE,31.9199999999983
"1096","Z=~z1",0.481272368756935,0.0836741929593568,0.5,"MC-OrdPLSc",6622,10938,500,"Symmetric","7",3,TRUE,31.9199999999983
"1097","Z=~z2",0.334583761265328,0.0930142610460428,0.5,"MC-OrdPLSc",6622,10938,500,"Symmetric","7",3,TRUE,31.9199999999983
"1098","Z=~z3",0.526111895750128,0.095635772436516,0.5,"MC-OrdPLSc",6622,10938,500,"Symmetric","7",3,TRUE,31.9199999999983
"1099","Y=~y1",0.478111565781843,0.0690357195752774,0.5,"MC-OrdPLSc",6622,10938,500,"Symmetric","7",3,TRUE,31.9199999999983
"1100","Y=~y2",0.505547119208139,0.0666466950800291,0.5,"MC-OrdPLSc",6622,10938,500,"Symmetric","7",3,TRUE,31.9199999999983
"1101","Y=~y3",0.515458304835514,0.0584125186263237,0.5,"MC-OrdPLSc",6622,10938,500,"Symmetric","7",3,TRUE,31.9199999999983
"1102","Y~X",0.403397380444845,0.0911280948356029,0.4,"MC-OrdPLSc",6622,10938,500,"Symmetric","7",3,TRUE,31.9199999999983
"1103","Y~Z",0.404188500650608,0.0970727738540657,0.5,"MC-OrdPLSc",6622,10938,500,"Symmetric","7",3,TRUE,31.9199999999983
"1104","Y~X:Z",0.102644204163915,0.129415266680414,0.3,"MC-OrdPLSc",6622,10938,500,"Symmetric","7",3,TRUE,31.9199999999983
"1105","X~~Z",0.30918349749733,0.093571105417834,0.2,"MC-OrdPLSc",6622,10938,500,"Symmetric","7",3,TRUE,31.9199999999983
"1106","X=~x1",0.567032042433586,0.142851783156755,0.5,"PLSc",6622,10938,500,"Symmetric","7",3,TRUE,5.19000000000233
"1107","X=~x2",0.479697162098885,0.142169422081583,0.5,"PLSc",6622,10938,500,"Symmetric","7",3,TRUE,5.19000000000233
"1108","X=~x3",0.373837577586115,0.143246979467875,0.5,"PLSc",6622,10938,500,"Symmetric","7",3,TRUE,5.19000000000233
"1109","Z=~z1",0.565185746414015,0.102000332343611,0.5,"PLSc",6622,10938,500,"Symmetric","7",3,TRUE,5.19000000000233
"1110","Z=~z2",0.376259827354634,0.105589292787387,0.5,"PLSc",6622,10938,500,"Symmetric","7",3,TRUE,5.19000000000233
"1111","Z=~z3",0.510970338990093,0.0898569816684774,0.5,"PLSc",6622,10938,500,"Symmetric","7",3,TRUE,5.19000000000233
"1112","Y=~y1",0.333654503294958,0.0826175473802119,0.5,"PLSc",6622,10938,500,"Symmetric","7",3,TRUE,5.19000000000233
"1113","Y=~y2",0.559292584109411,0.0734933750565341,0.5,"PLSc",6622,10938,500,"Symmetric","7",3,TRUE,5.19000000000233
"1114","Y=~y3",0.46852342850561,0.0825709031894674,0.5,"PLSc",6622,10938,500,"Symmetric","7",3,TRUE,5.19000000000233
"1115","Y~X",0.407645260835932,0.453922219977773,0.4,"PLSc",6622,10938,500,"Symmetric","7",3,TRUE,5.19000000000233
"1116","Y~Z",0.438860462085754,0.295476877457805,0.5,"PLSc",6622,10938,500,"Symmetric","7",3,TRUE,5.19000000000233
"1117","Y~X:Z",0.304158465307086,1.05578561163577,0.3,"PLSc",6622,10938,500,"Symmetric","7",3,TRUE,5.19000000000233
"1118","X~~Z",0.152275106733967,0.084787452731294,0.2,"PLSc",6622,10938,500,"Symmetric","7",3,TRUE,5.19000000000233
"1119","X=~x1",0.739078608388527,0.111221742069641,0.5,"PLS",6622,10938,500,"Symmetric","7",3,TRUE,2.45000000001164
"1120","X=~x2",0.718062602408617,0.114995184104926,0.5,"PLS",6622,10938,500,"Symmetric","7",3,TRUE,2.45000000001164
"1121","X=~x3",0.623893934212941,0.126073492640082,0.5,"PLS",6622,10938,500,"Symmetric","7",3,TRUE,2.45000000001164
"1122","Z=~z1",0.763045853261938,0.0695708004617669,0.5,"PLS",6622,10938,500,"Symmetric","7",3,TRUE,2.45000000001164
"1123","Z=~z2",0.601098455861646,0.0906582083262325,0.5,"PLS",6622,10938,500,"Symmetric","7",3,TRUE,2.45000000001164
"1124","Z=~z3",0.721878394494766,0.0678155617887208,0.5,"PLS",6622,10938,500,"Symmetric","7",3,TRUE,2.45000000001164
"1125","Y=~y1",0.596935977532169,0.0761184187225417,0.5,"PLS",6622,10938,500,"Symmetric","7",3,TRUE,2.45000000001164
"1126","Y=~y2",0.765385345966027,0.056239556916882,0.5,"PLS",6622,10938,500,"Symmetric","7",3,TRUE,2.45000000001164
"1127","Y=~y3",0.685506208633433,0.07524463709239,0.5,"PLS",6622,10938,500,"Symmetric","7",3,TRUE,2.45000000001164
"1128","Y~X",0.170368252449849,0.0436706012975485,0.4,"PLS",6622,10938,500,"Symmetric","7",3,TRUE,2.45000000001164
"1129","Y~Z",0.23134072711387,0.0413574719281281,0.5,"PLS",6622,10938,500,"Symmetric","7",3,TRUE,2.45000000001164
"1130","Y~X:Z",0.0609282454815475,0.0454715506783182,0.3,"PLS",6622,10938,500,"Symmetric","7",3,TRUE,2.45000000001164
"1131","X~~Z",0.0743160193407803,0.0433522161525021,0.2,"PLS",6622,10938,500,"Symmetric","7",3,TRUE,2.45000000001164
"1132","X=~x1",0.361,0.065,0.5,"Mplus",6622,10938,500,"Symmetric","7",3,TRUE,346.079999999987
"1133","X=~x2",0.605,0.086,0.5,"Mplus",6622,10938,500,"Symmetric","7",3,TRUE,346.079999999987
"1134","X=~x3",0.488,0.069,0.5,"Mplus",6622,10938,500,"Symmetric","7",3,TRUE,346.079999999987
"1135","Z=~z1",0.531,0.07,0.5,"Mplus",6622,10938,500,"Symmetric","7",3,TRUE,346.079999999987
"1136","Z=~z2",0.421,0.063,0.5,"Mplus",6622,10938,500,"Symmetric","7",3,TRUE,346.079999999987
"1137","Z=~z3",0.501,0.07,0.5,"Mplus",6622,10938,500,"Symmetric","7",3,TRUE,346.079999999987
"1138","Y=~y1",0.429,0.066,0.5,"Mplus",6622,10938,500,"Symmetric","7",3,TRUE,346.079999999987
"1139","Y=~y2",0.512,0.073,0.5,"Mplus",6622,10938,500,"Symmetric","7",3,TRUE,346.079999999987
"1140","Y=~y3",0.433,0.07,0.5,"Mplus",6622,10938,500,"Symmetric","7",3,TRUE,346.079999999987
"1141","Y~X",0.298,0.096,0.4,"Mplus",6622,10938,500,"Symmetric","7",3,TRUE,346.079999999987
"1142","Y~Z",0.427,0.093,0.5,"Mplus",6622,10938,500,"Symmetric","7",3,TRUE,346.079999999987
"1143","Y~X:Z",0.156,0.114,0.3,"Mplus",6622,10938,500,"Symmetric","7",3,TRUE,346.079999999987
"1144","X~~Z",0.124,0.091,0.2,"Mplus",6622,10938,500,"Symmetric","7",3,TRUE,346.079999999987
"1145","X=~x1",0.80034355911893,0.0180700346059617,0.8,"MC-OrdPLSc",6623,1059686,1000,"Symmetric","7",2,TRUE,30.760000000002
"1146","X=~x2",0.80886277414979,0.0192002356881761,0.8,"MC-OrdPLSc",6623,1059686,1000,"Symmetric","7",2,TRUE,30.760000000002
"1147","X=~x3",0.816329828291362,0.0176927383421469,0.8,"MC-OrdPLSc",6623,1059686,1000,"Symmetric","7",2,TRUE,30.760000000002
"1148","Z=~z1",0.804007713960817,0.017525390818252,0.8,"MC-OrdPLSc",6623,1059686,1000,"Symmetric","7",2,TRUE,30.760000000002
"1149","Z=~z2",0.786519280428591,0.01858538671546,0.8,"MC-OrdPLSc",6623,1059686,1000,"Symmetric","7",2,TRUE,30.760000000002
"1150","Z=~z3",0.807741471447823,0.018784108521799,0.8,"MC-OrdPLSc",6623,1059686,1000,"Symmetric","7",2,TRUE,30.760000000002
"1151","Y=~y1",0.823816654421365,0.0174106953281295,0.8,"MC-OrdPLSc",6623,1059686,1000,"Symmetric","7",2,TRUE,30.760000000002
"1152","Y=~y2",0.813102810528824,0.0166592935728713,0.8,"MC-OrdPLSc",6623,1059686,1000,"Symmetric","7",2,TRUE,30.760000000002
"1153","Y=~y3",0.824049919963524,0.0153619402396463,0.8,"MC-OrdPLSc",6623,1059686,1000,"Symmetric","7",2,TRUE,30.760000000002
"1154","Y~X",0.418519401275034,0.0291335772087265,0.4,"MC-OrdPLSc",6623,1059686,1000,"Symmetric","7",2,TRUE,30.760000000002
"1155","Y~Z",0.486974188737197,0.0281269228164633,0.5,"MC-OrdPLSc",6623,1059686,1000,"Symmetric","7",2,TRUE,30.760000000002
"1156","Y~X:Z",0.234373986293503,0.0323153097810887,0.3,"MC-OrdPLSc",6623,1059686,1000,"Symmetric","7",2,TRUE,30.760000000002
"1157","X~~Z",0.292478056466135,0.035822523412408,0.2,"MC-OrdPLSc",6623,1059686,1000,"Symmetric","7",2,TRUE,30.760000000002
"1158","X=~x1",0.752175259632194,0.0344080190957135,0.8,"PLSc",6623,1059686,1000,"Symmetric","7",2,TRUE,6.75
"1159","X=~x2",0.806269188085542,0.0333214477512178,0.8,"PLSc",6623,1059686,1000,"Symmetric","7",2,TRUE,6.75
"1160","X=~x3",0.784000633960372,0.0318092926793265,0.8,"PLSc",6623,1059686,1000,"Symmetric","7",2,TRUE,6.75
"1161","Z=~z1",0.781558972057821,0.03263573006187,0.8,"PLSc",6623,1059686,1000,"Symmetric","7",2,TRUE,6.75
"1162","Z=~z2",0.750836544745923,0.0324409179033409,0.8,"PLSc",6623,1059686,1000,"Symmetric","7",2,TRUE,6.75
"1163","Z=~z3",0.818455767972272,0.0320271597472167,0.8,"PLSc",6623,1059686,1000,"Symmetric","7",2,TRUE,6.75
"1164","Y=~y1",0.767218836225436,0.0229052374662648,0.8,"PLSc",6623,1059686,1000,"Symmetric","7",2,TRUE,6.75
"1165","Y=~y2",0.778318357902321,0.0233004771533287,0.8,"PLSc",6623,1059686,1000,"Symmetric","7",2,TRUE,6.75
"1166","Y=~y3",0.785736372848316,0.0239482054574414,0.8,"PLSc",6623,1059686,1000,"Symmetric","7",2,TRUE,6.75
"1167","Y~X",0.409556515125966,0.0308294409660508,0.4,"PLSc",6623,1059686,1000,"Symmetric","7",2,TRUE,6.75
"1168","Y~Z",0.45993229634193,0.031489457359195,0.5,"PLSc",6623,1059686,1000,"Symmetric","7",2,TRUE,6.75
"1169","Y~X:Z",0.242570106101706,0.0344711357338171,0.3,"PLSc",6623,1059686,1000,"Symmetric","7",2,TRUE,6.75
"1170","X~~Z",0.221980042204405,0.0368840569190752,0.2,"PLSc",6623,1059686,1000,"Symmetric","7",2,TRUE,6.75
"1171","X=~x1",0.851118646575815,0.0114334102152947,0.8,"PLS",6623,1059686,1000,"Symmetric","7",2,TRUE,1.85000000000582
"1172","X=~x2",0.865985551429992,0.0095898114296662,0.8,"PLS",6623,1059686,1000,"Symmetric","7",2,TRUE,1.85000000000582
"1173","X=~x3",0.863155497048644,0.0099678163163481,0.8,"PLS",6623,1059686,1000,"Symmetric","7",2,TRUE,1.85000000000582
"1174","Z=~z1",0.854363618678546,0.0105524064077627,0.8,"PLS",6623,1059686,1000,"Symmetric","7",2,TRUE,1.85000000000582
"1175","Z=~z2",0.861360617981176,0.010218526698095,0.8,"PLS",6623,1059686,1000,"Symmetric","7",2,TRUE,1.85000000000582
"1176","Z=~z3",0.869997197678239,0.00911690140985005,0.8,"PLS",6623,1059686,1000,"Symmetric","7",2,TRUE,1.85000000000582
"1177","Y=~y1",0.855713077568911,0.00938409573039909,0.8,"PLS",6623,1059686,1000,"Symmetric","7",2,TRUE,1.85000000000582
"1178","Y=~y2",0.857061803275975,0.00856628296930866,0.8,"PLS",6623,1059686,1000,"Symmetric","7",2,TRUE,1.85000000000582
"1179","Y=~y3",0.860785334692098,0.00919838500102517,0.8,"PLS",6623,1059686,1000,"Symmetric","7",2,TRUE,1.85000000000582
"1180","Y~X",0.35050257032869,0.0249451635280886,0.4,"PLS",6623,1059686,1000,"Symmetric","7",2,TRUE,1.85000000000582
"1181","Y~Z",0.387973466271689,0.0248947167474237,0.5,"PLS",6623,1059686,1000,"Symmetric","7",2,TRUE,1.85000000000582
"1182","Y~X:Z",0.181133294089062,0.0229868626251832,0.3,"PLS",6623,1059686,1000,"Symmetric","7",2,TRUE,1.85000000000582
"1183","X~~Z",0.183525728007835,0.0306772492386205,0.2,"PLS",6623,1059686,1000,"Symmetric","7",2,TRUE,1.85000000000582
"1184","X=~x1",0.779,0.019,0.8,"Mplus",6623,1059686,1000,"Symmetric","7",2,TRUE,642.579999999987
"1185","X=~x2",0.801,0.019,0.8,"Mplus",6623,1059686,1000,"Symmetric","7",2,TRUE,642.579999999987
"1186","X=~x3",0.795,0.019,0.8,"Mplus",6623,1059686,1000,"Symmetric","7",2,TRUE,642.579999999987
"1187","Z=~z1",0.778,0.019,0.8,"Mplus",6623,1059686,1000,"Symmetric","7",2,TRUE,642.579999999987
"1188","Z=~z2",0.808,0.018,0.8,"Mplus",6623,1059686,1000,"Symmetric","7",2,TRUE,642.579999999987
"1189","Z=~z3",0.8,0.019,0.8,"Mplus",6623,1059686,1000,"Symmetric","7",2,TRUE,642.579999999987
"1190","Y=~y1",0.786,0.019,0.8,"Mplus",6623,1059686,1000,"Symmetric","7",2,TRUE,642.579999999987
"1191","Y=~y2",0.792,0.019,0.8,"Mplus",6623,1059686,1000,"Symmetric","7",2,TRUE,642.579999999987
"1192","Y=~y3",0.8,0.018,0.8,"Mplus",6623,1059686,1000,"Symmetric","7",2,TRUE,642.579999999987
"1193","Y~X",0.412,0.031,0.4,"Mplus",6623,1059686,1000,"Symmetric","7",2,TRUE,642.579999999987
"1194","Y~Z",0.455,0.03,0.5,"Mplus",6623,1059686,1000,"Symmetric","7",2,TRUE,642.579999999987
"1195","Y~X:Z",0.26,0.033,0.3,"Mplus",6623,1059686,1000,"Symmetric","7",2,TRUE,642.579999999987
"1196","X~~Z",0.223,0.037,0.2,"Mplus",6623,1059686,1000,"Symmetric","7",2,TRUE,642.579999999987
"1197","X=~x1",0.517500250301001,0.0608311965741312,0.5,"MC-OrdPLSc",6624,3502205,1000,"Symmetric","7",3,TRUE,33.5699999999997
"1198","X=~x2",0.447194585454436,0.0593554354772928,0.5,"MC-OrdPLSc",6624,3502205,1000,"Symmetric","7",3,TRUE,33.5699999999997
"1199","X=~x3",0.551693961684238,0.0507632806339479,0.5,"MC-OrdPLSc",6624,3502205,1000,"Symmetric","7",3,TRUE,33.5699999999997
"1200","Z=~z1",0.548342354891789,0.0517011906952006,0.5,"MC-OrdPLSc",6624,3502205,1000,"Symmetric","7",3,TRUE,33.5699999999997
"1201","Z=~z2",0.550453329681523,0.054809674021732,0.5,"MC-OrdPLSc",6624,3502205,1000,"Symmetric","7",3,TRUE,33.5699999999997
"1202","Z=~z3",0.357121967505767,0.0593643844252865,0.5,"MC-OrdPLSc",6624,3502205,1000,"Symmetric","7",3,TRUE,33.5699999999997
"1203","Y=~y1",0.45614939352049,0.0466648483264312,0.5,"MC-OrdPLSc",6624,3502205,1000,"Symmetric","7",3,TRUE,33.5699999999997
"1204","Y=~y2",0.554475371085793,0.0515891646460175,0.5,"MC-OrdPLSc",6624,3502205,1000,"Symmetric","7",3,TRUE,33.5699999999997
"1205","Y=~y3",0.477236259034631,0.0460295525818987,0.5,"MC-OrdPLSc",6624,3502205,1000,"Symmetric","7",3,TRUE,33.5699999999997
"1206","Y~X",0.42047613571088,0.0678416576102295,0.4,"MC-OrdPLSc",6624,3502205,1000,"Symmetric","7",3,TRUE,33.5699999999997
"1207","Y~Z",0.444022392379114,0.0737325142617241,0.5,"MC-OrdPLSc",6624,3502205,1000,"Symmetric","7",3,TRUE,33.5699999999997
"1208","Y~X:Z",0.225365820441913,0.10218008509661,0.3,"MC-OrdPLSc",6624,3502205,1000,"Symmetric","7",3,TRUE,33.5699999999997
"1209","X~~Z",0.235922414390192,0.0654932723579515,0.2,"MC-OrdPLSc",6624,3502205,1000,"Symmetric","7",3,TRUE,33.5699999999997
"1210","X=~x1",0.414600070285542,0.0808089570849396,0.5,"PLSc",6624,3502205,1000,"Symmetric","7",3,TRUE,6.69999999998254
"1211","X=~x2",0.633930989080536,0.0727671333764951,0.5,"PLSc",6624,3502205,1000,"Symmetric","7",3,TRUE,6.69999999998254
"1212","X=~x3",0.478603333138786,0.0710585641025871,0.5,"PLSc",6624,3502205,1000,"Symmetric","7",3,TRUE,6.69999999998254
"1213","Z=~z1",0.445618787808102,0.067853369779834,0.5,"PLSc",6624,3502205,1000,"Symmetric","7",3,TRUE,6.69999999998254
"1214","Z=~z2",0.557686018680096,0.0623517359009254,0.5,"PLSc",6624,3502205,1000,"Symmetric","7",3,TRUE,6.69999999998254
"1215","Z=~z3",0.499457054160796,0.0631467821572581,0.5,"PLSc",6624,3502205,1000,"Symmetric","7",3,TRUE,6.69999999998254
"1216","Y=~y1",0.507152618513054,0.0495104738135587,0.5,"PLSc",6624,3502205,1000,"Symmetric","7",3,TRUE,6.69999999998254
"1217","Y=~y2",0.451233255380995,0.0491907075152594,0.5,"PLSc",6624,3502205,1000,"Symmetric","7",3,TRUE,6.69999999998254
"1218","Y=~y3",0.482654181133577,0.0510841032013711,0.5,"PLSc",6624,3502205,1000,"Symmetric","7",3,TRUE,6.69999999998254
"1219","Y~X",0.356102935276884,0.0679681430629747,0.4,"PLSc",6624,3502205,1000,"Symmetric","7",3,TRUE,6.69999999998254
"1220","Y~Z",0.494403575977296,0.0743356893656736,0.5,"PLSc",6624,3502205,1000,"Symmetric","7",3,TRUE,6.69999999998254
"1221","Y~X:Z",0.14982482010338,0.0927467862302606,0.3,"PLSc",6624,3502205,1000,"Symmetric","7",3,TRUE,6.69999999998254
"1222","X~~Z",0.15652754285231,0.0640664883524906,0.2,"PLSc",6624,3502205,1000,"Symmetric","7",3,TRUE,6.69999999998254
"1223","X=~x1",0.629913998337163,0.0638792129192234,0.5,"PLS",6624,3502205,1000,"Symmetric","7",3,TRUE,2.22000000000116
"1224","X=~x2",0.788876697442187,0.0455211149152635,0.5,"PLS",6624,3502205,1000,"Symmetric","7",3,TRUE,2.22000000000116
"1225","X=~x3",0.701911939088269,0.0489189629675348,0.5,"PLS",6624,3502205,1000,"Symmetric","7",3,TRUE,2.22000000000116
"1226","Z=~z1",0.650941409379604,0.0546199830601808,0.5,"PLS",6624,3502205,1000,"Symmetric","7",3,TRUE,2.22000000000116
"1227","Z=~z2",0.766269175329743,0.0378287713520123,0.5,"PLS",6624,3502205,1000,"Symmetric","7",3,TRUE,2.22000000000116
"1228","Z=~z3",0.698364383769881,0.0484876159893746,0.5,"PLS",6624,3502205,1000,"Symmetric","7",3,TRUE,2.22000000000116
"1229","Y=~y1",0.724932183955159,0.0361735589350996,0.5,"PLS",6624,3502205,1000,"Symmetric","7",3,TRUE,2.22000000000116
"1230","Y=~y2",0.670636781661845,0.0417022030397361,0.5,"PLS",6624,3502205,1000,"Symmetric","7",3,TRUE,2.22000000000116
"1231","Y=~y3",0.696808383800378,0.0396105802236611,0.5,"PLS",6624,3502205,1000,"Symmetric","7",3,TRUE,2.22000000000116
"1232","Y~X",0.200791616038558,0.0302731656775531,0.4,"PLS",6624,3502205,1000,"Symmetric","7",3,TRUE,2.22000000000116
"1233","Y~Z",0.25191855716438,0.0297375531687481,0.5,"PLS",6624,3502205,1000,"Symmetric","7",3,TRUE,2.22000000000116
"1234","Y~X:Z",0.0685902049057436,0.0324270154844328,0.3,"PLS",6624,3502205,1000,"Symmetric","7",3,TRUE,2.22000000000116
"1235","X~~Z",0.081536573081844,0.0335863100777951,0.2,"PLS",6624,3502205,1000,"Symmetric","7",3,TRUE,2.22000000000116
"1236","X=~x1",0.468,0.042,0.5,"Mplus",6624,3502205,1000,"Symmetric","7",3,TRUE,650.26999999999
"1237","X=~x2",0.516,0.044,0.5,"Mplus",6624,3502205,1000,"Symmetric","7",3,TRUE,650.26999999999
"1238","X=~x3",0.553,0.045,0.5,"Mplus",6624,3502205,1000,"Symmetric","7",3,TRUE,650.26999999999
"1239","Z=~z1",0.427,0.044,0.5,"Mplus",6624,3502205,1000,"Symmetric","7",3,TRUE,650.26999999999
"1240","Z=~z2",0.6,0.049,0.5,"Mplus",6624,3502205,1000,"Symmetric","7",3,TRUE,650.26999999999
"1241","Z=~z3",0.452,0.044,0.5,"Mplus",6624,3502205,1000,"Symmetric","7",3,TRUE,650.26999999999
"1242","Y=~y1",0.511,0.043,0.5,"Mplus",6624,3502205,1000,"Symmetric","7",3,TRUE,650.26999999999
"1243","Y=~y2",0.452,0.042,0.5,"Mplus",6624,3502205,1000,"Symmetric","7",3,TRUE,650.26999999999
"1244","Y=~y3",0.487,0.042,0.5,"Mplus",6624,3502205,1000,"Symmetric","7",3,TRUE,650.26999999999
"1245","Y~X",0.367,0.063,0.4,"Mplus",6624,3502205,1000,"Symmetric","7",3,TRUE,650.26999999999
"1246","Y~Z",0.465,0.062,0.5,"Mplus",6624,3502205,1000,"Symmetric","7",3,TRUE,650.26999999999
"1247","Y~X:Z",0.253,0.071,0.3,"Mplus",6624,3502205,1000,"Symmetric","7",3,TRUE,650.26999999999
"1248","X~~Z",0.177,0.061,0.2,"Mplus",6624,3502205,1000,"Symmetric","7",3,TRUE,650.26999999999
"1249","X=~x1",0.998876149058871,0.121462481215013,0.8,"MC-OrdPLSc",6625,4148380,200,"Moderate","2",2,TRUE,13.3700000000026
"1250","X=~x2",0.519645838089951,0.170885817511121,0.8,"MC-OrdPLSc",6625,4148380,200,"Moderate","2",2,TRUE,13.3700000000026
"1251","X=~x3",0.741428051504023,0.14537930280394,0.8,"MC-OrdPLSc",6625,4148380,200,"Moderate","2",2,TRUE,13.3700000000026
"1252","Z=~z1",0.794111143663664,0.0886988868606698,0.8,"MC-OrdPLSc",6625,4148380,200,"Moderate","2",2,TRUE,13.3700000000026
"1253","Z=~z2",0.865480326821991,0.0769553626374387,0.8,"MC-OrdPLSc",6625,4148380,200,"Moderate","2",2,TRUE,13.3700000000026
"1254","Z=~z3",0.728908917682742,0.102254623229688,0.8,"MC-OrdPLSc",6625,4148380,200,"Moderate","2",2,TRUE,13.3700000000026
"1255","Y=~y1",0.815034134858888,0.0717306159799045,0.8,"MC-OrdPLSc",6625,4148380,200,"Moderate","2",2,TRUE,13.3700000000026
"1256","Y=~y2",0.816843193281115,0.0706323017012288,0.8,"MC-OrdPLSc",6625,4148380,200,"Moderate","2",2,TRUE,13.3700000000026
"1257","Y=~y3",0.878998519668645,0.0746159434265398,0.8,"MC-OrdPLSc",6625,4148380,200,"Moderate","2",2,TRUE,13.3700000000026
"1258","Y~X",0.332548183156511,0.104587181236074,0.4,"MC-OrdPLSc",6625,4148380,200,"Moderate","2",2,TRUE,13.3700000000026
"1259","Y~Z",0.398057439856904,0.104394822049812,0.5,"MC-OrdPLSc",6625,4148380,200,"Moderate","2",2,TRUE,13.3700000000026
"1260","Y~X:Z",0.378750692368239,0.178703963593448,0.3,"MC-OrdPLSc",6625,4148380,200,"Moderate","2",2,TRUE,13.3700000000026
"1261","X~~Z",0.177727065286838,0.113566570213913,0.2,"MC-OrdPLSc",6625,4148380,200,"Moderate","2",2,TRUE,13.3700000000026
"1262","X=~x1",0.83752744716046,0.135564568445085,0.8,"PLSc",6625,4148380,200,"Moderate","2",2,TRUE,3.73000000001048
"1263","X=~x2",0.519004828806801,0.169524849876274,0.8,"PLSc",6625,4148380,200,"Moderate","2",2,TRUE,3.73000000001048
"1264","X=~x3",0.489337743212304,0.170537323844398,0.8,"PLSc",6625,4148380,200,"Moderate","2",2,TRUE,3.73000000001048
"1265","Z=~z1",0.585716023462829,0.115931160422955,0.8,"PLSc",6625,4148380,200,"Moderate","2",2,TRUE,3.73000000001048
"1266","Z=~z2",0.474466955331879,0.128278372074799,0.8,"PLSc",6625,4148380,200,"Moderate","2",2,TRUE,3.73000000001048
"1267","Z=~z3",0.710762548917181,0.107883432050998,0.8,"PLSc",6625,4148380,200,"Moderate","2",2,TRUE,3.73000000001048
"1268","Y=~y1",0.692029578624853,0.0758702410194296,0.8,"PLSc",6625,4148380,200,"Moderate","2",2,TRUE,3.73000000001048
"1269","Y=~y2",0.517475156502723,0.10603344901346,0.8,"PLSc",6625,4148380,200,"Moderate","2",2,TRUE,3.73000000001048
"1270","Y=~y3",0.750171362544805,0.0796136036331725,0.8,"PLSc",6625,4148380,200,"Moderate","2",2,TRUE,3.73000000001048
"1271","Y~X",0.350740953848878,0.111386039282365,0.4,"PLSc",6625,4148380,200,"Moderate","2",2,TRUE,3.73000000001048
"1272","Y~Z",0.489916325221297,0.109249416837925,0.5,"PLSc",6625,4148380,200,"Moderate","2",2,TRUE,3.73000000001048
"1273","Y~X:Z",0.0309505828206974,0.137943360803396,0.3,"PLSc",6625,4148380,200,"Moderate","2",2,TRUE,3.73000000001048
"1274","X~~Z",0.0746069097633483,0.101427436097092,0.2,"PLSc",6625,4148380,200,"Moderate","2",2,TRUE,3.73000000001048
"1275","X=~x1",0.858703070476452,0.0507250128740658,0.8,"PLS",6625,4148380,200,"Moderate","2",2,TRUE,2.16000000000349
"1276","X=~x2",0.731321609113987,0.0950394250702604,0.8,"PLS",6625,4148380,200,"Moderate","2",2,TRUE,2.16000000000349
"1277","X=~x3",0.682789470467061,0.102468496723188,0.8,"PLS",6625,4148380,200,"Moderate","2",2,TRUE,2.16000000000349
"1278","Z=~z1",0.742068686111874,0.0714580972199398,0.8,"PLS",6625,4148380,200,"Moderate","2",2,TRUE,2.16000000000349
"1279","Z=~z2",0.719734820292498,0.0782352209353538,0.8,"PLS",6625,4148380,200,"Moderate","2",2,TRUE,2.16000000000349
"1280","Z=~z3",0.79663176814112,0.0578377531297041,0.8,"PLS",6625,4148380,200,"Moderate","2",2,TRUE,2.16000000000349
"1281","Y=~y1",0.816433968218605,0.0354281352493331,0.8,"PLS",6625,4148380,200,"Moderate","2",2,TRUE,2.16000000000349
"1282","Y=~y2",0.747985811761913,0.0564496771560363,0.8,"PLS",6625,4148380,200,"Moderate","2",2,TRUE,2.16000000000349
"1283","Y=~y3",0.798716985382596,0.0372369591870691,0.8,"PLS",6625,4148380,200,"Moderate","2",2,TRUE,2.16000000000349
"1284","Y~X",0.258608663685214,0.0626049754501093,0.4,"PLS",6625,4148380,200,"Moderate","2",2,TRUE,2.16000000000349
"1285","Y~Z",0.335912205875859,0.0601615646687837,0.5,"PLS",6625,4148380,200,"Moderate","2",2,TRUE,2.16000000000349
"1286","Y~X:Z",0.0203237279897701,0.0630034260743328,0.3,"PLS",6625,4148380,200,"Moderate","2",2,TRUE,2.16000000000349
"1287","X~~Z",0.0503894411260897,0.0683092955888683,0.2,"PLS",6625,4148380,200,"Moderate","2",2,TRUE,2.16000000000349
"1288","X=~x1",0.812,0.091,0.8,"Mplus",6625,4148380,200,"Moderate","2",2,TRUE,77.9199999999837
"1289","X=~x2",0.747,0.094,0.8,"Mplus",6625,4148380,200,"Moderate","2",2,TRUE,77.9199999999837
"1290","X=~x3",0.665,0.095,0.8,"Mplus",6625,4148380,200,"Moderate","2",2,TRUE,77.9199999999837
"1291","Z=~z1",0.699,0.095,0.8,"Mplus",6625,4148380,200,"Moderate","2",2,TRUE,77.9199999999837
"1292","Z=~z2",0.732,0.095,0.8,"Mplus",6625,4148380,200,"Moderate","2",2,TRUE,77.9199999999837
"1293","Z=~z3",0.71,0.097,0.8,"Mplus",6625,4148380,200,"Moderate","2",2,TRUE,77.9199999999837
"1294","Y=~y1",0.874,0.067,0.8,"Mplus",6625,4148380,200,"Moderate","2",2,TRUE,77.9199999999837
"1295","Y=~y2",0.786,0.073,0.8,"Mplus",6625,4148380,200,"Moderate","2",2,TRUE,77.9199999999837
"1296","Y=~y3",0.74,0.08,0.8,"Mplus",6625,4148380,200,"Moderate","2",2,TRUE,77.9199999999837
"1297","Y~X",0.386,0.104,0.4,"Mplus",6625,4148380,200,"Moderate","2",2,TRUE,77.9199999999837
"1298","Y~Z",0.509,0.1,0.5,"Mplus",6625,4148380,200,"Moderate","2",2,TRUE,77.9199999999837
"1299","Y~X:Z",-0.041,0.15,0.3,"Mplus",6625,4148380,200,"Moderate","2",2,TRUE,77.9199999999837
"1300","X~~Z",0.101,0.122,0.2,"Mplus",6625,4148380,200,"Moderate","2",2,TRUE,77.9199999999837
"1301","X=~x1",0.592071360530369,0.63874341593484,0.5,"MC-OrdPLSc",6626,5333164,200,"Moderate","2",3,TRUE,16.8199999999997
"1302","X=~x2",0.681681824334986,0.540633433042515,0.5,"MC-OrdPLSc",6626,5333164,200,"Moderate","2",3,TRUE,16.8199999999997
"1303","X=~x3",0.39162009542643,0.670678154791944,0.5,"MC-OrdPLSc",6626,5333164,200,"Moderate","2",3,TRUE,16.8199999999997
"1304","Z=~z1",0.847823128331764,2.27953136260844,0.5,"MC-OrdPLSc",6626,5333164,200,"Moderate","2",3,TRUE,16.8199999999997
"1305","Z=~z2",0.477772833299754,0.538244159299571,0.5,"MC-OrdPLSc",6626,5333164,200,"Moderate","2",3,TRUE,16.8199999999997
"1306","Z=~z3",0.258519882859994,0.840222837164131,0.5,"MC-OrdPLSc",6626,5333164,200,"Moderate","2",3,TRUE,16.8199999999997
"1307","Y=~y1",0.0275279187592851,0.241642518772836,0.5,"MC-OrdPLSc",6626,5333164,200,"Moderate","2",3,TRUE,16.8199999999997
"1308","Y=~y2",0.328905667997791,0.233157745785228,0.5,"MC-OrdPLSc",6626,5333164,200,"Moderate","2",3,TRUE,16.8199999999997
"1309","Y=~y3",0.940275073086479,2.73783745753836,0.5,"MC-OrdPLSc",6626,5333164,200,"Moderate","2",3,TRUE,16.8199999999997
"1310","Y~X",0.374038238703234,1.03648389714557,0.4,"MC-OrdPLSc",6626,5333164,200,"Moderate","2",3,TRUE,16.8199999999997
"1311","Y~Z",0.382204353762527,1.71023027643418,0.5,"MC-OrdPLSc",6626,5333164,200,"Moderate","2",3,TRUE,16.8199999999997
"1312","Y~X:Z",-0.00782610757140562,0.394018290942165,0.3,"MC-OrdPLSc",6626,5333164,200,"Moderate","2",3,TRUE,16.8199999999997
"1313","X~~Z",-0.0453827635678327,0.166871785022194,0.2,"MC-OrdPLSc",6626,5333164,200,"Moderate","2",3,TRUE,16.8199999999997
"1314","X=~x1",0.563813093654559,0.144271508382389,0.5,"PLSc",6626,5333164,200,"Moderate","2",3,TRUE,4.38999999998487
"1315","X=~x2",0.512588503649728,0.146195830420322,0.5,"PLSc",6626,5333164,200,"Moderate","2",3,TRUE,4.38999999998487
"1316","X=~x3",0.484140351214043,0.164183756754008,0.5,"PLSc",6626,5333164,200,"Moderate","2",3,TRUE,4.38999999998487
"1317","Z=~z1",0.328570712471925,0.169464664983145,0.5,"PLSc",6626,5333164,200,"Moderate","2",3,TRUE,4.38999999998487
"1318","Z=~z2",0.540522604167484,0.189517271263627,0.5,"PLSc",6626,5333164,200,"Moderate","2",3,TRUE,4.38999999998487
"1319","Z=~z3",0.387884805330691,0.218569661828741,0.5,"PLSc",6626,5333164,200,"Moderate","2",3,TRUE,4.38999999998487
"1320","Y=~y1",0.371057990819139,0.132167337504051,0.5,"PLSc",6626,5333164,200,"Moderate","2",3,TRUE,4.38999999998487
"1321","Y=~y2",0.49083961351723,0.121793016932361,0.5,"PLSc",6626,5333164,200,"Moderate","2",3,TRUE,4.38999999998487
"1322","Y=~y3",0.505950657384989,0.129633383162651,0.5,"PLSc",6626,5333164,200,"Moderate","2",3,TRUE,4.38999999998487
"1323","Y~X",0.501869649688174,1.09497526792763,0.4,"PLSc",6626,5333164,200,"Moderate","2",3,TRUE,4.38999999998487
"1324","Y~Z",0.48852515852676,1.06758349185122,0.5,"PLSc",6626,5333164,200,"Moderate","2",3,TRUE,4.38999999998487
"1325","Y~X:Z",0.0499198682095854,2.77766575624389,0.3,"PLSc",6626,5333164,200,"Moderate","2",3,TRUE,4.38999999998487
"1326","X~~Z",0.0702338551378015,0.192554379649789,0.2,"PLSc",6626,5333164,200,"Moderate","2",3,TRUE,4.38999999998487
"1327","X=~x1",0.761779355072554,0.0895918782000849,0.5,"PLS",6626,5333164,200,"Moderate","2",3,TRUE,3.05999999999767
"1328","X=~x2",0.705898102818302,0.11173449159549,0.5,"PLS",6626,5333164,200,"Moderate","2",3,TRUE,3.05999999999767
"1329","X=~x3",0.678732622456556,0.127771506701221,0.5,"PLS",6626,5333164,200,"Moderate","2",3,TRUE,3.05999999999767
"1330","Z=~z1",0.50313432825646,0.218503561004514,0.5,"PLS",6626,5333164,200,"Moderate","2",3,TRUE,3.05999999999767
"1331","Z=~z2",0.796187810835359,0.159145188179046,0.5,"PLS",6626,5333164,200,"Moderate","2",3,TRUE,3.05999999999767
"1332","Z=~z3",0.67314222930305,0.201755260824959,0.5,"PLS",6626,5333164,200,"Moderate","2",3,TRUE,3.05999999999767
"1333","Y=~y1",0.644535607523964,0.119776050445955,0.5,"PLS",6626,5333164,200,"Moderate","2",3,TRUE,3.05999999999767
"1334","Y=~y2",0.668702466628983,0.128090103212801,0.5,"PLS",6626,5333164,200,"Moderate","2",3,TRUE,3.05999999999767
"1335","Y=~y3",0.748172874802155,0.0985660872644593,0.5,"PLS",6626,5333164,200,"Moderate","2",3,TRUE,3.05999999999767
"1336","Y~X",0.259854958501926,0.0631336211777494,0.4,"PLS",6626,5333164,200,"Moderate","2",3,TRUE,3.05999999999767
"1337","Y~Z",0.214566795176729,0.061006034406381,0.5,"PLS",6626,5333164,200,"Moderate","2",3,TRUE,3.05999999999767
"1338","Y~X:Z",0.0190140966511075,0.0670611960920488,0.3,"PLS",6626,5333164,200,"Moderate","2",3,TRUE,3.05999999999767
"1339","X~~Z",0.0328454532271271,0.0856693035914967,0.2,"PLS",6626,5333164,200,"Moderate","2",3,TRUE,3.05999999999767
"1340","X=~x1",0.671,0.121,0.5,"Mplus",6626,5333164,200,"Moderate","2",3,TRUE,88.5599999999977
"1341","X=~x2",0.604,0.12,0.5,"Mplus",6626,5333164,200,"Moderate","2",3,TRUE,88.5599999999977
"1342","X=~x3",0.566,0.118,0.5,"Mplus",6626,5333164,200,"Moderate","2",3,TRUE,88.5599999999977
"1343","Z=~z1",0.224,0.128,0.5,"Mplus",6626,5333164,200,"Moderate","2",3,TRUE,88.5599999999977
"1344","Z=~z2",0.57,0.182,0.5,"Mplus",6626,5333164,200,"Moderate","2",3,TRUE,88.5599999999977
"1345","Z=~z3",0.697,0.218,0.5,"Mplus",6626,5333164,200,"Moderate","2",3,TRUE,88.5599999999977
"1346","Y=~y1",0.576,0.116,0.5,"Mplus",6626,5333164,200,"Moderate","2",3,TRUE,88.5599999999977
"1347","Y=~y2",0.4,0.12,0.5,"Mplus",6626,5333164,200,"Moderate","2",3,TRUE,88.5599999999977
"1348","Y=~y3",0.724,0.129,0.5,"Mplus",6626,5333164,200,"Moderate","2",3,TRUE,88.5599999999977
"1349","Y~X",0.528,0.147,0.4,"Mplus",6626,5333164,200,"Moderate","2",3,TRUE,88.5599999999977
"1350","Y~Z",0.458,0.156,0.5,"Mplus",6626,5333164,200,"Moderate","2",3,TRUE,88.5599999999977
"1351","Y~X:Z",0.034,0.227,0.3,"Mplus",6626,5333164,200,"Moderate","2",3,TRUE,88.5599999999977
"1352","X~~Z",-0.039,0.174,0.2,"Mplus",6626,5333164,200,"Moderate","2",3,TRUE,88.5599999999977
"1353","X=~x1",0.761141493438258,0.0626576763492804,0.8,"MC-OrdPLSc",6627,2599970,500,"Moderate","2",2,TRUE,15.3000000000029
"1354","X=~x2",0.812571499250169,0.0531735673410694,0.8,"MC-OrdPLSc",6627,2599970,500,"Moderate","2",2,TRUE,15.3000000000029
"1355","X=~x3",0.833510470297111,0.0537942337319195,0.8,"MC-OrdPLSc",6627,2599970,500,"Moderate","2",2,TRUE,15.3000000000029
"1356","Z=~z1",0.79186234582421,0.0454099845139752,0.8,"MC-OrdPLSc",6627,2599970,500,"Moderate","2",2,TRUE,15.3000000000029
"1357","Z=~z2",0.797043448151917,0.0468388807871404,0.8,"MC-OrdPLSc",6627,2599970,500,"Moderate","2",2,TRUE,15.3000000000029
"1358","Z=~z3",0.847544398723224,0.0436276489607461,0.8,"MC-OrdPLSc",6627,2599970,500,"Moderate","2",2,TRUE,15.3000000000029
"1359","Y=~y1",0.761460365272325,0.044171035633389,0.8,"MC-OrdPLSc",6627,2599970,500,"Moderate","2",2,TRUE,15.3000000000029
"1360","Y=~y2",0.803881718570621,0.0403441458968641,0.8,"MC-OrdPLSc",6627,2599970,500,"Moderate","2",2,TRUE,15.3000000000029
"1361","Y=~y3",0.824402713174368,0.0398731077678885,0.8,"MC-OrdPLSc",6627,2599970,500,"Moderate","2",2,TRUE,15.3000000000029
"1362","Y~X",0.417985664862909,0.0658441183211744,0.4,"MC-OrdPLSc",6627,2599970,500,"Moderate","2",2,TRUE,15.3000000000029
"1363","Y~Z",0.538836816861512,0.0593820795337214,0.5,"MC-OrdPLSc",6627,2599970,500,"Moderate","2",2,TRUE,15.3000000000029
"1364","Y~X:Z",0.233386149678838,0.103773972030465,0.3,"MC-OrdPLSc",6627,2599970,500,"Moderate","2",2,TRUE,15.3000000000029
"1365","X~~Z",0.180522094525333,0.0662678315814328,0.2,"MC-OrdPLSc",6627,2599970,500,"Moderate","2",2,TRUE,15.3000000000029
"1366","X=~x1",0.765146901069483,0.057479381804366,0.8,"PLSc",6627,2599970,500,"Moderate","2",2,TRUE,4.60999999998603
"1367","X=~x2",0.591308522364407,0.0634439446689577,0.8,"PLSc",6627,2599970,500,"Moderate","2",2,TRUE,4.60999999998603
"1368","X=~x3",0.642850321499926,0.0647505170375723,0.8,"PLSc",6627,2599970,500,"Moderate","2",2,TRUE,4.60999999998603
"1369","Z=~z1",0.575438843673246,0.0641973377556023,0.8,"PLSc",6627,2599970,500,"Moderate","2",2,TRUE,4.60999999998603
"1370","Z=~z2",0.746321252043747,0.0568890081957474,0.8,"PLSc",6627,2599970,500,"Moderate","2",2,TRUE,4.60999999998603
"1371","Z=~z3",0.616462197732337,0.0581943388430675,0.8,"PLSc",6627,2599970,500,"Moderate","2",2,TRUE,4.60999999998603
"1372","Y=~y1",0.637936401804401,0.049432447644351,0.8,"PLSc",6627,2599970,500,"Moderate","2",2,TRUE,4.60999999998603
"1373","Y=~y2",0.670025497759736,0.0475588670887979,0.8,"PLSc",6627,2599970,500,"Moderate","2",2,TRUE,4.60999999998603
"1374","Y=~y3",0.688901171389623,0.0483467883604563,0.8,"PLSc",6627,2599970,500,"Moderate","2",2,TRUE,4.60999999998603
"1375","Y~X",0.409510114831864,0.0650214998616143,0.4,"PLSc",6627,2599970,500,"Moderate","2",2,TRUE,4.60999999998603
"1376","Y~Z",0.46145252212256,0.0614670956047516,0.5,"PLSc",6627,2599970,500,"Moderate","2",2,TRUE,4.60999999998603
"1377","Y~X:Z",0.111867331629886,0.0737126032389335,0.3,"PLSc",6627,2599970,500,"Moderate","2",2,TRUE,4.60999999998603
"1378","X~~Z",0.330666523018838,0.0608661571452727,0.2,"PLSc",6627,2599970,500,"Moderate","2",2,TRUE,4.60999999998603
"1379","X=~x1",0.824148926514301,0.0228258035120937,0.8,"PLS",6627,2599970,500,"Moderate","2",2,TRUE,1.91000000000349
"1380","X=~x2",0.788904098285998,0.0291404699665154,0.8,"PLS",6627,2599970,500,"Moderate","2",2,TRUE,1.91000000000349
"1381","X=~x3",0.76800429923161,0.0321668481906617,0.8,"PLS",6627,2599970,500,"Moderate","2",2,TRUE,1.91000000000349
"1382","Z=~z1",0.747615593591925,0.0357170085330553,0.8,"PLS",6627,2599970,500,"Moderate","2",2,TRUE,1.91000000000349
"1383","Z=~z2",0.833640502160846,0.0225026297601652,0.8,"PLS",6627,2599970,500,"Moderate","2",2,TRUE,1.91000000000349
"1384","Z=~z3",0.759448191933303,0.0327309791826027,0.8,"PLS",6627,2599970,500,"Moderate","2",2,TRUE,1.91000000000349
"1385","Y=~y1",0.790492259121566,0.0252171614307336,0.8,"PLS",6627,2599970,500,"Moderate","2",2,TRUE,1.91000000000349
"1386","Y=~y2",0.783123524197656,0.0252788448774337,0.8,"PLS",6627,2599970,500,"Moderate","2",2,TRUE,1.91000000000349
"1387","Y=~y3",0.805276767424807,0.0230489982658187,0.8,"PLS",6627,2599970,500,"Moderate","2",2,TRUE,1.91000000000349
"1388","Y~X",0.322661090555126,0.0416757340924204,0.4,"PLS",6627,2599970,500,"Moderate","2",2,TRUE,1.91000000000349
"1389","Y~Z",0.347919589112244,0.0390658876052316,0.5,"PLS",6627,2599970,500,"Moderate","2",2,TRUE,1.91000000000349
"1390","Y~X:Z",0.0835355947364024,0.0395047439576685,0.3,"PLS",6627,2599970,500,"Moderate","2",2,TRUE,1.91000000000349
"1391","X~~Z",0.233750517319533,0.0432575469561392,0.2,"PLS",6627,2599970,500,"Moderate","2",2,TRUE,1.91000000000349
"1392","X=~x1",0.815,0.045,0.8,"Mplus",6627,2599970,500,"Moderate","2",2,TRUE,83.9400000000023
"1393","X=~x2",0.821,0.045,0.8,"Mplus",6627,2599970,500,"Moderate","2",2,TRUE,83.9400000000023
"1394","X=~x3",0.758,0.049,0.8,"Mplus",6627,2599970,500,"Moderate","2",2,TRUE,83.9400000000023
"1395","Z=~z1",0.724,0.05,0.8,"Mplus",6627,2599970,500,"Moderate","2",2,TRUE,83.9400000000023
"1396","Z=~z2",0.858,0.046,0.8,"Mplus",6627,2599970,500,"Moderate","2",2,TRUE,83.9400000000023
"1397","Z=~z3",0.727,0.051,0.8,"Mplus",6627,2599970,500,"Moderate","2",2,TRUE,83.9400000000023
"1398","Y=~y1",0.785,0.045,0.8,"Mplus",6627,2599970,500,"Moderate","2",2,TRUE,83.9400000000023
"1399","Y=~y2",0.76,0.046,0.8,"Mplus",6627,2599970,500,"Moderate","2",2,TRUE,83.9400000000023
"1400","Y=~y3",0.808,0.043,0.8,"Mplus",6627,2599970,500,"Moderate","2",2,TRUE,83.9400000000023
"1401","Y~X",0.408,0.069,0.4,"Mplus",6627,2599970,500,"Moderate","2",2,TRUE,83.9400000000023
"1402","Y~Z",0.496,0.066,0.5,"Mplus",6627,2599970,500,"Moderate","2",2,TRUE,83.9400000000023
"1403","Y~X:Z",0.174,0.105,0.3,"Mplus",6627,2599970,500,"Moderate","2",2,TRUE,83.9400000000023
"1404","X~~Z",0.365,0.065,0.2,"Mplus",6627,2599970,500,"Moderate","2",2,TRUE,83.9400000000023
"1405","X=~x1",0.371333462871304,0.198304300676498,0.5,"MC-OrdPLSc",6628,815266,500,"Moderate","2",3,TRUE,20.8000000000029
"1406","X=~x2",0.389146698042858,0.283662973070294,0.5,"MC-OrdPLSc",6628,815266,500,"Moderate","2",3,TRUE,20.8000000000029
"1407","X=~x3",0.633714838205639,0.292543381466435,0.5,"MC-OrdPLSc",6628,815266,500,"Moderate","2",3,TRUE,20.8000000000029
"1408","Z=~z1",0.642376531341766,0.202885822819618,0.5,"MC-OrdPLSc",6628,815266,500,"Moderate","2",3,TRUE,20.8000000000029
"1409","Z=~z2",0.489644083091438,0.169387391151808,0.5,"MC-OrdPLSc",6628,815266,500,"Moderate","2",3,TRUE,20.8000000000029
"1410","Z=~z3",0.308725363270455,0.168498624071073,0.5,"MC-OrdPLSc",6628,815266,500,"Moderate","2",3,TRUE,20.8000000000029
"1411","Y=~y1",0.508178164436901,0.13199068627688,0.5,"MC-OrdPLSc",6628,815266,500,"Moderate","2",3,TRUE,20.8000000000029
"1412","Y=~y2",0.482652663921271,0.123969677696848,0.5,"MC-OrdPLSc",6628,815266,500,"Moderate","2",3,TRUE,20.8000000000029
"1413","Y=~y3",0.428113705142284,0.116217074617086,0.5,"MC-OrdPLSc",6628,815266,500,"Moderate","2",3,TRUE,20.8000000000029
"1414","Y~X",0.414409793738891,0.175744262856728,0.4,"MC-OrdPLSc",6628,815266,500,"Moderate","2",3,TRUE,20.8000000000029
"1415","Y~Z",0.530391127937828,0.203563587666482,0.5,"MC-OrdPLSc",6628,815266,500,"Moderate","2",3,TRUE,20.8000000000029
"1416","Y~X:Z",0.23561150802649,0.273099408850123,0.3,"MC-OrdPLSc",6628,815266,500,"Moderate","2",3,TRUE,20.8000000000029
"1417","X~~Z",0.0637547314337378,0.142597721031212,0.2,"MC-OrdPLSc",6628,815266,500,"Moderate","2",3,TRUE,20.8000000000029
"1418","X=~x1",0.401958128430122,0.157621811654171,0.5,"PLSc",6628,815266,500,"Moderate","2",3,TRUE,5.0800000000163
"1419","X=~x2",0.415066273687778,0.165829973798775,0.5,"PLSc",6628,815266,500,"Moderate","2",3,TRUE,5.0800000000163
"1420","X=~x3",0.354060168558201,0.176626361401578,0.5,"PLSc",6628,815266,500,"Moderate","2",3,TRUE,5.0800000000163
"1421","Z=~z1",0.367850619449664,0.0826823310040232,0.5,"PLSc",6628,815266,500,"Moderate","2",3,TRUE,5.0800000000163
"1422","Z=~z2",0.478938217237556,0.0756316926000782,0.5,"PLSc",6628,815266,500,"Moderate","2",3,TRUE,5.0800000000163
"1423","Z=~z3",0.298988450224489,0.0797424665454729,0.5,"PLSc",6628,815266,500,"Moderate","2",3,TRUE,5.0800000000163
"1424","Y=~y1",0.425400048179938,0.0802698281717616,0.5,"PLSc",6628,815266,500,"Moderate","2",3,TRUE,5.0800000000163
"1425","Y=~y2",0.382766578954358,0.0816320084950437,0.5,"PLSc",6628,815266,500,"Moderate","2",3,TRUE,5.0800000000163
"1426","Y=~y3",0.506412311037573,0.0701407428523639,0.5,"PLSc",6628,815266,500,"Moderate","2",3,TRUE,5.0800000000163
"1427","Y~X",0.173208878988199,0.527977940597444,0.4,"PLSc",6628,815266,500,"Moderate","2",3,TRUE,5.0800000000163
"1428","Y~Z",0.705688795322784,0.917579165378542,0.5,"PLSc",6628,815266,500,"Moderate","2",3,TRUE,5.0800000000163
"1429","Y~X:Z",0.0119953276860096,1.36660874245417,0.3,"PLSc",6628,815266,500,"Moderate","2",3,TRUE,5.0800000000163
"1430","X~~Z",0.266262335103771,0.154380033732925,0.2,"PLSc",6628,815266,500,"Moderate","2",3,TRUE,5.0800000000163
"1431","X=~x1",0.654140666986425,0.188923758254032,0.5,"PLS",6628,815266,500,"Moderate","2",3,TRUE,2.45999999999185
"1432","X=~x2",0.690622862133984,0.172683305119298,0.5,"PLS",6628,815266,500,"Moderate","2",3,TRUE,2.45999999999185
"1433","X=~x3",0.632912693761527,0.195132659539469,0.5,"PLS",6628,815266,500,"Moderate","2",3,TRUE,2.45999999999185
"1434","Z=~z1",0.64639938094182,0.0856635500086446,0.5,"PLS",6628,815266,500,"Moderate","2",3,TRUE,2.45999999999185
"1435","Z=~z2",0.755183230853973,0.0664704916843479,0.5,"PLS",6628,815266,500,"Moderate","2",3,TRUE,2.45999999999185
"1436","Z=~z3",0.545211772776465,0.0984195726899808,0.5,"PLS",6628,815266,500,"Moderate","2",3,TRUE,2.45999999999185
"1437","Y=~y1",0.699275181169041,0.0652697546337767,0.5,"PLS",6628,815266,500,"Moderate","2",3,TRUE,2.45999999999185
"1438","Y=~y2",0.633427980786182,0.0763050916359965,0.5,"PLS",6628,815266,500,"Moderate","2",3,TRUE,2.45999999999185
"1439","Y=~y3",0.705445870177681,0.0703335094222963,0.5,"PLS",6628,815266,500,"Moderate","2",3,TRUE,2.45999999999185
"1440","Y~X",0.112259763008067,0.0430264941993852,0.4,"PLS",6628,815266,500,"Moderate","2",3,TRUE,2.45999999999185
"1441","Y~Z",0.280026617437109,0.0413047051480898,0.5,"PLS",6628,815266,500,"Moderate","2",3,TRUE,2.45999999999185
"1442","Y~X:Z",0.0361076720098119,0.0468546482549858,0.3,"PLS",6628,815266,500,"Moderate","2",3,TRUE,2.45999999999185
"1443","X~~Z",0.0941182441481005,0.0452578237249769,0.2,"PLS",6628,815266,500,"Moderate","2",3,TRUE,2.45999999999185
"1444","X=~x1",0.379,0.093,0.5,"Mplus",6628,815266,500,"Moderate","2",3,TRUE,138.970000000001
"1445","X=~x2",0.5,0.108,0.5,"Mplus",6628,815266,500,"Moderate","2",3,TRUE,138.970000000001
"1446","X=~x3",0.515,0.111,0.5,"Mplus",6628,815266,500,"Moderate","2",3,TRUE,138.970000000001
"1447","Z=~z1",0.459,0.09,0.5,"Mplus",6628,815266,500,"Moderate","2",3,TRUE,138.970000000001
"1448","Z=~z2",0.497,0.089,0.5,"Mplus",6628,815266,500,"Moderate","2",3,TRUE,138.970000000001
"1449","Z=~z3",0.386,0.084,0.5,"Mplus",6628,815266,500,"Moderate","2",3,TRUE,138.970000000001
"1450","Y=~y1",0.634,0.09,0.5,"Mplus",6628,815266,500,"Moderate","2",3,TRUE,138.970000000001
"1451","Y=~y2",0.526,0.082,0.5,"Mplus",6628,815266,500,"Moderate","2",3,TRUE,138.970000000001
"1452","Y=~y3",0.46,0.082,0.5,"Mplus",6628,815266,500,"Moderate","2",3,TRUE,138.970000000001
"1453","Y~X",0.117,0.145,0.4,"Mplus",6628,815266,500,"Moderate","2",3,TRUE,138.970000000001
"1454","Y~Z",0.681,0.138,0.5,"Mplus",6628,815266,500,"Moderate","2",3,TRUE,138.970000000001
"1455","Y~X:Z",0.3,0.171,0.3,"Mplus",6628,815266,500,"Moderate","2",3,TRUE,138.970000000001
"1456","X~~Z",0.281,0.131,0.2,"Mplus",6628,815266,500,"Moderate","2",3,TRUE,138.970000000001
"1457","X=~x1",0.800647116263456,0.035389274103924,0.8,"MC-OrdPLSc",6629,6626443,1000,"Moderate","2",2,TRUE,19.6599999999962
"1458","X=~x2",0.832826120864134,0.034238767643157,0.8,"MC-OrdPLSc",6629,6626443,1000,"Moderate","2",2,TRUE,19.6599999999962
"1459","X=~x3",0.778522712230989,0.0349856453498069,0.8,"MC-OrdPLSc",6629,6626443,1000,"Moderate","2",2,TRUE,19.6599999999962
"1460","Z=~z1",0.803659160035967,0.0375877060492706,0.8,"MC-OrdPLSc",6629,6626443,1000,"Moderate","2",2,TRUE,19.6599999999962
"1461","Z=~z2",0.827089321666246,0.0319318020736944,0.8,"MC-OrdPLSc",6629,6626443,1000,"Moderate","2",2,TRUE,19.6599999999962
"1462","Z=~z3",0.846781655702776,0.0335224609475582,0.8,"MC-OrdPLSc",6629,6626443,1000,"Moderate","2",2,TRUE,19.6599999999962
"1463","Y=~y1",0.80377929444933,0.0332432561064619,0.8,"MC-OrdPLSc",6629,6626443,1000,"Moderate","2",2,TRUE,19.6599999999962
"1464","Y=~y2",0.744648897164421,0.0374046637757614,0.8,"MC-OrdPLSc",6629,6626443,1000,"Moderate","2",2,TRUE,19.6599999999962
"1465","Y=~y3",0.824899432574856,0.0285442109423356,0.8,"MC-OrdPLSc",6629,6626443,1000,"Moderate","2",2,TRUE,19.6599999999962
"1466","Y~X",0.433741735711331,0.0475467526933919,0.4,"MC-OrdPLSc",6629,6626443,1000,"Moderate","2",2,TRUE,19.6599999999962
"1467","Y~Z",0.432391547565846,0.0435303903903411,0.5,"MC-OrdPLSc",6629,6626443,1000,"Moderate","2",2,TRUE,19.6599999999962
"1468","Y~X:Z",0.325006784136228,0.0791351526687921,0.3,"MC-OrdPLSc",6629,6626443,1000,"Moderate","2",2,TRUE,19.6599999999962
"1469","X~~Z",0.197298114280382,0.0533120922530161,0.2,"MC-OrdPLSc",6629,6626443,1000,"Moderate","2",2,TRUE,19.6599999999962
"1470","X=~x1",0.751327862989144,0.0590567579277962,0.8,"PLSc",6629,6626443,1000,"Moderate","2",2,TRUE,6.64000000001397
"1471","X=~x2",0.66313711767249,0.0573118332065468,0.8,"PLSc",6629,6626443,1000,"Moderate","2",2,TRUE,6.64000000001397
"1472","X=~x3",0.537335699602837,0.062906095090733,0.8,"PLSc",6629,6626443,1000,"Moderate","2",2,TRUE,6.64000000001397
"1473","Z=~z1",0.682126573605693,0.0448345494594549,0.8,"PLSc",6629,6626443,1000,"Moderate","2",2,TRUE,6.64000000001397
"1474","Z=~z2",0.690966357240543,0.0446349357781244,0.8,"PLSc",6629,6626443,1000,"Moderate","2",2,TRUE,6.64000000001397
"1475","Z=~z3",0.62148225070613,0.0482000555978639,0.8,"PLSc",6629,6626443,1000,"Moderate","2",2,TRUE,6.64000000001397
"1476","Y=~y1",0.674265783035042,0.0375426588352323,0.8,"PLSc",6629,6626443,1000,"Moderate","2",2,TRUE,6.64000000001397
"1477","Y=~y2",0.58702051694309,0.0385654662593215,0.8,"PLSc",6629,6626443,1000,"Moderate","2",2,TRUE,6.64000000001397
"1478","Y=~y3",0.70844172942022,0.035015828673031,0.8,"PLSc",6629,6626443,1000,"Moderate","2",2,TRUE,6.64000000001397
"1479","Y~X",0.334136119903178,0.0405603179072467,0.4,"PLSc",6629,6626443,1000,"Moderate","2",2,TRUE,6.64000000001397
"1480","Y~Z",0.50319158899322,0.0451784452957302,0.5,"PLSc",6629,6626443,1000,"Moderate","2",2,TRUE,6.64000000001397
"1481","Y~X:Z",0.234007989365467,0.052172789212848,0.3,"PLSc",6629,6626443,1000,"Moderate","2",2,TRUE,6.64000000001397
"1482","X~~Z",0.127000757866691,0.0461238610204114,0.2,"PLSc",6629,6626443,1000,"Moderate","2",2,TRUE,6.64000000001397
"1483","X=~x1",0.818420439342727,0.0229030376186701,0.8,"PLS",6629,6626443,1000,"Moderate","2",2,TRUE,1.98000000001048
"1484","X=~x2",0.779582116553873,0.02667726077008,0.8,"PLS",6629,6626443,1000,"Moderate","2",2,TRUE,1.98000000001048
"1485","X=~x3",0.758184832499307,0.0283869654794028,0.8,"PLS",6629,6626443,1000,"Moderate","2",2,TRUE,1.98000000001048
"1486","Z=~z1",0.794252267929583,0.0205501942586819,0.8,"PLS",6629,6626443,1000,"Moderate","2",2,TRUE,1.98000000001048
"1487","Z=~z2",0.812911095857047,0.0186520872511022,0.8,"PLS",6629,6626443,1000,"Moderate","2",2,TRUE,1.98000000001048
"1488","Z=~z3",0.76935661560887,0.0241888648894589,0.8,"PLS",6629,6626443,1000,"Moderate","2",2,TRUE,1.98000000001048
"1489","Y=~y1",0.798034662125533,0.0180613027568408,0.8,"PLS",6629,6626443,1000,"Moderate","2",2,TRUE,1.98000000001048
"1490","Y=~y2",0.755756747923552,0.0221466686555364,0.8,"PLS",6629,6626443,1000,"Moderate","2",2,TRUE,1.98000000001048
"1491","Y=~y3",0.808590719560236,0.0159785449570752,0.8,"PLS",6629,6626443,1000,"Moderate","2",2,TRUE,1.98000000001048
"1492","Y~X",0.254851557409453,0.0260155867177333,0.4,"PLS",6629,6626443,1000,"Moderate","2",2,TRUE,1.98000000001048
"1493","Y~Z",0.362669089412861,0.0293974374479836,0.5,"PLS",6629,6626443,1000,"Moderate","2",2,TRUE,1.98000000001048
"1494","Y~X:Z",0.146415726467071,0.0287601222407679,0.3,"PLS",6629,6626443,1000,"Moderate","2",2,TRUE,1.98000000001048
"1495","X~~Z",0.0896386551628066,0.0327510523415538,0.2,"PLS",6629,6626443,1000,"Moderate","2",2,TRUE,1.98000000001048
"1496","X=~x1",0.795,0.035,0.8,"Mplus",6629,6626443,1000,"Moderate","2",2,TRUE,173.339999999997
"1497","X=~x2",0.755,0.037,0.8,"Mplus",6629,6626443,1000,"Moderate","2",2,TRUE,173.339999999997
"1498","X=~x3",0.792,0.035,0.8,"Mplus",6629,6626443,1000,"Moderate","2",2,TRUE,173.339999999997
"1499","Z=~z1",0.783,0.033,0.8,"Mplus",6629,6626443,1000,"Moderate","2",2,TRUE,173.339999999997
"1500","Z=~z2",0.834,0.032,0.8,"Mplus",6629,6626443,1000,"Moderate","2",2,TRUE,173.339999999997
"1501","Z=~z3",0.754,0.034,0.8,"Mplus",6629,6626443,1000,"Moderate","2",2,TRUE,173.339999999997
"1502","Y=~y1",0.802,0.033,0.8,"Mplus",6629,6626443,1000,"Moderate","2",2,TRUE,173.339999999997
"1503","Y=~y2",0.733,0.035,0.8,"Mplus",6629,6626443,1000,"Moderate","2",2,TRUE,173.339999999997
"1504","Y=~y3",0.806,0.033,0.8,"Mplus",6629,6626443,1000,"Moderate","2",2,TRUE,173.339999999997
"1505","Y~X",0.336,0.048,0.4,"Mplus",6629,6626443,1000,"Moderate","2",2,TRUE,173.339999999997
"1506","Y~Z",0.544,0.043,0.5,"Mplus",6629,6626443,1000,"Moderate","2",2,TRUE,173.339999999997
"1507","Y~X:Z",0.29,0.066,0.3,"Mplus",6629,6626443,1000,"Moderate","2",2,TRUE,173.339999999997
"1508","X~~Z",0.141,0.05,0.2,"Mplus",6629,6626443,1000,"Moderate","2",2,TRUE,173.339999999997
"1509","X=~x1",0.424594217795728,0.105726340729085,0.5,"MC-OrdPLSc",6630,4693941,1000,"Moderate","2",3,TRUE,26.1699999999983
"1510","X=~x2",0.497584638063938,0.105375180961042,0.5,"MC-OrdPLSc",6630,4693941,1000,"Moderate","2",3,TRUE,26.1699999999983
"1511","X=~x3",0.488209610504804,0.114168338409999,0.5,"MC-OrdPLSc",6630,4693941,1000,"Moderate","2",3,TRUE,26.1699999999983
"1512","Z=~z1",0.496401932483293,0.0692344047223151,0.5,"MC-OrdPLSc",6630,4693941,1000,"Moderate","2",3,TRUE,26.1699999999983
"1513","Z=~z2",0.474966308108198,0.0682330320695615,0.5,"MC-OrdPLSc",6630,4693941,1000,"Moderate","2",3,TRUE,26.1699999999983
"1514","Z=~z3",0.455281606128568,0.0605261309873537,0.5,"MC-OrdPLSc",6630,4693941,1000,"Moderate","2",3,TRUE,26.1699999999983
"1515","Y=~y1",0.584967739707742,0.0728913274653733,0.5,"MC-OrdPLSc",6630,4693941,1000,"Moderate","2",3,TRUE,26.1699999999983
"1516","Y=~y2",0.59284729844439,0.0834152524441527,0.5,"MC-OrdPLSc",6630,4693941,1000,"Moderate","2",3,TRUE,26.1699999999983
"1517","Y=~y3",0.583550909492477,0.0627955608082444,0.5,"MC-OrdPLSc",6630,4693941,1000,"Moderate","2",3,TRUE,26.1699999999983
"1518","Y~X",0.338308639617393,0.101459528559279,0.4,"MC-OrdPLSc",6630,4693941,1000,"Moderate","2",3,TRUE,26.1699999999983
"1519","Y~Z",0.615745432410724,0.113815551560604,0.5,"MC-OrdPLSc",6630,4693941,1000,"Moderate","2",3,TRUE,26.1699999999983
"1520","Y~X:Z",0.465527060151432,0.216834650458049,0.3,"MC-OrdPLSc",6630,4693941,1000,"Moderate","2",3,TRUE,26.1699999999983
"1521","X~~Z",0.18661208987178,0.0971932867183114,0.2,"MC-OrdPLSc",6630,4693941,1000,"Moderate","2",3,TRUE,26.1699999999983
"1522","X=~x1",0.479942753164539,0.0897412846911176,0.5,"PLSc",6630,4693941,1000,"Moderate","2",3,TRUE,7.44999999998254
"1523","X=~x2",0.396251494221323,0.0973372068873928,0.5,"PLSc",6630,4693941,1000,"Moderate","2",3,TRUE,7.44999999998254
"1524","X=~x3",0.383240958329281,0.0955639150641888,0.5,"PLSc",6630,4693941,1000,"Moderate","2",3,TRUE,7.44999999998254
"1525","Z=~z1",0.351009785144629,0.076224529410088,0.5,"PLSc",6630,4693941,1000,"Moderate","2",3,TRUE,7.44999999998254
"1526","Z=~z2",0.399714285392132,0.074490487901397,0.5,"PLSc",6630,4693941,1000,"Moderate","2",3,TRUE,7.44999999998254
"1527","Z=~z3",0.408369094714106,0.0699579997672169,0.5,"PLSc",6630,4693941,1000,"Moderate","2",3,TRUE,7.44999999998254
"1528","Y=~y1",0.41933450763376,0.0609258938815095,0.5,"PLSc",6630,4693941,1000,"Moderate","2",3,TRUE,7.44999999998254
"1529","Y=~y2",0.459647221579975,0.0637004586068887,0.5,"PLSc",6630,4693941,1000,"Moderate","2",3,TRUE,7.44999999998254
"1530","Y=~y3",0.399010459038467,0.0638790391628444,0.5,"PLSc",6630,4693941,1000,"Moderate","2",3,TRUE,7.44999999998254
"1531","Y~X",0.365524863939592,0.694608003018478,0.4,"PLSc",6630,4693941,1000,"Moderate","2",3,TRUE,7.44999999998254
"1532","Y~Z",0.538419429411269,1.36218149315739,0.5,"PLSc",6630,4693941,1000,"Moderate","2",3,TRUE,7.44999999998254
"1533","Y~X:Z",0.294810977240702,3.05706886955017,0.3,"PLSc",6630,4693941,1000,"Moderate","2",3,TRUE,7.44999999998254
"1534","X~~Z",0.0720092198431362,0.0807876903920829,0.2,"PLSc",6630,4693941,1000,"Moderate","2",3,TRUE,7.44999999998254
"1535","X=~x1",0.728263194301352,0.0800607413859183,0.5,"PLS",6630,4693941,1000,"Moderate","2",3,TRUE,2.3300000000163
"1536","X=~x2",0.639259091553228,0.100391610435152,0.5,"PLS",6630,4693941,1000,"Moderate","2",3,TRUE,2.3300000000163
"1537","X=~x3",0.641647161817614,0.0960509430609273,0.5,"PLS",6630,4693941,1000,"Moderate","2",3,TRUE,2.3300000000163
"1538","Z=~z1",0.610261240129709,0.0886430044278235,0.5,"PLS",6630,4693941,1000,"Moderate","2",3,TRUE,2.3300000000163
"1539","Z=~z2",0.667927941132882,0.0824057389104994,0.5,"PLS",6630,4693941,1000,"Moderate","2",3,TRUE,2.3300000000163
"1540","Z=~z3",0.692221531038887,0.0718599572452999,0.5,"PLS",6630,4693941,1000,"Moderate","2",3,TRUE,2.3300000000163
"1541","Y=~y1",0.667203252095045,0.0576461863954782,0.5,"PLS",6630,4693941,1000,"Moderate","2",3,TRUE,2.3300000000163
"1542","Y=~y2",0.69607677178527,0.0597968216197259,0.5,"PLS",6630,4693941,1000,"Moderate","2",3,TRUE,2.3300000000163
"1543","Y=~y3",0.658533067633205,0.0588171072741478,0.5,"PLS",6630,4693941,1000,"Moderate","2",3,TRUE,2.3300000000163
"1544","Y~X",0.1613150004252,0.0302340278564811,0.4,"PLS",6630,4693941,1000,"Moderate","2",3,TRUE,2.3300000000163
"1545","Y~Z",0.202963404035149,0.032058145836526,0.5,"PLS",6630,4693941,1000,"Moderate","2",3,TRUE,2.3300000000163
"1546","Y~X:Z",0.0496101074660784,0.0321578651742427,0.3,"PLS",6630,4693941,1000,"Moderate","2",3,TRUE,2.3300000000163
"1547","X~~Z",0.0266865754505021,0.0298967661812586,0.2,"PLS",6630,4693941,1000,"Moderate","2",3,TRUE,2.3300000000163
"1548","X=~x1",0.519,0.071,0.5,"Mplus",6630,4693941,1000,"Moderate","2",3,TRUE,225.859999999986
"1549","X=~x2",0.461,0.066,0.5,"Mplus",6630,4693941,1000,"Moderate","2",3,TRUE,225.859999999986
"1550","X=~x3",0.509,0.07,0.5,"Mplus",6630,4693941,1000,"Moderate","2",3,TRUE,225.859999999986
"1551","Z=~z1",0.403,0.065,0.5,"Mplus",6630,4693941,1000,"Moderate","2",3,TRUE,225.859999999986
"1552","Z=~z2",0.448,0.069,0.5,"Mplus",6630,4693941,1000,"Moderate","2",3,TRUE,225.859999999986
"1553","Z=~z3",0.519,0.075,0.5,"Mplus",6630,4693941,1000,"Moderate","2",3,TRUE,225.859999999986
"1554","Y=~y1",0.511,0.062,0.5,"Mplus",6630,4693941,1000,"Moderate","2",3,TRUE,225.859999999986
"1555","Y=~y2",0.483,0.061,0.5,"Mplus",6630,4693941,1000,"Moderate","2",3,TRUE,225.859999999986
"1556","Y=~y3",0.525,0.063,0.5,"Mplus",6630,4693941,1000,"Moderate","2",3,TRUE,225.859999999986
"1557","Y~X",0.354,0.09,0.4,"Mplus",6630,4693941,1000,"Moderate","2",3,TRUE,225.859999999986
"1558","Y~Z",0.506,0.093,0.5,"Mplus",6630,4693941,1000,"Moderate","2",3,TRUE,225.859999999986
"1559","Y~X:Z",0.246,0.147,0.3,"Mplus",6630,4693941,1000,"Moderate","2",3,TRUE,225.859999999986
"1560","X~~Z",0.094,0.089,0.2,"Mplus",6630,4693941,1000,"Moderate","2",3,TRUE,225.859999999986
"1561","X=~x1",0.686105176952395,0.0695668339998895,0.8,"MC-OrdPLSc",6631,9964290,200,"Moderate","3",2,TRUE,15.8300000000017
"1562","X=~x2",0.870495070204784,0.0644754469117366,0.8,"MC-OrdPLSc",6631,9964290,200,"Moderate","3",2,TRUE,15.8300000000017
"1563","X=~x3",0.837803743970523,0.0686770026271976,0.8,"MC-OrdPLSc",6631,9964290,200,"Moderate","3",2,TRUE,15.8300000000017
"1564","Z=~z1",0.713615626905507,0.0559287131128194,0.8,"MC-OrdPLSc",6631,9964290,200,"Moderate","3",2,TRUE,15.8300000000017
"1565","Z=~z2",0.767526424545741,0.0662503549284052,0.8,"MC-OrdPLSc",6631,9964290,200,"Moderate","3",2,TRUE,15.8300000000017
"1566","Z=~z3",0.678646107219113,0.0608593437997381,0.8,"MC-OrdPLSc",6631,9964290,200,"Moderate","3",2,TRUE,15.8300000000017
"1567","Y=~y1",0.776721075166775,0.0438513104234586,0.8,"MC-OrdPLSc",6631,9964290,200,"Moderate","3",2,TRUE,15.8300000000017
"1568","Y=~y2",0.7567739696041,0.052964721614423,0.8,"MC-OrdPLSc",6631,9964290,200,"Moderate","3",2,TRUE,15.8300000000017
"1569","Y=~y3",0.848058056111534,0.0504706700094489,0.8,"MC-OrdPLSc",6631,9964290,200,"Moderate","3",2,TRUE,15.8300000000017
"1570","Y~X",0.245919936934166,0.0835057495077756,0.4,"MC-OrdPLSc",6631,9964290,200,"Moderate","3",2,TRUE,15.8300000000017
"1571","Y~Z",0.692227503837429,0.0732215814211674,0.5,"MC-OrdPLSc",6631,9964290,200,"Moderate","3",2,TRUE,15.8300000000017
"1572","Y~X:Z",0.123792343093083,0.130117736998953,0.3,"MC-OrdPLSc",6631,9964290,200,"Moderate","3",2,TRUE,15.8300000000017
"1573","X~~Z",0.325192606716522,0.0824860776815301,0.2,"MC-OrdPLSc",6631,9964290,200,"Moderate","3",2,TRUE,15.8300000000017
"1574","X=~x1",0.738209786246152,0.115592434462715,0.8,"PLSc",6631,9964290,200,"Moderate","3",2,TRUE,3.11999999999534
"1575","X=~x2",0.780805995815536,0.107576561846394,0.8,"PLSc",6631,9964290,200,"Moderate","3",2,TRUE,3.11999999999534
"1576","X=~x3",0.716974504142864,0.10860502792778,0.8,"PLSc",6631,9964290,200,"Moderate","3",2,TRUE,3.11999999999534
"1577","Z=~z1",0.716384608376917,0.103597742442718,0.8,"PLSc",6631,9964290,200,"Moderate","3",2,TRUE,3.11999999999534
"1578","Z=~z2",0.805857491962306,0.095473966200204,0.8,"PLSc",6631,9964290,200,"Moderate","3",2,TRUE,3.11999999999534
"1579","Z=~z3",0.650006353661425,0.109571252592361,0.8,"PLSc",6631,9964290,200,"Moderate","3",2,TRUE,3.11999999999534
"1580","Y=~y1",0.719366227642893,0.0820925435057836,0.8,"PLSc",6631,9964290,200,"Moderate","3",2,TRUE,3.11999999999534
"1581","Y=~y2",0.707176035990153,0.0854042640179706,0.8,"PLSc",6631,9964290,200,"Moderate","3",2,TRUE,3.11999999999534
"1582","Y=~y3",0.743818807746364,0.0772207508993538,0.8,"PLSc",6631,9964290,200,"Moderate","3",2,TRUE,3.11999999999534
"1583","Y~X",0.326891925474751,0.088093832848068,0.4,"PLSc",6631,9964290,200,"Moderate","3",2,TRUE,3.11999999999534
"1584","Y~Z",0.370839565845426,0.0772708745916345,0.5,"PLSc",6631,9964290,200,"Moderate","3",2,TRUE,3.11999999999534
"1585","Y~X:Z",0.261877846398375,0.0731533500659794,0.3,"PLSc",6631,9964290,200,"Moderate","3",2,TRUE,3.11999999999534
"1586","X~~Z",0.228887703726711,0.087458310215651,0.2,"PLSc",6631,9964290,200,"Moderate","3",2,TRUE,3.11999999999534
"1587","X=~x1",0.841004783367118,0.0362343607782049,0.8,"PLS",6631,9964290,200,"Moderate","3",2,TRUE,2.02999999999884
"1588","X=~x2",0.836903083070986,0.0342864034971399,0.8,"PLS",6631,9964290,200,"Moderate","3",2,TRUE,2.02999999999884
"1589","X=~x3",0.839530332725281,0.0376599257883017,0.8,"PLS",6631,9964290,200,"Moderate","3",2,TRUE,2.02999999999884
"1590","Z=~z1",0.818424287887663,0.0362392340913869,0.8,"PLS",6631,9964290,200,"Moderate","3",2,TRUE,2.02999999999884
"1591","Z=~z2",0.867156449527479,0.0258618709879589,0.8,"PLS",6631,9964290,200,"Moderate","3",2,TRUE,2.02999999999884
"1592","Z=~z3",0.789610160988008,0.0470932226233187,0.8,"PLS",6631,9964290,200,"Moderate","3",2,TRUE,2.02999999999884
"1593","Y=~y1",0.831500305022935,0.0328817370714155,0.8,"PLS",6631,9964290,200,"Moderate","3",2,TRUE,2.02999999999884
"1594","Y=~y2",0.833376094351282,0.0346943673727772,0.8,"PLS",6631,9964290,200,"Moderate","3",2,TRUE,2.02999999999884
"1595","Y=~y3",0.813890724333615,0.0363727202436346,0.8,"PLS",6631,9964290,200,"Moderate","3",2,TRUE,2.02999999999884
"1596","Y~X",0.274929531521601,0.064128427392763,0.4,"PLS",6631,9964290,200,"Moderate","3",2,TRUE,2.02999999999884
"1597","Y~Z",0.299756506138567,0.0556653515938785,0.5,"PLS",6631,9964290,200,"Moderate","3",2,TRUE,2.02999999999884
"1598","Y~X:Z",0.195060523648975,0.0530963413944799,0.3,"PLS",6631,9964290,200,"Moderate","3",2,TRUE,2.02999999999884
"1599","X~~Z",0.179429224490728,0.0699975217051372,0.2,"PLS",6631,9964290,200,"Moderate","3",2,TRUE,2.02999999999884
"1600","X=~x1",0.822,0.05,0.8,"Mplus",6631,9964290,200,"Moderate","3",2,TRUE,116.369999999995
"1601","X=~x2",0.781,0.054,0.8,"Mplus",6631,9964290,200,"Moderate","3",2,TRUE,116.369999999995
"1602","X=~x3",0.83,0.049,0.8,"Mplus",6631,9964290,200,"Moderate","3",2,TRUE,116.369999999995
"1603","Z=~z1",0.742,0.058,0.8,"Mplus",6631,9964290,200,"Moderate","3",2,TRUE,116.369999999995
"1604","Z=~z2",0.887,0.051,0.8,"Mplus",6631,9964290,200,"Moderate","3",2,TRUE,116.369999999995
"1605","Z=~z3",0.725,0.06,0.8,"Mplus",6631,9964290,200,"Moderate","3",2,TRUE,116.369999999995
"1606","Y=~y1",0.821,0.051,0.8,"Mplus",6631,9964290,200,"Moderate","3",2,TRUE,116.369999999995
"1607","Y=~y2",0.836,0.051,0.8,"Mplus",6631,9964290,200,"Moderate","3",2,TRUE,116.369999999995
"1608","Y=~y3",0.742,0.058,0.8,"Mplus",6631,9964290,200,"Moderate","3",2,TRUE,116.369999999995
"1609","Y~X",0.332,0.083,0.4,"Mplus",6631,9964290,200,"Moderate","3",2,TRUE,116.369999999995
"1610","Y~Z",0.396,0.083,0.5,"Mplus",6631,9964290,200,"Moderate","3",2,TRUE,116.369999999995
"1611","Y~X:Z",0.364,0.082,0.3,"Mplus",6631,9964290,200,"Moderate","3",2,TRUE,116.369999999995
"1612","X~~Z",0.259,0.087,0.2,"Mplus",6631,9964290,200,"Moderate","3",2,TRUE,116.369999999995
"1613","X=~x1",0.465011465574552,0.566349933984719,0.5,"MC-OrdPLSc",6632,9353424,200,"Moderate","3",3,TRUE,20.8100000000049
"1614","X=~x2",0.710145363928253,0.784491664674298,0.5,"MC-OrdPLSc",6632,9353424,200,"Moderate","3",3,TRUE,20.8100000000049
"1615","X=~x3",0.235723650517612,0.400388393822484,0.5,"MC-OrdPLSc",6632,9353424,200,"Moderate","3",3,TRUE,20.8100000000049
"1616","Z=~z1",0.348024236582614,0.105083699836592,0.5,"MC-OrdPLSc",6632,9353424,200,"Moderate","3",3,TRUE,20.8100000000049
"1617","Z=~z2",0.420528854427284,0.107081597542676,0.5,"MC-OrdPLSc",6632,9353424,200,"Moderate","3",3,TRUE,20.8100000000049
"1618","Z=~z3",0.657513528738943,0.160665373197928,0.5,"MC-OrdPLSc",6632,9353424,200,"Moderate","3",3,TRUE,20.8100000000049
"1619","Y=~y1",0.403787610638986,0.107729198258612,0.5,"MC-OrdPLSc",6632,9353424,200,"Moderate","3",3,TRUE,20.8100000000049
"1620","Y=~y2",0.542689016466433,0.144017494365471,0.5,"MC-OrdPLSc",6632,9353424,200,"Moderate","3",3,TRUE,20.8100000000049
"1621","Y=~y3",0.580213330630619,0.13759887924361,0.5,"MC-OrdPLSc",6632,9353424,200,"Moderate","3",3,TRUE,20.8100000000049
"1622","Y~X",0.409382349229232,0.321098821512549,0.4,"MC-OrdPLSc",6632,9353424,200,"Moderate","3",3,TRUE,20.8100000000049
"1623","Y~Z",0.861302346866888,0.182322627093233,0.5,"MC-OrdPLSc",6632,9353424,200,"Moderate","3",3,TRUE,20.8100000000049
"1624","Y~X:Z",0.220861853676919,0.350651757209644,0.3,"MC-OrdPLSc",6632,9353424,200,"Moderate","3",3,TRUE,20.8100000000049
"1625","X~~Z",-0.125635089758859,0.175064857511362,0.2,"MC-OrdPLSc",6632,9353424,200,"Moderate","3",3,TRUE,20.8100000000049
"1626","X=~x1",0.375701075536574,0.224154956032262,0.5,"PLSc",6632,9353424,200,"Moderate","3",3,TRUE,4.38999999998487
"1627","X=~x2",0.884059776545703,0.213385741841609,0.5,"PLSc",6632,9353424,200,"Moderate","3",3,TRUE,4.38999999998487
"1628","X=~x3",0.174485305655111,0.279630633959419,0.5,"PLSc",6632,9353424,200,"Moderate","3",3,TRUE,4.38999999998487
"1629","Z=~z1",0.387911848928136,0.137193409333273,0.5,"PLSc",6632,9353424,200,"Moderate","3",3,TRUE,4.38999999998487
"1630","Z=~z2",0.625016206937894,0.13082302752077,0.5,"PLSc",6632,9353424,200,"Moderate","3",3,TRUE,4.38999999998487
"1631","Z=~z3",0.497220620269159,0.122319540672091,0.5,"PLSc",6632,9353424,200,"Moderate","3",3,TRUE,4.38999999998487
"1632","Y=~y1",0.312462689647761,0.12814671574442,0.5,"PLSc",6632,9353424,200,"Moderate","3",3,TRUE,4.38999999998487
"1633","Y=~y2",0.521068416415599,0.111446109284693,0.5,"PLSc",6632,9353424,200,"Moderate","3",3,TRUE,4.38999999998487
"1634","Y=~y3",0.537571215111158,0.107794853998314,0.5,"PLSc",6632,9353424,200,"Moderate","3",3,TRUE,4.38999999998487
"1635","Y~X",0.353793745224655,2.96172011824569,0.4,"PLSc",6632,9353424,200,"Moderate","3",3,TRUE,4.38999999998487
"1636","Y~Z",0.697234195654524,2.31120554480683,0.5,"PLSc",6632,9353424,200,"Moderate","3",3,TRUE,4.38999999998487
"1637","Y~X:Z",0.352848806391536,5.51618201350447,0.3,"PLSc",6632,9353424,200,"Moderate","3",3,TRUE,4.38999999998487
"1638","X~~Z",-0.016469715794464,0.144347668397048,0.2,"PLSc",6632,9353424,200,"Moderate","3",3,TRUE,4.38999999998487
"1639","X=~x1",0.603622018917739,0.233586184877561,0.5,"PLS",6632,9353424,200,"Moderate","3",3,TRUE,2.92000000001281
"1640","X=~x2",0.921636348855878,0.120377865379002,0.5,"PLS",6632,9353424,200,"Moderate","3",3,TRUE,2.92000000001281
"1641","X=~x3",0.386744408908113,0.319832429967506,0.5,"PLS",6632,9353424,200,"Moderate","3",3,TRUE,2.92000000001281
"1642","Z=~z1",0.632958053810876,0.1099266834753,0.5,"PLS",6632,9353424,200,"Moderate","3",3,TRUE,2.92000000001281
"1643","Z=~z2",0.808912823657522,0.0695005670506357,0.5,"PLS",6632,9353424,200,"Moderate","3",3,TRUE,2.92000000001281
"1644","Z=~z3",0.668023479538111,0.110939753526204,0.5,"PLS",6632,9353424,200,"Moderate","3",3,TRUE,2.92000000001281
"1645","Y=~y1",0.579777315334487,0.123454149115703,0.5,"PLS",6632,9353424,200,"Moderate","3",3,TRUE,2.92000000001281
"1646","Y=~y2",0.75384856143852,0.0824174622759793,0.5,"PLS",6632,9353424,200,"Moderate","3",3,TRUE,2.92000000001281
"1647","Y=~y3",0.72091458310011,0.0950172772459553,0.5,"PLS",6632,9353424,200,"Moderate","3",3,TRUE,2.92000000001281
"1648","Y~X",0.196025463931998,0.0640165249747142,0.4,"PLS",6632,9353424,200,"Moderate","3",3,TRUE,2.92000000001281
"1649","Y~Z",0.331255547795847,0.059107027929062,0.5,"PLS",6632,9353424,200,"Moderate","3",3,TRUE,2.92000000001281
"1650","Y~X:Z",0.105003954165767,0.0672691900767272,0.3,"PLS",6632,9353424,200,"Moderate","3",3,TRUE,2.92000000001281
"1651","X~~Z",-0.0103011056584517,0.0702842693686578,0.2,"PLS",6632,9353424,200,"Moderate","3",3,TRUE,2.92000000001281
"1652","X=~x1",0.528,0.123,0.5,"Mplus",6632,9353424,200,"Moderate","3",3,TRUE,127.820000000007
"1653","X=~x2",0.598,0.139,0.5,"Mplus",6632,9353424,200,"Moderate","3",3,TRUE,127.820000000007
"1654","X=~x3",0.401,0.113,0.5,"Mplus",6632,9353424,200,"Moderate","3",3,TRUE,127.820000000007
"1655","Z=~z1",0.46,0.091,0.5,"Mplus",6632,9353424,200,"Moderate","3",3,TRUE,127.820000000007
"1656","Z=~z2",0.738,0.113,0.5,"Mplus",6632,9353424,200,"Moderate","3",3,TRUE,127.820000000007
"1657","Z=~z3",0.434,0.101,0.5,"Mplus",6632,9353424,200,"Moderate","3",3,TRUE,127.820000000007
"1658","Y=~y1",0.513,0.103,0.5,"Mplus",6632,9353424,200,"Moderate","3",3,TRUE,127.820000000007
"1659","Y=~y2",0.611,0.106,0.5,"Mplus",6632,9353424,200,"Moderate","3",3,TRUE,127.820000000007
"1660","Y=~y3",0.424,0.102,0.5,"Mplus",6632,9353424,200,"Moderate","3",3,TRUE,127.820000000007
"1661","Y~X",0.328,0.14,0.4,"Mplus",6632,9353424,200,"Moderate","3",3,TRUE,127.820000000007
"1662","Y~Z",0.596,0.13,0.5,"Mplus",6632,9353424,200,"Moderate","3",3,TRUE,127.820000000007
"1663","Y~X:Z",0.333,0.171,0.3,"Mplus",6632,9353424,200,"Moderate","3",3,TRUE,127.820000000007
"1664","X~~Z",0.027,0.135,0.2,"Mplus",6632,9353424,200,"Moderate","3",3,TRUE,127.820000000007
"1665","X=~x1",0.752801104671552,0.0414304413686193,0.8,"MC-OrdPLSc",6633,5253354,500,"Moderate","3",2,TRUE,17.8899999999994
"1666","X=~x2",0.854206609691757,0.0386088297796222,0.8,"MC-OrdPLSc",6633,5253354,500,"Moderate","3",2,TRUE,17.8899999999994
"1667","X=~x3",0.709931010833095,0.0442377316788482,0.8,"MC-OrdPLSc",6633,5253354,500,"Moderate","3",2,TRUE,17.8899999999994
"1668","Z=~z1",0.803923976502664,0.0347947386377435,0.8,"MC-OrdPLSc",6633,5253354,500,"Moderate","3",2,TRUE,17.8899999999994
"1669","Z=~z2",0.795363606495311,0.0329838699297128,0.8,"MC-OrdPLSc",6633,5253354,500,"Moderate","3",2,TRUE,17.8899999999994
"1670","Z=~z3",0.801233348182341,0.0311121683559347,0.8,"MC-OrdPLSc",6633,5253354,500,"Moderate","3",2,TRUE,17.8899999999994
"1671","Y=~y1",0.853116098193136,0.0277876240778573,0.8,"MC-OrdPLSc",6633,5253354,500,"Moderate","3",2,TRUE,17.8899999999994
"1672","Y=~y2",0.782169933929764,0.0337437173744501,0.8,"MC-OrdPLSc",6633,5253354,500,"Moderate","3",2,TRUE,17.8899999999994
"1673","Y=~y3",0.8253690034654,0.029924943975141,0.8,"MC-OrdPLSc",6633,5253354,500,"Moderate","3",2,TRUE,17.8899999999994
"1674","Y~X",0.366523607174926,0.0464831736252556,0.4,"MC-OrdPLSc",6633,5253354,500,"Moderate","3",2,TRUE,17.8899999999994
"1675","Y~Z",0.495201407256841,0.0482731131458674,0.5,"MC-OrdPLSc",6633,5253354,500,"Moderate","3",2,TRUE,17.8899999999994
"1676","Y~X:Z",0.344707471605972,0.059180887966046,0.3,"MC-OrdPLSc",6633,5253354,500,"Moderate","3",2,TRUE,17.8899999999994
"1677","X~~Z",0.33242017915901,0.0555567711755745,0.2,"MC-OrdPLSc",6633,5253354,500,"Moderate","3",2,TRUE,17.8899999999994
"1678","X=~x1",0.695686570273865,0.0464460675639715,0.8,"PLSc",6633,5253354,500,"Moderate","3",2,TRUE,4.44000000000233
"1679","X=~x2",0.747855953138764,0.0485595509990713,0.8,"PLSc",6633,5253354,500,"Moderate","3",2,TRUE,4.44000000000233
"1680","X=~x3",0.73230646029267,0.0486410160930124,0.8,"PLSc",6633,5253354,500,"Moderate","3",2,TRUE,4.44000000000233
"1681","Z=~z1",0.72179176704262,0.0540267653609643,0.8,"PLSc",6633,5253354,500,"Moderate","3",2,TRUE,4.44000000000233
"1682","Z=~z2",0.743537504792964,0.051362491667497,0.8,"PLSc",6633,5253354,500,"Moderate","3",2,TRUE,4.44000000000233
"1683","Z=~z3",0.712178332740235,0.0545591320275411,0.8,"PLSc",6633,5253354,500,"Moderate","3",2,TRUE,4.44000000000233
"1684","Y=~y1",0.705285843474551,0.03989879761695,0.8,"PLSc",6633,5253354,500,"Moderate","3",2,TRUE,4.44000000000233
"1685","Y=~y2",0.730277805016787,0.0381182050429103,0.8,"PLSc",6633,5253354,500,"Moderate","3",2,TRUE,4.44000000000233
"1686","Y=~y3",0.675462200268739,0.0406132831844931,0.8,"PLSc",6633,5253354,500,"Moderate","3",2,TRUE,4.44000000000233
"1687","Y~X",0.458321310124894,0.0523617641406622,0.4,"PLSc",6633,5253354,500,"Moderate","3",2,TRUE,4.44000000000233
"1688","Y~Z",0.426832452513424,0.0508012952447209,0.5,"PLSc",6633,5253354,500,"Moderate","3",2,TRUE,4.44000000000233
"1689","Y~X:Z",0.296341655288992,0.0515370904018002,0.3,"PLSc",6633,5253354,500,"Moderate","3",2,TRUE,4.44000000000233
"1690","X~~Z",0.226643870083939,0.0573559659319584,0.2,"PLSc",6633,5253354,500,"Moderate","3",2,TRUE,4.44000000000233
"1691","X=~x1",0.814116484609507,0.0193540186881108,0.8,"PLS",6633,5253354,500,"Moderate","3",2,TRUE,1.73000000001048
"1692","X=~x2",0.822213979859168,0.0184489200936748,0.8,"PLS",6633,5253354,500,"Moderate","3",2,TRUE,1.73000000001048
"1693","X=~x3",0.844857072798648,0.016552853172723,0.8,"PLS",6633,5253354,500,"Moderate","3",2,TRUE,1.73000000001048
"1694","Z=~z1",0.815405777905709,0.0212155630810053,0.8,"PLS",6633,5253354,500,"Moderate","3",2,TRUE,1.73000000001048
"1695","Z=~z2",0.839019532540271,0.0194149511398966,0.8,"PLS",6633,5253354,500,"Moderate","3",2,TRUE,1.73000000001048
"1696","Z=~z3",0.827563190545576,0.0202940719916122,0.8,"PLS",6633,5253354,500,"Moderate","3",2,TRUE,1.73000000001048
"1697","Y=~y1",0.815077947823719,0.0198689067516888,0.8,"PLS",6633,5253354,500,"Moderate","3",2,TRUE,1.73000000001048
"1698","Y=~y2",0.815144401619866,0.0183552248488799,0.8,"PLS",6633,5253354,500,"Moderate","3",2,TRUE,1.73000000001048
"1699","Y=~y3",0.813908760239738,0.0202201317578498,0.8,"PLS",6633,5253354,500,"Moderate","3",2,TRUE,1.73000000001048
"1700","Y~X",0.37159193232316,0.0363917744268963,0.4,"PLS",6633,5253354,500,"Moderate","3",2,TRUE,1.73000000001048
"1701","Y~Z",0.341985481067292,0.0353464456293964,0.5,"PLS",6633,5253354,500,"Moderate","3",2,TRUE,1.73000000001048
"1702","Y~X:Z",0.21525227783105,0.0313002885817049,0.3,"PLS",6633,5253354,500,"Moderate","3",2,TRUE,1.73000000001048
"1703","X~~Z",0.174522978731776,0.0446888442743995,0.2,"PLS",6633,5253354,500,"Moderate","3",2,TRUE,1.73000000001048
"1704","X=~x1",0.772,0.035,0.8,"Mplus",6633,5253354,500,"Moderate","3",2,TRUE,195.899999999994
"1705","X=~x2",0.765,0.036,0.8,"Mplus",6633,5253354,500,"Moderate","3",2,TRUE,195.899999999994
"1706","X=~x3",0.828,0.033,0.8,"Mplus",6633,5253354,500,"Moderate","3",2,TRUE,195.899999999994
"1707","Z=~z1",0.765,0.036,0.8,"Mplus",6633,5253354,500,"Moderate","3",2,TRUE,195.899999999994
"1708","Z=~z2",0.805,0.034,0.8,"Mplus",6633,5253354,500,"Moderate","3",2,TRUE,195.899999999994
"1709","Z=~z3",0.787,0.034,0.8,"Mplus",6633,5253354,500,"Moderate","3",2,TRUE,195.899999999994
"1710","Y=~y1",0.785,0.035,0.8,"Mplus",6633,5253354,500,"Moderate","3",2,TRUE,195.899999999994
"1711","Y=~y2",0.763,0.037,0.8,"Mplus",6633,5253354,500,"Moderate","3",2,TRUE,195.899999999994
"1712","Y=~y3",0.775,0.036,0.8,"Mplus",6633,5253354,500,"Moderate","3",2,TRUE,195.899999999994
"1713","Y~X",0.469,0.048,0.4,"Mplus",6633,5253354,500,"Moderate","3",2,TRUE,195.899999999994
"1714","Y~Z",0.442,0.048,0.5,"Mplus",6633,5253354,500,"Moderate","3",2,TRUE,195.899999999994
"1715","Y~X:Z",0.413,0.051,0.3,"Mplus",6633,5253354,500,"Moderate","3",2,TRUE,195.899999999994
"1716","X~~Z",0.237,0.056,0.2,"Mplus",6633,5253354,500,"Moderate","3",2,TRUE,195.899999999994
"1717","X=~x1",0.513182100915582,0.151636183395104,0.5,"MC-OrdPLSc",6634,2510353,500,"Moderate","3",3,TRUE,20.4599999999991
"1718","X=~x2",0.500227551676007,0.119860229784373,0.5,"MC-OrdPLSc",6634,2510353,500,"Moderate","3",3,TRUE,20.4599999999991
"1719","X=~x3",0.44370599200961,0.154385956132228,0.5,"MC-OrdPLSc",6634,2510353,500,"Moderate","3",3,TRUE,20.4599999999991
"1720","Z=~z1",0.503019056385234,0.0911681194859308,0.5,"MC-OrdPLSc",6634,2510353,500,"Moderate","3",3,TRUE,20.4599999999991
"1721","Z=~z2",0.536810007603425,0.118860251194471,0.5,"MC-OrdPLSc",6634,2510353,500,"Moderate","3",3,TRUE,20.4599999999991
"1722","Z=~z3",0.438442952946783,0.0888432684981868,0.5,"MC-OrdPLSc",6634,2510353,500,"Moderate","3",3,TRUE,20.4599999999991
"1723","Y=~y1",0.601491426755436,0.101977815832696,0.5,"MC-OrdPLSc",6634,2510353,500,"Moderate","3",3,TRUE,20.4599999999991
"1724","Y=~y2",0.54423407502713,0.110034584443274,0.5,"MC-OrdPLSc",6634,2510353,500,"Moderate","3",3,TRUE,20.4599999999991
"1725","Y=~y3",0.359429462819244,0.0804186917312575,0.5,"MC-OrdPLSc",6634,2510353,500,"Moderate","3",3,TRUE,20.4599999999991
"1726","Y~X",0.257878616124123,0.137182735885027,0.4,"MC-OrdPLSc",6634,2510353,500,"Moderate","3",3,TRUE,20.4599999999991
"1727","Y~Z",0.449251186967492,0.12232887648021,0.5,"MC-OrdPLSc",6634,2510353,500,"Moderate","3",3,TRUE,20.4599999999991
"1728","Y~X:Z",0.255038981492799,0.141258080989685,0.3,"MC-OrdPLSc",6634,2510353,500,"Moderate","3",3,TRUE,20.4599999999991
"1729","X~~Z",0.411731610289994,0.102946265984301,0.2,"MC-OrdPLSc",6634,2510353,500,"Moderate","3",3,TRUE,20.4599999999991
"1730","X=~x1",0.580030024019613,0.0761397984308229,0.5,"PLSc",6634,2510353,500,"Moderate","3",3,TRUE,4.97999999998137
"1731","X=~x2",0.31048465841857,0.086052658296311,0.5,"PLSc",6634,2510353,500,"Moderate","3",3,TRUE,4.97999999998137
"1732","X=~x3",0.573471013910998,0.0705379186297502,0.5,"PLSc",6634,2510353,500,"Moderate","3",3,TRUE,4.97999999998137
"1733","Z=~z1",0.473025061055168,0.0706679404224579,0.5,"PLSc",6634,2510353,500,"Moderate","3",3,TRUE,4.97999999998137
"1734","Z=~z2",0.310019249506916,0.0877413029719615,0.5,"PLSc",6634,2510353,500,"Moderate","3",3,TRUE,4.97999999998137
"1735","Z=~z3",0.524790534054683,0.077484115195643,0.5,"PLSc",6634,2510353,500,"Moderate","3",3,TRUE,4.97999999998137
"1736","Y=~y1",0.398080460633034,0.0608438502777036,0.5,"PLSc",6634,2510353,500,"Moderate","3",3,TRUE,4.97999999998137
"1737","Y=~y2",0.434043318693395,0.0610630544045932,0.5,"PLSc",6634,2510353,500,"Moderate","3",3,TRUE,4.97999999998137
"1738","Y=~y3",0.545914002842453,0.0618581668763997,0.5,"PLSc",6634,2510353,500,"Moderate","3",3,TRUE,4.97999999998137
"1739","Y~X",0.482764662221754,0.534190215001567,0.4,"PLSc",6634,2510353,500,"Moderate","3",3,TRUE,4.97999999998137
"1740","Y~Z",0.539281630885123,0.477785303192832,0.5,"PLSc",6634,2510353,500,"Moderate","3",3,TRUE,4.97999999998137
"1741","Y~X:Z",0.315422701502928,0.975766564483557,0.3,"PLSc",6634,2510353,500,"Moderate","3",3,TRUE,4.97999999998137
"1742","X~~Z",0.269882757332822,0.0990602151849923,0.2,"PLSc",6634,2510353,500,"Moderate","3",3,TRUE,4.97999999998137
"1743","X=~x1",0.777125795411581,0.0478976783845857,0.5,"PLS",6634,2510353,500,"Moderate","3",3,TRUE,2.10000000000582
"1744","X=~x2",0.575178194546918,0.0748704424777087,0.5,"PLS",6634,2510353,500,"Moderate","3",3,TRUE,2.10000000000582
"1745","X=~x3",0.740793951294828,0.0563236172292262,0.5,"PLS",6634,2510353,500,"Moderate","3",3,TRUE,2.10000000000582
"1746","Z=~z1",0.705153926083044,0.0650487653282524,0.5,"PLS",6634,2510353,500,"Moderate","3",3,TRUE,2.10000000000582
"1747","Z=~z2",0.54683779239925,0.0910866349786503,0.5,"PLS",6634,2510353,500,"Moderate","3",3,TRUE,2.10000000000582
"1748","Z=~z3",0.761049292840236,0.0585926135506999,0.5,"PLS",6634,2510353,500,"Moderate","3",3,TRUE,2.10000000000582
"1749","Y=~y1",0.620861786344381,0.0587655449729748,0.5,"PLS",6634,2510353,500,"Moderate","3",3,TRUE,2.10000000000582
"1750","Y=~y2",0.672112267570562,0.0529110519560655,0.5,"PLS",6634,2510353,500,"Moderate","3",3,TRUE,2.10000000000582
"1751","Y=~y3",0.761587222684062,0.0449415263175126,0.5,"PLS",6634,2510353,500,"Moderate","3",3,TRUE,2.10000000000582
"1752","Y~X",0.284150508932033,0.0379360306106281,0.4,"PLS",6634,2510353,500,"Moderate","3",3,TRUE,2.10000000000582
"1753","Y~Z",0.273320615625064,0.0421956903980819,0.5,"PLS",6634,2510353,500,"Moderate","3",3,TRUE,2.10000000000582
"1754","Y~X:Z",0.120197238120337,0.0422037064176498,0.3,"PLS",6634,2510353,500,"Moderate","3",3,TRUE,2.10000000000582
"1755","X~~Z",0.128626669907265,0.0464120751527341,0.2,"PLS",6634,2510353,500,"Moderate","3",3,TRUE,2.10000000000582
"1756","X=~x1",0.642,0.064,0.5,"Mplus",6634,2510353,500,"Moderate","3",3,TRUE,289.559999999998
"1757","X=~x2",0.482,0.06,0.5,"Mplus",6634,2510353,500,"Moderate","3",3,TRUE,289.559999999998
"1758","X=~x3",0.485,0.062,0.5,"Mplus",6634,2510353,500,"Moderate","3",3,TRUE,289.559999999998
"1759","Z=~z1",0.495,0.066,0.5,"Mplus",6634,2510353,500,"Moderate","3",3,TRUE,289.559999999998
"1760","Z=~z2",0.404,0.066,0.5,"Mplus",6634,2510353,500,"Moderate","3",3,TRUE,289.559999999998
"1761","Z=~z3",0.49,0.068,0.5,"Mplus",6634,2510353,500,"Moderate","3",3,TRUE,289.559999999998
"1762","Y=~y1",0.403,0.058,0.5,"Mplus",6634,2510353,500,"Moderate","3",3,TRUE,289.559999999998
"1763","Y=~y2",0.503,0.061,0.5,"Mplus",6634,2510353,500,"Moderate","3",3,TRUE,289.559999999998
"1764","Y=~y3",0.617,0.061,0.5,"Mplus",6634,2510353,500,"Moderate","3",3,TRUE,289.559999999998
"1765","Y~X",0.508,0.085,0.4,"Mplus",6634,2510353,500,"Moderate","3",3,TRUE,289.559999999998
"1766","Y~Z",0.545,0.089,0.5,"Mplus",6634,2510353,500,"Moderate","3",3,TRUE,289.559999999998
"1767","Y~X:Z",0.516,0.093,0.3,"Mplus",6634,2510353,500,"Moderate","3",3,TRUE,289.559999999998
"1768","X~~Z",0.254,0.09,0.2,"Mplus",6634,2510353,500,"Moderate","3",3,TRUE,289.559999999998
"1769","X=~x1",0.818656509145734,0.0297157964230596,0.8,"MC-OrdPLSc",6635,1145901,1000,"Moderate","3",2,TRUE,21.5900000000038
"1770","X=~x2",0.786023799694609,0.0287371762795059,0.8,"MC-OrdPLSc",6635,1145901,1000,"Moderate","3",2,TRUE,21.5900000000038
"1771","X=~x3",0.769201622895358,0.0258544386159269,0.8,"MC-OrdPLSc",6635,1145901,1000,"Moderate","3",2,TRUE,21.5900000000038
"1772","Z=~z1",0.773952000577401,0.0242483507465402,0.8,"MC-OrdPLSc",6635,1145901,1000,"Moderate","3",2,TRUE,21.5900000000038
"1773","Z=~z2",0.773896641029711,0.0260146866055746,0.8,"MC-OrdPLSc",6635,1145901,1000,"Moderate","3",2,TRUE,21.5900000000038
"1774","Z=~z3",0.75901285541178,0.0273512822467577,0.8,"MC-OrdPLSc",6635,1145901,1000,"Moderate","3",2,TRUE,21.5900000000038
"1775","Y=~y1",0.763252106730972,0.0276611072118977,0.8,"MC-OrdPLSc",6635,1145901,1000,"Moderate","3",2,TRUE,21.5900000000038
"1776","Y=~y2",0.809610847083392,0.0220058802287851,0.8,"MC-OrdPLSc",6635,1145901,1000,"Moderate","3",2,TRUE,21.5900000000038
"1777","Y=~y3",0.805742568050087,0.0254932465943856,0.8,"MC-OrdPLSc",6635,1145901,1000,"Moderate","3",2,TRUE,21.5900000000038
"1778","Y~X",0.371773416593754,0.0341714724462473,0.4,"MC-OrdPLSc",6635,1145901,1000,"Moderate","3",2,TRUE,21.5900000000038
"1779","Y~Z",0.512527432572699,0.0325134029455219,0.5,"MC-OrdPLSc",6635,1145901,1000,"Moderate","3",2,TRUE,21.5900000000038
"1780","Y~X:Z",0.361711086080075,0.0435943912655374,0.3,"MC-OrdPLSc",6635,1145901,1000,"Moderate","3",2,TRUE,21.5900000000038
"1781","X~~Z",0.210359705141264,0.0369472117323874,0.2,"MC-OrdPLSc",6635,1145901,1000,"Moderate","3",2,TRUE,21.5900000000038
"1782","X=~x1",0.722374974589304,0.0431295276548094,0.8,"PLSc",6635,1145901,1000,"Moderate","3",2,TRUE,6.86999999999534
"1783","X=~x2",0.789265578864342,0.0459952920204169,0.8,"PLSc",6635,1145901,1000,"Moderate","3",2,TRUE,6.86999999999534
"1784","X=~x3",0.667416821274863,0.0453169490968612,0.8,"PLSc",6635,1145901,1000,"Moderate","3",2,TRUE,6.86999999999534
"1785","Z=~z1",0.713328060727111,0.0391216637159369,0.8,"PLSc",6635,1145901,1000,"Moderate","3",2,TRUE,6.86999999999534
"1786","Z=~z2",0.74886519096831,0.0378134053363749,0.8,"PLSc",6635,1145901,1000,"Moderate","3",2,TRUE,6.86999999999534
"1787","Z=~z3",0.729647445708462,0.0407629198877628,0.8,"PLSc",6635,1145901,1000,"Moderate","3",2,TRUE,6.86999999999534
"1788","Y=~y1",0.7068517054603,0.0316886399487289,0.8,"PLSc",6635,1145901,1000,"Moderate","3",2,TRUE,6.86999999999534
"1789","Y=~y2",0.720985216319713,0.0293202045530981,0.8,"PLSc",6635,1145901,1000,"Moderate","3",2,TRUE,6.86999999999534
"1790","Y=~y3",0.767560687105451,0.0283922892140885,0.8,"PLSc",6635,1145901,1000,"Moderate","3",2,TRUE,6.86999999999534
"1791","Y~X",0.404766727395995,0.0323900611090317,0.4,"PLSc",6635,1145901,1000,"Moderate","3",2,TRUE,6.86999999999534
"1792","Y~Z",0.483621815354291,0.0330138723410716,0.5,"PLSc",6635,1145901,1000,"Moderate","3",2,TRUE,6.86999999999534
"1793","Y~X:Z",0.259747938005192,0.0439959966880415,0.3,"PLSc",6635,1145901,1000,"Moderate","3",2,TRUE,6.86999999999534
"1794","X~~Z",0.10846419171529,0.0409242417115653,0.2,"PLSc",6635,1145901,1000,"Moderate","3",2,TRUE,6.86999999999534
"1795","X=~x1",0.823052920868838,0.0156509969033008,0.8,"PLS",6635,1145901,1000,"Moderate","3",2,TRUE,1.83999999999651
"1796","X=~x2",0.839881942422984,0.0147957631031111,0.8,"PLS",6635,1145901,1000,"Moderate","3",2,TRUE,1.83999999999651
"1797","X=~x3",0.821316996819896,0.0154557265740685,0.8,"PLS",6635,1145901,1000,"Moderate","3",2,TRUE,1.83999999999651
"1798","Z=~z1",0.822772273799717,0.0145926306109584,0.8,"PLS",6635,1145901,1000,"Moderate","3",2,TRUE,1.83999999999651
"1799","Z=~z2",0.830697721089244,0.0135388611937978,0.8,"PLS",6635,1145901,1000,"Moderate","3",2,TRUE,1.83999999999651
"1800","Z=~z3",0.83712557949871,0.0140729400458614,0.8,"PLS",6635,1145901,1000,"Moderate","3",2,TRUE,1.83999999999651
"1801","Y=~y1",0.825681078659943,0.0134747408786533,0.8,"PLS",6635,1145901,1000,"Moderate","3",2,TRUE,1.83999999999651
"1802","Y=~y2",0.825035008029624,0.0135038741816313,0.8,"PLS",6635,1145901,1000,"Moderate","3",2,TRUE,1.83999999999651
"1803","Y=~y3",0.841835041576129,0.0113778034855428,0.8,"PLS",6635,1145901,1000,"Moderate","3",2,TRUE,1.83999999999651
"1804","Y~X",0.31858798210745,0.0239868885360991,0.4,"PLS",6635,1145901,1000,"Moderate","3",2,TRUE,1.83999999999651
"1805","Y~Z",0.380273295587676,0.0249071188780811,0.5,"PLS",6635,1145901,1000,"Moderate","3",2,TRUE,1.83999999999651
"1806","Y~X:Z",0.167472987633927,0.027161152140533,0.3,"PLS",6635,1145901,1000,"Moderate","3",2,TRUE,1.83999999999651
"1807","X~~Z",0.0840939768387824,0.0318769840162263,0.2,"PLS",6635,1145901,1000,"Moderate","3",2,TRUE,1.83999999999651
"1808","X=~x1",0.784,0.025,0.8,"Mplus",6635,1145901,1000,"Moderate","3",2,TRUE,338.970000000001
"1809","X=~x2",0.787,0.025,0.8,"Mplus",6635,1145901,1000,"Moderate","3",2,TRUE,338.970000000001
"1810","X=~x3",0.802,0.024,0.8,"Mplus",6635,1145901,1000,"Moderate","3",2,TRUE,338.970000000001
"1811","Z=~z1",0.782,0.024,0.8,"Mplus",6635,1145901,1000,"Moderate","3",2,TRUE,338.970000000001
"1812","Z=~z2",0.783,0.025,0.8,"Mplus",6635,1145901,1000,"Moderate","3",2,TRUE,338.970000000001
"1813","Z=~z3",0.818,0.024,0.8,"Mplus",6635,1145901,1000,"Moderate","3",2,TRUE,338.970000000001
"1814","Y=~y1",0.801,0.023,0.8,"Mplus",6635,1145901,1000,"Moderate","3",2,TRUE,338.970000000001
"1815","Y=~y2",0.786,0.024,0.8,"Mplus",6635,1145901,1000,"Moderate","3",2,TRUE,338.970000000001
"1816","Y=~y3",0.816,0.023,0.8,"Mplus",6635,1145901,1000,"Moderate","3",2,TRUE,338.970000000001
"1817","Y~X",0.404,0.034,0.4,"Mplus",6635,1145901,1000,"Moderate","3",2,TRUE,338.970000000001
"1818","Y~Z",0.48,0.033,0.5,"Mplus",6635,1145901,1000,"Moderate","3",2,TRUE,338.970000000001
"1819","Y~X:Z",0.294,0.041,0.3,"Mplus",6635,1145901,1000,"Moderate","3",2,TRUE,338.970000000001
"1820","X~~Z",0.123,0.041,0.2,"Mplus",6635,1145901,1000,"Moderate","3",2,TRUE,338.970000000001
"1821","X=~x1",0.474601528176352,0.0591011590964327,0.5,"MC-OrdPLSc",6636,5931005,1000,"Moderate","3",3,TRUE,26.0199999999968
"1822","X=~x2",0.421487778543871,0.0618845577372931,0.5,"MC-OrdPLSc",6636,5931005,1000,"Moderate","3",3,TRUE,26.0199999999968
"1823","X=~x3",0.594515899197965,0.066138436233857,0.5,"MC-OrdPLSc",6636,5931005,1000,"Moderate","3",3,TRUE,26.0199999999968
"1824","Z=~z1",0.451218232975048,0.0755827229062893,0.5,"MC-OrdPLSc",6636,5931005,1000,"Moderate","3",3,TRUE,26.0199999999968
"1825","Z=~z2",0.636251429904586,0.0834430587350076,0.5,"MC-OrdPLSc",6636,5931005,1000,"Moderate","3",3,TRUE,26.0199999999968
"1826","Z=~z3",0.452499267432555,0.0669126467185855,0.5,"MC-OrdPLSc",6636,5931005,1000,"Moderate","3",3,TRUE,26.0199999999968
"1827","Y=~y1",0.479559856146725,0.0528004645573327,0.5,"MC-OrdPLSc",6636,5931005,1000,"Moderate","3",3,TRUE,26.0199999999968
"1828","Y=~y2",0.514783891970531,0.0575040344351544,0.5,"MC-OrdPLSc",6636,5931005,1000,"Moderate","3",3,TRUE,26.0199999999968
"1829","Y=~y3",0.511256175519307,0.0553297889765395,0.5,"MC-OrdPLSc",6636,5931005,1000,"Moderate","3",3,TRUE,26.0199999999968
"1830","Y~X",0.462299692755331,0.0731520833138334,0.4,"MC-OrdPLSc",6636,5931005,1000,"Moderate","3",3,TRUE,26.0199999999968
"1831","Y~Z",0.426207346375545,0.0662134759271992,0.5,"MC-OrdPLSc",6636,5931005,1000,"Moderate","3",3,TRUE,26.0199999999968
"1832","Y~X:Z",0.40998690860804,0.112911335438436,0.3,"MC-OrdPLSc",6636,5931005,1000,"Moderate","3",3,TRUE,26.0199999999968
"1833","X~~Z",0.196036595366522,0.080018920315328,0.2,"MC-OrdPLSc",6636,5931005,1000,"Moderate","3",3,TRUE,26.0199999999968
"1834","X=~x1",0.429945565704148,0.0729511876543696,0.5,"PLSc",6636,5931005,1000,"Moderate","3",3,TRUE,7.05999999999767
"1835","X=~x2",0.44904337135958,0.0745260266695979,0.5,"PLSc",6636,5931005,1000,"Moderate","3",3,TRUE,7.05999999999767
"1836","X=~x3",0.497649195445796,0.0673806735531619,0.5,"PLSc",6636,5931005,1000,"Moderate","3",3,TRUE,7.05999999999767
"1837","Z=~z1",0.432657466272799,0.0546100233859669,0.5,"PLSc",6636,5931005,1000,"Moderate","3",3,TRUE,7.05999999999767
"1838","Z=~z2",0.350766076014367,0.0575501694162428,0.5,"PLSc",6636,5931005,1000,"Moderate","3",3,TRUE,7.05999999999767
"1839","Z=~z3",0.495918776409171,0.0546337729520223,0.5,"PLSc",6636,5931005,1000,"Moderate","3",3,TRUE,7.05999999999767
"1840","Y=~y1",0.435715353174267,0.0481818410096836,0.5,"PLSc",6636,5931005,1000,"Moderate","3",3,TRUE,7.05999999999767
"1841","Y=~y2",0.378128934315938,0.0514835369157477,0.5,"PLSc",6636,5931005,1000,"Moderate","3",3,TRUE,7.05999999999767
"1842","Y=~y3",0.489125050771165,0.0502442449426671,0.5,"PLSc",6636,5931005,1000,"Moderate","3",3,TRUE,7.05999999999767
"1843","Y~X",0.391949532347382,0.145798903031332,0.4,"PLSc",6636,5931005,1000,"Moderate","3",3,TRUE,7.05999999999767
"1844","Y~Z",0.601379004592542,0.162390794148732,0.5,"PLSc",6636,5931005,1000,"Moderate","3",3,TRUE,7.05999999999767
"1845","Y~X:Z",0.296155758620807,0.311339071263714,0.3,"PLSc",6636,5931005,1000,"Moderate","3",3,TRUE,7.05999999999767
"1846","X~~Z",0.274995818682488,0.0723521860301669,0.2,"PLSc",6636,5931005,1000,"Moderate","3",3,TRUE,7.05999999999767
"1847","X=~x1",0.665419863230827,0.0606880700468487,0.5,"PLS",6636,5931005,1000,"Moderate","3",3,TRUE,2.14000000001397
"1848","X=~x2",0.683842050624132,0.0631366704414554,0.5,"PLS",6636,5931005,1000,"Moderate","3",3,TRUE,2.14000000001397
"1849","X=~x3",0.714524007929052,0.0549733735612204,0.5,"PLS",6636,5931005,1000,"Moderate","3",3,TRUE,2.14000000001397
"1850","Z=~z1",0.685210389390145,0.048911153522901,0.5,"PLS",6636,5931005,1000,"Moderate","3",3,TRUE,2.14000000001397
"1851","Z=~z2",0.601384900706284,0.0569952359278524,0.5,"PLS",6636,5931005,1000,"Moderate","3",3,TRUE,2.14000000001397
"1852","Z=~z3",0.72874301691763,0.0478012363910631,0.5,"PLS",6636,5931005,1000,"Moderate","3",3,TRUE,2.14000000001397
"1853","Y=~y1",0.658058977418286,0.048021399275589,0.5,"PLS",6636,5931005,1000,"Moderate","3",3,TRUE,2.14000000001397
"1854","Y=~y2",0.641594980367105,0.0461123915413163,0.5,"PLS",6636,5931005,1000,"Moderate","3",3,TRUE,2.14000000001397
"1855","Y=~y3",0.72991169535847,0.0396199339715104,0.5,"PLS",6636,5931005,1000,"Moderate","3",3,TRUE,2.14000000001397
"1856","Y~X",0.199606753938367,0.0306295730795753,0.4,"PLS",6636,5931005,1000,"Moderate","3",3,TRUE,2.14000000001397
"1857","Y~Z",0.255890875751984,0.0290502838334683,0.5,"PLS",6636,5931005,1000,"Moderate","3",3,TRUE,2.14000000001397
"1858","Y~X:Z",0.0639925112646424,0.0298289522261402,0.3,"PLS",6636,5931005,1000,"Moderate","3",3,TRUE,2.14000000001397
"1859","X~~Z",0.117664589891548,0.030972402203907,0.2,"PLS",6636,5931005,1000,"Moderate","3",3,TRUE,2.14000000001397
"1860","X=~x1",0.478,0.051,0.5,"Mplus",6636,5931005,1000,"Moderate","3",3,TRUE,586.5
"1861","X=~x2",0.52,0.053,0.5,"Mplus",6636,5931005,1000,"Moderate","3",3,TRUE,586.5
"1862","X=~x3",0.463,0.051,0.5,"Mplus",6636,5931005,1000,"Moderate","3",3,TRUE,586.5
"1863","Z=~z1",0.476,0.052,0.5,"Mplus",6636,5931005,1000,"Moderate","3",3,TRUE,586.5
"1864","Z=~z2",0.409,0.05,0.5,"Mplus",6636,5931005,1000,"Moderate","3",3,TRUE,586.5
"1865","Z=~z3",0.456,0.051,0.5,"Mplus",6636,5931005,1000,"Moderate","3",3,TRUE,586.5
"1866","Y=~y1",0.414,0.047,0.5,"Mplus",6636,5931005,1000,"Moderate","3",3,TRUE,586.5
"1867","Y=~y2",0.458,0.049,0.5,"Mplus",6636,5931005,1000,"Moderate","3",3,TRUE,586.5
"1868","Y=~y3",0.527,0.05,0.5,"Mplus",6636,5931005,1000,"Moderate","3",3,TRUE,586.5
"1869","Y~X",0.328,0.083,0.4,"Mplus",6636,5931005,1000,"Moderate","3",3,TRUE,586.5
"1870","Y~Z",0.569,0.081,0.5,"Mplus",6636,5931005,1000,"Moderate","3",3,TRUE,586.5
"1871","Y~X:Z",0.278,0.078,0.3,"Mplus",6636,5931005,1000,"Moderate","3",3,TRUE,586.5
"1872","X~~Z",0.33,0.073,0.2,"Mplus",6636,5931005,1000,"Moderate","3",3,TRUE,586.5
"1873","X=~x1",0.881402464548069,0.0453174876746856,0.8,"MC-OrdPLSc",6637,8131029,200,"Moderate","5",2,TRUE,19.1399999999994
"1874","X=~x2",0.781894568480406,0.054230462028333,0.8,"MC-OrdPLSc",6637,8131029,200,"Moderate","5",2,TRUE,19.1399999999994
"1875","X=~x3",0.842424518641831,0.0485902198710081,0.8,"MC-OrdPLSc",6637,8131029,200,"Moderate","5",2,TRUE,19.1399999999994
"1876","Z=~z1",0.829289360200352,0.0399381341797875,0.8,"MC-OrdPLSc",6637,8131029,200,"Moderate","5",2,TRUE,19.1399999999994
"1877","Z=~z2",0.895784421526756,0.0324634999711516,0.8,"MC-OrdPLSc",6637,8131029,200,"Moderate","5",2,TRUE,19.1399999999994
"1878","Z=~z3",0.834981688904026,0.0428836447211717,0.8,"MC-OrdPLSc",6637,8131029,200,"Moderate","5",2,TRUE,19.1399999999994
"1879","Y=~y1",0.797729801934824,0.047928855634804,0.8,"MC-OrdPLSc",6637,8131029,200,"Moderate","5",2,TRUE,19.1399999999994
"1880","Y=~y2",0.806980257320651,0.0390018088180846,0.8,"MC-OrdPLSc",6637,8131029,200,"Moderate","5",2,TRUE,19.1399999999994
"1881","Y=~y3",0.795007992787874,0.0503199654914208,0.8,"MC-OrdPLSc",6637,8131029,200,"Moderate","5",2,TRUE,19.1399999999994
"1882","Y~X",0.421631603239722,0.0720764503489154,0.4,"MC-OrdPLSc",6637,8131029,200,"Moderate","5",2,TRUE,19.1399999999994
"1883","Y~Z",0.472014391202027,0.0744000624877605,0.5,"MC-OrdPLSc",6637,8131029,200,"Moderate","5",2,TRUE,19.1399999999994
"1884","Y~X:Z",0.373278057382857,0.0941869924546077,0.3,"MC-OrdPLSc",6637,8131029,200,"Moderate","5",2,TRUE,19.1399999999994
"1885","X~~Z",0.0546353825737147,0.0845871261662621,0.2,"MC-OrdPLSc",6637,8131029,200,"Moderate","5",2,TRUE,19.1399999999994
"1886","X=~x1",0.753330790298752,0.0792294985395172,0.8,"PLSc",6637,8131029,200,"Moderate","5",2,TRUE,3.02999999999884
"1887","X=~x2",0.717947220456404,0.0715618128216379,0.8,"PLSc",6637,8131029,200,"Moderate","5",2,TRUE,3.02999999999884
"1888","X=~x3",0.716083531676795,0.0754977041857371,0.8,"PLSc",6637,8131029,200,"Moderate","5",2,TRUE,3.02999999999884
"1889","Z=~z1",0.693791970281809,0.0730347817435621,0.8,"PLSc",6637,8131029,200,"Moderate","5",2,TRUE,3.02999999999884
"1890","Z=~z2",0.773145587020583,0.0618981422907578,0.8,"PLSc",6637,8131029,200,"Moderate","5",2,TRUE,3.02999999999884
"1891","Z=~z3",0.755412466198773,0.0622108103684492,0.8,"PLSc",6637,8131029,200,"Moderate","5",2,TRUE,3.02999999999884
"1892","Y=~y1",0.747990734673707,0.0504872939240605,0.8,"PLSc",6637,8131029,200,"Moderate","5",2,TRUE,3.02999999999884
"1893","Y=~y2",0.737729642779527,0.050108141580071,0.8,"PLSc",6637,8131029,200,"Moderate","5",2,TRUE,3.02999999999884
"1894","Y=~y3",0.826839324073151,0.0468696909378766,0.8,"PLSc",6637,8131029,200,"Moderate","5",2,TRUE,3.02999999999884
"1895","Y~X",0.37162848439561,0.0808833696668648,0.4,"PLSc",6637,8131029,200,"Moderate","5",2,TRUE,3.02999999999884
"1896","Y~Z",0.499974964747622,0.0710061322947649,0.5,"PLSc",6637,8131029,200,"Moderate","5",2,TRUE,3.02999999999884
"1897","Y~X:Z",0.246012514953212,0.11325492264044,0.3,"PLSc",6637,8131029,200,"Moderate","5",2,TRUE,3.02999999999884
"1898","X~~Z",0.369053134189164,0.0926963088995442,0.2,"PLSc",6637,8131029,200,"Moderate","5",2,TRUE,3.02999999999884
"1899","X=~x1",0.824115588216395,0.0333100161928172,0.8,"PLS",6637,8131029,200,"Moderate","5",2,TRUE,1.85000000000582
"1900","X=~x2",0.825950663601093,0.0304189012670434,0.8,"PLS",6637,8131029,200,"Moderate","5",2,TRUE,1.85000000000582
"1901","X=~x3",0.838450515372236,0.0282022857959453,0.8,"PLS",6637,8131029,200,"Moderate","5",2,TRUE,1.85000000000582
"1902","Z=~z1",0.827642870613477,0.0299090055539211,0.8,"PLS",6637,8131029,200,"Moderate","5",2,TRUE,1.85000000000582
"1903","Z=~z2",0.839074163989891,0.0238009030247706,0.8,"PLS",6637,8131029,200,"Moderate","5",2,TRUE,1.85000000000582
"1904","Z=~z3",0.842325008644001,0.025168024447825,0.8,"PLS",6637,8131029,200,"Moderate","5",2,TRUE,1.85000000000582
"1905","Y=~y1",0.84637384035353,0.0277651895769565,0.8,"PLS",6637,8131029,200,"Moderate","5",2,TRUE,1.85000000000582
"1906","Y=~y2",0.849837665709809,0.0228556834893033,0.8,"PLS",6637,8131029,200,"Moderate","5",2,TRUE,1.85000000000582
"1907","Y=~y3",0.866214029271572,0.0185800208506506,0.8,"PLS",6637,8131029,200,"Moderate","5",2,TRUE,1.85000000000582
"1908","Y~X",0.329837102348639,0.0559713751867649,0.4,"PLS",6637,8131029,200,"Moderate","5",2,TRUE,1.85000000000582
"1909","Y~Z",0.426759852684155,0.051219334180773,0.5,"PLS",6637,8131029,200,"Moderate","5",2,TRUE,1.85000000000582
"1910","Y~X:Z",0.206101244758351,0.0495804485969159,0.3,"PLS",6637,8131029,200,"Moderate","5",2,TRUE,1.85000000000582
"1911","X~~Z",0.288031899917865,0.0762537662601002,0.2,"PLS",6637,8131029,200,"Moderate","5",2,TRUE,1.85000000000582
"1912","X=~x1",0.747,0.051,0.8,"Mplus",6637,8131029,200,"Moderate","5",2,TRUE,122.170000000013
"1913","X=~x2",0.754,0.051,0.8,"Mplus",6637,8131029,200,"Moderate","5",2,TRUE,122.170000000013
"1914","X=~x3",0.83,0.046,0.8,"Mplus",6637,8131029,200,"Moderate","5",2,TRUE,122.170000000013
"1915","Z=~z1",0.774,0.048,0.8,"Mplus",6637,8131029,200,"Moderate","5",2,TRUE,122.170000000013
"1916","Z=~z2",0.782,0.05,0.8,"Mplus",6637,8131029,200,"Moderate","5",2,TRUE,122.170000000013
"1917","Z=~z3",0.785,0.047,0.8,"Mplus",6637,8131029,200,"Moderate","5",2,TRUE,122.170000000013
"1918","Y=~y1",0.789,0.045,0.8,"Mplus",6637,8131029,200,"Moderate","5",2,TRUE,122.170000000013
"1919","Y=~y2",0.787,0.046,0.8,"Mplus",6637,8131029,200,"Moderate","5",2,TRUE,122.170000000013
"1920","Y=~y3",0.845,0.041,0.8,"Mplus",6637,8131029,200,"Moderate","5",2,TRUE,122.170000000013
"1921","Y~X",0.396,0.076,0.4,"Mplus",6637,8131029,200,"Moderate","5",2,TRUE,122.170000000013
"1922","Y~Z",0.486,0.073,0.5,"Mplus",6637,8131029,200,"Moderate","5",2,TRUE,122.170000000013
"1923","Y~X:Z",0.32,0.072,0.3,"Mplus",6637,8131029,200,"Moderate","5",2,TRUE,122.170000000013
"1924","X~~Z",0.376,0.081,0.2,"Mplus",6637,8131029,200,"Moderate","5",2,TRUE,122.170000000013
"1925","X=~x1",0.465709644414855,0.349586784278063,0.5,"MC-OrdPLSc",6638,6228213,200,"Moderate","5",3,TRUE,26.2999999999956
"1926","X=~x2",0.41833619847553,0.368070697874432,0.5,"MC-OrdPLSc",6638,6228213,200,"Moderate","5",3,TRUE,26.2999999999956
"1927","X=~x3",0.56664998174748,0.329971543469382,0.5,"MC-OrdPLSc",6638,6228213,200,"Moderate","5",3,TRUE,26.2999999999956
"1928","Z=~z1",0.361038075425423,0.161655507207455,0.5,"MC-OrdPLSc",6638,6228213,200,"Moderate","5",3,TRUE,26.2999999999956
"1929","Z=~z2",0.3882486995226,0.160826902026366,0.5,"MC-OrdPLSc",6638,6228213,200,"Moderate","5",3,TRUE,26.2999999999956
"1930","Z=~z3",0.743029498401371,0.33890875543346,0.5,"MC-OrdPLSc",6638,6228213,200,"Moderate","5",3,TRUE,26.2999999999956
"1931","Y=~y1",0.477289340801788,0.152409226172415,0.5,"MC-OrdPLSc",6638,6228213,200,"Moderate","5",3,TRUE,26.2999999999956
"1932","Y=~y2",0.472340223822081,0.195849853914426,0.5,"MC-OrdPLSc",6638,6228213,200,"Moderate","5",3,TRUE,26.2999999999956
"1933","Y=~y3",0.543145417234692,0.19768364868597,0.5,"MC-OrdPLSc",6638,6228213,200,"Moderate","5",3,TRUE,26.2999999999956
"1934","Y~X",0.389539926297722,0.240687082831305,0.4,"MC-OrdPLSc",6638,6228213,200,"Moderate","5",3,TRUE,26.2999999999956
"1935","Y~Z",0.568224102747217,0.201186734042656,0.5,"MC-OrdPLSc",6638,6228213,200,"Moderate","5",3,TRUE,26.2999999999956
"1936","Y~X:Z",0.578172408762722,0.42055110817559,0.3,"MC-OrdPLSc",6638,6228213,200,"Moderate","5",3,TRUE,26.2999999999956
"1937","X~~Z",0.0107987947832193,0.177474736605312,0.2,"MC-OrdPLSc",6638,6228213,200,"Moderate","5",3,TRUE,26.2999999999956
"1938","X=~x1",0.435872712975388,0.138251024280793,0.5,"PLSc",6638,6228213,200,"Moderate","5",3,TRUE,3.92000000001281
"1939","X=~x2",0.439748723409172,0.147360479683505,0.5,"PLSc",6638,6228213,200,"Moderate","5",3,TRUE,3.92000000001281
"1940","X=~x3",0.526105030067005,0.135407055226229,0.5,"PLSc",6638,6228213,200,"Moderate","5",3,TRUE,3.92000000001281
"1941","Z=~z1",0.629624383626902,0.166148525672525,0.5,"PLSc",6638,6228213,200,"Moderate","5",3,TRUE,3.92000000001281
"1942","Z=~z2",0.292548087959705,0.17970394182642,0.5,"PLSc",6638,6228213,200,"Moderate","5",3,TRUE,3.92000000001281
"1943","Z=~z3",0.445040138979558,0.156437415644466,0.5,"PLSc",6638,6228213,200,"Moderate","5",3,TRUE,3.92000000001281
"1944","Y=~y1",0.524094889978403,0.132989376968745,0.5,"PLSc",6638,6228213,200,"Moderate","5",3,TRUE,3.92000000001281
"1945","Y=~y2",0.513382614231881,0.122430183466114,0.5,"PLSc",6638,6228213,200,"Moderate","5",3,TRUE,3.92000000001281
"1946","Y=~y3",0.530947192252796,0.138058559608596,0.5,"PLSc",6638,6228213,200,"Moderate","5",3,TRUE,3.92000000001281
"1947","Y~X",0.655469645941876,3.3638958313522,0.4,"PLSc",6638,6228213,200,"Moderate","5",3,TRUE,3.92000000001281
"1948","Y~Z",0.357672983455303,4.94963099248338,0.5,"PLSc",6638,6228213,200,"Moderate","5",3,TRUE,3.92000000001281
"1949","Y~X:Z",0.555928625624729,6.86808266904008,0.3,"PLSc",6638,6228213,200,"Moderate","5",3,TRUE,3.92000000001281
"1950","X~~Z",0.189190422441587,0.163986644854529,0.2,"PLSc",6638,6228213,200,"Moderate","5",3,TRUE,3.92000000001281
"1951","X=~x1",0.681150585230699,0.121636215747275,0.5,"PLS",6638,6228213,200,"Moderate","5",3,TRUE,2.94999999998254
"1952","X=~x2",0.665675843508806,0.136802510549393,0.5,"PLS",6638,6228213,200,"Moderate","5",3,TRUE,2.94999999998254
"1953","X=~x3",0.727844073603631,0.120686366070548,0.5,"PLS",6638,6228213,200,"Moderate","5",3,TRUE,2.94999999998254
"1954","Z=~z1",0.797281114624504,0.135246688669181,0.5,"PLS",6638,6228213,200,"Moderate","5",3,TRUE,2.94999999998254
"1955","Z=~z2",0.533808509678438,0.197712648159237,0.5,"PLS",6638,6228213,200,"Moderate","5",3,TRUE,2.94999999998254
"1956","Z=~z3",0.698357396558555,0.134421157686865,0.5,"PLS",6638,6228213,200,"Moderate","5",3,TRUE,2.94999999998254
"1957","Y=~y1",0.724709570131324,0.101448749925748,0.5,"PLS",6638,6228213,200,"Moderate","5",3,TRUE,2.94999999998254
"1958","Y=~y2",0.673125819684266,0.106399567258381,0.5,"PLS",6638,6228213,200,"Moderate","5",3,TRUE,2.94999999998254
"1959","Y=~y3",0.754956498422405,0.0892308708006341,0.5,"PLS",6638,6228213,200,"Moderate","5",3,TRUE,2.94999999998254
"1960","Y~X",0.302457857275829,0.0728445680566221,0.4,"PLS",6638,6228213,200,"Moderate","5",3,TRUE,2.94999999998254
"1961","Y~Z",0.236732771711972,0.0645456625236576,0.5,"PLS",6638,6228213,200,"Moderate","5",3,TRUE,2.94999999998254
"1962","Y~X:Z",0.196981179445552,0.0661378142877134,0.3,"PLS",6638,6228213,200,"Moderate","5",3,TRUE,2.94999999998254
"1963","X~~Z",0.0901332563607123,0.0725269324466448,0.2,"PLS",6638,6228213,200,"Moderate","5",3,TRUE,2.94999999998254
"1964","X=~x1",0.509,0.107,0.5,"Mplus",6638,6228213,200,"Moderate","5",3,TRUE,152.589999999997
"1965","X=~x2",0.461,0.103,0.5,"Mplus",6638,6228213,200,"Moderate","5",3,TRUE,152.589999999997
"1966","X=~x3",0.543,0.112,0.5,"Mplus",6638,6228213,200,"Moderate","5",3,TRUE,152.589999999997
"1967","Z=~z1",0.447,0.112,0.5,"Mplus",6638,6228213,200,"Moderate","5",3,TRUE,152.589999999997
"1968","Z=~z2",0.441,0.102,0.5,"Mplus",6638,6228213,200,"Moderate","5",3,TRUE,152.589999999997
"1969","Z=~z3",0.589,0.123,0.5,"Mplus",6638,6228213,200,"Moderate","5",3,TRUE,152.589999999997
"1970","Y=~y1",0.546,0.092,0.5,"Mplus",6638,6228213,200,"Moderate","5",3,TRUE,152.589999999997
"1971","Y=~y2",0.439,0.091,0.5,"Mplus",6638,6228213,200,"Moderate","5",3,TRUE,152.589999999997
"1972","Y=~y3",0.633,0.098,0.5,"Mplus",6638,6228213,200,"Moderate","5",3,TRUE,152.589999999997
"1973","Y~X",0.419,0.148,0.4,"Mplus",6638,6228213,200,"Moderate","5",3,TRUE,152.589999999997
"1974","Y~Z",0.385,0.162,0.5,"Mplus",6638,6228213,200,"Moderate","5",3,TRUE,152.589999999997
"1975","Y~X:Z",0.43,0.17,0.3,"Mplus",6638,6228213,200,"Moderate","5",3,TRUE,152.589999999997
"1976","X~~Z",0.222,0.145,0.2,"Mplus",6638,6228213,200,"Moderate","5",3,TRUE,152.589999999997
"1977","X=~x1",0.828580031227525,0.0301674977674383,0.8,"MC-OrdPLSc",6639,4451147,500,"Moderate","5",2,TRUE,21.489999999998
"1978","X=~x2",0.734675232709272,0.0349280278830063,0.8,"MC-OrdPLSc",6639,4451147,500,"Moderate","5",2,TRUE,21.489999999998
"1979","X=~x3",0.838597286251464,0.0290665770681685,0.8,"MC-OrdPLSc",6639,4451147,500,"Moderate","5",2,TRUE,21.489999999998
"1980","Z=~z1",0.740068147840354,0.0368005358719413,0.8,"MC-OrdPLSc",6639,4451147,500,"Moderate","5",2,TRUE,21.489999999998
"1981","Z=~z2",0.796615243924786,0.0313318384468176,0.8,"MC-OrdPLSc",6639,4451147,500,"Moderate","5",2,TRUE,21.489999999998
"1982","Z=~z3",0.816774671775227,0.0295565621191954,0.8,"MC-OrdPLSc",6639,4451147,500,"Moderate","5",2,TRUE,21.489999999998
"1983","Y=~y1",0.804064713424735,0.0305387638999837,0.8,"MC-OrdPLSc",6639,4451147,500,"Moderate","5",2,TRUE,21.489999999998
"1984","Y=~y2",0.791796375452497,0.0307952908437788,0.8,"MC-OrdPLSc",6639,4451147,500,"Moderate","5",2,TRUE,21.489999999998
"1985","Y=~y3",0.774589153108891,0.0333217245447943,0.8,"MC-OrdPLSc",6639,4451147,500,"Moderate","5",2,TRUE,21.489999999998
"1986","Y~X",0.458003910783822,0.0486661302950701,0.4,"MC-OrdPLSc",6639,4451147,500,"Moderate","5",2,TRUE,21.489999999998
"1987","Y~Z",0.429363352377547,0.0464407388989737,0.5,"MC-OrdPLSc",6639,4451147,500,"Moderate","5",2,TRUE,21.489999999998
"1988","Y~X:Z",0.204685680860197,0.0479800524148073,0.3,"MC-OrdPLSc",6639,4451147,500,"Moderate","5",2,TRUE,21.489999999998
"1989","X~~Z",0.247444736181048,0.0599088892495687,0.2,"MC-OrdPLSc",6639,4451147,500,"Moderate","5",2,TRUE,21.489999999998
"1990","X=~x1",0.773945682735081,0.054558501557881,0.8,"PLSc",6639,4451147,500,"Moderate","5",2,TRUE,4.30999999999767
"1991","X=~x2",0.758219552641971,0.0556424256197684,0.8,"PLSc",6639,4451147,500,"Moderate","5",2,TRUE,4.30999999999767
"1992","X=~x3",0.766507001606817,0.0523733423517156,0.8,"PLSc",6639,4451147,500,"Moderate","5",2,TRUE,4.30999999999767
"1993","Z=~z1",0.800286606169941,0.0422589042568725,0.8,"PLSc",6639,4451147,500,"Moderate","5",2,TRUE,4.30999999999767
"1994","Z=~z2",0.725745102100747,0.0486284723684505,0.8,"PLSc",6639,4451147,500,"Moderate","5",2,TRUE,4.30999999999767
"1995","Z=~z3",0.792594533742281,0.0452666955042822,0.8,"PLSc",6639,4451147,500,"Moderate","5",2,TRUE,4.30999999999767
"1996","Y=~y1",0.811362308634919,0.0304710835127816,0.8,"PLSc",6639,4451147,500,"Moderate","5",2,TRUE,4.30999999999767
"1997","Y=~y2",0.779329736270162,0.0332503577785778,0.8,"PLSc",6639,4451147,500,"Moderate","5",2,TRUE,4.30999999999767
"1998","Y=~y3",0.763140165659729,0.0349359359888013,0.8,"PLSc",6639,4451147,500,"Moderate","5",2,TRUE,4.30999999999767
"1999","Y~X",0.39277136145605,0.0492996858973476,0.4,"PLSc",6639,4451147,500,"Moderate","5",2,TRUE,4.30999999999767
"2000","Y~Z",0.48596555081285,0.0431537246243344,0.5,"PLSc",6639,4451147,500,"Moderate","5",2,TRUE,4.30999999999767
"2001","Y~X:Z",0.231347578875321,0.0477414404276879,0.3,"PLSc",6639,4451147,500,"Moderate","5",2,TRUE,4.30999999999767
"2002","X~~Z",0.182044718752338,0.0547966282112279,0.2,"PLSc",6639,4451147,500,"Moderate","5",2,TRUE,4.30999999999767
"2003","X=~x1",0.852235022634963,0.0170642758794051,0.8,"PLS",6639,4451147,500,"Moderate","5",2,TRUE,1.64000000001397
"2004","X=~x2",0.845655884168101,0.0165611859168361,0.8,"PLS",6639,4451147,500,"Moderate","5",2,TRUE,1.64000000001397
"2005","X=~x3",0.856017655904318,0.0156055867312709,0.8,"PLS",6639,4451147,500,"Moderate","5",2,TRUE,1.64000000001397
"2006","Z=~z1",0.868888329833319,0.0143923380650749,0.8,"PLS",6639,4451147,500,"Moderate","5",2,TRUE,1.64000000001397
"2007","Z=~z2",0.84045299029549,0.0178732286165471,0.8,"PLS",6639,4451147,500,"Moderate","5",2,TRUE,1.64000000001397
"2008","Z=~z3",0.856353923052277,0.0151120154169066,0.8,"PLS",6639,4451147,500,"Moderate","5",2,TRUE,1.64000000001397
"2009","Y=~y1",0.86762305450335,0.0124930558513287,0.8,"PLS",6639,4451147,500,"Moderate","5",2,TRUE,1.64000000001397
"2010","Y=~y2",0.859050203043408,0.0134140835674518,0.8,"PLS",6639,4451147,500,"Moderate","5",2,TRUE,1.64000000001397
"2011","Y=~y3",0.860663463483142,0.0140858614321746,0.8,"PLS",6639,4451147,500,"Moderate","5",2,TRUE,1.64000000001397
"2012","Y~X",0.336075478593259,0.0389789976938834,0.4,"PLS",6639,4451147,500,"Moderate","5",2,TRUE,1.64000000001397
"2013","Y~Z",0.413871131666952,0.0337182518356367,0.5,"PLS",6639,4451147,500,"Moderate","5",2,TRUE,1.64000000001397
"2014","Y~X:Z",0.180936224949365,0.0338711899699203,0.3,"PLS",6639,4451147,500,"Moderate","5",2,TRUE,1.64000000001397
"2015","X~~Z",0.14827524212717,0.0451191396650411,0.2,"PLS",6639,4451147,500,"Moderate","5",2,TRUE,1.64000000001397
"2016","X=~x1",0.806,0.029,0.8,"Mplus",6639,4451147,500,"Moderate","5",2,TRUE,300.179999999993
"2017","X=~x2",0.777,0.031,0.8,"Mplus",6639,4451147,500,"Moderate","5",2,TRUE,300.179999999993
"2018","X=~x3",0.804,0.029,0.8,"Mplus",6639,4451147,500,"Moderate","5",2,TRUE,300.179999999993
"2019","Z=~z1",0.827,0.027,0.8,"Mplus",6639,4451147,500,"Moderate","5",2,TRUE,300.179999999993
"2020","Z=~z2",0.785,0.029,0.8,"Mplus",6639,4451147,500,"Moderate","5",2,TRUE,300.179999999993
"2021","Z=~z3",0.806,0.029,0.8,"Mplus",6639,4451147,500,"Moderate","5",2,TRUE,300.179999999993
"2022","Y=~y1",0.824,0.026,0.8,"Mplus",6639,4451147,500,"Moderate","5",2,TRUE,300.179999999993
"2023","Y=~y2",0.805,0.027,0.8,"Mplus",6639,4451147,500,"Moderate","5",2,TRUE,300.179999999993
"2024","Y=~y3",0.81,0.027,0.8,"Mplus",6639,4451147,500,"Moderate","5",2,TRUE,300.179999999993
"2025","Y~X",0.382,0.045,0.4,"Mplus",6639,4451147,500,"Moderate","5",2,TRUE,300.179999999993
"2026","Y~Z",0.501,0.043,0.5,"Mplus",6639,4451147,500,"Moderate","5",2,TRUE,300.179999999993
"2027","Y~X:Z",0.249,0.05,0.3,"Mplus",6639,4451147,500,"Moderate","5",2,TRUE,300.179999999993
"2028","X~~Z",0.193,0.054,0.2,"Mplus",6639,4451147,500,"Moderate","5",2,TRUE,300.179999999993
"2029","X=~x1",0.408126221110158,0.0664325319861492,0.5,"MC-OrdPLSc",6640,2822820,500,"Moderate","5",3,TRUE,26.1100000000006
"2030","X=~x2",0.546424146895986,0.0734861902360249,0.5,"MC-OrdPLSc",6640,2822820,500,"Moderate","5",3,TRUE,26.1100000000006
"2031","X=~x3",0.456636799570949,0.0780889619921826,0.5,"MC-OrdPLSc",6640,2822820,500,"Moderate","5",3,TRUE,26.1100000000006
"2032","Z=~z1",0.46466053139889,0.0755121687972824,0.5,"MC-OrdPLSc",6640,2822820,500,"Moderate","5",3,TRUE,26.1100000000006
"2033","Z=~z2",0.527174703607711,0.0726765975377362,0.5,"MC-OrdPLSc",6640,2822820,500,"Moderate","5",3,TRUE,26.1100000000006
"2034","Z=~z3",0.517511021924031,0.0830480022129799,0.5,"MC-OrdPLSc",6640,2822820,500,"Moderate","5",3,TRUE,26.1100000000006
"2035","Y=~y1",0.45249647242415,0.0605702310950911,0.5,"MC-OrdPLSc",6640,2822820,500,"Moderate","5",3,TRUE,26.1100000000006
"2036","Y=~y2",0.457003230658455,0.0596746227077202,0.5,"MC-OrdPLSc",6640,2822820,500,"Moderate","5",3,TRUE,26.1100000000006
"2037","Y=~y3",0.595867846113182,0.0594309066494667,0.5,"MC-OrdPLSc",6640,2822820,500,"Moderate","5",3,TRUE,26.1100000000006
"2038","Y~X",0.646127327879205,0.117229426013045,0.4,"MC-OrdPLSc",6640,2822820,500,"Moderate","5",3,TRUE,26.1100000000006
"2039","Y~Z",0.355717238919753,0.114636783001687,0.5,"MC-OrdPLSc",6640,2822820,500,"Moderate","5",3,TRUE,26.1100000000006
"2040","Y~X:Z",0.315781747041742,0.147255059575068,0.3,"MC-OrdPLSc",6640,2822820,500,"Moderate","5",3,TRUE,26.1100000000006
"2041","X~~Z",0.354526035715787,0.112595769135855,0.2,"MC-OrdPLSc",6640,2822820,500,"Moderate","5",3,TRUE,26.1100000000006
"2042","X=~x1",0.477715484538194,0.11715145288473,0.5,"PLSc",6640,2822820,500,"Moderate","5",3,TRUE,4.86000000001513
"2043","X=~x2",0.474285688932331,0.156132414701656,0.5,"PLSc",6640,2822820,500,"Moderate","5",3,TRUE,4.86000000001513
"2044","X=~x3",0.536437894268345,0.128096387364392,0.5,"PLSc",6640,2822820,500,"Moderate","5",3,TRUE,4.86000000001513
"2045","Z=~z1",0.528935917945831,0.0831588414536208,0.5,"PLSc",6640,2822820,500,"Moderate","5",3,TRUE,4.86000000001513
"2046","Z=~z2",0.47214859163685,0.0828810223744128,0.5,"PLSc",6640,2822820,500,"Moderate","5",3,TRUE,4.86000000001513
"2047","Z=~z3",0.49934415450929,0.083473676086385,0.5,"PLSc",6640,2822820,500,"Moderate","5",3,TRUE,4.86000000001513
"2048","Y=~y1",0.509831081840724,0.0748822461230747,0.5,"PLSc",6640,2822820,500,"Moderate","5",3,TRUE,4.86000000001513
"2049","Y=~y2",0.396840285287387,0.0847264988934755,0.5,"PLSc",6640,2822820,500,"Moderate","5",3,TRUE,4.86000000001513
"2050","Y=~y3",0.534635132957449,0.0786596359334004,0.5,"PLSc",6640,2822820,500,"Moderate","5",3,TRUE,4.86000000001513
"2051","Y~X",0.224834149972213,0.286534875660239,0.4,"PLSc",6640,2822820,500,"Moderate","5",3,TRUE,4.86000000001513
"2052","Y~Z",0.499746628705861,0.119061913904047,0.5,"PLSc",6640,2822820,500,"Moderate","5",3,TRUE,4.86000000001513
"2053","Y~X:Z",0.103777029596918,0.643966874118961,0.3,"PLSc",6640,2822820,500,"Moderate","5",3,TRUE,4.86000000001513
"2054","X~~Z",0.263638659776805,0.0882678795175862,0.2,"PLSc",6640,2822820,500,"Moderate","5",3,TRUE,4.86000000001513
"2055","X=~x1",0.688423376264614,0.0903514235433112,0.5,"PLS",6640,2822820,500,"Moderate","5",3,TRUE,2.42999999999302
"2056","X=~x2",0.693824238138642,0.122950396703511,0.5,"PLS",6640,2822820,500,"Moderate","5",3,TRUE,2.42999999999302
"2057","X=~x3",0.732544027199997,0.0970481202551759,0.5,"PLS",6640,2822820,500,"Moderate","5",3,TRUE,2.42999999999302
"2058","Z=~z1",0.726591704225515,0.0634021717823727,0.5,"PLS",6640,2822820,500,"Moderate","5",3,TRUE,2.42999999999302
"2059","Z=~z2",0.668714281000653,0.0683637753718328,0.5,"PLS",6640,2822820,500,"Moderate","5",3,TRUE,2.42999999999302
"2060","Z=~z3",0.72449066380352,0.059545213817378,0.5,"PLS",6640,2822820,500,"Moderate","5",3,TRUE,2.42999999999302
"2061","Y=~y1",0.713299163846501,0.0597843606087137,0.5,"PLS",6640,2822820,500,"Moderate","5",3,TRUE,2.42999999999302
"2062","Y=~y2",0.617072496127402,0.0770593695993879,0.5,"PLS",6640,2822820,500,"Moderate","5",3,TRUE,2.42999999999302
"2063","Y=~y3",0.754263359042604,0.0541884210987138,0.5,"PLS",6640,2822820,500,"Moderate","5",3,TRUE,2.42999999999302
"2064","Y~X",0.141576253574951,0.0457848258355468,0.4,"PLS",6640,2822820,500,"Moderate","5",3,TRUE,2.42999999999302
"2065","Y~Z",0.264869854294988,0.040227292769998,0.5,"PLS",6640,2822820,500,"Moderate","5",3,TRUE,2.42999999999302
"2066","Y~X:Z",0.0659120737410591,0.0448469080343732,0.3,"PLS",6640,2822820,500,"Moderate","5",3,TRUE,2.42999999999302
"2067","X~~Z",0.131646492719468,0.0454964305238975,0.2,"PLS",6640,2822820,500,"Moderate","5",3,TRUE,2.42999999999302
"2068","X=~x1",0.477,0.067,0.5,"Mplus",6640,2822820,500,"Moderate","5",3,TRUE,336.130000000005
"2069","X=~x2",0.491,0.07,0.5,"Mplus",6640,2822820,500,"Moderate","5",3,TRUE,336.130000000005
"2070","X=~x3",0.539,0.072,0.5,"Mplus",6640,2822820,500,"Moderate","5",3,TRUE,336.130000000005
"2071","Z=~z1",0.5,0.065,0.5,"Mplus",6640,2822820,500,"Moderate","5",3,TRUE,336.130000000005
"2072","Z=~z2",0.451,0.061,0.5,"Mplus",6640,2822820,500,"Moderate","5",3,TRUE,336.130000000005
"2073","Z=~z3",0.568,0.067,0.5,"Mplus",6640,2822820,500,"Moderate","5",3,TRUE,336.130000000005
"2074","Y=~y1",0.456,0.062,0.5,"Mplus",6640,2822820,500,"Moderate","5",3,TRUE,336.130000000005
"2075","Y=~y2",0.436,0.061,0.5,"Mplus",6640,2822820,500,"Moderate","5",3,TRUE,336.130000000005
"2076","Y=~y3",0.561,0.063,0.5,"Mplus",6640,2822820,500,"Moderate","5",3,TRUE,336.130000000005
"2077","Y~X",0.287,0.098,0.4,"Mplus",6640,2822820,500,"Moderate","5",3,TRUE,336.130000000005
"2078","Y~Z",0.52,0.091,0.5,"Mplus",6640,2822820,500,"Moderate","5",3,TRUE,336.130000000005
"2079","Y~X:Z",0.214,0.101,0.3,"Mplus",6640,2822820,500,"Moderate","5",3,TRUE,336.130000000005
"2080","X~~Z",0.235,0.092,0.2,"Mplus",6640,2822820,500,"Moderate","5",3,TRUE,336.130000000005
"2081","X=~x1",0.786957128135564,0.0242498223605709,0.8,"MC-OrdPLSc",6641,1879588,1000,"Moderate","5",2,TRUE,25.5800000000017
"2082","X=~x2",0.813320149765855,0.024476654544686,0.8,"MC-OrdPLSc",6641,1879588,1000,"Moderate","5",2,TRUE,25.5800000000017
"2083","X=~x3",0.808425334539117,0.0225673825280368,0.8,"MC-OrdPLSc",6641,1879588,1000,"Moderate","5",2,TRUE,25.5800000000017
"2084","Z=~z1",0.797172510309369,0.0211369909219928,0.8,"MC-OrdPLSc",6641,1879588,1000,"Moderate","5",2,TRUE,25.5800000000017
"2085","Z=~z2",0.793072637090518,0.0226958492895349,0.8,"MC-OrdPLSc",6641,1879588,1000,"Moderate","5",2,TRUE,25.5800000000017
"2086","Z=~z3",0.789326193053624,0.0240314146993608,0.8,"MC-OrdPLSc",6641,1879588,1000,"Moderate","5",2,TRUE,25.5800000000017
"2087","Y=~y1",0.835149839331842,0.0202693147149857,0.8,"MC-OrdPLSc",6641,1879588,1000,"Moderate","5",2,TRUE,25.5800000000017
"2088","Y=~y2",0.787327525859762,0.0177686601325668,0.8,"MC-OrdPLSc",6641,1879588,1000,"Moderate","5",2,TRUE,25.5800000000017
"2089","Y=~y3",0.773668269261345,0.0225380674019666,0.8,"MC-OrdPLSc",6641,1879588,1000,"Moderate","5",2,TRUE,25.5800000000017
"2090","Y~X",0.400102042325912,0.0325717002821605,0.4,"MC-OrdPLSc",6641,1879588,1000,"Moderate","5",2,TRUE,25.5800000000017
"2091","Y~Z",0.497194568669165,0.0329617591678595,0.5,"MC-OrdPLSc",6641,1879588,1000,"Moderate","5",2,TRUE,25.5800000000017
"2092","Y~X:Z",0.273838361439438,0.0374521555402059,0.3,"MC-OrdPLSc",6641,1879588,1000,"Moderate","5",2,TRUE,25.5800000000017
"2093","X~~Z",0.182531620987073,0.0426779381136494,0.2,"MC-OrdPLSc",6641,1879588,1000,"Moderate","5",2,TRUE,25.5800000000017
"2094","X=~x1",0.771157709333664,0.0331597601772353,0.8,"PLSc",6641,1879588,1000,"Moderate","5",2,TRUE,6.64999999999418
"2095","X=~x2",0.771270352088065,0.0386730622336242,0.8,"PLSc",6641,1879588,1000,"Moderate","5",2,TRUE,6.64999999999418
"2096","X=~x3",0.722058036898508,0.0361204851484932,0.8,"PLSc",6641,1879588,1000,"Moderate","5",2,TRUE,6.64999999999418
"2097","Z=~z1",0.778743123666302,0.0334324699294994,0.8,"PLSc",6641,1879588,1000,"Moderate","5",2,TRUE,6.64999999999418
"2098","Z=~z2",0.739854065122259,0.0316871221835884,0.8,"PLSc",6641,1879588,1000,"Moderate","5",2,TRUE,6.64999999999418
"2099","Z=~z3",0.717979098982868,0.0298348639279337,0.8,"PLSc",6641,1879588,1000,"Moderate","5",2,TRUE,6.64999999999418
"2100","Y=~y1",0.756401082540133,0.0249630736777365,0.8,"PLSc",6641,1879588,1000,"Moderate","5",2,TRUE,6.64999999999418
"2101","Y=~y2",0.782731375574376,0.0250487492565365,0.8,"PLSc",6641,1879588,1000,"Moderate","5",2,TRUE,6.64999999999418
"2102","Y=~y3",0.728651857420654,0.0258218635469132,0.8,"PLSc",6641,1879588,1000,"Moderate","5",2,TRUE,6.64999999999418
"2103","Y~X",0.395890309020282,0.0322566853979815,0.4,"PLSc",6641,1879588,1000,"Moderate","5",2,TRUE,6.64999999999418
"2104","Y~Z",0.517456699567926,0.0299179016964387,0.5,"PLSc",6641,1879588,1000,"Moderate","5",2,TRUE,6.64999999999418
"2105","Y~X:Z",0.219151414267292,0.0376646583918563,0.3,"PLSc",6641,1879588,1000,"Moderate","5",2,TRUE,6.64999999999418
"2106","X~~Z",0.217366354444923,0.0403342473416709,0.2,"PLSc",6641,1879588,1000,"Moderate","5",2,TRUE,6.64999999999418
"2107","X=~x1",0.860826791495036,0.0106208407879389,0.8,"PLS",6641,1879588,1000,"Moderate","5",2,TRUE,1.92000000001281
"2108","X=~x2",0.84004925412434,0.0131802078528666,0.8,"PLS",6641,1879588,1000,"Moderate","5",2,TRUE,1.92000000001281
"2109","X=~x3",0.832424675841781,0.0132881181623356,0.8,"PLS",6641,1879588,1000,"Moderate","5",2,TRUE,1.92000000001281
"2110","Z=~z1",0.852509680953247,0.0111519533797528,0.8,"PLS",6641,1879588,1000,"Moderate","5",2,TRUE,1.92000000001281
"2111","Z=~z2",0.841201295784319,0.0122036281853941,0.8,"PLS",6641,1879588,1000,"Moderate","5",2,TRUE,1.92000000001281
"2112","Z=~z3",0.822674251166944,0.0129805856038407,0.8,"PLS",6641,1879588,1000,"Moderate","5",2,TRUE,1.92000000001281
"2113","Y=~y1",0.853015087942915,0.0110131396533196,0.8,"PLS",6641,1879588,1000,"Moderate","5",2,TRUE,1.92000000001281
"2114","Y=~y2",0.845843670614964,0.0102341145521026,0.8,"PLS",6641,1879588,1000,"Moderate","5",2,TRUE,1.92000000001281
"2115","Y=~y3",0.836777025400374,0.0119179411720657,0.8,"PLS",6641,1879588,1000,"Moderate","5",2,TRUE,1.92000000001281
"2116","Y~X",0.338343706186706,0.0239668414899417,0.4,"PLS",6641,1879588,1000,"Moderate","5",2,TRUE,1.92000000001281
"2117","Y~Z",0.427304661071993,0.0233216765495845,0.5,"PLS",6641,1879588,1000,"Moderate","5",2,TRUE,1.92000000001281
"2118","Y~X:Z",0.172507647266709,0.0203587217025929,0.3,"PLS",6641,1879588,1000,"Moderate","5",2,TRUE,1.92000000001281
"2119","X~~Z",0.172919992252584,0.0322831143521818,0.2,"PLS",6641,1879588,1000,"Moderate","5",2,TRUE,1.92000000001281
"2120","X=~x1",0.822,0.021,0.8,"Mplus",6641,1879588,1000,"Moderate","5",2,TRUE,587.50999999998
"2121","X=~x2",0.764,0.023,0.8,"Mplus",6641,1879588,1000,"Moderate","5",2,TRUE,587.50999999998
"2122","X=~x3",0.769,0.022,0.8,"Mplus",6641,1879588,1000,"Moderate","5",2,TRUE,587.50999999998
"2123","Z=~z1",0.803,0.021,0.8,"Mplus",6641,1879588,1000,"Moderate","5",2,TRUE,587.50999999998
"2124","Z=~z2",0.802,0.021,0.8,"Mplus",6641,1879588,1000,"Moderate","5",2,TRUE,587.50999999998
"2125","Z=~z3",0.739,0.023,0.8,"Mplus",6641,1879588,1000,"Moderate","5",2,TRUE,587.50999999998
"2126","Y=~y1",0.807,0.02,0.8,"Mplus",6641,1879588,1000,"Moderate","5",2,TRUE,587.50999999998
"2127","Y=~y2",0.777,0.021,0.8,"Mplus",6641,1879588,1000,"Moderate","5",2,TRUE,587.50999999998
"2128","Y=~y3",0.767,0.021,0.8,"Mplus",6641,1879588,1000,"Moderate","5",2,TRUE,587.50999999998
"2129","Y~X",0.395,0.033,0.4,"Mplus",6641,1879588,1000,"Moderate","5",2,TRUE,587.50999999998
"2130","Y~Z",0.53,0.03,0.5,"Mplus",6641,1879588,1000,"Moderate","5",2,TRUE,587.50999999998
"2131","Y~X:Z",0.239,0.036,0.3,"Mplus",6641,1879588,1000,"Moderate","5",2,TRUE,587.50999999998
"2132","X~~Z",0.219,0.038,0.2,"Mplus",6641,1879588,1000,"Moderate","5",2,TRUE,587.50999999998
"2133","X=~x1",0.442889305572911,0.0614221537208267,0.5,"MC-OrdPLSc",6642,623252,1000,"Moderate","5",3,TRUE,28.7200000000012
"2134","X=~x2",0.520615857343451,0.0496108000452152,0.5,"MC-OrdPLSc",6642,623252,1000,"Moderate","5",3,TRUE,28.7200000000012
"2135","X=~x3",0.580663831144109,0.0672686091483545,0.5,"MC-OrdPLSc",6642,623252,1000,"Moderate","5",3,TRUE,28.7200000000012
"2136","Z=~z1",0.595127768236412,0.0563478774036677,0.5,"MC-OrdPLSc",6642,623252,1000,"Moderate","5",3,TRUE,28.7200000000012
"2137","Z=~z2",0.414025916885745,0.054231297355652,0.5,"MC-OrdPLSc",6642,623252,1000,"Moderate","5",3,TRUE,28.7200000000012
"2138","Z=~z3",0.440794819018265,0.050858475966937,0.5,"MC-OrdPLSc",6642,623252,1000,"Moderate","5",3,TRUE,28.7200000000012
"2139","Y=~y1",0.540990049138655,0.0437368474427493,0.5,"MC-OrdPLSc",6642,623252,1000,"Moderate","5",3,TRUE,28.7200000000012
"2140","Y=~y2",0.522557262635462,0.0420063287484767,0.5,"MC-OrdPLSc",6642,623252,1000,"Moderate","5",3,TRUE,28.7200000000012
"2141","Y=~y3",0.471933421303175,0.0409001212256753,0.5,"MC-OrdPLSc",6642,623252,1000,"Moderate","5",3,TRUE,28.7200000000012
"2142","Y~X",0.415510760908412,0.0649956642810621,0.4,"MC-OrdPLSc",6642,623252,1000,"Moderate","5",3,TRUE,28.7200000000012
"2143","Y~Z",0.536351477792379,0.0681339324535912,0.5,"MC-OrdPLSc",6642,623252,1000,"Moderate","5",3,TRUE,28.7200000000012
"2144","Y~X:Z",0.309871458620825,0.109219297597155,0.3,"MC-OrdPLSc",6642,623252,1000,"Moderate","5",3,TRUE,28.7200000000012
"2145","X~~Z",0.18074193337792,0.0708371413633681,0.2,"MC-OrdPLSc",6642,623252,1000,"Moderate","5",3,TRUE,28.7200000000012
"2146","X=~x1",0.400871746602371,0.0615425414430531,0.5,"PLSc",6642,623252,1000,"Moderate","5",3,TRUE,6.77999999999884
"2147","X=~x2",0.428201804529419,0.0614599667472291,0.5,"PLSc",6642,623252,1000,"Moderate","5",3,TRUE,6.77999999999884
"2148","X=~x3",0.574638631305546,0.0584084751422974,0.5,"PLSc",6642,623252,1000,"Moderate","5",3,TRUE,6.77999999999884
"2149","Z=~z1",0.458624520818723,0.0626376353480529,0.5,"PLSc",6642,623252,1000,"Moderate","5",3,TRUE,6.77999999999884
"2150","Z=~z2",0.356693031563406,0.0654043575405734,0.5,"PLSc",6642,623252,1000,"Moderate","5",3,TRUE,6.77999999999884
"2151","Z=~z3",0.489262812847901,0.0660409598121085,0.5,"PLSc",6642,623252,1000,"Moderate","5",3,TRUE,6.77999999999884
"2152","Y=~y1",0.486614121796837,0.0454927528908444,0.5,"PLSc",6642,623252,1000,"Moderate","5",3,TRUE,6.77999999999884
"2153","Y=~y2",0.52248495812528,0.0447700370730249,0.5,"PLSc",6642,623252,1000,"Moderate","5",3,TRUE,6.77999999999884
"2154","Y=~y3",0.491686122069168,0.0458600901740677,0.5,"PLSc",6642,623252,1000,"Moderate","5",3,TRUE,6.77999999999884
"2155","Y~X",0.451332764137829,1.27884833253525,0.4,"PLSc",6642,623252,1000,"Moderate","5",3,TRUE,6.77999999999884
"2156","Y~Z",0.485298586484233,1.02612073684137,0.5,"PLSc",6642,623252,1000,"Moderate","5",3,TRUE,6.77999999999884
"2157","Y~X:Z",0.257248146450233,3.39587331681515,0.3,"PLSc",6642,623252,1000,"Moderate","5",3,TRUE,6.77999999999884
"2158","X~~Z",0.196844926732998,0.0697254697777698,0.2,"PLSc",6642,623252,1000,"Moderate","5",3,TRUE,6.77999999999884
"2159","X=~x1",0.643639966249898,0.0520842317870341,0.5,"PLS",6642,623252,1000,"Moderate","5",3,TRUE,2.17999999999302
"2160","X=~x2",0.63812113566042,0.0574911634825292,0.5,"PLS",6642,623252,1000,"Moderate","5",3,TRUE,2.17999999999302
"2161","X=~x3",0.780918664513493,0.0366651160699781,0.5,"PLS",6642,623252,1000,"Moderate","5",3,TRUE,2.17999999999302
"2162","Z=~z1",0.697597773226577,0.0553942465995187,0.5,"PLS",6642,623252,1000,"Moderate","5",3,TRUE,2.17999999999302
"2163","Z=~z2",0.587646911926864,0.0674762635582706,0.5,"PLS",6642,623252,1000,"Moderate","5",3,TRUE,2.17999999999302
"2164","Z=~z3",0.736706302556045,0.0525639807879719,0.5,"PLS",6642,623252,1000,"Moderate","5",3,TRUE,2.17999999999302
"2165","Y=~y1",0.699242352661919,0.0337013296554648,0.5,"PLS",6642,623252,1000,"Moderate","5",3,TRUE,2.17999999999302
"2166","Y=~y2",0.724584982688894,0.0312621857947433,0.5,"PLS",6642,623252,1000,"Moderate","5",3,TRUE,2.17999999999302
"2167","Y=~y3",0.697401005705192,0.0350870383922011,0.5,"PLS",6642,623252,1000,"Moderate","5",3,TRUE,2.17999999999302
"2168","Y~X",0.266160788471383,0.0272526981452206,0.4,"PLS",6642,623252,1000,"Moderate","5",3,TRUE,2.17999999999302
"2169","Y~Z",0.244527225168418,0.0292744818723762,0.5,"PLS",6642,623252,1000,"Moderate","5",3,TRUE,2.17999999999302
"2170","Y~X:Z",0.102673299705257,0.0316436692928812,0.3,"PLS",6642,623252,1000,"Moderate","5",3,TRUE,2.17999999999302
"2171","X~~Z",0.0877960307476678,0.0311807443305995,0.2,"PLS",6642,623252,1000,"Moderate","5",3,TRUE,2.17999999999302
"2172","X=~x1",0.471,0.045,0.5,"Mplus",6642,623252,1000,"Moderate","5",3,TRUE,611.550000000017
"2173","X=~x2",0.427,0.045,0.5,"Mplus",6642,623252,1000,"Moderate","5",3,TRUE,611.550000000017
"2174","X=~x3",0.56,0.047,0.5,"Mplus",6642,623252,1000,"Moderate","5",3,TRUE,611.550000000017
"2175","Z=~z1",0.465,0.048,0.5,"Mplus",6642,623252,1000,"Moderate","5",3,TRUE,611.550000000017
"2176","Z=~z2",0.382,0.047,0.5,"Mplus",6642,623252,1000,"Moderate","5",3,TRUE,611.550000000017
"2177","Z=~z3",0.498,0.05,0.5,"Mplus",6642,623252,1000,"Moderate","5",3,TRUE,611.550000000017
"2178","Y=~y1",0.497,0.04,0.5,"Mplus",6642,623252,1000,"Moderate","5",3,TRUE,611.550000000017
"2179","Y=~y2",0.527,0.041,0.5,"Mplus",6642,623252,1000,"Moderate","5",3,TRUE,611.550000000017
"2180","Y=~y3",0.487,0.04,0.5,"Mplus",6642,623252,1000,"Moderate","5",3,TRUE,611.550000000017
"2181","Y~X",0.525,0.065,0.4,"Mplus",6642,623252,1000,"Moderate","5",3,TRUE,611.550000000017
"2182","Y~Z",0.49,0.067,0.5,"Mplus",6642,623252,1000,"Moderate","5",3,TRUE,611.550000000017
"2183","Y~X:Z",0.31,0.069,0.3,"Mplus",6642,623252,1000,"Moderate","5",3,TRUE,611.550000000017
"2184","X~~Z",0.181,0.069,0.2,"Mplus",6642,623252,1000,"Moderate","5",3,TRUE,611.550000000017
"2185","X=~x1",0.839509361940234,0.0357852171796898,0.8,"MC-OrdPLSc",6643,5093566,200,"Moderate","7",2,TRUE,23.3000000000029
"2186","X=~x2",0.876597112413003,0.0345633592296844,0.8,"MC-OrdPLSc",6643,5093566,200,"Moderate","7",2,TRUE,23.3000000000029
"2187","X=~x3",0.808405005930921,0.0469002672963384,0.8,"MC-OrdPLSc",6643,5093566,200,"Moderate","7",2,TRUE,23.3000000000029
"2188","Z=~z1",0.877860006417699,0.037395810193585,0.8,"MC-OrdPLSc",6643,5093566,200,"Moderate","7",2,TRUE,23.3000000000029
"2189","Z=~z2",0.690087355164292,0.0586570069530908,0.8,"MC-OrdPLSc",6643,5093566,200,"Moderate","7",2,TRUE,23.3000000000029
"2190","Z=~z3",0.804802231441621,0.0426134265674578,0.8,"MC-OrdPLSc",6643,5093566,200,"Moderate","7",2,TRUE,23.3000000000029
"2191","Y=~y1",0.79364370367451,0.0376924563768506,0.8,"MC-OrdPLSc",6643,5093566,200,"Moderate","7",2,TRUE,23.3000000000029
"2192","Y=~y2",0.829310865418079,0.0366647431896358,0.8,"MC-OrdPLSc",6643,5093566,200,"Moderate","7",2,TRUE,23.3000000000029
"2193","Y=~y3",0.829294498888248,0.0392746257851374,0.8,"MC-OrdPLSc",6643,5093566,200,"Moderate","7",2,TRUE,23.3000000000029
"2194","Y~X",0.437355107990684,0.0668315384026557,0.4,"MC-OrdPLSc",6643,5093566,200,"Moderate","7",2,TRUE,23.3000000000029
"2195","Y~Z",0.573246374041791,0.059952342953165,0.5,"MC-OrdPLSc",6643,5093566,200,"Moderate","7",2,TRUE,23.3000000000029
"2196","Y~X:Z",0.275075539941103,0.0920307506162518,0.3,"MC-OrdPLSc",6643,5093566,200,"Moderate","7",2,TRUE,23.3000000000029
"2197","X~~Z",0.0761122827310542,0.0807888773000759,0.2,"MC-OrdPLSc",6643,5093566,200,"Moderate","7",2,TRUE,23.3000000000029
"2198","X=~x1",0.778955618937016,0.0917828542239827,0.8,"PLSc",6643,5093566,200,"Moderate","7",2,TRUE,2.97999999998137
"2199","X=~x2",0.746384724871339,0.091750134815082,0.8,"PLSc",6643,5093566,200,"Moderate","7",2,TRUE,2.97999999998137
"2200","X=~x3",0.747267037664025,0.102952477930934,0.8,"PLSc",6643,5093566,200,"Moderate","7",2,TRUE,2.97999999998137
"2201","Z=~z1",0.905497626570809,0.073228791071354,0.8,"PLSc",6643,5093566,200,"Moderate","7",2,TRUE,2.97999999998137
"2202","Z=~z2",0.625050414546787,0.0850970193638872,0.8,"PLSc",6643,5093566,200,"Moderate","7",2,TRUE,2.97999999998137
"2203","Z=~z3",0.770619421281908,0.0733456696197746,0.8,"PLSc",6643,5093566,200,"Moderate","7",2,TRUE,2.97999999998137
"2204","Y=~y1",0.75209790367391,0.0526196541950949,0.8,"PLSc",6643,5093566,200,"Moderate","7",2,TRUE,2.97999999998137
"2205","Y=~y2",0.794598258286515,0.0610209451617503,0.8,"PLSc",6643,5093566,200,"Moderate","7",2,TRUE,2.97999999998137
"2206","Y=~y3",0.733962509349527,0.0567482122396819,0.8,"PLSc",6643,5093566,200,"Moderate","7",2,TRUE,2.97999999998137
"2207","Y~X",0.40545022037928,0.0742856427032041,0.4,"PLSc",6643,5093566,200,"Moderate","7",2,TRUE,2.97999999998137
"2208","Y~Z",0.555544339444738,0.0887613473620919,0.5,"PLSc",6643,5093566,200,"Moderate","7",2,TRUE,2.97999999998137
"2209","Y~X:Z",0.313641208814991,0.105458743214725,0.3,"PLSc",6643,5093566,200,"Moderate","7",2,TRUE,2.97999999998137
"2210","X~~Z",0.147336305523682,0.0812572737672013,0.2,"PLSc",6643,5093566,200,"Moderate","7",2,TRUE,2.97999999998137
"2211","X=~x1",0.850052516284594,0.0280139604166131,0.8,"PLS",6643,5093566,200,"Moderate","7",2,TRUE,1.76000000000931
"2212","X=~x2",0.831114802504074,0.0289976634851233,0.8,"PLS",6643,5093566,200,"Moderate","7",2,TRUE,1.76000000000931
"2213","X=~x3",0.857218439540979,0.0289692248023015,0.8,"PLS",6643,5093566,200,"Moderate","7",2,TRUE,1.76000000000931
"2214","Z=~z1",0.876818673015602,0.0188091040851272,0.8,"PLS",6643,5093566,200,"Moderate","7",2,TRUE,1.76000000000931
"2215","Z=~z2",0.823080197595205,0.0350638338210231,0.8,"PLS",6643,5093566,200,"Moderate","7",2,TRUE,1.76000000000931
"2216","Z=~z3",0.859189222380337,0.0292821477732891,0.8,"PLS",6643,5093566,200,"Moderate","7",2,TRUE,1.76000000000931
"2217","Y=~y1",0.847926314696621,0.024155006735864,0.8,"PLS",6643,5093566,200,"Moderate","7",2,TRUE,1.76000000000931
"2218","Y=~y2",0.861869222354451,0.0243941280355761,0.8,"PLS",6643,5093566,200,"Moderate","7",2,TRUE,1.76000000000931
"2219","Y=~y3",0.832837825926207,0.0283804194750708,0.8,"PLS",6643,5093566,200,"Moderate","7",2,TRUE,1.76000000000931
"2220","Y~X",0.335072182330295,0.0572205429713869,0.4,"PLS",6643,5093566,200,"Moderate","7",2,TRUE,1.76000000000931
"2221","Y~Z",0.456375466051438,0.0594671499974215,0.5,"PLS",6643,5093566,200,"Moderate","7",2,TRUE,1.76000000000931
"2222","Y~X:Z",0.217076314343577,0.0603931099347928,0.3,"PLS",6643,5093566,200,"Moderate","7",2,TRUE,1.76000000000931
"2223","X~~Z",0.120832839143994,0.0672056867174445,0.2,"PLS",6643,5093566,200,"Moderate","7",2,TRUE,1.76000000000931
"2224","X=~x1",0.763,0.046,0.8,"Mplus",6643,5093566,200,"Moderate","7",2,TRUE,140.070000000007
"2225","X=~x2",0.767,0.047,0.8,"Mplus",6643,5093566,200,"Moderate","7",2,TRUE,140.070000000007
"2226","X=~x3",0.83,0.041,0.8,"Mplus",6643,5093566,200,"Moderate","7",2,TRUE,140.070000000007
"2227","Z=~z1",0.821,0.041,0.8,"Mplus",6643,5093566,200,"Moderate","7",2,TRUE,140.070000000007
"2228","Z=~z2",0.777,0.044,0.8,"Mplus",6643,5093566,200,"Moderate","7",2,TRUE,140.070000000007
"2229","Z=~z3",0.803,0.041,0.8,"Mplus",6643,5093566,200,"Moderate","7",2,TRUE,140.070000000007
"2230","Y=~y1",0.795,0.043,0.8,"Mplus",6643,5093566,200,"Moderate","7",2,TRUE,140.070000000007
"2231","Y=~y2",0.795,0.043,0.8,"Mplus",6643,5093566,200,"Moderate","7",2,TRUE,140.070000000007
"2232","Y=~y3",0.754,0.047,0.8,"Mplus",6643,5093566,200,"Moderate","7",2,TRUE,140.070000000007
"2233","Y~X",0.415,0.069,0.4,"Mplus",6643,5093566,200,"Moderate","7",2,TRUE,140.070000000007
"2234","Y~Z",0.502,0.066,0.5,"Mplus",6643,5093566,200,"Moderate","7",2,TRUE,140.070000000007
"2235","Y~X:Z",0.34,0.076,0.3,"Mplus",6643,5093566,200,"Moderate","7",2,TRUE,140.070000000007
"2236","X~~Z",0.146,0.085,0.2,"Mplus",6643,5093566,200,"Moderate","7",2,TRUE,140.070000000007
"2237","X=~x1",0.570266741068942,0.100475898148141,0.5,"MC-OrdPLSc",6644,3053230,200,"Moderate","7",3,TRUE,28.8600000000006
"2238","X=~x2",0.558735476390314,0.13160633750864,0.5,"MC-OrdPLSc",6644,3053230,200,"Moderate","7",3,TRUE,28.8600000000006
"2239","X=~x3",0.380889127084982,0.114785310051755,0.5,"MC-OrdPLSc",6644,3053230,200,"Moderate","7",3,TRUE,28.8600000000006
"2240","Z=~z1",0.522211485291161,0.223416186025149,0.5,"MC-OrdPLSc",6644,3053230,200,"Moderate","7",3,TRUE,28.8600000000006
"2241","Z=~z2",0.184590645349343,0.152897590502809,0.5,"MC-OrdPLSc",6644,3053230,200,"Moderate","7",3,TRUE,28.8600000000006
"2242","Z=~z3",0.608632616618392,0.177900842868114,0.5,"MC-OrdPLSc",6644,3053230,200,"Moderate","7",3,TRUE,28.8600000000006
"2243","Y=~y1",0.552628658395519,0.0965842910814483,0.5,"MC-OrdPLSc",6644,3053230,200,"Moderate","7",3,TRUE,28.8600000000006
"2244","Y=~y2",0.531474988874247,0.117864335803589,0.5,"MC-OrdPLSc",6644,3053230,200,"Moderate","7",3,TRUE,28.8600000000006
"2245","Y=~y3",0.484870748489253,0.103074634398489,0.5,"MC-OrdPLSc",6644,3053230,200,"Moderate","7",3,TRUE,28.8600000000006
"2246","Y~X",0.583809715263135,0.147366456726537,0.4,"MC-OrdPLSc",6644,3053230,200,"Moderate","7",3,TRUE,28.8600000000006
"2247","Y~Z",0.458663299817905,0.180047865862544,0.5,"MC-OrdPLSc",6644,3053230,200,"Moderate","7",3,TRUE,28.8600000000006
"2248","Y~X:Z",0.542161832906193,0.253928436130266,0.3,"MC-OrdPLSc",6644,3053230,200,"Moderate","7",3,TRUE,28.8600000000006
"2249","X~~Z",0.211539786431012,0.139133564429511,0.2,"MC-OrdPLSc",6644,3053230,200,"Moderate","7",3,TRUE,28.8600000000006
"2250","X=~x1",0.405013562437937,0.19412020103431,0.5,"PLSc",6644,3053230,200,"Moderate","7",3,TRUE,3.91000000000349
"2251","X=~x2",0.579000709090018,0.206572170873175,0.5,"PLSc",6644,3053230,200,"Moderate","7",3,TRUE,3.91000000000349
"2252","X=~x3",0.204875015835313,0.213070758064775,0.5,"PLSc",6644,3053230,200,"Moderate","7",3,TRUE,3.91000000000349
"2253","Z=~z1",0.454192175757162,0.113980664324629,0.5,"PLSc",6644,3053230,200,"Moderate","7",3,TRUE,3.91000000000349
"2254","Z=~z2",0.618715049117375,0.126320877963173,0.5,"PLSc",6644,3053230,200,"Moderate","7",3,TRUE,3.91000000000349
"2255","Z=~z3",0.293459242131312,0.13688436279398,0.5,"PLSc",6644,3053230,200,"Moderate","7",3,TRUE,3.91000000000349
"2256","Y=~y1",0.698901219664877,0.103351654020097,0.5,"PLSc",6644,3053230,200,"Moderate","7",3,TRUE,3.91000000000349
"2257","Y=~y2",0.40184065128104,0.125571403726862,0.5,"PLSc",6644,3053230,200,"Moderate","7",3,TRUE,3.91000000000349
"2258","Y=~y3",0.44042257503095,0.122735882268384,0.5,"PLSc",6644,3053230,200,"Moderate","7",3,TRUE,3.91000000000349
"2259","Y~X",0.240499996633742,18.4076152140608,0.4,"PLSc",6644,3053230,200,"Moderate","7",3,TRUE,3.91000000000349
"2260","Y~Z",0.379987937252893,33.1495162640272,0.5,"PLSc",6644,3053230,200,"Moderate","7",3,TRUE,3.91000000000349
"2261","Y~X:Z",0.780438571327279,17.0792023001059,0.3,"PLSc",6644,3053230,200,"Moderate","7",3,TRUE,3.91000000000349
"2262","X~~Z",0.281139751839594,0.198700646517471,0.2,"PLSc",6644,3053230,200,"Moderate","7",3,TRUE,3.91000000000349
"2263","X=~x1",0.645349668442911,0.225867886254464,0.5,"PLS",6644,3053230,200,"Moderate","7",3,TRUE,2.73000000001048
"2264","X=~x2",0.823012207879986,0.146233899628583,0.5,"PLS",6644,3053230,200,"Moderate","7",3,TRUE,2.73000000001048
"2265","X=~x3",0.462014290927939,0.256687579847338,0.5,"PLS",6644,3053230,200,"Moderate","7",3,TRUE,2.73000000001048
"2266","Z=~z1",0.6599205686909,0.104085330744371,0.5,"PLS",6644,3053230,200,"Moderate","7",3,TRUE,2.73000000001048
"2267","Z=~z2",0.805235467349444,0.0746995603115537,0.5,"PLS",6644,3053230,200,"Moderate","7",3,TRUE,2.73000000001048
"2268","Z=~z3",0.57526198903816,0.128080548227549,0.5,"PLS",6644,3053230,200,"Moderate","7",3,TRUE,2.73000000001048
"2269","Y=~y1",0.82953565185132,0.0526585296313334,0.5,"PLS",6644,3053230,200,"Moderate","7",3,TRUE,2.73000000001048
"2270","Y=~y2",0.618466134101756,0.111769313168484,0.5,"PLS",6644,3053230,200,"Moderate","7",3,TRUE,2.73000000001048
"2271","Y=~y3",0.661737528112158,0.0975810637001317,0.5,"PLS",6644,3053230,200,"Moderate","7",3,TRUE,2.73000000001048
"2272","Y~X",0.178521666286194,0.0644884668692229,0.4,"PLS",6644,3053230,200,"Moderate","7",3,TRUE,2.73000000001048
"2273","Y~Z",0.300683331963775,0.0515150148297747,0.5,"PLS",6644,3053230,200,"Moderate","7",3,TRUE,2.73000000001048
"2274","Y~X:Z",0.235708687389897,0.086427206811223,0.3,"PLS",6644,3053230,200,"Moderate","7",3,TRUE,2.73000000001048
"2275","X~~Z",0.127653901593463,0.0658876321838277,0.2,"PLS",6644,3053230,200,"Moderate","7",3,TRUE,2.73000000001048
"2276","X=~x1",0.359,0.115,0.5,"Mplus",6644,3053230,200,"Moderate","7",3,TRUE,152.410000000003
"2277","X=~x2",0.459,0.125,0.5,"Mplus",6644,3053230,200,"Moderate","7",3,TRUE,152.410000000003
"2278","X=~x3",0.441,0.138,0.5,"Mplus",6644,3053230,200,"Moderate","7",3,TRUE,152.410000000003
"2279","Z=~z1",0.383,0.1,0.5,"Mplus",6644,3053230,200,"Moderate","7",3,TRUE,152.410000000003
"2280","Z=~z2",0.546,0.105,0.5,"Mplus",6644,3053230,200,"Moderate","7",3,TRUE,152.410000000003
"2281","Z=~z3",0.394,0.1,0.5,"Mplus",6644,3053230,200,"Moderate","7",3,TRUE,152.410000000003
"2282","Y=~y1",0.633,0.093,0.5,"Mplus",6644,3053230,200,"Moderate","7",3,TRUE,152.410000000003
"2283","Y=~y2",0.376,0.091,0.5,"Mplus",6644,3053230,200,"Moderate","7",3,TRUE,152.410000000003
"2284","Y=~y3",0.443,0.094,0.5,"Mplus",6644,3053230,200,"Moderate","7",3,TRUE,152.410000000003
"2285","Y~X",0.293,0.158,0.4,"Mplus",6644,3053230,200,"Moderate","7",3,TRUE,152.410000000003
"2286","Y~Z",0.626,0.141,0.5,"Mplus",6644,3053230,200,"Moderate","7",3,TRUE,152.410000000003
"2287","Y~X:Z",0.529,0.145,0.3,"Mplus",6644,3053230,200,"Moderate","7",3,TRUE,152.410000000003
"2288","X~~Z",0.222,0.161,0.2,"Mplus",6644,3053230,200,"Moderate","7",3,TRUE,152.410000000003
"2289","X=~x1",0.853252779841956,0.0316245461877979,0.8,"MC-OrdPLSc",6645,3345900,500,"Moderate","7",2,TRUE,27.3400000000038
"2290","X=~x2",0.740696667019805,0.0352198601677936,0.8,"MC-OrdPLSc",6645,3345900,500,"Moderate","7",2,TRUE,27.3400000000038
"2291","X=~x3",0.766835639962525,0.0346657772317741,0.8,"MC-OrdPLSc",6645,3345900,500,"Moderate","7",2,TRUE,27.3400000000038
"2292","Z=~z1",0.757301238350577,0.0293651324776862,0.8,"MC-OrdPLSc",6645,3345900,500,"Moderate","7",2,TRUE,27.3400000000038
"2293","Z=~z2",0.843525754226899,0.0279103137899999,0.8,"MC-OrdPLSc",6645,3345900,500,"Moderate","7",2,TRUE,27.3400000000038
"2294","Z=~z3",0.82168759194962,0.0257672230386397,0.8,"MC-OrdPLSc",6645,3345900,500,"Moderate","7",2,TRUE,27.3400000000038
"2295","Y=~y1",0.781134082451056,0.0267026593964729,0.8,"MC-OrdPLSc",6645,3345900,500,"Moderate","7",2,TRUE,27.3400000000038
"2296","Y=~y2",0.760289289272624,0.0306783847356773,0.8,"MC-OrdPLSc",6645,3345900,500,"Moderate","7",2,TRUE,27.3400000000038
"2297","Y=~y3",0.835202606353762,0.0242130837692552,0.8,"MC-OrdPLSc",6645,3345900,500,"Moderate","7",2,TRUE,27.3400000000038
"2298","Y~X",0.347883745386311,0.0450904060168924,0.4,"MC-OrdPLSc",6645,3345900,500,"Moderate","7",2,TRUE,27.3400000000038
"2299","Y~Z",0.493698966584706,0.0416184013151103,0.5,"MC-OrdPLSc",6645,3345900,500,"Moderate","7",2,TRUE,27.3400000000038
"2300","Y~X:Z",0.299952735343339,0.0472635004982061,0.3,"MC-OrdPLSc",6645,3345900,500,"Moderate","7",2,TRUE,27.3400000000038
"2301","X~~Z",0.154988873135679,0.0517176520696063,0.2,"MC-OrdPLSc",6645,3345900,500,"Moderate","7",2,TRUE,27.3400000000038
"2302","X=~x1",0.800198016346191,0.0481080825594915,0.8,"PLSc",6645,3345900,500,"Moderate","7",2,TRUE,4.35000000000582
"2303","X=~x2",0.699273765376792,0.054045302537908,0.8,"PLSc",6645,3345900,500,"Moderate","7",2,TRUE,4.35000000000582
"2304","X=~x3",0.834693924079309,0.0464249431805383,0.8,"PLSc",6645,3345900,500,"Moderate","7",2,TRUE,4.35000000000582
"2305","Z=~z1",0.738263208578669,0.0458079941034208,0.8,"PLSc",6645,3345900,500,"Moderate","7",2,TRUE,4.35000000000582
"2306","Z=~z2",0.805846238589986,0.0456713371752711,0.8,"PLSc",6645,3345900,500,"Moderate","7",2,TRUE,4.35000000000582
"2307","Z=~z3",0.761984546189884,0.0433596011169253,0.8,"PLSc",6645,3345900,500,"Moderate","7",2,TRUE,4.35000000000582
"2308","Y=~y1",0.743058228784182,0.0357004245517301,0.8,"PLSc",6645,3345900,500,"Moderate","7",2,TRUE,4.35000000000582
"2309","Y=~y2",0.801714950685901,0.0344951876590704,0.8,"PLSc",6645,3345900,500,"Moderate","7",2,TRUE,4.35000000000582
"2310","Y=~y3",0.737597594712221,0.0336656659963273,0.8,"PLSc",6645,3345900,500,"Moderate","7",2,TRUE,4.35000000000582
"2311","Y~X",0.398962686969746,0.0433521391137244,0.4,"PLSc",6645,3345900,500,"Moderate","7",2,TRUE,4.35000000000582
"2312","Y~Z",0.510059087549923,0.0465517153580388,0.5,"PLSc",6645,3345900,500,"Moderate","7",2,TRUE,4.35000000000582
"2313","Y~X:Z",0.336126702748795,0.0722526560855979,0.3,"PLSc",6645,3345900,500,"Moderate","7",2,TRUE,4.35000000000582
"2314","X~~Z",0.207788893569336,0.05174625205891,0.2,"PLSc",6645,3345900,500,"Moderate","7",2,TRUE,4.35000000000582
"2315","X=~x1",0.860073842073075,0.0151092652455658,0.8,"PLS",6645,3345900,500,"Moderate","7",2,TRUE,1.69000000000233
"2316","X=~x2",0.836087422293857,0.0189957658634551,0.8,"PLS",6645,3345900,500,"Moderate","7",2,TRUE,1.69000000000233
"2317","X=~x3",0.878839430854962,0.0125614099475476,0.8,"PLS",6645,3345900,500,"Moderate","7",2,TRUE,1.69000000000233
"2318","Z=~z1",0.84531321449055,0.0163941884249227,0.8,"PLS",6645,3345900,500,"Moderate","7",2,TRUE,1.69000000000233
"2319","Z=~z2",0.863485926455047,0.0147610423118618,0.8,"PLS",6645,3345900,500,"Moderate","7",2,TRUE,1.69000000000233
"2320","Z=~z3",0.849508580122193,0.0153753927721567,0.8,"PLS",6645,3345900,500,"Moderate","7",2,TRUE,1.69000000000233
"2321","Y=~y1",0.841274029979434,0.0167159201015882,0.8,"PLS",6645,3345900,500,"Moderate","7",2,TRUE,1.69000000000233
"2322","Y=~y2",0.867894391870437,0.0134882471830305,0.8,"PLS",6645,3345900,500,"Moderate","7",2,TRUE,1.69000000000233
"2323","Y=~y3",0.834161592185077,0.0160230799670157,0.8,"PLS",6645,3345900,500,"Moderate","7",2,TRUE,1.69000000000233
"2324","Y~X",0.346957980354233,0.0318631645919463,0.4,"PLS",6645,3345900,500,"Moderate","7",2,TRUE,1.69000000000233
"2325","Y~Z",0.428304185986351,0.0351599080352961,0.5,"PLS",6645,3345900,500,"Moderate","7",2,TRUE,1.69000000000233
"2326","Y~X:Z",0.237705253934261,0.0383234760477553,0.3,"PLS",6645,3345900,500,"Moderate","7",2,TRUE,1.69000000000233
"2327","X~~Z",0.170630361024159,0.0428163743967209,0.2,"PLS",6645,3345900,500,"Moderate","7",2,TRUE,1.69000000000233
"2328","X=~x1",0.773,0.029,0.8,"Mplus",6645,3345900,500,"Moderate","7",2,TRUE,330.579999999987
"2329","X=~x2",0.77,0.029,0.8,"Mplus",6645,3345900,500,"Moderate","7",2,TRUE,330.579999999987
"2330","X=~x3",0.828,0.026,0.8,"Mplus",6645,3345900,500,"Moderate","7",2,TRUE,330.579999999987
"2331","Z=~z1",0.777,0.028,0.8,"Mplus",6645,3345900,500,"Moderate","7",2,TRUE,330.579999999987
"2332","Z=~z2",0.815,0.027,0.8,"Mplus",6645,3345900,500,"Moderate","7",2,TRUE,330.579999999987
"2333","Z=~z3",0.78,0.028,0.8,"Mplus",6645,3345900,500,"Moderate","7",2,TRUE,330.579999999987
"2334","Y=~y1",0.767,0.028,0.8,"Mplus",6645,3345900,500,"Moderate","7",2,TRUE,330.579999999987
"2335","Y=~y2",0.822,0.026,0.8,"Mplus",6645,3345900,500,"Moderate","7",2,TRUE,330.579999999987
"2336","Y=~y3",0.757,0.029,0.8,"Mplus",6645,3345900,500,"Moderate","7",2,TRUE,330.579999999987
"2337","Y~X",0.401,0.044,0.4,"Mplus",6645,3345900,500,"Moderate","7",2,TRUE,330.579999999987
"2338","Y~Z",0.503,0.041,0.5,"Mplus",6645,3345900,500,"Moderate","7",2,TRUE,330.579999999987
"2339","Y~X:Z",0.336,0.05,0.3,"Mplus",6645,3345900,500,"Moderate","7",2,TRUE,330.579999999987
"2340","X~~Z",0.207,0.053,0.2,"Mplus",6645,3345900,500,"Moderate","7",2,TRUE,330.579999999987
"2341","X=~x1",0.491656965842927,0.0837352814451954,0.5,"MC-OrdPLSc",6646,3632000,500,"Moderate","7",3,TRUE,29.8000000000029
"2342","X=~x2",0.602282970785882,0.0882580525833666,0.5,"MC-OrdPLSc",6646,3632000,500,"Moderate","7",3,TRUE,29.8000000000029
"2343","X=~x3",0.457744337618341,0.0837681741394009,0.5,"MC-OrdPLSc",6646,3632000,500,"Moderate","7",3,TRUE,29.8000000000029
"2344","Z=~z1",0.614956348707924,0.0831746201163668,0.5,"MC-OrdPLSc",6646,3632000,500,"Moderate","7",3,TRUE,29.8000000000029
"2345","Z=~z2",0.396478095476078,0.084643257604446,0.5,"MC-OrdPLSc",6646,3632000,500,"Moderate","7",3,TRUE,29.8000000000029
"2346","Z=~z3",0.602473461251458,0.0809070311547985,0.5,"MC-OrdPLSc",6646,3632000,500,"Moderate","7",3,TRUE,29.8000000000029
"2347","Y=~y1",0.557312652218519,0.0660061609581715,0.5,"MC-OrdPLSc",6646,3632000,500,"Moderate","7",3,TRUE,29.8000000000029
"2348","Y=~y2",0.490223594747986,0.059720409840054,0.5,"MC-OrdPLSc",6646,3632000,500,"Moderate","7",3,TRUE,29.8000000000029
"2349","Y=~y3",0.573897659866419,0.0685753944399554,0.5,"MC-OrdPLSc",6646,3632000,500,"Moderate","7",3,TRUE,29.8000000000029
"2350","Y~X",0.365801855372434,0.10047925942785,0.4,"MC-OrdPLSc",6646,3632000,500,"Moderate","7",3,TRUE,29.8000000000029
"2351","Y~Z",0.433676281134226,0.0847116297032782,0.5,"MC-OrdPLSc",6646,3632000,500,"Moderate","7",3,TRUE,29.8000000000029
"2352","Y~X:Z",0.278678895889069,0.117338215758762,0.3,"MC-OrdPLSc",6646,3632000,500,"Moderate","7",3,TRUE,29.8000000000029
"2353","X~~Z",0.213094648038944,0.0803956762538238,0.2,"MC-OrdPLSc",6646,3632000,500,"Moderate","7",3,TRUE,29.8000000000029
"2354","X=~x1",0.647684337674383,0.0916311713996704,0.5,"PLSc",6646,3632000,500,"Moderate","7",3,TRUE,4.83999999999651
"2355","X=~x2",0.343747984843867,0.0948290163530287,0.5,"PLSc",6646,3632000,500,"Moderate","7",3,TRUE,4.83999999999651
"2356","X=~x3",0.381017422047117,0.0944987092778397,0.5,"PLSc",6646,3632000,500,"Moderate","7",3,TRUE,4.83999999999651
"2357","Z=~z1",0.501711126289969,0.0879212194656405,0.5,"PLSc",6646,3632000,500,"Moderate","7",3,TRUE,4.83999999999651
"2358","Z=~z2",0.436429627059877,0.0803481316473686,0.5,"PLSc",6646,3632000,500,"Moderate","7",3,TRUE,4.83999999999651
"2359","Z=~z3",0.504259106025871,0.0804580387865252,0.5,"PLSc",6646,3632000,500,"Moderate","7",3,TRUE,4.83999999999651
"2360","Y=~y1",0.515594921263204,0.0675140686917324,0.5,"PLSc",6646,3632000,500,"Moderate","7",3,TRUE,4.83999999999651
"2361","Y=~y2",0.493552361087553,0.0681216727636302,0.5,"PLSc",6646,3632000,500,"Moderate","7",3,TRUE,4.83999999999651
"2362","Y=~y3",0.490031745875249,0.0726592489836076,0.5,"PLSc",6646,3632000,500,"Moderate","7",3,TRUE,4.83999999999651
"2363","Y~X",0.435111331998468,0.430114190777731,0.4,"PLSc",6646,3632000,500,"Moderate","7",3,TRUE,4.83999999999651
"2364","Y~Z",0.473705805382944,0.661756973861299,0.5,"PLSc",6646,3632000,500,"Moderate","7",3,TRUE,4.83999999999651
"2365","Y~X:Z",0.0630689069588298,1.39872966680164,0.3,"PLSc",6646,3632000,500,"Moderate","7",3,TRUE,4.83999999999651
"2366","X~~Z",0.210423963873692,0.0931176206438059,0.2,"PLSc",6646,3632000,500,"Moderate","7",3,TRUE,4.83999999999651
"2367","X=~x1",0.821306415872113,0.0584505328637586,0.5,"PLS",6646,3632000,500,"Moderate","7",3,TRUE,2.22000000000116
"2368","X=~x2",0.581638924510603,0.0889766237268384,0.5,"PLS",6646,3632000,500,"Moderate","7",3,TRUE,2.22000000000116
"2369","X=~x3",0.621124988713343,0.0862751245948227,0.5,"PLS",6646,3632000,500,"Moderate","7",3,TRUE,2.22000000000116
"2370","Z=~z1",0.729655223707636,0.0624511976144559,0.5,"PLS",6646,3632000,500,"Moderate","7",3,TRUE,2.22000000000116
"2371","Z=~z2",0.622783334031195,0.0783624537362831,0.5,"PLS",6646,3632000,500,"Moderate","7",3,TRUE,2.22000000000116
"2372","Z=~z3",0.735135514813218,0.0583817249103281,0.5,"PLS",6646,3632000,500,"Moderate","7",3,TRUE,2.22000000000116
"2373","Y=~y1",0.741709848814703,0.0447102721602027,0.5,"PLS",6646,3632000,500,"Moderate","7",3,TRUE,2.22000000000116
"2374","Y=~y2",0.671785853611359,0.0574184136817057,0.5,"PLS",6646,3632000,500,"Moderate","7",3,TRUE,2.22000000000116
"2375","Y=~y3",0.706242840839264,0.0550200577795872,0.5,"PLS",6646,3632000,500,"Moderate","7",3,TRUE,2.22000000000116
"2376","Y~X",0.240606139229038,0.0396219379926907,0.4,"PLS",6646,3632000,500,"Moderate","7",3,TRUE,2.22000000000116
"2377","Y~Z",0.255385600752432,0.0421322739710383,0.5,"PLS",6646,3632000,500,"Moderate","7",3,TRUE,2.22000000000116
"2378","Y~X:Z",0.0481210417140856,0.039368826851173,0.3,"PLS",6646,3632000,500,"Moderate","7",3,TRUE,2.22000000000116
"2379","X~~Z",0.102442121175953,0.0453631283722908,0.2,"PLS",6646,3632000,500,"Moderate","7",3,TRUE,2.22000000000116
"2380","X=~x1",0.503,0.073,0.5,"Mplus",6646,3632000,500,"Moderate","7",3,TRUE,349.420000000013
"2381","X=~x2",0.414,0.067,0.5,"Mplus",6646,3632000,500,"Moderate","7",3,TRUE,349.420000000013
"2382","X=~x3",0.477,0.071,0.5,"Mplus",6646,3632000,500,"Moderate","7",3,TRUE,349.420000000013
"2383","Z=~z1",0.527,0.068,0.5,"Mplus",6646,3632000,500,"Moderate","7",3,TRUE,349.420000000013
"2384","Z=~z2",0.381,0.062,0.5,"Mplus",6646,3632000,500,"Moderate","7",3,TRUE,349.420000000013
"2385","Z=~z3",0.547,0.068,0.5,"Mplus",6646,3632000,500,"Moderate","7",3,TRUE,349.420000000013
"2386","Y=~y1",0.552,0.059,0.5,"Mplus",6646,3632000,500,"Moderate","7",3,TRUE,349.420000000013
"2387","Y=~y2",0.419,0.061,0.5,"Mplus",6646,3632000,500,"Moderate","7",3,TRUE,349.420000000013
"2388","Y=~y3",0.538,0.06,0.5,"Mplus",6646,3632000,500,"Moderate","7",3,TRUE,349.420000000013
"2389","Y~X",0.45,0.091,0.4,"Mplus",6646,3632000,500,"Moderate","7",3,TRUE,349.420000000013
"2390","Y~Z",0.44,0.091,0.5,"Mplus",6646,3632000,500,"Moderate","7",3,TRUE,349.420000000013
"2391","Y~X:Z",0.156,0.095,0.3,"Mplus",6646,3632000,500,"Moderate","7",3,TRUE,349.420000000013
"2392","X~~Z",0.19,0.096,0.2,"Mplus",6646,3632000,500,"Moderate","7",3,TRUE,349.420000000013
"2393","X=~x1",0.793909171021803,0.0201781968059966,0.8,"MC-OrdPLSc",6647,8164505,1000,"Moderate","7",2,TRUE,29.9599999999991
"2394","X=~x2",0.814347838436756,0.018540977966789,0.8,"MC-OrdPLSc",6647,8164505,1000,"Moderate","7",2,TRUE,29.9599999999991
"2395","X=~x3",0.793459336158945,0.0224487399421036,0.8,"MC-OrdPLSc",6647,8164505,1000,"Moderate","7",2,TRUE,29.9599999999991
"2396","Z=~z1",0.810451982196889,0.0196080917420995,0.8,"MC-OrdPLSc",6647,8164505,1000,"Moderate","7",2,TRUE,29.9599999999991
"2397","Z=~z2",0.815526990469559,0.017813583889429,0.8,"MC-OrdPLSc",6647,8164505,1000,"Moderate","7",2,TRUE,29.9599999999991
"2398","Z=~z3",0.749913829133452,0.0232428516672453,0.8,"MC-OrdPLSc",6647,8164505,1000,"Moderate","7",2,TRUE,29.9599999999991
"2399","Y=~y1",0.787149116557311,0.0210070246498902,0.8,"MC-OrdPLSc",6647,8164505,1000,"Moderate","7",2,TRUE,29.9599999999991
"2400","Y=~y2",0.811130547298524,0.0181763373452098,0.8,"MC-OrdPLSc",6647,8164505,1000,"Moderate","7",2,TRUE,29.9599999999991
"2401","Y=~y3",0.791425476962446,0.0192148715775809,0.8,"MC-OrdPLSc",6647,8164505,1000,"Moderate","7",2,TRUE,29.9599999999991
"2402","Y~X",0.383548128435529,0.0301714726284363,0.4,"MC-OrdPLSc",6647,8164505,1000,"Moderate","7",2,TRUE,29.9599999999991
"2403","Y~Z",0.497545990831846,0.0307808622677767,0.5,"MC-OrdPLSc",6647,8164505,1000,"Moderate","7",2,TRUE,29.9599999999991
"2404","Y~X:Z",0.298996347730069,0.0382243272281518,0.3,"MC-OrdPLSc",6647,8164505,1000,"Moderate","7",2,TRUE,29.9599999999991
"2405","X~~Z",0.18835314591069,0.0402638245890285,0.2,"MC-OrdPLSc",6647,8164505,1000,"Moderate","7",2,TRUE,29.9599999999991
"2406","X=~x1",0.777706505067203,0.0276413220815045,0.8,"PLSc",6647,8164505,1000,"Moderate","7",2,TRUE,6.72000000000116
"2407","X=~x2",0.797060745677446,0.02901153018426,0.8,"PLSc",6647,8164505,1000,"Moderate","7",2,TRUE,6.72000000000116
"2408","X=~x3",0.779693711111622,0.0309169164039208,0.8,"PLSc",6647,8164505,1000,"Moderate","7",2,TRUE,6.72000000000116
"2409","Z=~z1",0.780258740585747,0.025759473876202,0.8,"PLSc",6647,8164505,1000,"Moderate","7",2,TRUE,6.72000000000116
"2410","Z=~z2",0.755681766734739,0.0276969304254021,0.8,"PLSc",6647,8164505,1000,"Moderate","7",2,TRUE,6.72000000000116
"2411","Z=~z3",0.753705210431311,0.0250674814605957,0.8,"PLSc",6647,8164505,1000,"Moderate","7",2,TRUE,6.72000000000116
"2412","Y=~y1",0.742153442255456,0.0234663007916691,0.8,"PLSc",6647,8164505,1000,"Moderate","7",2,TRUE,6.72000000000116
"2413","Y=~y2",0.780177921983098,0.0202056819570572,0.8,"PLSc",6647,8164505,1000,"Moderate","7",2,TRUE,6.72000000000116
"2414","Y=~y3",0.811808388431667,0.0206524988435389,0.8,"PLSc",6647,8164505,1000,"Moderate","7",2,TRUE,6.72000000000116
"2415","Y~X",0.420590867110246,0.028564323591668,0.4,"PLSc",6647,8164505,1000,"Moderate","7",2,TRUE,6.72000000000116
"2416","Y~Z",0.512896339572342,0.0296006047513952,0.5,"PLSc",6647,8164505,1000,"Moderate","7",2,TRUE,6.72000000000116
"2417","Y~X:Z",0.200457948414224,0.0332564465167927,0.3,"PLSc",6647,8164505,1000,"Moderate","7",2,TRUE,6.72000000000116
"2418","X~~Z",0.302665847470926,0.0362466997129514,0.2,"PLSc",6647,8164505,1000,"Moderate","7",2,TRUE,6.72000000000116
"2419","X=~x1",0.870291243923423,0.00922741338033008,0.8,"PLS",6647,8164505,1000,"Moderate","7",2,TRUE,1.73000000001048
"2420","X=~x2",0.864423394187841,0.0100718922258882,0.8,"PLS",6647,8164505,1000,"Moderate","7",2,TRUE,1.73000000001048
"2421","X=~x3",0.852930165747178,0.0114839183072478,0.8,"PLS",6647,8164505,1000,"Moderate","7",2,TRUE,1.73000000001048
"2422","Z=~z1",0.852504044841905,0.00975730763576356,0.8,"PLS",6647,8164505,1000,"Moderate","7",2,TRUE,1.73000000001048
"2423","Z=~z2",0.846223494980796,0.0108622726743386,0.8,"PLS",6647,8164505,1000,"Moderate","7",2,TRUE,1.73000000001048
"2424","Z=~z3",0.849847081439968,0.0103883891157722,0.8,"PLS",6647,8164505,1000,"Moderate","7",2,TRUE,1.73000000001048
"2425","Y=~y1",0.851358370382038,0.0105887911037177,0.8,"PLS",6647,8164505,1000,"Moderate","7",2,TRUE,1.73000000001048
"2426","Y=~y2",0.85705789747572,0.0093648307384805,0.8,"PLS",6647,8164505,1000,"Moderate","7",2,TRUE,1.73000000001048
"2427","Y=~y3",0.866973284408736,0.00899056749469796,0.8,"PLS",6647,8164505,1000,"Moderate","7",2,TRUE,1.73000000001048
"2428","Y~X",0.376297211051169,0.0218735524794412,0.4,"PLS",6647,8164505,1000,"Moderate","7",2,TRUE,1.73000000001048
"2429","Y~Z",0.435217809229687,0.0235178862534296,0.5,"PLS",6647,8164505,1000,"Moderate","7",2,TRUE,1.73000000001048
"2430","Y~X:Z",0.172201291004627,0.0220813257582045,0.3,"PLS",6647,8164505,1000,"Moderate","7",2,TRUE,1.73000000001048
"2431","X~~Z",0.247493242899463,0.0303382614695693,0.2,"PLS",6647,8164505,1000,"Moderate","7",2,TRUE,1.73000000001048
"2432","X=~x1",0.827,0.018,0.8,"Mplus",6647,8164505,1000,"Moderate","7",2,TRUE,468.389999999985
"2433","X=~x2",0.807,0.018,0.8,"Mplus",6647,8164505,1000,"Moderate","7",2,TRUE,468.389999999985
"2434","X=~x3",0.767,0.02,0.8,"Mplus",6647,8164505,1000,"Moderate","7",2,TRUE,468.389999999985
"2435","Z=~z1",0.778,0.02,0.8,"Mplus",6647,8164505,1000,"Moderate","7",2,TRUE,468.389999999985
"2436","Z=~z2",0.776,0.02,0.8,"Mplus",6647,8164505,1000,"Moderate","7",2,TRUE,468.389999999985
"2437","Z=~z3",0.783,0.02,0.8,"Mplus",6647,8164505,1000,"Moderate","7",2,TRUE,468.389999999985
"2438","Y=~y1",0.775,0.019,0.8,"Mplus",6647,8164505,1000,"Moderate","7",2,TRUE,468.389999999985
"2439","Y=~y2",0.786,0.019,0.8,"Mplus",6647,8164505,1000,"Moderate","7",2,TRUE,468.389999999985
"2440","Y=~y3",0.808,0.018,0.8,"Mplus",6647,8164505,1000,"Moderate","7",2,TRUE,468.389999999985
"2441","Y~X",0.429,0.03,0.4,"Mplus",6647,8164505,1000,"Moderate","7",2,TRUE,468.389999999985
"2442","Y~Z",0.533,0.028,0.5,"Mplus",6647,8164505,1000,"Moderate","7",2,TRUE,468.389999999985
"2443","Y~X:Z",0.274,0.031,0.3,"Mplus",6647,8164505,1000,"Moderate","7",2,TRUE,468.389999999985
"2444","X~~Z",0.292,0.036,0.2,"Mplus",6647,8164505,1000,"Moderate","7",2,TRUE,468.389999999985
"2445","X=~x1",0.468229166761252,0.0533460764718901,0.5,"MC-OrdPLSc",6648,1034959,1000,"Moderate","7",3,TRUE,34.0300000000061
"2446","X=~x2",0.641173509961925,0.052733280797788,0.5,"MC-OrdPLSc",6648,1034959,1000,"Moderate","7",3,TRUE,34.0300000000061
"2447","X=~x3",0.49389970787021,0.0564795863878025,0.5,"MC-OrdPLSc",6648,1034959,1000,"Moderate","7",3,TRUE,34.0300000000061
"2448","Z=~z1",0.572533839663759,0.044913485184723,0.5,"MC-OrdPLSc",6648,1034959,1000,"Moderate","7",3,TRUE,34.0300000000061
"2449","Z=~z2",0.571885926217851,0.0460467916778984,0.5,"MC-OrdPLSc",6648,1034959,1000,"Moderate","7",3,TRUE,34.0300000000061
"2450","Z=~z3",0.500273788353223,0.0454656653456312,0.5,"MC-OrdPLSc",6648,1034959,1000,"Moderate","7",3,TRUE,34.0300000000061
"2451","Y=~y1",0.468892292955511,0.0476085492362583,0.5,"MC-OrdPLSc",6648,1034959,1000,"Moderate","7",3,TRUE,34.0300000000061
"2452","Y=~y2",0.493143652484462,0.0462020153537564,0.5,"MC-OrdPLSc",6648,1034959,1000,"Moderate","7",3,TRUE,34.0300000000061
"2453","Y=~y3",0.423287585228161,0.0441369072609745,0.5,"MC-OrdPLSc",6648,1034959,1000,"Moderate","7",3,TRUE,34.0300000000061
"2454","Y~X",0.380669496761074,0.071792962825896,0.4,"MC-OrdPLSc",6648,1034959,1000,"Moderate","7",3,TRUE,34.0300000000061
"2455","Y~Z",0.555534281458092,0.0698989998024385,0.5,"MC-OrdPLSc",6648,1034959,1000,"Moderate","7",3,TRUE,34.0300000000061
"2456","Y~X:Z",0.218789404457467,0.0861360019823177,0.3,"MC-OrdPLSc",6648,1034959,1000,"Moderate","7",3,TRUE,34.0300000000061
"2457","X~~Z",0.18904403934068,0.0609603900517055,0.2,"MC-OrdPLSc",6648,1034959,1000,"Moderate","7",3,TRUE,34.0300000000061
"2458","X=~x1",0.520206602086569,0.0775091224212342,0.5,"PLSc",6648,1034959,1000,"Moderate","7",3,TRUE,7.07999999998719
"2459","X=~x2",0.496615076823966,0.0732248668720517,0.5,"PLSc",6648,1034959,1000,"Moderate","7",3,TRUE,7.07999999998719
"2460","X=~x3",0.357625791966376,0.0796085977553883,0.5,"PLSc",6648,1034959,1000,"Moderate","7",3,TRUE,7.07999999998719
"2461","Z=~z1",0.520930152424138,0.0532563920716425,0.5,"PLSc",6648,1034959,1000,"Moderate","7",3,TRUE,7.07999999998719
"2462","Z=~z2",0.510885098585221,0.0513733702393771,0.5,"PLSc",6648,1034959,1000,"Moderate","7",3,TRUE,7.07999999998719
"2463","Z=~z3",0.340267827378711,0.0622585959735213,0.5,"PLSc",6648,1034959,1000,"Moderate","7",3,TRUE,7.07999999998719
"2464","Y=~y1",0.437619050216612,0.0534655156173613,0.5,"PLSc",6648,1034959,1000,"Moderate","7",3,TRUE,7.07999999998719
"2465","Y=~y2",0.456032877996855,0.0475354171224675,0.5,"PLSc",6648,1034959,1000,"Moderate","7",3,TRUE,7.07999999998719
"2466","Y=~y3",0.585304925297794,0.0462959147869538,0.5,"PLSc",6648,1034959,1000,"Moderate","7",3,TRUE,7.07999999998719
"2467","Y~X",0.389719278825067,0.0888550141642493,0.4,"PLSc",6648,1034959,1000,"Moderate","7",3,TRUE,7.07999999998719
"2468","Y~Z",0.527272622250641,0.0862659249809245,0.5,"PLSc",6648,1034959,1000,"Moderate","7",3,TRUE,7.07999999998719
"2469","Y~X:Z",0.295687208275509,0.171425576275098,0.3,"PLSc",6648,1034959,1000,"Moderate","7",3,TRUE,7.07999999998719
"2470","X~~Z",0.156326580328693,0.0698324896864864,0.2,"PLSc",6648,1034959,1000,"Moderate","7",3,TRUE,7.07999999998719
"2471","X=~x1",0.746504122716021,0.0579410272495979,0.5,"PLS",6648,1034959,1000,"Moderate","7",3,TRUE,2.19000000000233
"2472","X=~x2",0.702963954526574,0.0646314590772908,0.5,"PLS",6648,1034959,1000,"Moderate","7",3,TRUE,2.19000000000233
"2473","X=~x3",0.606738724874714,0.0693652200890996,0.5,"PLS",6648,1034959,1000,"Moderate","7",3,TRUE,2.19000000000233
"2474","Z=~z1",0.736962995000938,0.039793261069924,0.5,"PLS",6648,1034959,1000,"Moderate","7",3,TRUE,2.19000000000233
"2475","Z=~z2",0.722180081513147,0.0433545846325105,0.5,"PLS",6648,1034959,1000,"Moderate","7",3,TRUE,2.19000000000233
"2476","Z=~z3",0.595705343368168,0.0552620817892486,0.5,"PLS",6648,1034959,1000,"Moderate","7",3,TRUE,2.19000000000233
"2477","Y=~y1",0.686027035141011,0.0393414976156745,0.5,"PLS",6648,1034959,1000,"Moderate","7",3,TRUE,2.19000000000233
"2478","Y=~y2",0.650551030875279,0.042232673003012,0.5,"PLS",6648,1034959,1000,"Moderate","7",3,TRUE,2.19000000000233
"2479","Y=~y3",0.768372385393701,0.0295311099277231,0.5,"PLS",6648,1034959,1000,"Moderate","7",3,TRUE,2.19000000000233
"2480","Y~X",0.199952334976123,0.0280163917975721,0.4,"PLS",6648,1034959,1000,"Moderate","7",3,TRUE,2.19000000000233
"2481","Y~Z",0.283887913709572,0.0265868157545526,0.5,"PLS",6648,1034959,1000,"Moderate","7",3,TRUE,2.19000000000233
"2482","Y~X:Z",0.106800190029715,0.0305460474384998,0.3,"PLS",6648,1034959,1000,"Moderate","7",3,TRUE,2.19000000000233
"2483","X~~Z",0.0716746367529925,0.0324472095979435,0.2,"PLS",6648,1034959,1000,"Moderate","7",3,TRUE,2.19000000000233
"2484","X=~x1",0.517,0.048,0.5,"Mplus",6648,1034959,1000,"Moderate","7",3,TRUE,634.779999999999
"2485","X=~x2",0.444,0.047,0.5,"Mplus",6648,1034959,1000,"Moderate","7",3,TRUE,634.779999999999
"2486","X=~x3",0.456,0.047,0.5,"Mplus",6648,1034959,1000,"Moderate","7",3,TRUE,634.779999999999
"2487","Z=~z1",0.48,0.045,0.5,"Mplus",6648,1034959,1000,"Moderate","7",3,TRUE,634.779999999999
"2488","Z=~z2",0.482,0.046,0.5,"Mplus",6648,1034959,1000,"Moderate","7",3,TRUE,634.779999999999
"2489","Z=~z3",0.435,0.044,0.5,"Mplus",6648,1034959,1000,"Moderate","7",3,TRUE,634.779999999999
"2490","Y=~y1",0.504,0.042,0.5,"Mplus",6648,1034959,1000,"Moderate","7",3,TRUE,634.779999999999
"2491","Y=~y2",0.442,0.04,0.5,"Mplus",6648,1034959,1000,"Moderate","7",3,TRUE,634.779999999999
"2492","Y=~y3",0.534,0.041,0.5,"Mplus",6648,1034959,1000,"Moderate","7",3,TRUE,634.779999999999
"2493","Y~X",0.356,0.065,0.4,"Mplus",6648,1034959,1000,"Moderate","7",3,TRUE,634.779999999999
"2494","Y~Z",0.574,0.063,0.5,"Mplus",6648,1034959,1000,"Moderate","7",3,TRUE,634.779999999999
"2495","Y~X:Z",0.318,0.07,0.3,"Mplus",6648,1034959,1000,"Moderate","7",3,TRUE,634.779999999999
"2496","X~~Z",0.171,0.066,0.2,"Mplus",6648,1034959,1000,"Moderate","7",3,TRUE,634.779999999999
"2497","X=~x1",0.769742581261785,0.106375337032505,0.8,"MC-OrdPLSc",6649,8727313,200,"Extreme","2",2,FALSE,19.4099999999962
"2498","X=~x2",0.908116872148766,0.0956202742808416,0.8,"MC-OrdPLSc",6649,8727313,200,"Extreme","2",2,FALSE,19.4099999999962
"2499","X=~x3",0.763778865418387,0.106955624482947,0.8,"MC-OrdPLSc",6649,8727313,200,"Extreme","2",2,FALSE,19.4099999999962
"2500","Z=~z1",0.832518620823651,0.125569108456094,0.8,"MC-OrdPLSc",6649,8727313,200,"Extreme","2",2,FALSE,19.4099999999962
"2501","Z=~z2",0.862810902022929,0.109560420449344,0.8,"MC-OrdPLSc",6649,8727313,200,"Extreme","2",2,FALSE,19.4099999999962
"2502","Z=~z3",0.785389723863861,0.115258369998727,0.8,"MC-OrdPLSc",6649,8727313,200,"Extreme","2",2,FALSE,19.4099999999962
"2503","Y=~y1",0.885339275675277,0.0927985996888583,0.8,"MC-OrdPLSc",6649,8727313,200,"Extreme","2",2,FALSE,19.4099999999962
"2504","Y=~y2",0.882194091806725,0.0955320479445543,0.8,"MC-OrdPLSc",6649,8727313,200,"Extreme","2",2,FALSE,19.4099999999962
"2505","Y=~y3",0.80858605805149,0.0931539357401898,0.8,"MC-OrdPLSc",6649,8727313,200,"Extreme","2",2,FALSE,19.4099999999962
"2506","Y~X",0.217725070900376,0.299378785839556,0.4,"MC-OrdPLSc",6649,8727313,200,"Extreme","2",2,FALSE,19.4099999999962
"2507","Y~Z",0.424789812624004,0.206744505567561,0.5,"MC-OrdPLSc",6649,8727313,200,"Extreme","2",2,FALSE,19.4099999999962
"2508","Y~X:Z",0.836420132935217,0.559196751326354,0.3,"MC-OrdPLSc",6649,8727313,200,"Extreme","2",2,FALSE,19.4099999999962
"2509","X~~Z",0.160090712065773,0.158873674761268,0.2,"MC-OrdPLSc",6649,8727313,200,"Extreme","2",2,FALSE,19.4099999999962
"2510","X=~x1",0.655367483927239,0.108401997250589,0.8,"PLSc",6649,8727313,200,"Extreme","2",2,TRUE,3.08999999999651
"2511","X=~x2",0.40635506296206,0.11524453768583,0.8,"PLSc",6649,8727313,200,"Extreme","2",2,TRUE,3.08999999999651
"2512","X=~x3",0.638066923641971,0.103313173831231,0.8,"PLSc",6649,8727313,200,"Extreme","2",2,TRUE,3.08999999999651
"2513","Z=~z1",0.493032254814042,0.124063074479983,0.8,"PLSc",6649,8727313,200,"Extreme","2",2,TRUE,3.08999999999651
"2514","Z=~z2",0.435200060708925,0.115505941362384,0.8,"PLSc",6649,8727313,200,"Extreme","2",2,TRUE,3.08999999999651
"2515","Z=~z3",0.763666838413191,0.115657944084613,0.8,"PLSc",6649,8727313,200,"Extreme","2",2,TRUE,3.08999999999651
"2516","Y=~y1",0.75968108412958,0.0718132668655736,0.8,"PLSc",6649,8727313,200,"Extreme","2",2,TRUE,3.08999999999651
"2517","Y=~y2",0.677976576385724,0.0873674682462202,0.8,"PLSc",6649,8727313,200,"Extreme","2",2,TRUE,3.08999999999651
"2518","Y=~y3",0.741018122859332,0.0727108501124187,0.8,"PLSc",6649,8727313,200,"Extreme","2",2,TRUE,3.08999999999651
"2519","Y~X",0.612219843103778,1.26193764897087,0.4,"PLSc",6649,8727313,200,"Extreme","2",2,TRUE,3.08999999999651
"2520","Y~Z",0.562588586629694,1.24119799124274,0.5,"PLSc",6649,8727313,200,"Extreme","2",2,TRUE,3.08999999999651
"2521","Y~X:Z",-0.0196496380208468,3.19423170652812,0.3,"PLSc",6649,8727313,200,"Extreme","2",2,TRUE,3.08999999999651
"2522","X~~Z",0.214141618063793,0.135226082953357,0.2,"PLSc",6649,8727313,200,"Extreme","2",2,TRUE,3.08999999999651
"2523","X=~x1",0.775929699972807,0.0680195601510294,0.8,"PLS",6649,8727313,200,"Extreme","2",2,TRUE,1.91000000000349
"2524","X=~x2",0.674656260878043,0.0938684577829343,0.8,"PLS",6649,8727313,200,"Extreme","2",2,TRUE,1.91000000000349
"2525","X=~x3",0.772926514716347,0.0631774525264416,0.8,"PLS",6649,8727313,200,"Extreme","2",2,TRUE,1.91000000000349
"2526","Z=~z1",0.722107898601369,0.0883766010780559,0.8,"PLS",6649,8727313,200,"Extreme","2",2,TRUE,1.91000000000349
"2527","Z=~z2",0.669095932710541,0.0919096354036081,0.8,"PLS",6649,8727313,200,"Extreme","2",2,TRUE,1.91000000000349
"2528","Z=~z3",0.815149935109551,0.0573912821365614,0.8,"PLS",6649,8727313,200,"Extreme","2",2,TRUE,1.91000000000349
"2529","Y=~y1",0.850125515754331,0.0352459107234054,0.8,"PLS",6649,8727313,200,"Extreme","2",2,TRUE,1.91000000000349
"2530","Y=~y2",0.780712271483297,0.0594906278927882,0.8,"PLS",6649,8727313,200,"Extreme","2",2,TRUE,1.91000000000349
"2531","Y=~y3",0.848882077108326,0.0354015276340314,0.8,"PLS",6649,8727313,200,"Extreme","2",2,TRUE,1.91000000000349
"2532","Y~X",0.408417230130091,0.0784715147789118,0.4,"PLS",6649,8727313,200,"Extreme","2",2,TRUE,1.91000000000349
"2533","Y~Z",0.412850268807121,0.0831317975879384,0.5,"PLS",6649,8727313,200,"Extreme","2",2,TRUE,1.91000000000349
"2534","Y~X:Z",0.0882215426362571,0.0620839114326495,0.3,"PLS",6649,8727313,200,"Extreme","2",2,TRUE,1.91000000000349
"2535","X~~Z",0.13449641950715,0.0855653763460701,0.2,"PLS",6649,8727313,200,"Extreme","2",2,TRUE,1.91000000000349
"2536","X=~x1",0.752,0.095,0.8,"Mplus",6649,8727313,200,"Extreme","2",2,TRUE,52.429999999993
"2537","X=~x2",0.673,0.104,0.8,"Mplus",6649,8727313,200,"Extreme","2",2,TRUE,52.429999999993
"2538","X=~x3",0.827,0.09,0.8,"Mplus",6649,8727313,200,"Extreme","2",2,TRUE,52.429999999993
"2539","Z=~z1",0.795,0.101,0.8,"Mplus",6649,8727313,200,"Extreme","2",2,TRUE,52.429999999993
"2540","Z=~z2",0.714,0.103,0.8,"Mplus",6649,8727313,200,"Extreme","2",2,TRUE,52.429999999993
"2541","Z=~z3",0.745,0.105,0.8,"Mplus",6649,8727313,200,"Extreme","2",2,TRUE,52.429999999993
"2542","Y=~y1",0.915,0.054,0.8,"Mplus",6649,8727313,200,"Extreme","2",2,TRUE,52.429999999993
"2543","Y=~y2",0.87,0.071,0.8,"Mplus",6649,8727313,200,"Extreme","2",2,TRUE,52.429999999993
"2544","Y=~y3",0.934,0.047,0.8,"Mplus",6649,8727313,200,"Extreme","2",2,TRUE,52.429999999993
"2545","Y~X",0.655,0.092,0.4,"Mplus",6649,8727313,200,"Extreme","2",2,TRUE,52.429999999993
"2546","Y~Z",0.614,0.091,0.5,"Mplus",6649,8727313,200,"Extreme","2",2,TRUE,52.429999999993
"2547","Y~X:Z",-0.112,0.175,0.3,"Mplus",6649,8727313,200,"Extreme","2",2,TRUE,52.429999999993
"2548","X~~Z",0.171,0.156,0.2,"Mplus",6649,8727313,200,"Extreme","2",2,TRUE,52.429999999993
"2549","X=~x1",0.33687509088587,0.452727351503414,0.5,"MC-OrdPLSc",6650,2608117,200,"Extreme","2",3,TRUE,26.7999999999956
"2550","X=~x2",0.200539092260394,0.289927084967804,0.5,"MC-OrdPLSc",6650,2608117,200,"Extreme","2",3,TRUE,26.7999999999956
"2551","X=~x3",0.861572213891709,2.69384865566969,0.5,"MC-OrdPLSc",6650,2608117,200,"Extreme","2",3,TRUE,26.7999999999956
"2552","Z=~z1",0.353952443116439,0.904014612673958,0.5,"MC-OrdPLSc",6650,2608117,200,"Extreme","2",3,TRUE,26.7999999999956
"2553","Z=~z2",0.639412905127915,1.23406501318088,0.5,"MC-OrdPLSc",6650,2608117,200,"Extreme","2",3,TRUE,26.7999999999956
"2554","Z=~z3",0.292811232351434,0.885086907837847,0.5,"MC-OrdPLSc",6650,2608117,200,"Extreme","2",3,TRUE,26.7999999999956
"2555","Y=~y1",0.574202059991176,0.752226069289156,0.5,"MC-OrdPLSc",6650,2608117,200,"Extreme","2",3,TRUE,26.7999999999956
"2556","Y=~y2",0.428079654460214,0.762610773223191,0.5,"MC-OrdPLSc",6650,2608117,200,"Extreme","2",3,TRUE,26.7999999999956
"2557","Y=~y3",0.397318115166537,0.633097000219401,0.5,"MC-OrdPLSc",6650,2608117,200,"Extreme","2",3,TRUE,26.7999999999956
"2558","Y~X",0.0847625946126557,2.58174936503702,0.4,"MC-OrdPLSc",6650,2608117,200,"Extreme","2",3,TRUE,26.7999999999956
"2559","Y~Z",0.766892493087429,3.07794683739418,0.5,"MC-OrdPLSc",6650,2608117,200,"Extreme","2",3,TRUE,26.7999999999956
"2560","Y~X:Z",0.0887096894111917,0.942715681102095,0.3,"MC-OrdPLSc",6650,2608117,200,"Extreme","2",3,TRUE,26.7999999999956
"2561","X~~Z",0.517169690242274,1.88114402517625,0.2,"MC-OrdPLSc",6650,2608117,200,"Extreme","2",3,TRUE,26.7999999999956
"2562","X=~x1",0.384035537718196,0.305791993449907,0.5,"PLSc",6650,2608117,200,"Extreme","2",3,FALSE,4.81000000002678
"2563","X=~x2",0.399518698552085,0.316638725687017,0.5,"PLSc",6650,2608117,200,"Extreme","2",3,FALSE,4.81000000002678
"2564","X=~x3",0.0892734028811968,0.338892259875031,0.5,"PLSc",6650,2608117,200,"Extreme","2",3,FALSE,4.81000000002678
"2565","Z=~z1",0.179769437275251,0.189713947381354,0.5,"PLSc",6650,2608117,200,"Extreme","2",3,FALSE,4.81000000002678
"2566","Z=~z2",0.283461579795076,0.199608076247529,0.5,"PLSc",6650,2608117,200,"Extreme","2",3,FALSE,4.81000000002678
"2567","Z=~z3",0.275680198987243,0.22950186948486,0.5,"PLSc",6650,2608117,200,"Extreme","2",3,FALSE,4.81000000002678
"2568","Y=~y1",0.477585553922132,0.185407429387004,0.5,"PLSc",6650,2608117,200,"Extreme","2",3,FALSE,4.81000000002678
"2569","Y=~y2",0.250054303156523,0.1957285495426,0.5,"PLSc",6650,2608117,200,"Extreme","2",3,FALSE,4.81000000002678
"2570","Y=~y3",0.394152314061566,0.149836377352693,0.5,"PLSc",6650,2608117,200,"Extreme","2",3,FALSE,4.81000000002678
"2571","Y~X",0.449218045425632,1.92104876655143,0.4,"PLSc",6650,2608117,200,"Extreme","2",3,FALSE,4.81000000002678
"2572","Y~Z",0.0347827271047042,9.56271025566664,0.5,"PLSc",6650,2608117,200,"Extreme","2",3,FALSE,4.81000000002678
"2573","Y~X:Z",0.310677491578485,6.31832774127434,0.3,"PLSc",6650,2608117,200,"Extreme","2",3,FALSE,4.81000000002678
"2574","X~~Z",0.286255214177642,0.648637300581098,0.2,"PLSc",6650,2608117,200,"Extreme","2",3,FALSE,4.81000000002678
"2575","X=~x1",0.720866826613842,0.358432693016686,0.5,"PLS",6650,2608117,200,"Extreme","2",3,TRUE,3.47000000000116
"2576","X=~x2",0.725100973862675,0.355951777961599,0.5,"PLS",6650,2608117,200,"Extreme","2",3,TRUE,3.47000000000116
"2577","X=~x3",0.440354973246189,0.425366841306367,0.5,"PLS",6650,2608117,200,"Extreme","2",3,TRUE,3.47000000000116
"2578","Z=~z1",0.437924171651412,0.31192785614206,0.5,"PLS",6650,2608117,200,"Extreme","2",3,TRUE,3.47000000000116
"2579","Z=~z2",0.724655573711834,0.245788581563769,0.5,"PLS",6650,2608117,200,"Extreme","2",3,TRUE,3.47000000000116
"2580","Z=~z3",0.63549921538635,0.274842420292564,0.5,"PLS",6650,2608117,200,"Extreme","2",3,TRUE,3.47000000000116
"2581","Y=~y1",0.785460112084423,0.165250313634035,0.5,"PLS",6650,2608117,200,"Extreme","2",3,TRUE,3.47000000000116
"2582","Y=~y2",0.496363710132377,0.265083476645711,0.5,"PLS",6650,2608117,200,"Extreme","2",3,TRUE,3.47000000000116
"2583","Y=~y3",0.640067989779509,0.188929753653513,0.5,"PLS",6650,2608117,200,"Extreme","2",3,TRUE,3.47000000000116
"2584","Y~X",0.134149231823828,0.0970819693205414,0.4,"PLS",6650,2608117,200,"Extreme","2",3,TRUE,3.47000000000116
"2585","Y~Z",0.232116591687199,0.09075908191267,0.5,"PLS",6650,2608117,200,"Extreme","2",3,TRUE,3.47000000000116
"2586","Y~X:Z",0.107686652687075,0.117260914507431,0.3,"PLS",6650,2608117,200,"Extreme","2",3,TRUE,3.47000000000116
"2587","X~~Z",0.0611460254403546,0.0890688512163003,0.2,"PLS",6650,2608117,200,"Extreme","2",3,TRUE,3.47000000000116
"2588","X=~x1",0.669,0.146,0.5,"Mplus",6650,2608117,200,"Extreme","2",3,TRUE,55.9100000000035
"2589","X=~x2",0.391,0.161,0.5,"Mplus",6650,2608117,200,"Extreme","2",3,TRUE,55.9100000000035
"2590","X=~x3",0.722,0.178,0.5,"Mplus",6650,2608117,200,"Extreme","2",3,TRUE,55.9100000000035
"2591","Z=~z1",0.289,0.094,0.5,"Mplus",6650,2608117,200,"Extreme","2",3,TRUE,55.9100000000035
"2592","Z=~z2",0.563,0.185,0.5,"Mplus",6650,2608117,200,"Extreme","2",3,TRUE,55.9100000000035
"2593","Z=~z3",0.372,0.185,0.5,"Mplus",6650,2608117,200,"Extreme","2",3,TRUE,55.9100000000035
"2594","Y=~y1",0.67,0.129,0.5,"Mplus",6650,2608117,200,"Extreme","2",3,TRUE,55.9100000000035
"2595","Y=~y2",0.422,0.147,0.5,"Mplus",6650,2608117,200,"Extreme","2",3,TRUE,55.9100000000035
"2596","Y=~y3",0.407,0.144,0.5,"Mplus",6650,2608117,200,"Extreme","2",3,TRUE,55.9100000000035
"2597","Y~X",-0.02,0.125,0.4,"Mplus",6650,2608117,200,"Extreme","2",3,TRUE,55.9100000000035
"2598","Y~Z",0.758,0.136,0.5,"Mplus",6650,2608117,200,"Extreme","2",3,TRUE,55.9100000000035
"2599","Y~X:Z",0.65,0.157,0.3,"Mplus",6650,2608117,200,"Extreme","2",3,TRUE,55.9100000000035
"2600","X~~Z",0.118,0.217,0.2,"Mplus",6650,2608117,200,"Extreme","2",3,TRUE,55.9100000000035
"2601","X=~x1",0.83368727952837,0.0530903806694338,0.8,"MC-OrdPLSc",6651,7907345,500,"Extreme","2",2,TRUE,20.4000000000015
"2602","X=~x2",0.851395896367323,0.0673301111331789,0.8,"MC-OrdPLSc",6651,7907345,500,"Extreme","2",2,TRUE,20.4000000000015
"2603","X=~x3",0.870306669372737,0.0595347065134476,0.8,"MC-OrdPLSc",6651,7907345,500,"Extreme","2",2,TRUE,20.4000000000015
"2604","Z=~z1",0.827346415834241,0.0592274444973805,0.8,"MC-OrdPLSc",6651,7907345,500,"Extreme","2",2,TRUE,20.4000000000015
"2605","Z=~z2",0.756730989934976,0.0760331832566263,0.8,"MC-OrdPLSc",6651,7907345,500,"Extreme","2",2,TRUE,20.4000000000015
"2606","Z=~z3",0.818187595743464,0.0668394289239356,0.8,"MC-OrdPLSc",6651,7907345,500,"Extreme","2",2,TRUE,20.4000000000015
"2607","Y=~y1",0.822424004662712,0.0564271484902991,0.8,"MC-OrdPLSc",6651,7907345,500,"Extreme","2",2,TRUE,20.4000000000015
"2608","Y=~y2",0.695220179657929,0.064841896760338,0.8,"MC-OrdPLSc",6651,7907345,500,"Extreme","2",2,TRUE,20.4000000000015
"2609","Y=~y3",0.743513918730946,0.0546636913016016,0.8,"MC-OrdPLSc",6651,7907345,500,"Extreme","2",2,TRUE,20.4000000000015
"2610","Y~X",0.445296776637556,0.127031160339752,0.4,"MC-OrdPLSc",6651,7907345,500,"Extreme","2",2,TRUE,20.4000000000015
"2611","Y~Z",0.447706986445865,0.142726969324937,0.5,"MC-OrdPLSc",6651,7907345,500,"Extreme","2",2,TRUE,20.4000000000015
"2612","Y~X:Z",0.557649025350351,0.234871303369653,0.3,"MC-OrdPLSc",6651,7907345,500,"Extreme","2",2,TRUE,20.4000000000015
"2613","X~~Z",0.13487580324705,0.0850957651190958,0.2,"MC-OrdPLSc",6651,7907345,500,"Extreme","2",2,TRUE,20.4000000000015
"2614","X=~x1",0.480426318880974,0.0921264833442664,0.8,"PLSc",6651,7907345,500,"Extreme","2",2,TRUE,4.64999999999418
"2615","X=~x2",0.878725507373411,0.0829085057455651,0.8,"PLSc",6651,7907345,500,"Extreme","2",2,TRUE,4.64999999999418
"2616","X=~x3",0.619389484870934,0.084412642126928,0.8,"PLSc",6651,7907345,500,"Extreme","2",2,TRUE,4.64999999999418
"2617","Z=~z1",0.549846750468643,0.084768649797566,0.8,"PLSc",6651,7907345,500,"Extreme","2",2,TRUE,4.64999999999418
"2618","Z=~z2",0.448017438154032,0.0966103627886474,0.8,"PLSc",6651,7907345,500,"Extreme","2",2,TRUE,4.64999999999418
"2619","Z=~z3",0.71233319279671,0.0884501128467639,0.8,"PLSc",6651,7907345,500,"Extreme","2",2,TRUE,4.64999999999418
"2620","Y=~y1",0.708764206380341,0.0686424558705202,0.8,"PLSc",6651,7907345,500,"Extreme","2",2,TRUE,4.64999999999418
"2621","Y=~y2",0.627201929417598,0.0683282357850003,0.8,"PLSc",6651,7907345,500,"Extreme","2",2,TRUE,4.64999999999418
"2622","Y=~y3",0.652285954964935,0.0652719330939196,0.8,"PLSc",6651,7907345,500,"Extreme","2",2,TRUE,4.64999999999418
"2623","Y~X",0.396119118080734,0.0809273361745326,0.4,"PLSc",6651,7907345,500,"Extreme","2",2,TRUE,4.64999999999418
"2624","Y~Z",0.38571312048554,0.083133311490253,0.5,"PLSc",6651,7907345,500,"Extreme","2",2,TRUE,4.64999999999418
"2625","Y~X:Z",0.116033523281031,0.0798364452260566,0.3,"PLSc",6651,7907345,500,"Extreme","2",2,TRUE,4.64999999999418
"2626","X~~Z",0.200734255447441,0.0767583835164169,0.2,"PLSc",6651,7907345,500,"Extreme","2",2,TRUE,4.64999999999418
"2627","X=~x1",0.692615353741166,0.0574518458282156,0.8,"PLS",6651,7907345,500,"Extreme","2",2,TRUE,1.94999999998254
"2628","X=~x2",0.862584342845169,0.0277462605117241,0.8,"PLS",6651,7907345,500,"Extreme","2",2,TRUE,1.94999999998254
"2629","X=~x3",0.798202970660214,0.040080650224353,0.8,"PLS",6651,7907345,500,"Extreme","2",2,TRUE,1.94999999998254
"2630","Z=~z1",0.720828909824161,0.0586124138911587,0.8,"PLS",6651,7907345,500,"Extreme","2",2,TRUE,1.94999999998254
"2631","Z=~z2",0.674123439913325,0.0712135169798249,0.8,"PLS",6651,7907345,500,"Extreme","2",2,TRUE,1.94999999998254
"2632","Z=~z3",0.818687723593627,0.0398773436102565,0.8,"PLS",6651,7907345,500,"Extreme","2",2,TRUE,1.94999999998254
"2633","Y=~y1",0.809727399655346,0.0324513786711377,0.8,"PLS",6651,7907345,500,"Extreme","2",2,TRUE,1.94999999998254
"2634","Y=~y2",0.799300205501303,0.0331683264182466,0.8,"PLS",6651,7907345,500,"Extreme","2",2,TRUE,1.94999999998254
"2635","Y=~y3",0.765227551551633,0.0367208201925037,0.8,"PLS",6651,7907345,500,"Extreme","2",2,TRUE,1.94999999998254
"2636","Y~X",0.314530450407911,0.052514057585285,0.4,"PLS",6651,7907345,500,"Extreme","2",2,TRUE,1.94999999998254
"2637","Y~Z",0.2683504652312,0.0488759497339636,0.5,"PLS",6651,7907345,500,"Extreme","2",2,TRUE,1.94999999998254
"2638","Y~X:Z",0.124161308587078,0.0429541130787358,0.3,"PLS",6651,7907345,500,"Extreme","2",2,TRUE,1.94999999998254
"2639","X~~Z",0.138453229427149,0.0529939590929394,0.2,"PLS",6651,7907345,500,"Extreme","2",2,TRUE,1.94999999998254
"2640","X=~x1",0.733,0.063,0.8,"Mplus",6651,7907345,500,"Extreme","2",2,TRUE,84.9100000000035
"2641","X=~x2",0.877,0.052,0.8,"Mplus",6651,7907345,500,"Extreme","2",2,TRUE,84.9100000000035
"2642","X=~x3",0.869,0.051,0.8,"Mplus",6651,7907345,500,"Extreme","2",2,TRUE,84.9100000000035
"2643","Z=~z1",0.7,0.071,0.8,"Mplus",6651,7907345,500,"Extreme","2",2,TRUE,84.9100000000035
"2644","Z=~z2",0.724,0.071,0.8,"Mplus",6651,7907345,500,"Extreme","2",2,TRUE,84.9100000000035
"2645","Z=~z3",0.828,0.068,0.8,"Mplus",6651,7907345,500,"Extreme","2",2,TRUE,84.9100000000035
"2646","Y=~y1",0.85,0.051,0.8,"Mplus",6651,7907345,500,"Extreme","2",2,TRUE,84.9100000000035
"2647","Y=~y2",0.837,0.051,0.8,"Mplus",6651,7907345,500,"Extreme","2",2,TRUE,84.9100000000035
"2648","Y=~y3",0.774,0.056,0.8,"Mplus",6651,7907345,500,"Extreme","2",2,TRUE,84.9100000000035
"2649","Y~X",0.492,0.095,0.4,"Mplus",6651,7907345,500,"Extreme","2",2,TRUE,84.9100000000035
"2650","Y~Z",0.432,0.108,0.5,"Mplus",6651,7907345,500,"Extreme","2",2,TRUE,84.9100000000035
"2651","Y~X:Z",0.144,0.158,0.3,"Mplus",6651,7907345,500,"Extreme","2",2,TRUE,84.9100000000035
"2652","X~~Z",0.236,0.095,0.2,"Mplus",6651,7907345,500,"Extreme","2",2,TRUE,84.9100000000035
"2653","X=~x1",0.731697397542506,0.551237011810334,0.5,"MC-OrdPLSc",6652,8357406,500,"Extreme","2",3,TRUE,34.7699999999968
"2654","X=~x2",0.418978052850702,0.359599846269896,0.5,"MC-OrdPLSc",6652,8357406,500,"Extreme","2",3,TRUE,34.7699999999968
"2655","X=~x3",0.471686884093076,0.399932589924548,0.5,"MC-OrdPLSc",6652,8357406,500,"Extreme","2",3,TRUE,34.7699999999968
"2656","Z=~z1",-0.429641842337499,0.846768757257542,0.5,"MC-OrdPLSc",6652,8357406,500,"Extreme","2",3,TRUE,34.7699999999968
"2657","Z=~z2",0.317095554317274,4.45508673611588,0.5,"MC-OrdPLSc",6652,8357406,500,"Extreme","2",3,TRUE,34.7699999999968
"2658","Z=~z3",0.359634330385457,1.23481867254849,0.5,"MC-OrdPLSc",6652,8357406,500,"Extreme","2",3,TRUE,34.7699999999968
"2659","Y=~y1",0.399011612871344,0.405363817470229,0.5,"MC-OrdPLSc",6652,8357406,500,"Extreme","2",3,TRUE,34.7699999999968
"2660","Y=~y2",0.850934165603598,0.966841100294971,0.5,"MC-OrdPLSc",6652,8357406,500,"Extreme","2",3,TRUE,34.7699999999968
"2661","Y=~y3",0.505701082219347,0.618346811201113,0.5,"MC-OrdPLSc",6652,8357406,500,"Extreme","2",3,TRUE,34.7699999999968
"2662","Y~X",0.573726920664044,0.700888074343209,0.4,"MC-OrdPLSc",6652,8357406,500,"Extreme","2",3,TRUE,34.7699999999968
"2663","Y~Z",0.232557356686631,0.985334084955102,0.5,"MC-OrdPLSc",6652,8357406,500,"Extreme","2",3,TRUE,34.7699999999968
"2664","Y~X:Z",-0.532852205764686,1.27076135442158,0.3,"MC-OrdPLSc",6652,8357406,500,"Extreme","2",3,TRUE,34.7699999999968
"2665","X~~Z",0.187589643368546,0.46234928405059,0.2,"MC-OrdPLSc",6652,8357406,500,"Extreme","2",3,TRUE,34.7699999999968
"2666","X=~x1",0.245244875259513,0.190913203528146,0.5,"PLSc",6652,8357406,500,"Extreme","2",3,TRUE,5.61999999999534
"2667","X=~x2",0.323648290910283,0.188829276224191,0.5,"PLSc",6652,8357406,500,"Extreme","2",3,TRUE,5.61999999999534
"2668","X=~x3",0.385859222966277,0.191223723083394,0.5,"PLSc",6652,8357406,500,"Extreme","2",3,TRUE,5.61999999999534
"2669","Z=~z1",0.348600182221815,0.141491768709287,0.5,"PLSc",6652,8357406,500,"Extreme","2",3,TRUE,5.61999999999534
"2670","Z=~z2",0.41236570772401,0.151142993993099,0.5,"PLSc",6652,8357406,500,"Extreme","2",3,TRUE,5.61999999999534
"2671","Z=~z3",0.198303409453638,0.127400691665994,0.5,"PLSc",6652,8357406,500,"Extreme","2",3,TRUE,5.61999999999534
"2672","Y=~y1",0.401051025786142,0.110922491528125,0.5,"PLSc",6652,8357406,500,"Extreme","2",3,TRUE,5.61999999999534
"2673","Y=~y2",0.482066632011461,0.109943954548838,0.5,"PLSc",6652,8357406,500,"Extreme","2",3,TRUE,5.61999999999534
"2674","Y=~y3",0.296141993725619,0.11464421503294,0.5,"PLSc",6652,8357406,500,"Extreme","2",3,TRUE,5.61999999999534
"2675","Y~X",0.248755945120301,32.4266224324348,0.4,"PLSc",6652,8357406,500,"Extreme","2",3,TRUE,5.61999999999534
"2676","Y~Z",0.645762393734915,33.2823768820624,0.5,"PLSc",6652,8357406,500,"Extreme","2",3,TRUE,5.61999999999534
"2677","Y~X:Z",0.33018257970134,41.6100412945636,0.3,"PLSc",6652,8357406,500,"Extreme","2",3,TRUE,5.61999999999534
"2678","X~~Z",0.0704790176247482,0.405180660569552,0.2,"PLSc",6652,8357406,500,"Extreme","2",3,TRUE,5.61999999999534
"2679","X=~x1",0.595064513058863,0.232175311871722,0.5,"PLS",6652,8357406,500,"Extreme","2",3,TRUE,3.05999999999767
"2680","X=~x2",0.583387740126658,0.2406543270335,0.5,"PLS",6652,8357406,500,"Extreme","2",3,TRUE,3.05999999999767
"2681","X=~x3",0.720513409547613,0.202983102721835,0.5,"PLS",6652,8357406,500,"Extreme","2",3,TRUE,3.05999999999767
"2682","Z=~z1",0.643014115716691,0.201291211975088,0.5,"PLS",6652,8357406,500,"Extreme","2",3,TRUE,3.05999999999767
"2683","Z=~z2",0.767746104530454,0.150879157780394,0.5,"PLS",6652,8357406,500,"Extreme","2",3,TRUE,3.05999999999767
"2684","Z=~z3",0.443078301010717,0.199760538742119,0.5,"PLS",6652,8357406,500,"Extreme","2",3,TRUE,3.05999999999767
"2685","Y=~y1",0.657733210460954,0.125478386706051,0.5,"PLS",6652,8357406,500,"Extreme","2",3,TRUE,3.05999999999767
"2686","Y=~y2",0.750917298334478,0.102161640293896,0.5,"PLS",6652,8357406,500,"Extreme","2",3,TRUE,3.05999999999767
"2687","Y=~y3",0.555735435806184,0.13707340140941,0.5,"PLS",6652,8357406,500,"Extreme","2",3,TRUE,3.05999999999767
"2688","Y~X",0.146457643264707,0.0433497822746816,0.4,"PLS",6652,8357406,500,"Extreme","2",3,TRUE,3.05999999999767
"2689","Y~Z",0.198226635680138,0.0555622550182484,0.5,"PLS",6652,8357406,500,"Extreme","2",3,TRUE,3.05999999999767
"2690","Y~X:Z",0.123535949578187,0.0676765965427504,0.3,"PLS",6652,8357406,500,"Extreme","2",3,TRUE,3.05999999999767
"2691","X~~Z",0.0189974609020816,0.0578763549169332,0.2,"PLS",6652,8357406,500,"Extreme","2",3,TRUE,3.05999999999767
"2692","X=~x1",0.67,0.092,0.5,"Mplus",6652,8357406,500,"Extreme","2",3,TRUE,87.140000000014
"2693","X=~x2",0.392,0.117,0.5,"Mplus",6652,8357406,500,"Extreme","2",3,TRUE,87.140000000014
"2694","X=~x3",0.44,0.113,0.5,"Mplus",6652,8357406,500,"Extreme","2",3,TRUE,87.140000000014
"2695","Z=~z1",0.355,0.074,0.5,"Mplus",6652,8357406,500,"Extreme","2",3,TRUE,87.140000000014
"2696","Z=~z2",0.745,0.131,0.5,"Mplus",6652,8357406,500,"Extreme","2",3,TRUE,87.140000000014
"2697","Z=~z3",0.405,0.108,0.5,"Mplus",6652,8357406,500,"Extreme","2",3,TRUE,87.140000000014
"2698","Y=~y1",0.532,0.089,0.5,"Mplus",6652,8357406,500,"Extreme","2",3,TRUE,87.140000000014
"2699","Y=~y2",0.576,0.102,0.5,"Mplus",6652,8357406,500,"Extreme","2",3,TRUE,87.140000000014
"2700","Y=~y3",0.444,0.096,0.5,"Mplus",6652,8357406,500,"Extreme","2",3,TRUE,87.140000000014
"2701","Y~X",0.509,0.126,0.4,"Mplus",6652,8357406,500,"Extreme","2",3,TRUE,87.140000000014
"2702","Y~Z",0.495,0.124,0.5,"Mplus",6652,8357406,500,"Extreme","2",3,TRUE,87.140000000014
"2703","Y~X:Z",0.751,0.079,0.3,"Mplus",6652,8357406,500,"Extreme","2",3,TRUE,87.140000000014
"2704","X~~Z",-0.167,0.135,0.2,"Mplus",6652,8357406,500,"Extreme","2",3,TRUE,87.140000000014
"2705","X=~x1",0.846863399801918,0.0418759104311508,0.8,"MC-OrdPLSc",6653,1628051,1000,"Extreme","2",2,TRUE,19.4399999999951
"2706","X=~x2",0.768109127757153,0.0505359157892761,0.8,"MC-OrdPLSc",6653,1628051,1000,"Extreme","2",2,TRUE,19.4399999999951
"2707","X=~x3",0.79684168245533,0.0492270256498986,0.8,"MC-OrdPLSc",6653,1628051,1000,"Extreme","2",2,TRUE,19.4399999999951
"2708","Z=~z1",0.758051116309814,0.0509090883125195,0.8,"MC-OrdPLSc",6653,1628051,1000,"Extreme","2",2,TRUE,19.4399999999951
"2709","Z=~z2",0.812467148861751,0.0527064991683693,0.8,"MC-OrdPLSc",6653,1628051,1000,"Extreme","2",2,TRUE,19.4399999999951
"2710","Z=~z3",0.830341706082679,0.0581094057376831,0.8,"MC-OrdPLSc",6653,1628051,1000,"Extreme","2",2,TRUE,19.4399999999951
"2711","Y=~y1",0.753225872805768,0.0528408271175571,0.8,"MC-OrdPLSc",6653,1628051,1000,"Extreme","2",2,TRUE,19.4399999999951
"2712","Y=~y2",0.813821343059255,0.0503546818114605,0.8,"MC-OrdPLSc",6653,1628051,1000,"Extreme","2",2,TRUE,19.4399999999951
"2713","Y=~y3",0.766043850498188,0.0519105799759898,0.8,"MC-OrdPLSc",6653,1628051,1000,"Extreme","2",2,TRUE,19.4399999999951
"2714","Y~X",0.458323028274544,0.0905706813561651,0.4,"MC-OrdPLSc",6653,1628051,1000,"Extreme","2",2,TRUE,19.4399999999951
"2715","Y~Z",0.514736980134781,0.0888261096873628,0.5,"MC-OrdPLSc",6653,1628051,1000,"Extreme","2",2,TRUE,19.4399999999951
"2716","Y~X:Z",0.343235837689415,0.235493795474893,0.3,"MC-OrdPLSc",6653,1628051,1000,"Extreme","2",2,TRUE,19.4399999999951
"2717","X~~Z",0.0946728091961997,0.0710977320674806,0.2,"MC-OrdPLSc",6653,1628051,1000,"Extreme","2",2,TRUE,19.4399999999951
"2718","X=~x1",0.517037916020017,0.0683065921113719,0.8,"PLSc",6653,1628051,1000,"Extreme","2",2,TRUE,6.89000000001397
"2719","X=~x2",0.625459315817436,0.0620305710211396,0.8,"PLSc",6653,1628051,1000,"Extreme","2",2,TRUE,6.89000000001397
"2720","X=~x3",0.709085770566095,0.0593844464320704,0.8,"PLSc",6653,1628051,1000,"Extreme","2",2,TRUE,6.89000000001397
"2721","Z=~z1",0.677401935155388,0.0591708510798518,0.8,"PLSc",6653,1628051,1000,"Extreme","2",2,TRUE,6.89000000001397
"2722","Z=~z2",0.645668869758572,0.0629513380026905,0.8,"PLSc",6653,1628051,1000,"Extreme","2",2,TRUE,6.89000000001397
"2723","Z=~z3",0.549542574305793,0.0705509970658773,0.8,"PLSc",6653,1628051,1000,"Extreme","2",2,TRUE,6.89000000001397
"2724","Y=~y1",0.676683118362101,0.0467918462993267,0.8,"PLSc",6653,1628051,1000,"Extreme","2",2,TRUE,6.89000000001397
"2725","Y=~y2",0.675382175586371,0.0456160199170794,0.8,"PLSc",6653,1628051,1000,"Extreme","2",2,TRUE,6.89000000001397
"2726","Y=~y3",0.613186461216198,0.0514148863833966,0.8,"PLSc",6653,1628051,1000,"Extreme","2",2,TRUE,6.89000000001397
"2727","Y~X",0.37545374852694,0.0542350321669542,0.4,"PLSc",6653,1628051,1000,"Extreme","2",2,TRUE,6.89000000001397
"2728","Y~Z",0.412874542695462,0.0509761682969552,0.5,"PLSc",6653,1628051,1000,"Extreme","2",2,TRUE,6.89000000001397
"2729","Y~X:Z",0.177349629213488,0.0775346924416393,0.3,"PLSc",6653,1628051,1000,"Extreme","2",2,TRUE,6.89000000001397
"2730","X~~Z",0.137716049204858,0.0505899887989083,0.2,"PLSc",6653,1628051,1000,"Extreme","2",2,TRUE,6.89000000001397
"2731","X=~x1",0.708674008964507,0.039970716754999,0.8,"PLS",6653,1628051,1000,"Extreme","2",2,TRUE,1.89999999999418
"2732","X=~x2",0.77542787081092,0.0312106229327704,0.8,"PLS",6653,1628051,1000,"Extreme","2",2,TRUE,1.89999999999418
"2733","X=~x3",0.809944537378608,0.0263675531087397,0.8,"PLS",6653,1628051,1000,"Extreme","2",2,TRUE,1.89999999999418
"2734","Z=~z1",0.787885457628401,0.0285852200843644,0.8,"PLS",6653,1628051,1000,"Extreme","2",2,TRUE,1.89999999999418
"2735","Z=~z2",0.783217915303961,0.030918106379308,0.8,"PLS",6653,1628051,1000,"Extreme","2",2,TRUE,1.89999999999418
"2736","Z=~z3",0.738851785897812,0.0374648472258973,0.8,"PLS",6653,1628051,1000,"Extreme","2",2,TRUE,1.89999999999418
"2737","Y=~y1",0.792160560865101,0.0241985171928456,0.8,"PLS",6653,1628051,1000,"Extreme","2",2,TRUE,1.89999999999418
"2738","Y=~y2",0.771063823066975,0.0264304218679386,0.8,"PLS",6653,1628051,1000,"Extreme","2",2,TRUE,1.89999999999418
"2739","Y=~y3",0.800434301828444,0.0247725227976673,0.8,"PLS",6653,1628051,1000,"Extreme","2",2,TRUE,1.89999999999418
"2740","Y~X",0.278278155696132,0.0353168267828614,0.4,"PLS",6653,1628051,1000,"Extreme","2",2,TRUE,1.89999999999418
"2741","Y~Z",0.299817776474187,0.0329903391686582,0.5,"PLS",6653,1628051,1000,"Extreme","2",2,TRUE,1.89999999999418
"2742","Y~X:Z",0.147979870882309,0.0317378209135511,0.3,"PLS",6653,1628051,1000,"Extreme","2",2,TRUE,1.89999999999418
"2743","X~~Z",0.0914024205505258,0.0338472176524943,0.2,"PLS",6653,1628051,1000,"Extreme","2",2,TRUE,1.89999999999418
"2744","X=~x1",0.738,0.045,0.8,"Mplus",6653,1628051,1000,"Extreme","2",2,TRUE,142.640000000014
"2745","X=~x2",0.806,0.043,0.8,"Mplus",6653,1628051,1000,"Extreme","2",2,TRUE,142.640000000014
"2746","X=~x3",0.822,0.042,0.8,"Mplus",6653,1628051,1000,"Extreme","2",2,TRUE,142.640000000014
"2747","Z=~z1",0.787,0.041,0.8,"Mplus",6653,1628051,1000,"Extreme","2",2,TRUE,142.640000000014
"2748","Z=~z2",0.817,0.041,0.8,"Mplus",6653,1628051,1000,"Extreme","2",2,TRUE,142.640000000014
"2749","Z=~z3",0.791,0.041,0.8,"Mplus",6653,1628051,1000,"Extreme","2",2,TRUE,142.640000000014
"2750","Y=~y1",0.801,0.037,0.8,"Mplus",6653,1628051,1000,"Extreme","2",2,TRUE,142.640000000014
"2751","Y=~y2",0.759,0.039,0.8,"Mplus",6653,1628051,1000,"Extreme","2",2,TRUE,142.640000000014
"2752","Y=~y3",0.84,0.037,0.8,"Mplus",6653,1628051,1000,"Extreme","2",2,TRUE,142.640000000014
"2753","Y~X",0.392,0.079,0.4,"Mplus",6653,1628051,1000,"Extreme","2",2,TRUE,142.640000000014
"2754","Y~Z",0.454,0.072,0.5,"Mplus",6653,1628051,1000,"Extreme","2",2,TRUE,142.640000000014
"2755","Y~X:Z",0.258,0.115,0.3,"Mplus",6653,1628051,1000,"Extreme","2",2,TRUE,142.640000000014
"2756","X~~Z",0.184,0.065,0.2,"Mplus",6653,1628051,1000,"Extreme","2",2,TRUE,142.640000000014
"2757","X=~x1",0.498176959508107,0.147318524491287,0.5,"MC-OrdPLSc",6654,2943744,1000,"Extreme","2",3,TRUE,23.3300000000017
"2758","X=~x2",0.407243081218516,0.151530121874752,0.5,"MC-OrdPLSc",6654,2943744,1000,"Extreme","2",3,TRUE,23.3300000000017
"2759","X=~x3",0.563302093502834,0.148236490105708,0.5,"MC-OrdPLSc",6654,2943744,1000,"Extreme","2",3,TRUE,23.3300000000017
"2760","Z=~z1",0.269653988569944,0.100854723213265,0.5,"MC-OrdPLSc",6654,2943744,1000,"Extreme","2",3,TRUE,23.3300000000017
"2761","Z=~z2",0.457268166990486,0.0781017718363677,0.5,"MC-OrdPLSc",6654,2943744,1000,"Extreme","2",3,TRUE,23.3300000000017
"2762","Z=~z3",0.681535519656749,0.128550479087171,0.5,"MC-OrdPLSc",6654,2943744,1000,"Extreme","2",3,TRUE,23.3300000000017
"2763","Y=~y1",0.55810719782574,0.153981727155679,0.5,"MC-OrdPLSc",6654,2943744,1000,"Extreme","2",3,TRUE,23.3300000000017
"2764","Y=~y2",0.549859524260587,0.0931343557683001,0.5,"MC-OrdPLSc",6654,2943744,1000,"Extreme","2",3,TRUE,23.3300000000017
"2765","Y=~y3",0.531594231351987,0.120814864126993,0.5,"MC-OrdPLSc",6654,2943744,1000,"Extreme","2",3,TRUE,23.3300000000017
"2766","Y~X",0.463324508620573,0.157063176069465,0.4,"MC-OrdPLSc",6654,2943744,1000,"Extreme","2",3,TRUE,23.3300000000017
"2767","Y~Z",0.5789869985096,0.163974620974136,0.5,"MC-OrdPLSc",6654,2943744,1000,"Extreme","2",3,TRUE,23.3300000000017
"2768","Y~X:Z",0.158762075602555,0.468122488249472,0.3,"MC-OrdPLSc",6654,2943744,1000,"Extreme","2",3,TRUE,23.3300000000017
"2769","X~~Z",0.189239713175326,0.107963467072347,0.2,"MC-OrdPLSc",6654,2943744,1000,"Extreme","2",3,TRUE,23.3300000000017
"2770","X=~x1",0.314234400652996,0.117561572901782,0.5,"PLSc",6654,2943744,1000,"Extreme","2",3,TRUE,7.39999999999418
"2771","X=~x2",0.336654203104484,0.109078887061763,0.5,"PLSc",6654,2943744,1000,"Extreme","2",3,TRUE,7.39999999999418
"2772","X=~x3",0.364629374437112,0.0974041646938898,0.5,"PLSc",6654,2943744,1000,"Extreme","2",3,TRUE,7.39999999999418
"2773","Z=~z1",0.2507626118923,0.0761608873913845,0.5,"PLSc",6654,2943744,1000,"Extreme","2",3,TRUE,7.39999999999418
"2774","Z=~z2",0.218660643634803,0.0786854629432194,0.5,"PLSc",6654,2943744,1000,"Extreme","2",3,TRUE,7.39999999999418
"2775","Z=~z3",0.456948149501838,0.0889476836802136,0.5,"PLSc",6654,2943744,1000,"Extreme","2",3,TRUE,7.39999999999418
"2776","Y=~y1",0.343809220358344,0.0680074955068299,0.5,"PLSc",6654,2943744,1000,"Extreme","2",3,TRUE,7.39999999999418
"2777","Y=~y2",0.308623982079759,0.0720078505957081,0.5,"PLSc",6654,2943744,1000,"Extreme","2",3,TRUE,7.39999999999418
"2778","Y=~y3",0.304381019402225,0.0728114584523336,0.5,"PLSc",6654,2943744,1000,"Extreme","2",3,TRUE,7.39999999999418
"2779","Y~X",0.358496131256204,5.66341262195915,0.4,"PLSc",6654,2943744,1000,"Extreme","2",3,TRUE,7.39999999999418
"2780","Y~Z",0.638969647948715,1.309157113346,0.5,"PLSc",6654,2943744,1000,"Extreme","2",3,TRUE,7.39999999999418
"2781","Y~X:Z",0.122930714485701,4.58613464780521,0.3,"PLSc",6654,2943744,1000,"Extreme","2",3,TRUE,7.39999999999418
"2782","X~~Z",0.296500459908214,0.164406217955083,0.2,"PLSc",6654,2943744,1000,"Extreme","2",3,TRUE,7.39999999999418
"2783","X=~x1",0.643909406898397,0.136246162255963,0.5,"PLS",6654,2943744,1000,"Extreme","2",3,TRUE,2.44000000000233
"2784","X=~x2",0.643526884574774,0.136688131257397,0.5,"PLS",6654,2943744,1000,"Extreme","2",3,TRUE,2.44000000000233
"2785","X=~x3",0.636324065211992,0.144651384171439,0.5,"PLS",6654,2943744,1000,"Extreme","2",3,TRUE,2.44000000000233
"2786","Z=~z1",0.513813395116822,0.127541628816502,0.5,"PLS",6654,2943744,1000,"Extreme","2",3,TRUE,2.44000000000233
"2787","Z=~z2",0.497938929383201,0.116184714352208,0.5,"PLS",6654,2943744,1000,"Extreme","2",3,TRUE,2.44000000000233
"2788","Z=~z3",0.814044700715414,0.0823265312503293,0.5,"PLS",6654,2943744,1000,"Extreme","2",3,TRUE,2.44000000000233
"2789","Y=~y1",0.667620419847428,0.0840506711303386,0.5,"PLS",6654,2943744,1000,"Extreme","2",3,TRUE,2.44000000000233
"2790","Y=~y2",0.618995238087172,0.0952651504231817,0.5,"PLS",6654,2943744,1000,"Extreme","2",3,TRUE,2.44000000000233
"2791","Y=~y3",0.611733898976146,0.0960622563201285,0.5,"PLS",6654,2943744,1000,"Extreme","2",3,TRUE,2.44000000000233
"2792","Y~X",0.141709008146607,0.0356910498687649,0.4,"PLS",6654,2943744,1000,"Extreme","2",3,TRUE,2.44000000000233
"2793","Y~Z",0.196673156535598,0.0358763687444147,0.5,"PLS",6654,2943744,1000,"Extreme","2",3,TRUE,2.44000000000233
"2794","Y~X:Z",0.0784845113077274,0.0394070700404032,0.3,"PLS",6654,2943744,1000,"Extreme","2",3,TRUE,2.44000000000233
"2795","X~~Z",0.0823474092387689,0.0355512822420671,0.2,"PLS",6654,2943744,1000,"Extreme","2",3,TRUE,2.44000000000233
"2796","X=~x1",0.626,0.095,0.5,"Mplus",6654,2943744,1000,"Extreme","2",3,TRUE,126.109999999986
"2797","X=~x2",0.528,0.086,0.5,"Mplus",6654,2943744,1000,"Extreme","2",3,TRUE,126.109999999986
"2798","X=~x3",0.368,0.085,0.5,"Mplus",6654,2943744,1000,"Extreme","2",3,TRUE,126.109999999986
"2799","Z=~z1",0.431,0.083,0.5,"Mplus",6654,2943744,1000,"Extreme","2",3,TRUE,126.109999999986
"2800","Z=~z2",0.449,0.086,0.5,"Mplus",6654,2943744,1000,"Extreme","2",3,TRUE,126.109999999986
"2801","Z=~z3",0.523,0.086,0.5,"Mplus",6654,2943744,1000,"Extreme","2",3,TRUE,126.109999999986
"2802","Y=~y1",0.399,0.068,0.5,"Mplus",6654,2943744,1000,"Extreme","2",3,TRUE,126.109999999986
"2803","Y=~y2",0.384,0.071,0.5,"Mplus",6654,2943744,1000,"Extreme","2",3,TRUE,126.109999999986
"2804","Y=~y3",0.37,0.069,0.5,"Mplus",6654,2943744,1000,"Extreme","2",3,TRUE,126.109999999986
"2805","Y~X",0.209,0.226,0.4,"Mplus",6654,2943744,1000,"Extreme","2",3,TRUE,126.109999999986
"2806","Y~Z",0.766,0.163,0.5,"Mplus",6654,2943744,1000,"Extreme","2",3,TRUE,126.109999999986
"2807","Y~X:Z",0.474,0.212,0.3,"Mplus",6654,2943744,1000,"Extreme","2",3,TRUE,126.109999999986
"2808","X~~Z",0.3,0.127,0.2,"Mplus",6654,2943744,1000,"Extreme","2",3,TRUE,126.109999999986
"2809","X=~x1",0.908757669595353,0.149712827280954,0.8,"MC-OrdPLSc",6655,4216820,200,"Extreme","3",2,TRUE,17.8700000000026
"2810","X=~x2",0.761200300898915,0.142208789841741,0.8,"MC-OrdPLSc",6655,4216820,200,"Extreme","3",2,TRUE,17.8700000000026
"2811","X=~x3",0.605746290402561,0.147114614655424,0.8,"MC-OrdPLSc",6655,4216820,200,"Extreme","3",2,TRUE,17.8700000000026
"2812","Z=~z1",0.734950972906727,0.0917696099508279,0.8,"MC-OrdPLSc",6655,4216820,200,"Extreme","3",2,TRUE,17.8700000000026
"2813","Z=~z2",0.707783644120831,0.10676824539916,0.8,"MC-OrdPLSc",6655,4216820,200,"Extreme","3",2,TRUE,17.8700000000026
"2814","Z=~z3",0.907512303914466,0.0814421724482145,0.8,"MC-OrdPLSc",6655,4216820,200,"Extreme","3",2,TRUE,17.8700000000026
"2815","Y=~y1",0.877466583806363,0.0630311206645385,0.8,"MC-OrdPLSc",6655,4216820,200,"Extreme","3",2,TRUE,17.8700000000026
"2816","Y=~y2",0.822576247554824,0.0642283814770028,0.8,"MC-OrdPLSc",6655,4216820,200,"Extreme","3",2,TRUE,17.8700000000026
"2817","Y=~y3",0.782543613783183,0.0732591292550359,0.8,"MC-OrdPLSc",6655,4216820,200,"Extreme","3",2,TRUE,17.8700000000026
"2818","Y~X",0.163447204257063,0.138414047047054,0.4,"MC-OrdPLSc",6655,4216820,200,"Extreme","3",2,TRUE,17.8700000000026
"2819","Y~Z",0.529413464212853,0.126770679295783,0.5,"MC-OrdPLSc",6655,4216820,200,"Extreme","3",2,TRUE,17.8700000000026
"2820","Y~X:Z",0.665020087294742,0.236048810063294,0.3,"MC-OrdPLSc",6655,4216820,200,"Extreme","3",2,TRUE,17.8700000000026
"2821","X~~Z",0.117561995319181,0.10677934689319,0.2,"MC-OrdPLSc",6655,4216820,200,"Extreme","3",2,TRUE,17.8700000000026
"2822","X=~x1",0.617626469357933,0.103299158552482,0.8,"PLSc",6655,4216820,200,"Extreme","3",2,TRUE,3.04999999998836
"2823","X=~x2",0.724463117212156,0.0915664693926523,0.8,"PLSc",6655,4216820,200,"Extreme","3",2,TRUE,3.04999999998836
"2824","X=~x3",0.928054896893402,0.0681914061422325,0.8,"PLSc",6655,4216820,200,"Extreme","3",2,TRUE,3.04999999998836
"2825","Z=~z1",0.757256448809975,0.115548256901974,0.8,"PLSc",6655,4216820,200,"Extreme","3",2,TRUE,3.04999999998836
"2826","Z=~z2",0.591230064471493,0.129452717376406,0.8,"PLSc",6655,4216820,200,"Extreme","3",2,TRUE,3.04999999998836
"2827","Z=~z3",0.638613410888189,0.114074666714642,0.8,"PLSc",6655,4216820,200,"Extreme","3",2,TRUE,3.04999999998836
"2828","Y=~y1",0.701942028516272,0.0786614539412668,0.8,"PLSc",6655,4216820,200,"Extreme","3",2,TRUE,3.04999999998836
"2829","Y=~y2",0.712136904680046,0.0762229371727227,0.8,"PLSc",6655,4216820,200,"Extreme","3",2,TRUE,3.04999999998836
"2830","Y=~y3",0.687118012473463,0.0760212079412829,0.8,"PLSc",6655,4216820,200,"Extreme","3",2,TRUE,3.04999999998836
"2831","Y~X",0.482520410852048,0.0968520548662547,0.4,"PLSc",6655,4216820,200,"Extreme","3",2,TRUE,3.04999999998836
"2832","Y~Z",0.430896676011375,0.0888565356443728,0.5,"PLSc",6655,4216820,200,"Extreme","3",2,TRUE,3.04999999998836
"2833","Y~X:Z",0.287072485563791,0.13235400903437,0.3,"PLSc",6655,4216820,200,"Extreme","3",2,TRUE,3.04999999998836
"2834","X~~Z",0.174585321782238,0.0915730914721346,0.2,"PLSc",6655,4216820,200,"Extreme","3",2,TRUE,3.04999999998836
"2835","X=~x1",0.775680772989033,0.054265101196879,0.8,"PLS",6655,4216820,200,"Extreme","3",2,TRUE,1.88000000000466
"2836","X=~x2",0.849088369732305,0.039060155668852,0.8,"PLS",6655,4216820,200,"Extreme","3",2,TRUE,1.88000000000466
"2837","X=~x3",0.901777053244802,0.016365968241833,0.8,"PLS",6655,4216820,200,"Extreme","3",2,TRUE,1.88000000000466
"2838","Z=~z1",0.834276793591662,0.0426042312373578,0.8,"PLS",6655,4216820,200,"Extreme","3",2,TRUE,1.88000000000466
"2839","Z=~z2",0.726111924197452,0.0721387619924986,0.8,"PLS",6655,4216820,200,"Extreme","3",2,TRUE,1.88000000000466
"2840","Z=~z3",0.806725028810815,0.0527514177854526,0.8,"PLS",6655,4216820,200,"Extreme","3",2,TRUE,1.88000000000466
"2841","Y=~y1",0.792138479521652,0.0464962224762027,0.8,"PLS",6655,4216820,200,"Extreme","3",2,TRUE,1.88000000000466
"2842","Y=~y2",0.817953972054976,0.0411088239756949,0.8,"PLS",6655,4216820,200,"Extreme","3",2,TRUE,1.88000000000466
"2843","Y=~y3",0.828190918107424,0.0366967284315807,0.8,"PLS",6655,4216820,200,"Extreme","3",2,TRUE,1.88000000000466
"2844","Y~X",0.414892811381603,0.0585749043550613,0.4,"PLS",6655,4216820,200,"Extreme","3",2,TRUE,1.88000000000466
"2845","Y~Z",0.325775349240864,0.0604241685999573,0.5,"PLS",6655,4216820,200,"Extreme","3",2,TRUE,1.88000000000466
"2846","Y~X:Z",0.20432630179831,0.0599186869006945,0.3,"PLS",6655,4216820,200,"Extreme","3",2,TRUE,1.88000000000466
"2847","X~~Z",0.134920311642318,0.0703042215521538,0.2,"PLS",6655,4216820,200,"Extreme","3",2,TRUE,1.88000000000466
"2848","X=~x1",0.726,0.068,0.8,"Mplus",6655,4216820,200,"Extreme","3",2,TRUE,90.2699999999895
"2849","X=~x2",0.828,0.056,0.8,"Mplus",6655,4216820,200,"Extreme","3",2,TRUE,90.2699999999895
"2850","X=~x3",0.939,0.044,0.8,"Mplus",6655,4216820,200,"Extreme","3",2,TRUE,90.2699999999895
"2851","Z=~z1",0.831,0.066,0.8,"Mplus",6655,4216820,200,"Extreme","3",2,TRUE,90.2699999999895
"2852","Z=~z2",0.679,0.077,0.8,"Mplus",6655,4216820,200,"Extreme","3",2,TRUE,90.2699999999895
"2853","Z=~z3",0.784,0.068,0.8,"Mplus",6655,4216820,200,"Extreme","3",2,TRUE,90.2699999999895
"2854","Y=~y1",0.725,0.07,0.8,"Mplus",6655,4216820,200,"Extreme","3",2,TRUE,90.2699999999895
"2855","Y=~y2",0.78,0.063,0.8,"Mplus",6655,4216820,200,"Extreme","3",2,TRUE,90.2699999999895
"2856","Y=~y3",0.795,0.064,0.8,"Mplus",6655,4216820,200,"Extreme","3",2,TRUE,90.2699999999895
"2857","Y~X",0.534,0.105,0.4,"Mplus",6655,4216820,200,"Extreme","3",2,TRUE,90.2699999999895
"2858","Y~Z",0.409,0.114,0.5,"Mplus",6655,4216820,200,"Extreme","3",2,TRUE,90.2699999999895
"2859","Y~X:Z",0.297,0.153,0.3,"Mplus",6655,4216820,200,"Extreme","3",2,TRUE,90.2699999999895
"2860","X~~Z",0.236,0.11,0.2,"Mplus",6655,4216820,200,"Extreme","3",2,TRUE,90.2699999999895
"2861","X=~x1",0.451383151063998,0.195100377198535,0.5,"MC-OrdPLSc",6656,4728875,200,"Extreme","3",3,TRUE,19.3400000000038
"2862","X=~x2",0.433745010601514,0.292241726115416,0.5,"MC-OrdPLSc",6656,4728875,200,"Extreme","3",3,TRUE,19.3400000000038
"2863","X=~x3",0.492658107030371,0.238745185985095,0.5,"MC-OrdPLSc",6656,4728875,200,"Extreme","3",3,TRUE,19.3400000000038
"2864","Z=~z1",0.712047106190603,0.159465380961322,0.5,"MC-OrdPLSc",6656,4728875,200,"Extreme","3",3,TRUE,19.3400000000038
"2865","Z=~z2",0.359152216128388,0.129777742334939,0.5,"MC-OrdPLSc",6656,4728875,200,"Extreme","3",3,TRUE,19.3400000000038
"2866","Z=~z3",0.583472944749185,0.146602615427147,0.5,"MC-OrdPLSc",6656,4728875,200,"Extreme","3",3,TRUE,19.3400000000038
"2867","Y=~y1",0.415541846659266,0.175118052205086,0.5,"MC-OrdPLSc",6656,4728875,200,"Extreme","3",3,TRUE,19.3400000000038
"2868","Y=~y2",0.554162741338353,0.215118091881807,0.5,"MC-OrdPLSc",6656,4728875,200,"Extreme","3",3,TRUE,19.3400000000038
"2869","Y=~y3",0.485269876921297,0.166991461480724,0.5,"MC-OrdPLSc",6656,4728875,200,"Extreme","3",3,TRUE,19.3400000000038
"2870","Y~X",0.530981229377246,0.299923965212478,0.4,"MC-OrdPLSc",6656,4728875,200,"Extreme","3",3,TRUE,19.3400000000038
"2871","Y~Z",0.680176642733203,0.242874305113062,0.5,"MC-OrdPLSc",6656,4728875,200,"Extreme","3",3,TRUE,19.3400000000038
"2872","Y~X:Z",0.0924192464289244,0.510816657262586,0.3,"MC-OrdPLSc",6656,4728875,200,"Extreme","3",3,TRUE,19.3400000000038
"2873","X~~Z",0.319239488338833,0.2184824097831,0.2,"MC-OrdPLSc",6656,4728875,200,"Extreme","3",3,TRUE,19.3400000000038
"2874","X=~x1",0.375109831885081,0.211428627010553,0.5,"PLSc",6656,4728875,200,"Extreme","3",3,TRUE,4.58999999999651
"2875","X=~x2",0.471596707501281,0.196818215691042,0.5,"PLSc",6656,4728875,200,"Extreme","3",3,TRUE,4.58999999999651
"2876","X=~x3",0.380013865695318,0.186625570425647,0.5,"PLSc",6656,4728875,200,"Extreme","3",3,TRUE,4.58999999999651
"2877","Z=~z1",0.333987169159978,0.186841674664745,0.5,"PLSc",6656,4728875,200,"Extreme","3",3,TRUE,4.58999999999651
"2878","Z=~z2",0.423576453239928,0.184476245469255,0.5,"PLSc",6656,4728875,200,"Extreme","3",3,TRUE,4.58999999999651
"2879","Z=~z3",0.545045068604167,0.180023775320675,0.5,"PLSc",6656,4728875,200,"Extreme","3",3,TRUE,4.58999999999651
"2880","Y=~y1",0.375452626912467,0.163620151743362,0.5,"PLSc",6656,4728875,200,"Extreme","3",3,TRUE,4.58999999999651
"2881","Y=~y2",0.571255498674272,0.188236982639812,0.5,"PLSc",6656,4728875,200,"Extreme","3",3,TRUE,4.58999999999651
"2882","Y=~y3",0.322258051930054,0.155716056563027,0.5,"PLSc",6656,4728875,200,"Extreme","3",3,TRUE,4.58999999999651
"2883","Y~X",0.455628785438913,8.98644533178282,0.4,"PLSc",6656,4728875,200,"Extreme","3",3,TRUE,4.58999999999651
"2884","Y~Z",0.671738565439064,7.42196851002321,0.5,"PLSc",6656,4728875,200,"Extreme","3",3,TRUE,4.58999999999651
"2885","Y~X:Z",0.395017153396305,22.669281609996,0.3,"PLSc",6656,4728875,200,"Extreme","3",3,TRUE,4.58999999999651
"2886","X~~Z",0.0720350268562901,0.405942178807095,0.2,"PLSc",6656,4728875,200,"Extreme","3",3,TRUE,4.58999999999651
"2887","X=~x1",0.580208852220037,0.254071995255526,0.5,"PLS",6656,4728875,200,"Extreme","3",3,TRUE,3.45000000001164
"2888","X=~x2",0.742110873412335,0.212353911832809,0.5,"PLS",6656,4728875,200,"Extreme","3",3,TRUE,3.45000000001164
"2889","X=~x3",0.668276766007638,0.212864586140379,0.5,"PLS",6656,4728875,200,"Extreme","3",3,TRUE,3.45000000001164
"2890","Z=~z1",0.626535332100946,0.194753921378217,0.5,"PLS",6656,4728875,200,"Extreme","3",3,TRUE,3.45000000001164
"2891","Z=~z2",0.650108225147986,0.195175488339616,0.5,"PLS",6656,4728875,200,"Extreme","3",3,TRUE,3.45000000001164
"2892","Z=~z3",0.752833351311071,0.160964396968145,0.5,"PLS",6656,4728875,200,"Extreme","3",3,TRUE,3.45000000001164
"2893","Y=~y1",0.541144342148859,0.208095662404508,0.5,"PLS",6656,4728875,200,"Extreme","3",3,TRUE,3.45000000001164
"2894","Y=~y2",0.799378299837208,0.131252302836743,0.5,"PLS",6656,4728875,200,"Extreme","3",3,TRUE,3.45000000001164
"2895","Y=~y3",0.658093888778737,0.14013204165816,0.5,"PLS",6656,4728875,200,"Extreme","3",3,TRUE,3.45000000001164
"2896","Y~X",0.219516899552166,0.0724349224423892,0.4,"PLS",6656,4728875,200,"Extreme","3",3,TRUE,3.45000000001164
"2897","Y~Z",0.267352398869259,0.0767434166964775,0.5,"PLS",6656,4728875,200,"Extreme","3",3,TRUE,3.45000000001164
"2898","Y~X:Z",0.056908458686302,0.0791035787039565,0.3,"PLS",6656,4728875,200,"Extreme","3",3,TRUE,3.45000000001164
"2899","X~~Z",0.0292386296073881,0.0792972478503392,0.2,"PLS",6656,4728875,200,"Extreme","3",3,TRUE,3.45000000001164
"2900","X=~x1",0.359,0.127,0.5,"Mplus",6656,4728875,200,"Extreme","3",3,TRUE,113.76999999999
"2901","X=~x2",0.575,0.164,0.5,"Mplus",6656,4728875,200,"Extreme","3",3,TRUE,113.76999999999
"2902","X=~x3",0.553,0.152,0.5,"Mplus",6656,4728875,200,"Extreme","3",3,TRUE,113.76999999999
"2903","Z=~z1",0.621,0.152,0.5,"Mplus",6656,4728875,200,"Extreme","3",3,TRUE,113.76999999999
"2904","Z=~z2",0.528,0.131,0.5,"Mplus",6656,4728875,200,"Extreme","3",3,TRUE,113.76999999999
"2905","Z=~z3",0.49,0.139,0.5,"Mplus",6656,4728875,200,"Extreme","3",3,TRUE,113.76999999999
"2906","Y=~y1",0.335,0.135,0.5,"Mplus",6656,4728875,200,"Extreme","3",3,TRUE,113.76999999999
"2907","Y=~y2",0.686,0.147,0.5,"Mplus",6656,4728875,200,"Extreme","3",3,TRUE,113.76999999999
"2908","Y=~y3",0.585,0.133,0.5,"Mplus",6656,4728875,200,"Extreme","3",3,TRUE,113.76999999999
"2909","Y~X",0.548,0.179,0.4,"Mplus",6656,4728875,200,"Extreme","3",3,TRUE,113.76999999999
"2910","Y~Z",0.539,0.179,0.5,"Mplus",6656,4728875,200,"Extreme","3",3,TRUE,113.76999999999
"2911","Y~X:Z",-0.045,0.23,0.3,"Mplus",6656,4728875,200,"Extreme","3",3,TRUE,113.76999999999
"2912","X~~Z",-0.027,0.197,0.2,"Mplus",6656,4728875,200,"Extreme","3",3,TRUE,113.76999999999
"2913","X=~x1",0.748277965291755,0.044262298302976,0.8,"MC-OrdPLSc",6657,9401768,500,"Extreme","3",2,TRUE,17.6899999999951
"2914","X=~x2",0.832912595019091,0.0348755580113993,0.8,"MC-OrdPLSc",6657,9401768,500,"Extreme","3",2,TRUE,17.6899999999951
"2915","X=~x3",0.805726806334004,0.0510622948160916,0.8,"MC-OrdPLSc",6657,9401768,500,"Extreme","3",2,TRUE,17.6899999999951
"2916","Z=~z1",0.833244514765655,0.0429292583766323,0.8,"MC-OrdPLSc",6657,9401768,500,"Extreme","3",2,TRUE,17.6899999999951
"2917","Z=~z2",0.792176935714247,0.0435937890918225,0.8,"MC-OrdPLSc",6657,9401768,500,"Extreme","3",2,TRUE,17.6899999999951
"2918","Z=~z3",0.823168381694036,0.0419141425941629,0.8,"MC-OrdPLSc",6657,9401768,500,"Extreme","3",2,TRUE,17.6899999999951
"2919","Y=~y1",0.783776666984118,0.0389646228683797,0.8,"MC-OrdPLSc",6657,9401768,500,"Extreme","3",2,TRUE,17.6899999999951
"2920","Y=~y2",0.829655740105337,0.0349235764748889,0.8,"MC-OrdPLSc",6657,9401768,500,"Extreme","3",2,TRUE,17.6899999999951
"2921","Y=~y3",0.829771831816079,0.0377172119609648,0.8,"MC-OrdPLSc",6657,9401768,500,"Extreme","3",2,TRUE,17.6899999999951
"2922","Y~X",0.436775562347284,0.0844457328671523,0.4,"MC-OrdPLSc",6657,9401768,500,"Extreme","3",2,TRUE,17.6899999999951
"2923","Y~Z",0.454759559226744,0.0721680692366011,0.5,"MC-OrdPLSc",6657,9401768,500,"Extreme","3",2,TRUE,17.6899999999951
"2924","Y~X:Z",0.310567754001785,0.134014615457551,0.3,"MC-OrdPLSc",6657,9401768,500,"Extreme","3",2,TRUE,17.6899999999951
"2925","X~~Z",0.191924868667594,0.0808150764494466,0.2,"MC-OrdPLSc",6657,9401768,500,"Extreme","3",2,TRUE,17.6899999999951
"2926","X=~x1",0.639878943589214,0.0667231301274516,0.8,"PLSc",6657,9401768,500,"Extreme","3",2,TRUE,4.82999999998719
"2927","X=~x2",0.661187669762039,0.0734653089576639,0.8,"PLSc",6657,9401768,500,"Extreme","3",2,TRUE,4.82999999998719
"2928","X=~x3",0.730432842281774,0.0680046776124207,0.8,"PLSc",6657,9401768,500,"Extreme","3",2,TRUE,4.82999999998719
"2929","Z=~z1",0.650593145939343,0.0542904743902075,0.8,"PLSc",6657,9401768,500,"Extreme","3",2,TRUE,4.82999999998719
"2930","Z=~z2",0.786831986964631,0.0499176111772396,0.8,"PLSc",6657,9401768,500,"Extreme","3",2,TRUE,4.82999999998719
"2931","Z=~z3",0.689001747443138,0.0578221131903799,0.8,"PLSc",6657,9401768,500,"Extreme","3",2,TRUE,4.82999999998719
"2932","Y=~y1",0.720459368367258,0.04165469833258,0.8,"PLSc",6657,9401768,500,"Extreme","3",2,TRUE,4.82999999998719
"2933","Y=~y2",0.667369225475556,0.048358565260481,0.8,"PLSc",6657,9401768,500,"Extreme","3",2,TRUE,4.82999999998719
"2934","Y=~y3",0.743163389956705,0.0454249811449633,0.8,"PLSc",6657,9401768,500,"Extreme","3",2,TRUE,4.82999999998719
"2935","Y~X",0.461340459073335,0.0586343611234181,0.4,"PLSc",6657,9401768,500,"Extreme","3",2,TRUE,4.82999999998719
"2936","Y~Z",0.530445121596806,0.0527603974208271,0.5,"PLSc",6657,9401768,500,"Extreme","3",2,TRUE,4.82999999998719
"2937","Y~X:Z",0.0926472646448595,0.0590885717517097,0.3,"PLSc",6657,9401768,500,"Extreme","3",2,TRUE,4.82999999998719
"2938","X~~Z",0.191348452799432,0.0702609696100143,0.2,"PLSc",6657,9401768,500,"Extreme","3",2,TRUE,4.82999999998719
"2939","X=~x1",0.807448548519091,0.0288061223047209,0.8,"PLS",6657,9401768,500,"Extreme","3",2,TRUE,1.92000000001281
"2940","X=~x2",0.775393218506036,0.0345923612708344,0.8,"PLS",6657,9401768,500,"Extreme","3",2,TRUE,1.92000000001281
"2941","X=~x3",0.815857572834974,0.0279407224011183,0.8,"PLS",6657,9401768,500,"Extreme","3",2,TRUE,1.92000000001281
"2942","Z=~z1",0.784624036132689,0.027223264759287,0.8,"PLS",6657,9401768,500,"Extreme","3",2,TRUE,1.92000000001281
"2943","Z=~z2",0.857686845087767,0.0177034988624253,0.8,"PLS",6657,9401768,500,"Extreme","3",2,TRUE,1.92000000001281
"2944","Z=~z3",0.806406378006828,0.028934798330224,0.8,"PLS",6657,9401768,500,"Extreme","3",2,TRUE,1.92000000001281
"2945","Y=~y1",0.840297253700067,0.0200770846308085,0.8,"PLS",6657,9401768,500,"Extreme","3",2,TRUE,1.92000000001281
"2946","Y=~y2",0.791504159536608,0.0280231548811322,0.8,"PLS",6657,9401768,500,"Extreme","3",2,TRUE,1.92000000001281
"2947","Y=~y3",0.822425768648067,0.0223690678001006,0.8,"PLS",6657,9401768,500,"Extreme","3",2,TRUE,1.92000000001281
"2948","Y~X",0.355240446276568,0.0409174613933073,0.4,"PLS",6657,9401768,500,"Extreme","3",2,TRUE,1.92000000001281
"2949","Y~Z",0.417210761731755,0.0405919179563779,0.5,"PLS",6657,9401768,500,"Extreme","3",2,TRUE,1.92000000001281
"2950","Y~X:Z",0.113395100928424,0.0369216631973513,0.3,"PLS",6657,9401768,500,"Extreme","3",2,TRUE,1.92000000001281
"2951","X~~Z",0.141596318286178,0.0527027684571338,0.2,"PLS",6657,9401768,500,"Extreme","3",2,TRUE,1.92000000001281
"2952","X=~x1",0.804,0.044,0.8,"Mplus",6657,9401768,500,"Extreme","3",2,TRUE,152.829999999987
"2953","X=~x2",0.739,0.047,0.8,"Mplus",6657,9401768,500,"Extreme","3",2,TRUE,152.829999999987
"2954","X=~x3",0.774,0.045,0.8,"Mplus",6657,9401768,500,"Extreme","3",2,TRUE,152.829999999987
"2955","Z=~z1",0.745,0.042,0.8,"Mplus",6657,9401768,500,"Extreme","3",2,TRUE,152.829999999987
"2956","Z=~z2",0.874,0.035,0.8,"Mplus",6657,9401768,500,"Extreme","3",2,TRUE,152.829999999987
"2957","Z=~z3",0.781,0.041,0.8,"Mplus",6657,9401768,500,"Extreme","3",2,TRUE,152.829999999987
"2958","Y=~y1",0.825,0.039,0.8,"Mplus",6657,9401768,500,"Extreme","3",2,TRUE,152.829999999987
"2959","Y=~y2",0.725,0.043,0.8,"Mplus",6657,9401768,500,"Extreme","3",2,TRUE,152.829999999987
"2960","Y=~y3",0.78,0.039,0.8,"Mplus",6657,9401768,500,"Extreme","3",2,TRUE,152.829999999987
"2961","Y~X",0.478,0.07,0.4,"Mplus",6657,9401768,500,"Extreme","3",2,TRUE,152.829999999987
"2962","Y~Z",0.562,0.065,0.5,"Mplus",6657,9401768,500,"Extreme","3",2,TRUE,152.829999999987
"2963","Y~X:Z",0.254,0.109,0.3,"Mplus",6657,9401768,500,"Extreme","3",2,TRUE,152.829999999987
"2964","X~~Z",0.203,0.071,0.2,"Mplus",6657,9401768,500,"Extreme","3",2,TRUE,152.829999999987
"2965","X=~x1",0.378585289843662,0.154041602990669,0.5,"MC-OrdPLSc",6658,7512926,500,"Extreme","3",3,TRUE,23.2699999999968
"2966","X=~x2",0.449715578478614,0.136998474214066,0.5,"MC-OrdPLSc",6658,7512926,500,"Extreme","3",3,TRUE,23.2699999999968
"2967","X=~x3",0.700940833624107,0.183620806908661,0.5,"MC-OrdPLSc",6658,7512926,500,"Extreme","3",3,TRUE,23.2699999999968
"2968","Z=~z1",0.600979728757678,0.145263749745016,0.5,"MC-OrdPLSc",6658,7512926,500,"Extreme","3",3,TRUE,23.2699999999968
"2969","Z=~z2",0.486468036480298,0.117066148956728,0.5,"MC-OrdPLSc",6658,7512926,500,"Extreme","3",3,TRUE,23.2699999999968
"2970","Z=~z3",0.511371594296302,0.103331241053519,0.5,"MC-OrdPLSc",6658,7512926,500,"Extreme","3",3,TRUE,23.2699999999968
"2971","Y=~y1",0.45096549031341,0.0850209319288966,0.5,"MC-OrdPLSc",6658,7512926,500,"Extreme","3",3,TRUE,23.2699999999968
"2972","Y=~y2",0.516118063712094,0.115647753111631,0.5,"MC-OrdPLSc",6658,7512926,500,"Extreme","3",3,TRUE,23.2699999999968
"2973","Y=~y3",0.583104190691613,0.0925059594861424,0.5,"MC-OrdPLSc",6658,7512926,500,"Extreme","3",3,TRUE,23.2699999999968
"2974","Y~X",0.535552678736675,0.179577353651219,0.4,"MC-OrdPLSc",6658,7512926,500,"Extreme","3",3,TRUE,23.2699999999968
"2975","Y~Z",0.686570815157209,0.157255747115165,0.5,"MC-OrdPLSc",6658,7512926,500,"Extreme","3",3,TRUE,23.2699999999968
"2976","Y~X:Z",0.451208833865529,0.290246792914247,0.3,"MC-OrdPLSc",6658,7512926,500,"Extreme","3",3,TRUE,23.2699999999968
"2977","X~~Z",-0.0740110978636978,0.126526381850689,0.2,"MC-OrdPLSc",6658,7512926,500,"Extreme","3",3,TRUE,23.2699999999968
"2978","X=~x1",0.628710329017258,0.107115516787162,0.5,"PLSc",6658,7512926,500,"Extreme","3",3,FALSE,5.31000000002678
"2979","X=~x2",0.342845427491474,0.101793460558153,0.5,"PLSc",6658,7512926,500,"Extreme","3",3,FALSE,5.31000000002678
"2980","X=~x3",0.3571429355472,0.101001739018863,0.5,"PLSc",6658,7512926,500,"Extreme","3",3,FALSE,5.31000000002678
"2981","Z=~z1",0.44022176579398,0.0801016195267672,0.5,"PLSc",6658,7512926,500,"Extreme","3",3,FALSE,5.31000000002678
"2982","Z=~z2",0.202529035844106,0.0749740035476307,0.5,"PLSc",6658,7512926,500,"Extreme","3",3,FALSE,5.31000000002678
"2983","Z=~z3",0.339397895088681,0.0773950335711884,0.5,"PLSc",6658,7512926,500,"Extreme","3",3,FALSE,5.31000000002678
"2984","Y=~y1",0.511695048725059,0.0772625184223166,0.5,"PLSc",6658,7512926,500,"Extreme","3",3,FALSE,5.31000000002678
"2985","Y=~y2",0.268480564554661,0.0699186759243106,0.5,"PLSc",6658,7512926,500,"Extreme","3",3,FALSE,5.31000000002678
"2986","Y=~y3",0.37609220452999,0.0701248673116416,0.5,"PLSc",6658,7512926,500,"Extreme","3",3,FALSE,5.31000000002678
"2987","Y~X",0.375443580461946,2.12919359335838,0.4,"PLSc",6658,7512926,500,"Extreme","3",3,FALSE,5.31000000002678
"2988","Y~Z",0.956641003398567,6.58725748085915,0.5,"PLSc",6658,7512926,500,"Extreme","3",3,FALSE,5.31000000002678
"2989","Y~X:Z",-0.0753468915991598,7.68915562713793,0.3,"PLSc",6658,7512926,500,"Extreme","3",3,FALSE,5.31000000002678
"2990","X~~Z",0.274192254348723,0.145486203460857,0.2,"PLSc",6658,7512926,500,"Extreme","3",3,FALSE,5.31000000002678
"2991","X=~x1",0.82893849934552,0.0621666245580973,0.5,"PLS",6658,7512926,500,"Extreme","3",3,TRUE,2.55999999999767
"2992","X=~x2",0.586658892605489,0.103010527412668,0.5,"PLS",6658,7512926,500,"Extreme","3",3,TRUE,2.55999999999767
"2993","X=~x3",0.580392164734997,0.108150289238472,0.5,"PLS",6658,7512926,500,"Extreme","3",3,TRUE,2.55999999999767
"2994","Z=~z1",0.789185864709599,0.0629821743334713,0.5,"PLS",6658,7512926,500,"Extreme","3",3,TRUE,2.55999999999767
"2995","Z=~z2",0.414460458585882,0.122334902020503,0.5,"PLS",6658,7512926,500,"Extreme","3",3,TRUE,2.55999999999767
"2996","Z=~z3",0.638531523911726,0.0988721678905065,0.5,"PLS",6658,7512926,500,"Extreme","3",3,TRUE,2.55999999999767
"2997","Y=~y1",0.784705870266843,0.0588280261104824,0.5,"PLS",6658,7512926,500,"Extreme","3",3,TRUE,2.55999999999767
"2998","Y=~y2",0.518508990813385,0.0858216940976911,0.5,"PLS",6658,7512926,500,"Extreme","3",3,TRUE,2.55999999999767
"2999","Y=~y3",0.634753743189509,0.0812881609041979,0.5,"PLS",6658,7512926,500,"Extreme","3",3,TRUE,2.55999999999767
"3000","Y~X",0.22181141398034,0.0471061491740954,0.4,"PLS",6658,7512926,500,"Extreme","3",3,TRUE,2.55999999999767
"3001","Y~Z",0.311742555311116,0.0493428391117494,0.5,"PLS",6658,7512926,500,"Extreme","3",3,TRUE,2.55999999999767
"3002","Y~X:Z",0.0506886938179224,0.0525817674288025,0.3,"PLS",6658,7512926,500,"Extreme","3",3,TRUE,2.55999999999767
"3003","X~~Z",0.102011619641825,0.0474498720724047,0.2,"PLS",6658,7512926,500,"Extreme","3",3,TRUE,2.55999999999767
"3004","X=~x1",0.679,0.081,0.5,"Mplus",6658,7512926,500,"Extreme","3",3,FALSE,243.109999999986
"3005","X=~x2",0.486,0.085,0.5,"Mplus",6658,7512926,500,"Extreme","3",3,FALSE,243.109999999986
"3006","X=~x3",0.417,0.083,0.5,"Mplus",6658,7512926,500,"Extreme","3",3,FALSE,243.109999999986
"3007","Z=~z1",0.537,0.055,0.5,"Mplus",6658,7512926,500,"Extreme","3",3,FALSE,243.109999999986
"3008","Z=~z2",0.284,0.08,0.5,"Mplus",6658,7512926,500,"Extreme","3",3,FALSE,243.109999999986
"3009","Z=~z3",0.405,0.083,0.5,"Mplus",6658,7512926,500,"Extreme","3",3,FALSE,243.109999999986
"3010","Y=~y1",0.665,0.049,0.5,"Mplus",6658,7512926,500,"Extreme","3",3,FALSE,243.109999999986
"3011","Y=~y2",0.386,0.075,0.5,"Mplus",6658,7512926,500,"Extreme","3",3,FALSE,243.109999999986
"3012","Y=~y3",0.478,0.076,0.5,"Mplus",6658,7512926,500,"Extreme","3",3,FALSE,243.109999999986
"3013","Y~X",0.405,0.082,0.4,"Mplus",6658,7512926,500,"Extreme","3",3,FALSE,243.109999999986
"3014","Y~Z",0.796,0.051,0.5,"Mplus",6658,7512926,500,"Extreme","3",3,FALSE,243.109999999986
"3015","Y~X:Z",-0.1,0.031,0.3,"Mplus",6658,7512926,500,"Extreme","3",3,FALSE,243.109999999986
"3016","X~~Z",0.296,0.124,0.2,"Mplus",6658,7512926,500,"Extreme","3",3,FALSE,243.109999999986
"3017","X=~x1",0.797969136777533,0.0309369555326881,0.8,"MC-OrdPLSc",6659,2879567,1000,"Extreme","3",2,TRUE,20.5800000000017
"3018","X=~x2",0.819893210560935,0.0370047710602697,0.8,"MC-OrdPLSc",6659,2879567,1000,"Extreme","3",2,TRUE,20.5800000000017
"3019","X=~x3",0.766129570705218,0.0346173351156465,0.8,"MC-OrdPLSc",6659,2879567,1000,"Extreme","3",2,TRUE,20.5800000000017
"3020","Z=~z1",0.783653834429469,0.031554785840413,0.8,"MC-OrdPLSc",6659,2879567,1000,"Extreme","3",2,TRUE,20.5800000000017
"3021","Z=~z2",0.800038064103631,0.0311506867638358,0.8,"MC-OrdPLSc",6659,2879567,1000,"Extreme","3",2,TRUE,20.5800000000017
"3022","Z=~z3",0.72644110871345,0.0344942338802066,0.8,"MC-OrdPLSc",6659,2879567,1000,"Extreme","3",2,TRUE,20.5800000000017
"3023","Y=~y1",0.830131223577243,0.0253345948323549,0.8,"MC-OrdPLSc",6659,2879567,1000,"Extreme","3",2,TRUE,20.5800000000017
"3024","Y=~y2",0.823714694968057,0.0277879749179578,0.8,"MC-OrdPLSc",6659,2879567,1000,"Extreme","3",2,TRUE,20.5800000000017
"3025","Y=~y3",0.84959240655737,0.0281581286647544,0.8,"MC-OrdPLSc",6659,2879567,1000,"Extreme","3",2,TRUE,20.5800000000017
"3026","Y~X",0.441815827391183,0.0618911997396075,0.4,"MC-OrdPLSc",6659,2879567,1000,"Extreme","3",2,TRUE,20.5800000000017
"3027","Y~Z",0.553855446860355,0.0495200022882815,0.5,"MC-OrdPLSc",6659,2879567,1000,"Extreme","3",2,TRUE,20.5800000000017
"3028","Y~X:Z",0.131035013966366,0.119335120676389,0.3,"MC-OrdPLSc",6659,2879567,1000,"Extreme","3",2,TRUE,20.5800000000017
"3029","X~~Z",0.238056755851654,0.0519777488516553,0.2,"MC-OrdPLSc",6659,2879567,1000,"Extreme","3",2,TRUE,20.5800000000017
"3030","X=~x1",0.701339572966837,0.0419561198202956,0.8,"PLSc",6659,2879567,1000,"Extreme","3",2,TRUE,6.77999999999884
"3031","X=~x2",0.729871033793429,0.0418827462481087,0.8,"PLSc",6659,2879567,1000,"Extreme","3",2,TRUE,6.77999999999884
"3032","X=~x3",0.607163670056635,0.0476812263904166,0.8,"PLSc",6659,2879567,1000,"Extreme","3",2,TRUE,6.77999999999884
"3033","Z=~z1",0.748005306251976,0.0428757578478261,0.8,"PLSc",6659,2879567,1000,"Extreme","3",2,TRUE,6.77999999999884
"3034","Z=~z2",0.627624586168803,0.0466535285868122,0.8,"PLSc",6659,2879567,1000,"Extreme","3",2,TRUE,6.77999999999884
"3035","Z=~z3",0.733005386875749,0.0449078203878659,0.8,"PLSc",6659,2879567,1000,"Extreme","3",2,TRUE,6.77999999999884
"3036","Y=~y1",0.680916053974178,0.0340588968684388,0.8,"PLSc",6659,2879567,1000,"Extreme","3",2,TRUE,6.77999999999884
"3037","Y=~y2",0.721852564829765,0.0291425132999991,0.8,"PLSc",6659,2879567,1000,"Extreme","3",2,TRUE,6.77999999999884
"3038","Y=~y3",0.758018175954397,0.0311430257904509,0.8,"PLSc",6659,2879567,1000,"Extreme","3",2,TRUE,6.77999999999884
"3039","Y~X",0.466320176646912,0.0451145952857307,0.4,"PLSc",6659,2879567,1000,"Extreme","3",2,TRUE,6.77999999999884
"3040","Y~Z",0.427494450121238,0.0405903086768182,0.5,"PLSc",6659,2879567,1000,"Extreme","3",2,TRUE,6.77999999999884
"3041","Y~X:Z",0.102391186788975,0.041810425924075,0.3,"PLSc",6659,2879567,1000,"Extreme","3",2,TRUE,6.77999999999884
"3042","X~~Z",0.23477724376186,0.0441487130725806,0.2,"PLSc",6659,2879567,1000,"Extreme","3",2,TRUE,6.77999999999884
"3043","X=~x1",0.822069483796702,0.0170485421633922,0.8,"PLS",6659,2879567,1000,"Extreme","3",2,TRUE,1.85999999998603
"3044","X=~x2",0.819121452022428,0.0171882231976536,0.8,"PLS",6659,2879567,1000,"Extreme","3",2,TRUE,1.85999999998603
"3045","X=~x3",0.758349618348691,0.0254017322475163,0.8,"PLS",6659,2879567,1000,"Extreme","3",2,TRUE,1.85999999998603
"3046","Z=~z1",0.834993002435523,0.0161986546446864,0.8,"PLS",6659,2879567,1000,"Extreme","3",2,TRUE,1.85999999998603
"3047","Z=~z2",0.777461661006706,0.0233578954170513,0.8,"PLS",6659,2879567,1000,"Extreme","3",2,TRUE,1.85999999998603
"3048","Z=~z3",0.827807441115294,0.0176789565059249,0.8,"PLS",6659,2879567,1000,"Extreme","3",2,TRUE,1.85999999998603
"3049","Y=~y1",0.801859399330832,0.0191768506149668,0.8,"PLS",6659,2879567,1000,"Extreme","3",2,TRUE,1.85999999998603
"3050","Y=~y2",0.823624891600311,0.0155221378860382,0.8,"PLS",6659,2879567,1000,"Extreme","3",2,TRUE,1.85999999998603
"3051","Y=~y3",0.845718866458724,0.0137357804669877,0.8,"PLS",6659,2879567,1000,"Extreme","3",2,TRUE,1.85999999998603
"3052","Y~X",0.364875411940953,0.0325317326030957,0.4,"PLS",6659,2879567,1000,"Extreme","3",2,TRUE,1.85999999998603
"3053","Y~Z",0.346490514362407,0.0297450752835664,0.5,"PLS",6659,2879567,1000,"Extreme","3",2,TRUE,1.85999999998603
"3054","Y~X:Z",0.110035323227687,0.0251739246457028,0.3,"PLS",6659,2879567,1000,"Extreme","3",2,TRUE,1.85999999998603
"3055","X~~Z",0.173477794412712,0.0331064094362053,0.2,"PLS",6659,2879567,1000,"Extreme","3",2,TRUE,1.85999999998603
"3056","X=~x1",0.817,0.029,0.8,"Mplus",6659,2879567,1000,"Extreme","3",2,TRUE,272.860000000015
"3057","X=~x2",0.797,0.03,0.8,"Mplus",6659,2879567,1000,"Extreme","3",2,TRUE,272.860000000015
"3058","X=~x3",0.716,0.033,0.8,"Mplus",6659,2879567,1000,"Extreme","3",2,TRUE,272.860000000015
"3059","Z=~z1",0.829,0.028,0.8,"Mplus",6659,2879567,1000,"Extreme","3",2,TRUE,272.860000000015
"3060","Z=~z2",0.758,0.03,0.8,"Mplus",6659,2879567,1000,"Extreme","3",2,TRUE,272.860000000015
"3061","Z=~z3",0.827,0.028,0.8,"Mplus",6659,2879567,1000,"Extreme","3",2,TRUE,272.860000000015
"3062","Y=~y1",0.769,0.028,0.8,"Mplus",6659,2879567,1000,"Extreme","3",2,TRUE,272.860000000015
"3063","Y=~y2",0.803,0.027,0.8,"Mplus",6659,2879567,1000,"Extreme","3",2,TRUE,272.860000000015
"3064","Y=~y3",0.844,0.025,0.8,"Mplus",6659,2879567,1000,"Extreme","3",2,TRUE,272.860000000015
"3065","Y~X",0.484,0.047,0.4,"Mplus",6659,2879567,1000,"Extreme","3",2,TRUE,272.860000000015
"3066","Y~Z",0.47,0.047,0.5,"Mplus",6659,2879567,1000,"Extreme","3",2,TRUE,272.860000000015
"3067","Y~X:Z",0.182,0.07,0.3,"Mplus",6659,2879567,1000,"Extreme","3",2,TRUE,272.860000000015
"3068","X~~Z",0.299,0.048,0.2,"Mplus",6659,2879567,1000,"Extreme","3",2,TRUE,272.860000000015
"3069","X=~x1",0.581122530149337,0.0758757308265618,0.5,"MC-OrdPLSc",6660,5866272,1000,"Extreme","3",3,TRUE,23.8300000000017
"3070","X=~x2",0.500763237545431,0.0657740242213776,0.5,"MC-OrdPLSc",6660,5866272,1000,"Extreme","3",3,TRUE,23.8300000000017
"3071","X=~x3",0.44315663055891,0.0669455021284091,0.5,"MC-OrdPLSc",6660,5866272,1000,"Extreme","3",3,TRUE,23.8300000000017
"3072","Z=~z1",0.440608343740456,0.0719931002022262,0.5,"MC-OrdPLSc",6660,5866272,1000,"Extreme","3",3,TRUE,23.8300000000017
"3073","Z=~z2",0.392592850803006,0.0920294627158655,0.5,"MC-OrdPLSc",6660,5866272,1000,"Extreme","3",3,TRUE,23.8300000000017
"3074","Z=~z3",0.454046387814861,0.111770800716683,0.5,"MC-OrdPLSc",6660,5866272,1000,"Extreme","3",3,TRUE,23.8300000000017
"3075","Y=~y1",0.601984868324254,0.0562388614837077,0.5,"MC-OrdPLSc",6660,5866272,1000,"Extreme","3",3,TRUE,23.8300000000017
"3076","Y=~y2",0.483858225987593,0.0682715632578013,0.5,"MC-OrdPLSc",6660,5866272,1000,"Extreme","3",3,TRUE,23.8300000000017
"3077","Y=~y3",0.551798953942585,0.057162549378593,0.5,"MC-OrdPLSc",6660,5866272,1000,"Extreme","3",3,TRUE,23.8300000000017
"3078","Y~X",0.623805406581917,0.103921395700335,0.4,"MC-OrdPLSc",6660,5866272,1000,"Extreme","3",3,TRUE,23.8300000000017
"3079","Y~Z",0.485335691854646,0.123656495633866,0.5,"MC-OrdPLSc",6660,5866272,1000,"Extreme","3",3,TRUE,23.8300000000017
"3080","Y~X:Z",0.12170500686215,0.229313053603097,0.3,"MC-OrdPLSc",6660,5866272,1000,"Extreme","3",3,TRUE,23.8300000000017
"3081","X~~Z",0.201672567389294,0.126466504148654,0.2,"MC-OrdPLSc",6660,5866272,1000,"Extreme","3",3,TRUE,23.8300000000017
"3082","X=~x1",0.208224214235456,0.131950142213761,0.5,"PLSc",6660,5866272,1000,"Extreme","3",3,TRUE,7.5
"3083","X=~x2",0.399310952282385,0.120443215044284,0.5,"PLSc",6660,5866272,1000,"Extreme","3",3,TRUE,7.5
"3084","X=~x3",0.465118805608299,0.108596306908808,0.5,"PLSc",6660,5866272,1000,"Extreme","3",3,TRUE,7.5
"3085","Z=~z1",0.444802677613517,0.0810764974185366,0.5,"PLSc",6660,5866272,1000,"Extreme","3",3,TRUE,7.5
"3086","Z=~z2",0.487155895061045,0.0806923725766512,0.5,"PLSc",6660,5866272,1000,"Extreme","3",3,TRUE,7.5
"3087","Z=~z3",0.384078825065437,0.0747026982212864,0.5,"PLSc",6660,5866272,1000,"Extreme","3",3,TRUE,7.5
"3088","Y=~y1",0.4662211407582,0.0674643365161482,0.5,"PLSc",6660,5866272,1000,"Extreme","3",3,TRUE,7.5
"3089","Y=~y2",0.300886644848738,0.0669129591550366,0.5,"PLSc",6660,5866272,1000,"Extreme","3",3,TRUE,7.5
"3090","Y=~y3",0.390491103413041,0.0636992187861926,0.5,"PLSc",6660,5866272,1000,"Extreme","3",3,TRUE,7.5
"3091","Y~X",0.420654275616501,0.93502749197374,0.4,"PLSc",6660,5866272,1000,"Extreme","3",3,TRUE,7.5
"3092","Y~Z",0.560603795613312,0.559450991851157,0.5,"PLSc",6660,5866272,1000,"Extreme","3",3,TRUE,7.5
"3093","Y~X:Z",0.122152614350637,1.85632524213662,0.3,"PLSc",6660,5866272,1000,"Extreme","3",3,TRUE,7.5
"3094","X~~Z",0.0049904535590767,0.102936211286743,0.2,"PLSc",6660,5866272,1000,"Extreme","3",3,TRUE,7.5
"3095","X=~x1",0.458531995688405,0.170666870435647,0.5,"PLS",6660,5866272,1000,"Extreme","3",3,TRUE,2.49000000001979
"3096","X=~x2",0.706264615005434,0.129963995737485,0.5,"PLS",6660,5866272,1000,"Extreme","3",3,TRUE,2.49000000001979
"3097","X=~x3",0.739833961359784,0.123818572083654,0.5,"PLS",6660,5866272,1000,"Extreme","3",3,TRUE,2.49000000001979
"3098","Z=~z1",0.687664578182214,0.0718262620864611,0.5,"PLS",6660,5866272,1000,"Extreme","3",3,TRUE,2.49000000001979
"3099","Z=~z2",0.720603299982386,0.0699274453697636,0.5,"PLS",6660,5866272,1000,"Extreme","3",3,TRUE,2.49000000001979
"3100","Z=~z3",0.625621177743576,0.072968709512183,0.5,"PLS",6660,5866272,1000,"Extreme","3",3,TRUE,2.49000000001979
"3101","Y=~y1",0.753916307554931,0.0568098090005767,0.5,"PLS",6660,5866272,1000,"Extreme","3",3,TRUE,2.49000000001979
"3102","Y=~y2",0.539981533248698,0.0848432397472621,0.5,"PLS",6660,5866272,1000,"Extreme","3",3,TRUE,2.49000000001979
"3103","Y=~y3",0.656892495139153,0.0687856987368723,0.5,"PLS",6660,5866272,1000,"Extreme","3",3,TRUE,2.49000000001979
"3104","Y~X",0.143134552883085,0.0327833688051409,0.4,"PLS",6660,5866272,1000,"Extreme","3",3,TRUE,2.49000000001979
"3105","Y~Z",0.227596233800198,0.0338968541620543,0.5,"PLS",6660,5866272,1000,"Extreme","3",3,TRUE,2.49000000001979
"3106","Y~X:Z",0.0521897874946377,0.0366553910288376,0.3,"PLS",6660,5866272,1000,"Extreme","3",3,TRUE,2.49000000001979
"3107","X~~Z",0.00188252989556579,0.0338843627705817,0.2,"PLS",6660,5866272,1000,"Extreme","3",3,TRUE,2.49000000001979
"3108","X=~x1",0.442,0.072,0.5,"Mplus",6660,5866272,1000,"Extreme","3",3,TRUE,436.610000000015
"3109","X=~x2",0.665,0.103,0.5,"Mplus",6660,5866272,1000,"Extreme","3",3,TRUE,436.610000000015
"3110","X=~x3",0.29,0.07,0.5,"Mplus",6660,5866272,1000,"Extreme","3",3,TRUE,436.610000000015
"3111","Z=~z1",0.543,0.064,0.5,"Mplus",6660,5866272,1000,"Extreme","3",3,TRUE,436.610000000015
"3112","Z=~z2",0.542,0.064,0.5,"Mplus",6660,5866272,1000,"Extreme","3",3,TRUE,436.610000000015
"3113","Z=~z3",0.483,0.062,0.5,"Mplus",6660,5866272,1000,"Extreme","3",3,TRUE,436.610000000015
"3114","Y=~y1",0.54,0.071,0.5,"Mplus",6660,5866272,1000,"Extreme","3",3,TRUE,436.610000000015
"3115","Y=~y2",0.366,0.058,0.5,"Mplus",6660,5866272,1000,"Extreme","3",3,TRUE,436.610000000015
"3116","Y=~y3",0.426,0.061,0.5,"Mplus",6660,5866272,1000,"Extreme","3",3,TRUE,436.610000000015
"3117","Y~X",0.344,0.105,0.4,"Mplus",6660,5866272,1000,"Extreme","3",3,TRUE,436.610000000015
"3118","Y~Z",0.579,0.096,0.5,"Mplus",6660,5866272,1000,"Extreme","3",3,TRUE,436.610000000015
"3119","Y~X:Z",0.218,0.151,0.3,"Mplus",6660,5866272,1000,"Extreme","3",3,TRUE,436.610000000015
"3120","X~~Z",-0.029,0.087,0.2,"Mplus",6660,5866272,1000,"Extreme","3",3,TRUE,436.610000000015
"3121","X=~x1",0.662637449509506,0.0808583597500784,0.8,"MC-OrdPLSc",6661,7467289,200,"Extreme","5",2,TRUE,19.4700000000012
"3122","X=~x2",0.83067993742112,0.0625670511316024,0.8,"MC-OrdPLSc",6661,7467289,200,"Extreme","5",2,TRUE,19.4700000000012
"3123","X=~x3",0.883391831517126,0.0610546830243648,0.8,"MC-OrdPLSc",6661,7467289,200,"Extreme","5",2,TRUE,19.4700000000012
"3124","Z=~z1",0.73520101468233,0.0609450955183252,0.8,"MC-OrdPLSc",6661,7467289,200,"Extreme","5",2,TRUE,19.4700000000012
"3125","Z=~z2",0.86729324317759,0.0432650842802636,0.8,"MC-OrdPLSc",6661,7467289,200,"Extreme","5",2,TRUE,19.4700000000012
"3126","Z=~z3",0.832971774829785,0.0465525686500487,0.8,"MC-OrdPLSc",6661,7467289,200,"Extreme","5",2,TRUE,19.4700000000012
"3127","Y=~y1",0.784610580359731,0.0544412306281038,0.8,"MC-OrdPLSc",6661,7467289,200,"Extreme","5",2,TRUE,19.4700000000012
"3128","Y=~y2",0.81251784408961,0.0470493129128028,0.8,"MC-OrdPLSc",6661,7467289,200,"Extreme","5",2,TRUE,19.4700000000012
"3129","Y=~y3",0.777246018309416,0.0575308134620047,0.8,"MC-OrdPLSc",6661,7467289,200,"Extreme","5",2,TRUE,19.4700000000012
"3130","Y~X",0.458375353601922,0.105100236472553,0.4,"MC-OrdPLSc",6661,7467289,200,"Extreme","5",2,TRUE,19.4700000000012
"3131","Y~Z",0.527985391137456,0.0831185476118732,0.5,"MC-OrdPLSc",6661,7467289,200,"Extreme","5",2,TRUE,19.4700000000012
"3132","Y~X:Z",0.168378105652824,0.154095487993879,0.3,"MC-OrdPLSc",6661,7467289,200,"Extreme","5",2,TRUE,19.4700000000012
"3133","X~~Z",0.0848676762208922,0.0988875969219099,0.2,"MC-OrdPLSc",6661,7467289,200,"Extreme","5",2,TRUE,19.4700000000012
"3134","X=~x1",0.704740905147883,0.124134515777586,0.8,"PLSc",6661,7467289,200,"Extreme","5",2,TRUE,3.12000000002445
"3135","X=~x2",0.653531598600318,0.118742120799192,0.8,"PLSc",6661,7467289,200,"Extreme","5",2,TRUE,3.12000000002445
"3136","X=~x3",0.792332233859545,0.112986805831928,0.8,"PLSc",6661,7467289,200,"Extreme","5",2,TRUE,3.12000000002445
"3137","Z=~z1",0.796249509941805,0.0690661195455998,0.8,"PLSc",6661,7467289,200,"Extreme","5",2,TRUE,3.12000000002445
"3138","Z=~z2",0.761639771268949,0.0752327030580664,0.8,"PLSc",6661,7467289,200,"Extreme","5",2,TRUE,3.12000000002445
"3139","Z=~z3",0.702322760296892,0.0754467223482444,0.8,"PLSc",6661,7467289,200,"Extreme","5",2,TRUE,3.12000000002445
"3140","Y=~y1",0.677317439167394,0.0677408038223881,0.8,"PLSc",6661,7467289,200,"Extreme","5",2,TRUE,3.12000000002445
"3141","Y=~y2",0.750900888938211,0.069244173897062,0.8,"PLSc",6661,7467289,200,"Extreme","5",2,TRUE,3.12000000002445
"3142","Y=~y3",0.823159023363347,0.0658179701652471,0.8,"PLSc",6661,7467289,200,"Extreme","5",2,TRUE,3.12000000002445
"3143","Y~X",0.304025113618898,0.0794566407933018,0.4,"PLSc",6661,7467289,200,"Extreme","5",2,TRUE,3.12000000002445
"3144","Y~Z",0.583484855957273,0.0869585114029496,0.5,"PLSc",6661,7467289,200,"Extreme","5",2,TRUE,3.12000000002445
"3145","Y~X:Z",0.250552506832646,0.135115844355583,0.3,"PLSc",6661,7467289,200,"Extreme","5",2,TRUE,3.12000000002445
"3146","X~~Z",0.169515035654791,0.0892312315210786,0.2,"PLSc",6661,7467289,200,"Extreme","5",2,TRUE,3.12000000002445
"3147","X=~x1",0.821302356544942,0.050123772006496,0.8,"PLS",6661,7467289,200,"Extreme","5",2,TRUE,1.85999999998603
"3148","X=~x2",0.784617994201945,0.0466962517867017,0.8,"PLS",6661,7467289,200,"Extreme","5",2,TRUE,1.85999999998603
"3149","X=~x3",0.857219213340036,0.03533619280296,0.8,"PLS",6661,7467289,200,"Extreme","5",2,TRUE,1.85999999998603
"3150","Z=~z1",0.866155053869621,0.0227371111971458,0.8,"PLS",6661,7467289,200,"Extreme","5",2,TRUE,1.85999999998603
"3151","Z=~z2",0.838802221150838,0.0298934349300406,0.8,"PLS",6661,7467289,200,"Extreme","5",2,TRUE,1.85999999998603
"3152","Z=~z3",0.825140895544659,0.0316934091936517,0.8,"PLS",6661,7467289,200,"Extreme","5",2,TRUE,1.85999999998603
"3153","Y=~y1",0.832105716082605,0.0320422017939885,0.8,"PLS",6661,7467289,200,"Extreme","5",2,TRUE,1.85999999998603
"3154","Y=~y2",0.848027233982425,0.0298195883567092,0.8,"PLS",6661,7467289,200,"Extreme","5",2,TRUE,1.85999999998603
"3155","Y=~y3",0.847795252448887,0.02762797780369,0.8,"PLS",6661,7467289,200,"Extreme","5",2,TRUE,1.85999999998603
"3156","Y~X",0.270144462349654,0.0567935982038535,0.4,"PLS",6661,7467289,200,"Extreme","5",2,TRUE,1.85999999998603
"3157","Y~Z",0.473754699396432,0.054620732075736,0.5,"PLS",6661,7467289,200,"Extreme","5",2,TRUE,1.85999999998603
"3158","Y~X:Z",0.182874031082253,0.0597981927347778,0.3,"PLS",6661,7467289,200,"Extreme","5",2,TRUE,1.85999999998603
"3159","X~~Z",0.132906360627486,0.0715127752881613,0.2,"PLS",6661,7467289,200,"Extreme","5",2,TRUE,1.85999999998603
"3160","X=~x1",0.779,0.056,0.8,"Mplus",6661,7467289,200,"Extreme","5",2,TRUE,119.220000000001
"3161","X=~x2",0.717,0.059,0.8,"Mplus",6661,7467289,200,"Extreme","5",2,TRUE,119.220000000001
"3162","X=~x3",0.834,0.053,0.8,"Mplus",6661,7467289,200,"Extreme","5",2,TRUE,119.220000000001
"3163","Z=~z1",0.856,0.043,0.8,"Mplus",6661,7467289,200,"Extreme","5",2,TRUE,119.220000000001
"3164","Z=~z2",0.79,0.05,0.8,"Mplus",6661,7467289,200,"Extreme","5",2,TRUE,119.220000000001
"3165","Z=~z3",0.76,0.051,0.8,"Mplus",6661,7467289,200,"Extreme","5",2,TRUE,119.220000000001
"3166","Y=~y1",0.77,0.052,0.8,"Mplus",6661,7467289,200,"Extreme","5",2,TRUE,119.220000000001
"3167","Y=~y2",0.792,0.05,0.8,"Mplus",6661,7467289,200,"Extreme","5",2,TRUE,119.220000000001
"3168","Y=~y3",0.826,0.046,0.8,"Mplus",6661,7467289,200,"Extreme","5",2,TRUE,119.220000000001
"3169","Y~X",0.298,0.085,0.4,"Mplus",6661,7467289,200,"Extreme","5",2,TRUE,119.220000000001
"3170","Y~Z",0.629,0.068,0.5,"Mplus",6661,7467289,200,"Extreme","5",2,TRUE,119.220000000001
"3171","Y~X:Z",0.259,0.104,0.3,"Mplus",6661,7467289,200,"Extreme","5",2,TRUE,119.220000000001
"3172","X~~Z",0.166,0.094,0.2,"Mplus",6661,7467289,200,"Extreme","5",2,TRUE,119.220000000001
"3173","X=~x1",0.409650880161733,0.275618984376165,0.5,"MC-OrdPLSc",6662,4725762,200,"Extreme","5",3,TRUE,23.8700000000026
"3174","X=~x2",0.484803372451756,0.310108208112826,0.5,"MC-OrdPLSc",6662,4725762,200,"Extreme","5",3,TRUE,23.8700000000026
"3175","X=~x3",0.529396797933002,0.420460563844134,0.5,"MC-OrdPLSc",6662,4725762,200,"Extreme","5",3,TRUE,23.8700000000026
"3176","Z=~z1",0.561817386414019,0.485331576045705,0.5,"MC-OrdPLSc",6662,4725762,200,"Extreme","5",3,TRUE,23.8700000000026
"3177","Z=~z2",0.715001958273852,0.712868206619274,0.5,"MC-OrdPLSc",6662,4725762,200,"Extreme","5",3,TRUE,23.8700000000026
"3178","Z=~z3",0.322899577984071,0.374155879654894,0.5,"MC-OrdPLSc",6662,4725762,200,"Extreme","5",3,TRUE,23.8700000000026
"3179","Y=~y1",0.65235500308732,0.297827606313182,0.5,"MC-OrdPLSc",6662,4725762,200,"Extreme","5",3,TRUE,23.8700000000026
"3180","Y=~y2",0.626290684380657,0.196487966836582,0.5,"MC-OrdPLSc",6662,4725762,200,"Extreme","5",3,TRUE,23.8700000000026
"3181","Y=~y3",0.63132320947878,0.188699928793474,0.5,"MC-OrdPLSc",6662,4725762,200,"Extreme","5",3,TRUE,23.8700000000026
"3182","Y~X",0.51452829803577,0.273163985641035,0.4,"MC-OrdPLSc",6662,4725762,200,"Extreme","5",3,TRUE,23.8700000000026
"3183","Y~Z",0.36634957899297,0.260890061030701,0.5,"MC-OrdPLSc",6662,4725762,200,"Extreme","5",3,TRUE,23.8700000000026
"3184","Y~X:Z",0.0436156168089476,0.293664836211673,0.3,"MC-OrdPLSc",6662,4725762,200,"Extreme","5",3,TRUE,23.8700000000026
"3185","X~~Z",-0.046599186047868,0.15427921514854,0.2,"MC-OrdPLSc",6662,4725762,200,"Extreme","5",3,TRUE,23.8700000000026
"3186","X=~x1",0.196382883205191,0.316382691827576,0.5,"PLSc",6662,4725762,200,"Extreme","5",3,TRUE,5.79999999998836
"3187","X=~x2",0.352768321458222,0.229421305784961,0.5,"PLSc",6662,4725762,200,"Extreme","5",3,TRUE,5.79999999998836
"3188","X=~x3",0.622910846834996,0.254137599879022,0.5,"PLSc",6662,4725762,200,"Extreme","5",3,TRUE,5.79999999998836
"3189","Z=~z1",0.5221846445467,0.216502049187136,0.5,"PLSc",6662,4725762,200,"Extreme","5",3,TRUE,5.79999999998836
"3190","Z=~z2",0.400227084850188,0.2073164615224,0.5,"PLSc",6662,4725762,200,"Extreme","5",3,TRUE,5.79999999998836
"3191","Z=~z3",0.288681411858055,0.313668267395598,0.5,"PLSc",6662,4725762,200,"Extreme","5",3,TRUE,5.79999999998836
"3192","Y=~y1",0.480797915179146,0.25054702488555,0.5,"PLSc",6662,4725762,200,"Extreme","5",3,TRUE,5.79999999998836
"3193","Y=~y2",0.298244260955709,0.187015120317235,0.5,"PLSc",6662,4725762,200,"Extreme","5",3,TRUE,5.79999999998836
"3194","Y=~y3",0.404341834419824,0.224622902144541,0.5,"PLSc",6662,4725762,200,"Extreme","5",3,TRUE,5.79999999998836
"3195","Y~X",0.354572825487603,8.52411834919519,0.4,"PLSc",6662,4725762,200,"Extreme","5",3,TRUE,5.79999999998836
"3196","Y~Z",0.481859305095882,87.288357235654,0.5,"PLSc",6662,4725762,200,"Extreme","5",3,TRUE,5.79999999998836
"3197","Y~X:Z",0.230522220142268,24.6604600670375,0.3,"PLSc",6662,4725762,200,"Extreme","5",3,TRUE,5.79999999998836
"3198","X~~Z",-0.00776924612350627,0.446762158620483,0.2,"PLSc",6662,4725762,200,"Extreme","5",3,TRUE,5.79999999998836
"3199","X=~x1",0.345428688630482,0.424190428571075,0.5,"PLS",6662,4725762,200,"Extreme","5",3,TRUE,4.75
"3200","X=~x2",0.634615886539732,0.281987185464897,0.5,"PLS",6662,4725762,200,"Extreme","5",3,TRUE,4.75
"3201","X=~x3",0.862443190600125,0.247132245622688,0.5,"PLS",6662,4725762,200,"Extreme","5",3,TRUE,4.75
"3202","Z=~z1",0.773100139977768,0.227933177362469,0.5,"PLS",6662,4725762,200,"Extreme","5",3,TRUE,4.75
"3203","Z=~z2",0.640192966964256,0.246629180520219,0.5,"PLS",6662,4725762,200,"Extreme","5",3,TRUE,4.75
"3204","Z=~z3",0.561465155264364,0.3644540412249,0.5,"PLS",6662,4725762,200,"Extreme","5",3,TRUE,4.75
"3205","Y=~y1",0.756554617958344,0.255463355436329,0.5,"PLS",6662,4725762,200,"Extreme","5",3,TRUE,4.75
"3206","Y=~y2",0.585615594203815,0.229341253896701,0.5,"PLS",6662,4725762,200,"Extreme","5",3,TRUE,4.75
"3207","Y=~y3",0.630517974737756,0.277409178492252,0.5,"PLS",6662,4725762,200,"Extreme","5",3,TRUE,4.75
"3208","Y~X",0.170972103297945,0.0715545482573691,0.4,"PLS",6662,4725762,200,"Extreme","5",3,TRUE,4.75
"3209","Y~Z",0.194374277360273,0.0682642819264753,0.5,"PLS",6662,4725762,200,"Extreme","5",3,TRUE,4.75
"3210","Y~X:Z",0.160925240417356,0.0846982462668062,0.3,"PLS",6662,4725762,200,"Extreme","5",3,TRUE,4.75
"3211","X~~Z",-0.00324318733044771,0.0848804007976133,0.2,"PLS",6662,4725762,200,"Extreme","5",3,TRUE,4.75
"3212","X=~x1",0.248,0.137,0.5,"Mplus",6662,4725762,200,"Extreme","5",3,TRUE,132.25
"3213","X=~x2",0.435,0.148,0.5,"Mplus",6662,4725762,200,"Extreme","5",3,TRUE,132.25
"3214","X=~x3",0.652,0.202,0.5,"Mplus",6662,4725762,200,"Extreme","5",3,TRUE,132.25
"3215","Z=~z1",0.444,0.126,0.5,"Mplus",6662,4725762,200,"Extreme","5",3,TRUE,132.25
"3216","Z=~z2",0.398,0.116,0.5,"Mplus",6662,4725762,200,"Extreme","5",3,TRUE,132.25
"3217","Z=~z3",0.458,0.141,0.5,"Mplus",6662,4725762,200,"Extreme","5",3,TRUE,132.25
"3218","Y=~y1",0.499,0.12,0.5,"Mplus",6662,4725762,200,"Extreme","5",3,TRUE,132.25
"3219","Y=~y2",0.379,0.122,0.5,"Mplus",6662,4725762,200,"Extreme","5",3,TRUE,132.25
"3220","Y=~y3",0.404,0.112,0.5,"Mplus",6662,4725762,200,"Extreme","5",3,TRUE,132.25
"3221","Y~X",0.497,0.21,0.4,"Mplus",6662,4725762,200,"Extreme","5",3,TRUE,132.25
"3222","Y~Z",0.681,0.213,0.5,"Mplus",6662,4725762,200,"Extreme","5",3,TRUE,132.25
"3223","Y~X:Z",0.481,0.226,0.3,"Mplus",6662,4725762,200,"Extreme","5",3,TRUE,132.25
"3224","X~~Z",-0.129,0.173,0.2,"Mplus",6662,4725762,200,"Extreme","5",3,TRUE,132.25
"3225","X=~x1",0.817458341500145,0.0321620474939727,0.8,"MC-OrdPLSc",6663,9515356,500,"Extreme","5",2,TRUE,22.2200000000012
"3226","X=~x2",0.797361468892909,0.0367928259463909,0.8,"MC-OrdPLSc",6663,9515356,500,"Extreme","5",2,TRUE,22.2200000000012
"3227","X=~x3",0.747764933318989,0.0436975147013991,0.8,"MC-OrdPLSc",6663,9515356,500,"Extreme","5",2,TRUE,22.2200000000012
"3228","Z=~z1",0.792657126590303,0.0333784749656409,0.8,"MC-OrdPLSc",6663,9515356,500,"Extreme","5",2,TRUE,22.2200000000012
"3229","Z=~z2",0.812516357801594,0.029091231372804,0.8,"MC-OrdPLSc",6663,9515356,500,"Extreme","5",2,TRUE,22.2200000000012
"3230","Z=~z3",0.816388213495949,0.0364201298968361,0.8,"MC-OrdPLSc",6663,9515356,500,"Extreme","5",2,TRUE,22.2200000000012
"3231","Y=~y1",0.805117905378937,0.0325197296262886,0.8,"MC-OrdPLSc",6663,9515356,500,"Extreme","5",2,TRUE,22.2200000000012
"3232","Y=~y2",0.788809990246506,0.0330228546614921,0.8,"MC-OrdPLSc",6663,9515356,500,"Extreme","5",2,TRUE,22.2200000000012
"3233","Y=~y3",0.806416834784894,0.0281078987223641,0.8,"MC-OrdPLSc",6663,9515356,500,"Extreme","5",2,TRUE,22.2200000000012
"3234","Y~X",0.452836425235336,0.0590966266332889,0.4,"MC-OrdPLSc",6663,9515356,500,"Extreme","5",2,TRUE,22.2200000000012
"3235","Y~Z",0.543448229441675,0.0629312113698376,0.5,"MC-OrdPLSc",6663,9515356,500,"Extreme","5",2,TRUE,22.2200000000012
"3236","Y~X:Z",0.357564025142935,0.108448617897515,0.3,"MC-OrdPLSc",6663,9515356,500,"Extreme","5",2,TRUE,22.2200000000012
"3237","X~~Z",0.0769335702248035,0.0649259411568767,0.2,"MC-OrdPLSc",6663,9515356,500,"Extreme","5",2,TRUE,22.2200000000012
"3238","X=~x1",0.752796336086225,0.0735157696314434,0.8,"PLSc",6663,9515356,500,"Extreme","5",2,TRUE,4.54000000000815
"3239","X=~x2",0.732806784429182,0.0714005859923231,0.8,"PLSc",6663,9515356,500,"Extreme","5",2,TRUE,4.54000000000815
"3240","X=~x3",0.771992281516472,0.0782655809296317,0.8,"PLSc",6663,9515356,500,"Extreme","5",2,TRUE,4.54000000000815
"3241","Z=~z1",0.71405280569661,0.0537690809584056,0.8,"PLSc",6663,9515356,500,"Extreme","5",2,TRUE,4.54000000000815
"3242","Z=~z2",0.664570616609323,0.0573695111136376,0.8,"PLSc",6663,9515356,500,"Extreme","5",2,TRUE,4.54000000000815
"3243","Z=~z3",0.774087876388444,0.0452388239418107,0.8,"PLSc",6663,9515356,500,"Extreme","5",2,TRUE,4.54000000000815
"3244","Y=~y1",0.787451951676586,0.0395783934540557,0.8,"PLSc",6663,9515356,500,"Extreme","5",2,TRUE,4.54000000000815
"3245","Y=~y2",0.755826264601313,0.0360041406755368,0.8,"PLSc",6663,9515356,500,"Extreme","5",2,TRUE,4.54000000000815
"3246","Y=~y3",0.793385722096829,0.0377925262781627,0.8,"PLSc",6663,9515356,500,"Extreme","5",2,TRUE,4.54000000000815
"3247","Y~X",0.380473261391859,0.0509293620280848,0.4,"PLSc",6663,9515356,500,"Extreme","5",2,TRUE,4.54000000000815
"3248","Y~Z",0.559141077115607,0.051143811972106,0.5,"PLSc",6663,9515356,500,"Extreme","5",2,TRUE,4.54000000000815
"3249","Y~X:Z",0.393960438301403,0.0760220722087764,0.3,"PLSc",6663,9515356,500,"Extreme","5",2,TRUE,4.54000000000815
"3250","X~~Z",0.0790323503346862,0.0564355952366921,0.2,"PLSc",6663,9515356,500,"Extreme","5",2,TRUE,4.54000000000815
"3251","X=~x1",0.841179299050255,0.0237513189255324,0.8,"PLS",6663,9515356,500,"Extreme","5",2,TRUE,1.73000000001048
"3252","X=~x2",0.840627933062309,0.0232969481313855,0.8,"PLS",6663,9515356,500,"Extreme","5",2,TRUE,1.73000000001048
"3253","X=~x3",0.847671032191672,0.0248754159094711,0.8,"PLS",6663,9515356,500,"Extreme","5",2,TRUE,1.73000000001048
"3254","Z=~z1",0.806961632193266,0.0228221250969248,0.8,"PLS",6663,9515356,500,"Extreme","5",2,TRUE,1.73000000001048
"3255","Z=~z2",0.818776116840019,0.0241972640665902,0.8,"PLS",6663,9515356,500,"Extreme","5",2,TRUE,1.73000000001048
"3256","Z=~z3",0.842363863744961,0.0170927219591724,0.8,"PLS",6663,9515356,500,"Extreme","5",2,TRUE,1.73000000001048
"3257","Y=~y1",0.849328148114539,0.0180462962316431,0.8,"PLS",6663,9515356,500,"Extreme","5",2,TRUE,1.73000000001048
"3258","Y=~y2",0.860282628153922,0.0152248166144152,0.8,"PLS",6663,9515356,500,"Extreme","5",2,TRUE,1.73000000001048
"3259","Y=~y3",0.867464956945246,0.0147897084372786,0.8,"PLS",6663,9515356,500,"Extreme","5",2,TRUE,1.73000000001048
"3260","Y~X",0.317349610447381,0.0349930621402032,0.4,"PLS",6663,9515356,500,"Extreme","5",2,TRUE,1.73000000001048
"3261","Y~Z",0.454407295064541,0.0372995936380269,0.5,"PLS",6663,9515356,500,"Extreme","5",2,TRUE,1.73000000001048
"3262","Y~X:Z",0.282090983652884,0.0360507399715136,0.3,"PLS",6663,9515356,500,"Extreme","5",2,TRUE,1.73000000001048
"3263","X~~Z",0.0617388821930067,0.0443904853370555,0.2,"PLS",6663,9515356,500,"Extreme","5",2,TRUE,1.73000000001048
"3264","X=~x1",0.791,0.032,0.8,"Mplus",6663,9515356,500,"Extreme","5",2,TRUE,218.609999999986
"3265","X=~x2",0.799,0.031,0.8,"Mplus",6663,9515356,500,"Extreme","5",2,TRUE,218.609999999986
"3266","X=~x3",0.814,0.031,0.8,"Mplus",6663,9515356,500,"Extreme","5",2,TRUE,218.609999999986
"3267","Z=~z1",0.745,0.036,0.8,"Mplus",6663,9515356,500,"Extreme","5",2,TRUE,218.609999999986
"3268","Z=~z2",0.777,0.034,0.8,"Mplus",6663,9515356,500,"Extreme","5",2,TRUE,218.609999999986
"3269","Z=~z3",0.779,0.034,0.8,"Mplus",6663,9515356,500,"Extreme","5",2,TRUE,218.609999999986
"3270","Y=~y1",0.793,0.031,0.8,"Mplus",6663,9515356,500,"Extreme","5",2,TRUE,218.609999999986
"3271","Y=~y2",0.814,0.029,0.8,"Mplus",6663,9515356,500,"Extreme","5",2,TRUE,218.609999999986
"3272","Y=~y3",0.834,0.028,0.8,"Mplus",6663,9515356,500,"Extreme","5",2,TRUE,218.609999999986
"3273","Y~X",0.377,0.054,0.4,"Mplus",6663,9515356,500,"Extreme","5",2,TRUE,218.609999999986
"3274","Y~Z",0.551,0.048,0.5,"Mplus",6663,9515356,500,"Extreme","5",2,TRUE,218.609999999986
"3275","Y~X:Z",0.452,0.058,0.3,"Mplus",6663,9515356,500,"Extreme","5",2,TRUE,218.609999999986
"3276","X~~Z",0.088,0.06,0.2,"Mplus",6663,9515356,500,"Extreme","5",2,TRUE,218.609999999986
"3277","X=~x1",0.506538131134814,0.0990231848516811,0.5,"MC-OrdPLSc",6664,3547288,500,"Extreme","5",3,TRUE,27.5299999999988
"3278","X=~x2",0.696386506478468,0.107395846728651,0.5,"MC-OrdPLSc",6664,3547288,500,"Extreme","5",3,TRUE,27.5299999999988
"3279","X=~x3",0.449252063271888,0.0943186706400669,0.5,"MC-OrdPLSc",6664,3547288,500,"Extreme","5",3,TRUE,27.5299999999988
"3280","Z=~z1",0.408175861002516,0.0747228737448215,0.5,"MC-OrdPLSc",6664,3547288,500,"Extreme","5",3,TRUE,27.5299999999988
"3281","Z=~z2",0.558976703783399,0.0680802994169263,0.5,"MC-OrdPLSc",6664,3547288,500,"Extreme","5",3,TRUE,27.5299999999988
"3282","Z=~z3",0.535607894655889,0.0679764457296362,0.5,"MC-OrdPLSc",6664,3547288,500,"Extreme","5",3,TRUE,27.5299999999988
"3283","Y=~y1",0.566581946999239,0.0764357905457957,0.5,"MC-OrdPLSc",6664,3547288,500,"Extreme","5",3,TRUE,27.5299999999988
"3284","Y=~y2",0.505538176124305,0.0643921682725923,0.5,"MC-OrdPLSc",6664,3547288,500,"Extreme","5",3,TRUE,27.5299999999988
"3285","Y=~y3",0.437542246500393,0.0629027494966766,0.5,"MC-OrdPLSc",6664,3547288,500,"Extreme","5",3,TRUE,27.5299999999988
"3286","Y~X",0.390745120753029,0.12131694439136,0.4,"MC-OrdPLSc",6664,3547288,500,"Extreme","5",3,TRUE,27.5299999999988
"3287","Y~Z",0.772793768302615,0.0975989804420061,0.5,"MC-OrdPLSc",6664,3547288,500,"Extreme","5",3,TRUE,27.5299999999988
"3288","Y~X:Z",0.184637527820323,0.192176524883779,0.3,"MC-OrdPLSc",6664,3547288,500,"Extreme","5",3,TRUE,27.5299999999988
"3289","X~~Z",0.165663748426154,0.0997455971811111,0.2,"MC-OrdPLSc",6664,3547288,500,"Extreme","5",3,TRUE,27.5299999999988
"3290","X=~x1",0.0768015153552538,0.161420741615032,0.5,"PLSc",6664,3547288,500,"Extreme","5",3,TRUE,4.92000000001281
"3291","X=~x2",0.436383859756373,0.131890244657454,0.5,"PLSc",6664,3547288,500,"Extreme","5",3,TRUE,4.92000000001281
"3292","X=~x3",0.622929417283144,0.174827240674009,0.5,"PLSc",6664,3547288,500,"Extreme","5",3,TRUE,4.92000000001281
"3293","Z=~z1",0.475338466533671,0.0783742321636636,0.5,"PLSc",6664,3547288,500,"Extreme","5",3,TRUE,4.92000000001281
"3294","Z=~z2",0.502110306696707,0.0892648565218841,0.5,"PLSc",6664,3547288,500,"Extreme","5",3,TRUE,4.92000000001281
"3295","Z=~z3",0.285709985830791,0.0990960215696347,0.5,"PLSc",6664,3547288,500,"Extreme","5",3,TRUE,4.92000000001281
"3296","Y=~y1",0.364164292443537,0.084153037520248,0.5,"PLSc",6664,3547288,500,"Extreme","5",3,TRUE,4.92000000001281
"3297","Y=~y2",0.530014591539114,0.0848229722503431,0.5,"PLSc",6664,3547288,500,"Extreme","5",3,TRUE,4.92000000001281
"3298","Y=~y3",0.502585961034454,0.0819225296489858,0.5,"PLSc",6664,3547288,500,"Extreme","5",3,TRUE,4.92000000001281
"3299","Y~X",0.311856283370351,14.258666254951,0.4,"PLSc",6664,3547288,500,"Extreme","5",3,TRUE,4.92000000001281
"3300","Y~Z",0.61386160372195,6.62359457302056,0.5,"PLSc",6664,3547288,500,"Extreme","5",3,TRUE,4.92000000001281
"3301","Y~X:Z",0.0508604776596446,21.1497629807636,0.3,"PLSc",6664,3547288,500,"Extreme","5",3,TRUE,4.92000000001281
"3302","X~~Z",0.137896155237625,0.138675703920635,0.2,"PLSc",6664,3547288,500,"Extreme","5",3,TRUE,4.92000000001281
"3303","X=~x1",0.337330651823756,0.190218805168329,0.5,"PLS",6664,3547288,500,"Extreme","5",3,TRUE,2.48000000001048
"3304","X=~x2",0.687198050948634,0.126521471389019,0.5,"PLS",6664,3547288,500,"Extreme","5",3,TRUE,2.48000000001048
"3305","X=~x3",0.857003182046675,0.0830554088560755,0.5,"PLS",6664,3547288,500,"Extreme","5",3,TRUE,2.48000000001048
"3306","Z=~z1",0.709610776239576,0.0754537643222229,0.5,"PLS",6664,3547288,500,"Extreme","5",3,TRUE,2.48000000001048
"3307","Z=~z2",0.749531367758604,0.0715987453525701,0.5,"PLS",6664,3547288,500,"Extreme","5",3,TRUE,2.48000000001048
"3308","Z=~z3",0.536683344346415,0.106653737275165,0.5,"PLS",6664,3547288,500,"Extreme","5",3,TRUE,2.48000000001048
"3309","Y=~y1",0.603804103170242,0.0788607297106714,0.5,"PLS",6664,3547288,500,"Extreme","5",3,TRUE,2.48000000001048
"3310","Y=~y2",0.729186222275868,0.0703384705973292,0.5,"PLS",6664,3547288,500,"Extreme","5",3,TRUE,2.48000000001048
"3311","Y=~y3",0.73237379071902,0.0623511796479349,0.5,"PLS",6664,3547288,500,"Extreme","5",3,TRUE,2.48000000001048
"3312","Y~X",0.167793444470309,0.0433034954007903,0.4,"PLS",6664,3547288,500,"Extreme","5",3,TRUE,2.48000000001048
"3313","Y~Z",0.28148190941458,0.0438670475201056,0.5,"PLS",6664,3547288,500,"Extreme","5",3,TRUE,2.48000000001048
"3314","Y~X:Z",0.0333843299402286,0.0433496587029149,0.3,"PLS",6664,3547288,500,"Extreme","5",3,TRUE,2.48000000001048
"3315","X~~Z",0.0605143164382681,0.0531641693312452,0.2,"PLS",6664,3547288,500,"Extreme","5",3,TRUE,2.48000000001048
"3316","X=~x1",0.39,0.078,0.5,"Mplus",6664,3547288,500,"Extreme","5",3,TRUE,286.779999999999
"3317","X=~x2",0.463,0.093,0.5,"Mplus",6664,3547288,500,"Extreme","5",3,TRUE,286.779999999999
"3318","X=~x3",0.577,0.107,0.5,"Mplus",6664,3547288,500,"Extreme","5",3,TRUE,286.779999999999
"3319","Z=~z1",0.422,0.073,0.5,"Mplus",6664,3547288,500,"Extreme","5",3,TRUE,286.779999999999
"3320","Z=~z2",0.61,0.087,0.5,"Mplus",6664,3547288,500,"Extreme","5",3,TRUE,286.779999999999
"3321","Z=~z3",0.399,0.069,0.5,"Mplus",6664,3547288,500,"Extreme","5",3,TRUE,286.779999999999
"3322","Y=~y1",0.462,0.067,0.5,"Mplus",6664,3547288,500,"Extreme","5",3,TRUE,286.779999999999
"3323","Y=~y2",0.536,0.069,0.5,"Mplus",6664,3547288,500,"Extreme","5",3,TRUE,286.779999999999
"3324","Y=~y3",0.566,0.068,0.5,"Mplus",6664,3547288,500,"Extreme","5",3,TRUE,286.779999999999
"3325","Y~X",0.293,0.105,0.4,"Mplus",6664,3547288,500,"Extreme","5",3,TRUE,286.779999999999
"3326","Y~Z",0.62,0.09,0.5,"Mplus",6664,3547288,500,"Extreme","5",3,TRUE,286.779999999999
"3327","Y~X:Z",-0.111,0.161,0.3,"Mplus",6664,3547288,500,"Extreme","5",3,TRUE,286.779999999999
"3328","X~~Z",0.136,0.103,0.2,"Mplus",6664,3547288,500,"Extreme","5",3,TRUE,286.779999999999
"3329","X=~x1",0.768154305497515,0.0252072735101937,0.8,"MC-OrdPLSc",6665,3300092,1000,"Extreme","5",2,TRUE,25.3199999999997
"3330","X=~x2",0.827848470661403,0.0242460148221732,0.8,"MC-OrdPLSc",6665,3300092,1000,"Extreme","5",2,TRUE,25.3199999999997
"3331","X=~x3",0.811768072562066,0.0255375838668307,0.8,"MC-OrdPLSc",6665,3300092,1000,"Extreme","5",2,TRUE,25.3199999999997
"3332","Z=~z1",0.843773057003261,0.0218757876941688,0.8,"MC-OrdPLSc",6665,3300092,1000,"Extreme","5",2,TRUE,25.3199999999997
"3333","Z=~z2",0.796161341353903,0.0235645690772535,0.8,"MC-OrdPLSc",6665,3300092,1000,"Extreme","5",2,TRUE,25.3199999999997
"3334","Z=~z3",0.782357773370421,0.0234497091521965,0.8,"MC-OrdPLSc",6665,3300092,1000,"Extreme","5",2,TRUE,25.3199999999997
"3335","Y=~y1",0.78915807877215,0.024421117222254,0.8,"MC-OrdPLSc",6665,3300092,1000,"Extreme","5",2,TRUE,25.3199999999997
"3336","Y=~y2",0.780693681522677,0.026122914694261,0.8,"MC-OrdPLSc",6665,3300092,1000,"Extreme","5",2,TRUE,25.3199999999997
"3337","Y=~y3",0.769368920475028,0.0241797388540482,0.8,"MC-OrdPLSc",6665,3300092,1000,"Extreme","5",2,TRUE,25.3199999999997
"3338","Y~X",0.405051249350837,0.0448225429652171,0.4,"MC-OrdPLSc",6665,3300092,1000,"Extreme","5",2,TRUE,25.3199999999997
"3339","Y~Z",0.523459250239035,0.0387878258392595,0.5,"MC-OrdPLSc",6665,3300092,1000,"Extreme","5",2,TRUE,25.3199999999997
"3340","Y~X:Z",0.274722514279352,0.0662683423141806,0.3,"MC-OrdPLSc",6665,3300092,1000,"Extreme","5",2,TRUE,25.3199999999997
"3341","X~~Z",0.238270001782917,0.0443901615120774,0.2,"MC-OrdPLSc",6665,3300092,1000,"Extreme","5",2,TRUE,25.3199999999997
"3342","X=~x1",0.738103429710103,0.0427242880268657,0.8,"PLSc",6665,3300092,1000,"Extreme","5",2,TRUE,6.80999999999767
"3343","X=~x2",0.758854910287796,0.0395818291142604,0.8,"PLSc",6665,3300092,1000,"Extreme","5",2,TRUE,6.80999999999767
"3344","X=~x3",0.724002217185968,0.0424350089933607,0.8,"PLSc",6665,3300092,1000,"Extreme","5",2,TRUE,6.80999999999767
"3345","Z=~z1",0.736380226840151,0.0332695957274827,0.8,"PLSc",6665,3300092,1000,"Extreme","5",2,TRUE,6.80999999999767
"3346","Z=~z2",0.781240520369093,0.0323036002003005,0.8,"PLSc",6665,3300092,1000,"Extreme","5",2,TRUE,6.80999999999767
"3347","Z=~z3",0.744345282179318,0.0339016425941958,0.8,"PLSc",6665,3300092,1000,"Extreme","5",2,TRUE,6.80999999999767
"3348","Y=~y1",0.708033041839396,0.029071469025232,0.8,"PLSc",6665,3300092,1000,"Extreme","5",2,TRUE,6.80999999999767
"3349","Y=~y2",0.807017017765723,0.0245553131995259,0.8,"PLSc",6665,3300092,1000,"Extreme","5",2,TRUE,6.80999999999767
"3350","Y=~y3",0.76466609534436,0.0259974081996192,0.8,"PLSc",6665,3300092,1000,"Extreme","5",2,TRUE,6.80999999999767
"3351","Y~X",0.367304235918651,0.0343367979685564,0.4,"PLSc",6665,3300092,1000,"Extreme","5",2,TRUE,6.80999999999767
"3352","Y~Z",0.48947111621721,0.0361482188403945,0.5,"PLSc",6665,3300092,1000,"Extreme","5",2,TRUE,6.80999999999767
"3353","Y~X:Z",0.158771083206149,0.0383314622822039,0.3,"PLSc",6665,3300092,1000,"Extreme","5",2,TRUE,6.80999999999767
"3354","X~~Z",0.21603838926769,0.0424700582787228,0.2,"PLSc",6665,3300092,1000,"Extreme","5",2,TRUE,6.80999999999767
"3355","X=~x1",0.836954802480447,0.0154173868852372,0.8,"PLS",6665,3300092,1000,"Extreme","5",2,TRUE,1.75
"3356","X=~x2",0.837152775882228,0.014237024427992,0.8,"PLS",6665,3300092,1000,"Extreme","5",2,TRUE,1.75
"3357","X=~x3",0.833714557748689,0.0154891879845888,0.8,"PLS",6665,3300092,1000,"Extreme","5",2,TRUE,1.75
"3358","Z=~z1",0.831623838728855,0.0136402248396311,0.8,"PLS",6665,3300092,1000,"Extreme","5",2,TRUE,1.75
"3359","Z=~z2",0.854500966611859,0.0114763785081592,0.8,"PLS",6665,3300092,1000,"Extreme","5",2,TRUE,1.75
"3360","Z=~z3",0.845604762542362,0.013289127384059,0.8,"PLS",6665,3300092,1000,"Extreme","5",2,TRUE,1.75
"3361","Y=~y1",0.823067951330963,0.0144078914238977,0.8,"PLS",6665,3300092,1000,"Extreme","5",2,TRUE,1.75
"3362","Y=~y2",0.865369921616722,0.0101754802813731,0.8,"PLS",6665,3300092,1000,"Extreme","5",2,TRUE,1.75
"3363","Y=~y3",0.853055986241597,0.0113331847070473,0.8,"PLS",6665,3300092,1000,"Extreme","5",2,TRUE,1.75
"3364","Y~X",0.311344943229121,0.0263881601698867,0.4,"PLS",6665,3300092,1000,"Extreme","5",2,TRUE,1.75
"3365","Y~Z",0.410541772076792,0.0286547491577224,0.5,"PLS",6665,3300092,1000,"Extreme","5",2,TRUE,1.75
"3366","Y~X:Z",0.13903193126584,0.0257509668577972,0.3,"PLS",6665,3300092,1000,"Extreme","5",2,TRUE,1.75
"3367","X~~Z",0.171069829290782,0.0339755773738288,0.2,"PLS",6665,3300092,1000,"Extreme","5",2,TRUE,1.75
"3368","X=~x1",0.785,0.024,0.8,"Mplus",6665,3300092,1000,"Extreme","5",2,TRUE,378.080000000016
"3369","X=~x2",0.789,0.024,0.8,"Mplus",6665,3300092,1000,"Extreme","5",2,TRUE,378.080000000016
"3370","X=~x3",0.788,0.024,0.8,"Mplus",6665,3300092,1000,"Extreme","5",2,TRUE,378.080000000016
"3371","Z=~z1",0.782,0.023,0.8,"Mplus",6665,3300092,1000,"Extreme","5",2,TRUE,378.080000000016
"3372","Z=~z2",0.808,0.022,0.8,"Mplus",6665,3300092,1000,"Extreme","5",2,TRUE,378.080000000016
"3373","Z=~z3",0.798,0.023,0.8,"Mplus",6665,3300092,1000,"Extreme","5",2,TRUE,378.080000000016
"3374","Y=~y1",0.746,0.024,0.8,"Mplus",6665,3300092,1000,"Extreme","5",2,TRUE,378.080000000016
"3375","Y=~y2",0.834,0.02,0.8,"Mplus",6665,3300092,1000,"Extreme","5",2,TRUE,378.080000000016
"3376","Y=~y3",0.797,0.022,0.8,"Mplus",6665,3300092,1000,"Extreme","5",2,TRUE,378.080000000016
"3377","Y~X",0.392,0.037,0.4,"Mplus",6665,3300092,1000,"Extreme","5",2,TRUE,378.080000000016
"3378","Y~Z",0.516,0.035,0.5,"Mplus",6665,3300092,1000,"Extreme","5",2,TRUE,378.080000000016
"3379","Y~X:Z",0.202,0.046,0.3,"Mplus",6665,3300092,1000,"Extreme","5",2,TRUE,378.080000000016
"3380","X~~Z",0.236,0.041,0.2,"Mplus",6665,3300092,1000,"Extreme","5",2,TRUE,378.080000000016
"3381","X=~x1",0.555834860985594,0.0681644219863345,0.5,"MC-OrdPLSc",6666,7708447,1000,"Extreme","5",3,TRUE,29.8499999999985
"3382","X=~x2",0.47469244031921,0.0693067174986327,0.5,"MC-OrdPLSc",6666,7708447,1000,"Extreme","5",3,TRUE,29.8499999999985
"3383","X=~x3",0.436364011729276,0.0708232819033576,0.5,"MC-OrdPLSc",6666,7708447,1000,"Extreme","5",3,TRUE,29.8499999999985
"3384","Z=~z1",0.587396579920019,0.0537470475565491,0.5,"MC-OrdPLSc",6666,7708447,1000,"Extreme","5",3,TRUE,29.8499999999985
"3385","Z=~z2",0.391244281236364,0.0630724433217067,0.5,"MC-OrdPLSc",6666,7708447,1000,"Extreme","5",3,TRUE,29.8499999999985
"3386","Z=~z3",0.514694970407201,0.0524084820409321,0.5,"MC-OrdPLSc",6666,7708447,1000,"Extreme","5",3,TRUE,29.8499999999985
"3387","Y=~y1",0.397879010280962,0.0530381441620967,0.5,"MC-OrdPLSc",6666,7708447,1000,"Extreme","5",3,TRUE,29.8499999999985
"3388","Y=~y2",0.522482665159103,0.0476397656388749,0.5,"MC-OrdPLSc",6666,7708447,1000,"Extreme","5",3,TRUE,29.8499999999985
"3389","Y=~y3",0.553103782463594,0.0481538230662255,0.5,"MC-OrdPLSc",6666,7708447,1000,"Extreme","5",3,TRUE,29.8499999999985
"3390","Y~X",0.368053908829819,0.103398143943048,0.4,"MC-OrdPLSc",6666,7708447,1000,"Extreme","5",3,TRUE,29.8499999999985
"3391","Y~Z",0.493281787910343,0.100289262333363,0.5,"MC-OrdPLSc",6666,7708447,1000,"Extreme","5",3,TRUE,29.8499999999985
"3392","Y~X:Z",0.399907507541721,0.112703769400899,0.3,"MC-OrdPLSc",6666,7708447,1000,"Extreme","5",3,TRUE,29.8499999999985
"3393","X~~Z",0.373222606326593,0.0765965648710168,0.2,"MC-OrdPLSc",6666,7708447,1000,"Extreme","5",3,TRUE,29.8499999999985
"3394","X=~x1",0.51496082053485,0.082417154257982,0.5,"PLSc",6666,7708447,1000,"Extreme","5",3,FALSE,7.02999999999884
"3395","X=~x2",0.434592491075607,0.0825155970830884,0.5,"PLSc",6666,7708447,1000,"Extreme","5",3,FALSE,7.02999999999884
"3396","X=~x3",0.332781445008356,0.0886057181625434,0.5,"PLSc",6666,7708447,1000,"Extreme","5",3,FALSE,7.02999999999884
"3397","Z=~z1",0.454347259701428,0.0815503457200733,0.5,"PLSc",6666,7708447,1000,"Extreme","5",3,FALSE,7.02999999999884
"3398","Z=~z2",0.360920127969725,0.0780056384697776,0.5,"PLSc",6666,7708447,1000,"Extreme","5",3,FALSE,7.02999999999884
"3399","Z=~z3",0.50286327480493,0.0764971125006663,0.5,"PLSc",6666,7708447,1000,"Extreme","5",3,FALSE,7.02999999999884
"3400","Y=~y1",0.371654454853519,0.0630540747990065,0.5,"PLSc",6666,7708447,1000,"Extreme","5",3,FALSE,7.02999999999884
"3401","Y=~y2",0.499100465735623,0.0593985540752033,0.5,"PLSc",6666,7708447,1000,"Extreme","5",3,FALSE,7.02999999999884
"3402","Y=~y3",0.427180346412993,0.0572769616867633,0.5,"PLSc",6666,7708447,1000,"Extreme","5",3,FALSE,7.02999999999884
"3403","Y~X",0.535817927589447,5.48279745522451,0.4,"PLSc",6666,7708447,1000,"Extreme","5",3,FALSE,7.02999999999884
"3404","Y~Z",0.687686117549676,32.6965781525092,0.5,"PLSc",6666,7708447,1000,"Extreme","5",3,FALSE,7.02999999999884
"3405","Y~X:Z",1.20146586583235,109.00630828095,0.3,"PLSc",6666,7708447,1000,"Extreme","5",3,FALSE,7.02999999999884
"3406","X~~Z",-0.0212029873575384,0.0690276205407664,0.2,"PLSc",6666,7708447,1000,"Extreme","5",3,FALSE,7.02999999999884
"3407","X=~x1",0.755108713499723,0.0663660995771874,0.5,"PLS",6666,7708447,1000,"Extreme","5",3,TRUE,2.33999999999651
"3408","X=~x2",0.683837444503565,0.0760702265799154,0.5,"PLS",6666,7708447,1000,"Extreme","5",3,TRUE,2.33999999999651
"3409","X=~x3",0.567663427927138,0.0928596865435333,0.5,"PLS",6666,7708447,1000,"Extreme","5",3,TRUE,2.33999999999651
"3410","Z=~z1",0.683413452274541,0.0768287158586467,0.5,"PLS",6666,7708447,1000,"Extreme","5",3,TRUE,2.33999999999651
"3411","Z=~z2",0.607446301917573,0.0737242658709384,0.5,"PLS",6666,7708447,1000,"Extreme","5",3,TRUE,2.33999999999651
"3412","Z=~z3",0.74029418423934,0.0625515767943893,0.5,"PLS",6666,7708447,1000,"Extreme","5",3,TRUE,2.33999999999651
"3413","Y=~y1",0.627006653974193,0.0601300941491352,0.5,"PLS",6666,7708447,1000,"Extreme","5",3,TRUE,2.33999999999651
"3414","Y=~y2",0.734298298122758,0.0494009988172182,0.5,"PLS",6666,7708447,1000,"Extreme","5",3,TRUE,2.33999999999651
"3415","Y=~y3",0.663826755167726,0.0551254868514871,0.5,"PLS",6666,7708447,1000,"Extreme","5",3,TRUE,2.33999999999651
"3416","Y~X",0.208752907681659,0.0335551057370268,0.4,"PLS",6666,7708447,1000,"Extreme","5",3,TRUE,2.33999999999651
"3417","Y~Z",0.227389173155781,0.032290717404961,0.5,"PLS",6666,7708447,1000,"Extreme","5",3,TRUE,2.33999999999651
"3418","Y~X:Z",0.0943840929822116,0.0372721530611671,0.3,"PLS",6666,7708447,1000,"Extreme","5",3,TRUE,2.33999999999651
"3419","X~~Z",-0.00894596615153503,0.0295742087795203,0.2,"PLS",6666,7708447,1000,"Extreme","5",3,TRUE,2.33999999999651
"3420","X=~x1",0.519,0.057,0.5,"Mplus",6666,7708447,1000,"Extreme","5",3,TRUE,589.779999999999
"3421","X=~x2",0.417,0.053,0.5,"Mplus",6666,7708447,1000,"Extreme","5",3,TRUE,589.779999999999
"3422","X=~x3",0.392,0.053,0.5,"Mplus",6666,7708447,1000,"Extreme","5",3,TRUE,589.779999999999
"3423","Z=~z1",0.423,0.05,0.5,"Mplus",6666,7708447,1000,"Extreme","5",3,TRUE,589.779999999999
"3424","Z=~z2",0.449,0.05,0.5,"Mplus",6666,7708447,1000,"Extreme","5",3,TRUE,589.779999999999
"3425","Z=~z3",0.515,0.054,0.5,"Mplus",6666,7708447,1000,"Extreme","5",3,TRUE,589.779999999999
"3426","Y=~y1",0.426,0.048,0.5,"Mplus",6666,7708447,1000,"Extreme","5",3,TRUE,589.779999999999
"3427","Y=~y2",0.474,0.05,0.5,"Mplus",6666,7708447,1000,"Extreme","5",3,TRUE,589.779999999999
"3428","Y=~y3",0.455,0.049,0.5,"Mplus",6666,7708447,1000,"Extreme","5",3,TRUE,589.779999999999
"3429","Y~X",0.481,0.084,0.4,"Mplus",6666,7708447,1000,"Extreme","5",3,TRUE,589.779999999999
"3430","Y~Z",0.553,0.08,0.5,"Mplus",6666,7708447,1000,"Extreme","5",3,TRUE,589.779999999999
"3431","Y~X:Z",0.61,0.103,0.3,"Mplus",6666,7708447,1000,"Extreme","5",3,TRUE,589.779999999999
"3432","X~~Z",-0.006,0.073,0.2,"Mplus",6666,7708447,1000,"Extreme","5",3,TRUE,589.779999999999
"3433","X=~x1",0.807888876784918,0.0467962869438118,0.8,"MC-OrdPLSc",6667,1078438,200,"Extreme","7",2,TRUE,25.6399999999994
"3434","X=~x2",0.799123517771582,0.0501555091840578,0.8,"MC-OrdPLSc",6667,1078438,200,"Extreme","7",2,TRUE,25.6399999999994
"3435","X=~x3",0.772340699742466,0.0476646143581729,0.8,"MC-OrdPLSc",6667,1078438,200,"Extreme","7",2,TRUE,25.6399999999994
"3436","Z=~z1",0.746189430587196,0.062151159928385,0.8,"MC-OrdPLSc",6667,1078438,200,"Extreme","7",2,TRUE,25.6399999999994
"3437","Z=~z2",0.699987968001332,0.0580455371008087,0.8,"MC-OrdPLSc",6667,1078438,200,"Extreme","7",2,TRUE,25.6399999999994
"3438","Z=~z3",0.934228118352743,0.0450124652809008,0.8,"MC-OrdPLSc",6667,1078438,200,"Extreme","7",2,TRUE,25.6399999999994
"3439","Y=~y1",0.817448993906825,0.0423863140708104,0.8,"MC-OrdPLSc",6667,1078438,200,"Extreme","7",2,TRUE,25.6399999999994
"3440","Y=~y2",0.844449851837917,0.0369620457430312,0.8,"MC-OrdPLSc",6667,1078438,200,"Extreme","7",2,TRUE,25.6399999999994
"3441","Y=~y3",0.843656965143011,0.0315095195533349,0.8,"MC-OrdPLSc",6667,1078438,200,"Extreme","7",2,TRUE,25.6399999999994
"3442","Y~X",0.48602227986947,0.0748367585050192,0.4,"MC-OrdPLSc",6667,1078438,200,"Extreme","7",2,TRUE,25.6399999999994
"3443","Y~Z",0.459009882998503,0.0786786980294857,0.5,"MC-OrdPLSc",6667,1078438,200,"Extreme","7",2,TRUE,25.6399999999994
"3444","Y~X:Z",0.260571465738364,0.17850211956722,0.3,"MC-OrdPLSc",6667,1078438,200,"Extreme","7",2,TRUE,25.6399999999994
"3445","X~~Z",0.223794975707616,0.0831285055890162,0.2,"MC-OrdPLSc",6667,1078438,200,"Extreme","7",2,TRUE,25.6399999999994
"3446","X=~x1",0.697536036450481,0.0829198181904936,0.8,"PLSc",6667,1078438,200,"Extreme","7",2,TRUE,3.01000000000931
"3447","X=~x2",0.74373330649054,0.0829503204841627,0.8,"PLSc",6667,1078438,200,"Extreme","7",2,TRUE,3.01000000000931
"3448","X=~x3",0.847318015499944,0.0812206783471219,0.8,"PLSc",6667,1078438,200,"Extreme","7",2,TRUE,3.01000000000931
"3449","Z=~z1",0.70193067291084,0.087354743701335,0.8,"PLSc",6667,1078438,200,"Extreme","7",2,TRUE,3.01000000000931
"3450","Z=~z2",0.864794002186905,0.0718609700434717,0.8,"PLSc",6667,1078438,200,"Extreme","7",2,TRUE,3.01000000000931
"3451","Z=~z3",0.709869162626634,0.0770725143869483,0.8,"PLSc",6667,1078438,200,"Extreme","7",2,TRUE,3.01000000000931
"3452","Y=~y1",0.815074951506913,0.0447091932005721,0.8,"PLSc",6667,1078438,200,"Extreme","7",2,TRUE,3.01000000000931
"3453","Y=~y2",0.789947189613949,0.0444084571537023,0.8,"PLSc",6667,1078438,200,"Extreme","7",2,TRUE,3.01000000000931
"3454","Y=~y3",0.779892340240587,0.0485031110321133,0.8,"PLSc",6667,1078438,200,"Extreme","7",2,TRUE,3.01000000000931
"3455","Y~X",0.492624056107532,0.080612893133265,0.4,"PLSc",6667,1078438,200,"Extreme","7",2,TRUE,3.01000000000931
"3456","Y~Z",0.550123658076756,0.0788152312081353,0.5,"PLSc",6667,1078438,200,"Extreme","7",2,TRUE,3.01000000000931
"3457","Y~X:Z",0.242582079742451,0.116422940483271,0.3,"PLSc",6667,1078438,200,"Extreme","7",2,TRUE,3.01000000000931
"3458","X~~Z",0.0766270315136367,0.0993968440232091,0.2,"PLSc",6667,1078438,200,"Extreme","7",2,TRUE,3.01000000000931
"3459","X=~x1",0.829158069144973,0.0327104108497416,0.8,"PLS",6667,1078438,200,"Extreme","7",2,TRUE,1.85999999998603
"3460","X=~x2",0.862237810557479,0.0252435784557214,0.8,"PLS",6667,1078438,200,"Extreme","7",2,TRUE,1.85999999998603
"3461","X=~x3",0.85781573614392,0.0257380507294709,0.8,"PLS",6667,1078438,200,"Extreme","7",2,TRUE,1.85999999998603
"3462","Z=~z1",0.839354259292139,0.0365172877124357,0.8,"PLS",6667,1078438,200,"Extreme","7",2,TRUE,1.85999999998603
"3463","Z=~z2",0.866434525550328,0.0215478899230665,0.8,"PLS",6667,1078438,200,"Extreme","7",2,TRUE,1.85999999998603
"3464","Z=~z3",0.835808116547378,0.0293113420473457,0.8,"PLS",6667,1078438,200,"Extreme","7",2,TRUE,1.85999999998603
"3465","Y=~y1",0.862582163297292,0.0218714736525008,0.8,"PLS",6667,1078438,200,"Extreme","7",2,TRUE,1.85999999998603
"3466","Y=~y2",0.871771053238463,0.0199789719385334,0.8,"PLS",6667,1078438,200,"Extreme","7",2,TRUE,1.85999999998603
"3467","Y=~y3",0.872205612489618,0.024157924879921,0.8,"PLS",6667,1078438,200,"Extreme","7",2,TRUE,1.85999999998603
"3468","Y~X",0.418135523114198,0.0533363575597985,0.4,"PLS",6667,1078438,200,"Extreme","7",2,TRUE,1.85999999998603
"3469","Y~Z",0.463170844311015,0.049665435302947,0.5,"PLS",6667,1078438,200,"Extreme","7",2,TRUE,1.85999999998603
"3470","Y~X:Z",0.205177036538881,0.0508961131887116,0.3,"PLS",6667,1078438,200,"Extreme","7",2,TRUE,1.85999999998603
"3471","X~~Z",0.0624848265581347,0.0819905290862126,0.2,"PLS",6667,1078438,200,"Extreme","7",2,TRUE,1.85999999998603
"3472","X=~x1",0.725,0.053,0.8,"Mplus",6667,1078438,200,"Extreme","7",2,TRUE,108.360000000015
"3473","X=~x2",0.819,0.045,0.8,"Mplus",6667,1078438,200,"Extreme","7",2,TRUE,108.360000000015
"3474","X=~x3",0.77,0.05,0.8,"Mplus",6667,1078438,200,"Extreme","7",2,TRUE,108.360000000015
"3475","Z=~z1",0.801,0.045,0.8,"Mplus",6667,1078438,200,"Extreme","7",2,TRUE,108.360000000015
"3476","Z=~z2",0.785,0.046,0.8,"Mplus",6667,1078438,200,"Extreme","7",2,TRUE,108.360000000015
"3477","Z=~z3",0.774,0.047,0.8,"Mplus",6667,1078438,200,"Extreme","7",2,TRUE,108.360000000015
"3478","Y=~y1",0.789,0.044,0.8,"Mplus",6667,1078438,200,"Extreme","7",2,TRUE,108.360000000015
"3479","Y=~y2",0.818,0.041,0.8,"Mplus",6667,1078438,200,"Extreme","7",2,TRUE,108.360000000015
"3480","Y=~y3",0.838,0.039,0.8,"Mplus",6667,1078438,200,"Extreme","7",2,TRUE,108.360000000015
"3481","Y~X",0.519,0.067,0.4,"Mplus",6667,1078438,200,"Extreme","7",2,TRUE,108.360000000015
"3482","Y~Z",0.548,0.066,0.5,"Mplus",6667,1078438,200,"Extreme","7",2,TRUE,108.360000000015
"3483","Y~X:Z",0.365,0.074,0.3,"Mplus",6667,1078438,200,"Extreme","7",2,TRUE,108.360000000015
"3484","X~~Z",0.122,0.089,0.2,"Mplus",6667,1078438,200,"Extreme","7",2,TRUE,108.360000000015
"3485","X=~x1",0.594938604227539,0.260530883430579,0.5,"MC-OrdPLSc",6668,1794373,200,"Extreme","7",3,TRUE,29.9100000000035
"3486","X=~x2",0.49954107370881,0.188564483579741,0.5,"MC-OrdPLSc",6668,1794373,200,"Extreme","7",3,TRUE,29.9100000000035
"3487","X=~x3",0.595572768598219,0.199191808321137,0.5,"MC-OrdPLSc",6668,1794373,200,"Extreme","7",3,TRUE,29.9100000000035
"3488","Z=~z1",0.620718892353486,0.181266340473324,0.5,"MC-OrdPLSc",6668,1794373,200,"Extreme","7",3,TRUE,29.9100000000035
"3489","Z=~z2",0.439036724504943,0.175889546008822,0.5,"MC-OrdPLSc",6668,1794373,200,"Extreme","7",3,TRUE,29.9100000000035
"3490","Z=~z3",0.471419579286551,0.168547615286823,0.5,"MC-OrdPLSc",6668,1794373,200,"Extreme","7",3,TRUE,29.9100000000035
"3491","Y=~y1",0.594102662532743,0.161250511574452,0.5,"MC-OrdPLSc",6668,1794373,200,"Extreme","7",3,TRUE,29.9100000000035
"3492","Y=~y2",0.614894257085659,0.141794296610147,0.5,"MC-OrdPLSc",6668,1794373,200,"Extreme","7",3,TRUE,29.9100000000035
"3493","Y=~y3",0.328669310787063,0.138853101985403,0.5,"MC-OrdPLSc",6668,1794373,200,"Extreme","7",3,TRUE,29.9100000000035
"3494","Y~X",0.346436882122674,0.173066483437176,0.4,"MC-OrdPLSc",6668,1794373,200,"Extreme","7",3,TRUE,29.9100000000035
"3495","Y~Z",0.434456606684739,0.170681464095836,0.5,"MC-OrdPLSc",6668,1794373,200,"Extreme","7",3,TRUE,29.9100000000035
"3496","Y~X:Z",0.436064454646818,0.226717518350681,0.3,"MC-OrdPLSc",6668,1794373,200,"Extreme","7",3,TRUE,29.9100000000035
"3497","X~~Z",0.216346784663442,0.14359899958663,0.2,"MC-OrdPLSc",6668,1794373,200,"Extreme","7",3,TRUE,29.9100000000035
"3498","X=~x1",0.417407515604911,0.176976326689365,0.5,"PLSc",6668,1794373,200,"Extreme","7",3,FALSE,3.64999999999418
"3499","X=~x2",0.657321688064703,0.191840916252363,0.5,"PLSc",6668,1794373,200,"Extreme","7",3,FALSE,3.64999999999418
"3500","X=~x3",0.164981997547507,0.191538786888431,0.5,"PLSc",6668,1794373,200,"Extreme","7",3,FALSE,3.64999999999418
"3501","Z=~z1",0.395602365479364,0.111990005350466,0.5,"PLSc",6668,1794373,200,"Extreme","7",3,FALSE,3.64999999999418
"3502","Z=~z2",0.586143663280882,0.119525699830438,0.5,"PLSc",6668,1794373,200,"Extreme","7",3,FALSE,3.64999999999418
"3503","Z=~z3",0.41644121983082,0.111814125828449,0.5,"PLSc",6668,1794373,200,"Extreme","7",3,FALSE,3.64999999999418
"3504","Y=~y1",0.441851593985001,0.1040242635432,0.5,"PLSc",6668,1794373,200,"Extreme","7",3,FALSE,3.64999999999418
"3505","Y=~y2",0.367950782842306,0.104722411565533,0.5,"PLSc",6668,1794373,200,"Extreme","7",3,FALSE,3.64999999999418
"3506","Y=~y3",0.434512123649317,0.107334684449419,0.5,"PLSc",6668,1794373,200,"Extreme","7",3,FALSE,3.64999999999418
"3507","Y~X",0.354553521270636,6.25692130731384,0.4,"PLSc",6668,1794373,200,"Extreme","7",3,FALSE,3.64999999999418
"3508","Y~Z",0.75110768006516,2.78904127941248,0.5,"PLSc",6668,1794373,200,"Extreme","7",3,FALSE,3.64999999999418
"3509","Y~X:Z",0.192906908389261,3.76701798927804,0.3,"PLSc",6668,1794373,200,"Extreme","7",3,FALSE,3.64999999999418
"3510","X~~Z",0.118807405827029,0.408467439820074,0.2,"PLSc",6668,1794373,200,"Extreme","7",3,FALSE,3.64999999999418
"3511","X=~x1",0.651687431343501,0.198094422519371,0.5,"PLS",6668,1794373,200,"Extreme","7",3,TRUE,2.68000000002212
"3512","X=~x2",0.86420459150023,0.110588356588452,0.5,"PLS",6668,1794373,200,"Extreme","7",3,TRUE,2.68000000002212
"3513","X=~x3",0.386998044322977,0.235322579983494,0.5,"PLS",6668,1794373,200,"Extreme","7",3,TRUE,2.68000000002212
"3514","Z=~z1",0.689574783601046,0.0926459988902827,0.5,"PLS",6668,1794373,200,"Extreme","7",3,TRUE,2.68000000002212
"3515","Z=~z2",0.780669737977952,0.0812620456824943,0.5,"PLS",6668,1794373,200,"Extreme","7",3,TRUE,2.68000000002212
"3516","Z=~z3",0.59213283694818,0.124918309462836,0.5,"PLS",6668,1794373,200,"Extreme","7",3,TRUE,2.68000000002212
"3517","Y=~y1",0.69003762922536,0.0998111988159053,0.5,"PLS",6668,1794373,200,"Extreme","7",3,TRUE,2.68000000002212
"3518","Y=~y2",0.61726068157816,0.119103618509759,0.5,"PLS",6668,1794373,200,"Extreme","7",3,TRUE,2.68000000002212
"3519","Y=~y3",0.697164569234556,0.0989488794750487,0.5,"PLS",6668,1794373,200,"Extreme","7",3,TRUE,2.68000000002212
"3520","Y~X",0.20157721495441,0.0677171880912623,0.4,"PLS",6668,1794373,200,"Extreme","7",3,TRUE,2.68000000002212
"3521","Y~Z",0.339085790374887,0.056380758897002,0.5,"PLS",6668,1794373,200,"Extreme","7",3,TRUE,2.68000000002212
"3522","Y~X:Z",0.137657352631695,0.0564159964346512,0.3,"PLS",6668,1794373,200,"Extreme","7",3,TRUE,2.68000000002212
"3523","X~~Z",0.0574009677973585,0.0775683326979215,0.2,"PLS",6668,1794373,200,"Extreme","7",3,TRUE,2.68000000002212
"3524","X=~x1",0.374,0.08,0.5,"Mplus",6668,1794373,200,"Extreme","7",3,TRUE,149.190000000002
"3525","X=~x2",0.658,0.14,0.5,"Mplus",6668,1794373,200,"Extreme","7",3,TRUE,149.190000000002
"3526","X=~x3",0.337,0.102,0.5,"Mplus",6668,1794373,200,"Extreme","7",3,TRUE,149.190000000002
"3527","Z=~z1",0.525,0.072,0.5,"Mplus",6668,1794373,200,"Extreme","7",3,TRUE,149.190000000002
"3528","Z=~z2",0.588,0.108,0.5,"Mplus",6668,1794373,200,"Extreme","7",3,TRUE,149.190000000002
"3529","Z=~z3",0.348,0.097,0.5,"Mplus",6668,1794373,200,"Extreme","7",3,TRUE,149.190000000002
"3530","Y=~y1",0.369,0.062,0.5,"Mplus",6668,1794373,200,"Extreme","7",3,TRUE,149.190000000002
"3531","Y=~y2",0.367,0.087,0.5,"Mplus",6668,1794373,200,"Extreme","7",3,TRUE,149.190000000002
"3532","Y=~y3",0.478,0.097,0.5,"Mplus",6668,1794373,200,"Extreme","7",3,TRUE,149.190000000002
"3533","Y~X",0.438,0.11,0.4,"Mplus",6668,1794373,200,"Extreme","7",3,TRUE,149.190000000002
"3534","Y~Z",0.733,0.092,0.5,"Mplus",6668,1794373,200,"Extreme","7",3,TRUE,149.190000000002
"3535","Y~X:Z",0.493,0.09,0.3,"Mplus",6668,1794373,200,"Extreme","7",3,TRUE,149.190000000002
"3536","X~~Z",0.043,0.14,0.2,"Mplus",6668,1794373,200,"Extreme","7",3,TRUE,149.190000000002
"3537","X=~x1",0.828243357590557,0.0287148518006188,0.8,"MC-OrdPLSc",6669,7453608,500,"Extreme","7",2,TRUE,28.0199999999968
"3538","X=~x2",0.796048802102034,0.0290957903850533,0.8,"MC-OrdPLSc",6669,7453608,500,"Extreme","7",2,TRUE,28.0199999999968
"3539","X=~x3",0.789757535785379,0.0313819275696149,0.8,"MC-OrdPLSc",6669,7453608,500,"Extreme","7",2,TRUE,28.0199999999968
"3540","Z=~z1",0.774363630388548,0.034184439594225,0.8,"MC-OrdPLSc",6669,7453608,500,"Extreme","7",2,TRUE,28.0199999999968
"3541","Z=~z2",0.795487513098862,0.0301617891686147,0.8,"MC-OrdPLSc",6669,7453608,500,"Extreme","7",2,TRUE,28.0199999999968
"3542","Z=~z3",0.770896184731869,0.032898173709871,0.8,"MC-OrdPLSc",6669,7453608,500,"Extreme","7",2,TRUE,28.0199999999968
"3543","Y=~y1",0.756873588928234,0.030774535296687,0.8,"MC-OrdPLSc",6669,7453608,500,"Extreme","7",2,TRUE,28.0199999999968
"3544","Y=~y2",0.828165541225159,0.0263292796363698,0.8,"MC-OrdPLSc",6669,7453608,500,"Extreme","7",2,TRUE,28.0199999999968
"3545","Y=~y3",0.827735753476047,0.026382774727322,0.8,"MC-OrdPLSc",6669,7453608,500,"Extreme","7",2,TRUE,28.0199999999968
"3546","Y~X",0.352942557042824,0.0615993365915783,0.4,"MC-OrdPLSc",6669,7453608,500,"Extreme","7",2,TRUE,28.0199999999968
"3547","Y~Z",0.451233697807848,0.0613434405191213,0.5,"MC-OrdPLSc",6669,7453608,500,"Extreme","7",2,TRUE,28.0199999999968
"3548","Y~X:Z",0.336742613709394,0.0607555046488348,0.3,"MC-OrdPLSc",6669,7453608,500,"Extreme","7",2,TRUE,28.0199999999968
"3549","X~~Z",0.380091000208834,0.0564687738467932,0.2,"MC-OrdPLSc",6669,7453608,500,"Extreme","7",2,TRUE,28.0199999999968
"3550","X=~x1",0.74397671463228,0.0667836609568211,0.8,"PLSc",6669,7453608,500,"Extreme","7",2,TRUE,4.30999999999767
"3551","X=~x2",0.821902834189636,0.0628177948047012,0.8,"PLSc",6669,7453608,500,"Extreme","7",2,TRUE,4.30999999999767
"3552","X=~x3",0.809780608847847,0.0674343690074896,0.8,"PLSc",6669,7453608,500,"Extreme","7",2,TRUE,4.30999999999767
"3553","Z=~z1",0.721408883267782,0.0444125975557366,0.8,"PLSc",6669,7453608,500,"Extreme","7",2,TRUE,4.30999999999767
"3554","Z=~z2",0.658653398897598,0.0523681346655924,0.8,"PLSc",6669,7453608,500,"Extreme","7",2,TRUE,4.30999999999767
"3555","Z=~z3",0.860681538736926,0.0444075400785482,0.8,"PLSc",6669,7453608,500,"Extreme","7",2,TRUE,4.30999999999767
"3556","Y=~y1",0.796401938524763,0.0324356444783744,0.8,"PLSc",6669,7453608,500,"Extreme","7",2,TRUE,4.30999999999767
"3557","Y=~y2",0.751312774252355,0.0395572486142981,0.8,"PLSc",6669,7453608,500,"Extreme","7",2,TRUE,4.30999999999767
"3558","Y=~y3",0.784509573948798,0.0370681477109009,0.8,"PLSc",6669,7453608,500,"Extreme","7",2,TRUE,4.30999999999767
"3559","Y~X",0.372239846086549,0.0500130384333922,0.4,"PLSc",6669,7453608,500,"Extreme","7",2,TRUE,4.30999999999767
"3560","Y~Z",0.54137558434805,0.0434697248720234,0.5,"PLSc",6669,7453608,500,"Extreme","7",2,TRUE,4.30999999999767
"3561","Y~X:Z",0.186467555133524,0.0495082266807847,0.3,"PLSc",6669,7453608,500,"Extreme","7",2,TRUE,4.30999999999767
"3562","X~~Z",0.100672653715947,0.0581064956414862,0.2,"PLSc",6669,7453608,500,"Extreme","7",2,TRUE,4.30999999999767
"3563","X=~x1",0.860936919959511,0.0204308568924372,0.8,"PLS",6669,7453608,500,"Extreme","7",2,TRUE,1.77999999999884
"3564","X=~x2",0.870788386116875,0.0159181502941656,0.8,"PLS",6669,7453608,500,"Extreme","7",2,TRUE,1.77999999999884
"3565","X=~x3",0.869348197699565,0.0187922294554095,0.8,"PLS",6669,7453608,500,"Extreme","7",2,TRUE,1.77999999999884
"3566","Z=~z1",0.834254779884979,0.0184500592901221,0.8,"PLS",6669,7453608,500,"Extreme","7",2,TRUE,1.77999999999884
"3567","Z=~z2",0.80691514353601,0.025575688849677,0.8,"PLS",6669,7453608,500,"Extreme","7",2,TRUE,1.77999999999884
"3568","Z=~z3",0.875553861389295,0.0135761084571487,0.8,"PLS",6669,7453608,500,"Extreme","7",2,TRUE,1.77999999999884
"3569","Y=~y1",0.872703754305971,0.0122508514214363,0.8,"PLS",6669,7453608,500,"Extreme","7",2,TRUE,1.77999999999884
"3570","Y=~y2",0.842874414739527,0.0181377935089937,0.8,"PLS",6669,7453608,500,"Extreme","7",2,TRUE,1.77999999999884
"3571","Y=~y3",0.858052880918972,0.0146820898235316,0.8,"PLS",6669,7453608,500,"Extreme","7",2,TRUE,1.77999999999884
"3572","Y~X",0.317474005022032,0.0397802913372245,0.4,"PLS",6669,7453608,500,"Extreme","7",2,TRUE,1.77999999999884
"3573","Y~Z",0.447414475719725,0.0333926903442122,0.5,"PLS",6669,7453608,500,"Extreme","7",2,TRUE,1.77999999999884
"3574","Y~X:Z",0.148538453808562,0.0323422773365421,0.3,"PLS",6669,7453608,500,"Extreme","7",2,TRUE,1.77999999999884
"3575","X~~Z",0.082735251119851,0.0479296919214,0.2,"PLS",6669,7453608,500,"Extreme","7",2,TRUE,1.77999999999884
"3576","X=~x1",0.831,0.026,0.8,"Mplus",6669,7453608,500,"Extreme","7",2,TRUE,287.889999999985
"3577","X=~x2",0.831,0.026,0.8,"Mplus",6669,7453608,500,"Extreme","7",2,TRUE,287.889999999985
"3578","X=~x3",0.799,0.028,0.8,"Mplus",6669,7453608,500,"Extreme","7",2,TRUE,287.889999999985
"3579","Z=~z1",0.77,0.031,0.8,"Mplus",6669,7453608,500,"Extreme","7",2,TRUE,287.889999999985
"3580","Z=~z2",0.727,0.033,0.8,"Mplus",6669,7453608,500,"Extreme","7",2,TRUE,287.889999999985
"3581","Z=~z3",0.839,0.028,0.8,"Mplus",6669,7453608,500,"Extreme","7",2,TRUE,287.889999999985
"3582","Y=~y1",0.823,0.027,0.8,"Mplus",6669,7453608,500,"Extreme","7",2,TRUE,287.889999999985
"3583","Y=~y2",0.771,0.029,0.8,"Mplus",6669,7453608,500,"Extreme","7",2,TRUE,287.889999999985
"3584","Y=~y3",0.809,0.027,0.8,"Mplus",6669,7453608,500,"Extreme","7",2,TRUE,287.889999999985
"3585","Y~X",0.374,0.047,0.4,"Mplus",6669,7453608,500,"Extreme","7",2,TRUE,287.889999999985
"3586","Y~Z",0.544,0.043,0.5,"Mplus",6669,7453608,500,"Extreme","7",2,TRUE,287.889999999985
"3587","Y~X:Z",0.22,0.053,0.3,"Mplus",6669,7453608,500,"Extreme","7",2,TRUE,287.889999999985
"3588","X~~Z",0.143,0.056,0.2,"Mplus",6669,7453608,500,"Extreme","7",2,TRUE,287.889999999985
"3589","X=~x1",0.443867064887738,0.0924564230137957,0.5,"MC-OrdPLSc",6670,9485890,500,"Extreme","7",3,TRUE,31.5599999999977
"3590","X=~x2",0.548905509415335,0.0748592693603863,0.5,"MC-OrdPLSc",6670,9485890,500,"Extreme","7",3,TRUE,31.5599999999977
"3591","X=~x3",0.532707085397536,0.0708509556012789,0.5,"MC-OrdPLSc",6670,9485890,500,"Extreme","7",3,TRUE,31.5599999999977
"3592","Z=~z1",0.586194090407265,0.0939467843547934,0.5,"MC-OrdPLSc",6670,9485890,500,"Extreme","7",3,TRUE,31.5599999999977
"3593","Z=~z2",0.439053499857649,0.0883777738712865,0.5,"MC-OrdPLSc",6670,9485890,500,"Extreme","7",3,TRUE,31.5599999999977
"3594","Z=~z3",0.536791723329186,0.089822135534614,0.5,"MC-OrdPLSc",6670,9485890,500,"Extreme","7",3,TRUE,31.5599999999977
"3595","Y=~y1",0.511869113889724,0.0661392079106211,0.5,"MC-OrdPLSc",6670,9485890,500,"Extreme","7",3,TRUE,31.5599999999977
"3596","Y=~y2",0.60605545141285,0.0786706214525063,0.5,"MC-OrdPLSc",6670,9485890,500,"Extreme","7",3,TRUE,31.5599999999977
"3597","Y=~y3",0.360448295985888,0.0708258770058308,0.5,"MC-OrdPLSc",6670,9485890,500,"Extreme","7",3,TRUE,31.5599999999977
"3598","Y~X",0.506572469081318,0.100536303005876,0.4,"MC-OrdPLSc",6670,9485890,500,"Extreme","7",3,TRUE,31.5599999999977
"3599","Y~Z",0.336896405435299,0.123217478462102,0.5,"MC-OrdPLSc",6670,9485890,500,"Extreme","7",3,TRUE,31.5599999999977
"3600","Y~X:Z",0.398633439527572,0.15842666323715,0.3,"MC-OrdPLSc",6670,9485890,500,"Extreme","7",3,TRUE,31.5599999999977
"3601","X~~Z",0.303684124547313,0.0892842012938774,0.2,"MC-OrdPLSc",6670,9485890,500,"Extreme","7",3,TRUE,31.5599999999977
"3602","X=~x1",0.485257235721704,0.0739523716351012,0.5,"PLSc",6670,9485890,500,"Extreme","7",3,TRUE,4.72000000000116
"3603","X=~x2",0.407969512278275,0.082919706763224,0.5,"PLSc",6670,9485890,500,"Extreme","7",3,TRUE,4.72000000000116
"3604","X=~x3",0.638950111010293,0.0759012045756255,0.5,"PLSc",6670,9485890,500,"Extreme","7",3,TRUE,4.72000000000116
"3605","Z=~z1",0.390149800534649,0.0872703900835546,0.5,"PLSc",6670,9485890,500,"Extreme","7",3,TRUE,4.72000000000116
"3606","Z=~z2",0.271099600000715,0.0976286004839796,0.5,"PLSc",6670,9485890,500,"Extreme","7",3,TRUE,4.72000000000116
"3607","Z=~z3",0.630837027229685,0.106710974785621,0.5,"PLSc",6670,9485890,500,"Extreme","7",3,TRUE,4.72000000000116
"3608","Y=~y1",0.447627058111898,0.0647587182935258,0.5,"PLSc",6670,9485890,500,"Extreme","7",3,TRUE,4.72000000000116
"3609","Y=~y2",0.595216104990524,0.0664153561234766,0.5,"PLSc",6670,9485890,500,"Extreme","7",3,TRUE,4.72000000000116
"3610","Y=~y3",0.38007457335326,0.0758887098141502,0.5,"PLSc",6670,9485890,500,"Extreme","7",3,TRUE,4.72000000000116
"3611","Y~X",0.544499164497907,0.309372571918052,0.4,"PLSc",6670,9485890,500,"Extreme","7",3,TRUE,4.72000000000116
"3612","Y~Z",0.475869100101483,0.475710407996352,0.5,"PLSc",6670,9485890,500,"Extreme","7",3,TRUE,4.72000000000116
"3613","Y~X:Z",0.366932207665427,1.21037076062438,0.3,"PLSc",6670,9485890,500,"Extreme","7",3,TRUE,4.72000000000116
"3614","X~~Z",0.166324801672708,0.0930046813227463,0.2,"PLSc",6670,9485890,500,"Extreme","7",3,TRUE,4.72000000000116
"3615","X=~x1",0.704725566101124,0.0519375930332055,0.5,"PLS",6670,9485890,500,"Extreme","7",3,TRUE,2.07000000000698
"3616","X=~x2",0.617920530793727,0.0707824665374683,0.5,"PLS",6670,9485890,500,"Extreme","7",3,TRUE,2.07000000000698
"3617","X=~x3",0.796597511774958,0.0430767772511373,0.5,"PLS",6670,9485890,500,"Extreme","7",3,TRUE,2.07000000000698
"3618","Z=~z1",0.609154474454241,0.0992602027861654,0.5,"PLS",6670,9485890,500,"Extreme","7",3,TRUE,2.07000000000698
"3619","Z=~z2",0.492630788127217,0.110050401819791,0.5,"PLS",6670,9485890,500,"Extreme","7",3,TRUE,2.07000000000698
"3620","Z=~z3",0.851979608932039,0.054158025337583,0.5,"PLS",6670,9485890,500,"Extreme","7",3,TRUE,2.07000000000698
"3621","Y=~y1",0.663371773429447,0.0588088110590043,0.5,"PLS",6670,9485890,500,"Extreme","7",3,TRUE,2.07000000000698
"3622","Y=~y2",0.788087188765569,0.0423357394245055,0.5,"PLS",6670,9485890,500,"Extreme","7",3,TRUE,2.07000000000698
"3623","Y=~y3",0.617351507507686,0.0710905344807286,0.5,"PLS",6670,9485890,500,"Extreme","7",3,TRUE,2.07000000000698
"3624","Y~X",0.309309866790693,0.0400160314887394,0.4,"PLS",6670,9485890,500,"Extreme","7",3,TRUE,2.07000000000698
"3625","Y~Z",0.246528658197903,0.0419702975958588,0.5,"PLS",6670,9485890,500,"Extreme","7",3,TRUE,2.07000000000698
"3626","Y~X:Z",0.147962823476337,0.045918362173358,0.3,"PLS",6670,9485890,500,"Extreme","7",3,TRUE,2.07000000000698
"3627","X~~Z",0.0838460512760126,0.0454867511534855,0.2,"PLS",6670,9485890,500,"Extreme","7",3,TRUE,2.07000000000698
"3628","X=~x1",0.555,0.06,0.5,"Mplus",6670,9485890,500,"Extreme","7",3,TRUE,269.070000000007
"3629","X=~x2",0.434,0.06,0.5,"Mplus",6670,9485890,500,"Extreme","7",3,TRUE,269.070000000007
"3630","X=~x3",0.601,0.061,0.5,"Mplus",6670,9485890,500,"Extreme","7",3,TRUE,269.070000000007
"3631","Z=~z1",0.364,0.063,0.5,"Mplus",6670,9485890,500,"Extreme","7",3,TRUE,269.070000000007
"3632","Z=~z2",0.317,0.061,0.5,"Mplus",6670,9485890,500,"Extreme","7",3,TRUE,269.070000000007
"3633","Z=~z3",0.634,0.078,0.5,"Mplus",6670,9485890,500,"Extreme","7",3,TRUE,269.070000000007
"3634","Y=~y1",0.438,0.056,0.5,"Mplus",6670,9485890,500,"Extreme","7",3,TRUE,269.070000000007
"3635","Y=~y2",0.585,0.06,0.5,"Mplus",6670,9485890,500,"Extreme","7",3,TRUE,269.070000000007
"3636","Y=~y3",0.427,0.057,0.5,"Mplus",6670,9485890,500,"Extreme","7",3,TRUE,269.070000000007
"3637","Y~X",0.521,0.09,0.4,"Mplus",6670,9485890,500,"Extreme","7",3,TRUE,269.070000000007
"3638","Y~Z",0.494,0.098,0.5,"Mplus",6670,9485890,500,"Extreme","7",3,TRUE,269.070000000007
"3639","Y~X:Z",0.438,0.094,0.3,"Mplus",6670,9485890,500,"Extreme","7",3,TRUE,269.070000000007
"3640","X~~Z",0.212,0.088,0.2,"Mplus",6670,9485890,500,"Extreme","7",3,TRUE,269.070000000007
"3641","X=~x1",0.8063291516033,0.0219753420271184,0.8,"MC-OrdPLSc",6671,73030,1000,"Extreme","7",2,TRUE,31.7700000000041
"3642","X=~x2",0.825664783362988,0.0208215650069663,0.8,"MC-OrdPLSc",6671,73030,1000,"Extreme","7",2,TRUE,31.7700000000041
"3643","X=~x3",0.7545774345502,0.0241093767355141,0.8,"MC-OrdPLSc",6671,73030,1000,"Extreme","7",2,TRUE,31.7700000000041
"3644","Z=~z1",0.840696606804448,0.0177009794802178,0.8,"MC-OrdPLSc",6671,73030,1000,"Extreme","7",2,TRUE,31.7700000000041
"3645","Z=~z2",0.806464827056225,0.0192635068690255,0.8,"MC-OrdPLSc",6671,73030,1000,"Extreme","7",2,TRUE,31.7700000000041
"3646","Z=~z3",0.826099889721389,0.0193735428669433,0.8,"MC-OrdPLSc",6671,73030,1000,"Extreme","7",2,TRUE,31.7700000000041
"3647","Y=~y1",0.770072483753727,0.0199301731872759,0.8,"MC-OrdPLSc",6671,73030,1000,"Extreme","7",2,TRUE,31.7700000000041
"3648","Y=~y2",0.809010758453509,0.0196521966295035,0.8,"MC-OrdPLSc",6671,73030,1000,"Extreme","7",2,TRUE,31.7700000000041
"3649","Y=~y3",0.785933800260222,0.0195674184111163,0.8,"MC-OrdPLSc",6671,73030,1000,"Extreme","7",2,TRUE,31.7700000000041
"3650","Y~X",0.4306869518131,0.0372691009224077,0.4,"MC-OrdPLSc",6671,73030,1000,"Extreme","7",2,TRUE,31.7700000000041
"3651","Y~Z",0.49315669601922,0.0336643859651042,0.5,"MC-OrdPLSc",6671,73030,1000,"Extreme","7",2,TRUE,31.7700000000041
"3652","Y~X:Z",0.258930777981236,0.0413766665830944,0.3,"MC-OrdPLSc",6671,73030,1000,"Extreme","7",2,TRUE,31.7700000000041
"3653","X~~Z",0.236099413415016,0.0413150444397614,0.2,"MC-OrdPLSc",6671,73030,1000,"Extreme","7",2,TRUE,31.7700000000041
"3654","X=~x1",0.752328327429845,0.0380236982061966,0.8,"PLSc",6671,73030,1000,"Extreme","7",2,TRUE,6.65000000002328
"3655","X=~x2",0.79306192116282,0.0350552228066277,0.8,"PLSc",6671,73030,1000,"Extreme","7",2,TRUE,6.65000000002328
"3656","X=~x3",0.73370055124421,0.0375609535368188,0.8,"PLSc",6671,73030,1000,"Extreme","7",2,TRUE,6.65000000002328
"3657","Z=~z1",0.803085731343104,0.0375822813539321,0.8,"PLSc",6671,73030,1000,"Extreme","7",2,TRUE,6.65000000002328
"3658","Z=~z2",0.685504598904802,0.0408704062127243,0.8,"PLSc",6671,73030,1000,"Extreme","7",2,TRUE,6.65000000002328
"3659","Z=~z3",0.79376935967831,0.0363794220592,0.8,"PLSc",6671,73030,1000,"Extreme","7",2,TRUE,6.65000000002328
"3660","Y=~y1",0.73936025606287,0.0292383944435838,0.8,"PLSc",6671,73030,1000,"Extreme","7",2,TRUE,6.65000000002328
"3661","Y=~y2",0.751495664806629,0.0272891979943914,0.8,"PLSc",6671,73030,1000,"Extreme","7",2,TRUE,6.65000000002328
"3662","Y=~y3",0.814175701994447,0.0245770814120862,0.8,"PLSc",6671,73030,1000,"Extreme","7",2,TRUE,6.65000000002328
"3663","Y~X",0.429338174947423,0.0323299120258332,0.4,"PLSc",6671,73030,1000,"Extreme","7",2,TRUE,6.65000000002328
"3664","Y~Z",0.455820949937711,0.032171501052476,0.5,"PLSc",6671,73030,1000,"Extreme","7",2,TRUE,6.65000000002328
"3665","Y~X:Z",0.259091637944857,0.0361498392100949,0.3,"PLSc",6671,73030,1000,"Extreme","7",2,TRUE,6.65000000002328
"3666","X~~Z",0.131253819953542,0.0401025052251835,0.2,"PLSc",6671,73030,1000,"Extreme","7",2,TRUE,6.65000000002328
"3667","X=~x1",0.849919202372799,0.0124152948476512,0.8,"PLS",6671,73030,1000,"Extreme","7",2,TRUE,1.72999999998137
"3668","X=~x2",0.863895532085399,0.0112492091046154,0.8,"PLS",6671,73030,1000,"Extreme","7",2,TRUE,1.72999999998137
"3669","X=~x3",0.827628454479942,0.0136863793759101,0.8,"PLS",6671,73030,1000,"Extreme","7",2,TRUE,1.72999999998137
"3670","Z=~z1",0.865612158566657,0.0115416808240446,0.8,"PLS",6671,73030,1000,"Extreme","7",2,TRUE,1.72999999998137
"3671","Z=~z2",0.831851528598338,0.0146490433364413,0.8,"PLS",6671,73030,1000,"Extreme","7",2,TRUE,1.72999999998137
"3672","Z=~z3",0.847388149444845,0.0117280069231002,0.8,"PLS",6671,73030,1000,"Extreme","7",2,TRUE,1.72999999998137
"3673","Y=~y1",0.845939384600663,0.0127281650322584,0.8,"PLS",6671,73030,1000,"Extreme","7",2,TRUE,1.72999999998137
"3674","Y=~y2",0.843132366662718,0.0125982510265099,0.8,"PLS",6671,73030,1000,"Extreme","7",2,TRUE,1.72999999998137
"3675","Y=~y3",0.868290023052487,0.00994472252980834,0.8,"PLS",6671,73030,1000,"Extreme","7",2,TRUE,1.72999999998137
"3676","Y~X",0.362360394426263,0.025490437142408,0.4,"PLS",6671,73030,1000,"Extreme","7",2,TRUE,1.72999999998137
"3677","Y~Z",0.383984600384324,0.0248423513782756,0.5,"PLS",6671,73030,1000,"Extreme","7",2,TRUE,1.72999999998137
"3678","Y~X:Z",0.205289059387413,0.0238311125998628,0.3,"PLS",6671,73030,1000,"Extreme","7",2,TRUE,1.72999999998137
"3679","X~~Z",0.106032373836554,0.0326293627430471,0.2,"PLS",6671,73030,1000,"Extreme","7",2,TRUE,1.72999999998137
"3680","X=~x1",0.794,0.021,0.8,"Mplus",6671,73030,1000,"Extreme","7",2,TRUE,452.299999999988
"3681","X=~x2",0.814,0.021,0.8,"Mplus",6671,73030,1000,"Extreme","7",2,TRUE,452.299999999988
"3682","X=~x3",0.75,0.023,0.8,"Mplus",6671,73030,1000,"Extreme","7",2,TRUE,452.299999999988
"3683","Z=~z1",0.818,0.02,0.8,"Mplus",6671,73030,1000,"Extreme","7",2,TRUE,452.299999999988
"3684","Z=~z2",0.769,0.022,0.8,"Mplus",6671,73030,1000,"Extreme","7",2,TRUE,452.299999999988
"3685","Z=~z3",0.777,0.022,0.8,"Mplus",6671,73030,1000,"Extreme","7",2,TRUE,452.299999999988
"3686","Y=~y1",0.778,0.021,0.8,"Mplus",6671,73030,1000,"Extreme","7",2,TRUE,452.299999999988
"3687","Y=~y2",0.782,0.021,0.8,"Mplus",6671,73030,1000,"Extreme","7",2,TRUE,452.299999999988
"3688","Y=~y3",0.815,0.02,0.8,"Mplus",6671,73030,1000,"Extreme","7",2,TRUE,452.299999999988
"3689","Y~X",0.421,0.034,0.4,"Mplus",6671,73030,1000,"Extreme","7",2,TRUE,452.299999999988
"3690","Y~Z",0.467,0.033,0.5,"Mplus",6671,73030,1000,"Extreme","7",2,TRUE,452.299999999988
"3691","Y~X:Z",0.351,0.038,0.3,"Mplus",6671,73030,1000,"Extreme","7",2,TRUE,452.299999999988
"3692","X~~Z",0.136,0.04,0.2,"Mplus",6671,73030,1000,"Extreme","7",2,TRUE,452.299999999988
"3693","X=~x1",0.558151140118477,0.0556443155288399,0.5,"MC-OrdPLSc",6672,9329430,1000,"Extreme","7",3,TRUE,34.7200000000012
"3694","X=~x2",0.401336315682434,0.0577759605632228,0.5,"MC-OrdPLSc",6672,9329430,1000,"Extreme","7",3,TRUE,34.7200000000012
"3695","X=~x3",0.501521709973595,0.0510196339306079,0.5,"MC-OrdPLSc",6672,9329430,1000,"Extreme","7",3,TRUE,34.7200000000012
"3696","Z=~z1",0.41509578193741,0.0462900706707839,0.5,"MC-OrdPLSc",6672,9329430,1000,"Extreme","7",3,TRUE,34.7200000000012
"3697","Z=~z2",0.52922334204024,0.0647184935612474,0.5,"MC-OrdPLSc",6672,9329430,1000,"Extreme","7",3,TRUE,34.7200000000012
"3698","Z=~z3",0.514956899213346,0.0500017164229856,0.5,"MC-OrdPLSc",6672,9329430,1000,"Extreme","7",3,TRUE,34.7200000000012
"3699","Y=~y1",0.518653591085538,0.0432885282998106,0.5,"MC-OrdPLSc",6672,9329430,1000,"Extreme","7",3,TRUE,34.7200000000012
"3700","Y=~y2",0.524637098586278,0.0420897667878151,0.5,"MC-OrdPLSc",6672,9329430,1000,"Extreme","7",3,TRUE,34.7200000000012
"3701","Y=~y3",0.514235973047028,0.0486847096043584,0.5,"MC-OrdPLSc",6672,9329430,1000,"Extreme","7",3,TRUE,34.7200000000012
"3702","Y~X",0.472917192582773,0.0742977725583149,0.4,"MC-OrdPLSc",6672,9329430,1000,"Extreme","7",3,TRUE,34.7200000000012
"3703","Y~Z",0.475675358927133,0.0787261934949494,0.5,"MC-OrdPLSc",6672,9329430,1000,"Extreme","7",3,TRUE,34.7200000000012
"3704","Y~X:Z",0.251540279835694,0.116680246464819,0.3,"MC-OrdPLSc",6672,9329430,1000,"Extreme","7",3,TRUE,34.7200000000012
"3705","X~~Z",0.242966824764638,0.0682297706490152,0.2,"MC-OrdPLSc",6672,9329430,1000,"Extreme","7",3,TRUE,34.7200000000012
"3706","X=~x1",0.466239315917828,0.0616015849504407,0.5,"PLSc",6672,9329430,1000,"Extreme","7",3,TRUE,6.96000000002095
"3707","X=~x2",0.513442827547179,0.0619163141938999,0.5,"PLSc",6672,9329430,1000,"Extreme","7",3,TRUE,6.96000000002095
"3708","X=~x3",0.437281504862978,0.0633285722404785,0.5,"PLSc",6672,9329430,1000,"Extreme","7",3,TRUE,6.96000000002095
"3709","Z=~z1",0.575275036578632,0.0503785287415443,0.5,"PLSc",6672,9329430,1000,"Extreme","7",3,TRUE,6.96000000002095
"3710","Z=~z2",0.452296480915406,0.0567932332639331,0.5,"PLSc",6672,9329430,1000,"Extreme","7",3,TRUE,6.96000000002095
"3711","Z=~z3",0.395138593769622,0.0571613130576517,0.5,"PLSc",6672,9329430,1000,"Extreme","7",3,TRUE,6.96000000002095
"3712","Y=~y1",0.478150081709022,0.0435919762960993,0.5,"PLSc",6672,9329430,1000,"Extreme","7",3,TRUE,6.96000000002095
"3713","Y=~y2",0.44692123431246,0.0411555300959689,0.5,"PLSc",6672,9329430,1000,"Extreme","7",3,TRUE,6.96000000002095
"3714","Y=~y3",0.486029082782433,0.0458030073045127,0.5,"PLSc",6672,9329430,1000,"Extreme","7",3,TRUE,6.96000000002095
"3715","Y~X",0.446116147873976,0.093402751096366,0.4,"PLSc",6672,9329430,1000,"Extreme","7",3,TRUE,6.96000000002095
"3716","Y~Z",0.533592689041472,0.0766411589005087,0.5,"PLSc",6672,9329430,1000,"Extreme","7",3,TRUE,6.96000000002095
"3717","Y~X:Z",0.128455148307861,0.184126920599026,0.3,"PLSc",6672,9329430,1000,"Extreme","7",3,TRUE,6.96000000002095
"3718","X~~Z",0.222488385668598,0.0604302984461349,0.2,"PLSc",6672,9329430,1000,"Extreme","7",3,TRUE,6.96000000002095
"3719","X=~x1",0.681532009113764,0.051097581195796,0.5,"PLS",6672,9329430,1000,"Extreme","7",3,TRUE,2.02999999999884
"3720","X=~x2",0.727781174009428,0.0462813357205702,0.5,"PLS",6672,9329430,1000,"Extreme","7",3,TRUE,2.02999999999884
"3721","X=~x3",0.671994446143433,0.052040520351508,0.5,"PLS",6672,9329430,1000,"Extreme","7",3,TRUE,2.02999999999884
"3722","Z=~z1",0.759432800795919,0.0366515406924294,0.5,"PLS",6672,9329430,1000,"Extreme","7",3,TRUE,2.02999999999884
"3723","Z=~z2",0.690184358070541,0.0436863244019403,0.5,"PLS",6672,9329430,1000,"Extreme","7",3,TRUE,2.02999999999884
"3724","Z=~z3",0.627837178340599,0.0495097003860053,0.5,"PLS",6672,9329430,1000,"Extreme","7",3,TRUE,2.02999999999884
"3725","Y=~y1",0.709219807115856,0.0334913187659764,0.5,"PLS",6672,9329430,1000,"Extreme","7",3,TRUE,2.02999999999884
"3726","Y=~y2",0.657010579861191,0.0365511700052869,0.5,"PLS",6672,9329430,1000,"Extreme","7",3,TRUE,2.02999999999884
"3727","Y=~y3",0.712269944515944,0.0363203287175237,0.5,"PLS",6672,9329430,1000,"Extreme","7",3,TRUE,2.02999999999884
"3728","Y~X",0.24360509352461,0.0305116259842257,0.4,"PLS",6672,9329430,1000,"Extreme","7",3,TRUE,2.02999999999884
"3729","Y~Z",0.279654787750134,0.0303022696492342,0.5,"PLS",6672,9329430,1000,"Extreme","7",3,TRUE,2.02999999999884
"3730","Y~X:Z",0.0768593070166785,0.0311888852992953,0.3,"PLS",6672,9329430,1000,"Extreme","7",3,TRUE,2.02999999999884
"3731","X~~Z",0.105290387488545,0.02905726328988,0.2,"PLS",6672,9329430,1000,"Extreme","7",3,TRUE,2.02999999999884
"3732","X=~x1",0.469,0.047,0.5,"Mplus",6672,9329430,1000,"Extreme","7",3,TRUE,603.640000000014
"3733","X=~x2",0.513,0.047,0.5,"Mplus",6672,9329430,1000,"Extreme","7",3,TRUE,603.640000000014
"3734","X=~x3",0.466,0.046,0.5,"Mplus",6672,9329430,1000,"Extreme","7",3,TRUE,603.640000000014
"3735","Z=~z1",0.503,0.046,0.5,"Mplus",6672,9329430,1000,"Extreme","7",3,TRUE,603.640000000014
"3736","Z=~z2",0.522,0.045,0.5,"Mplus",6672,9329430,1000,"Extreme","7",3,TRUE,603.640000000014
"3737","Z=~z3",0.476,0.045,0.5,"Mplus",6672,9329430,1000,"Extreme","7",3,TRUE,603.640000000014
"3738","Y=~y1",0.489,0.04,0.5,"Mplus",6672,9329430,1000,"Extreme","7",3,TRUE,603.640000000014
"3739","Y=~y2",0.429,0.04,0.5,"Mplus",6672,9329430,1000,"Extreme","7",3,TRUE,603.640000000014
"3740","Y=~y3",0.472,0.041,0.5,"Mplus",6672,9329430,1000,"Extreme","7",3,TRUE,603.640000000014
"3741","Y~X",0.516,0.07,0.4,"Mplus",6672,9329430,1000,"Extreme","7",3,TRUE,603.640000000014
"3742","Y~Z",0.546,0.068,0.5,"Mplus",6672,9329430,1000,"Extreme","7",3,TRUE,603.640000000014
"3743","Y~X:Z",0.292,0.076,0.3,"Mplus",6672,9329430,1000,"Extreme","7",3,TRUE,603.640000000014
"3744","X~~Z",0.2,0.066,0.2,"Mplus",6672,9329430,1000,"Extreme","7",3,TRUE,603.640000000014
"3745","X=~x1",0.722027012493529,0.142664831947357,0.8,"MC-OrdPLSc",6673,4391954,200,"Alt.Mod","2",2,TRUE,13.5199999999968
"3746","X=~x2",0.801017027617739,0.116300329834806,0.8,"MC-OrdPLSc",6673,4391954,200,"Alt.Mod","2",2,TRUE,13.5199999999968
"3747","X=~x3",0.921711646779225,0.11691259629266,0.8,"MC-OrdPLSc",6673,4391954,200,"Alt.Mod","2",2,TRUE,13.5199999999968
"3748","Z=~z1",0.681185526985702,0.120132634991707,0.8,"MC-OrdPLSc",6673,4391954,200,"Alt.Mod","2",2,TRUE,13.5199999999968
"3749","Z=~z2",0.881891792954129,0.0907383506767322,0.8,"MC-OrdPLSc",6673,4391954,200,"Alt.Mod","2",2,TRUE,13.5199999999968
"3750","Z=~z3",0.814494568381765,0.111183525902253,0.8,"MC-OrdPLSc",6673,4391954,200,"Alt.Mod","2",2,TRUE,13.5199999999968
"3751","Y=~y1",0.836071455665464,0.0984796542325135,0.8,"MC-OrdPLSc",6673,4391954,200,"Alt.Mod","2",2,TRUE,13.5199999999968
"3752","Y=~y2",0.569994208386303,0.118357864361977,0.8,"MC-OrdPLSc",6673,4391954,200,"Alt.Mod","2",2,TRUE,13.5199999999968
"3753","Y=~y3",0.8129864926037,0.111363230736702,0.8,"MC-OrdPLSc",6673,4391954,200,"Alt.Mod","2",2,TRUE,13.5199999999968
"3754","Y~X",0.434678688555483,0.0920102621979206,0.4,"MC-OrdPLSc",6673,4391954,200,"Alt.Mod","2",2,TRUE,13.5199999999968
"3755","Y~Z",0.421448301963563,0.0821292229739334,0.5,"MC-OrdPLSc",6673,4391954,200,"Alt.Mod","2",2,TRUE,13.5199999999968
"3756","Y~X:Z",0.356562576298734,0.124731335100788,0.3,"MC-OrdPLSc",6673,4391954,200,"Alt.Mod","2",2,TRUE,13.5199999999968
"3757","X~~Z",0.217864692328951,0.106464381830016,0.2,"MC-OrdPLSc",6673,4391954,200,"Alt.Mod","2",2,TRUE,13.5199999999968
"3758","X=~x1",0.756182531565355,0.114438771014493,0.8,"PLSc",6673,4391954,200,"Alt.Mod","2",2,TRUE,3.39999999999418
"3759","X=~x2",0.546804295241172,0.138930790823562,0.8,"PLSc",6673,4391954,200,"Alt.Mod","2",2,TRUE,3.39999999999418
"3760","X=~x3",0.721920132502594,0.111485438349004,0.8,"PLSc",6673,4391954,200,"Alt.Mod","2",2,TRUE,3.39999999999418
"3761","Z=~z1",0.837576847205074,0.194590930616253,0.8,"PLSc",6673,4391954,200,"Alt.Mod","2",2,TRUE,3.39999999999418
"3762","Z=~z2",0.322313683489138,0.24306513798365,0.8,"PLSc",6673,4391954,200,"Alt.Mod","2",2,TRUE,3.39999999999418
"3763","Z=~z3",0.618513026098131,0.203644980189059,0.8,"PLSc",6673,4391954,200,"Alt.Mod","2",2,TRUE,3.39999999999418
"3764","Y=~y1",0.82916902835556,0.102513553863363,0.8,"PLSc",6673,4391954,200,"Alt.Mod","2",2,TRUE,3.39999999999418
"3765","Y=~y2",0.600907456197734,0.109953401962778,0.8,"PLSc",6673,4391954,200,"Alt.Mod","2",2,TRUE,3.39999999999418
"3766","Y=~y3",0.484852226445473,0.122906494649305,0.8,"PLSc",6673,4391954,200,"Alt.Mod","2",2,TRUE,3.39999999999418
"3767","Y~X",0.434926806809605,0.114814432870465,0.4,"PLSc",6673,4391954,200,"Alt.Mod","2",2,TRUE,3.39999999999418
"3768","Y~Z",0.276049277342267,0.155950142956667,0.5,"PLSc",6673,4391954,200,"Alt.Mod","2",2,TRUE,3.39999999999418
"3769","Y~X:Z",0.286063425212781,0.267370839766499,0.3,"PLSc",6673,4391954,200,"Alt.Mod","2",2,TRUE,3.39999999999418
"3770","X~~Z",0.0808802227330686,0.109049423432174,0.2,"PLSc",6673,4391954,200,"Alt.Mod","2",2,TRUE,3.39999999999418
"3771","X=~x1",0.82277652486586,0.0452015689502462,0.8,"PLS",6673,4391954,200,"Alt.Mod","2",2,TRUE,2.18000000002212
"3772","X=~x2",0.757247489857845,0.0653999086292944,0.8,"PLS",6673,4391954,200,"Alt.Mod","2",2,TRUE,2.18000000002212
"3773","X=~x3",0.815964060494248,0.0450060284085615,0.8,"PLS",6673,4391954,200,"Alt.Mod","2",2,TRUE,2.18000000002212
"3774","Z=~z1",0.87048901613546,0.0834567309996815,0.8,"PLS",6673,4391954,200,"Alt.Mod","2",2,TRUE,2.18000000002212
"3775","Z=~z2",0.700474383134487,0.179078041279122,0.8,"PLS",6673,4391954,200,"Alt.Mod","2",2,TRUE,2.18000000002212
"3776","Z=~z3",0.713878166966348,0.143560480854901,0.8,"PLS",6673,4391954,200,"Alt.Mod","2",2,TRUE,2.18000000002212
"3777","Y=~y1",0.845537069050044,0.03915542179446,0.8,"PLS",6673,4391954,200,"Alt.Mod","2",2,TRUE,2.18000000002212
"3778","Y=~y2",0.783364519254865,0.0548176859965932,0.8,"PLS",6673,4391954,200,"Alt.Mod","2",2,TRUE,2.18000000002212
"3779","Y=~y3",0.69278648593502,0.0765024811237884,0.8,"PLS",6673,4391954,200,"Alt.Mod","2",2,TRUE,2.18000000002212
"3780","Y~X",0.325774854672295,0.0593276445395822,0.4,"PLS",6673,4391954,200,"Alt.Mod","2",2,TRUE,2.18000000002212
"3781","Y~Z",0.203218771616158,0.0606071764158678,0.5,"PLS",6673,4391954,200,"Alt.Mod","2",2,TRUE,2.18000000002212
"3782","Y~X:Z",0.15959236566003,0.0748835486364547,0.3,"PLS",6673,4391954,200,"Alt.Mod","2",2,TRUE,2.18000000002212
"3783","X~~Z",0.0589298407222613,0.0687581157630693,0.2,"PLS",6673,4391954,200,"Alt.Mod","2",2,TRUE,2.18000000002212
"3784","X=~x1",0.799,0.071,0.8,"Mplus",6673,4391954,200,"Alt.Mod","2",2,TRUE,75.1699999999837
"3785","X=~x2",0.784,0.073,0.8,"Mplus",6673,4391954,200,"Alt.Mod","2",2,TRUE,75.1699999999837
"3786","X=~x3",0.83,0.071,0.8,"Mplus",6673,4391954,200,"Alt.Mod","2",2,TRUE,75.1699999999837
"3787","Z=~z1",0.892,0.07,0.8,"Mplus",6673,4391954,200,"Alt.Mod","2",2,TRUE,75.1699999999837
"3788","Z=~z2",0.813,0.08,0.8,"Mplus",6673,4391954,200,"Alt.Mod","2",2,TRUE,75.1699999999837
"3789","Z=~z3",0.553,0.093,0.8,"Mplus",6673,4391954,200,"Alt.Mod","2",2,TRUE,75.1699999999837
"3790","Y=~y1",0.817,0.077,0.8,"Mplus",6673,4391954,200,"Alt.Mod","2",2,TRUE,75.1699999999837
"3791","Y=~y2",0.834,0.074,0.8,"Mplus",6673,4391954,200,"Alt.Mod","2",2,TRUE,75.1699999999837
"3792","Y=~y3",0.716,0.086,0.8,"Mplus",6673,4391954,200,"Alt.Mod","2",2,TRUE,75.1699999999837
"3793","Y~X",0.505,0.088,0.4,"Mplus",6673,4391954,200,"Alt.Mod","2",2,TRUE,75.1699999999837
"3794","Y~Z",0.331,0.098,0.5,"Mplus",6673,4391954,200,"Alt.Mod","2",2,TRUE,75.1699999999837
"3795","Y~X:Z",0.388,0.129,0.3,"Mplus",6673,4391954,200,"Alt.Mod","2",2,TRUE,75.1699999999837
"3796","X~~Z",0.059,0.11,0.2,"Mplus",6673,4391954,200,"Alt.Mod","2",2,TRUE,75.1699999999837
"3797","X=~x1",0.213205736615525,0.63402906196524,0.5,"MC-OrdPLSc",6674,3654626,200,"Alt.Mod","2",3,TRUE,23.4399999999951
"3798","X=~x2",0.650949378604542,1.65815885974835,0.5,"MC-OrdPLSc",6674,3654626,200,"Alt.Mod","2",3,TRUE,23.4399999999951
"3799","X=~x3",0.536531133112921,0.762429240202087,0.5,"MC-OrdPLSc",6674,3654626,200,"Alt.Mod","2",3,TRUE,23.4399999999951
"3800","Z=~z1",0.572098679963915,0.814279902774441,0.5,"MC-OrdPLSc",6674,3654626,200,"Alt.Mod","2",3,TRUE,23.4399999999951
"3801","Z=~z2",0.374257251029922,0.897909184846422,0.5,"MC-OrdPLSc",6674,3654626,200,"Alt.Mod","2",3,TRUE,23.4399999999951
"3802","Z=~z3",0.435377494083579,0.622674208954035,0.5,"MC-OrdPLSc",6674,3654626,200,"Alt.Mod","2",3,TRUE,23.4399999999951
"3803","Y=~y1",0.328799033279714,0.715439945790536,0.5,"MC-OrdPLSc",6674,3654626,200,"Alt.Mod","2",3,TRUE,23.4399999999951
"3804","Y=~y2",0.528892866024374,1.02685669776219,0.5,"MC-OrdPLSc",6674,3654626,200,"Alt.Mod","2",3,TRUE,23.4399999999951
"3805","Y=~y3",0.217251718216611,0.586606337857069,0.5,"MC-OrdPLSc",6674,3654626,200,"Alt.Mod","2",3,TRUE,23.4399999999951
"3806","Y~X",0.372128452781994,0.87172177136897,0.4,"MC-OrdPLSc",6674,3654626,200,"Alt.Mod","2",3,TRUE,23.4399999999951
"3807","Y~Z",0.553984245816426,1.64150761003187,0.5,"MC-OrdPLSc",6674,3654626,200,"Alt.Mod","2",3,TRUE,23.4399999999951
"3808","Y~X:Z",-0.182776054891887,1.41850388780019,0.3,"MC-OrdPLSc",6674,3654626,200,"Alt.Mod","2",3,TRUE,23.4399999999951
"3809","X~~Z",0.0122993947923001,0.316323738720123,0.2,"MC-OrdPLSc",6674,3654626,200,"Alt.Mod","2",3,TRUE,23.4399999999951
"3810","X=~x1",-0.289303068290751,0.386716822692186,0.5,"PLSc",6674,3654626,200,"Alt.Mod","2",3,FALSE,6.35999999998603
"3811","X=~x2",0.916268458066929,0.336797205711188,0.5,"PLSc",6674,3654626,200,"Alt.Mod","2",3,FALSE,6.35999999998603
"3812","X=~x3",0.134984320997332,0.284820480226646,0.5,"PLSc",6674,3654626,200,"Alt.Mod","2",3,FALSE,6.35999999998603
"3813","Z=~z1",0.216382110884772,0.1569380711704,0.5,"PLSc",6674,3654626,200,"Alt.Mod","2",3,FALSE,6.35999999998603
"3814","Z=~z2",0.254668345726307,0.2027545610342,0.5,"PLSc",6674,3654626,200,"Alt.Mod","2",3,FALSE,6.35999999998603
"3815","Z=~z3",0.493211328179453,0.219360661899801,0.5,"PLSc",6674,3654626,200,"Alt.Mod","2",3,FALSE,6.35999999998603
"3816","Y=~y1",0.19205047537401,0.279589730663361,0.5,"PLSc",6674,3654626,200,"Alt.Mod","2",3,FALSE,6.35999999998603
"3817","Y=~y2",0.0289062758030479,0.230560107689614,0.5,"PLSc",6674,3654626,200,"Alt.Mod","2",3,FALSE,6.35999999998603
"3818","Y=~y3",1.00694742957112,0.242373038163165,0.5,"PLSc",6674,3654626,200,"Alt.Mod","2",3,FALSE,6.35999999998603
"3819","Y~X",-0.00663808460555167,21.0720269067518,0.4,"PLSc",6674,3654626,200,"Alt.Mod","2",3,FALSE,6.35999999998603
"3820","Y~Z",0.530782774196161,25.8350183839643,0.5,"PLSc",6674,3654626,200,"Alt.Mod","2",3,FALSE,6.35999999998603
"3821","Y~X:Z",0.136006094523299,18.7919090761948,0.3,"PLSc",6674,3654626,200,"Alt.Mod","2",3,FALSE,6.35999999998603
"3822","X~~Z",0.337702229308591,0.870483570929032,0.2,"PLSc",6674,3654626,200,"Alt.Mod","2",3,FALSE,6.35999999998603
"3823","X=~x1",-0.148712729123687,0.505572442684901,0.5,"PLS",6674,3654626,200,"Alt.Mod","2",3,TRUE,4.97000000000116
"3824","X=~x2",0.941595502506072,0.411983339153737,0.5,"PLS",6674,3654626,200,"Alt.Mod","2",3,TRUE,4.97000000000116
"3825","X=~x3",0.26438338311335,0.385394878899823,0.5,"PLS",6674,3654626,200,"Alt.Mod","2",3,TRUE,4.97000000000116
"3826","Z=~z1",0.398148994246825,0.254435654357903,0.5,"PLS",6674,3654626,200,"Alt.Mod","2",3,TRUE,4.97000000000116
"3827","Z=~z2",0.524349364824615,0.277570716343877,0.5,"PLS",6674,3654626,200,"Alt.Mod","2",3,TRUE,4.97000000000116
"3828","Z=~z3",0.861256854411185,0.189905879772919,0.5,"PLS",6674,3654626,200,"Alt.Mod","2",3,TRUE,4.97000000000116
"3829","Y=~y1",0.345870132970233,0.374391276773268,0.5,"PLS",6674,3654626,200,"Alt.Mod","2",3,TRUE,4.97000000000116
"3830","Y=~y2",0.191290815020041,0.316287582022975,0.5,"PLS",6674,3654626,200,"Alt.Mod","2",3,TRUE,4.97000000000116
"3831","Y=~y3",0.983387892696135,0.169266506122961,0.5,"PLS",6674,3654626,200,"Alt.Mod","2",3,TRUE,4.97000000000116
"3832","Y~X",0.114407379189823,0.0749197404864432,0.4,"PLS",6674,3654626,200,"Alt.Mod","2",3,TRUE,4.97000000000116
"3833","Y~Z",0.256178171509136,0.0738591293068055,0.5,"PLS",6674,3654626,200,"Alt.Mod","2",3,TRUE,4.97000000000116
"3834","Y~X:Z",0.0383249505561938,0.0972565536565667,0.3,"PLS",6674,3654626,200,"Alt.Mod","2",3,TRUE,4.97000000000116
"3835","X~~Z",0.185985949227616,0.0909437819374063,0.2,"PLS",6674,3654626,200,"Alt.Mod","2",3,TRUE,4.97000000000116
"3836","X=~x1",0.26,0.074,0.5,"Mplus",6674,3654626,200,"Alt.Mod","2",3,TRUE,86.8600000000151
"3837","X=~x2",0.986,0.086,0.5,"Mplus",6674,3654626,200,"Alt.Mod","2",3,TRUE,86.8600000000151
"3838","X=~x3",0.157,0.098,0.5,"Mplus",6674,3654626,200,"Alt.Mod","2",3,TRUE,86.8600000000151
"3839","Z=~z1",0.242,0.083,0.5,"Mplus",6674,3654626,200,"Alt.Mod","2",3,TRUE,86.8600000000151
"3840","Z=~z2",0.292,0.107,0.5,"Mplus",6674,3654626,200,"Alt.Mod","2",3,TRUE,86.8600000000151
"3841","Z=~z3",0.465,0.107,0.5,"Mplus",6674,3654626,200,"Alt.Mod","2",3,TRUE,86.8600000000151
"3842","Y=~y1",0.334,0.11,0.5,"Mplus",6674,3654626,200,"Alt.Mod","2",3,TRUE,86.8600000000151
"3843","Y=~y2",0.34,0.126,0.5,"Mplus",6674,3654626,200,"Alt.Mod","2",3,TRUE,86.8600000000151
"3844","Y=~y3",0.998,0.01,0.5,"Mplus",6674,3654626,200,"Alt.Mod","2",3,TRUE,86.8600000000151
"3845","Y~X",0.095,0.115,0.4,"Mplus",6674,3654626,200,"Alt.Mod","2",3,TRUE,86.8600000000151
"3846","Y~Z",0.747,0.076,0.5,"Mplus",6674,3654626,200,"Alt.Mod","2",3,TRUE,86.8600000000151
"3847","Y~X:Z",0.549,0.075,0.3,"Mplus",6674,3654626,200,"Alt.Mod","2",3,TRUE,86.8600000000151
"3848","X~~Z",0.46,0.157,0.2,"Mplus",6674,3654626,200,"Alt.Mod","2",3,TRUE,86.8600000000151
"3849","X=~x1",0.834187509848366,0.0546959510794965,0.8,"MC-OrdPLSc",6675,7125485,500,"Alt.Mod","2",2,TRUE,15.7099999999991
"3850","X=~x2",0.800709226630201,0.0557781867525095,0.8,"MC-OrdPLSc",6675,7125485,500,"Alt.Mod","2",2,TRUE,15.7099999999991
"3851","X=~x3",0.852914812225617,0.048984575518558,0.8,"MC-OrdPLSc",6675,7125485,500,"Alt.Mod","2",2,TRUE,15.7099999999991
"3852","Z=~z1",0.761467696205359,0.0553266875060859,0.8,"MC-OrdPLSc",6675,7125485,500,"Alt.Mod","2",2,TRUE,15.7099999999991
"3853","Z=~z2",0.811199298953237,0.0484813397305953,0.8,"MC-OrdPLSc",6675,7125485,500,"Alt.Mod","2",2,TRUE,15.7099999999991
"3854","Z=~z3",0.775032688353646,0.0547181290316306,0.8,"MC-OrdPLSc",6675,7125485,500,"Alt.Mod","2",2,TRUE,15.7099999999991
"3855","Y=~y1",0.866592075993519,0.047118732902026,0.8,"MC-OrdPLSc",6675,7125485,500,"Alt.Mod","2",2,TRUE,15.7099999999991
"3856","Y=~y2",0.81235074749068,0.0516948933579065,0.8,"MC-OrdPLSc",6675,7125485,500,"Alt.Mod","2",2,TRUE,15.7099999999991
"3857","Y=~y3",0.725189637641753,0.0554542607257671,0.8,"MC-OrdPLSc",6675,7125485,500,"Alt.Mod","2",2,TRUE,15.7099999999991
"3858","Y~X",0.4019448718935,0.0646195459384436,0.4,"MC-OrdPLSc",6675,7125485,500,"Alt.Mod","2",2,TRUE,15.7099999999991
"3859","Y~Z",0.486064955274996,0.0598759251807213,0.5,"MC-OrdPLSc",6675,7125485,500,"Alt.Mod","2",2,TRUE,15.7099999999991
"3860","Y~X:Z",0.290950663607507,0.0800590740894175,0.3,"MC-OrdPLSc",6675,7125485,500,"Alt.Mod","2",2,TRUE,15.7099999999991
"3861","X~~Z",0.257327739110693,0.0663487922529683,0.2,"MC-OrdPLSc",6675,7125485,500,"Alt.Mod","2",2,TRUE,15.7099999999991
"3862","X=~x1",0.693956163065304,0.0728229319905888,0.8,"PLSc",6675,7125485,500,"Alt.Mod","2",2,TRUE,4.64999999999418
"3863","X=~x2",0.747022860140356,0.0825507446807921,0.8,"PLSc",6675,7125485,500,"Alt.Mod","2",2,TRUE,4.64999999999418
"3864","X=~x3",0.617990136930686,0.0839695205671253,0.8,"PLSc",6675,7125485,500,"Alt.Mod","2",2,TRUE,4.64999999999418
"3865","Z=~z1",0.576221181873028,0.0761732021984063,0.8,"PLSc",6675,7125485,500,"Alt.Mod","2",2,TRUE,4.64999999999418
"3866","Z=~z2",0.756868911453685,0.0686931352701824,0.8,"PLSc",6675,7125485,500,"Alt.Mod","2",2,TRUE,4.64999999999418
"3867","Z=~z3",0.619695897626398,0.0679880859949006,0.8,"PLSc",6675,7125485,500,"Alt.Mod","2",2,TRUE,4.64999999999418
"3868","Y=~y1",0.689890268538938,0.052836022668161,0.8,"PLSc",6675,7125485,500,"Alt.Mod","2",2,TRUE,4.64999999999418
"3869","Y=~y2",0.669998346571566,0.0561089326694358,0.8,"PLSc",6675,7125485,500,"Alt.Mod","2",2,TRUE,4.64999999999418
"3870","Y=~y3",0.522234005629416,0.0579691863764521,0.8,"PLSc",6675,7125485,500,"Alt.Mod","2",2,TRUE,4.64999999999418
"3871","Y~X",0.377778933952704,0.0622691203742531,0.4,"PLSc",6675,7125485,500,"Alt.Mod","2",2,TRUE,4.64999999999418
"3872","Y~Z",0.490741166103,0.0659232190055447,0.5,"PLSc",6675,7125485,500,"Alt.Mod","2",2,TRUE,4.64999999999418
"3873","Y~X:Z",0.219641789198578,0.0711397305878959,0.3,"PLSc",6675,7125485,500,"Alt.Mod","2",2,TRUE,4.64999999999418
"3874","X~~Z",0.102434893174224,0.0608808262050169,0.2,"PLSc",6675,7125485,500,"Alt.Mod","2",2,TRUE,4.64999999999418
"3875","X=~x1",0.794981173054391,0.0297928244813985,0.8,"PLS",6675,7125485,500,"Alt.Mod","2",2,TRUE,1.9199999999837
"3876","X=~x2",0.826339829532394,0.028697644056694,0.8,"PLS",6675,7125485,500,"Alt.Mod","2",2,TRUE,1.9199999999837
"3877","X=~x3",0.793327151940107,0.0334027481962566,0.8,"PLS",6675,7125485,500,"Alt.Mod","2",2,TRUE,1.9199999999837
"3878","Z=~z1",0.745289270941247,0.0408888692368418,0.8,"PLS",6675,7125485,500,"Alt.Mod","2",2,TRUE,1.9199999999837
"3879","Z=~z2",0.82191778742883,0.0286604345109379,0.8,"PLS",6675,7125485,500,"Alt.Mod","2",2,TRUE,1.9199999999837
"3880","Z=~z3",0.784406603636908,0.0318658302503854,0.8,"PLS",6675,7125485,500,"Alt.Mod","2",2,TRUE,1.9199999999837
"3881","Y=~y1",0.804181478922355,0.0252956735364229,0.8,"PLS",6675,7125485,500,"Alt.Mod","2",2,TRUE,1.9199999999837
"3882","Y=~y2",0.80075630746584,0.0284459135462569,0.8,"PLS",6675,7125485,500,"Alt.Mod","2",2,TRUE,1.9199999999837
"3883","Y=~y3",0.704520267600448,0.0383065220881303,0.8,"PLS",6675,7125485,500,"Alt.Mod","2",2,TRUE,1.9199999999837
"3884","Y~X",0.272391512339649,0.0417844674921037,0.4,"PLS",6675,7125485,500,"Alt.Mod","2",2,TRUE,1.9199999999837
"3885","Y~Z",0.337047355126735,0.0417819844542936,0.5,"PLS",6675,7125485,500,"Alt.Mod","2",2,TRUE,1.9199999999837
"3886","Y~X:Z",0.12188030651312,0.042148274383034,0.3,"PLS",6675,7125485,500,"Alt.Mod","2",2,TRUE,1.9199999999837
"3887","X~~Z",0.0735635289380066,0.0440516181430814,0.2,"PLS",6675,7125485,500,"Alt.Mod","2",2,TRUE,1.9199999999837
"3888","X=~x1",0.769,0.046,0.8,"Mplus",6675,7125485,500,"Alt.Mod","2",2,TRUE,117.889999999985
"3889","X=~x2",0.842,0.044,0.8,"Mplus",6675,7125485,500,"Alt.Mod","2",2,TRUE,117.889999999985
"3890","X=~x3",0.836,0.044,0.8,"Mplus",6675,7125485,500,"Alt.Mod","2",2,TRUE,117.889999999985
"3891","Z=~z1",0.722,0.051,0.8,"Mplus",6675,7125485,500,"Alt.Mod","2",2,TRUE,117.889999999985
"3892","Z=~z2",0.823,0.05,0.8,"Mplus",6675,7125485,500,"Alt.Mod","2",2,TRUE,117.889999999985
"3893","Z=~z3",0.78,0.05,0.8,"Mplus",6675,7125485,500,"Alt.Mod","2",2,TRUE,117.889999999985
"3894","Y=~y1",0.815,0.048,0.8,"Mplus",6675,7125485,500,"Alt.Mod","2",2,TRUE,117.889999999985
"3895","Y=~y2",0.813,0.049,0.8,"Mplus",6675,7125485,500,"Alt.Mod","2",2,TRUE,117.889999999985
"3896","Y=~y3",0.681,0.056,0.8,"Mplus",6675,7125485,500,"Alt.Mod","2",2,TRUE,117.889999999985
"3897","Y~X",0.423,0.057,0.4,"Mplus",6675,7125485,500,"Alt.Mod","2",2,TRUE,117.889999999985
"3898","Y~Z",0.52,0.056,0.5,"Mplus",6675,7125485,500,"Alt.Mod","2",2,TRUE,117.889999999985
"3899","Y~X:Z",0.3,0.077,0.3,"Mplus",6675,7125485,500,"Alt.Mod","2",2,TRUE,117.889999999985
"3900","X~~Z",0.109,0.07,0.2,"Mplus",6675,7125485,500,"Alt.Mod","2",2,TRUE,117.889999999985
"3901","X=~x1",0.306336845116825,0.152584523683827,0.5,"MC-OrdPLSc",6676,194254,500,"Alt.Mod","2",3,TRUE,21.7900000000009
"3902","X=~x2",0.443250890686767,0.207850693913506,0.5,"MC-OrdPLSc",6676,194254,500,"Alt.Mod","2",3,TRUE,21.7900000000009
"3903","X=~x3",0.496476912286246,0.220275739673143,0.5,"MC-OrdPLSc",6676,194254,500,"Alt.Mod","2",3,TRUE,21.7900000000009
"3904","Z=~z1",0.499723301519743,0.131684933872445,0.5,"MC-OrdPLSc",6676,194254,500,"Alt.Mod","2",3,TRUE,21.7900000000009
"3905","Z=~z2",0.339892090688977,0.125920739619777,0.5,"MC-OrdPLSc",6676,194254,500,"Alt.Mod","2",3,TRUE,21.7900000000009
"3906","Z=~z3",0.614933412749998,0.126756134014947,0.5,"MC-OrdPLSc",6676,194254,500,"Alt.Mod","2",3,TRUE,21.7900000000009
"3907","Y=~y1",0.532787027467945,0.145882509777345,0.5,"MC-OrdPLSc",6676,194254,500,"Alt.Mod","2",3,TRUE,21.7900000000009
"3908","Y=~y2",0.400581919614997,0.161526076158744,0.5,"MC-OrdPLSc",6676,194254,500,"Alt.Mod","2",3,TRUE,21.7900000000009
"3909","Y=~y3",0.804174888387607,0.175879946870873,0.5,"MC-OrdPLSc",6676,194254,500,"Alt.Mod","2",3,TRUE,21.7900000000009
"3910","Y~X",0.340160417433992,0.160506808156953,0.4,"MC-OrdPLSc",6676,194254,500,"Alt.Mod","2",3,TRUE,21.7900000000009
"3911","Y~Z",0.548093441694775,0.145119818284742,0.5,"MC-OrdPLSc",6676,194254,500,"Alt.Mod","2",3,TRUE,21.7900000000009
"3912","Y~X:Z",0.570498575516085,0.198910765843748,0.3,"MC-OrdPLSc",6676,194254,500,"Alt.Mod","2",3,TRUE,21.7900000000009
"3913","X~~Z",0.399768932095117,0.175988024472067,0.2,"MC-OrdPLSc",6676,194254,500,"Alt.Mod","2",3,TRUE,21.7900000000009
"3914","X=~x1",0.553572389893331,0.0973563859479417,0.5,"PLSc",6676,194254,500,"Alt.Mod","2",3,TRUE,5.25
"3915","X=~x2",0.341322077771231,0.110106522634555,0.5,"PLSc",6676,194254,500,"Alt.Mod","2",3,TRUE,5.25
"3916","X=~x3",0.447344453396365,0.0982529493186989,0.5,"PLSc",6676,194254,500,"Alt.Mod","2",3,TRUE,5.25
"3917","Z=~z1",0.280161621325598,0.110703265327896,0.5,"PLSc",6676,194254,500,"Alt.Mod","2",3,TRUE,5.25
"3918","Z=~z2",0.30883966733143,0.12791518346183,0.5,"PLSc",6676,194254,500,"Alt.Mod","2",3,TRUE,5.25
"3919","Z=~z3",0.571032613197147,0.13679661648691,0.5,"PLSc",6676,194254,500,"Alt.Mod","2",3,TRUE,5.25
"3920","Y=~y1",0.2970392711336,0.0791290905521053,0.5,"PLSc",6676,194254,500,"Alt.Mod","2",3,TRUE,5.25
"3921","Y=~y2",0.339548727712985,0.0798165776106677,0.5,"PLSc",6676,194254,500,"Alt.Mod","2",3,TRUE,5.25
"3922","Y=~y3",0.319681613679657,0.0896999331147308,0.5,"PLSc",6676,194254,500,"Alt.Mod","2",3,TRUE,5.25
"3923","Y~X",0.527806663096328,0.76219312975767,0.4,"PLSc",6676,194254,500,"Alt.Mod","2",3,TRUE,5.25
"3924","Y~Z",0.53105493775871,1.8903328963492,0.5,"PLSc",6676,194254,500,"Alt.Mod","2",3,TRUE,5.25
"3925","Y~X:Z",0.0212361954165762,1.84527561576085,0.3,"PLSc",6676,194254,500,"Alt.Mod","2",3,TRUE,5.25
"3926","X~~Z",0.270736798494601,0.118714693075966,0.2,"PLSc",6676,194254,500,"Alt.Mod","2",3,TRUE,5.25
"3927","X=~x1",0.79060556082863,0.0643758882602667,0.5,"PLS",6676,194254,500,"Alt.Mod","2",3,TRUE,2.80000000001746
"3928","X=~x2",0.552841103487581,0.113034788494907,0.5,"PLS",6676,194254,500,"Alt.Mod","2",3,TRUE,2.80000000001746
"3929","X=~x3",0.67737688821307,0.0881896213665114,0.5,"PLS",6676,194254,500,"Alt.Mod","2",3,TRUE,2.80000000001746
"3930","Z=~z1",0.474489751609967,0.155119049594141,0.5,"PLS",6676,194254,500,"Alt.Mod","2",3,TRUE,2.80000000001746
"3931","Z=~z2",0.601638966047797,0.134697687774914,0.5,"PLS",6676,194254,500,"Alt.Mod","2",3,TRUE,2.80000000001746
"3932","Z=~z3",0.829935136344742,0.0942071026908132,0.5,"PLS",6676,194254,500,"Alt.Mod","2",3,TRUE,2.80000000001746
"3933","Y=~y1",0.574605869719813,0.116915205394496,0.5,"PLS",6676,194254,500,"Alt.Mod","2",3,TRUE,2.80000000001746
"3934","Y=~y2",0.659764161822906,0.103909599003893,0.5,"PLS",6676,194254,500,"Alt.Mod","2",3,TRUE,2.80000000001746
"3935","Y=~y3",0.662072433139511,0.101889465019472,0.5,"PLS",6676,194254,500,"Alt.Mod","2",3,TRUE,2.80000000001746
"3936","Y~X",0.205160468592608,0.0431068692326866,0.4,"PLS",6676,194254,500,"Alt.Mod","2",3,TRUE,2.80000000001746
"3937","Y~Z",0.191098764691786,0.0452754652286479,0.5,"PLS",6676,194254,500,"Alt.Mod","2",3,TRUE,2.80000000001746
"3938","Y~X:Z",0.00782896739967557,0.0426745862212927,0.3,"PLS",6676,194254,500,"Alt.Mod","2",3,TRUE,2.80000000001746
"3939","X~~Z",0.114478635334271,0.0470153850737451,0.2,"PLS",6676,194254,500,"Alt.Mod","2",3,TRUE,2.80000000001746
"3940","X=~x1",0.671,0.095,0.5,"Mplus",6676,194254,500,"Alt.Mod","2",3,TRUE,159.660000000003
"3941","X=~x2",0.415,0.079,0.5,"Mplus",6676,194254,500,"Alt.Mod","2",3,TRUE,159.660000000003
"3942","X=~x3",0.511,0.084,0.5,"Mplus",6676,194254,500,"Alt.Mod","2",3,TRUE,159.660000000003
"3943","Z=~z1",0.325,0.089,0.5,"Mplus",6676,194254,500,"Alt.Mod","2",3,TRUE,159.660000000003
"3944","Z=~z2",0.538,0.11,0.5,"Mplus",6676,194254,500,"Alt.Mod","2",3,TRUE,159.660000000003
"3945","Z=~z3",0.54,0.109,0.5,"Mplus",6676,194254,500,"Alt.Mod","2",3,TRUE,159.660000000003
"3946","Y=~y1",0.337,0.085,0.5,"Mplus",6676,194254,500,"Alt.Mod","2",3,TRUE,159.660000000003
"3947","Y=~y2",0.396,0.095,0.5,"Mplus",6676,194254,500,"Alt.Mod","2",3,TRUE,159.660000000003
"3948","Y=~y3",0.425,0.096,0.5,"Mplus",6676,194254,500,"Alt.Mod","2",3,TRUE,159.660000000003
"3949","Y~X",0.519,0.15,0.4,"Mplus",6676,194254,500,"Alt.Mod","2",3,TRUE,159.660000000003
"3950","Y~Z",0.512,0.169,0.5,"Mplus",6676,194254,500,"Alt.Mod","2",3,TRUE,159.660000000003
"3951","Y~X:Z",0.105,0.211,0.3,"Mplus",6676,194254,500,"Alt.Mod","2",3,TRUE,159.660000000003
"3952","X~~Z",0.302,0.115,0.2,"Mplus",6676,194254,500,"Alt.Mod","2",3,TRUE,159.660000000003
"3953","X=~x1",0.731706684214323,0.0384088628355613,0.8,"MC-OrdPLSc",6677,8742364,1000,"Alt.Mod","2",2,TRUE,19.8499999999985
"3954","X=~x2",0.72903888758797,0.0426027582170199,0.8,"MC-OrdPLSc",6677,8742364,1000,"Alt.Mod","2",2,TRUE,19.8499999999985
"3955","X=~x3",0.905743722187712,0.0370161333244486,0.8,"MC-OrdPLSc",6677,8742364,1000,"Alt.Mod","2",2,TRUE,19.8499999999985
"3956","Z=~z1",0.767174033772589,0.0445546953471577,0.8,"MC-OrdPLSc",6677,8742364,1000,"Alt.Mod","2",2,TRUE,19.8499999999985
"3957","Z=~z2",0.81463036663274,0.0417405034856547,0.8,"MC-OrdPLSc",6677,8742364,1000,"Alt.Mod","2",2,TRUE,19.8499999999985
"3958","Z=~z3",0.752282521833596,0.0507166030301021,0.8,"MC-OrdPLSc",6677,8742364,1000,"Alt.Mod","2",2,TRUE,19.8499999999985
"3959","Y=~y1",0.800162654850648,0.0326962875021052,0.8,"MC-OrdPLSc",6677,8742364,1000,"Alt.Mod","2",2,TRUE,19.8499999999985
"3960","Y=~y2",0.815651935336742,0.0368426686027262,0.8,"MC-OrdPLSc",6677,8742364,1000,"Alt.Mod","2",2,TRUE,19.8499999999985
"3961","Y=~y3",0.826942305316671,0.033388978865711,0.8,"MC-OrdPLSc",6677,8742364,1000,"Alt.Mod","2",2,TRUE,19.8499999999985
"3962","Y~X",0.417375555344665,0.0420421857085507,0.4,"MC-OrdPLSc",6677,8742364,1000,"Alt.Mod","2",2,TRUE,19.8499999999985
"3963","Y~Z",0.463921679813909,0.0462174387828303,0.5,"MC-OrdPLSc",6677,8742364,1000,"Alt.Mod","2",2,TRUE,19.8499999999985
"3964","Y~X:Z",0.259261011578599,0.0574157693488646,0.3,"MC-OrdPLSc",6677,8742364,1000,"Alt.Mod","2",2,TRUE,19.8499999999985
"3965","X~~Z",0.162457106447558,0.0514889812613333,0.2,"MC-OrdPLSc",6677,8742364,1000,"Alt.Mod","2",2,TRUE,19.8499999999985
"3966","X=~x1",0.671530564738398,0.0617400042571366,0.8,"PLSc",6677,8742364,1000,"Alt.Mod","2",2,TRUE,6.76000000000931
"3967","X=~x2",0.61659877877143,0.0664974834972701,0.8,"PLSc",6677,8742364,1000,"Alt.Mod","2",2,TRUE,6.76000000000931
"3968","X=~x3",0.634340418762091,0.0656581846642772,0.8,"PLSc",6677,8742364,1000,"Alt.Mod","2",2,TRUE,6.76000000000931
"3969","Z=~z1",0.644967195929711,0.0489452994001306,0.8,"PLSc",6677,8742364,1000,"Alt.Mod","2",2,TRUE,6.76000000000931
"3970","Z=~z2",0.65178069909372,0.0521519644360723,0.8,"PLSc",6677,8742364,1000,"Alt.Mod","2",2,TRUE,6.76000000000931
"3971","Z=~z3",0.725585782366677,0.047829091031716,0.8,"PLSc",6677,8742364,1000,"Alt.Mod","2",2,TRUE,6.76000000000931
"3972","Y=~y1",0.72348070735678,0.044651470406911,0.8,"PLSc",6677,8742364,1000,"Alt.Mod","2",2,TRUE,6.76000000000931
"3973","Y=~y2",0.587918116092222,0.0454505725389244,0.8,"PLSc",6677,8742364,1000,"Alt.Mod","2",2,TRUE,6.76000000000931
"3974","Y=~y3",0.594040924406127,0.0449363920653382,0.8,"PLSc",6677,8742364,1000,"Alt.Mod","2",2,TRUE,6.76000000000931
"3975","Y~X",0.325399632079526,0.0421931596574771,0.4,"PLSc",6677,8742364,1000,"Alt.Mod","2",2,TRUE,6.76000000000931
"3976","Y~Z",0.492455067274202,0.0470898109670138,0.5,"PLSc",6677,8742364,1000,"Alt.Mod","2",2,TRUE,6.76000000000931
"3977","Y~X:Z",0.209277924355681,0.0498063334617853,0.3,"PLSc",6677,8742364,1000,"Alt.Mod","2",2,TRUE,6.76000000000931
"3978","X~~Z",0.150554154211893,0.0462808950699029,0.2,"PLSc",6677,8742364,1000,"Alt.Mod","2",2,TRUE,6.76000000000931
"3979","X=~x1",0.777940964859567,0.0282446457395004,0.8,"PLS",6677,8742364,1000,"Alt.Mod","2",2,TRUE,2.02000000001863
"3980","X=~x2",0.779636438875043,0.0292129157392229,0.8,"PLS",6677,8742364,1000,"Alt.Mod","2",2,TRUE,2.02000000001863
"3981","X=~x3",0.780820091893831,0.0281301427276885,0.8,"PLS",6677,8742364,1000,"Alt.Mod","2",2,TRUE,2.02000000001863
"3982","Z=~z1",0.793636029188001,0.0211870763159011,0.8,"PLS",6677,8742364,1000,"Alt.Mod","2",2,TRUE,2.02000000001863
"3983","Z=~z2",0.786100547398987,0.022870045986503,0.8,"PLS",6677,8742364,1000,"Alt.Mod","2",2,TRUE,2.02000000001863
"3984","Z=~z3",0.81325458043547,0.0188726144336103,0.8,"PLS",6677,8742364,1000,"Alt.Mod","2",2,TRUE,2.02000000001863
"3985","Y=~y1",0.806943074900235,0.0202042209009721,0.8,"PLS",6677,8742364,1000,"Alt.Mod","2",2,TRUE,2.02000000001863
"3986","Y=~y2",0.770003744097514,0.0232288080675179,0.8,"PLS",6677,8742364,1000,"Alt.Mod","2",2,TRUE,2.02000000001863
"3987","Y=~y3",0.750412514337289,0.0246229181387691,0.8,"PLS",6677,8742364,1000,"Alt.Mod","2",2,TRUE,2.02000000001863
"3988","Y~X",0.230785899417783,0.0273038087589428,0.4,"PLS",6677,8742364,1000,"Alt.Mod","2",2,TRUE,2.02000000001863
"3989","Y~Z",0.338230182544631,0.0304023360023334,0.5,"PLS",6677,8742364,1000,"Alt.Mod","2",2,TRUE,2.02000000001863
"3990","Y~X:Z",0.108321897548308,0.0284851171268413,0.3,"PLS",6677,8742364,1000,"Alt.Mod","2",2,TRUE,2.02000000001863
"3991","X~~Z",0.104971472252682,0.0326892979747589,0.2,"PLS",6677,8742364,1000,"Alt.Mod","2",2,TRUE,2.02000000001863
"3992","X=~x1",0.718,0.038,0.8,"Mplus",6677,8742364,1000,"Alt.Mod","2",2,TRUE,172.25
"3993","X=~x2",0.786,0.037,0.8,"Mplus",6677,8742364,1000,"Alt.Mod","2",2,TRUE,172.25
"3994","X=~x3",0.786,0.037,0.8,"Mplus",6677,8742364,1000,"Alt.Mod","2",2,TRUE,172.25
"3995","Z=~z1",0.809,0.031,0.8,"Mplus",6677,8742364,1000,"Alt.Mod","2",2,TRUE,172.25
"3996","Z=~z2",0.785,0.033,0.8,"Mplus",6677,8742364,1000,"Alt.Mod","2",2,TRUE,172.25
"3997","Z=~z3",0.812,0.032,0.8,"Mplus",6677,8742364,1000,"Alt.Mod","2",2,TRUE,172.25
"3998","Y=~y1",0.807,0.034,0.8,"Mplus",6677,8742364,1000,"Alt.Mod","2",2,TRUE,172.25
"3999","Y=~y2",0.802,0.035,0.8,"Mplus",6677,8742364,1000,"Alt.Mod","2",2,TRUE,172.25
"4000","Y=~y3",0.753,0.037,0.8,"Mplus",6677,8742364,1000,"Alt.Mod","2",2,TRUE,172.25
"4001","Y~X",0.366,0.043,0.4,"Mplus",6677,8742364,1000,"Alt.Mod","2",2,TRUE,172.25
"4002","Y~Z",0.52,0.039,0.5,"Mplus",6677,8742364,1000,"Alt.Mod","2",2,TRUE,172.25
"4003","Y~X:Z",0.306,0.052,0.3,"Mplus",6677,8742364,1000,"Alt.Mod","2",2,TRUE,172.25
"4004","X~~Z",0.178,0.05,0.2,"Mplus",6677,8742364,1000,"Alt.Mod","2",2,TRUE,172.25
"4005","X=~x1",0.35733568054915,0.109902330800974,0.5,"MC-OrdPLSc",6678,5404861,1000,"Alt.Mod","2",3,TRUE,26.4700000000012
"4006","X=~x2",0.647710878415193,0.158124404432671,0.5,"MC-OrdPLSc",6678,5404861,1000,"Alt.Mod","2",3,TRUE,26.4700000000012
"4007","X=~x3",0.449121611945132,0.121012495126025,0.5,"MC-OrdPLSc",6678,5404861,1000,"Alt.Mod","2",3,TRUE,26.4700000000012
"4008","Z=~z1",0.393328538166549,0.108852490323291,0.5,"MC-OrdPLSc",6678,5404861,1000,"Alt.Mod","2",3,TRUE,26.4700000000012
"4009","Z=~z2",0.519778312623043,0.135037128304624,0.5,"MC-OrdPLSc",6678,5404861,1000,"Alt.Mod","2",3,TRUE,26.4700000000012
"4010","Z=~z3",0.376519845186768,0.0723749835058137,0.5,"MC-OrdPLSc",6678,5404861,1000,"Alt.Mod","2",3,TRUE,26.4700000000012
"4011","Y=~y1",0.381132937179826,0.0935512195351206,0.5,"MC-OrdPLSc",6678,5404861,1000,"Alt.Mod","2",3,TRUE,26.4700000000012
"4012","Y=~y2",0.395293783677442,0.103658758407367,0.5,"MC-OrdPLSc",6678,5404861,1000,"Alt.Mod","2",3,TRUE,26.4700000000012
"4013","Y=~y3",0.494665155264316,0.0986882664004547,0.5,"MC-OrdPLSc",6678,5404861,1000,"Alt.Mod","2",3,TRUE,26.4700000000012
"4014","Y~X",0.243898041599346,0.146048800986771,0.4,"MC-OrdPLSc",6678,5404861,1000,"Alt.Mod","2",3,TRUE,26.4700000000012
"4015","Y~Z",0.645526512043753,0.181147977012013,0.5,"MC-OrdPLSc",6678,5404861,1000,"Alt.Mod","2",3,TRUE,26.4700000000012
"4016","Y~X:Z",0.156615370199115,0.208909821128781,0.3,"MC-OrdPLSc",6678,5404861,1000,"Alt.Mod","2",3,TRUE,26.4700000000012
"4017","X~~Z",0.404425616086051,0.129235868674087,0.2,"MC-OrdPLSc",6678,5404861,1000,"Alt.Mod","2",3,TRUE,26.4700000000012
"4018","X=~x1",0.315325275777159,0.0751339046621757,0.5,"PLSc",6678,5404861,1000,"Alt.Mod","2",3,TRUE,7.80999999999767
"4019","X=~x2",0.423205240866633,0.0706271050890826,0.5,"PLSc",6678,5404861,1000,"Alt.Mod","2",3,TRUE,7.80999999999767
"4020","X=~x3",0.338526462496828,0.0713186612620004,0.5,"PLSc",6678,5404861,1000,"Alt.Mod","2",3,TRUE,7.80999999999767
"4021","Z=~z1",0.407664967503986,0.0787697254752997,0.5,"PLSc",6678,5404861,1000,"Alt.Mod","2",3,TRUE,7.80999999999767
"4022","Z=~z2",0.393898849983733,0.0768022992559173,0.5,"PLSc",6678,5404861,1000,"Alt.Mod","2",3,TRUE,7.80999999999767
"4023","Z=~z3",0.423353787778911,0.0749896994088542,0.5,"PLSc",6678,5404861,1000,"Alt.Mod","2",3,TRUE,7.80999999999767
"4024","Y=~y1",0.363409428552424,0.0575150949881223,0.5,"PLSc",6678,5404861,1000,"Alt.Mod","2",3,TRUE,7.80999999999767
"4025","Y=~y2",0.496719079371159,0.0613368311411711,0.5,"PLSc",6678,5404861,1000,"Alt.Mod","2",3,TRUE,7.80999999999767
"4026","Y=~y3",0.377699939109243,0.0581627589170037,0.5,"PLSc",6678,5404861,1000,"Alt.Mod","2",3,TRUE,7.80999999999767
"4027","Y~X",0.591970845142031,0.17944835157799,0.4,"PLSc",6678,5404861,1000,"Alt.Mod","2",3,TRUE,7.80999999999767
"4028","Y~Z",0.487265761009839,0.162216733496695,0.5,"PLSc",6678,5404861,1000,"Alt.Mod","2",3,TRUE,7.80999999999767
"4029","Y~X:Z",0.340865503241485,0.251381821725707,0.3,"PLSc",6678,5404861,1000,"Alt.Mod","2",3,TRUE,7.80999999999767
"4030","X~~Z",0.201571720152779,0.0931827677040364,0.2,"PLSc",6678,5404861,1000,"Alt.Mod","2",3,TRUE,7.80999999999767
"4031","X=~x1",0.594030878985589,0.0900469132249397,0.5,"PLS",6678,5404861,1000,"Alt.Mod","2",3,TRUE,2.27999999999884
"4032","X=~x2",0.727778492819829,0.0747107397016882,0.5,"PLS",6678,5404861,1000,"Alt.Mod","2",3,TRUE,2.27999999999884
"4033","X=~x3",0.610097789770659,0.0910321681455791,0.5,"PLS",6678,5404861,1000,"Alt.Mod","2",3,TRUE,2.27999999999884
"4034","Z=~z1",0.686295010023231,0.0714479566118644,0.5,"PLS",6678,5404861,1000,"Alt.Mod","2",3,TRUE,2.27999999999884
"4035","Z=~z2",0.642812173278699,0.082005386256716,0.5,"PLS",6678,5404861,1000,"Alt.Mod","2",3,TRUE,2.27999999999884
"4036","Z=~z3",0.670655853668568,0.0786010033167748,0.5,"PLS",6678,5404861,1000,"Alt.Mod","2",3,TRUE,2.27999999999884
"4037","Y=~y1",0.611731197747438,0.0603631466533011,0.5,"PLS",6678,5404861,1000,"Alt.Mod","2",3,TRUE,2.27999999999884
"4038","Y=~y2",0.743317581753676,0.0538659429706286,0.5,"PLS",6678,5404861,1000,"Alt.Mod","2",3,TRUE,2.27999999999884
"4039","Y=~y3",0.640606800653664,0.0580977187975799,0.5,"PLS",6678,5404861,1000,"Alt.Mod","2",3,TRUE,2.27999999999884
"4040","Y~X",0.198074259858538,0.031843039708424,0.4,"PLS",6678,5404861,1000,"Alt.Mod","2",3,TRUE,2.27999999999884
"4041","Y~Z",0.203031111134226,0.0312976294940471,0.5,"PLS",6678,5404861,1000,"Alt.Mod","2",3,TRUE,2.27999999999884
"4042","Y~X:Z",0.0715657308017984,0.0330788597497626,0.3,"PLS",6678,5404861,1000,"Alt.Mod","2",3,TRUE,2.27999999999884
"4043","X~~Z",0.0691869213597918,0.0317126098165611,0.2,"PLS",6678,5404861,1000,"Alt.Mod","2",3,TRUE,2.27999999999884
"4044","X=~x1",0.384,0.065,0.5,"Mplus",6678,5404861,1000,"Alt.Mod","2",3,TRUE,212.410000000003
"4045","X=~x2",0.489,0.072,0.5,"Mplus",6678,5404861,1000,"Alt.Mod","2",3,TRUE,212.410000000003
"4046","X=~x3",0.408,0.068,0.5,"Mplus",6678,5404861,1000,"Alt.Mod","2",3,TRUE,212.410000000003
"4047","Z=~z1",0.534,0.066,0.5,"Mplus",6678,5404861,1000,"Alt.Mod","2",3,TRUE,212.410000000003
"4048","Z=~z2",0.481,0.065,0.5,"Mplus",6678,5404861,1000,"Alt.Mod","2",3,TRUE,212.410000000003
"4049","Z=~z3",0.438,0.062,0.5,"Mplus",6678,5404861,1000,"Alt.Mod","2",3,TRUE,212.410000000003
"4050","Y=~y1",0.498,0.07,0.5,"Mplus",6678,5404861,1000,"Alt.Mod","2",3,TRUE,212.410000000003
"4051","Y=~y2",0.602,0.073,0.5,"Mplus",6678,5404861,1000,"Alt.Mod","2",3,TRUE,212.410000000003
"4052","Y=~y3",0.547,0.069,0.5,"Mplus",6678,5404861,1000,"Alt.Mod","2",3,TRUE,212.410000000003
"4053","Y~X",0.516,0.079,0.4,"Mplus",6678,5404861,1000,"Alt.Mod","2",3,TRUE,212.410000000003
"4054","Y~Z",0.494,0.074,0.5,"Mplus",6678,5404861,1000,"Alt.Mod","2",3,TRUE,212.410000000003
"4055","Y~X:Z",0.437,0.114,0.3,"Mplus",6678,5404861,1000,"Alt.Mod","2",3,TRUE,212.410000000003
"4056","X~~Z",0.203,0.093,0.2,"Mplus",6678,5404861,1000,"Alt.Mod","2",3,TRUE,212.410000000003
"4057","X=~x1",0.91544988847172,0.0517996622286021,0.8,"MC-OrdPLSc",6679,514353,200,"Alt.Mod","3",2,TRUE,15.0899999999965
"4058","X=~x2",0.700059975168275,0.0707472842677082,0.8,"MC-OrdPLSc",6679,514353,200,"Alt.Mod","3",2,TRUE,15.0899999999965
"4059","X=~x3",0.808948190105285,0.0579177331995069,0.8,"MC-OrdPLSc",6679,514353,200,"Alt.Mod","3",2,TRUE,15.0899999999965
"4060","Z=~z1",0.856475657486983,0.0519085903006718,0.8,"MC-OrdPLSc",6679,514353,200,"Alt.Mod","3",2,TRUE,15.0899999999965
"4061","Z=~z2",0.804602931076705,0.0618091321269361,0.8,"MC-OrdPLSc",6679,514353,200,"Alt.Mod","3",2,TRUE,15.0899999999965
"4062","Z=~z3",0.81655172721853,0.0572842098171618,0.8,"MC-OrdPLSc",6679,514353,200,"Alt.Mod","3",2,TRUE,15.0899999999965
"4063","Y=~y1",0.853172725906115,0.0574797403626394,0.8,"MC-OrdPLSc",6679,514353,200,"Alt.Mod","3",2,TRUE,15.0899999999965
"4064","Y=~y2",0.703494237245071,0.0773312461759116,0.8,"MC-OrdPLSc",6679,514353,200,"Alt.Mod","3",2,TRUE,15.0899999999965
"4065","Y=~y3",0.824508270596373,0.052284856432522,0.8,"MC-OrdPLSc",6679,514353,200,"Alt.Mod","3",2,TRUE,15.0899999999965
"4066","Y~X",0.447710446928162,0.0718982802778417,0.4,"MC-OrdPLSc",6679,514353,200,"Alt.Mod","3",2,TRUE,15.0899999999965
"4067","Y~Z",0.444103642030846,0.0669571837250604,0.5,"MC-OrdPLSc",6679,514353,200,"Alt.Mod","3",2,TRUE,15.0899999999965
"4068","Y~X:Z",0.41284771837569,0.0866901925448832,0.3,"MC-OrdPLSc",6679,514353,200,"Alt.Mod","3",2,TRUE,15.0899999999965
"4069","X~~Z",0.223519677235419,0.0901220922162688,0.2,"MC-OrdPLSc",6679,514353,200,"Alt.Mod","3",2,TRUE,15.0899999999965
"4070","X=~x1",0.86784300004106,0.0749557546127053,0.8,"PLSc",6679,514353,200,"Alt.Mod","3",2,TRUE,3.11999999999534
"4071","X=~x2",0.592261094300144,0.0836744164185558,0.8,"PLSc",6679,514353,200,"Alt.Mod","3",2,TRUE,3.11999999999534
"4072","X=~x3",0.755026163887661,0.0718119259164637,0.8,"PLSc",6679,514353,200,"Alt.Mod","3",2,TRUE,3.11999999999534
"4073","Z=~z1",0.796753844013645,0.0697939581595573,0.8,"PLSc",6679,514353,200,"Alt.Mod","3",2,TRUE,3.11999999999534
"4074","Z=~z2",0.709491286211444,0.0736809164492314,0.8,"PLSc",6679,514353,200,"Alt.Mod","3",2,TRUE,3.11999999999534
"4075","Z=~z3",0.737525905593295,0.0644022391480008,0.8,"PLSc",6679,514353,200,"Alt.Mod","3",2,TRUE,3.11999999999534
"4076","Y=~y1",0.620894097996475,0.0642767325339513,0.8,"PLSc",6679,514353,200,"Alt.Mod","3",2,TRUE,3.11999999999534
"4077","Y=~y2",0.68991782729952,0.058050822557772,0.8,"PLSc",6679,514353,200,"Alt.Mod","3",2,TRUE,3.11999999999534
"4078","Y=~y3",0.770077045766315,0.0655519193458213,0.8,"PLSc",6679,514353,200,"Alt.Mod","3",2,TRUE,3.11999999999534
"4079","Y~X",0.459181985576423,0.0824717281647304,0.4,"PLSc",6679,514353,200,"Alt.Mod","3",2,TRUE,3.11999999999534
"4080","Y~Z",0.467490849545602,0.0817814811110493,0.5,"PLSc",6679,514353,200,"Alt.Mod","3",2,TRUE,3.11999999999534
"4081","Y~X:Z",0.207000290709499,0.106532167800571,0.3,"PLSc",6679,514353,200,"Alt.Mod","3",2,TRUE,3.11999999999534
"4082","X~~Z",0.355214722529197,0.076112147605927,0.2,"PLSc",6679,514353,200,"Alt.Mod","3",2,TRUE,3.11999999999534
"4083","X=~x1",0.865015433240297,0.0223718190338195,0.8,"PLS",6679,514353,200,"Alt.Mod","3",2,TRUE,1.86000000001513
"4084","X=~x2",0.808255558032942,0.0336510149943141,0.8,"PLS",6679,514353,200,"Alt.Mod","3",2,TRUE,1.86000000001513
"4085","X=~x3",0.835698280371175,0.0272247064888653,0.8,"PLS",6679,514353,200,"Alt.Mod","3",2,TRUE,1.86000000001513
"4086","Z=~z1",0.842856330584125,0.0272231339710964,0.8,"PLS",6679,514353,200,"Alt.Mod","3",2,TRUE,1.86000000001513
"4087","Z=~z2",0.844589273431798,0.0285852966497594,0.8,"PLS",6679,514353,200,"Alt.Mod","3",2,TRUE,1.86000000001513
"4088","Z=~z3",0.835060825957094,0.0250313443174077,0.8,"PLS",6679,514353,200,"Alt.Mod","3",2,TRUE,1.86000000001513
"4089","Y=~y1",0.765130607181074,0.0360501968946004,0.8,"PLS",6679,514353,200,"Alt.Mod","3",2,TRUE,1.86000000001513
"4090","Y=~y2",0.836356249158251,0.025610491174297,0.8,"PLS",6679,514353,200,"Alt.Mod","3",2,TRUE,1.86000000001513
"4091","Y=~y3",0.823449385808665,0.031429007956478,0.8,"PLS",6679,514353,200,"Alt.Mod","3",2,TRUE,1.86000000001513
"4092","Y~X",0.36576261689055,0.0525465617277714,0.4,"PLS",6679,514353,200,"Alt.Mod","3",2,TRUE,1.86000000001513
"4093","Y~Z",0.376162634544639,0.0566415804543489,0.5,"PLS",6679,514353,200,"Alt.Mod","3",2,TRUE,1.86000000001513
"4094","Y~X:Z",0.121073941864297,0.0592723237349554,0.3,"PLS",6679,514353,200,"Alt.Mod","3",2,TRUE,1.86000000001513
"4095","X~~Z",0.284979276796142,0.0627448358759532,0.2,"PLS",6679,514353,200,"Alt.Mod","3",2,TRUE,1.86000000001513
"4096","X=~x1",0.828,0.053,0.8,"Mplus",6679,514353,200,"Alt.Mod","3",2,TRUE,110.899999999994
"4097","X=~x2",0.783,0.054,0.8,"Mplus",6679,514353,200,"Alt.Mod","3",2,TRUE,110.899999999994
"4098","X=~x3",0.796,0.055,0.8,"Mplus",6679,514353,200,"Alt.Mod","3",2,TRUE,110.899999999994
"4099","Z=~z1",0.811,0.051,0.8,"Mplus",6679,514353,200,"Alt.Mod","3",2,TRUE,110.899999999994
"4100","Z=~z2",0.838,0.047,0.8,"Mplus",6679,514353,200,"Alt.Mod","3",2,TRUE,110.899999999994
"4101","Z=~z3",0.801,0.051,0.8,"Mplus",6679,514353,200,"Alt.Mod","3",2,TRUE,110.899999999994
"4102","Y=~y1",0.681,0.065,0.8,"Mplus",6679,514353,200,"Alt.Mod","3",2,TRUE,110.899999999994
"4103","Y=~y2",0.796,0.056,0.8,"Mplus",6679,514353,200,"Alt.Mod","3",2,TRUE,110.899999999994
"4104","Y=~y3",0.789,0.055,0.8,"Mplus",6679,514353,200,"Alt.Mod","3",2,TRUE,110.899999999994
"4105","Y~X",0.432,0.079,0.4,"Mplus",6679,514353,200,"Alt.Mod","3",2,TRUE,110.899999999994
"4106","Y~Z",0.475,0.078,0.5,"Mplus",6679,514353,200,"Alt.Mod","3",2,TRUE,110.899999999994
"4107","Y~X:Z",0.19,0.095,0.3,"Mplus",6679,514353,200,"Alt.Mod","3",2,TRUE,110.899999999994
"4108","X~~Z",0.355,0.084,0.2,"Mplus",6679,514353,200,"Alt.Mod","3",2,TRUE,110.899999999994
"4109","X=~x1",0.527778662772253,0.392458674894776,0.5,"MC-OrdPLSc",6680,5821027,200,"Alt.Mod","3",3,TRUE,20.9399999999951
"4110","X=~x2",0.593334506429447,0.389651493298242,0.5,"MC-OrdPLSc",6680,5821027,200,"Alt.Mod","3",3,TRUE,20.9399999999951
"4111","X=~x3",0.382750888336318,0.298812330141173,0.5,"MC-OrdPLSc",6680,5821027,200,"Alt.Mod","3",3,TRUE,20.9399999999951
"4112","Z=~z1",0.432145896281706,0.251903010940919,0.5,"MC-OrdPLSc",6680,5821027,200,"Alt.Mod","3",3,TRUE,20.9399999999951
"4113","Z=~z2",0.640562434300835,0.264317498234394,0.5,"MC-OrdPLSc",6680,5821027,200,"Alt.Mod","3",3,TRUE,20.9399999999951
"4114","Z=~z3",0.624519216374672,0.304092661093227,0.5,"MC-OrdPLSc",6680,5821027,200,"Alt.Mod","3",3,TRUE,20.9399999999951
"4115","Y=~y1",0.544849496160405,0.214688258773475,0.5,"MC-OrdPLSc",6680,5821027,200,"Alt.Mod","3",3,TRUE,20.9399999999951
"4116","Y=~y2",0.289810648269237,0.194455697133402,0.5,"MC-OrdPLSc",6680,5821027,200,"Alt.Mod","3",3,TRUE,20.9399999999951
"4117","Y=~y3",0.582130485462811,0.242703122481412,0.5,"MC-OrdPLSc",6680,5821027,200,"Alt.Mod","3",3,TRUE,20.9399999999951
"4118","Y~X",0.430883247634452,0.302538447818222,0.4,"MC-OrdPLSc",6680,5821027,200,"Alt.Mod","3",3,TRUE,20.9399999999951
"4119","Y~Z",0.464888671728726,0.28601321568262,0.5,"MC-OrdPLSc",6680,5821027,200,"Alt.Mod","3",3,TRUE,20.9399999999951
"4120","Y~X:Z",0.352555376202113,0.395629519206212,0.3,"MC-OrdPLSc",6680,5821027,200,"Alt.Mod","3",3,TRUE,20.9399999999951
"4121","X~~Z",0.147301941019451,0.166480840258425,0.2,"MC-OrdPLSc",6680,5821027,200,"Alt.Mod","3",3,TRUE,20.9399999999951
"4122","X=~x1",0.415711178713813,0.129812578980861,0.5,"PLSc",6680,5821027,200,"Alt.Mod","3",3,FALSE,3.70999999999185
"4123","X=~x2",0.496352652055064,0.132604929551773,0.5,"PLSc",6680,5821027,200,"Alt.Mod","3",3,FALSE,3.70999999999185
"4124","X=~x3",0.41109137868778,0.131860050498858,0.5,"PLSc",6680,5821027,200,"Alt.Mod","3",3,FALSE,3.70999999999185
"4125","Z=~z1",0.349156325799345,0.119792826594633,0.5,"PLSc",6680,5821027,200,"Alt.Mod","3",3,FALSE,3.70999999999185
"4126","Z=~z2",0.479089061235387,0.1039232463575,0.5,"PLSc",6680,5821027,200,"Alt.Mod","3",3,FALSE,3.70999999999185
"4127","Z=~z3",0.565051934376509,0.111498335612367,0.5,"PLSc",6680,5821027,200,"Alt.Mod","3",3,FALSE,3.70999999999185
"4128","Y=~y1",0.346147917632874,0.101473550178803,0.5,"PLSc",6680,5821027,200,"Alt.Mod","3",3,FALSE,3.70999999999185
"4129","Y=~y2",0.522429585953204,0.090167183048706,0.5,"PLSc",6680,5821027,200,"Alt.Mod","3",3,FALSE,3.70999999999185
"4130","Y=~y3",0.540193919409401,0.087505882718817,0.5,"PLSc",6680,5821027,200,"Alt.Mod","3",3,FALSE,3.70999999999185
"4131","Y~X",0.616123737608921,7.74400070918,0.4,"PLSc",6680,5821027,200,"Alt.Mod","3",3,FALSE,3.70999999999185
"4132","Y~Z",0.884598387710792,4.70368410258922,0.5,"PLSc",6680,5821027,200,"Alt.Mod","3",3,FALSE,3.70999999999185
"4133","Y~X:Z",-0.667413420227691,11.8049808681561,0.3,"PLSc",6680,5821027,200,"Alt.Mod","3",3,FALSE,3.70999999999185
"4134","X~~Z",0.189447796425923,0.157081599238595,0.2,"PLSc",6680,5821027,200,"Alt.Mod","3",3,FALSE,3.70999999999185
"4135","X=~x1",0.632589752869648,0.131525302603412,0.5,"PLS",6680,5821027,200,"Alt.Mod","3",3,TRUE,2.55999999999767
"4136","X=~x2",0.730544857509935,0.125839038651761,0.5,"PLS",6680,5821027,200,"Alt.Mod","3",3,TRUE,2.55999999999767
"4137","X=~x3",0.674294052946388,0.108960646351311,0.5,"PLS",6680,5821027,200,"Alt.Mod","3",3,TRUE,2.55999999999767
"4138","Z=~z1",0.565599004992023,0.122135841460889,0.5,"PLS",6680,5821027,200,"Alt.Mod","3",3,TRUE,2.55999999999767
"4139","Z=~z2",0.716500089461533,0.0808740759983921,0.5,"PLS",6680,5821027,200,"Alt.Mod","3",3,TRUE,2.55999999999767
"4140","Z=~z3",0.768944046046592,0.0816695280265381,0.5,"PLS",6680,5821027,200,"Alt.Mod","3",3,TRUE,2.55999999999767
"4141","Y=~y1",0.558960441273238,0.106963787983073,0.5,"PLS",6680,5821027,200,"Alt.Mod","3",3,TRUE,2.55999999999767
"4142","Y=~y2",0.766270682722085,0.0636698352408243,0.5,"PLS",6680,5821027,200,"Alt.Mod","3",3,TRUE,2.55999999999767
"4143","Y=~y3",0.732571884085603,0.0707421971832789,0.5,"PLS",6680,5821027,200,"Alt.Mod","3",3,TRUE,2.55999999999767
"4144","Y~X",0.259183439982825,0.0679318935200752,0.4,"PLS",6680,5821027,200,"Alt.Mod","3",3,TRUE,2.55999999999767
"4145","Y~Z",0.333286456965114,0.0609702505239288,0.5,"PLS",6680,5821027,200,"Alt.Mod","3",3,TRUE,2.55999999999767
"4146","Y~X:Z",-0.011045683082784,0.0804101068357075,0.3,"PLS",6680,5821027,200,"Alt.Mod","3",3,TRUE,2.55999999999767
"4147","X~~Z",0.0848877932865627,0.0698631154250432,0.2,"PLS",6680,5821027,200,"Alt.Mod","3",3,TRUE,2.55999999999767
"4148","X=~x1",0.364,0.109,0.5,"Mplus",6680,5821027,200,"Alt.Mod","3",3,TRUE,94.3600000000151
"4149","X=~x2",0.508,0.111,0.5,"Mplus",6680,5821027,200,"Alt.Mod","3",3,TRUE,94.3600000000151
"4150","X=~x3",0.507,0.117,0.5,"Mplus",6680,5821027,200,"Alt.Mod","3",3,TRUE,94.3600000000151
"4151","Z=~z1",0.383,0.098,0.5,"Mplus",6680,5821027,200,"Alt.Mod","3",3,TRUE,94.3600000000151
"4152","Z=~z2",0.523,0.104,0.5,"Mplus",6680,5821027,200,"Alt.Mod","3",3,TRUE,94.3600000000151
"4153","Z=~z3",0.569,0.102,0.5,"Mplus",6680,5821027,200,"Alt.Mod","3",3,TRUE,94.3600000000151
"4154","Y=~y1",0.401,0.092,0.5,"Mplus",6680,5821027,200,"Alt.Mod","3",3,TRUE,94.3600000000151
"4155","Y=~y2",0.554,0.101,0.5,"Mplus",6680,5821027,200,"Alt.Mod","3",3,TRUE,94.3600000000151
"4156","Y=~y3",0.6,0.101,0.5,"Mplus",6680,5821027,200,"Alt.Mod","3",3,TRUE,94.3600000000151
"4157","Y~X",0.537,0.151,0.4,"Mplus",6680,5821027,200,"Alt.Mod","3",3,TRUE,94.3600000000151
"4158","Y~Z",0.63,0.14,0.5,"Mplus",6680,5821027,200,"Alt.Mod","3",3,TRUE,94.3600000000151
"4159","Y~X:Z",0.307,0.18,0.3,"Mplus",6680,5821027,200,"Alt.Mod","3",3,TRUE,94.3600000000151
"4160","X~~Z",0.209,0.156,0.2,"Mplus",6680,5821027,200,"Alt.Mod","3",3,TRUE,94.3600000000151
"4161","X=~x1",0.806824968307263,0.0407727193353034,0.8,"MC-OrdPLSc",6681,872074,500,"Alt.Mod","3",2,TRUE,17.2199999999939
"4162","X=~x2",0.737600055904507,0.0419124104499271,0.8,"MC-OrdPLSc",6681,872074,500,"Alt.Mod","3",2,TRUE,17.2199999999939
"4163","X=~x3",0.796728502580121,0.0490691740182272,0.8,"MC-OrdPLSc",6681,872074,500,"Alt.Mod","3",2,TRUE,17.2199999999939
"4164","Z=~z1",0.804756893262349,0.0332198814356691,0.8,"MC-OrdPLSc",6681,872074,500,"Alt.Mod","3",2,TRUE,17.2199999999939
"4165","Z=~z2",0.816080866737551,0.0324193244392748,0.8,"MC-OrdPLSc",6681,872074,500,"Alt.Mod","3",2,TRUE,17.2199999999939
"4166","Z=~z3",0.804026975065754,0.0365810756672778,0.8,"MC-OrdPLSc",6681,872074,500,"Alt.Mod","3",2,TRUE,17.2199999999939
"4167","Y=~y1",0.782238078361837,0.02707933401042,0.8,"MC-OrdPLSc",6681,872074,500,"Alt.Mod","3",2,TRUE,17.2199999999939
"4168","Y=~y2",0.810589359875693,0.0371799664642471,0.8,"MC-OrdPLSc",6681,872074,500,"Alt.Mod","3",2,TRUE,17.2199999999939
"4169","Y=~y3",0.80981053950416,0.0328329466559918,0.8,"MC-OrdPLSc",6681,872074,500,"Alt.Mod","3",2,TRUE,17.2199999999939
"4170","Y~X",0.385054028533821,0.0473940946070249,0.4,"MC-OrdPLSc",6681,872074,500,"Alt.Mod","3",2,TRUE,17.2199999999939
"4171","Y~Z",0.568533286218488,0.0390114957742227,0.5,"MC-OrdPLSc",6681,872074,500,"Alt.Mod","3",2,TRUE,17.2199999999939
"4172","Y~X:Z",0.320048051877594,0.059288716917397,0.3,"MC-OrdPLSc",6681,872074,500,"Alt.Mod","3",2,TRUE,17.2199999999939
"4173","X~~Z",0.0999789229838541,0.057473661769139,0.2,"MC-OrdPLSc",6681,872074,500,"Alt.Mod","3",2,TRUE,17.2199999999939
"4174","X=~x1",0.704612401104227,0.0558908905675533,0.8,"PLSc",6681,872074,500,"Alt.Mod","3",2,TRUE,4.51999999998952
"4175","X=~x2",0.72216964355791,0.0608005867659403,0.8,"PLSc",6681,872074,500,"Alt.Mod","3",2,TRUE,4.51999999998952
"4176","X=~x3",0.781918535011263,0.054307224133805,0.8,"PLSc",6681,872074,500,"Alt.Mod","3",2,TRUE,4.51999999998952
"4177","Z=~z1",0.703407894177263,0.0520112495823473,0.8,"PLSc",6681,872074,500,"Alt.Mod","3",2,TRUE,4.51999999998952
"4178","Z=~z2",0.808713643013094,0.0498102257987508,0.8,"PLSc",6681,872074,500,"Alt.Mod","3",2,TRUE,4.51999999998952
"4179","Z=~z3",0.606409060704706,0.0577625716942746,0.8,"PLSc",6681,872074,500,"Alt.Mod","3",2,TRUE,4.51999999998952
"4180","Y=~y1",0.630420883214991,0.0435404102391405,0.8,"PLSc",6681,872074,500,"Alt.Mod","3",2,TRUE,4.51999999998952
"4181","Y=~y2",0.714070494656677,0.0373367641887184,0.8,"PLSc",6681,872074,500,"Alt.Mod","3",2,TRUE,4.51999999998952
"4182","Y=~y3",0.725709800906494,0.0391262836414978,0.8,"PLSc",6681,872074,500,"Alt.Mod","3",2,TRUE,4.51999999998952
"4183","Y~X",0.404646115622443,0.052383720152771,0.4,"PLSc",6681,872074,500,"Alt.Mod","3",2,TRUE,4.51999999998952
"4184","Y~Z",0.509238069007783,0.0512041841718182,0.5,"PLSc",6681,872074,500,"Alt.Mod","3",2,TRUE,4.51999999998952
"4185","Y~X:Z",0.259666285164832,0.0630193435643862,0.3,"PLSc",6681,872074,500,"Alt.Mod","3",2,TRUE,4.51999999998952
"4186","X~~Z",0.245956253275409,0.0514214720125019,0.2,"PLSc",6681,872074,500,"Alt.Mod","3",2,TRUE,4.51999999998952
"4187","X=~x1",0.819970653272655,0.0209360446929832,0.8,"PLS",6681,872074,500,"Alt.Mod","3",2,TRUE,1.72999999998137
"4188","X=~x2",0.827583427047127,0.0211591192700479,0.8,"PLS",6681,872074,500,"Alt.Mod","3",2,TRUE,1.72999999998137
"4189","X=~x3",0.852187263062831,0.0176411719558412,0.8,"PLS",6681,872074,500,"Alt.Mod","3",2,TRUE,1.72999999998137
"4190","Z=~z1",0.820601898167623,0.0216996901213989,0.8,"PLS",6681,872074,500,"Alt.Mod","3",2,TRUE,1.72999999998137
"4191","Z=~z2",0.84224219398942,0.0175720667597155,0.8,"PLS",6681,872074,500,"Alt.Mod","3",2,TRUE,1.72999999998137
"4192","Z=~z3",0.785260012404164,0.0246934682593335,0.8,"PLS",6681,872074,500,"Alt.Mod","3",2,TRUE,1.72999999998137
"4193","Y=~y1",0.779329261183587,0.0246613282288691,0.8,"PLS",6681,872074,500,"Alt.Mod","3",2,TRUE,1.72999999998137
"4194","Y=~y2",0.810771543331935,0.0179850266216686,0.8,"PLS",6681,872074,500,"Alt.Mod","3",2,TRUE,1.72999999998137
"4195","Y=~y3",0.828932479307833,0.0170307584478457,0.8,"PLS",6681,872074,500,"Alt.Mod","3",2,TRUE,1.72999999998137
"4196","Y~X",0.326180291878131,0.037153621107213,0.4,"PLS",6681,872074,500,"Alt.Mod","3",2,TRUE,1.72999999998137
"4197","Y~Z",0.385913443057252,0.0358284560347952,0.5,"PLS",6681,872074,500,"Alt.Mod","3",2,TRUE,1.72999999998137
"4198","Y~X:Z",0.15828048485293,0.038856939275995,0.3,"PLS",6681,872074,500,"Alt.Mod","3",2,TRUE,1.72999999998137
"4199","X~~Z",0.19024866912086,0.0401174924094263,0.2,"PLS",6681,872074,500,"Alt.Mod","3",2,TRUE,1.72999999998137
"4200","X=~x1",0.784,0.034,0.8,"Mplus",6681,872074,500,"Alt.Mod","3",2,TRUE,189.760000000009
"4201","X=~x2",0.791,0.034,0.8,"Mplus",6681,872074,500,"Alt.Mod","3",2,TRUE,189.760000000009
"4202","X=~x3",0.824,0.032,0.8,"Mplus",6681,872074,500,"Alt.Mod","3",2,TRUE,189.760000000009
"4203","Z=~z1",0.785,0.036,0.8,"Mplus",6681,872074,500,"Alt.Mod","3",2,TRUE,189.760000000009
"4204","Z=~z2",0.788,0.037,0.8,"Mplus",6681,872074,500,"Alt.Mod","3",2,TRUE,189.760000000009
"4205","Z=~z3",0.727,0.038,0.8,"Mplus",6681,872074,500,"Alt.Mod","3",2,TRUE,189.760000000009
"4206","Y=~y1",0.721,0.039,0.8,"Mplus",6681,872074,500,"Alt.Mod","3",2,TRUE,189.760000000009
"4207","Y=~y2",0.764,0.037,0.8,"Mplus",6681,872074,500,"Alt.Mod","3",2,TRUE,189.760000000009
"4208","Y=~y3",0.808,0.035,0.8,"Mplus",6681,872074,500,"Alt.Mod","3",2,TRUE,189.760000000009
"4209","Y~X",0.418,0.048,0.4,"Mplus",6681,872074,500,"Alt.Mod","3",2,TRUE,189.760000000009
"4210","Y~Z",0.507,0.047,0.5,"Mplus",6681,872074,500,"Alt.Mod","3",2,TRUE,189.760000000009
"4211","Y~X:Z",0.291,0.056,0.3,"Mplus",6681,872074,500,"Alt.Mod","3",2,TRUE,189.760000000009
"4212","X~~Z",0.231,0.057,0.2,"Mplus",6681,872074,500,"Alt.Mod","3",2,TRUE,189.760000000009
"4213","X=~x1",0.37264155530008,0.115453658189217,0.5,"MC-OrdPLSc",6682,152751,500,"Alt.Mod","3",3,TRUE,21.8299999999945
"4214","X=~x2",0.445884248027576,0.111378188387083,0.5,"MC-OrdPLSc",6682,152751,500,"Alt.Mod","3",3,TRUE,21.8299999999945
"4215","X=~x3",0.649050989485804,0.147655389261003,0.5,"MC-OrdPLSc",6682,152751,500,"Alt.Mod","3",3,TRUE,21.8299999999945
"4216","Z=~z1",0.30179264389396,0.0916927100005703,0.5,"MC-OrdPLSc",6682,152751,500,"Alt.Mod","3",3,TRUE,21.8299999999945
"4217","Z=~z2",0.56253963576062,0.0877431725820237,0.5,"MC-OrdPLSc",6682,152751,500,"Alt.Mod","3",3,TRUE,21.8299999999945
"4218","Z=~z3",0.540153292083494,0.0853380244724613,0.5,"MC-OrdPLSc",6682,152751,500,"Alt.Mod","3",3,TRUE,21.8299999999945
"4219","Y=~y1",0.405841973615061,0.0769779865269703,0.5,"MC-OrdPLSc",6682,152751,500,"Alt.Mod","3",3,TRUE,21.8299999999945
"4220","Y=~y2",0.526453101054905,0.0709806086713831,0.5,"MC-OrdPLSc",6682,152751,500,"Alt.Mod","3",3,TRUE,21.8299999999945
"4221","Y=~y3",0.473899368324171,0.0895848502563904,0.5,"MC-OrdPLSc",6682,152751,500,"Alt.Mod","3",3,TRUE,21.8299999999945
"4222","Y~X",0.241989782960919,0.14443991033116,0.4,"MC-OrdPLSc",6682,152751,500,"Alt.Mod","3",3,TRUE,21.8299999999945
"4223","Y~Z",0.587464828915959,0.139503690804736,0.5,"MC-OrdPLSc",6682,152751,500,"Alt.Mod","3",3,TRUE,21.8299999999945
"4224","Y~X:Z",0.289334433304668,0.129589675886255,0.3,"MC-OrdPLSc",6682,152751,500,"Alt.Mod","3",3,TRUE,21.8299999999945
"4225","X~~Z",0.454378277324111,0.10414837241405,0.2,"MC-OrdPLSc",6682,152751,500,"Alt.Mod","3",3,TRUE,21.8299999999945
"4226","X=~x1",0.481782637400809,0.0895494835324323,0.5,"PLSc",6682,152751,500,"Alt.Mod","3",3,TRUE,4.79000000000815
"4227","X=~x2",0.419795928235825,0.0957465238613119,0.5,"PLSc",6682,152751,500,"Alt.Mod","3",3,TRUE,4.79000000000815
"4228","X=~x3",0.436787049634779,0.0878281059011364,0.5,"PLSc",6682,152751,500,"Alt.Mod","3",3,TRUE,4.79000000000815
"4229","Z=~z1",0.544006900085693,0.0675649168924394,0.5,"PLSc",6682,152751,500,"Alt.Mod","3",3,TRUE,4.79000000000815
"4230","Z=~z2",0.375419092655654,0.0798876454752093,0.5,"PLSc",6682,152751,500,"Alt.Mod","3",3,TRUE,4.79000000000815
"4231","Z=~z3",0.477235103287409,0.0669672580706137,0.5,"PLSc",6682,152751,500,"Alt.Mod","3",3,TRUE,4.79000000000815
"4232","Y=~y1",0.437895185245439,0.0634832114523289,0.5,"PLSc",6682,152751,500,"Alt.Mod","3",3,TRUE,4.79000000000815
"4233","Y=~y2",0.457879951295775,0.0637193254782962,0.5,"PLSc",6682,152751,500,"Alt.Mod","3",3,TRUE,4.79000000000815
"4234","Y=~y3",0.382907851209855,0.0596641015906125,0.5,"PLSc",6682,152751,500,"Alt.Mod","3",3,TRUE,4.79000000000815
"4235","Y~X",0.458117964591832,0.887142077683516,0.4,"PLSc",6682,152751,500,"Alt.Mod","3",3,TRUE,4.79000000000815
"4236","Y~Z",0.671893784223012,0.678873344080732,0.5,"PLSc",6682,152751,500,"Alt.Mod","3",3,TRUE,4.79000000000815
"4237","Y~X:Z",0.300195799715374,4.05809151106501,0.3,"PLSc",6682,152751,500,"Alt.Mod","3",3,TRUE,4.79000000000815
"4238","X~~Z",0.239006998970103,0.101084015320315,0.2,"PLSc",6682,152751,500,"Alt.Mod","3",3,TRUE,4.79000000000815
"4239","X=~x1",0.704709696550732,0.0774932786604488,0.5,"PLS",6682,152751,500,"Alt.Mod","3",3,TRUE,2.30999999999767
"4240","X=~x2",0.674229765081918,0.0786780773356115,0.5,"PLS",6682,152751,500,"Alt.Mod","3",3,TRUE,2.30999999999767
"4241","X=~x3",0.668935968077857,0.0823926818329294,0.5,"PLS",6682,152751,500,"Alt.Mod","3",3,TRUE,2.30999999999767
"4242","Z=~z1",0.746010895860796,0.0510928925427284,0.5,"PLS",6682,152751,500,"Alt.Mod","3",3,TRUE,2.30999999999767
"4243","Z=~z2",0.642612417111409,0.0681130844268307,0.5,"PLS",6682,152751,500,"Alt.Mod","3",3,TRUE,2.30999999999767
"4244","Z=~z3",0.683281453043166,0.0598313374789733,0.5,"PLS",6682,152751,500,"Alt.Mod","3",3,TRUE,2.30999999999767
"4245","Y=~y1",0.663997903015397,0.0638581553277693,0.5,"PLS",6682,152751,500,"Alt.Mod","3",3,TRUE,2.30999999999767
"4246","Y=~y2",0.737706294958452,0.0449183444916319,0.5,"PLS",6682,152751,500,"Alt.Mod","3",3,TRUE,2.30999999999767
"4247","Y=~y3",0.614374092071934,0.0602208252311001,0.5,"PLS",6682,152751,500,"Alt.Mod","3",3,TRUE,2.30999999999767
"4248","Y~X",0.22534830060719,0.0403401527558435,0.4,"PLS",6682,152751,500,"Alt.Mod","3",3,TRUE,2.30999999999767
"4249","Y~Z",0.302031951810969,0.0402130862433355,0.5,"PLS",6682,152751,500,"Alt.Mod","3",3,TRUE,2.30999999999767
"4250","Y~X:Z",0.0705039874660867,0.040129352780808,0.3,"PLS",6682,152751,500,"Alt.Mod","3",3,TRUE,2.30999999999767
"4251","X~~Z",0.10691221582425,0.0447543489011821,0.2,"PLS",6682,152751,500,"Alt.Mod","3",3,TRUE,2.30999999999767
"4252","X=~x1",0.459,0.072,0.5,"Mplus",6682,152751,500,"Alt.Mod","3",3,TRUE,290.919999999984
"4253","X=~x2",0.513,0.074,0.5,"Mplus",6682,152751,500,"Alt.Mod","3",3,TRUE,290.919999999984
"4254","X=~x3",0.459,0.071,0.5,"Mplus",6682,152751,500,"Alt.Mod","3",3,TRUE,290.919999999984
"4255","Z=~z1",0.533,0.067,0.5,"Mplus",6682,152751,500,"Alt.Mod","3",3,TRUE,290.919999999984
"4256","Z=~z2",0.496,0.066,0.5,"Mplus",6682,152751,500,"Alt.Mod","3",3,TRUE,290.919999999984
"4257","Z=~z3",0.473,0.066,0.5,"Mplus",6682,152751,500,"Alt.Mod","3",3,TRUE,290.919999999984
"4258","Y=~y1",0.465,0.067,0.5,"Mplus",6682,152751,500,"Alt.Mod","3",3,TRUE,290.919999999984
"4259","Y=~y2",0.531,0.07,0.5,"Mplus",6682,152751,500,"Alt.Mod","3",3,TRUE,290.919999999984
"4260","Y=~y3",0.414,0.064,0.5,"Mplus",6682,152751,500,"Alt.Mod","3",3,TRUE,290.919999999984
"4261","Y~X",0.466,0.104,0.4,"Mplus",6682,152751,500,"Alt.Mod","3",3,TRUE,290.919999999984
"4262","Y~Z",0.627,0.099,0.5,"Mplus",6682,152751,500,"Alt.Mod","3",3,TRUE,290.919999999984
"4263","Y~X:Z",0.333,0.122,0.3,"Mplus",6682,152751,500,"Alt.Mod","3",3,TRUE,290.919999999984
"4264","X~~Z",0.22,0.097,0.2,"Mplus",6682,152751,500,"Alt.Mod","3",3,TRUE,290.919999999984
"4265","X=~x1",0.834249842743184,0.0246026873915186,0.8,"MC-OrdPLSc",6683,7562780,1000,"Alt.Mod","3",2,TRUE,21.0499999999956
"4266","X=~x2",0.79469941333103,0.022962228308131,0.8,"MC-OrdPLSc",6683,7562780,1000,"Alt.Mod","3",2,TRUE,21.0499999999956
"4267","X=~x3",0.831108836412586,0.0236107306816039,0.8,"MC-OrdPLSc",6683,7562780,1000,"Alt.Mod","3",2,TRUE,21.0499999999956
"4268","Z=~z1",0.794492340145231,0.0274293262424936,0.8,"MC-OrdPLSc",6683,7562780,1000,"Alt.Mod","3",2,TRUE,21.0499999999956
"4269","Z=~z2",0.772956977338131,0.0237592973865148,0.8,"MC-OrdPLSc",6683,7562780,1000,"Alt.Mod","3",2,TRUE,21.0499999999956
"4270","Z=~z3",0.773635577616316,0.0262097640808612,0.8,"MC-OrdPLSc",6683,7562780,1000,"Alt.Mod","3",2,TRUE,21.0499999999956
"4271","Y=~y1",0.831734212425995,0.0199393351320297,0.8,"MC-OrdPLSc",6683,7562780,1000,"Alt.Mod","3",2,TRUE,21.0499999999956
"4272","Y=~y2",0.788937105036069,0.0229547634640955,0.8,"MC-OrdPLSc",6683,7562780,1000,"Alt.Mod","3",2,TRUE,21.0499999999956
"4273","Y=~y3",0.814729193669171,0.0228066254328365,0.8,"MC-OrdPLSc",6683,7562780,1000,"Alt.Mod","3",2,TRUE,21.0499999999956
"4274","Y~X",0.455833337872662,0.0300879340500205,0.4,"MC-OrdPLSc",6683,7562780,1000,"Alt.Mod","3",2,TRUE,21.0499999999956
"4275","Y~Z",0.478152536711428,0.0315125941216843,0.5,"MC-OrdPLSc",6683,7562780,1000,"Alt.Mod","3",2,TRUE,21.0499999999956
"4276","Y~X:Z",0.36546732255681,0.0422538503876175,0.3,"MC-OrdPLSc",6683,7562780,1000,"Alt.Mod","3",2,TRUE,21.0499999999956
"4277","X~~Z",0.192377608241948,0.0406692478003867,0.2,"MC-OrdPLSc",6683,7562780,1000,"Alt.Mod","3",2,TRUE,21.0499999999956
"4278","X=~x1",0.676225563669543,0.0408139619041905,0.8,"PLSc",6683,7562780,1000,"Alt.Mod","3",2,TRUE,7.08999999999651
"4279","X=~x2",0.755284591048146,0.0381327614067232,0.8,"PLSc",6683,7562780,1000,"Alt.Mod","3",2,TRUE,7.08999999999651
"4280","X=~x3",0.747749664436181,0.0384889331353731,0.8,"PLSc",6683,7562780,1000,"Alt.Mod","3",2,TRUE,7.08999999999651
"4281","Z=~z1",0.694608288507892,0.0394663354658861,0.8,"PLSc",6683,7562780,1000,"Alt.Mod","3",2,TRUE,7.08999999999651
"4282","Z=~z2",0.705650321274745,0.0396547210560438,0.8,"PLSc",6683,7562780,1000,"Alt.Mod","3",2,TRUE,7.08999999999651
"4283","Z=~z3",0.78174060530789,0.0384807535821883,0.8,"PLSc",6683,7562780,1000,"Alt.Mod","3",2,TRUE,7.08999999999651
"4284","Y=~y1",0.72855595831873,0.0316251852880788,0.8,"PLSc",6683,7562780,1000,"Alt.Mod","3",2,TRUE,7.08999999999651
"4285","Y=~y2",0.71883188117696,0.0299477522899379,0.8,"PLSc",6683,7562780,1000,"Alt.Mod","3",2,TRUE,7.08999999999651
"4286","Y=~y3",0.770489251882064,0.0296360289279469,0.8,"PLSc",6683,7562780,1000,"Alt.Mod","3",2,TRUE,7.08999999999651
"4287","Y~X",0.440852657404316,0.0357129077386254,0.4,"PLSc",6683,7562780,1000,"Alt.Mod","3",2,TRUE,7.08999999999651
"4288","Y~Z",0.427689590087707,0.0387621763844959,0.5,"PLSc",6683,7562780,1000,"Alt.Mod","3",2,TRUE,7.08999999999651
"4289","Y~X:Z",0.279219290124579,0.0408179199761858,0.3,"PLSc",6683,7562780,1000,"Alt.Mod","3",2,TRUE,7.08999999999651
"4290","X~~Z",0.241396718599682,0.037967760200617,0.2,"PLSc",6683,7562780,1000,"Alt.Mod","3",2,TRUE,7.08999999999651
"4291","X=~x1",0.815518683277326,0.0147994163199775,0.8,"PLS",6683,7562780,1000,"Alt.Mod","3",2,TRUE,1.85000000000582
"4292","X=~x2",0.833675397779439,0.0131566181923194,0.8,"PLS",6683,7562780,1000,"Alt.Mod","3",2,TRUE,1.85000000000582
"4293","X=~x3",0.834258621721913,0.0134049865079135,0.8,"PLS",6683,7562780,1000,"Alt.Mod","3",2,TRUE,1.85000000000582
"4294","Z=~z1",0.819135251775513,0.0154516213879605,0.8,"PLS",6683,7562780,1000,"Alt.Mod","3",2,TRUE,1.85000000000582
"4295","Z=~z2",0.820041792814519,0.0143885807879457,0.8,"PLS",6683,7562780,1000,"Alt.Mod","3",2,TRUE,1.85000000000582
"4296","Z=~z3",0.845253282348877,0.0129799032355012,0.8,"PLS",6683,7562780,1000,"Alt.Mod","3",2,TRUE,1.85000000000582
"4297","Y=~y1",0.819805820650515,0.0127352891709669,0.8,"PLS",6683,7562780,1000,"Alt.Mod","3",2,TRUE,1.85000000000582
"4298","Y=~y2",0.835591972976264,0.0117435906373236,0.8,"PLS",6683,7562780,1000,"Alt.Mod","3",2,TRUE,1.85000000000582
"4299","Y=~y3",0.850144232978895,0.0111046403395458,0.8,"PLS",6683,7562780,1000,"Alt.Mod","3",2,TRUE,1.85000000000582
"4300","Y~X",0.345136053365238,0.0256316796712509,0.4,"PLS",6683,7562780,1000,"Alt.Mod","3",2,TRUE,1.85000000000582
"4301","Y~Z",0.342098960471739,0.0278367570225809,0.5,"PLS",6683,7562780,1000,"Alt.Mod","3",2,TRUE,1.85000000000582
"4302","Y~X:Z",0.169745195025985,0.0246876527491188,0.3,"PLS",6683,7562780,1000,"Alt.Mod","3",2,TRUE,1.85000000000582
"4303","X~~Z",0.186778370414147,0.0295876973840819,0.2,"PLS",6683,7562780,1000,"Alt.Mod","3",2,TRUE,1.85000000000582
"4304","X=~x1",0.774,0.025,0.8,"Mplus",6683,7562780,1000,"Alt.Mod","3",2,TRUE,327.809999999998
"4305","X=~x2",0.794,0.025,0.8,"Mplus",6683,7562780,1000,"Alt.Mod","3",2,TRUE,327.809999999998
"4306","X=~x3",0.802,0.024,0.8,"Mplus",6683,7562780,1000,"Alt.Mod","3",2,TRUE,327.809999999998
"4307","Z=~z1",0.779,0.025,0.8,"Mplus",6683,7562780,1000,"Alt.Mod","3",2,TRUE,327.809999999998
"4308","Z=~z2",0.776,0.025,0.8,"Mplus",6683,7562780,1000,"Alt.Mod","3",2,TRUE,327.809999999998
"4309","Z=~z3",0.811,0.024,0.8,"Mplus",6683,7562780,1000,"Alt.Mod","3",2,TRUE,327.809999999998
"4310","Y=~y1",0.776,0.024,0.8,"Mplus",6683,7562780,1000,"Alt.Mod","3",2,TRUE,327.809999999998
"4311","Y=~y2",0.826,0.022,0.8,"Mplus",6683,7562780,1000,"Alt.Mod","3",2,TRUE,327.809999999998
"4312","Y=~y3",0.847,0.021,0.8,"Mplus",6683,7562780,1000,"Alt.Mod","3",2,TRUE,327.809999999998
"4313","Y~X",0.432,0.034,0.4,"Mplus",6683,7562780,1000,"Alt.Mod","3",2,TRUE,327.809999999998
"4314","Y~Z",0.424,0.034,0.5,"Mplus",6683,7562780,1000,"Alt.Mod","3",2,TRUE,327.809999999998
"4315","Y~X:Z",0.284,0.039,0.3,"Mplus",6683,7562780,1000,"Alt.Mod","3",2,TRUE,327.809999999998
"4316","X~~Z",0.241,0.04,0.2,"Mplus",6683,7562780,1000,"Alt.Mod","3",2,TRUE,327.809999999998
"4317","X=~x1",0.544189930157258,0.0757132443152007,0.5,"MC-OrdPLSc",6684,5602997,1000,"Alt.Mod","3",3,TRUE,24.2799999999988
"4318","X=~x2",0.442644580444313,0.0741702089919784,0.5,"MC-OrdPLSc",6684,5602997,1000,"Alt.Mod","3",3,TRUE,24.2799999999988
"4319","X=~x3",0.514379716939163,0.0753714709330337,0.5,"MC-OrdPLSc",6684,5602997,1000,"Alt.Mod","3",3,TRUE,24.2799999999988
"4320","Z=~z1",0.509694378106784,0.0617677954188584,0.5,"MC-OrdPLSc",6684,5602997,1000,"Alt.Mod","3",3,TRUE,24.2799999999988
"4321","Z=~z2",0.618963487818738,0.0547992552491325,0.5,"MC-OrdPLSc",6684,5602997,1000,"Alt.Mod","3",3,TRUE,24.2799999999988
"4322","Z=~z3",0.411791235416272,0.0638053411859936,0.5,"MC-OrdPLSc",6684,5602997,1000,"Alt.Mod","3",3,TRUE,24.2799999999988
"4323","Y=~y1",0.545544226482886,0.053493791078775,0.5,"MC-OrdPLSc",6684,5602997,1000,"Alt.Mod","3",3,TRUE,24.2799999999988
"4324","Y=~y2",0.455415067782893,0.0530400390872329,0.5,"MC-OrdPLSc",6684,5602997,1000,"Alt.Mod","3",3,TRUE,24.2799999999988
"4325","Y=~y3",0.490640183395165,0.0488424242185998,0.5,"MC-OrdPLSc",6684,5602997,1000,"Alt.Mod","3",3,TRUE,24.2799999999988
"4326","Y~X",0.377451627926497,0.0688447164228272,0.4,"MC-OrdPLSc",6684,5602997,1000,"Alt.Mod","3",3,TRUE,24.2799999999988
"4327","Y~Z",0.51483903487455,0.0650163338589253,0.5,"MC-OrdPLSc",6684,5602997,1000,"Alt.Mod","3",3,TRUE,24.2799999999988
"4328","Y~X:Z",0.294278471892264,0.110971179827475,0.3,"MC-OrdPLSc",6684,5602997,1000,"Alt.Mod","3",3,TRUE,24.2799999999988
"4329","X~~Z",0.219131143238053,0.0791710582966818,0.2,"MC-OrdPLSc",6684,5602997,1000,"Alt.Mod","3",3,TRUE,24.2799999999988
"4330","X=~x1",0.406405094043031,0.0773296173497117,0.5,"PLSc",6684,5602997,1000,"Alt.Mod","3",3,TRUE,7.25
"4331","X=~x2",0.410274277021626,0.0759228879064415,0.5,"PLSc",6684,5602997,1000,"Alt.Mod","3",3,TRUE,7.25
"4332","X=~x3",0.498416412791697,0.0740770361021266,0.5,"PLSc",6684,5602997,1000,"Alt.Mod","3",3,TRUE,7.25
"4333","Z=~z1",0.484769864348598,0.0642479098635083,0.5,"PLSc",6684,5602997,1000,"Alt.Mod","3",3,TRUE,7.25
"4334","Z=~z2",0.342051831501828,0.0780714315222112,0.5,"PLSc",6684,5602997,1000,"Alt.Mod","3",3,TRUE,7.25
"4335","Z=~z3",0.469135330371359,0.071363167140519,0.5,"PLSc",6684,5602997,1000,"Alt.Mod","3",3,TRUE,7.25
"4336","Y=~y1",0.486929365540063,0.0513165964903698,0.5,"PLSc",6684,5602997,1000,"Alt.Mod","3",3,TRUE,7.25
"4337","Y=~y2",0.486922502597614,0.0528963097390114,0.5,"PLSc",6684,5602997,1000,"Alt.Mod","3",3,TRUE,7.25
"4338","Y=~y3",0.418324149101719,0.0579584374441433,0.5,"PLSc",6684,5602997,1000,"Alt.Mod","3",3,TRUE,7.25
"4339","Y~X",0.427972165290976,0.510229534050033,0.4,"PLSc",6684,5602997,1000,"Alt.Mod","3",3,TRUE,7.25
"4340","Y~Z",0.432167291477268,0.40495746913229,0.5,"PLSc",6684,5602997,1000,"Alt.Mod","3",3,TRUE,7.25
"4341","Y~X:Z",0.30799901195917,3.88138874571212,0.3,"PLSc",6684,5602997,1000,"Alt.Mod","3",3,TRUE,7.25
"4342","X~~Z",0.187826690664491,0.0743262230883612,0.2,"PLSc",6684,5602997,1000,"Alt.Mod","3",3,TRUE,7.25
"4343","X=~x1",0.660744760429213,0.0673598101316148,0.5,"PLS",6684,5602997,1000,"Alt.Mod","3",3,TRUE,2.08999999999651
"4344","X=~x2",0.651760126458657,0.0698902922583332,0.5,"PLS",6684,5602997,1000,"Alt.Mod","3",3,TRUE,2.08999999999651
"4345","X=~x3",0.722859630628955,0.0647342507515476,0.5,"PLS",6684,5602997,1000,"Alt.Mod","3",3,TRUE,2.08999999999651
"4346","Z=~z1",0.714847323769846,0.0579875287475174,0.5,"PLS",6684,5602997,1000,"Alt.Mod","3",3,TRUE,2.08999999999651
"4347","Z=~z2",0.610866049987454,0.0721151744886802,0.5,"PLS",6684,5602997,1000,"Alt.Mod","3",3,TRUE,2.08999999999651
"4348","Z=~z3",0.700940012121322,0.0651492415291963,0.5,"PLS",6684,5602997,1000,"Alt.Mod","3",3,TRUE,2.08999999999651
"4349","Y=~y1",0.724465090995035,0.0384077553317311,0.5,"PLS",6684,5602997,1000,"Alt.Mod","3",3,TRUE,2.08999999999651
"4350","Y=~y2",0.703599588488466,0.0443324419325064,0.5,"PLS",6684,5602997,1000,"Alt.Mod","3",3,TRUE,2.08999999999651
"4351","Y=~y3",0.640050772025987,0.0529597533126872,0.5,"PLS",6684,5602997,1000,"Alt.Mod","3",3,TRUE,2.08999999999651
"4352","Y~X",0.194727843865032,0.0287508237338278,0.4,"PLS",6684,5602997,1000,"Alt.Mod","3",3,TRUE,2.08999999999651
"4353","Y~Z",0.219238329677796,0.0282514821934555,0.5,"PLS",6684,5602997,1000,"Alt.Mod","3",3,TRUE,2.08999999999651
"4354","Y~X:Z",0.0821072016120381,0.0301500071800312,0.3,"PLS",6684,5602997,1000,"Alt.Mod","3",3,TRUE,2.08999999999651
"4355","X~~Z",0.0788958622256726,0.0313776981083122,0.2,"PLS",6684,5602997,1000,"Alt.Mod","3",3,TRUE,2.08999999999651
"4356","X=~x1",0.505,0.055,0.5,"Mplus",6684,5602997,1000,"Alt.Mod","3",3,TRUE,573.399999999994
"4357","X=~x2",0.468,0.053,0.5,"Mplus",6684,5602997,1000,"Alt.Mod","3",3,TRUE,573.399999999994
"4358","X=~x3",0.433,0.052,0.5,"Mplus",6684,5602997,1000,"Alt.Mod","3",3,TRUE,573.399999999994
"4359","Z=~z1",0.454,0.053,0.5,"Mplus",6684,5602997,1000,"Alt.Mod","3",3,TRUE,573.399999999994
"4360","Z=~z2",0.471,0.052,0.5,"Mplus",6684,5602997,1000,"Alt.Mod","3",3,TRUE,573.399999999994
"4361","Z=~z3",0.47,0.053,0.5,"Mplus",6684,5602997,1000,"Alt.Mod","3",3,TRUE,573.399999999994
"4362","Y=~y1",0.556,0.05,0.5,"Mplus",6684,5602997,1000,"Alt.Mod","3",3,TRUE,573.399999999994
"4363","Y=~y2",0.505,0.049,0.5,"Mplus",6684,5602997,1000,"Alt.Mod","3",3,TRUE,573.399999999994
"4364","Y=~y3",0.46,0.048,0.5,"Mplus",6684,5602997,1000,"Alt.Mod","3",3,TRUE,573.399999999994
"4365","Y~X",0.398,0.071,0.4,"Mplus",6684,5602997,1000,"Alt.Mod","3",3,TRUE,573.399999999994
"4366","Y~Z",0.454,0.069,0.5,"Mplus",6684,5602997,1000,"Alt.Mod","3",3,TRUE,573.399999999994
"4367","Y~X:Z",0.366,0.091,0.3,"Mplus",6684,5602997,1000,"Alt.Mod","3",3,TRUE,573.399999999994
"4368","X~~Z",0.19,0.072,0.2,"Mplus",6684,5602997,1000,"Alt.Mod","3",3,TRUE,573.399999999994
"4369","X=~x1",0.71160258457387,0.072421728026145,0.8,"MC-OrdPLSc",6685,2867680,200,"Alt.Mod","5",2,TRUE,19.9800000000032
"4370","X=~x2",0.873041039624735,0.0520887537970471,0.8,"MC-OrdPLSc",6685,2867680,200,"Alt.Mod","5",2,TRUE,19.9800000000032
"4371","X=~x3",0.783540910403328,0.0531193368137233,0.8,"MC-OrdPLSc",6685,2867680,200,"Alt.Mod","5",2,TRUE,19.9800000000032
"4372","Z=~z1",0.868829778207687,0.0524480776873107,0.8,"MC-OrdPLSc",6685,2867680,200,"Alt.Mod","5",2,TRUE,19.9800000000032
"4373","Z=~z2",0.715789668723236,0.0522968707763989,0.8,"MC-OrdPLSc",6685,2867680,200,"Alt.Mod","5",2,TRUE,19.9800000000032
"4374","Z=~z3",0.728745819587307,0.0579673178057079,0.8,"MC-OrdPLSc",6685,2867680,200,"Alt.Mod","5",2,TRUE,19.9800000000032
"4375","Y=~y1",0.827761700403699,0.0421790007503341,0.8,"MC-OrdPLSc",6685,2867680,200,"Alt.Mod","5",2,TRUE,19.9800000000032
"4376","Y=~y2",0.817500253732407,0.0512066445355764,0.8,"MC-OrdPLSc",6685,2867680,200,"Alt.Mod","5",2,TRUE,19.9800000000032
"4377","Y=~y3",0.814435539203056,0.0469027431986193,0.8,"MC-OrdPLSc",6685,2867680,200,"Alt.Mod","5",2,TRUE,19.9800000000032
"4378","Y~X",0.4110535311571,0.0692594141168589,0.4,"MC-OrdPLSc",6685,2867680,200,"Alt.Mod","5",2,TRUE,19.9800000000032
"4379","Y~Z",0.487462287646023,0.065516531937664,0.5,"MC-OrdPLSc",6685,2867680,200,"Alt.Mod","5",2,TRUE,19.9800000000032
"4380","Y~X:Z",0.268163520004236,0.082810344136509,0.3,"MC-OrdPLSc",6685,2867680,200,"Alt.Mod","5",2,TRUE,19.9800000000032
"4381","X~~Z",0.324801997596322,0.0826106989938254,0.2,"MC-OrdPLSc",6685,2867680,200,"Alt.Mod","5",2,TRUE,19.9800000000032
"4382","X=~x1",0.656187416236591,0.103896003430946,0.8,"PLSc",6685,2867680,200,"Alt.Mod","5",2,TRUE,3.08999999999651
"4383","X=~x2",0.763072314552837,0.0921469911916532,0.8,"PLSc",6685,2867680,200,"Alt.Mod","5",2,TRUE,3.08999999999651
"4384","X=~x3",0.780942773275527,0.0988137562808252,0.8,"PLSc",6685,2867680,200,"Alt.Mod","5",2,TRUE,3.08999999999651
"4385","Z=~z1",0.679447751791749,0.094929332556088,0.8,"PLSc",6685,2867680,200,"Alt.Mod","5",2,TRUE,3.08999999999651
"4386","Z=~z2",0.907765471482705,0.0807344449795429,0.8,"PLSc",6685,2867680,200,"Alt.Mod","5",2,TRUE,3.08999999999651
"4387","Z=~z3",0.638768265309472,0.0887010417462128,0.8,"PLSc",6685,2867680,200,"Alt.Mod","5",2,TRUE,3.08999999999651
"4388","Y=~y1",0.807282771395114,0.0576030189806605,0.8,"PLSc",6685,2867680,200,"Alt.Mod","5",2,TRUE,3.08999999999651
"4389","Y=~y2",0.702211991577575,0.0713361794226829,0.8,"PLSc",6685,2867680,200,"Alt.Mod","5",2,TRUE,3.08999999999651
"4390","Y=~y3",0.744039920948726,0.0704983248022163,0.8,"PLSc",6685,2867680,200,"Alt.Mod","5",2,TRUE,3.08999999999651
"4391","Y~X",0.410772427363317,0.08519066857779,0.4,"PLSc",6685,2867680,200,"Alt.Mod","5",2,TRUE,3.08999999999651
"4392","Y~Z",0.383032660521627,0.0873543623069366,0.5,"PLSc",6685,2867680,200,"Alt.Mod","5",2,TRUE,3.08999999999651
"4393","Y~X:Z",0.387426555129602,0.12867927166085,0.3,"PLSc",6685,2867680,200,"Alt.Mod","5",2,TRUE,3.08999999999651
"4394","X~~Z",0.152405599478615,0.0792738248968014,0.2,"PLSc",6685,2867680,200,"Alt.Mod","5",2,TRUE,3.08999999999651
"4395","X=~x1",0.816097055767639,0.038158827085409,0.8,"PLS",6685,2867680,200,"Alt.Mod","5",2,TRUE,1.80000000001746
"4396","X=~x2",0.848250379065782,0.0288004945541037,0.8,"PLS",6685,2867680,200,"Alt.Mod","5",2,TRUE,1.80000000001746
"4397","X=~x3",0.832497085709689,0.0338916225841357,0.8,"PLS",6685,2867680,200,"Alt.Mod","5",2,TRUE,1.80000000001746
"4398","Z=~z1",0.824976670706531,0.0349054352088121,0.8,"PLS",6685,2867680,200,"Alt.Mod","5",2,TRUE,1.80000000001746
"4399","Z=~z2",0.866102260672992,0.0215580431334599,0.8,"PLS",6685,2867680,200,"Alt.Mod","5",2,TRUE,1.80000000001746
"4400","Z=~z3",0.822018219870121,0.0346944675234552,0.8,"PLS",6685,2867680,200,"Alt.Mod","5",2,TRUE,1.80000000001746
"4401","Y=~y1",0.869141376605237,0.0191064575474164,0.8,"PLS",6685,2867680,200,"Alt.Mod","5",2,TRUE,1.80000000001746
"4402","Y=~y2",0.835439719633828,0.0256752496187953,0.8,"PLS",6685,2867680,200,"Alt.Mod","5",2,TRUE,1.80000000001746
"4403","Y=~y3",0.821652874480482,0.0313635107253667,0.8,"PLS",6685,2867680,200,"Alt.Mod","5",2,TRUE,1.80000000001746
"4404","Y~X",0.329496724312761,0.0614247384986478,0.4,"PLS",6685,2867680,200,"Alt.Mod","5",2,TRUE,1.80000000001746
"4405","Y~Z",0.333113522870418,0.0569748619272128,0.5,"PLS",6685,2867680,200,"Alt.Mod","5",2,TRUE,1.80000000001746
"4406","Y~X:Z",0.263144647666006,0.0629508131502552,0.3,"PLS",6685,2867680,200,"Alt.Mod","5",2,TRUE,1.80000000001746
"4407","X~~Z",0.122089517692561,0.0644343965818445,0.2,"PLS",6685,2867680,200,"Alt.Mod","5",2,TRUE,1.80000000001746
"4408","X=~x1",0.76,0.051,0.8,"Mplus",6685,2867680,200,"Alt.Mod","5",2,TRUE,126.440000000002
"4409","X=~x2",0.811,0.049,0.8,"Mplus",6685,2867680,200,"Alt.Mod","5",2,TRUE,126.440000000002
"4410","X=~x3",0.768,0.053,0.8,"Mplus",6685,2867680,200,"Alt.Mod","5",2,TRUE,126.440000000002
"4411","Z=~z1",0.804,0.047,0.8,"Mplus",6685,2867680,200,"Alt.Mod","5",2,TRUE,126.440000000002
"4412","Z=~z2",0.784,0.05,0.8,"Mplus",6685,2867680,200,"Alt.Mod","5",2,TRUE,126.440000000002
"4413","Z=~z3",0.78,0.048,0.8,"Mplus",6685,2867680,200,"Alt.Mod","5",2,TRUE,126.440000000002
"4414","Y=~y1",0.862,0.043,0.8,"Mplus",6685,2867680,200,"Alt.Mod","5",2,TRUE,126.440000000002
"4415","Y=~y2",0.784,0.048,0.8,"Mplus",6685,2867680,200,"Alt.Mod","5",2,TRUE,126.440000000002
"4416","Y=~y3",0.762,0.052,0.8,"Mplus",6685,2867680,200,"Alt.Mod","5",2,TRUE,126.440000000002
"4417","Y~X",0.453,0.07,0.4,"Mplus",6685,2867680,200,"Alt.Mod","5",2,TRUE,126.440000000002
"4418","Y~Z",0.386,0.073,0.5,"Mplus",6685,2867680,200,"Alt.Mod","5",2,TRUE,126.440000000002
"4419","Y~X:Z",0.402,0.082,0.3,"Mplus",6685,2867680,200,"Alt.Mod","5",2,TRUE,126.440000000002
"4420","X~~Z",0.156,0.088,0.2,"Mplus",6685,2867680,200,"Alt.Mod","5",2,TRUE,126.440000000002
"4421","X=~x1",0.477525086158994,0.138744431437952,0.5,"MC-OrdPLSc",6686,7281270,200,"Alt.Mod","5",3,TRUE,23.8300000000017
"4422","X=~x2",0.663582491837474,0.195465354669138,0.5,"MC-OrdPLSc",6686,7281270,200,"Alt.Mod","5",3,TRUE,23.8300000000017
"4423","X=~x3",0.61996008166941,0.117095929303249,0.5,"MC-OrdPLSc",6686,7281270,200,"Alt.Mod","5",3,TRUE,23.8300000000017
"4424","Z=~z1",0.449227391540431,0.160828624417866,0.5,"MC-OrdPLSc",6686,7281270,200,"Alt.Mod","5",3,TRUE,23.8300000000017
"4425","Z=~z2",0.757787147986963,0.256590552916667,0.5,"MC-OrdPLSc",6686,7281270,200,"Alt.Mod","5",3,TRUE,23.8300000000017
"4426","Z=~z3",0.460555848566548,0.218676330668044,0.5,"MC-OrdPLSc",6686,7281270,200,"Alt.Mod","5",3,TRUE,23.8300000000017
"4427","Y=~y1",0.399767316082805,0.135219896192932,0.5,"MC-OrdPLSc",6686,7281270,200,"Alt.Mod","5",3,TRUE,23.8300000000017
"4428","Y=~y2",0.411275851170834,0.156498788352167,0.5,"MC-OrdPLSc",6686,7281270,200,"Alt.Mod","5",3,TRUE,23.8300000000017
"4429","Y=~y3",0.48357053647399,0.159985882984841,0.5,"MC-OrdPLSc",6686,7281270,200,"Alt.Mod","5",3,TRUE,23.8300000000017
"4430","Y~X",0.505515768497723,0.153502969355219,0.4,"MC-OrdPLSc",6686,7281270,200,"Alt.Mod","5",3,TRUE,23.8300000000017
"4431","Y~Z",0.428611660066548,0.188115046370302,0.5,"MC-OrdPLSc",6686,7281270,200,"Alt.Mod","5",3,TRUE,23.8300000000017
"4432","Y~X:Z",0.345626326160335,0.267516921166538,0.3,"MC-OrdPLSc",6686,7281270,200,"Alt.Mod","5",3,TRUE,23.8300000000017
"4433","X~~Z",0.159791970321101,0.115658027176171,0.2,"MC-OrdPLSc",6686,7281270,200,"Alt.Mod","5",3,TRUE,23.8300000000017
"4434","X=~x1",0.380997586957056,0.161777140800734,0.5,"PLSc",6686,7281270,200,"Alt.Mod","5",3,FALSE,3.55999999999767
"4435","X=~x2",0.549710583786276,0.141293469431663,0.5,"PLSc",6686,7281270,200,"Alt.Mod","5",3,FALSE,3.55999999999767
"4436","X=~x3",0.533379897349804,0.13856627523066,0.5,"PLSc",6686,7281270,200,"Alt.Mod","5",3,FALSE,3.55999999999767
"4437","Z=~z1",0.373487282346807,0.119121522766634,0.5,"PLSc",6686,7281270,200,"Alt.Mod","5",3,FALSE,3.55999999999767
"4438","Z=~z2",0.653500987703867,0.117476009390204,0.5,"PLSc",6686,7281270,200,"Alt.Mod","5",3,FALSE,3.55999999999767
"4439","Z=~z3",0.456039075383862,0.111042716094334,0.5,"PLSc",6686,7281270,200,"Alt.Mod","5",3,FALSE,3.55999999999767
"4440","Y=~y1",0.42848663081073,0.0908134136266111,0.5,"PLSc",6686,7281270,200,"Alt.Mod","5",3,FALSE,3.55999999999767
"4441","Y=~y2",0.395045636146125,0.0991041673846749,0.5,"PLSc",6686,7281270,200,"Alt.Mod","5",3,FALSE,3.55999999999767
"4442","Y=~y3",0.325345239535649,0.0948473397280918,0.5,"PLSc",6686,7281270,200,"Alt.Mod","5",3,FALSE,3.55999999999767
"4443","Y~X",0.587160380504837,1.13599614735332,0.4,"PLSc",6686,7281270,200,"Alt.Mod","5",3,FALSE,3.55999999999767
"4444","Y~Z",0.768147518255589,1.07022288314837,0.5,"PLSc",6686,7281270,200,"Alt.Mod","5",3,FALSE,3.55999999999767
"4445","Y~X:Z",0.0454221419626986,2.32075936745086,0.3,"PLSc",6686,7281270,200,"Alt.Mod","5",3,FALSE,3.55999999999767
"4446","X~~Z",0.112454211088921,0.144878653331613,0.2,"PLSc",6686,7281270,200,"Alt.Mod","5",3,FALSE,3.55999999999767
"4447","X=~x1",0.626978834256661,0.141064310555349,0.5,"PLS",6686,7281270,200,"Alt.Mod","5",3,TRUE,2.5
"4448","X=~x2",0.740618140703441,0.099900731131979,0.5,"PLS",6686,7281270,200,"Alt.Mod","5",3,TRUE,2.5
"4449","X=~x3",0.731903809687095,0.104400442433491,0.5,"PLS",6686,7281270,200,"Alt.Mod","5",3,TRUE,2.5
"4450","Z=~z1",0.599526287431135,0.107155542946049,0.5,"PLS",6686,7281270,200,"Alt.Mod","5",3,TRUE,2.5
"4451","Z=~z2",0.807693779880316,0.0683039885487817,0.5,"PLS",6686,7281270,200,"Alt.Mod","5",3,TRUE,2.5
"4452","Z=~z3",0.681858687340133,0.0920829809096317,0.5,"PLS",6686,7281270,200,"Alt.Mod","5",3,TRUE,2.5
"4453","Y=~y1",0.6671471237991,0.0943856435440334,0.5,"PLS",6686,7281270,200,"Alt.Mod","5",3,TRUE,2.5
"4454","Y=~y2",0.668166194841885,0.0929871085616383,0.5,"PLS",6686,7281270,200,"Alt.Mod","5",3,TRUE,2.5
"4455","Y=~y3",0.640197867079091,0.0928489741528923,0.5,"PLS",6686,7281270,200,"Alt.Mod","5",3,TRUE,2.5
"4456","Y~X",0.259423943938137,0.0637809622341184,0.4,"PLS",6686,7281270,200,"Alt.Mod","5",3,TRUE,2.5
"4457","Y~Z",0.343306943902589,0.0595703760322469,0.5,"PLS",6686,7281270,200,"Alt.Mod","5",3,TRUE,2.5
"4458","Y~X:Z",0.0436521109589753,0.0572789301000266,0.3,"PLS",6686,7281270,200,"Alt.Mod","5",3,TRUE,2.5
"4459","X~~Z",0.0578754681169639,0.0742736718966978,0.2,"PLS",6686,7281270,200,"Alt.Mod","5",3,TRUE,2.5
"4460","X=~x1",0.453,0.11,0.5,"Mplus",6686,7281270,200,"Alt.Mod","5",3,TRUE,139.559999999998
"4461","X=~x2",0.524,0.112,0.5,"Mplus",6686,7281270,200,"Alt.Mod","5",3,TRUE,139.559999999998
"4462","X=~x3",0.522,0.107,0.5,"Mplus",6686,7281270,200,"Alt.Mod","5",3,TRUE,139.559999999998
"4463","Z=~z1",0.452,0.096,0.5,"Mplus",6686,7281270,200,"Alt.Mod","5",3,TRUE,139.559999999998
"4464","Z=~z2",0.546,0.099,0.5,"Mplus",6686,7281270,200,"Alt.Mod","5",3,TRUE,139.559999999998
"4465","Z=~z3",0.533,0.099,0.5,"Mplus",6686,7281270,200,"Alt.Mod","5",3,TRUE,139.559999999998
"4466","Y=~y1",0.364,0.095,0.5,"Mplus",6686,7281270,200,"Alt.Mod","5",3,TRUE,139.559999999998
"4467","Y=~y2",0.435,0.105,0.5,"Mplus",6686,7281270,200,"Alt.Mod","5",3,TRUE,139.559999999998
"4468","Y=~y3",0.424,0.104,0.5,"Mplus",6686,7281270,200,"Alt.Mod","5",3,TRUE,139.559999999998
"4469","Y~X",0.476,0.165,0.4,"Mplus",6686,7281270,200,"Alt.Mod","5",3,TRUE,139.559999999998
"4470","Y~Z",0.741,0.147,0.5,"Mplus",6686,7281270,200,"Alt.Mod","5",3,TRUE,139.559999999998
"4471","Y~X:Z",0.229,0.184,0.3,"Mplus",6686,7281270,200,"Alt.Mod","5",3,TRUE,139.559999999998
"4472","X~~Z",0.187,0.152,0.2,"Mplus",6686,7281270,200,"Alt.Mod","5",3,TRUE,139.559999999998
"4473","X=~x1",0.8004917826978,0.027466257709255,0.8,"MC-OrdPLSc",6687,252372,500,"Alt.Mod","5",2,TRUE,22.4100000000035
"4474","X=~x2",0.767515807412175,0.0370141348034152,0.8,"MC-OrdPLSc",6687,252372,500,"Alt.Mod","5",2,TRUE,22.4100000000035
"4475","X=~x3",0.833695278658104,0.0325093963799694,0.8,"MC-OrdPLSc",6687,252372,500,"Alt.Mod","5",2,TRUE,22.4100000000035
"4476","Z=~z1",0.767090593233459,0.0349875385231398,0.8,"MC-OrdPLSc",6687,252372,500,"Alt.Mod","5",2,TRUE,22.4100000000035
"4477","Z=~z2",0.815413097888796,0.0280113017017062,0.8,"MC-OrdPLSc",6687,252372,500,"Alt.Mod","5",2,TRUE,22.4100000000035
"4478","Z=~z3",0.870808702539744,0.0305919620157886,0.8,"MC-OrdPLSc",6687,252372,500,"Alt.Mod","5",2,TRUE,22.4100000000035
"4479","Y=~y1",0.831221471693044,0.030695159235062,0.8,"MC-OrdPLSc",6687,252372,500,"Alt.Mod","5",2,TRUE,22.4100000000035
"4480","Y=~y2",0.766444560044704,0.0297834500309589,0.8,"MC-OrdPLSc",6687,252372,500,"Alt.Mod","5",2,TRUE,22.4100000000035
"4481","Y=~y3",0.759681360666486,0.0356947117999928,0.8,"MC-OrdPLSc",6687,252372,500,"Alt.Mod","5",2,TRUE,22.4100000000035
"4482","Y~X",0.48708884130491,0.0436944804052789,0.4,"MC-OrdPLSc",6687,252372,500,"Alt.Mod","5",2,TRUE,22.4100000000035
"4483","Y~Z",0.451432522283226,0.0444854654679477,0.5,"MC-OrdPLSc",6687,252372,500,"Alt.Mod","5",2,TRUE,22.4100000000035
"4484","Y~X:Z",0.341294260648079,0.0536222774504367,0.3,"MC-OrdPLSc",6687,252372,500,"Alt.Mod","5",2,TRUE,22.4100000000035
"4485","X~~Z",0.153165675491105,0.0537711134679848,0.2,"MC-OrdPLSc",6687,252372,500,"Alt.Mod","5",2,TRUE,22.4100000000035
"4486","X=~x1",0.633626943070706,0.0676698354286449,0.8,"PLSc",6687,252372,500,"Alt.Mod","5",2,TRUE,4.23000000001048
"4487","X=~x2",0.767042502127592,0.0556488264395784,0.8,"PLSc",6687,252372,500,"Alt.Mod","5",2,TRUE,4.23000000001048
"4488","X=~x3",0.808604943895025,0.0510543233257575,0.8,"PLSc",6687,252372,500,"Alt.Mod","5",2,TRUE,4.23000000001048
"4489","Z=~z1",0.749777993362325,0.0451336401893066,0.8,"PLSc",6687,252372,500,"Alt.Mod","5",2,TRUE,4.23000000001048
"4490","Z=~z2",0.812328331905836,0.0415680347170238,0.8,"PLSc",6687,252372,500,"Alt.Mod","5",2,TRUE,4.23000000001048
"4491","Z=~z3",0.65077675075192,0.0552248576973087,0.8,"PLSc",6687,252372,500,"Alt.Mod","5",2,TRUE,4.23000000001048
"4492","Y=~y1",0.709807736269176,0.0394531725350118,0.8,"PLSc",6687,252372,500,"Alt.Mod","5",2,TRUE,4.23000000001048
"4493","Y=~y2",0.693973223832225,0.0407256437400938,0.8,"PLSc",6687,252372,500,"Alt.Mod","5",2,TRUE,4.23000000001048
"4494","Y=~y3",0.694339018081819,0.0412234969298969,0.8,"PLSc",6687,252372,500,"Alt.Mod","5",2,TRUE,4.23000000001048
"4495","Y~X",0.412969812069802,0.0512277680855923,0.4,"PLSc",6687,252372,500,"Alt.Mod","5",2,TRUE,4.23000000001048
"4496","Y~Z",0.490377111567908,0.0532648104304597,0.5,"PLSc",6687,252372,500,"Alt.Mod","5",2,TRUE,4.23000000001048
"4497","Y~X:Z",0.367458302690803,0.069449629373371,0.3,"PLSc",6687,252372,500,"Alt.Mod","5",2,TRUE,4.23000000001048
"4498","X~~Z",0.182067725332914,0.0514973005445068,0.2,"PLSc",6687,252372,500,"Alt.Mod","5",2,TRUE,4.23000000001048
"4499","X=~x1",0.802252160647305,0.0251947407876318,0.8,"PLS",6687,252372,500,"Alt.Mod","5",2,TRUE,1.76000000000931
"4500","X=~x2",0.842898780911917,0.0191288416974594,0.8,"PLS",6687,252372,500,"Alt.Mod","5",2,TRUE,1.76000000000931
"4501","X=~x3",0.855654806769146,0.0156379578478068,0.8,"PLS",6687,252372,500,"Alt.Mod","5",2,TRUE,1.76000000000931
"4502","Z=~z1",0.83759316457283,0.017175275771134,0.8,"PLS",6687,252372,500,"Alt.Mod","5",2,TRUE,1.76000000000931
"4503","Z=~z2",0.848544220126388,0.014592735491049,0.8,"PLS",6687,252372,500,"Alt.Mod","5",2,TRUE,1.76000000000931
"4504","Z=~z3",0.818582762012251,0.022098462660455,0.8,"PLS",6687,252372,500,"Alt.Mod","5",2,TRUE,1.76000000000931
"4505","Y=~y1",0.815817000409149,0.0178816039249766,0.8,"PLS",6687,252372,500,"Alt.Mod","5",2,TRUE,1.76000000000931
"4506","Y=~y2",0.808040463129848,0.0197490668928429,0.8,"PLS",6687,252372,500,"Alt.Mod","5",2,TRUE,1.76000000000931
"4507","Y=~y3",0.81225625356424,0.0192819174726209,0.8,"PLS",6687,252372,500,"Alt.Mod","5",2,TRUE,1.76000000000931
"4508","Y~X",0.323303102249298,0.0359570071012412,0.4,"PLS",6687,252372,500,"Alt.Mod","5",2,TRUE,1.76000000000931
"4509","Y~Z",0.39467917174672,0.0361062996866651,0.5,"PLS",6687,252372,500,"Alt.Mod","5",2,TRUE,1.76000000000931
"4510","Y~X:Z",0.218752437115603,0.0384462436551086,0.3,"PLS",6687,252372,500,"Alt.Mod","5",2,TRUE,1.76000000000931
"4511","X~~Z",0.144137430116151,0.0412184776109564,0.2,"PLS",6687,252372,500,"Alt.Mod","5",2,TRUE,1.76000000000931
"4512","X=~x1",0.743,0.033,0.8,"Mplus",6687,252372,500,"Alt.Mod","5",2,TRUE,260.74000000002
"4513","X=~x2",0.8,0.031,0.8,"Mplus",6687,252372,500,"Alt.Mod","5",2,TRUE,260.74000000002
"4514","X=~x3",0.796,0.031,0.8,"Mplus",6687,252372,500,"Alt.Mod","5",2,TRUE,260.74000000002
"4515","Z=~z1",0.77,0.031,0.8,"Mplus",6687,252372,500,"Alt.Mod","5",2,TRUE,260.74000000002
"4516","Z=~z2",0.769,0.032,0.8,"Mplus",6687,252372,500,"Alt.Mod","5",2,TRUE,260.74000000002
"4517","Z=~z3",0.783,0.03,0.8,"Mplus",6687,252372,500,"Alt.Mod","5",2,TRUE,260.74000000002
"4518","Y=~y1",0.78,0.034,0.8,"Mplus",6687,252372,500,"Alt.Mod","5",2,TRUE,260.74000000002
"4519","Y=~y2",0.745,0.035,0.8,"Mplus",6687,252372,500,"Alt.Mod","5",2,TRUE,260.74000000002
"4520","Y=~y3",0.775,0.034,0.8,"Mplus",6687,252372,500,"Alt.Mod","5",2,TRUE,260.74000000002
"4521","Y~X",0.416,0.045,0.4,"Mplus",6687,252372,500,"Alt.Mod","5",2,TRUE,260.74000000002
"4522","Y~Z",0.507,0.043,0.5,"Mplus",6687,252372,500,"Alt.Mod","5",2,TRUE,260.74000000002
"4523","Y~X:Z",0.393,0.053,0.3,"Mplus",6687,252372,500,"Alt.Mod","5",2,TRUE,260.74000000002
"4524","X~~Z",0.206,0.055,0.2,"Mplus",6687,252372,500,"Alt.Mod","5",2,TRUE,260.74000000002
"4525","X=~x1",0.475984401459967,0.0891523437420505,0.5,"MC-OrdPLSc",6688,5907920,500,"Alt.Mod","5",3,TRUE,25.7200000000012
"4526","X=~x2",0.532573424696814,0.100311358475318,0.5,"MC-OrdPLSc",6688,5907920,500,"Alt.Mod","5",3,TRUE,25.7200000000012
"4527","X=~x3",0.48535145003694,0.0898581315938309,0.5,"MC-OrdPLSc",6688,5907920,500,"Alt.Mod","5",3,TRUE,25.7200000000012
"4528","Z=~z1",0.546346530210213,0.0879021514200326,0.5,"MC-OrdPLSc",6688,5907920,500,"Alt.Mod","5",3,TRUE,25.7200000000012
"4529","Z=~z2",0.532774258214819,0.0839496739639111,0.5,"MC-OrdPLSc",6688,5907920,500,"Alt.Mod","5",3,TRUE,25.7200000000012
"4530","Z=~z3",0.536448592080495,0.0769376187588957,0.5,"MC-OrdPLSc",6688,5907920,500,"Alt.Mod","5",3,TRUE,25.7200000000012
"4531","Y=~y1",0.472992507634164,0.0691706936548028,0.5,"MC-OrdPLSc",6688,5907920,500,"Alt.Mod","5",3,TRUE,25.7200000000012
"4532","Y=~y2",0.500394817634928,0.0641547678501311,0.5,"MC-OrdPLSc",6688,5907920,500,"Alt.Mod","5",3,TRUE,25.7200000000012
"4533","Y=~y3",0.408942397008797,0.0662241620496252,0.5,"MC-OrdPLSc",6688,5907920,500,"Alt.Mod","5",3,TRUE,25.7200000000012
"4534","Y~X",0.529725839715707,0.103193863463885,0.4,"MC-OrdPLSc",6688,5907920,500,"Alt.Mod","5",3,TRUE,25.7200000000012
"4535","Y~Z",0.459552554851333,0.0980265101511612,0.5,"MC-OrdPLSc",6688,5907920,500,"Alt.Mod","5",3,TRUE,25.7200000000012
"4536","Y~X:Z",-0.0438616677382808,0.149860033121895,0.3,"MC-OrdPLSc",6688,5907920,500,"Alt.Mod","5",3,TRUE,25.7200000000012
"4537","X~~Z",0.179562255660301,0.0937263542701577,0.2,"MC-OrdPLSc",6688,5907920,500,"Alt.Mod","5",3,TRUE,25.7200000000012
"4538","X=~x1",0.554376527554866,0.102859153695153,0.5,"PLSc",6688,5907920,500,"Alt.Mod","5",3,FALSE,5.44000000000233
"4539","X=~x2",0.456250428916938,0.108922644850844,0.5,"PLSc",6688,5907920,500,"Alt.Mod","5",3,FALSE,5.44000000000233
"4540","X=~x3",0.438276406436484,0.102224963479862,0.5,"PLSc",6688,5907920,500,"Alt.Mod","5",3,FALSE,5.44000000000233
"4541","Z=~z1",0.301205080667397,0.0998657786018959,0.5,"PLSc",6688,5907920,500,"Alt.Mod","5",3,FALSE,5.44000000000233
"4542","Z=~z2",0.448952991327207,0.0802068916676676,0.5,"PLSc",6688,5907920,500,"Alt.Mod","5",3,FALSE,5.44000000000233
"4543","Z=~z3",0.478692217005958,0.0794343130285539,0.5,"PLSc",6688,5907920,500,"Alt.Mod","5",3,FALSE,5.44000000000233
"4544","Y=~y1",0.414773601643123,0.0701619767499288,0.5,"PLSc",6688,5907920,500,"Alt.Mod","5",3,FALSE,5.44000000000233
"4545","Y=~y2",0.405546792067251,0.0616357694891859,0.5,"PLSc",6688,5907920,500,"Alt.Mod","5",3,FALSE,5.44000000000233
"4546","Y=~y3",0.442727135967708,0.0688329491917322,0.5,"PLSc",6688,5907920,500,"Alt.Mod","5",3,FALSE,5.44000000000233
"4547","Y~X",-1.47210795791056,24.7277608770688,0.4,"PLSc",6688,5907920,500,"Alt.Mod","5",3,FALSE,5.44000000000233
"4548","Y~Z",1.26663259961161,19.6937672758941,0.5,"PLSc",6688,5907920,500,"Alt.Mod","5",3,FALSE,5.44000000000233
"4549","Y~X:Z",6.191903375407,83.7023216596698,0.3,"PLSc",6688,5907920,500,"Alt.Mod","5",3,FALSE,5.44000000000233
"4550","X~~Z",0.0951447926556317,0.0927715562317307,0.2,"PLSc",6688,5907920,500,"Alt.Mod","5",3,FALSE,5.44000000000233
"4551","X=~x1",0.749688064628949,0.0753199650845409,0.5,"PLS",6688,5907920,500,"Alt.Mod","5",3,TRUE,2.38000000000466
"4552","X=~x2",0.655988565710715,0.0960100000083304,0.5,"PLS",6688,5907920,500,"Alt.Mod","5",3,TRUE,2.38000000000466
"4553","X=~x3",0.688480500551907,0.0764260602069498,0.5,"PLS",6688,5907920,500,"Alt.Mod","5",3,TRUE,2.38000000000466
"4554","Z=~z1",0.587514911409937,0.0962792165758292,0.5,"PLS",6688,5907920,500,"Alt.Mod","5",3,TRUE,2.38000000000466
"4555","Z=~z2",0.692797379263191,0.0763396139930661,0.5,"PLS",6688,5907920,500,"Alt.Mod","5",3,TRUE,2.38000000000466
"4556","Z=~z3",0.718293342304101,0.0759278723083445,0.5,"PLS",6688,5907920,500,"Alt.Mod","5",3,TRUE,2.38000000000466
"4557","Y=~y1",0.677935654855193,0.0634196776822779,0.5,"PLS",6688,5907920,500,"Alt.Mod","5",3,TRUE,2.38000000000466
"4558","Y=~y2",0.627823586972723,0.0687443673020521,0.5,"PLS",6688,5907920,500,"Alt.Mod","5",3,TRUE,2.38000000000466
"4559","Y=~y3",0.707716992118251,0.0589075002382954,0.5,"PLS",6688,5907920,500,"Alt.Mod","5",3,TRUE,2.38000000000466
"4560","Y~X",0.209161610509085,0.0425723036265502,0.4,"PLS",6688,5907920,500,"Alt.Mod","5",3,TRUE,2.38000000000466
"4561","Y~Z",0.274541930007958,0.0418062211220303,0.5,"PLS",6688,5907920,500,"Alt.Mod","5",3,TRUE,2.38000000000466
"4562","Y~X:Z",0.0997097700752343,0.0429141760937273,0.3,"PLS",6688,5907920,500,"Alt.Mod","5",3,TRUE,2.38000000000466
"4563","X~~Z",0.041509648987078,0.0405612092455802,0.2,"PLS",6688,5907920,500,"Alt.Mod","5",3,TRUE,2.38000000000466
"4564","X=~x1",0.515,0.069,0.5,"Mplus",6688,5907920,500,"Alt.Mod","5",3,TRUE,314.640000000014
"4565","X=~x2",0.432,0.065,0.5,"Mplus",6688,5907920,500,"Alt.Mod","5",3,TRUE,314.640000000014
"4566","X=~x3",0.557,0.07,0.5,"Mplus",6688,5907920,500,"Alt.Mod","5",3,TRUE,314.640000000014
"4567","Z=~z1",0.419,0.072,0.5,"Mplus",6688,5907920,500,"Alt.Mod","5",3,TRUE,314.640000000014
"4568","Z=~z2",0.482,0.078,0.5,"Mplus",6688,5907920,500,"Alt.Mod","5",3,TRUE,314.640000000014
"4569","Z=~z3",0.398,0.072,0.5,"Mplus",6688,5907920,500,"Alt.Mod","5",3,TRUE,314.640000000014
"4570","Y=~y1",0.457,0.065,0.5,"Mplus",6688,5907920,500,"Alt.Mod","5",3,TRUE,314.640000000014
"4571","Y=~y2",0.39,0.064,0.5,"Mplus",6688,5907920,500,"Alt.Mod","5",3,TRUE,314.640000000014
"4572","Y=~y3",0.515,0.068,0.5,"Mplus",6688,5907920,500,"Alt.Mod","5",3,TRUE,314.640000000014
"4573","Y~X",0.431,0.098,0.4,"Mplus",6688,5907920,500,"Alt.Mod","5",3,TRUE,314.640000000014
"4574","Y~Z",0.599,0.106,0.5,"Mplus",6688,5907920,500,"Alt.Mod","5",3,TRUE,314.640000000014
"4575","Y~X:Z",0.228,0.138,0.3,"Mplus",6688,5907920,500,"Alt.Mod","5",3,TRUE,314.640000000014
"4576","X~~Z",0.086,0.099,0.2,"Mplus",6688,5907920,500,"Alt.Mod","5",3,TRUE,314.640000000014
"4577","X=~x1",0.819432711110356,0.0203208809301116,0.8,"MC-OrdPLSc",6689,9470155,1000,"Alt.Mod","5",2,TRUE,26.2200000000012
"4578","X=~x2",0.804103898756853,0.0203944613265318,0.8,"MC-OrdPLSc",6689,9470155,1000,"Alt.Mod","5",2,TRUE,26.2200000000012
"4579","X=~x3",0.801795566750829,0.022708213823194,0.8,"MC-OrdPLSc",6689,9470155,1000,"Alt.Mod","5",2,TRUE,26.2200000000012
"4580","Z=~z1",0.811973380995642,0.022717206370842,0.8,"MC-OrdPLSc",6689,9470155,1000,"Alt.Mod","5",2,TRUE,26.2200000000012
"4581","Z=~z2",0.812287729078789,0.0238907777698323,0.8,"MC-OrdPLSc",6689,9470155,1000,"Alt.Mod","5",2,TRUE,26.2200000000012
"4582","Z=~z3",0.784778664072847,0.0223058925852778,0.8,"MC-OrdPLSc",6689,9470155,1000,"Alt.Mod","5",2,TRUE,26.2200000000012
"4583","Y=~y1",0.793675026096896,0.0248056362562372,0.8,"MC-OrdPLSc",6689,9470155,1000,"Alt.Mod","5",2,TRUE,26.2200000000012
"4584","Y=~y2",0.789405120667789,0.0213483072538128,0.8,"MC-OrdPLSc",6689,9470155,1000,"Alt.Mod","5",2,TRUE,26.2200000000012
"4585","Y=~y3",0.782342506987088,0.0233292570745244,0.8,"MC-OrdPLSc",6689,9470155,1000,"Alt.Mod","5",2,TRUE,26.2200000000012
"4586","Y~X",0.437014959598711,0.0329790035910153,0.4,"MC-OrdPLSc",6689,9470155,1000,"Alt.Mod","5",2,TRUE,26.2200000000012
"4587","Y~Z",0.471877105372069,0.0311204482663462,0.5,"MC-OrdPLSc",6689,9470155,1000,"Alt.Mod","5",2,TRUE,26.2200000000012
"4588","Y~X:Z",0.279460653526661,0.0411257604475328,0.3,"MC-OrdPLSc",6689,9470155,1000,"Alt.Mod","5",2,TRUE,26.2200000000012
"4589","X~~Z",0.129428302630587,0.0398028818148866,0.2,"MC-OrdPLSc",6689,9470155,1000,"Alt.Mod","5",2,TRUE,26.2200000000012
"4590","X=~x1",0.778945850701537,0.0384197083640957,0.8,"PLSc",6689,9470155,1000,"Alt.Mod","5",2,TRUE,7.02999999999884
"4591","X=~x2",0.769080766387437,0.0403117147435741,0.8,"PLSc",6689,9470155,1000,"Alt.Mod","5",2,TRUE,7.02999999999884
"4592","X=~x3",0.760837421872397,0.040716628702448,0.8,"PLSc",6689,9470155,1000,"Alt.Mod","5",2,TRUE,7.02999999999884
"4593","Z=~z1",0.759521445964807,0.0357317685742607,0.8,"PLSc",6689,9470155,1000,"Alt.Mod","5",2,TRUE,7.02999999999884
"4594","Z=~z2",0.780962773378569,0.0312237545884426,0.8,"PLSc",6689,9470155,1000,"Alt.Mod","5",2,TRUE,7.02999999999884
"4595","Z=~z3",0.730451901966524,0.0321437342436754,0.8,"PLSc",6689,9470155,1000,"Alt.Mod","5",2,TRUE,7.02999999999884
"4596","Y=~y1",0.750141288799503,0.0281968365029858,0.8,"PLSc",6689,9470155,1000,"Alt.Mod","5",2,TRUE,7.02999999999884
"4597","Y=~y2",0.69462915339419,0.0295483316442041,0.8,"PLSc",6689,9470155,1000,"Alt.Mod","5",2,TRUE,7.02999999999884
"4598","Y=~y3",0.757689989164562,0.0259132134878762,0.8,"PLSc",6689,9470155,1000,"Alt.Mod","5",2,TRUE,7.02999999999884
"4599","Y~X",0.401990714426081,0.0341300633703299,0.4,"PLSc",6689,9470155,1000,"Alt.Mod","5",2,TRUE,7.02999999999884
"4600","Y~Z",0.495382414212823,0.0358997644648257,0.5,"PLSc",6689,9470155,1000,"Alt.Mod","5",2,TRUE,7.02999999999884
"4601","Y~X:Z",0.294285399561776,0.0356364504152879,0.3,"PLSc",6689,9470155,1000,"Alt.Mod","5",2,TRUE,7.02999999999884
"4602","X~~Z",0.243989075673491,0.0391511658875831,0.2,"PLSc",6689,9470155,1000,"Alt.Mod","5",2,TRUE,7.02999999999884
"4603","X=~x1",0.857732337179654,0.0105667168105868,0.8,"PLS",6689,9470155,1000,"Alt.Mod","5",2,TRUE,1.69000000000233
"4604","X=~x2",0.854190525647897,0.0116537059357528,0.8,"PLS",6689,9470155,1000,"Alt.Mod","5",2,TRUE,1.69000000000233
"4605","X=~x3",0.848077535724973,0.0125102645261618,0.8,"PLS",6689,9470155,1000,"Alt.Mod","5",2,TRUE,1.69000000000233
"4606","Z=~z1",0.844291059673036,0.0125505303891062,0.8,"PLS",6689,9470155,1000,"Alt.Mod","5",2,TRUE,1.69000000000233
"4607","Z=~z2",0.858446970171193,0.0103968148726182,0.8,"PLS",6689,9470155,1000,"Alt.Mod","5",2,TRUE,1.69000000000233
"4608","Z=~z3",0.834250163217492,0.0124044459432083,0.8,"PLS",6689,9470155,1000,"Alt.Mod","5",2,TRUE,1.69000000000233
"4609","Y=~y1",0.846461564451428,0.0105617347737742,0.8,"PLS",6689,9470155,1000,"Alt.Mod","5",2,TRUE,1.69000000000233
"4610","Y=~y2",0.814625788976723,0.0135702935982444,0.8,"PLS",6689,9470155,1000,"Alt.Mod","5",2,TRUE,1.69000000000233
"4611","Y=~y3",0.835263995627295,0.0106780339580004,0.8,"PLS",6689,9470155,1000,"Alt.Mod","5",2,TRUE,1.69000000000233
"4612","Y~X",0.321544157733827,0.0255656271994779,0.4,"PLS",6689,9470155,1000,"Alt.Mod","5",2,TRUE,1.69000000000233
"4613","Y~Z",0.397933433619162,0.0266973671782937,0.5,"PLS",6689,9470155,1000,"Alt.Mod","5",2,TRUE,1.69000000000233
"4614","Y~X:Z",0.200272482593483,0.0239282147129469,0.3,"PLS",6689,9470155,1000,"Alt.Mod","5",2,TRUE,1.69000000000233
"4615","X~~Z",0.197071517808898,0.0320054909162899,0.2,"PLS",6689,9470155,1000,"Alt.Mod","5",2,TRUE,1.69000000000233
"4616","X=~x1",0.807,0.021,0.8,"Mplus",6689,9470155,1000,"Alt.Mod","5",2,TRUE,568.010000000009
"4617","X=~x2",0.796,0.021,0.8,"Mplus",6689,9470155,1000,"Alt.Mod","5",2,TRUE,568.010000000009
"4618","X=~x3",0.79,0.021,0.8,"Mplus",6689,9470155,1000,"Alt.Mod","5",2,TRUE,568.010000000009
"4619","Z=~z1",0.789,0.021,0.8,"Mplus",6689,9470155,1000,"Alt.Mod","5",2,TRUE,568.010000000009
"4620","Z=~z2",0.812,0.02,0.8,"Mplus",6689,9470155,1000,"Alt.Mod","5",2,TRUE,568.010000000009
"4621","Z=~z3",0.776,0.022,0.8,"Mplus",6689,9470155,1000,"Alt.Mod","5",2,TRUE,568.010000000009
"4622","Y=~y1",0.802,0.021,0.8,"Mplus",6689,9470155,1000,"Alt.Mod","5",2,TRUE,568.010000000009
"4623","Y=~y2",0.772,0.023,0.8,"Mplus",6689,9470155,1000,"Alt.Mod","5",2,TRUE,568.010000000009
"4624","Y=~y3",0.798,0.022,0.8,"Mplus",6689,9470155,1000,"Alt.Mod","5",2,TRUE,568.010000000009
"4625","Y~X",0.388,0.032,0.4,"Mplus",6689,9470155,1000,"Alt.Mod","5",2,TRUE,568.010000000009
"4626","Y~Z",0.491,0.031,0.5,"Mplus",6689,9470155,1000,"Alt.Mod","5",2,TRUE,568.010000000009
"4627","Y~X:Z",0.305,0.035,0.3,"Mplus",6689,9470155,1000,"Alt.Mod","5",2,TRUE,568.010000000009
"4628","X~~Z",0.249,0.038,0.2,"Mplus",6689,9470155,1000,"Alt.Mod","5",2,TRUE,568.010000000009
"4629","X=~x1",0.476660844921511,0.0527576898414164,0.5,"MC-OrdPLSc",6690,1445339,1000,"Alt.Mod","5",3,TRUE,29.6500000000015
"4630","X=~x2",0.562894674578363,0.0558630271942343,0.5,"MC-OrdPLSc",6690,1445339,1000,"Alt.Mod","5",3,TRUE,29.6500000000015
"4631","X=~x3",0.486883773246117,0.0532778932048101,0.5,"MC-OrdPLSc",6690,1445339,1000,"Alt.Mod","5",3,TRUE,29.6500000000015
"4632","Z=~z1",0.463972938402612,0.0620537059427637,0.5,"MC-OrdPLSc",6690,1445339,1000,"Alt.Mod","5",3,TRUE,29.6500000000015
"4633","Z=~z2",0.48966927442494,0.0527314121793131,0.5,"MC-OrdPLSc",6690,1445339,1000,"Alt.Mod","5",3,TRUE,29.6500000000015
"4634","Z=~z3",0.504793746802678,0.0552602635025891,0.5,"MC-OrdPLSc",6690,1445339,1000,"Alt.Mod","5",3,TRUE,29.6500000000015
"4635","Y=~y1",0.580616153784198,0.0520104776811376,0.5,"MC-OrdPLSc",6690,1445339,1000,"Alt.Mod","5",3,TRUE,29.6500000000015
"4636","Y=~y2",0.532406344447568,0.0508159506158874,0.5,"MC-OrdPLSc",6690,1445339,1000,"Alt.Mod","5",3,TRUE,29.6500000000015
"4637","Y=~y3",0.441458822456631,0.0493928162454296,0.5,"MC-OrdPLSc",6690,1445339,1000,"Alt.Mod","5",3,TRUE,29.6500000000015
"4638","Y~X",0.537052993237315,0.0652847116644744,0.4,"MC-OrdPLSc",6690,1445339,1000,"Alt.Mod","5",3,TRUE,29.6500000000015
"4639","Y~Z",0.524212892580698,0.0617134601963235,0.5,"MC-OrdPLSc",6690,1445339,1000,"Alt.Mod","5",3,TRUE,29.6500000000015
"4640","Y~X:Z",0.407783540360796,0.0910122722676898,0.3,"MC-OrdPLSc",6690,1445339,1000,"Alt.Mod","5",3,TRUE,29.6500000000015
"4641","X~~Z",0.150163997758478,0.0704617032281633,0.2,"MC-OrdPLSc",6690,1445339,1000,"Alt.Mod","5",3,TRUE,29.6500000000015
"4642","X=~x1",0.511819555511245,0.0662287298856489,0.5,"PLSc",6690,1445339,1000,"Alt.Mod","5",3,TRUE,7.10999999998603
"4643","X=~x2",0.480197229058421,0.0613167092120114,0.5,"PLSc",6690,1445339,1000,"Alt.Mod","5",3,TRUE,7.10999999998603
"4644","X=~x3",0.413129077884688,0.0672997911082672,0.5,"PLSc",6690,1445339,1000,"Alt.Mod","5",3,TRUE,7.10999999998603
"4645","Z=~z1",0.493677871802658,0.0522606178707468,0.5,"PLSc",6690,1445339,1000,"Alt.Mod","5",3,TRUE,7.10999999998603
"4646","Z=~z2",0.509086213087631,0.053701473207044,0.5,"PLSc",6690,1445339,1000,"Alt.Mod","5",3,TRUE,7.10999999998603
"4647","Z=~z3",0.513226634244235,0.0565687034010138,0.5,"PLSc",6690,1445339,1000,"Alt.Mod","5",3,TRUE,7.10999999998603
"4648","Y=~y1",0.502235434837711,0.0480264880902164,0.5,"PLSc",6690,1445339,1000,"Alt.Mod","5",3,TRUE,7.10999999998603
"4649","Y=~y2",0.460069272000905,0.049019003719048,0.5,"PLSc",6690,1445339,1000,"Alt.Mod","5",3,TRUE,7.10999999998603
"4650","Y=~y3",0.459305075199902,0.0482988555557045,0.5,"PLSc",6690,1445339,1000,"Alt.Mod","5",3,TRUE,7.10999999998603
"4651","Y~X",0.433061455157139,0.099149974230553,0.4,"PLSc",6690,1445339,1000,"Alt.Mod","5",3,TRUE,7.10999999998603
"4652","Y~Z",0.53358056929639,0.0834502118745415,0.5,"PLSc",6690,1445339,1000,"Alt.Mod","5",3,TRUE,7.10999999998603
"4653","Y~X:Z",0.277980040388461,0.146616036056186,0.3,"PLSc",6690,1445339,1000,"Alt.Mod","5",3,TRUE,7.10999999998603
"4654","X~~Z",0.292120585143775,0.0607046485336705,0.2,"PLSc",6690,1445339,1000,"Alt.Mod","5",3,TRUE,7.10999999998603
"4655","X=~x1",0.731622566279804,0.0489348045508105,0.5,"PLS",6690,1445339,1000,"Alt.Mod","5",3,TRUE,2.16000000000349
"4656","X=~x2",0.696209735101193,0.0518992697558072,0.5,"PLS",6690,1445339,1000,"Alt.Mod","5",3,TRUE,2.16000000000349
"4657","X=~x3",0.646319619851386,0.0569746965109836,0.5,"PLS",6690,1445339,1000,"Alt.Mod","5",3,TRUE,2.16000000000349
"4658","Z=~z1",0.702996000962911,0.0376530535027488,0.5,"PLS",6690,1445339,1000,"Alt.Mod","5",3,TRUE,2.16000000000349
"4659","Z=~z2",0.687170516311334,0.0428032075359142,0.5,"PLS",6690,1445339,1000,"Alt.Mod","5",3,TRUE,2.16000000000349
"4660","Z=~z3",0.738478921797657,0.0359439603123648,0.5,"PLS",6690,1445339,1000,"Alt.Mod","5",3,TRUE,2.16000000000349
"4661","Y=~y1",0.728584028475367,0.0358112692589581,0.5,"PLS",6690,1445339,1000,"Alt.Mod","5",3,TRUE,2.16000000000349
"4662","Y=~y2",0.68870328966526,0.0397683908567008,0.5,"PLS",6690,1445339,1000,"Alt.Mod","5",3,TRUE,2.16000000000349
"4663","Y=~y3",0.665901466961231,0.0434623038289052,0.5,"PLS",6690,1445339,1000,"Alt.Mod","5",3,TRUE,2.16000000000349
"4664","Y~X",0.210093505709609,0.0290116882445114,0.4,"PLS",6690,1445339,1000,"Alt.Mod","5",3,TRUE,2.16000000000349
"4665","Y~Z",0.280516912090833,0.0295961507065881,0.5,"PLS",6690,1445339,1000,"Alt.Mod","5",3,TRUE,2.16000000000349
"4666","Y~X:Z",0.0728679537990248,0.0307173254163544,0.3,"PLS",6690,1445339,1000,"Alt.Mod","5",3,TRUE,2.16000000000349
"4667","X~~Z",0.141413393280848,0.030185651513793,0.2,"PLS",6690,1445339,1000,"Alt.Mod","5",3,TRUE,2.16000000000349
"4668","X=~x1",0.511,0.048,0.5,"Mplus",6690,1445339,1000,"Alt.Mod","5",3,TRUE,601.75
"4669","X=~x2",0.454,0.046,0.5,"Mplus",6690,1445339,1000,"Alt.Mod","5",3,TRUE,601.75
"4670","X=~x3",0.441,0.047,0.5,"Mplus",6690,1445339,1000,"Alt.Mod","5",3,TRUE,601.75
"4671","Z=~z1",0.516,0.042,0.5,"Mplus",6690,1445339,1000,"Alt.Mod","5",3,TRUE,601.75
"4672","Z=~z2",0.488,0.042,0.5,"Mplus",6690,1445339,1000,"Alt.Mod","5",3,TRUE,601.75
"4673","Z=~z3",0.552,0.043,0.5,"Mplus",6690,1445339,1000,"Alt.Mod","5",3,TRUE,601.75
"4674","Y=~y1",0.55,0.042,0.5,"Mplus",6690,1445339,1000,"Alt.Mod","5",3,TRUE,601.75
"4675","Y=~y2",0.509,0.042,0.5,"Mplus",6690,1445339,1000,"Alt.Mod","5",3,TRUE,601.75
"4676","Y=~y3",0.492,0.042,0.5,"Mplus",6690,1445339,1000,"Alt.Mod","5",3,TRUE,601.75
"4677","Y~X",0.413,0.067,0.4,"Mplus",6690,1445339,1000,"Alt.Mod","5",3,TRUE,601.75
"4678","Y~Z",0.518,0.062,0.5,"Mplus",6690,1445339,1000,"Alt.Mod","5",3,TRUE,601.75
"4679","Y~X:Z",0.293,0.069,0.3,"Mplus",6690,1445339,1000,"Alt.Mod","5",3,TRUE,601.75
"4680","X~~Z",0.322,0.064,0.2,"Mplus",6690,1445339,1000,"Alt.Mod","5",3,TRUE,601.75
"4681","X=~x1",0.866128817167531,0.0370122504286347,0.8,"MC-OrdPLSc",6691,5029610,200,"Alt.Mod","7",2,TRUE,23.2099999999991
"4682","X=~x2",0.829297938086933,0.0472353112202591,0.8,"MC-OrdPLSc",6691,5029610,200,"Alt.Mod","7",2,TRUE,23.2099999999991
"4683","X=~x3",0.855431364696549,0.0370216529080505,0.8,"MC-OrdPLSc",6691,5029610,200,"Alt.Mod","7",2,TRUE,23.2099999999991
"4684","Z=~z1",0.831183954414369,0.0493071590522674,0.8,"MC-OrdPLSc",6691,5029610,200,"Alt.Mod","7",2,TRUE,23.2099999999991
"4685","Z=~z2",0.817259900892512,0.046872334756817,0.8,"MC-OrdPLSc",6691,5029610,200,"Alt.Mod","7",2,TRUE,23.2099999999991
"4686","Z=~z3",0.759024805123456,0.0501940705771025,0.8,"MC-OrdPLSc",6691,5029610,200,"Alt.Mod","7",2,TRUE,23.2099999999991
"4687","Y=~y1",0.785723075394109,0.0539056297786402,0.8,"MC-OrdPLSc",6691,5029610,200,"Alt.Mod","7",2,TRUE,23.2099999999991
"4688","Y=~y2",0.81998658040315,0.0408251595424516,0.8,"MC-OrdPLSc",6691,5029610,200,"Alt.Mod","7",2,TRUE,23.2099999999991
"4689","Y=~y3",0.809753371083792,0.0428996672653846,0.8,"MC-OrdPLSc",6691,5029610,200,"Alt.Mod","7",2,TRUE,23.2099999999991
"4690","Y~X",0.423656466052817,0.0710494446887961,0.4,"MC-OrdPLSc",6691,5029610,200,"Alt.Mod","7",2,TRUE,23.2099999999991
"4691","Y~Z",0.461259528758878,0.0687484802361514,0.5,"MC-OrdPLSc",6691,5029610,200,"Alt.Mod","7",2,TRUE,23.2099999999991
"4692","Y~X:Z",0.24868588481068,0.0826820711521539,0.3,"MC-OrdPLSc",6691,5029610,200,"Alt.Mod","7",2,TRUE,23.2099999999991
"4693","X~~Z",0.168097956976062,0.087736628053335,0.2,"MC-OrdPLSc",6691,5029610,200,"Alt.Mod","7",2,TRUE,23.2099999999991
"4694","X=~x1",0.652915085883283,0.089878873326655,0.8,"PLSc",6691,5029610,200,"Alt.Mod","7",2,TRUE,3.10000000000582
"4695","X=~x2",0.795088933702099,0.0731686874244302,0.8,"PLSc",6691,5029610,200,"Alt.Mod","7",2,TRUE,3.10000000000582
"4696","X=~x3",0.838252390011976,0.0683109553089186,0.8,"PLSc",6691,5029610,200,"Alt.Mod","7",2,TRUE,3.10000000000582
"4697","Z=~z1",0.717723627412755,0.109221591859255,0.8,"PLSc",6691,5029610,200,"Alt.Mod","7",2,TRUE,3.10000000000582
"4698","Z=~z2",0.776912261941986,0.101748658247953,0.8,"PLSc",6691,5029610,200,"Alt.Mod","7",2,TRUE,3.10000000000582
"4699","Z=~z3",0.799935426448111,0.110708702762293,0.8,"PLSc",6691,5029610,200,"Alt.Mod","7",2,TRUE,3.10000000000582
"4700","Y=~y1",0.891175192232237,0.0589802622508392,0.8,"PLSc",6691,5029610,200,"Alt.Mod","7",2,TRUE,3.10000000000582
"4701","Y=~y2",0.726692719035441,0.0727142673066286,0.8,"PLSc",6691,5029610,200,"Alt.Mod","7",2,TRUE,3.10000000000582
"4702","Y=~y3",0.757399464655494,0.0657069912003167,0.8,"PLSc",6691,5029610,200,"Alt.Mod","7",2,TRUE,3.10000000000582
"4703","Y~X",0.489915897935798,0.0851289866242467,0.4,"PLSc",6691,5029610,200,"Alt.Mod","7",2,TRUE,3.10000000000582
"4704","Y~Z",0.31665710098448,0.0845160036230255,0.5,"PLSc",6691,5029610,200,"Alt.Mod","7",2,TRUE,3.10000000000582
"4705","Y~X:Z",0.35454281822709,0.0846923410805087,0.3,"PLSc",6691,5029610,200,"Alt.Mod","7",2,TRUE,3.10000000000582
"4706","X~~Z",0.315972093649311,0.0807408925771286,0.2,"PLSc",6691,5029610,200,"Alt.Mod","7",2,TRUE,3.10000000000582
"4707","X=~x1",0.805973787455082,0.0366787889020765,0.8,"PLS",6691,5029610,200,"Alt.Mod","7",2,TRUE,1.77999999999884
"4708","X=~x2",0.87335754680161,0.0198701981826823,0.8,"PLS",6691,5029610,200,"Alt.Mod","7",2,TRUE,1.77999999999884
"4709","X=~x3",0.865549692132447,0.0210624152424691,0.8,"PLS",6691,5029610,200,"Alt.Mod","7",2,TRUE,1.77999999999884
"4710","Z=~z1",0.847168315123604,0.0333738145251837,0.8,"PLS",6691,5029610,200,"Alt.Mod","7",2,TRUE,1.77999999999884
"4711","Z=~z2",0.85681750356788,0.0303859930202917,0.8,"PLS",6691,5029610,200,"Alt.Mod","7",2,TRUE,1.77999999999884
"4712","Z=~z3",0.848544825981624,0.0331186488757426,0.8,"PLS",6691,5029610,200,"Alt.Mod","7",2,TRUE,1.77999999999884
"4713","Y=~y1",0.894369725758381,0.016284494196951,0.8,"PLS",6691,5029610,200,"Alt.Mod","7",2,TRUE,1.77999999999884
"4714","Y=~y2",0.837598984271672,0.0303425405127684,0.8,"PLS",6691,5029610,200,"Alt.Mod","7",2,TRUE,1.77999999999884
"4715","Y=~y3",0.866476186694659,0.0201291985679837,0.8,"PLS",6691,5029610,200,"Alt.Mod","7",2,TRUE,1.77999999999884
"4716","Y~X",0.387705505314027,0.0629872560994977,0.4,"PLS",6691,5029610,200,"Alt.Mod","7",2,TRUE,1.77999999999884
"4717","Y~Z",0.27684727571908,0.0628548124312524,0.5,"PLS",6691,5029610,200,"Alt.Mod","7",2,TRUE,1.77999999999884
"4718","Y~X:Z",0.236795857252437,0.0563477836093401,0.3,"PLS",6691,5029610,200,"Alt.Mod","7",2,TRUE,1.77999999999884
"4719","X~~Z",0.257537896554998,0.0684952131938111,0.2,"PLS",6691,5029610,200,"Alt.Mod","7",2,TRUE,1.77999999999884
"4720","X=~x1",0.756,0.047,0.8,"Mplus",6691,5029610,200,"Alt.Mod","7",2,TRUE,137.260000000009
"4721","X=~x2",0.824,0.043,0.8,"Mplus",6691,5029610,200,"Alt.Mod","7",2,TRUE,137.260000000009
"4722","X=~x3",0.787,0.044,0.8,"Mplus",6691,5029610,200,"Alt.Mod","7",2,TRUE,137.260000000009
"4723","Z=~z1",0.811,0.042,0.8,"Mplus",6691,5029610,200,"Alt.Mod","7",2,TRUE,137.260000000009
"4724","Z=~z2",0.784,0.044,0.8,"Mplus",6691,5029610,200,"Alt.Mod","7",2,TRUE,137.260000000009
"4725","Z=~z3",0.769,0.045,0.8,"Mplus",6691,5029610,200,"Alt.Mod","7",2,TRUE,137.260000000009
"4726","Y=~y1",0.88,0.034,0.8,"Mplus",6691,5029610,200,"Alt.Mod","7",2,TRUE,137.260000000009
"4727","Y=~y2",0.775,0.043,0.8,"Mplus",6691,5029610,200,"Alt.Mod","7",2,TRUE,137.260000000009
"4728","Y=~y3",0.808,0.041,0.8,"Mplus",6691,5029610,200,"Alt.Mod","7",2,TRUE,137.260000000009
"4729","Y~X",0.438,0.069,0.4,"Mplus",6691,5029610,200,"Alt.Mod","7",2,TRUE,137.260000000009
"4730","Y~Z",0.339,0.073,0.5,"Mplus",6691,5029610,200,"Alt.Mod","7",2,TRUE,137.260000000009
"4731","Y~X:Z",0.313,0.074,0.3,"Mplus",6691,5029610,200,"Alt.Mod","7",2,TRUE,137.260000000009
"4732","X~~Z",0.302,0.081,0.2,"Mplus",6691,5029610,200,"Alt.Mod","7",2,TRUE,137.260000000009
"4733","X=~x1",0.213075092818437,0.165037720747131,0.5,"MC-OrdPLSc",6692,5494734,200,"Alt.Mod","7",3,TRUE,27.7300000000032
"4734","X=~x2",0.796698572478032,0.451193486499239,0.5,"MC-OrdPLSc",6692,5494734,200,"Alt.Mod","7",3,TRUE,27.7300000000032
"4735","X=~x3",0.431443494627253,0.22438512074093,0.5,"MC-OrdPLSc",6692,5494734,200,"Alt.Mod","7",3,TRUE,27.7300000000032
"4736","Z=~z1",0.467847562850951,0.336618097430661,0.5,"MC-OrdPLSc",6692,5494734,200,"Alt.Mod","7",3,TRUE,27.7300000000032
"4737","Z=~z2",0.653746605591325,0.454454960833291,0.5,"MC-OrdPLSc",6692,5494734,200,"Alt.Mod","7",3,TRUE,27.7300000000032
"4738","Z=~z3",0.377240101532133,0.313821139331942,0.5,"MC-OrdPLSc",6692,5494734,200,"Alt.Mod","7",3,TRUE,27.7300000000032
"4739","Y=~y1",0.443162797424017,0.179378842305844,0.5,"MC-OrdPLSc",6692,5494734,200,"Alt.Mod","7",3,TRUE,27.7300000000032
"4740","Y=~y2",0.391949302266952,0.180581965895044,0.5,"MC-OrdPLSc",6692,5494734,200,"Alt.Mod","7",3,TRUE,27.7300000000032
"4741","Y=~y3",0.723377083279846,0.264783960285431,0.5,"MC-OrdPLSc",6692,5494734,200,"Alt.Mod","7",3,TRUE,27.7300000000032
"4742","Y~X",0.42183187575112,0.262762370369239,0.4,"MC-OrdPLSc",6692,5494734,200,"Alt.Mod","7",3,TRUE,27.7300000000032
"4743","Y~Z",0.182348366735677,0.157643932209366,0.5,"MC-OrdPLSc",6692,5494734,200,"Alt.Mod","7",3,TRUE,27.7300000000032
"4744","Y~X:Z",0.234412624701918,0.20535995018211,0.3,"MC-OrdPLSc",6692,5494734,200,"Alt.Mod","7",3,TRUE,27.7300000000032
"4745","X~~Z",0.316036391451269,0.196281678521496,0.2,"MC-OrdPLSc",6692,5494734,200,"Alt.Mod","7",3,TRUE,27.7300000000032
"4746","X=~x1",0.281664756275397,0.153694412900018,0.5,"PLSc",6692,5494734,200,"Alt.Mod","7",3,TRUE,4.06999999997788
"4747","X=~x2",0.715336335952558,0.148833744908248,0.5,"PLSc",6692,5494734,200,"Alt.Mod","7",3,TRUE,4.06999999997788
"4748","X=~x3",0.488093255360089,0.161574311589348,0.5,"PLSc",6692,5494734,200,"Alt.Mod","7",3,TRUE,4.06999999997788
"4749","Z=~z1",0.338051671722828,0.180132380768998,0.5,"PLSc",6692,5494734,200,"Alt.Mod","7",3,TRUE,4.06999999997788
"4750","Z=~z2",0.465135471073032,0.205314305991012,0.5,"PLSc",6692,5494734,200,"Alt.Mod","7",3,TRUE,4.06999999997788
"4751","Z=~z3",0.715094663664161,0.231770454732602,0.5,"PLSc",6692,5494734,200,"Alt.Mod","7",3,TRUE,4.06999999997788
"4752","Y=~y1",0.483363830009833,0.137525206185738,0.5,"PLSc",6692,5494734,200,"Alt.Mod","7",3,TRUE,4.06999999997788
"4753","Y=~y2",0.565748530390051,0.12491693663326,0.5,"PLSc",6692,5494734,200,"Alt.Mod","7",3,TRUE,4.06999999997788
"4754","Y=~y3",0.487070560233292,0.13995298215022,0.5,"PLSc",6692,5494734,200,"Alt.Mod","7",3,TRUE,4.06999999997788
"4755","Y~X",0.43351744183315,0.905603340263378,0.4,"PLSc",6692,5494734,200,"Alt.Mod","7",3,TRUE,4.06999999997788
"4756","Y~Z",0.28998526473965,2.0404253024305,0.5,"PLSc",6692,5494734,200,"Alt.Mod","7",3,TRUE,4.06999999997788
"4757","Y~X:Z",0.349164899650035,4.50727286304053,0.3,"PLSc",6692,5494734,200,"Alt.Mod","7",3,TRUE,4.06999999997788
"4758","X~~Z",0.282111394090238,0.158488446855709,0.2,"PLSc",6692,5494734,200,"Alt.Mod","7",3,TRUE,4.06999999997788
"4759","X=~x1",0.514287175673016,0.147857563921382,0.5,"PLS",6692,5494734,200,"Alt.Mod","7",3,TRUE,2.88999999998487
"4760","X=~x2",0.847581027180266,0.0713411154735142,0.5,"PLS",6692,5494734,200,"Alt.Mod","7",3,TRUE,2.88999999998487
"4761","X=~x3",0.697946503667347,0.137117963065885,0.5,"PLS",6692,5494734,200,"Alt.Mod","7",3,TRUE,2.88999999998487
"4762","Z=~z1",0.613601340879523,0.162039240663252,0.5,"PLS",6692,5494734,200,"Alt.Mod","7",3,TRUE,2.88999999998487
"4763","Z=~z2",0.637892750169593,0.206459962745609,0.5,"PLS",6692,5494734,200,"Alt.Mod","7",3,TRUE,2.88999999998487
"4764","Z=~z3",0.845663275074464,0.16576391417292,0.5,"PLS",6692,5494734,200,"Alt.Mod","7",3,TRUE,2.88999999998487
"4765","Y=~y1",0.707380271736069,0.121672534237044,0.5,"PLS",6692,5494734,200,"Alt.Mod","7",3,TRUE,2.88999999998487
"4766","Y=~y2",0.756677636721717,0.0888010574930757,0.5,"PLS",6692,5494734,200,"Alt.Mod","7",3,TRUE,2.88999999998487
"4767","Y=~y3",0.671175371805404,0.123113916806935,0.5,"PLS",6692,5494734,200,"Alt.Mod","7",3,TRUE,2.88999999998487
"4768","Y~X",0.24740375229296,0.0645512363312937,0.4,"PLS",6692,5494734,200,"Alt.Mod","7",3,TRUE,2.88999999998487
"4769","Y~Z",0.184243532836594,0.0677668768243924,0.5,"PLS",6692,5494734,200,"Alt.Mod","7",3,TRUE,2.88999999998487
"4770","Y~X:Z",0.154941346993779,0.0737573461540968,0.3,"PLS",6692,5494734,200,"Alt.Mod","7",3,TRUE,2.88999999998487
"4771","X~~Z",0.16270287845557,0.069286328464331,0.2,"PLS",6692,5494734,200,"Alt.Mod","7",3,TRUE,2.88999999998487
"4772","X=~x1",0.356,0.091,0.5,"Mplus",6692,5494734,200,"Alt.Mod","7",3,TRUE,145.050000000017
"4773","X=~x2",0.718,0.095,0.5,"Mplus",6692,5494734,200,"Alt.Mod","7",3,TRUE,145.050000000017
"4774","X=~x3",0.446,0.088,0.5,"Mplus",6692,5494734,200,"Alt.Mod","7",3,TRUE,145.050000000017
"4775","Z=~z1",0.666,0.107,0.5,"Mplus",6692,5494734,200,"Alt.Mod","7",3,TRUE,145.050000000017
"4776","Z=~z2",0.399,0.091,0.5,"Mplus",6692,5494734,200,"Alt.Mod","7",3,TRUE,145.050000000017
"4777","Z=~z3",0.481,0.093,0.5,"Mplus",6692,5494734,200,"Alt.Mod","7",3,TRUE,145.050000000017
"4778","Y=~y1",0.557,0.086,0.5,"Mplus",6692,5494734,200,"Alt.Mod","7",3,TRUE,145.050000000017
"4779","Y=~y2",0.634,0.086,0.5,"Mplus",6692,5494734,200,"Alt.Mod","7",3,TRUE,145.050000000017
"4780","Y=~y3",0.382,0.089,0.5,"Mplus",6692,5494734,200,"Alt.Mod","7",3,TRUE,145.050000000017
"4781","Y~X",0.474,0.137,0.4,"Mplus",6692,5494734,200,"Alt.Mod","7",3,TRUE,145.050000000017
"4782","Y~Z",0.151,0.153,0.5,"Mplus",6692,5494734,200,"Alt.Mod","7",3,TRUE,145.050000000017
"4783","Y~X:Z",0.474,0.133,0.3,"Mplus",6692,5494734,200,"Alt.Mod","7",3,TRUE,145.050000000017
"4784","X~~Z",0.418,0.113,0.2,"Mplus",6692,5494734,200,"Alt.Mod","7",3,TRUE,145.050000000017
"4785","X=~x1",0.727193578447346,0.0420508987082464,0.8,"MC-OrdPLSc",6693,8387113,500,"Alt.Mod","7",2,TRUE,26.4599999999991
"4786","X=~x2",0.850018431569385,0.0326469811025771,0.8,"MC-OrdPLSc",6693,8387113,500,"Alt.Mod","7",2,TRUE,26.4599999999991
"4787","X=~x3",0.790082165431828,0.0393978425286776,0.8,"MC-OrdPLSc",6693,8387113,500,"Alt.Mod","7",2,TRUE,26.4599999999991
"4788","Z=~z1",0.8052412959083,0.0265541053301755,0.8,"MC-OrdPLSc",6693,8387113,500,"Alt.Mod","7",2,TRUE,26.4599999999991
"4789","Z=~z2",0.824318915945495,0.0278038850363335,0.8,"MC-OrdPLSc",6693,8387113,500,"Alt.Mod","7",2,TRUE,26.4599999999991
"4790","Z=~z3",0.827327122870882,0.0235850486913254,0.8,"MC-OrdPLSc",6693,8387113,500,"Alt.Mod","7",2,TRUE,26.4599999999991
"4791","Y=~y1",0.795791382042592,0.0283368742825118,0.8,"MC-OrdPLSc",6693,8387113,500,"Alt.Mod","7",2,TRUE,26.4599999999991
"4792","Y=~y2",0.817543649794236,0.0299642062444789,0.8,"MC-OrdPLSc",6693,8387113,500,"Alt.Mod","7",2,TRUE,26.4599999999991
"4793","Y=~y3",0.743105258225905,0.0349257904167707,0.8,"MC-OrdPLSc",6693,8387113,500,"Alt.Mod","7",2,TRUE,26.4599999999991
"4794","Y~X",0.307326841159682,0.04366704098877,0.4,"MC-OrdPLSc",6693,8387113,500,"Alt.Mod","7",2,TRUE,26.4599999999991
"4795","Y~Z",0.5278514848443,0.0414083402561452,0.5,"MC-OrdPLSc",6693,8387113,500,"Alt.Mod","7",2,TRUE,26.4599999999991
"4796","Y~X:Z",0.357653338253429,0.0489845106389871,0.3,"MC-OrdPLSc",6693,8387113,500,"Alt.Mod","7",2,TRUE,26.4599999999991
"4797","X~~Z",0.190715557881073,0.0526094522366331,0.2,"MC-OrdPLSc",6693,8387113,500,"Alt.Mod","7",2,TRUE,26.4599999999991
"4798","X=~x1",0.744247058819175,0.0502696362810134,0.8,"PLSc",6693,8387113,500,"Alt.Mod","7",2,TRUE,4.5
"4799","X=~x2",0.781765615972118,0.0561958638535258,0.8,"PLSc",6693,8387113,500,"Alt.Mod","7",2,TRUE,4.5
"4800","X=~x3",0.788375592062345,0.0513922414510217,0.8,"PLSc",6693,8387113,500,"Alt.Mod","7",2,TRUE,4.5
"4801","Z=~z1",0.789664784977301,0.0475309400917623,0.8,"PLSc",6693,8387113,500,"Alt.Mod","7",2,TRUE,4.5
"4802","Z=~z2",0.779465662075009,0.0414805400664946,0.8,"PLSc",6693,8387113,500,"Alt.Mod","7",2,TRUE,4.5
"4803","Z=~z3",0.775593570598809,0.0436871333523009,0.8,"PLSc",6693,8387113,500,"Alt.Mod","7",2,TRUE,4.5
"4804","Y=~y1",0.774019745043869,0.0354684362212381,0.8,"PLSc",6693,8387113,500,"Alt.Mod","7",2,TRUE,4.5
"4805","Y=~y2",0.772770295688394,0.0338933654249935,0.8,"PLSc",6693,8387113,500,"Alt.Mod","7",2,TRUE,4.5
"4806","Y=~y3",0.769839297573654,0.0361989714877472,0.8,"PLSc",6693,8387113,500,"Alt.Mod","7",2,TRUE,4.5
"4807","Y~X",0.389288198651912,0.0456763231912169,0.4,"PLSc",6693,8387113,500,"Alt.Mod","7",2,TRUE,4.5
"4808","Y~Z",0.451224340976383,0.047824826082533,0.5,"PLSc",6693,8387113,500,"Alt.Mod","7",2,TRUE,4.5
"4809","Y~X:Z",0.248085463462551,0.0529469047728347,0.3,"PLSc",6693,8387113,500,"Alt.Mod","7",2,TRUE,4.5
"4810","X~~Z",0.217997462159043,0.0579811345455813,0.2,"PLSc",6693,8387113,500,"Alt.Mod","7",2,TRUE,4.5
"4811","X=~x1",0.853781858831944,0.0161868639098822,0.8,"PLS",6693,8387113,500,"Alt.Mod","7",2,TRUE,1.80999999999767
"4812","X=~x2",0.85841221233223,0.0159932097483073,0.8,"PLS",6693,8387113,500,"Alt.Mod","7",2,TRUE,1.80999999999767
"4813","X=~x3",0.851560917707478,0.0166555016340361,0.8,"PLS",6693,8387113,500,"Alt.Mod","7",2,TRUE,1.80999999999767
"4814","Z=~z1",0.861254295457516,0.0156818348086995,0.8,"PLS",6693,8387113,500,"Alt.Mod","7",2,TRUE,1.80999999999767
"4815","Z=~z2",0.865433847852686,0.0133868108800287,0.8,"PLS",6693,8387113,500,"Alt.Mod","7",2,TRUE,1.80999999999767
"4816","Z=~z3",0.855004425764982,0.0150448873024821,0.8,"PLS",6693,8387113,500,"Alt.Mod","7",2,TRUE,1.80999999999767
"4817","Y=~y1",0.859582957728599,0.0132647130848381,0.8,"PLS",6693,8387113,500,"Alt.Mod","7",2,TRUE,1.80999999999767
"4818","Y=~y2",0.860391959322748,0.0131945118847154,0.8,"PLS",6693,8387113,500,"Alt.Mod","7",2,TRUE,1.80999999999767
"4819","Y=~y3",0.844713366861426,0.0160359847713751,0.8,"PLS",6693,8387113,500,"Alt.Mod","7",2,TRUE,1.80999999999767
"4820","Y~X",0.327115803582979,0.0349622798230551,0.4,"PLS",6693,8387113,500,"Alt.Mod","7",2,TRUE,1.80999999999767
"4821","Y~Z",0.379869074375361,0.0375031942666639,0.5,"PLS",6693,8387113,500,"Alt.Mod","7",2,TRUE,1.80999999999767
"4822","Y~X:Z",0.190700349957845,0.037027404686963,0.3,"PLS",6693,8387113,500,"Alt.Mod","7",2,TRUE,1.80999999999767
"4823","X~~Z",0.17885063507825,0.0484142767219049,0.2,"PLS",6693,8387113,500,"Alt.Mod","7",2,TRUE,1.80999999999767
"4824","X=~x1",0.788,0.028,0.8,"Mplus",6693,8387113,500,"Alt.Mod","7",2,TRUE,317.580000000016
"4825","X=~x2",0.805,0.028,0.8,"Mplus",6693,8387113,500,"Alt.Mod","7",2,TRUE,317.580000000016
"4826","X=~x3",0.765,0.029,0.8,"Mplus",6693,8387113,500,"Alt.Mod","7",2,TRUE,317.580000000016
"4827","Z=~z1",0.799,0.026,0.8,"Mplus",6693,8387113,500,"Alt.Mod","7",2,TRUE,317.580000000016
"4828","Z=~z2",0.809,0.026,0.8,"Mplus",6693,8387113,500,"Alt.Mod","7",2,TRUE,317.580000000016
"4829","Z=~z3",0.807,0.026,0.8,"Mplus",6693,8387113,500,"Alt.Mod","7",2,TRUE,317.580000000016
"4830","Y=~y1",0.827,0.025,0.8,"Mplus",6693,8387113,500,"Alt.Mod","7",2,TRUE,317.580000000016
"4831","Y=~y2",0.835,0.024,0.8,"Mplus",6693,8387113,500,"Alt.Mod","7",2,TRUE,317.580000000016
"4832","Y=~y3",0.785,0.027,0.8,"Mplus",6693,8387113,500,"Alt.Mod","7",2,TRUE,317.580000000016
"4833","Y~X",0.389,0.043,0.4,"Mplus",6693,8387113,500,"Alt.Mod","7",2,TRUE,317.580000000016
"4834","Y~Z",0.461,0.042,0.5,"Mplus",6693,8387113,500,"Alt.Mod","7",2,TRUE,317.580000000016
"4835","Y~X:Z",0.292,0.044,0.3,"Mplus",6693,8387113,500,"Alt.Mod","7",2,TRUE,317.580000000016
"4836","X~~Z",0.251,0.052,0.2,"Mplus",6693,8387113,500,"Alt.Mod","7",2,TRUE,317.580000000016
"4837","X=~x1",0.481133125514681,0.10107300079836,0.5,"MC-OrdPLSc",6694,5009191,500,"Alt.Mod","7",3,TRUE,31.8899999999994
"4838","X=~x2",0.573954602232222,0.0980173952276194,0.5,"MC-OrdPLSc",6694,5009191,500,"Alt.Mod","7",3,TRUE,31.8899999999994
"4839","X=~x3",0.438945756229304,0.0840045271477606,0.5,"MC-OrdPLSc",6694,5009191,500,"Alt.Mod","7",3,TRUE,31.8899999999994
"4840","Z=~z1",0.462687267924644,0.0893660818149359,0.5,"MC-OrdPLSc",6694,5009191,500,"Alt.Mod","7",3,TRUE,31.8899999999994
"4841","Z=~z2",0.479473635094737,0.0926329659262627,0.5,"MC-OrdPLSc",6694,5009191,500,"Alt.Mod","7",3,TRUE,31.8899999999994
"4842","Z=~z3",0.550846499393917,0.107331357600628,0.5,"MC-OrdPLSc",6694,5009191,500,"Alt.Mod","7",3,TRUE,31.8899999999994
"4843","Y=~y1",0.447075638094394,0.0764625082431253,0.5,"MC-OrdPLSc",6694,5009191,500,"Alt.Mod","7",3,TRUE,31.8899999999994
"4844","Y=~y2",0.504219016630562,0.0822596386840506,0.5,"MC-OrdPLSc",6694,5009191,500,"Alt.Mod","7",3,TRUE,31.8899999999994
"4845","Y=~y3",0.419291561621158,0.0741560723775792,0.5,"MC-OrdPLSc",6694,5009191,500,"Alt.Mod","7",3,TRUE,31.8899999999994
"4846","Y~X",0.437665987111328,0.105831526130721,0.4,"MC-OrdPLSc",6694,5009191,500,"Alt.Mod","7",3,TRUE,31.8899999999994
"4847","Y~Z",0.388001555332787,0.102799421697191,0.5,"MC-OrdPLSc",6694,5009191,500,"Alt.Mod","7",3,TRUE,31.8899999999994
"4848","Y~X:Z",0.144265294128933,0.122493372302618,0.3,"MC-OrdPLSc",6694,5009191,500,"Alt.Mod","7",3,TRUE,31.8899999999994
"4849","X~~Z",0.250010222698275,0.0930770213550064,0.2,"MC-OrdPLSc",6694,5009191,500,"Alt.Mod","7",3,TRUE,31.8899999999994
"4850","X=~x1",0.465155954643076,0.0691440375234731,0.5,"PLSc",6694,5009191,500,"Alt.Mod","7",3,FALSE,4.63000000000466
"4851","X=~x2",0.331842729138505,0.0821198727883419,0.5,"PLSc",6694,5009191,500,"Alt.Mod","7",3,FALSE,4.63000000000466
"4852","X=~x3",0.512233030080663,0.0769740087836108,0.5,"PLSc",6694,5009191,500,"Alt.Mod","7",3,FALSE,4.63000000000466
"4853","Z=~z1",0.433558125834911,0.0714819451925094,0.5,"PLSc",6694,5009191,500,"Alt.Mod","7",3,FALSE,4.63000000000466
"4854","Z=~z2",0.433947340392599,0.06450427395493,0.5,"PLSc",6694,5009191,500,"Alt.Mod","7",3,FALSE,4.63000000000466
"4855","Z=~z3",0.539575977581265,0.0581635279744503,0.5,"PLSc",6694,5009191,500,"Alt.Mod","7",3,FALSE,4.63000000000466
"4856","Y=~y1",0.423402670465952,0.0524621665453772,0.5,"PLSc",6694,5009191,500,"Alt.Mod","7",3,FALSE,4.63000000000466
"4857","Y=~y2",0.459110512486413,0.0547123730878195,0.5,"PLSc",6694,5009191,500,"Alt.Mod","7",3,FALSE,4.63000000000466
"4858","Y=~y3",0.409161552541295,0.0556606693083819,0.5,"PLSc",6694,5009191,500,"Alt.Mod","7",3,FALSE,4.63000000000466
"4859","Y~X",0.522444501284247,5.48327001052671,0.4,"PLSc",6694,5009191,500,"Alt.Mod","7",3,FALSE,4.63000000000466
"4860","Y~Z",0.786682863703384,2.54726361717706,0.5,"PLSc",6694,5009191,500,"Alt.Mod","7",3,FALSE,4.63000000000466
"4861","Y~X:Z",0.365295451680862,10.5366709388632,0.3,"PLSc",6694,5009191,500,"Alt.Mod","7",3,FALSE,4.63000000000466
"4862","X~~Z",0.391773370920988,0.0980415278320823,0.2,"PLSc",6694,5009191,500,"Alt.Mod","7",3,FALSE,4.63000000000466
"4863","X=~x1",0.680900440763302,0.071004293651715,0.5,"PLS",6694,5009191,500,"Alt.Mod","7",3,TRUE,2.22000000000116
"4864","X=~x2",0.596415332436068,0.0787848889299574,0.5,"PLS",6694,5009191,500,"Alt.Mod","7",3,TRUE,2.22000000000116
"4865","X=~x3",0.74998501047878,0.0600060050632532,0.5,"PLS",6694,5009191,500,"Alt.Mod","7",3,TRUE,2.22000000000116
"4866","Z=~z1",0.677134094253218,0.0612419867694656,0.5,"PLS",6694,5009191,500,"Alt.Mod","7",3,TRUE,2.22000000000116
"4867","Z=~z2",0.701950529059343,0.0498344043784639,0.5,"PLS",6694,5009191,500,"Alt.Mod","7",3,TRUE,2.22000000000116
"4868","Z=~z3",0.704705988216806,0.0527117084013124,0.5,"PLS",6694,5009191,500,"Alt.Mod","7",3,TRUE,2.22000000000116
"4869","Y=~y1",0.666417161812215,0.050301864606758,0.5,"PLS",6694,5009191,500,"Alt.Mod","7",3,TRUE,2.22000000000116
"4870","Y=~y2",0.693332592721807,0.0514155800285663,0.5,"PLS",6694,5009191,500,"Alt.Mod","7",3,TRUE,2.22000000000116
"4871","Y=~y3",0.668159998509647,0.0530437344286236,0.5,"PLS",6694,5009191,500,"Alt.Mod","7",3,TRUE,2.22000000000116
"4872","Y~X",0.255502201867757,0.0441208328887162,0.4,"PLS",6694,5009191,500,"Alt.Mod","7",3,TRUE,2.22000000000116
"4873","Y~Z",0.345123233455833,0.0386349118764896,0.5,"PLS",6694,5009191,500,"Alt.Mod","7",3,TRUE,2.22000000000116
"4874","Y~X:Z",0.0758171201376499,0.0391713050093732,0.3,"PLS",6694,5009191,500,"Alt.Mod","7",3,TRUE,2.22000000000116
"4875","X~~Z",0.175090417381233,0.0448591903560015,0.2,"PLS",6694,5009191,500,"Alt.Mod","7",3,TRUE,2.22000000000116
"4876","X=~x1",0.381,0.061,0.5,"Mplus",6694,5009191,500,"Alt.Mod","7",3,TRUE,257.589999999997
"4877","X=~x2",0.411,0.06,0.5,"Mplus",6694,5009191,500,"Alt.Mod","7",3,TRUE,257.589999999997
"4878","X=~x3",0.54,0.065,0.5,"Mplus",6694,5009191,500,"Alt.Mod","7",3,TRUE,257.589999999997
"4879","Z=~z1",0.523,0.057,0.5,"Mplus",6694,5009191,500,"Alt.Mod","7",3,TRUE,257.589999999997
"4880","Z=~z2",0.563,0.06,0.5,"Mplus",6694,5009191,500,"Alt.Mod","7",3,TRUE,257.589999999997
"4881","Z=~z3",0.406,0.058,0.5,"Mplus",6694,5009191,500,"Alt.Mod","7",3,TRUE,257.589999999997
"4882","Y=~y1",0.411,0.054,0.5,"Mplus",6694,5009191,500,"Alt.Mod","7",3,TRUE,257.589999999997
"4883","Y=~y2",0.518,0.055,0.5,"Mplus",6694,5009191,500,"Alt.Mod","7",3,TRUE,257.589999999997
"4884","Y=~y3",0.433,0.056,0.5,"Mplus",6694,5009191,500,"Alt.Mod","7",3,TRUE,257.589999999997
"4885","Y~X",0.508,0.11,0.4,"Mplus",6694,5009191,500,"Alt.Mod","7",3,TRUE,257.589999999997
"4886","Y~Z",0.599,0.107,0.5,"Mplus",6694,5009191,500,"Alt.Mod","7",3,TRUE,257.589999999997
"4887","Y~X:Z",0.268,0.081,0.3,"Mplus",6694,5009191,500,"Alt.Mod","7",3,TRUE,257.589999999997
"4888","X~~Z",0.392,0.092,0.2,"Mplus",6694,5009191,500,"Alt.Mod","7",3,TRUE,257.589999999997
"4889","X=~x1",0.808608543356061,0.022407422324327,0.8,"MC-OrdPLSc",6695,4933770,1000,"Alt.Mod","7",2,TRUE,30.3099999999977
"4890","X=~x2",0.829443516011142,0.0206975194936701,0.8,"MC-OrdPLSc",6695,4933770,1000,"Alt.Mod","7",2,TRUE,30.3099999999977
"4891","X=~x3",0.793949341896034,0.0185535514545451,0.8,"MC-OrdPLSc",6695,4933770,1000,"Alt.Mod","7",2,TRUE,30.3099999999977
"4892","Z=~z1",0.796359162950795,0.0204028722528275,0.8,"MC-OrdPLSc",6695,4933770,1000,"Alt.Mod","7",2,TRUE,30.3099999999977
"4893","Z=~z2",0.80118059555515,0.0206268132373324,0.8,"MC-OrdPLSc",6695,4933770,1000,"Alt.Mod","7",2,TRUE,30.3099999999977
"4894","Z=~z3",0.821170521378193,0.0195578648668183,0.8,"MC-OrdPLSc",6695,4933770,1000,"Alt.Mod","7",2,TRUE,30.3099999999977
"4895","Y=~y1",0.800186935955483,0.0205516811479677,0.8,"MC-OrdPLSc",6695,4933770,1000,"Alt.Mod","7",2,TRUE,30.3099999999977
"4896","Y=~y2",0.805871742926111,0.0200903909055956,0.8,"MC-OrdPLSc",6695,4933770,1000,"Alt.Mod","7",2,TRUE,30.3099999999977
"4897","Y=~y3",0.817508262501908,0.0196913210092735,0.8,"MC-OrdPLSc",6695,4933770,1000,"Alt.Mod","7",2,TRUE,30.3099999999977
"4898","Y~X",0.410977595153876,0.0272523811865509,0.4,"MC-OrdPLSc",6695,4933770,1000,"Alt.Mod","7",2,TRUE,30.3099999999977
"4899","Y~Z",0.476841833439876,0.0278546993615665,0.5,"MC-OrdPLSc",6695,4933770,1000,"Alt.Mod","7",2,TRUE,30.3099999999977
"4900","Y~X:Z",0.340108268530612,0.0302828922354944,0.3,"MC-OrdPLSc",6695,4933770,1000,"Alt.Mod","7",2,TRUE,30.3099999999977
"4901","X~~Z",0.155454170470531,0.0363185119830598,0.2,"MC-OrdPLSc",6695,4933770,1000,"Alt.Mod","7",2,TRUE,30.3099999999977
"4902","X=~x1",0.813293208040068,0.040967607741218,0.8,"PLSc",6695,4933770,1000,"Alt.Mod","7",2,TRUE,6.75
"4903","X=~x2",0.702781622450702,0.0432200535126178,0.8,"PLSc",6695,4933770,1000,"Alt.Mod","7",2,TRUE,6.75
"4904","X=~x3",0.813964427446276,0.0396735917833786,0.8,"PLSc",6695,4933770,1000,"Alt.Mod","7",2,TRUE,6.75
"4905","Z=~z1",0.785070734537599,0.0318328733719995,0.8,"PLSc",6695,4933770,1000,"Alt.Mod","7",2,TRUE,6.75
"4906","Z=~z2",0.816587579431238,0.0301635098864517,0.8,"PLSc",6695,4933770,1000,"Alt.Mod","7",2,TRUE,6.75
"4907","Z=~z3",0.740128331976109,0.0373514039682169,0.8,"PLSc",6695,4933770,1000,"Alt.Mod","7",2,TRUE,6.75
"4908","Y=~y1",0.766188400205104,0.0275847351651848,0.8,"PLSc",6695,4933770,1000,"Alt.Mod","7",2,TRUE,6.75
"4909","Y=~y2",0.716415578420268,0.0310038964015664,0.8,"PLSc",6695,4933770,1000,"Alt.Mod","7",2,TRUE,6.75
"4910","Y=~y3",0.77970980344985,0.0274098910249595,0.8,"PLSc",6695,4933770,1000,"Alt.Mod","7",2,TRUE,6.75
"4911","Y~X",0.372429684461639,0.0320854154723343,0.4,"PLSc",6695,4933770,1000,"Alt.Mod","7",2,TRUE,6.75
"4912","Y~Z",0.536445608533302,0.032905647059029,0.5,"PLSc",6695,4933770,1000,"Alt.Mod","7",2,TRUE,6.75
"4913","Y~X:Z",0.335863569094444,0.0308130989430859,0.3,"PLSc",6695,4933770,1000,"Alt.Mod","7",2,TRUE,6.75
"4914","X~~Z",0.15405030888175,0.0384780730526608,0.2,"PLSc",6695,4933770,1000,"Alt.Mod","7",2,TRUE,6.75
"4915","X=~x1",0.859356733375143,0.011710078504681,0.8,"PLS",6695,4933770,1000,"Alt.Mod","7",2,TRUE,1.75999999998021
"4916","X=~x2",0.842970148157952,0.0131501598962738,0.8,"PLS",6695,4933770,1000,"Alt.Mod","7",2,TRUE,1.75999999998021
"4917","X=~x3",0.871308569858405,0.0101269929053462,0.8,"PLS",6695,4933770,1000,"Alt.Mod","7",2,TRUE,1.75999999998021
"4918","Z=~z1",0.85758337607515,0.0101017050781365,0.8,"PLS",6695,4933770,1000,"Alt.Mod","7",2,TRUE,1.75999999998021
"4919","Z=~z2",0.880567945846744,0.00892872694619082,0.8,"PLS",6695,4933770,1000,"Alt.Mod","7",2,TRUE,1.75999999998021
"4920","Z=~z3",0.840796435131465,0.0129363357190978,0.8,"PLS",6695,4933770,1000,"Alt.Mod","7",2,TRUE,1.75999999998021
"4921","Y=~y1",0.842020425351197,0.0107138201566098,0.8,"PLS",6695,4933770,1000,"Alt.Mod","7",2,TRUE,1.75999999998021
"4922","Y=~y2",0.834501594254869,0.0129324847817554,0.8,"PLS",6695,4933770,1000,"Alt.Mod","7",2,TRUE,1.75999999998021
"4923","Y=~y3",0.855649473922057,0.0103510461149831,0.8,"PLS",6695,4933770,1000,"Alt.Mod","7",2,TRUE,1.75999999998021
"4924","Y~X",0.307208985441779,0.0252194301564943,0.4,"PLS",6695,4933770,1000,"Alt.Mod","7",2,TRUE,1.75999999998021
"4925","Y~Z",0.429905473748381,0.0254131000841955,0.5,"PLS",6695,4933770,1000,"Alt.Mod","7",2,TRUE,1.75999999998021
"4926","Y~X:Z",0.242189318451537,0.0225571719120968,0.3,"PLS",6695,4933770,1000,"Alt.Mod","7",2,TRUE,1.75999999998021
"4927","X~~Z",0.127221738799496,0.0320199869908269,0.2,"PLS",6695,4933770,1000,"Alt.Mod","7",2,TRUE,1.75999999998021
"4928","X=~x1",0.783,0.019,0.8,"Mplus",6695,4933770,1000,"Alt.Mod","7",2,TRUE,627.260000000009
"4929","X=~x2",0.789,0.019,0.8,"Mplus",6695,4933770,1000,"Alt.Mod","7",2,TRUE,627.260000000009
"4930","X=~x3",0.813,0.019,0.8,"Mplus",6695,4933770,1000,"Alt.Mod","7",2,TRUE,627.260000000009
"4931","Z=~z1",0.788,0.019,0.8,"Mplus",6695,4933770,1000,"Alt.Mod","7",2,TRUE,627.260000000009
"4932","Z=~z2",0.845,0.017,0.8,"Mplus",6695,4933770,1000,"Alt.Mod","7",2,TRUE,627.260000000009
"4933","Z=~z3",0.764,0.02,0.8,"Mplus",6695,4933770,1000,"Alt.Mod","7",2,TRUE,627.260000000009
"4934","Y=~y1",0.781,0.02,0.8,"Mplus",6695,4933770,1000,"Alt.Mod","7",2,TRUE,627.260000000009
"4935","Y=~y2",0.774,0.02,0.8,"Mplus",6695,4933770,1000,"Alt.Mod","7",2,TRUE,627.260000000009
"4936","Y=~y3",0.838,0.018,0.8,"Mplus",6695,4933770,1000,"Alt.Mod","7",2,TRUE,627.260000000009
"4937","Y~X",0.382,0.03,0.4,"Mplus",6695,4933770,1000,"Alt.Mod","7",2,TRUE,627.260000000009
"4938","Y~Z",0.515,0.028,0.5,"Mplus",6695,4933770,1000,"Alt.Mod","7",2,TRUE,627.260000000009
"4939","Y~X:Z",0.353,0.031,0.3,"Mplus",6695,4933770,1000,"Alt.Mod","7",2,TRUE,627.260000000009
"4940","X~~Z",0.155,0.037,0.2,"Mplus",6695,4933770,1000,"Alt.Mod","7",2,TRUE,627.260000000009
"4941","X=~x1",0.407765413449398,0.0597203348540003,0.5,"MC-OrdPLSc",6696,2369480,1000,"Alt.Mod","7",3,TRUE,33.9500000000044
"4942","X=~x2",0.453753419495327,0.0632384972162298,0.5,"MC-OrdPLSc",6696,2369480,1000,"Alt.Mod","7",3,TRUE,33.9500000000044
"4943","X=~x3",0.506839671409013,0.0673586329034295,0.5,"MC-OrdPLSc",6696,2369480,1000,"Alt.Mod","7",3,TRUE,33.9500000000044
"4944","Z=~z1",0.442514691882899,0.0510821201531705,0.5,"MC-OrdPLSc",6696,2369480,1000,"Alt.Mod","7",3,TRUE,33.9500000000044
"4945","Z=~z2",0.580327297118311,0.0517993314411641,0.5,"MC-OrdPLSc",6696,2369480,1000,"Alt.Mod","7",3,TRUE,33.9500000000044
"4946","Z=~z3",0.538026355712261,0.0483678733327888,0.5,"MC-OrdPLSc",6696,2369480,1000,"Alt.Mod","7",3,TRUE,33.9500000000044
"4947","Y=~y1",0.55294040759181,0.0455667009724007,0.5,"MC-OrdPLSc",6696,2369480,1000,"Alt.Mod","7",3,TRUE,33.9500000000044
"4948","Y=~y2",0.424198149873255,0.0475584558059679,0.5,"MC-OrdPLSc",6696,2369480,1000,"Alt.Mod","7",3,TRUE,33.9500000000044
"4949","Y=~y3",0.393479553235772,0.050815983155979,0.5,"MC-OrdPLSc",6696,2369480,1000,"Alt.Mod","7",3,TRUE,33.9500000000044
"4950","Y~X",0.437069078235887,0.0761534817534499,0.4,"MC-OrdPLSc",6696,2369480,1000,"Alt.Mod","7",3,TRUE,33.9500000000044
"4951","Y~Z",0.539413926375648,0.0738418290531918,0.5,"MC-OrdPLSc",6696,2369480,1000,"Alt.Mod","7",3,TRUE,33.9500000000044
"4952","Y~X:Z",0.196056491680258,0.106053055840545,0.3,"MC-OrdPLSc",6696,2369480,1000,"Alt.Mod","7",3,TRUE,33.9500000000044
"4953","X~~Z",0.212569393555011,0.0657854132763844,0.2,"MC-OrdPLSc",6696,2369480,1000,"Alt.Mod","7",3,TRUE,33.9500000000044
"4954","X=~x1",0.585683190773923,0.0625943858927782,0.5,"PLSc",6696,2369480,1000,"Alt.Mod","7",3,TRUE,7.25999999998021
"4955","X=~x2",0.447989740441848,0.0552453651585284,0.5,"PLSc",6696,2369480,1000,"Alt.Mod","7",3,TRUE,7.25999999998021
"4956","X=~x3",0.415335849270074,0.061340329150621,0.5,"PLSc",6696,2369480,1000,"Alt.Mod","7",3,TRUE,7.25999999998021
"4957","Z=~z1",0.494376653960628,0.0607569009064938,0.5,"PLSc",6696,2369480,1000,"Alt.Mod","7",3,TRUE,7.25999999998021
"4958","Z=~z2",0.39102845292293,0.0689058858039339,0.5,"PLSc",6696,2369480,1000,"Alt.Mod","7",3,TRUE,7.25999999998021
"4959","Z=~z3",0.511735094461142,0.0510997073528609,0.5,"PLSc",6696,2369480,1000,"Alt.Mod","7",3,TRUE,7.25999999998021
"4960","Y=~y1",0.467492915579609,0.0421805012871893,0.5,"PLSc",6696,2369480,1000,"Alt.Mod","7",3,TRUE,7.25999999998021
"4961","Y=~y2",0.461102664918427,0.043929850269348,0.5,"PLSc",6696,2369480,1000,"Alt.Mod","7",3,TRUE,7.25999999998021
"4962","Y=~y3",0.452088637597768,0.0425979017457707,0.5,"PLSc",6696,2369480,1000,"Alt.Mod","7",3,TRUE,7.25999999998021
"4963","Y~X",0.488884671734201,0.0832930187893312,0.4,"PLSc",6696,2369480,1000,"Alt.Mod","7",3,TRUE,7.25999999998021
"4964","Y~Z",0.545380296064612,0.108033697133922,0.5,"PLSc",6696,2369480,1000,"Alt.Mod","7",3,TRUE,7.25999999998021
"4965","Y~X:Z",0.0762831108387509,0.153234326453862,0.3,"PLSc",6696,2369480,1000,"Alt.Mod","7",3,TRUE,7.25999999998021
"4966","X~~Z",0.248557917000761,0.0700087140458822,0.2,"PLSc",6696,2369480,1000,"Alt.Mod","7",3,TRUE,7.25999999998021
"4967","X=~x1",0.779248938415142,0.0390041286391085,0.5,"PLS",6696,2369480,1000,"Alt.Mod","7",3,TRUE,2.01999999998952
"4968","X=~x2",0.663645107122863,0.0470409550524859,0.5,"PLS",6696,2369480,1000,"Alt.Mod","7",3,TRUE,2.01999999998952
"4969","X=~x3",0.642464799431148,0.0517196014993639,0.5,"PLS",6696,2369480,1000,"Alt.Mod","7",3,TRUE,2.01999999998952
"4970","Z=~z1",0.717068840971285,0.0479900585486118,0.5,"PLS",6696,2369480,1000,"Alt.Mod","7",3,TRUE,2.01999999998952
"4971","Z=~z2",0.622300476499429,0.0626745874186635,0.5,"PLS",6696,2369480,1000,"Alt.Mod","7",3,TRUE,2.01999999998952
"4972","Z=~z3",0.728376611878228,0.0408389790340144,0.5,"PLS",6696,2369480,1000,"Alt.Mod","7",3,TRUE,2.01999999998952
"4973","Y=~y1",0.683185469722791,0.0363616144926523,0.5,"PLS",6696,2369480,1000,"Alt.Mod","7",3,TRUE,2.01999999998952
"4974","Y=~y2",0.692421922497032,0.0354977590455186,0.5,"PLS",6696,2369480,1000,"Alt.Mod","7",3,TRUE,2.01999999998952
"4975","Y=~y3",0.691260775000607,0.0346547498511664,0.5,"PLS",6696,2369480,1000,"Alt.Mod","7",3,TRUE,2.01999999998952
"4976","Y~X",0.261361875809647,0.0305237388437886,0.4,"PLS",6696,2369480,1000,"Alt.Mod","7",3,TRUE,2.01999999998952
"4977","Y~Z",0.260350263445222,0.0297728036354843,0.5,"PLS",6696,2369480,1000,"Alt.Mod","7",3,TRUE,2.01999999998952
"4978","Y~X:Z",-0.00410814210387522,0.0304415386435816,0.3,"PLS",6696,2369480,1000,"Alt.Mod","7",3,TRUE,2.01999999998952
"4979","X~~Z",0.118474458692365,0.0330862870500423,0.2,"PLS",6696,2369480,1000,"Alt.Mod","7",3,TRUE,2.01999999998952
"4980","X=~x1",0.562,0.045,0.5,"Mplus",6696,2369480,1000,"Alt.Mod","7",3,TRUE,676.220000000001
"4981","X=~x2",0.443,0.042,0.5,"Mplus",6696,2369480,1000,"Alt.Mod","7",3,TRUE,676.220000000001
"4982","X=~x3",0.467,0.043,0.5,"Mplus",6696,2369480,1000,"Alt.Mod","7",3,TRUE,676.220000000001
"4983","Z=~z1",0.493,0.045,0.5,"Mplus",6696,2369480,1000,"Alt.Mod","7",3,TRUE,676.220000000001
"4984","Z=~z2",0.437,0.045,0.5,"Mplus",6696,2369480,1000,"Alt.Mod","7",3,TRUE,676.220000000001
"4985","Z=~z3",0.475,0.046,0.5,"Mplus",6696,2369480,1000,"Alt.Mod","7",3,TRUE,676.220000000001
"4986","Y=~y1",0.448,0.041,0.5,"Mplus",6696,2369480,1000,"Alt.Mod","7",3,TRUE,676.220000000001
"4987","Y=~y2",0.487,0.041,0.5,"Mplus",6696,2369480,1000,"Alt.Mod","7",3,TRUE,676.220000000001
"4988","Y=~y3",0.491,0.041,0.5,"Mplus",6696,2369480,1000,"Alt.Mod","7",3,TRUE,676.220000000001
"4989","Y~X",0.482,0.067,0.4,"Mplus",6696,2369480,1000,"Alt.Mod","7",3,TRUE,676.220000000001
"4990","Y~Z",0.513,0.068,0.5,"Mplus",6696,2369480,1000,"Alt.Mod","7",3,TRUE,676.220000000001
"4991","Y~X:Z",0.107,0.069,0.3,"Mplus",6696,2369480,1000,"Alt.Mod","7",3,TRUE,676.220000000001
"4992","X~~Z",0.257,0.067,0.2,"Mplus",6696,2369480,1000,"Alt.Mod","7",3,TRUE,676.220000000001
"4993","X=~x1",0.758117632366609,0.181909641749587,0.8,"MC-OrdPLSc",6697,6893581,200,"Alt.Ext","2",2,TRUE,14.1699999999983
"4994","X=~x2",0.897216502765312,0.288902610513661,0.8,"MC-OrdPLSc",6697,6893581,200,"Alt.Ext","2",2,TRUE,14.1699999999983
"4995","X=~x3",0.665353759416614,0.229763614622389,0.8,"MC-OrdPLSc",6697,6893581,200,"Alt.Ext","2",2,TRUE,14.1699999999983
"4996","Z=~z1",0.70045746667271,0.111991293707332,0.8,"MC-OrdPLSc",6697,6893581,200,"Alt.Ext","2",2,TRUE,14.1699999999983
"4997","Z=~z2",0.963788531305043,0.0677874477400251,0.8,"MC-OrdPLSc",6697,6893581,200,"Alt.Ext","2",2,TRUE,14.1699999999983
"4998","Z=~z3",0.856133740850234,0.0950994613020986,0.8,"MC-OrdPLSc",6697,6893581,200,"Alt.Ext","2",2,TRUE,14.1699999999983
"4999","Y=~y1",0.7492987649977,0.146505439918111,0.8,"MC-OrdPLSc",6697,6893581,200,"Alt.Ext","2",2,TRUE,14.1699999999983
"5000","Y=~y2",0.838079288378067,0.144092752866268,0.8,"MC-OrdPLSc",6697,6893581,200,"Alt.Ext","2",2,TRUE,14.1699999999983
"5001","Y=~y3",0.926167112483856,0.0870932576996611,0.8,"MC-OrdPLSc",6697,6893581,200,"Alt.Ext","2",2,TRUE,14.1699999999983
"5002","Y~X",0.456356734660015,0.0809042350279635,0.4,"MC-OrdPLSc",6697,6893581,200,"Alt.Ext","2",2,TRUE,14.1699999999983
"5003","Y~Z",0.612778147419118,0.0785726401999327,0.5,"MC-OrdPLSc",6697,6893581,200,"Alt.Ext","2",2,TRUE,14.1699999999983
"5004","Y~X:Z",0.508242146450714,0.166055230984538,0.3,"MC-OrdPLSc",6697,6893581,200,"Alt.Ext","2",2,TRUE,14.1699999999983
"5005","X~~Z",0.179447713261459,0.133988621540856,0.2,"MC-OrdPLSc",6697,6893581,200,"Alt.Ext","2",2,TRUE,14.1699999999983
"5006","X=~x1",0.763066826623235,0.178432515939426,0.8,"PLSc",6697,6893581,200,"Alt.Ext","2",2,TRUE,3.75
"5007","X=~x2",0.518871115756095,0.19390529204021,0.8,"PLSc",6697,6893581,200,"Alt.Ext","2",2,TRUE,3.75
"5008","X=~x3",0.659875191314577,0.151525353455331,0.8,"PLSc",6697,6893581,200,"Alt.Ext","2",2,TRUE,3.75
"5009","Z=~z1",0.871305455733703,0.191072432614155,0.8,"PLSc",6697,6893581,200,"Alt.Ext","2",2,TRUE,3.75
"5010","Z=~z2",0.177964968636874,0.22928641882783,0.8,"PLSc",6697,6893581,200,"Alt.Ext","2",2,TRUE,3.75
"5011","Z=~z3",0.586237729846205,0.21277826746859,0.8,"PLSc",6697,6893581,200,"Alt.Ext","2",2,TRUE,3.75
"5012","Y=~y1",0.713539996567668,0.128937228377424,0.8,"PLSc",6697,6893581,200,"Alt.Ext","2",2,TRUE,3.75
"5013","Y=~y2",0.669429538652042,0.117300735507329,0.8,"PLSc",6697,6893581,200,"Alt.Ext","2",2,TRUE,3.75
"5014","Y=~y3",0.386964241235253,0.177063721257394,0.8,"PLSc",6697,6893581,200,"Alt.Ext","2",2,TRUE,3.75
"5015","Y~X",0.388931493238447,0.295530772959684,0.4,"PLSc",6697,6893581,200,"Alt.Ext","2",2,TRUE,3.75
"5016","Y~Z",0.348937731139697,0.407827977361279,0.5,"PLSc",6697,6893581,200,"Alt.Ext","2",2,TRUE,3.75
"5017","Y~X:Z",0.232350900227212,0.826608519154027,0.3,"PLSc",6697,6893581,200,"Alt.Ext","2",2,TRUE,3.75
"5018","X~~Z",0.0978429777931419,0.153081693621293,0.2,"PLSc",6697,6893581,200,"Alt.Ext","2",2,TRUE,3.75
"5019","X=~x1",0.812695811032861,0.082757473705158,0.8,"PLS",6697,6893581,200,"Alt.Ext","2",2,TRUE,2.58999999999651
"5020","X=~x2",0.753148506128129,0.107586297610756,0.8,"PLS",6697,6893581,200,"Alt.Ext","2",2,TRUE,2.58999999999651
"5021","X=~x3",0.787168130233523,0.0831662255884212,0.8,"PLS",6697,6893581,200,"Alt.Ext","2",2,TRUE,2.58999999999651
"5022","Z=~z1",0.892946763631576,0.0824420016535965,0.8,"PLS",6697,6893581,200,"Alt.Ext","2",2,TRUE,2.58999999999651
"5023","Z=~z2",0.537707193948365,0.202993649638248,0.8,"PLS",6697,6893581,200,"Alt.Ext","2",2,TRUE,2.58999999999651
"5024","Z=~z3",0.750761525026854,0.138019953794944,0.8,"PLS",6697,6893581,200,"Alt.Ext","2",2,TRUE,2.58999999999651
"5025","Y=~y1",0.823056628281076,0.0634286225293391,0.8,"PLS",6697,6893581,200,"Alt.Ext","2",2,TRUE,2.58999999999651
"5026","Y=~y2",0.798298994011659,0.0649706142995441,0.8,"PLS",6697,6893581,200,"Alt.Ext","2",2,TRUE,2.58999999999651
"5027","Y=~y3",0.616257808721052,0.135430947158887,0.8,"PLS",6697,6893581,200,"Alt.Ext","2",2,TRUE,2.58999999999651
"5028","Y~X",0.278028893545093,0.0886560924890611,0.4,"PLS",6697,6893581,200,"Alt.Ext","2",2,TRUE,2.58999999999651
"5029","Y~Z",0.235366786394742,0.0859041828934692,0.5,"PLS",6697,6893581,200,"Alt.Ext","2",2,TRUE,2.58999999999651
"5030","Y~X:Z",0.124277740686113,0.104168690235182,0.3,"PLS",6697,6893581,200,"Alt.Ext","2",2,TRUE,2.58999999999651
"5031","X~~Z",0.071049163726729,0.0757206032528288,0.2,"PLS",6697,6893581,200,"Alt.Ext","2",2,TRUE,2.58999999999651
"5032","X=~x1",0.796,0.093,0.8,"Mplus",6697,6893581,200,"Alt.Ext","2",2,TRUE,92.1100000000151
"5033","X=~x2",0.82,0.085,0.8,"Mplus",6697,6893581,200,"Alt.Ext","2",2,TRUE,92.1100000000151
"5034","X=~x3",0.841,0.089,0.8,"Mplus",6697,6893581,200,"Alt.Ext","2",2,TRUE,92.1100000000151
"5035","Z=~z1",0.946,0.07,0.8,"Mplus",6697,6893581,200,"Alt.Ext","2",2,TRUE,92.1100000000151
"5036","Z=~z2",0.688,0.104,0.8,"Mplus",6697,6893581,200,"Alt.Ext","2",2,TRUE,92.1100000000151
"5037","Z=~z3",0.708,0.104,0.8,"Mplus",6697,6893581,200,"Alt.Ext","2",2,TRUE,92.1100000000151
"5038","Y=~y1",0.878,0.083,0.8,"Mplus",6697,6893581,200,"Alt.Ext","2",2,TRUE,92.1100000000151
"5039","Y=~y2",0.859,0.092,0.8,"Mplus",6697,6893581,200,"Alt.Ext","2",2,TRUE,92.1100000000151
"5040","Y=~y3",0.73,0.108,0.8,"Mplus",6697,6893581,200,"Alt.Ext","2",2,TRUE,92.1100000000151
"5041","Y~X",0.499,0.095,0.4,"Mplus",6697,6893581,200,"Alt.Ext","2",2,TRUE,92.1100000000151
"5042","Y~Z",0.438,0.1,0.5,"Mplus",6697,6893581,200,"Alt.Ext","2",2,TRUE,92.1100000000151
"5043","Y~X:Z",0.357,0.149,0.3,"Mplus",6697,6893581,200,"Alt.Ext","2",2,TRUE,92.1100000000151
"5044","X~~Z",0.172,0.147,0.2,"Mplus",6697,6893581,200,"Alt.Ext","2",2,TRUE,92.1100000000151
"5045","X=~x1",0.720827383592834,0.864080363994161,0.5,"MC-OrdPLSc",6698,5363192,200,"Alt.Ext","2",3,FALSE,43.1699999999983
"5046","X=~x2",0.423240989083415,0.417463327915121,0.5,"MC-OrdPLSc",6698,5363192,200,"Alt.Ext","2",3,FALSE,43.1699999999983
"5047","X=~x3",0.381279844232395,0.987941809125805,0.5,"MC-OrdPLSc",6698,5363192,200,"Alt.Ext","2",3,FALSE,43.1699999999983
"5048","Z=~z1",-0.056472268183583,1.59435387857064,0.5,"MC-OrdPLSc",6698,5363192,200,"Alt.Ext","2",3,FALSE,43.1699999999983
"5049","Z=~z2",0.0116076988080324,0.718293303599503,0.5,"MC-OrdPLSc",6698,5363192,200,"Alt.Ext","2",3,FALSE,43.1699999999983
"5050","Z=~z3",0.0425114310781935,1.07384268539988,0.5,"MC-OrdPLSc",6698,5363192,200,"Alt.Ext","2",3,FALSE,43.1699999999983
"5051","Y=~y1",0.526524803716898,15.8542615576595,0.5,"MC-OrdPLSc",6698,5363192,200,"Alt.Ext","2",3,FALSE,43.1699999999983
"5052","Y=~y2",0.852610222504023,12.4225501025363,0.5,"MC-OrdPLSc",6698,5363192,200,"Alt.Ext","2",3,FALSE,43.1699999999983
"5053","Y=~y3",0.467772721348513,6.30888744151533,0.5,"MC-OrdPLSc",6698,5363192,200,"Alt.Ext","2",3,FALSE,43.1699999999983
"5054","Y~X",-1.11694624758253,34.141393452895,0.4,"MC-OrdPLSc",6698,5363192,200,"Alt.Ext","2",3,FALSE,43.1699999999983
"5055","Y~Z",1.99598825495085,37.4626178781862,0.5,"MC-OrdPLSc",6698,5363192,200,"Alt.Ext","2",3,FALSE,43.1699999999983
"5056","Y~X:Z",-0.016355445883191,32.6823535919548,0.3,"MC-OrdPLSc",6698,5363192,200,"Alt.Ext","2",3,FALSE,43.1699999999983
"5057","X~~Z",0.95,5.27620657955885,0.2,"MC-OrdPLSc",6698,5363192,200,"Alt.Ext","2",3,FALSE,43.1699999999983
"5058","X=~x1",0.946346223145354,0.292478412327603,0.5,"PLSc",6698,5363192,200,"Alt.Ext","2",3,FALSE,5.30999999999767
"5059","X=~x2",0.0702530175304099,0.222185701801265,0.5,"PLSc",6698,5363192,200,"Alt.Ext","2",3,FALSE,5.30999999999767
"5060","X=~x3",-0.269658201627917,0.249106892665644,0.5,"PLSc",6698,5363192,200,"Alt.Ext","2",3,FALSE,5.30999999999767
"5061","Z=~z1",0.686442205040792,0.233622950639606,0.5,"PLSc",6698,5363192,200,"Alt.Ext","2",3,FALSE,5.30999999999767
"5062","Z=~z2",0.266297907307499,0.184283593170009,0.5,"PLSc",6698,5363192,200,"Alt.Ext","2",3,FALSE,5.30999999999767
"5063","Z=~z3",0.293554528788717,0.232747146426608,0.5,"PLSc",6698,5363192,200,"Alt.Ext","2",3,FALSE,5.30999999999767
"5064","Y=~y1",0.415791037801151,0.159882064470895,0.5,"PLSc",6698,5363192,200,"Alt.Ext","2",3,FALSE,5.30999999999767
"5065","Y=~y2",0.434757161709558,0.172496100681904,0.5,"PLSc",6698,5363192,200,"Alt.Ext","2",3,FALSE,5.30999999999767
"5066","Y=~y3",0.440682620185838,0.175399524854542,0.5,"PLSc",6698,5363192,200,"Alt.Ext","2",3,FALSE,5.30999999999767
"5067","Y~X",0.403866981300257,1.78429161822917,0.4,"PLSc",6698,5363192,200,"Alt.Ext","2",3,FALSE,5.30999999999767
"5068","Y~Z",0.505067889368181,3.70553263253855,0.5,"PLSc",6698,5363192,200,"Alt.Ext","2",3,FALSE,5.30999999999767
"5069","Y~X:Z",-0.0341572281971804,5.86668854363272,0.3,"PLSc",6698,5363192,200,"Alt.Ext","2",3,FALSE,5.30999999999767
"5070","X~~Z",-0.0279864452974226,0.456983327347301,0.2,"PLSc",6698,5363192,200,"Alt.Ext","2",3,FALSE,5.30999999999767
"5071","X=~x1",0.961048088227669,0.210186248625415,0.5,"PLS",6698,5363192,200,"Alt.Ext","2",3,TRUE,3.8300000000163
"5072","X=~x2",0.131864887613817,0.332303255410888,0.5,"PLS",6698,5363192,200,"Alt.Ext","2",3,TRUE,3.8300000000163
"5073","X=~x3",-0.202011550523779,0.328040207582772,0.5,"PLS",6698,5363192,200,"Alt.Ext","2",3,TRUE,3.8300000000163
"5074","Z=~z1",0.894554337582566,0.14992999322692,0.5,"PLS",6698,5363192,200,"Alt.Ext","2",3,TRUE,3.8300000000163
"5075","Z=~z2",0.418892198171582,0.264507847025027,0.5,"PLS",6698,5363192,200,"Alt.Ext","2",3,TRUE,3.8300000000163
"5076","Z=~z3",0.553206704762398,0.25741275842601,0.5,"PLS",6698,5363192,200,"Alt.Ext","2",3,TRUE,3.8300000000163
"5077","Y=~y1",0.683784151187104,0.155979625438951,0.5,"PLS",6698,5363192,200,"Alt.Ext","2",3,TRUE,3.8300000000163
"5078","Y=~y2",0.659879706752914,0.176077038977462,0.5,"PLS",6698,5363192,200,"Alt.Ext","2",3,TRUE,3.8300000000163
"5079","Y=~y3",0.68469820038738,0.173411161261082,0.5,"PLS",6698,5363192,200,"Alt.Ext","2",3,TRUE,3.8300000000163
"5080","Y~X",0.25307813270121,0.0757804873795761,0.4,"PLS",6698,5363192,200,"Alt.Ext","2",3,TRUE,3.8300000000163
"5081","Y~Z",0.227596274998888,0.0805981295359258,0.5,"PLS",6698,5363192,200,"Alt.Ext","2",3,TRUE,3.8300000000163
"5082","Y~X:Z",-0.0172716857017006,0.0918990927726398,0.3,"PLS",6698,5363192,200,"Alt.Ext","2",3,TRUE,3.8300000000163
"5083","X~~Z",-0.0198012697894258,0.0807716714050043,0.2,"PLS",6698,5363192,200,"Alt.Ext","2",3,TRUE,3.8300000000163
"5084","X=~x1",0.546,0.089,0.5,"Mplus",6698,5363192,200,"Alt.Ext","2",3,TRUE,105.829999999987
"5085","X=~x2",0.087,0.201,0.5,"Mplus",6698,5363192,200,"Alt.Ext","2",3,TRUE,105.829999999987
"5086","X=~x3",-0.09,0.205,0.5,"Mplus",6698,5363192,200,"Alt.Ext","2",3,TRUE,105.829999999987
"5087","Z=~z1",0.942,0.041,0.5,"Mplus",6698,5363192,200,"Alt.Ext","2",3,TRUE,105.829999999987
"5088","Z=~z2",0.297,0.146,0.5,"Mplus",6698,5363192,200,"Alt.Ext","2",3,TRUE,105.829999999987
"5089","Z=~z3",0.48,0.13,0.5,"Mplus",6698,5363192,200,"Alt.Ext","2",3,TRUE,105.829999999987
"5090","Y=~y1",0.741,0.089,0.5,"Mplus",6698,5363192,200,"Alt.Ext","2",3,TRUE,105.829999999987
"5091","Y=~y2",0.617,0.159,0.5,"Mplus",6698,5363192,200,"Alt.Ext","2",3,TRUE,105.829999999987
"5092","Y=~y3",0.768,0.134,0.5,"Mplus",6698,5363192,200,"Alt.Ext","2",3,TRUE,105.829999999987
"5093","Y~X",0.771,0.089,0.4,"Mplus",6698,5363192,200,"Alt.Ext","2",3,TRUE,105.829999999987
"5094","Y~Z",0.513,0.141,0.5,"Mplus",6698,5363192,200,"Alt.Ext","2",3,TRUE,105.829999999987
"5095","Y~X:Z",0.306,0.107,0.3,"Mplus",6698,5363192,200,"Alt.Ext","2",3,TRUE,105.829999999987
"5096","X~~Z",0.062,0.296,0.2,"Mplus",6698,5363192,200,"Alt.Ext","2",3,TRUE,105.829999999987
"5097","X=~x1",0.865819299424202,0.0789046981879068,0.8,"MC-OrdPLSc",6699,330466,500,"Alt.Ext","2",2,TRUE,15.8600000000006
"5098","X=~x2",0.836284039569524,0.0655489227440644,0.8,"MC-OrdPLSc",6699,330466,500,"Alt.Ext","2",2,TRUE,15.8600000000006
"5099","X=~x3",0.859613296458433,0.0735525850176888,0.8,"MC-OrdPLSc",6699,330466,500,"Alt.Ext","2",2,TRUE,15.8600000000006
"5100","Z=~z1",0.877500010538431,0.101713747384873,0.8,"MC-OrdPLSc",6699,330466,500,"Alt.Ext","2",2,TRUE,15.8600000000006
"5101","Z=~z2",0.768140209404096,0.0972737551297039,0.8,"MC-OrdPLSc",6699,330466,500,"Alt.Ext","2",2,TRUE,15.8600000000006
"5102","Z=~z3",0.670410377339016,0.0929198346047902,0.8,"MC-OrdPLSc",6699,330466,500,"Alt.Ext","2",2,TRUE,15.8600000000006
"5103","Y=~y1",0.742232125217992,0.0962103484372444,0.8,"MC-OrdPLSc",6699,330466,500,"Alt.Ext","2",2,TRUE,15.8600000000006
"5104","Y=~y2",0.853022345316685,0.0793857390826416,0.8,"MC-OrdPLSc",6699,330466,500,"Alt.Ext","2",2,TRUE,15.8600000000006
"5105","Y=~y3",0.819999690764859,0.0764092826629403,0.8,"MC-OrdPLSc",6699,330466,500,"Alt.Ext","2",2,TRUE,15.8600000000006
"5106","Y~X",0.464151872125036,0.0670482755271361,0.4,"MC-OrdPLSc",6699,330466,500,"Alt.Ext","2",2,TRUE,15.8600000000006
"5107","Y~Z",0.493260895435101,0.0662459996707085,0.5,"MC-OrdPLSc",6699,330466,500,"Alt.Ext","2",2,TRUE,15.8600000000006
"5108","Y~X:Z",0.347456015709724,0.0803133213701428,0.3,"MC-OrdPLSc",6699,330466,500,"Alt.Ext","2",2,TRUE,15.8600000000006
"5109","X~~Z",0.233692528862222,0.0976855679786759,0.2,"MC-OrdPLSc",6699,330466,500,"Alt.Ext","2",2,TRUE,15.8600000000006
"5110","X=~x1",0.598434693217074,0.117905971734785,0.8,"PLSc",6699,330466,500,"Alt.Ext","2",2,TRUE,4.75
"5111","X=~x2",0.821896834495968,0.109826076246338,0.8,"PLSc",6699,330466,500,"Alt.Ext","2",2,TRUE,4.75
"5112","X=~x3",0.637844208251219,0.110201907062411,0.8,"PLSc",6699,330466,500,"Alt.Ext","2",2,TRUE,4.75
"5113","Z=~z1",0.643690973610028,0.108118028666536,0.8,"PLSc",6699,330466,500,"Alt.Ext","2",2,TRUE,4.75
"5114","Z=~z2",0.561941178442971,0.122732294064206,0.8,"PLSc",6699,330466,500,"Alt.Ext","2",2,TRUE,4.75
"5115","Z=~z3",0.653837055791859,0.110561111486558,0.8,"PLSc",6699,330466,500,"Alt.Ext","2",2,TRUE,4.75
"5116","Y=~y1",0.496490806554657,0.102149547089372,0.8,"PLSc",6699,330466,500,"Alt.Ext","2",2,TRUE,4.75
"5117","Y=~y2",0.65452436377671,0.0970583333432181,0.8,"PLSc",6699,330466,500,"Alt.Ext","2",2,TRUE,4.75
"5118","Y=~y3",0.584557020021569,0.0867577013078367,0.8,"PLSc",6699,330466,500,"Alt.Ext","2",2,TRUE,4.75
"5119","Y~X",0.386723495466868,0.0869339514965538,0.4,"PLSc",6699,330466,500,"Alt.Ext","2",2,TRUE,4.75
"5120","Y~Z",0.498387757260389,0.104485215853616,0.5,"PLSc",6699,330466,500,"Alt.Ext","2",2,TRUE,4.75
"5121","Y~X:Z",0.306161123871513,0.0902924354753034,0.3,"PLSc",6699,330466,500,"Alt.Ext","2",2,TRUE,4.75
"5122","X~~Z",0.183803333979744,0.0737330098528812,0.2,"PLSc",6699,330466,500,"Alt.Ext","2",2,TRUE,4.75
"5123","X=~x1",0.745969726130051,0.0562569548766062,0.8,"PLS",6699,330466,500,"Alt.Ext","2",2,TRUE,2.11999999999534
"5124","X=~x2",0.840381319259671,0.0388319732758029,0.8,"PLS",6699,330466,500,"Alt.Ext","2",2,TRUE,2.11999999999534
"5125","X=~x3",0.824374818195087,0.0408015971118688,0.8,"PLS",6699,330466,500,"Alt.Ext","2",2,TRUE,2.11999999999534
"5126","Z=~z1",0.809579269951563,0.048414743622236,0.8,"PLS",6699,330466,500,"Alt.Ext","2",2,TRUE,2.11999999999534
"5127","Z=~z2",0.710752807174365,0.0761617850632976,0.8,"PLS",6699,330466,500,"Alt.Ext","2",2,TRUE,2.11999999999534
"5128","Z=~z3",0.778493189046517,0.0576128050726339,0.8,"PLS",6699,330466,500,"Alt.Ext","2",2,TRUE,2.11999999999534
"5129","Y=~y1",0.658876524591772,0.0754357073110913,0.8,"PLS",6699,330466,500,"Alt.Ext","2",2,TRUE,2.11999999999534
"5130","Y=~y2",0.790962948611756,0.0501425382560358,0.8,"PLS",6699,330466,500,"Alt.Ext","2",2,TRUE,2.11999999999534
"5131","Y=~y3",0.77803612582305,0.0485965842905638,0.8,"PLS",6699,330466,500,"Alt.Ext","2",2,TRUE,2.11999999999534
"5132","Y~X",0.256845068293217,0.0528800027321633,0.4,"PLS",6699,330466,500,"Alt.Ext","2",2,TRUE,2.11999999999534
"5133","Y~Z",0.273591654777293,0.0635479277685823,0.5,"PLS",6699,330466,500,"Alt.Ext","2",2,TRUE,2.11999999999534
"5134","Y~X:Z",0.166381935282115,0.0488614926043674,0.3,"PLS",6699,330466,500,"Alt.Ext","2",2,TRUE,2.11999999999534
"5135","X~~Z",0.128930952715911,0.0532268517894993,0.2,"PLS",6699,330466,500,"Alt.Ext","2",2,TRUE,2.11999999999534
"5136","X=~x1",0.786,0.054,0.8,"Mplus",6699,330466,500,"Alt.Ext","2",2,TRUE,119.609999999986
"5137","X=~x2",0.853,0.046,0.8,"Mplus",6699,330466,500,"Alt.Ext","2",2,TRUE,119.609999999986
"5138","X=~x3",0.926,0.039,0.8,"Mplus",6699,330466,500,"Alt.Ext","2",2,TRUE,119.609999999986
"5139","Z=~z1",0.865,0.054,0.8,"Mplus",6699,330466,500,"Alt.Ext","2",2,TRUE,119.609999999986
"5140","Z=~z2",0.71,0.063,0.8,"Mplus",6699,330466,500,"Alt.Ext","2",2,TRUE,119.609999999986
"5141","Z=~z3",0.783,0.059,0.8,"Mplus",6699,330466,500,"Alt.Ext","2",2,TRUE,119.609999999986
"5142","Y=~y1",0.707,0.072,0.8,"Mplus",6699,330466,500,"Alt.Ext","2",2,TRUE,119.609999999986
"5143","Y=~y2",0.83,0.058,0.8,"Mplus",6699,330466,500,"Alt.Ext","2",2,TRUE,119.609999999986
"5144","Y=~y3",0.918,0.047,0.8,"Mplus",6699,330466,500,"Alt.Ext","2",2,TRUE,119.609999999986
"5145","Y~X",0.465,0.058,0.4,"Mplus",6699,330466,500,"Alt.Ext","2",2,TRUE,119.609999999986
"5146","Y~Z",0.481,0.059,0.5,"Mplus",6699,330466,500,"Alt.Ext","2",2,TRUE,119.609999999986
"5147","Y~X:Z",0.41,0.073,0.3,"Mplus",6699,330466,500,"Alt.Ext","2",2,TRUE,119.609999999986
"5148","X~~Z",0.192,0.088,0.2,"Mplus",6699,330466,500,"Alt.Ext","2",2,TRUE,119.609999999986
"5149","X=~x1",0.112159427941696,0.411337748217891,0.5,"MC-OrdPLSc",6700,6560563,500,"Alt.Ext","2",3,FALSE,44.6899999999951
"5150","X=~x2",-0.0899653237190677,0.422142705237419,0.5,"MC-OrdPLSc",6700,6560563,500,"Alt.Ext","2",3,FALSE,44.6899999999951
"5151","X=~x3",0.170376559727347,0.353623378389626,0.5,"MC-OrdPLSc",6700,6560563,500,"Alt.Ext","2",3,FALSE,44.6899999999951
"5152","Z=~z1",0.400991852299059,0.213476482868178,0.5,"MC-OrdPLSc",6700,6560563,500,"Alt.Ext","2",3,FALSE,44.6899999999951
"5153","Z=~z2",0.956404162147854,0.363858349254183,0.5,"MC-OrdPLSc",6700,6560563,500,"Alt.Ext","2",3,FALSE,44.6899999999951
"5154","Z=~z3",0.419755844062008,0.66315753306613,0.5,"MC-OrdPLSc",6700,6560563,500,"Alt.Ext","2",3,FALSE,44.6899999999951
"5155","Y=~y1",0.635579591587113,0.478157264314952,0.5,"MC-OrdPLSc",6700,6560563,500,"Alt.Ext","2",3,FALSE,44.6899999999951
"5156","Y=~y2",0.757655022766214,0.555152120865933,0.5,"MC-OrdPLSc",6700,6560563,500,"Alt.Ext","2",3,FALSE,44.6899999999951
"5157","Y=~y3",0.657997932444683,0.903387027874282,0.5,"MC-OrdPLSc",6700,6560563,500,"Alt.Ext","2",3,FALSE,44.6899999999951
"5158","Y~X",0.189502654375851,1.11012638330306,0.4,"MC-OrdPLSc",6700,6560563,500,"Alt.Ext","2",3,FALSE,44.6899999999951
"5159","Y~Z",0.61926692957603,0.903398661147132,0.5,"MC-OrdPLSc",6700,6560563,500,"Alt.Ext","2",3,FALSE,44.6899999999951
"5160","Y~X:Z",0.476096200647404,0.603432869227298,0.3,"MC-OrdPLSc",6700,6560563,500,"Alt.Ext","2",3,FALSE,44.6899999999951
"5161","X~~Z",0.795819885886313,1.30440681909746,0.2,"MC-OrdPLSc",6700,6560563,500,"Alt.Ext","2",3,FALSE,44.6899999999951
"5162","X=~x1",0.498018212694678,0.240111398893868,0.5,"PLSc",6700,6560563,500,"Alt.Ext","2",3,TRUE,5.88999999998487
"5163","X=~x2",0.305295735004718,0.226378356826163,0.5,"PLSc",6700,6560563,500,"Alt.Ext","2",3,TRUE,5.88999999998487
"5164","X=~x3",0.176023955523844,0.23004372951754,0.5,"PLSc",6700,6560563,500,"Alt.Ext","2",3,TRUE,5.88999999998487
"5165","Z=~z1",0.3444326686859,0.150979181508398,0.5,"PLSc",6700,6560563,500,"Alt.Ext","2",3,TRUE,5.88999999998487
"5166","Z=~z2",0.161667232791822,0.160188119752125,0.5,"PLSc",6700,6560563,500,"Alt.Ext","2",3,TRUE,5.88999999998487
"5167","Z=~z3",0.68035299770911,0.217445106091238,0.5,"PLSc",6700,6560563,500,"Alt.Ext","2",3,TRUE,5.88999999998487
"5168","Y=~y1",0.192494997612583,0.112450393832485,0.5,"PLSc",6700,6560563,500,"Alt.Ext","2",3,TRUE,5.88999999998487
"5169","Y=~y2",0.444059245637896,0.15796955054894,0.5,"PLSc",6700,6560563,500,"Alt.Ext","2",3,TRUE,5.88999999998487
"5170","Y=~y3",0.204830321016988,0.1265100268267,0.5,"PLSc",6700,6560563,500,"Alt.Ext","2",3,TRUE,5.88999999998487
"5171","Y~X",0.47979088155267,1.87368326339275,0.4,"PLSc",6700,6560563,500,"Alt.Ext","2",3,TRUE,5.88999999998487
"5172","Y~Z",0.55559443814015,1.87477111260904,0.5,"PLSc",6700,6560563,500,"Alt.Ext","2",3,TRUE,5.88999999998487
"5173","Y~X:Z",0.183390179228717,4.36050429403753,0.3,"PLSc",6700,6560563,500,"Alt.Ext","2",3,TRUE,5.88999999998487
"5174","X~~Z",0.0116075823361672,0.170064725336651,0.2,"PLSc",6700,6560563,500,"Alt.Ext","2",3,TRUE,5.88999999998487
"5175","X=~x1",0.836400585594875,0.240093686356584,0.5,"PLS",6700,6560563,500,"Alt.Ext","2",3,TRUE,3.44999999998254
"5176","X=~x2",0.573253563544932,0.308461377559652,0.5,"PLS",6700,6560563,500,"Alt.Ext","2",3,TRUE,3.44999999998254
"5177","X=~x3",0.405981376468339,0.316919323098688,0.5,"PLS",6700,6560563,500,"Alt.Ext","2",3,TRUE,3.44999999998254
"5178","Z=~z1",0.564824011697417,0.179644827149321,0.5,"PLS",6700,6560563,500,"Alt.Ext","2",3,TRUE,3.44999999998254
"5179","Z=~z2",0.383803641196568,0.189021046063663,0.5,"PLS",6700,6560563,500,"Alt.Ext","2",3,TRUE,3.44999999998254
"5180","Z=~z3",0.893954833957059,0.131505966900878,0.5,"PLS",6700,6560563,500,"Alt.Ext","2",3,TRUE,3.44999999998254
"5181","Y=~y1",0.448367504628591,0.179429303707314,0.5,"PLS",6700,6560563,500,"Alt.Ext","2",3,TRUE,3.44999999998254
"5182","Y=~y2",0.86234527292987,0.110944966116096,0.5,"PLS",6700,6560563,500,"Alt.Ext","2",3,TRUE,3.44999999998254
"5183","Y=~y3",0.429404449296641,0.228710392851686,0.5,"PLS",6700,6560563,500,"Alt.Ext","2",3,TRUE,3.44999999998254
"5184","Y~X",0.122857352999198,0.0550694906330387,0.4,"PLS",6700,6560563,500,"Alt.Ext","2",3,TRUE,3.44999999998254
"5185","Y~Z",0.198517664243209,0.0498183356273904,0.5,"PLS",6700,6560563,500,"Alt.Ext","2",3,TRUE,3.44999999998254
"5186","Y~X:Z",0.0389517281308013,0.0672287621295698,0.3,"PLS",6700,6560563,500,"Alt.Ext","2",3,TRUE,3.44999999998254
"5187","X~~Z",0.00457875096258164,0.0465832018950375,0.2,"PLS",6700,6560563,500,"Alt.Ext","2",3,TRUE,3.44999999998254
"5188","X=~x1",0.533,0.153,0.5,"Mplus",6700,6560563,500,"Alt.Ext","2",3,TRUE,192.399999999994
"5189","X=~x2",0.451,0.142,0.5,"Mplus",6700,6560563,500,"Alt.Ext","2",3,TRUE,192.399999999994
"5190","X=~x3",0.438,0.14,0.5,"Mplus",6700,6560563,500,"Alt.Ext","2",3,TRUE,192.399999999994
"5191","Z=~z1",0.268,0.06,0.5,"Mplus",6700,6560563,500,"Alt.Ext","2",3,TRUE,192.399999999994
"5192","Z=~z2",0.404,0.093,0.5,"Mplus",6700,6560563,500,"Alt.Ext","2",3,TRUE,192.399999999994
"5193","Z=~z3",0.986,0.03,0.5,"Mplus",6700,6560563,500,"Alt.Ext","2",3,TRUE,192.399999999994
"5194","Y=~y1",0.342,0.126,0.5,"Mplus",6700,6560563,500,"Alt.Ext","2",3,TRUE,192.399999999994
"5195","Y=~y2",0.7,0.161,0.5,"Mplus",6700,6560563,500,"Alt.Ext","2",3,TRUE,192.399999999994
"5196","Y=~y3",0.318,0.139,0.5,"Mplus",6700,6560563,500,"Alt.Ext","2",3,TRUE,192.399999999994
"5197","Y~X",0.468,0.163,0.4,"Mplus",6700,6560563,500,"Alt.Ext","2",3,TRUE,192.399999999994
"5198","Y~Z",0.55,0.13,0.5,"Mplus",6700,6560563,500,"Alt.Ext","2",3,TRUE,192.399999999994
"5199","Y~X:Z",0.295,0.234,0.3,"Mplus",6700,6560563,500,"Alt.Ext","2",3,TRUE,192.399999999994
"5200","X~~Z",0.085,0.152,0.2,"Mplus",6700,6560563,500,"Alt.Ext","2",3,TRUE,192.399999999994
"5201","X=~x1",0.756942529404367,0.0479001448963579,0.8,"MC-OrdPLSc",6701,3273628,1000,"Alt.Ext","2",2,TRUE,19.3099999999977
"5202","X=~x2",0.869304709810147,0.0395885603151236,0.8,"MC-OrdPLSc",6701,3273628,1000,"Alt.Ext","2",2,TRUE,19.3099999999977
"5203","X=~x3",0.803871523026808,0.0454267387860013,0.8,"MC-OrdPLSc",6701,3273628,1000,"Alt.Ext","2",2,TRUE,19.3099999999977
"5204","Z=~z1",0.8258570807723,0.0504981185452501,0.8,"MC-OrdPLSc",6701,3273628,1000,"Alt.Ext","2",2,TRUE,19.3099999999977
"5205","Z=~z2",0.763972268748979,0.0395911846260981,0.8,"MC-OrdPLSc",6701,3273628,1000,"Alt.Ext","2",2,TRUE,19.3099999999977
"5206","Z=~z3",0.739080225623779,0.0416465355781849,0.8,"MC-OrdPLSc",6701,3273628,1000,"Alt.Ext","2",2,TRUE,19.3099999999977
"5207","Y=~y1",0.802351014955933,0.0493298676823568,0.8,"MC-OrdPLSc",6701,3273628,1000,"Alt.Ext","2",2,TRUE,19.3099999999977
"5208","Y=~y2",0.767049936629641,0.0560468846383642,0.8,"MC-OrdPLSc",6701,3273628,1000,"Alt.Ext","2",2,TRUE,19.3099999999977
"5209","Y=~y3",0.747300543186653,0.0547266289788117,0.8,"MC-OrdPLSc",6701,3273628,1000,"Alt.Ext","2",2,TRUE,19.3099999999977
"5210","Y~X",0.489318084703561,0.0490665790274388,0.4,"MC-OrdPLSc",6701,3273628,1000,"Alt.Ext","2",2,TRUE,19.3099999999977
"5211","Y~Z",0.608458579712251,0.0524726905073841,0.5,"MC-OrdPLSc",6701,3273628,1000,"Alt.Ext","2",2,TRUE,19.3099999999977
"5212","Y~X:Z",0.167422349604896,0.0954725542610508,0.3,"MC-OrdPLSc",6701,3273628,1000,"Alt.Ext","2",2,TRUE,19.3099999999977
"5213","X~~Z",0.110051191203858,0.0706209666984044,0.2,"MC-OrdPLSc",6701,3273628,1000,"Alt.Ext","2",2,TRUE,19.3099999999977
"5214","X=~x1",0.773788756899708,0.103443401993557,0.8,"PLSc",6701,3273628,1000,"Alt.Ext","2",2,TRUE,6.91000000000349
"5215","X=~x2",0.581809573391661,0.102138949258548,0.8,"PLSc",6701,3273628,1000,"Alt.Ext","2",2,TRUE,6.91000000000349
"5216","X=~x3",0.474274007495855,0.114658505544646,0.8,"PLSc",6701,3273628,1000,"Alt.Ext","2",2,TRUE,6.91000000000349
"5217","Z=~z1",0.666391885142642,0.0772217298186394,0.8,"PLSc",6701,3273628,1000,"Alt.Ext","2",2,TRUE,6.91000000000349
"5218","Z=~z2",0.56730280642948,0.0820892340663014,0.8,"PLSc",6701,3273628,1000,"Alt.Ext","2",2,TRUE,6.91000000000349
"5219","Z=~z3",0.621230615342588,0.0782228709317954,0.8,"PLSc",6701,3273628,1000,"Alt.Ext","2",2,TRUE,6.91000000000349
"5220","Y=~y1",0.527657105026391,0.0663119374506457,0.8,"PLSc",6701,3273628,1000,"Alt.Ext","2",2,TRUE,6.91000000000349
"5221","Y=~y2",0.549281455392073,0.0668694723995251,0.8,"PLSc",6701,3273628,1000,"Alt.Ext","2",2,TRUE,6.91000000000349
"5222","Y=~y3",0.647357737893167,0.06824085131835,0.8,"PLSc",6701,3273628,1000,"Alt.Ext","2",2,TRUE,6.91000000000349
"5223","Y~X",0.257591420682885,0.0645602453877054,0.4,"PLSc",6701,3273628,1000,"Alt.Ext","2",2,TRUE,6.91000000000349
"5224","Y~Z",0.431367314985474,0.0613547032494874,0.5,"PLSc",6701,3273628,1000,"Alt.Ext","2",2,TRUE,6.91000000000349
"5225","Y~X:Z",0.0885738381053038,0.0679379693842236,0.3,"PLSc",6701,3273628,1000,"Alt.Ext","2",2,TRUE,6.91000000000349
"5226","X~~Z",0.112979787165323,0.0504438839777528,0.2,"PLSc",6701,3273628,1000,"Alt.Ext","2",2,TRUE,6.91000000000349
"5227","X=~x1",0.847625016672097,0.0363391558617243,0.8,"PLS",6701,3273628,1000,"Alt.Ext","2",2,TRUE,2.07000000000698
"5228","X=~x2",0.709523870972203,0.0621297957926501,0.8,"PLS",6701,3273628,1000,"Alt.Ext","2",2,TRUE,2.07000000000698
"5229","X=~x3",0.72045817922639,0.0585066397280651,0.8,"PLS",6701,3273628,1000,"Alt.Ext","2",2,TRUE,2.07000000000698
"5230","Z=~z1",0.783575067169149,0.0380127472972339,0.8,"PLS",6701,3273628,1000,"Alt.Ext","2",2,TRUE,2.07000000000698
"5231","Z=~z2",0.766656514883525,0.0401826641701243,0.8,"PLS",6701,3273628,1000,"Alt.Ext","2",2,TRUE,2.07000000000698
"5232","Z=~z3",0.752187227296376,0.0422313655721853,0.8,"PLS",6701,3273628,1000,"Alt.Ext","2",2,TRUE,2.07000000000698
"5233","Y=~y1",0.7286342028733,0.0387292562534354,0.8,"PLS",6701,3273628,1000,"Alt.Ext","2",2,TRUE,2.07000000000698
"5234","Y=~y2",0.724420965732055,0.0414245122802608,0.8,"PLS",6701,3273628,1000,"Alt.Ext","2",2,TRUE,2.07000000000698
"5235","Y=~y3",0.777750970477725,0.0366334320672439,0.8,"PLS",6701,3273628,1000,"Alt.Ext","2",2,TRUE,2.07000000000698
"5236","Y~X",0.166419472302638,0.0398839264349286,0.4,"PLS",6701,3273628,1000,"Alt.Ext","2",2,TRUE,2.07000000000698
"5237","Y~Z",0.269071653630235,0.0370334600044667,0.5,"PLS",6701,3273628,1000,"Alt.Ext","2",2,TRUE,2.07000000000698
"5238","Y~X:Z",0.0327921659240141,0.0363287453700317,0.3,"PLS",6701,3273628,1000,"Alt.Ext","2",2,TRUE,2.07000000000698
"5239","X~~Z",0.0752845551746654,0.0341875188293276,0.2,"PLS",6701,3273628,1000,"Alt.Ext","2",2,TRUE,2.07000000000698
"5240","X=~x1",0.872,0.042,0.8,"Mplus",6701,3273628,1000,"Alt.Ext","2",2,TRUE,158.670000000013
"5241","X=~x2",0.664,0.048,0.8,"Mplus",6701,3273628,1000,"Alt.Ext","2",2,TRUE,158.670000000013
"5242","X=~x3",0.817,0.045,0.8,"Mplus",6701,3273628,1000,"Alt.Ext","2",2,TRUE,158.670000000013
"5243","Z=~z1",0.786,0.042,0.8,"Mplus",6701,3273628,1000,"Alt.Ext","2",2,TRUE,158.670000000013
"5244","Z=~z2",0.843,0.041,0.8,"Mplus",6701,3273628,1000,"Alt.Ext","2",2,TRUE,158.670000000013
"5245","Z=~z3",0.762,0.044,0.8,"Mplus",6701,3273628,1000,"Alt.Ext","2",2,TRUE,158.670000000013
"5246","Y=~y1",0.791,0.047,0.8,"Mplus",6701,3273628,1000,"Alt.Ext","2",2,TRUE,158.670000000013
"5247","Y=~y2",0.765,0.049,0.8,"Mplus",6701,3273628,1000,"Alt.Ext","2",2,TRUE,158.670000000013
"5248","Y=~y3",0.781,0.047,0.8,"Mplus",6701,3273628,1000,"Alt.Ext","2",2,TRUE,158.670000000013
"5249","Y~X",0.343,0.061,0.4,"Mplus",6701,3273628,1000,"Alt.Ext","2",2,TRUE,158.670000000013
"5250","Y~Z",0.5,0.053,0.5,"Mplus",6701,3273628,1000,"Alt.Ext","2",2,TRUE,158.670000000013
"5251","Y~X:Z",0.182,0.081,0.3,"Mplus",6701,3273628,1000,"Alt.Ext","2",2,TRUE,158.670000000013
"5252","X~~Z",0.155,0.066,0.2,"Mplus",6701,3273628,1000,"Alt.Ext","2",2,TRUE,158.670000000013
"5253","X=~x1",0.326295460145461,0.19173731093877,0.5,"MC-OrdPLSc",6702,7572484,1000,"Alt.Ext","2",3,TRUE,26.6999999999971
"5254","X=~x2",0.396795897601499,0.311983752572106,0.5,"MC-OrdPLSc",6702,7572484,1000,"Alt.Ext","2",3,TRUE,26.6999999999971
"5255","X=~x3",0.642001253982045,0.353844845773661,0.5,"MC-OrdPLSc",6702,7572484,1000,"Alt.Ext","2",3,TRUE,26.6999999999971
"5256","Z=~z1",0.694221477576662,0.154710809496101,0.5,"MC-OrdPLSc",6702,7572484,1000,"Alt.Ext","2",3,TRUE,26.6999999999971
"5257","Z=~z2",0.475810387638946,0.176761202960634,0.5,"MC-OrdPLSc",6702,7572484,1000,"Alt.Ext","2",3,TRUE,26.6999999999971
"5258","Z=~z3",0.445811774643898,0.131055323821756,0.5,"MC-OrdPLSc",6702,7572484,1000,"Alt.Ext","2",3,TRUE,26.6999999999971
"5259","Y=~y1",0.603300616821504,0.181999791916098,0.5,"MC-OrdPLSc",6702,7572484,1000,"Alt.Ext","2",3,TRUE,26.6999999999971
"5260","Y=~y2",0.554702327395704,0.284959738611195,0.5,"MC-OrdPLSc",6702,7572484,1000,"Alt.Ext","2",3,TRUE,26.6999999999971
"5261","Y=~y3",0.605648928328677,0.146951431857712,0.5,"MC-OrdPLSc",6702,7572484,1000,"Alt.Ext","2",3,TRUE,26.6999999999971
"5262","Y~X",0.426337673733317,0.161532612635302,0.4,"MC-OrdPLSc",6702,7572484,1000,"Alt.Ext","2",3,TRUE,26.6999999999971
"5263","Y~Z",0.494904963627294,0.0953910662708062,0.5,"MC-OrdPLSc",6702,7572484,1000,"Alt.Ext","2",3,TRUE,26.6999999999971
"5264","Y~X:Z",0.452007247461155,0.46321805144326,0.3,"MC-OrdPLSc",6702,7572484,1000,"Alt.Ext","2",3,TRUE,26.6999999999971
"5265","X~~Z",0.161120814872615,0.13193733986452,0.2,"MC-OrdPLSc",6702,7572484,1000,"Alt.Ext","2",3,TRUE,26.6999999999971
"5266","X=~x1",0.137807222715802,0.152900751982119,0.5,"PLSc",6702,7572484,1000,"Alt.Ext","2",3,FALSE,8.20000000001164
"5267","X=~x2",0.33523469309907,0.139591284040405,0.5,"PLSc",6702,7572484,1000,"Alt.Ext","2",3,FALSE,8.20000000001164
"5268","X=~x3",0.506913487731589,0.17709719628668,0.5,"PLSc",6702,7572484,1000,"Alt.Ext","2",3,FALSE,8.20000000001164
"5269","Z=~z1",0.305039739860167,0.158673554273026,0.5,"PLSc",6702,7572484,1000,"Alt.Ext","2",3,FALSE,8.20000000001164
"5270","Z=~z2",0.506989156807749,0.155255827064923,0.5,"PLSc",6702,7572484,1000,"Alt.Ext","2",3,FALSE,8.20000000001164
"5271","Z=~z3",0.296385574135037,0.149682321374561,0.5,"PLSc",6702,7572484,1000,"Alt.Ext","2",3,FALSE,8.20000000001164
"5272","Y=~y1",0.189242388943424,0.109250218887844,0.5,"PLSc",6702,7572484,1000,"Alt.Ext","2",3,FALSE,8.20000000001164
"5273","Y=~y2",0.389626298002753,0.164459846438989,0.5,"PLSc",6702,7572484,1000,"Alt.Ext","2",3,FALSE,8.20000000001164
"5274","Y=~y3",0.150639385022908,0.0973399292882623,0.5,"PLSc",6702,7572484,1000,"Alt.Ext","2",3,FALSE,8.20000000001164
"5275","Y~X",0.710052290526772,54.5476885967128,0.4,"PLSc",6702,7572484,1000,"Alt.Ext","2",3,FALSE,8.20000000001164
"5276","Y~Z",0.600188225077032,4.12330200667915,0.5,"PLSc",6702,7572484,1000,"Alt.Ext","2",3,FALSE,8.20000000001164
"5277","Y~X:Z",0.352125899116895,16.3831726414876,0.3,"PLSc",6702,7572484,1000,"Alt.Ext","2",3,FALSE,8.20000000001164
"5278","X~~Z",0.266157906699583,0.139211457853873,0.2,"PLSc",6702,7572484,1000,"Alt.Ext","2",3,FALSE,8.20000000001164
"5279","X=~x1",0.348831757358422,0.218819816699322,0.5,"PLS",6702,7572484,1000,"Alt.Ext","2",3,TRUE,3.35000000000582
"5280","X=~x2",0.616229094450643,0.19075884111393,0.5,"PLS",6702,7572484,1000,"Alt.Ext","2",3,TRUE,3.35000000000582
"5281","X=~x3",0.835778595409082,0.132704785119965,0.5,"PLS",6702,7572484,1000,"Alt.Ext","2",3,TRUE,3.35000000000582
"5282","Z=~z1",0.54835398582701,0.193319442081643,0.5,"PLS",6702,7572484,1000,"Alt.Ext","2",3,TRUE,3.35000000000582
"5283","Z=~z2",0.798465099001643,0.151432909801635,0.5,"PLS",6702,7572484,1000,"Alt.Ext","2",3,TRUE,3.35000000000582
"5284","Z=~z3",0.565802665853647,0.180628959807591,0.5,"PLS",6702,7572484,1000,"Alt.Ext","2",3,TRUE,3.35000000000582
"5285","Y=~y1",0.450788353480385,0.201491031395782,0.5,"PLS",6702,7572484,1000,"Alt.Ext","2",3,TRUE,3.35000000000582
"5286","Y=~y2",0.856294922755516,0.106090318409256,0.5,"PLS",6702,7572484,1000,"Alt.Ext","2",3,TRUE,3.35000000000582
"5287","Y=~y3",0.400486753835931,0.174665874565237,0.5,"PLS",6702,7572484,1000,"Alt.Ext","2",3,TRUE,3.35000000000582
"5288","Y~X",0.128396339926937,0.0398428283683399,0.4,"PLS",6702,7572484,1000,"Alt.Ext","2",3,TRUE,3.35000000000582
"5289","Y~Z",0.117987646521443,0.0362347163316671,0.5,"PLS",6702,7572484,1000,"Alt.Ext","2",3,TRUE,3.35000000000582
"5290","Y~X:Z",0.0596656163458406,0.0394620796156218,0.3,"PLS",6702,7572484,1000,"Alt.Ext","2",3,TRUE,3.35000000000582
"5291","X~~Z",0.090201747322386,0.0418171533575366,0.2,"PLS",6702,7572484,1000,"Alt.Ext","2",3,TRUE,3.35000000000582
"5292","X=~x1",0.405,0.085,0.5,"Mplus",6702,7572484,1000,"Alt.Ext","2",3,TRUE,101.649999999994
"5293","X=~x2",0.463,0.091,0.5,"Mplus",6702,7572484,1000,"Alt.Ext","2",3,TRUE,101.649999999994
"5294","X=~x3",0.601,0.103,0.5,"Mplus",6702,7572484,1000,"Alt.Ext","2",3,TRUE,101.649999999994
"5295","Z=~z1",0.396,0.084,0.5,"Mplus",6702,7572484,1000,"Alt.Ext","2",3,TRUE,101.649999999994
"5296","Z=~z2",0.67,0.11,0.5,"Mplus",6702,7572484,1000,"Alt.Ext","2",3,TRUE,101.649999999994
"5297","Z=~z3",0.498,0.095,0.5,"Mplus",6702,7572484,1000,"Alt.Ext","2",3,TRUE,101.649999999994
"5298","Y=~y1",0.262,0.12,0.5,"Mplus",6702,7572484,1000,"Alt.Ext","2",3,TRUE,101.649999999994
"5299","Y=~y2",0.684,0.133,0.5,"Mplus",6702,7572484,1000,"Alt.Ext","2",3,TRUE,101.649999999994
"5300","Y=~y3",0.407,0.162,0.5,"Mplus",6702,7572484,1000,"Alt.Ext","2",3,TRUE,101.649999999994
"5301","Y~X",0.526,0.105,0.4,"Mplus",6702,7572484,1000,"Alt.Ext","2",3,TRUE,101.649999999994
"5302","Y~Z",0.452,0.097,0.5,"Mplus",6702,7572484,1000,"Alt.Ext","2",3,TRUE,101.649999999994
"5303","Y~X:Z",0.514,0.193,0.3,"Mplus",6702,7572484,1000,"Alt.Ext","2",3,TRUE,101.649999999994
"5304","X~~Z",0.305,0.114,0.2,"Mplus",6702,7572484,1000,"Alt.Ext","2",3,TRUE,101.649999999994
"5305","X=~x1",0.738174877922532,0.180045504361041,0.8,"MC-OrdPLSc",6703,7349964,200,"Alt.Ext","3",2,TRUE,15.75
"5306","X=~x2",0.902156743783253,0.247656012146924,0.8,"MC-OrdPLSc",6703,7349964,200,"Alt.Ext","3",2,TRUE,15.75
"5307","X=~x3",0.660265929368329,0.217711324038366,0.8,"MC-OrdPLSc",6703,7349964,200,"Alt.Ext","3",2,TRUE,15.75
"5308","Z=~z1",0.801084794550319,0.0798083148583384,0.8,"MC-OrdPLSc",6703,7349964,200,"Alt.Ext","3",2,TRUE,15.75
"5309","Z=~z2",0.827452434026759,0.0783113767180152,0.8,"MC-OrdPLSc",6703,7349964,200,"Alt.Ext","3",2,TRUE,15.75
"5310","Z=~z3",0.672285384493423,0.0938400482127279,0.8,"MC-OrdPLSc",6703,7349964,200,"Alt.Ext","3",2,TRUE,15.75
"5311","Y=~y1",0.773447971988804,0.0949515550124381,0.8,"MC-OrdPLSc",6703,7349964,200,"Alt.Ext","3",2,TRUE,15.75
"5312","Y=~y2",0.76159405304865,0.099862079149007,0.8,"MC-OrdPLSc",6703,7349964,200,"Alt.Ext","3",2,TRUE,15.75
"5313","Y=~y3",0.809577199039076,0.0868451691602239,0.8,"MC-OrdPLSc",6703,7349964,200,"Alt.Ext","3",2,TRUE,15.75
"5314","Y~X",0.184262897208619,0.126091827294225,0.4,"MC-OrdPLSc",6703,7349964,200,"Alt.Ext","3",2,TRUE,15.75
"5315","Y~Z",0.667947657951154,0.0933440303774635,0.5,"MC-OrdPLSc",6703,7349964,200,"Alt.Ext","3",2,TRUE,15.75
"5316","Y~X:Z",0.226152335295782,0.142428460113944,0.3,"MC-OrdPLSc",6703,7349964,200,"Alt.Ext","3",2,TRUE,15.75
"5317","X~~Z",0.370359248818305,0.115095373867772,0.2,"MC-OrdPLSc",6703,7349964,200,"Alt.Ext","3",2,TRUE,15.75
"5318","X=~x1",0.822976769382488,0.175013291760867,0.8,"PLSc",6703,7349964,200,"Alt.Ext","3",2,TRUE,3.44000000000233
"5319","X=~x2",0.561417541213357,0.209030566843898,0.8,"PLSc",6703,7349964,200,"Alt.Ext","3",2,TRUE,3.44000000000233
"5320","X=~x3",0.661117260581441,0.187520911638173,0.8,"PLSc",6703,7349964,200,"Alt.Ext","3",2,TRUE,3.44000000000233
"5321","Z=~z1",0.763799182475483,0.162900652361495,0.8,"PLSc",6703,7349964,200,"Alt.Ext","3",2,TRUE,3.44000000000233
"5322","Z=~z2",0.660628151899862,0.213985290200953,0.8,"PLSc",6703,7349964,200,"Alt.Ext","3",2,TRUE,3.44000000000233
"5323","Z=~z3",0.666635856068489,0.176123997407327,0.8,"PLSc",6703,7349964,200,"Alt.Ext","3",2,TRUE,3.44000000000233
"5324","Y=~y1",0.569124279613589,0.134580885163015,0.8,"PLSc",6703,7349964,200,"Alt.Ext","3",2,TRUE,3.44000000000233
"5325","Y=~y2",0.8026523049407,0.130327236272541,0.8,"PLSc",6703,7349964,200,"Alt.Ext","3",2,TRUE,3.44000000000233
"5326","Y=~y3",0.376664834063678,0.129380604512222,0.8,"PLSc",6703,7349964,200,"Alt.Ext","3",2,TRUE,3.44000000000233
"5327","Y~X",0.292183772263701,0.207750221552165,0.4,"PLSc",6703,7349964,200,"Alt.Ext","3",2,TRUE,3.44000000000233
"5328","Y~Z",0.368466848376112,0.170226584214632,0.5,"PLSc",6703,7349964,200,"Alt.Ext","3",2,TRUE,3.44000000000233
"5329","Y~X:Z",0.164492357102129,0.496709724828326,0.3,"PLSc",6703,7349964,200,"Alt.Ext","3",2,TRUE,3.44000000000233
"5330","X~~Z",0.013164610398099,0.0884605050329273,0.2,"PLSc",6703,7349964,200,"Alt.Ext","3",2,TRUE,3.44000000000233
"5331","X=~x1",0.824798595652648,0.0731195785556182,0.8,"PLS",6703,7349964,200,"Alt.Ext","3",2,TRUE,2.27999999999884
"5332","X=~x2",0.825221050968154,0.0940732630425446,0.8,"PLS",6703,7349964,200,"Alt.Ext","3",2,TRUE,2.27999999999884
"5333","X=~x3",0.76899622817649,0.104639272156615,0.8,"PLS",6703,7349964,200,"Alt.Ext","3",2,TRUE,2.27999999999884
"5334","Z=~z1",0.830412485900102,0.060422246329857,0.8,"PLS",6703,7349964,200,"Alt.Ext","3",2,TRUE,2.27999999999884
"5335","Z=~z2",0.802143937747257,0.0951293334486007,0.8,"PLS",6703,7349964,200,"Alt.Ext","3",2,TRUE,2.27999999999884
"5336","Z=~z3",0.7992788083677,0.0814896243999913,0.8,"PLS",6703,7349964,200,"Alt.Ext","3",2,TRUE,2.27999999999884
"5337","Y=~y1",0.732050302480787,0.0873919958388545,0.8,"PLS",6703,7349964,200,"Alt.Ext","3",2,TRUE,2.27999999999884
"5338","Y=~y2",0.853026432691478,0.0522920712248473,0.8,"PLS",6703,7349964,200,"Alt.Ext","3",2,TRUE,2.27999999999884
"5339","Y=~y3",0.640117895443209,0.0979738746549879,0.8,"PLS",6703,7349964,200,"Alt.Ext","3",2,TRUE,2.27999999999884
"5340","Y~X",0.222058420190466,0.0721506021478683,0.4,"PLS",6703,7349964,200,"Alt.Ext","3",2,TRUE,2.27999999999884
"5341","Y~Z",0.266594519953608,0.0826733149360876,0.5,"PLS",6703,7349964,200,"Alt.Ext","3",2,TRUE,2.27999999999884
"5342","Y~X:Z",0.0898248146320356,0.104592631218489,0.3,"PLS",6703,7349964,200,"Alt.Ext","3",2,TRUE,2.27999999999884
"5343","X~~Z",0.00983830325430067,0.0656004760586281,0.2,"PLS",6703,7349964,200,"Alt.Ext","3",2,TRUE,2.27999999999884
"5344","X=~x1",0.699,0.113,0.8,"Mplus",6703,7349964,200,"Alt.Ext","3",2,TRUE,181.48000000001
"5345","X=~x2",0.954,0.098,0.8,"Mplus",6703,7349964,200,"Alt.Ext","3",2,TRUE,181.48000000001
"5346","X=~x3",0.754,0.083,0.8,"Mplus",6703,7349964,200,"Alt.Ext","3",2,TRUE,181.48000000001
"5347","Z=~z1",0.8,0.071,0.8,"Mplus",6703,7349964,200,"Alt.Ext","3",2,TRUE,181.48000000001
"5348","Z=~z2",0.811,0.07,0.8,"Mplus",6703,7349964,200,"Alt.Ext","3",2,TRUE,181.48000000001
"5349","Z=~z3",0.771,0.073,0.8,"Mplus",6703,7349964,200,"Alt.Ext","3",2,TRUE,181.48000000001
"5350","Y=~y1",0.612,0.101,0.8,"Mplus",6703,7349964,200,"Alt.Ext","3",2,TRUE,181.48000000001
"5351","Y=~y2",0.85,0.091,0.8,"Mplus",6703,7349964,200,"Alt.Ext","3",2,TRUE,181.48000000001
"5352","Y=~y3",0.603,0.104,0.8,"Mplus",6703,7349964,200,"Alt.Ext","3",2,TRUE,181.48000000001
"5353","Y~X",0.416,0.104,0.4,"Mplus",6703,7349964,200,"Alt.Ext","3",2,TRUE,181.48000000001
"5354","Y~Z",0.431,0.098,0.5,"Mplus",6703,7349964,200,"Alt.Ext","3",2,TRUE,181.48000000001
"5355","Y~X:Z",0.276,0.192,0.3,"Mplus",6703,7349964,200,"Alt.Ext","3",2,TRUE,181.48000000001
"5356","X~~Z",0.084,0.116,0.2,"Mplus",6703,7349964,200,"Alt.Ext","3",2,TRUE,181.48000000001
"5357","X=~x1",0.559785168210122,2.3681972779853,0.5,"MC-OrdPLSc",6704,9009035,200,"Alt.Ext","3",3,TRUE,26.7799999999988
"5358","X=~x2",0.536111996997133,2.41569107939071,0.5,"MC-OrdPLSc",6704,9009035,200,"Alt.Ext","3",3,TRUE,26.7799999999988
"5359","X=~x3",0.601497408309675,1.35192300977612,0.5,"MC-OrdPLSc",6704,9009035,200,"Alt.Ext","3",3,TRUE,26.7799999999988
"5360","Z=~z1",0.870333639583788,0.533622626806475,0.5,"MC-OrdPLSc",6704,9009035,200,"Alt.Ext","3",3,TRUE,26.7799999999988
"5361","Z=~z2",0.65388325445089,0.871031249401542,0.5,"MC-OrdPLSc",6704,9009035,200,"Alt.Ext","3",3,TRUE,26.7799999999988
"5362","Z=~z3",0.498979253080661,0.247495648601656,0.5,"MC-OrdPLSc",6704,9009035,200,"Alt.Ext","3",3,TRUE,26.7799999999988
"5363","Y=~y1",0.074582943018221,0.235127288438635,0.5,"MC-OrdPLSc",6704,9009035,200,"Alt.Ext","3",3,TRUE,26.7799999999988
"5364","Y=~y2",0.100971696952615,0.495234458441345,0.5,"MC-OrdPLSc",6704,9009035,200,"Alt.Ext","3",3,TRUE,26.7799999999988
"5365","Y=~y3",0.108916114699477,0.460635421635598,0.5,"MC-OrdPLSc",6704,9009035,200,"Alt.Ext","3",3,TRUE,26.7799999999988
"5366","Y~X",0.385660084337357,1.43833684624921,0.4,"MC-OrdPLSc",6704,9009035,200,"Alt.Ext","3",3,TRUE,26.7799999999988
"5367","Y~Z",0.803487632043264,5.34475888165334,0.5,"MC-OrdPLSc",6704,9009035,200,"Alt.Ext","3",3,TRUE,26.7799999999988
"5368","Y~X:Z",-0.180576125427681,3.21130743123098,0.3,"MC-OrdPLSc",6704,9009035,200,"Alt.Ext","3",3,TRUE,26.7799999999988
"5369","X~~Z",0.243897805954524,0.207651380202378,0.2,"MC-OrdPLSc",6704,9009035,200,"Alt.Ext","3",3,TRUE,26.7799999999988
"5370","X=~x1",-0.0464026462964195,0.407767074949118,0.5,"PLSc",6704,9009035,200,"Alt.Ext","3",3,FALSE,6.75
"5371","X=~x2",0.29561064273921,0.34241226247576,0.5,"PLSc",6704,9009035,200,"Alt.Ext","3",3,FALSE,6.75
"5372","X=~x3",0.364836726183235,0.319058054566957,0.5,"PLSc",6704,9009035,200,"Alt.Ext","3",3,FALSE,6.75
"5373","Z=~z1",0.338067000716504,0.281587729721651,0.5,"PLSc",6704,9009035,200,"Alt.Ext","3",3,FALSE,6.75
"5374","Z=~z2",0.0865444692037429,0.370629651231205,0.5,"PLSc",6704,9009035,200,"Alt.Ext","3",3,FALSE,6.75
"5375","Z=~z3",0.282693274529551,0.255521636176301,0.5,"PLSc",6704,9009035,200,"Alt.Ext","3",3,FALSE,6.75
"5376","Y=~y1",0.870763181265121,0.280018790227754,0.5,"PLSc",6704,9009035,200,"Alt.Ext","3",3,FALSE,6.75
"5377","Y=~y2",0.299409418063491,0.330561875502258,0.5,"PLSc",6704,9009035,200,"Alt.Ext","3",3,FALSE,6.75
"5378","Y=~y3",0.181830421544363,0.28997994758099,0.5,"PLSc",6704,9009035,200,"Alt.Ext","3",3,FALSE,6.75
"5379","Y~X",-0.0624261317449392,3.25515890729307,0.4,"PLSc",6704,9009035,200,"Alt.Ext","3",3,FALSE,6.75
"5380","Y~Z",0.444179962250113,4.25317111042484,0.5,"PLSc",6704,9009035,200,"Alt.Ext","3",3,FALSE,6.75
"5381","Y~X:Z",0.0442096836195332,5.11710082352563,0.3,"PLSc",6704,9009035,200,"Alt.Ext","3",3,FALSE,6.75
"5382","X~~Z",-0.610637211504694,0.595684295292824,0.2,"PLSc",6704,9009035,200,"Alt.Ext","3",3,FALSE,6.75
"5383","X=~x1",0.0684622168064326,0.562726599537965,0.5,"PLS",6704,9009035,200,"Alt.Ext","3",3,TRUE,5.05999999999767
"5384","X=~x2",0.684761613905155,0.473695382971568,0.5,"PLS",6704,9009035,200,"Alt.Ext","3",3,TRUE,5.05999999999767
"5385","X=~x3",0.815711108282455,0.408895390959008,0.5,"PLS",6704,9009035,200,"Alt.Ext","3",3,TRUE,5.05999999999767
"5386","Z=~z1",0.780552354385455,0.327198278177068,0.5,"PLS",6704,9009035,200,"Alt.Ext","3",3,TRUE,5.05999999999767
"5387","Z=~z2",0.304253664321482,0.491959668282254,0.5,"PLS",6704,9009035,200,"Alt.Ext","3",3,TRUE,5.05999999999767
"5388","Z=~z3",0.643388297324304,0.344622479569318,0.5,"PLS",6704,9009035,200,"Alt.Ext","3",3,TRUE,5.05999999999767
"5389","Y=~y1",0.942503657292133,0.251675204956315,0.5,"PLS",6704,9009035,200,"Alt.Ext","3",3,TRUE,5.05999999999767
"5390","Y=~y2",0.477763819397969,0.419960763658461,0.5,"PLS",6704,9009035,200,"Alt.Ext","3",3,TRUE,5.05999999999767
"5391","Y=~y3",0.396450906449162,0.363627758642694,0.5,"PLS",6704,9009035,200,"Alt.Ext","3",3,TRUE,5.05999999999767
"5392","Y~X",-0.0573495388586777,0.0851111675610238,0.4,"PLS",6704,9009035,200,"Alt.Ext","3",3,TRUE,5.05999999999767
"5393","Y~Z",0.172357745890355,0.0870563922477318,0.5,"PLS",6704,9009035,200,"Alt.Ext","3",3,TRUE,5.05999999999767
"5394","Y~X:Z",-0.0485959202725522,0.0946619370204283,0.3,"PLS",6704,9009035,200,"Alt.Ext","3",3,TRUE,5.05999999999767
"5395","X~~Z",-0.116907003064824,0.0934285445705988,0.2,"PLS",6704,9009035,200,"Alt.Ext","3",3,TRUE,5.05999999999767
"5396","X=~x1",0.395,0.248,0.5,"Mplus",6704,9009035,200,"Alt.Ext","3",3,TRUE,135.5
"5397","X=~x2",0.69,0.437,0.5,"Mplus",6704,9009035,200,"Alt.Ext","3",3,TRUE,135.5
"5398","X=~x3",0.287,0.168,0.5,"Mplus",6704,9009035,200,"Alt.Ext","3",3,TRUE,135.5
"5399","Z=~z1",0.749,0.522,0.5,"Mplus",6704,9009035,200,"Alt.Ext","3",3,TRUE,135.5
"5400","Z=~z2",0.328,0.176,0.5,"Mplus",6704,9009035,200,"Alt.Ext","3",3,TRUE,135.5
"5401","Z=~z3",0.162,0.19,0.5,"Mplus",6704,9009035,200,"Alt.Ext","3",3,TRUE,135.5
"5402","Y=~y1",0.856,0.22,0.5,"Mplus",6704,9009035,200,"Alt.Ext","3",3,TRUE,135.5
"5403","Y=~y2",0.351,0.134,0.5,"Mplus",6704,9009035,200,"Alt.Ext","3",3,TRUE,135.5
"5404","Y=~y3",0.385,0.141,0.5,"Mplus",6704,9009035,200,"Alt.Ext","3",3,TRUE,135.5
"5405","Y~X",0.014,0.231,0.4,"Mplus",6704,9009035,200,"Alt.Ext","3",3,TRUE,135.5
"5406","Y~Z",0.284,0.27,0.5,"Mplus",6704,9009035,200,"Alt.Ext","3",3,TRUE,135.5
"5407","Y~X:Z",0.148,0.449,0.3,"Mplus",6704,9009035,200,"Alt.Ext","3",3,TRUE,135.5
"5408","X~~Z",-0.309,0.305,0.2,"Mplus",6704,9009035,200,"Alt.Ext","3",3,TRUE,135.5
"5409","X=~x1",0.901766026774068,0.0548503338319643,0.8,"MC-OrdPLSc",6705,8150791,500,"Alt.Ext","3",2,TRUE,17.4300000000003
"5410","X=~x2",0.696904688142953,0.0580627601973954,0.8,"MC-OrdPLSc",6705,8150791,500,"Alt.Ext","3",2,TRUE,17.4300000000003
"5411","X=~x3",0.780895487568938,0.05393560321327,0.8,"MC-OrdPLSc",6705,8150791,500,"Alt.Ext","3",2,TRUE,17.4300000000003
"5412","Z=~z1",0.839995568826101,0.0444325176449217,0.8,"MC-OrdPLSc",6705,8150791,500,"Alt.Ext","3",2,TRUE,17.4300000000003
"5413","Z=~z2",0.713011482887009,0.0563127072160904,0.8,"MC-OrdPLSc",6705,8150791,500,"Alt.Ext","3",2,TRUE,17.4300000000003
"5414","Z=~z3",0.83045205580875,0.0437409352015482,0.8,"MC-OrdPLSc",6705,8150791,500,"Alt.Ext","3",2,TRUE,17.4300000000003
"5415","Y=~y1",0.81366125889228,0.0484047192386493,0.8,"MC-OrdPLSc",6705,8150791,500,"Alt.Ext","3",2,TRUE,17.4300000000003
"5416","Y=~y2",0.863108479041952,0.0465509664220835,0.8,"MC-OrdPLSc",6705,8150791,500,"Alt.Ext","3",2,TRUE,17.4300000000003
"5417","Y=~y3",0.766470602456203,0.0580984292264676,0.8,"MC-OrdPLSc",6705,8150791,500,"Alt.Ext","3",2,TRUE,17.4300000000003
"5418","Y~X",0.470435011147363,0.049208329664568,0.4,"MC-OrdPLSc",6705,8150791,500,"Alt.Ext","3",2,TRUE,17.4300000000003
"5419","Y~Z",0.547402769019667,0.0514632252772254,0.5,"MC-OrdPLSc",6705,8150791,500,"Alt.Ext","3",2,TRUE,17.4300000000003
"5420","Y~X:Z",0.373980443904563,0.0674339453387267,0.3,"MC-OrdPLSc",6705,8150791,500,"Alt.Ext","3",2,TRUE,17.4300000000003
"5421","X~~Z",0.109818126117126,0.0749245606818741,0.2,"MC-OrdPLSc",6705,8150791,500,"Alt.Ext","3",2,TRUE,17.4300000000003
"5422","X=~x1",0.7346325055154,0.122744672366564,0.8,"PLSc",6705,8150791,500,"Alt.Ext","3",2,TRUE,4.71000000002095
"5423","X=~x2",0.757548225151031,0.12130701156606,0.8,"PLSc",6705,8150791,500,"Alt.Ext","3",2,TRUE,4.71000000002095
"5424","X=~x3",0.535884373813242,0.145373953320755,0.8,"PLSc",6705,8150791,500,"Alt.Ext","3",2,TRUE,4.71000000002095
"5425","Z=~z1",0.659925946976103,0.0740680024107949,0.8,"PLSc",6705,8150791,500,"Alt.Ext","3",2,TRUE,4.71000000002095
"5426","Z=~z2",0.696630022056069,0.0793966246883596,0.8,"PLSc",6705,8150791,500,"Alt.Ext","3",2,TRUE,4.71000000002095
"5427","Z=~z3",0.808038771618198,0.0704369778874628,0.8,"PLSc",6705,8150791,500,"Alt.Ext","3",2,TRUE,4.71000000002095
"5428","Y=~y1",0.641036262786262,0.0702151152878658,0.8,"PLSc",6705,8150791,500,"Alt.Ext","3",2,TRUE,4.71000000002095
"5429","Y=~y2",0.544602925691513,0.0667421108820013,0.8,"PLSc",6705,8150791,500,"Alt.Ext","3",2,TRUE,4.71000000002095
"5430","Y=~y3",0.680986603614449,0.063461774857517,0.8,"PLSc",6705,8150791,500,"Alt.Ext","3",2,TRUE,4.71000000002095
"5431","Y~X",0.291081008941244,0.160352081677816,0.4,"PLSc",6705,8150791,500,"Alt.Ext","3",2,TRUE,4.71000000002095
"5432","Y~Z",0.481505189083738,0.0740706072905162,0.5,"PLSc",6705,8150791,500,"Alt.Ext","3",2,TRUE,4.71000000002095
"5433","Y~X:Z",0.239574587545797,0.171147553281664,0.3,"PLSc",6705,8150791,500,"Alt.Ext","3",2,TRUE,4.71000000002095
"5434","X~~Z",0.0354057978553237,0.0581453951264669,0.2,"PLSc",6705,8150791,500,"Alt.Ext","3",2,TRUE,4.71000000002095
"5435","X=~x1",0.813590712150735,0.0470858953419067,0.8,"PLS",6705,8150791,500,"Alt.Ext","3",2,TRUE,2.16000000000349
"5436","X=~x2",0.808450063857468,0.0468860026445727,0.8,"PLS",6705,8150791,500,"Alt.Ext","3",2,TRUE,2.16000000000349
"5437","X=~x3",0.785129837594941,0.0565049755888934,0.8,"PLS",6705,8150791,500,"Alt.Ext","3",2,TRUE,2.16000000000349
"5438","Z=~z1",0.812024488068309,0.0281108136697208,0.8,"PLS",6705,8150791,500,"Alt.Ext","3",2,TRUE,2.16000000000349
"5439","Z=~z2",0.821660549271014,0.030720281446583,0.8,"PLS",6705,8150791,500,"Alt.Ext","3",2,TRUE,2.16000000000349
"5440","Z=~z3",0.841866072457953,0.0245532540526063,0.8,"PLS",6705,8150791,500,"Alt.Ext","3",2,TRUE,2.16000000000349
"5441","Y=~y1",0.775832146741187,0.0363417123536322,0.8,"PLS",6705,8150791,500,"Alt.Ext","3",2,TRUE,2.16000000000349
"5442","Y=~y2",0.734396355370068,0.0413099573855917,0.8,"PLS",6705,8150791,500,"Alt.Ext","3",2,TRUE,2.16000000000349
"5443","Y=~y3",0.795737983052452,0.0317879030233123,0.8,"PLS",6705,8150791,500,"Alt.Ext","3",2,TRUE,2.16000000000349
"5444","Y~X",0.201203185205426,0.0484509638675022,0.4,"PLS",6705,8150791,500,"Alt.Ext","3",2,TRUE,2.16000000000349
"5445","Y~Z",0.341129791366693,0.0473169417797517,0.5,"PLS",6705,8150791,500,"Alt.Ext","3",2,TRUE,2.16000000000349
"5446","Y~X:Z",0.146398396519768,0.0505091155958085,0.3,"PLS",6705,8150791,500,"Alt.Ext","3",2,TRUE,2.16000000000349
"5447","X~~Z",0.0267573819104942,0.0448187811069869,0.2,"PLS",6705,8150791,500,"Alt.Ext","3",2,TRUE,2.16000000000349
"5448","X=~x1",0.776,0.047,0.8,"Mplus",6705,8150791,500,"Alt.Ext","3",2,TRUE,193.510000000009
"5449","X=~x2",0.763,0.047,0.8,"Mplus",6705,8150791,500,"Alt.Ext","3",2,TRUE,193.510000000009
"5450","X=~x3",0.83,0.045,0.8,"Mplus",6705,8150791,500,"Alt.Ext","3",2,TRUE,193.510000000009
"5451","Z=~z1",0.815,0.038,0.8,"Mplus",6705,8150791,500,"Alt.Ext","3",2,TRUE,193.510000000009
"5452","Z=~z2",0.832,0.037,0.8,"Mplus",6705,8150791,500,"Alt.Ext","3",2,TRUE,193.510000000009
"5453","Z=~z3",0.835,0.037,0.8,"Mplus",6705,8150791,500,"Alt.Ext","3",2,TRUE,193.510000000009
"5454","Y=~y1",0.779,0.052,0.8,"Mplus",6705,8150791,500,"Alt.Ext","3",2,TRUE,193.510000000009
"5455","Y=~y2",0.729,0.053,0.8,"Mplus",6705,8150791,500,"Alt.Ext","3",2,TRUE,193.510000000009
"5456","Y=~y3",0.785,0.05,0.8,"Mplus",6705,8150791,500,"Alt.Ext","3",2,TRUE,193.510000000009
"5457","Y~X",0.378,0.059,0.4,"Mplus",6705,8150791,500,"Alt.Ext","3",2,TRUE,193.510000000009
"5458","Y~Z",0.531,0.053,0.5,"Mplus",6705,8150791,500,"Alt.Ext","3",2,TRUE,193.510000000009
"5459","Y~X:Z",0.348,0.067,0.3,"Mplus",6705,8150791,500,"Alt.Ext","3",2,TRUE,193.510000000009
"5460","X~~Z",0.025,0.073,0.2,"Mplus",6705,8150791,500,"Alt.Ext","3",2,TRUE,193.510000000009
"5461","X=~x1",0.566776895117374,0.255196480064838,0.5,"MC-OrdPLSc",6706,211311,500,"Alt.Ext","3",3,TRUE,23.4800000000032
"5462","X=~x2",0.609335865441007,0.183751114194195,0.5,"MC-OrdPLSc",6706,211311,500,"Alt.Ext","3",3,TRUE,23.4800000000032
"5463","X=~x3",0.493086783765037,0.225178814299097,0.5,"MC-OrdPLSc",6706,211311,500,"Alt.Ext","3",3,TRUE,23.4800000000032
"5464","Z=~z1",0.617853223884481,0.384823018451154,0.5,"MC-OrdPLSc",6706,211311,500,"Alt.Ext","3",3,TRUE,23.4800000000032
"5465","Z=~z2",0.351493335969064,0.311819682938507,0.5,"MC-OrdPLSc",6706,211311,500,"Alt.Ext","3",3,TRUE,23.4800000000032
"5466","Z=~z3",0.444995932034266,0.371873535429226,0.5,"MC-OrdPLSc",6706,211311,500,"Alt.Ext","3",3,TRUE,23.4800000000032
"5467","Y=~y1",0.46052194057469,0.189487812178241,0.5,"MC-OrdPLSc",6706,211311,500,"Alt.Ext","3",3,TRUE,23.4800000000032
"5468","Y=~y2",0.615817439667202,0.208437426146625,0.5,"MC-OrdPLSc",6706,211311,500,"Alt.Ext","3",3,TRUE,23.4800000000032
"5469","Y=~y3",0.34992773652198,0.178302859882902,0.5,"MC-OrdPLSc",6706,211311,500,"Alt.Ext","3",3,TRUE,23.4800000000032
"5470","Y~X",0.441387149209419,0.197192311198013,0.4,"MC-OrdPLSc",6706,211311,500,"Alt.Ext","3",3,TRUE,23.4800000000032
"5471","Y~Z",0.489111330078433,0.232586867671278,0.5,"MC-OrdPLSc",6706,211311,500,"Alt.Ext","3",3,TRUE,23.4800000000032
"5472","Y~X:Z",0.238156659869095,0.291161155658809,0.3,"MC-OrdPLSc",6706,211311,500,"Alt.Ext","3",3,TRUE,23.4800000000032
"5473","X~~Z",0.0739117447260775,0.148818754584698,0.2,"MC-OrdPLSc",6706,211311,500,"Alt.Ext","3",3,TRUE,23.4800000000032
"5474","X=~x1",0.250369294826028,0.177084421270928,0.5,"PLSc",6706,211311,500,"Alt.Ext","3",3,TRUE,5.26999999998952
"5475","X=~x2",0.470413778091325,0.167811611843058,0.5,"PLSc",6706,211311,500,"Alt.Ext","3",3,TRUE,5.26999999998952
"5476","X=~x3",0.313937371474603,0.179098293125217,0.5,"PLSc",6706,211311,500,"Alt.Ext","3",3,TRUE,5.26999999998952
"5477","Z=~z1",0.20466771022029,0.103244036568604,0.5,"PLSc",6706,211311,500,"Alt.Ext","3",3,TRUE,5.26999999998952
"5478","Z=~z2",0.486285825090455,0.109969688223173,0.5,"PLSc",6706,211311,500,"Alt.Ext","3",3,TRUE,5.26999999998952
"5479","Z=~z3",0.404699218348858,0.106431516746479,0.5,"PLSc",6706,211311,500,"Alt.Ext","3",3,TRUE,5.26999999998952
"5480","Y=~y1",0.237762855859826,0.107882522384445,0.5,"PLSc",6706,211311,500,"Alt.Ext","3",3,TRUE,5.26999999998952
"5481","Y=~y2",0.416504557330312,0.0852267204391641,0.5,"PLSc",6706,211311,500,"Alt.Ext","3",3,TRUE,5.26999999998952
"5482","Y=~y3",0.534738006525319,0.0940857494066756,0.5,"PLSc",6706,211311,500,"Alt.Ext","3",3,TRUE,5.26999999998952
"5483","Y~X",0.352603077509175,1.62326982824141,0.4,"PLSc",6706,211311,500,"Alt.Ext","3",3,TRUE,5.26999999998952
"5484","Y~Z",0.590347161663681,2.24845824937152,0.5,"PLSc",6706,211311,500,"Alt.Ext","3",3,TRUE,5.26999999998952
"5485","Y~X:Z",0.474562785835097,3.11247387806918,0.3,"PLSc",6706,211311,500,"Alt.Ext","3",3,TRUE,5.26999999998952
"5486","X~~Z",0.19685943788831,0.218779979399972,0.2,"PLSc",6706,211311,500,"Alt.Ext","3",3,TRUE,5.26999999998952
"5487","X=~x1",0.519184515772013,0.242023897296335,0.5,"PLS",6706,211311,500,"Alt.Ext","3",3,TRUE,2.66000000000349
"5488","X=~x2",0.77446372006235,0.164671174273665,0.5,"PLS",6706,211311,500,"Alt.Ext","3",3,TRUE,2.66000000000349
"5489","X=~x3",0.600494565473493,0.232673011804303,0.5,"PLS",6706,211311,500,"Alt.Ext","3",3,TRUE,2.66000000000349
"5490","Z=~z1",0.427914882439996,0.139923922620874,0.5,"PLS",6706,211311,500,"Alt.Ext","3",3,TRUE,2.66000000000349
"5491","Z=~z2",0.773358929500125,0.100338613234488,0.5,"PLS",6706,211311,500,"Alt.Ext","3",3,TRUE,2.66000000000349
"5492","Z=~z3",0.692064175474061,0.110479556348819,0.5,"PLS",6706,211311,500,"Alt.Ext","3",3,TRUE,2.66000000000349
"5493","Y=~y1",0.458636354798407,0.132804150360015,0.5,"PLS",6706,211311,500,"Alt.Ext","3",3,TRUE,2.66000000000349
"5494","Y=~y2",0.683381392982533,0.0874328939589657,0.5,"PLS",6706,211311,500,"Alt.Ext","3",3,TRUE,2.66000000000349
"5495","Y=~y3",0.791203089056117,0.0736089836775854,0.5,"PLS",6706,211311,500,"Alt.Ext","3",3,TRUE,2.66000000000349
"5496","Y~X",0.142491752733349,0.0466635809152957,0.4,"PLS",6706,211311,500,"Alt.Ext","3",3,TRUE,2.66000000000349
"5497","Y~Z",0.225808282670393,0.0465773802165236,0.5,"PLS",6706,211311,500,"Alt.Ext","3",3,TRUE,2.66000000000349
"5498","Y~X:Z",0.109939436718851,0.0562312206455009,0.3,"PLS",6706,211311,500,"Alt.Ext","3",3,TRUE,2.66000000000349
"5499","X~~Z",0.0655633806575122,0.0620178079480373,0.2,"PLS",6706,211311,500,"Alt.Ext","3",3,TRUE,2.66000000000349
"5500","X=~x1",0.403,0.105,0.5,"Mplus",6706,211311,500,"Alt.Ext","3",3,TRUE,202.5
"5501","X=~x2",0.423,0.123,0.5,"Mplus",6706,211311,500,"Alt.Ext","3",3,TRUE,202.5
"5502","X=~x3",0.491,0.127,0.5,"Mplus",6706,211311,500,"Alt.Ext","3",3,TRUE,202.5
"5503","Z=~z1",0.378,0.089,0.5,"Mplus",6706,211311,500,"Alt.Ext","3",3,TRUE,202.5
"5504","Z=~z2",0.497,0.106,0.5,"Mplus",6706,211311,500,"Alt.Ext","3",3,TRUE,202.5
"5505","Z=~z3",0.516,0.107,0.5,"Mplus",6706,211311,500,"Alt.Ext","3",3,TRUE,202.5
"5506","Y=~y1",0.378,0.095,0.5,"Mplus",6706,211311,500,"Alt.Ext","3",3,TRUE,202.5
"5507","Y=~y2",0.641,0.125,0.5,"Mplus",6706,211311,500,"Alt.Ext","3",3,TRUE,202.5
"5508","Y=~y3",0.617,0.118,0.5,"Mplus",6706,211311,500,"Alt.Ext","3",3,TRUE,202.5
"5509","Y~X",0.356,0.138,0.4,"Mplus",6706,211311,500,"Alt.Ext","3",3,TRUE,202.5
"5510","Y~Z",0.557,0.099,0.5,"Mplus",6706,211311,500,"Alt.Ext","3",3,TRUE,202.5
"5511","Y~X:Z",0.432,0.218,0.3,"Mplus",6706,211311,500,"Alt.Ext","3",3,TRUE,202.5
"5512","X~~Z",0.277,0.167,0.2,"Mplus",6706,211311,500,"Alt.Ext","3",3,TRUE,202.5
"5513","X=~x1",0.825165934381366,0.0310879402408927,0.8,"MC-OrdPLSc",6707,7862720,1000,"Alt.Ext","3",2,TRUE,20.6599999999962
"5514","X=~x2",0.788011462287994,0.0383855224424539,0.8,"MC-OrdPLSc",6707,7862720,1000,"Alt.Ext","3",2,TRUE,20.6599999999962
"5515","X=~x3",0.762424353423488,0.0378704783859674,0.8,"MC-OrdPLSc",6707,7862720,1000,"Alt.Ext","3",2,TRUE,20.6599999999962
"5516","Z=~z1",0.84353874476273,0.0338595094364108,0.8,"MC-OrdPLSc",6707,7862720,1000,"Alt.Ext","3",2,TRUE,20.6599999999962
"5517","Z=~z2",0.80464024708558,0.0374027727840314,0.8,"MC-OrdPLSc",6707,7862720,1000,"Alt.Ext","3",2,TRUE,20.6599999999962
"5518","Z=~z3",0.799481180542583,0.0333229292782123,0.8,"MC-OrdPLSc",6707,7862720,1000,"Alt.Ext","3",2,TRUE,20.6599999999962
"5519","Y=~y1",0.760520076427486,0.039050649827978,0.8,"MC-OrdPLSc",6707,7862720,1000,"Alt.Ext","3",2,TRUE,20.6599999999962
"5520","Y=~y2",0.783075616900403,0.0364217935609807,0.8,"MC-OrdPLSc",6707,7862720,1000,"Alt.Ext","3",2,TRUE,20.6599999999962
"5521","Y=~y3",0.778202801987548,0.0347780702072385,0.8,"MC-OrdPLSc",6707,7862720,1000,"Alt.Ext","3",2,TRUE,20.6599999999962
"5522","Y~X",0.469481971274694,0.0472621470273965,0.4,"MC-OrdPLSc",6707,7862720,1000,"Alt.Ext","3",2,TRUE,20.6599999999962
"5523","Y~Z",0.441909386118783,0.0444628730679882,0.5,"MC-OrdPLSc",6707,7862720,1000,"Alt.Ext","3",2,TRUE,20.6599999999962
"5524","Y~X:Z",0.245053406297029,0.0513391276004682,0.3,"MC-OrdPLSc",6707,7862720,1000,"Alt.Ext","3",2,TRUE,20.6599999999962
"5525","X~~Z",0.271424052930031,0.0521162943269025,0.2,"MC-OrdPLSc",6707,7862720,1000,"Alt.Ext","3",2,TRUE,20.6599999999962
"5526","X=~x1",0.746636101732135,0.0705781665772157,0.8,"PLSc",6707,7862720,1000,"Alt.Ext","3",2,TRUE,7.07999999998719
"5527","X=~x2",0.628768371026596,0.0687287202346012,0.8,"PLSc",6707,7862720,1000,"Alt.Ext","3",2,TRUE,7.07999999998719
"5528","X=~x3",0.738104228397605,0.0702856475906028,0.8,"PLSc",6707,7862720,1000,"Alt.Ext","3",2,TRUE,7.07999999998719
"5529","Z=~z1",0.690358647052924,0.0472233939404572,0.8,"PLSc",6707,7862720,1000,"Alt.Ext","3",2,TRUE,7.07999999998719
"5530","Z=~z2",0.655447568599318,0.0485600079355955,0.8,"PLSc",6707,7862720,1000,"Alt.Ext","3",2,TRUE,7.07999999998719
"5531","Z=~z3",0.770350577553999,0.0477940919066118,0.8,"PLSc",6707,7862720,1000,"Alt.Ext","3",2,TRUE,7.07999999998719
"5532","Y=~y1",0.641411483042343,0.0447925311471988,0.8,"PLSc",6707,7862720,1000,"Alt.Ext","3",2,TRUE,7.07999999998719
"5533","Y=~y2",0.629355823414793,0.0446237270789658,0.8,"PLSc",6707,7862720,1000,"Alt.Ext","3",2,TRUE,7.07999999998719
"5534","Y=~y3",0.597447590774352,0.0486283828843183,0.8,"PLSc",6707,7862720,1000,"Alt.Ext","3",2,TRUE,7.07999999998719
"5535","Y~X",0.34844838600466,0.0453174665398412,0.4,"PLSc",6707,7862720,1000,"Alt.Ext","3",2,TRUE,7.07999999998719
"5536","Y~Z",0.538862297783443,0.0492569965159047,0.5,"PLSc",6707,7862720,1000,"Alt.Ext","3",2,TRUE,7.07999999998719
"5537","Y~X:Z",0.298030705348092,0.0494049263913023,0.3,"PLSc",6707,7862720,1000,"Alt.Ext","3",2,TRUE,7.07999999998719
"5538","X~~Z",0.170397965650893,0.044014380488425,0.2,"PLSc",6707,7862720,1000,"Alt.Ext","3",2,TRUE,7.07999999998719
"5539","X=~x1",0.83115613143835,0.0224779846773308,0.8,"PLS",6707,7862720,1000,"Alt.Ext","3",2,TRUE,1.82000000000698
"5540","X=~x2",0.786544496319851,0.0273415883472029,0.8,"PLS",6707,7862720,1000,"Alt.Ext","3",2,TRUE,1.82000000000698
"5541","X=~x3",0.826648054331311,0.0239161124560054,0.8,"PLS",6707,7862720,1000,"Alt.Ext","3",2,TRUE,1.82000000000698
"5542","Z=~z1",0.816501070692768,0.0183852075710281,0.8,"PLS",6707,7862720,1000,"Alt.Ext","3",2,TRUE,1.82000000000698
"5543","Z=~z2",0.802490499857934,0.0206674794594796,0.8,"PLS",6707,7862720,1000,"Alt.Ext","3",2,TRUE,1.82000000000698
"5544","Z=~z3",0.828144118051321,0.0183445803727347,0.8,"PLS",6707,7862720,1000,"Alt.Ext","3",2,TRUE,1.82000000000698
"5545","Y=~y1",0.783586786185456,0.0227321122255269,0.8,"PLS",6707,7862720,1000,"Alt.Ext","3",2,TRUE,1.82000000000698
"5546","Y=~y2",0.769324408123912,0.023675502858281,0.8,"PLS",6707,7862720,1000,"Alt.Ext","3",2,TRUE,1.82000000000698
"5547","Y=~y3",0.754644822430035,0.026928016921064,0.8,"PLS",6707,7862720,1000,"Alt.Ext","3",2,TRUE,1.82000000000698
"5548","Y~X",0.238463492930282,0.0306179569712574,0.4,"PLS",6707,7862720,1000,"Alt.Ext","3",2,TRUE,1.82000000000698
"5549","Y~Z",0.363071225721722,0.0328883328202223,0.5,"PLS",6707,7862720,1000,"Alt.Ext","3",2,TRUE,1.82000000000698
"5550","Y~X:Z",0.171517062280325,0.0318353889697421,0.3,"PLS",6707,7862720,1000,"Alt.Ext","3",2,TRUE,1.82000000000698
"5551","X~~Z",0.128393503476605,0.0337974149591298,0.2,"PLS",6707,7862720,1000,"Alt.Ext","3",2,TRUE,1.82000000000698
"5552","X=~x1",0.811,0.029,0.8,"Mplus",6707,7862720,1000,"Alt.Ext","3",2,TRUE,323.25
"5553","X=~x2",0.796,0.03,0.8,"Mplus",6707,7862720,1000,"Alt.Ext","3",2,TRUE,323.25
"5554","X=~x3",0.81,0.029,0.8,"Mplus",6707,7862720,1000,"Alt.Ext","3",2,TRUE,323.25
"5555","Z=~z1",0.828,0.028,0.8,"Mplus",6707,7862720,1000,"Alt.Ext","3",2,TRUE,323.25
"5556","Z=~z2",0.785,0.03,0.8,"Mplus",6707,7862720,1000,"Alt.Ext","3",2,TRUE,323.25
"5557","Z=~z3",0.792,0.03,0.8,"Mplus",6707,7862720,1000,"Alt.Ext","3",2,TRUE,323.25
"5558","Y=~y1",0.786,0.035,0.8,"Mplus",6707,7862720,1000,"Alt.Ext","3",2,TRUE,323.25
"5559","Y=~y2",0.787,0.034,0.8,"Mplus",6707,7862720,1000,"Alt.Ext","3",2,TRUE,323.25
"5560","Y=~y3",0.775,0.035,0.8,"Mplus",6707,7862720,1000,"Alt.Ext","3",2,TRUE,323.25
"5561","Y~X",0.389,0.037,0.4,"Mplus",6707,7862720,1000,"Alt.Ext","3",2,TRUE,323.25
"5562","Y~Z",0.554,0.034,0.5,"Mplus",6707,7862720,1000,"Alt.Ext","3",2,TRUE,323.25
"5563","Y~X:Z",0.365,0.043,0.3,"Mplus",6707,7862720,1000,"Alt.Ext","3",2,TRUE,323.25
"5564","X~~Z",0.215,0.049,0.2,"Mplus",6707,7862720,1000,"Alt.Ext","3",2,TRUE,323.25
"5565","X=~x1",0.209886195980686,0.121536474341478,0.5,"MC-OrdPLSc",6708,8263094,1000,"Alt.Ext","3",3,TRUE,27.0799999999945
"5566","X=~x2",0.646281897946589,0.192101822987115,0.5,"MC-OrdPLSc",6708,8263094,1000,"Alt.Ext","3",3,TRUE,27.0799999999945
"5567","X=~x3",0.503350754389115,0.11824391499539,0.5,"MC-OrdPLSc",6708,8263094,1000,"Alt.Ext","3",3,TRUE,27.0799999999945
"5568","Z=~z1",0.46284694872971,0.0833025961976267,0.5,"MC-OrdPLSc",6708,8263094,1000,"Alt.Ext","3",3,TRUE,27.0799999999945
"5569","Z=~z2",0.562565470250242,0.0964330870461316,0.5,"MC-OrdPLSc",6708,8263094,1000,"Alt.Ext","3",3,TRUE,27.0799999999945
"5570","Z=~z3",0.441966425530554,0.102120652060669,0.5,"MC-OrdPLSc",6708,8263094,1000,"Alt.Ext","3",3,TRUE,27.0799999999945
"5571","Y=~y1",0.489217140511883,0.0860978546537504,0.5,"MC-OrdPLSc",6708,8263094,1000,"Alt.Ext","3",3,TRUE,27.0799999999945
"5572","Y=~y2",0.48731794077852,0.100873269812693,0.5,"MC-OrdPLSc",6708,8263094,1000,"Alt.Ext","3",3,TRUE,27.0799999999945
"5573","Y=~y3",0.506581016540322,0.0947354968553841,0.5,"MC-OrdPLSc",6708,8263094,1000,"Alt.Ext","3",3,TRUE,27.0799999999945
"5574","Y~X",0.463030748988784,0.105949195241808,0.4,"MC-OrdPLSc",6708,8263094,1000,"Alt.Ext","3",3,TRUE,27.0799999999945
"5575","Y~Z",0.5659708060706,0.0915067979915696,0.5,"MC-OrdPLSc",6708,8263094,1000,"Alt.Ext","3",3,TRUE,27.0799999999945
"5576","Y~X:Z",0.316200477014924,0.155112284172659,0.3,"MC-OrdPLSc",6708,8263094,1000,"Alt.Ext","3",3,TRUE,27.0799999999945
"5577","X~~Z",0.090894530062427,0.0990629219911834,0.2,"MC-OrdPLSc",6708,8263094,1000,"Alt.Ext","3",3,TRUE,27.0799999999945
"5578","X=~x1",0.468110029756432,0.095888146961705,0.5,"PLSc",6708,8263094,1000,"Alt.Ext","3",3,FALSE,7.02999999999884
"5579","X=~x2",0.478811135763178,0.0879585961706657,0.5,"PLSc",6708,8263094,1000,"Alt.Ext","3",3,FALSE,7.02999999999884
"5580","X=~x3",0.394247721320406,0.0915526228720501,0.5,"PLSc",6708,8263094,1000,"Alt.Ext","3",3,FALSE,7.02999999999884
"5581","Z=~z1",0.462963739092779,0.0757450829417401,0.5,"PLSc",6708,8263094,1000,"Alt.Ext","3",3,FALSE,7.02999999999884
"5582","Z=~z2",0.410201345167052,0.0719382324372322,0.5,"PLSc",6708,8263094,1000,"Alt.Ext","3",3,FALSE,7.02999999999884
"5583","Z=~z3",0.279408669976002,0.0682793241484208,0.5,"PLSc",6708,8263094,1000,"Alt.Ext","3",3,FALSE,7.02999999999884
"5584","Y=~y1",0.279879404348475,0.0616062614260715,0.5,"PLSc",6708,8263094,1000,"Alt.Ext","3",3,FALSE,7.02999999999884
"5585","Y=~y2",0.371696403924104,0.0537698113440942,0.5,"PLSc",6708,8263094,1000,"Alt.Ext","3",3,FALSE,7.02999999999884
"5586","Y=~y3",0.421652769675631,0.0622502750743713,0.5,"PLSc",6708,8263094,1000,"Alt.Ext","3",3,FALSE,7.02999999999884
"5587","Y~X",0.436549632654417,0.394268947011231,0.4,"PLSc",6708,8263094,1000,"Alt.Ext","3",3,FALSE,7.02999999999884
"5588","Y~Z",0.868592002915355,2.27489616733347,0.5,"PLSc",6708,8263094,1000,"Alt.Ext","3",3,FALSE,7.02999999999884
"5589","Y~X:Z",0.483748226068371,1.35291093448755,0.3,"PLSc",6708,8263094,1000,"Alt.Ext","3",3,FALSE,7.02999999999884
"5590","X~~Z",0.250297039922479,0.084173732858153,0.2,"PLSc",6708,8263094,1000,"Alt.Ext","3",3,FALSE,7.02999999999884
"5591","X=~x1",0.713715930933225,0.0774675084279723,0.5,"PLS",6708,8263094,1000,"Alt.Ext","3",3,TRUE,2.33999999999651
"5592","X=~x2",0.719732104875964,0.0725160980070889,0.5,"PLS",6708,8263094,1000,"Alt.Ext","3",3,TRUE,2.33999999999651
"5593","X=~x3",0.608264324302544,0.0921284131319165,0.5,"PLS",6708,8263094,1000,"Alt.Ext","3",3,TRUE,2.33999999999651
"5594","Z=~z1",0.756642948200082,0.0629793574123903,0.5,"PLS",6708,8263094,1000,"Alt.Ext","3",3,TRUE,2.33999999999651
"5595","Z=~z2",0.686494877999337,0.0750239222171887,0.5,"PLS",6708,8263094,1000,"Alt.Ext","3",3,TRUE,2.33999999999651
"5596","Z=~z3",0.493420743365502,0.0910594655713129,0.5,"PLS",6708,8263094,1000,"Alt.Ext","3",3,TRUE,2.33999999999651
"5597","Y=~y1",0.558238653340554,0.0758263824078923,0.5,"PLS",6708,8263094,1000,"Alt.Ext","3",3,TRUE,2.33999999999651
"5598","Y=~y2",0.646257234124943,0.0663438786808986,0.5,"PLS",6708,8263094,1000,"Alt.Ext","3",3,TRUE,2.33999999999651
"5599","Y=~y3",0.724819216532902,0.0589903495484888,0.5,"PLS",6708,8263094,1000,"Alt.Ext","3",3,TRUE,2.33999999999651
"5600","Y~X",0.169364266799854,0.0317690776090225,0.4,"PLS",6708,8263094,1000,"Alt.Ext","3",3,TRUE,2.33999999999651
"5601","Y~Z",0.233044885757637,0.0335623274205447,0.5,"PLS",6708,8263094,1000,"Alt.Ext","3",3,TRUE,2.33999999999651
"5602","Y~X:Z",0.0765771613802056,0.0353441431000457,0.3,"PLS",6708,8263094,1000,"Alt.Ext","3",3,TRUE,2.33999999999651
"5603","X~~Z",0.0984701662060747,0.0338388466518516,0.2,"PLS",6708,8263094,1000,"Alt.Ext","3",3,TRUE,2.33999999999651
"5604","X=~x1",0.574,0.065,0.5,"Mplus",6708,8263094,1000,"Alt.Ext","3",3,TRUE,366.5
"5605","X=~x2",0.576,0.065,0.5,"Mplus",6708,8263094,1000,"Alt.Ext","3",3,TRUE,366.5
"5606","X=~x3",0.428,0.06,0.5,"Mplus",6708,8263094,1000,"Alt.Ext","3",3,TRUE,366.5
"5607","Z=~z1",0.549,0.068,0.5,"Mplus",6708,8263094,1000,"Alt.Ext","3",3,TRUE,366.5
"5608","Z=~z2",0.514,0.065,0.5,"Mplus",6708,8263094,1000,"Alt.Ext","3",3,TRUE,366.5
"5609","Z=~z3",0.347,0.058,0.5,"Mplus",6708,8263094,1000,"Alt.Ext","3",3,TRUE,366.5
"5610","Y=~y1",0.444,0.069,0.5,"Mplus",6708,8263094,1000,"Alt.Ext","3",3,TRUE,366.5
"5611","Y=~y2",0.441,0.069,0.5,"Mplus",6708,8263094,1000,"Alt.Ext","3",3,TRUE,366.5
"5612","Y=~y3",0.52,0.072,0.5,"Mplus",6708,8263094,1000,"Alt.Ext","3",3,TRUE,366.5
"5613","Y~X",0.385,0.087,0.4,"Mplus",6708,8263094,1000,"Alt.Ext","3",3,TRUE,366.5
"5614","Y~Z",0.611,0.086,0.5,"Mplus",6708,8263094,1000,"Alt.Ext","3",3,TRUE,366.5
"5615","Y~X:Z",0.244,0.131,0.3,"Mplus",6708,8263094,1000,"Alt.Ext","3",3,TRUE,366.5
"5616","X~~Z",0.256,0.085,0.2,"Mplus",6708,8263094,1000,"Alt.Ext","3",3,TRUE,366.5
"5617","X=~x1",0.744951481691412,0.0649619553898871,0.8,"MC-OrdPLSc",6709,2044612,200,"Alt.Ext","5",2,TRUE,20.3400000000038
"5618","X=~x2",0.997344507528439,0.0562244212855686,0.8,"MC-OrdPLSc",6709,2044612,200,"Alt.Ext","5",2,TRUE,20.3400000000038
"5619","X=~x3",0.735316138180286,0.0666188177059365,0.8,"MC-OrdPLSc",6709,2044612,200,"Alt.Ext","5",2,TRUE,20.3400000000038
"5620","Z=~z1",0.739994033339439,0.0662049908835876,0.8,"MC-OrdPLSc",6709,2044612,200,"Alt.Ext","5",2,TRUE,20.3400000000038
"5621","Z=~z2",0.809909272943491,0.0536748208665283,0.8,"MC-OrdPLSc",6709,2044612,200,"Alt.Ext","5",2,TRUE,20.3400000000038
"5622","Z=~z3",0.78164878377374,0.0664413880455184,0.8,"MC-OrdPLSc",6709,2044612,200,"Alt.Ext","5",2,TRUE,20.3400000000038
"5623","Y=~y1",0.80291632082791,0.0510292427947503,0.8,"MC-OrdPLSc",6709,2044612,200,"Alt.Ext","5",2,TRUE,20.3400000000038
"5624","Y=~y2",0.818721139267035,0.0509355431287982,0.8,"MC-OrdPLSc",6709,2044612,200,"Alt.Ext","5",2,TRUE,20.3400000000038
"5625","Y=~y3",0.878707837350233,0.0435620740170468,0.8,"MC-OrdPLSc",6709,2044612,200,"Alt.Ext","5",2,TRUE,20.3400000000038
"5626","Y~X",0.373308357190228,0.0726263931574183,0.4,"MC-OrdPLSc",6709,2044612,200,"Alt.Ext","5",2,TRUE,20.3400000000038
"5627","Y~Z",0.526550502724257,0.0788906676980915,0.5,"MC-OrdPLSc",6709,2044612,200,"Alt.Ext","5",2,TRUE,20.3400000000038
"5628","Y~X:Z",0.190722293066423,0.105436850782633,0.3,"MC-OrdPLSc",6709,2044612,200,"Alt.Ext","5",2,TRUE,20.3400000000038
"5629","X~~Z",0.163055716454815,0.0999634781748826,0.2,"MC-OrdPLSc",6709,2044612,200,"Alt.Ext","5",2,TRUE,20.3400000000038
"5630","X=~x1",0.682143415578959,0.0994833303815639,0.8,"PLSc",6709,2044612,200,"Alt.Ext","5",2,TRUE,3.14999999999418
"5631","X=~x2",0.768788091258891,0.0996740805354028,0.8,"PLSc",6709,2044612,200,"Alt.Ext","5",2,TRUE,3.14999999999418
"5632","X=~x3",0.818180764489183,0.0902734889794552,0.8,"PLSc",6709,2044612,200,"Alt.Ext","5",2,TRUE,3.14999999999418
"5633","Z=~z1",0.788301033609807,0.0852654180161516,0.8,"PLSc",6709,2044612,200,"Alt.Ext","5",2,TRUE,3.14999999999418
"5634","Z=~z2",0.903977863166129,0.0775728997817526,0.8,"PLSc",6709,2044612,200,"Alt.Ext","5",2,TRUE,3.14999999999418
"5635","Z=~z3",0.658776836066313,0.0933101005441527,0.8,"PLSc",6709,2044612,200,"Alt.Ext","5",2,TRUE,3.14999999999418
"5636","Y=~y1",0.759705532427719,0.0764605656759539,0.8,"PLSc",6709,2044612,200,"Alt.Ext","5",2,TRUE,3.14999999999418
"5637","Y=~y2",0.722995136225454,0.0874500758126323,0.8,"PLSc",6709,2044612,200,"Alt.Ext","5",2,TRUE,3.14999999999418
"5638","Y=~y3",0.617828765189876,0.0797520340801434,0.8,"PLSc",6709,2044612,200,"Alt.Ext","5",2,TRUE,3.14999999999418
"5639","Y~X",0.406127548854407,0.0829846715743105,0.4,"PLSc",6709,2044612,200,"Alt.Ext","5",2,TRUE,3.14999999999418
"5640","Y~Z",0.473390408355893,0.0809054336465164,0.5,"PLSc",6709,2044612,200,"Alt.Ext","5",2,TRUE,3.14999999999418
"5641","Y~X:Z",0.211603780975793,0.0799293921129913,0.3,"PLSc",6709,2044612,200,"Alt.Ext","5",2,TRUE,3.14999999999418
"5642","X~~Z",0.272090893880315,0.0935024969340939,0.2,"PLSc",6709,2044612,200,"Alt.Ext","5",2,TRUE,3.14999999999418
"5643","X=~x1",0.824376503314269,0.0348171391186254,0.8,"PLS",6709,2044612,200,"Alt.Ext","5",2,TRUE,1.96000000002095
"5644","X=~x2",0.823840865988332,0.0378149870579223,0.8,"PLS",6709,2044612,200,"Alt.Ext","5",2,TRUE,1.96000000002095
"5645","X=~x3",0.886433007332718,0.0220442794494522,0.8,"PLS",6709,2044612,200,"Alt.Ext","5",2,TRUE,1.96000000002095
"5646","Z=~z1",0.855874171459401,0.0268032963582356,0.8,"PLS",6709,2044612,200,"Alt.Ext","5",2,TRUE,1.96000000002095
"5647","Z=~z2",0.8804815910119,0.0216468920943829,0.8,"PLS",6709,2044612,200,"Alt.Ext","5",2,TRUE,1.96000000002095
"5648","Z=~z3",0.855077070582212,0.0288717137505965,0.8,"PLS",6709,2044612,200,"Alt.Ext","5",2,TRUE,1.96000000002095
"5649","Y=~y1",0.819731563094675,0.0353809501565983,0.8,"PLS",6709,2044612,200,"Alt.Ext","5",2,TRUE,1.96000000002095
"5650","Y=~y2",0.819334204063748,0.0365608316403123,0.8,"PLS",6709,2044612,200,"Alt.Ext","5",2,TRUE,1.96000000002095
"5651","Y=~y3",0.801238667188085,0.040029055863859,0.8,"PLS",6709,2044612,200,"Alt.Ext","5",2,TRUE,1.96000000002095
"5652","Y~X",0.31361212364064,0.0604591167821683,0.4,"PLS",6709,2044612,200,"Alt.Ext","5",2,TRUE,1.96000000002095
"5653","Y~Z",0.378746576282631,0.0604656721307644,0.5,"PLS",6709,2044612,200,"Alt.Ext","5",2,TRUE,1.96000000002095
"5654","Y~X:Z",0.137627890213384,0.059174993269211,0.3,"PLS",6709,2044612,200,"Alt.Ext","5",2,TRUE,1.96000000002095
"5655","X~~Z",0.225052584430987,0.0787376357082905,0.2,"PLS",6709,2044612,200,"Alt.Ext","5",2,TRUE,1.96000000002095
"5656","X=~x1",0.756,0.055,0.8,"Mplus",6709,2044612,200,"Alt.Ext","5",2,TRUE,139.890000000014
"5657","X=~x2",0.713,0.057,0.8,"Mplus",6709,2044612,200,"Alt.Ext","5",2,TRUE,139.890000000014
"5658","X=~x3",0.928,0.043,0.8,"Mplus",6709,2044612,200,"Alt.Ext","5",2,TRUE,139.890000000014
"5659","Z=~z1",0.811,0.045,0.8,"Mplus",6709,2044612,200,"Alt.Ext","5",2,TRUE,139.890000000014
"5660","Z=~z2",0.852,0.042,0.8,"Mplus",6709,2044612,200,"Alt.Ext","5",2,TRUE,139.890000000014
"5661","Z=~z3",0.838,0.042,0.8,"Mplus",6709,2044612,200,"Alt.Ext","5",2,TRUE,139.890000000014
"5662","Y=~y1",0.766,0.059,0.8,"Mplus",6709,2044612,200,"Alt.Ext","5",2,TRUE,139.890000000014
"5663","Y=~y2",0.819,0.054,0.8,"Mplus",6709,2044612,200,"Alt.Ext","5",2,TRUE,139.890000000014
"5664","Y=~y3",0.796,0.055,0.8,"Mplus",6709,2044612,200,"Alt.Ext","5",2,TRUE,139.890000000014
"5665","Y~X",0.407,0.074,0.4,"Mplus",6709,2044612,200,"Alt.Ext","5",2,TRUE,139.890000000014
"5666","Y~Z",0.464,0.072,0.5,"Mplus",6709,2044612,200,"Alt.Ext","5",2,TRUE,139.890000000014
"5667","Y~X:Z",0.295,0.08,0.3,"Mplus",6709,2044612,200,"Alt.Ext","5",2,TRUE,139.890000000014
"5668","X~~Z",0.348,0.083,0.2,"Mplus",6709,2044612,200,"Alt.Ext","5",2,TRUE,139.890000000014
"5669","X=~x1",0.508429862627947,0.267308028259464,0.5,"MC-OrdPLSc",6710,2655866,200,"Alt.Ext","5",3,TRUE,25.2200000000012
"5670","X=~x2",0.649313866507438,0.258797547427082,0.5,"MC-OrdPLSc",6710,2655866,200,"Alt.Ext","5",3,TRUE,25.2200000000012
"5671","X=~x3",0.481063230081281,0.221605789536934,0.5,"MC-OrdPLSc",6710,2655866,200,"Alt.Ext","5",3,TRUE,25.2200000000012
"5672","Z=~z1",0.655314556357389,1.1242494053788,0.5,"MC-OrdPLSc",6710,2655866,200,"Alt.Ext","5",3,TRUE,25.2200000000012
"5673","Z=~z2",0.471415933836433,0.719633806362976,0.5,"MC-OrdPLSc",6710,2655866,200,"Alt.Ext","5",3,TRUE,25.2200000000012
"5674","Z=~z3",0.348493924790801,0.488464693950726,0.5,"MC-OrdPLSc",6710,2655866,200,"Alt.Ext","5",3,TRUE,25.2200000000012
"5675","Y=~y1",0.274382007727068,0.176061062075743,0.5,"MC-OrdPLSc",6710,2655866,200,"Alt.Ext","5",3,TRUE,25.2200000000012
"5676","Y=~y2",0.879640809706967,0.651869780327379,0.5,"MC-OrdPLSc",6710,2655866,200,"Alt.Ext","5",3,TRUE,25.2200000000012
"5677","Y=~y3",0.353356872176881,0.187234965509992,0.5,"MC-OrdPLSc",6710,2655866,200,"Alt.Ext","5",3,TRUE,25.2200000000012
"5678","Y~X",0.579352096591553,0.353764486222699,0.4,"MC-OrdPLSc",6710,2655866,200,"Alt.Ext","5",3,TRUE,25.2200000000012
"5679","Y~Z",0.183956589263361,0.316972383263328,0.5,"MC-OrdPLSc",6710,2655866,200,"Alt.Ext","5",3,TRUE,25.2200000000012
"5680","Y~X:Z",0.366245855009208,0.475150186387745,0.3,"MC-OrdPLSc",6710,2655866,200,"Alt.Ext","5",3,TRUE,25.2200000000012
"5681","X~~Z",0.183559907797118,0.266483439718006,0.2,"MC-OrdPLSc",6710,2655866,200,"Alt.Ext","5",3,TRUE,25.2200000000012
"5682","X=~x1",0.472049817510724,0.240695888520846,0.5,"PLSc",6710,2655866,200,"Alt.Ext","5",3,FALSE,5.74000000001979
"5683","X=~x2",0.510196829672447,0.227934334123225,0.5,"PLSc",6710,2655866,200,"Alt.Ext","5",3,FALSE,5.74000000001979
"5684","X=~x3",0.612160682787365,0.206926832787055,0.5,"PLSc",6710,2655866,200,"Alt.Ext","5",3,FALSE,5.74000000001979
"5685","Z=~z1",0.783695905983631,0.349420136558227,0.5,"PLSc",6710,2655866,200,"Alt.Ext","5",3,FALSE,5.74000000001979
"5686","Z=~z2",-0.451653502074588,0.463848542494813,0.5,"PLSc",6710,2655866,200,"Alt.Ext","5",3,FALSE,5.74000000001979
"5687","Z=~z3",0.285922698147913,0.334622587709712,0.5,"PLSc",6710,2655866,200,"Alt.Ext","5",3,FALSE,5.74000000001979
"5688","Y=~y1",0.540979659580896,0.215616139181828,0.5,"PLSc",6710,2655866,200,"Alt.Ext","5",3,FALSE,5.74000000001979
"5689","Y=~y2",0.324606842073555,0.25094080605911,0.5,"PLSc",6710,2655866,200,"Alt.Ext","5",3,FALSE,5.74000000001979
"5690","Y=~y3",0.29085758897594,0.210254710213978,0.5,"PLSc",6710,2655866,200,"Alt.Ext","5",3,FALSE,5.74000000001979
"5691","Y~X",0.45464391145889,2.5304908920728,0.4,"PLSc",6710,2655866,200,"Alt.Ext","5",3,FALSE,5.74000000001979
"5692","Y~Z",-0.146780810449914,2.55613937822623,0.5,"PLSc",6710,2655866,200,"Alt.Ext","5",3,FALSE,5.74000000001979
"5693","Y~X:Z",-0.223165712900867,1.83825173295351,0.3,"PLSc",6710,2655866,200,"Alt.Ext","5",3,FALSE,5.74000000001979
"5694","X~~Z",-0.0931651332871006,0.265125640993374,0.2,"PLSc",6710,2655866,200,"Alt.Ext","5",3,FALSE,5.74000000001979
"5695","X=~x1",0.686589671560976,0.196590573315678,0.5,"PLS",6710,2655866,200,"Alt.Ext","5",3,TRUE,4.04999999998836
"5696","X=~x2",0.710201264830602,0.201784171242754,0.5,"PLS",6710,2655866,200,"Alt.Ext","5",3,TRUE,4.04999999998836
"5697","X=~x3",0.766788503564581,0.160789352213714,0.5,"PLS",6710,2655866,200,"Alt.Ext","5",3,TRUE,4.04999999998836
"5698","Z=~z1",0.837100273424701,0.473318699809836,0.5,"PLS",6710,2655866,200,"Alt.Ext","5",3,TRUE,4.04999999998836
"5699","Z=~z2",-0.228374089155119,0.575568205506265,0.5,"PLS",6710,2655866,200,"Alt.Ext","5",3,TRUE,4.04999999998836
"5700","Z=~z3",0.492244704211618,0.461622564122714,0.5,"PLS",6710,2655866,200,"Alt.Ext","5",3,TRUE,4.04999999998836
"5701","Y=~y1",0.805406737189277,0.195778679929746,0.5,"PLS",6710,2655866,200,"Alt.Ext","5",3,TRUE,4.04999999998836
"5702","Y=~y2",0.609352555251056,0.286130601477283,0.5,"PLS",6710,2655866,200,"Alt.Ext","5",3,TRUE,4.04999999998836
"5703","Y=~y3",0.510798401900232,0.260588078984062,0.5,"PLS",6710,2655866,200,"Alt.Ext","5",3,TRUE,4.04999999998836
"5704","Y~X",0.205278374930043,0.0655402962363297,0.4,"PLS",6710,2655866,200,"Alt.Ext","5",3,TRUE,4.04999999998836
"5705","Y~Z",-0.10344209930643,0.0890970103892865,0.5,"PLS",6710,2655866,200,"Alt.Ext","5",3,TRUE,4.04999999998836
"5706","Y~X:Z",-0.0969091737617773,0.0842072514198556,0.3,"PLS",6710,2655866,200,"Alt.Ext","5",3,TRUE,4.04999999998836
"5707","X~~Z",-0.06914753053457,0.0790569406894163,0.2,"PLS",6710,2655866,200,"Alt.Ext","5",3,TRUE,4.04999999998836
"5708","X=~x1",0.537,0.113,0.5,"Mplus",6710,2655866,200,"Alt.Ext","5",3,TRUE,169.489999999991
"5709","X=~x2",0.495,0.105,0.5,"Mplus",6710,2655866,200,"Alt.Ext","5",3,TRUE,169.489999999991
"5710","X=~x3",0.599,0.12,0.5,"Mplus",6710,2655866,200,"Alt.Ext","5",3,TRUE,169.489999999991
"5711","Z=~z1",0.747,0.198,0.5,"Mplus",6710,2655866,200,"Alt.Ext","5",3,TRUE,169.489999999991
"5712","Z=~z2",0.386,0.122,0.5,"Mplus",6710,2655866,200,"Alt.Ext","5",3,TRUE,169.489999999991
"5713","Z=~z3",0.415,0.132,0.5,"Mplus",6710,2655866,200,"Alt.Ext","5",3,TRUE,169.489999999991
"5714","Y=~y1",0.467,0.132,0.5,"Mplus",6710,2655866,200,"Alt.Ext","5",3,TRUE,169.489999999991
"5715","Y=~y2",0.506,0.152,0.5,"Mplus",6710,2655866,200,"Alt.Ext","5",3,TRUE,169.489999999991
"5716","Y=~y3",0.295,0.123,0.5,"Mplus",6710,2655866,200,"Alt.Ext","5",3,TRUE,169.489999999991
"5717","Y~X",0.482,0.164,0.4,"Mplus",6710,2655866,200,"Alt.Ext","5",3,TRUE,169.489999999991
"5718","Y~Z",-0.171,0.161,0.5,"Mplus",6710,2655866,200,"Alt.Ext","5",3,TRUE,169.489999999991
"5719","Y~X:Z",-0.133,0.207,0.3,"Mplus",6710,2655866,200,"Alt.Ext","5",3,TRUE,169.489999999991
"5720","X~~Z",0.025,0.146,0.2,"Mplus",6710,2655866,200,"Alt.Ext","5",3,TRUE,169.489999999991
"5721","X=~x1",0.703836843530238,0.0501277447435575,0.8,"MC-OrdPLSc",6711,5540497,500,"Alt.Ext","5",2,TRUE,22.7300000000032
"5722","X=~x2",0.841102068615496,0.0457537401998712,0.8,"MC-OrdPLSc",6711,5540497,500,"Alt.Ext","5",2,TRUE,22.7300000000032
"5723","X=~x3",0.83052450091507,0.043619935835633,0.8,"MC-OrdPLSc",6711,5540497,500,"Alt.Ext","5",2,TRUE,22.7300000000032
"5724","Z=~z1",0.836169628168174,0.0303176703022634,0.8,"MC-OrdPLSc",6711,5540497,500,"Alt.Ext","5",2,TRUE,22.7300000000032
"5725","Z=~z2",0.818619607483285,0.0332482073377227,0.8,"MC-OrdPLSc",6711,5540497,500,"Alt.Ext","5",2,TRUE,22.7300000000032
"5726","Z=~z3",0.819352410901486,0.0327902016904726,0.8,"MC-OrdPLSc",6711,5540497,500,"Alt.Ext","5",2,TRUE,22.7300000000032
"5727","Y=~y1",0.809646506329498,0.0345914288952555,0.8,"MC-OrdPLSc",6711,5540497,500,"Alt.Ext","5",2,TRUE,22.7300000000032
"5728","Y=~y2",0.815034220788009,0.0365465521662919,0.8,"MC-OrdPLSc",6711,5540497,500,"Alt.Ext","5",2,TRUE,22.7300000000032
"5729","Y=~y3",0.787601578252395,0.0368359914566202,0.8,"MC-OrdPLSc",6711,5540497,500,"Alt.Ext","5",2,TRUE,22.7300000000032
"5730","Y~X",0.406990965375503,0.0438344983710285,0.4,"MC-OrdPLSc",6711,5540497,500,"Alt.Ext","5",2,TRUE,22.7300000000032
"5731","Y~Z",0.517526705926062,0.0418694180475679,0.5,"MC-OrdPLSc",6711,5540497,500,"Alt.Ext","5",2,TRUE,22.7300000000032
"5732","Y~X:Z",0.314506564265007,0.060611508757305,0.3,"MC-OrdPLSc",6711,5540497,500,"Alt.Ext","5",2,TRUE,22.7300000000032
"5733","X~~Z",0.121404838614914,0.0627405157421196,0.2,"MC-OrdPLSc",6711,5540497,500,"Alt.Ext","5",2,TRUE,22.7300000000032
"5734","X=~x1",0.691807641206288,0.0668124608714347,0.8,"PLSc",6711,5540497,500,"Alt.Ext","5",2,TRUE,4.45000000001164
"5735","X=~x2",0.726411647860307,0.0615080573754457,0.8,"PLSc",6711,5540497,500,"Alt.Ext","5",2,TRUE,4.45000000001164
"5736","X=~x3",0.825426002007664,0.0620534878631262,0.8,"PLSc",6711,5540497,500,"Alt.Ext","5",2,TRUE,4.45000000001164
"5737","Z=~z1",0.734248263183521,0.0516828561078735,0.8,"PLSc",6711,5540497,500,"Alt.Ext","5",2,TRUE,4.45000000001164
"5738","Z=~z2",0.810694579133114,0.0504085242943796,0.8,"PLSc",6711,5540497,500,"Alt.Ext","5",2,TRUE,4.45000000001164
"5739","Z=~z3",0.672857959848752,0.0556624279041106,0.8,"PLSc",6711,5540497,500,"Alt.Ext","5",2,TRUE,4.45000000001164
"5740","Y=~y1",0.61210241568739,0.0506085806815967,0.8,"PLSc",6711,5540497,500,"Alt.Ext","5",2,TRUE,4.45000000001164
"5741","Y=~y2",0.835575082378853,0.0430947155387082,0.8,"PLSc",6711,5540497,500,"Alt.Ext","5",2,TRUE,4.45000000001164
"5742","Y=~y3",0.579984044964158,0.052904398550194,0.8,"PLSc",6711,5540497,500,"Alt.Ext","5",2,TRUE,4.45000000001164
"5743","Y~X",0.403196875839068,0.0556259916842884,0.4,"PLSc",6711,5540497,500,"Alt.Ext","5",2,TRUE,4.45000000001164
"5744","Y~Z",0.547184896430415,0.0531876615636539,0.5,"PLSc",6711,5540497,500,"Alt.Ext","5",2,TRUE,4.45000000001164
"5745","Y~X:Z",0.306839909050964,0.0571430617153131,0.3,"PLSc",6711,5540497,500,"Alt.Ext","5",2,TRUE,4.45000000001164
"5746","X~~Z",0.226765708980781,0.053299276644281,0.2,"PLSc",6711,5540497,500,"Alt.Ext","5",2,TRUE,4.45000000001164
"5747","X=~x1",0.828857433646056,0.0234227731476501,0.8,"PLS",6711,5540497,500,"Alt.Ext","5",2,TRUE,1.85999999998603
"5748","X=~x2",0.829483773525167,0.0210337325300364,0.8,"PLS",6711,5540497,500,"Alt.Ext","5",2,TRUE,1.85999999998603
"5749","X=~x3",0.862427413201932,0.0179733145407185,0.8,"PLS",6711,5540497,500,"Alt.Ext","5",2,TRUE,1.85999999998603
"5750","Z=~z1",0.832385198310026,0.0192040186508715,0.8,"PLS",6711,5540497,500,"Alt.Ext","5",2,TRUE,1.85999999998603
"5751","Z=~z2",0.856313102661626,0.017354093295111,0.8,"PLS",6711,5540497,500,"Alt.Ext","5",2,TRUE,1.85999999998603
"5752","Z=~z3",0.816823073643035,0.0223945551002779,0.8,"PLS",6711,5540497,500,"Alt.Ext","5",2,TRUE,1.85999999998603
"5753","Y=~y1",0.769557903109309,0.0262392735587202,0.8,"PLS",6711,5540497,500,"Alt.Ext","5",2,TRUE,1.85999999998603
"5754","Y=~y2",0.855546242767315,0.0155082609182466,0.8,"PLS",6711,5540497,500,"Alt.Ext","5",2,TRUE,1.85999999998603
"5755","Y=~y3",0.764240930748368,0.0302928211740709,0.8,"PLS",6711,5540497,500,"Alt.Ext","5",2,TRUE,1.85999999998603
"5756","Y~X",0.30925786001721,0.0383754090819195,0.4,"PLS",6711,5540497,500,"Alt.Ext","5",2,TRUE,1.85999999998603
"5757","Y~Z",0.425374491769261,0.0380672476443695,0.5,"PLS",6711,5540497,500,"Alt.Ext","5",2,TRUE,1.85999999998603
"5758","Y~X:Z",0.199520445168465,0.0381469103519993,0.3,"PLS",6711,5540497,500,"Alt.Ext","5",2,TRUE,1.85999999998603
"5759","X~~Z",0.180212771648567,0.0426176677784854,0.2,"PLS",6711,5540497,500,"Alt.Ext","5",2,TRUE,1.85999999998603
"5760","X=~x1",0.788,0.033,0.8,"Mplus",6711,5540497,500,"Alt.Ext","5",2,TRUE,229.580000000016
"5761","X=~x2",0.776,0.034,0.8,"Mplus",6711,5540497,500,"Alt.Ext","5",2,TRUE,229.580000000016
"5762","X=~x3",0.815,0.032,0.8,"Mplus",6711,5540497,500,"Alt.Ext","5",2,TRUE,229.580000000016
"5763","Z=~z1",0.774,0.034,0.8,"Mplus",6711,5540497,500,"Alt.Ext","5",2,TRUE,229.580000000016
"5764","Z=~z2",0.824,0.031,0.8,"Mplus",6711,5540497,500,"Alt.Ext","5",2,TRUE,229.580000000016
"5765","Z=~z3",0.756,0.035,0.8,"Mplus",6711,5540497,500,"Alt.Ext","5",2,TRUE,229.580000000016
"5766","Y=~y1",0.738,0.039,0.8,"Mplus",6711,5540497,500,"Alt.Ext","5",2,TRUE,229.580000000016
"5767","Y=~y2",0.889,0.028,0.8,"Mplus",6711,5540497,500,"Alt.Ext","5",2,TRUE,229.580000000016
"5768","Y=~y3",0.731,0.04,0.8,"Mplus",6711,5540497,500,"Alt.Ext","5",2,TRUE,229.580000000016
"5769","Y~X",0.424,0.043,0.4,"Mplus",6711,5540497,500,"Alt.Ext","5",2,TRUE,229.580000000016
"5770","Y~Z",0.551,0.04,0.5,"Mplus",6711,5540497,500,"Alt.Ext","5",2,TRUE,229.580000000016
"5771","Y~X:Z",0.368,0.046,0.3,"Mplus",6711,5540497,500,"Alt.Ext","5",2,TRUE,229.580000000016
"5772","X~~Z",0.269,0.058,0.2,"Mplus",6711,5540497,500,"Alt.Ext","5",2,TRUE,229.580000000016
"5773","X=~x1",0.387350779419645,0.294947299777907,0.5,"MC-OrdPLSc",6712,8796502,500,"Alt.Ext","5",3,TRUE,25.75
"5774","X=~x2",0.799772329340804,1.52468136697307,0.5,"MC-OrdPLSc",6712,8796502,500,"Alt.Ext","5",3,TRUE,25.75
"5775","X=~x3",0.369046067194266,0.407891327623324,0.5,"MC-OrdPLSc",6712,8796502,500,"Alt.Ext","5",3,TRUE,25.75
"5776","Z=~z1",0.438563406750603,0.180925874511268,0.5,"MC-OrdPLSc",6712,8796502,500,"Alt.Ext","5",3,TRUE,25.75
"5777","Z=~z2",0.53706308498061,0.230654592960913,0.5,"MC-OrdPLSc",6712,8796502,500,"Alt.Ext","5",3,TRUE,25.75
"5778","Z=~z3",0.570975722381707,0.212477736624883,0.5,"MC-OrdPLSc",6712,8796502,500,"Alt.Ext","5",3,TRUE,25.75
"5779","Y=~y1",0.409182583127385,0.163072436831943,0.5,"MC-OrdPLSc",6712,8796502,500,"Alt.Ext","5",3,TRUE,25.75
"5780","Y=~y2",0.583242398995783,0.216633296259198,0.5,"MC-OrdPLSc",6712,8796502,500,"Alt.Ext","5",3,TRUE,25.75
"5781","Y=~y3",0.481310152867339,0.172642856705069,0.5,"MC-OrdPLSc",6712,8796502,500,"Alt.Ext","5",3,TRUE,25.75
"5782","Y~X",0.172157552264785,0.12691616640885,0.4,"MC-OrdPLSc",6712,8796502,500,"Alt.Ext","5",3,TRUE,25.75
"5783","Y~Z",0.461508344680175,0.184190203238922,0.5,"MC-OrdPLSc",6712,8796502,500,"Alt.Ext","5",3,TRUE,25.75
"5784","Y~X:Z",0.114608811871049,0.189823789489961,0.3,"MC-OrdPLSc",6712,8796502,500,"Alt.Ext","5",3,TRUE,25.75
"5785","X~~Z",0.158107149245534,0.135091873982055,0.2,"MC-OrdPLSc",6712,8796502,500,"Alt.Ext","5",3,TRUE,25.75
"5786","X=~x1",0.565585152545862,0.180223082640874,0.5,"PLSc",6712,8796502,500,"Alt.Ext","5",3,TRUE,5.35999999998603
"5787","X=~x2",0.476146880291139,0.218693488229204,0.5,"PLSc",6712,8796502,500,"Alt.Ext","5",3,TRUE,5.35999999998603
"5788","X=~x3",0.183130901539841,0.201453474504751,0.5,"PLSc",6712,8796502,500,"Alt.Ext","5",3,TRUE,5.35999999998603
"5789","Z=~z1",0.483260316795189,0.108381525436058,0.5,"PLSc",6712,8796502,500,"Alt.Ext","5",3,TRUE,5.35999999998603
"5790","Z=~z2",0.517093965882337,0.115533342663769,0.5,"PLSc",6712,8796502,500,"Alt.Ext","5",3,TRUE,5.35999999998603
"5791","Z=~z3",0.314775506520513,0.109756819910655,0.5,"PLSc",6712,8796502,500,"Alt.Ext","5",3,TRUE,5.35999999998603
"5792","Y=~y1",0.452669458799219,0.103407467613694,0.5,"PLSc",6712,8796502,500,"Alt.Ext","5",3,TRUE,5.35999999998603
"5793","Y=~y2",0.260669769800462,0.100148447352327,0.5,"PLSc",6712,8796502,500,"Alt.Ext","5",3,TRUE,5.35999999998603
"5794","Y=~y3",0.453106342697221,0.0968679734147144,0.5,"PLSc",6712,8796502,500,"Alt.Ext","5",3,TRUE,5.35999999998603
"5795","Y~X",0.368955809472701,2.80064017074049,0.4,"PLSc",6712,8796502,500,"Alt.Ext","5",3,TRUE,5.35999999998603
"5796","Y~Z",0.535350996313288,4.14585566390973,0.5,"PLSc",6712,8796502,500,"Alt.Ext","5",3,TRUE,5.35999999998603
"5797","Y~X:Z",0.439672253706431,4.95260565866859,0.3,"PLSc",6712,8796502,500,"Alt.Ext","5",3,TRUE,5.35999999998603
"5798","X~~Z",0.152589310598386,0.24607367986755,0.2,"PLSc",6712,8796502,500,"Alt.Ext","5",3,TRUE,5.35999999998603
"5799","X=~x1",0.794140053328282,0.1520120504646,0.5,"PLS",6712,8796502,500,"Alt.Ext","5",3,TRUE,2.77999999999884
"5800","X=~x2",0.721099420115587,0.220497493346868,0.5,"PLS",6712,8796502,500,"Alt.Ext","5",3,TRUE,2.77999999999884
"5801","X=~x3",0.438683105557853,0.22294668638326,0.5,"PLS",6712,8796502,500,"Alt.Ext","5",3,TRUE,2.77999999999884
"5802","Z=~z1",0.72611773019724,0.0917602655224702,0.5,"PLS",6712,8796502,500,"Alt.Ext","5",3,TRUE,2.77999999999884
"5803","Z=~z2",0.737082523020305,0.0971734834056978,0.5,"PLS",6712,8796502,500,"Alt.Ext","5",3,TRUE,2.77999999999884
"5804","Z=~z3",0.558469475610401,0.106336802032719,0.5,"PLS",6712,8796502,500,"Alt.Ext","5",3,TRUE,2.77999999999884
"5805","Y=~y1",0.72194601095151,0.0966945478006262,0.5,"PLS",6712,8796502,500,"Alt.Ext","5",3,TRUE,2.77999999999884
"5806","Y=~y2",0.503150349208551,0.11837208983618,0.5,"PLS",6712,8796502,500,"Alt.Ext","5",3,TRUE,2.77999999999884
"5807","Y=~y3",0.724337522281273,0.100459805089375,0.5,"PLS",6712,8796502,500,"Alt.Ext","5",3,TRUE,2.77999999999884
"5808","Y~X",0.124101049904616,0.046236890213408,0.4,"PLS",6712,8796502,500,"Alt.Ext","5",3,TRUE,2.77999999999884
"5809","Y~Z",0.220038520192494,0.0421668187039258,0.5,"PLS",6712,8796502,500,"Alt.Ext","5",3,TRUE,2.77999999999884
"5810","Y~X:Z",0.125828737533821,0.0535558143370588,0.3,"PLS",6712,8796502,500,"Alt.Ext","5",3,TRUE,2.77999999999884
"5811","X~~Z",0.06703054186039,0.0486958176836372,0.2,"PLS",6712,8796502,500,"Alt.Ext","5",3,TRUE,2.77999999999884
"5812","X=~x1",0.411,0.077,0.5,"Mplus",6712,8796502,500,"Alt.Ext","5",3,TRUE,311.880000000005
"5813","X=~x2",0.584,0.093,0.5,"Mplus",6712,8796502,500,"Alt.Ext","5",3,TRUE,311.880000000005
"5814","X=~x3",0.387,0.071,0.5,"Mplus",6712,8796502,500,"Alt.Ext","5",3,TRUE,311.880000000005
"5815","Z=~z1",0.541,0.078,0.5,"Mplus",6712,8796502,500,"Alt.Ext","5",3,TRUE,311.880000000005
"5816","Z=~z2",0.394,0.069,0.5,"Mplus",6712,8796502,500,"Alt.Ext","5",3,TRUE,311.880000000005
"5817","Z=~z3",0.457,0.073,0.5,"Mplus",6712,8796502,500,"Alt.Ext","5",3,TRUE,311.880000000005
"5818","Y=~y1",0.534,0.087,0.5,"Mplus",6712,8796502,500,"Alt.Ext","5",3,TRUE,311.880000000005
"5819","Y=~y2",0.44,0.08,0.5,"Mplus",6712,8796502,500,"Alt.Ext","5",3,TRUE,311.880000000005
"5820","Y=~y3",0.508,0.084,0.5,"Mplus",6712,8796502,500,"Alt.Ext","5",3,TRUE,311.880000000005
"5821","Y~X",0.295,0.101,0.4,"Mplus",6712,8796502,500,"Alt.Ext","5",3,TRUE,311.880000000005
"5822","Y~Z",0.505,0.091,0.5,"Mplus",6712,8796502,500,"Alt.Ext","5",3,TRUE,311.880000000005
"5823","Y~X:Z",0.598,0.129,0.3,"Mplus",6712,8796502,500,"Alt.Ext","5",3,TRUE,311.880000000005
"5824","X~~Z",0.184,0.098,0.2,"Mplus",6712,8796502,500,"Alt.Ext","5",3,TRUE,311.880000000005
"5825","X=~x1",0.798385267907034,0.0275207484075988,0.8,"MC-OrdPLSc",6713,697145,1000,"Alt.Ext","5",2,TRUE,26.2000000000044
"5826","X=~x2",0.824793275171613,0.0258166875432884,0.8,"MC-OrdPLSc",6713,697145,1000,"Alt.Ext","5",2,TRUE,26.2000000000044
"5827","X=~x3",0.781565563952496,0.0259424886342455,0.8,"MC-OrdPLSc",6713,697145,1000,"Alt.Ext","5",2,TRUE,26.2000000000044
"5828","Z=~z1",0.757143939361714,0.0258749402970667,0.8,"MC-OrdPLSc",6713,697145,1000,"Alt.Ext","5",2,TRUE,26.2000000000044
"5829","Z=~z2",0.837898329132276,0.0232390336361891,0.8,"MC-OrdPLSc",6713,697145,1000,"Alt.Ext","5",2,TRUE,26.2000000000044
"5830","Z=~z3",0.780920837422617,0.0244015832446615,0.8,"MC-OrdPLSc",6713,697145,1000,"Alt.Ext","5",2,TRUE,26.2000000000044
"5831","Y=~y1",0.782978314558384,0.0270720509135552,0.8,"MC-OrdPLSc",6713,697145,1000,"Alt.Ext","5",2,TRUE,26.2000000000044
"5832","Y=~y2",0.797538655568228,0.0272003653560499,0.8,"MC-OrdPLSc",6713,697145,1000,"Alt.Ext","5",2,TRUE,26.2000000000044
"5833","Y=~y3",0.809552170390861,0.0286658751013505,0.8,"MC-OrdPLSc",6713,697145,1000,"Alt.Ext","5",2,TRUE,26.2000000000044
"5834","Y~X",0.448498204832134,0.0314711049103244,0.4,"MC-OrdPLSc",6713,697145,1000,"Alt.Ext","5",2,TRUE,26.2000000000044
"5835","Y~Z",0.472903282849251,0.0339263478804621,0.5,"MC-OrdPLSc",6713,697145,1000,"Alt.Ext","5",2,TRUE,26.2000000000044
"5836","Y~X:Z",0.35652885527577,0.0363879009922407,0.3,"MC-OrdPLSc",6713,697145,1000,"Alt.Ext","5",2,TRUE,26.2000000000044
"5837","X~~Z",0.25624184686991,0.0435072641910276,0.2,"MC-OrdPLSc",6713,697145,1000,"Alt.Ext","5",2,TRUE,26.2000000000044
"5838","X=~x1",0.819820963995158,0.0348847666162161,0.8,"PLSc",6713,697145,1000,"Alt.Ext","5",2,TRUE,6.64000000001397
"5839","X=~x2",0.769400657372546,0.0397497143375182,0.8,"PLSc",6713,697145,1000,"Alt.Ext","5",2,TRUE,6.64000000001397
"5840","X=~x3",0.652336359554983,0.0462710920078281,0.8,"PLSc",6713,697145,1000,"Alt.Ext","5",2,TRUE,6.64000000001397
"5841","Z=~z1",0.756266414636583,0.0380984854774904,0.8,"PLSc",6713,697145,1000,"Alt.Ext","5",2,TRUE,6.64000000001397
"5842","Z=~z2",0.720955432199537,0.0386014424324621,0.8,"PLSc",6713,697145,1000,"Alt.Ext","5",2,TRUE,6.64000000001397
"5843","Z=~z3",0.737307749566187,0.0369273684194045,0.8,"PLSc",6713,697145,1000,"Alt.Ext","5",2,TRUE,6.64000000001397
"5844","Y=~y1",0.655946759648262,0.0301704472309349,0.8,"PLSc",6713,697145,1000,"Alt.Ext","5",2,TRUE,6.64000000001397
"5845","Y=~y2",0.716001863329301,0.0307980414244103,0.8,"PLSc",6713,697145,1000,"Alt.Ext","5",2,TRUE,6.64000000001397
"5846","Y=~y3",0.68769931830627,0.0276541019887314,0.8,"PLSc",6713,697145,1000,"Alt.Ext","5",2,TRUE,6.64000000001397
"5847","Y~X",0.461083827386278,0.0358291371542477,0.4,"PLSc",6713,697145,1000,"Alt.Ext","5",2,TRUE,6.64000000001397
"5848","Y~Z",0.502493842163248,0.04013875313613,0.5,"PLSc",6713,697145,1000,"Alt.Ext","5",2,TRUE,6.64000000001397
"5849","Y~X:Z",0.185874521761423,0.039629030753193,0.3,"PLSc",6713,697145,1000,"Alt.Ext","5",2,TRUE,6.64000000001397
"5850","X~~Z",0.200154253284589,0.0425357209326443,0.2,"PLSc",6713,697145,1000,"Alt.Ext","5",2,TRUE,6.64000000001397
"5851","X=~x1",0.872020325070189,0.0103263247354401,0.8,"PLS",6713,697145,1000,"Alt.Ext","5",2,TRUE,1.72999999998137
"5852","X=~x2",0.838643620629115,0.0140087936727516,0.8,"PLS",6713,697145,1000,"Alt.Ext","5",2,TRUE,1.72999999998137
"5853","X=~x3",0.807810643266738,0.0179637565078229,0.8,"PLS",6713,697145,1000,"Alt.Ext","5",2,TRUE,1.72999999998137
"5854","Z=~z1",0.84487820853219,0.0139198787184053,0.8,"PLS",6713,697145,1000,"Alt.Ext","5",2,TRUE,1.72999999998137
"5855","Z=~z2",0.832875852725461,0.0153523434491614,0.8,"PLS",6713,697145,1000,"Alt.Ext","5",2,TRUE,1.72999999998137
"5856","Z=~z3",0.826054340144732,0.0155253637612643,0.8,"PLS",6713,697145,1000,"Alt.Ext","5",2,TRUE,1.72999999998137
"5857","Y=~y1",0.777311405885005,0.0166473967807848,0.8,"PLS",6713,697145,1000,"Alt.Ext","5",2,TRUE,1.72999999998137
"5858","Y=~y2",0.825654408805406,0.0141182000058997,0.8,"PLS",6713,697145,1000,"Alt.Ext","5",2,TRUE,1.72999999998137
"5859","Y=~y3",0.809849146774942,0.0127861423456054,0.8,"PLS",6713,697145,1000,"Alt.Ext","5",2,TRUE,1.72999999998137
"5860","Y~X",0.356795490879393,0.0267746778806722,0.4,"PLS",6713,697145,1000,"Alt.Ext","5",2,TRUE,1.72999999998137
"5861","Y~Z",0.378319300431355,0.0296004395348573,0.5,"PLS",6713,697145,1000,"Alt.Ext","5",2,TRUE,1.72999999998137
"5862","Y~X:Z",0.104704338231588,0.0263397643976992,0.3,"PLS",6713,697145,1000,"Alt.Ext","5",2,TRUE,1.72999999998137
"5863","X~~Z",0.158544223766084,0.0340360117952738,0.2,"PLS",6713,697145,1000,"Alt.Ext","5",2,TRUE,1.72999999998137
"5864","X=~x1",0.859,0.021,0.8,"Mplus",6713,697145,1000,"Alt.Ext","5",2,TRUE,480.360000000015
"5865","X=~x2",0.766,0.024,0.8,"Mplus",6713,697145,1000,"Alt.Ext","5",2,TRUE,480.360000000015
"5866","X=~x3",0.761,0.024,0.8,"Mplus",6713,697145,1000,"Alt.Ext","5",2,TRUE,480.360000000015
"5867","Z=~z1",0.795,0.023,0.8,"Mplus",6713,697145,1000,"Alt.Ext","5",2,TRUE,480.360000000015
"5868","Z=~z2",0.801,0.023,0.8,"Mplus",6713,697145,1000,"Alt.Ext","5",2,TRUE,480.360000000015
"5869","Z=~z3",0.757,0.025,0.8,"Mplus",6713,697145,1000,"Alt.Ext","5",2,TRUE,480.360000000015
"5870","Y=~y1",0.727,0.028,0.8,"Mplus",6713,697145,1000,"Alt.Ext","5",2,TRUE,480.360000000015
"5871","Y=~y2",0.809,0.024,0.8,"Mplus",6713,697145,1000,"Alt.Ext","5",2,TRUE,480.360000000015
"5872","Y=~y3",0.773,0.026,0.8,"Mplus",6713,697145,1000,"Alt.Ext","5",2,TRUE,480.360000000015
"5873","Y~X",0.455,0.032,0.4,"Mplus",6713,697145,1000,"Alt.Ext","5",2,TRUE,480.360000000015
"5874","Y~Z",0.529,0.031,0.5,"Mplus",6713,697145,1000,"Alt.Ext","5",2,TRUE,480.360000000015
"5875","Y~X:Z",0.26,0.038,0.3,"Mplus",6713,697145,1000,"Alt.Ext","5",2,TRUE,480.360000000015
"5876","X~~Z",0.208,0.041,0.2,"Mplus",6713,697145,1000,"Alt.Ext","5",2,TRUE,480.360000000015
"5877","X=~x1",0.501203833427261,0.0914460914633906,0.5,"MC-OrdPLSc",6714,6239007,1000,"Alt.Ext","5",3,TRUE,30.4400000000023
"5878","X=~x2",0.535251121089451,0.0796408897057857,0.5,"MC-OrdPLSc",6714,6239007,1000,"Alt.Ext","5",3,TRUE,30.4400000000023
"5879","X=~x3",0.396678142967021,0.0825475804575069,0.5,"MC-OrdPLSc",6714,6239007,1000,"Alt.Ext","5",3,TRUE,30.4400000000023
"5880","Z=~z1",0.600775241053462,0.0627068023698226,0.5,"MC-OrdPLSc",6714,6239007,1000,"Alt.Ext","5",3,TRUE,30.4400000000023
"5881","Z=~z2",0.522615207884419,0.0730071766779181,0.5,"MC-OrdPLSc",6714,6239007,1000,"Alt.Ext","5",3,TRUE,30.4400000000023
"5882","Z=~z3",0.425163307191139,0.0579385506169414,0.5,"MC-OrdPLSc",6714,6239007,1000,"Alt.Ext","5",3,TRUE,30.4400000000023
"5883","Y=~y1",0.447817049763007,0.0553931839068128,0.5,"MC-OrdPLSc",6714,6239007,1000,"Alt.Ext","5",3,TRUE,30.4400000000023
"5884","Y=~y2",0.399273819970982,0.063134965049026,0.5,"MC-OrdPLSc",6714,6239007,1000,"Alt.Ext","5",3,TRUE,30.4400000000023
"5885","Y=~y3",0.523299540338,0.0572621983128093,0.5,"MC-OrdPLSc",6714,6239007,1000,"Alt.Ext","5",3,TRUE,30.4400000000023
"5886","Y~X",0.443691680139974,0.0851884276598526,0.4,"MC-OrdPLSc",6714,6239007,1000,"Alt.Ext","5",3,TRUE,30.4400000000023
"5887","Y~Z",0.588280803322181,0.0867146702229468,0.5,"MC-OrdPLSc",6714,6239007,1000,"Alt.Ext","5",3,TRUE,30.4400000000023
"5888","Y~X:Z",0.17139594663194,0.131011194043132,0.3,"MC-OrdPLSc",6714,6239007,1000,"Alt.Ext","5",3,TRUE,30.4400000000023
"5889","X~~Z",0.179716653881802,0.076111714823093,0.2,"MC-OrdPLSc",6714,6239007,1000,"Alt.Ext","5",3,TRUE,30.4400000000023
"5890","X=~x1",0.45895096396905,0.0694529463294502,0.5,"PLSc",6714,6239007,1000,"Alt.Ext","5",3,TRUE,7.22000000000116
"5891","X=~x2",0.482926161735206,0.0683126902761786,0.5,"PLSc",6714,6239007,1000,"Alt.Ext","5",3,TRUE,7.22000000000116
"5892","X=~x3",0.399447773264877,0.0663700496410706,0.5,"PLSc",6714,6239007,1000,"Alt.Ext","5",3,TRUE,7.22000000000116
"5893","Z=~z1",0.520056637756699,0.0790528909786732,0.5,"PLSc",6714,6239007,1000,"Alt.Ext","5",3,TRUE,7.22000000000116
"5894","Z=~z2",0.356268644545188,0.0809676570216731,0.5,"PLSc",6714,6239007,1000,"Alt.Ext","5",3,TRUE,7.22000000000116
"5895","Z=~z3",0.414369967177734,0.0798842698715844,0.5,"PLSc",6714,6239007,1000,"Alt.Ext","5",3,TRUE,7.22000000000116
"5896","Y=~y1",0.354930804094003,0.0578751414579161,0.5,"PLSc",6714,6239007,1000,"Alt.Ext","5",3,TRUE,7.22000000000116
"5897","Y=~y2",0.487627836318147,0.059204150627191,0.5,"PLSc",6714,6239007,1000,"Alt.Ext","5",3,TRUE,7.22000000000116
"5898","Y=~y3",0.436986738158844,0.0558566692391889,0.5,"PLSc",6714,6239007,1000,"Alt.Ext","5",3,TRUE,7.22000000000116
"5899","Y~X",0.618333759292421,0.120537495114881,0.4,"PLSc",6714,6239007,1000,"Alt.Ext","5",3,TRUE,7.22000000000116
"5900","Y~Z",0.444507667653857,0.104018363768843,0.5,"PLSc",6714,6239007,1000,"Alt.Ext","5",3,TRUE,7.22000000000116
"5901","Y~X:Z",0.284692697111486,0.200584636008153,0.3,"PLSc",6714,6239007,1000,"Alt.Ext","5",3,TRUE,7.22000000000116
"5902","X~~Z",0.161781870904666,0.0796113738934034,0.2,"PLSc",6714,6239007,1000,"Alt.Ext","5",3,TRUE,7.22000000000116
"5903","X=~x1",0.699695147340953,0.0588393094749961,0.5,"PLS",6714,6239007,1000,"Alt.Ext","5",3,TRUE,2.35000000000582
"5904","X=~x2",0.72092437385055,0.0549369987172269,0.5,"PLS",6714,6239007,1000,"Alt.Ext","5",3,TRUE,2.35000000000582
"5905","X=~x3",0.623449469764813,0.0651661138342012,0.5,"PLS",6714,6239007,1000,"Alt.Ext","5",3,TRUE,2.35000000000582
"5906","Z=~z1",0.765473502680201,0.0605126938241712,0.5,"PLS",6714,6239007,1000,"Alt.Ext","5",3,TRUE,2.35000000000582
"5907","Z=~z2",0.586832058065013,0.0832533190019103,0.5,"PLS",6714,6239007,1000,"Alt.Ext","5",3,TRUE,2.35000000000582
"5908","Z=~z3",0.658186749144093,0.0778326648622433,0.5,"PLS",6714,6239007,1000,"Alt.Ext","5",3,TRUE,2.35000000000582
"5909","Y=~y1",0.574032618098584,0.0647153623229297,0.5,"PLS",6714,6239007,1000,"Alt.Ext","5",3,TRUE,2.35000000000582
"5910","Y=~y2",0.740892771966237,0.0471049846926073,0.5,"PLS",6714,6239007,1000,"Alt.Ext","5",3,TRUE,2.35000000000582
"5911","Y=~y3",0.693497944827627,0.0500360943979532,0.5,"PLS",6714,6239007,1000,"Alt.Ext","5",3,TRUE,2.35000000000582
"5912","Y~X",0.244157280134008,0.0288230378575118,0.4,"PLS",6714,6239007,1000,"Alt.Ext","5",3,TRUE,2.35000000000582
"5913","Y~Z",0.189103918536347,0.0317888813953228,0.5,"PLS",6714,6239007,1000,"Alt.Ext","5",3,TRUE,2.35000000000582
"5914","Y~X:Z",0.0588728471636144,0.0291121674301266,0.3,"PLS",6714,6239007,1000,"Alt.Ext","5",3,TRUE,2.35000000000582
"5915","X~~Z",0.0687547916198612,0.0340558341204746,0.2,"PLS",6714,6239007,1000,"Alt.Ext","5",3,TRUE,2.35000000000582
"5916","X=~x1",0.484,0.051,0.5,"Mplus",6714,6239007,1000,"Alt.Ext","5",3,TRUE,583.460000000021
"5917","X=~x2",0.519,0.052,0.5,"Mplus",6714,6239007,1000,"Alt.Ext","5",3,TRUE,583.460000000021
"5918","X=~x3",0.404,0.05,0.5,"Mplus",6714,6239007,1000,"Alt.Ext","5",3,TRUE,583.460000000021
"5919","Z=~z1",0.542,0.058,0.5,"Mplus",6714,6239007,1000,"Alt.Ext","5",3,TRUE,583.460000000021
"5920","Z=~z2",0.406,0.051,0.5,"Mplus",6714,6239007,1000,"Alt.Ext","5",3,TRUE,583.460000000021
"5921","Z=~z3",0.44,0.052,0.5,"Mplus",6714,6239007,1000,"Alt.Ext","5",3,TRUE,583.460000000021
"5922","Y=~y1",0.396,0.051,0.5,"Mplus",6714,6239007,1000,"Alt.Ext","5",3,TRUE,583.460000000021
"5923","Y=~y2",0.593,0.054,0.5,"Mplus",6714,6239007,1000,"Alt.Ext","5",3,TRUE,583.460000000021
"5924","Y=~y3",0.523,0.051,0.5,"Mplus",6714,6239007,1000,"Alt.Ext","5",3,TRUE,583.460000000021
"5925","Y~X",0.567,0.062,0.4,"Mplus",6714,6239007,1000,"Alt.Ext","5",3,TRUE,583.460000000021
"5926","Y~Z",0.44,0.066,0.5,"Mplus",6714,6239007,1000,"Alt.Ext","5",3,TRUE,583.460000000021
"5927","Y~X:Z",0.366,0.083,0.3,"Mplus",6714,6239007,1000,"Alt.Ext","5",3,TRUE,583.460000000021
"5928","X~~Z",0.176,0.073,0.2,"Mplus",6714,6239007,1000,"Alt.Ext","5",3,TRUE,583.460000000021
"5929","X=~x1",0.768212263082939,0.0550639819747241,0.8,"MC-OrdPLSc",6715,9555616,200,"Alt.Ext","7",2,TRUE,24.4099999999962
"5930","X=~x2",0.815889526910266,0.0452719913583149,0.8,"MC-OrdPLSc",6715,9555616,200,"Alt.Ext","7",2,TRUE,24.4099999999962
"5931","X=~x3",0.820455419446778,0.0464401028958069,0.8,"MC-OrdPLSc",6715,9555616,200,"Alt.Ext","7",2,TRUE,24.4099999999962
"5932","Z=~z1",0.795976248866849,0.0467385151635214,0.8,"MC-OrdPLSc",6715,9555616,200,"Alt.Ext","7",2,TRUE,24.4099999999962
"5933","Z=~z2",0.868970274932888,0.0396358404208134,0.8,"MC-OrdPLSc",6715,9555616,200,"Alt.Ext","7",2,TRUE,24.4099999999962
"5934","Z=~z3",0.797324778974207,0.0383616592257604,0.8,"MC-OrdPLSc",6715,9555616,200,"Alt.Ext","7",2,TRUE,24.4099999999962
"5935","Y=~y1",0.89162883805913,0.0364552918305933,0.8,"MC-OrdPLSc",6715,9555616,200,"Alt.Ext","7",2,TRUE,24.4099999999962
"5936","Y=~y2",0.790352186637145,0.0537093016962178,0.8,"MC-OrdPLSc",6715,9555616,200,"Alt.Ext","7",2,TRUE,24.4099999999962
"5937","Y=~y3",0.829139338026137,0.0477139754573629,0.8,"MC-OrdPLSc",6715,9555616,200,"Alt.Ext","7",2,TRUE,24.4099999999962
"5938","Y~X",0.331088195855406,0.0659276144703743,0.4,"MC-OrdPLSc",6715,9555616,200,"Alt.Ext","7",2,TRUE,24.4099999999962
"5939","Y~Z",0.539974174307047,0.0656085730488333,0.5,"MC-OrdPLSc",6715,9555616,200,"Alt.Ext","7",2,TRUE,24.4099999999962
"5940","Y~X:Z",0.364758009169773,0.0737261414243878,0.3,"MC-OrdPLSc",6715,9555616,200,"Alt.Ext","7",2,TRUE,24.4099999999962
"5941","X~~Z",0.369276311633081,0.0884996685171481,0.2,"MC-OrdPLSc",6715,9555616,200,"Alt.Ext","7",2,TRUE,24.4099999999962
"5942","X=~x1",0.786894694235243,0.109855109640159,0.8,"PLSc",6715,9555616,200,"Alt.Ext","7",2,TRUE,3.08999999999651
"5943","X=~x2",0.723342297656151,0.121328239817575,0.8,"PLSc",6715,9555616,200,"Alt.Ext","7",2,TRUE,3.08999999999651
"5944","X=~x3",0.801825285906939,0.110046474452692,0.8,"PLSc",6715,9555616,200,"Alt.Ext","7",2,TRUE,3.08999999999651
"5945","Z=~z1",0.818926197418416,0.099246957150638,0.8,"PLSc",6715,9555616,200,"Alt.Ext","7",2,TRUE,3.08999999999651
"5946","Z=~z2",0.653586062209553,0.10601370213288,0.8,"PLSc",6715,9555616,200,"Alt.Ext","7",2,TRUE,3.08999999999651
"5947","Z=~z3",0.730804985519636,0.0923489751241098,0.8,"PLSc",6715,9555616,200,"Alt.Ext","7",2,TRUE,3.08999999999651
"5948","Y=~y1",0.754915234503506,0.0777044090792991,0.8,"PLSc",6715,9555616,200,"Alt.Ext","7",2,TRUE,3.08999999999651
"5949","Y=~y2",0.761469794466482,0.0853375291311239,0.8,"PLSc",6715,9555616,200,"Alt.Ext","7",2,TRUE,3.08999999999651
"5950","Y=~y3",0.671143403093479,0.0937720862450739,0.8,"PLSc",6715,9555616,200,"Alt.Ext","7",2,TRUE,3.08999999999651
"5951","Y~X",0.320972346749684,0.0812832511672028,0.4,"PLSc",6715,9555616,200,"Alt.Ext","7",2,TRUE,3.08999999999651
"5952","Y~Z",0.445491852552531,0.0847443446448065,0.5,"PLSc",6715,9555616,200,"Alt.Ext","7",2,TRUE,3.08999999999651
"5953","Y~X:Z",0.172659765245944,0.105712445437508,0.3,"PLSc",6715,9555616,200,"Alt.Ext","7",2,TRUE,3.08999999999651
"5954","X~~Z",0.116287749901432,0.0835058167666655,0.2,"PLSc",6715,9555616,200,"Alt.Ext","7",2,TRUE,3.08999999999651
"5955","X=~x1",0.847182668930761,0.0324514269275112,0.8,"PLS",6715,9555616,200,"Alt.Ext","7",2,TRUE,2.05000000001746
"5956","X=~x2",0.852538852613378,0.0364481335120248,0.8,"PLS",6715,9555616,200,"Alt.Ext","7",2,TRUE,2.05000000001746
"5957","X=~x3",0.863160257915854,0.0279508266162366,0.8,"PLS",6715,9555616,200,"Alt.Ext","7",2,TRUE,2.05000000001746
"5958","Z=~z1",0.85147355555615,0.0303657767558956,0.8,"PLS",6715,9555616,200,"Alt.Ext","7",2,TRUE,2.05000000001746
"5959","Z=~z2",0.821940021003158,0.0397177663068602,0.8,"PLS",6715,9555616,200,"Alt.Ext","7",2,TRUE,2.05000000001746
"5960","Z=~z3",0.825515599298862,0.0336875708526576,0.8,"PLS",6715,9555616,200,"Alt.Ext","7",2,TRUE,2.05000000001746
"5961","Y=~y1",0.842403074238768,0.0312479720329772,0.8,"PLS",6715,9555616,200,"Alt.Ext","7",2,TRUE,2.05000000001746
"5962","Y=~y2",0.851697391789053,0.028469200612019,0.8,"PLS",6715,9555616,200,"Alt.Ext","7",2,TRUE,2.05000000001746
"5963","Y=~y3",0.791528658878238,0.0426589815258764,0.8,"PLS",6715,9555616,200,"Alt.Ext","7",2,TRUE,2.05000000001746
"5964","Y~X",0.268555907668452,0.061521117149844,0.4,"PLS",6715,9555616,200,"Alt.Ext","7",2,TRUE,2.05000000001746
"5965","Y~Z",0.34725725567197,0.0633487270305173,0.5,"PLS",6715,9555616,200,"Alt.Ext","7",2,TRUE,2.05000000001746
"5966","Y~X:Z",0.110750806979462,0.0634287494752727,0.3,"PLS",6715,9555616,200,"Alt.Ext","7",2,TRUE,2.05000000001746
"5967","X~~Z",0.0933236084398768,0.0684142574940586,0.2,"PLS",6715,9555616,200,"Alt.Ext","7",2,TRUE,2.05000000001746
"5968","X=~x1",0.751,0.051,0.8,"Mplus",6715,9555616,200,"Alt.Ext","7",2,TRUE,120.780000000028
"5969","X=~x2",0.817,0.046,0.8,"Mplus",6715,9555616,200,"Alt.Ext","7",2,TRUE,120.780000000028
"5970","X=~x3",0.81,0.047,0.8,"Mplus",6715,9555616,200,"Alt.Ext","7",2,TRUE,120.780000000028
"5971","Z=~z1",0.75,0.055,0.8,"Mplus",6715,9555616,200,"Alt.Ext","7",2,TRUE,120.780000000028
"5972","Z=~z2",0.781,0.052,0.8,"Mplus",6715,9555616,200,"Alt.Ext","7",2,TRUE,120.780000000028
"5973","Z=~z3",0.769,0.053,0.8,"Mplus",6715,9555616,200,"Alt.Ext","7",2,TRUE,120.780000000028
"5974","Y=~y1",0.811,0.048,0.8,"Mplus",6715,9555616,200,"Alt.Ext","7",2,TRUE,120.780000000028
"5975","Y=~y2",0.834,0.046,0.8,"Mplus",6715,9555616,200,"Alt.Ext","7",2,TRUE,120.780000000028
"5976","Y=~y3",0.71,0.056,0.8,"Mplus",6715,9555616,200,"Alt.Ext","7",2,TRUE,120.780000000028
"5977","Y~X",0.39,0.074,0.4,"Mplus",6715,9555616,200,"Alt.Ext","7",2,TRUE,120.780000000028
"5978","Y~Z",0.472,0.071,0.5,"Mplus",6715,9555616,200,"Alt.Ext","7",2,TRUE,120.780000000028
"5979","Y~X:Z",0.258,0.094,0.3,"Mplus",6715,9555616,200,"Alt.Ext","7",2,TRUE,120.780000000028
"5980","X~~Z",0.14,0.091,0.2,"Mplus",6715,9555616,200,"Alt.Ext","7",2,TRUE,120.780000000028
"5981","X=~x1",0.189754418515756,0.333769911491896,0.5,"MC-OrdPLSc",6716,9610792,200,"Alt.Ext","7",3,TRUE,31.0899999999965
"5982","X=~x2",0.62953588585684,0.780285963017317,0.5,"MC-OrdPLSc",6716,9610792,200,"Alt.Ext","7",3,TRUE,31.0899999999965
"5983","X=~x3",0.537984650851683,0.570101918466156,0.5,"MC-OrdPLSc",6716,9610792,200,"Alt.Ext","7",3,TRUE,31.0899999999965
"5984","Z=~z1",0.372486240762406,0.157819111292367,0.5,"MC-OrdPLSc",6716,9610792,200,"Alt.Ext","7",3,TRUE,31.0899999999965
"5985","Z=~z2",0.455630705402237,0.166763560109286,0.5,"MC-OrdPLSc",6716,9610792,200,"Alt.Ext","7",3,TRUE,31.0899999999965
"5986","Z=~z3",0.425069977849232,0.168177539207855,0.5,"MC-OrdPLSc",6716,9610792,200,"Alt.Ext","7",3,TRUE,31.0899999999965
"5987","Y=~y1",0.583371911915747,0.134032541950144,0.5,"MC-OrdPLSc",6716,9610792,200,"Alt.Ext","7",3,TRUE,31.0899999999965
"5988","Y=~y2",0.645634521444648,0.126005723874217,0.5,"MC-OrdPLSc",6716,9610792,200,"Alt.Ext","7",3,TRUE,31.0899999999965
"5989","Y=~y3",0.493178581625565,0.137556822700609,0.5,"MC-OrdPLSc",6716,9610792,200,"Alt.Ext","7",3,TRUE,31.0899999999965
"5990","Y~X",0.307323108170233,0.278609290705143,0.4,"MC-OrdPLSc",6716,9610792,200,"Alt.Ext","7",3,TRUE,31.0899999999965
"5991","Y~Z",0.727784119330257,0.166099360824043,0.5,"MC-OrdPLSc",6716,9610792,200,"Alt.Ext","7",3,TRUE,31.0899999999965
"5992","Y~X:Z",0.193994213919655,0.276393136895052,0.3,"MC-OrdPLSc",6716,9610792,200,"Alt.Ext","7",3,TRUE,31.0899999999965
"5993","X~~Z",-0.0211324767949635,0.206336333966309,0.2,"MC-OrdPLSc",6716,9610792,200,"Alt.Ext","7",3,TRUE,31.0899999999965
"5994","X=~x1",0.756853701961114,0.177341781161039,0.5,"PLSc",6716,9610792,200,"Alt.Ext","7",3,FALSE,4.47000000000116
"5995","X=~x2",0.30503620305517,0.163817043644678,0.5,"PLSc",6716,9610792,200,"Alt.Ext","7",3,FALSE,4.47000000000116
"5996","X=~x3",0.377535242226592,0.174744839017881,0.5,"PLSc",6716,9610792,200,"Alt.Ext","7",3,FALSE,4.47000000000116
"5997","Z=~z1",0.516735752470917,0.178876393247431,0.5,"PLSc",6716,9610792,200,"Alt.Ext","7",3,FALSE,4.47000000000116
"5998","Z=~z2",0.5184363545331,0.194258138595794,0.5,"PLSc",6716,9610792,200,"Alt.Ext","7",3,FALSE,4.47000000000116
"5999","Z=~z3",0.659498527973263,0.167036969483806,0.5,"PLSc",6716,9610792,200,"Alt.Ext","7",3,FALSE,4.47000000000116
"6000","Y=~y1",0.434294544839631,0.151498489887204,0.5,"PLSc",6716,9610792,200,"Alt.Ext","7",3,FALSE,4.47000000000116
"6001","Y=~y2",0.416763827060259,0.142270029834503,0.5,"PLSc",6716,9610792,200,"Alt.Ext","7",3,FALSE,4.47000000000116
"6002","Y=~y3",0.242208653937601,0.148496219698022,0.5,"PLSc",6716,9610792,200,"Alt.Ext","7",3,FALSE,4.47000000000116
"6003","Y~X",0.738086539202351,1.47451043838841,0.4,"PLSc",6716,9610792,200,"Alt.Ext","7",3,FALSE,4.47000000000116
"6004","Y~Z",0.419059984351996,1.51610815376657,0.5,"PLSc",6716,9610792,200,"Alt.Ext","7",3,FALSE,4.47000000000116
"6005","Y~X:Z",0.506940843276545,2.45090699803332,0.3,"PLSc",6716,9610792,200,"Alt.Ext","7",3,FALSE,4.47000000000116
"6006","X~~Z",0.140172859018532,0.128386806125501,0.2,"PLSc",6716,9610792,200,"Alt.Ext","7",3,FALSE,4.47000000000116
"6007","X=~x1",0.869155842321398,0.120264899271706,0.5,"PLS",6716,9610792,200,"Alt.Ext","7",3,TRUE,3.21000000002095
"6008","X=~x2",0.5354733436829,0.170086969045366,0.5,"PLS",6716,9610792,200,"Alt.Ext","7",3,TRUE,3.21000000002095
"6009","X=~x3",0.609066735869362,0.178348093596393,0.5,"PLS",6716,9610792,200,"Alt.Ext","7",3,TRUE,3.21000000002095
"6010","Z=~z1",0.733680594055074,0.110260366494577,0.5,"PLS",6716,9610792,200,"Alt.Ext","7",3,TRUE,3.21000000002095
"6011","Z=~z2",0.687891060990395,0.142895221725288,0.5,"PLS",6716,9610792,200,"Alt.Ext","7",3,TRUE,3.21000000002095
"6012","Z=~z3",0.790552788342914,0.110003797935636,0.5,"PLS",6716,9610792,200,"Alt.Ext","7",3,TRUE,3.21000000002095
"6013","Y=~y1",0.696831021499971,0.1478262020096,0.5,"PLS",6716,9610792,200,"Alt.Ext","7",3,TRUE,3.21000000002095
"6014","Y=~y2",0.66982145408486,0.155441879392834,0.5,"PLS",6716,9610792,200,"Alt.Ext","7",3,TRUE,3.21000000002095
"6015","Y=~y3",0.60086925258025,0.169018638947502,0.5,"PLS",6716,9610792,200,"Alt.Ext","7",3,TRUE,3.21000000002095
"6016","Y~X",0.289456939341094,0.07556429704851,0.4,"PLS",6716,9610792,200,"Alt.Ext","7",3,TRUE,3.21000000002095
"6017","Y~Z",0.215110852630184,0.0676319367612613,0.5,"PLS",6716,9610792,200,"Alt.Ext","7",3,TRUE,3.21000000002095
"6018","Y~X:Z",0.172006782327545,0.0656781948649675,0.3,"PLS",6716,9610792,200,"Alt.Ext","7",3,TRUE,3.21000000002095
"6019","X~~Z",0.0832474636721494,0.0742524885842,0.2,"PLS",6716,9610792,200,"Alt.Ext","7",3,TRUE,3.21000000002095
"6020","X=~x1",0.584,0.117,0.5,"Mplus",6716,9610792,200,"Alt.Ext","7",3,TRUE,142.069999999978
"6021","X=~x2",0.377,0.1,0.5,"Mplus",6716,9610792,200,"Alt.Ext","7",3,TRUE,142.069999999978
"6022","X=~x3",0.487,0.107,0.5,"Mplus",6716,9610792,200,"Alt.Ext","7",3,TRUE,142.069999999978
"6023","Z=~z1",0.616,0.092,0.5,"Mplus",6716,9610792,200,"Alt.Ext","7",3,TRUE,142.069999999978
"6024","Z=~z2",0.531,0.091,0.5,"Mplus",6716,9610792,200,"Alt.Ext","7",3,TRUE,142.069999999978
"6025","Z=~z3",0.592,0.087,0.5,"Mplus",6716,9610792,200,"Alt.Ext","7",3,TRUE,142.069999999978
"6026","Y=~y1",0.428,0.113,0.5,"Mplus",6716,9610792,200,"Alt.Ext","7",3,TRUE,142.069999999978
"6027","Y=~y2",0.476,0.123,0.5,"Mplus",6716,9610792,200,"Alt.Ext","7",3,TRUE,142.069999999978
"6028","Y=~y3",0.458,0.127,0.5,"Mplus",6716,9610792,200,"Alt.Ext","7",3,TRUE,142.069999999978
"6029","Y~X",0.563,0.155,0.4,"Mplus",6716,9610792,200,"Alt.Ext","7",3,TRUE,142.069999999978
"6030","Y~Z",0.416,0.138,0.5,"Mplus",6716,9610792,200,"Alt.Ext","7",3,TRUE,142.069999999978
"6031","Y~X:Z",0.519,0.16,0.3,"Mplus",6716,9610792,200,"Alt.Ext","7",3,TRUE,142.069999999978
"6032","X~~Z",0.256,0.128,0.2,"Mplus",6716,9610792,200,"Alt.Ext","7",3,TRUE,142.069999999978
"6033","X=~x1",0.776787131829557,0.0362026145922011,0.8,"MC-OrdPLSc",6717,8262362,500,"Alt.Ext","7",2,TRUE,27.5
"6034","X=~x2",0.796499700367377,0.0387852429606805,0.8,"MC-OrdPLSc",6717,8262362,500,"Alt.Ext","7",2,TRUE,27.5
"6035","X=~x3",0.8358804893367,0.0344765622064946,0.8,"MC-OrdPLSc",6717,8262362,500,"Alt.Ext","7",2,TRUE,27.5
"6036","Z=~z1",0.793212125772558,0.0344070348614418,0.8,"MC-OrdPLSc",6717,8262362,500,"Alt.Ext","7",2,TRUE,27.5
"6037","Z=~z2",0.835946388588258,0.0305423547257923,0.8,"MC-OrdPLSc",6717,8262362,500,"Alt.Ext","7",2,TRUE,27.5
"6038","Z=~z3",0.775881520111124,0.0327677387140005,0.8,"MC-OrdPLSc",6717,8262362,500,"Alt.Ext","7",2,TRUE,27.5
"6039","Y=~y1",0.848875651536001,0.0284148928256423,0.8,"MC-OrdPLSc",6717,8262362,500,"Alt.Ext","7",2,TRUE,27.5
"6040","Y=~y2",0.833030564500491,0.0258433078463658,0.8,"MC-OrdPLSc",6717,8262362,500,"Alt.Ext","7",2,TRUE,27.5
"6041","Y=~y3",0.799292287802447,0.0296362936978137,0.8,"MC-OrdPLSc",6717,8262362,500,"Alt.Ext","7",2,TRUE,27.5
"6042","Y~X",0.400721663923536,0.047759255676277,0.4,"MC-OrdPLSc",6717,8262362,500,"Alt.Ext","7",2,TRUE,27.5
"6043","Y~Z",0.511703224495676,0.0431735681946743,0.5,"MC-OrdPLSc",6717,8262362,500,"Alt.Ext","7",2,TRUE,27.5
"6044","Y~X:Z",0.208969273638515,0.0553609043809606,0.3,"MC-OrdPLSc",6717,8262362,500,"Alt.Ext","7",2,TRUE,27.5
"6045","X~~Z",0.161769008057322,0.0591829488214869,0.2,"MC-OrdPLSc",6717,8262362,500,"Alt.Ext","7",2,TRUE,27.5
"6046","X=~x1",0.70878680809987,0.0647606077833337,0.8,"PLSc",6717,8262362,500,"Alt.Ext","7",2,TRUE,4.52999999999884
"6047","X=~x2",0.692057272000614,0.0646892307295209,0.8,"PLSc",6717,8262362,500,"Alt.Ext","7",2,TRUE,4.52999999999884
"6048","X=~x3",0.835380264897658,0.0637294732789692,0.8,"PLSc",6717,8262362,500,"Alt.Ext","7",2,TRUE,4.52999999999884
"6049","Z=~z1",0.718816321499748,0.0460591221753411,0.8,"PLSc",6717,8262362,500,"Alt.Ext","7",2,TRUE,4.52999999999884
"6050","Z=~z2",0.729529073762966,0.0475818708920714,0.8,"PLSc",6717,8262362,500,"Alt.Ext","7",2,TRUE,4.52999999999884
"6051","Z=~z3",0.782637237395762,0.0476478498332662,0.8,"PLSc",6717,8262362,500,"Alt.Ext","7",2,TRUE,4.52999999999884
"6052","Y=~y1",0.726695837017108,0.0409245619614668,0.8,"PLSc",6717,8262362,500,"Alt.Ext","7",2,TRUE,4.52999999999884
"6053","Y=~y2",0.823516961059439,0.0373186660096994,0.8,"PLSc",6717,8262362,500,"Alt.Ext","7",2,TRUE,4.52999999999884
"6054","Y=~y3",0.668172532729208,0.045062334460931,0.8,"PLSc",6717,8262362,500,"Alt.Ext","7",2,TRUE,4.52999999999884
"6055","Y~X",0.339981250352186,0.0550395436574185,0.4,"PLSc",6717,8262362,500,"Alt.Ext","7",2,TRUE,4.52999999999884
"6056","Y~Z",0.55116993348772,0.0494424558208415,0.5,"PLSc",6717,8262362,500,"Alt.Ext","7",2,TRUE,4.52999999999884
"6057","Y~X:Z",0.277850878701112,0.0564186393747994,0.3,"PLSc",6717,8262362,500,"Alt.Ext","7",2,TRUE,4.52999999999884
"6058","X~~Z",0.169517594002814,0.0574375050981516,0.2,"PLSc",6717,8262362,500,"Alt.Ext","7",2,TRUE,4.52999999999884
"6059","X=~x1",0.831729362779851,0.0218553382532937,0.8,"PLS",6717,8262362,500,"Alt.Ext","7",2,TRUE,1.73999999999069
"6060","X=~x2",0.83244966204387,0.0222403250796647,0.8,"PLS",6717,8262362,500,"Alt.Ext","7",2,TRUE,1.73999999999069
"6061","X=~x3",0.853769816049679,0.0201204642790719,0.8,"PLS",6717,8262362,500,"Alt.Ext","7",2,TRUE,1.73999999999069
"6062","Z=~z1",0.821745515241188,0.0191241340892577,0.8,"PLS",6717,8262362,500,"Alt.Ext","7",2,TRUE,1.73999999999069
"6063","Z=~z2",0.83734297709604,0.019309369534446,0.8,"PLS",6717,8262362,500,"Alt.Ext","7",2,TRUE,1.73999999999069
"6064","Z=~z3",0.853919618303856,0.0162272558704749,0.8,"PLS",6717,8262362,500,"Alt.Ext","7",2,TRUE,1.73999999999069
"6065","Y=~y1",0.835761321885212,0.0183064304248173,0.8,"PLS",6717,8262362,500,"Alt.Ext","7",2,TRUE,1.73999999999069
"6066","Y=~y2",0.863739128380078,0.0139025616745946,0.8,"PLS",6717,8262362,500,"Alt.Ext","7",2,TRUE,1.73999999999069
"6067","Y=~y3",0.80475489837922,0.0210254024778247,0.8,"PLS",6717,8262362,500,"Alt.Ext","7",2,TRUE,1.73999999999069
"6068","Y~X",0.283637401062332,0.0412865429272589,0.4,"PLS",6717,8262362,500,"Alt.Ext","7",2,TRUE,1.73999999999069
"6069","Y~Z",0.435487414612289,0.0377334914940701,0.5,"PLS",6717,8262362,500,"Alt.Ext","7",2,TRUE,1.73999999999069
"6070","Y~X:Z",0.185597010012489,0.0385687520606468,0.3,"PLS",6717,8262362,500,"Alt.Ext","7",2,TRUE,1.73999999999069
"6071","X~~Z",0.134615511970415,0.0460527434647929,0.2,"PLS",6717,8262362,500,"Alt.Ext","7",2,TRUE,1.73999999999069
"6072","X=~x1",0.774,0.033,0.8,"Mplus",6717,8262362,500,"Alt.Ext","7",2,TRUE,269.610000000015
"6073","X=~x2",0.785,0.032,0.8,"Mplus",6717,8262362,500,"Alt.Ext","7",2,TRUE,269.610000000015
"6074","X=~x3",0.748,0.033,0.8,"Mplus",6717,8262362,500,"Alt.Ext","7",2,TRUE,269.610000000015
"6075","Z=~z1",0.763,0.031,0.8,"Mplus",6717,8262362,500,"Alt.Ext","7",2,TRUE,269.610000000015
"6076","Z=~z2",0.781,0.03,0.8,"Mplus",6717,8262362,500,"Alt.Ext","7",2,TRUE,269.610000000015
"6077","Z=~z3",0.808,0.029,0.8,"Mplus",6717,8262362,500,"Alt.Ext","7",2,TRUE,269.610000000015
"6078","Y=~y1",0.785,0.031,0.8,"Mplus",6717,8262362,500,"Alt.Ext","7",2,TRUE,269.610000000015
"6079","Y=~y2",0.841,0.027,0.8,"Mplus",6717,8262362,500,"Alt.Ext","7",2,TRUE,269.610000000015
"6080","Y=~y3",0.756,0.033,0.8,"Mplus",6717,8262362,500,"Alt.Ext","7",2,TRUE,269.610000000015
"6081","Y~X",0.379,0.044,0.4,"Mplus",6717,8262362,500,"Alt.Ext","7",2,TRUE,269.610000000015
"6082","Y~Z",0.553,0.04,0.5,"Mplus",6717,8262362,500,"Alt.Ext","7",2,TRUE,269.610000000015
"6083","Y~X:Z",0.33,0.052,0.3,"Mplus",6717,8262362,500,"Alt.Ext","7",2,TRUE,269.610000000015
"6084","X~~Z",0.15,0.057,0.2,"Mplus",6717,8262362,500,"Alt.Ext","7",2,TRUE,269.610000000015
"6085","X=~x1",0.645776327818913,0.179089053965059,0.5,"MC-OrdPLSc",6718,6349258,500,"Alt.Ext","7",3,TRUE,33.4400000000023
"6086","X=~x2",0.421031243993606,0.113438659716403,0.5,"MC-OrdPLSc",6718,6349258,500,"Alt.Ext","7",3,TRUE,33.4400000000023
"6087","X=~x3",0.521782674243606,0.141098787133195,0.5,"MC-OrdPLSc",6718,6349258,500,"Alt.Ext","7",3,TRUE,33.4400000000023
"6088","Z=~z1",0.525835943049935,0.0795567775651612,0.5,"MC-OrdPLSc",6718,6349258,500,"Alt.Ext","7",3,TRUE,33.4400000000023
"6089","Z=~z2",0.551337315441414,0.0933494980909405,0.5,"MC-OrdPLSc",6718,6349258,500,"Alt.Ext","7",3,TRUE,33.4400000000023
"6090","Z=~z3",0.363325464178862,0.101390460481332,0.5,"MC-OrdPLSc",6718,6349258,500,"Alt.Ext","7",3,TRUE,33.4400000000023
"6091","Y=~y1",0.37730281338279,0.0913199988044851,0.5,"MC-OrdPLSc",6718,6349258,500,"Alt.Ext","7",3,TRUE,33.4400000000023
"6092","Y=~y2",0.582198247379856,0.0961299333816976,0.5,"MC-OrdPLSc",6718,6349258,500,"Alt.Ext","7",3,TRUE,33.4400000000023
"6093","Y=~y3",0.569925685249642,0.0885292045687169,0.5,"MC-OrdPLSc",6718,6349258,500,"Alt.Ext","7",3,TRUE,33.4400000000023
"6094","Y~X",0.381750711454295,0.0955953341963406,0.4,"MC-OrdPLSc",6718,6349258,500,"Alt.Ext","7",3,TRUE,33.4400000000023
"6095","Y~Z",0.571199209217962,0.0960040572513784,0.5,"MC-OrdPLSc",6718,6349258,500,"Alt.Ext","7",3,TRUE,33.4400000000023
"6096","Y~X:Z",0.413577569960894,0.146790374188222,0.3,"MC-OrdPLSc",6718,6349258,500,"Alt.Ext","7",3,TRUE,33.4400000000023
"6097","X~~Z",0.146327668820197,0.108659397431136,0.2,"MC-OrdPLSc",6718,6349258,500,"Alt.Ext","7",3,TRUE,33.4400000000023
"6098","X=~x1",0.659960128710759,0.110467162497938,0.5,"PLSc",6718,6349258,500,"Alt.Ext","7",3,TRUE,4.95000000001164
"6099","X=~x2",0.370786801776428,0.108553513639384,0.5,"PLSc",6718,6349258,500,"Alt.Ext","7",3,TRUE,4.95000000001164
"6100","X=~x3",0.349915928828318,0.113137663436094,0.5,"PLSc",6718,6349258,500,"Alt.Ext","7",3,TRUE,4.95000000001164
"6101","Z=~z1",0.397840518845358,0.0972561244917891,0.5,"PLSc",6718,6349258,500,"Alt.Ext","7",3,TRUE,4.95000000001164
"6102","Z=~z2",0.401078543111638,0.0878411499698643,0.5,"PLSc",6718,6349258,500,"Alt.Ext","7",3,TRUE,4.95000000001164
"6103","Z=~z3",0.466492081666575,0.0928941595824711,0.5,"PLSc",6718,6349258,500,"Alt.Ext","7",3,TRUE,4.95000000001164
"6104","Y=~y1",0.429184020775968,0.0845181591380706,0.5,"PLSc",6718,6349258,500,"Alt.Ext","7",3,TRUE,4.95000000001164
"6105","Y=~y2",0.486030298158888,0.0784703908327394,0.5,"PLSc",6718,6349258,500,"Alt.Ext","7",3,TRUE,4.95000000001164
"6106","Y=~y3",0.493750371193928,0.0743160180748227,0.5,"PLSc",6718,6349258,500,"Alt.Ext","7",3,TRUE,4.95000000001164
"6107","Y~X",0.443072020164817,1.61528653336662,0.4,"PLSc",6718,6349258,500,"Alt.Ext","7",3,TRUE,4.95000000001164
"6108","Y~Z",0.578265438279466,0.665997874059238,0.5,"PLSc",6718,6349258,500,"Alt.Ext","7",3,TRUE,4.95000000001164
"6109","Y~X:Z",0.304796022591764,2.43066621121254,0.3,"PLSc",6718,6349258,500,"Alt.Ext","7",3,TRUE,4.95000000001164
"6110","X~~Z",0.132370177560853,0.100816141197076,0.2,"PLSc",6718,6349258,500,"Alt.Ext","7",3,TRUE,4.95000000001164
"6111","X=~x1",0.832365390498285,0.0642519536909315,0.5,"PLS",6718,6349258,500,"Alt.Ext","7",3,TRUE,2.36999999999534
"6112","X=~x2",0.560951307499995,0.115485491944357,0.5,"PLS",6718,6349258,500,"Alt.Ext","7",3,TRUE,2.36999999999534
"6113","X=~x3",0.629307206830503,0.0949851186948008,0.5,"PLS",6718,6349258,500,"Alt.Ext","7",3,TRUE,2.36999999999534
"6114","Z=~z1",0.657326721491095,0.0933776056880801,0.5,"PLS",6718,6349258,500,"Alt.Ext","7",3,TRUE,2.36999999999534
"6115","Z=~z2",0.649565185876827,0.0870960007408925,0.5,"PLS",6718,6349258,500,"Alt.Ext","7",3,TRUE,2.36999999999534
"6116","Z=~z3",0.708173781700971,0.0877536264023592,0.5,"PLS",6718,6349258,500,"Alt.Ext","7",3,TRUE,2.36999999999534
"6117","Y=~y1",0.655094549225845,0.0746769192167798,0.5,"PLS",6718,6349258,500,"Alt.Ext","7",3,TRUE,2.36999999999534
"6118","Y=~y2",0.723162127414294,0.0593658037248233,0.5,"PLS",6718,6349258,500,"Alt.Ext","7",3,TRUE,2.36999999999534
"6119","Y=~y3",0.699208988237736,0.0634461710765092,0.5,"PLS",6718,6349258,500,"Alt.Ext","7",3,TRUE,2.36999999999534
"6120","Y~X",0.215559505248904,0.0387117453139972,0.4,"PLS",6718,6349258,500,"Alt.Ext","7",3,TRUE,2.36999999999534
"6121","Y~Z",0.250745996355422,0.0414876114584756,0.5,"PLS",6718,6349258,500,"Alt.Ext","7",3,TRUE,2.36999999999534
"6122","Y~X:Z",0.0656758578779347,0.0381932327756043,0.3,"PLS",6718,6349258,500,"Alt.Ext","7",3,TRUE,2.36999999999534
"6123","X~~Z",0.0593030361966307,0.0447952002081527,0.2,"PLS",6718,6349258,500,"Alt.Ext","7",3,TRUE,2.36999999999534
"6124","X=~x1",0.549,0.079,0.5,"Mplus",6718,6349258,500,"Alt.Ext","7",3,TRUE,337.579999999987
"6125","X=~x2",0.364,0.065,0.5,"Mplus",6718,6349258,500,"Alt.Ext","7",3,TRUE,337.579999999987
"6126","X=~x3",0.57,0.082,0.5,"Mplus",6718,6349258,500,"Alt.Ext","7",3,TRUE,337.579999999987
"6127","Z=~z1",0.469,0.072,0.5,"Mplus",6718,6349258,500,"Alt.Ext","7",3,TRUE,337.579999999987
"6128","Z=~z2",0.433,0.069,0.5,"Mplus",6718,6349258,500,"Alt.Ext","7",3,TRUE,337.579999999987
"6129","Z=~z3",0.413,0.068,0.5,"Mplus",6718,6349258,500,"Alt.Ext","7",3,TRUE,337.579999999987
"6130","Y=~y1",0.447,0.065,0.5,"Mplus",6718,6349258,500,"Alt.Ext","7",3,TRUE,337.579999999987
"6131","Y=~y2",0.55,0.07,0.5,"Mplus",6718,6349258,500,"Alt.Ext","7",3,TRUE,337.579999999987
"6132","Y=~y3",0.455,0.065,0.5,"Mplus",6718,6349258,500,"Alt.Ext","7",3,TRUE,337.579999999987
"6133","Y~X",0.396,0.092,0.4,"Mplus",6718,6349258,500,"Alt.Ext","7",3,TRUE,337.579999999987
"6134","Y~Z",0.635,0.095,0.5,"Mplus",6718,6349258,500,"Alt.Ext","7",3,TRUE,337.579999999987
"6135","Y~X:Z",0.233,0.128,0.3,"Mplus",6718,6349258,500,"Alt.Ext","7",3,TRUE,337.579999999987
"6136","X~~Z",0.06,0.103,0.2,"Mplus",6718,6349258,500,"Alt.Ext","7",3,TRUE,337.579999999987
"6137","X=~x1",0.809565988880378,0.0240697946172759,0.8,"MC-OrdPLSc",6719,873981,1000,"Alt.Ext","7",2,TRUE,31.0699999999997
"6138","X=~x2",0.79924147075509,0.0226292833743006,0.8,"MC-OrdPLSc",6719,873981,1000,"Alt.Ext","7",2,TRUE,31.0699999999997
"6139","X=~x3",0.807017816786322,0.0256062737644492,0.8,"MC-OrdPLSc",6719,873981,1000,"Alt.Ext","7",2,TRUE,31.0699999999997
"6140","Z=~z1",0.781500118865189,0.0248935743784429,0.8,"MC-OrdPLSc",6719,873981,1000,"Alt.Ext","7",2,TRUE,31.0699999999997
"6141","Z=~z2",0.782307382667836,0.0224903670648679,0.8,"MC-OrdPLSc",6719,873981,1000,"Alt.Ext","7",2,TRUE,31.0699999999997
"6142","Z=~z3",0.806544773739397,0.0252949101465278,0.8,"MC-OrdPLSc",6719,873981,1000,"Alt.Ext","7",2,TRUE,31.0699999999997
"6143","Y=~y1",0.823780970258796,0.0184026271528955,0.8,"MC-OrdPLSc",6719,873981,1000,"Alt.Ext","7",2,TRUE,31.0699999999997
"6144","Y=~y2",0.815861591234441,0.0212200688006871,0.8,"MC-OrdPLSc",6719,873981,1000,"Alt.Ext","7",2,TRUE,31.0699999999997
"6145","Y=~y3",0.798951628082184,0.0221983590920882,0.8,"MC-OrdPLSc",6719,873981,1000,"Alt.Ext","7",2,TRUE,31.0699999999997
"6146","Y~X",0.431592412053458,0.0297340210084771,0.4,"MC-OrdPLSc",6719,873981,1000,"Alt.Ext","7",2,TRUE,31.0699999999997
"6147","Y~Z",0.491390645880007,0.0303849590344222,0.5,"MC-OrdPLSc",6719,873981,1000,"Alt.Ext","7",2,TRUE,31.0699999999997
"6148","Y~X:Z",0.308831918517902,0.036293372339695,0.3,"MC-OrdPLSc",6719,873981,1000,"Alt.Ext","7",2,TRUE,31.0699999999997
"6149","X~~Z",0.210859694709296,0.0380677579380311,0.2,"MC-OrdPLSc",6719,873981,1000,"Alt.Ext","7",2,TRUE,31.0699999999997
"6150","X=~x1",0.77175506605205,0.0465874090336691,0.8,"PLSc",6719,873981,1000,"Alt.Ext","7",2,TRUE,6.49000000001979
"6151","X=~x2",0.683186640023911,0.0548270345774556,0.8,"PLSc",6719,873981,1000,"Alt.Ext","7",2,TRUE,6.49000000001979
"6152","X=~x3",0.80695001844516,0.0442234047248012,0.8,"PLSc",6719,873981,1000,"Alt.Ext","7",2,TRUE,6.49000000001979
"6153","Z=~z1",0.781294004428182,0.0327190125021176,0.8,"PLSc",6719,873981,1000,"Alt.Ext","7",2,TRUE,6.49000000001979
"6154","Z=~z2",0.774194579061224,0.0329600114691438,0.8,"PLSc",6719,873981,1000,"Alt.Ext","7",2,TRUE,6.49000000001979
"6155","Z=~z3",0.777155665280709,0.0328921792770781,0.8,"PLSc",6719,873981,1000,"Alt.Ext","7",2,TRUE,6.49000000001979
"6156","Y=~y1",0.752655220251336,0.0306832196829617,0.8,"PLSc",6719,873981,1000,"Alt.Ext","7",2,TRUE,6.49000000001979
"6157","Y=~y2",0.754003434820456,0.0298609704215151,0.8,"PLSc",6719,873981,1000,"Alt.Ext","7",2,TRUE,6.49000000001979
"6158","Y=~y3",0.713713965430513,0.0324291471864589,0.8,"PLSc",6719,873981,1000,"Alt.Ext","7",2,TRUE,6.49000000001979
"6159","Y~X",0.333966495505622,0.0375204841232196,0.4,"PLSc",6719,873981,1000,"Alt.Ext","7",2,TRUE,6.49000000001979
"6160","Y~Z",0.518317365847466,0.0372679760850615,0.5,"PLSc",6719,873981,1000,"Alt.Ext","7",2,TRUE,6.49000000001979
"6161","Y~X:Z",0.280231453517982,0.039698597137512,0.3,"PLSc",6719,873981,1000,"Alt.Ext","7",2,TRUE,6.49000000001979
"6162","X~~Z",0.242436441227382,0.0398976732697148,0.2,"PLSc",6719,873981,1000,"Alt.Ext","7",2,TRUE,6.49000000001979
"6163","X=~x1",0.855256039691442,0.014435473465979,0.8,"PLS",6719,873981,1000,"Alt.Ext","7",2,TRUE,1.85000000000582
"6164","X=~x2",0.813652871096454,0.01925269958905,0.8,"PLS",6719,873981,1000,"Alt.Ext","7",2,TRUE,1.85000000000582
"6165","X=~x3",0.861725556569209,0.0127734583362414,0.8,"PLS",6719,873981,1000,"Alt.Ext","7",2,TRUE,1.85000000000582
"6166","Z=~z1",0.864757929277703,0.0110072523591732,0.8,"PLS",6719,873981,1000,"Alt.Ext","7",2,TRUE,1.85000000000582
"6167","Z=~z2",0.86114797593042,0.0109387508243058,0.8,"PLS",6719,873981,1000,"Alt.Ext","7",2,TRUE,1.85000000000582
"6168","Z=~z3",0.848468897831306,0.0123613525567893,0.8,"PLS",6719,873981,1000,"Alt.Ext","7",2,TRUE,1.85000000000582
"6169","Y=~y1",0.846757515974204,0.0116607217944511,0.8,"PLS",6719,873981,1000,"Alt.Ext","7",2,TRUE,1.85000000000582
"6170","Y=~y2",0.83897704644435,0.0121080465878787,0.8,"PLS",6719,873981,1000,"Alt.Ext","7",2,TRUE,1.85000000000582
"6171","Y=~y3",0.821226393079987,0.0139150902639569,0.8,"PLS",6719,873981,1000,"Alt.Ext","7",2,TRUE,1.85000000000582
"6172","Y~X",0.265887460855845,0.0272400353345441,0.4,"PLS",6719,873981,1000,"Alt.Ext","7",2,TRUE,1.85000000000582
"6173","Y~Z",0.413029903584316,0.028532631467959,0.5,"PLS",6719,873981,1000,"Alt.Ext","7",2,TRUE,1.85000000000582
"6174","Y~X:Z",0.19009204206781,0.0284351325754673,0.3,"PLS",6719,873981,1000,"Alt.Ext","7",2,TRUE,1.85000000000582
"6175","X~~Z",0.196941772681817,0.0326303973209431,0.2,"PLS",6719,873981,1000,"Alt.Ext","7",2,TRUE,1.85000000000582
"6176","X=~x1",0.815,0.021,0.8,"Mplus",6719,873981,1000,"Alt.Ext","7",2,TRUE,467.440000000002
"6177","X=~x2",0.738,0.024,0.8,"Mplus",6719,873981,1000,"Alt.Ext","7",2,TRUE,467.440000000002
"6178","X=~x3",0.786,0.022,0.8,"Mplus",6719,873981,1000,"Alt.Ext","7",2,TRUE,467.440000000002
"6179","Z=~z1",0.817,0.019,0.8,"Mplus",6719,873981,1000,"Alt.Ext","7",2,TRUE,467.440000000002
"6180","Z=~z2",0.799,0.02,0.8,"Mplus",6719,873981,1000,"Alt.Ext","7",2,TRUE,467.440000000002
"6181","Z=~z3",0.808,0.019,0.8,"Mplus",6719,873981,1000,"Alt.Ext","7",2,TRUE,467.440000000002
"6182","Y=~y1",0.802,0.022,0.8,"Mplus",6719,873981,1000,"Alt.Ext","7",2,TRUE,467.440000000002
"6183","Y=~y2",0.791,0.022,0.8,"Mplus",6719,873981,1000,"Alt.Ext","7",2,TRUE,467.440000000002
"6184","Y=~y3",0.774,0.023,0.8,"Mplus",6719,873981,1000,"Alt.Ext","7",2,TRUE,467.440000000002
"6185","Y~X",0.339,0.033,0.4,"Mplus",6719,873981,1000,"Alt.Ext","7",2,TRUE,467.440000000002
"6186","Y~Z",0.53,0.029,0.5,"Mplus",6719,873981,1000,"Alt.Ext","7",2,TRUE,467.440000000002
"6187","Y~X:Z",0.314,0.035,0.3,"Mplus",6719,873981,1000,"Alt.Ext","7",2,TRUE,467.440000000002
"6188","X~~Z",0.244,0.038,0.2,"Mplus",6719,873981,1000,"Alt.Ext","7",2,TRUE,467.440000000002
"6189","X=~x1",0.519698340455589,0.0692065378239826,0.5,"MC-OrdPLSc",6720,5953375,1000,"Alt.Ext","7",3,TRUE,34.7300000000032
"6190","X=~x2",0.415899779982222,0.0654155528424112,0.5,"MC-OrdPLSc",6720,5953375,1000,"Alt.Ext","7",3,TRUE,34.7300000000032
"6191","X=~x3",0.636494274086331,0.0699779520101128,0.5,"MC-OrdPLSc",6720,5953375,1000,"Alt.Ext","7",3,TRUE,34.7300000000032
"6192","Z=~z1",0.564292285467163,0.0590703547340948,0.5,"MC-OrdPLSc",6720,5953375,1000,"Alt.Ext","7",3,TRUE,34.7300000000032
"6193","Z=~z2",0.41873158746864,0.0554742668420755,0.5,"MC-OrdPLSc",6720,5953375,1000,"Alt.Ext","7",3,TRUE,34.7300000000032
"6194","Z=~z3",0.491896293464879,0.0545681897265102,0.5,"MC-OrdPLSc",6720,5953375,1000,"Alt.Ext","7",3,TRUE,34.7300000000032
"6195","Y=~y1",0.326872555686056,0.0567829522536919,0.5,"MC-OrdPLSc",6720,5953375,1000,"Alt.Ext","7",3,TRUE,34.7300000000032
"6196","Y=~y2",0.524016945655054,0.0537973690343181,0.5,"MC-OrdPLSc",6720,5953375,1000,"Alt.Ext","7",3,TRUE,34.7300000000032
"6197","Y=~y3",0.518771044373947,0.0604490317052268,0.5,"MC-OrdPLSc",6720,5953375,1000,"Alt.Ext","7",3,TRUE,34.7300000000032
"6198","Y~X",0.478693112844669,0.0687940649381537,0.4,"MC-OrdPLSc",6720,5953375,1000,"Alt.Ext","7",3,TRUE,34.7300000000032
"6199","Y~Z",0.559122813249002,0.0711157128734932,0.5,"MC-OrdPLSc",6720,5953375,1000,"Alt.Ext","7",3,TRUE,34.7300000000032
"6200","Y~X:Z",0.276841644081165,0.10534957789418,0.3,"MC-OrdPLSc",6720,5953375,1000,"Alt.Ext","7",3,TRUE,34.7300000000032
"6201","X~~Z",0.144070674903443,0.0673826289402483,0.2,"MC-OrdPLSc",6720,5953375,1000,"Alt.Ext","7",3,TRUE,34.7300000000032
"6202","X=~x1",0.423822499313942,0.0881519241601199,0.5,"PLSc",6720,5953375,1000,"Alt.Ext","7",3,TRUE,7.41000000000349
"6203","X=~x2",0.567813648326267,0.0856747334093575,0.5,"PLSc",6720,5953375,1000,"Alt.Ext","7",3,TRUE,7.41000000000349
"6204","X=~x3",0.338878127464671,0.104498593280571,0.5,"PLSc",6720,5953375,1000,"Alt.Ext","7",3,TRUE,7.41000000000349
"6205","Z=~z1",0.385735519620315,0.0611376746992494,0.5,"PLSc",6720,5953375,1000,"Alt.Ext","7",3,TRUE,7.41000000000349
"6206","Z=~z2",0.414565585509842,0.0667083004783712,0.5,"PLSc",6720,5953375,1000,"Alt.Ext","7",3,TRUE,7.41000000000349
"6207","Z=~z3",0.413835379290019,0.0601819018177256,0.5,"PLSc",6720,5953375,1000,"Alt.Ext","7",3,TRUE,7.41000000000349
"6208","Y=~y1",0.393000661374193,0.0575530642351646,0.5,"PLSc",6720,5953375,1000,"Alt.Ext","7",3,TRUE,7.41000000000349
"6209","Y=~y2",0.41306313825804,0.0558585001406221,0.5,"PLSc",6720,5953375,1000,"Alt.Ext","7",3,TRUE,7.41000000000349
"6210","Y=~y3",0.432729892867205,0.0592236036679163,0.5,"PLSc",6720,5953375,1000,"Alt.Ext","7",3,TRUE,7.41000000000349
"6211","Y~X",0.377153993225946,0.2281108620614,0.4,"PLSc",6720,5953375,1000,"Alt.Ext","7",3,TRUE,7.41000000000349
"6212","Y~Z",0.693201290320844,0.173932043187614,0.5,"PLSc",6720,5953375,1000,"Alt.Ext","7",3,TRUE,7.41000000000349
"6213","Y~X:Z",0.392540807409629,0.488576714056698,0.3,"PLSc",6720,5953375,1000,"Alt.Ext","7",3,TRUE,7.41000000000349
"6214","X~~Z",0.154747523603558,0.0812914187570636,0.2,"PLSc",6720,5953375,1000,"Alt.Ext","7",3,TRUE,7.41000000000349
"6215","X=~x1",0.637894889633022,0.0919780894091475,0.5,"PLS",6720,5953375,1000,"Alt.Ext","7",3,TRUE,2.39999999999418
"6216","X=~x2",0.783053742052747,0.0643908991485202,0.5,"PLS",6720,5953375,1000,"Alt.Ext","7",3,TRUE,2.39999999999418
"6217","X=~x3",0.607568202558583,0.0949117374530194,0.5,"PLS",6720,5953375,1000,"Alt.Ext","7",3,TRUE,2.39999999999418
"6218","Z=~z1",0.637619473856727,0.0661118142696129,0.5,"PLS",6720,5953375,1000,"Alt.Ext","7",3,TRUE,2.39999999999418
"6219","Z=~z2",0.691263136841967,0.0609008040344254,0.5,"PLS",6720,5953375,1000,"Alt.Ext","7",3,TRUE,2.39999999999418
"6220","Z=~z3",0.66570094215452,0.0622431812153289,0.5,"PLS",6720,5953375,1000,"Alt.Ext","7",3,TRUE,2.39999999999418
"6221","Y=~y1",0.641889585088995,0.0581011105719806,0.5,"PLS",6720,5953375,1000,"Alt.Ext","7",3,TRUE,2.39999999999418
"6222","Y=~y2",0.669260479736473,0.053245719851255,0.5,"PLS",6720,5953375,1000,"Alt.Ext","7",3,TRUE,2.39999999999418
"6223","Y=~y3",0.693291000741664,0.0533741746698114,0.5,"PLS",6720,5953375,1000,"Alt.Ext","7",3,TRUE,2.39999999999418
"6224","Y~X",0.169286049934273,0.0325677626869417,0.4,"PLS",6720,5953375,1000,"Alt.Ext","7",3,TRUE,2.39999999999418
"6225","Y~Z",0.246766120355786,0.0325019002577024,0.5,"PLS",6720,5953375,1000,"Alt.Ext","7",3,TRUE,2.39999999999418
"6226","Y~X:Z",0.0802493923032207,0.0319182747809236,0.3,"PLS",6720,5953375,1000,"Alt.Ext","7",3,TRUE,2.39999999999418
"6227","X~~Z",0.0631091050830267,0.0337200892882909,0.2,"PLS",6720,5953375,1000,"Alt.Ext","7",3,TRUE,2.39999999999418
"6228","X=~x1",0.367,0.05,0.5,"Mplus",6720,5953375,1000,"Alt.Ext","7",3,TRUE,470.779999999999
"6229","X=~x2",0.538,0.061,0.5,"Mplus",6720,5953375,1000,"Alt.Ext","7",3,TRUE,470.779999999999
"6230","X=~x3",0.469,0.055,0.5,"Mplus",6720,5953375,1000,"Alt.Ext","7",3,TRUE,470.779999999999
"6231","Z=~z1",0.378,0.052,0.5,"Mplus",6720,5953375,1000,"Alt.Ext","7",3,TRUE,470.779999999999
"6232","Z=~z2",0.458,0.054,0.5,"Mplus",6720,5953375,1000,"Alt.Ext","7",3,TRUE,470.779999999999
"6233","Z=~z3",0.418,0.052,0.5,"Mplus",6720,5953375,1000,"Alt.Ext","7",3,TRUE,470.779999999999
"6234","Y=~y1",0.421,0.05,0.5,"Mplus",6720,5953375,1000,"Alt.Ext","7",3,TRUE,470.779999999999
"6235","Y=~y2",0.42,0.051,0.5,"Mplus",6720,5953375,1000,"Alt.Ext","7",3,TRUE,470.779999999999
"6236","Y=~y3",0.486,0.054,0.5,"Mplus",6720,5953375,1000,"Alt.Ext","7",3,TRUE,470.779999999999
"6237","Y~X",0.364,0.075,0.4,"Mplus",6720,5953375,1000,"Alt.Ext","7",3,TRUE,470.779999999999
"6238","Y~Z",0.594,0.078,0.5,"Mplus",6720,5953375,1000,"Alt.Ext","7",3,TRUE,470.779999999999
"6239","Y~X:Z",0.314,0.105,0.3,"Mplus",6720,5953375,1000,"Alt.Ext","7",3,TRUE,470.779999999999
"6240","X~~Z",0.179,0.078,0.2,"Mplus",6720,5953375,1000,"Alt.Ext","7",3,TRUE,470.779999999999
