"","par","est","se","true","method","id","seed","n","skew","ncat","model.id","admissible","time"
"1","X=~x1",0.818370366885652,0.110858148502564,0.8,"MC-OrdPLSc",12361,3374479,200,"Symmetric","2",2,TRUE,13.9499999999971
"2","X=~x2",0.690608050485908,0.11318393486967,0.8,"MC-OrdPLSc",12361,3374479,200,"Symmetric","2",2,TRUE,13.9499999999971
"3","X=~x3",0.831731793000304,0.10056094257005,0.8,"MC-OrdPLSc",12361,3374479,200,"Symmetric","2",2,TRUE,13.9499999999971
"4","Z=~z1",0.75179758913245,0.0989156887152226,0.8,"MC-OrdPLSc",12361,3374479,200,"Symmetric","2",2,TRUE,13.9499999999971
"5","Z=~z2",0.866710589592858,0.0833886700559167,0.8,"MC-OrdPLSc",12361,3374479,200,"Symmetric","2",2,TRUE,13.9499999999971
"6","Z=~z3",0.672139825386491,0.0987813468906577,0.8,"MC-OrdPLSc",12361,3374479,200,"Symmetric","2",2,TRUE,13.9499999999971
"7","Y=~y1",0.825820058627554,0.0557529075057984,0.8,"MC-OrdPLSc",12361,3374479,200,"Symmetric","2",2,TRUE,13.9499999999971
"8","Y=~y2",0.827437447139994,0.0769333948239479,0.8,"MC-OrdPLSc",12361,3374479,200,"Symmetric","2",2,TRUE,13.9499999999971
"9","Y=~y3",0.769836248501229,0.0855817483255397,0.8,"MC-OrdPLSc",12361,3374479,200,"Symmetric","2",2,TRUE,13.9499999999971
"10","Y~X",0.468397728894032,0.095680997931635,0.4,"MC-OrdPLSc",12361,3374479,200,"Symmetric","2",2,TRUE,13.9499999999971
"11","Y~Z",0.578420168586728,0.0886382375544033,0.5,"MC-OrdPLSc",12361,3374479,200,"Symmetric","2",2,TRUE,13.9499999999971
"12","Y~X:Z",0.198241522988626,0.190041453846232,0.3,"MC-OrdPLSc",12361,3374479,200,"Symmetric","2",2,TRUE,13.9499999999971
"13","X~~Z",-0.0212918655344975,0.102674455518762,0.2,"MC-OrdPLSc",12361,3374479,200,"Symmetric","2",2,TRUE,13.9499999999971
"14","X=~x1",0.739876332474581,0.134287531443247,0.8,"PLSc",12361,3374479,200,"Symmetric","2",2,TRUE,3.2899999999936
"15","X=~x2",0.50879861034934,0.156041064513385,0.8,"PLSc",12361,3374479,200,"Symmetric","2",2,TRUE,3.2899999999936
"16","X=~x3",0.680215491148606,0.13457206342307,0.8,"PLSc",12361,3374479,200,"Symmetric","2",2,TRUE,3.2899999999936
"17","Z=~z1",0.661062063913272,0.0986699386007513,0.8,"PLSc",12361,3374479,200,"Symmetric","2",2,TRUE,3.2899999999936
"18","Z=~z2",0.751117533258334,0.102209401674943,0.8,"PLSc",12361,3374479,200,"Symmetric","2",2,TRUE,3.2899999999936
"19","Z=~z3",0.462581488307252,0.122334856039044,0.8,"PLSc",12361,3374479,200,"Symmetric","2",2,TRUE,3.2899999999936
"20","Y=~y1",0.737995950672785,0.0762860362661609,0.8,"PLSc",12361,3374479,200,"Symmetric","2",2,TRUE,3.2899999999936
"21","Y=~y2",0.664588540416793,0.0786801089143086,0.8,"PLSc",12361,3374479,200,"Symmetric","2",2,TRUE,3.2899999999936
"22","Y=~y3",0.599235317853355,0.0968964818570286,0.8,"PLSc",12361,3374479,200,"Symmetric","2",2,TRUE,3.2899999999936
"23","Y~X",0.443605114070792,0.096040595572187,0.4,"PLSc",12361,3374479,200,"Symmetric","2",2,TRUE,3.2899999999936
"24","Y~Z",0.539984146014188,0.0942812670871834,0.5,"PLSc",12361,3374479,200,"Symmetric","2",2,TRUE,3.2899999999936
"25","Y~X:Z",0.152645445620296,0.136039945470673,0.3,"PLSc",12361,3374479,200,"Symmetric","2",2,TRUE,3.2899999999936
"26","X~~Z",-0.0176775004096186,0.100749722329903,0.2,"PLSc",12361,3374479,200,"Symmetric","2",2,TRUE,3.2899999999936
"27","X=~x1",0.805027560272187,0.0596020717852643,0.8,"PLS",12361,3374479,200,"Symmetric","2",2,TRUE,2.19999999999709
"28","X=~x2",0.72200348290472,0.0831028863194314,0.8,"PLS",12361,3374479,200,"Symmetric","2",2,TRUE,2.19999999999709
"29","X=~x3",0.813154158819335,0.0554742977138996,0.8,"PLS",12361,3374479,200,"Symmetric","2",2,TRUE,2.19999999999709
"30","Z=~z1",0.770226583057839,0.0528927773605914,0.8,"PLS",12361,3374479,200,"Symmetric","2",2,TRUE,2.19999999999709
"31","Z=~z2",0.830465808560239,0.0399714598443716,0.8,"PLS",12361,3374479,200,"Symmetric","2",2,TRUE,2.19999999999709
"32","Z=~z3",0.710813588971272,0.0710693349174123,0.8,"PLS",12361,3374479,200,"Symmetric","2",2,TRUE,2.19999999999709
"33","Y=~y1",0.805740126004235,0.0364017510479524,0.8,"PLS",12361,3374479,200,"Symmetric","2",2,TRUE,2.19999999999709
"34","Y=~y2",0.803931049593477,0.0374446656912997,0.8,"PLS",12361,3374479,200,"Symmetric","2",2,TRUE,2.19999999999709
"35","Y=~y3",0.772991574329455,0.0498803260640257,0.8,"PLS",12361,3374479,200,"Symmetric","2",2,TRUE,2.19999999999709
"36","Y~X",0.305931684285084,0.0588820480181249,0.4,"PLS",12361,3374479,200,"Symmetric","2",2,TRUE,2.19999999999709
"37","Y~Z",0.378547072786582,0.0590997591756146,0.5,"PLS",12361,3374479,200,"Symmetric","2",2,TRUE,2.19999999999709
"38","Y~X:Z",0.0785364181153465,0.0638921722586638,0.3,"PLS",12361,3374479,200,"Symmetric","2",2,TRUE,2.19999999999709
"39","X~~Z",-0.0123001710085362,0.0711641286768534,0.2,"PLS",12361,3374479,200,"Symmetric","2",2,TRUE,2.19999999999709
"40","X=~x1",0.742,0.082,0.8,"Mplus",12361,3374479,200,"Symmetric","2",2,TRUE,119.510000000009
"41","X=~x2",0.719,0.081,0.8,"Mplus",12361,3374479,200,"Symmetric","2",2,TRUE,119.510000000009
"42","X=~x3",0.85,0.077,0.8,"Mplus",12361,3374479,200,"Symmetric","2",2,TRUE,119.510000000009
"43","Z=~z1",0.672,0.084,0.8,"Mplus",12361,3374479,200,"Symmetric","2",2,TRUE,119.510000000009
"44","Z=~z2",0.815,0.078,0.8,"Mplus",12361,3374479,200,"Symmetric","2",2,TRUE,119.510000000009
"45","Z=~z3",0.735,0.084,0.8,"Mplus",12361,3374479,200,"Symmetric","2",2,TRUE,119.510000000009
"46","Y=~y1",0.781,0.072,0.8,"Mplus",12361,3374479,200,"Symmetric","2",2,TRUE,119.510000000009
"47","Y=~y2",0.832,0.068,0.8,"Mplus",12361,3374479,200,"Symmetric","2",2,TRUE,119.510000000009
"48","Y=~y3",0.783,0.071,0.8,"Mplus",12361,3374479,200,"Symmetric","2",2,TRUE,119.510000000009
"49","Y~X",0.49,0.093,0.4,"Mplus",12361,3374479,200,"Symmetric","2",2,TRUE,119.510000000009
"50","Y~Z",0.578,0.088,0.5,"Mplus",12361,3374479,200,"Symmetric","2",2,TRUE,119.510000000009
"51","Y~X:Z",0.288,0.137,0.3,"Mplus",12361,3374479,200,"Symmetric","2",2,TRUE,119.510000000009
"52","X~~Z",-0.049,0.112,0.2,"Mplus",12361,3374479,200,"Symmetric","2",2,TRUE,119.510000000009
"53","X=~x1",0.131416336982264,13.0151535128267,0.5,"MC-OrdPLSc",12362,2721272,200,"Symmetric","2",3,TRUE,31.8600000000006
"54","X=~x2",0.369872949260969,13.8706031642256,0.5,"MC-OrdPLSc",12362,2721272,200,"Symmetric","2",3,TRUE,31.8600000000006
"55","X=~x3",0.349086065206857,20.8123603796297,0.5,"MC-OrdPLSc",12362,2721272,200,"Symmetric","2",3,TRUE,31.8600000000006
"56","Z=~z1",0.361117175691239,30.8934550002575,0.5,"MC-OrdPLSc",12362,2721272,200,"Symmetric","2",3,TRUE,31.8600000000006
"57","Z=~z2",0.539487625685779,9.74836996597847,0.5,"MC-OrdPLSc",12362,2721272,200,"Symmetric","2",3,TRUE,31.8600000000006
"58","Z=~z3",0.570547099042734,30.1583931620496,0.5,"MC-OrdPLSc",12362,2721272,200,"Symmetric","2",3,TRUE,31.8600000000006
"59","Y=~y1",0.59766845186305,61.9669113235262,0.5,"MC-OrdPLSc",12362,2721272,200,"Symmetric","2",3,TRUE,31.8600000000006
"60","Y=~y2",0.711044837576293,110.666045258406,0.5,"MC-OrdPLSc",12362,2721272,200,"Symmetric","2",3,TRUE,31.8600000000006
"61","Y=~y3",0.298706802515055,39.3211801280262,0.5,"MC-OrdPLSc",12362,2721272,200,"Symmetric","2",3,TRUE,31.8600000000006
"62","Y~X",0.944317739802604,291.703135795557,0.4,"MC-OrdPLSc",12362,2721272,200,"Symmetric","2",3,TRUE,31.8600000000006
"63","Y~Z",-0.0215571191514496,207.283262842388,0.5,"MC-OrdPLSc",12362,2721272,200,"Symmetric","2",3,TRUE,31.8600000000006
"64","Y~X:Z",-0.269512728749106,220.546329323154,0.3,"MC-OrdPLSc",12362,2721272,200,"Symmetric","2",3,TRUE,31.8600000000006
"65","X~~Z",0.820899290039871,7.0984236532191,0.2,"MC-OrdPLSc",12362,2721272,200,"Symmetric","2",3,TRUE,31.8600000000006
"66","X=~x1",0.0419399311443867,0.182351074169774,0.5,"PLSc",12362,2721272,200,"Symmetric","2",3,FALSE,4.43000000000757
"67","X=~x2",0.266965169097232,0.217259121444322,0.5,"PLSc",12362,2721272,200,"Symmetric","2",3,FALSE,4.43000000000757
"68","X=~x3",0.250334053061242,0.218146402193203,0.5,"PLSc",12362,2721272,200,"Symmetric","2",3,FALSE,4.43000000000757
"69","Z=~z1",0.267922912704751,0.155460919584292,0.5,"PLSc",12362,2721272,200,"Symmetric","2",3,FALSE,4.43000000000757
"70","Z=~z2",0.450760186380746,0.146077525036752,0.5,"PLSc",12362,2721272,200,"Symmetric","2",3,FALSE,4.43000000000757
"71","Z=~z3",0.453789096982843,0.144287105303221,0.5,"PLSc",12362,2721272,200,"Symmetric","2",3,FALSE,4.43000000000757
"72","Y=~y1",0.455394841203777,0.119613661465032,0.5,"PLSc",12362,2721272,200,"Symmetric","2",3,FALSE,4.43000000000757
"73","Y=~y2",0.525485729818072,0.121639871271808,0.5,"PLSc",12362,2721272,200,"Symmetric","2",3,FALSE,4.43000000000757
"74","Y=~y3",0.235331574942271,0.12713903393856,0.5,"PLSc",12362,2721272,200,"Symmetric","2",3,FALSE,4.43000000000757
"75","Y~X",-0.713464284896763,6.17555315164586,0.4,"PLSc",12362,2721272,200,"Symmetric","2",3,FALSE,4.43000000000757
"76","Y~Z",1.0681031882876,5.1999743866008,0.5,"PLSc",12362,2721272,200,"Symmetric","2",3,FALSE,4.43000000000757
"77","Y~X:Z",0.537062434792942,8.47103733976191,0.3,"PLSc",12362,2721272,200,"Symmetric","2",3,FALSE,4.43000000000757
"78","X~~Z",0.920103607014133,0.986451600737815,0.2,"PLSc",12362,2721272,200,"Symmetric","2",3,FALSE,4.43000000000757
"79","X=~x1",0.276171587488107,0.269670562636881,0.5,"PLS",12362,2721272,200,"Symmetric","2",3,TRUE,2.88999999999942
"80","X=~x2",0.731410060610502,0.182584377738586,0.5,"PLS",12362,2721272,200,"Symmetric","2",3,TRUE,2.88999999999942
"81","X=~x3",0.6953776616031,0.19238316353267,0.5,"PLS",12362,2721272,200,"Symmetric","2",3,TRUE,2.88999999999942
"82","Z=~z1",0.501898959103519,0.203249821128803,0.5,"PLS",12362,2721272,200,"Symmetric","2",3,TRUE,2.88999999999942
"83","Z=~z2",0.708533411903478,0.156304420391247,0.5,"PLS",12362,2721272,200,"Symmetric","2",3,TRUE,2.88999999999942
"84","Z=~z3",0.739659209392844,0.12597565800214,0.5,"PLS",12362,2721272,200,"Symmetric","2",3,TRUE,2.88999999999942
"85","Y=~y1",0.719230232060083,0.114586185521484,0.5,"PLS",12362,2721272,200,"Symmetric","2",3,TRUE,2.88999999999942
"86","Y=~y2",0.795835323821866,0.0875398315878506,0.5,"PLS",12362,2721272,200,"Symmetric","2",3,TRUE,2.88999999999942
"87","Y=~y3",0.40407780701062,0.171586988430674,0.5,"PLS",12362,2721272,200,"Symmetric","2",3,TRUE,2.88999999999942
"88","Y~X",0.226956377425603,0.066787302312674,0.4,"PLS",12362,2721272,200,"Symmetric","2",3,TRUE,2.88999999999942
"89","Y~Z",0.218471681103092,0.0711701192353817,0.5,"PLS",12362,2721272,200,"Symmetric","2",3,TRUE,2.88999999999942
"90","Y~X:Z",-0.0651718539773724,0.0744269006623523,0.3,"PLS",12362,2721272,200,"Symmetric","2",3,TRUE,2.88999999999942
"91","X~~Z",0.199649219667668,0.0695329282179034,0.2,"PLS",12362,2721272,200,"Symmetric","2",3,TRUE,2.88999999999942
"92","X=~x1",0.178,0.119,0.5,"Mplus",12362,2721272,200,"Symmetric","2",3,TRUE,78.4499999999971
"93","X=~x2",0.422,0.146,0.5,"Mplus",12362,2721272,200,"Symmetric","2",3,TRUE,78.4499999999971
"94","X=~x3",0.323,0.13,0.5,"Mplus",12362,2721272,200,"Symmetric","2",3,TRUE,78.4499999999971
"95","Z=~z1",0.365,0.125,0.5,"Mplus",12362,2721272,200,"Symmetric","2",3,TRUE,78.4499999999971
"96","Z=~z2",0.477,0.133,0.5,"Mplus",12362,2721272,200,"Symmetric","2",3,TRUE,78.4499999999971
"97","Z=~z3",0.562,0.147,0.5,"Mplus",12362,2721272,200,"Symmetric","2",3,TRUE,78.4499999999971
"98","Y=~y1",0.516,0.129,0.5,"Mplus",12362,2721272,200,"Symmetric","2",3,TRUE,78.4499999999971
"99","Y=~y2",0.722,0.166,0.5,"Mplus",12362,2721272,200,"Symmetric","2",3,TRUE,78.4499999999971
"100","Y=~y3",0.253,0.115,0.5,"Mplus",12362,2721272,200,"Symmetric","2",3,TRUE,78.4499999999971
"101","Y~X",0.715,0.536,0.4,"Mplus",12362,2721272,200,"Symmetric","2",3,TRUE,78.4499999999971
"102","Y~Z",0.147,0.535,0.5,"Mplus",12362,2721272,200,"Symmetric","2",3,TRUE,78.4499999999971
"103","Y~X:Z",-0.243,0.207,0.3,"Mplus",12362,2721272,200,"Symmetric","2",3,TRUE,78.4499999999971
"104","X~~Z",0.689,0.276,0.2,"Mplus",12362,2721272,200,"Symmetric","2",3,TRUE,78.4499999999971
"105","X=~x1",0.870473536256088,0.057183663401362,0.8,"MC-OrdPLSc",12363,9910750,500,"Symmetric","2",2,TRUE,16.25
"106","X=~x2",0.762901587947784,0.0655998362981875,0.8,"MC-OrdPLSc",12363,9910750,500,"Symmetric","2",2,TRUE,16.25
"107","X=~x3",0.756759644448612,0.0645302505050976,0.8,"MC-OrdPLSc",12363,9910750,500,"Symmetric","2",2,TRUE,16.25
"108","Z=~z1",0.821907196087999,0.0431071263357995,0.8,"MC-OrdPLSc",12363,9910750,500,"Symmetric","2",2,TRUE,16.25
"109","Z=~z2",0.823201524887399,0.0499874959005385,0.8,"MC-OrdPLSc",12363,9910750,500,"Symmetric","2",2,TRUE,16.25
"110","Z=~z3",0.813112333102775,0.0430787719708517,0.8,"MC-OrdPLSc",12363,9910750,500,"Symmetric","2",2,TRUE,16.25
"111","Y=~y1",0.788646746299999,0.0440540350130159,0.8,"MC-OrdPLSc",12363,9910750,500,"Symmetric","2",2,TRUE,16.25
"112","Y=~y2",0.805731535283317,0.0409592337626653,0.8,"MC-OrdPLSc",12363,9910750,500,"Symmetric","2",2,TRUE,16.25
"113","Y=~y3",0.752660582246866,0.0463427467317922,0.8,"MC-OrdPLSc",12363,9910750,500,"Symmetric","2",2,TRUE,16.25
"114","Y~X",0.390357425105944,0.0629641556334807,0.4,"MC-OrdPLSc",12363,9910750,500,"Symmetric","2",2,TRUE,16.25
"115","Y~Z",0.512312980086116,0.0583226959946637,0.5,"MC-OrdPLSc",12363,9910750,500,"Symmetric","2",2,TRUE,16.25
"116","Y~X:Z",0.103197405809796,0.0905446815429072,0.3,"MC-OrdPLSc",12363,9910750,500,"Symmetric","2",2,TRUE,16.25
"117","X~~Z",0.135992514839373,0.0668864494175029,0.2,"MC-OrdPLSc",12363,9910750,500,"Symmetric","2",2,TRUE,16.25
"118","X=~x1",0.703932977037696,0.0754774106136905,0.8,"PLSc",12363,9910750,500,"Symmetric","2",2,TRUE,4.57000000000698
"119","X=~x2",0.663345894966005,0.0761610835466381,0.8,"PLSc",12363,9910750,500,"Symmetric","2",2,TRUE,4.57000000000698
"120","X=~x3",0.618937624326603,0.0794896130571833,0.8,"PLSc",12363,9910750,500,"Symmetric","2",2,TRUE,4.57000000000698
"121","Z=~z1",0.646912501390091,0.0647019959803744,0.8,"PLSc",12363,9910750,500,"Symmetric","2",2,TRUE,4.57000000000698
"122","Z=~z2",0.714191163067692,0.0638597924300836,0.8,"PLSc",12363,9910750,500,"Symmetric","2",2,TRUE,4.57000000000698
"123","Z=~z3",0.691578584457584,0.0638073776927067,0.8,"PLSc",12363,9910750,500,"Symmetric","2",2,TRUE,4.57000000000698
"124","Y=~y1",0.648227598238077,0.0567686226692501,0.8,"PLSc",12363,9910750,500,"Symmetric","2",2,TRUE,4.57000000000698
"125","Y=~y2",0.66514964681348,0.0510125071386416,0.8,"PLSc",12363,9910750,500,"Symmetric","2",2,TRUE,4.57000000000698
"126","Y=~y3",0.627768033782548,0.0530009632160073,0.8,"PLSc",12363,9910750,500,"Symmetric","2",2,TRUE,4.57000000000698
"127","Y~X",0.37267021281746,0.0612925201340668,0.4,"PLSc",12363,9910750,500,"Symmetric","2",2,TRUE,4.57000000000698
"128","Y~Z",0.486853682552476,0.0563060903784466,0.5,"PLSc",12363,9910750,500,"Symmetric","2",2,TRUE,4.57000000000698
"129","Y~X:Z",0.0753963860817697,0.0658294692004569,0.3,"PLSc",12363,9910750,500,"Symmetric","2",2,TRUE,4.57000000000698
"130","X~~Z",0.125830629128292,0.0628458354454461,0.2,"PLSc",12363,9910750,500,"Symmetric","2",2,TRUE,4.57000000000698
"131","X=~x1",0.829133479417108,0.0280053029514838,0.8,"PLS",12363,9910750,500,"Symmetric","2",2,TRUE,1.83999999999651
"132","X=~x2",0.772294919939344,0.034918941451191,0.8,"PLS",12363,9910750,500,"Symmetric","2",2,TRUE,1.83999999999651
"133","X=~x3",0.769301736318985,0.0371525520681201,0.8,"PLS",12363,9910750,500,"Symmetric","2",2,TRUE,1.83999999999651
"134","Z=~z1",0.804742179959548,0.0273547733190053,0.8,"PLS",12363,9910750,500,"Symmetric","2",2,TRUE,1.83999999999651
"135","Z=~z2",0.805531222098671,0.0277596867310219,0.8,"PLS",12363,9910750,500,"Symmetric","2",2,TRUE,1.83999999999651
"136","Z=~z3",0.800989358436593,0.0279103533999185,0.8,"PLS",12363,9910750,500,"Symmetric","2",2,TRUE,1.83999999999651
"137","Y=~y1",0.786104472377648,0.0276133816445321,0.8,"PLS",12363,9910750,500,"Symmetric","2",2,TRUE,1.83999999999651
"138","Y=~y2",0.797149881890561,0.0255830838543546,0.8,"PLS",12363,9910750,500,"Symmetric","2",2,TRUE,1.83999999999651
"139","Y=~y3",0.763904625065779,0.0293586728578714,0.8,"PLS",12363,9910750,500,"Symmetric","2",2,TRUE,1.83999999999651
"140","Y~X",0.269755670829591,0.0407575126387757,0.4,"PLS",12363,9910750,500,"Symmetric","2",2,TRUE,1.83999999999651
"141","Y~Z",0.352256048132452,0.0377192266348664,0.5,"PLS",12363,9910750,500,"Symmetric","2",2,TRUE,1.83999999999651
"142","Y~X:Z",0.0454079379115268,0.0376040393867583,0.3,"PLS",12363,9910750,500,"Symmetric","2",2,TRUE,1.83999999999651
"143","X~~Z",0.0899978064400132,0.0455529132060936,0.2,"PLS",12363,9910750,500,"Symmetric","2",2,TRUE,1.83999999999651
"144","X=~x1",0.877,0.044,0.8,"Mplus",12363,9910750,500,"Symmetric","2",2,TRUE,134.570000000007
"145","X=~x2",0.712,0.051,0.8,"Mplus",12363,9910750,500,"Symmetric","2",2,TRUE,134.570000000007
"146","X=~x3",0.751,0.05,0.8,"Mplus",12363,9910750,500,"Symmetric","2",2,TRUE,134.570000000007
"147","Z=~z1",0.83,0.042,0.8,"Mplus",12363,9910750,500,"Symmetric","2",2,TRUE,134.570000000007
"148","Z=~z2",0.791,0.045,0.8,"Mplus",12363,9910750,500,"Symmetric","2",2,TRUE,134.570000000007
"149","Z=~z3",0.794,0.045,0.8,"Mplus",12363,9910750,500,"Symmetric","2",2,TRUE,134.570000000007
"150","Y=~y1",0.771,0.048,0.8,"Mplus",12363,9910750,500,"Symmetric","2",2,TRUE,134.570000000007
"151","Y=~y2",0.793,0.047,0.8,"Mplus",12363,9910750,500,"Symmetric","2",2,TRUE,134.570000000007
"152","Y=~y3",0.731,0.05,0.8,"Mplus",12363,9910750,500,"Symmetric","2",2,TRUE,134.570000000007
"153","Y~X",0.386,0.061,0.4,"Mplus",12363,9910750,500,"Symmetric","2",2,TRUE,134.570000000007
"154","Y~Z",0.512,0.057,0.5,"Mplus",12363,9910750,500,"Symmetric","2",2,TRUE,134.570000000007
"155","Y~X:Z",0.093,0.085,0.3,"Mplus",12363,9910750,500,"Symmetric","2",2,TRUE,134.570000000007
"156","X~~Z",0.143,0.067,0.2,"Mplus",12363,9910750,500,"Symmetric","2",2,TRUE,134.570000000007
"157","X=~x1",0.659317083613833,0.0860498168753475,0.5,"MC-OrdPLSc",12364,3248445,500,"Symmetric","2",3,TRUE,18.3800000000047
"158","X=~x2",0.577022948492307,0.0850189483943975,0.5,"MC-OrdPLSc",12364,3248445,500,"Symmetric","2",3,TRUE,18.3800000000047
"159","X=~x3",0.441099269366968,0.0901807056446503,0.5,"MC-OrdPLSc",12364,3248445,500,"Symmetric","2",3,TRUE,18.3800000000047
"160","Z=~z1",0.466611934593717,0.129307119617872,0.5,"MC-OrdPLSc",12364,3248445,500,"Symmetric","2",3,TRUE,18.3800000000047
"161","Z=~z2",0.502313285039402,0.137218378287562,0.5,"MC-OrdPLSc",12364,3248445,500,"Symmetric","2",3,TRUE,18.3800000000047
"162","Z=~z3",0.482001730276852,0.102553428681301,0.5,"MC-OrdPLSc",12364,3248445,500,"Symmetric","2",3,TRUE,18.3800000000047
"163","Y=~y1",0.689552472855853,0.0851165639202472,0.5,"MC-OrdPLSc",12364,3248445,500,"Symmetric","2",3,TRUE,18.3800000000047
"164","Y=~y2",0.538955565460104,0.0756375089581046,0.5,"MC-OrdPLSc",12364,3248445,500,"Symmetric","2",3,TRUE,18.3800000000047
"165","Y=~y3",0.51742879071156,0.0779975824621266,0.5,"MC-OrdPLSc",12364,3248445,500,"Symmetric","2",3,TRUE,18.3800000000047
"166","Y~X",0.54367855613349,0.102702401408099,0.4,"MC-OrdPLSc",12364,3248445,500,"Symmetric","2",3,TRUE,18.3800000000047
"167","Y~Z",0.39765496245817,0.123203945742096,0.5,"MC-OrdPLSc",12364,3248445,500,"Symmetric","2",3,TRUE,18.3800000000047
"168","Y~X:Z",0.0236836017327659,0.216791954864731,0.3,"MC-OrdPLSc",12364,3248445,500,"Symmetric","2",3,TRUE,18.3800000000047
"169","X~~Z",0.299301804627729,0.119159738164821,0.2,"MC-OrdPLSc",12364,3248445,500,"Symmetric","2",3,TRUE,18.3800000000047
"170","X=~x1",0.543948204508212,0.0813190371395619,0.5,"PLSc",12364,3248445,500,"Symmetric","2",3,TRUE,4.85000000000582
"171","X=~x2",0.46582442355749,0.0777466533270828,0.5,"PLSc",12364,3248445,500,"Symmetric","2",3,TRUE,4.85000000000582
"172","X=~x3",0.334883674109469,0.0928596925818741,0.5,"PLSc",12364,3248445,500,"Symmetric","2",3,TRUE,4.85000000000582
"173","Z=~z1",0.367567108273927,0.0960547138497039,0.5,"PLSc",12364,3248445,500,"Symmetric","2",3,TRUE,4.85000000000582
"174","Z=~z2",0.398916854180595,0.107790035461038,0.5,"PLSc",12364,3248445,500,"Symmetric","2",3,TRUE,4.85000000000582
"175","Z=~z3",0.390414144958044,0.0926240442917245,0.5,"PLSc",12364,3248445,500,"Symmetric","2",3,TRUE,4.85000000000582
"176","Y=~y1",0.556078214641173,0.0717593936178744,0.5,"PLSc",12364,3248445,500,"Symmetric","2",3,TRUE,4.85000000000582
"177","Y=~y2",0.438112135243959,0.0703068959570898,0.5,"PLSc",12364,3248445,500,"Symmetric","2",3,TRUE,4.85000000000582
"178","Y=~y3",0.40807848056044,0.0723647246959937,0.5,"PLSc",12364,3248445,500,"Symmetric","2",3,TRUE,4.85000000000582
"179","Y~X",0.536952620841818,0.148238880133879,0.4,"PLSc",12364,3248445,500,"Symmetric","2",3,TRUE,4.85000000000582
"180","Y~Z",0.405378938964619,0.176109471404028,0.5,"PLSc",12364,3248445,500,"Symmetric","2",3,TRUE,4.85000000000582
"181","Y~X:Z",0.0379969871473188,0.233148190146926,0.3,"PLSc",12364,3248445,500,"Symmetric","2",3,TRUE,4.85000000000582
"182","X~~Z",0.292304889798357,0.11864053767485,0.2,"PLSc",12364,3248445,500,"Symmetric","2",3,TRUE,4.85000000000582
"183","X=~x1",0.764915511282535,0.0631562545562306,0.5,"PLS",12364,3248445,500,"Symmetric","2",3,TRUE,2.22000000000116
"184","X=~x2",0.69953366967065,0.0680491495816682,0.5,"PLS",12364,3248445,500,"Symmetric","2",3,TRUE,2.22000000000116
"185","X=~x3",0.567295611682999,0.0954392807092672,0.5,"PLS",12364,3248445,500,"Symmetric","2",3,TRUE,2.22000000000116
"186","Z=~z1",0.639730200862444,0.108937810870043,0.5,"PLS",12364,3248445,500,"Symmetric","2",3,TRUE,2.22000000000116
"187","Z=~z2",0.677352270183262,0.114277012188895,0.5,"PLS",12364,3248445,500,"Symmetric","2",3,TRUE,2.22000000000116
"188","Z=~z3",0.655219520847116,0.104521363896818,0.5,"PLS",12364,3248445,500,"Symmetric","2",3,TRUE,2.22000000000116
"189","Y=~y1",0.774134642753519,0.0468930206424835,0.5,"PLS",12364,3248445,500,"Symmetric","2",3,TRUE,2.22000000000116
"190","Y=~y2",0.655213594142092,0.0623757950155385,0.5,"PLS",12364,3248445,500,"Symmetric","2",3,TRUE,2.22000000000116
"191","Y=~y3",0.634295227774166,0.0662478713146405,0.5,"PLS",12364,3248445,500,"Symmetric","2",3,TRUE,2.22000000000116
"192","Y~X",0.278568500780118,0.0410982391457217,0.4,"PLS",12364,3248445,500,"Symmetric","2",3,TRUE,2.22000000000116
"193","Y~Z",0.192088215058035,0.0395288428481881,0.5,"PLS",12364,3248445,500,"Symmetric","2",3,TRUE,2.22000000000116
"194","Y~X:Z",0.00548485230266923,0.0367623695735864,0.3,"PLS",12364,3248445,500,"Symmetric","2",3,TRUE,2.22000000000116
"195","X~~Z",0.115042927432935,0.0472447546539378,0.2,"PLS",12364,3248445,500,"Symmetric","2",3,TRUE,2.22000000000116
"196","X=~x1",0.593,0.081,0.5,"Mplus",12364,3248445,500,"Symmetric","2",3,TRUE,171.369999999995
"197","X=~x2",0.532,0.079,0.5,"Mplus",12364,3248445,500,"Symmetric","2",3,TRUE,171.369999999995
"198","X=~x3",0.432,0.075,0.5,"Mplus",12364,3248445,500,"Symmetric","2",3,TRUE,171.369999999995
"199","Z=~z1",0.442,0.091,0.5,"Mplus",12364,3248445,500,"Symmetric","2",3,TRUE,171.369999999995
"200","Z=~z2",0.468,0.094,0.5,"Mplus",12364,3248445,500,"Symmetric","2",3,TRUE,171.369999999995
"201","Z=~z3",0.429,0.09,0.5,"Mplus",12364,3248445,500,"Symmetric","2",3,TRUE,171.369999999995
"202","Y=~y1",0.655,0.077,0.5,"Mplus",12364,3248445,500,"Symmetric","2",3,TRUE,171.369999999995
"203","Y=~y2",0.499,0.071,0.5,"Mplus",12364,3248445,500,"Symmetric","2",3,TRUE,171.369999999995
"204","Y=~y3",0.494,0.073,0.5,"Mplus",12364,3248445,500,"Symmetric","2",3,TRUE,171.369999999995
"205","Y~X",0.555,0.108,0.4,"Mplus",12364,3248445,500,"Symmetric","2",3,TRUE,171.369999999995
"206","Y~Z",0.394,0.123,0.5,"Mplus",12364,3248445,500,"Symmetric","2",3,TRUE,171.369999999995
"207","Y~X:Z",0.104,0.158,0.3,"Mplus",12364,3248445,500,"Symmetric","2",3,TRUE,171.369999999995
"208","X~~Z",0.308,0.116,0.2,"Mplus",12364,3248445,500,"Symmetric","2",3,TRUE,171.369999999995
"209","X=~x1",0.837994201833093,0.042950886305856,0.8,"MC-OrdPLSc",12365,1135488,1000,"Symmetric","2",2,TRUE,19.3400000000111
"210","X=~x2",0.774016984941496,0.0356341632164998,0.8,"MC-OrdPLSc",12365,1135488,1000,"Symmetric","2",2,TRUE,19.3400000000111
"211","X=~x3",0.781538212017356,0.0361820494650125,0.8,"MC-OrdPLSc",12365,1135488,1000,"Symmetric","2",2,TRUE,19.3400000000111
"212","Z=~z1",0.784268280055991,0.0344641131187779,0.8,"MC-OrdPLSc",12365,1135488,1000,"Symmetric","2",2,TRUE,19.3400000000111
"213","Z=~z2",0.804402389254373,0.0408310744312716,0.8,"MC-OrdPLSc",12365,1135488,1000,"Symmetric","2",2,TRUE,19.3400000000111
"214","Z=~z3",0.824705153703902,0.0349807810792404,0.8,"MC-OrdPLSc",12365,1135488,1000,"Symmetric","2",2,TRUE,19.3400000000111
"215","Y=~y1",0.788468862072329,0.0311073892874374,0.8,"MC-OrdPLSc",12365,1135488,1000,"Symmetric","2",2,TRUE,19.3400000000111
"216","Y=~y2",0.799917200281485,0.0268630480113616,0.8,"MC-OrdPLSc",12365,1135488,1000,"Symmetric","2",2,TRUE,19.3400000000111
"217","Y=~y3",0.802538630914053,0.0315735441978865,0.8,"MC-OrdPLSc",12365,1135488,1000,"Symmetric","2",2,TRUE,19.3400000000111
"218","Y~X",0.403673805420311,0.0417334441917648,0.4,"MC-OrdPLSc",12365,1135488,1000,"Symmetric","2",2,TRUE,19.3400000000111
"219","Y~Z",0.475025273706621,0.041106551483371,0.5,"MC-OrdPLSc",12365,1135488,1000,"Symmetric","2",2,TRUE,19.3400000000111
"220","Y~X:Z",0.0774705623659116,0.0614346934335696,0.3,"MC-OrdPLSc",12365,1135488,1000,"Symmetric","2",2,TRUE,19.3400000000111
"221","X~~Z",0.211593624597459,0.0465161703459653,0.2,"MC-OrdPLSc",12365,1135488,1000,"Symmetric","2",2,TRUE,19.3400000000111
"222","X=~x1",0.710950124694529,0.0486426978972427,0.8,"PLSc",12365,1135488,1000,"Symmetric","2",2,TRUE,7.02999999999884
"223","X=~x2",0.605661330108416,0.0502880014248717,0.8,"PLSc",12365,1135488,1000,"Symmetric","2",2,TRUE,7.02999999999884
"224","X=~x3",0.671037865893983,0.051987016846916,0.8,"PLSc",12365,1135488,1000,"Symmetric","2",2,TRUE,7.02999999999884
"225","Z=~z1",0.669005737134285,0.0429415619141299,0.8,"PLSc",12365,1135488,1000,"Symmetric","2",2,TRUE,7.02999999999884
"226","Z=~z2",0.670935221307846,0.0444626986175405,0.8,"PLSc",12365,1135488,1000,"Symmetric","2",2,TRUE,7.02999999999884
"227","Z=~z3",0.665022609125398,0.0461532514676128,0.8,"PLSc",12365,1135488,1000,"Symmetric","2",2,TRUE,7.02999999999884
"228","Y=~y1",0.648799547180728,0.0362094909519411,0.8,"PLSc",12365,1135488,1000,"Symmetric","2",2,TRUE,7.02999999999884
"229","Y=~y2",0.687203480005429,0.0354638260203902,0.8,"PLSc",12365,1135488,1000,"Symmetric","2",2,TRUE,7.02999999999884
"230","Y=~y3",0.64421743443511,0.0346401282136904,0.8,"PLSc",12365,1135488,1000,"Symmetric","2",2,TRUE,7.02999999999884
"231","Y~X",0.385319569554572,0.0402527416505532,0.4,"PLSc",12365,1135488,1000,"Symmetric","2",2,TRUE,7.02999999999884
"232","Y~Z",0.454559638248772,0.039189740575785,0.5,"PLSc",12365,1135488,1000,"Symmetric","2",2,TRUE,7.02999999999884
"233","Y~X:Z",0.0583887195356271,0.0462109903974608,0.3,"PLSc",12365,1135488,1000,"Symmetric","2",2,TRUE,7.02999999999884
"234","X~~Z",0.196091946712418,0.0446264850615316,0.2,"PLSc",12365,1135488,1000,"Symmetric","2",2,TRUE,7.02999999999884
"235","X=~x1",0.814135347245772,0.0190708640284744,0.8,"PLS",12365,1135488,1000,"Symmetric","2",2,TRUE,1.93999999998778
"236","X=~x2",0.777794873625636,0.0217356491817078,0.8,"PLS",12365,1135488,1000,"Symmetric","2",2,TRUE,1.93999999998778
"237","X=~x3",0.781741143204748,0.0233648220480314,0.8,"PLS",12365,1135488,1000,"Symmetric","2",2,TRUE,1.93999999998778
"238","Z=~z1",0.782381978021555,0.0202509341570697,0.8,"PLS",12365,1135488,1000,"Symmetric","2",2,TRUE,1.93999999998778
"239","Z=~z2",0.794746078250622,0.0199151042458332,0.8,"PLS",12365,1135488,1000,"Symmetric","2",2,TRUE,1.93999999998778
"240","Z=~z3",0.806207862819532,0.019293960618015,0.8,"PLS",12365,1135488,1000,"Symmetric","2",2,TRUE,1.93999999998778
"241","Y=~y1",0.785079301163172,0.0178339458573821,0.8,"PLS",12365,1135488,1000,"Symmetric","2",2,TRUE,1.93999999998778
"242","Y=~y2",0.791383569650545,0.016837156503601,0.8,"PLS",12365,1135488,1000,"Symmetric","2",2,TRUE,1.93999999998778
"243","Y=~y3",0.793426502110664,0.0170424642040862,0.8,"PLS",12365,1135488,1000,"Symmetric","2",2,TRUE,1.93999999998778
"244","Y~X",0.287320398676769,0.0275219769375747,0.4,"PLS",12365,1135488,1000,"Symmetric","2",2,TRUE,1.93999999998778
"245","Y~Z",0.333081519336754,0.0265382499539396,0.5,"PLS",12365,1135488,1000,"Symmetric","2",2,TRUE,1.93999999998778
"246","Y~X:Z",0.0340843118881115,0.0263528680314958,0.3,"PLS",12365,1135488,1000,"Symmetric","2",2,TRUE,1.93999999998778
"247","X~~Z",0.138574579289257,0.031489589409833,0.2,"PLS",12365,1135488,1000,"Symmetric","2",2,TRUE,1.93999999998778
"248","X=~x1",0.819,0.033,0.8,"Mplus",12365,1135488,1000,"Symmetric","2",2,TRUE,136.839999999997
"249","X=~x2",0.786,0.034,0.8,"Mplus",12365,1135488,1000,"Symmetric","2",2,TRUE,136.839999999997
"250","X=~x3",0.74,0.035,0.8,"Mplus",12365,1135488,1000,"Symmetric","2",2,TRUE,136.839999999997
"251","Z=~z1",0.749,0.034,0.8,"Mplus",12365,1135488,1000,"Symmetric","2",2,TRUE,136.839999999997
"252","Z=~z2",0.787,0.033,0.8,"Mplus",12365,1135488,1000,"Symmetric","2",2,TRUE,136.839999999997
"253","Z=~z3",0.827,0.032,0.8,"Mplus",12365,1135488,1000,"Symmetric","2",2,TRUE,136.839999999997
"254","Y=~y1",0.778,0.033,0.8,"Mplus",12365,1135488,1000,"Symmetric","2",2,TRUE,136.839999999997
"255","Y=~y2",0.771,0.033,0.8,"Mplus",12365,1135488,1000,"Symmetric","2",2,TRUE,136.839999999997
"256","Y=~y3",0.799,0.032,0.8,"Mplus",12365,1135488,1000,"Symmetric","2",2,TRUE,136.839999999997
"257","Y~X",0.405,0.043,0.4,"Mplus",12365,1135488,1000,"Symmetric","2",2,TRUE,136.839999999997
"258","Y~Z",0.479,0.041,0.5,"Mplus",12365,1135488,1000,"Symmetric","2",2,TRUE,136.839999999997
"259","Y~X:Z",0.074,0.062,0.3,"Mplus",12365,1135488,1000,"Symmetric","2",2,TRUE,136.839999999997
"260","X~~Z",0.221,0.047,0.2,"Mplus",12365,1135488,1000,"Symmetric","2",2,TRUE,136.839999999997
"261","X=~x1",0.560913182563058,0.119208755345483,0.5,"MC-OrdPLSc",12366,943099,1000,"Symmetric","2",3,TRUE,25.8400000000111
"262","X=~x2",0.497655226454584,0.100489397344624,0.5,"MC-OrdPLSc",12366,943099,1000,"Symmetric","2",3,TRUE,25.8400000000111
"263","X=~x3",0.465249301487821,0.0837134592271416,0.5,"MC-OrdPLSc",12366,943099,1000,"Symmetric","2",3,TRUE,25.8400000000111
"264","Z=~z1",0.427455033559725,0.0823249473928865,0.5,"MC-OrdPLSc",12366,943099,1000,"Symmetric","2",3,TRUE,25.8400000000111
"265","Z=~z2",0.647119642487053,0.0855264230202087,0.5,"MC-OrdPLSc",12366,943099,1000,"Symmetric","2",3,TRUE,25.8400000000111
"266","Z=~z3",0.423031878614091,0.078719552300298,0.5,"MC-OrdPLSc",12366,943099,1000,"Symmetric","2",3,TRUE,25.8400000000111
"267","Y=~y1",0.622537057380034,0.0819138580228243,0.5,"MC-OrdPLSc",12366,943099,1000,"Symmetric","2",3,TRUE,25.8400000000111
"268","Y=~y2",0.585775522658115,0.0775620843288906,0.5,"MC-OrdPLSc",12366,943099,1000,"Symmetric","2",3,TRUE,25.8400000000111
"269","Y=~y3",0.573111095454086,0.0932283110848283,0.5,"MC-OrdPLSc",12366,943099,1000,"Symmetric","2",3,TRUE,25.8400000000111
"270","Y~X",0.31078798478149,0.0816266263000165,0.4,"MC-OrdPLSc",12366,943099,1000,"Symmetric","2",3,TRUE,25.8400000000111
"271","Y~Z",0.493995250120881,0.0749154635609393,0.5,"MC-OrdPLSc",12366,943099,1000,"Symmetric","2",3,TRUE,25.8400000000111
"272","Y~X:Z",0.553099279768563,0.124849505565872,0.3,"MC-OrdPLSc",12366,943099,1000,"Symmetric","2",3,TRUE,25.8400000000111
"273","X~~Z",0.340961912236208,0.0913466877781028,0.2,"MC-OrdPLSc",12366,943099,1000,"Symmetric","2",3,TRUE,25.8400000000111
"274","X=~x1",0.46742478721796,0.0891078331367201,0.5,"PLSc",12366,943099,1000,"Symmetric","2",3,TRUE,7.38999999999942
"275","X=~x2",0.371289125924587,0.0906156181469785,0.5,"PLSc",12366,943099,1000,"Symmetric","2",3,TRUE,7.38999999999942
"276","X=~x3",0.375646166581423,0.0893620920737833,0.5,"PLSc",12366,943099,1000,"Symmetric","2",3,TRUE,7.38999999999942
"277","Z=~z1",0.328932653038179,0.0697912652694783,0.5,"PLSc",12366,943099,1000,"Symmetric","2",3,TRUE,7.38999999999942
"278","Z=~z2",0.523180499143779,0.0728162615435087,0.5,"PLSc",12366,943099,1000,"Symmetric","2",3,TRUE,7.38999999999942
"279","Z=~z3",0.344720092691409,0.0701881700983884,0.5,"PLSc",12366,943099,1000,"Symmetric","2",3,TRUE,7.38999999999942
"280","Y=~y1",0.458549873582188,0.0582565938308825,0.5,"PLSc",12366,943099,1000,"Symmetric","2",3,TRUE,7.38999999999942
"281","Y=~y2",0.431850527677039,0.0618438432010701,0.5,"PLSc",12366,943099,1000,"Symmetric","2",3,TRUE,7.38999999999942
"282","Y=~y3",0.438700774668309,0.0549121307947947,0.5,"PLSc",12366,943099,1000,"Symmetric","2",3,TRUE,7.38999999999942
"283","Y~X",0.236801995398469,0.33449529671629,0.4,"PLSc",12366,943099,1000,"Symmetric","2",3,TRUE,7.38999999999942
"284","Y~Z",0.602951681754442,0.37113066961332,0.5,"PLSc",12366,943099,1000,"Symmetric","2",3,TRUE,7.38999999999942
"285","Y~X:Z",0.580381549614629,0.456416407033762,0.3,"PLSc",12366,943099,1000,"Symmetric","2",3,TRUE,7.38999999999942
"286","X~~Z",0.338849481960813,0.0849671024489818,0.2,"PLSc",12366,943099,1000,"Symmetric","2",3,TRUE,7.38999999999942
"287","X=~x1",0.716784467042228,0.0896481126812801,0.5,"PLS",12366,943099,1000,"Symmetric","2",3,TRUE,2.32000000000698
"288","X=~x2",0.654589767557097,0.088796198926146,0.5,"PLS",12366,943099,1000,"Symmetric","2",3,TRUE,2.32000000000698
"289","X=~x3",0.620918671096368,0.10054901456083,0.5,"PLS",12366,943099,1000,"Symmetric","2",3,TRUE,2.32000000000698
"290","Z=~z1",0.581687816483867,0.0781732335744441,0.5,"PLS",12366,943099,1000,"Symmetric","2",3,TRUE,2.32000000000698
"291","Z=~z2",0.795158357780833,0.0529059001378807,0.5,"PLS",12366,943099,1000,"Symmetric","2",3,TRUE,2.32000000000698
"292","Z=~z3",0.578265941788956,0.0833039328853597,0.5,"PLS",12366,943099,1000,"Symmetric","2",3,TRUE,2.32000000000698
"293","Y=~y1",0.702302221528648,0.0486082900508306,0.5,"PLS",12366,943099,1000,"Symmetric","2",3,TRUE,2.32000000000698
"294","Y=~y2",0.672453056563685,0.0551712253412347,0.5,"PLS",12366,943099,1000,"Symmetric","2",3,TRUE,2.32000000000698
"295","Y=~y3",0.668571478662777,0.0514714469669496,0.5,"PLS",12366,943099,1000,"Symmetric","2",3,TRUE,2.32000000000698
"296","Y~X",0.157742979497304,0.0280512378194706,0.4,"PLS",12366,943099,1000,"Symmetric","2",3,TRUE,2.32000000000698
"297","Y~Z",0.221580804721176,0.0283012136330832,0.5,"PLS",12366,943099,1000,"Symmetric","2",3,TRUE,2.32000000000698
"298","Y~X:Z",0.129527289187224,0.0298662312386859,0.3,"PLS",12366,943099,1000,"Symmetric","2",3,TRUE,2.32000000000698
"299","X~~Z",0.12896516982389,0.031228726004057,0.2,"PLS",12366,943099,1000,"Symmetric","2",3,TRUE,2.32000000000698
"300","X=~x1",0.466,0.064,0.5,"Mplus",12366,943099,1000,"Symmetric","2",3,TRUE,203.470000000001
"301","X=~x2",0.493,0.065,0.5,"Mplus",12366,943099,1000,"Symmetric","2",3,TRUE,203.470000000001
"302","X=~x3",0.459,0.064,0.5,"Mplus",12366,943099,1000,"Symmetric","2",3,TRUE,203.470000000001
"303","Z=~z1",0.417,0.057,0.5,"Mplus",12366,943099,1000,"Symmetric","2",3,TRUE,203.470000000001
"304","Z=~z2",0.615,0.068,0.5,"Mplus",12366,943099,1000,"Symmetric","2",3,TRUE,203.470000000001
"305","Z=~z3",0.384,0.057,0.5,"Mplus",12366,943099,1000,"Symmetric","2",3,TRUE,203.470000000001
"306","Y=~y1",0.603,0.066,0.5,"Mplus",12366,943099,1000,"Symmetric","2",3,TRUE,203.470000000001
"307","Y=~y2",0.534,0.062,0.5,"Mplus",12366,943099,1000,"Symmetric","2",3,TRUE,203.470000000001
"308","Y=~y3",0.506,0.06,0.5,"Mplus",12366,943099,1000,"Symmetric","2",3,TRUE,203.470000000001
"309","Y~X",0.319,0.085,0.4,"Mplus",12366,943099,1000,"Symmetric","2",3,TRUE,203.470000000001
"310","Y~Z",0.469,0.08,0.5,"Mplus",12366,943099,1000,"Symmetric","2",3,TRUE,203.470000000001
"311","Y~X:Z",0.468,0.108,0.3,"Mplus",12366,943099,1000,"Symmetric","2",3,TRUE,203.470000000001
"312","X~~Z",0.337,0.081,0.2,"Mplus",12366,943099,1000,"Symmetric","2",3,TRUE,203.470000000001
"313","X=~x1",0.733057051536118,0.0564102976729338,0.8,"MC-OrdPLSc",12367,4159829,200,"Symmetric","3",2,TRUE,16.0599999999977
"314","X=~x2",0.761665905294097,0.0667315467048077,0.8,"MC-OrdPLSc",12367,4159829,200,"Symmetric","3",2,TRUE,16.0599999999977
"315","X=~x3",0.835470098803699,0.0546531828087852,0.8,"MC-OrdPLSc",12367,4159829,200,"Symmetric","3",2,TRUE,16.0599999999977
"316","Z=~z1",0.773320400379116,0.0630583862346231,0.8,"MC-OrdPLSc",12367,4159829,200,"Symmetric","3",2,TRUE,16.0599999999977
"317","Z=~z2",0.784930885329253,0.0681415159061634,0.8,"MC-OrdPLSc",12367,4159829,200,"Symmetric","3",2,TRUE,16.0599999999977
"318","Z=~z3",0.873847450823579,0.0627920726621717,0.8,"MC-OrdPLSc",12367,4159829,200,"Symmetric","3",2,TRUE,16.0599999999977
"319","Y=~y1",0.831355691255324,0.0518362323138585,0.8,"MC-OrdPLSc",12367,4159829,200,"Symmetric","3",2,TRUE,16.0599999999977
"320","Y=~y2",0.751505597143533,0.0539482658248223,0.8,"MC-OrdPLSc",12367,4159829,200,"Symmetric","3",2,TRUE,16.0599999999977
"321","Y=~y3",0.819189243008816,0.059358052143779,0.8,"MC-OrdPLSc",12367,4159829,200,"Symmetric","3",2,TRUE,16.0599999999977
"322","Y~X",0.45807357891849,0.0837951277084547,0.4,"MC-OrdPLSc",12367,4159829,200,"Symmetric","3",2,TRUE,16.0599999999977
"323","Y~Z",0.45695639130707,0.092006413363324,0.5,"MC-OrdPLSc",12367,4159829,200,"Symmetric","3",2,TRUE,16.0599999999977
"324","Y~X:Z",0.410347757429357,0.114086942590158,0.3,"MC-OrdPLSc",12367,4159829,200,"Symmetric","3",2,TRUE,16.0599999999977
"325","X~~Z",0.303691316199481,0.0815180927077199,0.2,"MC-OrdPLSc",12367,4159829,200,"Symmetric","3",2,TRUE,16.0599999999977
"326","X=~x1",0.648070165502709,0.0775885185547914,0.8,"PLSc",12367,4159829,200,"Symmetric","3",2,TRUE,3.16999999999825
"327","X=~x2",0.683897447331101,0.0791443710021976,0.8,"PLSc",12367,4159829,200,"Symmetric","3",2,TRUE,3.16999999999825
"328","X=~x3",0.749920317790548,0.0747485484313617,0.8,"PLSc",12367,4159829,200,"Symmetric","3",2,TRUE,3.16999999999825
"329","Z=~z1",0.731402499654347,0.0835355395545908,0.8,"PLSc",12367,4159829,200,"Symmetric","3",2,TRUE,3.16999999999825
"330","Z=~z2",0.652273577728991,0.0950147722340645,0.8,"PLSc",12367,4159829,200,"Symmetric","3",2,TRUE,3.16999999999825
"331","Z=~z3",0.760892306334341,0.0814143951981022,0.8,"PLSc",12367,4159829,200,"Symmetric","3",2,TRUE,3.16999999999825
"332","Y=~y1",0.720855046870015,0.063969540280632,0.8,"PLSc",12367,4159829,200,"Symmetric","3",2,TRUE,3.16999999999825
"333","Y=~y2",0.69015823133695,0.0544274146877701,0.8,"PLSc",12367,4159829,200,"Symmetric","3",2,TRUE,3.16999999999825
"334","Y=~y3",0.670496174554435,0.0574027739408792,0.8,"PLSc",12367,4159829,200,"Symmetric","3",2,TRUE,3.16999999999825
"335","Y~X",0.437124773532233,0.113500570107552,0.4,"PLSc",12367,4159829,200,"Symmetric","3",2,TRUE,3.16999999999825
"336","Y~Z",0.451233673858605,0.100925706984328,0.5,"PLSc",12367,4159829,200,"Symmetric","3",2,TRUE,3.16999999999825
"337","Y~X:Z",0.405526475725918,0.213981890099968,0.3,"PLSc",12367,4159829,200,"Symmetric","3",2,TRUE,3.16999999999825
"338","X~~Z",0.300638223136147,0.0840574720000411,0.2,"PLSc",12367,4159829,200,"Symmetric","3",2,TRUE,3.16999999999825
"339","X=~x1",0.780895561340657,0.0385535109747818,0.8,"PLS",12367,4159829,200,"Symmetric","3",2,TRUE,1.79999999998836
"340","X=~x2",0.8047115471463,0.0361434836373855,0.8,"PLS",12367,4159829,200,"Symmetric","3",2,TRUE,1.79999999998836
"341","X=~x3",0.839074292003966,0.0255100391491241,0.8,"PLS",12367,4159829,200,"Symmetric","3",2,TRUE,1.79999999998836
"342","Z=~z1",0.808253953748485,0.0355642830602516,0.8,"PLS",12367,4159829,200,"Symmetric","3",2,TRUE,1.79999999998836
"343","Z=~z2",0.800334600219707,0.0414511742074199,0.8,"PLS",12367,4159829,200,"Symmetric","3",2,TRUE,1.79999999998836
"344","Z=~z3",0.853432751076762,0.0283165340527424,0.8,"PLS",12367,4159829,200,"Symmetric","3",2,TRUE,1.79999999998836
"345","Y=~y1",0.822715617828078,0.0290566717275294,0.8,"PLS",12367,4159829,200,"Symmetric","3",2,TRUE,1.79999999998836
"346","Y=~y2",0.782560025311849,0.0309304323977313,0.8,"PLS",12367,4159829,200,"Symmetric","3",2,TRUE,1.79999999998836
"347","Y=~y3",0.82163224334771,0.0262374475367123,0.8,"PLS",12367,4159829,200,"Symmetric","3",2,TRUE,1.79999999998836
"348","Y~X",0.355695152811229,0.061791640630974,0.4,"PLS",12367,4159829,200,"Symmetric","3",2,TRUE,1.79999999998836
"349","Y~Z",0.362208820326697,0.0586235808990282,0.5,"PLS",12367,4159829,200,"Symmetric","3",2,TRUE,1.79999999998836
"350","Y~X:Z",0.235376551185312,0.0674646318833883,0.3,"PLS",12367,4159829,200,"Symmetric","3",2,TRUE,1.79999999998836
"351","X~~Z",0.225874829006746,0.0641831313520532,0.2,"PLS",12367,4159829,200,"Symmetric","3",2,TRUE,1.79999999998836
"352","X=~x1",0.724,0.062,0.8,"Mplus",12367,4159829,200,"Symmetric","3",2,TRUE,93
"353","X=~x2",0.782,0.057,0.8,"Mplus",12367,4159829,200,"Symmetric","3",2,TRUE,93
"354","X=~x3",0.808,0.057,0.8,"Mplus",12367,4159829,200,"Symmetric","3",2,TRUE,93
"355","Z=~z1",0.746,0.058,0.8,"Mplus",12367,4159829,200,"Symmetric","3",2,TRUE,93
"356","Z=~z2",0.796,0.054,0.8,"Mplus",12367,4159829,200,"Symmetric","3",2,TRUE,93
"357","Z=~z3",0.859,0.049,0.8,"Mplus",12367,4159829,200,"Symmetric","3",2,TRUE,93
"358","Y=~y1",0.827,0.053,0.8,"Mplus",12367,4159829,200,"Symmetric","3",2,TRUE,93
"359","Y=~y2",0.756,0.063,0.8,"Mplus",12367,4159829,200,"Symmetric","3",2,TRUE,93
"360","Y=~y3",0.83,0.053,0.8,"Mplus",12367,4159829,200,"Symmetric","3",2,TRUE,93
"361","Y~X",0.435,0.075,0.4,"Mplus",12367,4159829,200,"Symmetric","3",2,TRUE,93
"362","Y~Z",0.468,0.073,0.5,"Mplus",12367,4159829,200,"Symmetric","3",2,TRUE,93
"363","Y~X:Z",0.473,0.084,0.3,"Mplus",12367,4159829,200,"Symmetric","3",2,TRUE,93
"364","X~~Z",0.312,0.088,0.2,"Mplus",12367,4159829,200,"Symmetric","3",2,TRUE,93
"365","X=~x1",0.679994257948415,0.245476835324681,0.5,"MC-OrdPLSc",12368,8825851,200,"Symmetric","3",3,TRUE,21.2200000000012
"366","X=~x2",0.376194028221582,0.209852828102105,0.5,"MC-OrdPLSc",12368,8825851,200,"Symmetric","3",3,TRUE,21.2200000000012
"367","X=~x3",0.457340026567666,0.218448440070215,0.5,"MC-OrdPLSc",12368,8825851,200,"Symmetric","3",3,TRUE,21.2200000000012
"368","Z=~z1",0.443731174651318,0.178721793721527,0.5,"MC-OrdPLSc",12368,8825851,200,"Symmetric","3",3,TRUE,21.2200000000012
"369","Z=~z2",0.536761102219352,0.148872886750408,0.5,"MC-OrdPLSc",12368,8825851,200,"Symmetric","3",3,TRUE,21.2200000000012
"370","Z=~z3",0.499218088638056,0.187584007211433,0.5,"MC-OrdPLSc",12368,8825851,200,"Symmetric","3",3,TRUE,21.2200000000012
"371","Y=~y1",0.493819918004181,0.17319062243563,0.5,"MC-OrdPLSc",12368,8825851,200,"Symmetric","3",3,TRUE,21.2200000000012
"372","Y=~y2",0.415580553711686,0.175924057616061,0.5,"MC-OrdPLSc",12368,8825851,200,"Symmetric","3",3,TRUE,21.2200000000012
"373","Y=~y3",0.465526303670618,0.231218589792647,0.5,"MC-OrdPLSc",12368,8825851,200,"Symmetric","3",3,TRUE,21.2200000000012
"374","Y~X",0.441117610489193,0.243923537138482,0.4,"MC-OrdPLSc",12368,8825851,200,"Symmetric","3",3,TRUE,21.2200000000012
"375","Y~Z",0.653646414090459,0.232532126137083,0.5,"MC-OrdPLSc",12368,8825851,200,"Symmetric","3",3,TRUE,21.2200000000012
"376","Y~X:Z",0.331868320081706,0.38799539385038,0.3,"MC-OrdPLSc",12368,8825851,200,"Symmetric","3",3,TRUE,21.2200000000012
"377","X~~Z",0.254538184668173,0.191511229231974,0.2,"MC-OrdPLSc",12368,8825851,200,"Symmetric","3",3,TRUE,21.2200000000012
"378","X=~x1",0.620315769914239,0.173265812934107,0.5,"PLSc",12368,8825851,200,"Symmetric","3",3,FALSE,4.3700000000099
"379","X=~x2",0.358837274070306,0.169737844175042,0.5,"PLSc",12368,8825851,200,"Symmetric","3",3,FALSE,4.3700000000099
"380","X=~x3",0.367503732955542,0.151918102871866,0.5,"PLSc",12368,8825851,200,"Symmetric","3",3,FALSE,4.3700000000099
"381","Z=~z1",0.340647284094119,0.14933133890227,0.5,"PLSc",12368,8825851,200,"Symmetric","3",3,FALSE,4.3700000000099
"382","Z=~z2",0.507188335811047,0.130061969485511,0.5,"PLSc",12368,8825851,200,"Symmetric","3",3,FALSE,4.3700000000099
"383","Z=~z3",0.447656090822022,0.14921945144317,0.5,"PLSc",12368,8825851,200,"Symmetric","3",3,FALSE,4.3700000000099
"384","Y=~y1",0.461796599614198,0.122570478062603,0.5,"PLSc",12368,8825851,200,"Symmetric","3",3,FALSE,4.3700000000099
"385","Y=~y2",0.317729948483648,0.118058580693974,0.5,"PLSc",12368,8825851,200,"Symmetric","3",3,FALSE,4.3700000000099
"386","Y=~y3",0.402839838897117,0.120081991697975,0.5,"PLSc",12368,8825851,200,"Symmetric","3",3,FALSE,4.3700000000099
"387","Y~X",0.195628019802925,12.52590677396,0.4,"PLSc",12368,8825851,200,"Symmetric","3",3,FALSE,4.3700000000099
"388","Y~Z",1.51978342572333,14.6816006965387,0.5,"PLSc",12368,8825851,200,"Symmetric","3",3,FALSE,4.3700000000099
"389","Y~X:Z",1.34797568108561,19.0720714662701,0.3,"PLSc",12368,8825851,200,"Symmetric","3",3,FALSE,4.3700000000099
"390","X~~Z",0.253526134826767,0.187383333664973,0.2,"PLSc",12368,8825851,200,"Symmetric","3",3,FALSE,4.3700000000099
"391","X=~x1",0.824198171720543,0.136975532034818,0.5,"PLS",12368,8825851,200,"Symmetric","3",3,TRUE,2.95000000001164
"392","X=~x2",0.542443949356012,0.197848762050271,0.5,"PLS",12368,8825851,200,"Symmetric","3",3,TRUE,2.95000000001164
"393","X=~x3",0.641060243265275,0.144504263914549,0.5,"PLS",12368,8825851,200,"Symmetric","3",3,TRUE,2.95000000001164
"394","Z=~z1",0.623580084094576,0.147484305841565,0.5,"PLS",12368,8825851,200,"Symmetric","3",3,TRUE,2.95000000001164
"395","Z=~z2",0.724864950580682,0.119888464223553,0.5,"PLS",12368,8825851,200,"Symmetric","3",3,TRUE,2.95000000001164
"396","Z=~z3",0.680880863396855,0.146652141717552,0.5,"PLS",12368,8825851,200,"Symmetric","3",3,TRUE,2.95000000001164
"397","Y=~y1",0.697214841658622,0.1416655354744,0.5,"PLS",12368,8825851,200,"Symmetric","3",3,TRUE,2.95000000001164
"398","Y=~y2",0.615829453714558,0.131437962208603,0.5,"PLS",12368,8825851,200,"Symmetric","3",3,TRUE,2.95000000001164
"399","Y=~y3",0.672053165927617,0.142266161692563,0.5,"PLS",12368,8825851,200,"Symmetric","3",3,TRUE,2.95000000001164
"400","Y~X",0.221661555327466,0.0599896262923689,0.4,"PLS",12368,8825851,200,"Symmetric","3",3,TRUE,2.95000000001164
"401","Y~Z",0.276614460771283,0.064632209010735,0.5,"PLS",12368,8825851,200,"Symmetric","3",3,TRUE,2.95000000001164
"402","Y~X:Z",0.0871249227526485,0.0809750050594825,0.3,"PLS",12368,8825851,200,"Symmetric","3",3,TRUE,2.95000000001164
"403","X~~Z",0.113234225639411,0.0704109497548454,0.2,"PLS",12368,8825851,200,"Symmetric","3",3,TRUE,2.95000000001164
"404","X=~x1",0.65,0.159,0.5,"Mplus",12368,8825851,200,"Symmetric","3",3,TRUE,139.029999999999
"405","X=~x2",0.296,0.113,0.5,"Mplus",12368,8825851,200,"Symmetric","3",3,TRUE,139.029999999999
"406","X=~x3",0.497,0.132,0.5,"Mplus",12368,8825851,200,"Symmetric","3",3,TRUE,139.029999999999
"407","Z=~z1",0.52,0.12,0.5,"Mplus",12368,8825851,200,"Symmetric","3",3,TRUE,139.029999999999
"408","Z=~z2",0.444,0.117,0.5,"Mplus",12368,8825851,200,"Symmetric","3",3,TRUE,139.029999999999
"409","Z=~z3",0.51,0.116,0.5,"Mplus",12368,8825851,200,"Symmetric","3",3,TRUE,139.029999999999
"410","Y=~y1",0.429,0.114,0.5,"Mplus",12368,8825851,200,"Symmetric","3",3,TRUE,139.029999999999
"411","Y=~y2",0.456,0.117,0.5,"Mplus",12368,8825851,200,"Symmetric","3",3,TRUE,139.029999999999
"412","Y=~y3",0.49,0.117,0.5,"Mplus",12368,8825851,200,"Symmetric","3",3,TRUE,139.029999999999
"413","Y~X",0.442,0.186,0.4,"Mplus",12368,8825851,200,"Symmetric","3",3,TRUE,139.029999999999
"414","Y~Z",0.592,0.194,0.5,"Mplus",12368,8825851,200,"Symmetric","3",3,TRUE,139.029999999999
"415","Y~X:Z",0.048,0.216,0.3,"Mplus",12368,8825851,200,"Symmetric","3",3,TRUE,139.029999999999
"416","X~~Z",0.203,0.17,0.2,"Mplus",12368,8825851,200,"Symmetric","3",3,TRUE,139.029999999999
"417","X=~x1",0.786010370541503,0.0451467407627201,0.8,"MC-OrdPLSc",12369,996015,500,"Symmetric","3",2,TRUE,17.7200000000012
"418","X=~x2",0.783062184436087,0.0433117748306156,0.8,"MC-OrdPLSc",12369,996015,500,"Symmetric","3",2,TRUE,17.7200000000012
"419","X=~x3",0.801942295110732,0.0517825942138283,0.8,"MC-OrdPLSc",12369,996015,500,"Symmetric","3",2,TRUE,17.7200000000012
"420","Z=~z1",0.802105611123784,0.0492635975249951,0.8,"MC-OrdPLSc",12369,996015,500,"Symmetric","3",2,TRUE,17.7200000000012
"421","Z=~z2",0.743616374389118,0.0388031459451814,0.8,"MC-OrdPLSc",12369,996015,500,"Symmetric","3",2,TRUE,17.7200000000012
"422","Z=~z3",0.867860426855784,0.0392256040696728,0.8,"MC-OrdPLSc",12369,996015,500,"Symmetric","3",2,TRUE,17.7200000000012
"423","Y=~y1",0.805707999411941,0.0357587538954274,0.8,"MC-OrdPLSc",12369,996015,500,"Symmetric","3",2,TRUE,17.7200000000012
"424","Y=~y2",0.838637125680644,0.0351666950281124,0.8,"MC-OrdPLSc",12369,996015,500,"Symmetric","3",2,TRUE,17.7200000000012
"425","Y=~y3",0.81140196347804,0.0315643603428059,0.8,"MC-OrdPLSc",12369,996015,500,"Symmetric","3",2,TRUE,17.7200000000012
"426","Y~X",0.356118064320389,0.0517486439945842,0.4,"MC-OrdPLSc",12369,996015,500,"Symmetric","3",2,TRUE,17.7200000000012
"427","Y~Z",0.481101197092666,0.0492742389994727,0.5,"MC-OrdPLSc",12369,996015,500,"Symmetric","3",2,TRUE,17.7200000000012
"428","Y~X:Z",0.246784327624478,0.0645009985764914,0.3,"MC-OrdPLSc",12369,996015,500,"Symmetric","3",2,TRUE,17.7200000000012
"429","X~~Z",0.226156545166449,0.0589903264795389,0.2,"MC-OrdPLSc",12369,996015,500,"Symmetric","3",2,TRUE,17.7200000000012
"430","X=~x1",0.717684866759557,0.0624669185085186,0.8,"PLSc",12369,996015,500,"Symmetric","3",2,TRUE,4.51999999998952
"431","X=~x2",0.697890333829359,0.06445503275674,0.8,"PLSc",12369,996015,500,"Symmetric","3",2,TRUE,4.51999999998952
"432","X=~x3",0.697047676968606,0.0591109697470619,0.8,"PLSc",12369,996015,500,"Symmetric","3",2,TRUE,4.51999999998952
"433","Z=~z1",0.688182501021095,0.0579998029276485,0.8,"PLSc",12369,996015,500,"Symmetric","3",2,TRUE,4.51999999998952
"434","Z=~z2",0.663298915814555,0.0551848520896662,0.8,"PLSc",12369,996015,500,"Symmetric","3",2,TRUE,4.51999999998952
"435","Z=~z3",0.795247904929245,0.0493341643420175,0.8,"PLSc",12369,996015,500,"Symmetric","3",2,TRUE,4.51999999998952
"436","Y=~y1",0.694555384928764,0.0423367718644207,0.8,"PLSc",12369,996015,500,"Symmetric","3",2,TRUE,4.51999999998952
"437","Y=~y2",0.7666369876611,0.0421908875421349,0.8,"PLSc",12369,996015,500,"Symmetric","3",2,TRUE,4.51999999998952
"438","Y=~y3",0.714122549540935,0.0385563233560063,0.8,"PLSc",12369,996015,500,"Symmetric","3",2,TRUE,4.51999999998952
"439","Y~X",0.360808487545653,0.0527369224552261,0.4,"PLSc",12369,996015,500,"Symmetric","3",2,TRUE,4.51999999998952
"440","Y~Z",0.477583473366727,0.0507748469922613,0.5,"PLSc",12369,996015,500,"Symmetric","3",2,TRUE,4.51999999998952
"441","Y~X:Z",0.23145388805822,0.0634403695238522,0.3,"PLSc",12369,996015,500,"Symmetric","3",2,TRUE,4.51999999998952
"442","X~~Z",0.22522006184649,0.0563203453905246,0.2,"PLSc",12369,996015,500,"Symmetric","3",2,TRUE,4.51999999998952
"443","X=~x1",0.811464199037892,0.0245835238565796,0.8,"PLS",12369,996015,500,"Symmetric","3",2,TRUE,1.91000000000349
"444","X=~x2",0.812825399981083,0.0229058832422656,0.8,"PLS",12369,996015,500,"Symmetric","3",2,TRUE,1.91000000000349
"445","X=~x3",0.820397265291232,0.0220200594088362,0.8,"PLS",12369,996015,500,"Symmetric","3",2,TRUE,1.91000000000349
"446","Z=~z1",0.823426391071931,0.0244660560617729,0.8,"PLS",12369,996015,500,"Symmetric","3",2,TRUE,1.91000000000349
"447","Z=~z2",0.786993356999921,0.0251897321172683,0.8,"PLS",12369,996015,500,"Symmetric","3",2,TRUE,1.91000000000349
"448","Z=~z3",0.851518168637667,0.0167283030481135,0.8,"PLS",12369,996015,500,"Symmetric","3",2,TRUE,1.91000000000349
"449","Y=~y1",0.821103922898721,0.0176177083926691,0.8,"PLS",12369,996015,500,"Symmetric","3",2,TRUE,1.91000000000349
"450","Y=~y2",0.835870721713542,0.0174336205384933,0.8,"PLS",12369,996015,500,"Symmetric","3",2,TRUE,1.91000000000349
"451","Y=~y3",0.824104368302857,0.0168814676617265,0.8,"PLS",12369,996015,500,"Symmetric","3",2,TRUE,1.91000000000349
"452","Y~X",0.283007936322159,0.0372797133477732,0.4,"PLS",12369,996015,500,"Symmetric","3",2,TRUE,1.91000000000349
"453","Y~Z",0.377608870034365,0.0354725591097266,0.5,"PLS",12369,996015,500,"Symmetric","3",2,TRUE,1.91000000000349
"454","Y~X:Z",0.145162223753227,0.0347947021228154,0.3,"PLS",12369,996015,500,"Symmetric","3",2,TRUE,1.91000000000349
"455","X~~Z",0.170433269580295,0.0435590297793662,0.2,"PLS",12369,996015,500,"Symmetric","3",2,TRUE,1.91000000000349
"456","X=~x1",0.758,0.038,0.8,"Mplus",12369,996015,500,"Symmetric","3",2,TRUE,237.440000000002
"457","X=~x2",0.788,0.038,0.8,"Mplus",12369,996015,500,"Symmetric","3",2,TRUE,237.440000000002
"458","X=~x3",0.799,0.038,0.8,"Mplus",12369,996015,500,"Symmetric","3",2,TRUE,237.440000000002
"459","Z=~z1",0.816,0.033,0.8,"Mplus",12369,996015,500,"Symmetric","3",2,TRUE,237.440000000002
"460","Z=~z2",0.738,0.038,0.8,"Mplus",12369,996015,500,"Symmetric","3",2,TRUE,237.440000000002
"461","Z=~z3",0.848,0.034,0.8,"Mplus",12369,996015,500,"Symmetric","3",2,TRUE,237.440000000002
"462","Y=~y1",0.81,0.033,0.8,"Mplus",12369,996015,500,"Symmetric","3",2,TRUE,237.440000000002
"463","Y=~y2",0.832,0.033,0.8,"Mplus",12369,996015,500,"Symmetric","3",2,TRUE,237.440000000002
"464","Y=~y3",0.806,0.034,0.8,"Mplus",12369,996015,500,"Symmetric","3",2,TRUE,237.440000000002
"465","Y~X",0.365,0.05,0.4,"Mplus",12369,996015,500,"Symmetric","3",2,TRUE,237.440000000002
"466","Y~Z",0.481,0.047,0.5,"Mplus",12369,996015,500,"Symmetric","3",2,TRUE,237.440000000002
"467","Y~X:Z",0.259,0.056,0.3,"Mplus",12369,996015,500,"Symmetric","3",2,TRUE,237.440000000002
"468","X~~Z",0.226,0.057,0.2,"Mplus",12369,996015,500,"Symmetric","3",2,TRUE,237.440000000002
"469","X=~x1",0.516796542310924,0.115999159361302,0.5,"MC-OrdPLSc",12370,7146988,500,"Symmetric","3",3,TRUE,21.7399999999907
"470","X=~x2",0.616940339107577,0.129114599380183,0.5,"MC-OrdPLSc",12370,7146988,500,"Symmetric","3",3,TRUE,21.7399999999907
"471","X=~x3",0.220120030066006,0.108480247410458,0.5,"MC-OrdPLSc",12370,7146988,500,"Symmetric","3",3,TRUE,21.7399999999907
"472","Z=~z1",0.5316260861089,0.0920345601773902,0.5,"MC-OrdPLSc",12370,7146988,500,"Symmetric","3",3,TRUE,21.7399999999907
"473","Z=~z2",0.426610752960009,0.0769818797344152,0.5,"MC-OrdPLSc",12370,7146988,500,"Symmetric","3",3,TRUE,21.7399999999907
"474","Z=~z3",0.500462007440419,0.0781498148354125,0.5,"MC-OrdPLSc",12370,7146988,500,"Symmetric","3",3,TRUE,21.7399999999907
"475","Y=~y1",0.552288582094114,0.0647955015821627,0.5,"MC-OrdPLSc",12370,7146988,500,"Symmetric","3",3,TRUE,21.7399999999907
"476","Y=~y2",0.606902404035331,0.0709565351879173,0.5,"MC-OrdPLSc",12370,7146988,500,"Symmetric","3",3,TRUE,21.7399999999907
"477","Y=~y3",0.44352796969733,0.0628692323660596,0.5,"MC-OrdPLSc",12370,7146988,500,"Symmetric","3",3,TRUE,21.7399999999907
"478","Y~X",0.245295410834423,0.12035710916202,0.4,"MC-OrdPLSc",12370,7146988,500,"Symmetric","3",3,TRUE,21.7399999999907
"479","Y~Z",0.602912437537377,0.111436645190647,0.5,"MC-OrdPLSc",12370,7146988,500,"Symmetric","3",3,TRUE,21.7399999999907
"480","Y~X:Z",0.0664528413841249,0.126902281737042,0.3,"MC-OrdPLSc",12370,7146988,500,"Symmetric","3",3,TRUE,21.7399999999907
"481","X~~Z",0.377764764370261,0.114515693857827,0.2,"MC-OrdPLSc",12370,7146988,500,"Symmetric","3",3,TRUE,21.7399999999907
"482","X=~x1",0.461494834894461,0.106398366452008,0.5,"PLSc",12370,7146988,500,"Symmetric","3",3,TRUE,4.75
"483","X=~x2",0.559571476949727,0.12220337775266,0.5,"PLSc",12370,7146988,500,"Symmetric","3",3,TRUE,4.75
"484","X=~x3",0.140741958063316,0.130217351235624,0.5,"PLSc",12370,7146988,500,"Symmetric","3",3,TRUE,4.75
"485","Z=~z1",0.467403072171036,0.0737224805434382,0.5,"PLSc",12370,7146988,500,"Symmetric","3",3,TRUE,4.75
"486","Z=~z2",0.362589398347296,0.0858113617033162,0.5,"PLSc",12370,7146988,500,"Symmetric","3",3,TRUE,4.75
"487","Z=~z3",0.462485046501459,0.0748739917452131,0.5,"PLSc",12370,7146988,500,"Symmetric","3",3,TRUE,4.75
"488","Y=~y1",0.479284021908927,0.0719543400938088,0.5,"PLSc",12370,7146988,500,"Symmetric","3",3,TRUE,4.75
"489","Y=~y2",0.5280274371528,0.0734593098447399,0.5,"PLSc",12370,7146988,500,"Symmetric","3",3,TRUE,4.75
"490","Y=~y3",0.40674981597273,0.0660338700333526,0.5,"PLSc",12370,7146988,500,"Symmetric","3",3,TRUE,4.75
"491","Y~X",0.25369775837167,2.42491071048535,0.4,"PLSc",12370,7146988,500,"Symmetric","3",3,TRUE,4.75
"492","Y~Z",0.599741960933037,3.31209350321271,0.5,"PLSc",12370,7146988,500,"Symmetric","3",3,TRUE,4.75
"493","Y~X:Z",0.0525184733429124,4.30313359587088,0.3,"PLSc",12370,7146988,500,"Symmetric","3",3,TRUE,4.75
"494","X~~Z",0.377636898839191,0.186591188665504,0.2,"PLSc",12370,7146988,500,"Symmetric","3",3,TRUE,4.75
"495","X=~x1",0.726941481857756,0.0935756543477648,0.5,"PLS",12370,7146988,500,"Symmetric","3",3,TRUE,2.27000000000407
"496","X=~x2",0.808820367352996,0.0773705466435693,0.5,"PLS",12370,7146988,500,"Symmetric","3",3,TRUE,2.27000000000407
"497","X=~x3",0.345747547757149,0.165074069313544,0.5,"PLS",12370,7146988,500,"Symmetric","3",3,TRUE,2.27000000000407
"498","Z=~z1",0.721175997633629,0.0599073711185535,0.5,"PLS",12370,7146988,500,"Symmetric","3",3,TRUE,2.27000000000407
"499","Z=~z2",0.611731584229307,0.085146059351311,0.5,"PLS",12370,7146988,500,"Symmetric","3",3,TRUE,2.27000000000407
"500","Z=~z3",0.690102372756184,0.0702447347301484,0.5,"PLS",12370,7146988,500,"Symmetric","3",3,TRUE,2.27000000000407
"501","Y=~y1",0.706787098951986,0.0568476686496287,0.5,"PLS",12370,7146988,500,"Symmetric","3",3,TRUE,2.27000000000407
"502","Y=~y2",0.757585221733495,0.0507476437818859,0.5,"PLS",12370,7146988,500,"Symmetric","3",3,TRUE,2.27000000000407
"503","Y=~y3",0.605475087826625,0.0653620847906922,0.5,"PLS",12370,7146988,500,"Symmetric","3",3,TRUE,2.27000000000407
"504","Y~X",0.166041747709707,0.0408949744444222,0.4,"PLS",12370,7146988,500,"Symmetric","3",3,TRUE,2.27000000000407
"505","Y~Z",0.281323676811517,0.040310471887129,0.5,"PLS",12370,7146988,500,"Symmetric","3",3,TRUE,2.27000000000407
"506","Y~X:Z",0.0197259213202766,0.0425603302600209,0.3,"PLS",12370,7146988,500,"Symmetric","3",3,TRUE,2.27000000000407
"507","X~~Z",0.158209891871531,0.0447788605968963,0.2,"PLS",12370,7146988,500,"Symmetric","3",3,TRUE,2.27000000000407
"508","X=~x1",0.575,0.098,0.5,"Mplus",12370,7146988,500,"Symmetric","3",3,TRUE,296.490000000005
"509","X=~x2",0.49,0.09,0.5,"Mplus",12370,7146988,500,"Symmetric","3",3,TRUE,296.490000000005
"510","X=~x3",0.306,0.073,0.5,"Mplus",12370,7146988,500,"Symmetric","3",3,TRUE,296.490000000005
"511","Z=~z1",0.519,0.073,0.5,"Mplus",12370,7146988,500,"Symmetric","3",3,TRUE,296.490000000005
"512","Z=~z2",0.437,0.069,0.5,"Mplus",12370,7146988,500,"Symmetric","3",3,TRUE,296.490000000005
"513","Z=~z3",0.472,0.069,0.5,"Mplus",12370,7146988,500,"Symmetric","3",3,TRUE,296.490000000005
"514","Y=~y1",0.547,0.066,0.5,"Mplus",12370,7146988,500,"Symmetric","3",3,TRUE,296.490000000005
"515","Y=~y2",0.603,0.067,0.5,"Mplus",12370,7146988,500,"Symmetric","3",3,TRUE,296.490000000005
"516","Y=~y3",0.402,0.064,0.5,"Mplus",12370,7146988,500,"Symmetric","3",3,TRUE,296.490000000005
"517","Y~X",0.225,0.122,0.4,"Mplus",12370,7146988,500,"Symmetric","3",3,TRUE,296.490000000005
"518","Y~Z",0.602,0.114,0.5,"Mplus",12370,7146988,500,"Symmetric","3",3,TRUE,296.490000000005
"519","Y~X:Z",-0.015,0.108,0.3,"Mplus",12370,7146988,500,"Symmetric","3",3,TRUE,296.490000000005
"520","X~~Z",0.361,0.107,0.2,"Mplus",12370,7146988,500,"Symmetric","3",3,TRUE,296.490000000005
"521","X=~x1",0.798105720341339,0.0302781309337455,0.8,"MC-OrdPLSc",12371,4305364,1000,"Symmetric","3",2,TRUE,22.3799999999901
"522","X=~x2",0.795922338357297,0.0283587230099369,0.8,"MC-OrdPLSc",12371,4305364,1000,"Symmetric","3",2,TRUE,22.3799999999901
"523","X=~x3",0.759988666238727,0.0297471244053752,0.8,"MC-OrdPLSc",12371,4305364,1000,"Symmetric","3",2,TRUE,22.3799999999901
"524","Z=~z1",0.81413281166607,0.0243432707016982,0.8,"MC-OrdPLSc",12371,4305364,1000,"Symmetric","3",2,TRUE,22.3799999999901
"525","Z=~z2",0.791302682440371,0.0252222974301472,0.8,"MC-OrdPLSc",12371,4305364,1000,"Symmetric","3",2,TRUE,22.3799999999901
"526","Z=~z3",0.80362340345833,0.022101661291403,0.8,"MC-OrdPLSc",12371,4305364,1000,"Symmetric","3",2,TRUE,22.3799999999901
"527","Y=~y1",0.838249419766004,0.0237226543404575,0.8,"MC-OrdPLSc",12371,4305364,1000,"Symmetric","3",2,TRUE,22.3799999999901
"528","Y=~y2",0.803447149099532,0.0257105814434004,0.8,"MC-OrdPLSc",12371,4305364,1000,"Symmetric","3",2,TRUE,22.3799999999901
"529","Y=~y3",0.824885927421558,0.0213163410559378,0.8,"MC-OrdPLSc",12371,4305364,1000,"Symmetric","3",2,TRUE,22.3799999999901
"530","Y~X",0.437783513887165,0.0319395341786928,0.4,"MC-OrdPLSc",12371,4305364,1000,"Symmetric","3",2,TRUE,22.3799999999901
"531","Y~Z",0.527405420682717,0.0287288015763306,0.5,"MC-OrdPLSc",12371,4305364,1000,"Symmetric","3",2,TRUE,22.3799999999901
"532","Y~X:Z",0.389057327646313,0.0370339303147058,0.3,"MC-OrdPLSc",12371,4305364,1000,"Symmetric","3",2,TRUE,22.3799999999901
"533","X~~Z",0.180260977011874,0.0419248844423779,0.2,"MC-OrdPLSc",12371,4305364,1000,"Symmetric","3",2,TRUE,22.3799999999901
"534","X=~x1",0.749729019291399,0.0382805625429124,0.8,"PLSc",12371,4305364,1000,"Symmetric","3",2,TRUE,6.83999999999651
"535","X=~x2",0.69927248794813,0.0419081754416054,0.8,"PLSc",12371,4305364,1000,"Symmetric","3",2,TRUE,6.83999999999651
"536","X=~x3",0.648882677582798,0.0416623365925185,0.8,"PLSc",12371,4305364,1000,"Symmetric","3",2,TRUE,6.83999999999651
"537","Z=~z1",0.718446173061579,0.0330232786561543,0.8,"PLSc",12371,4305364,1000,"Symmetric","3",2,TRUE,6.83999999999651
"538","Z=~z2",0.709715973938119,0.0342505862451759,0.8,"PLSc",12371,4305364,1000,"Symmetric","3",2,TRUE,6.83999999999651
"539","Z=~z3",0.721587983770858,0.0312908356628747,0.8,"PLSc",12371,4305364,1000,"Symmetric","3",2,TRUE,6.83999999999651
"540","Y=~y1",0.732057663125038,0.0271134405732786,0.8,"PLSc",12371,4305364,1000,"Symmetric","3",2,TRUE,6.83999999999651
"541","Y=~y2",0.702851352373607,0.0260578190148316,0.8,"PLSc",12371,4305364,1000,"Symmetric","3",2,TRUE,6.83999999999651
"542","Y=~y3",0.722375935510318,0.0253619873661286,0.8,"PLSc",12371,4305364,1000,"Symmetric","3",2,TRUE,6.83999999999651
"543","Y~X",0.435504641139575,0.0363395914937567,0.4,"PLSc",12371,4305364,1000,"Symmetric","3",2,TRUE,6.83999999999651
"544","Y~Z",0.519021794387732,0.0368523139579118,0.5,"PLSc",12371,4305364,1000,"Symmetric","3",2,TRUE,6.83999999999651
"545","Y~X:Z",0.34133994131428,0.0442642502821813,0.3,"PLSc",12371,4305364,1000,"Symmetric","3",2,TRUE,6.83999999999651
"546","X~~Z",0.18057491532825,0.0400007032231393,0.2,"PLSc",12371,4305364,1000,"Symmetric","3",2,TRUE,6.83999999999651
"547","X=~x1",0.818739021974605,0.0147526873400755,0.8,"PLS",12371,4305364,1000,"Symmetric","3",2,TRUE,1.77999999999884
"548","X=~x2",0.82254285683865,0.0158579190410629,0.8,"PLS",12371,4305364,1000,"Symmetric","3",2,TRUE,1.77999999999884
"549","X=~x3",0.795153006016804,0.0169597357465538,0.8,"PLS",12371,4305364,1000,"Symmetric","3",2,TRUE,1.77999999999884
"550","Z=~z1",0.829487419834789,0.0127921669457067,0.8,"PLS",12371,4305364,1000,"Symmetric","3",2,TRUE,1.77999999999884
"551","Z=~z2",0.816036457048679,0.0139861873943838,0.8,"PLS",12371,4305364,1000,"Symmetric","3",2,TRUE,1.77999999999884
"552","Z=~z3",0.820399104826457,0.0133128612780399,0.8,"PLS",12371,4305364,1000,"Symmetric","3",2,TRUE,1.77999999999884
"553","Y=~y1",0.831004000521894,0.0124215083586816,0.8,"PLS",12371,4305364,1000,"Symmetric","3",2,TRUE,1.77999999999884
"554","Y=~y2",0.813303842240847,0.0133715373464481,0.8,"PLS",12371,4305364,1000,"Symmetric","3",2,TRUE,1.77999999999884
"555","Y=~y3",0.825832735621799,0.011615740600501,0.8,"PLS",12371,4305364,1000,"Symmetric","3",2,TRUE,1.77999999999884
"556","Y~X",0.341416608792911,0.0241042527922741,0.4,"PLS",12371,4305364,1000,"Symmetric","3",2,TRUE,1.77999999999884
"557","Y~Z",0.412864216874981,0.0254031867102541,0.5,"PLS",12371,4305364,1000,"Symmetric","3",2,TRUE,1.77999999999884
"558","Y~X:Z",0.224208615163118,0.0231017619301252,0.3,"PLS",12371,4305364,1000,"Symmetric","3",2,TRUE,1.77999999999884
"559","X~~Z",0.135925889598069,0.0301955960942013,0.2,"PLS",12371,4305364,1000,"Symmetric","3",2,TRUE,1.77999999999884
"560","X=~x1",0.767,0.027,0.8,"Mplus",12371,4305364,1000,"Symmetric","3",2,TRUE,390.529999999999
"561","X=~x2",0.795,0.026,0.8,"Mplus",12371,4305364,1000,"Symmetric","3",2,TRUE,390.529999999999
"562","X=~x3",0.777,0.027,0.8,"Mplus",12371,4305364,1000,"Symmetric","3",2,TRUE,390.529999999999
"563","Z=~z1",0.824,0.024,0.8,"Mplus",12371,4305364,1000,"Symmetric","3",2,TRUE,390.529999999999
"564","Z=~z2",0.777,0.025,0.8,"Mplus",12371,4305364,1000,"Symmetric","3",2,TRUE,390.529999999999
"565","Z=~z3",0.795,0.025,0.8,"Mplus",12371,4305364,1000,"Symmetric","3",2,TRUE,390.529999999999
"566","Y=~y1",0.83,0.022,0.8,"Mplus",12371,4305364,1000,"Symmetric","3",2,TRUE,390.529999999999
"567","Y=~y2",0.797,0.024,0.8,"Mplus",12371,4305364,1000,"Symmetric","3",2,TRUE,390.529999999999
"568","Y=~y3",0.814,0.023,0.8,"Mplus",12371,4305364,1000,"Symmetric","3",2,TRUE,390.529999999999
"569","Y~X",0.435,0.033,0.4,"Mplus",12371,4305364,1000,"Symmetric","3",2,TRUE,390.529999999999
"570","Y~Z",0.526,0.031,0.5,"Mplus",12371,4305364,1000,"Symmetric","3",2,TRUE,390.529999999999
"571","Y~X:Z",0.384,0.037,0.3,"Mplus",12371,4305364,1000,"Symmetric","3",2,TRUE,390.529999999999
"572","X~~Z",0.174,0.041,0.2,"Mplus",12371,4305364,1000,"Symmetric","3",2,TRUE,390.529999999999
"573","X=~x1",0.448469816172752,0.0739990173774423,0.5,"MC-OrdPLSc",12372,4208417,1000,"Symmetric","3",3,TRUE,26.0599999999977
"574","X=~x2",0.625369716513779,0.074231241283848,0.5,"MC-OrdPLSc",12372,4208417,1000,"Symmetric","3",3,TRUE,26.0599999999977
"575","X=~x3",0.522992469172059,0.0747977476652331,0.5,"MC-OrdPLSc",12372,4208417,1000,"Symmetric","3",3,TRUE,26.0599999999977
"576","Z=~z1",0.393585157798991,0.0659562832364069,0.5,"MC-OrdPLSc",12372,4208417,1000,"Symmetric","3",3,TRUE,26.0599999999977
"577","Z=~z2",0.573779217947453,0.0705782012452787,0.5,"MC-OrdPLSc",12372,4208417,1000,"Symmetric","3",3,TRUE,26.0599999999977
"578","Z=~z3",0.467391484586191,0.0543569133064102,0.5,"MC-OrdPLSc",12372,4208417,1000,"Symmetric","3",3,TRUE,26.0599999999977
"579","Y=~y1",0.518236358863394,0.0558135081842246,0.5,"MC-OrdPLSc",12372,4208417,1000,"Symmetric","3",3,TRUE,26.0599999999977
"580","Y=~y2",0.415658033642259,0.0539979329698088,0.5,"MC-OrdPLSc",12372,4208417,1000,"Symmetric","3",3,TRUE,26.0599999999977
"581","Y=~y3",0.547295325172175,0.0591592495393877,0.5,"MC-OrdPLSc",12372,4208417,1000,"Symmetric","3",3,TRUE,26.0599999999977
"582","Y~X",0.30598081952316,0.0934493028033532,0.4,"MC-OrdPLSc",12372,4208417,1000,"Symmetric","3",3,TRUE,26.0599999999977
"583","Y~Z",0.538336433685434,0.0865573673037077,0.5,"MC-OrdPLSc",12372,4208417,1000,"Symmetric","3",3,TRUE,26.0599999999977
"584","Y~X:Z",0.237259485297443,0.0961638643361684,0.3,"MC-OrdPLSc",12372,4208417,1000,"Symmetric","3",3,TRUE,26.0599999999977
"585","X~~Z",0.390243375113082,0.0711481591008761,0.2,"MC-OrdPLSc",12372,4208417,1000,"Symmetric","3",3,TRUE,26.0599999999977
"586","X=~x1",0.38321271078274,0.0742074283800517,0.5,"PLSc",12372,4208417,1000,"Symmetric","3",3,TRUE,7.30999999999767
"587","X=~x2",0.578898834585685,0.0720155689950131,0.5,"PLSc",12372,4208417,1000,"Symmetric","3",3,TRUE,7.30999999999767
"588","X=~x3",0.451859428559628,0.0735725418638228,0.5,"PLSc",12372,4208417,1000,"Symmetric","3",3,TRUE,7.30999999999767
"589","Z=~z1",0.305290656189341,0.0723038785039317,0.5,"PLSc",12372,4208417,1000,"Symmetric","3",3,TRUE,7.30999999999767
"590","Z=~z2",0.523337186740298,0.0626758180092976,0.5,"PLSc",12372,4208417,1000,"Symmetric","3",3,TRUE,7.30999999999767
"591","Z=~z3",0.429341674771097,0.0593463445756765,0.5,"PLSc",12372,4208417,1000,"Symmetric","3",3,TRUE,7.30999999999767
"592","Y=~y1",0.45784659809782,0.050572699858832,0.5,"PLSc",12372,4208417,1000,"Symmetric","3",3,TRUE,7.30999999999767
"593","Y=~y2",0.354138231044321,0.0572125885265201,0.5,"PLSc",12372,4208417,1000,"Symmetric","3",3,TRUE,7.30999999999767
"594","Y=~y3",0.489949935145327,0.0519371733333842,0.5,"PLSc",12372,4208417,1000,"Symmetric","3",3,TRUE,7.30999999999767
"595","Y~X",0.246967138335472,0.381181156392936,0.4,"PLSc",12372,4208417,1000,"Symmetric","3",3,TRUE,7.30999999999767
"596","Y~Z",0.651464272491909,1.54007199625114,0.5,"PLSc",12372,4208417,1000,"Symmetric","3",3,TRUE,7.30999999999767
"597","Y~X:Z",0.38062529397143,2.42944612089328,0.3,"PLSc",12372,4208417,1000,"Symmetric","3",3,TRUE,7.30999999999767
"598","X~~Z",0.390040913115807,0.0655327622563725,0.2,"PLSc",12372,4208417,1000,"Symmetric","3",3,TRUE,7.30999999999767
"599","X=~x1",0.610162225529114,0.0656585973412264,0.5,"PLS",12372,4208417,1000,"Symmetric","3",3,TRUE,2.27000000000407
"600","X=~x2",0.771885243012764,0.0509597770017099,0.5,"PLS",12372,4208417,1000,"Symmetric","3",3,TRUE,2.27000000000407
"601","X=~x3",0.686030377766502,0.0593556149588856,0.5,"PLS",12372,4208417,1000,"Symmetric","3",3,TRUE,2.27000000000407
"602","Z=~z1",0.578028848258234,0.0692593960269841,0.5,"PLS",12372,4208417,1000,"Symmetric","3",3,TRUE,2.27000000000407
"603","Z=~z2",0.761265341992484,0.0514741223333728,0.5,"PLS",12372,4208417,1000,"Symmetric","3",3,TRUE,2.27000000000407
"604","Z=~z3",0.661686897149942,0.0609199119114304,0.5,"PLS",12372,4208417,1000,"Symmetric","3",3,TRUE,2.27000000000407
"605","Y=~y1",0.700771730749178,0.0443328390244531,0.5,"PLS",12372,4208417,1000,"Symmetric","3",3,TRUE,2.27000000000407
"606","Y=~y2",0.594461593196961,0.0591844888868468,0.5,"PLS",12372,4208417,1000,"Symmetric","3",3,TRUE,2.27000000000407
"607","Y=~y3",0.72786794186597,0.042909633156123,0.5,"PLS",12372,4208417,1000,"Symmetric","3",3,TRUE,2.27000000000407
"608","Y~X",0.187291449238394,0.0290502708418494,0.4,"PLS",12372,4208417,1000,"Symmetric","3",3,TRUE,2.27000000000407
"609","Y~Z",0.240307667888319,0.0295862513678459,0.5,"PLS",12372,4208417,1000,"Symmetric","3",3,TRUE,2.27000000000407
"610","Y~X:Z",0.0714410185298818,0.0273947433302677,0.3,"PLS",12372,4208417,1000,"Symmetric","3",3,TRUE,2.27000000000407
"611","X~~Z",0.173428145504802,0.0296820954453198,0.2,"PLS",12372,4208417,1000,"Symmetric","3",3,TRUE,2.27000000000407
"612","X=~x1",0.477,0.05,0.5,"Mplus",12372,4208417,1000,"Symmetric","3",3,TRUE,521.969999999987
"613","X=~x2",0.549,0.052,0.5,"Mplus",12372,4208417,1000,"Symmetric","3",3,TRUE,521.969999999987
"614","X=~x3",0.534,0.05,0.5,"Mplus",12372,4208417,1000,"Symmetric","3",3,TRUE,521.969999999987
"615","Z=~z1",0.46,0.052,0.5,"Mplus",12372,4208417,1000,"Symmetric","3",3,TRUE,521.969999999987
"616","Z=~z2",0.529,0.054,0.5,"Mplus",12372,4208417,1000,"Symmetric","3",3,TRUE,521.969999999987
"617","Z=~z3",0.427,0.051,0.5,"Mplus",12372,4208417,1000,"Symmetric","3",3,TRUE,521.969999999987
"618","Y=~y1",0.498,0.05,0.5,"Mplus",12372,4208417,1000,"Symmetric","3",3,TRUE,521.969999999987
"619","Y=~y2",0.428,0.048,0.5,"Mplus",12372,4208417,1000,"Symmetric","3",3,TRUE,521.969999999987
"620","Y=~y3",0.509,0.05,0.5,"Mplus",12372,4208417,1000,"Symmetric","3",3,TRUE,521.969999999987
"621","Y~X",0.314,0.084,0.4,"Mplus",12372,4208417,1000,"Symmetric","3",3,TRUE,521.969999999987
"622","Y~Z",0.515,0.086,0.5,"Mplus",12372,4208417,1000,"Symmetric","3",3,TRUE,521.969999999987
"623","Y~X:Z",0.203,0.087,0.3,"Mplus",12372,4208417,1000,"Symmetric","3",3,TRUE,521.969999999987
"624","X~~Z",0.385,0.07,0.2,"Mplus",12372,4208417,1000,"Symmetric","3",3,TRUE,521.969999999987
"625","X=~x1",0.768130486478199,0.0553472346586979,0.8,"MC-OrdPLSc",12373,6370521,200,"Symmetric","5",2,TRUE,21.3899999999994
"626","X=~x2",0.748583319950151,0.058959439463477,0.8,"MC-OrdPLSc",12373,6370521,200,"Symmetric","5",2,TRUE,21.3899999999994
"627","X=~x3",0.826719941806754,0.0525491861155366,0.8,"MC-OrdPLSc",12373,6370521,200,"Symmetric","5",2,TRUE,21.3899999999994
"628","Z=~z1",0.773819102990814,0.0465258366240138,0.8,"MC-OrdPLSc",12373,6370521,200,"Symmetric","5",2,TRUE,21.3899999999994
"629","Z=~z2",0.779256347661416,0.0567896077246275,0.8,"MC-OrdPLSc",12373,6370521,200,"Symmetric","5",2,TRUE,21.3899999999994
"630","Z=~z3",0.904680102542658,0.040490094736053,0.8,"MC-OrdPLSc",12373,6370521,200,"Symmetric","5",2,TRUE,21.3899999999994
"631","Y=~y1",0.823150854127289,0.0371795097849096,0.8,"MC-OrdPLSc",12373,6370521,200,"Symmetric","5",2,TRUE,21.3899999999994
"632","Y=~y2",0.76713476429392,0.0441073100258103,0.8,"MC-OrdPLSc",12373,6370521,200,"Symmetric","5",2,TRUE,21.3899999999994
"633","Y=~y3",0.810082083673509,0.0449644461547968,0.8,"MC-OrdPLSc",12373,6370521,200,"Symmetric","5",2,TRUE,21.3899999999994
"634","Y~X",0.44891384639382,0.0703224341530854,0.4,"MC-OrdPLSc",12373,6370521,200,"Symmetric","5",2,TRUE,21.3899999999994
"635","Y~Z",0.425915460735426,0.0680381299775316,0.5,"MC-OrdPLSc",12373,6370521,200,"Symmetric","5",2,TRUE,21.3899999999994
"636","Y~X:Z",0.21830086439477,0.0871774246094987,0.3,"MC-OrdPLSc",12373,6370521,200,"Symmetric","5",2,TRUE,21.3899999999994
"637","X~~Z",0.168084117466429,0.0909143508772016,0.2,"MC-OrdPLSc",12373,6370521,200,"Symmetric","5",2,TRUE,21.3899999999994
"638","X=~x1",0.686723617295484,0.0806439168374036,0.8,"PLSc",12373,6370521,200,"Symmetric","5",2,TRUE,3.06000000001222
"639","X=~x2",0.765694903555793,0.0866687435488009,0.8,"PLSc",12373,6370521,200,"Symmetric","5",2,TRUE,3.06000000001222
"640","X=~x3",0.783073315068672,0.0756473743802756,0.8,"PLSc",12373,6370521,200,"Symmetric","5",2,TRUE,3.06000000001222
"641","Z=~z1",0.753485255491806,0.0756681779847933,0.8,"PLSc",12373,6370521,200,"Symmetric","5",2,TRUE,3.06000000001222
"642","Z=~z2",0.730037663010587,0.0828749889346272,0.8,"PLSc",12373,6370521,200,"Symmetric","5",2,TRUE,3.06000000001222
"643","Z=~z3",0.846948490345359,0.0653157392591977,0.8,"PLSc",12373,6370521,200,"Symmetric","5",2,TRUE,3.06000000001222
"644","Y=~y1",0.818387596250161,0.0542742690424662,0.8,"PLSc",12373,6370521,200,"Symmetric","5",2,TRUE,3.06000000001222
"645","Y=~y2",0.688222262495529,0.0584181468237815,0.8,"PLSc",12373,6370521,200,"Symmetric","5",2,TRUE,3.06000000001222
"646","Y=~y3",0.772631374675013,0.0560076372371942,0.8,"PLSc",12373,6370521,200,"Symmetric","5",2,TRUE,3.06000000001222
"647","Y~X",0.449790059752497,0.0730733068671686,0.4,"PLSc",12373,6370521,200,"Symmetric","5",2,TRUE,3.06000000001222
"648","Y~Z",0.423095457383713,0.0773123818217993,0.5,"PLSc",12373,6370521,200,"Symmetric","5",2,TRUE,3.06000000001222
"649","Y~X:Z",0.220940416018162,0.100083895481123,0.3,"PLSc",12373,6370521,200,"Symmetric","5",2,TRUE,3.06000000001222
"650","X~~Z",0.168207758257447,0.0848553304481753,0.2,"PLSc",12373,6370521,200,"Symmetric","5",2,TRUE,3.06000000001222
"651","X=~x1",0.831910003359101,0.0300138966715336,0.8,"PLS",12373,6370521,200,"Symmetric","5",2,TRUE,1.89999999999418
"652","X=~x2",0.823948990948613,0.0343674793722282,0.8,"PLS",12373,6370521,200,"Symmetric","5",2,TRUE,1.89999999999418
"653","X=~x3",0.861178573029566,0.024936145226636,0.8,"PLS",12373,6370521,200,"Symmetric","5",2,TRUE,1.89999999999418
"654","Z=~z1",0.834064704806294,0.0282083772966783,0.8,"PLS",12373,6370521,200,"Symmetric","5",2,TRUE,1.89999999999418
"655","Z=~z2",0.839613210675281,0.0299953395069138,0.8,"PLS",12373,6370521,200,"Symmetric","5",2,TRUE,1.89999999999418
"656","Z=~z3",0.896353877962243,0.0165046030755545,0.8,"PLS",12373,6370521,200,"Symmetric","5",2,TRUE,1.89999999999418
"657","Y=~y1",0.859781453408058,0.0175140304391319,0.8,"PLS",12373,6370521,200,"Symmetric","5",2,TRUE,1.89999999999418
"658","Y=~y2",0.827864212268104,0.027862130807749,0.8,"PLS",12373,6370521,200,"Symmetric","5",2,TRUE,1.89999999999418
"659","Y=~y3",0.854883662694684,0.0224504686946989,0.8,"PLS",12373,6370521,200,"Symmetric","5",2,TRUE,1.89999999999418
"660","Y~X",0.367701008578852,0.0533590216395521,0.4,"PLS",12373,6370521,200,"Symmetric","5",2,TRUE,1.89999999999418
"661","Y~Z",0.360178318896238,0.0595272189814708,0.5,"PLS",12373,6370521,200,"Symmetric","5",2,TRUE,1.89999999999418
"662","Y~X:Z",0.154867197038046,0.0567581143198151,0.3,"PLS",12373,6370521,200,"Symmetric","5",2,TRUE,1.89999999999418
"663","X~~Z",0.136121668443263,0.0696393802572628,0.2,"PLS",12373,6370521,200,"Symmetric","5",2,TRUE,1.89999999999418
"664","X=~x1",0.785,0.048,0.8,"Mplus",12373,6370521,200,"Symmetric","5",2,TRUE,140.470000000001
"665","X=~x2",0.718,0.052,0.8,"Mplus",12373,6370521,200,"Symmetric","5",2,TRUE,140.470000000001
"666","X=~x3",0.825,0.045,0.8,"Mplus",12373,6370521,200,"Symmetric","5",2,TRUE,140.470000000001
"667","Z=~z1",0.746,0.047,0.8,"Mplus",12373,6370521,200,"Symmetric","5",2,TRUE,140.470000000001
"668","Z=~z2",0.786,0.043,0.8,"Mplus",12373,6370521,200,"Symmetric","5",2,TRUE,140.470000000001
"669","Z=~z3",0.914,0.035,0.8,"Mplus",12373,6370521,200,"Symmetric","5",2,TRUE,140.470000000001
"670","Y=~y1",0.806,0.046,0.8,"Mplus",12373,6370521,200,"Symmetric","5",2,TRUE,140.470000000001
"671","Y=~y2",0.767,0.048,0.8,"Mplus",12373,6370521,200,"Symmetric","5",2,TRUE,140.470000000001
"672","Y=~y3",0.815,0.045,0.8,"Mplus",12373,6370521,200,"Symmetric","5",2,TRUE,140.470000000001
"673","Y~X",0.438,0.07,0.4,"Mplus",12373,6370521,200,"Symmetric","5",2,TRUE,140.470000000001
"674","Y~Z",0.417,0.07,0.5,"Mplus",12373,6370521,200,"Symmetric","5",2,TRUE,140.470000000001
"675","Y~X:Z",0.275,0.08,0.3,"Mplus",12373,6370521,200,"Symmetric","5",2,TRUE,140.470000000001
"676","X~~Z",0.18,0.083,0.2,"Mplus",12373,6370521,200,"Symmetric","5",2,TRUE,140.470000000001
"677","X=~x1",0.528377455350762,0.138193497348992,0.5,"MC-OrdPLSc",12374,6183834,200,"Symmetric","5",3,TRUE,24.7799999999988
"678","X=~x2",0.400090864212197,0.132910974371066,0.5,"MC-OrdPLSc",12374,6183834,200,"Symmetric","5",3,TRUE,24.7799999999988
"679","X=~x3",0.428808120523396,0.136320658505595,0.5,"MC-OrdPLSc",12374,6183834,200,"Symmetric","5",3,TRUE,24.7799999999988
"680","Z=~z1",0.402216520899283,0.13940064082837,0.5,"MC-OrdPLSc",12374,6183834,200,"Symmetric","5",3,TRUE,24.7799999999988
"681","Z=~z2",0.41597759693565,0.118896912305191,0.5,"MC-OrdPLSc",12374,6183834,200,"Symmetric","5",3,TRUE,24.7799999999988
"682","Z=~z3",0.45790100815787,0.163653453398758,0.5,"MC-OrdPLSc",12374,6183834,200,"Symmetric","5",3,TRUE,24.7799999999988
"683","Y=~y1",0.568326049046467,0.0905778945920724,0.5,"MC-OrdPLSc",12374,6183834,200,"Symmetric","5",3,TRUE,24.7799999999988
"684","Y=~y2",0.393737972434593,0.105232998684514,0.5,"MC-OrdPLSc",12374,6183834,200,"Symmetric","5",3,TRUE,24.7799999999988
"685","Y=~y3",0.679886803152684,0.101638250309369,0.5,"MC-OrdPLSc",12374,6183834,200,"Symmetric","5",3,TRUE,24.7799999999988
"686","Y~X",0.397048575338251,0.178858552397082,0.4,"MC-OrdPLSc",12374,6183834,200,"Symmetric","5",3,TRUE,24.7799999999988
"687","Y~Z",0.501210295241635,0.216306552040966,0.5,"MC-OrdPLSc",12374,6183834,200,"Symmetric","5",3,TRUE,24.7799999999988
"688","Y~X:Z",0.178929577712406,0.222727665457715,0.3,"MC-OrdPLSc",12374,6183834,200,"Symmetric","5",3,TRUE,24.7799999999988
"689","X~~Z",0.4544618480572,0.211974653313468,0.2,"MC-OrdPLSc",12374,6183834,200,"Symmetric","5",3,TRUE,24.7799999999988
"690","X=~x1",0.484647655744859,0.13914214210514,0.5,"PLSc",12374,6183834,200,"Symmetric","5",3,TRUE,3.7100000000064
"691","X=~x2",0.417658576220779,0.130530731477083,0.5,"PLSc",12374,6183834,200,"Symmetric","5",3,TRUE,3.7100000000064
"692","X=~x3",0.377102432179389,0.137451574551585,0.5,"PLSc",12374,6183834,200,"Symmetric","5",3,TRUE,3.7100000000064
"693","Z=~z1",0.359497375139536,0.127436224918925,0.5,"PLSc",12374,6183834,200,"Symmetric","5",3,TRUE,3.7100000000064
"694","Z=~z2",0.441340988624302,0.110007080735754,0.5,"PLSc",12374,6183834,200,"Symmetric","5",3,TRUE,3.7100000000064
"695","Z=~z3",0.383956044069425,0.134966587687491,0.5,"PLSc",12374,6183834,200,"Symmetric","5",3,TRUE,3.7100000000064
"696","Y=~y1",0.559912902007554,0.0956395964237287,0.5,"PLSc",12374,6183834,200,"Symmetric","5",3,TRUE,3.7100000000064
"697","Y=~y2",0.384644631541835,0.106287332246239,0.5,"PLSc",12374,6183834,200,"Symmetric","5",3,TRUE,3.7100000000064
"698","Y=~y3",0.613096441183705,0.0966786657350827,0.5,"PLSc",12374,6183834,200,"Symmetric","5",3,TRUE,3.7100000000064
"699","Y~X",0.355285270193862,1.86459474457942,0.4,"PLSc",12374,6183834,200,"Symmetric","5",3,TRUE,3.7100000000064
"700","Y~Z",0.539960594220357,1.79629689824567,0.5,"PLSc",12374,6183834,200,"Symmetric","5",3,TRUE,3.7100000000064
"701","Y~X:Z",0.157607134455747,1.58647186974139,0.3,"PLSc",12374,6183834,200,"Symmetric","5",3,TRUE,3.7100000000064
"702","X~~Z",0.465518507925987,0.220230452353508,0.2,"PLSc",12374,6183834,200,"Symmetric","5",3,TRUE,3.7100000000064
"703","X=~x1",0.751271279465466,0.113359288716928,0.5,"PLS",12374,6183834,200,"Symmetric","5",3,TRUE,2.38000000000466
"704","X=~x2",0.618477245095523,0.152516480589001,0.5,"PLS",12374,6183834,200,"Symmetric","5",3,TRUE,2.38000000000466
"705","X=~x3",0.64583975132999,0.134279853159523,0.5,"PLS",12374,6183834,200,"Symmetric","5",3,TRUE,2.38000000000466
"706","Z=~z1",0.633342055499167,0.134915343236467,0.5,"PLS",12374,6183834,200,"Symmetric","5",3,TRUE,2.38000000000466
"707","Z=~z2",0.653496959357101,0.141699843018722,0.5,"PLS",12374,6183834,200,"Symmetric","5",3,TRUE,2.38000000000466
"708","Z=~z3",0.702164465604826,0.123945111849464,0.5,"PLS",12374,6183834,200,"Symmetric","5",3,TRUE,2.38000000000466
"709","Y=~y1",0.739902593692537,0.0653876964623675,0.5,"PLS",12374,6183834,200,"Symmetric","5",3,TRUE,2.38000000000466
"710","Y=~y2",0.563674532071703,0.0981501979819545,0.5,"PLS",12374,6183834,200,"Symmetric","5",3,TRUE,2.38000000000466
"711","Y=~y3",0.813830033925821,0.0471502287404995,0.5,"PLS",12374,6183834,200,"Symmetric","5",3,TRUE,2.38000000000466
"712","Y~X",0.250678188801331,0.06299089250821,0.4,"PLS",12374,6183834,200,"Symmetric","5",3,TRUE,2.38000000000466
"713","Y~Z",0.26559997940151,0.0596902576800772,0.5,"PLS",12374,6183834,200,"Symmetric","5",3,TRUE,2.38000000000466
"714","Y~X:Z",0.0546612494063461,0.0603547946286456,0.3,"PLS",12374,6183834,200,"Symmetric","5",3,TRUE,2.38000000000466
"715","X~~Z",0.177900776249618,0.074843885156026,0.2,"PLS",12374,6183834,200,"Symmetric","5",3,TRUE,2.38000000000466
"716","X=~x1",0.525,0.109,0.5,"Mplus",12374,6183834,200,"Symmetric","5",3,TRUE,131.859999999986
"717","X=~x2",0.354,0.103,0.5,"Mplus",12374,6183834,200,"Symmetric","5",3,TRUE,131.859999999986
"718","X=~x3",0.426,0.107,0.5,"Mplus",12374,6183834,200,"Symmetric","5",3,TRUE,131.859999999986
"719","Z=~z1",0.426,0.103,0.5,"Mplus",12374,6183834,200,"Symmetric","5",3,TRUE,131.859999999986
"720","Z=~z2",0.212,0.106,0.5,"Mplus",12374,6183834,200,"Symmetric","5",3,TRUE,131.859999999986
"721","Z=~z3",0.673,0.16,0.5,"Mplus",12374,6183834,200,"Symmetric","5",3,TRUE,131.859999999986
"722","Y=~y1",0.537,0.089,0.5,"Mplus",12374,6183834,200,"Symmetric","5",3,TRUE,131.859999999986
"723","Y=~y2",0.406,0.084,0.5,"Mplus",12374,6183834,200,"Symmetric","5",3,TRUE,131.859999999986
"724","Y=~y3",0.679,0.098,0.5,"Mplus",12374,6183834,200,"Symmetric","5",3,TRUE,131.859999999986
"725","Y~X",0.502,0.19,0.4,"Mplus",12374,6183834,200,"Symmetric","5",3,TRUE,131.859999999986
"726","Y~Z",0.229,0.201,0.5,"Mplus",12374,6183834,200,"Symmetric","5",3,TRUE,131.859999999986
"727","Y~X:Z",0.222,0.121,0.3,"Mplus",12374,6183834,200,"Symmetric","5",3,TRUE,131.859999999986
"728","X~~Z",0.473,0.16,0.2,"Mplus",12374,6183834,200,"Symmetric","5",3,TRUE,131.859999999986
"729","X=~x1",0.849221847478612,0.0262813549509419,0.8,"MC-OrdPLSc",12375,4494931,500,"Symmetric","5",2,TRUE,22.9400000000023
"730","X=~x2",0.788128740036062,0.0328454445833313,0.8,"MC-OrdPLSc",12375,4494931,500,"Symmetric","5",2,TRUE,22.9400000000023
"731","X=~x3",0.768007570940493,0.0333262284072362,0.8,"MC-OrdPLSc",12375,4494931,500,"Symmetric","5",2,TRUE,22.9400000000023
"732","Z=~z1",0.795663540347026,0.0291759689808374,0.8,"MC-OrdPLSc",12375,4494931,500,"Symmetric","5",2,TRUE,22.9400000000023
"733","Z=~z2",0.807195876767449,0.0272765882909057,0.8,"MC-OrdPLSc",12375,4494931,500,"Symmetric","5",2,TRUE,22.9400000000023
"734","Z=~z3",0.794936674849451,0.0330815322447483,0.8,"MC-OrdPLSc",12375,4494931,500,"Symmetric","5",2,TRUE,22.9400000000023
"735","Y=~y1",0.783464925905751,0.0297042048539796,0.8,"MC-OrdPLSc",12375,4494931,500,"Symmetric","5",2,TRUE,22.9400000000023
"736","Y=~y2",0.778009391507776,0.0273568685545879,0.8,"MC-OrdPLSc",12375,4494931,500,"Symmetric","5",2,TRUE,22.9400000000023
"737","Y=~y3",0.764483828686972,0.0308277650877372,0.8,"MC-OrdPLSc",12375,4494931,500,"Symmetric","5",2,TRUE,22.9400000000023
"738","Y~X",0.444355009663147,0.0414833120559777,0.4,"MC-OrdPLSc",12375,4494931,500,"Symmetric","5",2,TRUE,22.9400000000023
"739","Y~Z",0.549027240315467,0.0397879623436076,0.5,"MC-OrdPLSc",12375,4494931,500,"Symmetric","5",2,TRUE,22.9400000000023
"740","Y~X:Z",0.266799655624341,0.0543524478213053,0.3,"MC-OrdPLSc",12375,4494931,500,"Symmetric","5",2,TRUE,22.9400000000023
"741","X~~Z",0.0777687319076553,0.0569623466554521,0.2,"MC-OrdPLSc",12375,4494931,500,"Symmetric","5",2,TRUE,22.9400000000023
"742","X=~x1",0.825610056733161,0.0503931367330608,0.8,"PLSc",12375,4494931,500,"Symmetric","5",2,TRUE,4.46999999998661
"743","X=~x2",0.75805192380695,0.0542540467559512,0.8,"PLSc",12375,4494931,500,"Symmetric","5",2,TRUE,4.46999999998661
"744","X=~x3",0.713207800634621,0.0553917595463124,0.8,"PLSc",12375,4494931,500,"Symmetric","5",2,TRUE,4.46999999998661
"745","Z=~z1",0.798729567031065,0.0448497373898768,0.8,"PLSc",12375,4494931,500,"Symmetric","5",2,TRUE,4.46999999998661
"746","Z=~z2",0.750693400945022,0.040626591937056,0.8,"PLSc",12375,4494931,500,"Symmetric","5",2,TRUE,4.46999999998661
"747","Z=~z3",0.740136677338421,0.0432175028911476,0.8,"PLSc",12375,4494931,500,"Symmetric","5",2,TRUE,4.46999999998661
"748","Y=~y1",0.711028983091572,0.0340098144526436,0.8,"PLSc",12375,4494931,500,"Symmetric","5",2,TRUE,4.46999999998661
"749","Y=~y2",0.745632749778013,0.0328122303092102,0.8,"PLSc",12375,4494931,500,"Symmetric","5",2,TRUE,4.46999999998661
"750","Y=~y3",0.750854072395919,0.0396250581767881,0.8,"PLSc",12375,4494931,500,"Symmetric","5",2,TRUE,4.46999999998661
"751","Y~X",0.443270563601561,0.042066791230647,0.4,"PLSc",12375,4494931,500,"Symmetric","5",2,TRUE,4.46999999998661
"752","Y~Z",0.55108521252296,0.0449727726185805,0.5,"PLSc",12375,4494931,500,"Symmetric","5",2,TRUE,4.46999999998661
"753","Y~X:Z",0.252956102188665,0.0498484314478128,0.3,"PLSc",12375,4494931,500,"Symmetric","5",2,TRUE,4.46999999998661
"754","X~~Z",0.0816157996581667,0.0521814191960337,0.2,"PLSc",12375,4494931,500,"Symmetric","5",2,TRUE,4.46999999998661
"755","X=~x1",0.873016010281874,0.0126399347803103,0.8,"PLS",12375,4494931,500,"Symmetric","5",2,TRUE,1.72000000000116
"756","X=~x2",0.845093384101765,0.0170878036876247,0.8,"PLS",12375,4494931,500,"Symmetric","5",2,TRUE,1.72000000000116
"757","X=~x3",0.833862386926223,0.0195085686047616,0.8,"PLS",12375,4494931,500,"Symmetric","5",2,TRUE,1.72000000000116
"758","Z=~z1",0.848982911270814,0.0160720266228865,0.8,"PLS",12375,4494931,500,"Symmetric","5",2,TRUE,1.72000000000116
"759","Z=~z2",0.853062152520081,0.0149136878492772,0.8,"PLS",12375,4494931,500,"Symmetric","5",2,TRUE,1.72000000000116
"760","Z=~z3",0.847064324903947,0.0157411136428893,0.8,"PLS",12375,4494931,500,"Symmetric","5",2,TRUE,1.72000000000116
"761","Y=~y1",0.836384113722908,0.0153044077362128,0.8,"PLS",12375,4494931,500,"Symmetric","5",2,TRUE,1.72000000000116
"762","Y=~y2",0.835365276279585,0.0153320062649036,0.8,"PLS",12375,4494931,500,"Symmetric","5",2,TRUE,1.72000000000116
"763","Y=~y3",0.828532652526475,0.0184945131770519,0.8,"PLS",12375,4494931,500,"Symmetric","5",2,TRUE,1.72000000000116
"764","Y~X",0.359748198085188,0.0324762609682792,0.4,"PLS",12375,4494931,500,"Symmetric","5",2,TRUE,1.72000000000116
"765","Y~Z",0.439843040246015,0.0351773762224308,0.5,"PLS",12375,4494931,500,"Symmetric","5",2,TRUE,1.72000000000116
"766","Y~X:Z",0.173792955436716,0.0320183073651136,0.3,"PLS",12375,4494931,500,"Symmetric","5",2,TRUE,1.72000000000116
"767","X~~Z",0.0662155354005588,0.0424526941750598,0.2,"PLS",12375,4494931,500,"Symmetric","5",2,TRUE,1.72000000000116
"768","X=~x1",0.842,0.027,0.8,"Mplus",12375,4494931,500,"Symmetric","5",2,TRUE,316.669999999998
"769","X=~x2",0.775,0.029,0.8,"Mplus",12375,4494931,500,"Symmetric","5",2,TRUE,316.669999999998
"770","X=~x3",0.77,0.03,0.8,"Mplus",12375,4494931,500,"Symmetric","5",2,TRUE,316.669999999998
"771","Z=~z1",0.778,0.029,0.8,"Mplus",12375,4494931,500,"Symmetric","5",2,TRUE,316.669999999998
"772","Z=~z2",0.798,0.028,0.8,"Mplus",12375,4494931,500,"Symmetric","5",2,TRUE,316.669999999998
"773","Z=~z3",0.802,0.028,0.8,"Mplus",12375,4494931,500,"Symmetric","5",2,TRUE,316.669999999998
"774","Y=~y1",0.789,0.029,0.8,"Mplus",12375,4494931,500,"Symmetric","5",2,TRUE,316.669999999998
"775","Y=~y2",0.762,0.031,0.8,"Mplus",12375,4494931,500,"Symmetric","5",2,TRUE,316.669999999998
"776","Y=~y3",0.761,0.031,0.8,"Mplus",12375,4494931,500,"Symmetric","5",2,TRUE,316.669999999998
"777","Y~X",0.439,0.043,0.4,"Mplus",12375,4494931,500,"Symmetric","5",2,TRUE,316.669999999998
"778","Y~Z",0.539,0.041,0.5,"Mplus",12375,4494931,500,"Symmetric","5",2,TRUE,316.669999999998
"779","Y~X:Z",0.255,0.047,0.3,"Mplus",12375,4494931,500,"Symmetric","5",2,TRUE,316.669999999998
"780","X~~Z",0.086,0.055,0.2,"Mplus",12375,4494931,500,"Symmetric","5",2,TRUE,316.669999999998
"781","X=~x1",0.552582218307807,0.0764200772890802,0.5,"MC-OrdPLSc",12376,8519276,500,"Symmetric","5",3,TRUE,26.5599999999977
"782","X=~x2",0.385235384565722,0.0626452425311727,0.5,"MC-OrdPLSc",12376,8519276,500,"Symmetric","5",3,TRUE,26.5599999999977
"783","X=~x3",0.582371782693805,0.0827343554804053,0.5,"MC-OrdPLSc",12376,8519276,500,"Symmetric","5",3,TRUE,26.5599999999977
"784","Z=~z1",0.495349022210196,0.0697057051419045,0.5,"MC-OrdPLSc",12376,8519276,500,"Symmetric","5",3,TRUE,26.5599999999977
"785","Z=~z2",0.501804293263395,0.0634277257955024,0.5,"MC-OrdPLSc",12376,8519276,500,"Symmetric","5",3,TRUE,26.5599999999977
"786","Z=~z3",0.495108161923528,0.0696798650763097,0.5,"MC-OrdPLSc",12376,8519276,500,"Symmetric","5",3,TRUE,26.5599999999977
"787","Y=~y1",0.540250385322515,0.0633048332955808,0.5,"MC-OrdPLSc",12376,8519276,500,"Symmetric","5",3,TRUE,26.5599999999977
"788","Y=~y2",0.503980918458934,0.0590777136132133,0.5,"MC-OrdPLSc",12376,8519276,500,"Symmetric","5",3,TRUE,26.5599999999977
"789","Y=~y3",0.496257235821564,0.0595589101667289,0.5,"MC-OrdPLSc",12376,8519276,500,"Symmetric","5",3,TRUE,26.5599999999977
"790","Y~X",0.54873986925953,0.0865872746592471,0.4,"MC-OrdPLSc",12376,8519276,500,"Symmetric","5",3,TRUE,26.5599999999977
"791","Y~Z",0.610531035244836,0.0958745656669267,0.5,"MC-OrdPLSc",12376,8519276,500,"Symmetric","5",3,TRUE,26.5599999999977
"792","Y~X:Z",0.231955410449401,0.13501845080363,0.3,"MC-OrdPLSc",12376,8519276,500,"Symmetric","5",3,TRUE,26.5599999999977
"793","X~~Z",0.102401378030308,0.095905359228134,0.2,"MC-OrdPLSc",12376,8519276,500,"Symmetric","5",3,TRUE,26.5599999999977
"794","X=~x1",0.518532994271773,0.0742819891843596,0.5,"PLSc",12376,8519276,500,"Symmetric","5",3,TRUE,4.79000000000815
"795","X=~x2",0.367734980131538,0.0853761411656443,0.5,"PLSc",12376,8519276,500,"Symmetric","5",3,TRUE,4.79000000000815
"796","X=~x3",0.561254692156329,0.0793206460113847,0.5,"PLSc",12376,8519276,500,"Symmetric","5",3,TRUE,4.79000000000815
"797","Z=~z1",0.505589632725577,0.07061418202844,0.5,"PLSc",12376,8519276,500,"Symmetric","5",3,TRUE,4.79000000000815
"798","Z=~z2",0.452424289902154,0.0724685367917525,0.5,"PLSc",12376,8519276,500,"Symmetric","5",3,TRUE,4.79000000000815
"799","Z=~z3",0.458801313361515,0.0795986838924589,0.5,"PLSc",12376,8519276,500,"Symmetric","5",3,TRUE,4.79000000000815
"800","Y=~y1",0.513979897115622,0.0571087543787748,0.5,"PLSc",12376,8519276,500,"Symmetric","5",3,TRUE,4.79000000000815
"801","Y=~y2",0.470121060158902,0.0599507475601601,0.5,"PLSc",12376,8519276,500,"Symmetric","5",3,TRUE,4.79000000000815
"802","Y=~y3",0.477769993878077,0.0560564360538367,0.5,"PLSc",12376,8519276,500,"Symmetric","5",3,TRUE,4.79000000000815
"803","Y~X",0.546690397765798,0.409163227869414,0.4,"PLSc",12376,8519276,500,"Symmetric","5",3,TRUE,4.79000000000815
"804","Y~Z",0.601497749782277,0.537647967062448,0.5,"PLSc",12376,8519276,500,"Symmetric","5",3,TRUE,4.79000000000815
"805","Y~X:Z",0.174565304992569,1.08242080396112,0.3,"PLSc",12376,8519276,500,"Symmetric","5",3,TRUE,4.79000000000815
"806","X~~Z",0.101479980800233,0.0945385191802581,0.2,"PLSc",12376,8519276,500,"Symmetric","5",3,TRUE,4.79000000000815
"807","X=~x1",0.741287497424231,0.0527215333554702,0.5,"PLS",12376,8519276,500,"Symmetric","5",3,TRUE,2.05000000000291
"808","X=~x2",0.566822218699289,0.0815374778809974,0.5,"PLS",12376,8519276,500,"Symmetric","5",3,TRUE,2.05000000000291
"809","X=~x3",0.766365685985836,0.0547614161231541,0.5,"PLS",12376,8519276,500,"Symmetric","5",3,TRUE,2.05000000000291
"810","Z=~z1",0.692849166234502,0.0623318889838056,0.5,"PLS",12376,8519276,500,"Symmetric","5",3,TRUE,2.05000000000291
"811","Z=~z2",0.698877194061646,0.0559425250086067,0.5,"PLS",12376,8519276,500,"Symmetric","5",3,TRUE,2.05000000000291
"812","Z=~z3",0.693140855501368,0.0641479923493052,0.5,"PLS",12376,8519276,500,"Symmetric","5",3,TRUE,2.05000000000291
"813","Y=~y1",0.726561880963563,0.0412960314874952,0.5,"PLS",12376,8519276,500,"Symmetric","5",3,TRUE,2.05000000000291
"814","Y=~y2",0.691269929052689,0.0484455060752902,0.5,"PLS",12376,8519276,500,"Symmetric","5",3,TRUE,2.05000000000291
"815","Y=~y3",0.684679868135244,0.0480148367983693,0.5,"PLS",12376,8519276,500,"Symmetric","5",3,TRUE,2.05000000000291
"816","Y~X",0.285616787846722,0.0389033725140447,0.4,"PLS",12376,8519276,500,"Symmetric","5",3,TRUE,2.05000000000291
"817","Y~Z",0.304213819645307,0.038171891953787,0.5,"PLS",12376,8519276,500,"Symmetric","5",3,TRUE,2.05000000000291
"818","Y~X:Z",0.0752170751680792,0.0358754389215349,0.3,"PLS",12376,8519276,500,"Symmetric","5",3,TRUE,2.05000000000291
"819","X~~Z",0.0486077070324319,0.045450396279443,0.2,"PLS",12376,8519276,500,"Symmetric","5",3,TRUE,2.05000000000291
"820","X=~x1",0.538,0.063,0.5,"Mplus",12376,8519276,500,"Symmetric","5",3,TRUE,332.419999999998
"821","X=~x2",0.336,0.06,0.5,"Mplus",12376,8519276,500,"Symmetric","5",3,TRUE,332.419999999998
"822","X=~x3",0.578,0.064,0.5,"Mplus",12376,8519276,500,"Symmetric","5",3,TRUE,332.419999999998
"823","Z=~z1",0.417,0.065,0.5,"Mplus",12376,8519276,500,"Symmetric","5",3,TRUE,332.419999999998
"824","Z=~z2",0.543,0.065,0.5,"Mplus",12376,8519276,500,"Symmetric","5",3,TRUE,332.419999999998
"825","Z=~z3",0.507,0.063,0.5,"Mplus",12376,8519276,500,"Symmetric","5",3,TRUE,332.419999999998
"826","Y=~y1",0.539,0.055,0.5,"Mplus",12376,8519276,500,"Symmetric","5",3,TRUE,332.419999999998
"827","Y=~y2",0.492,0.056,0.5,"Mplus",12376,8519276,500,"Symmetric","5",3,TRUE,332.419999999998
"828","Y=~y3",0.472,0.056,0.5,"Mplus",12376,8519276,500,"Symmetric","5",3,TRUE,332.419999999998
"829","Y~X",0.545,0.086,0.4,"Mplus",12376,8519276,500,"Symmetric","5",3,TRUE,332.419999999998
"830","Y~Z",0.554,0.085,0.5,"Mplus",12376,8519276,500,"Symmetric","5",3,TRUE,332.419999999998
"831","Y~X:Z",0.327,0.097,0.3,"Mplus",12376,8519276,500,"Symmetric","5",3,TRUE,332.419999999998
"832","X~~Z",0.128,0.089,0.2,"Mplus",12376,8519276,500,"Symmetric","5",3,TRUE,332.419999999998
"833","X=~x1",0.800923540121872,0.0219552763513422,0.8,"MC-OrdPLSc",12377,6405924,1000,"Symmetric","5",2,TRUE,26.8099999999977
"834","X=~x2",0.796623597253679,0.0208975369923085,0.8,"MC-OrdPLSc",12377,6405924,1000,"Symmetric","5",2,TRUE,26.8099999999977
"835","X=~x3",0.794764519293506,0.0228740959961148,0.8,"MC-OrdPLSc",12377,6405924,1000,"Symmetric","5",2,TRUE,26.8099999999977
"836","Z=~z1",0.801479333438713,0.0184555296056204,0.8,"MC-OrdPLSc",12377,6405924,1000,"Symmetric","5",2,TRUE,26.8099999999977
"837","Z=~z2",0.781178356305519,0.0196988275172604,0.8,"MC-OrdPLSc",12377,6405924,1000,"Symmetric","5",2,TRUE,26.8099999999977
"838","Z=~z3",0.802986274418613,0.0189453644214725,0.8,"MC-OrdPLSc",12377,6405924,1000,"Symmetric","5",2,TRUE,26.8099999999977
"839","Y=~y1",0.818813155889356,0.0183467889354447,0.8,"MC-OrdPLSc",12377,6405924,1000,"Symmetric","5",2,TRUE,26.8099999999977
"840","Y=~y2",0.810427101265923,0.0181171396485551,0.8,"MC-OrdPLSc",12377,6405924,1000,"Symmetric","5",2,TRUE,26.8099999999977
"841","Y=~y3",0.783030236456092,0.0211917914873054,0.8,"MC-OrdPLSc",12377,6405924,1000,"Symmetric","5",2,TRUE,26.8099999999977
"842","Y~X",0.422257898478225,0.0328895062906296,0.4,"MC-OrdPLSc",12377,6405924,1000,"Symmetric","5",2,TRUE,26.8099999999977
"843","Y~Z",0.48799420062491,0.0311587199185049,0.5,"MC-OrdPLSc",12377,6405924,1000,"Symmetric","5",2,TRUE,26.8099999999977
"844","Y~X:Z",0.331144427364883,0.0334455436822208,0.3,"MC-OrdPLSc",12377,6405924,1000,"Symmetric","5",2,TRUE,26.8099999999977
"845","X~~Z",0.251194345123854,0.0372696595174832,0.2,"MC-OrdPLSc",12377,6405924,1000,"Symmetric","5",2,TRUE,26.8099999999977
"846","X=~x1",0.756635498901672,0.0348134595590819,0.8,"PLSc",12377,6405924,1000,"Symmetric","5",2,TRUE,6.5
"847","X=~x2",0.761483210494215,0.0348204950930852,0.8,"PLSc",12377,6405924,1000,"Symmetric","5",2,TRUE,6.5
"848","X=~x3",0.76826893166329,0.0334018482607128,0.8,"PLSc",12377,6405924,1000,"Symmetric","5",2,TRUE,6.5
"849","Z=~z1",0.7622324092805,0.0280974037228803,0.8,"PLSc",12377,6405924,1000,"Symmetric","5",2,TRUE,6.5
"850","Z=~z2",0.749127378349509,0.0322574188677707,0.8,"PLSc",12377,6405924,1000,"Symmetric","5",2,TRUE,6.5
"851","Z=~z3",0.767454050786256,0.0311011006829985,0.8,"PLSc",12377,6405924,1000,"Symmetric","5",2,TRUE,6.5
"852","Y=~y1",0.773426235303288,0.0241973700945213,0.8,"PLSc",12377,6405924,1000,"Symmetric","5",2,TRUE,6.5
"853","Y=~y2",0.76778594771967,0.0247059223503625,0.8,"PLSc",12377,6405924,1000,"Symmetric","5",2,TRUE,6.5
"854","Y=~y3",0.739347314421059,0.026589882826744,0.8,"PLSc",12377,6405924,1000,"Symmetric","5",2,TRUE,6.5
"855","Y~X",0.421144924290883,0.0355486291824984,0.4,"PLSc",12377,6405924,1000,"Symmetric","5",2,TRUE,6.5
"856","Y~Z",0.504727152985648,0.0351297889854329,0.5,"PLSc",12377,6405924,1000,"Symmetric","5",2,TRUE,6.5
"857","Y~X:Z",0.337189389092026,0.0382692474313346,0.3,"PLSc",12377,6405924,1000,"Symmetric","5",2,TRUE,6.5
"858","X~~Z",0.251572276772061,0.0381846461918236,0.2,"PLSc",12377,6405924,1000,"Symmetric","5",2,TRUE,6.5
"859","X=~x1",0.850993071056192,0.0115895941420208,0.8,"PLS",12377,6405924,1000,"Symmetric","5",2,TRUE,1.75
"860","X=~x2",0.848972743140515,0.011390508245543,0.8,"PLS",12377,6405924,1000,"Symmetric","5",2,TRUE,1.75
"861","X=~x3",0.846665628915913,0.0113963524522185,0.8,"PLS",12377,6405924,1000,"Symmetric","5",2,TRUE,1.75
"862","Z=~z1",0.850903678855547,0.0100797405278591,0.8,"PLS",12377,6405924,1000,"Symmetric","5",2,TRUE,1.75
"863","Z=~z2",0.839435426072458,0.0110832361319132,0.8,"PLS",12377,6405924,1000,"Symmetric","5",2,TRUE,1.75
"864","Z=~z3",0.851602384371881,0.0106713683906252,0.8,"PLS",12377,6405924,1000,"Symmetric","5",2,TRUE,1.75
"865","Y=~y1",0.854998564585269,0.00949018844252641,0.8,"PLS",12377,6405924,1000,"Symmetric","5",2,TRUE,1.75
"866","Y=~y2",0.850172672819259,0.00986899326528306,0.8,"PLS",12377,6405924,1000,"Symmetric","5",2,TRUE,1.75
"867","Y=~y3",0.837726005259181,0.0117985218728074,0.8,"PLS",12377,6405924,1000,"Symmetric","5",2,TRUE,1.75
"868","Y~X",0.354723972118211,0.0255836644642675,0.4,"PLS",12377,6405924,1000,"Symmetric","5",2,TRUE,1.75
"869","Y~Z",0.406737172882693,0.0253284439106948,0.5,"PLS",12377,6405924,1000,"Symmetric","5",2,TRUE,1.75
"870","Y~X:Z",0.222410941551665,0.0230457896412801,0.3,"PLS",12377,6405924,1000,"Symmetric","5",2,TRUE,1.75
"871","X~~Z",0.202501848122154,0.0310725238505738,0.2,"PLS",12377,6405924,1000,"Symmetric","5",2,TRUE,1.75
"872","X=~x1",0.806,0.02,0.8,"Mplus",12377,6405924,1000,"Symmetric","5",2,TRUE,611.259999999995
"873","X=~x2",0.788,0.021,0.8,"Mplus",12377,6405924,1000,"Symmetric","5",2,TRUE,611.259999999995
"874","X=~x3",0.779,0.021,0.8,"Mplus",12377,6405924,1000,"Symmetric","5",2,TRUE,611.259999999995
"875","Z=~z1",0.789,0.02,0.8,"Mplus",12377,6405924,1000,"Symmetric","5",2,TRUE,611.259999999995
"876","Z=~z2",0.77,0.021,0.8,"Mplus",12377,6405924,1000,"Symmetric","5",2,TRUE,611.259999999995
"877","Z=~z3",0.795,0.02,0.8,"Mplus",12377,6405924,1000,"Symmetric","5",2,TRUE,611.259999999995
"878","Y=~y1",0.813,0.019,0.8,"Mplus",12377,6405924,1000,"Symmetric","5",2,TRUE,611.259999999995
"879","Y=~y2",0.802,0.019,0.8,"Mplus",12377,6405924,1000,"Symmetric","5",2,TRUE,611.259999999995
"880","Y=~y3",0.792,0.02,0.8,"Mplus",12377,6405924,1000,"Symmetric","5",2,TRUE,611.259999999995
"881","Y~X",0.414,0.031,0.4,"Mplus",12377,6405924,1000,"Symmetric","5",2,TRUE,611.259999999995
"882","Y~Z",0.483,0.03,0.5,"Mplus",12377,6405924,1000,"Symmetric","5",2,TRUE,611.259999999995
"883","Y~X:Z",0.33,0.033,0.3,"Mplus",12377,6405924,1000,"Symmetric","5",2,TRUE,611.259999999995
"884","X~~Z",0.249,0.037,0.2,"Mplus",12377,6405924,1000,"Symmetric","5",2,TRUE,611.259999999995
"885","X=~x1",0.632690070964545,0.0597671208940177,0.5,"MC-OrdPLSc",12378,8623717,1000,"Symmetric","5",3,TRUE,30.4399999999878
"886","X=~x2",0.389097246650621,0.0604474417282349,0.5,"MC-OrdPLSc",12378,8623717,1000,"Symmetric","5",3,TRUE,30.4399999999878
"887","X=~x3",0.507115096154441,0.0439588578487672,0.5,"MC-OrdPLSc",12378,8623717,1000,"Symmetric","5",3,TRUE,30.4399999999878
"888","Z=~z1",0.494679823954975,0.0560305735653025,0.5,"MC-OrdPLSc",12378,8623717,1000,"Symmetric","5",3,TRUE,30.4399999999878
"889","Z=~z2",0.501933388914745,0.0565814947779961,0.5,"MC-OrdPLSc",12378,8623717,1000,"Symmetric","5",3,TRUE,30.4399999999878
"890","Z=~z3",0.479242520738873,0.0640369592009603,0.5,"MC-OrdPLSc",12378,8623717,1000,"Symmetric","5",3,TRUE,30.4399999999878
"891","Y=~y1",0.450981270158059,0.0449391857169072,0.5,"MC-OrdPLSc",12378,8623717,1000,"Symmetric","5",3,TRUE,30.4399999999878
"892","Y=~y2",0.43519632021284,0.0417359595172194,0.5,"MC-OrdPLSc",12378,8623717,1000,"Symmetric","5",3,TRUE,30.4399999999878
"893","Y=~y3",0.449743301106988,0.0485793309859754,0.5,"MC-OrdPLSc",12378,8623717,1000,"Symmetric","5",3,TRUE,30.4399999999878
"894","Y~X",0.501520782221124,0.0708035856744387,0.4,"MC-OrdPLSc",12378,8623717,1000,"Symmetric","5",3,TRUE,30.4399999999878
"895","Y~Z",0.539554859999848,0.0690254588829754,0.5,"MC-OrdPLSc",12378,8623717,1000,"Symmetric","5",3,TRUE,30.4399999999878
"896","Y~X:Z",0.252039088988333,0.0982013904202358,0.3,"MC-OrdPLSc",12378,8623717,1000,"Symmetric","5",3,TRUE,30.4399999999878
"897","X~~Z",0.165031945435725,0.0671471954792498,0.2,"MC-OrdPLSc",12378,8623717,1000,"Symmetric","5",3,TRUE,30.4399999999878
"898","X=~x1",0.613585419070729,0.0593850830882808,0.5,"PLSc",12378,8623717,1000,"Symmetric","5",3,TRUE,7.27999999999884
"899","X=~x2",0.35007149263463,0.0709497046692668,0.5,"PLSc",12378,8623717,1000,"Symmetric","5",3,TRUE,7.27999999999884
"900","X=~x3",0.487293377891523,0.0577726636086154,0.5,"PLSc",12378,8623717,1000,"Symmetric","5",3,TRUE,7.27999999999884
"901","Z=~z1",0.472882264069492,0.0640004349920339,0.5,"PLSc",12378,8623717,1000,"Symmetric","5",3,TRUE,7.27999999999884
"902","Z=~z2",0.449750131076581,0.0586859860466444,0.5,"PLSc",12378,8623717,1000,"Symmetric","5",3,TRUE,7.27999999999884
"903","Z=~z3",0.478794272732427,0.0624996447034664,0.5,"PLSc",12378,8623717,1000,"Symmetric","5",3,TRUE,7.27999999999884
"904","Y=~y1",0.422300048164448,0.0488116319045429,0.5,"PLSc",12378,8623717,1000,"Symmetric","5",3,TRUE,7.27999999999884
"905","Y=~y2",0.420261789156441,0.044777308688148,0.5,"PLSc",12378,8623717,1000,"Symmetric","5",3,TRUE,7.27999999999884
"906","Y=~y3",0.421153209615849,0.0455070029321875,0.5,"PLSc",12378,8623717,1000,"Symmetric","5",3,TRUE,7.27999999999884
"907","Y~X",0.47066194391732,0.0934330361975596,0.4,"PLSc",12378,8623717,1000,"Symmetric","5",3,TRUE,7.27999999999884
"908","Y~Z",0.563991209187811,0.112365312929802,0.5,"PLSc",12378,8623717,1000,"Symmetric","5",3,TRUE,7.27999999999884
"909","Y~X:Z",0.260765408377628,0.265154303509509,0.3,"PLSc",12378,8623717,1000,"Symmetric","5",3,TRUE,7.27999999999884
"910","X~~Z",0.165967373905768,0.0668302082792564,0.2,"PLSc",12378,8623717,1000,"Symmetric","5",3,TRUE,7.27999999999884
"911","X=~x1",0.800255281458027,0.0346807600732073,0.5,"PLS",12378,8623717,1000,"Symmetric","5",3,TRUE,2.13000000000466
"912","X=~x2",0.570347667495919,0.0645263276124041,0.5,"PLS",12378,8623717,1000,"Symmetric","5",3,TRUE,2.13000000000466
"913","X=~x3",0.701163346604088,0.047669209770837,0.5,"PLS",12378,8623717,1000,"Symmetric","5",3,TRUE,2.13000000000466
"914","Z=~z1",0.695164899889495,0.0512259338405283,0.5,"PLS",12378,8623717,1000,"Symmetric","5",3,TRUE,2.13000000000466
"915","Z=~z2",0.701400320320688,0.0443673054980766,0.5,"PLS",12378,8623717,1000,"Symmetric","5",3,TRUE,2.13000000000466
"916","Z=~z3",0.680454057646412,0.0553007206228336,0.5,"PLS",12378,8623717,1000,"Symmetric","5",3,TRUE,2.13000000000466
"917","Y=~y1",0.679481442401646,0.0429017827952663,0.5,"PLS",12378,8623717,1000,"Symmetric","5",3,TRUE,2.13000000000466
"918","Y=~y2",0.660313293240479,0.0437677999899919,0.5,"PLS",12378,8623717,1000,"Symmetric","5",3,TRUE,2.13000000000466
"919","Y=~y3",0.67626092855692,0.0412780040651436,0.5,"PLS",12378,8623717,1000,"Symmetric","5",3,TRUE,2.13000000000466
"920","Y~X",0.245743978662892,0.0299425656016322,0.4,"PLS",12378,8623717,1000,"Symmetric","5",3,TRUE,2.13000000000466
"921","Y~Z",0.246228772701723,0.0309352235102539,0.5,"PLS",12378,8623717,1000,"Symmetric","5",3,TRUE,2.13000000000466
"922","Y~X:Z",0.0761636993722627,0.0315966646139631,0.3,"PLS",12378,8623717,1000,"Symmetric","5",3,TRUE,2.13000000000466
"923","X~~Z",0.0799700377157746,0.0326263685446689,0.2,"PLS",12378,8623717,1000,"Symmetric","5",3,TRUE,2.13000000000466
"924","X=~x1",0.594,0.048,0.5,"Mplus",12378,8623717,1000,"Symmetric","5",3,TRUE,657.130000000005
"925","X=~x2",0.385,0.044,0.5,"Mplus",12378,8623717,1000,"Symmetric","5",3,TRUE,657.130000000005
"926","X=~x3",0.489,0.045,0.5,"Mplus",12378,8623717,1000,"Symmetric","5",3,TRUE,657.130000000005
"927","Z=~z1",0.485,0.047,0.5,"Mplus",12378,8623717,1000,"Symmetric","5",3,TRUE,657.130000000005
"928","Z=~z2",0.508,0.047,0.5,"Mplus",12378,8623717,1000,"Symmetric","5",3,TRUE,657.130000000005
"929","Z=~z3",0.437,0.048,0.5,"Mplus",12378,8623717,1000,"Symmetric","5",3,TRUE,657.130000000005
"930","Y=~y1",0.44,0.045,0.5,"Mplus",12378,8623717,1000,"Symmetric","5",3,TRUE,657.130000000005
"931","Y=~y2",0.427,0.043,0.5,"Mplus",12378,8623717,1000,"Symmetric","5",3,TRUE,657.130000000005
"932","Y=~y3",0.418,0.044,0.5,"Mplus",12378,8623717,1000,"Symmetric","5",3,TRUE,657.130000000005
"933","Y~X",0.507,0.071,0.4,"Mplus",12378,8623717,1000,"Symmetric","5",3,TRUE,657.130000000005
"934","Y~Z",0.515,0.072,0.5,"Mplus",12378,8623717,1000,"Symmetric","5",3,TRUE,657.130000000005
"935","Y~X:Z",0.347,0.082,0.3,"Mplus",12378,8623717,1000,"Symmetric","5",3,TRUE,657.130000000005
"936","X~~Z",0.193,0.064,0.2,"Mplus",12378,8623717,1000,"Symmetric","5",3,TRUE,657.130000000005
"937","X=~x1",0.812721549667898,0.04585539808593,0.8,"MC-OrdPLSc",12379,5564806,200,"Symmetric","7",2,TRUE,26.0599999999977
"938","X=~x2",0.816896553338856,0.0408242030791775,0.8,"MC-OrdPLSc",12379,5564806,200,"Symmetric","7",2,TRUE,26.0599999999977
"939","X=~x3",0.79970510795673,0.0587671392594203,0.8,"MC-OrdPLSc",12379,5564806,200,"Symmetric","7",2,TRUE,26.0599999999977
"940","Z=~z1",0.746526590029705,0.0648348070276978,0.8,"MC-OrdPLSc",12379,5564806,200,"Symmetric","7",2,TRUE,26.0599999999977
"941","Z=~z2",0.850692844883909,0.0462121012050031,0.8,"MC-OrdPLSc",12379,5564806,200,"Symmetric","7",2,TRUE,26.0599999999977
"942","Z=~z3",0.820272487131272,0.0488768458123495,0.8,"MC-OrdPLSc",12379,5564806,200,"Symmetric","7",2,TRUE,26.0599999999977
"943","Y=~y1",0.730006193500142,0.0589789940731048,0.8,"MC-OrdPLSc",12379,5564806,200,"Symmetric","7",2,TRUE,26.0599999999977
"944","Y=~y2",0.810425964564973,0.051534257088462,0.8,"MC-OrdPLSc",12379,5564806,200,"Symmetric","7",2,TRUE,26.0599999999977
"945","Y=~y3",0.832497368553457,0.0418423341843814,0.8,"MC-OrdPLSc",12379,5564806,200,"Symmetric","7",2,TRUE,26.0599999999977
"946","Y~X",0.360494187538085,0.0869261950626594,0.4,"MC-OrdPLSc",12379,5564806,200,"Symmetric","7",2,TRUE,26.0599999999977
"947","Y~Z",0.377118294563064,0.0847859457660124,0.5,"MC-OrdPLSc",12379,5564806,200,"Symmetric","7",2,TRUE,26.0599999999977
"948","Y~X:Z",0.314392148728491,0.0968210630137912,0.3,"MC-OrdPLSc",12379,5564806,200,"Symmetric","7",2,TRUE,26.0599999999977
"949","X~~Z",0.258980839060208,0.0869473278798393,0.2,"MC-OrdPLSc",12379,5564806,200,"Symmetric","7",2,TRUE,26.0599999999977
"950","X=~x1",0.768978425559429,0.0863445425582054,0.8,"PLSc",12379,5564806,200,"Symmetric","7",2,TRUE,3.11000000000058
"951","X=~x2",0.845249712916149,0.0835580562411,0.8,"PLSc",12379,5564806,200,"Symmetric","7",2,TRUE,3.11000000000058
"952","X=~x3",0.747710559579975,0.107270048415679,0.8,"PLSc",12379,5564806,200,"Symmetric","7",2,TRUE,3.11000000000058
"953","Z=~z1",0.661867415162564,0.104820673930366,0.8,"PLSc",12379,5564806,200,"Symmetric","7",2,TRUE,3.11000000000058
"954","Z=~z2",0.874150179124539,0.0894288248918048,0.8,"PLSc",12379,5564806,200,"Symmetric","7",2,TRUE,3.11000000000058
"955","Z=~z3",0.812573602827181,0.0879910507961001,0.8,"PLSc",12379,5564806,200,"Symmetric","7",2,TRUE,3.11000000000058
"956","Y=~y1",0.643255509582126,0.089159280624425,0.8,"PLSc",12379,5564806,200,"Symmetric","7",2,TRUE,3.11000000000058
"957","Y=~y2",0.854871657720854,0.0728230590021862,0.8,"PLSc",12379,5564806,200,"Symmetric","7",2,TRUE,3.11000000000058
"958","Y=~y3",0.800846959113586,0.0623916639470908,0.8,"PLSc",12379,5564806,200,"Symmetric","7",2,TRUE,3.11000000000058
"959","Y~X",0.36274308707354,0.0826955375009203,0.4,"PLSc",12379,5564806,200,"Symmetric","7",2,TRUE,3.11000000000058
"960","Y~Z",0.388742394313708,0.0823629971607988,0.5,"PLSc",12379,5564806,200,"Symmetric","7",2,TRUE,3.11000000000058
"961","Y~X:Z",0.311952127413608,0.0949027075784746,0.3,"PLSc",12379,5564806,200,"Symmetric","7",2,TRUE,3.11000000000058
"962","X~~Z",0.257909697324093,0.0798432913113303,0.2,"PLSc",12379,5564806,200,"Symmetric","7",2,TRUE,3.11000000000058
"963","X=~x1",0.866295307878212,0.023549942785052,0.8,"PLS",12379,5564806,200,"Symmetric","7",2,TRUE,1.86000000000058
"964","X=~x2",0.867718059524717,0.0233463065421038,0.8,"PLS",12379,5564806,200,"Symmetric","7",2,TRUE,1.86000000000058
"965","X=~x3",0.859177387304311,0.0329315387499414,0.8,"PLS",12379,5564806,200,"Symmetric","7",2,TRUE,1.86000000000058
"966","Z=~z1",0.831452713732837,0.0348488267375689,0.8,"PLS",12379,5564806,200,"Symmetric","7",2,TRUE,1.86000000000058
"967","Z=~z2",0.884636623661048,0.0212947918555785,0.8,"PLS",12379,5564806,200,"Symmetric","7",2,TRUE,1.86000000000058
"968","Z=~z3",0.868906634412312,0.0252081827501828,0.8,"PLS",12379,5564806,200,"Symmetric","7",2,TRUE,1.86000000000058
"969","Y=~y1",0.818891269318152,0.0317367566753356,0.8,"PLS",12379,5564806,200,"Symmetric","7",2,TRUE,1.86000000000058
"970","Y=~y2",0.863626190452957,0.0225277625840777,0.8,"PLS",12379,5564806,200,"Symmetric","7",2,TRUE,1.86000000000058
"971","Y=~y3",0.873275748236534,0.0186826881923987,0.8,"PLS",12379,5564806,200,"Symmetric","7",2,TRUE,1.86000000000058
"972","Y~X",0.308200417230273,0.0640356769033621,0.4,"PLS",12379,5564806,200,"Symmetric","7",2,TRUE,1.86000000000058
"973","Y~Z",0.322704557388198,0.0595477964576481,0.5,"PLS",12379,5564806,200,"Symmetric","7",2,TRUE,1.86000000000058
"974","Y~X:Z",0.231532904678153,0.0619939917299045,0.3,"PLS",12379,5564806,200,"Symmetric","7",2,TRUE,1.86000000000058
"975","X~~Z",0.216131838567087,0.0686288035627132,0.2,"PLS",12379,5564806,200,"Symmetric","7",2,TRUE,1.86000000000058
"976","X=~x1",0.806,0.041,0.8,"Mplus",12379,5564806,200,"Symmetric","7",2,TRUE,137.199999999997
"977","X=~x2",0.78,0.042,0.8,"Mplus",12379,5564806,200,"Symmetric","7",2,TRUE,137.199999999997
"978","X=~x3",0.822,0.038,0.8,"Mplus",12379,5564806,200,"Symmetric","7",2,TRUE,137.199999999997
"979","Z=~z1",0.774,0.042,0.8,"Mplus",12379,5564806,200,"Symmetric","7",2,TRUE,137.199999999997
"980","Z=~z2",0.832,0.039,0.8,"Mplus",12379,5564806,200,"Symmetric","7",2,TRUE,137.199999999997
"981","Z=~z3",0.803,0.041,0.8,"Mplus",12379,5564806,200,"Symmetric","7",2,TRUE,137.199999999997
"982","Y=~y1",0.762,0.047,0.8,"Mplus",12379,5564806,200,"Symmetric","7",2,TRUE,137.199999999997
"983","Y=~y2",0.784,0.046,0.8,"Mplus",12379,5564806,200,"Symmetric","7",2,TRUE,137.199999999997
"984","Y=~y3",0.817,0.043,0.8,"Mplus",12379,5564806,200,"Symmetric","7",2,TRUE,137.199999999997
"985","Y~X",0.34,0.076,0.4,"Mplus",12379,5564806,200,"Symmetric","7",2,TRUE,137.199999999997
"986","Y~Z",0.375,0.075,0.5,"Mplus",12379,5564806,200,"Symmetric","7",2,TRUE,137.199999999997
"987","Y~X:Z",0.314,0.071,0.3,"Mplus",12379,5564806,200,"Symmetric","7",2,TRUE,137.199999999997
"988","X~~Z",0.285,0.079,0.2,"Mplus",12379,5564806,200,"Symmetric","7",2,TRUE,137.199999999997
"989","X=~x1",0.554645944598572,0.699587148582247,0.5,"MC-OrdPLSc",12380,9631060,200,"Symmetric","7",3,TRUE,32.8399999999965
"990","X=~x2",0.465864042491496,0.5009647024379,0.5,"MC-OrdPLSc",12380,9631060,200,"Symmetric","7",3,TRUE,32.8399999999965
"991","X=~x3",0.611894957150005,0.621380125027619,0.5,"MC-OrdPLSc",12380,9631060,200,"Symmetric","7",3,TRUE,32.8399999999965
"992","Z=~z1",0.492373379518791,0.171600180415931,0.5,"MC-OrdPLSc",12380,9631060,200,"Symmetric","7",3,TRUE,32.8399999999965
"993","Z=~z2",0.41963806074303,0.14520619041434,0.5,"MC-OrdPLSc",12380,9631060,200,"Symmetric","7",3,TRUE,32.8399999999965
"994","Z=~z3",0.52288853342686,0.1549297622849,0.5,"MC-OrdPLSc",12380,9631060,200,"Symmetric","7",3,TRUE,32.8399999999965
"995","Y=~y1",0.412259556894174,0.171934359043231,0.5,"MC-OrdPLSc",12380,9631060,200,"Symmetric","7",3,TRUE,32.8399999999965
"996","Y=~y2",0.454333440091645,0.155800527803607,0.5,"MC-OrdPLSc",12380,9631060,200,"Symmetric","7",3,TRUE,32.8399999999965
"997","Y=~y3",0.540509644504831,0.182807103279205,0.5,"MC-OrdPLSc",12380,9631060,200,"Symmetric","7",3,TRUE,32.8399999999965
"998","Y~X",0.234251346163914,0.216432307356427,0.4,"MC-OrdPLSc",12380,9631060,200,"Symmetric","7",3,TRUE,32.8399999999965
"999","Y~Z",0.751595910174601,0.244760289430584,0.5,"MC-OrdPLSc",12380,9631060,200,"Symmetric","7",3,TRUE,32.8399999999965
"1000","Y~X:Z",0.240881806257582,0.265520472060742,0.3,"MC-OrdPLSc",12380,9631060,200,"Symmetric","7",3,TRUE,32.8399999999965
"1001","X~~Z",0.0744269167973421,0.163297751231775,0.2,"MC-OrdPLSc",12380,9631060,200,"Symmetric","7",3,TRUE,32.8399999999965
"1002","X=~x1",0.572853426825807,0.333903991380046,0.5,"PLSc",12380,9631060,200,"Symmetric","7",3,TRUE,5.22000000000116
"1003","X=~x2",0.435182723259489,0.373368710065097,0.5,"PLSc",12380,9631060,200,"Symmetric","7",3,TRUE,5.22000000000116
"1004","X=~x3",0.573641247458349,0.267302230513853,0.5,"PLSc",12380,9631060,200,"Symmetric","7",3,TRUE,5.22000000000116
"1005","Z=~z1",0.527155710066169,0.150127605021954,0.5,"PLSc",12380,9631060,200,"Symmetric","7",3,TRUE,5.22000000000116
"1006","Z=~z2",0.336864750309604,0.16760807537222,0.5,"PLSc",12380,9631060,200,"Symmetric","7",3,TRUE,5.22000000000116
"1007","Z=~z3",0.503256147478265,0.120687992153232,0.5,"PLSc",12380,9631060,200,"Symmetric","7",3,TRUE,5.22000000000116
"1008","Y=~y1",0.402420559293406,0.192818203127289,0.5,"PLSc",12380,9631060,200,"Symmetric","7",3,TRUE,5.22000000000116
"1009","Y=~y2",0.466565903582967,0.134453806069851,0.5,"PLSc",12380,9631060,200,"Symmetric","7",3,TRUE,5.22000000000116
"1010","Y=~y3",0.486813257598616,0.135255226626715,0.5,"PLSc",12380,9631060,200,"Symmetric","7",3,TRUE,5.22000000000116
"1011","Y~X",0.196778953403043,1.54477499414281,0.4,"PLSc",12380,9631060,200,"Symmetric","7",3,TRUE,5.22000000000116
"1012","Y~Z",0.741699466766863,1.83664201507496,0.5,"PLSc",12380,9631060,200,"Symmetric","7",3,TRUE,5.22000000000116
"1013","Y~X:Z",0.308033705365408,3.65105761148381,0.3,"PLSc",12380,9631060,200,"Symmetric","7",3,TRUE,5.22000000000116
"1014","X~~Z",0.0748025263520133,0.164474252874035,0.2,"PLSc",12380,9631060,200,"Symmetric","7",3,TRUE,5.22000000000116
"1015","X=~x1",0.732331504526349,0.348657820614016,0.5,"PLS",12380,9631060,200,"Symmetric","7",3,TRUE,3.82999999998719
"1016","X=~x2",0.646603872271668,0.398279660722343,0.5,"PLS",12380,9631060,200,"Symmetric","7",3,TRUE,3.82999999998719
"1017","X=~x3",0.774535592599195,0.264245787824961,0.5,"PLS",12380,9631060,200,"Symmetric","7",3,TRUE,3.82999999998719
"1018","Z=~z1",0.704679538526768,0.15594154053874,0.5,"PLS",12380,9631060,200,"Symmetric","7",3,TRUE,3.82999999998719
"1019","Z=~z2",0.627226954723846,0.160188534568349,0.5,"PLS",12380,9631060,200,"Symmetric","7",3,TRUE,3.82999999998719
"1020","Z=~z3",0.733319236012132,0.106419839124556,0.5,"PLS",12380,9631060,200,"Symmetric","7",3,TRUE,3.82999999998719
"1021","Y=~y1",0.626150979628142,0.195473410857574,0.5,"PLS",12380,9631060,200,"Symmetric","7",3,TRUE,3.82999999998719
"1022","Y=~y2",0.671372680323639,0.150262840307689,0.5,"PLS",12380,9631060,200,"Symmetric","7",3,TRUE,3.82999999998719
"1023","Y=~y3",0.751704857230099,0.118496010986976,0.5,"PLS",12380,9631060,200,"Symmetric","7",3,TRUE,3.82999999998719
"1024","Y~X",0.128929450776652,0.0818556192247842,0.4,"PLS",12380,9631060,200,"Symmetric","7",3,TRUE,3.82999999998719
"1025","Y~Z",0.34369230481353,0.064108697606203,0.5,"PLS",12380,9631060,200,"Symmetric","7",3,TRUE,3.82999999998719
"1026","Y~X:Z",0.0779233672649431,0.0786243600294762,0.3,"PLS",12380,9631060,200,"Symmetric","7",3,TRUE,3.82999999998719
"1027","X~~Z",0.0374520828534081,0.071411762741326,0.2,"PLS",12380,9631060,200,"Symmetric","7",3,TRUE,3.82999999998719
"1028","X=~x1",0.484,0.096,0.5,"Mplus",12380,9631060,200,"Symmetric","7",3,TRUE,155.139999999999
"1029","X=~x2",0.484,0.091,0.5,"Mplus",12380,9631060,200,"Symmetric","7",3,TRUE,155.139999999999
"1030","X=~x3",0.643,0.099,0.5,"Mplus",12380,9631060,200,"Symmetric","7",3,TRUE,155.139999999999
"1031","Z=~z1",0.377,0.093,0.5,"Mplus",12380,9631060,200,"Symmetric","7",3,TRUE,155.139999999999
"1032","Z=~z2",0.523,0.096,0.5,"Mplus",12380,9631060,200,"Symmetric","7",3,TRUE,155.139999999999
"1033","Z=~z3",0.578,0.096,0.5,"Mplus",12380,9631060,200,"Symmetric","7",3,TRUE,155.139999999999
"1034","Y=~y1",0.344,0.097,0.5,"Mplus",12380,9631060,200,"Symmetric","7",3,TRUE,155.139999999999
"1035","Y=~y2",0.459,0.102,0.5,"Mplus",12380,9631060,200,"Symmetric","7",3,TRUE,155.139999999999
"1036","Y=~y3",0.57,0.105,0.5,"Mplus",12380,9631060,200,"Symmetric","7",3,TRUE,155.139999999999
"1037","Y~X",0.26,0.142,0.4,"Mplus",12380,9631060,200,"Symmetric","7",3,TRUE,155.139999999999
"1038","Y~Z",0.624,0.139,0.5,"Mplus",12380,9631060,200,"Symmetric","7",3,TRUE,155.139999999999
"1039","Y~X:Z",0.233,0.193,0.3,"Mplus",12380,9631060,200,"Symmetric","7",3,TRUE,155.139999999999
"1040","X~~Z",0.067,0.133,0.2,"Mplus",12380,9631060,200,"Symmetric","7",3,TRUE,155.139999999999
"1041","X=~x1",0.835564320947921,0.0246532986828239,0.8,"MC-OrdPLSc",12381,3949341,500,"Symmetric","7",2,TRUE,28.7799999999988
"1042","X=~x2",0.763101291372101,0.0276711152340183,0.8,"MC-OrdPLSc",12381,3949341,500,"Symmetric","7",2,TRUE,28.7799999999988
"1043","X=~x3",0.805668067306606,0.0251282596843092,0.8,"MC-OrdPLSc",12381,3949341,500,"Symmetric","7",2,TRUE,28.7799999999988
"1044","Z=~z1",0.813815876402861,0.0258351183363811,0.8,"MC-OrdPLSc",12381,3949341,500,"Symmetric","7",2,TRUE,28.7799999999988
"1045","Z=~z2",0.796576282330773,0.0265583257434161,0.8,"MC-OrdPLSc",12381,3949341,500,"Symmetric","7",2,TRUE,28.7799999999988
"1046","Z=~z3",0.777227473339452,0.0296312449950192,0.8,"MC-OrdPLSc",12381,3949341,500,"Symmetric","7",2,TRUE,28.7799999999988
"1047","Y=~y1",0.790934394561796,0.0266435943932694,0.8,"MC-OrdPLSc",12381,3949341,500,"Symmetric","7",2,TRUE,28.7799999999988
"1048","Y=~y2",0.809624927837214,0.0262882843182947,0.8,"MC-OrdPLSc",12381,3949341,500,"Symmetric","7",2,TRUE,28.7799999999988
"1049","Y=~y3",0.807700368672545,0.0281484666686137,0.8,"MC-OrdPLSc",12381,3949341,500,"Symmetric","7",2,TRUE,28.7799999999988
"1050","Y~X",0.408862225178274,0.0415774060832053,0.4,"MC-OrdPLSc",12381,3949341,500,"Symmetric","7",2,TRUE,28.7799999999988
"1051","Y~Z",0.53473664931406,0.0445197781102161,0.5,"MC-OrdPLSc",12381,3949341,500,"Symmetric","7",2,TRUE,28.7799999999988
"1052","Y~X:Z",0.256151681267482,0.0514977589779776,0.3,"MC-OrdPLSc",12381,3949341,500,"Symmetric","7",2,TRUE,28.7799999999988
"1053","X~~Z",0.231667708796847,0.0543181919162265,0.2,"MC-OrdPLSc",12381,3949341,500,"Symmetric","7",2,TRUE,28.7799999999988
"1054","X=~x1",0.797507731363077,0.0447244886493716,0.8,"PLSc",12381,3949341,500,"Symmetric","7",2,TRUE,4.29999999998836
"1055","X=~x2",0.765812628973488,0.0498764029558702,0.8,"PLSc",12381,3949341,500,"Symmetric","7",2,TRUE,4.29999999998836
"1056","X=~x3",0.781338414541451,0.0450247596024817,0.8,"PLSc",12381,3949341,500,"Symmetric","7",2,TRUE,4.29999999998836
"1057","Z=~z1",0.811095636330784,0.0387639328155687,0.8,"PLSc",12381,3949341,500,"Symmetric","7",2,TRUE,4.29999999998836
"1058","Z=~z2",0.7892142844963,0.0367752747471948,0.8,"PLSc",12381,3949341,500,"Symmetric","7",2,TRUE,4.29999999998836
"1059","Z=~z3",0.725589849546398,0.0446801586326389,0.8,"PLSc",12381,3949341,500,"Symmetric","7",2,TRUE,4.29999999998836
"1060","Y=~y1",0.786376194233176,0.0326909998090356,0.8,"PLSc",12381,3949341,500,"Symmetric","7",2,TRUE,4.29999999998836
"1061","Y=~y2",0.812645160332994,0.0300144089477835,0.8,"PLSc",12381,3949341,500,"Symmetric","7",2,TRUE,4.29999999998836
"1062","Y=~y3",0.736827678076263,0.0344713574024236,0.8,"PLSc",12381,3949341,500,"Symmetric","7",2,TRUE,4.29999999998836
"1063","Y~X",0.412477679410467,0.0448117971950331,0.4,"PLSc",12381,3949341,500,"Symmetric","7",2,TRUE,4.29999999998836
"1064","Y~Z",0.543093898429691,0.0440213313361238,0.5,"PLSc",12381,3949341,500,"Symmetric","7",2,TRUE,4.29999999998836
"1065","Y~X:Z",0.244892060196099,0.0513458750692652,0.3,"PLSc",12381,3949341,500,"Symmetric","7",2,TRUE,4.29999999998836
"1066","X~~Z",0.23130553333697,0.0569268003058812,0.2,"PLSc",12381,3949341,500,"Symmetric","7",2,TRUE,4.29999999998836
"1067","X=~x1",0.876139010838528,0.0114225600131758,0.8,"PLS",12381,3949341,500,"Symmetric","7",2,TRUE,1.69999999999709
"1068","X=~x2",0.841713722637415,0.0168329302616249,0.8,"PLS",12381,3949341,500,"Symmetric","7",2,TRUE,1.69999999999709
"1069","X=~x3",0.863265988975031,0.0139702475483424,0.8,"PLS",12381,3949341,500,"Symmetric","7",2,TRUE,1.69999999999709
"1070","Z=~z1",0.865599137887499,0.0130598026768923,0.8,"PLS",12381,3949341,500,"Symmetric","7",2,TRUE,1.69999999999709
"1071","Z=~z2",0.856994931511126,0.0133990921346283,0.8,"PLS",12381,3949341,500,"Symmetric","7",2,TRUE,1.69999999999709
"1072","Z=~z3",0.848111879471759,0.0159178256217582,0.8,"PLS",12381,3949341,500,"Symmetric","7",2,TRUE,1.69999999999709
"1073","Y=~y1",0.85403795300445,0.0136630478337463,0.8,"PLS",12381,3949341,500,"Symmetric","7",2,TRUE,1.69999999999709
"1074","Y=~y2",0.862601886796752,0.0135808086479985,0.8,"PLS",12381,3949341,500,"Symmetric","7",2,TRUE,1.69999999999709
"1075","Y=~y3",0.860650967165399,0.0139762752858146,0.8,"PLS",12381,3949341,500,"Symmetric","7",2,TRUE,1.69999999999709
"1076","Y~X",0.353385447479207,0.0353008897553181,0.4,"PLS",12381,3949341,500,"Symmetric","7",2,TRUE,1.69999999999709
"1077","Y~Z",0.449411779381137,0.0335847157982146,0.5,"PLS",12381,3949341,500,"Symmetric","7",2,TRUE,1.69999999999709
"1078","Y~X:Z",0.179656088621886,0.0351901839662819,0.3,"PLS",12381,3949341,500,"Symmetric","7",2,TRUE,1.69999999999709
"1079","X~~Z",0.190451369460235,0.047058184206117,0.2,"PLS",12381,3949341,500,"Symmetric","7",2,TRUE,1.69999999999709
"1080","X=~x1",0.825,0.025,0.8,"Mplus",12381,3949341,500,"Symmetric","7",2,TRUE,317.259999999995
"1081","X=~x2",0.742,0.029,0.8,"Mplus",12381,3949341,500,"Symmetric","7",2,TRUE,317.259999999995
"1082","X=~x3",0.806,0.026,0.8,"Mplus",12381,3949341,500,"Symmetric","7",2,TRUE,317.259999999995
"1083","Z=~z1",0.808,0.026,0.8,"Mplus",12381,3949341,500,"Symmetric","7",2,TRUE,317.259999999995
"1084","Z=~z2",0.774,0.028,0.8,"Mplus",12381,3949341,500,"Symmetric","7",2,TRUE,317.259999999995
"1085","Z=~z3",0.78,0.027,0.8,"Mplus",12381,3949341,500,"Symmetric","7",2,TRUE,317.259999999995
"1086","Y=~y1",0.781,0.027,0.8,"Mplus",12381,3949341,500,"Symmetric","7",2,TRUE,317.259999999995
"1087","Y=~y2",0.823,0.024,0.8,"Mplus",12381,3949341,500,"Symmetric","7",2,TRUE,317.259999999995
"1088","Y=~y3",0.807,0.025,0.8,"Mplus",12381,3949341,500,"Symmetric","7",2,TRUE,317.259999999995
"1089","Y~X",0.411,0.042,0.4,"Mplus",12381,3949341,500,"Symmetric","7",2,TRUE,317.259999999995
"1090","Y~Z",0.53,0.039,0.5,"Mplus",12381,3949341,500,"Symmetric","7",2,TRUE,317.259999999995
"1091","Y~X:Z",0.267,0.042,0.3,"Mplus",12381,3949341,500,"Symmetric","7",2,TRUE,317.259999999995
"1092","X~~Z",0.228,0.052,0.2,"Mplus",12381,3949341,500,"Symmetric","7",2,TRUE,317.259999999995
"1093","X=~x1",0.480984582271025,0.0758315836197493,0.5,"MC-OrdPLSc",12382,2808590,500,"Symmetric","7",3,TRUE,31.6899999999878
"1094","X=~x2",0.647131487852624,0.0846338654780379,0.5,"MC-OrdPLSc",12382,2808590,500,"Symmetric","7",3,TRUE,31.6899999999878
"1095","X=~x3",0.48444453136679,0.093800051075092,0.5,"MC-OrdPLSc",12382,2808590,500,"Symmetric","7",3,TRUE,31.6899999999878
"1096","Z=~z1",0.452984413247494,0.0699589202253133,0.5,"MC-OrdPLSc",12382,2808590,500,"Symmetric","7",3,TRUE,31.6899999999878
"1097","Z=~z2",0.684317201028005,0.0812002570920175,0.5,"MC-OrdPLSc",12382,2808590,500,"Symmetric","7",3,TRUE,31.6899999999878
"1098","Z=~z3",0.416215852138954,0.0848801359379869,0.5,"MC-OrdPLSc",12382,2808590,500,"Symmetric","7",3,TRUE,31.6899999999878
"1099","Y=~y1",0.528777683816655,0.0628815068965883,0.5,"MC-OrdPLSc",12382,2808590,500,"Symmetric","7",3,TRUE,31.6899999999878
"1100","Y=~y2",0.482894285884599,0.0628888354316304,0.5,"MC-OrdPLSc",12382,2808590,500,"Symmetric","7",3,TRUE,31.6899999999878
"1101","Y=~y3",0.485448604525755,0.0635555550875863,0.5,"MC-OrdPLSc",12382,2808590,500,"Symmetric","7",3,TRUE,31.6899999999878
"1102","Y~X",0.397102051016066,0.0759240104884076,0.4,"MC-OrdPLSc",12382,2808590,500,"Symmetric","7",3,TRUE,31.6899999999878
"1103","Y~Z",0.491604525359056,0.0792329184018907,0.5,"MC-OrdPLSc",12382,2808590,500,"Symmetric","7",3,TRUE,31.6899999999878
"1104","Y~X:Z",0.0724518516406579,0.117255830107231,0.3,"MC-OrdPLSc",12382,2808590,500,"Symmetric","7",3,TRUE,31.6899999999878
"1105","X~~Z",0.157553771869026,0.0799591245033201,0.2,"MC-OrdPLSc",12382,2808590,500,"Symmetric","7",3,TRUE,31.6899999999878
"1106","X=~x1",0.441995812912559,0.102254494030392,0.5,"PLSc",12382,2808590,500,"Symmetric","7",3,TRUE,4.75999999999476
"1107","X=~x2",0.673542778792056,0.101380442868586,0.5,"PLSc",12382,2808590,500,"Symmetric","7",3,TRUE,4.75999999999476
"1108","X=~x3",0.450360525845282,0.0991534879470765,0.5,"PLSc",12382,2808590,500,"Symmetric","7",3,TRUE,4.75999999999476
"1109","Z=~z1",0.414176674209771,0.0906144251092574,0.5,"PLSc",12382,2808590,500,"Symmetric","7",3,TRUE,4.75999999999476
"1110","Z=~z2",0.699887325714976,0.0841222653023057,0.5,"PLSc",12382,2808590,500,"Symmetric","7",3,TRUE,4.75999999999476
"1111","Z=~z3",0.397244348175465,0.0959825158184555,0.5,"PLSc",12382,2808590,500,"Symmetric","7",3,TRUE,4.75999999999476
"1112","Y=~y1",0.521785354432234,0.0637711594027732,0.5,"PLSc",12382,2808590,500,"Symmetric","7",3,TRUE,4.75999999999476
"1113","Y=~y2",0.463423297537884,0.0723833739891549,0.5,"PLSc",12382,2808590,500,"Symmetric","7",3,TRUE,4.75999999999476
"1114","Y=~y3",0.467978495825711,0.0713634335545009,0.5,"PLSc",12382,2808590,500,"Symmetric","7",3,TRUE,4.75999999999476
"1115","Y~X",0.396607214638179,0.406588416015117,0.4,"PLSc",12382,2808590,500,"Symmetric","7",3,TRUE,4.75999999999476
"1116","Y~Z",0.483993586403814,0.876433499071377,0.5,"PLSc",12382,2808590,500,"Symmetric","7",3,TRUE,4.75999999999476
"1117","Y~X:Z",0.0329828202846811,2.83933655244132,0.3,"PLSc",12382,2808590,500,"Symmetric","7",3,TRUE,4.75999999999476
"1118","X~~Z",0.154417396927552,0.0740206848496814,0.2,"PLSc",12382,2808590,500,"Symmetric","7",3,TRUE,4.75999999999476
"1119","X=~x1",0.666737261622064,0.0744197691110139,0.5,"PLS",12382,2808590,500,"Symmetric","7",3,TRUE,2.13999999999942
"1120","X=~x2",0.80148699264043,0.0593256407267348,0.5,"PLS",12382,2808590,500,"Symmetric","7",3,TRUE,2.13999999999942
"1121","X=~x3",0.671229416515172,0.075097019182962,0.5,"PLS",12382,2808590,500,"Symmetric","7",3,TRUE,2.13999999999942
"1122","Z=~z1",0.649976360566218,0.0704756821906112,0.5,"PLS",12382,2808590,500,"Symmetric","7",3,TRUE,2.13999999999942
"1123","Z=~z2",0.831437469874391,0.0440758558181662,0.5,"PLS",12382,2808590,500,"Symmetric","7",3,TRUE,2.13999999999942
"1124","Z=~z3",0.610435492560648,0.0855520711644593,0.5,"PLS",12382,2808590,500,"Symmetric","7",3,TRUE,2.13999999999942
"1125","Y=~y1",0.727342160645071,0.0478098556686865,0.5,"PLS",12382,2808590,500,"Symmetric","7",3,TRUE,2.13999999999942
"1126","Y=~y2",0.683849278812052,0.0547827775251998,0.5,"PLS",12382,2808590,500,"Symmetric","7",3,TRUE,2.13999999999942
"1127","Y=~y3",0.687110685068124,0.0532431957968499,0.5,"PLS",12382,2808590,500,"Symmetric","7",3,TRUE,2.13999999999942
"1128","Y~X",0.221982349386823,0.0411643020184963,0.4,"PLS",12382,2808590,500,"Symmetric","7",3,TRUE,2.13999999999942
"1129","Y~Z",0.265219011560809,0.041385811249553,0.5,"PLS",12382,2808590,500,"Symmetric","7",3,TRUE,2.13999999999942
"1130","Y~X:Z",0.0275643569133393,0.0444615241430811,0.3,"PLS",12382,2808590,500,"Symmetric","7",3,TRUE,2.13999999999942
"1131","X~~Z",0.0866729802975883,0.0413558996216363,0.2,"PLS",12382,2808590,500,"Symmetric","7",3,TRUE,2.13999999999942
"1132","X=~x1",0.512,0.061,0.5,"Mplus",12382,2808590,500,"Symmetric","7",3,TRUE,324.029999999999
"1133","X=~x2",0.528,0.064,0.5,"Mplus",12382,2808590,500,"Symmetric","7",3,TRUE,324.029999999999
"1134","X=~x3",0.53,0.063,0.5,"Mplus",12382,2808590,500,"Symmetric","7",3,TRUE,324.029999999999
"1135","Z=~z1",0.48,0.062,0.5,"Mplus",12382,2808590,500,"Symmetric","7",3,TRUE,324.029999999999
"1136","Z=~z2",0.609,0.066,0.5,"Mplus",12382,2808590,500,"Symmetric","7",3,TRUE,324.029999999999
"1137","Z=~z3",0.434,0.059,0.5,"Mplus",12382,2808590,500,"Symmetric","7",3,TRUE,324.029999999999
"1138","Y=~y1",0.497,0.058,0.5,"Mplus",12382,2808590,500,"Symmetric","7",3,TRUE,324.029999999999
"1139","Y=~y2",0.484,0.058,0.5,"Mplus",12382,2808590,500,"Symmetric","7",3,TRUE,324.029999999999
"1140","Y=~y3",0.49,0.057,0.5,"Mplus",12382,2808590,500,"Symmetric","7",3,TRUE,324.029999999999
"1141","Y~X",0.371,0.087,0.4,"Mplus",12382,2808590,500,"Symmetric","7",3,TRUE,324.029999999999
"1142","Y~Z",0.488,0.086,0.5,"Mplus",12382,2808590,500,"Symmetric","7",3,TRUE,324.029999999999
"1143","Y~X:Z",0.154,0.102,0.3,"Mplus",12382,2808590,500,"Symmetric","7",3,TRUE,324.029999999999
"1144","X~~Z",0.179,0.085,0.2,"Mplus",12382,2808590,500,"Symmetric","7",3,TRUE,324.029999999999
"1145","X=~x1",0.809130320649944,0.0219715145172625,0.8,"MC-OrdPLSc",12383,2422709,1000,"Symmetric","7",2,TRUE,32.8099999999977
"1146","X=~x2",0.812729305724711,0.020574531581476,0.8,"MC-OrdPLSc",12383,2422709,1000,"Symmetric","7",2,TRUE,32.8099999999977
"1147","X=~x3",0.806599726940605,0.0176138778017623,0.8,"MC-OrdPLSc",12383,2422709,1000,"Symmetric","7",2,TRUE,32.8099999999977
"1148","Z=~z1",0.78723987205681,0.019084718068913,0.8,"MC-OrdPLSc",12383,2422709,1000,"Symmetric","7",2,TRUE,32.8099999999977
"1149","Z=~z2",0.815526693297684,0.0175617083257785,0.8,"MC-OrdPLSc",12383,2422709,1000,"Symmetric","7",2,TRUE,32.8099999999977
"1150","Z=~z3",0.794128418856272,0.0193033265708464,0.8,"MC-OrdPLSc",12383,2422709,1000,"Symmetric","7",2,TRUE,32.8099999999977
"1151","Y=~y1",0.798862523533725,0.0180582947235913,0.8,"MC-OrdPLSc",12383,2422709,1000,"Symmetric","7",2,TRUE,32.8099999999977
"1152","Y=~y2",0.820917103312173,0.0165935043059394,0.8,"MC-OrdPLSc",12383,2422709,1000,"Symmetric","7",2,TRUE,32.8099999999977
"1153","Y=~y3",0.782470207222403,0.0185114191297697,0.8,"MC-OrdPLSc",12383,2422709,1000,"Symmetric","7",2,TRUE,32.8099999999977
"1154","Y~X",0.369933296559971,0.0318561000506937,0.4,"MC-OrdPLSc",12383,2422709,1000,"Symmetric","7",2,TRUE,32.8099999999977
"1155","Y~Z",0.503752653044479,0.0284885591340367,0.5,"MC-OrdPLSc",12383,2422709,1000,"Symmetric","7",2,TRUE,32.8099999999977
"1156","Y~X:Z",0.282005122846563,0.0408350013454733,0.3,"MC-OrdPLSc",12383,2422709,1000,"Symmetric","7",2,TRUE,32.8099999999977
"1157","X~~Z",0.166348667555039,0.0337819359059725,0.2,"MC-OrdPLSc",12383,2422709,1000,"Symmetric","7",2,TRUE,32.8099999999977
"1158","X=~x1",0.796807602634145,0.0358117571570942,0.8,"PLSc",12383,2422709,1000,"Symmetric","7",2,TRUE,6.72000000000116
"1159","X=~x2",0.786303933240436,0.0353709152755514,0.8,"PLSc",12383,2422709,1000,"Symmetric","7",2,TRUE,6.72000000000116
"1160","X=~x3",0.78828560538936,0.0349074741914087,0.8,"PLSc",12383,2422709,1000,"Symmetric","7",2,TRUE,6.72000000000116
"1161","Z=~z1",0.780075620199261,0.0315722933357516,0.8,"PLSc",12383,2422709,1000,"Symmetric","7",2,TRUE,6.72000000000116
"1162","Z=~z2",0.800813073777542,0.0310221645720967,0.8,"PLSc",12383,2422709,1000,"Symmetric","7",2,TRUE,6.72000000000116
"1163","Z=~z3",0.75831663770149,0.0303753335602562,0.8,"PLSc",12383,2422709,1000,"Symmetric","7",2,TRUE,6.72000000000116
"1164","Y=~y1",0.777688751607497,0.0235379972717062,0.8,"PLSc",12383,2422709,1000,"Symmetric","7",2,TRUE,6.72000000000116
"1165","Y=~y2",0.796987502882144,0.0231035522823737,0.8,"PLSc",12383,2422709,1000,"Symmetric","7",2,TRUE,6.72000000000116
"1166","Y=~y3",0.762754712617731,0.0238266088071559,0.8,"PLSc",12383,2422709,1000,"Symmetric","7",2,TRUE,6.72000000000116
"1167","Y~X",0.365897968761529,0.0325209142773957,0.4,"PLSc",12383,2422709,1000,"Symmetric","7",2,TRUE,6.72000000000116
"1168","Y~Z",0.511981143521155,0.0324229436697678,0.5,"PLSc",12383,2422709,1000,"Symmetric","7",2,TRUE,6.72000000000116
"1169","Y~X:Z",0.285834878275832,0.0417826849585929,0.3,"PLSc",12383,2422709,1000,"Symmetric","7",2,TRUE,6.72000000000116
"1170","X~~Z",0.16463267300009,0.0373481198945215,0.2,"PLSc",12383,2422709,1000,"Symmetric","7",2,TRUE,6.72000000000116
"1171","X=~x1",0.866121435030362,0.00990150160465139,0.8,"PLS",12383,2422709,1000,"Symmetric","7",2,TRUE,1.75
"1172","X=~x2",0.867339107401166,0.00982325938412373,0.8,"PLS",12383,2422709,1000,"Symmetric","7",2,TRUE,1.75
"1173","X=~x3",0.864447156061215,0.0096257253311471,0.8,"PLS",12383,2422709,1000,"Symmetric","7",2,TRUE,1.75
"1174","Z=~z1",0.853545265284752,0.0109909392054611,0.8,"PLS",12383,2422709,1000,"Symmetric","7",2,TRUE,1.75
"1175","Z=~z2",0.867310048404305,0.00955003348045596,0.8,"PLS",12383,2422709,1000,"Symmetric","7",2,TRUE,1.75
"1176","Z=~z3",0.857526872788718,0.0107577918119406,0.8,"PLS",12383,2422709,1000,"Symmetric","7",2,TRUE,1.75
"1177","Y=~y1",0.858788207070327,0.00933486655808769,0.8,"PLS",12383,2422709,1000,"Symmetric","7",2,TRUE,1.75
"1178","Y=~y2",0.868459739185452,0.00848551383119529,0.8,"PLS",12383,2422709,1000,"Symmetric","7",2,TRUE,1.75
"1179","Y=~y3",0.849812055557823,0.00981579778762753,0.8,"PLS",12383,2422709,1000,"Symmetric","7",2,TRUE,1.75
"1180","Y~X",0.317810405327316,0.0258156041015996,0.4,"PLS",12383,2422709,1000,"Symmetric","7",2,TRUE,1.75
"1181","Y~Z",0.422995630431075,0.0255685523398351,0.5,"PLS",12383,2422709,1000,"Symmetric","7",2,TRUE,1.75
"1182","Y~X:Z",0.203156760000554,0.0286627723769215,0.3,"PLS",12383,2422709,1000,"Symmetric","7",2,TRUE,1.75
"1183","X~~Z",0.136396469959345,0.0311299155604608,0.2,"PLS",12383,2422709,1000,"Symmetric","7",2,TRUE,1.75
"1184","X=~x1",0.8,0.018,0.8,"Mplus",12383,2422709,1000,"Symmetric","7",2,TRUE,635
"1185","X=~x2",0.819,0.017,0.8,"Mplus",12383,2422709,1000,"Symmetric","7",2,TRUE,635
"1186","X=~x3",0.804,0.018,0.8,"Mplus",12383,2422709,1000,"Symmetric","7",2,TRUE,635
"1187","Z=~z1",0.78,0.019,0.8,"Mplus",12383,2422709,1000,"Symmetric","7",2,TRUE,635
"1188","Z=~z2",0.804,0.018,0.8,"Mplus",12383,2422709,1000,"Symmetric","7",2,TRUE,635
"1189","Z=~z3",0.796,0.019,0.8,"Mplus",12383,2422709,1000,"Symmetric","7",2,TRUE,635
"1190","Y=~y1",0.794,0.019,0.8,"Mplus",12383,2422709,1000,"Symmetric","7",2,TRUE,635
"1191","Y=~y2",0.818,0.018,0.8,"Mplus",12383,2422709,1000,"Symmetric","7",2,TRUE,635
"1192","Y=~y3",0.77,0.02,0.8,"Mplus",12383,2422709,1000,"Symmetric","7",2,TRUE,635
"1193","Y~X",0.367,0.031,0.4,"Mplus",12383,2422709,1000,"Symmetric","7",2,TRUE,635
"1194","Y~Z",0.496,0.029,0.5,"Mplus",12383,2422709,1000,"Symmetric","7",2,TRUE,635
"1195","Y~X:Z",0.288,0.035,0.3,"Mplus",12383,2422709,1000,"Symmetric","7",2,TRUE,635
"1196","X~~Z",0.161,0.037,0.2,"Mplus",12383,2422709,1000,"Symmetric","7",2,TRUE,635
"1197","X=~x1",0.625306207379564,0.0513831937676375,0.5,"MC-OrdPLSc",12384,739543,1000,"Symmetric","7",3,TRUE,35.6000000000058
"1198","X=~x2",0.435382349847019,0.0601756061244489,0.5,"MC-OrdPLSc",12384,739543,1000,"Symmetric","7",3,TRUE,35.6000000000058
"1199","X=~x3",0.510918692162176,0.0503351753630264,0.5,"MC-OrdPLSc",12384,739543,1000,"Symmetric","7",3,TRUE,35.6000000000058
"1200","Z=~z1",0.478733158964771,0.0579621521907319,0.5,"MC-OrdPLSc",12384,739543,1000,"Symmetric","7",3,TRUE,35.6000000000058
"1201","Z=~z2",0.392552366992661,0.061705462431113,0.5,"MC-OrdPLSc",12384,739543,1000,"Symmetric","7",3,TRUE,35.6000000000058
"1202","Z=~z3",0.535019420987927,0.0603897534561094,0.5,"MC-OrdPLSc",12384,739543,1000,"Symmetric","7",3,TRUE,35.6000000000058
"1203","Y=~y1",0.555800335810437,0.0436259148611459,0.5,"MC-OrdPLSc",12384,739543,1000,"Symmetric","7",3,TRUE,35.6000000000058
"1204","Y=~y2",0.421139723407262,0.0447420012998756,0.5,"MC-OrdPLSc",12384,739543,1000,"Symmetric","7",3,TRUE,35.6000000000058
"1205","Y=~y3",0.519827327602232,0.047172990006436,0.5,"MC-OrdPLSc",12384,739543,1000,"Symmetric","7",3,TRUE,35.6000000000058
"1206","Y~X",0.401281090475023,0.0674061094281597,0.4,"MC-OrdPLSc",12384,739543,1000,"Symmetric","7",3,TRUE,35.6000000000058
"1207","Y~Z",0.392928559748802,0.0709488927650796,0.5,"MC-OrdPLSc",12384,739543,1000,"Symmetric","7",3,TRUE,35.6000000000058
"1208","Y~X:Z",0.100506977202432,0.098202456768762,0.3,"MC-OrdPLSc",12384,739543,1000,"Symmetric","7",3,TRUE,35.6000000000058
"1209","X~~Z",0.293560236430209,0.0621680470921627,0.2,"MC-OrdPLSc",12384,739543,1000,"Symmetric","7",3,TRUE,35.6000000000058
"1210","X=~x1",0.632388905998576,0.0626499929261394,0.5,"PLSc",12384,739543,1000,"Symmetric","7",3,TRUE,7
"1211","X=~x2",0.404484024924565,0.0699228602634451,0.5,"PLSc",12384,739543,1000,"Symmetric","7",3,TRUE,7
"1212","X=~x3",0.489523891117792,0.0602972764711181,0.5,"PLSc",12384,739543,1000,"Symmetric","7",3,TRUE,7
"1213","Z=~z1",0.463341709120677,0.0664688420488282,0.5,"PLSc",12384,739543,1000,"Symmetric","7",3,TRUE,7
"1214","Z=~z2",0.358161098961013,0.0734474302293439,0.5,"PLSc",12384,739543,1000,"Symmetric","7",3,TRUE,7
"1215","Z=~z3",0.539609281328681,0.0685087743816466,0.5,"PLSc",12384,739543,1000,"Symmetric","7",3,TRUE,7
"1216","Y=~y1",0.551957948661038,0.0499579317906357,0.5,"PLSc",12384,739543,1000,"Symmetric","7",3,TRUE,7
"1217","Y=~y2",0.394280946728658,0.0535678874899542,0.5,"PLSc",12384,739543,1000,"Symmetric","7",3,TRUE,7
"1218","Y=~y3",0.506238930115909,0.0454060368016,0.5,"PLSc",12384,739543,1000,"Symmetric","7",3,TRUE,7
"1219","Y~X",0.40089460027994,0.0765899707612197,0.4,"PLSc",12384,739543,1000,"Symmetric","7",3,TRUE,7
"1220","Y~Z",0.389038612968398,0.0920211906943588,0.5,"PLSc",12384,739543,1000,"Symmetric","7",3,TRUE,7
"1221","Y~X:Z",0.0764868222516641,0.191572434672562,0.3,"PLSc",12384,739543,1000,"Symmetric","7",3,TRUE,7
"1222","X~~Z",0.29190144238817,0.0640512880335841,0.2,"PLSc",12384,739543,1000,"Symmetric","7",3,TRUE,7
"1223","X=~x1",0.790627276966194,0.0378348642413888,0.5,"PLS",12384,739543,1000,"Symmetric","7",3,TRUE,2.13999999999942
"1224","X=~x2",0.625499520534136,0.0558294930747173,0.5,"PLS",12384,739543,1000,"Symmetric","7",3,TRUE,2.13999999999942
"1225","X=~x3",0.703384051246202,0.0443801079379329,0.5,"PLS",12384,739543,1000,"Symmetric","7",3,TRUE,2.13999999999942
"1226","Z=~z1",0.696540874473504,0.0558823351269779,0.5,"PLS",12384,739543,1000,"Symmetric","7",3,TRUE,2.13999999999942
"1227","Z=~z2",0.601391874005802,0.0675251602813371,0.5,"PLS",12384,739543,1000,"Symmetric","7",3,TRUE,2.13999999999942
"1228","Z=~z3",0.750005659645294,0.0538940512581705,0.5,"PLS",12384,739543,1000,"Symmetric","7",3,TRUE,2.13999999999942
"1229","Y=~y1",0.751333095613933,0.0354798275606225,0.5,"PLS",12384,739543,1000,"Symmetric","7",3,TRUE,2.13999999999942
"1230","Y=~y2",0.620304742523229,0.0471175545234701,0.5,"PLS",12384,739543,1000,"Symmetric","7",3,TRUE,2.13999999999942
"1231","Y=~y3",0.718884201374926,0.0336488264222304,0.5,"PLS",12384,739543,1000,"Symmetric","7",3,TRUE,2.13999999999942
"1232","Y~X",0.234966565602017,0.0311662739984491,0.4,"PLS",12384,739543,1000,"Symmetric","7",3,TRUE,2.13999999999942
"1233","Y~Z",0.207966596347011,0.0295239353147584,0.5,"PLS",12384,739543,1000,"Symmetric","7",3,TRUE,2.13999999999942
"1234","Y~X:Z",0.0351204918561087,0.0306607834090197,0.3,"PLS",12384,739543,1000,"Symmetric","7",3,TRUE,2.13999999999942
"1235","X~~Z",0.14369941411252,0.0311162948162535,0.2,"PLS",12384,739543,1000,"Symmetric","7",3,TRUE,2.13999999999942
"1236","X=~x1",0.536,0.042,0.5,"Mplus",12384,739543,1000,"Symmetric","7",3,TRUE,649.76999999999
"1237","X=~x2",0.467,0.042,0.5,"Mplus",12384,739543,1000,"Symmetric","7",3,TRUE,649.76999999999
"1238","X=~x3",0.52,0.043,0.5,"Mplus",12384,739543,1000,"Symmetric","7",3,TRUE,649.76999999999
"1239","Z=~z1",0.472,0.047,0.5,"Mplus",12384,739543,1000,"Symmetric","7",3,TRUE,649.76999999999
"1240","Z=~z2",0.426,0.047,0.5,"Mplus",12384,739543,1000,"Symmetric","7",3,TRUE,649.76999999999
"1241","Z=~z3",0.453,0.049,0.5,"Mplus",12384,739543,1000,"Symmetric","7",3,TRUE,649.76999999999
"1242","Y=~y1",0.554,0.043,0.5,"Mplus",12384,739543,1000,"Symmetric","7",3,TRUE,649.76999999999
"1243","Y=~y2",0.416,0.041,0.5,"Mplus",12384,739543,1000,"Symmetric","7",3,TRUE,649.76999999999
"1244","Y=~y3",0.477,0.042,0.5,"Mplus",12384,739543,1000,"Symmetric","7",3,TRUE,649.76999999999
"1245","Y~X",0.406,0.069,0.4,"Mplus",12384,739543,1000,"Symmetric","7",3,TRUE,649.76999999999
"1246","Y~Z",0.396,0.073,0.5,"Mplus",12384,739543,1000,"Symmetric","7",3,TRUE,649.76999999999
"1247","Y~X:Z",0.224,0.069,0.3,"Mplus",12384,739543,1000,"Symmetric","7",3,TRUE,649.76999999999
"1248","X~~Z",0.337,0.065,0.2,"Mplus",12384,739543,1000,"Symmetric","7",3,TRUE,649.76999999999
"1249","X=~x1",0.701926915352319,0.0878672597834379,0.8,"MC-OrdPLSc",12385,5251348,200,"Moderate","2",2,TRUE,14.8600000000006
"1250","X=~x2",0.808793039325295,0.0739834066449852,0.8,"MC-OrdPLSc",12385,5251348,200,"Moderate","2",2,TRUE,14.8600000000006
"1251","X=~x3",0.932852857812122,0.0733709371313003,0.8,"MC-OrdPLSc",12385,5251348,200,"Moderate","2",2,TRUE,14.8600000000006
"1252","Z=~z1",0.749282531596545,0.091378224972622,0.8,"MC-OrdPLSc",12385,5251348,200,"Moderate","2",2,TRUE,14.8600000000006
"1253","Z=~z2",0.778877654074538,0.093500817226296,0.8,"MC-OrdPLSc",12385,5251348,200,"Moderate","2",2,TRUE,14.8600000000006
"1254","Z=~z3",0.75742777349519,0.0897793279480539,0.8,"MC-OrdPLSc",12385,5251348,200,"Moderate","2",2,TRUE,14.8600000000006
"1255","Y=~y1",0.829898443694573,0.0945932054200656,0.8,"MC-OrdPLSc",12385,5251348,200,"Moderate","2",2,TRUE,14.8600000000006
"1256","Y=~y2",0.566878344537371,0.10215596562169,0.8,"MC-OrdPLSc",12385,5251348,200,"Moderate","2",2,TRUE,14.8600000000006
"1257","Y=~y3",0.782160185937695,0.0837471165001338,0.8,"MC-OrdPLSc",12385,5251348,200,"Moderate","2",2,TRUE,14.8600000000006
"1258","Y~X",0.453472729867985,0.117802137667363,0.4,"MC-OrdPLSc",12385,5251348,200,"Moderate","2",2,TRUE,14.8600000000006
"1259","Y~Z",0.406187556660927,0.121042314505543,0.5,"MC-OrdPLSc",12385,5251348,200,"Moderate","2",2,TRUE,14.8600000000006
"1260","Y~X:Z",0.364208386821143,0.178405977662796,0.3,"MC-OrdPLSc",12385,5251348,200,"Moderate","2",2,TRUE,14.8600000000006
"1261","X~~Z",0.311862707193064,0.102738951536798,0.2,"MC-OrdPLSc",12385,5251348,200,"Moderate","2",2,TRUE,14.8600000000006
"1262","X=~x1",0.458525929537289,0.131568086125258,0.8,"PLSc",12385,5251348,200,"Moderate","2",2,TRUE,3.19000000000233
"1263","X=~x2",0.682994571975562,0.0938093777049398,0.8,"PLSc",12385,5251348,200,"Moderate","2",2,TRUE,3.19000000000233
"1264","X=~x3",0.867390136386551,0.0899130676038128,0.8,"PLSc",12385,5251348,200,"Moderate","2",2,TRUE,3.19000000000233
"1265","Z=~z1",0.589387835870418,0.11681968006401,0.8,"PLSc",12385,5251348,200,"Moderate","2",2,TRUE,3.19000000000233
"1266","Z=~z2",0.622166195544425,0.110114590307802,0.8,"PLSc",12385,5251348,200,"Moderate","2",2,TRUE,3.19000000000233
"1267","Z=~z3",0.65505169181666,0.122416255758318,0.8,"PLSc",12385,5251348,200,"Moderate","2",2,TRUE,3.19000000000233
"1268","Y=~y1",0.67296119289075,0.0854294454334067,0.8,"PLSc",12385,5251348,200,"Moderate","2",2,TRUE,3.19000000000233
"1269","Y=~y2",0.43220146771179,0.106727767022785,0.8,"PLSc",12385,5251348,200,"Moderate","2",2,TRUE,3.19000000000233
"1270","Y=~y3",0.668822517496877,0.0842158318720767,0.8,"PLSc",12385,5251348,200,"Moderate","2",2,TRUE,3.19000000000233
"1271","Y~X",0.43128818297347,0.109866970026384,0.4,"PLSc",12385,5251348,200,"Moderate","2",2,TRUE,3.19000000000233
"1272","Y~Z",0.40960275544558,0.115689591216435,0.5,"PLSc",12385,5251348,200,"Moderate","2",2,TRUE,3.19000000000233
"1273","Y~X:Z",0.272287683864531,0.143508237059151,0.3,"PLSc",12385,5251348,200,"Moderate","2",2,TRUE,3.19000000000233
"1274","X~~Z",0.278740520867984,0.0918772491610275,0.2,"PLSc",12385,5251348,200,"Moderate","2",2,TRUE,3.19000000000233
"1275","X=~x1",0.722428467792839,0.0703862517865916,0.8,"PLS",12385,5251348,200,"Moderate","2",2,TRUE,2.02000000000407
"1276","X=~x2",0.801881182654023,0.0461630156788334,0.8,"PLS",12385,5251348,200,"Moderate","2",2,TRUE,2.02000000000407
"1277","X=~x3",0.861162049720831,0.0292113229960844,0.8,"PLS",12385,5251348,200,"Moderate","2",2,TRUE,2.02000000000407
"1278","Z=~z1",0.760273516572918,0.0662545967806006,0.8,"PLS",12385,5251348,200,"Moderate","2",2,TRUE,2.02000000000407
"1279","Z=~z2",0.779917810320693,0.0579284074519141,0.8,"PLS",12385,5251348,200,"Moderate","2",2,TRUE,2.02000000000407
"1280","Z=~z3",0.767744895513303,0.0699012259241932,0.8,"PLS",12385,5251348,200,"Moderate","2",2,TRUE,2.02000000000407
"1281","Y=~y1",0.813873360286622,0.0409255592936789,0.8,"PLS",12385,5251348,200,"Moderate","2",2,TRUE,2.02000000000407
"1282","Y=~y2",0.629375920242518,0.0892237849314044,0.8,"PLS",12385,5251348,200,"Moderate","2",2,TRUE,2.02000000000407
"1283","Y=~y3",0.796158425627954,0.046839568777353,0.8,"PLS",12385,5251348,200,"Moderate","2",2,TRUE,2.02000000000407
"1284","Y~X",0.333090303622411,0.0618307338743695,0.4,"PLS",12385,5251348,200,"Moderate","2",2,TRUE,2.02000000000407
"1285","Y~Z",0.286075714354645,0.0633829776824141,0.5,"PLS",12385,5251348,200,"Moderate","2",2,TRUE,2.02000000000407
"1286","Y~X:Z",0.151922433871278,0.0669694301279114,0.3,"PLS",12385,5251348,200,"Moderate","2",2,TRUE,2.02000000000407
"1287","X~~Z",0.19848517516432,0.0655243352887879,0.2,"PLS",12385,5251348,200,"Moderate","2",2,TRUE,2.02000000000407
"1288","X=~x1",0.748,0.073,0.8,"Mplus",12385,5251348,200,"Moderate","2",2,TRUE,56.6100000000006
"1289","X=~x2",0.792,0.074,0.8,"Mplus",12385,5251348,200,"Moderate","2",2,TRUE,56.6100000000006
"1290","X=~x3",0.881,0.066,0.8,"Mplus",12385,5251348,200,"Moderate","2",2,TRUE,56.6100000000006
"1291","Z=~z1",0.747,0.085,0.8,"Mplus",12385,5251348,200,"Moderate","2",2,TRUE,56.6100000000006
"1292","Z=~z2",0.771,0.082,0.8,"Mplus",12385,5251348,200,"Moderate","2",2,TRUE,56.6100000000006
"1293","Z=~z3",0.715,0.087,0.8,"Mplus",12385,5251348,200,"Moderate","2",2,TRUE,56.6100000000006
"1294","Y=~y1",0.819,0.079,0.8,"Mplus",12385,5251348,200,"Moderate","2",2,TRUE,56.6100000000006
"1295","Y=~y2",0.556,0.095,0.8,"Mplus",12385,5251348,200,"Moderate","2",2,TRUE,56.6100000000006
"1296","Y=~y3",0.764,0.082,0.8,"Mplus",12385,5251348,200,"Moderate","2",2,TRUE,56.6100000000006
"1297","Y~X",0.446,0.112,0.4,"Mplus",12385,5251348,200,"Moderate","2",2,TRUE,56.6100000000006
"1298","Y~Z",0.384,0.116,0.5,"Mplus",12385,5251348,200,"Moderate","2",2,TRUE,56.6100000000006
"1299","Y~X:Z",0.424,0.137,0.3,"Mplus",12385,5251348,200,"Moderate","2",2,TRUE,56.6100000000006
"1300","X~~Z",0.337,0.104,0.2,"Mplus",12385,5251348,200,"Moderate","2",2,TRUE,56.6100000000006
"1301","X=~x1",0.628570937381888,0.594894509784478,0.5,"MC-OrdPLSc",12386,4244647,200,"Moderate","2",3,TRUE,21.6399999999994
"1302","X=~x2",0.381476230275637,0.217136841653509,0.5,"MC-OrdPLSc",12386,4244647,200,"Moderate","2",3,TRUE,21.6399999999994
"1303","X=~x3",0.304592342711057,0.270013134178923,0.5,"MC-OrdPLSc",12386,4244647,200,"Moderate","2",3,TRUE,21.6399999999994
"1304","Z=~z1",0.474500616762172,0.657558619257469,0.5,"MC-OrdPLSc",12386,4244647,200,"Moderate","2",3,TRUE,21.6399999999994
"1305","Z=~z2",0.536317347556849,0.815345458780073,0.5,"MC-OrdPLSc",12386,4244647,200,"Moderate","2",3,TRUE,21.6399999999994
"1306","Z=~z3",0.00176450754572229,0.215657605561348,0.5,"MC-OrdPLSc",12386,4244647,200,"Moderate","2",3,TRUE,21.6399999999994
"1307","Y=~y1",0.368038470470681,0.366709693612814,0.5,"MC-OrdPLSc",12386,4244647,200,"Moderate","2",3,TRUE,21.6399999999994
"1308","Y=~y2",0.44741068060551,0.347527181736214,0.5,"MC-OrdPLSc",12386,4244647,200,"Moderate","2",3,TRUE,21.6399999999994
"1309","Y=~y3",0.498067975788421,0.260361258699365,0.5,"MC-OrdPLSc",12386,4244647,200,"Moderate","2",3,TRUE,21.6399999999994
"1310","Y~X",0.568877151658228,0.665809073808093,0.4,"MC-OrdPLSc",12386,4244647,200,"Moderate","2",3,TRUE,21.6399999999994
"1311","Y~Z",0.507922137493818,0.75480615982684,0.5,"MC-OrdPLSc",12386,4244647,200,"Moderate","2",3,TRUE,21.6399999999994
"1312","Y~X:Z",0.479690386387269,0.797426036085528,0.3,"MC-OrdPLSc",12386,4244647,200,"Moderate","2",3,TRUE,21.6399999999994
"1313","X~~Z",0.108954577642333,0.357689908432561,0.2,"MC-OrdPLSc",12386,4244647,200,"Moderate","2",3,TRUE,21.6399999999994
"1314","X=~x1",0.497579545238302,0.18891091269337,0.5,"PLSc",12386,4244647,200,"Moderate","2",3,FALSE,4.83999999999651
"1315","X=~x2",0.312948676875775,0.164475924960661,0.5,"PLSc",12386,4244647,200,"Moderate","2",3,FALSE,4.83999999999651
"1316","X=~x3",0.20440348528973,0.181344890870736,0.5,"PLSc",12386,4244647,200,"Moderate","2",3,FALSE,4.83999999999651
"1317","Z=~z1",0.319108806545012,0.22065645637688,0.5,"PLSc",12386,4244647,200,"Moderate","2",3,FALSE,4.83999999999651
"1318","Z=~z2",0.361898656671646,0.240081705625137,0.5,"PLSc",12386,4244647,200,"Moderate","2",3,FALSE,4.83999999999651
"1319","Z=~z3",-0.0719708885141713,0.228718450582683,0.5,"PLSc",12386,4244647,200,"Moderate","2",3,FALSE,4.83999999999651
"1320","Y=~y1",0.299792548150598,0.12186479499322,0.5,"PLSc",12386,4244647,200,"Moderate","2",3,FALSE,4.83999999999651
"1321","Y=~y2",0.362063522961057,0.151048557959735,0.5,"PLSc",12386,4244647,200,"Moderate","2",3,FALSE,4.83999999999651
"1322","Y=~y3",0.380845904790537,0.15683465589547,0.5,"PLSc",12386,4244647,200,"Moderate","2",3,FALSE,4.83999999999651
"1323","Y~X",-0.860493504521411,12.3225033796715,0.4,"PLSc",12386,4244647,200,"Moderate","2",3,FALSE,4.83999999999651
"1324","Y~Z",-0.177706176420405,9.05357912849095,0.5,"PLSc",12386,4244647,200,"Moderate","2",3,FALSE,4.83999999999651
"1325","Y~X:Z",-2.22399916733961,11.2103918214549,0.3,"PLSc",12386,4244647,200,"Moderate","2",3,FALSE,4.83999999999651
"1326","X~~Z",0.122661703106924,0.568535793617871,0.2,"PLSc",12386,4244647,200,"Moderate","2",3,FALSE,4.83999999999651
"1327","X=~x1",0.829283268568237,0.14714561550001,0.5,"PLS",12386,4244647,200,"Moderate","2",3,TRUE,3.56000000001222
"1328","X=~x2",0.562580748781695,0.217989501566222,0.5,"PLS",12386,4244647,200,"Moderate","2",3,TRUE,3.56000000001222
"1329","X=~x3",0.454857519448505,0.26186328037783,0.5,"PLS",12386,4244647,200,"Moderate","2",3,TRUE,3.56000000001222
"1330","Z=~z1",0.72163507179284,0.230634490880369,0.5,"PLS",12386,4244647,200,"Moderate","2",3,TRUE,3.56000000001222
"1331","Z=~z2",0.793602583588216,0.22057428730507,0.5,"PLS",12386,4244647,200,"Moderate","2",3,TRUE,3.56000000001222
"1332","Z=~z3",0.00971690779979653,0.317116314483394,0.5,"PLS",12386,4244647,200,"Moderate","2",3,TRUE,3.56000000001222
"1333","Y=~y1",0.55335561094952,0.171425722189188,0.5,"PLS",12386,4244647,200,"Moderate","2",3,TRUE,3.56000000001222
"1334","Y=~y2",0.655268877666275,0.166368219267928,0.5,"PLS",12386,4244647,200,"Moderate","2",3,TRUE,3.56000000001222
"1335","Y=~y3",0.710027209904822,0.166058774267582,0.5,"PLS",12386,4244647,200,"Moderate","2",3,TRUE,3.56000000001222
"1336","Y~X",0.253704167795333,0.0652427185372018,0.4,"PLS",12386,4244647,200,"Moderate","2",3,TRUE,3.56000000001222
"1337","Y~Z",0.22184013488776,0.0721144199613764,0.5,"PLS",12386,4244647,200,"Moderate","2",3,TRUE,3.56000000001222
"1338","Y~X:Z",0.132774253276786,0.074705779478568,0.3,"PLS",12386,4244647,200,"Moderate","2",3,TRUE,3.56000000001222
"1339","X~~Z",0.0320936984891671,0.0724307647470013,0.2,"PLS",12386,4244647,200,"Moderate","2",3,TRUE,3.56000000001222
"1340","X=~x1",0.554,0.117,0.5,"Mplus",12386,4244647,200,"Moderate","2",3,FALSE,111.410000000003
"1341","X=~x2",0.337,0.135,0.5,"Mplus",12386,4244647,200,"Moderate","2",3,FALSE,111.410000000003
"1342","X=~x3",0.364,0.143,0.5,"Mplus",12386,4244647,200,"Moderate","2",3,FALSE,111.410000000003
"1343","Z=~z1",0.698,0.134,0.5,"Mplus",12386,4244647,200,"Moderate","2",3,FALSE,111.410000000003
"1344","Z=~z2",0.429,0.153,0.5,"Mplus",12386,4244647,200,"Moderate","2",3,FALSE,111.410000000003
"1345","Z=~z3",0.242,0.127,0.5,"Mplus",12386,4244647,200,"Moderate","2",3,FALSE,111.410000000003
"1346","Y=~y1",0.316,0.094,0.5,"Mplus",12386,4244647,200,"Moderate","2",3,FALSE,111.410000000003
"1347","Y=~y2",0.563,0.152,0.5,"Mplus",12386,4244647,200,"Moderate","2",3,FALSE,111.410000000003
"1348","Y=~y3",0.507,0.144,0.5,"Mplus",12386,4244647,200,"Moderate","2",3,FALSE,111.410000000003
"1349","Y~X",0.664,0.126,0.4,"Mplus",12386,4244647,200,"Moderate","2",3,FALSE,111.410000000003
"1350","Y~Z",0.325,0.14,0.5,"Mplus",12386,4244647,200,"Moderate","2",3,FALSE,111.410000000003
"1351","Y~X:Z",0.65,0.13,0.3,"Mplus",12386,4244647,200,"Moderate","2",3,FALSE,111.410000000003
"1352","X~~Z",0.066,0.196,0.2,"Mplus",12386,4244647,200,"Moderate","2",3,FALSE,111.410000000003
"1353","X=~x1",0.852416133474411,0.0500745977067091,0.8,"MC-OrdPLSc",12387,9175471,500,"Moderate","2",2,TRUE,16.0199999999895
"1354","X=~x2",0.741762534291011,0.0625559321479744,0.8,"MC-OrdPLSc",12387,9175471,500,"Moderate","2",2,TRUE,16.0199999999895
"1355","X=~x3",0.750462463602274,0.0633280889689691,0.8,"MC-OrdPLSc",12387,9175471,500,"Moderate","2",2,TRUE,16.0199999999895
"1356","Z=~z1",0.824774074034963,0.0455245112824817,0.8,"MC-OrdPLSc",12387,9175471,500,"Moderate","2",2,TRUE,16.0199999999895
"1357","Z=~z2",0.858026390098121,0.0493091287262148,0.8,"MC-OrdPLSc",12387,9175471,500,"Moderate","2",2,TRUE,16.0199999999895
"1358","Z=~z3",0.838457501023152,0.0418346792244679,0.8,"MC-OrdPLSc",12387,9175471,500,"Moderate","2",2,TRUE,16.0199999999895
"1359","Y=~y1",0.778351703391695,0.0496032406630076,0.8,"MC-OrdPLSc",12387,9175471,500,"Moderate","2",2,TRUE,16.0199999999895
"1360","Y=~y2",0.844666696453877,0.0470888674013105,0.8,"MC-OrdPLSc",12387,9175471,500,"Moderate","2",2,TRUE,16.0199999999895
"1361","Y=~y3",0.818980010193683,0.0532655895055484,0.8,"MC-OrdPLSc",12387,9175471,500,"Moderate","2",2,TRUE,16.0199999999895
"1362","Y~X",0.31260062638325,0.0776730799770934,0.4,"MC-OrdPLSc",12387,9175471,500,"Moderate","2",2,TRUE,16.0199999999895
"1363","Y~Z",0.509269126647487,0.0609745568653819,0.5,"MC-OrdPLSc",12387,9175471,500,"Moderate","2",2,TRUE,16.0199999999895
"1364","Y~X:Z",0.21237734483623,0.116079381832103,0.3,"MC-OrdPLSc",12387,9175471,500,"Moderate","2",2,TRUE,16.0199999999895
"1365","X~~Z",0.238601290031265,0.0657890243336278,0.2,"MC-OrdPLSc",12387,9175471,500,"Moderate","2",2,TRUE,16.0199999999895
"1366","X=~x1",0.74568153373942,0.0785386812111733,0.8,"PLSc",12387,9175471,500,"Moderate","2",2,TRUE,4.68000000000757
"1367","X=~x2",0.583024402215306,0.0868617382591349,0.8,"PLSc",12387,9175471,500,"Moderate","2",2,TRUE,4.68000000000757
"1368","X=~x3",0.594631274774215,0.082761194284942,0.8,"PLSc",12387,9175471,500,"Moderate","2",2,TRUE,4.68000000000757
"1369","Z=~z1",0.699129320635701,0.0582596541268053,0.8,"PLSc",12387,9175471,500,"Moderate","2",2,TRUE,4.68000000000757
"1370","Z=~z2",0.734030295609054,0.0570726203425437,0.8,"PLSc",12387,9175471,500,"Moderate","2",2,TRUE,4.68000000000757
"1371","Z=~z3",0.6756234173601,0.0615110925906602,0.8,"PLSc",12387,9175471,500,"Moderate","2",2,TRUE,4.68000000000757
"1372","Y=~y1",0.638649540617788,0.0559653745395523,0.8,"PLSc",12387,9175471,500,"Moderate","2",2,TRUE,4.68000000000757
"1373","Y=~y2",0.706786640774325,0.0522855282392705,0.8,"PLSc",12387,9175471,500,"Moderate","2",2,TRUE,4.68000000000757
"1374","Y=~y3",0.686480522582376,0.0554755402480806,0.8,"PLSc",12387,9175471,500,"Moderate","2",2,TRUE,4.68000000000757
"1375","Y~X",0.308539499064628,0.0613863957847896,0.4,"PLSc",12387,9175471,500,"Moderate","2",2,TRUE,4.68000000000757
"1376","Y~Z",0.473060777991935,0.0546161207530343,0.5,"PLSc",12387,9175471,500,"Moderate","2",2,TRUE,4.68000000000757
"1377","Y~X:Z",0.153579723262707,0.066863782840105,0.3,"PLSc",12387,9175471,500,"Moderate","2",2,TRUE,4.68000000000757
"1378","X~~Z",0.212172250844441,0.061252466160013,0.2,"PLSc",12387,9175471,500,"Moderate","2",2,TRUE,4.68000000000757
"1379","X=~x1",0.819472371156673,0.0311514680722484,0.8,"PLS",12387,9175471,500,"Moderate","2",2,TRUE,1.88000000000466
"1380","X=~x2",0.755326646909582,0.0426804857646357,0.8,"PLS",12387,9175471,500,"Moderate","2",2,TRUE,1.88000000000466
"1381","X=~x3",0.76059823179332,0.0411658778999628,0.8,"PLS",12387,9175471,500,"Moderate","2",2,TRUE,1.88000000000466
"1382","Z=~z1",0.804894436853999,0.025940552183557,0.8,"PLS",12387,9175471,500,"Moderate","2",2,TRUE,1.88000000000466
"1383","Z=~z2",0.825084872975468,0.0224416928681016,0.8,"PLS",12387,9175471,500,"Moderate","2",2,TRUE,1.88000000000466
"1384","Z=~z3",0.812385281539012,0.0258092302305258,0.8,"PLS",12387,9175471,500,"Moderate","2",2,TRUE,1.88000000000466
"1385","Y=~y1",0.778169419058228,0.0280823975798988,0.8,"PLS",12387,9175471,500,"Moderate","2",2,TRUE,1.88000000000466
"1386","Y=~y2",0.817053542232952,0.0232917965577525,0.8,"PLS",12387,9175471,500,"Moderate","2",2,TRUE,1.88000000000466
"1387","Y=~y3",0.802337158782626,0.026808177968214,0.8,"PLS",12387,9175471,500,"Moderate","2",2,TRUE,1.88000000000466
"1388","Y~X",0.23770150794616,0.0410277753050214,0.4,"PLS",12387,9175471,500,"Moderate","2",2,TRUE,1.88000000000466
"1389","Y~Z",0.364249560585877,0.0374568986213806,0.5,"PLS",12387,9175471,500,"Moderate","2",2,TRUE,1.88000000000466
"1390","Y~X:Z",0.108890339007626,0.0384460841863495,0.3,"PLS",12387,9175471,500,"Moderate","2",2,TRUE,1.88000000000466
"1391","X~~Z",0.15236843715696,0.0440914924060191,0.2,"PLS",12387,9175471,500,"Moderate","2",2,TRUE,1.88000000000466
"1392","X=~x1",0.797,0.052,0.8,"Mplus",12387,9175471,500,"Moderate","2",2,TRUE,84.7200000000012
"1393","X=~x2",0.753,0.053,0.8,"Mplus",12387,9175471,500,"Moderate","2",2,TRUE,84.7200000000012
"1394","X=~x3",0.747,0.054,0.8,"Mplus",12387,9175471,500,"Moderate","2",2,TRUE,84.7200000000012
"1395","Z=~z1",0.809,0.041,0.8,"Mplus",12387,9175471,500,"Moderate","2",2,TRUE,84.7200000000012
"1396","Z=~z2",0.838,0.04,0.8,"Mplus",12387,9175471,500,"Moderate","2",2,TRUE,84.7200000000012
"1397","Z=~z3",0.835,0.041,0.8,"Mplus",12387,9175471,500,"Moderate","2",2,TRUE,84.7200000000012
"1398","Y=~y1",0.769,0.046,0.8,"Mplus",12387,9175471,500,"Moderate","2",2,TRUE,84.7200000000012
"1399","Y=~y2",0.839,0.043,0.8,"Mplus",12387,9175471,500,"Moderate","2",2,TRUE,84.7200000000012
"1400","Y=~y3",0.798,0.045,0.8,"Mplus",12387,9175471,500,"Moderate","2",2,TRUE,84.7200000000012
"1401","Y~X",0.295,0.071,0.4,"Mplus",12387,9175471,500,"Moderate","2",2,TRUE,84.7200000000012
"1402","Y~Z",0.501,0.063,0.5,"Mplus",12387,9175471,500,"Moderate","2",2,TRUE,84.7200000000012
"1403","Y~X:Z",0.279,0.101,0.3,"Mplus",12387,9175471,500,"Moderate","2",2,TRUE,84.7200000000012
"1404","X~~Z",0.24,0.069,0.2,"Mplus",12387,9175471,500,"Moderate","2",2,TRUE,84.7200000000012
"1405","X=~x1",0.33414202501963,0.259450515422822,0.5,"MC-OrdPLSc",12388,2415670,500,"Moderate","2",3,TRUE,25.6899999999878
"1406","X=~x2",0.36770259414885,0.224451358199213,0.5,"MC-OrdPLSc",12388,2415670,500,"Moderate","2",3,TRUE,25.6899999999878
"1407","X=~x3",0.53350901936121,0.584230842863628,0.5,"MC-OrdPLSc",12388,2415670,500,"Moderate","2",3,TRUE,25.6899999999878
"1408","Z=~z1",0.400183278957535,0.123157004991516,0.5,"MC-OrdPLSc",12388,2415670,500,"Moderate","2",3,TRUE,25.6899999999878
"1409","Z=~z2",0.495994707417033,0.136822710205464,0.5,"MC-OrdPLSc",12388,2415670,500,"Moderate","2",3,TRUE,25.6899999999878
"1410","Z=~z3",0.469607154394628,0.16291607554576,0.5,"MC-OrdPLSc",12388,2415670,500,"Moderate","2",3,TRUE,25.6899999999878
"1411","Y=~y1",0.528670798582249,0.143417890239757,0.5,"MC-OrdPLSc",12388,2415670,500,"Moderate","2",3,TRUE,25.6899999999878
"1412","Y=~y2",0.406119559278647,0.109258017676755,0.5,"MC-OrdPLSc",12388,2415670,500,"Moderate","2",3,TRUE,25.6899999999878
"1413","Y=~y3",0.516940814742423,0.11852565169912,0.5,"MC-OrdPLSc",12388,2415670,500,"Moderate","2",3,TRUE,25.6899999999878
"1414","Y~X",0.354005763380565,0.194827092980671,0.4,"MC-OrdPLSc",12388,2415670,500,"Moderate","2",3,TRUE,25.6899999999878
"1415","Y~Z",0.597798605998376,0.174987316684679,0.5,"MC-OrdPLSc",12388,2415670,500,"Moderate","2",3,TRUE,25.6899999999878
"1416","Y~X:Z",0.480767241842356,0.280919149047377,0.3,"MC-OrdPLSc",12388,2415670,500,"Moderate","2",3,TRUE,25.6899999999878
"1417","X~~Z",0.104301603877351,0.172069957629018,0.2,"MC-OrdPLSc",12388,2415670,500,"Moderate","2",3,TRUE,25.6899999999878
"1418","X=~x1",0.264949658488088,0.167058897539076,0.5,"PLSc",12388,2415670,500,"Moderate","2",3,TRUE,5.95000000001164
"1419","X=~x2",0.282178453771141,0.153574606404722,0.5,"PLSc",12388,2415670,500,"Moderate","2",3,TRUE,5.95000000001164
"1420","X=~x3",0.409952310732604,0.180847576068587,0.5,"PLSc",12388,2415670,500,"Moderate","2",3,TRUE,5.95000000001164
"1421","Z=~z1",0.297817034093769,0.118922321284439,0.5,"PLSc",12388,2415670,500,"Moderate","2",3,TRUE,5.95000000001164
"1422","Z=~z2",0.400155679876331,0.103341689406478,0.5,"PLSc",12388,2415670,500,"Moderate","2",3,TRUE,5.95000000001164
"1423","Z=~z3",0.369352166237848,0.113391782754108,0.5,"PLSc",12388,2415670,500,"Moderate","2",3,TRUE,5.95000000001164
"1424","Y=~y1",0.419564360926994,0.104850304221537,0.5,"PLSc",12388,2415670,500,"Moderate","2",3,TRUE,5.95000000001164
"1425","Y=~y2",0.318946288061323,0.104625218630683,0.5,"PLSc",12388,2415670,500,"Moderate","2",3,TRUE,5.95000000001164
"1426","Y=~y3",0.409518857067123,0.11513490409792,0.5,"PLSc",12388,2415670,500,"Moderate","2",3,TRUE,5.95000000001164
"1427","Y~X",0.318249606860302,3.23680586006866,0.4,"PLSc",12388,2415670,500,"Moderate","2",3,TRUE,5.95000000001164
"1428","Y~Z",0.691317871002279,3.46301191845091,0.5,"PLSc",12388,2415670,500,"Moderate","2",3,TRUE,5.95000000001164
"1429","Y~X:Z",0.596951594315122,5.84108994300264,0.3,"PLSc",12388,2415670,500,"Moderate","2",3,TRUE,5.95000000001164
"1430","X~~Z",0.107525573080452,0.177632123630725,0.2,"PLSc",12388,2415670,500,"Moderate","2",3,TRUE,5.95000000001164
"1431","X=~x1",0.52767751006694,0.25834444923516,0.5,"PLS",12388,2415670,500,"Moderate","2",3,TRUE,2.77999999999884
"1432","X=~x2",0.57114158134207,0.2222824873737,0.5,"PLS",12388,2415670,500,"Moderate","2",3,TRUE,2.77999999999884
"1433","X=~x3",0.768382896423229,0.186698678929316,0.5,"PLS",12388,2415670,500,"Moderate","2",3,TRUE,2.77999999999884
"1434","Z=~z1",0.579443180917552,0.150770940009753,0.5,"PLS",12388,2415670,500,"Moderate","2",3,TRUE,2.77999999999884
"1435","Z=~z2",0.690695926916863,0.125513202407172,0.5,"PLS",12388,2415670,500,"Moderate","2",3,TRUE,2.77999999999884
"1436","Z=~z3",0.66324832288639,0.131513614962383,0.5,"PLS",12388,2415670,500,"Moderate","2",3,TRUE,2.77999999999884
"1437","Y=~y1",0.702809466120124,0.109976910423136,0.5,"PLS",12388,2415670,500,"Moderate","2",3,TRUE,2.77999999999884
"1438","Y=~y2",0.565333451138025,0.129588187370774,0.5,"PLS",12388,2415670,500,"Moderate","2",3,TRUE,2.77999999999884
"1439","Y=~y3",0.690412956882828,0.117762173196676,0.5,"PLS",12388,2415670,500,"Moderate","2",3,TRUE,2.77999999999884
"1440","Y~X",0.13235343281982,0.0468243029575671,0.4,"PLS",12388,2415670,500,"Moderate","2",3,TRUE,2.77999999999884
"1441","Y~Z",0.2055958248992,0.0442343758726582,0.5,"PLS",12388,2415670,500,"Moderate","2",3,TRUE,2.77999999999884
"1442","Y~X:Z",0.0759264788670012,0.0458086874031768,0.3,"PLS",12388,2415670,500,"Moderate","2",3,TRUE,2.77999999999884
"1443","X~~Z",0.0308061889865788,0.0445093455789593,0.2,"PLS",12388,2415670,500,"Moderate","2",3,TRUE,2.77999999999884
"1444","X=~x1",0.28,0.104,0.5,"Mplus",12388,2415670,500,"Moderate","2",3,TRUE,133.389999999999
"1445","X=~x2",0.333,0.108,0.5,"Mplus",12388,2415670,500,"Moderate","2",3,TRUE,133.389999999999
"1446","X=~x3",0.495,0.143,0.5,"Mplus",12388,2415670,500,"Moderate","2",3,TRUE,133.389999999999
"1447","Z=~z1",0.426,0.099,0.5,"Mplus",12388,2415670,500,"Moderate","2",3,TRUE,133.389999999999
"1448","Z=~z2",0.427,0.101,0.5,"Mplus",12388,2415670,500,"Moderate","2",3,TRUE,133.389999999999
"1449","Z=~z3",0.438,0.102,0.5,"Mplus",12388,2415670,500,"Moderate","2",3,TRUE,133.389999999999
"1450","Y=~y1",0.486,0.096,0.5,"Mplus",12388,2415670,500,"Moderate","2",3,TRUE,133.389999999999
"1451","Y=~y2",0.382,0.087,0.5,"Mplus",12388,2415670,500,"Moderate","2",3,TRUE,133.389999999999
"1452","Y=~y3",0.475,0.097,0.5,"Mplus",12388,2415670,500,"Moderate","2",3,TRUE,133.389999999999
"1453","Y~X",0.419,0.186,0.4,"Mplus",12388,2415670,500,"Moderate","2",3,TRUE,133.389999999999
"1454","Y~Z",0.552,0.162,0.5,"Mplus",12388,2415670,500,"Moderate","2",3,TRUE,133.389999999999
"1455","Y~X:Z",0.345,0.276,0.3,"Mplus",12388,2415670,500,"Moderate","2",3,TRUE,133.389999999999
"1456","X~~Z",0.101,0.162,0.2,"Mplus",12388,2415670,500,"Moderate","2",3,TRUE,133.389999999999
"1457","X=~x1",0.74057476496144,0.0422736077067912,0.8,"MC-OrdPLSc",12389,4791461,1000,"Moderate","2",2,TRUE,20.1100000000006
"1458","X=~x2",0.863458042860432,0.042114668026263,0.8,"MC-OrdPLSc",12389,4791461,1000,"Moderate","2",2,TRUE,20.1100000000006
"1459","X=~x3",0.758393489778851,0.0500528988861678,0.8,"MC-OrdPLSc",12389,4791461,1000,"Moderate","2",2,TRUE,20.1100000000006
"1460","Z=~z1",0.762625524884604,0.0348326278207838,0.8,"MC-OrdPLSc",12389,4791461,1000,"Moderate","2",2,TRUE,20.1100000000006
"1461","Z=~z2",0.787196829353488,0.0356781855480171,0.8,"MC-OrdPLSc",12389,4791461,1000,"Moderate","2",2,TRUE,20.1100000000006
"1462","Z=~z3",0.814460201120781,0.0334883910822087,0.8,"MC-OrdPLSc",12389,4791461,1000,"Moderate","2",2,TRUE,20.1100000000006
"1463","Y=~y1",0.842486049195643,0.0340261580451331,0.8,"MC-OrdPLSc",12389,4791461,1000,"Moderate","2",2,TRUE,20.1100000000006
"1464","Y=~y2",0.799989224645469,0.0370775364228859,0.8,"MC-OrdPLSc",12389,4791461,1000,"Moderate","2",2,TRUE,20.1100000000006
"1465","Y=~y3",0.784557372045141,0.0305093904939961,0.8,"MC-OrdPLSc",12389,4791461,1000,"Moderate","2",2,TRUE,20.1100000000006
"1466","Y~X",0.302780913986449,0.0465208235859431,0.4,"MC-OrdPLSc",12389,4791461,1000,"Moderate","2",2,TRUE,20.1100000000006
"1467","Y~Z",0.59158109764864,0.040543102026518,0.5,"MC-OrdPLSc",12389,4791461,1000,"Moderate","2",2,TRUE,20.1100000000006
"1468","Y~X:Z",0.331568097843443,0.0752065885108532,0.3,"MC-OrdPLSc",12389,4791461,1000,"Moderate","2",2,TRUE,20.1100000000006
"1469","X~~Z",0.130637350015703,0.0492651732781854,0.2,"MC-OrdPLSc",12389,4791461,1000,"Moderate","2",2,TRUE,20.1100000000006
"1470","X=~x1",0.567847027643702,0.0666362043244061,0.8,"PLSc",12389,4791461,1000,"Moderate","2",2,TRUE,6.75
"1471","X=~x2",0.763073601078067,0.0586263591974377,0.8,"PLSc",12389,4791461,1000,"Moderate","2",2,TRUE,6.75
"1472","X=~x3",0.608926789322397,0.0683012830854524,0.8,"PLSc",12389,4791461,1000,"Moderate","2",2,TRUE,6.75
"1473","Z=~z1",0.628921326959703,0.0409830548573071,0.8,"PLSc",12389,4791461,1000,"Moderate","2",2,TRUE,6.75
"1474","Z=~z2",0.627329362758893,0.0411105841495006,0.8,"PLSc",12389,4791461,1000,"Moderate","2",2,TRUE,6.75
"1475","Z=~z3",0.688095492585641,0.0411826378278063,0.8,"PLSc",12389,4791461,1000,"Moderate","2",2,TRUE,6.75
"1476","Y=~y1",0.665182787773831,0.033602411667679,0.8,"PLSc",12389,4791461,1000,"Moderate","2",2,TRUE,6.75
"1477","Y=~y2",0.701277949096028,0.0330851523077461,0.8,"PLSc",12389,4791461,1000,"Moderate","2",2,TRUE,6.75
"1478","Y=~y3",0.63740189440396,0.0350273801065346,0.8,"PLSc",12389,4791461,1000,"Moderate","2",2,TRUE,6.75
"1479","Y~X",0.309256857023377,0.043042974399443,0.4,"PLSc",12389,4791461,1000,"Moderate","2",2,TRUE,6.75
"1480","Y~Z",0.559829169677648,0.0432095339752912,0.5,"PLSc",12389,4791461,1000,"Moderate","2",2,TRUE,6.75
"1481","Y~X:Z",0.231520428841069,0.0495300100337974,0.3,"PLSc",12389,4791461,1000,"Moderate","2",2,TRUE,6.75
"1482","X~~Z",0.116815994242281,0.0461451955096779,0.2,"PLSc",12389,4791461,1000,"Moderate","2",2,TRUE,6.75
"1483","X=~x1",0.752071417670004,0.0306160187898484,0.8,"PLS",12389,4791461,1000,"Moderate","2",2,TRUE,1.83000000000175
"1484","X=~x2",0.825702495574547,0.0226851505639454,0.8,"PLS",12389,4791461,1000,"Moderate","2",2,TRUE,1.83000000000175
"1485","X=~x3",0.766378210458055,0.0308229164274148,0.8,"PLS",12389,4791461,1000,"Moderate","2",2,TRUE,1.83000000000175
"1486","Z=~z1",0.767345506647082,0.0219949931765277,0.8,"PLS",12389,4791461,1000,"Moderate","2",2,TRUE,1.83000000000175
"1487","Z=~z2",0.782052070573757,0.0203020365677541,0.8,"PLS",12389,4791461,1000,"Moderate","2",2,TRUE,1.83000000000175
"1488","Z=~z3",0.799764340573467,0.0189011002557617,0.8,"PLS",12389,4791461,1000,"Moderate","2",2,TRUE,1.83000000000175
"1489","Y=~y1",0.814371472288663,0.015356675408279,0.8,"PLS",12389,4791461,1000,"Moderate","2",2,TRUE,1.83000000000175
"1490","Y=~y2",0.789532578560481,0.017366476607392,0.8,"PLS",12389,4791461,1000,"Moderate","2",2,TRUE,1.83000000000175
"1491","Y=~y3",0.779328132336728,0.0190601432543012,0.8,"PLS",12389,4791461,1000,"Moderate","2",2,TRUE,1.83000000000175
"1492","Y~X",0.237280743919112,0.0281257349269225,0.4,"PLS",12389,4791461,1000,"Moderate","2",2,TRUE,1.83000000000175
"1493","Y~Z",0.40211317180108,0.0284348449177286,0.5,"PLS",12389,4791461,1000,"Moderate","2",2,TRUE,1.83000000000175
"1494","Y~X:Z",0.145022478193246,0.026365723141692,0.3,"PLS",12389,4791461,1000,"Moderate","2",2,TRUE,1.83000000000175
"1495","X~~Z",0.0810338565371407,0.0320850003359257,0.2,"PLS",12389,4791461,1000,"Moderate","2",2,TRUE,1.83000000000175
"1496","X=~x1",0.76,0.036,0.8,"Mplus",12389,4791461,1000,"Moderate","2",2,TRUE,129.449999999997
"1497","X=~x2",0.789,0.037,0.8,"Mplus",12389,4791461,1000,"Moderate","2",2,TRUE,129.449999999997
"1498","X=~x3",0.77,0.037,0.8,"Mplus",12389,4791461,1000,"Moderate","2",2,TRUE,129.449999999997
"1499","Z=~z1",0.739,0.035,0.8,"Mplus",12389,4791461,1000,"Moderate","2",2,TRUE,129.449999999997
"1500","Z=~z2",0.779,0.034,0.8,"Mplus",12389,4791461,1000,"Moderate","2",2,TRUE,129.449999999997
"1501","Z=~z3",0.792,0.034,0.8,"Mplus",12389,4791461,1000,"Moderate","2",2,TRUE,129.449999999997
"1502","Y=~y1",0.849,0.03,0.8,"Mplus",12389,4791461,1000,"Moderate","2",2,TRUE,129.449999999997
"1503","Y=~y2",0.767,0.034,0.8,"Mplus",12389,4791461,1000,"Moderate","2",2,TRUE,129.449999999997
"1504","Y=~y3",0.78,0.033,0.8,"Mplus",12389,4791461,1000,"Moderate","2",2,TRUE,129.449999999997
"1505","Y~X",0.288,0.049,0.4,"Mplus",12389,4791461,1000,"Moderate","2",2,TRUE,129.449999999997
"1506","Y~Z",0.588,0.041,0.5,"Mplus",12389,4791461,1000,"Moderate","2",2,TRUE,129.449999999997
"1507","Y~X:Z",0.372,0.066,0.3,"Mplus",12389,4791461,1000,"Moderate","2",2,TRUE,129.449999999997
"1508","X~~Z",0.142,0.05,0.2,"Mplus",12389,4791461,1000,"Moderate","2",2,TRUE,129.449999999997
"1509","X=~x1",0.381672607974037,0.090570122080276,0.5,"MC-OrdPLSc",12390,8783039,1000,"Moderate","2",3,TRUE,27.2599999999948
"1510","X=~x2",0.522697553342278,0.0780328195626089,0.5,"MC-OrdPLSc",12390,8783039,1000,"Moderate","2",3,TRUE,27.2599999999948
"1511","X=~x3",0.574373889370151,0.0882582314992926,0.5,"MC-OrdPLSc",12390,8783039,1000,"Moderate","2",3,TRUE,27.2599999999948
"1512","Z=~z1",0.455881246463638,0.0797328025265635,0.5,"MC-OrdPLSc",12390,8783039,1000,"Moderate","2",3,TRUE,27.2599999999948
"1513","Z=~z2",0.707984999400816,0.0880928961084191,0.5,"MC-OrdPLSc",12390,8783039,1000,"Moderate","2",3,TRUE,27.2599999999948
"1514","Z=~z3",0.457638123564145,0.0834404524845759,0.5,"MC-OrdPLSc",12390,8783039,1000,"Moderate","2",3,TRUE,27.2599999999948
"1515","Y=~y1",0.428434410601061,0.0604037701311688,0.5,"MC-OrdPLSc",12390,8783039,1000,"Moderate","2",3,TRUE,27.2599999999948
"1516","Y=~y2",0.488925938939849,0.0639697104007691,0.5,"MC-OrdPLSc",12390,8783039,1000,"Moderate","2",3,TRUE,27.2599999999948
"1517","Y=~y3",0.599485453204102,0.0728659889714663,0.5,"MC-OrdPLSc",12390,8783039,1000,"Moderate","2",3,TRUE,27.2599999999948
"1518","Y~X",0.416763248346859,0.0878897979143442,0.4,"MC-OrdPLSc",12390,8783039,1000,"Moderate","2",3,TRUE,27.2599999999948
"1519","Y~Z",0.430506095862413,0.0892501324910863,0.5,"MC-OrdPLSc",12390,8783039,1000,"Moderate","2",3,TRUE,27.2599999999948
"1520","Y~X:Z",0.538901210376021,0.175515335424463,0.3,"MC-OrdPLSc",12390,8783039,1000,"Moderate","2",3,TRUE,27.2599999999948
"1521","X~~Z",0.221249978126049,0.0826267220595372,0.2,"MC-OrdPLSc",12390,8783039,1000,"Moderate","2",3,TRUE,27.2599999999948
"1522","X=~x1",0.261763979475688,0.0874097189082333,0.5,"PLSc",12390,8783039,1000,"Moderate","2",3,TRUE,7.17999999999302
"1523","X=~x2",0.425551811715497,0.0761821023424018,0.5,"PLSc",12390,8783039,1000,"Moderate","2",3,TRUE,7.17999999999302
"1524","X=~x3",0.468010565355311,0.0749292266558659,0.5,"PLSc",12390,8783039,1000,"Moderate","2",3,TRUE,7.17999999999302
"1525","Z=~z1",0.366777804830365,0.0726428764240453,0.5,"PLSc",12390,8783039,1000,"Moderate","2",3,TRUE,7.17999999999302
"1526","Z=~z2",0.58617338695894,0.0828065071170992,0.5,"PLSc",12390,8783039,1000,"Moderate","2",3,TRUE,7.17999999999302
"1527","Z=~z3",0.325151045676716,0.082781789274214,0.5,"PLSc",12390,8783039,1000,"Moderate","2",3,TRUE,7.17999999999302
"1528","Y=~y1",0.350360335683943,0.0566932100247216,0.5,"PLSc",12390,8783039,1000,"Moderate","2",3,TRUE,7.17999999999302
"1529","Y=~y2",0.366278324365832,0.0601072634948763,0.5,"PLSc",12390,8783039,1000,"Moderate","2",3,TRUE,7.17999999999302
"1530","Y=~y3",0.476817801359051,0.0588201213786469,0.5,"PLSc",12390,8783039,1000,"Moderate","2",3,TRUE,7.17999999999302
"1531","Y~X",0.353077627871482,0.206813079356209,0.4,"PLSc",12390,8783039,1000,"Moderate","2",3,TRUE,7.17999999999302
"1532","Y~Z",0.413242058529043,0.339232829182525,0.5,"PLSc",12390,8783039,1000,"Moderate","2",3,TRUE,7.17999999999302
"1533","Y~X:Z",0.410938293953783,0.463776878500839,0.3,"PLSc",12390,8783039,1000,"Moderate","2",3,TRUE,7.17999999999302
"1534","X~~Z",0.215783792644809,0.0852251946059066,0.2,"PLSc",12390,8783039,1000,"Moderate","2",3,TRUE,7.17999999999302
"1535","X=~x1",0.526431305077682,0.0999362409784501,0.5,"PLS",12390,8783039,1000,"Moderate","2",3,TRUE,2.27999999999884
"1536","X=~x2",0.687405685711441,0.0840187702133821,0.5,"PLS",12390,8783039,1000,"Moderate","2",3,TRUE,2.27999999999884
"1537","X=~x3",0.739478056428803,0.0729529032395688,0.5,"PLS",12390,8783039,1000,"Moderate","2",3,TRUE,2.27999999999884
"1538","Z=~z1",0.585656866080561,0.0815904590696271,0.5,"PLS",12390,8783039,1000,"Moderate","2",3,TRUE,2.27999999999884
"1539","Z=~z2",0.811368539976919,0.0581595449620064,0.5,"PLS",12390,8783039,1000,"Moderate","2",3,TRUE,2.27999999999884
"1540","Z=~z3",0.588311008788504,0.0789490941795148,0.5,"PLS",12390,8783039,1000,"Moderate","2",3,TRUE,2.27999999999884
"1541","Y=~y1",0.582826139596089,0.0691973288225184,0.5,"PLS",12390,8783039,1000,"Moderate","2",3,TRUE,2.27999999999884
"1542","Y=~y2",0.644604435113555,0.0579852715728208,0.5,"PLS",12390,8783039,1000,"Moderate","2",3,TRUE,2.27999999999884
"1543","Y=~y3",0.746517880895413,0.0507356807429225,0.5,"PLS",12390,8783039,1000,"Moderate","2",3,TRUE,2.27999999999884
"1544","Y~X",0.178039033181197,0.0308261469233945,0.4,"PLS",12390,8783039,1000,"Moderate","2",3,TRUE,2.27999999999884
"1545","Y~Z",0.204148889601585,0.0290681473979991,0.5,"PLS",12390,8783039,1000,"Moderate","2",3,TRUE,2.27999999999884
"1546","Y~X:Z",0.116665308376838,0.0313475454564219,0.3,"PLS",12390,8783039,1000,"Moderate","2",3,TRUE,2.27999999999884
"1547","X~~Z",0.0862490743442126,0.0336560403008432,0.2,"PLS",12390,8783039,1000,"Moderate","2",3,TRUE,2.27999999999884
"1548","X=~x1",0.416,0.065,0.5,"Mplus",12390,8783039,1000,"Moderate","2",3,TRUE,213.76999999999
"1549","X=~x2",0.482,0.074,0.5,"Mplus",12390,8783039,1000,"Moderate","2",3,TRUE,213.76999999999
"1550","X=~x3",0.518,0.076,0.5,"Mplus",12390,8783039,1000,"Moderate","2",3,TRUE,213.76999999999
"1551","Z=~z1",0.421,0.061,0.5,"Mplus",12390,8783039,1000,"Moderate","2",3,TRUE,213.76999999999
"1552","Z=~z2",0.62,0.071,0.5,"Mplus",12390,8783039,1000,"Moderate","2",3,TRUE,213.76999999999
"1553","Z=~z3",0.492,0.062,0.5,"Mplus",12390,8783039,1000,"Moderate","2",3,TRUE,213.76999999999
"1554","Y=~y1",0.373,0.058,0.5,"Mplus",12390,8783039,1000,"Moderate","2",3,TRUE,213.76999999999
"1555","Y=~y2",0.467,0.062,0.5,"Mplus",12390,8783039,1000,"Moderate","2",3,TRUE,213.76999999999
"1556","Y=~y3",0.57,0.068,0.5,"Mplus",12390,8783039,1000,"Moderate","2",3,TRUE,213.76999999999
"1557","Y~X",0.386,0.099,0.4,"Mplus",12390,8783039,1000,"Moderate","2",3,TRUE,213.76999999999
"1558","Y~Z",0.456,0.092,0.5,"Mplus",12390,8783039,1000,"Moderate","2",3,TRUE,213.76999999999
"1559","Y~X:Z",0.346,0.144,0.3,"Mplus",12390,8783039,1000,"Moderate","2",3,TRUE,213.76999999999
"1560","X~~Z",0.207,0.083,0.2,"Mplus",12390,8783039,1000,"Moderate","2",3,TRUE,213.76999999999
"1561","X=~x1",0.799554985989319,0.0579060350720745,0.8,"MC-OrdPLSc",12391,3272235,200,"Moderate","3",2,TRUE,16.0100000000093
"1562","X=~x2",0.714450602256511,0.071704992571109,0.8,"MC-OrdPLSc",12391,3272235,200,"Moderate","3",2,TRUE,16.0100000000093
"1563","X=~x3",0.895553376794948,0.0468535410756923,0.8,"MC-OrdPLSc",12391,3272235,200,"Moderate","3",2,TRUE,16.0100000000093
"1564","Z=~z1",0.839131140710543,0.0582608151414804,0.8,"MC-OrdPLSc",12391,3272235,200,"Moderate","3",2,TRUE,16.0100000000093
"1565","Z=~z2",0.765798852724355,0.0609899286462669,0.8,"MC-OrdPLSc",12391,3272235,200,"Moderate","3",2,TRUE,16.0100000000093
"1566","Z=~z3",0.824546175297567,0.0549533175951637,0.8,"MC-OrdPLSc",12391,3272235,200,"Moderate","3",2,TRUE,16.0100000000093
"1567","Y=~y1",0.723259215496619,0.0586618687634016,0.8,"MC-OrdPLSc",12391,3272235,200,"Moderate","3",2,TRUE,16.0100000000093
"1568","Y=~y2",0.816488808811899,0.0508700208056118,0.8,"MC-OrdPLSc",12391,3272235,200,"Moderate","3",2,TRUE,16.0100000000093
"1569","Y=~y3",0.832709979948225,0.0463916389244547,0.8,"MC-OrdPLSc",12391,3272235,200,"Moderate","3",2,TRUE,16.0100000000093
"1570","Y~X",0.426420300917989,0.0796705617621189,0.4,"MC-OrdPLSc",12391,3272235,200,"Moderate","3",2,TRUE,16.0100000000093
"1571","Y~Z",0.408582583093525,0.0794765019365106,0.5,"MC-OrdPLSc",12391,3272235,200,"Moderate","3",2,TRUE,16.0100000000093
"1572","Y~X:Z",0.322508143549845,0.0937430955790764,0.3,"MC-OrdPLSc",12391,3272235,200,"Moderate","3",2,TRUE,16.0100000000093
"1573","X~~Z",0.350087101656443,0.0853532530110795,0.2,"MC-OrdPLSc",12391,3272235,200,"Moderate","3",2,TRUE,16.0100000000093
"1574","X=~x1",0.722043287722559,0.082222332228531,0.8,"PLSc",12391,3272235,200,"Moderate","3",2,TRUE,3.16999999999825
"1575","X=~x2",0.64156629984463,0.0980995056067741,0.8,"PLSc",12391,3272235,200,"Moderate","3",2,TRUE,3.16999999999825
"1576","X=~x3",0.837504236370479,0.0734759231443371,0.8,"PLSc",12391,3272235,200,"Moderate","3",2,TRUE,3.16999999999825
"1577","Z=~z1",0.747782057093808,0.0783575754623094,0.8,"PLSc",12391,3272235,200,"Moderate","3",2,TRUE,3.16999999999825
"1578","Z=~z2",0.682792623124643,0.0900193539712691,0.8,"PLSc",12391,3272235,200,"Moderate","3",2,TRUE,3.16999999999825
"1579","Z=~z3",0.780163424416431,0.0718455118309313,0.8,"PLSc",12391,3272235,200,"Moderate","3",2,TRUE,3.16999999999825
"1580","Y=~y1",0.654300594571863,0.0751849321415903,0.8,"PLSc",12391,3272235,200,"Moderate","3",2,TRUE,3.16999999999825
"1581","Y=~y2",0.727738098106015,0.0590576403375169,0.8,"PLSc",12391,3272235,200,"Moderate","3",2,TRUE,3.16999999999825
"1582","Y=~y3",0.742730397937071,0.0571204085607864,0.8,"PLSc",12391,3272235,200,"Moderate","3",2,TRUE,3.16999999999825
"1583","Y~X",0.427726382259749,0.0820086825282922,0.4,"PLSc",12391,3272235,200,"Moderate","3",2,TRUE,3.16999999999825
"1584","Y~Z",0.406249585313196,0.0841310420395735,0.5,"PLSc",12391,3272235,200,"Moderate","3",2,TRUE,3.16999999999825
"1585","Y~X:Z",0.279151360245143,0.0913722988828157,0.3,"PLSc",12391,3272235,200,"Moderate","3",2,TRUE,3.16999999999825
"1586","X~~Z",0.340180608360227,0.0879775325694488,0.2,"PLSc",12391,3272235,200,"Moderate","3",2,TRUE,3.16999999999825
"1587","X=~x1",0.834362218132804,0.0293257740884561,0.8,"PLS",12391,3272235,200,"Moderate","3",2,TRUE,1.86000000000058
"1588","X=~x2",0.779590089529317,0.0444068095410187,0.8,"PLS",12391,3272235,200,"Moderate","3",2,TRUE,1.86000000000058
"1589","X=~x3",0.876154768110788,0.0198980322254194,0.8,"PLS",12391,3272235,200,"Moderate","3",2,TRUE,1.86000000000058
"1590","Z=~z1",0.849459747812655,0.0299010314160539,0.8,"PLS",12391,3272235,200,"Moderate","3",2,TRUE,1.86000000000058
"1591","Z=~z2",0.809829429312521,0.0349672740830548,0.8,"PLS",12391,3272235,200,"Moderate","3",2,TRUE,1.86000000000058
"1592","Z=~z3",0.841794579128918,0.0243258487329399,0.8,"PLS",12391,3272235,200,"Moderate","3",2,TRUE,1.86000000000058
"1593","Y=~y1",0.775798129075024,0.0409675151209433,0.8,"PLS",12391,3272235,200,"Moderate","3",2,TRUE,1.86000000000058
"1594","Y=~y2",0.834102298422354,0.0246090155160769,0.8,"PLS",12391,3272235,200,"Moderate","3",2,TRUE,1.86000000000058
"1595","Y=~y3",0.838857857456762,0.0241236034202527,0.8,"PLS",12391,3272235,200,"Moderate","3",2,TRUE,1.86000000000058
"1596","Y~X",0.34516341097113,0.0586902249930428,0.4,"PLS",12391,3272235,200,"Moderate","3",2,TRUE,1.86000000000058
"1597","Y~Z",0.331191590484888,0.0566966027267545,0.5,"PLS",12391,3272235,200,"Moderate","3",2,TRUE,1.86000000000058
"1598","Y~X:Z",0.187988838822318,0.0592767585033687,0.3,"PLS",12391,3272235,200,"Moderate","3",2,TRUE,1.86000000000058
"1599","X~~Z",0.268154950805851,0.0703378608791237,0.2,"PLS",12391,3272235,200,"Moderate","3",2,TRUE,1.86000000000058
"1600","X=~x1",0.795,0.054,0.8,"Mplus",12391,3272235,200,"Moderate","3",2,TRUE,116.029999999999
"1601","X=~x2",0.706,0.059,0.8,"Mplus",12391,3272235,200,"Moderate","3",2,TRUE,116.029999999999
"1602","X=~x3",0.878,0.049,0.8,"Mplus",12391,3272235,200,"Moderate","3",2,TRUE,116.029999999999
"1603","Z=~z1",0.832,0.05,0.8,"Mplus",12391,3272235,200,"Moderate","3",2,TRUE,116.029999999999
"1604","Z=~z2",0.767,0.055,0.8,"Mplus",12391,3272235,200,"Moderate","3",2,TRUE,116.029999999999
"1605","Z=~z3",0.805,0.053,0.8,"Mplus",12391,3272235,200,"Moderate","3",2,TRUE,116.029999999999
"1606","Y=~y1",0.696,0.063,0.8,"Mplus",12391,3272235,200,"Moderate","3",2,TRUE,116.029999999999
"1607","Y=~y2",0.807,0.055,0.8,"Mplus",12391,3272235,200,"Moderate","3",2,TRUE,116.029999999999
"1608","Y=~y3",0.846,0.052,0.8,"Mplus",12391,3272235,200,"Moderate","3",2,TRUE,116.029999999999
"1609","Y~X",0.416,0.078,0.4,"Mplus",12391,3272235,200,"Moderate","3",2,TRUE,116.029999999999
"1610","Y~Z",0.44,0.077,0.5,"Mplus",12391,3272235,200,"Moderate","3",2,TRUE,116.029999999999
"1611","Y~X:Z",0.3,0.077,0.3,"Mplus",12391,3272235,200,"Moderate","3",2,TRUE,116.029999999999
"1612","X~~Z",0.321,0.087,0.2,"Mplus",12391,3272235,200,"Moderate","3",2,TRUE,116.029999999999
"1613","X=~x1",0.0623181082983548,0.215844382749118,0.5,"MC-OrdPLSc",12392,8618895,200,"Moderate","3",3,TRUE,23.5400000000081
"1614","X=~x2",0.354323477629047,0.423038872619515,0.5,"MC-OrdPLSc",12392,8618895,200,"Moderate","3",3,TRUE,23.5400000000081
"1615","X=~x3",0.710262878440171,1.11876865351221,0.5,"MC-OrdPLSc",12392,8618895,200,"Moderate","3",3,TRUE,23.5400000000081
"1616","Z=~z1",0.824498382384874,0.63891556709456,0.5,"MC-OrdPLSc",12392,8618895,200,"Moderate","3",3,TRUE,23.5400000000081
"1617","Z=~z2",0.475070961962497,0.235592486212654,0.5,"MC-OrdPLSc",12392,8618895,200,"Moderate","3",3,TRUE,23.5400000000081
"1618","Z=~z3",0.270706683510485,0.226501635749824,0.5,"MC-OrdPLSc",12392,8618895,200,"Moderate","3",3,TRUE,23.5400000000081
"1619","Y=~y1",0.474287841196383,0.244406725440743,0.5,"MC-OrdPLSc",12392,8618895,200,"Moderate","3",3,TRUE,23.5400000000081
"1620","Y=~y2",0.54313329424815,0.202808177173498,0.5,"MC-OrdPLSc",12392,8618895,200,"Moderate","3",3,TRUE,23.5400000000081
"1621","Y=~y3",0.468775124832569,0.193795677294906,0.5,"MC-OrdPLSc",12392,8618895,200,"Moderate","3",3,TRUE,23.5400000000081
"1622","Y~X",0.257234718947751,0.606462810395058,0.4,"MC-OrdPLSc",12392,8618895,200,"Moderate","3",3,TRUE,23.5400000000081
"1623","Y~Z",0.416070017614583,0.363971436124669,0.5,"MC-OrdPLSc",12392,8618895,200,"Moderate","3",3,TRUE,23.5400000000081
"1624","Y~X:Z",-0.00926334178088315,0.281115486501142,0.3,"MC-OrdPLSc",12392,8618895,200,"Moderate","3",3,TRUE,23.5400000000081
"1625","X~~Z",0.354688005183916,0.547841294340046,0.2,"MC-OrdPLSc",12392,8618895,200,"Moderate","3",3,TRUE,23.5400000000081
"1626","X=~x1",-0.0139968635057066,0.247656723896916,0.5,"PLSc",12392,8618895,200,"Moderate","3",3,TRUE,4.98000000001048
"1627","X=~x2",0.300825396980333,0.221271940228157,0.5,"PLSc",12392,8618895,200,"Moderate","3",3,TRUE,4.98000000001048
"1628","X=~x3",0.603146587739113,0.274134740534527,0.5,"PLSc",12392,8618895,200,"Moderate","3",3,TRUE,4.98000000001048
"1629","Z=~z1",0.715875215845955,0.200068283128001,0.5,"PLSc",12392,8618895,200,"Moderate","3",3,TRUE,4.98000000001048
"1630","Z=~z2",0.430910641561615,0.173526832093669,0.5,"PLSc",12392,8618895,200,"Moderate","3",3,TRUE,4.98000000001048
"1631","Z=~z3",0.0723194286180367,0.240875726652338,0.5,"PLSc",12392,8618895,200,"Moderate","3",3,TRUE,4.98000000001048
"1632","Y=~y1",0.430906166613622,0.155850660532899,0.5,"PLSc",12392,8618895,200,"Moderate","3",3,TRUE,4.98000000001048
"1633","Y=~y2",0.48570265076465,0.180712247657089,0.5,"PLSc",12392,8618895,200,"Moderate","3",3,TRUE,4.98000000001048
"1634","Y=~y3",0.416978763384201,0.150922241119846,0.5,"PLSc",12392,8618895,200,"Moderate","3",3,TRUE,4.98000000001048
"1635","Y~X",0.273942440044549,5.15334390612653,0.4,"PLSc",12392,8618895,200,"Moderate","3",3,TRUE,4.98000000001048
"1636","Y~Z",0.415015391803444,3.16913303301224,0.5,"PLSc",12392,8618895,200,"Moderate","3",3,TRUE,4.98000000001048
"1637","Y~X:Z",0.0188434043180253,5.80067071542985,0.3,"PLSc",12392,8618895,200,"Moderate","3",3,TRUE,4.98000000001048
"1638","X~~Z",0.383044134930628,0.958061383459419,0.2,"PLSc",12392,8618895,200,"Moderate","3",3,TRUE,4.98000000001048
"1639","X=~x1",0.109765604500464,0.363422981827967,0.5,"PLS",12392,8618895,200,"Moderate","3",3,TRUE,3.48000000001048
"1640","X=~x2",0.575358901125588,0.296376846472699,0.5,"PLS",12392,8618895,200,"Moderate","3",3,TRUE,3.48000000001048
"1641","X=~x3",0.911733927759361,0.214187752725394,0.5,"PLS",12392,8618895,200,"Moderate","3",3,TRUE,3.48000000001048
"1642","Z=~z1",0.886470838300787,0.0980548872640152,0.5,"PLS",12392,8618895,200,"Moderate","3",3,TRUE,3.48000000001048
"1643","Z=~z2",0.662017334743386,0.183312858203078,0.5,"PLS",12392,8618895,200,"Moderate","3",3,TRUE,3.48000000001048
"1644","Z=~z3",0.405751089201987,0.271967677483382,0.5,"PLS",12392,8618895,200,"Moderate","3",3,TRUE,3.48000000001048
"1645","Y=~y1",0.660569895668702,0.153271946771209,0.5,"PLS",12392,8618895,200,"Moderate","3",3,TRUE,3.48000000001048
"1646","Y=~y2",0.726125350028168,0.162560414729071,0.5,"PLS",12392,8618895,200,"Moderate","3",3,TRUE,3.48000000001048
"1647","Y=~y3",0.655997249573959,0.150919590209152,0.5,"PLS",12392,8618895,200,"Moderate","3",3,TRUE,3.48000000001048
"1648","Y~X",0.135484320860564,0.0744612517128672,0.4,"PLS",12392,8618895,200,"Moderate","3",3,TRUE,3.48000000001048
"1649","Y~Z",0.228055784652803,0.0660711917572112,0.5,"PLS",12392,8618895,200,"Moderate","3",3,TRUE,3.48000000001048
"1650","Y~X:Z",-0.00439892254038682,0.0776958540015723,0.3,"PLS",12392,8618895,200,"Moderate","3",3,TRUE,3.48000000001048
"1651","X~~Z",0.178806631857591,0.0784724205157841,0.2,"PLS",12392,8618895,200,"Moderate","3",3,TRUE,3.48000000001048
"1652","X=~x1",0.198,0.07,0.5,"Mplus",12392,8618895,200,"Moderate","3",3,TRUE,200.339999999997
"1653","X=~x2",0.228,0.085,0.5,"Mplus",12392,8618895,200,"Moderate","3",3,TRUE,200.339999999997
"1654","X=~x3",0.936,0.039,0.5,"Mplus",12392,8618895,200,"Moderate","3",3,TRUE,200.339999999997
"1655","Z=~z1",0.65,0.136,0.5,"Mplus",12392,8618895,200,"Moderate","3",3,TRUE,200.339999999997
"1656","Z=~z2",0.516,0.124,0.5,"Mplus",12392,8618895,200,"Moderate","3",3,TRUE,200.339999999997
"1657","Z=~z3",0.467,0.11,0.5,"Mplus",12392,8618895,200,"Moderate","3",3,TRUE,200.339999999997
"1658","Y=~y1",0.439,0.116,0.5,"Mplus",12392,8618895,200,"Moderate","3",3,TRUE,200.339999999997
"1659","Y=~y2",0.567,0.127,0.5,"Mplus",12392,8618895,200,"Moderate","3",3,TRUE,200.339999999997
"1660","Y=~y3",0.438,0.112,0.5,"Mplus",12392,8618895,200,"Moderate","3",3,TRUE,200.339999999997
"1661","Y~X",0.189,0.137,0.4,"Mplus",12392,8618895,200,"Moderate","3",3,TRUE,200.339999999997
"1662","Y~Z",0.408,0.159,0.5,"Mplus",12392,8618895,200,"Moderate","3",3,TRUE,200.339999999997
"1663","Y~X:Z",0.078,0.167,0.3,"Mplus",12392,8618895,200,"Moderate","3",3,TRUE,200.339999999997
"1664","X~~Z",0.267,0.113,0.2,"Mplus",12392,8618895,200,"Moderate","3",3,TRUE,200.339999999997
"1665","X=~x1",0.817073682957303,0.0410519796949385,0.8,"MC-OrdPLSc",12393,7119744,500,"Moderate","3",2,TRUE,18.2799999999988
"1666","X=~x2",0.745203919040432,0.0423240897368837,0.8,"MC-OrdPLSc",12393,7119744,500,"Moderate","3",2,TRUE,18.2799999999988
"1667","X=~x3",0.839650194572329,0.0383603189515898,0.8,"MC-OrdPLSc",12393,7119744,500,"Moderate","3",2,TRUE,18.2799999999988
"1668","Z=~z1",0.822674900987749,0.031232717580007,0.8,"MC-OrdPLSc",12393,7119744,500,"Moderate","3",2,TRUE,18.2799999999988
"1669","Z=~z2",0.743781499430214,0.0367192032935882,0.8,"MC-OrdPLSc",12393,7119744,500,"Moderate","3",2,TRUE,18.2799999999988
"1670","Z=~z3",0.851535491735515,0.0336573079802027,0.8,"MC-OrdPLSc",12393,7119744,500,"Moderate","3",2,TRUE,18.2799999999988
"1671","Y=~y1",0.752363255565576,0.0390508350517136,0.8,"MC-OrdPLSc",12393,7119744,500,"Moderate","3",2,TRUE,18.2799999999988
"1672","Y=~y2",0.785902856130071,0.0375643548827511,0.8,"MC-OrdPLSc",12393,7119744,500,"Moderate","3",2,TRUE,18.2799999999988
"1673","Y=~y3",0.791918423353665,0.033588312493475,0.8,"MC-OrdPLSc",12393,7119744,500,"Moderate","3",2,TRUE,18.2799999999988
"1674","Y~X",0.311423274243764,0.0545603975707379,0.4,"MC-OrdPLSc",12393,7119744,500,"Moderate","3",2,TRUE,18.2799999999988
"1675","Y~Z",0.53864477168296,0.0492859145941843,0.5,"MC-OrdPLSc",12393,7119744,500,"Moderate","3",2,TRUE,18.2799999999988
"1676","Y~X:Z",0.231248748946945,0.0730589898425421,0.3,"MC-OrdPLSc",12393,7119744,500,"Moderate","3",2,TRUE,18.2799999999988
"1677","X~~Z",0.240482450760838,0.0574458155884546,0.2,"MC-OrdPLSc",12393,7119744,500,"Moderate","3",2,TRUE,18.2799999999988
"1678","X=~x1",0.67487329251138,0.0730581198067525,0.8,"PLSc",12393,7119744,500,"Moderate","3",2,TRUE,4.6200000000099
"1679","X=~x2",0.708783825560735,0.066163919486739,0.8,"PLSc",12393,7119744,500,"Moderate","3",2,TRUE,4.6200000000099
"1680","X=~x3",0.797647828096722,0.0627746141963068,0.8,"PLSc",12393,7119744,500,"Moderate","3",2,TRUE,4.6200000000099
"1681","Z=~z1",0.753856424684205,0.0455406828154406,0.8,"PLSc",12393,7119744,500,"Moderate","3",2,TRUE,4.6200000000099
"1682","Z=~z2",0.711598179459695,0.0489775774457666,0.8,"PLSc",12393,7119744,500,"Moderate","3",2,TRUE,4.6200000000099
"1683","Z=~z3",0.737490875470604,0.0386699004499425,0.8,"PLSc",12393,7119744,500,"Moderate","3",2,TRUE,4.6200000000099
"1684","Y=~y1",0.6540703807513,0.0450275801744011,0.8,"PLSc",12393,7119744,500,"Moderate","3",2,TRUE,4.6200000000099
"1685","Y=~y2",0.718237269672454,0.0405970828977724,0.8,"PLSc",12393,7119744,500,"Moderate","3",2,TRUE,4.6200000000099
"1686","Y=~y3",0.732786657204208,0.0391365918116022,0.8,"PLSc",12393,7119744,500,"Moderate","3",2,TRUE,4.6200000000099
"1687","Y~X",0.303488927626165,0.048754830193877,0.4,"PLSc",12393,7119744,500,"Moderate","3",2,TRUE,4.6200000000099
"1688","Y~Z",0.52946616126638,0.0523762939704466,0.5,"PLSc",12393,7119744,500,"Moderate","3",2,TRUE,4.6200000000099
"1689","Y~X:Z",0.191938120758416,0.060571738755889,0.3,"PLSc",12393,7119744,500,"Moderate","3",2,TRUE,4.6200000000099
"1690","X~~Z",0.236599423112162,0.0573959315161487,0.2,"PLSc",12393,7119744,500,"Moderate","3",2,TRUE,4.6200000000099
"1691","X=~x1",0.83911770201206,0.0216846481058393,0.8,"PLS",12393,7119744,500,"Moderate","3",2,TRUE,1.77999999999884
"1692","X=~x2",0.797192486029592,0.0268545543380879,0.8,"PLS",12393,7119744,500,"Moderate","3",2,TRUE,1.77999999999884
"1693","X=~x3",0.848895422820367,0.0182033083177712,0.8,"PLS",12393,7119744,500,"Moderate","3",2,TRUE,1.77999999999884
"1694","Z=~z1",0.84201026352854,0.0170928277585663,0.8,"PLS",12393,7119744,500,"Moderate","3",2,TRUE,1.77999999999884
"1695","Z=~z2",0.797620975393388,0.0223472188776642,0.8,"PLS",12393,7119744,500,"Moderate","3",2,TRUE,1.77999999999884
"1696","Z=~z3",0.856336267856028,0.0143584399865655,0.8,"PLS",12393,7119744,500,"Moderate","3",2,TRUE,1.77999999999884
"1697","Y=~y1",0.798812813121018,0.022233805567024,0.8,"PLS",12393,7119744,500,"Moderate","3",2,TRUE,1.77999999999884
"1698","Y=~y2",0.818987048547169,0.0179062591956235,0.8,"PLS",12393,7119744,500,"Moderate","3",2,TRUE,1.77999999999884
"1699","Y=~y3",0.822368555010245,0.0171567795252343,0.8,"PLS",12393,7119744,500,"Moderate","3",2,TRUE,1.77999999999884
"1700","Y~X",0.256429375936047,0.0352223963882294,0.4,"PLS",12393,7119744,500,"Moderate","3",2,TRUE,1.77999999999884
"1701","Y~Z",0.414973378665583,0.0386640056280294,0.5,"PLS",12393,7119744,500,"Moderate","3",2,TRUE,1.77999999999884
"1702","Y~X:Z",0.134836184321804,0.0367154920143582,0.3,"PLS",12393,7119744,500,"Moderate","3",2,TRUE,1.77999999999884
"1703","X~~Z",0.184065510399801,0.0450553656216031,0.2,"PLS",12393,7119744,500,"Moderate","3",2,TRUE,1.77999999999884
"1704","X=~x1",0.851,0.033,0.8,"Mplus",12393,7119744,500,"Moderate","3",2,TRUE,269.389999999999
"1705","X=~x2",0.713,0.038,0.8,"Mplus",12393,7119744,500,"Moderate","3",2,TRUE,269.389999999999
"1706","X=~x3",0.812,0.034,0.8,"Mplus",12393,7119744,500,"Moderate","3",2,TRUE,269.389999999999
"1707","Z=~z1",0.811,0.032,0.8,"Mplus",12393,7119744,500,"Moderate","3",2,TRUE,269.389999999999
"1708","Z=~z2",0.714,0.036,0.8,"Mplus",12393,7119744,500,"Moderate","3",2,TRUE,269.389999999999
"1709","Z=~z3",0.869,0.03,0.8,"Mplus",12393,7119744,500,"Moderate","3",2,TRUE,269.389999999999
"1710","Y=~y1",0.746,0.038,0.8,"Mplus",12393,7119744,500,"Moderate","3",2,TRUE,269.389999999999
"1711","Y=~y2",0.78,0.036,0.8,"Mplus",12393,7119744,500,"Moderate","3",2,TRUE,269.389999999999
"1712","Y=~y3",0.761,0.037,0.8,"Mplus",12393,7119744,500,"Moderate","3",2,TRUE,269.389999999999
"1713","Y~X",0.309,0.052,0.4,"Mplus",12393,7119744,500,"Moderate","3",2,TRUE,269.389999999999
"1714","Y~Z",0.536,0.047,0.5,"Mplus",12393,7119744,500,"Moderate","3",2,TRUE,269.389999999999
"1715","Y~X:Z",0.24,0.06,0.3,"Mplus",12393,7119744,500,"Moderate","3",2,TRUE,269.389999999999
"1716","X~~Z",0.213,0.056,0.2,"Mplus",12393,7119744,500,"Moderate","3",2,TRUE,269.389999999999
"1717","X=~x1",0.600416697011881,0.111785680640495,0.5,"MC-OrdPLSc",12394,446321,500,"Moderate","3",3,TRUE,21.1499999999942
"1718","X=~x2",0.512992874482741,0.103396216143166,0.5,"MC-OrdPLSc",12394,446321,500,"Moderate","3",3,TRUE,21.1499999999942
"1719","X=~x3",0.466823377564231,0.0918938164594985,0.5,"MC-OrdPLSc",12394,446321,500,"Moderate","3",3,TRUE,21.1499999999942
"1720","Z=~z1",0.420120986949075,0.108844312116536,0.5,"MC-OrdPLSc",12394,446321,500,"Moderate","3",3,TRUE,21.1499999999942
"1721","Z=~z2",0.667559205287219,0.139391242575913,0.5,"MC-OrdPLSc",12394,446321,500,"Moderate","3",3,TRUE,21.1499999999942
"1722","Z=~z3",0.569610337619636,0.156931169312202,0.5,"MC-OrdPLSc",12394,446321,500,"Moderate","3",3,TRUE,21.1499999999942
"1723","Y=~y1",0.401839995894043,0.0801869050291324,0.5,"MC-OrdPLSc",12394,446321,500,"Moderate","3",3,TRUE,21.1499999999942
"1724","Y=~y2",0.647366299815074,0.0947127875614339,0.5,"MC-OrdPLSc",12394,446321,500,"Moderate","3",3,TRUE,21.1499999999942
"1725","Y=~y3",0.48210247557106,0.0848681701781715,0.5,"MC-OrdPLSc",12394,446321,500,"Moderate","3",3,TRUE,21.1499999999942
"1726","Y~X",0.49842059553933,0.0958123072304939,0.4,"MC-OrdPLSc",12394,446321,500,"Moderate","3",3,TRUE,21.1499999999942
"1727","Y~Z",0.378662688608834,0.0965568978523265,0.5,"MC-OrdPLSc",12394,446321,500,"Moderate","3",3,TRUE,21.1499999999942
"1728","Y~X:Z",0.28106982555866,0.137574124338179,0.3,"MC-OrdPLSc",12394,446321,500,"Moderate","3",3,TRUE,21.1499999999942
"1729","X~~Z",0.0226476106425279,0.0967798008106014,0.2,"MC-OrdPLSc",12394,446321,500,"Moderate","3",3,TRUE,21.1499999999942
"1730","X=~x1",0.553764183583364,0.105318570271219,0.5,"PLSc",12394,446321,500,"Moderate","3",3,TRUE,5.48999999999069
"1731","X=~x2",0.443164878412746,0.109784509926464,0.5,"PLSc",12394,446321,500,"Moderate","3",3,TRUE,5.48999999999069
"1732","X=~x3",0.42310585136419,0.106990147838561,0.5,"PLSc",12394,446321,500,"Moderate","3",3,TRUE,5.48999999999069
"1733","Z=~z1",0.32750691685395,0.15093873693283,0.5,"PLSc",12394,446321,500,"Moderate","3",3,TRUE,5.48999999999069
"1734","Z=~z2",0.619584005519215,0.125175725300104,0.5,"PLSc",12394,446321,500,"Moderate","3",3,TRUE,5.48999999999069
"1735","Z=~z3",0.53242830902062,0.120315757807075,0.5,"PLSc",12394,446321,500,"Moderate","3",3,TRUE,5.48999999999069
"1736","Y=~y1",0.361596640771494,0.0805570845814882,0.5,"PLSc",12394,446321,500,"Moderate","3",3,TRUE,5.48999999999069
"1737","Y=~y2",0.585673055658309,0.0883492215332359,0.5,"PLSc",12394,446321,500,"Moderate","3",3,TRUE,5.48999999999069
"1738","Y=~y3",0.426377616041388,0.0849180725359999,0.5,"PLSc",12394,446321,500,"Moderate","3",3,TRUE,5.48999999999069
"1739","Y~X",0.491331570673792,0.094899655456316,0.4,"PLSc",12394,446321,500,"Moderate","3",3,TRUE,5.48999999999069
"1740","Y~Z",0.361687377279352,0.116788267447254,0.5,"PLSc",12394,446321,500,"Moderate","3",3,TRUE,5.48999999999069
"1741","Y~X:Z",0.196231402527383,0.142259974693144,0.3,"PLSc",12394,446321,500,"Moderate","3",3,TRUE,5.48999999999069
"1742","X~~Z",0.022741010693796,0.0947184198710697,0.2,"PLSc",12394,446321,500,"Moderate","3",3,TRUE,5.48999999999069
"1743","X=~x1",0.758072036971171,0.0742389863123589,0.5,"PLS",12394,446321,500,"Moderate","3",3,TRUE,2.56999999999243
"1744","X=~x2",0.683515851053631,0.087599106008398,0.5,"PLS",12394,446321,500,"Moderate","3",3,TRUE,2.56999999999243
"1745","X=~x3",0.634766869306091,0.0968572497853904,0.5,"PLS",12394,446321,500,"Moderate","3",3,TRUE,2.56999999999243
"1746","Z=~z1",0.573905274686621,0.12968880643641,0.5,"PLS",12394,446321,500,"Moderate","3",3,TRUE,2.56999999999243
"1747","Z=~z2",0.794283648266882,0.0756487978564908,0.5,"PLS",12394,446321,500,"Moderate","3",3,TRUE,2.56999999999243
"1748","Z=~z3",0.724013002192591,0.0965987094681642,0.5,"PLS",12394,446321,500,"Moderate","3",3,TRUE,2.56999999999243
"1749","Y=~y1",0.574896108389034,0.081170961268474,0.5,"PLS",12394,446321,500,"Moderate","3",3,TRUE,2.56999999999243
"1750","Y=~y2",0.798265429566849,0.0572523189908703,0.5,"PLS",12394,446321,500,"Moderate","3",3,TRUE,2.56999999999243
"1751","Y=~y3",0.662488413845047,0.0767251984611664,0.5,"PLS",12394,446321,500,"Moderate","3",3,TRUE,2.56999999999243
"1752","Y~X",0.23645298671822,0.0374112401428057,0.4,"PLS",12394,446321,500,"Moderate","3",3,TRUE,2.56999999999243
"1753","Y~Z",0.18945099874357,0.0443041715107877,0.5,"PLS",12394,446321,500,"Moderate","3",3,TRUE,2.56999999999243
"1754","Y~X:Z",0.0915486599519597,0.0431846567852449,0.3,"PLS",12394,446321,500,"Moderate","3",3,TRUE,2.56999999999243
"1755","X~~Z",0.0113750392011754,0.0481066254947595,0.2,"PLS",12394,446321,500,"Moderate","3",3,TRUE,2.56999999999243
"1756","X=~x1",0.573,0.077,0.5,"Mplus",12394,446321,500,"Moderate","3",3,TRUE,315.550000000003
"1757","X=~x2",0.508,0.07,0.5,"Mplus",12394,446321,500,"Moderate","3",3,TRUE,315.550000000003
"1758","X=~x3",0.416,0.068,0.5,"Mplus",12394,446321,500,"Moderate","3",3,TRUE,315.550000000003
"1759","Z=~z1",0.501,0.068,0.5,"Mplus",12394,446321,500,"Moderate","3",3,TRUE,315.550000000003
"1760","Z=~z2",0.599,0.075,0.5,"Mplus",12394,446321,500,"Moderate","3",3,TRUE,315.550000000003
"1761","Z=~z3",0.516,0.069,0.5,"Mplus",12394,446321,500,"Moderate","3",3,TRUE,315.550000000003
"1762","Y=~y1",0.391,0.064,0.5,"Mplus",12394,446321,500,"Moderate","3",3,TRUE,315.550000000003
"1763","Y=~y2",0.596,0.074,0.5,"Mplus",12394,446321,500,"Moderate","3",3,TRUE,315.550000000003
"1764","Y=~y3",0.49,0.068,0.5,"Mplus",12394,446321,500,"Moderate","3",3,TRUE,315.550000000003
"1765","Y~X",0.534,0.091,0.4,"Mplus",12394,446321,500,"Moderate","3",3,TRUE,315.550000000003
"1766","Y~Z",0.357,0.092,0.5,"Mplus",12394,446321,500,"Moderate","3",3,TRUE,315.550000000003
"1767","Y~X:Z",0.302,0.12,0.3,"Mplus",12394,446321,500,"Moderate","3",3,TRUE,315.550000000003
"1768","X~~Z",0.033,0.092,0.2,"Mplus",12394,446321,500,"Moderate","3",3,TRUE,315.550000000003
"1769","X=~x1",0.760678222299281,0.0250690632920732,0.8,"MC-OrdPLSc",12395,189118,1000,"Moderate","3",2,TRUE,23.0299999999988
"1770","X=~x2",0.818977344523575,0.0256403581947702,0.8,"MC-OrdPLSc",12395,189118,1000,"Moderate","3",2,TRUE,23.0299999999988
"1771","X=~x3",0.740540100736412,0.0335697877074802,0.8,"MC-OrdPLSc",12395,189118,1000,"Moderate","3",2,TRUE,23.0299999999988
"1772","Z=~z1",0.779740661802319,0.0274672155845086,0.8,"MC-OrdPLSc",12395,189118,1000,"Moderate","3",2,TRUE,23.0299999999988
"1773","Z=~z2",0.768628623308013,0.0264722669226499,0.8,"MC-OrdPLSc",12395,189118,1000,"Moderate","3",2,TRUE,23.0299999999988
"1774","Z=~z3",0.809137140731818,0.0256059040103268,0.8,"MC-OrdPLSc",12395,189118,1000,"Moderate","3",2,TRUE,23.0299999999988
"1775","Y=~y1",0.834847616072018,0.0228493383551747,0.8,"MC-OrdPLSc",12395,189118,1000,"Moderate","3",2,TRUE,23.0299999999988
"1776","Y=~y2",0.806861871364085,0.021928056981481,0.8,"MC-OrdPLSc",12395,189118,1000,"Moderate","3",2,TRUE,23.0299999999988
"1777","Y=~y3",0.799339010118604,0.0237848090628156,0.8,"MC-OrdPLSc",12395,189118,1000,"Moderate","3",2,TRUE,23.0299999999988
"1778","Y~X",0.419495878622787,0.034683677415735,0.4,"MC-OrdPLSc",12395,189118,1000,"Moderate","3",2,TRUE,23.0299999999988
"1779","Y~Z",0.501851537474584,0.0320106582433891,0.5,"MC-OrdPLSc",12395,189118,1000,"Moderate","3",2,TRUE,23.0299999999988
"1780","Y~X:Z",0.296019005484652,0.0499382874838007,0.3,"MC-OrdPLSc",12395,189118,1000,"Moderate","3",2,TRUE,23.0299999999988
"1781","X~~Z",0.215167779679147,0.0392662084018902,0.2,"MC-OrdPLSc",12395,189118,1000,"Moderate","3",2,TRUE,23.0299999999988
"1782","X=~x1",0.666719713044322,0.0433228102188336,0.8,"PLSc",12395,189118,1000,"Moderate","3",2,TRUE,6.56999999999243
"1783","X=~x2",0.786457880427655,0.0385137742977984,0.8,"PLSc",12395,189118,1000,"Moderate","3",2,TRUE,6.56999999999243
"1784","X=~x3",0.652989349561372,0.0418746716616939,0.8,"PLSc",12395,189118,1000,"Moderate","3",2,TRUE,6.56999999999243
"1785","Z=~z1",0.722245397541525,0.0359091497095669,0.8,"PLSc",12395,189118,1000,"Moderate","3",2,TRUE,6.56999999999243
"1786","Z=~z2",0.657825676777861,0.0363013766142885,0.8,"PLSc",12395,189118,1000,"Moderate","3",2,TRUE,6.56999999999243
"1787","Z=~z3",0.762790507701767,0.034053783362222,0.8,"PLSc",12395,189118,1000,"Moderate","3",2,TRUE,6.56999999999243
"1788","Y=~y1",0.768705270625643,0.0275170396017736,0.8,"PLSc",12395,189118,1000,"Moderate","3",2,TRUE,6.56999999999243
"1789","Y=~y2",0.726663618227117,0.0275649894910074,0.8,"PLSc",12395,189118,1000,"Moderate","3",2,TRUE,6.56999999999243
"1790","Y=~y3",0.714454730471031,0.0281613544277582,0.8,"PLSc",12395,189118,1000,"Moderate","3",2,TRUE,6.56999999999243
"1791","Y~X",0.4143088845017,0.0348955771015689,0.4,"PLSc",12395,189118,1000,"Moderate","3",2,TRUE,6.56999999999243
"1792","Y~Z",0.49227453894719,0.0324450563650185,0.5,"PLSc",12395,189118,1000,"Moderate","3",2,TRUE,6.56999999999243
"1793","Y~X:Z",0.251727958586173,0.0480151437852768,0.3,"PLSc",12395,189118,1000,"Moderate","3",2,TRUE,6.56999999999243
"1794","X~~Z",0.211163222592823,0.0410435043417413,0.2,"PLSc",12395,189118,1000,"Moderate","3",2,TRUE,6.56999999999243
"1795","X=~x1",0.807814513810968,0.0160804396691382,0.8,"PLS",12395,189118,1000,"Moderate","3",2,TRUE,1.88999999999942
"1796","X=~x2",0.837651431595948,0.0138063084261226,0.8,"PLS",12395,189118,1000,"Moderate","3",2,TRUE,1.88999999999942
"1797","X=~x3",0.794781635320645,0.0186405524474651,0.8,"PLS",12395,189118,1000,"Moderate","3",2,TRUE,1.88999999999942
"1798","Z=~z1",0.818055880828124,0.0148318756541713,0.8,"PLS",12395,189118,1000,"Moderate","3",2,TRUE,1.88999999999942
"1799","Z=~z2",0.811399739263078,0.0149332323259178,0.8,"PLS",12395,189118,1000,"Moderate","3",2,TRUE,1.88999999999942
"1800","Z=~z3",0.833254342763883,0.0129656834369643,0.8,"PLS",12395,189118,1000,"Moderate","3",2,TRUE,1.88999999999942
"1801","Y=~y1",0.845019593060499,0.0111445536673316,0.8,"PLS",12395,189118,1000,"Moderate","3",2,TRUE,1.88999999999942
"1802","Y=~y2",0.829925970961749,0.0119738555253595,0.8,"PLS",12395,189118,1000,"Moderate","3",2,TRUE,1.88999999999942
"1803","Y=~y3",0.82596085236717,0.0127460724107675,0.8,"PLS",12395,189118,1000,"Moderate","3",2,TRUE,1.88999999999942
"1804","Y~X",0.334840826974719,0.0240059218187128,0.4,"PLS",12395,189118,1000,"Moderate","3",2,TRUE,1.88999999999942
"1805","Y~Z",0.397264222952331,0.0233193410291656,0.5,"PLS",12395,189118,1000,"Moderate","3",2,TRUE,1.88999999999942
"1806","Y~X:Z",0.161132976570034,0.0260162048306885,0.3,"PLS",12395,189118,1000,"Moderate","3",2,TRUE,1.88999999999942
"1807","X~~Z",0.159928315662089,0.031371753834622,0.2,"PLS",12395,189118,1000,"Moderate","3",2,TRUE,1.88999999999942
"1808","X=~x1",0.757,0.027,0.8,"Mplus",12395,189118,1000,"Moderate","3",2,TRUE,338.779999999999
"1809","X=~x2",0.784,0.027,0.8,"Mplus",12395,189118,1000,"Moderate","3",2,TRUE,338.779999999999
"1810","X=~x3",0.74,0.028,0.8,"Mplus",12395,189118,1000,"Moderate","3",2,TRUE,338.779999999999
"1811","Z=~z1",0.76,0.026,0.8,"Mplus",12395,189118,1000,"Moderate","3",2,TRUE,338.779999999999
"1812","Z=~z2",0.778,0.025,0.8,"Mplus",12395,189118,1000,"Moderate","3",2,TRUE,338.779999999999
"1813","Z=~z3",0.779,0.026,0.8,"Mplus",12395,189118,1000,"Moderate","3",2,TRUE,338.779999999999
"1814","Y=~y1",0.82,0.022,0.8,"Mplus",12395,189118,1000,"Moderate","3",2,TRUE,338.779999999999
"1815","Y=~y2",0.796,0.023,0.8,"Mplus",12395,189118,1000,"Moderate","3",2,TRUE,338.779999999999
"1816","Y=~y3",0.794,0.023,0.8,"Mplus",12395,189118,1000,"Moderate","3",2,TRUE,338.779999999999
"1817","Y~X",0.407,0.034,0.4,"Mplus",12395,189118,1000,"Moderate","3",2,TRUE,338.779999999999
"1818","Y~Z",0.506,0.033,0.5,"Mplus",12395,189118,1000,"Moderate","3",2,TRUE,338.779999999999
"1819","Y~X:Z",0.317,0.042,0.3,"Mplus",12395,189118,1000,"Moderate","3",2,TRUE,338.779999999999
"1820","X~~Z",0.221,0.041,0.2,"Mplus",12395,189118,1000,"Moderate","3",2,TRUE,338.779999999999
"1821","X=~x1",0.584316429227568,0.0718863435283829,0.5,"MC-OrdPLSc",12396,6651260,1000,"Moderate","3",3,TRUE,26.75
"1822","X=~x2",0.510904972995382,0.0736683606950137,0.5,"MC-OrdPLSc",12396,6651260,1000,"Moderate","3",3,TRUE,26.75
"1823","X=~x3",0.526982913879633,0.079164069392654,0.5,"MC-OrdPLSc",12396,6651260,1000,"Moderate","3",3,TRUE,26.75
"1824","Z=~z1",0.66589563881712,0.061378003287126,0.5,"MC-OrdPLSc",12396,6651260,1000,"Moderate","3",3,TRUE,26.75
"1825","Z=~z2",0.44198116785352,0.0600403773345171,0.5,"MC-OrdPLSc",12396,6651260,1000,"Moderate","3",3,TRUE,26.75
"1826","Z=~z3",0.413125136160267,0.0609841696560754,0.5,"MC-OrdPLSc",12396,6651260,1000,"Moderate","3",3,TRUE,26.75
"1827","Y=~y1",0.513910628672813,0.0561713720441936,0.5,"MC-OrdPLSc",12396,6651260,1000,"Moderate","3",3,TRUE,26.75
"1828","Y=~y2",0.500096013403078,0.0612009415453539,0.5,"MC-OrdPLSc",12396,6651260,1000,"Moderate","3",3,TRUE,26.75
"1829","Y=~y3",0.540566312736142,0.0594615825034164,0.5,"MC-OrdPLSc",12396,6651260,1000,"Moderate","3",3,TRUE,26.75
"1830","Y~X",0.311528063489289,0.0650939860638571,0.4,"MC-OrdPLSc",12396,6651260,1000,"Moderate","3",3,TRUE,26.75
"1831","Y~Z",0.514869357393886,0.058563628700898,0.5,"MC-OrdPLSc",12396,6651260,1000,"Moderate","3",3,TRUE,26.75
"1832","Y~X:Z",0.352716821615665,0.101323872108272,0.3,"MC-OrdPLSc",12396,6651260,1000,"Moderate","3",3,TRUE,26.75
"1833","X~~Z",0.165742355597259,0.0605949604443659,0.2,"MC-OrdPLSc",12396,6651260,1000,"Moderate","3",3,TRUE,26.75
"1834","X=~x1",0.528129604200382,0.0851662543306204,0.5,"PLSc",12396,6651260,1000,"Moderate","3",3,TRUE,7.36999999999534
"1835","X=~x2",0.461595546891618,0.0868355281487091,0.5,"PLSc",12396,6651260,1000,"Moderate","3",3,TRUE,7.36999999999534
"1836","X=~x3",0.467808864876196,0.0887772368631694,0.5,"PLSc",12396,6651260,1000,"Moderate","3",3,TRUE,7.36999999999534
"1837","Z=~z1",0.618088225816158,0.0678834948279042,0.5,"PLSc",12396,6651260,1000,"Moderate","3",3,TRUE,7.36999999999534
"1838","Z=~z2",0.401473307113289,0.0624050794902611,0.5,"PLSc",12396,6651260,1000,"Moderate","3",3,TRUE,7.36999999999534
"1839","Z=~z3",0.343793687553015,0.071257478736356,0.5,"PLSc",12396,6651260,1000,"Moderate","3",3,TRUE,7.36999999999534
"1840","Y=~y1",0.461519439772195,0.0579208784919911,0.5,"PLSc",12396,6651260,1000,"Moderate","3",3,TRUE,7.36999999999534
"1841","Y=~y2",0.439624442057481,0.0548964336180784,0.5,"PLSc",12396,6651260,1000,"Moderate","3",3,TRUE,7.36999999999534
"1842","Y=~y3",0.486702311149889,0.0544648488790666,0.5,"PLSc",12396,6651260,1000,"Moderate","3",3,TRUE,7.36999999999534
"1843","Y~X",0.312053127951397,0.0883580378459474,0.4,"PLSc",12396,6651260,1000,"Moderate","3",3,TRUE,7.36999999999534
"1844","Y~Z",0.474348293465305,0.0824374161846879,0.5,"PLSc",12396,6651260,1000,"Moderate","3",3,TRUE,7.36999999999534
"1845","Y~X:Z",0.270620668173499,0.145162832972258,0.3,"PLSc",12396,6651260,1000,"Moderate","3",3,TRUE,7.36999999999534
"1846","X~~Z",0.165565928306131,0.066978360249082,0.2,"PLSc",12396,6651260,1000,"Moderate","3",3,TRUE,7.36999999999534
"1847","X=~x1",0.737028261691839,0.0615213647038241,0.5,"PLS",12396,6651260,1000,"Moderate","3",3,TRUE,2.30999999999767
"1848","X=~x2",0.67242145904273,0.0697363576620934,0.5,"PLS",12396,6651260,1000,"Moderate","3",3,TRUE,2.30999999999767
"1849","X=~x3",0.689676466686293,0.0686940120601886,0.5,"PLS",12396,6651260,1000,"Moderate","3",3,TRUE,2.30999999999767
"1850","Z=~z1",0.814113810719852,0.042297553428094,0.5,"PLS",12396,6651260,1000,"Moderate","3",3,TRUE,2.30999999999767
"1851","Z=~z2",0.621250440612942,0.0613737101363985,0.5,"PLS",12396,6651260,1000,"Moderate","3",3,TRUE,2.30999999999767
"1852","Z=~z3",0.590136107951744,0.0663718002428362,0.5,"PLS",12396,6651260,1000,"Moderate","3",3,TRUE,2.30999999999767
"1853","Y=~y1",0.685618656400715,0.0486328712490278,0.5,"PLS",12396,6651260,1000,"Moderate","3",3,TRUE,2.30999999999767
"1854","Y=~y2",0.673278321428122,0.0455458751540642,0.5,"PLS",12396,6651260,1000,"Moderate","3",3,TRUE,2.30999999999767
"1855","Y=~y3",0.710257704188179,0.0441483193734997,0.5,"PLS",12396,6651260,1000,"Moderate","3",3,TRUE,2.30999999999767
"1856","Y~X",0.167453186845228,0.0321608589435811,0.4,"PLS",12396,6651260,1000,"Moderate","3",3,TRUE,2.30999999999767
"1857","Y~Z",0.24873842063001,0.0295212664070942,0.5,"PLS",12396,6651260,1000,"Moderate","3",3,TRUE,2.30999999999767
"1858","Y~X:Z",0.108819213043399,0.0315750017513936,0.3,"PLS",12396,6651260,1000,"Moderate","3",3,TRUE,2.30999999999767
"1859","X~~Z",0.0796922719928489,0.0328058391890565,0.2,"PLS",12396,6651260,1000,"Moderate","3",3,TRUE,2.30999999999767
"1860","X=~x1",0.546,0.053,0.5,"Mplus",12396,6651260,1000,"Moderate","3",3,TRUE,557.119999999995
"1861","X=~x2",0.51,0.053,0.5,"Mplus",12396,6651260,1000,"Moderate","3",3,TRUE,557.119999999995
"1862","X=~x3",0.488,0.049,0.5,"Mplus",12396,6651260,1000,"Moderate","3",3,TRUE,557.119999999995
"1863","Z=~z1",0.597,0.054,0.5,"Mplus",12396,6651260,1000,"Moderate","3",3,TRUE,557.119999999995
"1864","Z=~z2",0.412,0.049,0.5,"Mplus",12396,6651260,1000,"Moderate","3",3,TRUE,557.119999999995
"1865","Z=~z3",0.439,0.049,0.5,"Mplus",12396,6651260,1000,"Moderate","3",3,TRUE,557.119999999995
"1866","Y=~y1",0.48,0.047,0.5,"Mplus",12396,6651260,1000,"Moderate","3",3,TRUE,557.119999999995
"1867","Y=~y2",0.478,0.047,0.5,"Mplus",12396,6651260,1000,"Moderate","3",3,TRUE,557.119999999995
"1868","Y=~y3",0.529,0.048,0.5,"Mplus",12396,6651260,1000,"Moderate","3",3,TRUE,557.119999999995
"1869","Y~X",0.308,0.069,0.4,"Mplus",12396,6651260,1000,"Moderate","3",3,TRUE,557.119999999995
"1870","Y~Z",0.523,0.066,0.5,"Mplus",12396,6651260,1000,"Moderate","3",3,TRUE,557.119999999995
"1871","Y~X:Z",0.356,0.087,0.3,"Mplus",12396,6651260,1000,"Moderate","3",3,TRUE,557.119999999995
"1872","X~~Z",0.181,0.066,0.2,"Mplus",12396,6651260,1000,"Moderate","3",3,TRUE,557.119999999995
"1873","X=~x1",0.78057691401701,0.0520987621878578,0.8,"MC-OrdPLSc",12397,1458820,200,"Moderate","5",2,TRUE,20.5800000000017
"1874","X=~x2",0.783741852798243,0.050575729178538,0.8,"MC-OrdPLSc",12397,1458820,200,"Moderate","5",2,TRUE,20.5800000000017
"1875","X=~x3",0.847515676930024,0.0620485041604376,0.8,"MC-OrdPLSc",12397,1458820,200,"Moderate","5",2,TRUE,20.5800000000017
"1876","Z=~z1",0.806668458083547,0.0510163803033656,0.8,"MC-OrdPLSc",12397,1458820,200,"Moderate","5",2,TRUE,20.5800000000017
"1877","Z=~z2",0.818894670860504,0.042618290421713,0.8,"MC-OrdPLSc",12397,1458820,200,"Moderate","5",2,TRUE,20.5800000000017
"1878","Z=~z3",0.862150924888394,0.0401436743791062,0.8,"MC-OrdPLSc",12397,1458820,200,"Moderate","5",2,TRUE,20.5800000000017
"1879","Y=~y1",0.769129738527598,0.052130703632251,0.8,"MC-OrdPLSc",12397,1458820,200,"Moderate","5",2,TRUE,20.5800000000017
"1880","Y=~y2",0.851271444276696,0.0386180300879012,0.8,"MC-OrdPLSc",12397,1458820,200,"Moderate","5",2,TRUE,20.5800000000017
"1881","Y=~y3",0.793284677930287,0.0502278926692317,0.8,"MC-OrdPLSc",12397,1458820,200,"Moderate","5",2,TRUE,20.5800000000017
"1882","Y~X",0.405214931931455,0.0792257717009147,0.4,"MC-OrdPLSc",12397,1458820,200,"Moderate","5",2,TRUE,20.5800000000017
"1883","Y~Z",0.414361438175237,0.0699211296543984,0.5,"MC-OrdPLSc",12397,1458820,200,"Moderate","5",2,TRUE,20.5800000000017
"1884","Y~X:Z",0.182937031737488,0.0885303655650648,0.3,"MC-OrdPLSc",12397,1458820,200,"Moderate","5",2,TRUE,20.5800000000017
"1885","X~~Z",0.293650781225909,0.0990924986681108,0.2,"MC-OrdPLSc",12397,1458820,200,"Moderate","5",2,TRUE,20.5800000000017
"1886","X=~x1",0.733582394984595,0.082098449149098,0.8,"PLSc",12397,1458820,200,"Moderate","5",2,TRUE,3.09999999999127
"1887","X=~x2",0.784048742103479,0.0752752127633217,0.8,"PLSc",12397,1458820,200,"Moderate","5",2,TRUE,3.09999999999127
"1888","X=~x3",0.765888388359753,0.0923772896079273,0.8,"PLSc",12397,1458820,200,"Moderate","5",2,TRUE,3.09999999999127
"1889","Z=~z1",0.792461847900554,0.0764344575130877,0.8,"PLSc",12397,1458820,200,"Moderate","5",2,TRUE,3.09999999999127
"1890","Z=~z2",0.736857835217172,0.0682891579182057,0.8,"PLSc",12397,1458820,200,"Moderate","5",2,TRUE,3.09999999999127
"1891","Z=~z3",0.826238074441258,0.0669529575635415,0.8,"PLSc",12397,1458820,200,"Moderate","5",2,TRUE,3.09999999999127
"1892","Y=~y1",0.67172077010793,0.0633923654147165,0.8,"PLSc",12397,1458820,200,"Moderate","5",2,TRUE,3.09999999999127
"1893","Y=~y2",0.878790573789514,0.0502284414365753,0.8,"PLSc",12397,1458820,200,"Moderate","5",2,TRUE,3.09999999999127
"1894","Y=~y3",0.752058222294569,0.064808167770414,0.8,"PLSc",12397,1458820,200,"Moderate","5",2,TRUE,3.09999999999127
"1895","Y~X",0.39927257544181,0.0811883914701418,0.4,"PLSc",12397,1458820,200,"Moderate","5",2,TRUE,3.09999999999127
"1896","Y~Z",0.40393076652619,0.0817504110917094,0.5,"PLSc",12397,1458820,200,"Moderate","5",2,TRUE,3.09999999999127
"1897","Y~X:Z",0.136716184534843,0.090118700852349,0.3,"PLSc",12397,1458820,200,"Moderate","5",2,TRUE,3.09999999999127
"1898","X~~Z",0.28577847629602,0.0946106053857551,0.2,"PLSc",12397,1458820,200,"Moderate","5",2,TRUE,3.09999999999127
"1899","X=~x1",0.836875336443177,0.031356891221846,0.8,"PLS",12397,1458820,200,"Moderate","5",2,TRUE,1.73999999999069
"1900","X=~x2",0.838669896411912,0.0271162195699879,0.8,"PLS",12397,1458820,200,"Moderate","5",2,TRUE,1.73999999999069
"1901","X=~x3",0.869510335239983,0.0271883484755558,0.8,"PLS",12397,1458820,200,"Moderate","5",2,TRUE,1.73999999999069
"1902","Z=~z1",0.850990658440092,0.0264747013807002,0.8,"PLS",12397,1458820,200,"Moderate","5",2,TRUE,1.73999999999069
"1903","Z=~z2",0.859707569421852,0.021321728564795,0.8,"PLS",12397,1458820,200,"Moderate","5",2,TRUE,1.73999999999069
"1904","Z=~z3",0.878009313473173,0.0197944293469801,0.8,"PLS",12397,1458820,200,"Moderate","5",2,TRUE,1.73999999999069
"1905","Y=~y1",0.834954885450725,0.0285266933144026,0.8,"PLS",12397,1458820,200,"Moderate","5",2,TRUE,1.73999999999069
"1906","Y=~y2",0.87362826551499,0.0192138792428246,0.8,"PLS",12397,1458820,200,"Moderate","5",2,TRUE,1.73999999999069
"1907","Y=~y3",0.849176968548174,0.0261697540966648,0.8,"PLS",12397,1458820,200,"Moderate","5",2,TRUE,1.73999999999069
"1908","Y~X",0.340841138162176,0.0596772557890117,0.4,"PLS",12397,1458820,200,"Moderate","5",2,TRUE,1.73999999999069
"1909","Y~Z",0.353388147930505,0.0640071185137653,0.5,"PLS",12397,1458820,200,"Moderate","5",2,TRUE,1.73999999999069
"1910","Y~X:Z",0.127792665334352,0.0520409664274604,0.3,"PLS",12397,1458820,200,"Moderate","5",2,TRUE,1.73999999999069
"1911","X~~Z",0.233904730986252,0.0798118277514527,0.2,"PLS",12397,1458820,200,"Moderate","5",2,TRUE,1.73999999999069
"1912","X=~x1",0.794,0.045,0.8,"Mplus",12397,1458820,200,"Moderate","5",2,TRUE,135.110000000001
"1913","X=~x2",0.744,0.05,0.8,"Mplus",12397,1458820,200,"Moderate","5",2,TRUE,135.110000000001
"1914","X=~x3",0.868,0.04,0.8,"Mplus",12397,1458820,200,"Moderate","5",2,TRUE,135.110000000001
"1915","Z=~z1",0.778,0.047,0.8,"Mplus",12397,1458820,200,"Moderate","5",2,TRUE,135.110000000001
"1916","Z=~z2",0.805,0.044,0.8,"Mplus",12397,1458820,200,"Moderate","5",2,TRUE,135.110000000001
"1917","Z=~z3",0.859,0.04,0.8,"Mplus",12397,1458820,200,"Moderate","5",2,TRUE,135.110000000001
"1918","Y=~y1",0.75,0.05,0.8,"Mplus",12397,1458820,200,"Moderate","5",2,TRUE,135.110000000001
"1919","Y=~y2",0.859,0.041,0.8,"Mplus",12397,1458820,200,"Moderate","5",2,TRUE,135.110000000001
"1920","Y=~y3",0.787,0.047,0.8,"Mplus",12397,1458820,200,"Moderate","5",2,TRUE,135.110000000001
"1921","Y~X",0.389,0.074,0.4,"Mplus",12397,1458820,200,"Moderate","5",2,TRUE,135.110000000001
"1922","Y~Z",0.46,0.072,0.5,"Mplus",12397,1458820,200,"Moderate","5",2,TRUE,135.110000000001
"1923","Y~X:Z",0.234,0.073,0.3,"Mplus",12397,1458820,200,"Moderate","5",2,TRUE,135.110000000001
"1924","X~~Z",0.311,0.081,0.2,"Mplus",12397,1458820,200,"Moderate","5",2,TRUE,135.110000000001
"1925","X=~x1",0.521630669710388,0.371469015831651,0.5,"MC-OrdPLSc",12398,3297004,200,"Moderate","5",3,TRUE,25.5899999999965
"1926","X=~x2",0.222998177456921,0.21235101608343,0.5,"MC-OrdPLSc",12398,3297004,200,"Moderate","5",3,TRUE,25.5899999999965
"1927","X=~x3",0.561139567873661,0.411590867282051,0.5,"MC-OrdPLSc",12398,3297004,200,"Moderate","5",3,TRUE,25.5899999999965
"1928","Z=~z1",0.45506353662268,0.346374784962498,0.5,"MC-OrdPLSc",12398,3297004,200,"Moderate","5",3,TRUE,25.5899999999965
"1929","Z=~z2",0.690530812106589,0.586490245212846,0.5,"MC-OrdPLSc",12398,3297004,200,"Moderate","5",3,TRUE,25.5899999999965
"1930","Z=~z3",0.47898092440595,0.385999689837573,0.5,"MC-OrdPLSc",12398,3297004,200,"Moderate","5",3,TRUE,25.5899999999965
"1931","Y=~y1",0.520049444516232,0.241600352807884,0.5,"MC-OrdPLSc",12398,3297004,200,"Moderate","5",3,TRUE,25.5899999999965
"1932","Y=~y2",0.294072617295172,0.192059224659833,0.5,"MC-OrdPLSc",12398,3297004,200,"Moderate","5",3,TRUE,25.5899999999965
"1933","Y=~y3",0.671597547581463,0.293409918164244,0.5,"MC-OrdPLSc",12398,3297004,200,"Moderate","5",3,TRUE,25.5899999999965
"1934","Y~X",0.442551856119628,0.299815510905952,0.4,"MC-OrdPLSc",12398,3297004,200,"Moderate","5",3,TRUE,25.5899999999965
"1935","Y~Z",0.294344752739852,0.231613301255588,0.5,"MC-OrdPLSc",12398,3297004,200,"Moderate","5",3,TRUE,25.5899999999965
"1936","Y~X:Z",0.087580273686826,0.246621206831392,0.3,"MC-OrdPLSc",12398,3297004,200,"Moderate","5",3,TRUE,25.5899999999965
"1937","X~~Z",0.110736968319804,0.219017447135893,0.2,"MC-OrdPLSc",12398,3297004,200,"Moderate","5",3,TRUE,25.5899999999965
"1938","X=~x1",0.478591887798119,0.210365036274783,0.5,"PLSc",12398,3297004,200,"Moderate","5",3,TRUE,5.24000000000524
"1939","X=~x2",0.150083407742498,0.24140362590351,0.5,"PLSc",12398,3297004,200,"Moderate","5",3,TRUE,5.24000000000524
"1940","X=~x3",0.551761789114357,0.201303728032388,0.5,"PLSc",12398,3297004,200,"Moderate","5",3,TRUE,5.24000000000524
"1941","Z=~z1",0.421391274487162,0.284447031224351,0.5,"PLSc",12398,3297004,200,"Moderate","5",3,TRUE,5.24000000000524
"1942","Z=~z2",0.685099186626668,0.265392783917751,0.5,"PLSc",12398,3297004,200,"Moderate","5",3,TRUE,5.24000000000524
"1943","Z=~z3",0.418042595038641,0.229199254336511,0.5,"PLSc",12398,3297004,200,"Moderate","5",3,TRUE,5.24000000000524
"1944","Y=~y1",0.496112353498356,0.18612740003159,0.5,"PLSc",12398,3297004,200,"Moderate","5",3,TRUE,5.24000000000524
"1945","Y=~y2",0.277423672371339,0.20461567245561,0.5,"PLSc",12398,3297004,200,"Moderate","5",3,TRUE,5.24000000000524
"1946","Y=~y3",0.623021323578067,0.170855440778286,0.5,"PLSc",12398,3297004,200,"Moderate","5",3,TRUE,5.24000000000524
"1947","Y~X",0.447629901637047,9.14119749467729,0.4,"PLSc",12398,3297004,200,"Moderate","5",3,TRUE,5.24000000000524
"1948","Y~Z",0.281042997408248,8.97623660709597,0.5,"PLSc",12398,3297004,200,"Moderate","5",3,TRUE,5.24000000000524
"1949","Y~X:Z",0.0589459839657527,24.0450846782755,0.3,"PLSc",12398,3297004,200,"Moderate","5",3,TRUE,5.24000000000524
"1950","X~~Z",0.107533800165991,0.230673216866429,0.2,"PLSc",12398,3297004,200,"Moderate","5",3,TRUE,5.24000000000524
"1951","X=~x1",0.74950482461248,0.21862273119643,0.5,"PLS",12398,3297004,200,"Moderate","5",3,TRUE,3.92000000001281
"1952","X=~x2",0.366266084679216,0.315335638787977,0.5,"PLS",12398,3297004,200,"Moderate","5",3,TRUE,3.92000000001281
"1953","X=~x3",0.787594811566002,0.187814892196207,0.5,"PLS",12398,3297004,200,"Moderate","5",3,TRUE,3.92000000001281
"1954","Z=~z1",0.632344830519737,0.270729639877479,0.5,"PLS",12398,3297004,200,"Moderate","5",3,TRUE,3.92000000001281
"1955","Z=~z2",0.820989778836979,0.201947479648765,0.5,"PLS",12398,3297004,200,"Moderate","5",3,TRUE,3.92000000001281
"1956","Z=~z3",0.653324557967143,0.214460507955608,0.5,"PLS",12398,3297004,200,"Moderate","5",3,TRUE,3.92000000001281
"1957","Y=~y1",0.720891406365731,0.171627876413531,0.5,"PLS",12398,3297004,200,"Moderate","5",3,TRUE,3.92000000001281
"1958","Y=~y2",0.447678858249143,0.241062887377556,0.5,"PLS",12398,3297004,200,"Moderate","5",3,TRUE,3.92000000001281
"1959","Y=~y3",0.831650924490747,0.124236430668379,0.5,"PLS",12398,3297004,200,"Moderate","5",3,TRUE,3.92000000001281
"1960","Y~X",0.213314829631866,0.0687798301947176,0.4,"PLS",12398,3297004,200,"Moderate","5",3,TRUE,3.92000000001281
"1961","Y~Z",0.170459799176416,0.0789738146019487,0.5,"PLS",12398,3297004,200,"Moderate","5",3,TRUE,3.92000000001281
"1962","Y~X:Z",0.0352746563695761,0.0860213564672551,0.3,"PLS",12398,3297004,200,"Moderate","5",3,TRUE,3.92000000001281
"1963","X~~Z",0.0525561226657795,0.0812799935475072,0.2,"PLS",12398,3297004,200,"Moderate","5",3,TRUE,3.92000000001281
"1964","X=~x1",0.756,0.186,0.5,"Mplus",12398,3297004,200,"Moderate","5",3,TRUE,149.649999999994
"1965","X=~x2",0.341,0.101,0.5,"Mplus",12398,3297004,200,"Moderate","5",3,TRUE,149.649999999994
"1966","X=~x3",0.33,0.118,0.5,"Mplus",12398,3297004,200,"Moderate","5",3,TRUE,149.649999999994
"1967","Z=~z1",0.47,0.116,0.5,"Mplus",12398,3297004,200,"Moderate","5",3,TRUE,149.649999999994
"1968","Z=~z2",0.547,0.117,0.5,"Mplus",12398,3297004,200,"Moderate","5",3,TRUE,149.649999999994
"1969","Z=~z3",0.514,0.112,0.5,"Mplus",12398,3297004,200,"Moderate","5",3,TRUE,149.649999999994
"1970","Y=~y1",0.43,0.105,0.5,"Mplus",12398,3297004,200,"Moderate","5",3,TRUE,149.649999999994
"1971","Y=~y2",0.24,0.092,0.5,"Mplus",12398,3297004,200,"Moderate","5",3,TRUE,149.649999999994
"1972","Y=~y3",0.817,0.167,0.5,"Mplus",12398,3297004,200,"Moderate","5",3,TRUE,149.649999999994
"1973","Y~X",0.253,0.126,0.4,"Mplus",12398,3297004,200,"Moderate","5",3,TRUE,149.649999999994
"1974","Y~Z",0.301,0.132,0.5,"Mplus",12398,3297004,200,"Moderate","5",3,TRUE,149.649999999994
"1975","Y~X:Z",0.212,0.157,0.3,"Mplus",12398,3297004,200,"Moderate","5",3,TRUE,149.649999999994
"1976","X~~Z",0.113,0.143,0.2,"Mplus",12398,3297004,200,"Moderate","5",3,TRUE,149.649999999994
"1977","X=~x1",0.848870981527761,0.0238184507685002,0.8,"MC-OrdPLSc",12399,7508210,500,"Moderate","5",2,TRUE,22.929999999993
"1978","X=~x2",0.822260952104366,0.0260989344444932,0.8,"MC-OrdPLSc",12399,7508210,500,"Moderate","5",2,TRUE,22.929999999993
"1979","X=~x3",0.817796773403817,0.0300184913034664,0.8,"MC-OrdPLSc",12399,7508210,500,"Moderate","5",2,TRUE,22.929999999993
"1980","Z=~z1",0.755471859450657,0.033482876084734,0.8,"MC-OrdPLSc",12399,7508210,500,"Moderate","5",2,TRUE,22.929999999993
"1981","Z=~z2",0.817310598220745,0.028628836662284,0.8,"MC-OrdPLSc",12399,7508210,500,"Moderate","5",2,TRUE,22.929999999993
"1982","Z=~z3",0.815083576523158,0.0352783626393312,0.8,"MC-OrdPLSc",12399,7508210,500,"Moderate","5",2,TRUE,22.929999999993
"1983","Y=~y1",0.802268399149675,0.026009282179868,0.8,"MC-OrdPLSc",12399,7508210,500,"Moderate","5",2,TRUE,22.929999999993
"1984","Y=~y2",0.762667471035599,0.0298327988914944,0.8,"MC-OrdPLSc",12399,7508210,500,"Moderate","5",2,TRUE,22.929999999993
"1985","Y=~y3",0.803194150284806,0.0250691902640104,0.8,"MC-OrdPLSc",12399,7508210,500,"Moderate","5",2,TRUE,22.929999999993
"1986","Y~X",0.4279147514606,0.0517020432122775,0.4,"MC-OrdPLSc",12399,7508210,500,"Moderate","5",2,TRUE,22.929999999993
"1987","Y~Z",0.433478243475489,0.0454314680541222,0.5,"MC-OrdPLSc",12399,7508210,500,"Moderate","5",2,TRUE,22.929999999993
"1988","Y~X:Z",0.258326105497294,0.0640410674237365,0.3,"MC-OrdPLSc",12399,7508210,500,"Moderate","5",2,TRUE,22.929999999993
"1989","X~~Z",0.214412528467885,0.0485139784696892,0.2,"MC-OrdPLSc",12399,7508210,500,"Moderate","5",2,TRUE,22.929999999993
"1990","X=~x1",0.785635448759849,0.0473648882087293,0.8,"PLSc",12399,7508210,500,"Moderate","5",2,TRUE,4.49000000000524
"1991","X=~x2",0.776922087405241,0.0485879207852336,0.8,"PLSc",12399,7508210,500,"Moderate","5",2,TRUE,4.49000000000524
"1992","X=~x3",0.802807113101111,0.0481641312723024,0.8,"PLSc",12399,7508210,500,"Moderate","5",2,TRUE,4.49000000000524
"1993","Z=~z1",0.723096400434214,0.0547923546893773,0.8,"PLSc",12399,7508210,500,"Moderate","5",2,TRUE,4.49000000000524
"1994","Z=~z2",0.739641323499706,0.0478332232041356,0.8,"PLSc",12399,7508210,500,"Moderate","5",2,TRUE,4.49000000000524
"1995","Z=~z3",0.797490096662581,0.0540519509196753,0.8,"PLSc",12399,7508210,500,"Moderate","5",2,TRUE,4.49000000000524
"1996","Y=~y1",0.803742433372011,0.0357002281284933,0.8,"PLSc",12399,7508210,500,"Moderate","5",2,TRUE,4.49000000000524
"1997","Y=~y2",0.722358794642394,0.0383295145733474,0.8,"PLSc",12399,7508210,500,"Moderate","5",2,TRUE,4.49000000000524
"1998","Y=~y3",0.742042283812775,0.0336860183555234,0.8,"PLSc",12399,7508210,500,"Moderate","5",2,TRUE,4.49000000000524
"1999","Y~X",0.411788622237001,0.0541870369314926,0.4,"PLSc",12399,7508210,500,"Moderate","5",2,TRUE,4.49000000000524
"2000","Y~Z",0.441660694851498,0.0468755872535469,0.5,"PLSc",12399,7508210,500,"Moderate","5",2,TRUE,4.49000000000524
"2001","Y~X:Z",0.281645596619385,0.0827488351206898,0.3,"PLSc",12399,7508210,500,"Moderate","5",2,TRUE,4.49000000000524
"2002","X~~Z",0.209460016805737,0.047576167391404,0.2,"PLSc",12399,7508210,500,"Moderate","5",2,TRUE,4.49000000000524
"2003","X=~x1",0.872750805284198,0.012752292731142,0.8,"PLS",12399,7508210,500,"Moderate","5",2,TRUE,1.75
"2004","X=~x2",0.862005463973193,0.0154364393812427,0.8,"PLS",12399,7508210,500,"Moderate","5",2,TRUE,1.75
"2005","X=~x3",0.85964917755351,0.0158868759387871,0.8,"PLS",12399,7508210,500,"Moderate","5",2,TRUE,1.75
"2006","Z=~z1",0.821976956984739,0.020647608220703,0.8,"PLS",12399,7508210,500,"Moderate","5",2,TRUE,1.75
"2007","Z=~z2",0.854963997896544,0.0147552177502071,0.8,"PLS",12399,7508210,500,"Moderate","5",2,TRUE,1.75
"2008","Z=~z3",0.853766430714326,0.0179556705734451,0.8,"PLS",12399,7508210,500,"Moderate","5",2,TRUE,1.75
"2009","Y=~y1",0.852468463727207,0.0133429865355006,0.8,"PLS",12399,7508210,500,"Moderate","5",2,TRUE,1.75
"2010","Y=~y2",0.832118266060211,0.0167591706493951,0.8,"PLS",12399,7508210,500,"Moderate","5",2,TRUE,1.75
"2011","Y=~y3",0.851336407299952,0.0135629740384676,0.8,"PLS",12399,7508210,500,"Moderate","5",2,TRUE,1.75
"2012","Y~X",0.362025227138047,0.0415562015835349,0.4,"PLS",12399,7508210,500,"Moderate","5",2,TRUE,1.75
"2013","Y~Z",0.357157131100177,0.03360009094811,0.5,"PLS",12399,7508210,500,"Moderate","5",2,TRUE,1.75
"2014","Y~X:Z",0.184426928438504,0.0423178722642161,0.3,"PLS",12399,7508210,500,"Moderate","5",2,TRUE,1.75
"2015","X~~Z",0.170815761256068,0.0391153367100181,0.2,"PLS",12399,7508210,500,"Moderate","5",2,TRUE,1.75
"2016","X=~x1",0.859,0.025,0.8,"Mplus",12399,7508210,500,"Moderate","5",2,TRUE,318.62000000001
"2017","X=~x2",0.815,0.027,0.8,"Mplus",12399,7508210,500,"Moderate","5",2,TRUE,318.62000000001
"2018","X=~x3",0.791,0.028,0.8,"Mplus",12399,7508210,500,"Moderate","5",2,TRUE,318.62000000001
"2019","Z=~z1",0.738,0.033,0.8,"Mplus",12399,7508210,500,"Moderate","5",2,TRUE,318.62000000001
"2020","Z=~z2",0.817,0.029,0.8,"Mplus",12399,7508210,500,"Moderate","5",2,TRUE,318.62000000001
"2021","Z=~z3",0.808,0.03,0.8,"Mplus",12399,7508210,500,"Moderate","5",2,TRUE,318.62000000001
"2022","Y=~y1",0.793,0.03,0.8,"Mplus",12399,7508210,500,"Moderate","5",2,TRUE,318.62000000001
"2023","Y=~y2",0.764,0.031,0.8,"Mplus",12399,7508210,500,"Moderate","5",2,TRUE,318.62000000001
"2024","Y=~y3",0.789,0.03,0.8,"Mplus",12399,7508210,500,"Moderate","5",2,TRUE,318.62000000001
"2025","Y~X",0.419,0.046,0.4,"Mplus",12399,7508210,500,"Moderate","5",2,TRUE,318.62000000001
"2026","Y~Z",0.441,0.045,0.5,"Mplus",12399,7508210,500,"Moderate","5",2,TRUE,318.62000000001
"2027","Y~X:Z",0.253,0.057,0.3,"Mplus",12399,7508210,500,"Moderate","5",2,TRUE,318.62000000001
"2028","X~~Z",0.203,0.053,0.2,"Mplus",12399,7508210,500,"Moderate","5",2,TRUE,318.62000000001
"2029","X=~x1",0.729679938489713,0.235118449920502,0.5,"MC-OrdPLSc",12400,3473478,500,"Moderate","5",3,TRUE,26.7799999999988
"2030","X=~x2",0.330986204017152,0.151558823419874,0.5,"MC-OrdPLSc",12400,3473478,500,"Moderate","5",3,TRUE,26.7799999999988
"2031","X=~x3",0.499778411863872,0.203744025493406,0.5,"MC-OrdPLSc",12400,3473478,500,"Moderate","5",3,TRUE,26.7799999999988
"2032","Z=~z1",0.622925093254226,0.0831697322206797,0.5,"MC-OrdPLSc",12400,3473478,500,"Moderate","5",3,TRUE,26.7799999999988
"2033","Z=~z2",0.422141851089266,0.0733734833558172,0.5,"MC-OrdPLSc",12400,3473478,500,"Moderate","5",3,TRUE,26.7799999999988
"2034","Z=~z3",0.519358911411742,0.0828664112558281,0.5,"MC-OrdPLSc",12400,3473478,500,"Moderate","5",3,TRUE,26.7799999999988
"2035","Y=~y1",0.494008548146139,0.086011813852517,0.5,"MC-OrdPLSc",12400,3473478,500,"Moderate","5",3,TRUE,26.7799999999988
"2036","Y=~y2",0.45224692329488,0.0799540497881969,0.5,"MC-OrdPLSc",12400,3473478,500,"Moderate","5",3,TRUE,26.7799999999988
"2037","Y=~y3",0.496395269569727,0.0762821934141494,0.5,"MC-OrdPLSc",12400,3473478,500,"Moderate","5",3,TRUE,26.7799999999988
"2038","Y~X",0.172553765235635,0.0960133683873276,0.4,"MC-OrdPLSc",12400,3473478,500,"Moderate","5",3,TRUE,26.7799999999988
"2039","Y~Z",0.628274130613353,0.0922859237851383,0.5,"MC-OrdPLSc",12400,3473478,500,"Moderate","5",3,TRUE,26.7799999999988
"2040","Y~X:Z",0.145239988704692,0.119113461000201,0.3,"MC-OrdPLSc",12400,3473478,500,"Moderate","5",3,TRUE,26.7799999999988
"2041","X~~Z",0.179278661230863,0.0906259710141296,0.2,"MC-OrdPLSc",12400,3473478,500,"Moderate","5",3,TRUE,26.7799999999988
"2042","X=~x1",0.70984904787936,0.172041955076504,0.5,"PLSc",12400,3473478,500,"Moderate","5",3,TRUE,5.16999999999825
"2043","X=~x2",0.22500428169365,0.186240743246567,0.5,"PLSc",12400,3473478,500,"Moderate","5",3,TRUE,5.16999999999825
"2044","X=~x3",0.486694897922465,0.15577173150386,0.5,"PLSc",12400,3473478,500,"Moderate","5",3,TRUE,5.16999999999825
"2045","Z=~z1",0.600317801354064,0.078234330668232,0.5,"PLSc",12400,3473478,500,"Moderate","5",3,TRUE,5.16999999999825
"2046","Z=~z2",0.384344161626457,0.0793727501104339,0.5,"PLSc",12400,3473478,500,"Moderate","5",3,TRUE,5.16999999999825
"2047","Z=~z3",0.483865623539189,0.0865064123679953,0.5,"PLSc",12400,3473478,500,"Moderate","5",3,TRUE,5.16999999999825
"2048","Y=~y1",0.452493740865094,0.0738604733267314,0.5,"PLSc",12400,3473478,500,"Moderate","5",3,TRUE,5.16999999999825
"2049","Y=~y2",0.415714402325891,0.0735499626757398,0.5,"PLSc",12400,3473478,500,"Moderate","5",3,TRUE,5.16999999999825
"2050","Y=~y3",0.491973815129713,0.0690474578210385,0.5,"PLSc",12400,3473478,500,"Moderate","5",3,TRUE,5.16999999999825
"2051","Y~X",0.174292257774493,35.7107061262159,0.4,"PLSc",12400,3473478,500,"Moderate","5",3,TRUE,5.16999999999825
"2052","Y~Z",0.618875990865103,40.446899496768,0.5,"PLSc",12400,3473478,500,"Moderate","5",3,TRUE,5.16999999999825
"2053","Y~X:Z",0.0976521320392453,11.358395630909,0.3,"PLSc",12400,3473478,500,"Moderate","5",3,TRUE,5.16999999999825
"2054","X~~Z",0.173736995554911,0.114682754507641,0.2,"PLSc",12400,3473478,500,"Moderate","5",3,TRUE,5.16999999999825
"2055","X=~x1",0.85030972278112,0.0902179158669019,0.5,"PLS",12400,3473478,500,"Moderate","5",3,TRUE,2.30999999999767
"2056","X=~x2",0.492820592441244,0.174550348350978,0.5,"PLS",12400,3473478,500,"Moderate","5",3,TRUE,2.30999999999767
"2057","X=~x3",0.691932342004984,0.126041894951895,0.5,"PLS",12400,3473478,500,"Moderate","5",3,TRUE,2.30999999999767
"2058","Z=~z1",0.786016048722462,0.0485287278416493,0.5,"PLS",12400,3473478,500,"Moderate","5",3,TRUE,2.30999999999767
"2059","Z=~z2",0.599530388052044,0.0715104312143466,0.5,"PLS",12400,3473478,500,"Moderate","5",3,TRUE,2.30999999999767
"2060","Z=~z3",0.702932184653695,0.0663029990950053,0.5,"PLS",12400,3473478,500,"Moderate","5",3,TRUE,2.30999999999767
"2061","Y=~y1",0.699230112149676,0.0607088611206046,0.5,"PLS",12400,3473478,500,"Moderate","5",3,TRUE,2.30999999999767
"2062","Y=~y2",0.656943073945395,0.0640902787291753,0.5,"PLS",12400,3473478,500,"Moderate","5",3,TRUE,2.30999999999767
"2063","Y=~y3",0.70110732104277,0.0598287214994786,0.5,"PLS",12400,3473478,500,"Moderate","5",3,TRUE,2.30999999999767
"2064","Y~X",0.116740809734384,0.0404166190138051,0.4,"PLS",12400,3473478,500,"Moderate","5",3,TRUE,2.30999999999767
"2065","Y~Z",0.298567493763792,0.0407806056632877,0.5,"PLS",12400,3473478,500,"Moderate","5",3,TRUE,2.30999999999767
"2066","Y~X:Z",0.053891222421778,0.0396868164040602,0.3,"PLS",12400,3473478,500,"Moderate","5",3,TRUE,2.30999999999767
"2067","X~~Z",0.0931273659974384,0.0459443802091091,0.2,"PLS",12400,3473478,500,"Moderate","5",3,TRUE,2.30999999999767
"2068","X=~x1",0.554,0.077,0.5,"Mplus",12400,3473478,500,"Moderate","5",3,TRUE,333.619999999995
"2069","X=~x2",0.474,0.069,0.5,"Mplus",12400,3473478,500,"Moderate","5",3,TRUE,333.619999999995
"2070","X=~x3",0.506,0.071,0.5,"Mplus",12400,3473478,500,"Moderate","5",3,TRUE,333.619999999995
"2071","Z=~z1",0.584,0.065,0.5,"Mplus",12400,3473478,500,"Moderate","5",3,TRUE,333.619999999995
"2072","Z=~z2",0.405,0.06,0.5,"Mplus",12400,3473478,500,"Moderate","5",3,TRUE,333.619999999995
"2073","Z=~z3",0.522,0.063,0.5,"Mplus",12400,3473478,500,"Moderate","5",3,TRUE,333.619999999995
"2074","Y=~y1",0.491,0.066,0.5,"Mplus",12400,3473478,500,"Moderate","5",3,TRUE,333.619999999995
"2075","Y=~y2",0.454,0.064,0.5,"Mplus",12400,3473478,500,"Moderate","5",3,TRUE,333.619999999995
"2076","Y=~y3",0.451,0.065,0.5,"Mplus",12400,3473478,500,"Moderate","5",3,TRUE,333.619999999995
"2077","Y~X",0.199,0.097,0.4,"Mplus",12400,3473478,500,"Moderate","5",3,TRUE,333.619999999995
"2078","Y~Z",0.619,0.089,0.5,"Mplus",12400,3473478,500,"Moderate","5",3,TRUE,333.619999999995
"2079","Y~X:Z",0.244,0.122,0.3,"Mplus",12400,3473478,500,"Moderate","5",3,TRUE,333.619999999995
"2080","X~~Z",0.151,0.09,0.2,"Mplus",12400,3473478,500,"Moderate","5",3,TRUE,333.619999999995
"2081","X=~x1",0.794538448866538,0.0223688851179847,0.8,"MC-OrdPLSc",12401,4674252,1000,"Moderate","5",2,TRUE,27.1900000000023
"2082","X=~x2",0.814409607921462,0.0225846688956431,0.8,"MC-OrdPLSc",12401,4674252,1000,"Moderate","5",2,TRUE,27.1900000000023
"2083","X=~x3",0.79890090888598,0.0221826357035855,0.8,"MC-OrdPLSc",12401,4674252,1000,"Moderate","5",2,TRUE,27.1900000000023
"2084","Z=~z1",0.756940565922137,0.0216766122802269,0.8,"MC-OrdPLSc",12401,4674252,1000,"Moderate","5",2,TRUE,27.1900000000023
"2085","Z=~z2",0.814199532132623,0.0213246323730124,0.8,"MC-OrdPLSc",12401,4674252,1000,"Moderate","5",2,TRUE,27.1900000000023
"2086","Z=~z3",0.82164417008715,0.0210435153295317,0.8,"MC-OrdPLSc",12401,4674252,1000,"Moderate","5",2,TRUE,27.1900000000023
"2087","Y=~y1",0.823450871592801,0.0176163456372572,0.8,"MC-OrdPLSc",12401,4674252,1000,"Moderate","5",2,TRUE,27.1900000000023
"2088","Y=~y2",0.796996890958514,0.0225996508424613,0.8,"MC-OrdPLSc",12401,4674252,1000,"Moderate","5",2,TRUE,27.1900000000023
"2089","Y=~y3",0.77793295444112,0.0209294025756502,0.8,"MC-OrdPLSc",12401,4674252,1000,"Moderate","5",2,TRUE,27.1900000000023
"2090","Y~X",0.428534880773441,0.0325088364647377,0.4,"MC-OrdPLSc",12401,4674252,1000,"Moderate","5",2,TRUE,27.1900000000023
"2091","Y~Z",0.513592718262169,0.0315222855473555,0.5,"MC-OrdPLSc",12401,4674252,1000,"Moderate","5",2,TRUE,27.1900000000023
"2092","Y~X:Z",0.23678444025005,0.0391607864175516,0.3,"MC-OrdPLSc",12401,4674252,1000,"Moderate","5",2,TRUE,27.1900000000023
"2093","X~~Z",0.165247899607074,0.0418280615694723,0.2,"MC-OrdPLSc",12401,4674252,1000,"Moderate","5",2,TRUE,27.1900000000023
"2094","X=~x1",0.778224786898255,0.0364461948484042,0.8,"PLSc",12401,4674252,1000,"Moderate","5",2,TRUE,6.72999999999593
"2095","X=~x2",0.780245411681087,0.0372289756700096,0.8,"PLSc",12401,4674252,1000,"Moderate","5",2,TRUE,6.72999999999593
"2096","X=~x3",0.724682432923589,0.0390342185531415,0.8,"PLSc",12401,4674252,1000,"Moderate","5",2,TRUE,6.72999999999593
"2097","Z=~z1",0.721087998466278,0.0331233946818326,0.8,"PLSc",12401,4674252,1000,"Moderate","5",2,TRUE,6.72999999999593
"2098","Z=~z2",0.803992057807893,0.0296651718409247,0.8,"PLSc",12401,4674252,1000,"Moderate","5",2,TRUE,6.72999999999593
"2099","Z=~z3",0.744907617428418,0.0294001181688419,0.8,"PLSc",12401,4674252,1000,"Moderate","5",2,TRUE,6.72999999999593
"2100","Y=~y1",0.81250280210108,0.0230712234738504,0.8,"PLSc",12401,4674252,1000,"Moderate","5",2,TRUE,6.72999999999593
"2101","Y=~y2",0.716053900160575,0.0259422118775122,0.8,"PLSc",12401,4674252,1000,"Moderate","5",2,TRUE,6.72999999999593
"2102","Y=~y3",0.77179370755238,0.0241758201723194,0.8,"PLSc",12401,4674252,1000,"Moderate","5",2,TRUE,6.72999999999593
"2103","Y~X",0.426063481018939,0.0318547416597336,0.4,"PLSc",12401,4674252,1000,"Moderate","5",2,TRUE,6.72999999999593
"2104","Y~Z",0.499272159104114,0.0312631861934931,0.5,"PLSc",12401,4674252,1000,"Moderate","5",2,TRUE,6.72999999999593
"2105","Y~X:Z",0.21899902444843,0.0383264171904803,0.3,"PLSc",12401,4674252,1000,"Moderate","5",2,TRUE,6.72999999999593
"2106","X~~Z",0.158912185473135,0.0396096358160481,0.2,"PLSc",12401,4674252,1000,"Moderate","5",2,TRUE,6.72999999999593
"2107","X=~x1",0.843888556071363,0.0123657206760961,0.8,"PLS",12401,4674252,1000,"Moderate","5",2,TRUE,1.73999999999069
"2108","X=~x2",0.854195185365302,0.0115167826693058,0.8,"PLS",12401,4674252,1000,"Moderate","5",2,TRUE,1.73999999999069
"2109","X=~x3",0.847163890304541,0.0123670546556559,0.8,"PLS",12401,4674252,1000,"Moderate","5",2,TRUE,1.73999999999069
"2110","Z=~z1",0.824717294115053,0.0134968791933311,0.8,"PLS",12401,4674252,1000,"Moderate","5",2,TRUE,1.73999999999069
"2111","Z=~z2",0.854278560415786,0.0111118990084483,0.8,"PLS",12401,4674252,1000,"Moderate","5",2,TRUE,1.73999999999069
"2112","Z=~z3",0.85763641718353,0.0104641852318331,0.8,"PLS",12401,4674252,1000,"Moderate","5",2,TRUE,1.73999999999069
"2113","Y=~y1",0.863683645863085,0.00970500380839402,0.8,"PLS",12401,4674252,1000,"Moderate","5",2,TRUE,1.73999999999069
"2114","Y=~y2",0.851015930543787,0.0118336553918913,0.8,"PLS",12401,4674252,1000,"Moderate","5",2,TRUE,1.73999999999069
"2115","Y=~y3",0.84115345489087,0.0111475328881934,0.8,"PLS",12401,4674252,1000,"Moderate","5",2,TRUE,1.73999999999069
"2116","Y~X",0.360423276873835,0.0250735947062683,0.4,"PLS",12401,4674252,1000,"Moderate","5",2,TRUE,1.73999999999069
"2117","Y~Z",0.419739707981858,0.0255491571415384,0.5,"PLS",12401,4674252,1000,"Moderate","5",2,TRUE,1.73999999999069
"2118","Y~X:Z",0.175866125578553,0.0235848084123825,0.3,"PLS",12401,4674252,1000,"Moderate","5",2,TRUE,1.73999999999069
"2119","X~~Z",0.12790806876084,0.0321139283639079,0.2,"PLS",12401,4674252,1000,"Moderate","5",2,TRUE,1.73999999999069
"2120","X=~x1",0.777,0.022,0.8,"Mplus",12401,4674252,1000,"Moderate","5",2,TRUE,450.479999999996
"2121","X=~x2",0.8,0.021,0.8,"Mplus",12401,4674252,1000,"Moderate","5",2,TRUE,450.479999999996
"2122","X=~x3",0.804,0.021,0.8,"Mplus",12401,4674252,1000,"Moderate","5",2,TRUE,450.479999999996
"2123","Z=~z1",0.745,0.022,0.8,"Mplus",12401,4674252,1000,"Moderate","5",2,TRUE,450.479999999996
"2124","Z=~z2",0.804,0.021,0.8,"Mplus",12401,4674252,1000,"Moderate","5",2,TRUE,450.479999999996
"2125","Z=~z3",0.824,0.02,0.8,"Mplus",12401,4674252,1000,"Moderate","5",2,TRUE,450.479999999996
"2126","Y=~y1",0.814,0.02,0.8,"Mplus",12401,4674252,1000,"Moderate","5",2,TRUE,450.479999999996
"2127","Y=~y2",0.786,0.02,0.8,"Mplus",12401,4674252,1000,"Moderate","5",2,TRUE,450.479999999996
"2128","Y=~y3",0.764,0.021,0.8,"Mplus",12401,4674252,1000,"Moderate","5",2,TRUE,450.479999999996
"2129","Y~X",0.437,0.031,0.4,"Mplus",12401,4674252,1000,"Moderate","5",2,TRUE,450.479999999996
"2130","Y~Z",0.516,0.03,0.5,"Mplus",12401,4674252,1000,"Moderate","5",2,TRUE,450.479999999996
"2131","Y~X:Z",0.288,0.037,0.3,"Mplus",12401,4674252,1000,"Moderate","5",2,TRUE,450.479999999996
"2132","X~~Z",0.163,0.039,0.2,"Mplus",12401,4674252,1000,"Moderate","5",2,TRUE,450.479999999996
"2133","X=~x1",0.484166159154428,0.0617716562313243,0.5,"MC-OrdPLSc",12402,1380736,1000,"Moderate","5",3,TRUE,30.0299999999988
"2134","X=~x2",0.474509252129949,0.0551665373821922,0.5,"MC-OrdPLSc",12402,1380736,1000,"Moderate","5",3,TRUE,30.0299999999988
"2135","X=~x3",0.512089570189672,0.0550278073748651,0.5,"MC-OrdPLSc",12402,1380736,1000,"Moderate","5",3,TRUE,30.0299999999988
"2136","Z=~z1",0.521123190703008,0.0554525636286041,0.5,"MC-OrdPLSc",12402,1380736,1000,"Moderate","5",3,TRUE,30.0299999999988
"2137","Z=~z2",0.49560799629926,0.054994524829505,0.5,"MC-OrdPLSc",12402,1380736,1000,"Moderate","5",3,TRUE,30.0299999999988
"2138","Z=~z3",0.480706034315719,0.0536237569151331,0.5,"MC-OrdPLSc",12402,1380736,1000,"Moderate","5",3,TRUE,30.0299999999988
"2139","Y=~y1",0.500828982655925,0.0440708607376307,0.5,"MC-OrdPLSc",12402,1380736,1000,"Moderate","5",3,TRUE,30.0299999999988
"2140","Y=~y2",0.548951966131956,0.0471444537954446,0.5,"MC-OrdPLSc",12402,1380736,1000,"Moderate","5",3,TRUE,30.0299999999988
"2141","Y=~y3",0.471545804843432,0.0419990849967094,0.5,"MC-OrdPLSc",12402,1380736,1000,"Moderate","5",3,TRUE,30.0299999999988
"2142","Y~X",0.472649914688397,0.0752848505576749,0.4,"MC-OrdPLSc",12402,1380736,1000,"Moderate","5",3,TRUE,30.0299999999988
"2143","Y~Z",0.474016660511401,0.076477826803021,0.5,"MC-OrdPLSc",12402,1380736,1000,"Moderate","5",3,TRUE,30.0299999999988
"2144","Y~X:Z",0.202983231302547,0.114780179800479,0.3,"MC-OrdPLSc",12402,1380736,1000,"Moderate","5",3,TRUE,30.0299999999988
"2145","X~~Z",0.198733900327451,0.0679187659843754,0.2,"MC-OrdPLSc",12402,1380736,1000,"Moderate","5",3,TRUE,30.0299999999988
"2146","X=~x1",0.453787451940757,0.0630394610563909,0.5,"PLSc",12402,1380736,1000,"Moderate","5",3,TRUE,6.80000000000291
"2147","X=~x2",0.433742048396841,0.0615950499067682,0.5,"PLSc",12402,1380736,1000,"Moderate","5",3,TRUE,6.80000000000291
"2148","X=~x3",0.488701434545205,0.0613957698620251,0.5,"PLSc",12402,1380736,1000,"Moderate","5",3,TRUE,6.80000000000291
"2149","Z=~z1",0.49650524727343,0.0574867153807324,0.5,"PLSc",12402,1380736,1000,"Moderate","5",3,TRUE,6.80000000000291
"2150","Z=~z2",0.47221908469845,0.058414366446868,0.5,"PLSc",12402,1380736,1000,"Moderate","5",3,TRUE,6.80000000000291
"2151","Z=~z3",0.433896909587269,0.0593343942564405,0.5,"PLSc",12402,1380736,1000,"Moderate","5",3,TRUE,6.80000000000291
"2152","Y=~y1",0.478608394889218,0.0483984263302613,0.5,"PLSc",12402,1380736,1000,"Moderate","5",3,TRUE,6.80000000000291
"2153","Y=~y2",0.513633461429256,0.0452187502983681,0.5,"PLSc",12402,1380736,1000,"Moderate","5",3,TRUE,6.80000000000291
"2154","Y=~y3",0.456053694451085,0.0515546870359958,0.5,"PLSc",12402,1380736,1000,"Moderate","5",3,TRUE,6.80000000000291
"2155","Y~X",0.491127801304202,0.268850585608891,0.4,"PLSc",12402,1380736,1000,"Moderate","5",3,TRUE,6.80000000000291
"2156","Y~Z",0.443922690670661,0.107584874142021,0.5,"PLSc",12402,1380736,1000,"Moderate","5",3,TRUE,6.80000000000291
"2157","Y~X:Z",0.154005184297133,0.577357749704399,0.3,"PLSc",12402,1380736,1000,"Moderate","5",3,TRUE,6.80000000000291
"2158","X~~Z",0.197928934041353,0.072594805730747,0.2,"PLSc",12402,1380736,1000,"Moderate","5",3,TRUE,6.80000000000291
"2159","X=~x1",0.682342313694102,0.0540311234988698,0.5,"PLS",12402,1380736,1000,"Moderate","5",3,TRUE,2.06000000001222
"2160","X=~x2",0.67058985521613,0.0541514764414797,0.5,"PLS",12402,1380736,1000,"Moderate","5",3,TRUE,2.06000000001222
"2161","X=~x3",0.710941669284814,0.0493314687823189,0.5,"PLS",12402,1380736,1000,"Moderate","5",3,TRUE,2.06000000001222
"2162","Z=~z1",0.710892290053371,0.0466954627066187,0.5,"PLS",12402,1380736,1000,"Moderate","5",3,TRUE,2.06000000001222
"2163","Z=~z2",0.69107579861199,0.0483995997862059,0.5,"PLS",12402,1380736,1000,"Moderate","5",3,TRUE,2.06000000001222
"2164","Z=~z3",0.674248342198404,0.0481172084265025,0.5,"PLS",12402,1380736,1000,"Moderate","5",3,TRUE,2.06000000001222
"2165","Y=~y1",0.692220774366973,0.0380661868583416,0.5,"PLS",12402,1380736,1000,"Moderate","5",3,TRUE,2.06000000001222
"2166","Y=~y2",0.738471166834832,0.0309022013265783,0.5,"PLS",12402,1380736,1000,"Moderate","5",3,TRUE,2.06000000001222
"2167","Y=~y3",0.66370566631807,0.0422261947138345,0.5,"PLS",12402,1380736,1000,"Moderate","5",3,TRUE,2.06000000001222
"2168","Y~X",0.242144991922778,0.0309257449024834,0.4,"PLS",12402,1380736,1000,"Moderate","5",3,TRUE,2.06000000001222
"2169","Y~Z",0.246615447430751,0.0327905375466328,0.5,"PLS",12402,1380736,1000,"Moderate","5",3,TRUE,2.06000000001222
"2170","Y~X:Z",0.0691383479851747,0.0315992206458577,0.3,"PLS",12402,1380736,1000,"Moderate","5",3,TRUE,2.06000000001222
"2171","X~~Z",0.089439351840242,0.0326801717353412,0.2,"PLS",12402,1380736,1000,"Moderate","5",3,TRUE,2.06000000001222
"2172","X=~x1",0.461,0.048,0.5,"Mplus",12402,1380736,1000,"Moderate","5",3,TRUE,606.050000000003
"2173","X=~x2",0.467,0.049,0.5,"Mplus",12402,1380736,1000,"Moderate","5",3,TRUE,606.050000000003
"2174","X=~x3",0.466,0.048,0.5,"Mplus",12402,1380736,1000,"Moderate","5",3,TRUE,606.050000000003
"2175","Z=~z1",0.461,0.048,0.5,"Mplus",12402,1380736,1000,"Moderate","5",3,TRUE,606.050000000003
"2176","Z=~z2",0.48,0.047,0.5,"Mplus",12402,1380736,1000,"Moderate","5",3,TRUE,606.050000000003
"2177","Z=~z3",0.462,0.047,0.5,"Mplus",12402,1380736,1000,"Moderate","5",3,TRUE,606.050000000003
"2178","Y=~y1",0.472,0.042,0.5,"Mplus",12402,1380736,1000,"Moderate","5",3,TRUE,606.050000000003
"2179","Y=~y2",0.513,0.044,0.5,"Mplus",12402,1380736,1000,"Moderate","5",3,TRUE,606.050000000003
"2180","Y=~y3",0.457,0.042,0.5,"Mplus",12402,1380736,1000,"Moderate","5",3,TRUE,606.050000000003
"2181","Y~X",0.46,0.071,0.4,"Mplus",12402,1380736,1000,"Moderate","5",3,TRUE,606.050000000003
"2182","Y~Z",0.458,0.071,0.5,"Mplus",12402,1380736,1000,"Moderate","5",3,TRUE,606.050000000003
"2183","Y~X:Z",0.397,0.079,0.3,"Mplus",12402,1380736,1000,"Moderate","5",3,TRUE,606.050000000003
"2184","X~~Z",0.25,0.068,0.2,"Mplus",12402,1380736,1000,"Moderate","5",3,TRUE,606.050000000003
"2185","X=~x1",0.849511593167604,0.0399170341287466,0.8,"MC-OrdPLSc",12403,9103493,200,"Moderate","7",2,TRUE,25.3299999999872
"2186","X=~x2",0.833329913829787,0.0437661290111151,0.8,"MC-OrdPLSc",12403,9103493,200,"Moderate","7",2,TRUE,25.3299999999872
"2187","X=~x3",0.785157524917262,0.0466280051195881,0.8,"MC-OrdPLSc",12403,9103493,200,"Moderate","7",2,TRUE,25.3299999999872
"2188","Z=~z1",0.877564716759632,0.0342427367937438,0.8,"MC-OrdPLSc",12403,9103493,200,"Moderate","7",2,TRUE,25.3299999999872
"2189","Z=~z2",0.833843830031259,0.0384069488307082,0.8,"MC-OrdPLSc",12403,9103493,200,"Moderate","7",2,TRUE,25.3299999999872
"2190","Z=~z3",0.823053490057274,0.0346777604061508,0.8,"MC-OrdPLSc",12403,9103493,200,"Moderate","7",2,TRUE,25.3299999999872
"2191","Y=~y1",0.833441292700536,0.0448370656128192,0.8,"MC-OrdPLSc",12403,9103493,200,"Moderate","7",2,TRUE,25.3299999999872
"2192","Y=~y2",0.839698595467716,0.0375997479847646,0.8,"MC-OrdPLSc",12403,9103493,200,"Moderate","7",2,TRUE,25.3299999999872
"2193","Y=~y3",0.755073877403071,0.0594615648023628,0.8,"MC-OrdPLSc",12403,9103493,200,"Moderate","7",2,TRUE,25.3299999999872
"2194","Y~X",0.334073191326336,0.0663727658713081,0.4,"MC-OrdPLSc",12403,9103493,200,"Moderate","7",2,TRUE,25.3299999999872
"2195","Y~Z",0.487890925236977,0.0746617365266556,0.5,"MC-OrdPLSc",12403,9103493,200,"Moderate","7",2,TRUE,25.3299999999872
"2196","Y~X:Z",0.269404757743746,0.0718869774334536,0.3,"MC-OrdPLSc",12403,9103493,200,"Moderate","7",2,TRUE,25.3299999999872
"2197","X~~Z",0.265260938858235,0.0894605865834324,0.2,"MC-OrdPLSc",12403,9103493,200,"Moderate","7",2,TRUE,25.3299999999872
"2198","X=~x1",0.803271703242099,0.0803304527817174,0.8,"PLSc",12403,9103493,200,"Moderate","7",2,TRUE,3.01000000000931
"2199","X=~x2",0.839149419611426,0.0767511727074383,0.8,"PLSc",12403,9103493,200,"Moderate","7",2,TRUE,3.01000000000931
"2200","X=~x3",0.738612529267337,0.0853904195814227,0.8,"PLSc",12403,9103493,200,"Moderate","7",2,TRUE,3.01000000000931
"2201","Z=~z1",0.850294122185343,0.052163613717973,0.8,"PLSc",12403,9103493,200,"Moderate","7",2,TRUE,3.01000000000931
"2202","Z=~z2",0.814396101852323,0.0674033953175019,0.8,"PLSc",12403,9103493,200,"Moderate","7",2,TRUE,3.01000000000931
"2203","Z=~z3",0.787520794472749,0.0601633059571973,0.8,"PLSc",12403,9103493,200,"Moderate","7",2,TRUE,3.01000000000931
"2204","Y=~y1",0.761979255096942,0.0560824200278274,0.8,"PLSc",12403,9103493,200,"Moderate","7",2,TRUE,3.01000000000931
"2205","Y=~y2",0.828036025091858,0.0505691068153624,0.8,"PLSc",12403,9103493,200,"Moderate","7",2,TRUE,3.01000000000931
"2206","Y=~y3",0.771018643737163,0.0661681504690336,0.8,"PLSc",12403,9103493,200,"Moderate","7",2,TRUE,3.01000000000931
"2207","Y~X",0.333432286211317,0.0637615674498836,0.4,"PLSc",12403,9103493,200,"Moderate","7",2,TRUE,3.01000000000931
"2208","Y~Z",0.474997521642448,0.0706688164567373,0.5,"PLSc",12403,9103493,200,"Moderate","7",2,TRUE,3.01000000000931
"2209","Y~X:Z",0.219775901789105,0.0653756994805479,0.3,"PLSc",12403,9103493,200,"Moderate","7",2,TRUE,3.01000000000931
"2210","X~~Z",0.261108952704326,0.0867505202262019,0.2,"PLSc",12403,9103493,200,"Moderate","7",2,TRUE,3.01000000000931
"2211","X=~x1",0.880199316272493,0.0195161324074074,0.8,"PLS",12403,9103493,200,"Moderate","7",2,TRUE,1.77999999999884
"2212","X=~x2",0.872595574273549,0.0199851097365103,0.8,"PLS",12403,9103493,200,"Moderate","7",2,TRUE,1.77999999999884
"2213","X=~x3",0.851029416933511,0.0269681887690803,0.8,"PLS",12403,9103493,200,"Moderate","7",2,TRUE,1.77999999999884
"2214","Z=~z1",0.897930251969683,0.0169511686322427,0.8,"PLS",12403,9103493,200,"Moderate","7",2,TRUE,1.77999999999884
"2215","Z=~z2",0.875935062885471,0.0201611529388581,0.8,"PLS",12403,9103493,200,"Moderate","7",2,TRUE,1.77999999999884
"2216","Z=~z3",0.873131532724343,0.0190717366677298,0.8,"PLS",12403,9103493,200,"Moderate","7",2,TRUE,1.77999999999884
"2217","Y=~y1",0.874079886540582,0.0210363056829893,0.8,"PLS",12403,9103493,200,"Moderate","7",2,TRUE,1.77999999999884
"2218","Y=~y2",0.879552922994936,0.0191791925547854,0.8,"PLS",12403,9103493,200,"Moderate","7",2,TRUE,1.77999999999884
"2219","Y=~y3",0.837680467026853,0.0313201991533122,0.8,"PLS",12403,9103493,200,"Moderate","7",2,TRUE,1.77999999999884
"2220","Y~X",0.29404617530157,0.0514830078969126,0.4,"PLS",12403,9103493,200,"Moderate","7",2,TRUE,1.77999999999884
"2221","Y~Z",0.417637930854141,0.0568805487370142,0.5,"PLS",12403,9103493,200,"Moderate","7",2,TRUE,1.77999999999884
"2222","Y~X:Z",0.18976007105903,0.0492884376867372,0.3,"PLS",12403,9103493,200,"Moderate","7",2,TRUE,1.77999999999884
"2223","X~~Z",0.221806551023293,0.0752986125747659,0.2,"PLS",12403,9103493,200,"Moderate","7",2,TRUE,1.77999999999884
"2224","X=~x1",0.826,0.041,0.8,"Mplus",12403,9103493,200,"Moderate","7",2,TRUE,138.630000000005
"2225","X=~x2",0.787,0.044,0.8,"Mplus",12403,9103493,200,"Moderate","7",2,TRUE,138.630000000005
"2226","X=~x3",0.79,0.043,0.8,"Mplus",12403,9103493,200,"Moderate","7",2,TRUE,138.630000000005
"2227","Z=~z1",0.876,0.031,0.8,"Mplus",12403,9103493,200,"Moderate","7",2,TRUE,138.630000000005
"2228","Z=~z2",0.842,0.034,0.8,"Mplus",12403,9103493,200,"Moderate","7",2,TRUE,138.630000000005
"2229","Z=~z3",0.822,0.035,0.8,"Mplus",12403,9103493,200,"Moderate","7",2,TRUE,138.630000000005
"2230","Y=~y1",0.815,0.039,0.8,"Mplus",12403,9103493,200,"Moderate","7",2,TRUE,138.630000000005
"2231","Y=~y2",0.842,0.036,0.8,"Mplus",12403,9103493,200,"Moderate","7",2,TRUE,138.630000000005
"2232","Y=~y3",0.776,0.042,0.8,"Mplus",12403,9103493,200,"Moderate","7",2,TRUE,138.630000000005
"2233","Y~X",0.332,0.07,0.4,"Mplus",12403,9103493,200,"Moderate","7",2,TRUE,138.630000000005
"2234","Y~Z",0.514,0.063,0.5,"Mplus",12403,9103493,200,"Moderate","7",2,TRUE,138.630000000005
"2235","Y~X:Z",0.249,0.063,0.3,"Mplus",12403,9103493,200,"Moderate","7",2,TRUE,138.630000000005
"2236","X~~Z",0.265,0.079,0.2,"Mplus",12403,9103493,200,"Moderate","7",2,TRUE,138.630000000005
"2237","X=~x1",0.440415023737826,0.101794071781303,0.5,"MC-OrdPLSc",12404,1298590,200,"Moderate","7",3,TRUE,30
"2238","X=~x2",0.528062014035785,0.100623486958675,0.5,"MC-OrdPLSc",12404,1298590,200,"Moderate","7",3,TRUE,30
"2239","X=~x3",0.596553635899789,0.0964380833320112,0.5,"MC-OrdPLSc",12404,1298590,200,"Moderate","7",3,TRUE,30
"2240","Z=~z1",0.557092702294637,0.153778380042057,0.5,"MC-OrdPLSc",12404,1298590,200,"Moderate","7",3,TRUE,30
"2241","Z=~z2",0.407983177557949,0.112904976581012,0.5,"MC-OrdPLSc",12404,1298590,200,"Moderate","7",3,TRUE,30
"2242","Z=~z3",0.486915424289983,0.182366840131504,0.5,"MC-OrdPLSc",12404,1298590,200,"Moderate","7",3,TRUE,30
"2243","Y=~y1",0.567421728018635,0.0971122392842111,0.5,"MC-OrdPLSc",12404,1298590,200,"Moderate","7",3,TRUE,30
"2244","Y=~y2",0.416941609665522,0.111337581885495,0.5,"MC-OrdPLSc",12404,1298590,200,"Moderate","7",3,TRUE,30
"2245","Y=~y3",0.555172667900328,0.118515448916163,0.5,"MC-OrdPLSc",12404,1298590,200,"Moderate","7",3,TRUE,30
"2246","Y~X",0.625252707198689,0.159791694836091,0.4,"MC-OrdPLSc",12404,1298590,200,"Moderate","7",3,TRUE,30
"2247","Y~Z",0.308558670112972,0.184547078579666,0.5,"MC-OrdPLSc",12404,1298590,200,"Moderate","7",3,TRUE,30
"2248","Y~X:Z",0.42967357743942,0.217602260596358,0.3,"MC-OrdPLSc",12404,1298590,200,"Moderate","7",3,TRUE,30
"2249","X~~Z",0.385214962887761,0.145597137901434,0.2,"MC-OrdPLSc",12404,1298590,200,"Moderate","7",3,TRUE,30
"2250","X=~x1",0.396252342077668,0.121467382717608,0.5,"PLSc",12404,1298590,200,"Moderate","7",3,FALSE,3.66000000000349
"2251","X=~x2",0.511828736372737,0.0949584126463771,0.5,"PLSc",12404,1298590,200,"Moderate","7",3,FALSE,3.66000000000349
"2252","X=~x3",0.591714220411549,0.107068770860896,0.5,"PLSc",12404,1298590,200,"Moderate","7",3,FALSE,3.66000000000349
"2253","Z=~z1",0.501032136145745,0.133026705642652,0.5,"PLSc",12404,1298590,200,"Moderate","7",3,FALSE,3.66000000000349
"2254","Z=~z2",0.425897384843805,0.130583809912011,0.5,"PLSc",12404,1298590,200,"Moderate","7",3,FALSE,3.66000000000349
"2255","Z=~z3",0.461614126050325,0.15192109675143,0.5,"PLSc",12404,1298590,200,"Moderate","7",3,FALSE,3.66000000000349
"2256","Y=~y1",0.587522273283771,0.0841435592364237,0.5,"PLSc",12404,1298590,200,"Moderate","7",3,FALSE,3.66000000000349
"2257","Y=~y2",0.373961995221956,0.110467339460332,0.5,"PLSc",12404,1298590,200,"Moderate","7",3,FALSE,3.66000000000349
"2258","Y=~y3",0.530379360957602,0.0997536308331798,0.5,"PLSc",12404,1298590,200,"Moderate","7",3,FALSE,3.66000000000349
"2259","Y~X",0.802890653783021,5.14382807249546,0.4,"PLSc",12404,1298590,200,"Moderate","7",3,FALSE,3.66000000000349
"2260","Y~Z",-0.020552372636261,5.31431439928245,0.5,"PLSc",12404,1298590,200,"Moderate","7",3,FALSE,3.66000000000349
"2261","Y~X:Z",0.662746395416637,8.03962531994362,0.3,"PLSc",12404,1298590,200,"Moderate","7",3,FALSE,3.66000000000349
"2262","X~~Z",0.389142101096511,0.141401834045092,0.2,"PLSc",12404,1298590,200,"Moderate","7",3,FALSE,3.66000000000349
"2263","X=~x1",0.625653256264435,0.0998313363545877,0.5,"PLS",12404,1298590,200,"Moderate","7",3,TRUE,2.39999999999418
"2264","X=~x2",0.714011611375247,0.0716917575506813,0.5,"PLS",12404,1298590,200,"Moderate","7",3,TRUE,2.39999999999418
"2265","X=~x3",0.771608375373556,0.0675150844736617,0.5,"PLS",12404,1298590,200,"Moderate","7",3,TRUE,2.39999999999418
"2266","Z=~z1",0.760452618904672,0.0928598553915548,0.5,"PLS",12404,1298590,200,"Moderate","7",3,TRUE,2.39999999999418
"2267","Z=~z2",0.604860893609138,0.138579509397236,0.5,"PLS",12404,1298590,200,"Moderate","7",3,TRUE,2.39999999999418
"2268","Z=~z3",0.695381076543144,0.138449909800005,0.5,"PLS",12404,1298590,200,"Moderate","7",3,TRUE,2.39999999999418
"2269","Y=~y1",0.750165025516657,0.0631396110834544,0.5,"PLS",12404,1298590,200,"Moderate","7",3,TRUE,2.39999999999418
"2270","Y=~y2",0.605513571656023,0.10727100489087,0.5,"PLS",12404,1298590,200,"Moderate","7",3,TRUE,2.39999999999418
"2271","Y=~y3",0.751427877252263,0.0693546799462002,0.5,"PLS",12404,1298590,200,"Moderate","7",3,TRUE,2.39999999999418
"2272","Y~X",0.343506704881106,0.0597063748226956,0.4,"PLS",12404,1298590,200,"Moderate","7",3,TRUE,2.39999999999418
"2273","Y~Z",0.207504690340519,0.0657586864193163,0.5,"PLS",12404,1298590,200,"Moderate","7",3,TRUE,2.39999999999418
"2274","Y~X:Z",0.151283828919994,0.0678718889517451,0.3,"PLS",12404,1298590,200,"Moderate","7",3,TRUE,2.39999999999418
"2275","X~~Z",0.18816629104673,0.0676076838821347,0.2,"PLS",12404,1298590,200,"Moderate","7",3,TRUE,2.39999999999418
"2276","X=~x1",0.432,0.088,0.5,"Mplus",12404,1298590,200,"Moderate","7",3,TRUE,116.600000000006
"2277","X=~x2",0.517,0.088,0.5,"Mplus",12404,1298590,200,"Moderate","7",3,TRUE,116.600000000006
"2278","X=~x3",0.566,0.085,0.5,"Mplus",12404,1298590,200,"Moderate","7",3,TRUE,116.600000000006
"2279","Z=~z1",0.53,0.096,0.5,"Mplus",12404,1298590,200,"Moderate","7",3,TRUE,116.600000000006
"2280","Z=~z2",0.332,0.098,0.5,"Mplus",12404,1298590,200,"Moderate","7",3,TRUE,116.600000000006
"2281","Z=~z3",0.533,0.111,0.5,"Mplus",12404,1298590,200,"Moderate","7",3,TRUE,116.600000000006
"2282","Y=~y1",0.549,0.094,0.5,"Mplus",12404,1298590,200,"Moderate","7",3,TRUE,116.600000000006
"2283","Y=~y2",0.433,0.092,0.5,"Mplus",12404,1298590,200,"Moderate","7",3,TRUE,116.600000000006
"2284","Y=~y3",0.539,0.093,0.5,"Mplus",12404,1298590,200,"Moderate","7",3,TRUE,116.600000000006
"2285","Y~X",0.605,0.143,0.4,"Mplus",12404,1298590,200,"Moderate","7",3,TRUE,116.600000000006
"2286","Y~Z",0.268,0.166,0.5,"Mplus",12404,1298590,200,"Moderate","7",3,TRUE,116.600000000006
"2287","Y~X:Z",0.497,0.135,0.3,"Mplus",12404,1298590,200,"Moderate","7",3,TRUE,116.600000000006
"2288","X~~Z",0.409,0.128,0.2,"Mplus",12404,1298590,200,"Moderate","7",3,TRUE,116.600000000006
"2289","X=~x1",0.732225541464856,0.0371750325379111,0.8,"MC-OrdPLSc",12405,8472309,500,"Moderate","7",2,TRUE,27.9199999999983
"2290","X=~x2",0.814758288453098,0.0310530070862197,0.8,"MC-OrdPLSc",12405,8472309,500,"Moderate","7",2,TRUE,27.9199999999983
"2291","X=~x3",0.819524412766343,0.0264656948423396,0.8,"MC-OrdPLSc",12405,8472309,500,"Moderate","7",2,TRUE,27.9199999999983
"2292","Z=~z1",0.797308856837138,0.0276883427688349,0.8,"MC-OrdPLSc",12405,8472309,500,"Moderate","7",2,TRUE,27.9199999999983
"2293","Z=~z2",0.792983271140745,0.0242178606807347,0.8,"MC-OrdPLSc",12405,8472309,500,"Moderate","7",2,TRUE,27.9199999999983
"2294","Z=~z3",0.769837552755355,0.0317293844551241,0.8,"MC-OrdPLSc",12405,8472309,500,"Moderate","7",2,TRUE,27.9199999999983
"2295","Y=~y1",0.787378728921713,0.028843350167124,0.8,"MC-OrdPLSc",12405,8472309,500,"Moderate","7",2,TRUE,27.9199999999983
"2296","Y=~y2",0.816580540258538,0.0237244167391383,0.8,"MC-OrdPLSc",12405,8472309,500,"Moderate","7",2,TRUE,27.9199999999983
"2297","Y=~y3",0.832326375827967,0.0201783618304283,0.8,"MC-OrdPLSc",12405,8472309,500,"Moderate","7",2,TRUE,27.9199999999983
"2298","Y~X",0.429355651406816,0.0394042637701823,0.4,"MC-OrdPLSc",12405,8472309,500,"Moderate","7",2,TRUE,27.9199999999983
"2299","Y~Z",0.592883754707398,0.0409392004361386,0.5,"MC-OrdPLSc",12405,8472309,500,"Moderate","7",2,TRUE,27.9199999999983
"2300","Y~X:Z",0.298291109732715,0.052542365662435,0.3,"MC-OrdPLSc",12405,8472309,500,"Moderate","7",2,TRUE,27.9199999999983
"2301","X~~Z",0.0909220054927367,0.0507007078718642,0.2,"MC-OrdPLSc",12405,8472309,500,"Moderate","7",2,TRUE,27.9199999999983
"2302","X=~x1",0.65368190075704,0.0597401317345203,0.8,"PLSc",12405,8472309,500,"Moderate","7",2,TRUE,4.19000000000233
"2303","X=~x2",0.770315836699818,0.0562655717981847,0.8,"PLSc",12405,8472309,500,"Moderate","7",2,TRUE,4.19000000000233
"2304","X=~x3",0.857135290448524,0.0506351447107535,0.8,"PLSc",12405,8472309,500,"Moderate","7",2,TRUE,4.19000000000233
"2305","Z=~z1",0.783983235929775,0.038931969160846,0.8,"PLSc",12405,8472309,500,"Moderate","7",2,TRUE,4.19000000000233
"2306","Z=~z2",0.769934437752421,0.0371059947814714,0.8,"PLSc",12405,8472309,500,"Moderate","7",2,TRUE,4.19000000000233
"2307","Z=~z3",0.730737605007312,0.0470488456476228,0.8,"PLSc",12405,8472309,500,"Moderate","7",2,TRUE,4.19000000000233
"2308","Y=~y1",0.73160514343337,0.0328166586576489,0.8,"PLSc",12405,8472309,500,"Moderate","7",2,TRUE,4.19000000000233
"2309","Y=~y2",0.826041086251798,0.0268709402369305,0.8,"PLSc",12405,8472309,500,"Moderate","7",2,TRUE,4.19000000000233
"2310","Y=~y3",0.820151934221752,0.0293615241614583,0.8,"PLSc",12405,8472309,500,"Moderate","7",2,TRUE,4.19000000000233
"2311","Y~X",0.435324592085044,0.0417927219624046,0.4,"PLSc",12405,8472309,500,"Moderate","7",2,TRUE,4.19000000000233
"2312","Y~Z",0.579866271659162,0.0411802242801631,0.5,"PLSc",12405,8472309,500,"Moderate","7",2,TRUE,4.19000000000233
"2313","Y~X:Z",0.287436318357694,0.0553182089884894,0.3,"PLSc",12405,8472309,500,"Moderate","7",2,TRUE,4.19000000000233
"2314","X~~Z",0.0893967321541737,0.0543950465928478,0.2,"PLSc",12405,8472309,500,"Moderate","7",2,TRUE,4.19000000000233
"2315","X=~x1",0.816848916384926,0.0222054516940647,0.8,"PLS",12405,8472309,500,"Moderate","7",2,TRUE,1.66000000000349
"2316","X=~x2",0.862341704712226,0.0170646541589429,0.8,"PLS",12405,8472309,500,"Moderate","7",2,TRUE,1.66000000000349
"2317","X=~x3",0.864989365260553,0.0130814280539794,0.8,"PLS",12405,8472309,500,"Moderate","7",2,TRUE,1.66000000000349
"2318","Z=~z1",0.853026647642698,0.0137673733285574,0.8,"PLS",12405,8472309,500,"Moderate","7",2,TRUE,1.66000000000349
"2319","Z=~z2",0.852815840195225,0.0137954656101349,0.8,"PLS",12405,8472309,500,"Moderate","7",2,TRUE,1.66000000000349
"2320","Z=~z3",0.839692932640209,0.0184301970828092,0.8,"PLS",12405,8472309,500,"Moderate","7",2,TRUE,1.66000000000349
"2321","Y=~y1",0.856492971164826,0.015668414048813,0.8,"PLS",12405,8472309,500,"Moderate","7",2,TRUE,1.66000000000349
"2322","Y=~y2",0.870441150650521,0.0127830783181101,0.8,"PLS",12405,8472309,500,"Moderate","7",2,TRUE,1.66000000000349
"2323","Y=~y3",0.875481845025194,0.0118291351895182,0.8,"PLS",12405,8472309,500,"Moderate","7",2,TRUE,1.66000000000349
"2324","Y~X",0.367272217598471,0.031131419632041,0.4,"PLS",12405,8472309,500,"Moderate","7",2,TRUE,1.66000000000349
"2325","Y~Z",0.488661474582822,0.0324868243758654,0.5,"PLS",12405,8472309,500,"Moderate","7",2,TRUE,1.66000000000349
"2326","Y~X:Z",0.219389055966614,0.0295087859272904,0.3,"PLS",12405,8472309,500,"Moderate","7",2,TRUE,1.66000000000349
"2327","X~~Z",0.0726602167538566,0.0444531692060287,0.2,"PLS",12405,8472309,500,"Moderate","7",2,TRUE,1.66000000000349
"2328","X=~x1",0.757,0.029,0.8,"Mplus",12405,8472309,500,"Moderate","7",2,TRUE,331
"2329","X=~x2",0.818,0.027,0.8,"Mplus",12405,8472309,500,"Moderate","7",2,TRUE,331
"2330","X=~x3",0.786,0.028,0.8,"Mplus",12405,8472309,500,"Moderate","7",2,TRUE,331
"2331","Z=~z1",0.791,0.028,0.8,"Mplus",12405,8472309,500,"Moderate","7",2,TRUE,331
"2332","Z=~z2",0.795,0.027,0.8,"Mplus",12405,8472309,500,"Moderate","7",2,TRUE,331
"2333","Z=~z3",0.782,0.027,0.8,"Mplus",12405,8472309,500,"Moderate","7",2,TRUE,331
"2334","Y=~y1",0.793,0.026,0.8,"Mplus",12405,8472309,500,"Moderate","7",2,TRUE,331
"2335","Y=~y2",0.807,0.025,0.8,"Mplus",12405,8472309,500,"Moderate","7",2,TRUE,331
"2336","Y=~y3",0.813,0.025,0.8,"Mplus",12405,8472309,500,"Moderate","7",2,TRUE,331
"2337","Y~X",0.444,0.041,0.4,"Mplus",12405,8472309,500,"Moderate","7",2,TRUE,331
"2338","Y~Z",0.556,0.039,0.5,"Mplus",12405,8472309,500,"Moderate","7",2,TRUE,331
"2339","Y~X:Z",0.342,0.046,0.3,"Mplus",12405,8472309,500,"Moderate","7",2,TRUE,331
"2340","X~~Z",0.099,0.054,0.2,"Mplus",12405,8472309,500,"Moderate","7",2,TRUE,331
"2341","X=~x1",0.494209607742592,0.0734507689943354,0.5,"MC-OrdPLSc",12406,1189205,500,"Moderate","7",3,TRUE,34.5699999999924
"2342","X=~x2",0.562969514840956,0.0853838263756549,0.5,"MC-OrdPLSc",12406,1189205,500,"Moderate","7",3,TRUE,34.5699999999924
"2343","X=~x3",0.370755139866121,0.0838563916071983,0.5,"MC-OrdPLSc",12406,1189205,500,"Moderate","7",3,TRUE,34.5699999999924
"2344","Z=~z1",0.443718949016601,0.0677289800813745,0.5,"MC-OrdPLSc",12406,1189205,500,"Moderate","7",3,TRUE,34.5699999999924
"2345","Z=~z2",0.577242202206559,0.0678071414487769,0.5,"MC-OrdPLSc",12406,1189205,500,"Moderate","7",3,TRUE,34.5699999999924
"2346","Z=~z3",0.496715353180304,0.0675359659526388,0.5,"MC-OrdPLSc",12406,1189205,500,"Moderate","7",3,TRUE,34.5699999999924
"2347","Y=~y1",0.42199351041684,0.0662639010205027,0.5,"MC-OrdPLSc",12406,1189205,500,"Moderate","7",3,TRUE,34.5699999999924
"2348","Y=~y2",0.467822373013894,0.0614877126152613,0.5,"MC-OrdPLSc",12406,1189205,500,"Moderate","7",3,TRUE,34.5699999999924
"2349","Y=~y3",0.478084860374114,0.0663478713365782,0.5,"MC-OrdPLSc",12406,1189205,500,"Moderate","7",3,TRUE,34.5699999999924
"2350","Y~X",0.457347860999256,0.113944577555292,0.4,"MC-OrdPLSc",12406,1189205,500,"Moderate","7",3,TRUE,34.5699999999924
"2351","Y~Z",0.539969414662436,0.0919471307793176,0.5,"MC-OrdPLSc",12406,1189205,500,"Moderate","7",3,TRUE,34.5699999999924
"2352","Y~X:Z",0.507053389076741,0.132519573631598,0.3,"MC-OrdPLSc",12406,1189205,500,"Moderate","7",3,TRUE,34.5699999999924
"2353","X~~Z",0.290522547058393,0.108849345618976,0.2,"MC-OrdPLSc",12406,1189205,500,"Moderate","7",3,TRUE,34.5699999999924
"2354","X=~x1",0.485134998854308,0.0773905564567568,0.5,"PLSc",12406,1189205,500,"Moderate","7",3,TRUE,4.70999999999185
"2355","X=~x2",0.546571235133632,0.0851243938148862,0.5,"PLSc",12406,1189205,500,"Moderate","7",3,TRUE,4.70999999999185
"2356","X=~x3",0.333747454757559,0.0919465971525182,0.5,"PLSc",12406,1189205,500,"Moderate","7",3,TRUE,4.70999999999185
"2357","Z=~z1",0.41934165479886,0.0830619302865444,0.5,"PLSc",12406,1189205,500,"Moderate","7",3,TRUE,4.70999999999185
"2358","Z=~z2",0.558621880054546,0.0777538903090405,0.5,"PLSc",12406,1189205,500,"Moderate","7",3,TRUE,4.70999999999185
"2359","Z=~z3",0.47886571467795,0.0779498962570509,0.5,"PLSc",12406,1189205,500,"Moderate","7",3,TRUE,4.70999999999185
"2360","Y=~y1",0.442782106646176,0.06294643941796,0.5,"PLSc",12406,1189205,500,"Moderate","7",3,TRUE,4.70999999999185
"2361","Y=~y2",0.432910159419134,0.0664845145924184,0.5,"PLSc",12406,1189205,500,"Moderate","7",3,TRUE,4.70999999999185
"2362","Y=~y3",0.461100229319484,0.0644396610458472,0.5,"PLSc",12406,1189205,500,"Moderate","7",3,TRUE,4.70999999999185
"2363","Y~X",0.396986033514677,0.314393055095812,0.4,"PLSc",12406,1189205,500,"Moderate","7",3,TRUE,4.70999999999185
"2364","Y~Z",0.541457645193873,0.771830339916699,0.5,"PLSc",12406,1189205,500,"Moderate","7",3,TRUE,4.70999999999185
"2365","Y~X:Z",0.345096834198068,1.65185183553345,0.3,"PLSc",12406,1189205,500,"Moderate","7",3,TRUE,4.70999999999185
"2366","X~~Z",0.290091876085634,0.0993220611653295,0.2,"PLSc",12406,1189205,500,"Moderate","7",3,TRUE,4.70999999999185
"2367","X=~x1",0.706383150782128,0.0654719654703054,0.5,"PLS",12406,1189205,500,"Moderate","7",3,TRUE,2.08000000000175
"2368","X=~x2",0.769408800475403,0.0603576046398756,0.5,"PLS",12406,1189205,500,"Moderate","7",3,TRUE,2.08000000000175
"2369","X=~x3",0.56369791856124,0.0941312507522138,0.5,"PLS",12406,1189205,500,"Moderate","7",3,TRUE,2.08000000000175
"2370","Z=~z1",0.636346606464956,0.0694950720872853,0.5,"PLS",12406,1189205,500,"Moderate","7",3,TRUE,2.08000000000175
"2371","Z=~z2",0.764138669259628,0.049711656760736,0.5,"PLS",12406,1189205,500,"Moderate","7",3,TRUE,2.08000000000175
"2372","Z=~z3",0.691930033447604,0.0627757697444908,0.5,"PLS",12406,1189205,500,"Moderate","7",3,TRUE,2.08000000000175
"2373","Y=~y1",0.645967146576667,0.0624445955854295,0.5,"PLS",12406,1189205,500,"Moderate","7",3,TRUE,2.08000000000175
"2374","Y=~y2",0.696817588919249,0.0538870168230622,0.5,"PLS",12406,1189205,500,"Moderate","7",3,TRUE,2.08000000000175
"2375","Y=~y3",0.704406624802903,0.0532649681139397,0.5,"PLS",12406,1189205,500,"Moderate","7",3,TRUE,2.08000000000175
"2376","Y~X",0.23861397323566,0.0400393748643357,0.4,"PLS",12406,1189205,500,"Moderate","7",3,TRUE,2.08000000000175
"2377","Y~Z",0.278574949852572,0.0419678076192197,0.5,"PLS",12406,1189205,500,"Moderate","7",3,TRUE,2.08000000000175
"2378","Y~X:Z",0.157448390999943,0.0394399452827439,0.3,"PLS",12406,1189205,500,"Moderate","7",3,TRUE,2.08000000000175
"2379","X~~Z",0.137714782456144,0.0468662619709608,0.2,"PLS",12406,1189205,500,"Moderate","7",3,TRUE,2.08000000000175
"2380","X=~x1",0.465,0.067,0.5,"Mplus",12406,1189205,500,"Moderate","7",3,TRUE,334.839999999997
"2381","X=~x2",0.539,0.072,0.5,"Mplus",12406,1189205,500,"Moderate","7",3,TRUE,334.839999999997
"2382","X=~x3",0.394,0.066,0.5,"Mplus",12406,1189205,500,"Moderate","7",3,TRUE,334.839999999997
"2383","Z=~z1",0.424,0.06,0.5,"Mplus",12406,1189205,500,"Moderate","7",3,TRUE,334.839999999997
"2384","Z=~z2",0.6,0.064,0.5,"Mplus",12406,1189205,500,"Moderate","7",3,TRUE,334.839999999997
"2385","Z=~z3",0.459,0.059,0.5,"Mplus",12406,1189205,500,"Moderate","7",3,TRUE,334.839999999997
"2386","Y=~y1",0.393,0.056,0.5,"Mplus",12406,1189205,500,"Moderate","7",3,TRUE,334.839999999997
"2387","Y=~y2",0.476,0.059,0.5,"Mplus",12406,1189205,500,"Moderate","7",3,TRUE,334.839999999997
"2388","Y=~y3",0.475,0.058,0.5,"Mplus",12406,1189205,500,"Moderate","7",3,TRUE,334.839999999997
"2389","Y~X",0.45,0.099,0.4,"Mplus",12406,1189205,500,"Moderate","7",3,TRUE,334.839999999997
"2390","Y~Z",0.562,0.094,0.5,"Mplus",12406,1189205,500,"Moderate","7",3,TRUE,334.839999999997
"2391","Y~X:Z",0.299,0.106,0.3,"Mplus",12406,1189205,500,"Moderate","7",3,TRUE,334.839999999997
"2392","X~~Z",0.234,0.094,0.2,"Mplus",12406,1189205,500,"Moderate","7",3,TRUE,334.839999999997
"2393","X=~x1",0.787899188793473,0.0212827353664747,0.8,"MC-OrdPLSc",12407,6170099,1000,"Moderate","7",2,TRUE,32.2999999999884
"2394","X=~x2",0.830361247649918,0.0185167466776604,0.8,"MC-OrdPLSc",12407,6170099,1000,"Moderate","7",2,TRUE,32.2999999999884
"2395","X=~x3",0.805869103396248,0.0209892867371665,0.8,"MC-OrdPLSc",12407,6170099,1000,"Moderate","7",2,TRUE,32.2999999999884
"2396","Z=~z1",0.816375683002168,0.0204526458498507,0.8,"MC-OrdPLSc",12407,6170099,1000,"Moderate","7",2,TRUE,32.2999999999884
"2397","Z=~z2",0.792259210988189,0.0197514121726769,0.8,"MC-OrdPLSc",12407,6170099,1000,"Moderate","7",2,TRUE,32.2999999999884
"2398","Z=~z3",0.779543936593743,0.0207272882485814,0.8,"MC-OrdPLSc",12407,6170099,1000,"Moderate","7",2,TRUE,32.2999999999884
"2399","Y=~y1",0.784397258661941,0.0202504021184842,0.8,"MC-OrdPLSc",12407,6170099,1000,"Moderate","7",2,TRUE,32.2999999999884
"2400","Y=~y2",0.794087838107683,0.0192022865459412,0.8,"MC-OrdPLSc",12407,6170099,1000,"Moderate","7",2,TRUE,32.2999999999884
"2401","Y=~y3",0.776286820762415,0.0206997354300331,0.8,"MC-OrdPLSc",12407,6170099,1000,"Moderate","7",2,TRUE,32.2999999999884
"2402","Y~X",0.418138545159189,0.0320824025796808,0.4,"MC-OrdPLSc",12407,6170099,1000,"Moderate","7",2,TRUE,32.2999999999884
"2403","Y~Z",0.485275851877536,0.0299043730590097,0.5,"MC-OrdPLSc",12407,6170099,1000,"Moderate","7",2,TRUE,32.2999999999884
"2404","Y~X:Z",0.34258188890412,0.039923184048633,0.3,"MC-OrdPLSc",12407,6170099,1000,"Moderate","7",2,TRUE,32.2999999999884
"2405","X~~Z",0.202059137352126,0.0380164180082297,0.2,"MC-OrdPLSc",12407,6170099,1000,"Moderate","7",2,TRUE,32.2999999999884
"2406","X=~x1",0.738006024688548,0.0351560664699236,0.8,"PLSc",12407,6170099,1000,"Moderate","7",2,TRUE,6.58000000000175
"2407","X=~x2",0.823852776276473,0.0331240222365846,0.8,"PLSc",12407,6170099,1000,"Moderate","7",2,TRUE,6.58000000000175
"2408","X=~x3",0.779733718701837,0.0337491980111092,0.8,"PLSc",12407,6170099,1000,"Moderate","7",2,TRUE,6.58000000000175
"2409","Z=~z1",0.80313196292934,0.0324885741760792,0.8,"PLSc",12407,6170099,1000,"Moderate","7",2,TRUE,6.58000000000175
"2410","Z=~z2",0.762784580569123,0.0319123299451677,0.8,"PLSc",12407,6170099,1000,"Moderate","7",2,TRUE,6.58000000000175
"2411","Z=~z3",0.744892540349247,0.0305161117436723,0.8,"PLSc",12407,6170099,1000,"Moderate","7",2,TRUE,6.58000000000175
"2412","Y=~y1",0.780308016803346,0.0233759458123937,0.8,"PLSc",12407,6170099,1000,"Moderate","7",2,TRUE,6.58000000000175
"2413","Y=~y2",0.756279497131255,0.0240933807803029,0.8,"PLSc",12407,6170099,1000,"Moderate","7",2,TRUE,6.58000000000175
"2414","Y=~y3",0.769043850055044,0.0244276224615275,0.8,"PLSc",12407,6170099,1000,"Moderate","7",2,TRUE,6.58000000000175
"2415","Y~X",0.412449198457874,0.0329778308551611,0.4,"PLSc",12407,6170099,1000,"Moderate","7",2,TRUE,6.58000000000175
"2416","Y~Z",0.477360812516675,0.0332715653511448,0.5,"PLSc",12407,6170099,1000,"Moderate","7",2,TRUE,6.58000000000175
"2417","Y~X:Z",0.309197352727337,0.03881089591383,0.3,"PLSc",12407,6170099,1000,"Moderate","7",2,TRUE,6.58000000000175
"2418","X~~Z",0.199810582387299,0.0390313727161134,0.2,"PLSc",12407,6170099,1000,"Moderate","7",2,TRUE,6.58000000000175
"2419","X=~x1",0.849998609664895,0.0117108879388062,0.8,"PLS",12407,6170099,1000,"Moderate","7",2,TRUE,1.74000000000524
"2420","X=~x2",0.870703626602571,0.00890569900803945,0.8,"PLS",12407,6170099,1000,"Moderate","7",2,TRUE,1.74000000000524
"2421","X=~x3",0.859128418042002,0.0112946152709768,0.8,"PLS",12407,6170099,1000,"Moderate","7",2,TRUE,1.74000000000524
"2422","Z=~z1",0.864087805298549,0.0107723650643887,0.8,"PLS",12407,6170099,1000,"Moderate","7",2,TRUE,1.74000000000524
"2423","Z=~z2",0.851929743651159,0.0111397102074166,0.8,"PLS",12407,6170099,1000,"Moderate","7",2,TRUE,1.74000000000524
"2424","Z=~z3",0.845032332747709,0.011254220269419,0.8,"PLS",12407,6170099,1000,"Moderate","7",2,TRUE,1.74000000000524
"2425","Y=~y1",0.853292388004406,0.00995672694912407,0.8,"PLS",12407,6170099,1000,"Moderate","7",2,TRUE,1.74000000000524
"2426","Y=~y2",0.856478713235432,0.0101775938223709,0.8,"PLS",12407,6170099,1000,"Moderate","7",2,TRUE,1.74000000000524
"2427","Y=~y3",0.848494724535273,0.010733617904245,0.8,"PLS",12407,6170099,1000,"Moderate","7",2,TRUE,1.74000000000524
"2428","Y~X",0.356847726458039,0.025143899642236,0.4,"PLS",12407,6170099,1000,"Moderate","7",2,TRUE,1.74000000000524
"2429","Y~Z",0.403099015551848,0.025651406181756,0.5,"PLS",12407,6170099,1000,"Moderate","7",2,TRUE,1.74000000000524
"2430","Y~X:Z",0.239015449749562,0.0242770134891724,0.3,"PLS",12407,6170099,1000,"Moderate","7",2,TRUE,1.74000000000524
"2431","X~~Z",0.164011888531615,0.0323050139686105,0.2,"PLS",12407,6170099,1000,"Moderate","7",2,TRUE,1.74000000000524
"2432","X=~x1",0.781,0.019,0.8,"Mplus",12407,6170099,1000,"Moderate","7",2,TRUE,633.87999999999
"2433","X=~x2",0.819,0.019,0.8,"Mplus",12407,6170099,1000,"Moderate","7",2,TRUE,633.87999999999
"2434","X=~x3",0.786,0.019,0.8,"Mplus",12407,6170099,1000,"Moderate","7",2,TRUE,633.87999999999
"2435","Z=~z1",0.813,0.019,0.8,"Mplus",12407,6170099,1000,"Moderate","7",2,TRUE,633.87999999999
"2436","Z=~z2",0.781,0.019,0.8,"Mplus",12407,6170099,1000,"Moderate","7",2,TRUE,633.87999999999
"2437","Z=~z3",0.771,0.02,0.8,"Mplus",12407,6170099,1000,"Moderate","7",2,TRUE,633.87999999999
"2438","Y=~y1",0.775,0.02,0.8,"Mplus",12407,6170099,1000,"Moderate","7",2,TRUE,633.87999999999
"2439","Y=~y2",0.793,0.019,0.8,"Mplus",12407,6170099,1000,"Moderate","7",2,TRUE,633.87999999999
"2440","Y=~y3",0.772,0.02,0.8,"Mplus",12407,6170099,1000,"Moderate","7",2,TRUE,633.87999999999
"2441","Y~X",0.401,0.031,0.4,"Mplus",12407,6170099,1000,"Moderate","7",2,TRUE,633.87999999999
"2442","Y~Z",0.499,0.029,0.5,"Mplus",12407,6170099,1000,"Moderate","7",2,TRUE,633.87999999999
"2443","Y~X:Z",0.357,0.032,0.3,"Mplus",12407,6170099,1000,"Moderate","7",2,TRUE,633.87999999999
"2444","X~~Z",0.208,0.037,0.2,"Mplus",12407,6170099,1000,"Moderate","7",2,TRUE,633.87999999999
"2445","X=~x1",0.51712732851836,0.0673499075146684,0.5,"MC-OrdPLSc",12408,9091439,1000,"Moderate","7",3,TRUE,36.3699999999953
"2446","X=~x2",0.529005027424288,0.0688272725928814,0.5,"MC-OrdPLSc",12408,9091439,1000,"Moderate","7",3,TRUE,36.3699999999953
"2447","X=~x3",0.473879406701435,0.0656701357850985,0.5,"MC-OrdPLSc",12408,9091439,1000,"Moderate","7",3,TRUE,36.3699999999953
"2448","Z=~z1",0.455164737104039,0.0495721943457708,0.5,"MC-OrdPLSc",12408,9091439,1000,"Moderate","7",3,TRUE,36.3699999999953
"2449","Z=~z2",0.375037605451883,0.0545427513692407,0.5,"MC-OrdPLSc",12408,9091439,1000,"Moderate","7",3,TRUE,36.3699999999953
"2450","Z=~z3",0.60450399438511,0.053158827848933,0.5,"MC-OrdPLSc",12408,9091439,1000,"Moderate","7",3,TRUE,36.3699999999953
"2451","Y=~y1",0.519075937282412,0.0423781058951235,0.5,"MC-OrdPLSc",12408,9091439,1000,"Moderate","7",3,TRUE,36.3699999999953
"2452","Y=~y2",0.532429312791721,0.0436662054872052,0.5,"MC-OrdPLSc",12408,9091439,1000,"Moderate","7",3,TRUE,36.3699999999953
"2453","Y=~y3",0.49738595642595,0.0434946494831105,0.5,"MC-OrdPLSc",12408,9091439,1000,"Moderate","7",3,TRUE,36.3699999999953
"2454","Y~X",0.311756360534646,0.0716271157177109,0.4,"MC-OrdPLSc",12408,9091439,1000,"Moderate","7",3,TRUE,36.3699999999953
"2455","Y~Z",0.47852408730095,0.0658115962223193,0.5,"MC-OrdPLSc",12408,9091439,1000,"Moderate","7",3,TRUE,36.3699999999953
"2456","Y~X:Z",0.311660138032341,0.095065210791314,0.3,"MC-OrdPLSc",12408,9091439,1000,"Moderate","7",3,TRUE,36.3699999999953
"2457","X~~Z",0.216556224289571,0.0671662873639151,0.2,"MC-OrdPLSc",12408,9091439,1000,"Moderate","7",3,TRUE,36.3699999999953
"2458","X=~x1",0.485838749414206,0.0772565277591428,0.5,"PLSc",12408,9091439,1000,"Moderate","7",3,TRUE,7.25
"2459","X=~x2",0.527742084691891,0.0745080314303188,0.5,"PLSc",12408,9091439,1000,"Moderate","7",3,TRUE,7.25
"2460","X=~x3",0.444283908878941,0.0797181593578783,0.5,"PLSc",12408,9091439,1000,"Moderate","7",3,TRUE,7.25
"2461","Z=~z1",0.419677253216367,0.0621012667888756,0.5,"PLSc",12408,9091439,1000,"Moderate","7",3,TRUE,7.25
"2462","Z=~z2",0.355608715883302,0.0642844947166683,0.5,"PLSc",12408,9091439,1000,"Moderate","7",3,TRUE,7.25
"2463","Z=~z3",0.601855920564956,0.0635181730174433,0.5,"PLSc",12408,9091439,1000,"Moderate","7",3,TRUE,7.25
"2464","Y=~y1",0.518311144074166,0.0509344580665246,0.5,"PLSc",12408,9091439,1000,"Moderate","7",3,TRUE,7.25
"2465","Y=~y2",0.501477625725868,0.0546890527287005,0.5,"PLSc",12408,9091439,1000,"Moderate","7",3,TRUE,7.25
"2466","Y=~y3",0.480295362890449,0.0567787208312257,0.5,"PLSc",12408,9091439,1000,"Moderate","7",3,TRUE,7.25
"2467","Y~X",0.28112748140334,0.0951889375834754,0.4,"PLSc",12408,9091439,1000,"Moderate","7",3,TRUE,7.25
"2468","Y~Z",0.453956134885668,0.0888563492055105,0.5,"PLSc",12408,9091439,1000,"Moderate","7",3,TRUE,7.25
"2469","Y~X:Z",0.235707653984351,0.237519573635685,0.3,"PLSc",12408,9091439,1000,"Moderate","7",3,TRUE,7.25
"2470","X~~Z",0.214891794193478,0.0631491767292046,0.2,"PLSc",12408,9091439,1000,"Moderate","7",3,TRUE,7.25
"2471","X=~x1",0.70792925999949,0.0571388155328335,0.5,"PLS",12408,9091439,1000,"Moderate","7",3,TRUE,2.08000000000175
"2472","X=~x2",0.723924854458751,0.0575249830616082,0.5,"PLS",12408,9091439,1000,"Moderate","7",3,TRUE,2.08000000000175
"2473","X=~x3",0.668549453366978,0.062951085687299,0.5,"PLS",12408,9091439,1000,"Moderate","7",3,TRUE,2.08000000000175
"2474","Z=~z1",0.667440876591785,0.0520840647810359,0.5,"PLS",12408,9091439,1000,"Moderate","7",3,TRUE,2.08000000000175
"2475","Z=~z2",0.569666457686402,0.0643786003100187,0.5,"PLS",12408,9091439,1000,"Moderate","7",3,TRUE,2.08000000000175
"2476","Z=~z3",0.799091321165014,0.0412702598461953,0.5,"PLS",12408,9091439,1000,"Moderate","7",3,TRUE,2.08000000000175
"2477","Y=~y1",0.709561655116728,0.0390725429626304,0.5,"PLS",12408,9091439,1000,"Moderate","7",3,TRUE,2.08000000000175
"2478","Y=~y2",0.720491899567234,0.0385100668124933,0.5,"PLS",12408,9091439,1000,"Moderate","7",3,TRUE,2.08000000000175
"2479","Y=~y3",0.691238942269761,0.0439514277391364,0.5,"PLS",12408,9091439,1000,"Moderate","7",3,TRUE,2.08000000000175
"2480","Y~X",0.183506715045762,0.0277977926855127,0.4,"PLS",12408,9091439,1000,"Moderate","7",3,TRUE,2.08000000000175
"2481","Y~Z",0.247520952175029,0.0318080360633127,0.5,"PLS",12408,9091439,1000,"Moderate","7",3,TRUE,2.08000000000175
"2482","Y~X:Z",0.104592942150468,0.0277666224119203,0.3,"PLS",12408,9091439,1000,"Moderate","7",3,TRUE,2.08000000000175
"2483","X~~Z",0.103175407178086,0.0307567655942702,0.2,"PLS",12408,9091439,1000,"Moderate","7",3,TRUE,2.08000000000175
"2484","X=~x1",0.508,0.047,0.5,"Mplus",12408,9091439,1000,"Moderate","7",3,TRUE,645.389999999999
"2485","X=~x2",0.436,0.047,0.5,"Mplus",12408,9091439,1000,"Moderate","7",3,TRUE,645.389999999999
"2486","X=~x3",0.494,0.048,0.5,"Mplus",12408,9091439,1000,"Moderate","7",3,TRUE,645.389999999999
"2487","Z=~z1",0.477,0.047,0.5,"Mplus",12408,9091439,1000,"Moderate","7",3,TRUE,645.389999999999
"2488","Z=~z2",0.38,0.046,0.5,"Mplus",12408,9091439,1000,"Moderate","7",3,TRUE,645.389999999999
"2489","Z=~z3",0.536,0.05,0.5,"Mplus",12408,9091439,1000,"Moderate","7",3,TRUE,645.389999999999
"2490","Y=~y1",0.467,0.042,0.5,"Mplus",12408,9091439,1000,"Moderate","7",3,TRUE,645.389999999999
"2491","Y=~y2",0.53,0.042,0.5,"Mplus",12408,9091439,1000,"Moderate","7",3,TRUE,645.389999999999
"2492","Y=~y3",0.49,0.042,0.5,"Mplus",12408,9091439,1000,"Moderate","7",3,TRUE,645.389999999999
"2493","Y~X",0.337,0.067,0.4,"Mplus",12408,9091439,1000,"Moderate","7",3,TRUE,645.389999999999
"2494","Y~Z",0.467,0.065,0.5,"Mplus",12408,9091439,1000,"Moderate","7",3,TRUE,645.389999999999
"2495","Y~X:Z",0.317,0.076,0.3,"Mplus",12408,9091439,1000,"Moderate","7",3,TRUE,645.389999999999
"2496","X~~Z",0.218,0.065,0.2,"Mplus",12408,9091439,1000,"Moderate","7",3,TRUE,645.389999999999
"2497","X=~x1",0.556611328460049,0.146739510650331,0.8,"MC-OrdPLSc",12409,5197938,200,"Extreme","2",2,TRUE,18.0800000000017
"2498","X=~x2",0.856830994474516,0.151851824140531,0.8,"MC-OrdPLSc",12409,5197938,200,"Extreme","2",2,TRUE,18.0800000000017
"2499","X=~x3",0.709872410701818,0.142941932251738,0.8,"MC-OrdPLSc",12409,5197938,200,"Extreme","2",2,TRUE,18.0800000000017
"2500","Z=~z1",0.805916039321268,0.12962041037063,0.8,"MC-OrdPLSc",12409,5197938,200,"Extreme","2",2,TRUE,18.0800000000017
"2501","Z=~z2",0.785699621155295,0.11050292165628,0.8,"MC-OrdPLSc",12409,5197938,200,"Extreme","2",2,TRUE,18.0800000000017
"2502","Z=~z3",0.880849709900503,0.115359878853712,0.8,"MC-OrdPLSc",12409,5197938,200,"Extreme","2",2,TRUE,18.0800000000017
"2503","Y=~y1",0.782313843086643,0.121324369785139,0.8,"MC-OrdPLSc",12409,5197938,200,"Extreme","2",2,TRUE,18.0800000000017
"2504","Y=~y2",0.843226594268891,0.0843994139634155,0.8,"MC-OrdPLSc",12409,5197938,200,"Extreme","2",2,TRUE,18.0800000000017
"2505","Y=~y3",0.720482656424686,0.100067033541296,0.8,"MC-OrdPLSc",12409,5197938,200,"Extreme","2",2,TRUE,18.0800000000017
"2506","Y~X",0.43586515469405,0.207036715178268,0.4,"MC-OrdPLSc",12409,5197938,200,"Extreme","2",2,TRUE,18.0800000000017
"2507","Y~Z",0.23285537965029,0.260412171370673,0.5,"MC-OrdPLSc",12409,5197938,200,"Extreme","2",2,TRUE,18.0800000000017
"2508","Y~X:Z",0.474694436523024,0.351255612701254,0.3,"MC-OrdPLSc",12409,5197938,200,"Extreme","2",2,TRUE,18.0800000000017
"2509","X~~Z",0.295184661831791,0.167721934239901,0.2,"MC-OrdPLSc",12409,5197938,200,"Extreme","2",2,TRUE,18.0800000000017
"2510","X=~x1",0.389253242420566,0.146557509570748,0.8,"PLSc",12409,5197938,200,"Extreme","2",2,TRUE,3.45000000001164
"2511","X=~x2",0.610801735026693,0.138430759772549,0.8,"PLSc",12409,5197938,200,"Extreme","2",2,TRUE,3.45000000001164
"2512","X=~x3",0.574947894862341,0.120376299539234,0.8,"PLSc",12409,5197938,200,"Extreme","2",2,TRUE,3.45000000001164
"2513","Z=~z1",0.498691924827069,0.204333407976375,0.8,"PLSc",12409,5197938,200,"Extreme","2",2,TRUE,3.45000000001164
"2514","Z=~z2",0.711768761178728,0.159010328723968,0.8,"PLSc",12409,5197938,200,"Extreme","2",2,TRUE,3.45000000001164
"2515","Z=~z3",0.718493434503471,0.153364793489772,0.8,"PLSc",12409,5197938,200,"Extreme","2",2,TRUE,3.45000000001164
"2516","Y=~y1",0.670981999504967,0.120665393333547,0.8,"PLSc",12409,5197938,200,"Extreme","2",2,TRUE,3.45000000001164
"2517","Y=~y2",0.685227699775286,0.113193679756891,0.8,"PLSc",12409,5197938,200,"Extreme","2",2,TRUE,3.45000000001164
"2518","Y=~y3",0.56644406698508,0.11601537787526,0.8,"PLSc",12409,5197938,200,"Extreme","2",2,TRUE,3.45000000001164
"2519","Y~X",0.445195544993787,3.11395930510221,0.4,"PLSc",12409,5197938,200,"Extreme","2",2,TRUE,3.45000000001164
"2520","Y~Z",0.315559946600951,2.49909841315411,0.5,"PLSc",12409,5197938,200,"Extreme","2",2,TRUE,3.45000000001164
"2521","Y~X:Z",0.125583620960418,4.31591967998891,0.3,"PLSc",12409,5197938,200,"Extreme","2",2,TRUE,3.45000000001164
"2522","X~~Z",0.238334250364241,0.138039724853815,0.2,"PLSc",12409,5197938,200,"Extreme","2",2,TRUE,3.45000000001164
"2523","X=~x1",0.575506680471069,0.139692573916671,0.8,"PLS",12409,5197938,200,"Extreme","2",2,TRUE,2.24000000000524
"2524","X=~x2",0.827244024945492,0.0665763545077379,0.8,"PLS",12409,5197938,200,"Extreme","2",2,TRUE,2.24000000000524
"2525","X=~x3",0.726073143679899,0.0876349801744234,0.8,"PLS",12409,5197938,200,"Extreme","2",2,TRUE,2.24000000000524
"2526","Z=~z1",0.771914222850959,0.0932682014193456,0.8,"PLS",12409,5197938,200,"Extreme","2",2,TRUE,2.24000000000524
"2527","Z=~z2",0.762955344487383,0.0879749388816594,0.8,"PLS",12409,5197938,200,"Extreme","2",2,TRUE,2.24000000000524
"2528","Z=~z3",0.820725109526727,0.0656606283200722,0.8,"PLS",12409,5197938,200,"Extreme","2",2,TRUE,2.24000000000524
"2529","Y=~y1",0.784500232347597,0.0689325824877817,0.8,"PLS",12409,5197938,200,"Extreme","2",2,TRUE,2.24000000000524
"2530","Y=~y2",0.810914781154077,0.049814835151438,0.8,"PLS",12409,5197938,200,"Extreme","2",2,TRUE,2.24000000000524
"2531","Y=~y3",0.739984898252387,0.0776522320639121,0.8,"PLS",12409,5197938,200,"Extreme","2",2,TRUE,2.24000000000524
"2532","Y~X",0.282878154530709,0.0829103175216098,0.4,"PLS",12409,5197938,200,"Extreme","2",2,TRUE,2.24000000000524
"2533","Y~Z",0.249634420951042,0.0809115823219449,0.5,"PLS",12409,5197938,200,"Extreme","2",2,TRUE,2.24000000000524
"2534","Y~X:Z",0.166751610164715,0.0786188799556973,0.3,"PLS",12409,5197938,200,"Extreme","2",2,TRUE,2.24000000000524
"2535","X~~Z",0.148906791483254,0.0886141959202639,0.2,"PLS",12409,5197938,200,"Extreme","2",2,TRUE,2.24000000000524
"2536","X=~x1",0.584,0.168,0.8,"Mplus",12409,5197938,200,"Extreme","2",2,TRUE,65.8799999999901
"2537","X=~x2",0.944,0.087,0.8,"Mplus",12409,5197938,200,"Extreme","2",2,TRUE,65.8799999999901
"2538","X=~x3",0.643,0.11,0.8,"Mplus",12409,5197938,200,"Extreme","2",2,TRUE,65.8799999999901
"2539","Z=~z1",0.889,0.066,0.8,"Mplus",12409,5197938,200,"Extreme","2",2,TRUE,65.8799999999901
"2540","Z=~z2",0.72,0.087,0.8,"Mplus",12409,5197938,200,"Extreme","2",2,TRUE,65.8799999999901
"2541","Z=~z3",0.893,0.068,0.8,"Mplus",12409,5197938,200,"Extreme","2",2,TRUE,65.8799999999901
"2542","Y=~y1",0.75,0.095,0.8,"Mplus",12409,5197938,200,"Extreme","2",2,TRUE,65.8799999999901
"2543","Y=~y2",0.853,0.09,0.8,"Mplus",12409,5197938,200,"Extreme","2",2,TRUE,65.8799999999901
"2544","Y=~y3",0.718,0.094,0.8,"Mplus",12409,5197938,200,"Extreme","2",2,TRUE,65.8799999999901
"2545","Y~X",0.389,0.183,0.4,"Mplus",12409,5197938,200,"Extreme","2",2,TRUE,65.8799999999901
"2546","Y~Z",0.31,0.18,0.5,"Mplus",12409,5197938,200,"Extreme","2",2,TRUE,65.8799999999901
"2547","Y~X:Z",0.533,0.189,0.3,"Mplus",12409,5197938,200,"Extreme","2",2,TRUE,65.8799999999901
"2548","X~~Z",0.186,0.138,0.2,"Mplus",12409,5197938,200,"Extreme","2",2,TRUE,65.8799999999901
"2549","X=~x1",0.447631336356926,1.05803334428101,0.5,"MC-OrdPLSc",12410,9908112,200,"Extreme","2",3,TRUE,24.6300000000047
"2550","X=~x2",0.399103302488094,0.566859945302911,0.5,"MC-OrdPLSc",12410,9908112,200,"Extreme","2",3,TRUE,24.6300000000047
"2551","X=~x3",0.725052465761475,1.66802531643195,0.5,"MC-OrdPLSc",12410,9908112,200,"Extreme","2",3,TRUE,24.6300000000047
"2552","Z=~z1",0.268120736171291,2.03482346796392,0.5,"MC-OrdPLSc",12410,9908112,200,"Extreme","2",3,TRUE,24.6300000000047
"2553","Z=~z2",0.998615730247259,6.24985672312715,0.5,"MC-OrdPLSc",12410,9908112,200,"Extreme","2",3,TRUE,24.6300000000047
"2554","Z=~z3",0.351927126174525,0.65725930315167,0.5,"MC-OrdPLSc",12410,9908112,200,"Extreme","2",3,TRUE,24.6300000000047
"2555","Y=~y1",0.558089477830467,2.78611456743365,0.5,"MC-OrdPLSc",12410,9908112,200,"Extreme","2",3,TRUE,24.6300000000047
"2556","Y=~y2",0.307024113736922,0.623968517975774,0.5,"MC-OrdPLSc",12410,9908112,200,"Extreme","2",3,TRUE,24.6300000000047
"2557","Y=~y3",-0.248687280716227,0.597795331630667,0.5,"MC-OrdPLSc",12410,9908112,200,"Extreme","2",3,TRUE,24.6300000000047
"2558","Y~X",0.194890065650629,2.6728107408139,0.4,"MC-OrdPLSc",12410,9908112,200,"Extreme","2",3,TRUE,24.6300000000047
"2559","Y~Z",0.536003788986896,1.73641626689123,0.5,"MC-OrdPLSc",12410,9908112,200,"Extreme","2",3,TRUE,24.6300000000047
"2560","Y~X:Z",0.126013913312746,10.6558611261496,0.3,"MC-OrdPLSc",12410,9908112,200,"Extreme","2",3,TRUE,24.6300000000047
"2561","X~~Z",0.529594934285657,3.9621302146458,0.2,"MC-OrdPLSc",12410,9908112,200,"Extreme","2",3,TRUE,24.6300000000047
"2562","X=~x1",0.255995897969057,0.32763580870977,0.5,"PLSc",12410,9908112,200,"Extreme","2",3,FALSE,6.43999999998778
"2563","X=~x2",0.300071090551149,0.298434583620145,0.5,"PLSc",12410,9908112,200,"Extreme","2",3,FALSE,6.43999999998778
"2564","X=~x3",0.506795997584958,0.329654577741627,0.5,"PLSc",12410,9908112,200,"Extreme","2",3,FALSE,6.43999999998778
"2565","Z=~z1",0.0337669325415884,0.275930262298674,0.5,"PLSc",12410,9908112,200,"Extreme","2",3,FALSE,6.43999999998778
"2566","Z=~z2",0.674058727213838,0.270893373252606,0.5,"PLSc",12410,9908112,200,"Extreme","2",3,FALSE,6.43999999998778
"2567","Z=~z3",0.240701361828817,0.26916720269168,0.5,"PLSc",12410,9908112,200,"Extreme","2",3,FALSE,6.43999999998778
"2568","Y=~y1",0.366748199210657,0.249168379748045,0.5,"PLSc",12410,9908112,200,"Extreme","2",3,FALSE,6.43999999998778
"2569","Y=~y2",0.193428676459194,0.250469075261162,0.5,"PLSc",12410,9908112,200,"Extreme","2",3,FALSE,6.43999999998778
"2570","Y=~y3",-0.150302293964376,0.209976073851642,0.5,"PLSc",12410,9908112,200,"Extreme","2",3,FALSE,6.43999999998778
"2571","Y~X",0.433453785122944,8.62347256756423,0.4,"PLSc",12410,9908112,200,"Extreme","2",3,FALSE,6.43999999998778
"2572","Y~Z",0.816243663794081,11.8969773287896,0.5,"PLSc",12410,9908112,200,"Extreme","2",3,FALSE,6.43999999998778
"2573","Y~X:Z",-0.179497972568384,6.01945865902845,0.3,"PLSc",12410,9908112,200,"Extreme","2",3,FALSE,6.43999999998778
"2574","X~~Z",0.563263385057284,1.49453262638072,0.2,"PLSc",12410,9908112,200,"Extreme","2",3,FALSE,6.43999999998778
"2575","X=~x1",0.546420092011092,0.428965482591509,0.5,"PLS",12410,9908112,200,"Extreme","2",3,TRUE,4.55999999999767
"2576","X=~x2",0.498014703921515,0.414519220782395,0.5,"PLS",12410,9908112,200,"Extreme","2",3,TRUE,4.55999999999767
"2577","X=~x3",0.830127744749984,0.376019820385854,0.5,"PLS",12410,9908112,200,"Extreme","2",3,TRUE,4.55999999999767
"2578","Z=~z1",0.323118353338675,0.348260921965319,0.5,"PLS",12410,9908112,200,"Extreme","2",3,TRUE,4.55999999999767
"2579","Z=~z2",0.945894261952909,0.231185496212599,0.5,"PLS",12410,9908112,200,"Extreme","2",3,TRUE,4.55999999999767
"2580","Z=~z3",0.434813664089397,0.354017336802917,0.5,"PLS",12410,9908112,200,"Extreme","2",3,TRUE,4.55999999999767
"2581","Y=~y1",0.869926039288988,0.232492208577356,0.5,"PLS",12410,9908112,200,"Extreme","2",3,TRUE,4.55999999999767
"2582","Y=~y2",0.494290406939941,0.353980254284467,0.5,"PLS",12410,9908112,200,"Extreme","2",3,TRUE,4.55999999999767
"2583","Y=~y3",-0.307062335427942,0.332429506417938,0.5,"PLS",12410,9908112,200,"Extreme","2",3,TRUE,4.55999999999767
"2584","Y~X",0.0861345565560978,0.10751081671146,0.4,"PLS",12410,9908112,200,"Extreme","2",3,TRUE,4.55999999999767
"2585","Y~Z",0.20998269880553,0.0867397102514823,0.5,"PLS",12410,9908112,200,"Extreme","2",3,TRUE,4.55999999999767
"2586","Y~X:Z",0.0193529293633785,0.0800872036241641,0.3,"PLS",12410,9908112,200,"Extreme","2",3,TRUE,4.55999999999767
"2587","X~~Z",0.223034423699819,0.163447100966147,0.2,"PLS",12410,9908112,200,"Extreme","2",3,TRUE,4.55999999999767
"2588","X=~x1",0.401,0.126,0.5,"Mplus",12410,9908112,200,"Extreme","2",3,FALSE,307.25
"2589","X=~x2",0.161,0.164,0.5,"Mplus",12410,9908112,200,"Extreme","2",3,FALSE,307.25
"2590","X=~x3",0.982,0.092,0.5,"Mplus",12410,9908112,200,"Extreme","2",3,FALSE,307.25
"2591","Z=~z1",0.436,0.11,0.5,"Mplus",12410,9908112,200,"Extreme","2",3,FALSE,307.25
"2592","Z=~z2",0.776,0.223,0.5,"Mplus",12410,9908112,200,"Extreme","2",3,FALSE,307.25
"2593","Z=~z3",0.457,0.182,0.5,"Mplus",12410,9908112,200,"Extreme","2",3,FALSE,307.25
"2594","Y=~y1",0.343,0.051,0.5,"Mplus",12410,9908112,200,"Extreme","2",3,FALSE,307.25
"2595","Y=~y2",1,0,0.5,"Mplus",12410,9908112,200,"Extreme","2",3,FALSE,307.25
"2596","Y=~y3",0.231,0.154,0.5,"Mplus",12410,9908112,200,"Extreme","2",3,FALSE,307.25
"2597","Y~X",-0.049,0.299,0.4,"Mplus",12410,9908112,200,"Extreme","2",3,FALSE,307.25
"2598","Y~Z",0.338,0.26,0.5,"Mplus",12410,9908112,200,"Extreme","2",3,FALSE,307.25
"2599","Y~X:Z",-0.061,0.219,0.3,"Mplus",12410,9908112,200,"Extreme","2",3,FALSE,307.25
"2600","X~~Z",0.608,0.194,0.2,"Mplus",12410,9908112,200,"Extreme","2",3,FALSE,307.25
"2601","X=~x1",0.683308704404686,0.116584775135506,0.8,"MC-OrdPLSc",12411,8025019,500,"Extreme","2",2,TRUE,15.9700000000012
"2602","X=~x2",0.942357387223346,0.109894265751865,0.8,"MC-OrdPLSc",12411,8025019,500,"Extreme","2",2,TRUE,15.9700000000012
"2603","X=~x3",0.619256499327115,0.116817244617626,0.8,"MC-OrdPLSc",12411,8025019,500,"Extreme","2",2,TRUE,15.9700000000012
"2604","Z=~z1",0.844892159603214,0.0865294076847092,0.8,"MC-OrdPLSc",12411,8025019,500,"Extreme","2",2,TRUE,15.9700000000012
"2605","Z=~z2",0.717901670651385,0.0926742256361883,0.8,"MC-OrdPLSc",12411,8025019,500,"Extreme","2",2,TRUE,15.9700000000012
"2606","Z=~z3",0.849117749295967,0.0787347413844472,0.8,"MC-OrdPLSc",12411,8025019,500,"Extreme","2",2,TRUE,15.9700000000012
"2607","Y=~y1",0.964237003183479,0.0413879297800198,0.8,"MC-OrdPLSc",12411,8025019,500,"Extreme","2",2,TRUE,15.9700000000012
"2608","Y=~y2",0.721400647912723,0.0665225075157083,0.8,"MC-OrdPLSc",12411,8025019,500,"Extreme","2",2,TRUE,15.9700000000012
"2609","Y=~y3",0.822873215748949,0.0588165983365701,0.8,"MC-OrdPLSc",12411,8025019,500,"Extreme","2",2,TRUE,15.9700000000012
"2610","Y~X",0.42148498327279,0.0966964430621451,0.4,"MC-OrdPLSc",12411,8025019,500,"Extreme","2",2,TRUE,15.9700000000012
"2611","Y~Z",0.461414248566994,0.0995485385553263,0.5,"MC-OrdPLSc",12411,8025019,500,"Extreme","2",2,TRUE,15.9700000000012
"2612","Y~X:Z",0.0319997121205588,0.150358833283078,0.3,"MC-OrdPLSc",12411,8025019,500,"Extreme","2",2,TRUE,15.9700000000012
"2613","X~~Z",0.117308126388936,0.086739443916199,0.2,"MC-OrdPLSc",12411,8025019,500,"Extreme","2",2,TRUE,15.9700000000012
"2614","X=~x1",0.488020537034745,0.118953060226494,0.8,"PLSc",12411,8025019,500,"Extreme","2",2,TRUE,4.72000000000116
"2615","X=~x2",0.812177428876441,0.116863486417718,0.8,"PLSc",12411,8025019,500,"Extreme","2",2,TRUE,4.72000000000116
"2616","X=~x3",0.415572449778351,0.125900000010813,0.8,"PLSc",12411,8025019,500,"Extreme","2",2,TRUE,4.72000000000116
"2617","Z=~z1",0.57785380224183,0.111168800176735,0.8,"PLSc",12411,8025019,500,"Extreme","2",2,TRUE,4.72000000000116
"2618","Z=~z2",0.507432944311693,0.111162381486976,0.8,"PLSc",12411,8025019,500,"Extreme","2",2,TRUE,4.72000000000116
"2619","Z=~z3",0.772519202089478,0.103934729398952,0.8,"PLSc",12411,8025019,500,"Extreme","2",2,TRUE,4.72000000000116
"2620","Y=~y1",0.86102229060929,0.0814252250596332,0.8,"PLSc",12411,8025019,500,"Extreme","2",2,TRUE,4.72000000000116
"2621","Y=~y2",0.519194220489949,0.0893585157830055,0.8,"PLSc",12411,8025019,500,"Extreme","2",2,TRUE,4.72000000000116
"2622","Y=~y3",0.632327221470528,0.0802378432179066,0.8,"PLSc",12411,8025019,500,"Extreme","2",2,TRUE,4.72000000000116
"2623","Y~X",0.340358850699681,0.128565187046394,0.4,"PLSc",12411,8025019,500,"Extreme","2",2,TRUE,4.72000000000116
"2624","Y~Z",0.373655847892476,0.107485420423802,0.5,"PLSc",12411,8025019,500,"Extreme","2",2,TRUE,4.72000000000116
"2625","Y~X:Z",0.0660110400132372,0.289423303378242,0.3,"PLSc",12411,8025019,500,"Extreme","2",2,TRUE,4.72000000000116
"2626","X~~Z",0.0812389992340981,0.0725067215913873,0.2,"PLSc",12411,8025019,500,"Extreme","2",2,TRUE,4.72000000000116
"2627","X=~x1",0.7037445021184,0.074701463486404,0.8,"PLS",12411,8025019,500,"Extreme","2",2,TRUE,2.19000000000233
"2628","X=~x2",0.853651047690124,0.0464315557672049,0.8,"PLS",12411,8025019,500,"Extreme","2",2,TRUE,2.19000000000233
"2629","X=~x3",0.637881703863739,0.0923632629776654,0.8,"PLS",12411,8025019,500,"Extreme","2",2,TRUE,2.19000000000233
"2630","Z=~z1",0.797158260271055,0.0507386879046654,0.8,"PLS",12411,8025019,500,"Extreme","2",2,TRUE,2.19000000000233
"2631","Z=~z2",0.707243182537316,0.0692455022300714,0.8,"PLS",12411,8025019,500,"Extreme","2",2,TRUE,2.19000000000233
"2632","Z=~z3",0.799785420113977,0.0514396567512185,0.8,"PLS",12411,8025019,500,"Extreme","2",2,TRUE,2.19000000000233
"2633","Y=~y1",0.867423957370276,0.0245658497874301,0.8,"PLS",12411,8025019,500,"Extreme","2",2,TRUE,2.19000000000233
"2634","Y=~y2",0.706671694161104,0.0541951647290301,0.8,"PLS",12411,8025019,500,"Extreme","2",2,TRUE,2.19000000000233
"2635","Y=~y3",0.797872339501714,0.0389625606471632,0.8,"PLS",12411,8025019,500,"Extreme","2",2,TRUE,2.19000000000233
"2636","Y~X",0.251818520394403,0.0516204570942682,0.4,"PLS",12411,8025019,500,"Extreme","2",2,TRUE,2.19000000000233
"2637","Y~Z",0.277498410821311,0.0456797432223656,0.5,"PLS",12411,8025019,500,"Extreme","2",2,TRUE,2.19000000000233
"2638","Y~X:Z",0.0602904693516415,0.0522726439643269,0.3,"PLS",12411,8025019,500,"Extreme","2",2,TRUE,2.19000000000233
"2639","X~~Z",0.0552215073808408,0.0494007488456342,0.2,"PLS",12411,8025019,500,"Extreme","2",2,TRUE,2.19000000000233
"2640","X=~x1",0.768,0.07,0.8,"Mplus",12411,8025019,500,"Extreme","2",2,TRUE,155.610000000001
"2641","X=~x2",0.795,0.072,0.8,"Mplus",12411,8025019,500,"Extreme","2",2,TRUE,155.610000000001
"2642","X=~x3",0.691,0.072,0.8,"Mplus",12411,8025019,500,"Extreme","2",2,TRUE,155.610000000001
"2643","Z=~z1",0.929,0.057,0.8,"Mplus",12411,8025019,500,"Extreme","2",2,TRUE,155.610000000001
"2644","Z=~z2",0.784,0.057,0.8,"Mplus",12411,8025019,500,"Extreme","2",2,TRUE,155.610000000001
"2645","Z=~z3",0.712,0.063,0.8,"Mplus",12411,8025019,500,"Extreme","2",2,TRUE,155.610000000001
"2646","Y=~y1",0.915,0.048,0.8,"Mplus",12411,8025019,500,"Extreme","2",2,TRUE,155.610000000001
"2647","Y=~y2",0.732,0.06,0.8,"Mplus",12411,8025019,500,"Extreme","2",2,TRUE,155.610000000001
"2648","Y=~y3",0.831,0.054,0.8,"Mplus",12411,8025019,500,"Extreme","2",2,TRUE,155.610000000001
"2649","Y~X",0.405,0.095,0.4,"Mplus",12411,8025019,500,"Extreme","2",2,TRUE,155.610000000001
"2650","Y~Z",0.434,0.088,0.5,"Mplus",12411,8025019,500,"Extreme","2",2,TRUE,155.610000000001
"2651","Y~X:Z",0.063,0.143,0.3,"Mplus",12411,8025019,500,"Extreme","2",2,TRUE,155.610000000001
"2652","X~~Z",0.128,0.097,0.2,"Mplus",12411,8025019,500,"Extreme","2",2,TRUE,155.610000000001
"2653","X=~x1",0.684019148801127,0.198956835739627,0.5,"MC-OrdPLSc",12412,7269193,500,"Extreme","2",3,TRUE,22.3899999999994
"2654","X=~x2",0.373974674791355,0.409262242970214,0.5,"MC-OrdPLSc",12412,7269193,500,"Extreme","2",3,TRUE,22.3899999999994
"2655","X=~x3",0.59439000745803,0.293467042751385,0.5,"MC-OrdPLSc",12412,7269193,500,"Extreme","2",3,TRUE,22.3899999999994
"2656","Z=~z1",0.563867482512777,0.199962074529279,0.5,"MC-OrdPLSc",12412,7269193,500,"Extreme","2",3,TRUE,22.3899999999994
"2657","Z=~z2",0.425989817920593,0.191481461443747,0.5,"MC-OrdPLSc",12412,7269193,500,"Extreme","2",3,TRUE,22.3899999999994
"2658","Z=~z3",0.555381586625064,0.178923711137563,0.5,"MC-OrdPLSc",12412,7269193,500,"Extreme","2",3,TRUE,22.3899999999994
"2659","Y=~y1",0.509392675580925,0.170987968030726,0.5,"MC-OrdPLSc",12412,7269193,500,"Extreme","2",3,TRUE,22.3899999999994
"2660","Y=~y2",0.43963990027705,0.120968620826134,0.5,"MC-OrdPLSc",12412,7269193,500,"Extreme","2",3,TRUE,22.3899999999994
"2661","Y=~y3",0.749193186745934,0.142000955878585,0.5,"MC-OrdPLSc",12412,7269193,500,"Extreme","2",3,TRUE,22.3899999999994
"2662","Y~X",0.0626454883127181,0.345179021523175,0.4,"MC-OrdPLSc",12412,7269193,500,"Extreme","2",3,TRUE,22.3899999999994
"2663","Y~Z",0.585837125567727,0.294472024627255,0.5,"MC-OrdPLSc",12412,7269193,500,"Extreme","2",3,TRUE,22.3899999999994
"2664","Y~X:Z",0.226875848660076,0.419328490600703,0.3,"MC-OrdPLSc",12412,7269193,500,"Extreme","2",3,TRUE,22.3899999999994
"2665","X~~Z",0.361159851180493,0.188758821467827,0.2,"MC-OrdPLSc",12412,7269193,500,"Extreme","2",3,TRUE,22.3899999999994
"2666","X=~x1",0.522391851703566,0.221326240148658,0.5,"PLSc",12412,7269193,500,"Extreme","2",3,TRUE,5.65999999998894
"2667","X=~x2",0.192022845251407,0.224160423458221,0.5,"PLSc",12412,7269193,500,"Extreme","2",3,TRUE,5.65999999998894
"2668","X=~x3",0.418851602725179,0.245399835878531,0.5,"PLSc",12412,7269193,500,"Extreme","2",3,TRUE,5.65999999998894
"2669","Z=~z1",0.410194739377972,0.144350042878135,0.5,"PLSc",12412,7269193,500,"Extreme","2",3,TRUE,5.65999999998894
"2670","Z=~z2",0.303946898342386,0.109452486053154,0.5,"PLSc",12412,7269193,500,"Extreme","2",3,TRUE,5.65999999998894
"2671","Z=~z3",0.374115073318507,0.123702819507492,0.5,"PLSc",12412,7269193,500,"Extreme","2",3,TRUE,5.65999999998894
"2672","Y=~y1",0.33372033385763,0.147426570835704,0.5,"PLSc",12412,7269193,500,"Extreme","2",3,TRUE,5.65999999998894
"2673","Y=~y2",0.340526651761027,0.132790192138575,0.5,"PLSc",12412,7269193,500,"Extreme","2",3,TRUE,5.65999999998894
"2674","Y=~y3",0.573457506608392,0.139611509564148,0.5,"PLSc",12412,7269193,500,"Extreme","2",3,TRUE,5.65999999998894
"2675","Y~X",0.174023900577983,1.30460309295755,0.4,"PLSc",12412,7269193,500,"Extreme","2",3,TRUE,5.65999999998894
"2676","Y~Z",0.6590451539713,3.77846790228029,0.5,"PLSc",12412,7269193,500,"Extreme","2",3,TRUE,5.65999999998894
"2677","Y~X:Z",-0.0952886814448882,2.65342020158993,0.3,"PLSc",12412,7269193,500,"Extreme","2",3,TRUE,5.65999999998894
"2678","X~~Z",0.327665084887541,0.546597876366397,0.2,"PLSc",12412,7269193,500,"Extreme","2",3,TRUE,5.65999999998894
"2679","X=~x1",0.780546197780665,0.204270001390461,0.5,"PLS",12412,7269193,500,"Extreme","2",3,TRUE,3.18000000000757
"2680","X=~x2",0.445837720032217,0.282723001579466,0.5,"PLS",12412,7269193,500,"Extreme","2",3,TRUE,3.18000000000757
"2681","X=~x3",0.69291776746425,0.272648756794756,0.5,"PLS",12412,7269193,500,"Extreme","2",3,TRUE,3.18000000000757
"2682","Z=~z1",0.704309806434368,0.152333223580523,0.5,"PLS",12412,7269193,500,"Extreme","2",3,TRUE,3.18000000000757
"2683","Z=~z2",0.544595147169325,0.157676512198094,0.5,"PLS",12412,7269193,500,"Extreme","2",3,TRUE,3.18000000000757
"2684","Z=~z3",0.684170366412201,0.139235582867552,0.5,"PLS",12412,7269193,500,"Extreme","2",3,TRUE,3.18000000000757
"2685","Y=~y1",0.614633786021429,0.154101178255521,0.5,"PLS",12412,7269193,500,"Extreme","2",3,TRUE,3.18000000000757
"2686","Y=~y2",0.531579521199586,0.161291532166352,0.5,"PLS",12412,7269193,500,"Extreme","2",3,TRUE,3.18000000000757
"2687","Y=~y3",0.818123937402849,0.104751741851951,0.5,"PLS",12412,7269193,500,"Extreme","2",3,TRUE,3.18000000000757
"2688","Y~X",0.105443363119629,0.0487642938739634,0.4,"PLS",12412,7269193,500,"Extreme","2",3,TRUE,3.18000000000757
"2689","Y~Z",0.214797599270149,0.0528835692210675,0.5,"PLS",12412,7269193,500,"Extreme","2",3,TRUE,3.18000000000757
"2690","Y~X:Z",0.0543116602369036,0.0589747554168675,0.3,"PLS",12412,7269193,500,"Extreme","2",3,TRUE,3.18000000000757
"2691","X~~Z",0.114415072271251,0.0518865074091149,0.2,"PLS",12412,7269193,500,"Extreme","2",3,TRUE,3.18000000000757
"2692","X=~x1",0.467,0.112,0.5,"Mplus",12412,7269193,500,"Extreme","2",3,TRUE,102.87000000001
"2693","X=~x2",0.525,0.107,0.5,"Mplus",12412,7269193,500,"Extreme","2",3,TRUE,102.87000000001
"2694","X=~x3",0.739,0.134,0.5,"Mplus",12412,7269193,500,"Extreme","2",3,TRUE,102.87000000001
"2695","Z=~z1",0.534,0.108,0.5,"Mplus",12412,7269193,500,"Extreme","2",3,TRUE,102.87000000001
"2696","Z=~z2",0.381,0.105,0.5,"Mplus",12412,7269193,500,"Extreme","2",3,TRUE,102.87000000001
"2697","Z=~z3",0.604,0.117,0.5,"Mplus",12412,7269193,500,"Extreme","2",3,TRUE,102.87000000001
"2698","Y=~y1",0.584,0.101,0.5,"Mplus",12412,7269193,500,"Extreme","2",3,TRUE,102.87000000001
"2699","Y=~y2",0.37,0.099,0.5,"Mplus",12412,7269193,500,"Extreme","2",3,TRUE,102.87000000001
"2700","Y=~y3",0.738,0.115,0.5,"Mplus",12412,7269193,500,"Extreme","2",3,TRUE,102.87000000001
"2701","Y~X",0.132,0.198,0.4,"Mplus",12412,7269193,500,"Extreme","2",3,TRUE,102.87000000001
"2702","Y~Z",0.532,0.184,0.5,"Mplus",12412,7269193,500,"Extreme","2",3,TRUE,102.87000000001
"2703","Y~X:Z",0.144,0.257,0.3,"Mplus",12412,7269193,500,"Extreme","2",3,TRUE,102.87000000001
"2704","X~~Z",0.339,0.142,0.2,"Mplus",12412,7269193,500,"Extreme","2",3,TRUE,102.87000000001
"2705","X=~x1",0.73526090130272,0.0468885469190697,0.8,"MC-OrdPLSc",12413,3543989,1000,"Extreme","2",2,TRUE,20.5
"2706","X=~x2",0.775555726696228,0.0511170842817716,0.8,"MC-OrdPLSc",12413,3543989,1000,"Extreme","2",2,TRUE,20.5
"2707","X=~x3",0.87349859287628,0.0396058976509012,0.8,"MC-OrdPLSc",12413,3543989,1000,"Extreme","2",2,TRUE,20.5
"2708","Z=~z1",0.764683852745518,0.048341611322322,0.8,"MC-OrdPLSc",12413,3543989,1000,"Extreme","2",2,TRUE,20.5
"2709","Z=~z2",0.884245593387,0.0463987133712071,0.8,"MC-OrdPLSc",12413,3543989,1000,"Extreme","2",2,TRUE,20.5
"2710","Z=~z3",0.80275429382774,0.0409299078602152,0.8,"MC-OrdPLSc",12413,3543989,1000,"Extreme","2",2,TRUE,20.5
"2711","Y=~y1",0.780176282028408,0.0441802656703656,0.8,"MC-OrdPLSc",12413,3543989,1000,"Extreme","2",2,TRUE,20.5
"2712","Y=~y2",0.856149749657169,0.0390606262897495,0.8,"MC-OrdPLSc",12413,3543989,1000,"Extreme","2",2,TRUE,20.5
"2713","Y=~y3",0.788543284565922,0.0462633029452591,0.8,"MC-OrdPLSc",12413,3543989,1000,"Extreme","2",2,TRUE,20.5
"2714","Y~X",0.457491327801806,0.0785465909405931,0.4,"MC-OrdPLSc",12413,3543989,1000,"Extreme","2",2,TRUE,20.5
"2715","Y~Z",0.523630678726457,0.0590044513980147,0.5,"MC-OrdPLSc",12413,3543989,1000,"Extreme","2",2,TRUE,20.5
"2716","Y~X:Z",0.162531097406439,0.127910823945222,0.3,"MC-OrdPLSc",12413,3543989,1000,"Extreme","2",2,TRUE,20.5
"2717","X~~Z",0.270451664690564,0.0744277881940225,0.2,"MC-OrdPLSc",12413,3543989,1000,"Extreme","2",2,TRUE,20.5
"2718","X=~x1",0.572742204263579,0.0613417186451493,0.8,"PLSc",12413,3543989,1000,"Extreme","2",2,TRUE,6.97000000000116
"2719","X=~x2",0.590911251222125,0.0614445460516631,0.8,"PLSc",12413,3543989,1000,"Extreme","2",2,TRUE,6.97000000000116
"2720","X=~x3",0.68360508757406,0.0565212197640955,0.8,"PLSc",12413,3543989,1000,"Extreme","2",2,TRUE,6.97000000000116
"2721","Z=~z1",0.547245231605034,0.0602372692456589,0.8,"PLSc",12413,3543989,1000,"Extreme","2",2,TRUE,6.97000000000116
"2722","Z=~z2",0.743094262380487,0.0574001778414439,0.8,"PLSc",12413,3543989,1000,"Extreme","2",2,TRUE,6.97000000000116
"2723","Z=~z3",0.627534926558057,0.0588409557684814,0.8,"PLSc",12413,3543989,1000,"Extreme","2",2,TRUE,6.97000000000116
"2724","Y=~y1",0.629924774868299,0.0422048708997257,0.8,"PLSc",12413,3543989,1000,"Extreme","2",2,TRUE,6.97000000000116
"2725","Y=~y2",0.709921183844859,0.0412403113362897,0.8,"PLSc",12413,3543989,1000,"Extreme","2",2,TRUE,6.97000000000116
"2726","Y=~y3",0.643172329136279,0.0440580921302602,0.8,"PLSc",12413,3543989,1000,"Extreme","2",2,TRUE,6.97000000000116
"2727","Y~X",0.429113620207398,0.0574956738376169,0.4,"PLSc",12413,3543989,1000,"Extreme","2",2,TRUE,6.97000000000116
"2728","Y~Z",0.471918639619075,0.0580718561815857,0.5,"PLSc",12413,3543989,1000,"Extreme","2",2,TRUE,6.97000000000116
"2729","Y~X:Z",0.0784579581144279,0.0531576716725511,0.3,"PLSc",12413,3543989,1000,"Extreme","2",2,TRUE,6.97000000000116
"2730","X~~Z",0.207537714275911,0.053014101101897,0.2,"PLSc",12413,3543989,1000,"Extreme","2",2,TRUE,6.97000000000116
"2731","X=~x1",0.723661489040378,0.0382035590802102,0.8,"PLS",12413,3543989,1000,"Extreme","2",2,TRUE,1.94999999999709
"2732","X=~x2",0.74956458813157,0.0359114580702998,0.8,"PLS",12413,3543989,1000,"Extreme","2",2,TRUE,1.94999999999709
"2733","X=~x3",0.817913715491629,0.0243190375675222,0.8,"PLS",12413,3543989,1000,"Extreme","2",2,TRUE,1.94999999999709
"2734","Z=~z1",0.741198666076958,0.0352620964709377,0.8,"PLS",12413,3543989,1000,"Extreme","2",2,TRUE,1.94999999999709
"2735","Z=~z2",0.822365452738669,0.0244760577249968,0.8,"PLS",12413,3543989,1000,"Extreme","2",2,TRUE,1.94999999999709
"2736","Z=~z3",0.768529280811101,0.0322311077169782,0.8,"PLS",12413,3543989,1000,"Extreme","2",2,TRUE,1.94999999999709
"2737","Y=~y1",0.772750115967479,0.0257024115363882,0.8,"PLS",12413,3543989,1000,"Extreme","2",2,TRUE,1.94999999999709
"2738","Y=~y2",0.817616379403301,0.0189873455540013,0.8,"PLS",12413,3543989,1000,"Extreme","2",2,TRUE,1.94999999999709
"2739","Y=~y3",0.779145302019532,0.0239545658532781,0.8,"PLS",12413,3543989,1000,"Extreme","2",2,TRUE,1.94999999999709
"2740","Y~X",0.307881600348172,0.0347888548482185,0.4,"PLS",12413,3543989,1000,"Extreme","2",2,TRUE,1.94999999999709
"2741","Y~Z",0.34722967367964,0.0372786769265272,0.5,"PLS",12413,3543989,1000,"Extreme","2",2,TRUE,1.94999999999709
"2742","Y~X:Z",0.10059093191301,0.0289369023559111,0.3,"PLS",12413,3543989,1000,"Extreme","2",2,TRUE,1.94999999999709
"2743","X~~Z",0.139325438324177,0.0357496229405569,0.2,"PLS",12413,3543989,1000,"Extreme","2",2,TRUE,1.94999999999709
"2744","X=~x1",0.716,0.045,0.8,"Mplus",12413,3543989,1000,"Extreme","2",2,TRUE,104.389999999999
"2745","X=~x2",0.771,0.042,0.8,"Mplus",12413,3543989,1000,"Extreme","2",2,TRUE,104.389999999999
"2746","X=~x3",0.875,0.039,0.8,"Mplus",12413,3543989,1000,"Extreme","2",2,TRUE,104.389999999999
"2747","Z=~z1",0.78,0.039,0.8,"Mplus",12413,3543989,1000,"Extreme","2",2,TRUE,104.389999999999
"2748","Z=~z2",0.861,0.035,0.8,"Mplus",12413,3543989,1000,"Extreme","2",2,TRUE,104.389999999999
"2749","Z=~z3",0.799,0.038,0.8,"Mplus",12413,3543989,1000,"Extreme","2",2,TRUE,104.389999999999
"2750","Y=~y1",0.779,0.04,0.8,"Mplus",12413,3543989,1000,"Extreme","2",2,TRUE,104.389999999999
"2751","Y=~y2",0.856,0.036,0.8,"Mplus",12413,3543989,1000,"Extreme","2",2,TRUE,104.389999999999
"2752","Y=~y3",0.79,0.039,0.8,"Mplus",12413,3543989,1000,"Extreme","2",2,TRUE,104.389999999999
"2753","Y~X",0.453,0.071,0.4,"Mplus",12413,3543989,1000,"Extreme","2",2,TRUE,104.389999999999
"2754","Y~Z",0.517,0.063,0.5,"Mplus",12413,3543989,1000,"Extreme","2",2,TRUE,104.389999999999
"2755","Y~X:Z",0.134,0.12,0.3,"Mplus",12413,3543989,1000,"Extreme","2",2,TRUE,104.389999999999
"2756","X~~Z",0.299,0.062,0.2,"Mplus",12413,3543989,1000,"Extreme","2",2,TRUE,104.389999999999
"2757","X=~x1",0.52029476730632,0.139143865932953,0.5,"MC-OrdPLSc",12414,3958416,1000,"Extreme","2",3,TRUE,32.4099999999889
"2758","X=~x2",0.412632571531912,0.160495004714978,0.5,"MC-OrdPLSc",12414,3958416,1000,"Extreme","2",3,TRUE,32.4099999999889
"2759","X=~x3",0.598224528103237,0.238168942176826,0.5,"MC-OrdPLSc",12414,3958416,1000,"Extreme","2",3,TRUE,32.4099999999889
"2760","Z=~z1",0.553203581093268,0.101827666850311,0.5,"MC-OrdPLSc",12414,3958416,1000,"Extreme","2",3,TRUE,32.4099999999889
"2761","Z=~z2",0.491095099834882,0.104279112382463,0.5,"MC-OrdPLSc",12414,3958416,1000,"Extreme","2",3,TRUE,32.4099999999889
"2762","Z=~z3",0.556452207316331,0.0914915449908584,0.5,"MC-OrdPLSc",12414,3958416,1000,"Extreme","2",3,TRUE,32.4099999999889
"2763","Y=~y1",0.553306574267755,0.0775060352801784,0.5,"MC-OrdPLSc",12414,3958416,1000,"Extreme","2",3,TRUE,32.4099999999889
"2764","Y=~y2",0.53993573543599,0.0933652500337958,0.5,"MC-OrdPLSc",12414,3958416,1000,"Extreme","2",3,TRUE,32.4099999999889
"2765","Y=~y3",0.424729825807612,0.094978451991716,0.5,"MC-OrdPLSc",12414,3958416,1000,"Extreme","2",3,TRUE,32.4099999999889
"2766","Y~X",0.371740921016697,0.170350175897158,0.4,"MC-OrdPLSc",12414,3958416,1000,"Extreme","2",3,TRUE,32.4099999999889
"2767","Y~Z",0.549383091030892,0.19356136516569,0.5,"MC-OrdPLSc",12414,3958416,1000,"Extreme","2",3,TRUE,32.4099999999889
"2768","Y~X:Z",0.61487069268775,0.269484451281128,0.3,"MC-OrdPLSc",12414,3958416,1000,"Extreme","2",3,TRUE,32.4099999999889
"2769","X~~Z",0.0648965226555415,0.105125574054666,0.2,"MC-OrdPLSc",12414,3958416,1000,"Extreme","2",3,TRUE,32.4099999999889
"2770","X=~x1",0.34455697207253,0.104416398408969,0.5,"PLSc",12414,3958416,1000,"Extreme","2",3,FALSE,7.2100000000064
"2771","X=~x2",0.293102276529734,0.0990922863906206,0.5,"PLSc",12414,3958416,1000,"Extreme","2",3,FALSE,7.2100000000064
"2772","X=~x3",0.42460883422124,0.0993685513245848,0.5,"PLSc",12414,3958416,1000,"Extreme","2",3,FALSE,7.2100000000064
"2773","Z=~z1",0.400272371385364,0.0903703128590573,0.5,"PLSc",12414,3958416,1000,"Extreme","2",3,FALSE,7.2100000000064
"2774","Z=~z2",0.321106672734271,0.0862808660549481,0.5,"PLSc",12414,3958416,1000,"Extreme","2",3,FALSE,7.2100000000064
"2775","Z=~z3",0.39627681207919,0.0790224290754084,0.5,"PLSc",12414,3958416,1000,"Extreme","2",3,FALSE,7.2100000000064
"2776","Y=~y1",0.449464388291784,0.072675095683841,0.5,"PLSc",12414,3958416,1000,"Extreme","2",3,FALSE,7.2100000000064
"2777","Y=~y2",0.442198731231438,0.0802012737416935,0.5,"PLSc",12414,3958416,1000,"Extreme","2",3,FALSE,7.2100000000064
"2778","Y=~y3",0.312635234384805,0.0779648231022581,0.5,"PLSc",12414,3958416,1000,"Extreme","2",3,FALSE,7.2100000000064
"2779","Y~X",0.695154829060395,2.27906805816473,0.4,"PLSc",12414,3958416,1000,"Extreme","2",3,FALSE,7.2100000000064
"2780","Y~Z",0.299677916510742,2.0298570614812,0.5,"PLSc",12414,3958416,1000,"Extreme","2",3,FALSE,7.2100000000064
"2781","Y~X:Z",1.87656693792982,7.36398474490082,0.3,"PLSc",12414,3958416,1000,"Extreme","2",3,FALSE,7.2100000000064
"2782","X~~Z",0.057359532975229,0.0940492835322543,0.2,"PLSc",12414,3958416,1000,"Extreme","2",3,FALSE,7.2100000000064
"2783","X=~x1",0.654898395665034,0.114742886223107,0.5,"PLS",12414,3958416,1000,"Extreme","2",3,TRUE,2.41000000000349
"2784","X=~x2",0.525075017651209,0.14626935676342,0.5,"PLS",12414,3958416,1000,"Extreme","2",3,TRUE,2.41000000000349
"2785","X=~x3",0.736263087769387,0.106499200447918,0.5,"PLS",12414,3958416,1000,"Extreme","2",3,TRUE,2.41000000000349
"2786","Z=~z1",0.671421918682844,0.107284634194738,0.5,"PLS",12414,3958416,1000,"Extreme","2",3,TRUE,2.41000000000349
"2787","Z=~z2",0.602375154972877,0.0992357512088363,0.5,"PLS",12414,3958416,1000,"Extreme","2",3,TRUE,2.41000000000349
"2788","Z=~z3",0.681378250322471,0.0882855406477883,0.5,"PLS",12414,3958416,1000,"Extreme","2",3,TRUE,2.41000000000349
"2789","Y=~y1",0.713006653038742,0.0679804394004466,0.5,"PLS",12414,3958416,1000,"Extreme","2",3,TRUE,2.41000000000349
"2790","Y=~y2",0.701836518197946,0.0808615907902032,0.5,"PLS",12414,3958416,1000,"Extreme","2",3,TRUE,2.41000000000349
"2791","Y=~y3",0.565050604959983,0.0878468524322432,0.5,"PLS",12414,3958416,1000,"Extreme","2",3,TRUE,2.41000000000349
"2792","Y~X",0.160456132141783,0.036963976279205,0.4,"PLS",12414,3958416,1000,"Extreme","2",3,TRUE,2.41000000000349
"2793","Y~Z",0.203930315066423,0.0367050278894368,0.5,"PLS",12414,3958416,1000,"Extreme","2",3,TRUE,2.41000000000349
"2794","Y~X:Z",0.108490783888886,0.0385484353465197,0.3,"PLS",12414,3958416,1000,"Extreme","2",3,TRUE,2.41000000000349
"2795","X~~Z",0.0183130513014336,0.0295009653877245,0.2,"PLS",12414,3958416,1000,"Extreme","2",3,TRUE,2.41000000000349
"2796","X=~x1",0.583,0.092,0.5,"Mplus",12414,3958416,1000,"Extreme","2",3,TRUE,125.75
"2797","X=~x2",0.351,0.082,0.5,"Mplus",12414,3958416,1000,"Extreme","2",3,TRUE,125.75
"2798","X=~x3",0.573,0.091,0.5,"Mplus",12414,3958416,1000,"Extreme","2",3,TRUE,125.75
"2799","Z=~z1",0.503,0.08,0.5,"Mplus",12414,3958416,1000,"Extreme","2",3,TRUE,125.75
"2800","Z=~z2",0.544,0.081,0.5,"Mplus",12414,3958416,1000,"Extreme","2",3,TRUE,125.75
"2801","Z=~z3",0.537,0.081,0.5,"Mplus",12414,3958416,1000,"Extreme","2",3,TRUE,125.75
"2802","Y=~y1",0.545,0.073,0.5,"Mplus",12414,3958416,1000,"Extreme","2",3,TRUE,125.75
"2803","Y=~y2",0.522,0.073,0.5,"Mplus",12414,3958416,1000,"Extreme","2",3,TRUE,125.75
"2804","Y=~y3",0.447,0.071,0.5,"Mplus",12414,3958416,1000,"Extreme","2",3,TRUE,125.75
"2805","Y~X",0.427,0.15,0.4,"Mplus",12414,3958416,1000,"Extreme","2",3,TRUE,125.75
"2806","Y~Z",0.553,0.144,0.5,"Mplus",12414,3958416,1000,"Extreme","2",3,TRUE,125.75
"2807","Y~X:Z",0.418,0.219,0.3,"Mplus",12414,3958416,1000,"Extreme","2",3,TRUE,125.75
"2808","X~~Z",0.054,0.113,0.2,"Mplus",12414,3958416,1000,"Extreme","2",3,TRUE,125.75
"2809","X=~x1",0.912356491605402,0.0519411702652207,0.8,"MC-OrdPLSc",12415,7188902,200,"Extreme","3",2,TRUE,15.4000000000087
"2810","X=~x2",0.772495176828655,0.0805637841864471,0.8,"MC-OrdPLSc",12415,7188902,200,"Extreme","3",2,TRUE,15.4000000000087
"2811","X=~x3",0.797294124665001,0.0710419154949003,0.8,"MC-OrdPLSc",12415,7188902,200,"Extreme","3",2,TRUE,15.4000000000087
"2812","Z=~z1",0.8242019782664,0.0619104981480311,0.8,"MC-OrdPLSc",12415,7188902,200,"Extreme","3",2,TRUE,15.4000000000087
"2813","Z=~z2",0.7532512469566,0.0719828831860436,0.8,"MC-OrdPLSc",12415,7188902,200,"Extreme","3",2,TRUE,15.4000000000087
"2814","Z=~z3",0.909553846460864,0.0490270044400428,0.8,"MC-OrdPLSc",12415,7188902,200,"Extreme","3",2,TRUE,15.4000000000087
"2815","Y=~y1",0.7476353999996,0.0607385794110985,0.8,"MC-OrdPLSc",12415,7188902,200,"Extreme","3",2,TRUE,15.4000000000087
"2816","Y=~y2",0.750915584067271,0.07913966714303,0.8,"MC-OrdPLSc",12415,7188902,200,"Extreme","3",2,TRUE,15.4000000000087
"2817","Y=~y3",0.827117958016055,0.0772286297490547,0.8,"MC-OrdPLSc",12415,7188902,200,"Extreme","3",2,TRUE,15.4000000000087
"2818","Y~X",0.591559337619778,0.112255874811948,0.4,"MC-OrdPLSc",12415,7188902,200,"Extreme","3",2,TRUE,15.4000000000087
"2819","Y~Z",0.417653066430561,0.109857597814782,0.5,"MC-OrdPLSc",12415,7188902,200,"Extreme","3",2,TRUE,15.4000000000087
"2820","Y~X:Z",0.150625754130011,0.188118615095215,0.3,"MC-OrdPLSc",12415,7188902,200,"Extreme","3",2,TRUE,15.4000000000087
"2821","X~~Z",0.30025166427328,0.101678547903732,0.2,"MC-OrdPLSc",12415,7188902,200,"Extreme","3",2,TRUE,15.4000000000087
"2822","X=~x1",0.759731065300845,0.0700415452564413,0.8,"PLSc",12415,7188902,200,"Extreme","3",2,TRUE,3.13999999999942
"2823","X=~x2",0.686613659351816,0.0982382005808537,0.8,"PLSc",12415,7188902,200,"Extreme","3",2,TRUE,3.13999999999942
"2824","X=~x3",0.714269587862158,0.0929172912296723,0.8,"PLSc",12415,7188902,200,"Extreme","3",2,TRUE,3.13999999999942
"2825","Z=~z1",0.715981420727219,0.0900915859150873,0.8,"PLSc",12415,7188902,200,"Extreme","3",2,TRUE,3.13999999999942
"2826","Z=~z2",0.644289151047621,0.113167092918989,0.8,"PLSc",12415,7188902,200,"Extreme","3",2,TRUE,3.13999999999942
"2827","Z=~z3",0.821252836459627,0.0910630361532338,0.8,"PLSc",12415,7188902,200,"Extreme","3",2,TRUE,3.13999999999942
"2828","Y=~y1",0.712973523041712,0.0644846509915331,0.8,"PLSc",12415,7188902,200,"Extreme","3",2,TRUE,3.13999999999942
"2829","Y=~y2",0.605787088528062,0.0847085380676009,0.8,"PLSc",12415,7188902,200,"Extreme","3",2,TRUE,3.13999999999942
"2830","Y=~y3",0.723109184281187,0.0721838901403023,0.8,"PLSc",12415,7188902,200,"Extreme","3",2,TRUE,3.13999999999942
"2831","Y~X",0.554670689594795,0.145259987594093,0.4,"PLSc",12415,7188902,200,"Extreme","3",2,TRUE,3.13999999999942
"2832","Y~Z",0.404025820199853,0.100335348419971,0.5,"PLSc",12415,7188902,200,"Extreme","3",2,TRUE,3.13999999999942
"2833","Y~X:Z",0.0807628706757549,0.280442847780795,0.3,"PLSc",12415,7188902,200,"Extreme","3",2,TRUE,3.13999999999942
"2834","X~~Z",0.251955582523992,0.102006029609788,0.2,"PLSc",12415,7188902,200,"Extreme","3",2,TRUE,3.13999999999942
"2835","X=~x1",0.870118405657089,0.0262854508123101,0.8,"PLS",12415,7188902,200,"Extreme","3",2,TRUE,1.82999999998719
"2836","X=~x2",0.792598574639309,0.048900513410671,0.8,"PLS",12415,7188902,200,"Extreme","3",2,TRUE,1.82999999998719
"2837","X=~x3",0.806460556364376,0.0461096756183305,0.8,"PLS",12415,7188902,200,"Extreme","3",2,TRUE,1.82999999998719
"2838","Z=~z1",0.829881340598061,0.0367911816668603,0.8,"PLS",12415,7188902,200,"Extreme","3",2,TRUE,1.82999999998719
"2839","Z=~z2",0.781745993689171,0.0548464133043467,0.8,"PLS",12415,7188902,200,"Extreme","3",2,TRUE,1.82999999998719
"2840","Z=~z3",0.86820152393946,0.0289067411860772,0.8,"PLS",12415,7188902,200,"Extreme","3",2,TRUE,1.82999999998719
"2841","Y=~y1",0.788194807242423,0.0408015099501782,0.8,"PLS",12415,7188902,200,"Extreme","3",2,TRUE,1.82999999998719
"2842","Y=~y2",0.783758916090257,0.0486786236397484,0.8,"PLS",12415,7188902,200,"Extreme","3",2,TRUE,1.82999999998719
"2843","Y=~y3",0.833002393825411,0.0339708782817318,0.8,"PLS",12415,7188902,200,"Extreme","3",2,TRUE,1.82999999998719
"2844","Y~X",0.424484783905048,0.0771092412065377,0.4,"PLS",12415,7188902,200,"Extreme","3",2,TRUE,1.82999999998719
"2845","Y~Z",0.325732214485672,0.0695431538666181,0.5,"PLS",12415,7188902,200,"Extreme","3",2,TRUE,1.82999999998719
"2846","Y~X:Z",0.096405647837468,0.0587743548304875,0.3,"PLS",12415,7188902,200,"Extreme","3",2,TRUE,1.82999999998719
"2847","X~~Z",0.195079202546426,0.0802089325680437,0.2,"PLS",12415,7188902,200,"Extreme","3",2,TRUE,1.82999999998719
"2848","X=~x1",0.885,0.053,0.8,"Mplus",12415,7188902,200,"Extreme","3",2,TRUE,88.5699999999924
"2849","X=~x2",0.768,0.066,0.8,"Mplus",12415,7188902,200,"Extreme","3",2,TRUE,88.5699999999924
"2850","X=~x3",0.788,0.062,0.8,"Mplus",12415,7188902,200,"Extreme","3",2,TRUE,88.5699999999924
"2851","Z=~z1",0.793,0.065,0.8,"Mplus",12415,7188902,200,"Extreme","3",2,TRUE,88.5699999999924
"2852","Z=~z2",0.742,0.067,0.8,"Mplus",12415,7188902,200,"Extreme","3",2,TRUE,88.5699999999924
"2853","Z=~z3",0.895,0.057,0.8,"Mplus",12415,7188902,200,"Extreme","3",2,TRUE,88.5699999999924
"2854","Y=~y1",0.736,0.071,0.8,"Mplus",12415,7188902,200,"Extreme","3",2,TRUE,88.5699999999924
"2855","Y=~y2",0.737,0.073,0.8,"Mplus",12415,7188902,200,"Extreme","3",2,TRUE,88.5699999999924
"2856","Y=~y3",0.793,0.068,0.8,"Mplus",12415,7188902,200,"Extreme","3",2,TRUE,88.5699999999924
"2857","Y~X",0.507,0.116,0.4,"Mplus",12415,7188902,200,"Extreme","3",2,TRUE,88.5699999999924
"2858","Y~Z",0.439,0.116,0.5,"Mplus",12415,7188902,200,"Extreme","3",2,TRUE,88.5699999999924
"2859","Y~X:Z",0.205,0.186,0.3,"Mplus",12415,7188902,200,"Extreme","3",2,TRUE,88.5699999999924
"2860","X~~Z",0.275,0.106,0.2,"Mplus",12415,7188902,200,"Extreme","3",2,TRUE,88.5699999999924
"2861","X=~x1",0.653747816048414,1.16849813376925,0.5,"MC-OrdPLSc",12416,4455494,200,"Extreme","3",3,TRUE,25.7699999999895
"2862","X=~x2",0.386823758865996,0.60380089630507,0.5,"MC-OrdPLSc",12416,4455494,200,"Extreme","3",3,TRUE,25.7699999999895
"2863","X=~x3",0.311595584403027,0.361241576112555,0.5,"MC-OrdPLSc",12416,4455494,200,"Extreme","3",3,TRUE,25.7699999999895
"2864","Z=~z1",0.372817954966579,0.415569357599331,0.5,"MC-OrdPLSc",12416,4455494,200,"Extreme","3",3,TRUE,25.7699999999895
"2865","Z=~z2",0.266558822439979,0.380454091575736,0.5,"MC-OrdPLSc",12416,4455494,200,"Extreme","3",3,TRUE,25.7699999999895
"2866","Z=~z3",0.707928808395372,1.9130869736576,0.5,"MC-OrdPLSc",12416,4455494,200,"Extreme","3",3,TRUE,25.7699999999895
"2867","Y=~y1",0.397102385501016,0.335910637910075,0.5,"MC-OrdPLSc",12416,4455494,200,"Extreme","3",3,TRUE,25.7699999999895
"2868","Y=~y2",0.691199372035987,0.427473171447271,0.5,"MC-OrdPLSc",12416,4455494,200,"Extreme","3",3,TRUE,25.7699999999895
"2869","Y=~y3",0.332795257360356,0.430074153620903,0.5,"MC-OrdPLSc",12416,4455494,200,"Extreme","3",3,TRUE,25.7699999999895
"2870","Y~X",0.626982005932679,1.1094795126066,0.4,"MC-OrdPLSc",12416,4455494,200,"Extreme","3",3,TRUE,25.7699999999895
"2871","Y~Z",0.658758110068192,1.58611250768772,0.5,"MC-OrdPLSc",12416,4455494,200,"Extreme","3",3,TRUE,25.7699999999895
"2872","Y~X:Z",0.146298905459636,0.71096200290588,0.3,"MC-OrdPLSc",12416,4455494,200,"Extreme","3",3,TRUE,25.7699999999895
"2873","X~~Z",-0.11525862683775,0.318364122369559,0.2,"MC-OrdPLSc",12416,4455494,200,"Extreme","3",3,TRUE,25.7699999999895
"2874","X=~x1",0.545264204221421,0.302589732609912,0.5,"PLSc",12416,4455494,200,"Extreme","3",3,FALSE,6.05000000000291
"2875","X=~x2",0.309010849696139,0.273926100242729,0.5,"PLSc",12416,4455494,200,"Extreme","3",3,FALSE,6.05000000000291
"2876","X=~x3",0.220370493962169,0.222690846430408,0.5,"PLSc",12416,4455494,200,"Extreme","3",3,FALSE,6.05000000000291
"2877","Z=~z1",0.285127690046921,0.240031661484024,0.5,"PLSc",12416,4455494,200,"Extreme","3",3,FALSE,6.05000000000291
"2878","Z=~z2",0.202027515467523,0.214976464163192,0.5,"PLSc",12416,4455494,200,"Extreme","3",3,FALSE,6.05000000000291
"2879","Z=~z3",0.594187074758257,0.295749256525671,0.5,"PLSc",12416,4455494,200,"Extreme","3",3,FALSE,6.05000000000291
"2880","Y=~y1",0.330126684879425,0.168157424322172,0.5,"PLSc",12416,4455494,200,"Extreme","3",3,FALSE,6.05000000000291
"2881","Y=~y2",0.593565022578093,0.231915975751844,0.5,"PLSc",12416,4455494,200,"Extreme","3",3,FALSE,6.05000000000291
"2882","Y=~y3",0.260677064687119,0.230826935502668,0.5,"PLSc",12416,4455494,200,"Extreme","3",3,FALSE,6.05000000000291
"2883","Y~X",0.750592896472384,2.21760709315856,0.4,"PLSc",12416,4455494,200,"Extreme","3",3,FALSE,6.05000000000291
"2884","Y~Z",0.785440364115338,1.51834679702992,0.5,"PLSc",12416,4455494,200,"Extreme","3",3,FALSE,6.05000000000291
"2885","Y~X:Z",0.809540152171284,3.64630709826957,0.3,"PLSc",12416,4455494,200,"Extreme","3",3,FALSE,6.05000000000291
"2886","X~~Z",-0.101276548823141,0.26947434448972,0.2,"PLSc",12416,4455494,200,"Extreme","3",3,FALSE,6.05000000000291
"2887","X=~x1",0.835717439496521,0.311878583085025,0.5,"PLS",12416,4455494,200,"Extreme","3",3,TRUE,4.70999999999185
"2888","X=~x2",0.564552668002861,0.335192284786456,0.5,"PLS",12416,4455494,200,"Extreme","3",3,TRUE,4.70999999999185
"2889","X=~x3",0.463681537670293,0.295650793919739,0.5,"PLS",12416,4455494,200,"Extreme","3",3,TRUE,4.70999999999185
"2890","Z=~z1",0.54297594791791,0.305188956162068,0.5,"PLS",12416,4455494,200,"Extreme","3",3,TRUE,4.70999999999185
"2891","Z=~z2",0.388705216535771,0.291675563278693,0.5,"PLS",12416,4455494,200,"Extreme","3",3,TRUE,4.70999999999185
"2892","Z=~z3",0.875706274980772,0.283458097329117,0.5,"PLS",12416,4455494,200,"Extreme","3",3,TRUE,4.70999999999185
"2893","Y=~y1",0.577741064043277,0.205339414906722,0.5,"PLS",12416,4455494,200,"Extreme","3",3,TRUE,4.70999999999185
"2894","Y=~y2",0.845824045847188,0.214060644203408,0.5,"PLS",12416,4455494,200,"Extreme","3",3,TRUE,4.70999999999185
"2895","Y=~y3",0.479473880256992,0.290409242986895,0.5,"PLS",12416,4455494,200,"Extreme","3",3,TRUE,4.70999999999185
"2896","Y~X",0.216525103243269,0.0834551853341064,0.4,"PLS",12416,4455494,200,"Extreme","3",3,TRUE,4.70999999999185
"2897","Y~Z",0.239727516926611,0.0753675830251284,0.5,"PLS",12416,4455494,200,"Extreme","3",3,TRUE,4.70999999999185
"2898","Y~X:Z",0.063538934186427,0.0952030664934314,0.3,"PLS",12416,4455494,200,"Extreme","3",3,TRUE,4.70999999999185
"2899","X~~Z",-0.0384828385208487,0.0742230189133083,0.2,"PLS",12416,4455494,200,"Extreme","3",3,TRUE,4.70999999999185
"2900","X=~x1",0.417,0.164,0.5,"Mplus",12416,4455494,200,"Extreme","3",3,TRUE,95.9400000000023
"2901","X=~x2",0.417,0.155,0.5,"Mplus",12416,4455494,200,"Extreme","3",3,TRUE,95.9400000000023
"2902","X=~x3",0.412,0.182,0.5,"Mplus",12416,4455494,200,"Extreme","3",3,TRUE,95.9400000000023
"2903","Z=~z1",0.255,0.094,0.5,"Mplus",12416,4455494,200,"Extreme","3",3,TRUE,95.9400000000023
"2904","Z=~z2",0.192,0.116,0.5,"Mplus",12416,4455494,200,"Extreme","3",3,TRUE,95.9400000000023
"2905","Z=~z3",0.953,0.161,0.5,"Mplus",12416,4455494,200,"Extreme","3",3,TRUE,95.9400000000023
"2906","Y=~y1",0.407,0.139,0.5,"Mplus",12416,4455494,200,"Extreme","3",3,TRUE,95.9400000000023
"2907","Y=~y2",0.754,0.164,0.5,"Mplus",12416,4455494,200,"Extreme","3",3,TRUE,95.9400000000023
"2908","Y=~y3",0.301,0.139,0.5,"Mplus",12416,4455494,200,"Extreme","3",3,TRUE,95.9400000000023
"2909","Y~X",0.744,0.288,0.4,"Mplus",12416,4455494,200,"Extreme","3",3,TRUE,95.9400000000023
"2910","Y~Z",0.606,0.181,0.5,"Mplus",12416,4455494,200,"Extreme","3",3,TRUE,95.9400000000023
"2911","Y~X:Z",-0.176,0.247,0.3,"Mplus",12416,4455494,200,"Extreme","3",3,TRUE,95.9400000000023
"2912","X~~Z",-0.228,0.182,0.2,"Mplus",12416,4455494,200,"Extreme","3",3,TRUE,95.9400000000023
"2913","X=~x1",0.873615271021371,0.0439455036031834,0.8,"MC-OrdPLSc",12417,8567899,500,"Extreme","3",2,TRUE,20
"2914","X=~x2",0.793378854665073,0.0586464979471781,0.8,"MC-OrdPLSc",12417,8567899,500,"Extreme","3",2,TRUE,20
"2915","X=~x3",0.72536635726015,0.0502939762505796,0.8,"MC-OrdPLSc",12417,8567899,500,"Extreme","3",2,TRUE,20
"2916","Z=~z1",0.766802227807401,0.0456756081411367,0.8,"MC-OrdPLSc",12417,8567899,500,"Extreme","3",2,TRUE,20
"2917","Z=~z2",0.848556358174917,0.0465928596529604,0.8,"MC-OrdPLSc",12417,8567899,500,"Extreme","3",2,TRUE,20
"2918","Z=~z3",0.753425898478226,0.0459932280649255,0.8,"MC-OrdPLSc",12417,8567899,500,"Extreme","3",2,TRUE,20
"2919","Y=~y1",0.776562830503032,0.0351770626144454,0.8,"MC-OrdPLSc",12417,8567899,500,"Extreme","3",2,TRUE,20
"2920","Y=~y2",0.814316987040486,0.0376422443493953,0.8,"MC-OrdPLSc",12417,8567899,500,"Extreme","3",2,TRUE,20
"2921","Y=~y3",0.847733685357656,0.0350419287425641,0.8,"MC-OrdPLSc",12417,8567899,500,"Extreme","3",2,TRUE,20
"2922","Y~X",0.320460726665221,0.100092662928434,0.4,"MC-OrdPLSc",12417,8567899,500,"Extreme","3",2,TRUE,20
"2923","Y~Z",0.488248400506768,0.0807667146352173,0.5,"MC-OrdPLSc",12417,8567899,500,"Extreme","3",2,TRUE,20
"2924","Y~X:Z",0.372793340299271,0.162968948215193,0.3,"MC-OrdPLSc",12417,8567899,500,"Extreme","3",2,TRUE,20
"2925","X~~Z",0.248650991216717,0.0741501161491808,0.2,"MC-OrdPLSc",12417,8567899,500,"Extreme","3",2,TRUE,20
"2926","X=~x1",0.800297693760689,0.0704071021539526,0.8,"PLSc",12417,8567899,500,"Extreme","3",2,TRUE,4.56000000001222
"2927","X=~x2",0.685053716353709,0.0814507907210154,0.8,"PLSc",12417,8567899,500,"Extreme","3",2,TRUE,4.56000000001222
"2928","X=~x3",0.569654863106585,0.0815036656498455,0.8,"PLSc",12417,8567899,500,"Extreme","3",2,TRUE,4.56000000001222
"2929","Z=~z1",0.67927416387221,0.0685158967222304,0.8,"PLSc",12417,8567899,500,"Extreme","3",2,TRUE,4.56000000001222
"2930","Z=~z2",0.736358092887269,0.0587142050583584,0.8,"PLSc",12417,8567899,500,"Extreme","3",2,TRUE,4.56000000001222
"2931","Z=~z3",0.631985615249105,0.0656402844973356,0.8,"PLSc",12417,8567899,500,"Extreme","3",2,TRUE,4.56000000001222
"2932","Y=~y1",0.691099629854148,0.0507763406739928,0.8,"PLSc",12417,8567899,500,"Extreme","3",2,TRUE,4.56000000001222
"2933","Y=~y2",0.773362206691442,0.0488405848857989,0.8,"PLSc",12417,8567899,500,"Extreme","3",2,TRUE,4.56000000001222
"2934","Y=~y3",0.734345998388341,0.0458641338971916,0.8,"PLSc",12417,8567899,500,"Extreme","3",2,TRUE,4.56000000001222
"2935","Y~X",0.322222952930708,0.0635244095556003,0.4,"PLSc",12417,8567899,500,"Extreme","3",2,TRUE,4.56000000001222
"2936","Y~Z",0.468101679168153,0.0607658085868907,0.5,"PLSc",12417,8567899,500,"Extreme","3",2,TRUE,4.56000000001222
"2937","Y~X:Z",0.22888614534827,0.0853878716192681,0.3,"PLSc",12417,8567899,500,"Extreme","3",2,TRUE,4.56000000001222
"2938","X~~Z",0.208876358784884,0.059196555053913,0.2,"PLSc",12417,8567899,500,"Extreme","3",2,TRUE,4.56000000001222
"2939","X=~x1",0.847612749892069,0.0231157549258024,0.8,"PLS",12417,8567899,500,"Extreme","3",2,TRUE,2.05000000000291
"2940","X=~x2",0.804063161445202,0.0343913550949152,0.8,"PLS",12417,8567899,500,"Extreme","3",2,TRUE,2.05000000000291
"2941","X=~x3",0.756349289215718,0.0414729466493951,0.8,"PLS",12417,8567899,500,"Extreme","3",2,TRUE,2.05000000000291
"2942","Z=~z1",0.788033176803512,0.0326328926804364,0.8,"PLS",12417,8567899,500,"Extreme","3",2,TRUE,2.05000000000291
"2943","Z=~z2",0.838958699741229,0.0226460255282934,0.8,"PLS",12417,8567899,500,"Extreme","3",2,TRUE,2.05000000000291
"2944","Z=~z3",0.777969483539854,0.0331367229047523,0.8,"PLS",12417,8567899,500,"Extreme","3",2,TRUE,2.05000000000291
"2945","Y=~y1",0.810190181789816,0.0255358933358118,0.8,"PLS",12417,8567899,500,"Extreme","3",2,TRUE,2.05000000000291
"2946","Y=~y2",0.834918558672694,0.021560567670771,0.8,"PLS",12417,8567899,500,"Extreme","3",2,TRUE,2.05000000000291
"2947","Y=~y3",0.849353511982265,0.0191002236866214,0.8,"PLS",12417,8567899,500,"Extreme","3",2,TRUE,2.05000000000291
"2948","Y~X",0.285034950826892,0.0429546619096104,0.4,"PLS",12417,8567899,500,"Extreme","3",2,TRUE,2.05000000000291
"2949","Y~Z",0.367695283663725,0.0448644780003717,0.5,"PLS",12417,8567899,500,"Extreme","3",2,TRUE,2.05000000000291
"2950","Y~X:Z",0.170002070112435,0.0468443185453032,0.3,"PLS",12417,8567899,500,"Extreme","3",2,TRUE,2.05000000000291
"2951","X~~Z",0.153951786663111,0.0440323672833301,0.2,"PLS",12417,8567899,500,"Extreme","3",2,TRUE,2.05000000000291
"2952","X=~x1",0.828,0.043,0.8,"Mplus",12417,8567899,500,"Extreme","3",2,TRUE,165.400000000009
"2953","X=~x2",0.774,0.046,0.8,"Mplus",12417,8567899,500,"Extreme","3",2,TRUE,165.400000000009
"2954","X=~x3",0.747,0.046,0.8,"Mplus",12417,8567899,500,"Extreme","3",2,TRUE,165.400000000009
"2955","Z=~z1",0.73,0.046,0.8,"Mplus",12417,8567899,500,"Extreme","3",2,TRUE,165.400000000009
"2956","Z=~z2",0.852,0.041,0.8,"Mplus",12417,8567899,500,"Extreme","3",2,TRUE,165.400000000009
"2957","Z=~z3",0.737,0.046,0.8,"Mplus",12417,8567899,500,"Extreme","3",2,TRUE,165.400000000009
"2958","Y=~y1",0.771,0.041,0.8,"Mplus",12417,8567899,500,"Extreme","3",2,TRUE,165.400000000009
"2959","Y=~y2",0.809,0.037,0.8,"Mplus",12417,8567899,500,"Extreme","3",2,TRUE,165.400000000009
"2960","Y=~y3",0.844,0.036,0.8,"Mplus",12417,8567899,500,"Extreme","3",2,TRUE,165.400000000009
"2961","Y~X",0.332,0.077,0.4,"Mplus",12417,8567899,500,"Extreme","3",2,TRUE,165.400000000009
"2962","Y~Z",0.46,0.07,0.5,"Mplus",12417,8567899,500,"Extreme","3",2,TRUE,165.400000000009
"2963","Y~X:Z",0.323,0.098,0.3,"Mplus",12417,8567899,500,"Extreme","3",2,TRUE,165.400000000009
"2964","X~~Z",0.264,0.069,0.2,"Mplus",12417,8567899,500,"Extreme","3",2,TRUE,165.400000000009
"2965","X=~x1",0.595570748762579,0.315956222070047,0.5,"MC-OrdPLSc",12418,8018228,500,"Extreme","3",3,TRUE,25.3000000000029
"2966","X=~x2",0.378725993674531,0.236566614850748,0.5,"MC-OrdPLSc",12418,8018228,500,"Extreme","3",3,TRUE,25.3000000000029
"2967","X=~x3",0.163491688585372,0.154763324362349,0.5,"MC-OrdPLSc",12418,8018228,500,"Extreme","3",3,TRUE,25.3000000000029
"2968","Z=~z1",0.429774339522031,0.121396960352838,0.5,"MC-OrdPLSc",12418,8018228,500,"Extreme","3",3,TRUE,25.3000000000029
"2969","Z=~z2",0.595922793349244,0.130070878668133,0.5,"MC-OrdPLSc",12418,8018228,500,"Extreme","3",3,TRUE,25.3000000000029
"2970","Z=~z3",0.470088698573507,0.12809287591784,0.5,"MC-OrdPLSc",12418,8018228,500,"Extreme","3",3,TRUE,25.3000000000029
"2971","Y=~y1",0.381336171598577,0.114261276609462,0.5,"MC-OrdPLSc",12418,8018228,500,"Extreme","3",3,TRUE,25.3000000000029
"2972","Y=~y2",0.493469849384973,0.128764205515564,0.5,"MC-OrdPLSc",12418,8018228,500,"Extreme","3",3,TRUE,25.3000000000029
"2973","Y=~y3",0.53948318289668,0.191046333882448,0.5,"MC-OrdPLSc",12418,8018228,500,"Extreme","3",3,TRUE,25.3000000000029
"2974","Y~X",0.284812142450645,0.318364694949085,0.4,"MC-OrdPLSc",12418,8018228,500,"Extreme","3",3,TRUE,25.3000000000029
"2975","Y~Z",0.545425109810826,0.166896299199667,0.5,"MC-OrdPLSc",12418,8018228,500,"Extreme","3",3,TRUE,25.3000000000029
"2976","Y~X:Z",0.607755548575763,0.654710122382673,0.3,"MC-OrdPLSc",12418,8018228,500,"Extreme","3",3,TRUE,25.3000000000029
"2977","X~~Z",0.195106246784678,0.156429742685535,0.2,"MC-OrdPLSc",12418,8018228,500,"Extreme","3",3,TRUE,25.3000000000029
"2978","X=~x1",0.477175238383568,0.196410162610271,0.5,"PLSc",12418,8018228,500,"Extreme","3",3,FALSE,5.30999999999767
"2979","X=~x2",0.28977711996051,0.149284046385362,0.5,"PLSc",12418,8018228,500,"Extreme","3",3,FALSE,5.30999999999767
"2980","X=~x3",0.0645902207632698,0.165099038283918,0.5,"PLSc",12418,8018228,500,"Extreme","3",3,FALSE,5.30999999999767
"2981","Z=~z1",0.303199942966888,0.106051614210376,0.5,"PLSc",12418,8018228,500,"Extreme","3",3,FALSE,5.30999999999767
"2982","Z=~z2",0.488317600476842,0.110627411491466,0.5,"PLSc",12418,8018228,500,"Extreme","3",3,FALSE,5.30999999999767
"2983","Z=~z3",0.393118675880974,0.0902619858371033,0.5,"PLSc",12418,8018228,500,"Extreme","3",3,FALSE,5.30999999999767
"2984","Y=~y1",0.321117683517388,0.0931808512684884,0.5,"PLSc",12418,8018228,500,"Extreme","3",3,FALSE,5.30999999999767
"2985","Y=~y2",0.420615562599761,0.0848301160312867,0.5,"PLSc",12418,8018228,500,"Extreme","3",3,FALSE,5.30999999999767
"2986","Y=~y3",0.492044376602905,0.0760936541911284,0.5,"PLSc",12418,8018228,500,"Extreme","3",3,FALSE,5.30999999999767
"2987","Y~X",3.02177132485266,3.84799809769464,0.4,"PLSc",12418,8018228,500,"Extreme","3",3,FALSE,5.30999999999767
"2988","Y~Z",-1.28631065302282,2.78404786523586,0.5,"PLSc",12418,8018228,500,"Extreme","3",3,FALSE,5.30999999999767
"2989","Y~X:Z",9.49093777528509,8.9522089503642,0.3,"PLSc",12418,8018228,500,"Extreme","3",3,FALSE,5.30999999999767
"2990","X~~Z",0.19112416693867,0.230923496639127,0.2,"PLSc",12418,8018228,500,"Extreme","3",3,FALSE,5.30999999999767
"2991","X=~x1",0.861021621846636,0.12456710114828,0.5,"PLS",12418,8018228,500,"Extreme","3",3,TRUE,2.46999999998661
"2992","X=~x2",0.58597380190647,0.186310255360933,0.5,"PLS",12418,8018228,500,"Extreme","3",3,TRUE,2.46999999998661
"2993","X=~x3",0.256480163627649,0.23569861242542,0.5,"PLS",12418,8018228,500,"Extreme","3",3,TRUE,2.46999999998661
"2994","Z=~z1",0.582680074788232,0.113591445376009,0.5,"PLS",12418,8018228,500,"Extreme","3",3,TRUE,2.46999999998661
"2995","Z=~z2",0.758011404255908,0.0967544336736816,0.5,"PLS",12418,8018228,500,"Extreme","3",3,TRUE,2.46999999998661
"2996","Z=~z3",0.629489694055776,0.109078813486136,0.5,"PLS",12418,8018228,500,"Extreme","3",3,TRUE,2.46999999998661
"2997","Y=~y1",0.554135317400143,0.110813382049427,0.5,"PLS",12418,8018228,500,"Extreme","3",3,TRUE,2.46999999998661
"2998","Y=~y2",0.692353963409492,0.0773423278298061,0.5,"PLS",12418,8018228,500,"Extreme","3",3,TRUE,2.46999999998661
"2999","Y=~y3",0.73986003779237,0.0696089992020182,0.5,"PLS",12418,8018228,500,"Extreme","3",3,TRUE,2.46999999998661
"3000","Y~X",0.176521373231321,0.044265632972393,0.4,"PLS",12418,8018228,500,"Extreme","3",3,TRUE,2.46999999998661
"3001","Y~Z",0.258554972517752,0.0498383996573367,0.5,"PLS",12418,8018228,500,"Extreme","3",3,TRUE,2.46999999998661
"3002","Y~X:Z",0.144419444393609,0.0623317794724838,0.3,"PLS",12418,8018228,500,"Extreme","3",3,TRUE,2.46999999998661
"3003","X~~Z",0.0617082342922771,0.0426582822410834,0.2,"PLS",12418,8018228,500,"Extreme","3",3,TRUE,2.46999999998661
"3004","X=~x1",0.422,0.076,0.5,"Mplus",12418,8018228,500,"Extreme","3",3,TRUE,235.12000000001
"3005","X=~x2",0.461,0.104,0.5,"Mplus",12418,8018228,500,"Extreme","3",3,TRUE,235.12000000001
"3006","X=~x3",0.374,0.104,0.5,"Mplus",12418,8018228,500,"Extreme","3",3,TRUE,235.12000000001
"3007","Z=~z1",0.484,0.067,0.5,"Mplus",12418,8018228,500,"Extreme","3",3,TRUE,235.12000000001
"3008","Z=~z2",0.617,0.093,0.5,"Mplus",12418,8018228,500,"Extreme","3",3,TRUE,235.12000000001
"3009","Z=~z3",0.374,0.089,0.5,"Mplus",12418,8018228,500,"Extreme","3",3,TRUE,235.12000000001
"3010","Y=~y1",0.439,0.065,0.5,"Mplus",12418,8018228,500,"Extreme","3",3,TRUE,235.12000000001
"3011","Y=~y2",0.531,0.082,0.5,"Mplus",12418,8018228,500,"Extreme","3",3,TRUE,235.12000000001
"3012","Y=~y3",0.447,0.08,0.5,"Mplus",12418,8018228,500,"Extreme","3",3,TRUE,235.12000000001
"3013","Y~X",0.233,0.094,0.4,"Mplus",12418,8018228,500,"Extreme","3",3,TRUE,235.12000000001
"3014","Y~Z",0.553,0.093,0.5,"Mplus",12418,8018228,500,"Extreme","3",3,TRUE,235.12000000001
"3015","Y~X:Z",0.775,0.063,0.3,"Mplus",12418,8018228,500,"Extreme","3",3,TRUE,235.12000000001
"3016","X~~Z",0.121,0.131,0.2,"Mplus",12418,8018228,500,"Extreme","3",3,TRUE,235.12000000001
"3017","X=~x1",0.81335843795215,0.0293304079050295,0.8,"MC-OrdPLSc",12419,7690046,1000,"Extreme","3",2,TRUE,24.4200000000128
"3018","X=~x2",0.837948494452687,0.026812819963948,0.8,"MC-OrdPLSc",12419,7690046,1000,"Extreme","3",2,TRUE,24.4200000000128
"3019","X=~x3",0.817689777161565,0.0288815073071992,0.8,"MC-OrdPLSc",12419,7690046,1000,"Extreme","3",2,TRUE,24.4200000000128
"3020","Z=~z1",0.825412542087519,0.0294885744754444,0.8,"MC-OrdPLSc",12419,7690046,1000,"Extreme","3",2,TRUE,24.4200000000128
"3021","Z=~z2",0.811191152087575,0.0290704968426406,0.8,"MC-OrdPLSc",12419,7690046,1000,"Extreme","3",2,TRUE,24.4200000000128
"3022","Z=~z3",0.790876627085921,0.029183158801495,0.8,"MC-OrdPLSc",12419,7690046,1000,"Extreme","3",2,TRUE,24.4200000000128
"3023","Y=~y1",0.735094882004184,0.0310309171039329,0.8,"MC-OrdPLSc",12419,7690046,1000,"Extreme","3",2,TRUE,24.4200000000128
"3024","Y=~y2",0.752010979542096,0.0298489244649235,0.8,"MC-OrdPLSc",12419,7690046,1000,"Extreme","3",2,TRUE,24.4200000000128
"3025","Y=~y3",0.815937443581132,0.0273181259052142,0.8,"MC-OrdPLSc",12419,7690046,1000,"Extreme","3",2,TRUE,24.4200000000128
"3026","Y~X",0.317918405739222,0.0687714032556401,0.4,"MC-OrdPLSc",12419,7690046,1000,"Extreme","3",2,TRUE,24.4200000000128
"3027","Y~Z",0.567567684086252,0.0575238277925578,0.5,"MC-OrdPLSc",12419,7690046,1000,"Extreme","3",2,TRUE,24.4200000000128
"3028","Y~X:Z",0.432434283108404,0.0882765164495847,0.3,"MC-OrdPLSc",12419,7690046,1000,"Extreme","3",2,TRUE,24.4200000000128
"3029","X~~Z",0.24794516863189,0.0556045560190329,0.2,"MC-OrdPLSc",12419,7690046,1000,"Extreme","3",2,TRUE,24.4200000000128
"3030","X=~x1",0.687589614600237,0.0489255703592395,0.8,"PLSc",12419,7690046,1000,"Extreme","3",2,TRUE,6.66999999999825
"3031","X=~x2",0.741999473208461,0.0412129702859525,0.8,"PLSc",12419,7690046,1000,"Extreme","3",2,TRUE,6.66999999999825
"3032","X=~x3",0.717695665497382,0.0448620895668491,0.8,"PLSc",12419,7690046,1000,"Extreme","3",2,TRUE,6.66999999999825
"3033","Z=~z1",0.726354780830211,0.0403099392332704,0.8,"PLSc",12419,7690046,1000,"Extreme","3",2,TRUE,6.66999999999825
"3034","Z=~z2",0.672006087428648,0.0394589216712757,0.8,"PLSc",12419,7690046,1000,"Extreme","3",2,TRUE,6.66999999999825
"3035","Z=~z3",0.701371488858039,0.0363374479833364,0.8,"PLSc",12419,7690046,1000,"Extreme","3",2,TRUE,6.66999999999825
"3036","Y=~y1",0.67307596066829,0.0331348242839271,0.8,"PLSc",12419,7690046,1000,"Extreme","3",2,TRUE,6.66999999999825
"3037","Y=~y2",0.681813903290362,0.0315238952830779,0.8,"PLSc",12419,7690046,1000,"Extreme","3",2,TRUE,6.66999999999825
"3038","Y=~y3",0.736346706891265,0.0299126062015785,0.8,"PLSc",12419,7690046,1000,"Extreme","3",2,TRUE,6.66999999999825
"3039","Y~X",0.354625398056163,0.0434651592231037,0.4,"PLSc",12419,7690046,1000,"Extreme","3",2,TRUE,6.66999999999825
"3040","Y~Z",0.529248052957959,0.0409291163220813,0.5,"PLSc",12419,7690046,1000,"Extreme","3",2,TRUE,6.66999999999825
"3041","Y~X:Z",0.205448325722782,0.0417683319629675,0.3,"PLSc",12419,7690046,1000,"Extreme","3",2,TRUE,6.66999999999825
"3042","X~~Z",0.206653550937341,0.0506360181576322,0.2,"PLSc",12419,7690046,1000,"Extreme","3",2,TRUE,6.66999999999825
"3043","X=~x1",0.815140600011114,0.0198167728839251,0.8,"PLS",12419,7690046,1000,"Extreme","3",2,TRUE,1.79000000000815
"3044","X=~x2",0.830667247800971,0.0158383353491577,0.8,"PLS",12419,7690046,1000,"Extreme","3",2,TRUE,1.79000000000815
"3045","X=~x3",0.818732795233405,0.0193492259598014,0.8,"PLS",12419,7690046,1000,"Extreme","3",2,TRUE,1.79000000000815
"3046","Z=~z1",0.821377113593575,0.0175038438935486,0.8,"PLS",12419,7690046,1000,"Extreme","3",2,TRUE,1.79000000000815
"3047","Z=~z2",0.815284604022832,0.0184962901110574,0.8,"PLS",12419,7690046,1000,"Extreme","3",2,TRUE,1.79000000000815
"3048","Z=~z3",0.800820117331577,0.0181003127230117,0.8,"PLS",12419,7690046,1000,"Extreme","3",2,TRUE,1.79000000000815
"3049","Y=~y1",0.791957137985427,0.0187237830192453,0.8,"PLS",12419,7690046,1000,"Extreme","3",2,TRUE,1.79000000000815
"3050","Y=~y2",0.801486322162814,0.0169515317976392,0.8,"PLS",12419,7690046,1000,"Extreme","3",2,TRUE,1.79000000000815
"3051","Y=~y3",0.837336540737269,0.0137641865633033,0.8,"PLS",12419,7690046,1000,"Extreme","3",2,TRUE,1.79000000000815
"3052","Y~X",0.295495446048609,0.0300592441092159,0.4,"PLS",12419,7690046,1000,"Extreme","3",2,TRUE,1.79000000000815
"3053","Y~Z",0.411179422495619,0.0295395194778149,0.5,"PLS",12419,7690046,1000,"Extreme","3",2,TRUE,1.79000000000815
"3054","Y~X:Z",0.190170110785191,0.0238823747942519,0.3,"PLS",12419,7690046,1000,"Extreme","3",2,TRUE,1.79000000000815
"3055","X~~Z",0.155359661877973,0.0385503400759806,0.2,"PLS",12419,7690046,1000,"Extreme","3",2,TRUE,1.79000000000815
"3056","X=~x1",0.802,0.028,0.8,"Mplus",12419,7690046,1000,"Extreme","3",2,TRUE,261.410000000003
"3057","X=~x2",0.825,0.028,0.8,"Mplus",12419,7690046,1000,"Extreme","3",2,TRUE,261.410000000003
"3058","X=~x3",0.811,0.028,0.8,"Mplus",12419,7690046,1000,"Extreme","3",2,TRUE,261.410000000003
"3059","Z=~z1",0.806,0.028,0.8,"Mplus",12419,7690046,1000,"Extreme","3",2,TRUE,261.410000000003
"3060","Z=~z2",0.814,0.027,0.8,"Mplus",12419,7690046,1000,"Extreme","3",2,TRUE,261.410000000003
"3061","Z=~z3",0.773,0.03,0.8,"Mplus",12419,7690046,1000,"Extreme","3",2,TRUE,261.410000000003
"3062","Y=~y1",0.725,0.032,0.8,"Mplus",12419,7690046,1000,"Extreme","3",2,TRUE,261.410000000003
"3063","Y=~y2",0.745,0.032,0.8,"Mplus",12419,7690046,1000,"Extreme","3",2,TRUE,261.410000000003
"3064","Y=~y3",0.807,0.029,0.8,"Mplus",12419,7690046,1000,"Extreme","3",2,TRUE,261.410000000003
"3065","Y~X",0.313,0.058,0.4,"Mplus",12419,7690046,1000,"Extreme","3",2,TRUE,261.410000000003
"3066","Y~Z",0.584,0.047,0.5,"Mplus",12419,7690046,1000,"Extreme","3",2,TRUE,261.410000000003
"3067","Y~X:Z",0.434,0.073,0.3,"Mplus",12419,7690046,1000,"Extreme","3",2,TRUE,261.410000000003
"3068","X~~Z",0.241,0.049,0.2,"Mplus",12419,7690046,1000,"Extreme","3",2,TRUE,261.410000000003
"3069","X=~x1",0.551925224581069,0.0956016581593542,0.5,"MC-OrdPLSc",12420,6349475,1000,"Extreme","3",3,TRUE,26.3800000000047
"3070","X=~x2",0.473321811704919,0.0842938543563473,0.5,"MC-OrdPLSc",12420,6349475,1000,"Extreme","3",3,TRUE,26.3800000000047
"3071","X=~x3",0.524625965689127,0.0866800629021772,0.5,"MC-OrdPLSc",12420,6349475,1000,"Extreme","3",3,TRUE,26.3800000000047
"3072","Z=~z1",0.573569950520888,0.103764282124608,0.5,"MC-OrdPLSc",12420,6349475,1000,"Extreme","3",3,TRUE,26.3800000000047
"3073","Z=~z2",0.437551924117706,0.0929411350525448,0.5,"MC-OrdPLSc",12420,6349475,1000,"Extreme","3",3,TRUE,26.3800000000047
"3074","Z=~z3",0.36397495150396,0.0880539697792801,0.5,"MC-OrdPLSc",12420,6349475,1000,"Extreme","3",3,TRUE,26.3800000000047
"3075","Y=~y1",0.578374031754946,0.0805279402118604,0.5,"MC-OrdPLSc",12420,6349475,1000,"Extreme","3",3,TRUE,26.3800000000047
"3076","Y=~y2",0.421558591445884,0.0669092485213857,0.5,"MC-OrdPLSc",12420,6349475,1000,"Extreme","3",3,TRUE,26.3800000000047
"3077","Y=~y3",0.551676023415575,0.0690817397564239,0.5,"MC-OrdPLSc",12420,6349475,1000,"Extreme","3",3,TRUE,26.3800000000047
"3078","Y~X",0.362408565642058,0.108370462552359,0.4,"MC-OrdPLSc",12420,6349475,1000,"Extreme","3",3,TRUE,26.3800000000047
"3079","Y~Z",0.521395044623174,0.10969969124927,0.5,"MC-OrdPLSc",12420,6349475,1000,"Extreme","3",3,TRUE,26.3800000000047
"3080","Y~X:Z",0.195583498559691,0.193502008052805,0.3,"MC-OrdPLSc",12420,6349475,1000,"Extreme","3",3,TRUE,26.3800000000047
"3081","X~~Z",0.206293374235222,0.0896767596567833,0.2,"MC-OrdPLSc",12420,6349475,1000,"Extreme","3",3,TRUE,26.3800000000047
"3082","X=~x1",0.458483761196904,0.0900773321805406,0.5,"PLSc",12420,6349475,1000,"Extreme","3",3,TRUE,7.50999999999476
"3083","X=~x2",0.364385263792357,0.0902008191626532,0.5,"PLSc",12420,6349475,1000,"Extreme","3",3,TRUE,7.50999999999476
"3084","X=~x3",0.426404457227503,0.0868629787487842,0.5,"PLSc",12420,6349475,1000,"Extreme","3",3,TRUE,7.50999999999476
"3085","Z=~z1",0.455605673525333,0.0736015453703933,0.5,"PLSc",12420,6349475,1000,"Extreme","3",3,TRUE,7.50999999999476
"3086","Z=~z2",0.351399574231806,0.0782156165919439,0.5,"PLSc",12420,6349475,1000,"Extreme","3",3,TRUE,7.50999999999476
"3087","Z=~z3",0.277833685883932,0.0760090081293843,0.5,"PLSc",12420,6349475,1000,"Extreme","3",3,TRUE,7.50999999999476
"3088","Y=~y1",0.490088261905964,0.0562251257552967,0.5,"PLSc",12420,6349475,1000,"Extreme","3",3,TRUE,7.50999999999476
"3089","Y=~y2",0.332234529201522,0.0652222113518251,0.5,"PLSc",12420,6349475,1000,"Extreme","3",3,TRUE,7.50999999999476
"3090","Y=~y3",0.467923654082659,0.0668473783109619,0.5,"PLSc",12420,6349475,1000,"Extreme","3",3,TRUE,7.50999999999476
"3091","Y~X",0.368812072821943,0.126392856454519,0.4,"PLSc",12420,6349475,1000,"Extreme","3",3,TRUE,7.50999999999476
"3092","Y~Z",0.522284149596838,0.136573222068039,0.5,"PLSc",12420,6349475,1000,"Extreme","3",3,TRUE,7.50999999999476
"3093","Y~X:Z",0.0390822662842493,0.240656442314287,0.3,"PLSc",12420,6349475,1000,"Extreme","3",3,TRUE,7.50999999999476
"3094","X~~Z",0.198552190892266,0.0904953834848322,0.2,"PLSc",12420,6349475,1000,"Extreme","3",3,TRUE,7.50999999999476
"3095","X=~x1",0.70437721863587,0.0855878380806643,0.5,"PLS",12420,6349475,1000,"Extreme","3",3,TRUE,2.47000000000116
"3096","X=~x2",0.62463755999467,0.0920071613571859,0.5,"PLS",12420,6349475,1000,"Extreme","3",3,TRUE,2.47000000000116
"3097","X=~x3",0.678455535085285,0.0850514018956469,0.5,"PLS",12420,6349475,1000,"Extreme","3",3,TRUE,2.47000000000116
"3098","Z=~z1",0.774003222190197,0.0641514331871291,0.5,"PLS",12420,6349475,1000,"Extreme","3",3,TRUE,2.47000000000116
"3099","Z=~z2",0.616047815518186,0.0998592771743545,0.5,"PLS",12420,6349475,1000,"Extreme","3",3,TRUE,2.47000000000116
"3100","Z=~z3",0.523550370776504,0.100159166352782,0.5,"PLS",12420,6349475,1000,"Extreme","3",3,TRUE,2.47000000000116
"3101","Y=~y1",0.733231464552224,0.0482436593721578,0.5,"PLS",12420,6349475,1000,"Extreme","3",3,TRUE,2.47000000000116
"3102","Y=~y2",0.568534690497101,0.0671072207739557,0.5,"PLS",12420,6349475,1000,"Extreme","3",3,TRUE,2.47000000000116
"3103","Y=~y3",0.711026292214298,0.0567135743404094,0.5,"PLS",12420,6349475,1000,"Extreme","3",3,TRUE,2.47000000000116
"3104","Y~X",0.177157891545771,0.0347126660977374,0.4,"PLS",12420,6349475,1000,"Extreme","3",3,TRUE,2.47000000000116
"3105","Y~Z",0.208647186288592,0.0317605158148561,0.5,"PLS",12420,6349475,1000,"Extreme","3",3,TRUE,2.47000000000116
"3106","Y~X:Z",0.0547338443009064,0.0360693300627523,0.3,"PLS",12420,6349475,1000,"Extreme","3",3,TRUE,2.47000000000116
"3107","X~~Z",0.0708836285103766,0.0330664039018137,0.2,"PLS",12420,6349475,1000,"Extreme","3",3,TRUE,2.47000000000116
"3108","X=~x1",0.486,0.064,0.5,"Mplus",12420,6349475,1000,"Extreme","3",3,TRUE,323.229999999996
"3109","X=~x2",0.495,0.067,0.5,"Mplus",12420,6349475,1000,"Extreme","3",3,TRUE,323.229999999996
"3110","X=~x3",0.508,0.066,0.5,"Mplus",12420,6349475,1000,"Extreme","3",3,TRUE,323.229999999996
"3111","Z=~z1",0.544,0.077,0.5,"Mplus",12420,6349475,1000,"Extreme","3",3,TRUE,323.229999999996
"3112","Z=~z2",0.39,0.066,0.5,"Mplus",12420,6349475,1000,"Extreme","3",3,TRUE,323.229999999996
"3113","Z=~z3",0.385,0.063,0.5,"Mplus",12420,6349475,1000,"Extreme","3",3,TRUE,323.229999999996
"3114","Y=~y1",0.516,0.059,0.5,"Mplus",12420,6349475,1000,"Extreme","3",3,TRUE,323.229999999996
"3115","Y=~y2",0.421,0.056,0.5,"Mplus",12420,6349475,1000,"Extreme","3",3,TRUE,323.229999999996
"3116","Y=~y3",0.523,0.06,0.5,"Mplus",12420,6349475,1000,"Extreme","3",3,TRUE,323.229999999996
"3117","Y~X",0.362,0.109,0.4,"Mplus",12420,6349475,1000,"Extreme","3",3,TRUE,323.229999999996
"3118","Y~Z",0.578,0.108,0.5,"Mplus",12420,6349475,1000,"Extreme","3",3,TRUE,323.229999999996
"3119","Y~X:Z",0.198,0.137,0.3,"Mplus",12420,6349475,1000,"Extreme","3",3,TRUE,323.229999999996
"3120","X~~Z",0.197,0.098,0.2,"Mplus",12420,6349475,1000,"Extreme","3",3,TRUE,323.229999999996
"3121","X=~x1",0.737243549330155,0.0632470242279921,0.8,"MC-OrdPLSc",12421,336403,200,"Extreme","5",2,TRUE,20.4199999999983
"3122","X=~x2",0.688287216459621,0.0747567637576437,0.8,"MC-OrdPLSc",12421,336403,200,"Extreme","5",2,TRUE,20.4199999999983
"3123","X=~x3",0.810601496700211,0.0679579860411746,0.8,"MC-OrdPLSc",12421,336403,200,"Extreme","5",2,TRUE,20.4199999999983
"3124","Z=~z1",0.808741066034601,0.0481586925128349,0.8,"MC-OrdPLSc",12421,336403,200,"Extreme","5",2,TRUE,20.4199999999983
"3125","Z=~z2",0.795824942414678,0.0430234358758454,0.8,"MC-OrdPLSc",12421,336403,200,"Extreme","5",2,TRUE,20.4199999999983
"3126","Z=~z3",0.809126608353956,0.0494969455123343,0.8,"MC-OrdPLSc",12421,336403,200,"Extreme","5",2,TRUE,20.4199999999983
"3127","Y=~y1",0.900750037775846,0.0389063489774769,0.8,"MC-OrdPLSc",12421,336403,200,"Extreme","5",2,TRUE,20.4199999999983
"3128","Y=~y2",0.823565542629481,0.0485967120161665,0.8,"MC-OrdPLSc",12421,336403,200,"Extreme","5",2,TRUE,20.4199999999983
"3129","Y=~y3",0.812624629785821,0.0532970510225091,0.8,"MC-OrdPLSc",12421,336403,200,"Extreme","5",2,TRUE,20.4199999999983
"3130","Y~X",0.347165380431102,0.0990198831215063,0.4,"MC-OrdPLSc",12421,336403,200,"Extreme","5",2,TRUE,20.4199999999983
"3131","Y~Z",0.659351247602186,0.0727784737939591,0.5,"MC-OrdPLSc",12421,336403,200,"Extreme","5",2,TRUE,20.4199999999983
"3132","Y~X:Z",-0.0606190914054509,0.154635611377359,0.3,"MC-OrdPLSc",12421,336403,200,"Extreme","5",2,TRUE,20.4199999999983
"3133","X~~Z",0.361924945685206,0.08919445157078,0.2,"MC-OrdPLSc",12421,336403,200,"Extreme","5",2,TRUE,20.4199999999983
"3134","X=~x1",0.69350882632932,0.0896436126794303,0.8,"PLSc",12421,336403,200,"Extreme","5",2,TRUE,3.14999999999418
"3135","X=~x2",0.562487939618715,0.104044087153261,0.8,"PLSc",12421,336403,200,"Extreme","5",2,TRUE,3.14999999999418
"3136","X=~x3",0.798218175867057,0.0847761130799386,0.8,"PLSc",12421,336403,200,"Extreme","5",2,TRUE,3.14999999999418
"3137","Z=~z1",0.709866375021071,0.0618918408367726,0.8,"PLSc",12421,336403,200,"Extreme","5",2,TRUE,3.14999999999418
"3138","Z=~z2",0.761736532024053,0.058733473887301,0.8,"PLSc",12421,336403,200,"Extreme","5",2,TRUE,3.14999999999418
"3139","Z=~z3",0.768392568489897,0.0569175093327025,0.8,"PLSc",12421,336403,200,"Extreme","5",2,TRUE,3.14999999999418
"3140","Y=~y1",0.798223589871705,0.0469292617502703,0.8,"PLSc",12421,336403,200,"Extreme","5",2,TRUE,3.14999999999418
"3141","Y=~y2",0.756774008725896,0.0549460526612724,0.8,"PLSc",12421,336403,200,"Extreme","5",2,TRUE,3.14999999999418
"3142","Y=~y3",0.781213384034296,0.0496053142090054,0.8,"PLSc",12421,336403,200,"Extreme","5",2,TRUE,3.14999999999418
"3143","Y~X",0.329488377350413,0.0947258097469029,0.4,"PLSc",12421,336403,200,"Extreme","5",2,TRUE,3.14999999999418
"3144","Y~Z",0.65918947271767,0.0831383729749852,0.5,"PLSc",12421,336403,200,"Extreme","5",2,TRUE,3.14999999999418
"3145","Y~X:Z",-0.0431784845853201,0.120435863558914,0.3,"PLSc",12421,336403,200,"Extreme","5",2,TRUE,3.14999999999418
"3146","X~~Z",0.335472904960417,0.0914334010757754,0.2,"PLSc",12421,336403,200,"Extreme","5",2,TRUE,3.14999999999418
"3147","X=~x1",0.800506215452268,0.0387143180768305,0.8,"PLS",12421,336403,200,"Extreme","5",2,TRUE,1.94999999999709
"3148","X=~x2",0.766598352492674,0.0531283869116725,0.8,"PLS",12421,336403,200,"Extreme","5",2,TRUE,1.94999999999709
"3149","X=~x3",0.84366625969203,0.0345175675186323,0.8,"PLS",12421,336403,200,"Extreme","5",2,TRUE,1.94999999999709
"3150","Z=~z1",0.845403801890905,0.030480547109486,0.8,"PLS",12421,336403,200,"Extreme","5",2,TRUE,1.94999999999709
"3151","Z=~z2",0.833848590207574,0.0261396763165032,0.8,"PLS",12421,336403,200,"Extreme","5",2,TRUE,1.94999999999709
"3152","Z=~z3",0.840823197432521,0.0275404395529925,0.8,"PLS",12421,336403,200,"Extreme","5",2,TRUE,1.94999999999709
"3153","Y=~y1",0.888384333762283,0.0179859908800979,0.8,"PLS",12421,336403,200,"Extreme","5",2,TRUE,1.94999999999709
"3154","Y=~y2",0.846673055925324,0.0273463928698068,0.8,"PLS",12421,336403,200,"Extreme","5",2,TRUE,1.94999999999709
"3155","Y=~y3",0.840744535249645,0.0271862740912735,0.8,"PLS",12421,336403,200,"Extreme","5",2,TRUE,1.94999999999709
"3156","Y~X",0.278935123440659,0.068286240519535,0.4,"PLS",12421,336403,200,"Extreme","5",2,TRUE,1.94999999999709
"3157","Y~Z",0.535603974173486,0.0613583948853665,0.5,"PLS",12421,336403,200,"Extreme","5",2,TRUE,1.94999999999709
"3158","Y~X:Z",0.010515674677393,0.0675459781061356,0.3,"PLS",12421,336403,200,"Extreme","5",2,TRUE,1.94999999999709
"3159","X~~Z",0.258068049381823,0.0728565308647768,0.2,"PLS",12421,336403,200,"Extreme","5",2,TRUE,1.94999999999709
"3160","X=~x1",0.721,0.065,0.8,"Mplus",12421,336403,200,"Extreme","5",2,TRUE,90.8899999999994
"3161","X=~x2",0.734,0.063,0.8,"Mplus",12421,336403,200,"Extreme","5",2,TRUE,90.8899999999994
"3162","X=~x3",0.754,0.06,0.8,"Mplus",12421,336403,200,"Extreme","5",2,TRUE,90.8899999999994
"3163","Z=~z1",0.799,0.048,0.8,"Mplus",12421,336403,200,"Extreme","5",2,TRUE,90.8899999999994
"3164","Z=~z2",0.748,0.055,0.8,"Mplus",12421,336403,200,"Extreme","5",2,TRUE,90.8899999999994
"3165","Z=~z3",0.82,0.047,0.8,"Mplus",12421,336403,200,"Extreme","5",2,TRUE,90.8899999999994
"3166","Y=~y1",0.891,0.036,0.8,"Mplus",12421,336403,200,"Extreme","5",2,TRUE,90.8899999999994
"3167","Y=~y2",0.783,0.047,0.8,"Mplus",12421,336403,200,"Extreme","5",2,TRUE,90.8899999999994
"3168","Y=~y3",0.767,0.049,0.8,"Mplus",12421,336403,200,"Extreme","5",2,TRUE,90.8899999999994
"3169","Y~X",0.36,0.086,0.4,"Mplus",12421,336403,200,"Extreme","5",2,TRUE,90.8899999999994
"3170","Y~Z",0.574,0.076,0.5,"Mplus",12421,336403,200,"Extreme","5",2,TRUE,90.8899999999994
"3171","Y~X:Z",0.095,0.134,0.3,"Mplus",12421,336403,200,"Extreme","5",2,TRUE,90.8899999999994
"3172","X~~Z",0.325,0.091,0.2,"Mplus",12421,336403,200,"Extreme","5",2,TRUE,90.8899999999994
"3173","X=~x1",0.736054541457743,0.42621428726217,0.5,"MC-OrdPLSc",12422,6942977,200,"Extreme","5",3,TRUE,28.5799999999872
"3174","X=~x2",0.575067737437046,0.318053091959088,0.5,"MC-OrdPLSc",12422,6942977,200,"Extreme","5",3,TRUE,28.5799999999872
"3175","X=~x3",0.518858445706793,0.285144984375304,0.5,"MC-OrdPLSc",12422,6942977,200,"Extreme","5",3,TRUE,28.5799999999872
"3176","Z=~z1",0.457643701568425,0.186607970142722,0.5,"MC-OrdPLSc",12422,6942977,200,"Extreme","5",3,TRUE,28.5799999999872
"3177","Z=~z2",0.413011913439327,0.180883125740071,0.5,"MC-OrdPLSc",12422,6942977,200,"Extreme","5",3,TRUE,28.5799999999872
"3178","Z=~z3",0.565538586361431,0.2342811576021,0.5,"MC-OrdPLSc",12422,6942977,200,"Extreme","5",3,TRUE,28.5799999999872
"3179","Y=~y1",0.334637646821949,0.207500343679751,0.5,"MC-OrdPLSc",12422,6942977,200,"Extreme","5",3,TRUE,28.5799999999872
"3180","Y=~y2",0.532493064446939,0.293017600682909,0.5,"MC-OrdPLSc",12422,6942977,200,"Extreme","5",3,TRUE,28.5799999999872
"3181","Y=~y3",0.433247212843275,0.209760602958376,0.5,"MC-OrdPLSc",12422,6942977,200,"Extreme","5",3,TRUE,28.5799999999872
"3182","Y~X",0.168864206887634,0.259231495454775,0.4,"MC-OrdPLSc",12422,6942977,200,"Extreme","5",3,TRUE,28.5799999999872
"3183","Y~Z",0.641853031427899,0.34031172973342,0.5,"MC-OrdPLSc",12422,6942977,200,"Extreme","5",3,TRUE,28.5799999999872
"3184","Y~X:Z",0.624568009323025,0.39172637458096,0.3,"MC-OrdPLSc",12422,6942977,200,"Extreme","5",3,TRUE,28.5799999999872
"3185","X~~Z",0.215756304198098,0.164356454162769,0.2,"MC-OrdPLSc",12422,6942977,200,"Extreme","5",3,TRUE,28.5799999999872
"3186","X=~x1",0.703077860667994,0.230938249323868,0.5,"PLSc",12422,6942977,200,"Extreme","5",3,TRUE,4.79000000000815
"3187","X=~x2",0.470481026398388,0.317771981106037,0.5,"PLSc",12422,6942977,200,"Extreme","5",3,TRUE,4.79000000000815
"3188","X=~x3",0.468855635514622,0.225066345245002,0.5,"PLSc",12422,6942977,200,"Extreme","5",3,TRUE,4.79000000000815
"3189","Z=~z1",0.441110784179766,0.139738603124824,0.5,"PLSc",12422,6942977,200,"Extreme","5",3,TRUE,4.79000000000815
"3190","Z=~z2",0.366090943093999,0.163533529338772,0.5,"PLSc",12422,6942977,200,"Extreme","5",3,TRUE,4.79000000000815
"3191","Z=~z3",0.464057781655415,0.172698125125546,0.5,"PLSc",12422,6942977,200,"Extreme","5",3,TRUE,4.79000000000815
"3192","Y=~y1",0.275274255300068,0.151779646381064,0.5,"PLSc",12422,6942977,200,"Extreme","5",3,TRUE,4.79000000000815
"3193","Y=~y2",0.520225766342645,0.183595650878001,0.5,"PLSc",12422,6942977,200,"Extreme","5",3,TRUE,4.79000000000815
"3194","Y=~y3",0.391987767782561,0.14739814821841,0.5,"PLSc",12422,6942977,200,"Extreme","5",3,TRUE,4.79000000000815
"3195","Y~X",0.162432149164537,24.7525053650027,0.4,"PLSc",12422,6942977,200,"Extreme","5",3,TRUE,4.79000000000815
"3196","Y~Z",0.710085334710236,15.1387607913512,0.5,"PLSc",12422,6942977,200,"Extreme","5",3,TRUE,4.79000000000815
"3197","Y~X:Z",0.466251922663071,16.5954998213559,0.3,"PLSc",12422,6942977,200,"Extreme","5",3,TRUE,4.79000000000815
"3198","X~~Z",0.207875113074824,0.214212721442925,0.2,"PLSc",12422,6942977,200,"Extreme","5",3,TRUE,4.79000000000815
"3199","X=~x1",0.821610467800563,0.19323094977494,0.5,"PLS",12422,6942977,200,"Extreme","5",3,TRUE,3.52000000000407
"3200","X=~x2",0.703369709447324,0.293011064306967,0.5,"PLS",12422,6942977,200,"Extreme","5",3,TRUE,3.52000000000407
"3201","X=~x3",0.647184910133614,0.210947598650858,0.5,"PLS",12422,6942977,200,"Extreme","5",3,TRUE,3.52000000000407
"3202","Z=~z1",0.648085807108269,0.162715377653189,0.5,"PLS",12422,6942977,200,"Extreme","5",3,TRUE,3.52000000000407
"3203","Z=~z2",0.59761864118795,0.186227153915963,0.5,"PLS",12422,6942977,200,"Extreme","5",3,TRUE,3.52000000000407
"3204","Z=~z3",0.763259419205442,0.137595487765126,0.5,"PLS",12422,6942977,200,"Extreme","5",3,TRUE,3.52000000000407
"3205","Y=~y1",0.528351877305535,0.198958949056337,0.5,"PLS",12422,6942977,200,"Extreme","5",3,TRUE,3.52000000000407
"3206","Y=~y2",0.770430994366135,0.17211346848964,0.5,"PLS",12422,6942977,200,"Extreme","5",3,TRUE,3.52000000000407
"3207","Y=~y3",0.659347509991909,0.160856596659311,0.5,"PLS",12422,6942977,200,"Extreme","5",3,TRUE,3.52000000000407
"3208","Y~X",0.164168048055311,0.0701988865922733,0.4,"PLS",12422,6942977,200,"Extreme","5",3,TRUE,3.52000000000407
"3209","Y~Z",0.260190554991317,0.0662426277370757,0.5,"PLS",12422,6942977,200,"Extreme","5",3,TRUE,3.52000000000407
"3210","Y~X:Z",0.176759270076214,0.0710413086700165,0.3,"PLS",12422,6942977,200,"Extreme","5",3,TRUE,3.52000000000407
"3211","X~~Z",0.101619195623404,0.0788432421851413,0.2,"PLS",12422,6942977,200,"Extreme","5",3,TRUE,3.52000000000407
"3212","X=~x1",0.59,0.107,0.5,"Mplus",12422,6942977,200,"Extreme","5",3,TRUE,133.610000000001
"3213","X=~x2",0.649,0.113,0.5,"Mplus",12422,6942977,200,"Extreme","5",3,TRUE,133.610000000001
"3214","X=~x3",0.511,0.095,0.5,"Mplus",12422,6942977,200,"Extreme","5",3,TRUE,133.610000000001
"3215","Z=~z1",0.369,0.111,0.5,"Mplus",12422,6942977,200,"Extreme","5",3,TRUE,133.610000000001
"3216","Z=~z2",0.395,0.112,0.5,"Mplus",12422,6942977,200,"Extreme","5",3,TRUE,133.610000000001
"3217","Z=~z3",0.599,0.134,0.5,"Mplus",12422,6942977,200,"Extreme","5",3,TRUE,133.610000000001
"3218","Y=~y1",0.348,0.113,0.5,"Mplus",12422,6942977,200,"Extreme","5",3,TRUE,133.610000000001
"3219","Y=~y2",0.503,0.116,0.5,"Mplus",12422,6942977,200,"Extreme","5",3,TRUE,133.610000000001
"3220","Y=~y3",0.398,0.123,0.5,"Mplus",12422,6942977,200,"Extreme","5",3,TRUE,133.610000000001
"3221","Y~X",0.252,0.194,0.4,"Mplus",12422,6942977,200,"Extreme","5",3,TRUE,133.610000000001
"3222","Y~Z",0.692,0.193,0.5,"Mplus",12422,6942977,200,"Extreme","5",3,TRUE,133.610000000001
"3223","Y~X:Z",0.43,0.226,0.3,"Mplus",12422,6942977,200,"Extreme","5",3,TRUE,133.610000000001
"3224","X~~Z",0.133,0.149,0.2,"Mplus",12422,6942977,200,"Extreme","5",3,TRUE,133.610000000001
"3225","X=~x1",0.800810881729806,0.0314407458820742,0.8,"MC-OrdPLSc",12423,3049632,500,"Extreme","5",2,TRUE,24.2700000000041
"3226","X=~x2",0.881328858378761,0.0249062808118324,0.8,"MC-OrdPLSc",12423,3049632,500,"Extreme","5",2,TRUE,24.2700000000041
"3227","X=~x3",0.840608454781153,0.026332807478302,0.8,"MC-OrdPLSc",12423,3049632,500,"Extreme","5",2,TRUE,24.2700000000041
"3228","Z=~z1",0.901722130703332,0.0265599507388658,0.8,"MC-OrdPLSc",12423,3049632,500,"Extreme","5",2,TRUE,24.2700000000041
"3229","Z=~z2",0.762740787091668,0.0322756088954228,0.8,"MC-OrdPLSc",12423,3049632,500,"Extreme","5",2,TRUE,24.2700000000041
"3230","Z=~z3",0.754114681112788,0.0347184941062619,0.8,"MC-OrdPLSc",12423,3049632,500,"Extreme","5",2,TRUE,24.2700000000041
"3231","Y=~y1",0.751455809089163,0.0371805109278766,0.8,"MC-OrdPLSc",12423,3049632,500,"Extreme","5",2,TRUE,24.2700000000041
"3232","Y=~y2",0.763585838078169,0.0375098478533872,0.8,"MC-OrdPLSc",12423,3049632,500,"Extreme","5",2,TRUE,24.2700000000041
"3233","Y=~y3",0.821151853301079,0.0284396248506064,0.8,"MC-OrdPLSc",12423,3049632,500,"Extreme","5",2,TRUE,24.2700000000041
"3234","Y~X",0.445763438743489,0.0587520534159841,0.4,"MC-OrdPLSc",12423,3049632,500,"Extreme","5",2,TRUE,24.2700000000041
"3235","Y~Z",0.485199567737589,0.0563208423579511,0.5,"MC-OrdPLSc",12423,3049632,500,"Extreme","5",2,TRUE,24.2700000000041
"3236","Y~X:Z",0.384018011495804,0.0741918432798014,0.3,"MC-OrdPLSc",12423,3049632,500,"Extreme","5",2,TRUE,24.2700000000041
"3237","X~~Z",0.23050053154432,0.0630138990378579,0.2,"MC-OrdPLSc",12423,3049632,500,"Extreme","5",2,TRUE,24.2700000000041
"3238","X=~x1",0.768122481575106,0.0490827555879883,0.8,"PLSc",12423,3049632,500,"Extreme","5",2,TRUE,4.52999999999884
"3239","X=~x2",0.816749825904521,0.0429327860441322,0.8,"PLSc",12423,3049632,500,"Extreme","5",2,TRUE,4.52999999999884
"3240","X=~x3",0.768566204386269,0.0447457765337832,0.8,"PLSc",12423,3049632,500,"Extreme","5",2,TRUE,4.52999999999884
"3241","Z=~z1",0.792312782219109,0.0452929152860907,0.8,"PLSc",12423,3049632,500,"Extreme","5",2,TRUE,4.52999999999884
"3242","Z=~z2",0.746071192752494,0.0480508308571709,0.8,"PLSc",12423,3049632,500,"Extreme","5",2,TRUE,4.52999999999884
"3243","Z=~z3",0.698298336971132,0.0519565410554466,0.8,"PLSc",12423,3049632,500,"Extreme","5",2,TRUE,4.52999999999884
"3244","Y=~y1",0.742720382472146,0.0379385226486226,0.8,"PLSc",12423,3049632,500,"Extreme","5",2,TRUE,4.52999999999884
"3245","Y=~y2",0.674264066733803,0.0401034476472222,0.8,"PLSc",12423,3049632,500,"Extreme","5",2,TRUE,4.52999999999884
"3246","Y=~y3",0.80419415096647,0.0344509448178575,0.8,"PLSc",12423,3049632,500,"Extreme","5",2,TRUE,4.52999999999884
"3247","Y~X",0.431287549728909,0.0472506209151068,0.4,"PLSc",12423,3049632,500,"Extreme","5",2,TRUE,4.52999999999884
"3248","Y~Z",0.475396082380758,0.050043709892508,0.5,"PLSc",12423,3049632,500,"Extreme","5",2,TRUE,4.52999999999884
"3249","Y~X:Z",0.245077188039443,0.0528592797532648,0.3,"PLSc",12423,3049632,500,"Extreme","5",2,TRUE,4.52999999999884
"3250","X~~Z",0.207444205803111,0.0567825705194511,0.2,"PLSc",12423,3049632,500,"Extreme","5",2,TRUE,4.52999999999884
"3251","X=~x1",0.838932230306493,0.0194325417387377,0.8,"PLS",12423,3049632,500,"Extreme","5",2,TRUE,1.92999999999302
"3252","X=~x2",0.883547270154786,0.013255841297678,0.8,"PLS",12423,3049632,500,"Extreme","5",2,TRUE,1.92999999999302
"3253","X=~x3",0.863629037094831,0.0146283205616533,0.8,"PLS",12423,3049632,500,"Extreme","5",2,TRUE,1.92999999999302
"3254","Z=~z1",0.886164720973168,0.0126251876097914,0.8,"PLS",12423,3049632,500,"Extreme","5",2,TRUE,1.92999999999302
"3255","Z=~z2",0.816161342628337,0.0206738694339733,0.8,"PLS",12423,3049632,500,"Extreme","5",2,TRUE,1.92999999999302
"3256","Z=~z3",0.811553641453922,0.0234485551396997,0.8,"PLS",12423,3049632,500,"Extreme","5",2,TRUE,1.92999999999302
"3257","Y=~y1",0.82128627294889,0.0205453263179745,0.8,"PLS",12423,3049632,500,"Extreme","5",2,TRUE,1.92999999999302
"3258","Y=~y2",0.828032566591688,0.0209448206354796,0.8,"PLS",12423,3049632,500,"Extreme","5",2,TRUE,1.92999999999302
"3259","Y=~y3",0.858958865439791,0.0136273682855582,0.8,"PLS",12423,3049632,500,"Extreme","5",2,TRUE,1.92999999999302
"3260","Y~X",0.376307710745409,0.0367376916338457,0.4,"PLS",12423,3049632,500,"Extreme","5",2,TRUE,1.92999999999302
"3261","Y~Z",0.39226181389005,0.0365413341911131,0.5,"PLS",12423,3049632,500,"Extreme","5",2,TRUE,1.92999999999302
"3262","Y~X:Z",0.20841952021074,0.0314021197411079,0.3,"PLS",12423,3049632,500,"Extreme","5",2,TRUE,1.92999999999302
"3263","X~~Z",0.16815198064401,0.0469298509309646,0.2,"PLS",12423,3049632,500,"Extreme","5",2,TRUE,1.92999999999302
"3264","X=~x1",0.788,0.03,0.8,"Mplus",12423,3049632,500,"Extreme","5",2,TRUE,227.910000000003
"3265","X=~x2",0.867,0.025,0.8,"Mplus",12423,3049632,500,"Extreme","5",2,TRUE,227.910000000003
"3266","X=~x3",0.836,0.027,0.8,"Mplus",12423,3049632,500,"Extreme","5",2,TRUE,227.910000000003
"3267","Z=~z1",0.89,0.027,0.8,"Mplus",12423,3049632,500,"Extreme","5",2,TRUE,227.910000000003
"3268","Z=~z2",0.744,0.035,0.8,"Mplus",12423,3049632,500,"Extreme","5",2,TRUE,227.910000000003
"3269","Z=~z3",0.75,0.033,0.8,"Mplus",12423,3049632,500,"Extreme","5",2,TRUE,227.910000000003
"3270","Y=~y1",0.733,0.035,0.8,"Mplus",12423,3049632,500,"Extreme","5",2,TRUE,227.910000000003
"3271","Y=~y2",0.751,0.035,0.8,"Mplus",12423,3049632,500,"Extreme","5",2,TRUE,227.910000000003
"3272","Y=~y3",0.812,0.031,0.8,"Mplus",12423,3049632,500,"Extreme","5",2,TRUE,227.910000000003
"3273","Y~X",0.469,0.051,0.4,"Mplus",12423,3049632,500,"Extreme","5",2,TRUE,227.910000000003
"3274","Y~Z",0.509,0.05,0.5,"Mplus",12423,3049632,500,"Extreme","5",2,TRUE,227.910000000003
"3275","Y~X:Z",0.338,0.062,0.3,"Mplus",12423,3049632,500,"Extreme","5",2,TRUE,227.910000000003
"3276","X~~Z",0.229,0.056,0.2,"Mplus",12423,3049632,500,"Extreme","5",2,TRUE,227.910000000003
"3277","X=~x1",0.452572264035609,0.101007213415901,0.5,"MC-OrdPLSc",12424,4483481,500,"Extreme","5",3,TRUE,27.6900000000023
"3278","X=~x2",0.6142936326941,0.089675323558146,0.5,"MC-OrdPLSc",12424,4483481,500,"Extreme","5",3,TRUE,27.6900000000023
"3279","X=~x3",0.48519934486665,0.106881036114691,0.5,"MC-OrdPLSc",12424,4483481,500,"Extreme","5",3,TRUE,27.6900000000023
"3280","Z=~z1",0.46614338144558,0.0808783672274805,0.5,"MC-OrdPLSc",12424,4483481,500,"Extreme","5",3,TRUE,27.6900000000023
"3281","Z=~z2",0.571394805012888,0.0963016542091712,0.5,"MC-OrdPLSc",12424,4483481,500,"Extreme","5",3,TRUE,27.6900000000023
"3282","Z=~z3",0.445841270668667,0.0819224245689994,0.5,"MC-OrdPLSc",12424,4483481,500,"Extreme","5",3,TRUE,27.6900000000023
"3283","Y=~y1",0.619107486357731,0.0636698785034773,0.5,"MC-OrdPLSc",12424,4483481,500,"Extreme","5",3,TRUE,27.6900000000023
"3284","Y=~y2",0.461628175840698,0.0597056606695063,0.5,"MC-OrdPLSc",12424,4483481,500,"Extreme","5",3,TRUE,27.6900000000023
"3285","Y=~y3",0.565838084550316,0.0558988168510334,0.5,"MC-OrdPLSc",12424,4483481,500,"Extreme","5",3,TRUE,27.6900000000023
"3286","Y~X",0.566126159278968,0.111526333887,0.4,"MC-OrdPLSc",12424,4483481,500,"Extreme","5",3,TRUE,27.6900000000023
"3287","Y~Z",0.693768261463555,0.119767189238897,0.5,"MC-OrdPLSc",12424,4483481,500,"Extreme","5",3,TRUE,27.6900000000023
"3288","Y~X:Z",0.286044158021954,0.245494114391001,0.3,"MC-OrdPLSc",12424,4483481,500,"Extreme","5",3,TRUE,27.6900000000023
"3289","X~~Z",-0.0398988007334875,0.101643164379487,0.2,"MC-OrdPLSc",12424,4483481,500,"Extreme","5",3,TRUE,27.6900000000023
"3290","X=~x1",0.404471223284235,0.101112877235217,0.5,"PLSc",12424,4483481,500,"Extreme","5",3,TRUE,4.94999999999709
"3291","X=~x2",0.545264861362231,0.0994296464672831,0.5,"PLSc",12424,4483481,500,"Extreme","5",3,TRUE,4.94999999999709
"3292","X=~x3",0.433652170312118,0.106416660350998,0.5,"PLSc",12424,4483481,500,"Extreme","5",3,TRUE,4.94999999999709
"3293","Z=~z1",0.373762689037034,0.093416925299095,0.5,"PLSc",12424,4483481,500,"Extreme","5",3,TRUE,4.94999999999709
"3294","Z=~z2",0.512300006133294,0.0812314731612464,0.5,"PLSc",12424,4483481,500,"Extreme","5",3,TRUE,4.94999999999709
"3295","Z=~z3",0.426041697770275,0.0779052725826899,0.5,"PLSc",12424,4483481,500,"Extreme","5",3,TRUE,4.94999999999709
"3296","Y=~y1",0.599867486068046,0.062021892505238,0.5,"PLSc",12424,4483481,500,"Extreme","5",3,TRUE,4.94999999999709
"3297","Y=~y2",0.39923621690799,0.0710944736536504,0.5,"PLSc",12424,4483481,500,"Extreme","5",3,TRUE,4.94999999999709
"3298","Y=~y3",0.529779637116648,0.0607354861670898,0.5,"PLSc",12424,4483481,500,"Extreme","5",3,TRUE,4.94999999999709
"3299","Y~X",0.576430816754281,1.43345242648261,0.4,"PLSc",12424,4483481,500,"Extreme","5",3,TRUE,4.94999999999709
"3300","Y~Z",0.659882726227492,3.39166374873071,0.5,"PLSc",12424,4483481,500,"Extreme","5",3,TRUE,4.94999999999709
"3301","Y~X:Z",0.307715138508048,10.837931164974,0.3,"PLSc",12424,4483481,500,"Extreme","5",3,TRUE,4.94999999999709
"3302","X~~Z",-0.0388947151126594,0.101530020062391,0.2,"PLSc",12424,4483481,500,"Extreme","5",3,TRUE,4.94999999999709
"3303","X=~x1",0.620931992802421,0.0965898849222094,0.5,"PLS",12424,4483481,500,"Extreme","5",3,TRUE,2.44000000000233
"3304","X=~x2",0.772477757490039,0.0654318194647592,0.5,"PLS",12424,4483481,500,"Extreme","5",3,TRUE,2.44000000000233
"3305","X=~x3",0.660902726507435,0.0932408276528588,0.5,"PLS",12424,4483481,500,"Extreme","5",3,TRUE,2.44000000000233
"3306","Z=~z1",0.653450996793443,0.0800541959250346,0.5,"PLS",12424,4483481,500,"Extreme","5",3,TRUE,2.44000000000233
"3307","Z=~z2",0.750415362984552,0.0631772921110504,0.5,"PLS",12424,4483481,500,"Extreme","5",3,TRUE,2.44000000000233
"3308","Z=~z3",0.627679528486871,0.0819753596794744,0.5,"PLS",12424,4483481,500,"Extreme","5",3,TRUE,2.44000000000233
"3309","Y=~y1",0.769906518613882,0.0401649496118084,0.5,"PLS",12424,4483481,500,"Extreme","5",3,TRUE,2.44000000000233
"3310","Y=~y2",0.627146623119579,0.0631042176566172,0.5,"PLS",12424,4483481,500,"Extreme","5",3,TRUE,2.44000000000233
"3311","Y=~y3",0.728585481047776,0.0434011411652712,0.5,"PLS",12424,4483481,500,"Extreme","5",3,TRUE,2.44000000000233
"3312","Y~X",0.272356912677075,0.0437515337813183,0.4,"PLS",12424,4483481,500,"Extreme","5",3,TRUE,2.44000000000233
"3313","Y~Z",0.316762041301235,0.0425652145500388,0.5,"PLS",12424,4483481,500,"Extreme","5",3,TRUE,2.44000000000233
"3314","Y~X:Z",0.10544509459892,0.0479391525492339,0.3,"PLS",12424,4483481,500,"Extreme","5",3,TRUE,2.44000000000233
"3315","X~~Z",-0.0171443870919135,0.0452894225174745,0.2,"PLS",12424,4483481,500,"Extreme","5",3,TRUE,2.44000000000233
"3316","X=~x1",0.42,0.067,0.5,"Mplus",12424,4483481,500,"Extreme","5",3,TRUE,290.169999999998
"3317","X=~x2",0.551,0.074,0.5,"Mplus",12424,4483481,500,"Extreme","5",3,TRUE,290.169999999998
"3318","X=~x3",0.486,0.072,0.5,"Mplus",12424,4483481,500,"Extreme","5",3,TRUE,290.169999999998
"3319","Z=~z1",0.505,0.069,0.5,"Mplus",12424,4483481,500,"Extreme","5",3,TRUE,290.169999999998
"3320","Z=~z2",0.573,0.072,0.5,"Mplus",12424,4483481,500,"Extreme","5",3,TRUE,290.169999999998
"3321","Z=~z3",0.36,0.066,0.5,"Mplus",12424,4483481,500,"Extreme","5",3,TRUE,290.169999999998
"3322","Y=~y1",0.555,0.059,0.5,"Mplus",12424,4483481,500,"Extreme","5",3,TRUE,290.169999999998
"3323","Y=~y2",0.445,0.058,0.5,"Mplus",12424,4483481,500,"Extreme","5",3,TRUE,290.169999999998
"3324","Y=~y3",0.583,0.06,0.5,"Mplus",12424,4483481,500,"Extreme","5",3,TRUE,290.169999999998
"3325","Y~X",0.538,0.103,0.4,"Mplus",12424,4483481,500,"Extreme","5",3,TRUE,290.169999999998
"3326","Y~Z",0.62,0.1,0.5,"Mplus",12424,4483481,500,"Extreme","5",3,TRUE,290.169999999998
"3327","Y~X:Z",0.36,0.126,0.3,"Mplus",12424,4483481,500,"Extreme","5",3,TRUE,290.169999999998
"3328","X~~Z",-0.039,0.099,0.2,"Mplus",12424,4483481,500,"Extreme","5",3,TRUE,290.169999999998
"3329","X=~x1",0.852937507372818,0.023118191048894,0.8,"MC-OrdPLSc",12425,2514774,1000,"Extreme","5",2,TRUE,27.2300000000105
"3330","X=~x2",0.805025171779083,0.0257602480775432,0.8,"MC-OrdPLSc",12425,2514774,1000,"Extreme","5",2,TRUE,27.2300000000105
"3331","X=~x3",0.794175886407048,0.022537188938973,0.8,"MC-OrdPLSc",12425,2514774,1000,"Extreme","5",2,TRUE,27.2300000000105
"3332","Z=~z1",0.804792011002003,0.0262577189535306,0.8,"MC-OrdPLSc",12425,2514774,1000,"Extreme","5",2,TRUE,27.2300000000105
"3333","Z=~z2",0.749764191765824,0.0267258398889216,0.8,"MC-OrdPLSc",12425,2514774,1000,"Extreme","5",2,TRUE,27.2300000000105
"3334","Z=~z3",0.786048273250161,0.0260733345725926,0.8,"MC-OrdPLSc",12425,2514774,1000,"Extreme","5",2,TRUE,27.2300000000105
"3335","Y=~y1",0.789516992636732,0.0239117071706049,0.8,"MC-OrdPLSc",12425,2514774,1000,"Extreme","5",2,TRUE,27.2300000000105
"3336","Y=~y2",0.809109290316638,0.0256489866130131,0.8,"MC-OrdPLSc",12425,2514774,1000,"Extreme","5",2,TRUE,27.2300000000105
"3337","Y=~y3",0.78852904410742,0.0240337682794978,0.8,"MC-OrdPLSc",12425,2514774,1000,"Extreme","5",2,TRUE,27.2300000000105
"3338","Y~X",0.430560270191607,0.0436566181372886,0.4,"MC-OrdPLSc",12425,2514774,1000,"Extreme","5",2,TRUE,27.2300000000105
"3339","Y~Z",0.505124552967247,0.0456862430207973,0.5,"MC-OrdPLSc",12425,2514774,1000,"Extreme","5",2,TRUE,27.2300000000105
"3340","Y~X:Z",0.319937370981901,0.0652127930536937,0.3,"MC-OrdPLSc",12425,2514774,1000,"Extreme","5",2,TRUE,27.2300000000105
"3341","X~~Z",0.160708050796561,0.0433815902334145,0.2,"MC-OrdPLSc",12425,2514774,1000,"Extreme","5",2,TRUE,27.2300000000105
"3342","X=~x1",0.825547256551944,0.0411783776525988,0.8,"PLSc",12425,2514774,1000,"Extreme","5",2,TRUE,6.66999999999825
"3343","X=~x2",0.740568172610512,0.0418395484026085,0.8,"PLSc",12425,2514774,1000,"Extreme","5",2,TRUE,6.66999999999825
"3344","X=~x3",0.707516013553299,0.0436629514496517,0.8,"PLSc",12425,2514774,1000,"Extreme","5",2,TRUE,6.66999999999825
"3345","Z=~z1",0.737373908059727,0.0390438903395006,0.8,"PLSc",12425,2514774,1000,"Extreme","5",2,TRUE,6.66999999999825
"3346","Z=~z2",0.703617453072702,0.0384938540583139,0.8,"PLSc",12425,2514774,1000,"Extreme","5",2,TRUE,6.66999999999825
"3347","Z=~z3",0.718600646155477,0.0395202238243075,0.8,"PLSc",12425,2514774,1000,"Extreme","5",2,TRUE,6.66999999999825
"3348","Y=~y1",0.748846252100812,0.0295723106076902,0.8,"PLSc",12425,2514774,1000,"Extreme","5",2,TRUE,6.66999999999825
"3349","Y=~y2",0.763713450237006,0.0287774500830561,0.8,"PLSc",12425,2514774,1000,"Extreme","5",2,TRUE,6.66999999999825
"3350","Y=~y3",0.74044565382922,0.0297799820983038,0.8,"PLSc",12425,2514774,1000,"Extreme","5",2,TRUE,6.66999999999825
"3351","Y~X",0.425503241520117,0.0334244002090001,0.4,"PLSc",12425,2514774,1000,"Extreme","5",2,TRUE,6.66999999999825
"3352","Y~Z",0.483894795275586,0.035055463680165,0.5,"PLSc",12425,2514774,1000,"Extreme","5",2,TRUE,6.66999999999825
"3353","Y~X:Z",0.240351974071045,0.0422672744773828,0.3,"PLSc",12425,2514774,1000,"Extreme","5",2,TRUE,6.66999999999825
"3354","X~~Z",0.146201314194257,0.0415165102767267,0.2,"PLSc",12425,2514774,1000,"Extreme","5",2,TRUE,6.66999999999825
"3355","X=~x1",0.865705145071924,0.0117372962664899,0.8,"PLS",12425,2514774,1000,"Extreme","5",2,TRUE,1.72000000000116
"3356","X=~x2",0.839466977644797,0.0149333349232958,0.8,"PLS",12425,2514774,1000,"Extreme","5",2,TRUE,1.72000000000116
"3357","X=~x3",0.833398484158719,0.0148321694589894,0.8,"PLS",12425,2514774,1000,"Extreme","5",2,TRUE,1.72000000000116
"3358","Z=~z1",0.837288330887439,0.0140584982076797,0.8,"PLS",12425,2514774,1000,"Extreme","5",2,TRUE,1.72000000000116
"3359","Z=~z2",0.807341627046507,0.0161223118091915,0.8,"PLS",12425,2514774,1000,"Extreme","5",2,TRUE,1.72000000000116
"3360","Z=~z3",0.826582244441503,0.014919390220158,0.8,"PLS",12425,2514774,1000,"Extreme","5",2,TRUE,1.72000000000116
"3361","Y=~y1",0.839653537818015,0.0125173615229088,0.8,"PLS",12425,2514774,1000,"Extreme","5",2,TRUE,1.72000000000116
"3362","Y=~y2",0.848569562248825,0.0117641446416782,0.8,"PLS",12425,2514774,1000,"Extreme","5",2,TRUE,1.72000000000116
"3363","Y=~y3",0.83836665941809,0.0130162543866134,0.8,"PLS",12425,2514774,1000,"Extreme","5",2,TRUE,1.72000000000116
"3364","Y~X",0.356483175587555,0.0261651013141704,0.4,"PLS",12425,2514774,1000,"Extreme","5",2,TRUE,1.72000000000116
"3365","Y~Z",0.393085957084237,0.0265888952890335,0.5,"PLS",12425,2514774,1000,"Extreme","5",2,TRUE,1.72000000000116
"3366","Y~X:Z",0.184405757509535,0.0244506020012879,0.3,"PLS",12425,2514774,1000,"Extreme","5",2,TRUE,1.72000000000116
"3367","X~~Z",0.114809241533761,0.0327066234404535,0.2,"PLS",12425,2514774,1000,"Extreme","5",2,TRUE,1.72000000000116
"3368","X=~x1",0.827,0.021,0.8,"Mplus",12425,2514774,1000,"Extreme","5",2,TRUE,372.029999999999
"3369","X=~x2",0.791,0.023,0.8,"Mplus",12425,2514774,1000,"Extreme","5",2,TRUE,372.029999999999
"3370","X=~x3",0.79,0.023,0.8,"Mplus",12425,2514774,1000,"Extreme","5",2,TRUE,372.029999999999
"3371","Z=~z1",0.791,0.024,0.8,"Mplus",12425,2514774,1000,"Extreme","5",2,TRUE,372.029999999999
"3372","Z=~z2",0.738,0.026,0.8,"Mplus",12425,2514774,1000,"Extreme","5",2,TRUE,372.029999999999
"3373","Z=~z3",0.768,0.025,0.8,"Mplus",12425,2514774,1000,"Extreme","5",2,TRUE,372.029999999999
"3374","Y=~y1",0.763,0.024,0.8,"Mplus",12425,2514774,1000,"Extreme","5",2,TRUE,372.029999999999
"3375","Y=~y2",0.798,0.023,0.8,"Mplus",12425,2514774,1000,"Extreme","5",2,TRUE,372.029999999999
"3376","Y=~y3",0.774,0.023,0.8,"Mplus",12425,2514774,1000,"Extreme","5",2,TRUE,372.029999999999
"3377","Y~X",0.428,0.038,0.4,"Mplus",12425,2514774,1000,"Extreme","5",2,TRUE,372.029999999999
"3378","Y~Z",0.496,0.037,0.5,"Mplus",12425,2514774,1000,"Extreme","5",2,TRUE,372.029999999999
"3379","Y~X:Z",0.353,0.045,0.3,"Mplus",12425,2514774,1000,"Extreme","5",2,TRUE,372.029999999999
"3380","X~~Z",0.166,0.042,0.2,"Mplus",12425,2514774,1000,"Extreme","5",2,TRUE,372.029999999999
"3381","X=~x1",0.545799188160554,0.0693715803591156,0.5,"MC-OrdPLSc",12426,872868,1000,"Extreme","5",3,TRUE,30.2899999999936
"3382","X=~x2",0.600124406411112,0.0616668351190106,0.5,"MC-OrdPLSc",12426,872868,1000,"Extreme","5",3,TRUE,30.2899999999936
"3383","X=~x3",0.496693220850547,0.0634288418634213,0.5,"MC-OrdPLSc",12426,872868,1000,"Extreme","5",3,TRUE,30.2899999999936
"3384","Z=~z1",0.399298886492277,0.0594919763350437,0.5,"MC-OrdPLSc",12426,872868,1000,"Extreme","5",3,TRUE,30.2899999999936
"3385","Z=~z2",0.676071490941954,0.0666980504765221,0.5,"MC-OrdPLSc",12426,872868,1000,"Extreme","5",3,TRUE,30.2899999999936
"3386","Z=~z3",0.467790712635043,0.0698115323789063,0.5,"MC-OrdPLSc",12426,872868,1000,"Extreme","5",3,TRUE,30.2899999999936
"3387","Y=~y1",0.586294809334905,0.0507087305112304,0.5,"MC-OrdPLSc",12426,872868,1000,"Extreme","5",3,TRUE,30.2899999999936
"3388","Y=~y2",0.500955216912318,0.0490367254985601,0.5,"MC-OrdPLSc",12426,872868,1000,"Extreme","5",3,TRUE,30.2899999999936
"3389","Y=~y3",0.456789738685385,0.0500837986640444,0.5,"MC-OrdPLSc",12426,872868,1000,"Extreme","5",3,TRUE,30.2899999999936
"3390","Y~X",0.396486739212032,0.0743874023829737,0.4,"MC-OrdPLSc",12426,872868,1000,"Extreme","5",3,TRUE,30.2899999999936
"3391","Y~Z",0.496161711543606,0.0742208901917702,0.5,"MC-OrdPLSc",12426,872868,1000,"Extreme","5",3,TRUE,30.2899999999936
"3392","Y~X:Z",0.230641133338321,0.127312222568319,0.3,"MC-OrdPLSc",12426,872868,1000,"Extreme","5",3,TRUE,30.2899999999936
"3393","X~~Z",0.183917933312407,0.065555543007796,0.2,"MC-OrdPLSc",12426,872868,1000,"Extreme","5",3,TRUE,30.2899999999936
"3394","X=~x1",0.505539921855552,0.0695284362509912,0.5,"PLSc",12426,872868,1000,"Extreme","5",3,TRUE,6.97000000000116
"3395","X=~x2",0.531791926516982,0.0749788360337243,0.5,"PLSc",12426,872868,1000,"Extreme","5",3,TRUE,6.97000000000116
"3396","X=~x3",0.426102539030217,0.0741293590978008,0.5,"PLSc",12426,872868,1000,"Extreme","5",3,TRUE,6.97000000000116
"3397","Z=~z1",0.34783655499593,0.067724418559612,0.5,"PLSc",12426,872868,1000,"Extreme","5",3,TRUE,6.97000000000116
"3398","Z=~z2",0.624359076465839,0.0725279350249766,0.5,"PLSc",12426,872868,1000,"Extreme","5",3,TRUE,6.97000000000116
"3399","Z=~z3",0.399285148073445,0.0690925610987762,0.5,"PLSc",12426,872868,1000,"Extreme","5",3,TRUE,6.97000000000116
"3400","Y=~y1",0.54610573688069,0.0530351423897375,0.5,"PLSc",12426,872868,1000,"Extreme","5",3,TRUE,6.97000000000116
"3401","Y=~y2",0.46252498939457,0.0508605172022146,0.5,"PLSc",12426,872868,1000,"Extreme","5",3,TRUE,6.97000000000116
"3402","Y=~y3",0.399874818639262,0.0553851086831187,0.5,"PLSc",12426,872868,1000,"Extreme","5",3,TRUE,6.97000000000116
"3403","Y~X",0.366617416837413,0.105497890882323,0.4,"PLSc",12426,872868,1000,"Extreme","5",3,TRUE,6.97000000000116
"3404","Y~Z",0.497066764374994,0.154028166780717,0.5,"PLSc",12426,872868,1000,"Extreme","5",3,TRUE,6.97000000000116
"3405","Y~X:Z",0.220967584746611,0.528718480134487,0.3,"PLSc",12426,872868,1000,"Extreme","5",3,TRUE,6.97000000000116
"3406","X~~Z",0.175414909701983,0.062939582071474,0.2,"PLSc",12426,872868,1000,"Extreme","5",3,TRUE,6.97000000000116
"3407","X=~x1",0.70310157150334,0.0554284031048337,0.5,"PLS",12426,872868,1000,"Extreme","5",3,TRUE,2.02999999999884
"3408","X=~x2",0.745387277459594,0.0516925791025821,0.5,"PLS",12426,872868,1000,"Extreme","5",3,TRUE,2.02999999999884
"3409","X=~x3",0.651767043456582,0.0602977972651426,0.5,"PLS",12426,872868,1000,"Extreme","5",3,TRUE,2.02999999999884
"3410","Z=~z1",0.563745565584456,0.0678528172606466,0.5,"PLS",12426,872868,1000,"Extreme","5",3,TRUE,2.02999999999884
"3411","Z=~z2",0.818939347014801,0.0431573769384087,0.5,"PLS",12426,872868,1000,"Extreme","5",3,TRUE,2.02999999999884
"3412","Z=~z3",0.640240450982901,0.0623566348942374,0.5,"PLS",12426,872868,1000,"Extreme","5",3,TRUE,2.02999999999884
"3413","Y=~y1",0.757849600413798,0.0354630787303325,0.5,"PLS",12426,872868,1000,"Extreme","5",3,TRUE,2.02999999999884
"3414","Y=~y2",0.679740043001209,0.0434048210672439,0.5,"PLS",12426,872868,1000,"Extreme","5",3,TRUE,2.02999999999884
"3415","Y=~y3",0.633429239939778,0.0486811395967616,0.5,"PLS",12426,872868,1000,"Extreme","5",3,TRUE,2.02999999999884
"3416","Y~X",0.215146234698309,0.0318596701147992,0.4,"PLS",12426,872868,1000,"Extreme","5",3,TRUE,2.02999999999884
"3417","Y~Z",0.251339897898663,0.0319253435016889,0.5,"PLS",12426,872868,1000,"Extreme","5",3,TRUE,2.02999999999884
"3418","Y~X:Z",0.0803325907072635,0.0370903007634419,0.3,"PLS",12426,872868,1000,"Extreme","5",3,TRUE,2.02999999999884
"3419","X~~Z",0.0853685224702618,0.030711496268834,0.2,"PLS",12426,872868,1000,"Extreme","5",3,TRUE,2.02999999999884
"3420","X=~x1",0.492,0.048,0.5,"Mplus",12426,872868,1000,"Extreme","5",3,TRUE,550.650000000009
"3421","X=~x2",0.577,0.051,0.5,"Mplus",12426,872868,1000,"Extreme","5",3,TRUE,550.650000000009
"3422","X=~x3",0.487,0.048,0.5,"Mplus",12426,872868,1000,"Extreme","5",3,TRUE,550.650000000009
"3423","Z=~z1",0.394,0.046,0.5,"Mplus",12426,872868,1000,"Extreme","5",3,TRUE,550.650000000009
"3424","Z=~z2",0.598,0.053,0.5,"Mplus",12426,872868,1000,"Extreme","5",3,TRUE,550.650000000009
"3425","Z=~z3",0.457,0.049,0.5,"Mplus",12426,872868,1000,"Extreme","5",3,TRUE,550.650000000009
"3426","Y=~y1",0.553,0.045,0.5,"Mplus",12426,872868,1000,"Extreme","5",3,TRUE,550.650000000009
"3427","Y=~y2",0.449,0.043,0.5,"Mplus",12426,872868,1000,"Extreme","5",3,TRUE,550.650000000009
"3428","Y=~y3",0.424,0.044,0.5,"Mplus",12426,872868,1000,"Extreme","5",3,TRUE,550.650000000009
"3429","Y~X",0.397,0.074,0.4,"Mplus",12426,872868,1000,"Extreme","5",3,TRUE,550.650000000009
"3430","Y~Z",0.572,0.072,0.5,"Mplus",12426,872868,1000,"Extreme","5",3,TRUE,550.650000000009
"3431","Y~X:Z",0.373,0.093,0.3,"Mplus",12426,872868,1000,"Extreme","5",3,TRUE,550.650000000009
"3432","X~~Z",0.175,0.067,0.2,"Mplus",12426,872868,1000,"Extreme","5",3,TRUE,550.650000000009
"3433","X=~x1",0.831200149814743,0.0596843479023583,0.8,"MC-OrdPLSc",12427,2723299,200,"Extreme","7",2,TRUE,26.1399999999994
"3434","X=~x2",0.780363679523401,0.0460783312481691,0.8,"MC-OrdPLSc",12427,2723299,200,"Extreme","7",2,TRUE,26.1399999999994
"3435","X=~x3",0.765979653602953,0.0583393429498116,0.8,"MC-OrdPLSc",12427,2723299,200,"Extreme","7",2,TRUE,26.1399999999994
"3436","Z=~z1",0.876732002009351,0.0364395708491787,0.8,"MC-OrdPLSc",12427,2723299,200,"Extreme","7",2,TRUE,26.1399999999994
"3437","Z=~z2",0.746110613297027,0.056667429618837,0.8,"MC-OrdPLSc",12427,2723299,200,"Extreme","7",2,TRUE,26.1399999999994
"3438","Z=~z3",0.772408676843939,0.0512840759312571,0.8,"MC-OrdPLSc",12427,2723299,200,"Extreme","7",2,TRUE,26.1399999999994
"3439","Y=~y1",0.844149218692066,0.0401053358673728,0.8,"MC-OrdPLSc",12427,2723299,200,"Extreme","7",2,TRUE,26.1399999999994
"3440","Y=~y2",0.850369408923684,0.0448982177593897,0.8,"MC-OrdPLSc",12427,2723299,200,"Extreme","7",2,TRUE,26.1399999999994
"3441","Y=~y3",0.861404403270921,0.031749216838223,0.8,"MC-OrdPLSc",12427,2723299,200,"Extreme","7",2,TRUE,26.1399999999994
"3442","Y~X",0.348425911962009,0.084763069331714,0.4,"MC-OrdPLSc",12427,2723299,200,"Extreme","7",2,TRUE,26.1399999999994
"3443","Y~Z",0.538234981926862,0.0883186345976229,0.5,"MC-OrdPLSc",12427,2723299,200,"Extreme","7",2,TRUE,26.1399999999994
"3444","Y~X:Z",0.299953709621366,0.153508210667342,0.3,"MC-OrdPLSc",12427,2723299,200,"Extreme","7",2,TRUE,26.1399999999994
"3445","X~~Z",0.273939331295399,0.080789522539719,0.2,"MC-OrdPLSc",12427,2723299,200,"Extreme","7",2,TRUE,26.1399999999994
"3446","X=~x1",0.706379841308609,0.089060224678265,0.8,"PLSc",12427,2723299,200,"Extreme","7",2,TRUE,3.04999999998836
"3447","X=~x2",0.786210407396899,0.0770194986684726,0.8,"PLSc",12427,2723299,200,"Extreme","7",2,TRUE,3.04999999998836
"3448","X=~x3",0.764170469158288,0.0922859120938943,0.8,"PLSc",12427,2723299,200,"Extreme","7",2,TRUE,3.04999999998836
"3449","Z=~z1",0.901015332287207,0.0589666987315454,0.8,"PLSc",12427,2723299,200,"Extreme","7",2,TRUE,3.04999999998836
"3450","Z=~z2",0.689943555182981,0.0786741209305752,0.8,"PLSc",12427,2723299,200,"Extreme","7",2,TRUE,3.04999999998836
"3451","Z=~z3",0.684277392450159,0.078040201658442,0.8,"PLSc",12427,2723299,200,"Extreme","7",2,TRUE,3.04999999998836
"3452","Y=~y1",0.814507391273337,0.0607723891940733,0.8,"PLSc",12427,2723299,200,"Extreme","7",2,TRUE,3.04999999998836
"3453","Y=~y2",0.800844426140191,0.0545750396011833,0.8,"PLSc",12427,2723299,200,"Extreme","7",2,TRUE,3.04999999998836
"3454","Y=~y3",0.849736473752585,0.0507533298022339,0.8,"PLSc",12427,2723299,200,"Extreme","7",2,TRUE,3.04999999998836
"3455","Y~X",0.367869018566201,0.0777541658608181,0.4,"PLSc",12427,2723299,200,"Extreme","7",2,TRUE,3.04999999998836
"3456","Y~Z",0.502335317160099,0.0873695383231431,0.5,"PLSc",12427,2723299,200,"Extreme","7",2,TRUE,3.04999999998836
"3457","Y~X:Z",0.261463147585561,0.122354313894193,0.3,"PLSc",12427,2723299,200,"Extreme","7",2,TRUE,3.04999999998836
"3458","X~~Z",0.253570556413738,0.0768001301957096,0.2,"PLSc",12427,2723299,200,"Extreme","7",2,TRUE,3.04999999998836
"3459","X=~x1",0.862424931808421,0.0251220056431982,0.8,"PLS",12427,2723299,200,"Extreme","7",2,TRUE,1.75
"3460","X=~x2",0.839927882466418,0.0276486766375727,0.8,"PLS",12427,2723299,200,"Extreme","7",2,TRUE,1.75
"3461","X=~x3",0.8293305115911,0.0359901164575944,0.8,"PLS",12427,2723299,200,"Extreme","7",2,TRUE,1.75
"3462","Z=~z1",0.88343724996459,0.0161971300725962,0.8,"PLS",12427,2723299,200,"Extreme","7",2,TRUE,1.75
"3463","Z=~z2",0.819340112184854,0.0372676835952177,0.8,"PLS",12427,2723299,200,"Extreme","7",2,TRUE,1.75
"3464","Z=~z3",0.834939959774646,0.0319024173926952,0.8,"PLS",12427,2723299,200,"Extreme","7",2,TRUE,1.75
"3465","Y=~y1",0.882200339232288,0.0237997334654797,0.8,"PLS",12427,2723299,200,"Extreme","7",2,TRUE,1.75
"3466","Y=~y2",0.884949654036217,0.0217302437624426,0.8,"PLS",12427,2723299,200,"Extreme","7",2,TRUE,1.75
"3467","Y=~y3",0.888442385224651,0.0173196541987511,0.8,"PLS",12427,2723299,200,"Extreme","7",2,TRUE,1.75
"3468","Y~X",0.317512243568961,0.0550293473927343,0.4,"PLS",12427,2723299,200,"Extreme","7",2,TRUE,1.75
"3469","Y~Z",0.446708327251714,0.0647729741306409,0.5,"PLS",12427,2723299,200,"Extreme","7",2,TRUE,1.75
"3470","Y~X:Z",0.179398130048707,0.0697199954463099,0.3,"PLS",12427,2723299,200,"Extreme","7",2,TRUE,1.75
"3471","X~~Z",0.20592423565585,0.0631317825901973,0.2,"PLS",12427,2723299,200,"Extreme","7",2,TRUE,1.75
"3472","X=~x1",0.853,0.042,0.8,"Mplus",12427,2723299,200,"Extreme","7",2,TRUE,126.179999999993
"3473","X=~x2",0.781,0.048,0.8,"Mplus",12427,2723299,200,"Extreme","7",2,TRUE,126.179999999993
"3474","X=~x3",0.732,0.052,0.8,"Mplus",12427,2723299,200,"Extreme","7",2,TRUE,126.179999999993
"3475","Z=~z1",0.802,0.047,0.8,"Mplus",12427,2723299,200,"Extreme","7",2,TRUE,126.179999999993
"3476","Z=~z2",0.773,0.049,0.8,"Mplus",12427,2723299,200,"Extreme","7",2,TRUE,126.179999999993
"3477","Z=~z3",0.786,0.047,0.8,"Mplus",12427,2723299,200,"Extreme","7",2,TRUE,126.179999999993
"3478","Y=~y1",0.848,0.035,0.8,"Mplus",12427,2723299,200,"Extreme","7",2,TRUE,126.179999999993
"3479","Y=~y2",0.853,0.036,0.8,"Mplus",12427,2723299,200,"Extreme","7",2,TRUE,126.179999999993
"3480","Y=~y3",0.828,0.039,0.8,"Mplus",12427,2723299,200,"Extreme","7",2,TRUE,126.179999999993
"3481","Y~X",0.353,0.077,0.4,"Mplus",12427,2723299,200,"Extreme","7",2,TRUE,126.179999999993
"3482","Y~Z",0.494,0.073,0.5,"Mplus",12427,2723299,200,"Extreme","7",2,TRUE,126.179999999993
"3483","Y~X:Z",0.279,0.088,0.3,"Mplus",12427,2723299,200,"Extreme","7",2,TRUE,126.179999999993
"3484","X~~Z",0.271,0.087,0.2,"Mplus",12427,2723299,200,"Extreme","7",2,TRUE,126.179999999993
"3485","X=~x1",0.698133691324219,0.802281744671536,0.5,"MC-OrdPLSc",12428,3581803,200,"Extreme","7",3,TRUE,30.5899999999965
"3486","X=~x2",0.285789700665601,0.512565913802619,0.5,"MC-OrdPLSc",12428,3581803,200,"Extreme","7",3,TRUE,30.5899999999965
"3487","X=~x3",0.428008604842347,0.4526174505625,0.5,"MC-OrdPLSc",12428,3581803,200,"Extreme","7",3,TRUE,30.5899999999965
"3488","Z=~z1",0.543875086511525,0.149428906104945,0.5,"MC-OrdPLSc",12428,3581803,200,"Extreme","7",3,TRUE,30.5899999999965
"3489","Z=~z2",0.601947066536865,0.12575526102536,0.5,"MC-OrdPLSc",12428,3581803,200,"Extreme","7",3,TRUE,30.5899999999965
"3490","Z=~z3",0.470501907410626,0.124944314694835,0.5,"MC-OrdPLSc",12428,3581803,200,"Extreme","7",3,TRUE,30.5899999999965
"3491","Y=~y1",0.549355896173471,0.118666131535778,0.5,"MC-OrdPLSc",12428,3581803,200,"Extreme","7",3,TRUE,30.5899999999965
"3492","Y=~y2",0.497035147748193,0.128225752282377,0.5,"MC-OrdPLSc",12428,3581803,200,"Extreme","7",3,TRUE,30.5899999999965
"3493","Y=~y3",0.690038862360223,0.129076969000354,0.5,"MC-OrdPLSc",12428,3581803,200,"Extreme","7",3,TRUE,30.5899999999965
"3494","Y~X",0.10263522482239,0.192546721739256,0.4,"MC-OrdPLSc",12428,3581803,200,"Extreme","7",3,TRUE,30.5899999999965
"3495","Y~Z",0.613461661381954,0.138501166913394,0.5,"MC-OrdPLSc",12428,3581803,200,"Extreme","7",3,TRUE,30.5899999999965
"3496","Y~X:Z",0.0972750577539716,0.300543319965294,0.3,"MC-OrdPLSc",12428,3581803,200,"Extreme","7",3,TRUE,30.5899999999965
"3497","X~~Z",0.180295395329639,0.208920066748523,0.2,"MC-OrdPLSc",12428,3581803,200,"Extreme","7",3,TRUE,30.5899999999965
"3498","X=~x1",0.699598427962436,0.2916652227952,0.5,"PLSc",12428,3581803,200,"Extreme","7",3,TRUE,3.91999999999825
"3499","X=~x2",0.260531643786859,0.364878562723583,0.5,"PLSc",12428,3581803,200,"Extreme","7",3,TRUE,3.91999999999825
"3500","X=~x3",0.328168230643585,0.342731773218157,0.5,"PLSc",12428,3581803,200,"Extreme","7",3,TRUE,3.91999999999825
"3501","Z=~z1",0.473392685481158,0.12287922091103,0.5,"PLSc",12428,3581803,200,"Extreme","7",3,TRUE,3.91999999999825
"3502","Z=~z2",0.56891649930931,0.115947519456929,0.5,"PLSc",12428,3581803,200,"Extreme","7",3,TRUE,3.91999999999825
"3503","Z=~z3",0.455090994339054,0.141596761687454,0.5,"PLSc",12428,3581803,200,"Extreme","7",3,TRUE,3.91999999999825
"3504","Y=~y1",0.451910512301083,0.139909019162216,0.5,"PLSc",12428,3581803,200,"Extreme","7",3,TRUE,3.91999999999825
"3505","Y=~y2",0.492589736155628,0.126284880533431,0.5,"PLSc",12428,3581803,200,"Extreme","7",3,TRUE,3.91999999999825
"3506","Y=~y3",0.661579662476057,0.115293336965625,0.5,"PLSc",12428,3581803,200,"Extreme","7",3,TRUE,3.91999999999825
"3507","Y~X",0.111554039226819,0.861557342797488,0.4,"PLSc",12428,3581803,200,"Extreme","7",3,TRUE,3.91999999999825
"3508","Y~Z",0.605400189473997,0.991018795621355,0.5,"PLSc",12428,3581803,200,"Extreme","7",3,TRUE,3.91999999999825
"3509","Y~X:Z",0.0316701712305636,1.25109741081387,0.3,"PLSc",12428,3581803,200,"Extreme","7",3,TRUE,3.91999999999825
"3510","X~~Z",0.170550819684943,0.251821487771809,0.2,"PLSc",12428,3581803,200,"Extreme","7",3,TRUE,3.91999999999825
"3511","X=~x1",0.85698651665134,0.272606253079598,0.5,"PLS",12428,3581803,200,"Extreme","7",3,TRUE,2.55999999999767
"3512","X=~x2",0.447865605740392,0.464716987360068,0.5,"PLS",12428,3581803,200,"Extreme","7",3,TRUE,2.55999999999767
"3513","X=~x3",0.62935187269502,0.413216471915606,0.5,"PLS",12428,3581803,200,"Extreme","7",3,TRUE,2.55999999999767
"3514","Z=~z1",0.712715417026736,0.0876749325920796,0.5,"PLS",12428,3581803,200,"Extreme","7",3,TRUE,2.55999999999767
"3515","Z=~z2",0.759678161904283,0.0776167282131767,0.5,"PLS",12428,3581803,200,"Extreme","7",3,TRUE,2.55999999999767
"3516","Z=~z3",0.64149224264419,0.124993560950149,0.5,"PLS",12428,3581803,200,"Extreme","7",3,TRUE,2.55999999999767
"3517","Y=~y1",0.703764469087477,0.0956905662991027,0.5,"PLS",12428,3581803,200,"Extreme","7",3,TRUE,2.55999999999767
"3518","Y=~y2",0.657681752994292,0.108066728004173,0.5,"PLS",12428,3581803,200,"Extreme","7",3,TRUE,2.55999999999767
"3519","Y=~y3",0.801913619724041,0.064526334331998,0.5,"PLS",12428,3581803,200,"Extreme","7",3,TRUE,2.55999999999767
"3520","Y~X",0.0879323182594786,0.0772146026513308,0.4,"PLS",12428,3581803,200,"Extreme","7",3,TRUE,2.55999999999767
"3521","Y~Z",0.328032823902998,0.0625122467993767,0.5,"PLS",12428,3581803,200,"Extreme","7",3,TRUE,2.55999999999767
"3522","Y~X:Z",0.0376717984533749,0.0924248888897107,0.3,"PLS",12428,3581803,200,"Extreme","7",3,TRUE,2.55999999999767
"3523","X~~Z",0.0874048931195852,0.0785474472367022,0.2,"PLS",12428,3581803,200,"Extreme","7",3,TRUE,2.55999999999767
"3524","X=~x1",0.292,0.092,0.5,"Mplus",12428,3581803,200,"Extreme","7",3,TRUE,122.779999999999
"3525","X=~x2",0.478,0.133,0.5,"Mplus",12428,3581803,200,"Extreme","7",3,TRUE,122.779999999999
"3526","X=~x3",0.765,0.188,0.5,"Mplus",12428,3581803,200,"Extreme","7",3,TRUE,122.779999999999
"3527","Z=~z1",0.533,0.095,0.5,"Mplus",12428,3581803,200,"Extreme","7",3,TRUE,122.779999999999
"3528","Z=~z2",0.561,0.095,0.5,"Mplus",12428,3581803,200,"Extreme","7",3,TRUE,122.779999999999
"3529","Z=~z3",0.452,0.093,0.5,"Mplus",12428,3581803,200,"Extreme","7",3,TRUE,122.779999999999
"3530","Y=~y1",0.592,0.088,0.5,"Mplus",12428,3581803,200,"Extreme","7",3,TRUE,122.779999999999
"3531","Y=~y2",0.46,0.093,0.5,"Mplus",12428,3581803,200,"Extreme","7",3,TRUE,122.779999999999
"3532","Y=~y3",0.627,0.092,0.5,"Mplus",12428,3581803,200,"Extreme","7",3,TRUE,122.779999999999
"3533","Y~X",0.017,0.134,0.4,"Mplus",12428,3581803,200,"Extreme","7",3,TRUE,122.779999999999
"3534","Y~Z",0.658,0.12,0.5,"Mplus",12428,3581803,200,"Extreme","7",3,TRUE,122.779999999999
"3535","Y~X:Z",0.205,0.159,0.3,"Mplus",12428,3581803,200,"Extreme","7",3,TRUE,122.779999999999
"3536","X~~Z",0.134,0.132,0.2,"Mplus",12428,3581803,200,"Extreme","7",3,TRUE,122.779999999999
"3537","X=~x1",0.863184723184647,0.0247022861486525,0.8,"MC-OrdPLSc",12429,5758378,500,"Extreme","7",2,TRUE,27.9399999999878
"3538","X=~x2",0.762925210587621,0.0303580688620135,0.8,"MC-OrdPLSc",12429,5758378,500,"Extreme","7",2,TRUE,27.9399999999878
"3539","X=~x3",0.818448375354709,0.0264730343405149,0.8,"MC-OrdPLSc",12429,5758378,500,"Extreme","7",2,TRUE,27.9399999999878
"3540","Z=~z1",0.776035437196795,0.0315454320327788,0.8,"MC-OrdPLSc",12429,5758378,500,"Extreme","7",2,TRUE,27.9399999999878
"3541","Z=~z2",0.819379238613976,0.0256214802820301,0.8,"MC-OrdPLSc",12429,5758378,500,"Extreme","7",2,TRUE,27.9399999999878
"3542","Z=~z3",0.804948334876785,0.0320037806322309,0.8,"MC-OrdPLSc",12429,5758378,500,"Extreme","7",2,TRUE,27.9399999999878
"3543","Y=~y1",0.795059361148456,0.0286519475163053,0.8,"MC-OrdPLSc",12429,5758378,500,"Extreme","7",2,TRUE,27.9399999999878
"3544","Y=~y2",0.839396692200456,0.0254311611396827,0.8,"MC-OrdPLSc",12429,5758378,500,"Extreme","7",2,TRUE,27.9399999999878
"3545","Y=~y3",0.81934721735494,0.0259010408458836,0.8,"MC-OrdPLSc",12429,5758378,500,"Extreme","7",2,TRUE,27.9399999999878
"3546","Y~X",0.483208234963262,0.0523926799268882,0.4,"MC-OrdPLSc",12429,5758378,500,"Extreme","7",2,TRUE,27.9399999999878
"3547","Y~Z",0.43272611584268,0.05021148106659,0.5,"MC-OrdPLSc",12429,5758378,500,"Extreme","7",2,TRUE,27.9399999999878
"3548","Y~X:Z",0.208776096344717,0.0654039454777661,0.3,"MC-OrdPLSc",12429,5758378,500,"Extreme","7",2,TRUE,27.9399999999878
"3549","X~~Z",0.309672861405409,0.0575739606127032,0.2,"MC-OrdPLSc",12429,5758378,500,"Extreme","7",2,TRUE,27.9399999999878
"3550","X=~x1",0.838969389882037,0.0368237754251838,0.8,"PLSc",12429,5758378,500,"Extreme","7",2,TRUE,4.30000000000291
"3551","X=~x2",0.75725300157254,0.0452397142396076,0.8,"PLSc",12429,5758378,500,"Extreme","7",2,TRUE,4.30000000000291
"3552","X=~x3",0.733171400713749,0.0441119290641137,0.8,"PLSc",12429,5758378,500,"Extreme","7",2,TRUE,4.30000000000291
"3553","Z=~z1",0.778248295260509,0.0435752776538467,0.8,"PLSc",12429,5758378,500,"Extreme","7",2,TRUE,4.30000000000291
"3554","Z=~z2",0.752086674817786,0.0473478324060034,0.8,"PLSc",12429,5758378,500,"Extreme","7",2,TRUE,4.30000000000291
"3555","Z=~z3",0.752309528193001,0.0469864033195647,0.8,"PLSc",12429,5758378,500,"Extreme","7",2,TRUE,4.30000000000291
"3556","Y=~y1",0.754223235622516,0.0337769604453258,0.8,"PLSc",12429,5758378,500,"Extreme","7",2,TRUE,4.30000000000291
"3557","Y=~y2",0.815053242916025,0.030943177194689,0.8,"PLSc",12429,5758378,500,"Extreme","7",2,TRUE,4.30000000000291
"3558","Y=~y3",0.802618766040328,0.0298749031807282,0.8,"PLSc",12429,5758378,500,"Extreme","7",2,TRUE,4.30000000000291
"3559","Y~X",0.465726865356499,0.0455927249953569,0.4,"PLSc",12429,5758378,500,"Extreme","7",2,TRUE,4.30000000000291
"3560","Y~Z",0.423009600094958,0.0437394080207586,0.5,"PLSc",12429,5758378,500,"Extreme","7",2,TRUE,4.30000000000291
"3561","Y~X:Z",0.143091278316521,0.0412298285976046,0.3,"PLSc",12429,5758378,500,"Extreme","7",2,TRUE,4.30000000000291
"3562","X~~Z",0.290505623165926,0.0560197310235144,0.2,"PLSc",12429,5758378,500,"Extreme","7",2,TRUE,4.30000000000291
"3563","X=~x1",0.882489974886214,0.0113692086587871,0.8,"PLS",12429,5758378,500,"Extreme","7",2,TRUE,1.83000000000175
"3564","X=~x2",0.826626468963305,0.0190676866712041,0.8,"PLS",12429,5758378,500,"Extreme","7",2,TRUE,1.83000000000175
"3565","X=~x3",0.862655065680725,0.0153790853026617,0.8,"PLS",12429,5758378,500,"Extreme","7",2,TRUE,1.83000000000175
"3566","Z=~z1",0.835527833456917,0.0169411529263773,0.8,"PLS",12429,5758378,500,"Extreme","7",2,TRUE,1.83000000000175
"3567","Z=~z2",0.858379722239688,0.0166308559285714,0.8,"PLS",12429,5758378,500,"Extreme","7",2,TRUE,1.83000000000175
"3568","Z=~z3",0.851016276793784,0.0179313554043392,0.8,"PLS",12429,5758378,500,"Extreme","7",2,TRUE,1.83000000000175
"3569","Y=~y1",0.854138008633845,0.016619035101937,0.8,"PLS",12429,5758378,500,"Extreme","7",2,TRUE,1.83000000000175
"3570","Y=~y2",0.877754427208803,0.0122626068836355,0.8,"PLS",12429,5758378,500,"Extreme","7",2,TRUE,1.83000000000175
"3571","Y=~y3",0.86605506344484,0.0139134427030815,0.8,"PLS",12429,5758378,500,"Extreme","7",2,TRUE,1.83000000000175
"3572","Y~X",0.406480178478186,0.0356878106409017,0.4,"PLS",12429,5758378,500,"Extreme","7",2,TRUE,1.83000000000175
"3573","Y~Z",0.366583829126994,0.0348428948006427,0.5,"PLS",12429,5758378,500,"Extreme","7",2,TRUE,1.83000000000175
"3574","Y~X:Z",0.134532928444988,0.0299095993030776,0.3,"PLS",12429,5758378,500,"Extreme","7",2,TRUE,1.83000000000175
"3575","X~~Z",0.236685054921864,0.0466642291798047,0.2,"PLS",12429,5758378,500,"Extreme","7",2,TRUE,1.83000000000175
"3576","X=~x1",0.849,0.025,0.8,"Mplus",12429,5758378,500,"Extreme","7",2,TRUE,288.690000000002
"3577","X=~x2",0.729,0.032,0.8,"Mplus",12429,5758378,500,"Extreme","7",2,TRUE,288.690000000002
"3578","X=~x3",0.833,0.026,0.8,"Mplus",12429,5758378,500,"Extreme","7",2,TRUE,288.690000000002
"3579","Z=~z1",0.746,0.032,0.8,"Mplus",12429,5758378,500,"Extreme","7",2,TRUE,288.690000000002
"3580","Z=~z2",0.812,0.029,0.8,"Mplus",12429,5758378,500,"Extreme","7",2,TRUE,288.690000000002
"3581","Z=~z3",0.793,0.029,0.8,"Mplus",12429,5758378,500,"Extreme","7",2,TRUE,288.690000000002
"3582","Y=~y1",0.77,0.029,0.8,"Mplus",12429,5758378,500,"Extreme","7",2,TRUE,288.690000000002
"3583","Y=~y2",0.814,0.026,0.8,"Mplus",12429,5758378,500,"Extreme","7",2,TRUE,288.690000000002
"3584","Y=~y3",0.797,0.027,0.8,"Mplus",12429,5758378,500,"Extreme","7",2,TRUE,288.690000000002
"3585","Y~X",0.469,0.045,0.4,"Mplus",12429,5758378,500,"Extreme","7",2,TRUE,288.690000000002
"3586","Y~Z",0.473,0.046,0.5,"Mplus",12429,5758378,500,"Extreme","7",2,TRUE,288.690000000002
"3587","Y~X:Z",0.209,0.051,0.3,"Mplus",12429,5758378,500,"Extreme","7",2,TRUE,288.690000000002
"3588","X~~Z",0.277,0.053,0.2,"Mplus",12429,5758378,500,"Extreme","7",2,TRUE,288.690000000002
"3589","X=~x1",0.423438717050897,0.135527117058193,0.5,"MC-OrdPLSc",12430,135131,500,"Extreme","7",3,TRUE,33.5899999999965
"3590","X=~x2",0.528250301809073,0.11000570745724,0.5,"MC-OrdPLSc",12430,135131,500,"Extreme","7",3,TRUE,33.5899999999965
"3591","X=~x3",0.407421415083885,0.113682033336331,0.5,"MC-OrdPLSc",12430,135131,500,"Extreme","7",3,TRUE,33.5899999999965
"3592","Z=~z1",0.528428677612756,0.0986444209917514,0.5,"MC-OrdPLSc",12430,135131,500,"Extreme","7",3,TRUE,33.5899999999965
"3593","Z=~z2",0.555646328334981,0.103223791657266,0.5,"MC-OrdPLSc",12430,135131,500,"Extreme","7",3,TRUE,33.5899999999965
"3594","Z=~z3",0.574552169480941,0.09774378700572,0.5,"MC-OrdPLSc",12430,135131,500,"Extreme","7",3,TRUE,33.5899999999965
"3595","Y=~y1",0.448417046326451,0.0744740796509358,0.5,"MC-OrdPLSc",12430,135131,500,"Extreme","7",3,TRUE,33.5899999999965
"3596","Y=~y2",0.594348260295202,0.0822970754650874,0.5,"MC-OrdPLSc",12430,135131,500,"Extreme","7",3,TRUE,33.5899999999965
"3597","Y=~y3",0.367256387765067,0.073452099811629,0.5,"MC-OrdPLSc",12430,135131,500,"Extreme","7",3,TRUE,33.5899999999965
"3598","Y~X",0.407904298188973,0.117336207160755,0.4,"MC-OrdPLSc",12430,135131,500,"Extreme","7",3,TRUE,33.5899999999965
"3599","Y~Z",0.3946625434673,0.110396423066641,0.5,"MC-OrdPLSc",12430,135131,500,"Extreme","7",3,TRUE,33.5899999999965
"3600","Y~X:Z",0.388649652909954,0.175695249151468,0.3,"MC-OrdPLSc",12430,135131,500,"Extreme","7",3,TRUE,33.5899999999965
"3601","X~~Z",0.169086726433827,0.0988316278686944,0.2,"MC-OrdPLSc",12430,135131,500,"Extreme","7",3,TRUE,33.5899999999965
"3602","X=~x1",0.388934847244722,0.112908285374996,0.5,"PLSc",12430,135131,500,"Extreme","7",3,TRUE,5.30000000000291
"3603","X=~x2",0.515668584651974,0.115535773288782,0.5,"PLSc",12430,135131,500,"Extreme","7",3,TRUE,5.30000000000291
"3604","X=~x3",0.346792109739127,0.123285606004205,0.5,"PLSc",12430,135131,500,"Extreme","7",3,TRUE,5.30000000000291
"3605","Z=~z1",0.491847646225246,0.121650598406354,0.5,"PLSc",12430,135131,500,"Extreme","7",3,TRUE,5.30000000000291
"3606","Z=~z2",0.523589840164171,0.108736254286081,0.5,"PLSc",12430,135131,500,"Extreme","7",3,TRUE,5.30000000000291
"3607","Z=~z3",0.525986307426444,0.105343640791388,0.5,"PLSc",12430,135131,500,"Extreme","7",3,TRUE,5.30000000000291
"3608","Y=~y1",0.42476523050656,0.0830746257635927,0.5,"PLSc",12430,135131,500,"Extreme","7",3,TRUE,5.30000000000291
"3609","Y=~y2",0.576518938841163,0.0808361515333303,0.5,"PLSc",12430,135131,500,"Extreme","7",3,TRUE,5.30000000000291
"3610","Y=~y3",0.324200078943476,0.0912552673578497,0.5,"PLSc",12430,135131,500,"Extreme","7",3,TRUE,5.30000000000291
"3611","Y~X",0.436499696106876,1.14628305689267,0.4,"PLSc",12430,135131,500,"Extreme","7",3,TRUE,5.30000000000291
"3612","Y~Z",0.331648840465987,0.719137827377835,0.5,"PLSc",12430,135131,500,"Extreme","7",3,TRUE,5.30000000000291
"3613","Y~X:Z",0.365273531681349,5.24404918026066,0.3,"PLSc",12430,135131,500,"Extreme","7",3,TRUE,5.30000000000291
"3614","X~~Z",0.163637838409765,0.100027290761996,0.2,"PLSc",12430,135131,500,"Extreme","7",3,TRUE,5.30000000000291
"3615","X=~x1",0.635668418727574,0.121230012141232,0.5,"PLS",12430,135131,500,"Extreme","7",3,TRUE,2.42000000001281
"3616","X=~x2",0.748642048013617,0.105122383399213,0.5,"PLS",12430,135131,500,"Extreme","7",3,TRUE,2.42000000001281
"3617","X=~x3",0.617684416622769,0.124182478330705,0.5,"PLS",12430,135131,500,"Extreme","7",3,TRUE,2.42000000001281
"3618","Z=~z1",0.690821835800977,0.0926341911704432,0.5,"PLS",12430,135131,500,"Extreme","7",3,TRUE,2.42000000001281
"3619","Z=~z2",0.717017158046071,0.0795086696789462,0.5,"PLS",12430,135131,500,"Extreme","7",3,TRUE,2.42000000001281
"3620","Z=~z3",0.732360401465029,0.0703922525566959,0.5,"PLS",12430,135131,500,"Extreme","7",3,TRUE,2.42000000001281
"3621","Y=~y1",0.659658209640429,0.0775604710967204,0.5,"PLS",12430,135131,500,"Extreme","7",3,TRUE,2.42000000001281
"3622","Y=~y2",0.794798939511362,0.0556901268344587,0.5,"PLS",12430,135131,500,"Extreme","7",3,TRUE,2.42000000001281
"3623","Y=~y3",0.558821171956081,0.0978646600526919,0.5,"PLS",12430,135131,500,"Extreme","7",3,TRUE,2.42000000001281
"3624","Y~X",0.19069103893541,0.0422829817195787,0.4,"PLS",12430,135131,500,"Extreme","7",3,TRUE,2.42000000001281
"3625","Y~Z",0.215597266623273,0.0413561180898981,0.5,"PLS",12430,135131,500,"Extreme","7",3,TRUE,2.42000000001281
"3626","Y~X:Z",0.114171349763289,0.0469368462777051,0.3,"PLS",12430,135131,500,"Extreme","7",3,TRUE,2.42000000001281
"3627","X~~Z",0.0747566928723737,0.0464251250465741,0.2,"PLS",12430,135131,500,"Extreme","7",3,TRUE,2.42000000001281
"3628","X=~x1",0.423,0.075,0.5,"Mplus",12430,135131,500,"Extreme","7",3,TRUE,307.700000000012
"3629","X=~x2",0.398,0.075,0.5,"Mplus",12430,135131,500,"Extreme","7",3,TRUE,307.700000000012
"3630","X=~x3",0.476,0.078,0.5,"Mplus",12430,135131,500,"Extreme","7",3,TRUE,307.700000000012
"3631","Z=~z1",0.487,0.065,0.5,"Mplus",12430,135131,500,"Extreme","7",3,TRUE,307.700000000012
"3632","Z=~z2",0.51,0.068,0.5,"Mplus",12430,135131,500,"Extreme","7",3,TRUE,307.700000000012
"3633","Z=~z3",0.528,0.066,0.5,"Mplus",12430,135131,500,"Extreme","7",3,TRUE,307.700000000012
"3634","Y=~y1",0.462,0.066,0.5,"Mplus",12430,135131,500,"Extreme","7",3,TRUE,307.700000000012
"3635","Y=~y2",0.55,0.07,0.5,"Mplus",12430,135131,500,"Extreme","7",3,TRUE,307.700000000012
"3636","Y=~y3",0.379,0.064,0.5,"Mplus",12430,135131,500,"Extreme","7",3,TRUE,307.700000000012
"3637","Y~X",0.391,0.108,0.4,"Mplus",12430,135131,500,"Extreme","7",3,TRUE,307.700000000012
"3638","Y~Z",0.349,0.102,0.5,"Mplus",12430,135131,500,"Extreme","7",3,TRUE,307.700000000012
"3639","Y~X:Z",0.414,0.125,0.3,"Mplus",12430,135131,500,"Extreme","7",3,TRUE,307.700000000012
"3640","X~~Z",0.204,0.098,0.2,"Mplus",12430,135131,500,"Extreme","7",3,TRUE,307.700000000012
"3641","X=~x1",0.826330648884914,0.0231900378925397,0.8,"MC-OrdPLSc",12431,7804509,1000,"Extreme","7",2,TRUE,33.3800000000047
"3642","X=~x2",0.769575896725625,0.0268238525017249,0.8,"MC-OrdPLSc",12431,7804509,1000,"Extreme","7",2,TRUE,33.3800000000047
"3643","X=~x3",0.802166812137173,0.0212436046962296,0.8,"MC-OrdPLSc",12431,7804509,1000,"Extreme","7",2,TRUE,33.3800000000047
"3644","Z=~z1",0.815724116253564,0.0211841429922245,0.8,"MC-OrdPLSc",12431,7804509,1000,"Extreme","7",2,TRUE,33.3800000000047
"3645","Z=~z2",0.803360306064457,0.0212690256588177,0.8,"MC-OrdPLSc",12431,7804509,1000,"Extreme","7",2,TRUE,33.3800000000047
"3646","Z=~z3",0.798920045113213,0.0217613936884043,0.8,"MC-OrdPLSc",12431,7804509,1000,"Extreme","7",2,TRUE,33.3800000000047
"3647","Y=~y1",0.81396756880648,0.0198759921348222,0.8,"MC-OrdPLSc",12431,7804509,1000,"Extreme","7",2,TRUE,33.3800000000047
"3648","Y=~y2",0.842260160130159,0.0173253123914851,0.8,"MC-OrdPLSc",12431,7804509,1000,"Extreme","7",2,TRUE,33.3800000000047
"3649","Y=~y3",0.793309617723129,0.0202445551439356,0.8,"MC-OrdPLSc",12431,7804509,1000,"Extreme","7",2,TRUE,33.3800000000047
"3650","Y~X",0.354034031072288,0.0397735499331295,0.4,"MC-OrdPLSc",12431,7804509,1000,"Extreme","7",2,TRUE,33.3800000000047
"3651","Y~Z",0.464776054060186,0.0402719719342184,0.5,"MC-OrdPLSc",12431,7804509,1000,"Extreme","7",2,TRUE,33.3800000000047
"3652","Y~X:Z",0.305196977016299,0.0561897386216424,0.3,"MC-OrdPLSc",12431,7804509,1000,"Extreme","7",2,TRUE,33.3800000000047
"3653","X~~Z",0.243108677664323,0.0406939367256513,0.2,"MC-OrdPLSc",12431,7804509,1000,"Extreme","7",2,TRUE,33.3800000000047
"3654","X=~x1",0.756130433187611,0.0382529048507661,0.8,"PLSc",12431,7804509,1000,"Extreme","7",2,TRUE,6.66000000000349
"3655","X=~x2",0.727758618730773,0.0434617893203378,0.8,"PLSc",12431,7804509,1000,"Extreme","7",2,TRUE,6.66000000000349
"3656","X=~x3",0.800416667135584,0.0399089024875301,0.8,"PLSc",12431,7804509,1000,"Extreme","7",2,TRUE,6.66000000000349
"3657","Z=~z1",0.806214326991791,0.0332741392557588,0.8,"PLSc",12431,7804509,1000,"Extreme","7",2,TRUE,6.66000000000349
"3658","Z=~z2",0.780428417174662,0.0350508165009707,0.8,"PLSc",12431,7804509,1000,"Extreme","7",2,TRUE,6.66000000000349
"3659","Z=~z3",0.716361932305958,0.0350624885579065,0.8,"PLSc",12431,7804509,1000,"Extreme","7",2,TRUE,6.66000000000349
"3660","Y=~y1",0.779271284063476,0.0253989516478246,0.8,"PLSc",12431,7804509,1000,"Extreme","7",2,TRUE,6.66000000000349
"3661","Y=~y2",0.819752807223269,0.0249941551901862,0.8,"PLSc",12431,7804509,1000,"Extreme","7",2,TRUE,6.66000000000349
"3662","Y=~y3",0.769744670615836,0.0263479873356448,0.8,"PLSc",12431,7804509,1000,"Extreme","7",2,TRUE,6.66000000000349
"3663","Y~X",0.354949652688525,0.0329089013326286,0.4,"PLSc",12431,7804509,1000,"Extreme","7",2,TRUE,6.66000000000349
"3664","Y~Z",0.448152354444891,0.0354667952285212,0.5,"PLSc",12431,7804509,1000,"Extreme","7",2,TRUE,6.66000000000349
"3665","Y~X:Z",0.242358027460847,0.0392187470878584,0.3,"PLSc",12431,7804509,1000,"Extreme","7",2,TRUE,6.66000000000349
"3666","X~~Z",0.226858556737401,0.03794506705334,0.2,"PLSc",12431,7804509,1000,"Extreme","7",2,TRUE,6.66000000000349
"3667","X=~x1",0.863444742942443,0.0126460748726897,0.8,"PLS",12431,7804509,1000,"Extreme","7",2,TRUE,1.8799999999901
"3668","X=~x2",0.831665099840025,0.0156397032575039,0.8,"PLS",12431,7804509,1000,"Extreme","7",2,TRUE,1.8799999999901
"3669","X=~x3",0.850371430620796,0.0125408141331685,0.8,"PLS",12431,7804509,1000,"Extreme","7",2,TRUE,1.8799999999901
"3670","Z=~z1",0.857264797851054,0.0108672990221463,0.8,"PLS",12431,7804509,1000,"Extreme","7",2,TRUE,1.8799999999901
"3671","Z=~z2",0.850781397848819,0.0113567727864728,0.8,"PLS",12431,7804509,1000,"Extreme","7",2,TRUE,1.8799999999901
"3672","Z=~z3",0.849587009833005,0.0119441231319788,0.8,"PLS",12431,7804509,1000,"Extreme","7",2,TRUE,1.8799999999901
"3673","Y=~y1",0.86376208996492,0.00999980180364743,0.8,"PLS",12431,7804509,1000,"Extreme","7",2,TRUE,1.8799999999901
"3674","Y=~y2",0.877632597009279,0.0085903244379713,0.8,"PLS",12431,7804509,1000,"Extreme","7",2,TRUE,1.8799999999901
"3675","Y=~y3",0.854549468070208,0.011013910838074,0.8,"PLS",12431,7804509,1000,"Extreme","7",2,TRUE,1.8799999999901
"3676","Y~X",0.310733925952064,0.026011800005583,0.4,"PLS",12431,7804509,1000,"Extreme","7",2,TRUE,1.8799999999901
"3677","Y~Z",0.384630322640307,0.027808084129921,0.5,"PLS",12431,7804509,1000,"Extreme","7",2,TRUE,1.8799999999901
"3678","Y~X:Z",0.185995948982949,0.0249473752276035,0.3,"PLS",12431,7804509,1000,"Extreme","7",2,TRUE,1.8799999999901
"3679","X~~Z",0.183959008923707,0.0310397091018896,0.2,"PLS",12431,7804509,1000,"Extreme","7",2,TRUE,1.8799999999901
"3680","X=~x1",0.839,0.019,0.8,"Mplus",12431,7804509,1000,"Extreme","7",2,TRUE,438.009999999995
"3681","X=~x2",0.763,0.022,0.8,"Mplus",12431,7804509,1000,"Extreme","7",2,TRUE,438.009999999995
"3682","X=~x3",0.766,0.022,0.8,"Mplus",12431,7804509,1000,"Extreme","7",2,TRUE,438.009999999995
"3683","Z=~z1",0.787,0.021,0.8,"Mplus",12431,7804509,1000,"Extreme","7",2,TRUE,438.009999999995
"3684","Z=~z2",0.783,0.022,0.8,"Mplus",12431,7804509,1000,"Extreme","7",2,TRUE,438.009999999995
"3685","Z=~z3",0.799,0.02,0.8,"Mplus",12431,7804509,1000,"Extreme","7",2,TRUE,438.009999999995
"3686","Y=~y1",0.808,0.019,0.8,"Mplus",12431,7804509,1000,"Extreme","7",2,TRUE,438.009999999995
"3687","Y=~y2",0.83,0.018,0.8,"Mplus",12431,7804509,1000,"Extreme","7",2,TRUE,438.009999999995
"3688","Y=~y3",0.787,0.02,0.8,"Mplus",12431,7804509,1000,"Extreme","7",2,TRUE,438.009999999995
"3689","Y~X",0.356,0.035,0.4,"Mplus",12431,7804509,1000,"Extreme","7",2,TRUE,438.009999999995
"3690","Y~Z",0.45,0.034,0.5,"Mplus",12431,7804509,1000,"Extreme","7",2,TRUE,438.009999999995
"3691","Y~X:Z",0.295,0.041,0.3,"Mplus",12431,7804509,1000,"Extreme","7",2,TRUE,438.009999999995
"3692","X~~Z",0.254,0.038,0.2,"Mplus",12431,7804509,1000,"Extreme","7",2,TRUE,438.009999999995
"3693","X=~x1",0.623907344515226,0.0585140807471928,0.5,"MC-OrdPLSc",12432,846674,1000,"Extreme","7",3,TRUE,35.8799999999901
"3694","X=~x2",0.433331586920172,0.0569501473902606,0.5,"MC-OrdPLSc",12432,846674,1000,"Extreme","7",3,TRUE,35.8799999999901
"3695","X=~x3",0.484218236465129,0.0644435346195024,0.5,"MC-OrdPLSc",12432,846674,1000,"Extreme","7",3,TRUE,35.8799999999901
"3696","Z=~z1",0.462998457585481,0.0677699331184478,0.5,"MC-OrdPLSc",12432,846674,1000,"Extreme","7",3,TRUE,35.8799999999901
"3697","Z=~z2",0.496317397577244,0.0579225570319847,0.5,"MC-OrdPLSc",12432,846674,1000,"Extreme","7",3,TRUE,35.8799999999901
"3698","Z=~z3",0.642518716125763,0.0606484759539839,0.5,"MC-OrdPLSc",12432,846674,1000,"Extreme","7",3,TRUE,35.8799999999901
"3699","Y=~y1",0.56909843122474,0.0442523766644409,0.5,"MC-OrdPLSc",12432,846674,1000,"Extreme","7",3,TRUE,35.8799999999901
"3700","Y=~y2",0.560150166899401,0.0455223841357199,0.5,"MC-OrdPLSc",12432,846674,1000,"Extreme","7",3,TRUE,35.8799999999901
"3701","Y=~y3",0.526953561429966,0.0462710226947914,0.5,"MC-OrdPLSc",12432,846674,1000,"Extreme","7",3,TRUE,35.8799999999901
"3702","Y~X",0.513793832199932,0.0639416653746477,0.4,"MC-OrdPLSc",12432,846674,1000,"Extreme","7",3,TRUE,35.8799999999901
"3703","Y~Z",0.43512977846671,0.067171536312584,0.5,"MC-OrdPLSc",12432,846674,1000,"Extreme","7",3,TRUE,35.8799999999901
"3704","Y~X:Z",0.291193797963288,0.1029050993854,0.3,"MC-OrdPLSc",12432,846674,1000,"Extreme","7",3,TRUE,35.8799999999901
"3705","X~~Z",0.0731729145189238,0.0684528308987328,0.2,"MC-OrdPLSc",12432,846674,1000,"Extreme","7",3,TRUE,35.8799999999901
"3706","X=~x1",0.586196845029344,0.0634687812893908,0.5,"PLSc",12432,846674,1000,"Extreme","7",3,TRUE,7.0399999999936
"3707","X=~x2",0.395140762465636,0.067058220906959,0.5,"PLSc",12432,846674,1000,"Extreme","7",3,TRUE,7.0399999999936
"3708","X=~x3",0.442879844822234,0.0669158944659801,0.5,"PLSc",12432,846674,1000,"Extreme","7",3,TRUE,7.0399999999936
"3709","Z=~z1",0.419384069326666,0.0714079325970418,0.5,"PLSc",12432,846674,1000,"Extreme","7",3,TRUE,7.0399999999936
"3710","Z=~z2",0.444363036444043,0.0691298685741444,0.5,"PLSc",12432,846674,1000,"Extreme","7",3,TRUE,7.0399999999936
"3711","Z=~z3",0.621632447042817,0.0711000380590209,0.5,"PLSc",12432,846674,1000,"Extreme","7",3,TRUE,7.0399999999936
"3712","Y=~y1",0.548591453803883,0.0474589312769553,0.5,"PLSc",12432,846674,1000,"Extreme","7",3,TRUE,7.0399999999936
"3713","Y=~y2",0.542748119838382,0.0465500281425744,0.5,"PLSc",12432,846674,1000,"Extreme","7",3,TRUE,7.0399999999936
"3714","Y=~y3",0.479291706831374,0.0486269005227169,0.5,"PLSc",12432,846674,1000,"Extreme","7",3,TRUE,7.0399999999936
"3715","Y~X",0.514127007159148,0.081229399849634,0.4,"PLSc",12432,846674,1000,"Extreme","7",3,TRUE,7.0399999999936
"3716","Y~Z",0.407233600848764,0.0790683035452697,0.5,"PLSc",12432,846674,1000,"Extreme","7",3,TRUE,7.0399999999936
"3717","Y~X:Z",0.237562664884294,0.165047651353698,0.3,"PLSc",12432,846674,1000,"Extreme","7",3,TRUE,7.0399999999936
"3718","X~~Z",0.0676203635327621,0.0648698932287047,0.2,"PLSc",12432,846674,1000,"Extreme","7",3,TRUE,7.0399999999936
"3719","X=~x1",0.787709333805635,0.0407508098676701,0.5,"PLS",12432,846674,1000,"Extreme","7",3,TRUE,2.13999999999942
"3720","X=~x2",0.611775064739664,0.0617613821587818,0.5,"PLS",12432,846674,1000,"Extreme","7",3,TRUE,2.13999999999942
"3721","X=~x3",0.668669098436372,0.0569018990454512,0.5,"PLS",12432,846674,1000,"Extreme","7",3,TRUE,2.13999999999942
"3722","Z=~z1",0.632345665768775,0.0591686964169386,0.5,"PLS",12432,846674,1000,"Extreme","7",3,TRUE,2.13999999999942
"3723","Z=~z2",0.672389388814991,0.052636387288666,0.5,"PLS",12432,846674,1000,"Extreme","7",3,TRUE,2.13999999999942
"3724","Z=~z3",0.793497576416132,0.0435284851914879,0.5,"PLS",12432,846674,1000,"Extreme","7",3,TRUE,2.13999999999942
"3725","Y=~y1",0.732919457232099,0.0324435721521617,0.5,"PLS",12432,846674,1000,"Extreme","7",3,TRUE,2.13999999999942
"3726","Y=~y2",0.725816532286652,0.0317131949652955,0.5,"PLS",12432,846674,1000,"Extreme","7",3,TRUE,2.13999999999942
"3727","Y=~y3",0.696164629394157,0.0356990105295012,0.5,"PLS",12432,846674,1000,"Extreme","7",3,TRUE,2.13999999999942
"3728","Y~X",0.2695868698489,0.02697765329882,0.4,"PLS",12432,846674,1000,"Extreme","7",3,TRUE,2.13999999999942
"3729","Y~Z",0.241249786842591,0.0319503510418803,0.5,"PLS",12432,846674,1000,"Extreme","7",3,TRUE,2.13999999999942
"3730","Y~X:Z",0.108654014724199,0.0278472075075083,0.3,"PLS",12432,846674,1000,"Extreme","7",3,TRUE,2.13999999999942
"3731","X~~Z",0.0338293971821045,0.0325899649476201,0.2,"PLS",12432,846674,1000,"Extreme","7",3,TRUE,2.13999999999942
"3732","X=~x1",0.562,0.048,0.5,"Mplus",12432,846674,1000,"Extreme","7",3,TRUE,615.300000000003
"3733","X=~x2",0.444,0.046,0.5,"Mplus",12432,846674,1000,"Extreme","7",3,TRUE,615.300000000003
"3734","X=~x3",0.469,0.045,0.5,"Mplus",12432,846674,1000,"Extreme","7",3,TRUE,615.300000000003
"3735","Z=~z1",0.47,0.045,0.5,"Mplus",12432,846674,1000,"Extreme","7",3,TRUE,615.300000000003
"3736","Z=~z2",0.52,0.045,0.5,"Mplus",12432,846674,1000,"Extreme","7",3,TRUE,615.300000000003
"3737","Z=~z3",0.571,0.046,0.5,"Mplus",12432,846674,1000,"Extreme","7",3,TRUE,615.300000000003
"3738","Y=~y1",0.524,0.041,0.5,"Mplus",12432,846674,1000,"Extreme","7",3,TRUE,615.300000000003
"3739","Y=~y2",0.524,0.04,0.5,"Mplus",12432,846674,1000,"Extreme","7",3,TRUE,615.300000000003
"3740","Y=~y3",0.531,0.041,0.5,"Mplus",12432,846674,1000,"Extreme","7",3,TRUE,615.300000000003
"3741","Y~X",0.492,0.061,0.4,"Mplus",12432,846674,1000,"Extreme","7",3,TRUE,615.300000000003
"3742","Y~Z",0.454,0.06,0.5,"Mplus",12432,846674,1000,"Extreme","7",3,TRUE,615.300000000003
"3743","Y~X:Z",0.321,0.077,0.3,"Mplus",12432,846674,1000,"Extreme","7",3,TRUE,615.300000000003
"3744","X~~Z",0.059,0.063,0.2,"Mplus",12432,846674,1000,"Extreme","7",3,TRUE,615.300000000003
"3745","X=~x1",0.787711934361929,0.142255873699563,0.8,"MC-OrdPLSc",12433,6341750,200,"Alt.Mod","2",2,TRUE,14.8300000000017
"3746","X=~x2",0.733943381441039,0.126455286615245,0.8,"MC-OrdPLSc",12433,6341750,200,"Alt.Mod","2",2,TRUE,14.8300000000017
"3747","X=~x3",0.741870544858242,0.150042721629904,0.8,"MC-OrdPLSc",12433,6341750,200,"Alt.Mod","2",2,TRUE,14.8300000000017
"3748","Z=~z1",0.765200413853215,0.0677693469804212,0.8,"MC-OrdPLSc",12433,6341750,200,"Alt.Mod","2",2,TRUE,14.8300000000017
"3749","Z=~z2",0.824773593563751,0.0618473202285044,0.8,"MC-OrdPLSc",12433,6341750,200,"Alt.Mod","2",2,TRUE,14.8300000000017
"3750","Z=~z3",0.989907694954381,0.0462129088596948,0.8,"MC-OrdPLSc",12433,6341750,200,"Alt.Mod","2",2,TRUE,14.8300000000017
"3751","Y=~y1",0.866461666310212,0.055114186015261,0.8,"MC-OrdPLSc",12433,6341750,200,"Alt.Mod","2",2,TRUE,14.8300000000017
"3752","Y=~y2",0.912905970027136,0.0492349776550179,0.8,"MC-OrdPLSc",12433,6341750,200,"Alt.Mod","2",2,TRUE,14.8300000000017
"3753","Y=~y3",0.811629524267684,0.0633630597703713,0.8,"MC-OrdPLSc",12433,6341750,200,"Alt.Mod","2",2,TRUE,14.8300000000017
"3754","Y~X",0.39135229431676,0.0848443557878123,0.4,"MC-OrdPLSc",12433,6341750,200,"Alt.Mod","2",2,TRUE,14.8300000000017
"3755","Y~Z",0.574318688142615,0.0746625846435225,0.5,"MC-OrdPLSc",12433,6341750,200,"Alt.Mod","2",2,TRUE,14.8300000000017
"3756","Y~X:Z",0.313823466216854,0.114537850219881,0.3,"MC-OrdPLSc",12433,6341750,200,"Alt.Mod","2",2,TRUE,14.8300000000017
"3757","X~~Z",0.113591768650769,0.110392932423782,0.2,"MC-OrdPLSc",12433,6341750,200,"Alt.Mod","2",2,TRUE,14.8300000000017
"3758","X=~x1",0.64973465992191,0.151756373711697,0.8,"PLSc",12433,6341750,200,"Alt.Mod","2",2,TRUE,3.22000000000116
"3759","X=~x2",0.554122801783436,0.148527082599432,0.8,"PLSc",12433,6341750,200,"Alt.Mod","2",2,TRUE,3.22000000000116
"3760","X=~x3",0.640419222406116,0.153604169413978,0.8,"PLSc",12433,6341750,200,"Alt.Mod","2",2,TRUE,3.22000000000116
"3761","Z=~z1",0.576096403597467,0.101089286398595,0.8,"PLSc",12433,6341750,200,"Alt.Mod","2",2,TRUE,3.22000000000116
"3762","Z=~z2",0.742170897535793,0.0942954315947666,0.8,"PLSc",12433,6341750,200,"Alt.Mod","2",2,TRUE,3.22000000000116
"3763","Z=~z3",0.848489002870579,0.0792282476916115,0.8,"PLSc",12433,6341750,200,"Alt.Mod","2",2,TRUE,3.22000000000116
"3764","Y=~y1",0.673202862319334,0.0751454485931408,0.8,"PLSc",12433,6341750,200,"Alt.Mod","2",2,TRUE,3.22000000000116
"3765","Y=~y2",0.727810473260401,0.0642300807853844,0.8,"PLSc",12433,6341750,200,"Alt.Mod","2",2,TRUE,3.22000000000116
"3766","Y=~y3",0.699264249658973,0.0773678268550634,0.8,"PLSc",12433,6341750,200,"Alt.Mod","2",2,TRUE,3.22000000000116
"3767","Y~X",0.360798723915657,0.0985510696425174,0.4,"PLSc",12433,6341750,200,"Alt.Mod","2",2,TRUE,3.22000000000116
"3768","Y~Z",0.542187774070165,0.0810017092419162,0.5,"PLSc",12433,6341750,200,"Alt.Mod","2",2,TRUE,3.22000000000116
"3769","Y~X:Z",0.215069654757816,0.0896235225564601,0.3,"PLSc",12433,6341750,200,"Alt.Mod","2",2,TRUE,3.22000000000116
"3770","X~~Z",0.0981188712415014,0.0996360437912579,0.2,"PLSc",12433,6341750,200,"Alt.Mod","2",2,TRUE,3.22000000000116
"3771","X=~x1",0.785475659456775,0.0767914184464194,0.8,"PLS",12433,6341750,200,"Alt.Mod","2",2,TRUE,1.9600000000064
"3772","X=~x2",0.75412186650777,0.0723191734292567,0.8,"PLS",12433,6341750,200,"Alt.Mod","2",2,TRUE,1.9600000000064
"3773","X=~x3",0.757056974492699,0.0886392468754145,0.8,"PLS",12433,6341750,200,"Alt.Mod","2",2,TRUE,1.9600000000064
"3774","Z=~z1",0.768040709631356,0.0502322848237156,0.8,"PLS",12433,6341750,200,"Alt.Mod","2",2,TRUE,1.9600000000064
"3775","Z=~z2",0.81119876452431,0.0439445932006036,0.8,"PLS",12433,6341750,200,"Alt.Mod","2",2,TRUE,1.9600000000064
"3776","Z=~z3",0.890139640481363,0.0200319844162968,0.8,"PLS",12433,6341750,200,"Alt.Mod","2",2,TRUE,1.9600000000064
"3777","Y=~y1",0.817817879863364,0.035205154239327,0.8,"PLS",12433,6341750,200,"Alt.Mod","2",2,TRUE,1.9600000000064
"3778","Y=~y2",0.837736891322957,0.0280201934579454,0.8,"PLS",12433,6341750,200,"Alt.Mod","2",2,TRUE,1.9600000000064
"3779","Y=~y3",0.781607425664065,0.0402827410203625,0.8,"PLS",12433,6341750,200,"Alt.Mod","2",2,TRUE,1.9600000000064
"3780","Y~X",0.245248830090209,0.0645179330271026,0.4,"PLS",12433,6341750,200,"Alt.Mod","2",2,TRUE,1.9600000000064
"3781","Y~Z",0.414723367349431,0.0590669721119012,0.5,"PLS",12433,6341750,200,"Alt.Mod","2",2,TRUE,1.9600000000064
"3782","Y~X:Z",0.125154528625997,0.0599788219804571,0.3,"PLS",12433,6341750,200,"Alt.Mod","2",2,TRUE,1.9600000000064
"3783","X~~Z",0.0704467426586904,0.0730285318163395,0.2,"PLS",12433,6341750,200,"Alt.Mod","2",2,TRUE,1.9600000000064
"3784","X=~x1",0.003,0.005,0.8,"Mplus",12433,6341750,200,"Alt.Mod","2",2,TRUE,119.850000000006
"3785","X=~x2",-0.358,0.508,0.8,"Mplus",12433,6341750,200,"Alt.Mod","2",2,TRUE,119.850000000006
"3786","X=~x3",-0.466,0.61,0.8,"Mplus",12433,6341750,200,"Alt.Mod","2",2,TRUE,119.850000000006
"3787","Z=~z1",0.817,0.048,0.8,"Mplus",12433,6341750,200,"Alt.Mod","2",2,TRUE,119.850000000006
"3788","Z=~z2",0.798,0.063,0.8,"Mplus",12433,6341750,200,"Alt.Mod","2",2,TRUE,119.850000000006
"3789","Z=~z3",0.965,0.039,0.8,"Mplus",12433,6341750,200,"Alt.Mod","2",2,TRUE,119.850000000006
"3790","Y=~y1",0.848,0.065,0.8,"Mplus",12433,6341750,200,"Alt.Mod","2",2,TRUE,119.850000000006
"3791","Y=~y2",0.895,0.061,0.8,"Mplus",12433,6341750,200,"Alt.Mod","2",2,TRUE,119.850000000006
"3792","Y=~y3",0.734,0.077,0.8,"Mplus",12433,6341750,200,"Alt.Mod","2",2,TRUE,119.850000000006
"3793","Y~X",-0.163,0.252,0.4,"Mplus",12433,6341750,200,"Alt.Mod","2",2,TRUE,119.850000000006
"3794","Y~Z",0.613,0.092,0.5,"Mplus",12433,6341750,200,"Alt.Mod","2",2,TRUE,119.850000000006
"3795","Y~X:Z",-0.101,0.167,0.3,"Mplus",12433,6341750,200,"Alt.Mod","2",2,TRUE,119.850000000006
"3796","X~~Z",-0.29,0.514,0.2,"Mplus",12433,6341750,200,"Alt.Mod","2",2,TRUE,119.850000000006
"3797","X=~x1",0.56081980969437,1.02640359727365,0.5,"MC-OrdPLSc",12434,1006608,200,"Alt.Mod","2",3,TRUE,20.4900000000052
"3798","X=~x2",0.0425758206428648,0.387338472610666,0.5,"MC-OrdPLSc",12434,1006608,200,"Alt.Mod","2",3,TRUE,20.4900000000052
"3799","X=~x3",0.492056085142771,0.604854247935596,0.5,"MC-OrdPLSc",12434,1006608,200,"Alt.Mod","2",3,TRUE,20.4900000000052
"3800","Z=~z1",0.507100490709882,0.303375685941832,0.5,"MC-OrdPLSc",12434,1006608,200,"Alt.Mod","2",3,TRUE,20.4900000000052
"3801","Z=~z2",0.388185130018947,0.228592856166906,0.5,"MC-OrdPLSc",12434,1006608,200,"Alt.Mod","2",3,TRUE,20.4900000000052
"3802","Z=~z3",0.891572150356679,0.789233496823121,0.5,"MC-OrdPLSc",12434,1006608,200,"Alt.Mod","2",3,TRUE,20.4900000000052
"3803","Y=~y1",0.675130070839512,0.274798623178937,0.5,"MC-OrdPLSc",12434,1006608,200,"Alt.Mod","2",3,TRUE,20.4900000000052
"3804","Y=~y2",0.565432535716346,0.216635715716496,0.5,"MC-OrdPLSc",12434,1006608,200,"Alt.Mod","2",3,TRUE,20.4900000000052
"3805","Y=~y3",0.482671414070905,0.208080033179671,0.5,"MC-OrdPLSc",12434,1006608,200,"Alt.Mod","2",3,TRUE,20.4900000000052
"3806","Y~X",0.665416363652978,1.01427410812058,0.4,"MC-OrdPLSc",12434,1006608,200,"Alt.Mod","2",3,TRUE,20.4900000000052
"3807","Y~Z",0.546591699815778,0.411737935259488,0.5,"MC-OrdPLSc",12434,1006608,200,"Alt.Mod","2",3,TRUE,20.4900000000052
"3808","Y~X:Z",0.0349569512452297,0.375249597570193,0.3,"MC-OrdPLSc",12434,1006608,200,"Alt.Mod","2",3,TRUE,20.4900000000052
"3809","X~~Z",-0.155751195438085,0.40136501953264,0.2,"MC-OrdPLSc",12434,1006608,200,"Alt.Mod","2",3,TRUE,20.4900000000052
"3810","X=~x1",0.406947784923679,0.20867555580384,0.5,"PLSc",12434,1006608,200,"Alt.Mod","2",3,FALSE,4.81999999999243
"3811","X=~x2",-0.0338156265833387,0.240154812863461,0.5,"PLSc",12434,1006608,200,"Alt.Mod","2",3,FALSE,4.81999999999243
"3812","X=~x3",0.356832165624001,0.202083793294456,0.5,"PLSc",12434,1006608,200,"Alt.Mod","2",3,FALSE,4.81999999999243
"3813","Z=~z1",0.437774694950621,0.212653890589807,0.5,"PLSc",12434,1006608,200,"Alt.Mod","2",3,FALSE,4.81999999999243
"3814","Z=~z2",0.211572059514733,0.236309112915367,0.5,"PLSc",12434,1006608,200,"Alt.Mod","2",3,FALSE,4.81999999999243
"3815","Z=~z3",0.713825974582861,0.219618897322457,0.5,"PLSc",12434,1006608,200,"Alt.Mod","2",3,FALSE,4.81999999999243
"3816","Y=~y1",0.56126476764364,0.160091507995133,0.5,"PLSc",12434,1006608,200,"Alt.Mod","2",3,FALSE,4.81999999999243
"3817","Y=~y2",0.464532793266389,0.151627216994448,0.5,"PLSc",12434,1006608,200,"Alt.Mod","2",3,FALSE,4.81999999999243
"3818","Y=~y3",0.327537136394104,0.162229121518137,0.5,"PLSc",12434,1006608,200,"Alt.Mod","2",3,FALSE,4.81999999999243
"3819","Y~X",-0.203932590111665,2.66910290173909,0.4,"PLSc",12434,1006608,200,"Alt.Mod","2",3,FALSE,4.81999999999243
"3820","Y~Z",0.15364423586256,2.39344381125562,0.5,"PLSc",12434,1006608,200,"Alt.Mod","2",3,FALSE,4.81999999999243
"3821","Y~X:Z",1.40227688835629,5.39076257027626,0.3,"PLSc",12434,1006608,200,"Alt.Mod","2",3,FALSE,4.81999999999243
"3822","X~~Z",-0.15556434971057,0.362942425501021,0.2,"PLSc",12434,1006608,200,"Alt.Mod","2",3,FALSE,4.81999999999243
"3823","X=~x1",0.800529350927892,0.212813973143011,0.5,"PLS",12434,1006608,200,"Alt.Mod","2",3,TRUE,3.33999999999651
"3824","X=~x2",0.0714252070759242,0.343815880354679,0.5,"PLS",12434,1006608,200,"Alt.Mod","2",3,TRUE,3.33999999999651
"3825","X=~x3",0.720483407233906,0.232233498582711,0.5,"PLS",12434,1006608,200,"Alt.Mod","2",3,TRUE,3.33999999999651
"3826","Z=~z1",0.63201797746873,0.223009698614369,0.5,"PLS",12434,1006608,200,"Alt.Mod","2",3,TRUE,3.33999999999651
"3827","Z=~z2",0.493472916440318,0.244072750934869,0.5,"PLS",12434,1006608,200,"Alt.Mod","2",3,TRUE,3.33999999999651
"3828","Z=~z3",0.869862353900947,0.151880082363846,0.5,"PLS",12434,1006608,200,"Alt.Mod","2",3,TRUE,3.33999999999651
"3829","Y=~y1",0.764812554509465,0.141744730568305,0.5,"PLS",12434,1006608,200,"Alt.Mod","2",3,TRUE,3.33999999999651
"3830","Y=~y2",0.678706382780066,0.150701423607248,0.5,"PLS",12434,1006608,200,"Alt.Mod","2",3,TRUE,3.33999999999651
"3831","Y=~y3",0.603778998837793,0.160177742200018,0.5,"PLS",12434,1006608,200,"Alt.Mod","2",3,TRUE,3.33999999999651
"3832","Y~X",0.222768421531594,0.0701343017430505,0.4,"PLS",12434,1006608,200,"Alt.Mod","2",3,TRUE,3.33999999999651
"3833","Y~Z",0.229580198903583,0.070499644650168,0.5,"PLS",12434,1006608,200,"Alt.Mod","2",3,TRUE,3.33999999999651
"3834","Y~X:Z",-0.00672901863800208,0.0742606925038806,0.3,"PLS",12434,1006608,200,"Alt.Mod","2",3,TRUE,3.33999999999651
"3835","X~~Z",-0.0586743464032409,0.0769745596720931,0.2,"PLS",12434,1006608,200,"Alt.Mod","2",3,TRUE,3.33999999999651
"3836","X=~x1",0.279,0.09,0.5,"Mplus",12434,1006608,200,"Alt.Mod","2",3,TRUE,249.25
"3837","X=~x2",0.248,0.109,0.5,"Mplus",12434,1006608,200,"Alt.Mod","2",3,TRUE,249.25
"3838","X=~x3",0.94,0.145,0.5,"Mplus",12434,1006608,200,"Alt.Mod","2",3,TRUE,249.25
"3839","Z=~z1",0.443,0.127,0.5,"Mplus",12434,1006608,200,"Alt.Mod","2",3,TRUE,249.25
"3840","Z=~z2",0.49,0.119,0.5,"Mplus",12434,1006608,200,"Alt.Mod","2",3,TRUE,249.25
"3841","Z=~z3",0.816,0.159,0.5,"Mplus",12434,1006608,200,"Alt.Mod","2",3,TRUE,249.25
"3842","Y=~y1",0.569,0.131,0.5,"Mplus",12434,1006608,200,"Alt.Mod","2",3,TRUE,249.25
"3843","Y=~y2",0.528,0.129,0.5,"Mplus",12434,1006608,200,"Alt.Mod","2",3,TRUE,249.25
"3844","Y=~y3",0.57,0.13,0.5,"Mplus",12434,1006608,200,"Alt.Mod","2",3,TRUE,249.25
"3845","Y~X",0.398,0.163,0.4,"Mplus",12434,1006608,200,"Alt.Mod","2",3,TRUE,249.25
"3846","Y~Z",0.527,0.152,0.5,"Mplus",12434,1006608,200,"Alt.Mod","2",3,TRUE,249.25
"3847","Y~X:Z",0.123,0.212,0.3,"Mplus",12434,1006608,200,"Alt.Mod","2",3,TRUE,249.25
"3848","X~~Z",-0.185,0.14,0.2,"Mplus",12434,1006608,200,"Alt.Mod","2",3,TRUE,249.25
"3849","X=~x1",0.789889377437908,0.0586610709379772,0.8,"MC-OrdPLSc",12435,9283103,500,"Alt.Mod","2",2,TRUE,16.8000000000029
"3850","X=~x2",0.840590315257103,0.0657885436480104,0.8,"MC-OrdPLSc",12435,9283103,500,"Alt.Mod","2",2,TRUE,16.8000000000029
"3851","X=~x3",0.733370490108514,0.0611015593924501,0.8,"MC-OrdPLSc",12435,9283103,500,"Alt.Mod","2",2,TRUE,16.8000000000029
"3852","Z=~z1",0.81718492578085,0.0523561630242933,0.8,"MC-OrdPLSc",12435,9283103,500,"Alt.Mod","2",2,TRUE,16.8000000000029
"3853","Z=~z2",0.790893230242431,0.0492862771551008,0.8,"MC-OrdPLSc",12435,9283103,500,"Alt.Mod","2",2,TRUE,16.8000000000029
"3854","Z=~z3",0.756977158801426,0.0554766683971908,0.8,"MC-OrdPLSc",12435,9283103,500,"Alt.Mod","2",2,TRUE,16.8000000000029
"3855","Y=~y1",0.803365656717364,0.0456091996492403,0.8,"MC-OrdPLSc",12435,9283103,500,"Alt.Mod","2",2,TRUE,16.8000000000029
"3856","Y=~y2",0.783910518821663,0.0498270352351263,0.8,"MC-OrdPLSc",12435,9283103,500,"Alt.Mod","2",2,TRUE,16.8000000000029
"3857","Y=~y3",0.785760622193012,0.0479804925119979,0.8,"MC-OrdPLSc",12435,9283103,500,"Alt.Mod","2",2,TRUE,16.8000000000029
"3858","Y~X",0.369911669977614,0.0579806556257787,0.4,"MC-OrdPLSc",12435,9283103,500,"Alt.Mod","2",2,TRUE,16.8000000000029
"3859","Y~Z",0.557155130629735,0.0514723113423427,0.5,"MC-OrdPLSc",12435,9283103,500,"Alt.Mod","2",2,TRUE,16.8000000000029
"3860","Y~X:Z",0.21674129807952,0.0848132673936375,0.3,"MC-OrdPLSc",12435,9283103,500,"Alt.Mod","2",2,TRUE,16.8000000000029
"3861","X~~Z",0.259987376681383,0.0738492587303489,0.2,"MC-OrdPLSc",12435,9283103,500,"Alt.Mod","2",2,TRUE,16.8000000000029
"3862","X=~x1",0.688738171623018,0.0699031162836605,0.8,"PLSc",12435,9283103,500,"Alt.Mod","2",2,TRUE,4.58000000000175
"3863","X=~x2",0.722738441413633,0.0743923658826873,0.8,"PLSc",12435,9283103,500,"Alt.Mod","2",2,TRUE,4.58000000000175
"3864","X=~x3",0.526061819141615,0.0876055225933031,0.8,"PLSc",12435,9283103,500,"Alt.Mod","2",2,TRUE,4.58000000000175
"3865","Z=~z1",0.709721807701997,0.0597131049803231,0.8,"PLSc",12435,9283103,500,"Alt.Mod","2",2,TRUE,4.58000000000175
"3866","Z=~z2",0.647125382945113,0.0593334174354491,0.8,"PLSc",12435,9283103,500,"Alt.Mod","2",2,TRUE,4.58000000000175
"3867","Z=~z3",0.581681979185437,0.0647681344993835,0.8,"PLSc",12435,9283103,500,"Alt.Mod","2",2,TRUE,4.58000000000175
"3868","Y=~y1",0.63903933238089,0.0530702017823787,0.8,"PLSc",12435,9283103,500,"Alt.Mod","2",2,TRUE,4.58000000000175
"3869","Y=~y2",0.599165194454981,0.0534158163350605,0.8,"PLSc",12435,9283103,500,"Alt.Mod","2",2,TRUE,4.58000000000175
"3870","Y=~y3",0.649307991502549,0.0519035326063768,0.8,"PLSc",12435,9283103,500,"Alt.Mod","2",2,TRUE,4.58000000000175
"3871","Y~X",0.353518832412634,0.0691711487181346,0.4,"PLSc",12435,9283103,500,"Alt.Mod","2",2,TRUE,4.58000000000175
"3872","Y~Z",0.541673038430534,0.0616741463240542,0.5,"PLSc",12435,9283103,500,"Alt.Mod","2",2,TRUE,4.58000000000175
"3873","Y~X:Z",0.163939299578046,0.0703300318957213,0.3,"PLSc",12435,9283103,500,"Alt.Mod","2",2,TRUE,4.58000000000175
"3874","X~~Z",0.234885530176826,0.0660082109382547,0.2,"PLSc",12435,9283103,500,"Alt.Mod","2",2,TRUE,4.58000000000175
"3875","X=~x1",0.785948888244622,0.0328753569799756,0.8,"PLS",12435,9283103,500,"Alt.Mod","2",2,TRUE,1.8799999999901
"3876","X=~x2",0.812853242397194,0.0315845626486499,0.8,"PLS",12435,9283103,500,"Alt.Mod","2",2,TRUE,1.8799999999901
"3877","X=~x3",0.750071873834479,0.0429628621095585,0.8,"PLS",12435,9283103,500,"Alt.Mod","2",2,TRUE,1.8799999999901
"3878","Z=~z1",0.80025494294872,0.0263682647398736,0.8,"PLS",12435,9283103,500,"Alt.Mod","2",2,TRUE,1.8799999999901
"3879","Z=~z2",0.782845453281253,0.0292778618005025,0.8,"PLS",12435,9283103,500,"Alt.Mod","2",2,TRUE,1.8799999999901
"3880","Z=~z3",0.763832636282479,0.0322328320049283,0.8,"PLS",12435,9283103,500,"Alt.Mod","2",2,TRUE,1.8799999999901
"3881","Y=~y1",0.781693717175518,0.0278781955023456,0.8,"PLS",12435,9283103,500,"Alt.Mod","2",2,TRUE,1.8799999999901
"3882","Y=~y2",0.768952603519245,0.0298242213098574,0.8,"PLS",12435,9283103,500,"Alt.Mod","2",2,TRUE,1.8799999999901
"3883","Y=~y3",0.768394977232542,0.0279651295868449,0.8,"PLS",12435,9283103,500,"Alt.Mod","2",2,TRUE,1.8799999999901
"3884","Y~X",0.25323141975187,0.0423353315756724,0.4,"PLS",12435,9283103,500,"Alt.Mod","2",2,TRUE,1.8799999999901
"3885","Y~Z",0.372879864642989,0.0397921508732419,0.5,"PLS",12435,9283103,500,"Alt.Mod","2",2,TRUE,1.8799999999901
"3886","Y~X:Z",0.07549073863353,0.0385819813590729,0.3,"PLS",12435,9283103,500,"Alt.Mod","2",2,TRUE,1.8799999999901
"3887","X~~Z",0.162992922262493,0.0462847604253829,0.2,"PLS",12435,9283103,500,"Alt.Mod","2",2,TRUE,1.8799999999901
"3888","X=~x1",0.733,0.052,0.8,"Mplus",12435,9283103,500,"Alt.Mod","2",2,TRUE,132.090000000011
"3889","X=~x2",0.801,0.05,0.8,"Mplus",12435,9283103,500,"Alt.Mod","2",2,TRUE,132.090000000011
"3890","X=~x3",0.787,0.051,0.8,"Mplus",12435,9283103,500,"Alt.Mod","2",2,TRUE,132.090000000011
"3891","Z=~z1",0.792,0.05,0.8,"Mplus",12435,9283103,500,"Alt.Mod","2",2,TRUE,132.090000000011
"3892","Z=~z2",0.768,0.051,0.8,"Mplus",12435,9283103,500,"Alt.Mod","2",2,TRUE,132.090000000011
"3893","Z=~z3",0.747,0.052,0.8,"Mplus",12435,9283103,500,"Alt.Mod","2",2,TRUE,132.090000000011
"3894","Y=~y1",0.802,0.049,0.8,"Mplus",12435,9283103,500,"Alt.Mod","2",2,TRUE,132.090000000011
"3895","Y=~y2",0.771,0.05,0.8,"Mplus",12435,9283103,500,"Alt.Mod","2",2,TRUE,132.090000000011
"3896","Y=~y3",0.749,0.052,0.8,"Mplus",12435,9283103,500,"Alt.Mod","2",2,TRUE,132.090000000011
"3897","Y~X",0.373,0.062,0.4,"Mplus",12435,9283103,500,"Alt.Mod","2",2,TRUE,132.090000000011
"3898","Y~Z",0.559,0.056,0.5,"Mplus",12435,9283103,500,"Alt.Mod","2",2,TRUE,132.090000000011
"3899","Y~X:Z",0.225,0.083,0.3,"Mplus",12435,9283103,500,"Alt.Mod","2",2,TRUE,132.090000000011
"3900","X~~Z",0.246,0.07,0.2,"Mplus",12435,9283103,500,"Alt.Mod","2",2,TRUE,132.090000000011
"3901","X=~x1",0.461740873026126,0.103848242432925,0.5,"MC-OrdPLSc",12436,5193608,500,"Alt.Mod","2",3,TRUE,21.0500000000029
"3902","X=~x2",0.418683793892813,0.115668512116868,0.5,"MC-OrdPLSc",12436,5193608,500,"Alt.Mod","2",3,TRUE,21.0500000000029
"3903","X=~x3",0.624714288460647,0.110872240585123,0.5,"MC-OrdPLSc",12436,5193608,500,"Alt.Mod","2",3,TRUE,21.0500000000029
"3904","Z=~z1",0.530674513067555,0.101261026274204,0.5,"MC-OrdPLSc",12436,5193608,500,"Alt.Mod","2",3,TRUE,21.0500000000029
"3905","Z=~z2",0.499172055426797,0.168729859105225,0.5,"MC-OrdPLSc",12436,5193608,500,"Alt.Mod","2",3,TRUE,21.0500000000029
"3906","Z=~z3",0.595814681171591,0.133926835588618,0.5,"MC-OrdPLSc",12436,5193608,500,"Alt.Mod","2",3,TRUE,21.0500000000029
"3907","Y=~y1",0.533359744999488,0.1238581606989,0.5,"MC-OrdPLSc",12436,5193608,500,"Alt.Mod","2",3,TRUE,21.0500000000029
"3908","Y=~y2",0.55085024521929,0.109275384307056,0.5,"MC-OrdPLSc",12436,5193608,500,"Alt.Mod","2",3,TRUE,21.0500000000029
"3909","Y=~y3",0.718144329639112,0.113994874180825,0.5,"MC-OrdPLSc",12436,5193608,500,"Alt.Mod","2",3,TRUE,21.0500000000029
"3910","Y~X",0.598099655926482,0.116693261095042,0.4,"MC-OrdPLSc",12436,5193608,500,"Alt.Mod","2",3,TRUE,21.0500000000029
"3911","Y~Z",0.380368105196725,0.114234624340296,0.5,"MC-OrdPLSc",12436,5193608,500,"Alt.Mod","2",3,TRUE,21.0500000000029
"3912","Y~X:Z",0.502322827982656,0.206542244346961,0.3,"MC-OrdPLSc",12436,5193608,500,"Alt.Mod","2",3,TRUE,21.0500000000029
"3913","X~~Z",0.308681822647794,0.121227156039495,0.2,"MC-OrdPLSc",12436,5193608,500,"Alt.Mod","2",3,TRUE,21.0500000000029
"3914","X=~x1",0.347413001963215,0.0850251381650836,0.5,"PLSc",12436,5193608,500,"Alt.Mod","2",3,FALSE,5.02999999999884
"3915","X=~x2",0.308473836857564,0.0912713379105619,0.5,"PLSc",12436,5193608,500,"Alt.Mod","2",3,FALSE,5.02999999999884
"3916","X=~x3",0.525103838643359,0.0882257441719817,0.5,"PLSc",12436,5193608,500,"Alt.Mod","2",3,FALSE,5.02999999999884
"3917","Z=~z1",0.41028776963482,0.111643074807507,0.5,"PLSc",12436,5193608,500,"Alt.Mod","2",3,FALSE,5.02999999999884
"3918","Z=~z2",0.390359782904612,0.112535640880576,0.5,"PLSc",12436,5193608,500,"Alt.Mod","2",3,FALSE,5.02999999999884
"3919","Z=~z3",0.478567682042445,0.109398303902362,0.5,"PLSc",12436,5193608,500,"Alt.Mod","2",3,FALSE,5.02999999999884
"3920","Y=~y1",0.377555037898663,0.0763458872304022,0.5,"PLSc",12436,5193608,500,"Alt.Mod","2",3,FALSE,5.02999999999884
"3921","Y=~y2",0.352725808854745,0.0770649737430489,0.5,"PLSc",12436,5193608,500,"Alt.Mod","2",3,FALSE,5.02999999999884
"3922","Y=~y3",0.504445309517641,0.0769767358581174,0.5,"PLSc",12436,5193608,500,"Alt.Mod","2",3,FALSE,5.02999999999884
"3923","Y~X",0.808033198205909,2.09806958026125,0.4,"PLSc",12436,5193608,500,"Alt.Mod","2",3,FALSE,5.02999999999884
"3924","Y~Z",0.331566648910844,0.8577536670373,0.5,"PLSc",12436,5193608,500,"Alt.Mod","2",3,FALSE,5.02999999999884
"3925","Y~X:Z",0.63655651898899,3.33501582563873,0.3,"PLSc",12436,5193608,500,"Alt.Mod","2",3,FALSE,5.02999999999884
"3926","X~~Z",0.298448107652142,0.117580992997291,0.2,"PLSc",12436,5193608,500,"Alt.Mod","2",3,FALSE,5.02999999999884
"3927","X=~x1",0.620287579474188,0.0953018589606488,0.5,"PLS",12436,5193608,500,"Alt.Mod","2",3,TRUE,2.38999999999942
"3928","X=~x2",0.567643537882505,0.105226864800903,0.5,"PLS",12436,5193608,500,"Alt.Mod","2",3,TRUE,2.38999999999942
"3929","X=~x3",0.772009802278931,0.0760511844500651,0.5,"PLS",12436,5193608,500,"Alt.Mod","2",3,TRUE,2.38999999999942
"3930","Z=~z1",0.666910673229713,0.103123654169738,0.5,"PLS",12436,5193608,500,"Alt.Mod","2",3,TRUE,2.38999999999942
"3931","Z=~z2",0.630733184106536,0.113448588395631,0.5,"PLS",12436,5193608,500,"Alt.Mod","2",3,TRUE,2.38999999999942
"3932","Z=~z3",0.720909360148284,0.0986100209640725,0.5,"PLS",12436,5193608,500,"Alt.Mod","2",3,TRUE,2.38999999999942
"3933","Y=~y1",0.616483199167108,0.0859145932422209,0.5,"PLS",12436,5193608,500,"Alt.Mod","2",3,TRUE,2.38999999999942
"3934","Y=~y2",0.62085199849159,0.0783697948270421,0.5,"PLS",12436,5193608,500,"Alt.Mod","2",3,TRUE,2.38999999999942
"3935","Y=~y3",0.75444810775957,0.0638349450816596,0.5,"PLS",12436,5193608,500,"Alt.Mod","2",3,TRUE,2.38999999999942
"3936","Y~X",0.256175045235734,0.0405381261436251,0.4,"PLS",12436,5193608,500,"Alt.Mod","2",3,TRUE,2.38999999999942
"3937","Y~Z",0.181906186236027,0.0433060272716378,0.5,"PLS",12436,5193608,500,"Alt.Mod","2",3,TRUE,2.38999999999942
"3938","Y~X:Z",0.114740073392812,0.0488575429906125,0.3,"PLS",12436,5193608,500,"Alt.Mod","2",3,TRUE,2.38999999999942
"3939","X~~Z",0.117162128723427,0.0444361990817046,0.2,"PLS",12436,5193608,500,"Alt.Mod","2",3,TRUE,2.38999999999942
"3940","X=~x1",0.444,0.079,0.5,"Mplus",12436,5193608,500,"Alt.Mod","2",3,FALSE,124.070000000007
"3941","X=~x2",0.479,0.086,0.5,"Mplus",12436,5193608,500,"Alt.Mod","2",3,FALSE,124.070000000007
"3942","X=~x3",0.536,0.086,0.5,"Mplus",12436,5193608,500,"Alt.Mod","2",3,FALSE,124.070000000007
"3943","Z=~z1",0.479,0.081,0.5,"Mplus",12436,5193608,500,"Alt.Mod","2",3,FALSE,124.070000000007
"3944","Z=~z2",0.467,0.084,0.5,"Mplus",12436,5193608,500,"Alt.Mod","2",3,FALSE,124.070000000007
"3945","Z=~z3",0.523,0.088,0.5,"Mplus",12436,5193608,500,"Alt.Mod","2",3,FALSE,124.070000000007
"3946","Y=~y1",0.507,0.097,0.5,"Mplus",12436,5193608,500,"Alt.Mod","2",3,FALSE,124.070000000007
"3947","Y=~y2",0.571,0.103,0.5,"Mplus",12436,5193608,500,"Alt.Mod","2",3,FALSE,124.070000000007
"3948","Y=~y3",0.767,0.104,0.5,"Mplus",12436,5193608,500,"Alt.Mod","2",3,FALSE,124.070000000007
"3949","Y~X",0.515,0.095,0.4,"Mplus",12436,5193608,500,"Alt.Mod","2",3,FALSE,124.070000000007
"3950","Y~Z",0.397,0.097,0.5,"Mplus",12436,5193608,500,"Alt.Mod","2",3,FALSE,124.070000000007
"3951","Y~X:Z",0.593,0.093,0.3,"Mplus",12436,5193608,500,"Alt.Mod","2",3,FALSE,124.070000000007
"3952","X~~Z",0.382,0.115,0.2,"Mplus",12436,5193608,500,"Alt.Mod","2",3,FALSE,124.070000000007
"3953","X=~x1",0.763820477881735,0.0453244034925004,0.8,"MC-OrdPLSc",12437,1138702,1000,"Alt.Mod","2",2,TRUE,20.7799999999988
"3954","X=~x2",0.812726749224678,0.0469317386937632,0.8,"MC-OrdPLSc",12437,1138702,1000,"Alt.Mod","2",2,TRUE,20.7799999999988
"3955","X=~x3",0.754384287824879,0.0461490640134964,0.8,"MC-OrdPLSc",12437,1138702,1000,"Alt.Mod","2",2,TRUE,20.7799999999988
"3956","Z=~z1",0.844966095896502,0.0324600432087572,0.8,"MC-OrdPLSc",12437,1138702,1000,"Alt.Mod","2",2,TRUE,20.7799999999988
"3957","Z=~z2",0.76817480066616,0.0432822459961277,0.8,"MC-OrdPLSc",12437,1138702,1000,"Alt.Mod","2",2,TRUE,20.7799999999988
"3958","Z=~z3",0.84096668762466,0.0370082623001474,0.8,"MC-OrdPLSc",12437,1138702,1000,"Alt.Mod","2",2,TRUE,20.7799999999988
"3959","Y=~y1",0.806060267772372,0.0322061522872877,0.8,"MC-OrdPLSc",12437,1138702,1000,"Alt.Mod","2",2,TRUE,20.7799999999988
"3960","Y=~y2",0.786275695650095,0.0337464369704044,0.8,"MC-OrdPLSc",12437,1138702,1000,"Alt.Mod","2",2,TRUE,20.7799999999988
"3961","Y=~y3",0.73343204633669,0.0389352832463816,0.8,"MC-OrdPLSc",12437,1138702,1000,"Alt.Mod","2",2,TRUE,20.7799999999988
"3962","Y~X",0.375403464467901,0.0413421775354446,0.4,"MC-OrdPLSc",12437,1138702,1000,"Alt.Mod","2",2,TRUE,20.7799999999988
"3963","Y~Z",0.466598298439372,0.0412187691025098,0.5,"MC-OrdPLSc",12437,1138702,1000,"Alt.Mod","2",2,TRUE,20.7799999999988
"3964","Y~X:Z",0.213206386433527,0.0581510760173562,0.3,"MC-OrdPLSc",12437,1138702,1000,"Alt.Mod","2",2,TRUE,20.7799999999988
"3965","X~~Z",0.232500388040267,0.0502430876930999,0.2,"MC-OrdPLSc",12437,1138702,1000,"Alt.Mod","2",2,TRUE,20.7799999999988
"3966","X=~x1",0.592736615321155,0.0596037378926083,0.8,"PLSc",12437,1138702,1000,"Alt.Mod","2",2,TRUE,6.69999999999709
"3967","X=~x2",0.704479354540267,0.0581703513652383,0.8,"PLSc",12437,1138702,1000,"Alt.Mod","2",2,TRUE,6.69999999999709
"3968","X=~x3",0.610031923989723,0.0592253483842895,0.8,"PLSc",12437,1138702,1000,"Alt.Mod","2",2,TRUE,6.69999999999709
"3969","Z=~z1",0.704803501450595,0.0511140886632373,0.8,"PLSc",12437,1138702,1000,"Alt.Mod","2",2,TRUE,6.69999999999709
"3970","Z=~z2",0.61266858395713,0.053522245989562,0.8,"PLSc",12437,1138702,1000,"Alt.Mod","2",2,TRUE,6.69999999999709
"3971","Z=~z3",0.713378019997809,0.0467354478438192,0.8,"PLSc",12437,1138702,1000,"Alt.Mod","2",2,TRUE,6.69999999999709
"3972","Y=~y1",0.648273476630822,0.0408629960883995,0.8,"PLSc",12437,1138702,1000,"Alt.Mod","2",2,TRUE,6.69999999999709
"3973","Y=~y2",0.642099284985092,0.0413139096957119,0.8,"PLSc",12437,1138702,1000,"Alt.Mod","2",2,TRUE,6.69999999999709
"3974","Y=~y3",0.569744409424446,0.0430695511557962,0.8,"PLSc",12437,1138702,1000,"Alt.Mod","2",2,TRUE,6.69999999999709
"3975","Y~X",0.356308335629885,0.0476494702173038,0.4,"PLSc",12437,1138702,1000,"Alt.Mod","2",2,TRUE,6.69999999999709
"3976","Y~Z",0.445621587197962,0.0435190530200702,0.5,"PLSc",12437,1138702,1000,"Alt.Mod","2",2,TRUE,6.69999999999709
"3977","Y~X:Z",0.176251023340542,0.0521718299775449,0.3,"PLSc",12437,1138702,1000,"Alt.Mod","2",2,TRUE,6.69999999999709
"3978","X~~Z",0.20943987693831,0.047523322036352,0.2,"PLSc",12437,1138702,1000,"Alt.Mod","2",2,TRUE,6.69999999999709
"3979","X=~x1",0.771337496430139,0.0274122271370216,0.8,"PLS",12437,1138702,1000,"Alt.Mod","2",2,TRUE,1.94000000000233
"3980","X=~x2",0.798250455201428,0.0256468414187368,0.8,"PLS",12437,1138702,1000,"Alt.Mod","2",2,TRUE,1.94000000000233
"3981","X=~x3",0.759756497377569,0.0274555401666752,0.8,"PLS",12437,1138702,1000,"Alt.Mod","2",2,TRUE,1.94000000000233
"3982","Z=~z1",0.814855226118373,0.0204934811590137,0.8,"PLS",12437,1138702,1000,"Alt.Mod","2",2,TRUE,1.94000000000233
"3983","Z=~z2",0.768516046216093,0.024252463060146,0.8,"PLS",12437,1138702,1000,"Alt.Mod","2",2,TRUE,1.94000000000233
"3984","Z=~z3",0.813226825288947,0.0188114184771478,0.8,"PLS",12437,1138702,1000,"Alt.Mod","2",2,TRUE,1.94000000000233
"3985","Y=~y1",0.787874973592438,0.0190061579228226,0.8,"PLS",12437,1138702,1000,"Alt.Mod","2",2,TRUE,1.94000000000233
"3986","Y=~y2",0.772140496678294,0.0209682072916884,0.8,"PLS",12437,1138702,1000,"Alt.Mod","2",2,TRUE,1.94000000000233
"3987","Y=~y3",0.742801200310479,0.023807821838499,0.8,"PLS",12437,1138702,1000,"Alt.Mod","2",2,TRUE,1.94000000000233
"3988","Y~X",0.245390286232259,0.0304912857134554,0.4,"PLS",12437,1138702,1000,"Alt.Mod","2",2,TRUE,1.94000000000233
"3989","Y~Z",0.310132281201687,0.0279834728960424,0.5,"PLS",12437,1138702,1000,"Alt.Mod","2",2,TRUE,1.94000000000233
"3990","Y~X:Z",0.0853303823332482,0.0294847862790462,0.3,"PLS",12437,1138702,1000,"Alt.Mod","2",2,TRUE,1.94000000000233
"3991","X~~Z",0.146370731578596,0.03342265731488,0.2,"PLS",12437,1138702,1000,"Alt.Mod","2",2,TRUE,1.94000000000233
"3992","X=~x1",0.777,0.037,0.8,"Mplus",12437,1138702,1000,"Alt.Mod","2",2,TRUE,190.889999999999
"3993","X=~x2",0.757,0.039,0.8,"Mplus",12437,1138702,1000,"Alt.Mod","2",2,TRUE,190.889999999999
"3994","X=~x3",0.746,0.038,0.8,"Mplus",12437,1138702,1000,"Alt.Mod","2",2,TRUE,190.889999999999
"3995","Z=~z1",0.828,0.031,0.8,"Mplus",12437,1138702,1000,"Alt.Mod","2",2,TRUE,190.889999999999
"3996","Z=~z2",0.768,0.034,0.8,"Mplus",12437,1138702,1000,"Alt.Mod","2",2,TRUE,190.889999999999
"3997","Z=~z3",0.817,0.032,0.8,"Mplus",12437,1138702,1000,"Alt.Mod","2",2,TRUE,190.889999999999
"3998","Y=~y1",0.788,0.037,0.8,"Mplus",12437,1138702,1000,"Alt.Mod","2",2,TRUE,190.889999999999
"3999","Y=~y2",0.764,0.039,0.8,"Mplus",12437,1138702,1000,"Alt.Mod","2",2,TRUE,190.889999999999
"4000","Y=~y3",0.725,0.038,0.8,"Mplus",12437,1138702,1000,"Alt.Mod","2",2,TRUE,190.889999999999
"4001","Y~X",0.375,0.046,0.4,"Mplus",12437,1138702,1000,"Alt.Mod","2",2,TRUE,190.889999999999
"4002","Y~Z",0.472,0.042,0.5,"Mplus",12437,1138702,1000,"Alt.Mod","2",2,TRUE,190.889999999999
"4003","Y~X:Z",0.219,0.061,0.3,"Mplus",12437,1138702,1000,"Alt.Mod","2",2,TRUE,190.889999999999
"4004","X~~Z",0.239,0.049,0.2,"Mplus",12437,1138702,1000,"Alt.Mod","2",2,TRUE,190.889999999999
"4005","X=~x1",0.674210941658215,0.113571546512977,0.5,"MC-OrdPLSc",12438,2328919,1000,"Alt.Mod","2",3,TRUE,25.8300000000017
"4006","X=~x2",0.518163973186869,0.0903665878883572,0.5,"MC-OrdPLSc",12438,2328919,1000,"Alt.Mod","2",3,TRUE,25.8300000000017
"4007","X=~x3",0.422077107302702,0.102455525943706,0.5,"MC-OrdPLSc",12438,2328919,1000,"Alt.Mod","2",3,TRUE,25.8300000000017
"4008","Z=~z1",0.41370381415959,0.136810761323344,0.5,"MC-OrdPLSc",12438,2328919,1000,"Alt.Mod","2",3,TRUE,25.8300000000017
"4009","Z=~z2",0.609282270432867,0.151697174611277,0.5,"MC-OrdPLSc",12438,2328919,1000,"Alt.Mod","2",3,TRUE,25.8300000000017
"4010","Z=~z3",0.481736926958371,0.13654305037527,0.5,"MC-OrdPLSc",12438,2328919,1000,"Alt.Mod","2",3,TRUE,25.8300000000017
"4011","Y=~y1",0.45927444164094,0.0934557572679625,0.5,"MC-OrdPLSc",12438,2328919,1000,"Alt.Mod","2",3,TRUE,25.8300000000017
"4012","Y=~y2",0.557820663197016,0.0877488927172915,0.5,"MC-OrdPLSc",12438,2328919,1000,"Alt.Mod","2",3,TRUE,25.8300000000017
"4013","Y=~y3",0.410655967984664,0.0803989083313834,0.5,"MC-OrdPLSc",12438,2328919,1000,"Alt.Mod","2",3,TRUE,25.8300000000017
"4014","Y~X",0.489669642865933,0.0905418763713301,0.4,"MC-OrdPLSc",12438,2328919,1000,"Alt.Mod","2",3,TRUE,25.8300000000017
"4015","Y~Z",0.437752092254051,0.127029988734484,0.5,"MC-OrdPLSc",12438,2328919,1000,"Alt.Mod","2",3,TRUE,25.8300000000017
"4016","Y~X:Z",0.384242231444672,0.175136299640987,0.3,"MC-OrdPLSc",12438,2328919,1000,"Alt.Mod","2",3,TRUE,25.8300000000017
"4017","X~~Z",0.191587482663681,0.0831322496230866,0.2,"MC-OrdPLSc",12438,2328919,1000,"Alt.Mod","2",3,TRUE,25.8300000000017
"4018","X=~x1",0.555810454356892,0.0831631528745756,0.5,"PLSc",12438,2328919,1000,"Alt.Mod","2",3,TRUE,7.5
"4019","X=~x2",0.416394742219298,0.0850542211523573,0.5,"PLSc",12438,2328919,1000,"Alt.Mod","2",3,TRUE,7.5
"4020","X=~x3",0.297008461972999,0.088337616276464,0.5,"PLSc",12438,2328919,1000,"Alt.Mod","2",3,TRUE,7.5
"4021","Z=~z1",0.272491144289971,0.0998036880940818,0.5,"PLSc",12438,2328919,1000,"Alt.Mod","2",3,TRUE,7.5
"4022","Z=~z2",0.493287526030171,0.0984416414464051,0.5,"PLSc",12438,2328919,1000,"Alt.Mod","2",3,TRUE,7.5
"4023","Z=~z3",0.399295492673012,0.086946514955516,0.5,"PLSc",12438,2328919,1000,"Alt.Mod","2",3,TRUE,7.5
"4024","Y=~y1",0.340082136141138,0.0658257529346539,0.5,"PLSc",12438,2328919,1000,"Alt.Mod","2",3,TRUE,7.5
"4025","Y=~y2",0.436292525329617,0.0619311582847685,0.5,"PLSc",12438,2328919,1000,"Alt.Mod","2",3,TRUE,7.5
"4026","Y=~y3",0.274025484046617,0.0694822038872731,0.5,"PLSc",12438,2328919,1000,"Alt.Mod","2",3,TRUE,7.5
"4027","Y~X",0.468403848347679,0.173386653140261,0.4,"PLSc",12438,2328919,1000,"Alt.Mod","2",3,TRUE,7.5
"4028","Y~Z",0.534171628890017,0.261598072893516,0.5,"PLSc",12438,2328919,1000,"Alt.Mod","2",3,TRUE,7.5
"4029","Y~X:Z",0.451659691464439,0.358655492891529,0.3,"PLSc",12438,2328919,1000,"Alt.Mod","2",3,TRUE,7.5
"4030","X~~Z",0.186040778600808,0.0847055529454569,0.2,"PLSc",12438,2328919,1000,"Alt.Mod","2",3,TRUE,7.5
"4031","X=~x1",0.784292054065318,0.0658527385076994,0.5,"PLS",12438,2328919,1000,"Alt.Mod","2",3,TRUE,2.44000000000233
"4032","X=~x2",0.656763581288644,0.0850439322474816,0.5,"PLS",12438,2328919,1000,"Alt.Mod","2",3,TRUE,2.44000000000233
"4033","X=~x3",0.552040640509395,0.0864917648588325,0.5,"PLS",12438,2328919,1000,"Alt.Mod","2",3,TRUE,2.44000000000233
"4034","Z=~z1",0.564129818788936,0.103657601208679,0.5,"PLS",12438,2328919,1000,"Alt.Mod","2",3,TRUE,2.44000000000233
"4035","Z=~z2",0.762712014747972,0.0847679237609312,0.5,"PLS",12438,2328919,1000,"Alt.Mod","2",3,TRUE,2.44000000000233
"4036","Z=~z3",0.635860930541293,0.111179481043025,0.5,"PLS",12438,2328919,1000,"Alt.Mod","2",3,TRUE,2.44000000000233
"4037","Y=~y1",0.626157431041019,0.08297146496439,0.5,"PLS",12438,2328919,1000,"Alt.Mod","2",3,TRUE,2.44000000000233
"4038","Y=~y2",0.725980896439632,0.0737591736848841,0.5,"PLS",12438,2328919,1000,"Alt.Mod","2",3,TRUE,2.44000000000233
"4039","Y=~y3",0.57173616483268,0.0806136665341047,0.5,"PLS",12438,2328919,1000,"Alt.Mod","2",3,TRUE,2.44000000000233
"4040","Y~X",0.187538085093759,0.0319595013000704,0.4,"PLS",12438,2328919,1000,"Alt.Mod","2",3,TRUE,2.44000000000233
"4041","Y~Z",0.158403018572494,0.0337792847215411,0.5,"PLS",12438,2328919,1000,"Alt.Mod","2",3,TRUE,2.44000000000233
"4042","Y~X:Z",0.0756069610312801,0.0337462244683688,0.3,"PLS",12438,2328919,1000,"Alt.Mod","2",3,TRUE,2.44000000000233
"4043","X~~Z",0.0739597925732725,0.0330284170154796,0.2,"PLS",12438,2328919,1000,"Alt.Mod","2",3,TRUE,2.44000000000233
"4044","X=~x1",0.522,0.068,0.5,"Mplus",12438,2328919,1000,"Alt.Mod","2",3,TRUE,259.909999999989
"4045","X=~x2",0.541,0.07,0.5,"Mplus",12438,2328919,1000,"Alt.Mod","2",3,TRUE,259.909999999989
"4046","X=~x3",0.474,0.063,0.5,"Mplus",12438,2328919,1000,"Alt.Mod","2",3,TRUE,259.909999999989
"4047","Z=~z1",0.514,0.07,0.5,"Mplus",12438,2328919,1000,"Alt.Mod","2",3,TRUE,259.909999999989
"4048","Z=~z2",0.563,0.077,0.5,"Mplus",12438,2328919,1000,"Alt.Mod","2",3,TRUE,259.909999999989
"4049","Z=~z3",0.369,0.064,0.5,"Mplus",12438,2328919,1000,"Alt.Mod","2",3,TRUE,259.909999999989
"4050","Y=~y1",0.452,0.076,0.5,"Mplus",12438,2328919,1000,"Alt.Mod","2",3,TRUE,259.909999999989
"4051","Y=~y2",0.455,0.082,0.5,"Mplus",12438,2328919,1000,"Alt.Mod","2",3,TRUE,259.909999999989
"4052","Y=~y3",0.47,0.077,0.5,"Mplus",12438,2328919,1000,"Alt.Mod","2",3,TRUE,259.909999999989
"4053","Y~X",0.447,0.089,0.4,"Mplus",12438,2328919,1000,"Alt.Mod","2",3,TRUE,259.909999999989
"4054","Y~Z",0.416,0.087,0.5,"Mplus",12438,2328919,1000,"Alt.Mod","2",3,TRUE,259.909999999989
"4055","Y~X:Z",0.401,0.136,0.3,"Mplus",12438,2328919,1000,"Alt.Mod","2",3,TRUE,259.909999999989
"4056","X~~Z",0.185,0.082,0.2,"Mplus",12438,2328919,1000,"Alt.Mod","2",3,TRUE,259.909999999989
"4057","X=~x1",0.716524450145657,0.0886437774280198,0.8,"MC-OrdPLSc",12439,7172369,200,"Alt.Mod","3",2,TRUE,16.0299999999988
"4058","X=~x2",0.829243280518674,0.0831482353741417,0.8,"MC-OrdPLSc",12439,7172369,200,"Alt.Mod","3",2,TRUE,16.0299999999988
"4059","X=~x3",0.851281427666773,0.0836233318692849,0.8,"MC-OrdPLSc",12439,7172369,200,"Alt.Mod","3",2,TRUE,16.0299999999988
"4060","Z=~z1",0.841692705105935,0.0759739026109376,0.8,"MC-OrdPLSc",12439,7172369,200,"Alt.Mod","3",2,TRUE,16.0299999999988
"4061","Z=~z2",0.762859200614611,0.0849982708928608,0.8,"MC-OrdPLSc",12439,7172369,200,"Alt.Mod","3",2,TRUE,16.0299999999988
"4062","Z=~z3",0.820310041315594,0.0811899201972293,0.8,"MC-OrdPLSc",12439,7172369,200,"Alt.Mod","3",2,TRUE,16.0299999999988
"4063","Y=~y1",0.76867164689838,0.0660710524595016,0.8,"MC-OrdPLSc",12439,7172369,200,"Alt.Mod","3",2,TRUE,16.0299999999988
"4064","Y=~y2",0.8023220131195,0.0596523825571845,0.8,"MC-OrdPLSc",12439,7172369,200,"Alt.Mod","3",2,TRUE,16.0299999999988
"4065","Y=~y3",0.846857931093221,0.0608862978333046,0.8,"MC-OrdPLSc",12439,7172369,200,"Alt.Mod","3",2,TRUE,16.0299999999988
"4066","Y~X",0.331760675057714,0.0792459262768094,0.4,"MC-OrdPLSc",12439,7172369,200,"Alt.Mod","3",2,TRUE,16.0299999999988
"4067","Y~Z",0.402248580498077,0.076916828990696,0.5,"MC-OrdPLSc",12439,7172369,200,"Alt.Mod","3",2,TRUE,16.0299999999988
"4068","Y~X:Z",0.406095246921016,0.105653267916755,0.3,"MC-OrdPLSc",12439,7172369,200,"Alt.Mod","3",2,TRUE,16.0299999999988
"4069","X~~Z",0.204351340260031,0.0890855215807223,0.2,"MC-OrdPLSc",12439,7172369,200,"Alt.Mod","3",2,TRUE,16.0299999999988
"4070","X=~x1",0.525213801638559,0.150853164381435,0.8,"PLSc",12439,7172369,200,"Alt.Mod","3",2,TRUE,3.24000000000524
"4071","X=~x2",0.765635912329231,0.117924997449124,0.8,"PLSc",12439,7172369,200,"Alt.Mod","3",2,TRUE,3.24000000000524
"4072","X=~x3",0.873555638567037,0.109785642295552,0.8,"PLSc",12439,7172369,200,"Alt.Mod","3",2,TRUE,3.24000000000524
"4073","Z=~z1",0.784493265297588,0.108644425256101,0.8,"PLSc",12439,7172369,200,"Alt.Mod","3",2,TRUE,3.24000000000524
"4074","Z=~z2",0.658068512228963,0.135722306571523,0.8,"PLSc",12439,7172369,200,"Alt.Mod","3",2,TRUE,3.24000000000524
"4075","Z=~z3",0.759977513038293,0.114741376569376,0.8,"PLSc",12439,7172369,200,"Alt.Mod","3",2,TRUE,3.24000000000524
"4076","Y=~y1",0.660927085140856,0.0894207613678958,0.8,"PLSc",12439,7172369,200,"Alt.Mod","3",2,TRUE,3.24000000000524
"4077","Y=~y2",0.710163092450443,0.0752408313458985,0.8,"PLSc",12439,7172369,200,"Alt.Mod","3",2,TRUE,3.24000000000524
"4078","Y=~y3",0.77892428009203,0.0892168937354811,0.8,"PLSc",12439,7172369,200,"Alt.Mod","3",2,TRUE,3.24000000000524
"4079","Y~X",0.306344719636144,0.0836438505036909,0.4,"PLSc",12439,7172369,200,"Alt.Mod","3",2,TRUE,3.24000000000524
"4080","Y~Z",0.414342678522758,0.0871945136976355,0.5,"PLSc",12439,7172369,200,"Alt.Mod","3",2,TRUE,3.24000000000524
"4081","Y~X:Z",0.379076364089004,0.101252781920014,0.3,"PLSc",12439,7172369,200,"Alt.Mod","3",2,TRUE,3.24000000000524
"4082","X~~Z",0.194109640098696,0.088279616791659,0.2,"PLSc",12439,7172369,200,"Alt.Mod","3",2,TRUE,3.24000000000524
"4083","X=~x1",0.7809837279061,0.0549673477768518,0.8,"PLS",12439,7172369,200,"Alt.Mod","3",2,TRUE,1.86999999999534
"4084","X=~x2",0.847355500672208,0.0378246536284968,0.8,"PLS",12439,7172369,200,"Alt.Mod","3",2,TRUE,1.86999999999534
"4085","X=~x3",0.855999242946555,0.031392790641267,0.8,"PLS",12439,7172369,200,"Alt.Mod","3",2,TRUE,1.86999999999534
"4086","Z=~z1",0.849435561363884,0.0332297413982919,0.8,"PLS",12439,7172369,200,"Alt.Mod","3",2,TRUE,1.86999999999534
"4087","Z=~z2",0.808402746205352,0.0459533166476806,0.8,"PLS",12439,7172369,200,"Alt.Mod","3",2,TRUE,1.86999999999534
"4088","Z=~z3",0.83877975210983,0.0400173384561779,0.8,"PLS",12439,7172369,200,"Alt.Mod","3",2,TRUE,1.86999999999534
"4089","Y=~y1",0.799018173475173,0.0363018750843613,0.8,"PLS",12439,7172369,200,"Alt.Mod","3",2,TRUE,1.86999999999534
"4090","Y=~y2",0.824649186351641,0.0299060776538329,0.8,"PLS",12439,7172369,200,"Alt.Mod","3",2,TRUE,1.86999999999534
"4091","Y=~y3",0.841676624943621,0.0317759676534653,0.8,"PLS",12439,7172369,200,"Alt.Mod","3",2,TRUE,1.86999999999534
"4092","Y~X",0.257704728834706,0.0611897109832123,0.4,"PLS",12439,7172369,200,"Alt.Mod","3",2,TRUE,1.86999999999534
"4093","Y~Z",0.308684469612622,0.0591623747762288,0.5,"PLS",12439,7172369,200,"Alt.Mod","3",2,TRUE,1.86999999999534
"4094","Y~X:Z",0.248227631153956,0.0611483374525201,0.3,"PLS",12439,7172369,200,"Alt.Mod","3",2,TRUE,1.86999999999534
"4095","X~~Z",0.154652111020537,0.071341628904131,0.2,"PLS",12439,7172369,200,"Alt.Mod","3",2,TRUE,1.86999999999534
"4096","X=~x1",0.789,0.055,0.8,"Mplus",12439,7172369,200,"Alt.Mod","3",2,TRUE,124.800000000003
"4097","X=~x2",0.831,0.053,0.8,"Mplus",12439,7172369,200,"Alt.Mod","3",2,TRUE,124.800000000003
"4098","X=~x3",0.763,0.058,0.8,"Mplus",12439,7172369,200,"Alt.Mod","3",2,TRUE,124.800000000003
"4099","Z=~z1",0.814,0.054,0.8,"Mplus",12439,7172369,200,"Alt.Mod","3",2,TRUE,124.800000000003
"4100","Z=~z2",0.755,0.057,0.8,"Mplus",12439,7172369,200,"Alt.Mod","3",2,TRUE,124.800000000003
"4101","Z=~z3",0.807,0.054,0.8,"Mplus",12439,7172369,200,"Alt.Mod","3",2,TRUE,124.800000000003
"4102","Y=~y1",0.758,0.06,0.8,"Mplus",12439,7172369,200,"Alt.Mod","3",2,TRUE,124.800000000003
"4103","Y=~y2",0.822,0.057,0.8,"Mplus",12439,7172369,200,"Alt.Mod","3",2,TRUE,124.800000000003
"4104","Y=~y3",0.799,0.057,0.8,"Mplus",12439,7172369,200,"Alt.Mod","3",2,TRUE,124.800000000003
"4105","Y~X",0.3,0.084,0.4,"Mplus",12439,7172369,200,"Alt.Mod","3",2,TRUE,124.800000000003
"4106","Y~Z",0.405,0.079,0.5,"Mplus",12439,7172369,200,"Alt.Mod","3",2,TRUE,124.800000000003
"4107","Y~X:Z",0.396,0.09,0.3,"Mplus",12439,7172369,200,"Alt.Mod","3",2,TRUE,124.800000000003
"4108","X~~Z",0.189,0.09,0.2,"Mplus",12439,7172369,200,"Alt.Mod","3",2,TRUE,124.800000000003
"4109","X=~x1",0.624924576866136,0.725470191031619,0.5,"MC-OrdPLSc",12440,4234747,200,"Alt.Mod","3",3,TRUE,19.1900000000023
"4110","X=~x2",0.427964114762175,0.37882922580433,0.5,"MC-OrdPLSc",12440,4234747,200,"Alt.Mod","3",3,TRUE,19.1900000000023
"4111","X=~x3",0.403733579652515,0.306407910849416,0.5,"MC-OrdPLSc",12440,4234747,200,"Alt.Mod","3",3,TRUE,19.1900000000023
"4112","Z=~z1",0.679065032688146,0.336472246466076,0.5,"MC-OrdPLSc",12440,4234747,200,"Alt.Mod","3",3,TRUE,19.1900000000023
"4113","Z=~z2",0.788361403843863,0.376603569004198,0.5,"MC-OrdPLSc",12440,4234747,200,"Alt.Mod","3",3,TRUE,19.1900000000023
"4114","Z=~z3",0.385522115529396,0.245872198644938,0.5,"MC-OrdPLSc",12440,4234747,200,"Alt.Mod","3",3,TRUE,19.1900000000023
"4115","Y=~y1",0.435673310984113,0.214757787501621,0.5,"MC-OrdPLSc",12440,4234747,200,"Alt.Mod","3",3,TRUE,19.1900000000023
"4116","Y=~y2",0.58547516307802,0.218506976560734,0.5,"MC-OrdPLSc",12440,4234747,200,"Alt.Mod","3",3,TRUE,19.1900000000023
"4117","Y=~y3",0.630075884313153,0.226204033007407,0.5,"MC-OrdPLSc",12440,4234747,200,"Alt.Mod","3",3,TRUE,19.1900000000023
"4118","Y~X",0.313557800981267,0.314953275370983,0.4,"MC-OrdPLSc",12440,4234747,200,"Alt.Mod","3",3,TRUE,19.1900000000023
"4119","Y~Z",0.312164668179229,0.193468403440714,0.5,"MC-OrdPLSc",12440,4234747,200,"Alt.Mod","3",3,TRUE,19.1900000000023
"4120","Y~X:Z",-0.0195079169406272,0.227712111579055,0.3,"MC-OrdPLSc",12440,4234747,200,"Alt.Mod","3",3,TRUE,19.1900000000023
"4121","X~~Z",0.293862634662823,0.234652021713166,0.2,"MC-OrdPLSc",12440,4234747,200,"Alt.Mod","3",3,TRUE,19.1900000000023
"4122","X=~x1",0.525551641348681,0.249125015584895,0.5,"PLSc",12440,4234747,200,"Alt.Mod","3",3,TRUE,4.55999999999767
"4123","X=~x2",0.405866716694205,0.206191665571987,0.5,"PLSc",12440,4234747,200,"Alt.Mod","3",3,TRUE,4.55999999999767
"4124","X=~x3",0.364695484238584,0.202973856196089,0.5,"PLSc",12440,4234747,200,"Alt.Mod","3",3,TRUE,4.55999999999767
"4125","Z=~z1",0.629683179964172,0.208091067559473,0.5,"PLSc",12440,4234747,200,"Alt.Mod","3",3,TRUE,4.55999999999767
"4126","Z=~z2",0.739942002994725,0.207939563438566,0.5,"PLSc",12440,4234747,200,"Alt.Mod","3",3,TRUE,4.55999999999767
"4127","Z=~z3",0.171814826219749,0.234479323491011,0.5,"PLSc",12440,4234747,200,"Alt.Mod","3",3,TRUE,4.55999999999767
"4128","Y=~y1",0.274508370275373,0.203623659547554,0.5,"PLSc",12440,4234747,200,"Alt.Mod","3",3,TRUE,4.55999999999767
"4129","Y=~y2",0.576481594364257,0.1595454464226,0.5,"PLSc",12440,4234747,200,"Alt.Mod","3",3,TRUE,4.55999999999767
"4130","Y=~y3",0.578445816695603,0.185637089827999,0.5,"PLSc",12440,4234747,200,"Alt.Mod","3",3,TRUE,4.55999999999767
"4131","Y~X",0.330557143832484,4.52248028419324,0.4,"PLSc",12440,4234747,200,"Alt.Mod","3",3,TRUE,4.55999999999767
"4132","Y~Z",0.288030295283983,2.92206860767066,0.5,"PLSc",12440,4234747,200,"Alt.Mod","3",3,TRUE,4.55999999999767
"4133","Y~X:Z",-0.0442606535805503,6.20069643267635,0.3,"PLSc",12440,4234747,200,"Alt.Mod","3",3,TRUE,4.55999999999767
"4134","X~~Z",0.294891544341752,0.202435021701074,0.2,"PLSc",12440,4234747,200,"Alt.Mod","3",3,TRUE,4.55999999999767
"4135","X=~x1",0.797604769751313,0.247291340944102,0.5,"PLS",12440,4234747,200,"Alt.Mod","3",3,TRUE,3.30000000000291
"4136","X=~x2",0.619856455397628,0.248866383567361,0.5,"PLS",12440,4234747,200,"Alt.Mod","3",3,TRUE,3.30000000000291
"4137","X=~x3",0.585891402108024,0.237399304343312,0.5,"PLS",12440,4234747,200,"Alt.Mod","3",3,TRUE,3.30000000000291
"4138","Z=~z1",0.789163889212291,0.145632064741458,0.5,"PLS",12440,4234747,200,"Alt.Mod","3",3,TRUE,3.30000000000291
"4139","Z=~z2",0.843335131011576,0.1274708294512,0.5,"PLS",12440,4234747,200,"Alt.Mod","3",3,TRUE,3.30000000000291
"4140","Z=~z3",0.516772836993051,0.218826364893536,0.5,"PLS",12440,4234747,200,"Alt.Mod","3",3,TRUE,3.30000000000291
"4141","Y=~y1",0.589901152828038,0.189972929731912,0.5,"PLS",12440,4234747,200,"Alt.Mod","3",3,TRUE,3.30000000000291
"4142","Y=~y2",0.737001439110942,0.134046349982151,0.5,"PLS",12440,4234747,200,"Alt.Mod","3",3,TRUE,3.30000000000291
"4143","Y=~y3",0.769789955714864,0.14469832766049,0.5,"PLS",12440,4234747,200,"Alt.Mod","3",3,TRUE,3.30000000000291
"4144","Y~X",0.160533847168594,0.069326188268993,0.4,"PLS",12440,4234747,200,"Alt.Mod","3",3,TRUE,3.30000000000291
"4145","Y~Z",0.201950988619837,0.0677364657201938,0.5,"PLS",12440,4234747,200,"Alt.Mod","3",3,TRUE,3.30000000000291
"4146","Y~X:Z",-0.00673403469314949,0.0733554405242694,0.3,"PLS",12440,4234747,200,"Alt.Mod","3",3,TRUE,3.30000000000291
"4147","X~~Z",0.154000685763577,0.0856708387904379,0.2,"PLS",12440,4234747,200,"Alt.Mod","3",3,TRUE,3.30000000000291
"4148","X=~x1",0.747,0.203,0.5,"Mplus",12440,4234747,200,"Alt.Mod","3",3,TRUE,160.720000000001
"4149","X=~x2",0.304,0.105,0.5,"Mplus",12440,4234747,200,"Alt.Mod","3",3,TRUE,160.720000000001
"4150","X=~x3",0.37,0.124,0.5,"Mplus",12440,4234747,200,"Alt.Mod","3",3,TRUE,160.720000000001
"4151","Z=~z1",0.702,0.109,0.5,"Mplus",12440,4234747,200,"Alt.Mod","3",3,TRUE,160.720000000001
"4152","Z=~z2",0.636,0.104,0.5,"Mplus",12440,4234747,200,"Alt.Mod","3",3,TRUE,160.720000000001
"4153","Z=~z3",0.537,0.09,0.5,"Mplus",12440,4234747,200,"Alt.Mod","3",3,TRUE,160.720000000001
"4154","Y=~y1",0.599,0.118,0.5,"Mplus",12440,4234747,200,"Alt.Mod","3",3,TRUE,160.720000000001
"4155","Y=~y2",0.426,0.102,0.5,"Mplus",12440,4234747,200,"Alt.Mod","3",3,TRUE,160.720000000001
"4156","Y=~y3",0.649,0.124,0.5,"Mplus",12440,4234747,200,"Alt.Mod","3",3,TRUE,160.720000000001
"4157","Y~X",0.191,0.168,0.4,"Mplus",12440,4234747,200,"Alt.Mod","3",3,TRUE,160.720000000001
"4158","Y~Z",0.279,0.14,0.5,"Mplus",12440,4234747,200,"Alt.Mod","3",3,TRUE,160.720000000001
"4159","Y~X:Z",0.059,0.178,0.3,"Mplus",12440,4234747,200,"Alt.Mod","3",3,TRUE,160.720000000001
"4160","X~~Z",0.256,0.133,0.2,"Mplus",12440,4234747,200,"Alt.Mod","3",3,TRUE,160.720000000001
"4161","X=~x1",0.832270841874987,0.0364918085142385,0.8,"MC-OrdPLSc",12441,5518880,500,"Alt.Mod","3",2,TRUE,18.3300000000017
"4162","X=~x2",0.790494200646952,0.0377287257390046,0.8,"MC-OrdPLSc",12441,5518880,500,"Alt.Mod","3",2,TRUE,18.3300000000017
"4163","X=~x3",0.797925603959308,0.03379285596291,0.8,"MC-OrdPLSc",12441,5518880,500,"Alt.Mod","3",2,TRUE,18.3300000000017
"4164","Z=~z1",0.782000784069587,0.0360076251370796,0.8,"MC-OrdPLSc",12441,5518880,500,"Alt.Mod","3",2,TRUE,18.3300000000017
"4165","Z=~z2",0.838949409604988,0.0371014486010206,0.8,"MC-OrdPLSc",12441,5518880,500,"Alt.Mod","3",2,TRUE,18.3300000000017
"4166","Z=~z3",0.812581969966709,0.0360419101579199,0.8,"MC-OrdPLSc",12441,5518880,500,"Alt.Mod","3",2,TRUE,18.3300000000017
"4167","Y=~y1",0.829620552227671,0.0337021132088093,0.8,"MC-OrdPLSc",12441,5518880,500,"Alt.Mod","3",2,TRUE,18.3300000000017
"4168","Y=~y2",0.830397597363797,0.0361340399999241,0.8,"MC-OrdPLSc",12441,5518880,500,"Alt.Mod","3",2,TRUE,18.3300000000017
"4169","Y=~y3",0.765766469269581,0.0367502831019207,0.8,"MC-OrdPLSc",12441,5518880,500,"Alt.Mod","3",2,TRUE,18.3300000000017
"4170","Y~X",0.402544904507081,0.0484655847855856,0.4,"MC-OrdPLSc",12441,5518880,500,"Alt.Mod","3",2,TRUE,18.3300000000017
"4171","Y~Z",0.449744268250698,0.0501623079299731,0.5,"MC-OrdPLSc",12441,5518880,500,"Alt.Mod","3",2,TRUE,18.3300000000017
"4172","Y~X:Z",0.332473636344864,0.0551696192023534,0.3,"MC-OrdPLSc",12441,5518880,500,"Alt.Mod","3",2,TRUE,18.3300000000017
"4173","X~~Z",0.223971319399441,0.0602900647284962,0.2,"MC-OrdPLSc",12441,5518880,500,"Alt.Mod","3",2,TRUE,18.3300000000017
"4174","X=~x1",0.793144592145602,0.058613079832627,0.8,"PLSc",12441,5518880,500,"Alt.Mod","3",2,TRUE,4.44000000000233
"4175","X=~x2",0.731303074845925,0.0548604964815283,0.8,"PLSc",12441,5518880,500,"Alt.Mod","3",2,TRUE,4.44000000000233
"4176","X=~x3",0.6777792728428,0.0557375006534166,0.8,"PLSc",12441,5518880,500,"Alt.Mod","3",2,TRUE,4.44000000000233
"4177","Z=~z1",0.689534152255692,0.0561133931812729,0.8,"PLSc",12441,5518880,500,"Alt.Mod","3",2,TRUE,4.44000000000233
"4178","Z=~z2",0.777695933542011,0.0590034316655368,0.8,"PLSc",12441,5518880,500,"Alt.Mod","3",2,TRUE,4.44000000000233
"4179","Z=~z3",0.748648836240327,0.0566904977498056,0.8,"PLSc",12441,5518880,500,"Alt.Mod","3",2,TRUE,4.44000000000233
"4180","Y=~y1",0.764776943957544,0.0422796902609194,0.8,"PLSc",12441,5518880,500,"Alt.Mod","3",2,TRUE,4.44000000000233
"4181","Y=~y2",0.71712553968487,0.0454509163939598,0.8,"PLSc",12441,5518880,500,"Alt.Mod","3",2,TRUE,4.44000000000233
"4182","Y=~y3",0.676009430859415,0.0445348202748983,0.8,"PLSc",12441,5518880,500,"Alt.Mod","3",2,TRUE,4.44000000000233
"4183","Y~X",0.384589598830093,0.0517746986036949,0.4,"PLSc",12441,5518880,500,"Alt.Mod","3",2,TRUE,4.44000000000233
"4184","Y~Z",0.451130956241253,0.0548086767895724,0.5,"PLSc",12441,5518880,500,"Alt.Mod","3",2,TRUE,4.44000000000233
"4185","Y~X:Z",0.286141184969516,0.0520717340709019,0.3,"PLSc",12441,5518880,500,"Alt.Mod","3",2,TRUE,4.44000000000233
"4186","X~~Z",0.218676442660948,0.0527250149183413,0.2,"PLSc",12441,5518880,500,"Alt.Mod","3",2,TRUE,4.44000000000233
"4187","X=~x1",0.845428110798404,0.0191661410845507,0.8,"PLS",12441,5518880,500,"Alt.Mod","3",2,TRUE,1.72999999999593
"4188","X=~x2",0.82372839117413,0.0201168575133695,0.8,"PLS",12441,5518880,500,"Alt.Mod","3",2,TRUE,1.72999999999593
"4189","X=~x3",0.828560482443157,0.0196709205932334,0.8,"PLS",12441,5518880,500,"Alt.Mod","3",2,TRUE,1.72999999999593
"4190","Z=~z1",0.820345276221678,0.0192673769684924,0.8,"PLS",12441,5518880,500,"Alt.Mod","3",2,TRUE,1.72999999999593
"4191","Z=~z2",0.848139341913866,0.0189603992469413,0.8,"PLS",12441,5518880,500,"Alt.Mod","3",2,TRUE,1.72999999999593
"4192","Z=~z3",0.836052278063103,0.0190555163668487,0.8,"PLS",12441,5518880,500,"Alt.Mod","3",2,TRUE,1.72999999999593
"4193","Y=~y1",0.834599431179444,0.0173585044484548,0.8,"PLS",12441,5518880,500,"Alt.Mod","3",2,TRUE,1.72999999999593
"4194","Y=~y2",0.834864512854929,0.0180383411815014,0.8,"PLS",12441,5518880,500,"Alt.Mod","3",2,TRUE,1.72999999999593
"4195","Y=~y3",0.800736776441678,0.0206368359845014,0.8,"PLS",12441,5518880,500,"Alt.Mod","3",2,TRUE,1.72999999999593
"4196","Y~X",0.315367859116654,0.0375091855518366,0.4,"PLS",12441,5518880,500,"Alt.Mod","3",2,TRUE,1.72999999999593
"4197","Y~Z",0.353105378283104,0.0401105343026784,0.5,"PLS",12441,5518880,500,"Alt.Mod","3",2,TRUE,1.72999999999593
"4198","Y~X:Z",0.193986796587732,0.0341034422112027,0.3,"PLS",12441,5518880,500,"Alt.Mod","3",2,TRUE,1.72999999999593
"4199","X~~Z",0.171500562591564,0.0415416759369729,0.2,"PLS",12441,5518880,500,"Alt.Mod","3",2,TRUE,1.72999999999593
"4200","X=~x1",0.799,0.034,0.8,"Mplus",12441,5518880,500,"Alt.Mod","3",2,TRUE,183.470000000001
"4201","X=~x2",0.771,0.035,0.8,"Mplus",12441,5518880,500,"Alt.Mod","3",2,TRUE,183.470000000001
"4202","X=~x3",0.818,0.033,0.8,"Mplus",12441,5518880,500,"Alt.Mod","3",2,TRUE,183.470000000001
"4203","Z=~z1",0.779,0.034,0.8,"Mplus",12441,5518880,500,"Alt.Mod","3",2,TRUE,183.470000000001
"4204","Z=~z2",0.811,0.033,0.8,"Mplus",12441,5518880,500,"Alt.Mod","3",2,TRUE,183.470000000001
"4205","Z=~z3",0.805,0.034,0.8,"Mplus",12441,5518880,500,"Alt.Mod","3",2,TRUE,183.470000000001
"4206","Y=~y1",0.804,0.034,0.8,"Mplus",12441,5518880,500,"Alt.Mod","3",2,TRUE,183.470000000001
"4207","Y=~y2",0.833,0.032,0.8,"Mplus",12441,5518880,500,"Alt.Mod","3",2,TRUE,183.470000000001
"4208","Y=~y3",0.772,0.036,0.8,"Mplus",12441,5518880,500,"Alt.Mod","3",2,TRUE,183.470000000001
"4209","Y~X",0.398,0.048,0.4,"Mplus",12441,5518880,500,"Alt.Mod","3",2,TRUE,183.470000000001
"4210","Y~Z",0.461,0.046,0.5,"Mplus",12441,5518880,500,"Alt.Mod","3",2,TRUE,183.470000000001
"4211","Y~X:Z",0.348,0.051,0.3,"Mplus",12441,5518880,500,"Alt.Mod","3",2,TRUE,183.470000000001
"4212","X~~Z",0.228,0.056,0.2,"Mplus",12441,5518880,500,"Alt.Mod","3",2,TRUE,183.470000000001
"4213","X=~x1",0.586088640689722,0.112784533728821,0.5,"MC-OrdPLSc",12442,600931,500,"Alt.Mod","3",3,TRUE,23.8199999999924
"4214","X=~x2",0.474730118519387,0.125358865979876,0.5,"MC-OrdPLSc",12442,600931,500,"Alt.Mod","3",3,TRUE,23.8199999999924
"4215","X=~x3",0.485722326330492,0.102498621185009,0.5,"MC-OrdPLSc",12442,600931,500,"Alt.Mod","3",3,TRUE,23.8199999999924
"4216","Z=~z1",0.390221756273263,0.120971861299775,0.5,"MC-OrdPLSc",12442,600931,500,"Alt.Mod","3",3,TRUE,23.8199999999924
"4217","Z=~z2",0.525581307308834,0.219798362764766,0.5,"MC-OrdPLSc",12442,600931,500,"Alt.Mod","3",3,TRUE,23.8199999999924
"4218","Z=~z3",0.465540333125152,0.121699174437265,0.5,"MC-OrdPLSc",12442,600931,500,"Alt.Mod","3",3,TRUE,23.8199999999924
"4219","Y=~y1",0.475771451069817,0.112374111175288,0.5,"MC-OrdPLSc",12442,600931,500,"Alt.Mod","3",3,TRUE,23.8199999999924
"4220","Y=~y2",0.692344157657419,0.15045618802545,0.5,"MC-OrdPLSc",12442,600931,500,"Alt.Mod","3",3,TRUE,23.8199999999924
"4221","Y=~y3",0.412373692388003,0.0895477941255077,0.5,"MC-OrdPLSc",12442,600931,500,"Alt.Mod","3",3,TRUE,23.8199999999924
"4222","Y~X",0.405055737936557,0.0994727339324893,0.4,"MC-OrdPLSc",12442,600931,500,"Alt.Mod","3",3,TRUE,23.8199999999924
"4223","Y~Z",0.508857936185735,0.1251412966241,0.5,"MC-OrdPLSc",12442,600931,500,"Alt.Mod","3",3,TRUE,23.8199999999924
"4224","Y~X:Z",0.385038363038854,0.201000989641814,0.3,"MC-OrdPLSc",12442,600931,500,"Alt.Mod","3",3,TRUE,23.8199999999924
"4225","X~~Z",0.019421147254608,0.1029713046653,0.2,"MC-OrdPLSc",12442,600931,500,"Alt.Mod","3",3,TRUE,23.8199999999924
"4226","X=~x1",0.562167753697412,0.110911091264312,0.5,"PLSc",12442,600931,500,"Alt.Mod","3",3,TRUE,5.20999999999185
"4227","X=~x2",0.400403912561607,0.120122904529294,0.5,"PLSc",12442,600931,500,"Alt.Mod","3",3,TRUE,5.20999999999185
"4228","X=~x3",0.423377332112056,0.116775763538497,0.5,"PLSc",12442,600931,500,"Alt.Mod","3",3,TRUE,5.20999999999185
"4229","Z=~z1",0.326340018372857,0.111438728185628,0.5,"PLSc",12442,600931,500,"Alt.Mod","3",3,TRUE,5.20999999999185
"4230","Z=~z2",0.486772778017893,0.119158693767964,0.5,"PLSc",12442,600931,500,"Alt.Mod","3",3,TRUE,5.20999999999185
"4231","Z=~z3",0.421387133726307,0.102677142923094,0.5,"PLSc",12442,600931,500,"Alt.Mod","3",3,TRUE,5.20999999999185
"4232","Y=~y1",0.404435192600181,0.0910220679129525,0.5,"PLSc",12442,600931,500,"Alt.Mod","3",3,TRUE,5.20999999999185
"4233","Y=~y2",0.638886114971111,0.0879049382469134,0.5,"PLSc",12442,600931,500,"Alt.Mod","3",3,TRUE,5.20999999999185
"4234","Y=~y3",0.348003210084618,0.0859780264029068,0.5,"PLSc",12442,600931,500,"Alt.Mod","3",3,TRUE,5.20999999999185
"4235","Y~X",0.207218516300622,1.41079010372096,0.4,"PLSc",12442,600931,500,"Alt.Mod","3",3,TRUE,5.20999999999185
"4236","Y~Z",0.553632735090059,0.842178632384885,0.5,"PLSc",12442,600931,500,"Alt.Mod","3",3,TRUE,5.20999999999185
"4237","Y~X:Z",0.650076270034991,2.9151190121183,0.3,"PLSc",12442,600931,500,"Alt.Mod","3",3,TRUE,5.20999999999185
"4238","X~~Z",0.0211980914143526,0.108489401035021,0.2,"PLSc",12442,600931,500,"Alt.Mod","3",3,TRUE,5.20999999999185
"4239","X=~x1",0.751163517700778,0.0926580338958291,0.5,"PLS",12442,600931,500,"Alt.Mod","3",3,TRUE,2.57000000000698
"4240","X=~x2",0.652202822017211,0.102993858232164,0.5,"PLS",12442,600931,500,"Alt.Mod","3",3,TRUE,2.57000000000698
"4241","X=~x3",0.660765425235835,0.096853743211355,0.5,"PLS",12442,600931,500,"Alt.Mod","3",3,TRUE,2.57000000000698
"4242","Z=~z1",0.587139380120258,0.118671404322607,0.5,"PLS",12442,600931,500,"Alt.Mod","3",3,TRUE,2.57000000000698
"4243","Z=~z2",0.733679136861562,0.102854624932649,0.5,"PLS",12442,600931,500,"Alt.Mod","3",3,TRUE,2.57000000000698
"4244","Z=~z3",0.673952238315015,0.104182624971677,0.5,"PLS",12442,600931,500,"Alt.Mod","3",3,TRUE,2.57000000000698
"4245","Y=~y1",0.647025499269722,0.0799184146830473,0.5,"PLS",12442,600931,500,"Alt.Mod","3",3,TRUE,2.57000000000698
"4246","Y=~y2",0.812949704652608,0.0580412607287902,0.5,"PLS",12442,600931,500,"Alt.Mod","3",3,TRUE,2.57000000000698
"4247","Y=~y3",0.57818875435618,0.0811499368872082,0.5,"PLS",12442,600931,500,"Alt.Mod","3",3,TRUE,2.57000000000698
"4248","Y~X",0.190019301947708,0.0374569632519272,0.4,"PLS",12442,600931,500,"Alt.Mod","3",3,TRUE,2.57000000000698
"4249","Y~Z",0.221607697418392,0.0445650556583268,0.5,"PLS",12442,600931,500,"Alt.Mod","3",3,TRUE,2.57000000000698
"4250","Y~X:Z",0.104591873879342,0.0453304099793185,0.3,"PLS",12442,600931,500,"Alt.Mod","3",3,TRUE,2.57000000000698
"4251","X~~Z",0.00902760643102783,0.0455067957148162,0.2,"PLS",12442,600931,500,"Alt.Mod","3",3,TRUE,2.57000000000698
"4252","X=~x1",0.444,0.071,0.5,"Mplus",12442,600931,500,"Alt.Mod","3",3,TRUE,245.529999999999
"4253","X=~x2",0.536,0.075,0.5,"Mplus",12442,600931,500,"Alt.Mod","3",3,TRUE,245.529999999999
"4254","X=~x3",0.522,0.076,0.5,"Mplus",12442,600931,500,"Alt.Mod","3",3,TRUE,245.529999999999
"4255","Z=~z1",0.442,0.078,0.5,"Mplus",12442,600931,500,"Alt.Mod","3",3,TRUE,245.529999999999
"4256","Z=~z2",0.446,0.078,0.5,"Mplus",12442,600931,500,"Alt.Mod","3",3,TRUE,245.529999999999
"4257","Z=~z3",0.428,0.077,0.5,"Mplus",12442,600931,500,"Alt.Mod","3",3,TRUE,245.529999999999
"4258","Y=~y1",0.512,0.073,0.5,"Mplus",12442,600931,500,"Alt.Mod","3",3,TRUE,245.529999999999
"4259","Y=~y2",0.565,0.076,0.5,"Mplus",12442,600931,500,"Alt.Mod","3",3,TRUE,245.529999999999
"4260","Y=~y3",0.449,0.069,0.5,"Mplus",12442,600931,500,"Alt.Mod","3",3,TRUE,245.529999999999
"4261","Y~X",0.38,0.095,0.4,"Mplus",12442,600931,500,"Alt.Mod","3",3,TRUE,245.529999999999
"4262","Y~Z",0.533,0.099,0.5,"Mplus",12442,600931,500,"Alt.Mod","3",3,TRUE,245.529999999999
"4263","Y~X:Z",0.392,0.128,0.3,"Mplus",12442,600931,500,"Alt.Mod","3",3,TRUE,245.529999999999
"4264","X~~Z",0.019,0.106,0.2,"Mplus",12442,600931,500,"Alt.Mod","3",3,TRUE,245.529999999999
"4265","X=~x1",0.806578157422784,0.0242021253472301,0.8,"MC-OrdPLSc",12443,5799704,1000,"Alt.Mod","3",2,TRUE,22.6100000000006
"4266","X=~x2",0.810414740850401,0.0242817795298825,0.8,"MC-OrdPLSc",12443,5799704,1000,"Alt.Mod","3",2,TRUE,22.6100000000006
"4267","X=~x3",0.825370771218935,0.0267046088728467,0.8,"MC-OrdPLSc",12443,5799704,1000,"Alt.Mod","3",2,TRUE,22.6100000000006
"4268","Z=~z1",0.787793755036739,0.0299991207120944,0.8,"MC-OrdPLSc",12443,5799704,1000,"Alt.Mod","3",2,TRUE,22.6100000000006
"4269","Z=~z2",0.777248621847246,0.0263181333469263,0.8,"MC-OrdPLSc",12443,5799704,1000,"Alt.Mod","3",2,TRUE,22.6100000000006
"4270","Z=~z3",0.799589658942492,0.0252083856329266,0.8,"MC-OrdPLSc",12443,5799704,1000,"Alt.Mod","3",2,TRUE,22.6100000000006
"4271","Y=~y1",0.813155821767724,0.0203007328939433,0.8,"MC-OrdPLSc",12443,5799704,1000,"Alt.Mod","3",2,TRUE,22.6100000000006
"4272","Y=~y2",0.799386348707955,0.0232926078153587,0.8,"MC-OrdPLSc",12443,5799704,1000,"Alt.Mod","3",2,TRUE,22.6100000000006
"4273","Y=~y3",0.795223533408247,0.0221642162062284,0.8,"MC-OrdPLSc",12443,5799704,1000,"Alt.Mod","3",2,TRUE,22.6100000000006
"4274","Y~X",0.416887318762243,0.0344967272115274,0.4,"MC-OrdPLSc",12443,5799704,1000,"Alt.Mod","3",2,TRUE,22.6100000000006
"4275","Y~Z",0.500075999307962,0.0314654376141455,0.5,"MC-OrdPLSc",12443,5799704,1000,"Alt.Mod","3",2,TRUE,22.6100000000006
"4276","Y~X:Z",0.311592159159807,0.0389830630797975,0.3,"MC-OrdPLSc",12443,5799704,1000,"Alt.Mod","3",2,TRUE,22.6100000000006
"4277","X~~Z",0.164718025190248,0.0398011141159209,0.2,"MC-OrdPLSc",12443,5799704,1000,"Alt.Mod","3",2,TRUE,22.6100000000006
"4278","X=~x1",0.726757190365305,0.0389229651614422,0.8,"PLSc",12443,5799704,1000,"Alt.Mod","3",2,TRUE,6.68000000000757
"4279","X=~x2",0.761189784307133,0.039661224974458,0.8,"PLSc",12443,5799704,1000,"Alt.Mod","3",2,TRUE,6.68000000000757
"4280","X=~x3",0.737106341329049,0.0372418006286749,0.8,"PLSc",12443,5799704,1000,"Alt.Mod","3",2,TRUE,6.68000000000757
"4281","Z=~z1",0.703540742621362,0.039473001350714,0.8,"PLSc",12443,5799704,1000,"Alt.Mod","3",2,TRUE,6.68000000000757
"4282","Z=~z2",0.712412972874483,0.0378580317709403,0.8,"PLSc",12443,5799704,1000,"Alt.Mod","3",2,TRUE,6.68000000000757
"4283","Z=~z3",0.73379865972912,0.0331404075185545,0.8,"PLSc",12443,5799704,1000,"Alt.Mod","3",2,TRUE,6.68000000000757
"4284","Y=~y1",0.73727302504944,0.0244931070184411,0.8,"PLSc",12443,5799704,1000,"Alt.Mod","3",2,TRUE,6.68000000000757
"4285","Y=~y2",0.69667173597542,0.0292267202646748,0.8,"PLSc",12443,5799704,1000,"Alt.Mod","3",2,TRUE,6.68000000000757
"4286","Y=~y3",0.720612370809353,0.0299137134997437,0.8,"PLSc",12443,5799704,1000,"Alt.Mod","3",2,TRUE,6.68000000000757
"4287","Y~X",0.403780024751754,0.0348929297974054,0.4,"PLSc",12443,5799704,1000,"Alt.Mod","3",2,TRUE,6.68000000000757
"4288","Y~Z",0.498383025280554,0.034515937140181,0.5,"PLSc",12443,5799704,1000,"Alt.Mod","3",2,TRUE,6.68000000000757
"4289","Y~X:Z",0.261341271741776,0.0377468583182574,0.3,"PLSc",12443,5799704,1000,"Alt.Mod","3",2,TRUE,6.68000000000757
"4290","X~~Z",0.160902840432809,0.0411373733186161,0.2,"PLSc",12443,5799704,1000,"Alt.Mod","3",2,TRUE,6.68000000000757
"4291","X=~x1",0.832860285201836,0.0136505221581118,0.8,"PLS",12443,5799704,1000,"Alt.Mod","3",2,TRUE,1.73000000001048
"4292","X=~x2",0.834506611254248,0.0138866841275116,0.8,"PLS",12443,5799704,1000,"Alt.Mod","3",2,TRUE,1.73000000001048
"4293","X=~x3",0.84296859824009,0.0123995000801825,0.8,"PLS",12443,5799704,1000,"Alt.Mod","3",2,TRUE,1.73000000001048
"4294","Z=~z1",0.822166952262411,0.0145453595226736,0.8,"PLS",12443,5799704,1000,"Alt.Mod","3",2,TRUE,1.73000000001048
"4295","Z=~z2",0.816686876966775,0.0147961864770746,0.8,"PLS",12443,5799704,1000,"Alt.Mod","3",2,TRUE,1.73000000001048
"4296","Z=~z3",0.827142291740744,0.0129813042008086,0.8,"PLS",12443,5799704,1000,"Alt.Mod","3",2,TRUE,1.73000000001048
"4297","Y=~y1",0.828652529168617,0.0101349664864877,0.8,"PLS",12443,5799704,1000,"Alt.Mod","3",2,TRUE,1.73000000001048
"4298","Y=~y2",0.820213461639543,0.0132342134530135,0.8,"PLS",12443,5799704,1000,"Alt.Mod","3",2,TRUE,1.73000000001048
"4299","Y=~y3",0.81999465193086,0.0135702972549661,0.8,"PLS",12443,5799704,1000,"Alt.Mod","3",2,TRUE,1.73000000001048
"4300","Y~X",0.328605831762812,0.025817760336077,0.4,"PLS",12443,5799704,1000,"Alt.Mod","3",2,TRUE,1.73000000001048
"4301","Y~Z",0.383927301441726,0.0258788254029459,0.5,"PLS",12443,5799704,1000,"Alt.Mod","3",2,TRUE,1.73000000001048
"4302","Y~X:Z",0.174161320596914,0.0228376320718461,0.3,"PLS",12443,5799704,1000,"Alt.Mod","3",2,TRUE,1.73000000001048
"4303","X~~Z",0.124407249718141,0.0320419247256487,0.2,"PLS",12443,5799704,1000,"Alt.Mod","3",2,TRUE,1.73000000001048
"4304","X=~x1",0.802,0.023,0.8,"Mplus",12443,5799704,1000,"Alt.Mod","3",2,TRUE,327.940000000002
"4305","X=~x2",0.789,0.024,0.8,"Mplus",12443,5799704,1000,"Alt.Mod","3",2,TRUE,327.940000000002
"4306","X=~x3",0.827,0.023,0.8,"Mplus",12443,5799704,1000,"Alt.Mod","3",2,TRUE,327.940000000002
"4307","Z=~z1",0.793,0.025,0.8,"Mplus",12443,5799704,1000,"Alt.Mod","3",2,TRUE,327.940000000002
"4308","Z=~z2",0.762,0.026,0.8,"Mplus",12443,5799704,1000,"Alt.Mod","3",2,TRUE,327.940000000002
"4309","Z=~z3",0.777,0.025,0.8,"Mplus",12443,5799704,1000,"Alt.Mod","3",2,TRUE,327.940000000002
"4310","Y=~y1",0.798,0.024,0.8,"Mplus",12443,5799704,1000,"Alt.Mod","3",2,TRUE,327.940000000002
"4311","Y=~y2",0.795,0.024,0.8,"Mplus",12443,5799704,1000,"Alt.Mod","3",2,TRUE,327.940000000002
"4312","Y=~y3",0.78,0.025,0.8,"Mplus",12443,5799704,1000,"Alt.Mod","3",2,TRUE,327.940000000002
"4313","Y~X",0.421,0.033,0.4,"Mplus",12443,5799704,1000,"Alt.Mod","3",2,TRUE,327.940000000002
"4314","Y~Z",0.502,0.032,0.5,"Mplus",12443,5799704,1000,"Alt.Mod","3",2,TRUE,327.940000000002
"4315","Y~X:Z",0.308,0.039,0.3,"Mplus",12443,5799704,1000,"Alt.Mod","3",2,TRUE,327.940000000002
"4316","X~~Z",0.151,0.041,0.2,"Mplus",12443,5799704,1000,"Alt.Mod","3",2,TRUE,327.940000000002
"4317","X=~x1",0.540022521270333,0.0798561595678453,0.5,"MC-OrdPLSc",12444,7700974,1000,"Alt.Mod","3",3,TRUE,25.9800000000105
"4318","X=~x2",0.491531927262922,0.076933152087099,0.5,"MC-OrdPLSc",12444,7700974,1000,"Alt.Mod","3",3,TRUE,25.9800000000105
"4319","X=~x3",0.539753110189169,0.0743285128627296,0.5,"MC-OrdPLSc",12444,7700974,1000,"Alt.Mod","3",3,TRUE,25.9800000000105
"4320","Z=~z1",0.585813107533979,0.0777088288870432,0.5,"MC-OrdPLSc",12444,7700974,1000,"Alt.Mod","3",3,TRUE,25.9800000000105
"4321","Z=~z2",0.465041915322746,0.0766800052756592,0.5,"MC-OrdPLSc",12444,7700974,1000,"Alt.Mod","3",3,TRUE,25.9800000000105
"4322","Z=~z3",0.446948413358324,0.079251586706266,0.5,"MC-OrdPLSc",12444,7700974,1000,"Alt.Mod","3",3,TRUE,25.9800000000105
"4323","Y=~y1",0.465358521091729,0.0613497275606201,0.5,"MC-OrdPLSc",12444,7700974,1000,"Alt.Mod","3",3,TRUE,25.9800000000105
"4324","Y=~y2",0.626384766761915,0.0634935896478271,0.5,"MC-OrdPLSc",12444,7700974,1000,"Alt.Mod","3",3,TRUE,25.9800000000105
"4325","Y=~y3",0.570596195015933,0.069460890287583,0.5,"MC-OrdPLSc",12444,7700974,1000,"Alt.Mod","3",3,TRUE,25.9800000000105
"4326","Y~X",0.347283415660633,0.0612016584206701,0.4,"MC-OrdPLSc",12444,7700974,1000,"Alt.Mod","3",3,TRUE,25.9800000000105
"4327","Y~Z",0.378849683220461,0.067228923462279,0.5,"MC-OrdPLSc",12444,7700974,1000,"Alt.Mod","3",3,TRUE,25.9800000000105
"4328","Y~X:Z",0.39457831090204,0.0914635053539651,0.3,"MC-OrdPLSc",12444,7700974,1000,"Alt.Mod","3",3,TRUE,25.9800000000105
"4329","X~~Z",0.224440365527546,0.0691411522603877,0.2,"MC-OrdPLSc",12444,7700974,1000,"Alt.Mod","3",3,TRUE,25.9800000000105
"4330","X=~x1",0.478752977848444,0.081652240112832,0.5,"PLSc",12444,7700974,1000,"Alt.Mod","3",3,TRUE,7.35999999998603
"4331","X=~x2",0.424941670533044,0.0849595804892765,0.5,"PLSc",12444,7700974,1000,"Alt.Mod","3",3,TRUE,7.35999999998603
"4332","X=~x3",0.506246629044717,0.0782526954052635,0.5,"PLSc",12444,7700974,1000,"Alt.Mod","3",3,TRUE,7.35999999998603
"4333","Z=~z1",0.545413197766961,0.0842123074392458,0.5,"PLSc",12444,7700974,1000,"Alt.Mod","3",3,TRUE,7.35999999998603
"4334","Z=~z2",0.394091408030253,0.0794847548323246,0.5,"PLSc",12444,7700974,1000,"Alt.Mod","3",3,TRUE,7.35999999998603
"4335","Z=~z3",0.40240961245434,0.0840893681122159,0.5,"PLSc",12444,7700974,1000,"Alt.Mod","3",3,TRUE,7.35999999998603
"4336","Y=~y1",0.384999870976378,0.0683070424618564,0.5,"PLSc",12444,7700974,1000,"Alt.Mod","3",3,TRUE,7.35999999998603
"4337","Y=~y2",0.55983736191143,0.0630441804853477,0.5,"PLSc",12444,7700974,1000,"Alt.Mod","3",3,TRUE,7.35999999998603
"4338","Y=~y3",0.513396897203261,0.0634515736229052,0.5,"PLSc",12444,7700974,1000,"Alt.Mod","3",3,TRUE,7.35999999998603
"4339","Y~X",0.352915494164254,0.162963900305166,0.4,"PLSc",12444,7700974,1000,"Alt.Mod","3",3,TRUE,7.35999999998603
"4340","Y~Z",0.351146957721202,0.226766731236657,0.5,"PLSc",12444,7700974,1000,"Alt.Mod","3",3,TRUE,7.35999999998603
"4341","Y~X:Z",0.461909029609733,0.725490384733804,0.3,"PLSc",12444,7700974,1000,"Alt.Mod","3",3,TRUE,7.35999999998603
"4342","X~~Z",0.223051700290404,0.070066810140233,0.2,"PLSc",12444,7700974,1000,"Alt.Mod","3",3,TRUE,7.35999999998603
"4343","X=~x1",0.708816033313243,0.0640869726485396,0.5,"PLS",12444,7700974,1000,"Alt.Mod","3",3,TRUE,2.49000000001979
"4344","X=~x2",0.662069760867684,0.0713977404809359,0.5,"PLS",12444,7700974,1000,"Alt.Mod","3",3,TRUE,2.49000000001979
"4345","X=~x3",0.708226996947942,0.0662002704101432,0.5,"PLS",12444,7700974,1000,"Alt.Mod","3",3,TRUE,2.49000000001979
"4346","Z=~z1",0.759013785798784,0.0681778020264036,0.5,"PLS",12444,7700974,1000,"Alt.Mod","3",3,TRUE,2.49000000001979
"4347","Z=~z2",0.649280743753138,0.0690443587534439,0.5,"PLS",12444,7700974,1000,"Alt.Mod","3",3,TRUE,2.49000000001979
"4348","Z=~z3",0.631542918228329,0.0799360865848732,0.5,"PLS",12444,7700974,1000,"Alt.Mod","3",3,TRUE,2.49000000001979
"4349","Y=~y1",0.623604768415003,0.0548557440975473,0.5,"PLS",12444,7700974,1000,"Alt.Mod","3",3,TRUE,2.49000000001979
"4350","Y=~y2",0.757947536553226,0.0426762069612166,0.5,"PLS",12444,7700974,1000,"Alt.Mod","3",3,TRUE,2.49000000001979
"4351","Y=~y3",0.712646157114886,0.0490526740363041,0.5,"PLS",12444,7700974,1000,"Alt.Mod","3",3,TRUE,2.49000000001979
"4352","Y~X",0.181835201079921,0.030757036369292,0.4,"PLS",12444,7700974,1000,"Alt.Mod","3",3,TRUE,2.49000000001979
"4353","Y~Z",0.189517072834147,0.0294917355872686,0.5,"PLS",12444,7700974,1000,"Alt.Mod","3",3,TRUE,2.49000000001979
"4354","Y~X:Z",0.119337273409545,0.0314332437003098,0.3,"PLS",12444,7700974,1000,"Alt.Mod","3",3,TRUE,2.49000000001979
"4355","X~~Z",0.100936189777236,0.0322994879963881,0.2,"PLS",12444,7700974,1000,"Alt.Mod","3",3,TRUE,2.49000000001979
"4356","X=~x1",0.536,0.052,0.5,"Mplus",12444,7700974,1000,"Alt.Mod","3",3,TRUE,575.489999999991
"4357","X=~x2",0.505,0.051,0.5,"Mplus",12444,7700974,1000,"Alt.Mod","3",3,TRUE,575.489999999991
"4358","X=~x3",0.468,0.051,0.5,"Mplus",12444,7700974,1000,"Alt.Mod","3",3,TRUE,575.489999999991
"4359","Z=~z1",0.507,0.056,0.5,"Mplus",12444,7700974,1000,"Alt.Mod","3",3,TRUE,575.489999999991
"4360","Z=~z2",0.489,0.053,0.5,"Mplus",12444,7700974,1000,"Alt.Mod","3",3,TRUE,575.489999999991
"4361","Z=~z3",0.434,0.052,0.5,"Mplus",12444,7700974,1000,"Alt.Mod","3",3,TRUE,575.489999999991
"4362","Y=~y1",0.507,0.048,0.5,"Mplus",12444,7700974,1000,"Alt.Mod","3",3,TRUE,575.489999999991
"4363","Y=~y2",0.553,0.05,0.5,"Mplus",12444,7700974,1000,"Alt.Mod","3",3,TRUE,575.489999999991
"4364","Y=~y3",0.527,0.049,0.5,"Mplus",12444,7700974,1000,"Alt.Mod","3",3,TRUE,575.489999999991
"4365","Y~X",0.344,0.065,0.4,"Mplus",12444,7700974,1000,"Alt.Mod","3",3,TRUE,575.489999999991
"4366","Y~Z",0.383,0.067,0.5,"Mplus",12444,7700974,1000,"Alt.Mod","3",3,TRUE,575.489999999991
"4367","Y~X:Z",0.339,0.084,0.3,"Mplus",12444,7700974,1000,"Alt.Mod","3",3,TRUE,575.489999999991
"4368","X~~Z",0.206,0.069,0.2,"Mplus",12444,7700974,1000,"Alt.Mod","3",3,TRUE,575.489999999991
"4369","X=~x1",0.759629074460909,0.07425475429645,0.8,"MC-OrdPLSc",12445,1782001,200,"Alt.Mod","5",2,TRUE,20.3399999999965
"4370","X=~x2",0.733794915621086,0.0613392226321904,0.8,"MC-OrdPLSc",12445,1782001,200,"Alt.Mod","5",2,TRUE,20.3399999999965
"4371","X=~x3",0.817324987953677,0.0613026714975086,0.8,"MC-OrdPLSc",12445,1782001,200,"Alt.Mod","5",2,TRUE,20.3399999999965
"4372","Z=~z1",0.858993880394742,0.0507823810391715,0.8,"MC-OrdPLSc",12445,1782001,200,"Alt.Mod","5",2,TRUE,20.3399999999965
"4373","Z=~z2",0.814248347015802,0.0497107631837774,0.8,"MC-OrdPLSc",12445,1782001,200,"Alt.Mod","5",2,TRUE,20.3399999999965
"4374","Z=~z3",0.7056388555527,0.0530083127400366,0.8,"MC-OrdPLSc",12445,1782001,200,"Alt.Mod","5",2,TRUE,20.3399999999965
"4375","Y=~y1",0.826651760699224,0.0560250396510749,0.8,"MC-OrdPLSc",12445,1782001,200,"Alt.Mod","5",2,TRUE,20.3399999999965
"4376","Y=~y2",0.739197066922775,0.0542488016843373,0.8,"MC-OrdPLSc",12445,1782001,200,"Alt.Mod","5",2,TRUE,20.3399999999965
"4377","Y=~y3",0.830528561035172,0.0486945643825005,0.8,"MC-OrdPLSc",12445,1782001,200,"Alt.Mod","5",2,TRUE,20.3399999999965
"4378","Y~X",0.368881731235841,0.0839726128562039,0.4,"MC-OrdPLSc",12445,1782001,200,"Alt.Mod","5",2,TRUE,20.3399999999965
"4379","Y~Z",0.458909605630417,0.0743218309999403,0.5,"MC-OrdPLSc",12445,1782001,200,"Alt.Mod","5",2,TRUE,20.3399999999965
"4380","Y~X:Z",0.308392794197926,0.0889536947607294,0.3,"MC-OrdPLSc",12445,1782001,200,"Alt.Mod","5",2,TRUE,20.3399999999965
"4381","X~~Z",0.22020546412864,0.0912984665188895,0.2,"MC-OrdPLSc",12445,1782001,200,"Alt.Mod","5",2,TRUE,20.3399999999965
"4382","X=~x1",0.718466248317838,0.111995342539106,0.8,"PLSc",12445,1782001,200,"Alt.Mod","5",2,TRUE,3.05999999999767
"4383","X=~x2",0.658261087793536,0.100309953443861,0.8,"PLSc",12445,1782001,200,"Alt.Mod","5",2,TRUE,3.05999999999767
"4384","X=~x3",0.806505642416577,0.107260812990774,0.8,"PLSc",12445,1782001,200,"Alt.Mod","5",2,TRUE,3.05999999999767
"4385","Z=~z1",0.856353860967837,0.0677809488046447,0.8,"PLSc",12445,1782001,200,"Alt.Mod","5",2,TRUE,3.05999999999767
"4386","Z=~z2",0.821618050611717,0.0698490913188178,0.8,"PLSc",12445,1782001,200,"Alt.Mod","5",2,TRUE,3.05999999999767
"4387","Z=~z3",0.551988928468647,0.0941562574163827,0.8,"PLSc",12445,1782001,200,"Alt.Mod","5",2,TRUE,3.05999999999767
"4388","Y=~y1",0.781878685538993,0.0799350240675182,0.8,"PLSc",12445,1782001,200,"Alt.Mod","5",2,TRUE,3.05999999999767
"4389","Y=~y2",0.681557765098556,0.0748188797217512,0.8,"PLSc",12445,1782001,200,"Alt.Mod","5",2,TRUE,3.05999999999767
"4390","Y=~y3",0.75676958600125,0.0617439451683271,0.8,"PLSc",12445,1782001,200,"Alt.Mod","5",2,TRUE,3.05999999999767
"4391","Y~X",0.380236133124855,0.0931115942951389,0.4,"PLSc",12445,1782001,200,"Alt.Mod","5",2,TRUE,3.05999999999767
"4392","Y~Z",0.442939457408512,0.083251603104743,0.5,"PLSc",12445,1782001,200,"Alt.Mod","5",2,TRUE,3.05999999999767
"4393","Y~X:Z",0.274072091839275,0.100225007555222,0.3,"PLSc",12445,1782001,200,"Alt.Mod","5",2,TRUE,3.05999999999767
"4394","X~~Z",0.210764309101326,0.0884901847654911,0.2,"PLSc",12445,1782001,200,"Alt.Mod","5",2,TRUE,3.05999999999767
"4395","X=~x1",0.823818361453349,0.0414526615708745,0.8,"PLS",12445,1782001,200,"Alt.Mod","5",2,TRUE,1.85999999998603
"4396","X=~x2",0.808805659572116,0.0361774233881051,0.8,"PLS",12445,1782001,200,"Alt.Mod","5",2,TRUE,1.85999999998603
"4397","X=~x3",0.852414339075282,0.0321699001532028,0.8,"PLS",12445,1782001,200,"Alt.Mod","5",2,TRUE,1.85999999998603
"4398","Z=~z1",0.871585458477977,0.0218980169158909,0.8,"PLS",12445,1782001,200,"Alt.Mod","5",2,TRUE,1.85999999998603
"4399","Z=~z2",0.855973504449232,0.0250100858668541,0.8,"PLS",12445,1782001,200,"Alt.Mod","5",2,TRUE,1.85999999998603
"4400","Z=~z3",0.792603908960727,0.0355689708127277,0.8,"PLS",12445,1782001,200,"Alt.Mod","5",2,TRUE,1.85999999998603
"4401","Y=~y1",0.850464509014538,0.0293475661427102,0.8,"PLS",12445,1782001,200,"Alt.Mod","5",2,TRUE,1.85999999998603
"4402","Y=~y2",0.801655432229878,0.0346141054950107,0.8,"PLS",12445,1782001,200,"Alt.Mod","5",2,TRUE,1.85999999998603
"4403","Y=~y3",0.853309664673202,0.0225807961235502,0.8,"PLS",12445,1782001,200,"Alt.Mod","5",2,TRUE,1.85999999998603
"4404","Y~X",0.291253092837515,0.0653028480071631,0.4,"PLS",12445,1782001,200,"Alt.Mod","5",2,TRUE,1.85999999998603
"4405","Y~Z",0.370399910928316,0.0611152062321623,0.5,"PLS",12445,1782001,200,"Alt.Mod","5",2,TRUE,1.85999999998603
"4406","Y~X:Z",0.196941968289414,0.0625857360834664,0.3,"PLS",12445,1782001,200,"Alt.Mod","5",2,TRUE,1.85999999998603
"4407","X~~Z",0.168954235284689,0.0721882724855353,0.2,"PLS",12445,1782001,200,"Alt.Mod","5",2,TRUE,1.85999999998603
"4408","X=~x1",0.736,0.055,0.8,"Mplus",12445,1782001,200,"Alt.Mod","5",2,TRUE,131.890000000014
"4409","X=~x2",0.739,0.056,0.8,"Mplus",12445,1782001,200,"Alt.Mod","5",2,TRUE,131.890000000014
"4410","X=~x3",0.79,0.054,0.8,"Mplus",12445,1782001,200,"Alt.Mod","5",2,TRUE,131.890000000014
"4411","Z=~z1",0.832,0.045,0.8,"Mplus",12445,1782001,200,"Alt.Mod","5",2,TRUE,131.890000000014
"4412","Z=~z2",0.787,0.048,0.8,"Mplus",12445,1782001,200,"Alt.Mod","5",2,TRUE,131.890000000014
"4413","Z=~z3",0.757,0.05,0.8,"Mplus",12445,1782001,200,"Alt.Mod","5",2,TRUE,131.890000000014
"4414","Y=~y1",0.816,0.046,0.8,"Mplus",12445,1782001,200,"Alt.Mod","5",2,TRUE,131.890000000014
"4415","Y=~y2",0.73,0.055,0.8,"Mplus",12445,1782001,200,"Alt.Mod","5",2,TRUE,131.890000000014
"4416","Y=~y3",0.852,0.044,0.8,"Mplus",12445,1782001,200,"Alt.Mod","5",2,TRUE,131.890000000014
"4417","Y~X",0.395,0.074,0.4,"Mplus",12445,1782001,200,"Alt.Mod","5",2,TRUE,131.890000000014
"4418","Y~Z",0.433,0.072,0.5,"Mplus",12445,1782001,200,"Alt.Mod","5",2,TRUE,131.890000000014
"4419","Y~X:Z",0.346,0.077,0.3,"Mplus",12445,1782001,200,"Alt.Mod","5",2,TRUE,131.890000000014
"4420","X~~Z",0.22,0.087,0.2,"Mplus",12445,1782001,200,"Alt.Mod","5",2,TRUE,131.890000000014
"4421","X=~x1",0.621007854836181,0.803314281306027,0.5,"MC-OrdPLSc",12446,7258746,200,"Alt.Mod","5",3,TRUE,25.7999999999884
"4422","X=~x2",0.561006931540846,0.65417257255135,0.5,"MC-OrdPLSc",12446,7258746,200,"Alt.Mod","5",3,TRUE,25.7999999999884
"4423","X=~x3",0.490384099946292,0.451406131187664,0.5,"MC-OrdPLSc",12446,7258746,200,"Alt.Mod","5",3,TRUE,25.7999999999884
"4424","Z=~z1",0.516176632001019,0.117179169598933,0.5,"MC-OrdPLSc",12446,7258746,200,"Alt.Mod","5",3,TRUE,25.7999999999884
"4425","Z=~z2",0.537828489767985,0.147498637470066,0.5,"MC-OrdPLSc",12446,7258746,200,"Alt.Mod","5",3,TRUE,25.7999999999884
"4426","Z=~z3",0.525438326649273,0.167281609912739,0.5,"MC-OrdPLSc",12446,7258746,200,"Alt.Mod","5",3,TRUE,25.7999999999884
"4427","Y=~y1",0.503889914255218,0.139550930694213,0.5,"MC-OrdPLSc",12446,7258746,200,"Alt.Mod","5",3,TRUE,25.7999999999884
"4428","Y=~y2",0.488763668564332,0.173383472311932,0.5,"MC-OrdPLSc",12446,7258746,200,"Alt.Mod","5",3,TRUE,25.7999999999884
"4429","Y=~y3",0.564660166599677,0.251371750062711,0.5,"MC-OrdPLSc",12446,7258746,200,"Alt.Mod","5",3,TRUE,25.7999999999884
"4430","Y~X",0.250528421062076,0.232504221213559,0.4,"MC-OrdPLSc",12446,7258746,200,"Alt.Mod","5",3,TRUE,25.7999999999884
"4431","Y~Z",0.737367907211964,0.215186281997898,0.5,"MC-OrdPLSc",12446,7258746,200,"Alt.Mod","5",3,TRUE,25.7999999999884
"4432","Y~X:Z",-0.0651071160360794,0.218852401525146,0.3,"MC-OrdPLSc",12446,7258746,200,"Alt.Mod","5",3,TRUE,25.7999999999884
"4433","X~~Z",0.052104823125675,0.14280790994489,0.2,"MC-OrdPLSc",12446,7258746,200,"Alt.Mod","5",3,TRUE,25.7999999999884
"4434","X=~x1",0.56544402041033,0.324685722983413,0.5,"PLSc",12446,7258746,200,"Alt.Mod","5",3,TRUE,4.07999999998719
"4435","X=~x2",0.586897361040884,0.281889575159926,0.5,"PLSc",12446,7258746,200,"Alt.Mod","5",3,TRUE,4.07999999998719
"4436","X=~x3",0.403011117585439,0.291965671966386,0.5,"PLSc",12446,7258746,200,"Alt.Mod","5",3,TRUE,4.07999999998719
"4437","Z=~z1",0.494482295032114,0.138051533769317,0.5,"PLSc",12446,7258746,200,"Alt.Mod","5",3,TRUE,4.07999999998719
"4438","Z=~z2",0.485953737380739,0.126978348254719,0.5,"PLSc",12446,7258746,200,"Alt.Mod","5",3,TRUE,4.07999999998719
"4439","Z=~z3",0.498950143100672,0.165644942762044,0.5,"PLSc",12446,7258746,200,"Alt.Mod","5",3,TRUE,4.07999999998719
"4440","Y=~y1",0.527936830366941,0.132097694319504,0.5,"PLSc",12446,7258746,200,"Alt.Mod","5",3,TRUE,4.07999999998719
"4441","Y=~y2",0.406882443784222,0.130380475217987,0.5,"PLSc",12446,7258746,200,"Alt.Mod","5",3,TRUE,4.07999999998719
"4442","Y=~y3",0.517478676520908,0.148824577697002,0.5,"PLSc",12446,7258746,200,"Alt.Mod","5",3,TRUE,4.07999999998719
"4443","Y~X",0.254937831910027,1.97196305865835,0.4,"PLSc",12446,7258746,200,"Alt.Mod","5",3,TRUE,4.07999999998719
"4444","Y~Z",0.737241983113154,1.1733266906901,0.5,"PLSc",12446,7258746,200,"Alt.Mod","5",3,TRUE,4.07999999998719
"4445","Y~X:Z",-0.0326647259917269,2.44083806429125,0.3,"PLSc",12446,7258746,200,"Alt.Mod","5",3,TRUE,4.07999999998719
"4446","X~~Z",0.0510319819456567,0.200437484937414,0.2,"PLSc",12446,7258746,200,"Alt.Mod","5",3,TRUE,4.07999999998719
"4447","X=~x1",0.7686803493679,0.33873445748978,0.5,"PLS",12446,7258746,200,"Alt.Mod","5",3,TRUE,3.20000000001164
"4448","X=~x2",0.720957537121411,0.291405701789557,0.5,"PLS",12446,7258746,200,"Alt.Mod","5",3,TRUE,3.20000000001164
"4449","X=~x3",0.659736501245639,0.31702215935323,0.5,"PLS",12446,7258746,200,"Alt.Mod","5",3,TRUE,3.20000000001164
"4450","Z=~z1",0.695142920556268,0.130827147885253,0.5,"PLS",12446,7258746,200,"Alt.Mod","5",3,TRUE,3.20000000001164
"4451","Z=~z2",0.713117443971909,0.128589471840928,0.5,"PLS",12446,7258746,200,"Alt.Mod","5",3,TRUE,3.20000000001164
"4452","Z=~z3",0.703633776833739,0.161103362673578,0.5,"PLS",12446,7258746,200,"Alt.Mod","5",3,TRUE,3.20000000001164
"4453","Y=~y1",0.688310412987112,0.133290088039102,0.5,"PLS",12446,7258746,200,"Alt.Mod","5",3,TRUE,3.20000000001164
"4454","Y=~y2",0.671763026786895,0.138694668194292,0.5,"PLS",12446,7258746,200,"Alt.Mod","5",3,TRUE,3.20000000001164
"4455","Y=~y3",0.742459192257422,0.153457030195241,0.5,"PLS",12446,7258746,200,"Alt.Mod","5",3,TRUE,3.20000000001164
"4456","Y~X",0.140038857168301,0.0744791575932106,0.4,"PLS",12446,7258746,200,"Alt.Mod","5",3,TRUE,3.20000000001164
"4457","Y~Z",0.363742074574545,0.0723608179098816,0.5,"PLS",12446,7258746,200,"Alt.Mod","5",3,TRUE,3.20000000001164
"4458","Y~X:Z",-0.0311531107461365,0.0603343444796176,0.3,"PLS",12446,7258746,200,"Alt.Mod","5",3,TRUE,3.20000000001164
"4459","X~~Z",0.0263024318734879,0.0729347205995768,0.2,"PLS",12446,7258746,200,"Alt.Mod","5",3,TRUE,3.20000000001164
"4460","X=~x1",0.74,0.138,0.5,"Mplus",12446,7258746,200,"Alt.Mod","5",3,TRUE,191.010000000009
"4461","X=~x2",0.377,0.091,0.5,"Mplus",12446,7258746,200,"Alt.Mod","5",3,TRUE,191.010000000009
"4462","X=~x3",0.566,0.114,0.5,"Mplus",12446,7258746,200,"Alt.Mod","5",3,TRUE,191.010000000009
"4463","Z=~z1",0.442,0.098,0.5,"Mplus",12446,7258746,200,"Alt.Mod","5",3,TRUE,191.010000000009
"4464","Z=~z2",0.543,0.096,0.5,"Mplus",12446,7258746,200,"Alt.Mod","5",3,TRUE,191.010000000009
"4465","Z=~z3",0.521,0.097,0.5,"Mplus",12446,7258746,200,"Alt.Mod","5",3,TRUE,191.010000000009
"4466","Y=~y1",0.402,0.098,0.5,"Mplus",12446,7258746,200,"Alt.Mod","5",3,TRUE,191.010000000009
"4467","Y=~y2",0.53,0.088,0.5,"Mplus",12446,7258746,200,"Alt.Mod","5",3,TRUE,191.010000000009
"4468","Y=~y3",0.64,0.106,0.5,"Mplus",12446,7258746,200,"Alt.Mod","5",3,TRUE,191.010000000009
"4469","Y~X",0.141,0.137,0.4,"Mplus",12446,7258746,200,"Alt.Mod","5",3,TRUE,191.010000000009
"4470","Y~Z",0.728,0.119,0.5,"Mplus",12446,7258746,200,"Alt.Mod","5",3,TRUE,191.010000000009
"4471","Y~X:Z",0.161,0.145,0.3,"Mplus",12446,7258746,200,"Alt.Mod","5",3,TRUE,191.010000000009
"4472","X~~Z",0.005,0.135,0.2,"Mplus",12446,7258746,200,"Alt.Mod","5",3,TRUE,191.010000000009
"4473","X=~x1",0.81141392784064,0.039399408150094,0.8,"MC-OrdPLSc",12447,817105,500,"Alt.Mod","5",2,TRUE,22.8899999999849
"4474","X=~x2",0.800866381710381,0.0454338482932624,0.8,"MC-OrdPLSc",12447,817105,500,"Alt.Mod","5",2,TRUE,22.8899999999849
"4475","X=~x3",0.802844889176305,0.0406799046721576,0.8,"MC-OrdPLSc",12447,817105,500,"Alt.Mod","5",2,TRUE,22.8899999999849
"4476","Z=~z1",0.794141692293251,0.0339579487979013,0.8,"MC-OrdPLSc",12447,817105,500,"Alt.Mod","5",2,TRUE,22.8899999999849
"4477","Z=~z2",0.782626952505783,0.0360423678184908,0.8,"MC-OrdPLSc",12447,817105,500,"Alt.Mod","5",2,TRUE,22.8899999999849
"4478","Z=~z3",0.761061481740529,0.0334268249213264,0.8,"MC-OrdPLSc",12447,817105,500,"Alt.Mod","5",2,TRUE,22.8899999999849
"4479","Y=~y1",0.750500492888402,0.0388374781988799,0.8,"MC-OrdPLSc",12447,817105,500,"Alt.Mod","5",2,TRUE,22.8899999999849
"4480","Y=~y2",0.741977623431213,0.038590919846731,0.8,"MC-OrdPLSc",12447,817105,500,"Alt.Mod","5",2,TRUE,22.8899999999849
"4481","Y=~y3",0.825780201610366,0.0350159154719278,0.8,"MC-OrdPLSc",12447,817105,500,"Alt.Mod","5",2,TRUE,22.8899999999849
"4482","Y~X",0.337302242390359,0.0475826203033315,0.4,"MC-OrdPLSc",12447,817105,500,"Alt.Mod","5",2,TRUE,22.8899999999849
"4483","Y~Z",0.507294621970798,0.0461815321755409,0.5,"MC-OrdPLSc",12447,817105,500,"Alt.Mod","5",2,TRUE,22.8899999999849
"4484","Y~X:Z",0.339527857461974,0.0533646713583888,0.3,"MC-OrdPLSc",12447,817105,500,"Alt.Mod","5",2,TRUE,22.8899999999849
"4485","X~~Z",0.164216157804105,0.0597427880251217,0.2,"MC-OrdPLSc",12447,817105,500,"Alt.Mod","5",2,TRUE,22.8899999999849
"4486","X=~x1",0.778720241615382,0.0698926980862499,0.8,"PLSc",12447,817105,500,"Alt.Mod","5",2,TRUE,4.47000000000116
"4487","X=~x2",0.744230807104854,0.0683739129959172,0.8,"PLSc",12447,817105,500,"Alt.Mod","5",2,TRUE,4.47000000000116
"4488","X=~x3",0.766759610810649,0.0652106643218853,0.8,"PLSc",12447,817105,500,"Alt.Mod","5",2,TRUE,4.47000000000116
"4489","Z=~z1",0.761742355630086,0.0541488008243469,0.8,"PLSc",12447,817105,500,"Alt.Mod","5",2,TRUE,4.47000000000116
"4490","Z=~z2",0.720594626622077,0.0540894263411231,0.8,"PLSc",12447,817105,500,"Alt.Mod","5",2,TRUE,4.47000000000116
"4491","Z=~z3",0.732063263218389,0.0529717959253103,0.8,"PLSc",12447,817105,500,"Alt.Mod","5",2,TRUE,4.47000000000116
"4492","Y=~y1",0.672492077055708,0.0515103678541088,0.8,"PLSc",12447,817105,500,"Alt.Mod","5",2,TRUE,4.47000000000116
"4493","Y=~y2",0.67110776807867,0.0525372259809765,0.8,"PLSc",12447,817105,500,"Alt.Mod","5",2,TRUE,4.47000000000116
"4494","Y=~y3",0.795146272163033,0.04316618047562,0.8,"PLSc",12447,817105,500,"Alt.Mod","5",2,TRUE,4.47000000000116
"4495","Y~X",0.313371841227597,0.0509022720984046,0.4,"PLSc",12447,817105,500,"Alt.Mod","5",2,TRUE,4.47000000000116
"4496","Y~Z",0.527711318676193,0.0520438354263476,0.5,"PLSc",12447,817105,500,"Alt.Mod","5",2,TRUE,4.47000000000116
"4497","Y~X:Z",0.303379665470087,0.0490746440219824,0.3,"PLSc",12447,817105,500,"Alt.Mod","5",2,TRUE,4.47000000000116
"4498","X~~Z",0.159923536989781,0.0619235428077914,0.2,"PLSc",12447,817105,500,"Alt.Mod","5",2,TRUE,4.47000000000116
"4499","X=~x1",0.852920455378996,0.0193690016905707,0.8,"PLS",12447,817105,500,"Alt.Mod","5",2,TRUE,1.79000000000815
"4500","X=~x2",0.846987240923741,0.0194159586716142,0.8,"PLS",12447,817105,500,"Alt.Mod","5",2,TRUE,1.79000000000815
"4501","X=~x3",0.848738628776105,0.0182271624514631,0.8,"PLS",12447,817105,500,"Alt.Mod","5",2,TRUE,1.79000000000815
"4502","Z=~z1",0.842456016641636,0.017155209894322,0.8,"PLS",12447,817105,500,"Alt.Mod","5",2,TRUE,1.79000000000815
"4503","Z=~z2",0.835774524241658,0.0191399244989382,0.8,"PLS",12447,817105,500,"Alt.Mod","5",2,TRUE,1.79000000000815
"4504","Z=~z3",0.825600829112617,0.0193669797758491,0.8,"PLS",12447,817105,500,"Alt.Mod","5",2,TRUE,1.79000000000815
"4505","Y=~y1",0.808857579556721,0.0232622574363512,0.8,"PLS",12447,817105,500,"Alt.Mod","5",2,TRUE,1.79000000000815
"4506","Y=~y2",0.802920707161462,0.0222054618487194,0.8,"PLS",12447,817105,500,"Alt.Mod","5",2,TRUE,1.79000000000815
"4507","Y=~y3",0.846681574896583,0.0155257785569314,0.8,"PLS",12447,817105,500,"Alt.Mod","5",2,TRUE,1.79000000000815
"4508","Y~X",0.255993602766751,0.0369364826304565,0.4,"PLS",12447,817105,500,"Alt.Mod","5",2,TRUE,1.79000000000815
"4509","Y~Z",0.394175687664987,0.0388690110098035,0.5,"PLS",12447,817105,500,"Alt.Mod","5",2,TRUE,1.79000000000815
"4510","Y~X:Z",0.211407540226561,0.0335069302680801,0.3,"PLS",12447,817105,500,"Alt.Mod","5",2,TRUE,1.79000000000815
"4511","X~~Z",0.127160713825975,0.0499620895115793,0.2,"PLS",12447,817105,500,"Alt.Mod","5",2,TRUE,1.79000000000815
"4512","X=~x1",0.796,0.03,0.8,"Mplus",12447,817105,500,"Alt.Mod","5",2,TRUE,298.450000000012
"4513","X=~x2",0.808,0.03,0.8,"Mplus",12447,817105,500,"Alt.Mod","5",2,TRUE,298.450000000012
"4514","X=~x3",0.794,0.03,0.8,"Mplus",12447,817105,500,"Alt.Mod","5",2,TRUE,298.450000000012
"4515","Z=~z1",0.776,0.032,0.8,"Mplus",12447,817105,500,"Alt.Mod","5",2,TRUE,298.450000000012
"4516","Z=~z2",0.777,0.031,0.8,"Mplus",12447,817105,500,"Alt.Mod","5",2,TRUE,298.450000000012
"4517","Z=~z3",0.774,0.032,0.8,"Mplus",12447,817105,500,"Alt.Mod","5",2,TRUE,298.450000000012
"4518","Y=~y1",0.783,0.032,0.8,"Mplus",12447,817105,500,"Alt.Mod","5",2,TRUE,298.450000000012
"4519","Y=~y2",0.739,0.034,0.8,"Mplus",12447,817105,500,"Alt.Mod","5",2,TRUE,298.450000000012
"4520","Y=~y3",0.815,0.032,0.8,"Mplus",12447,817105,500,"Alt.Mod","5",2,TRUE,298.450000000012
"4521","Y~X",0.349,0.046,0.4,"Mplus",12447,817105,500,"Alt.Mod","5",2,TRUE,298.450000000012
"4522","Y~Z",0.517,0.043,0.5,"Mplus",12447,817105,500,"Alt.Mod","5",2,TRUE,298.450000000012
"4523","Y~X:Z",0.347,0.047,0.3,"Mplus",12447,817105,500,"Alt.Mod","5",2,TRUE,298.450000000012
"4524","X~~Z",0.156,0.055,0.2,"Mplus",12447,817105,500,"Alt.Mod","5",2,TRUE,298.450000000012
"4525","X=~x1",0.517192430264397,0.0959793564926459,0.5,"MC-OrdPLSc",12448,5564033,500,"Alt.Mod","5",3,TRUE,27.3099999999977
"4526","X=~x2",0.514474263865062,0.0869535154785889,0.5,"MC-OrdPLSc",12448,5564033,500,"Alt.Mod","5",3,TRUE,27.3099999999977
"4527","X=~x3",0.521588579717364,0.0869978422786015,0.5,"MC-OrdPLSc",12448,5564033,500,"Alt.Mod","5",3,TRUE,27.3099999999977
"4528","Z=~z1",0.485177907730928,0.0926552587241586,0.5,"MC-OrdPLSc",12448,5564033,500,"Alt.Mod","5",3,TRUE,27.3099999999977
"4529","Z=~z2",0.480610772545118,0.0763296200209583,0.5,"MC-OrdPLSc",12448,5564033,500,"Alt.Mod","5",3,TRUE,27.3099999999977
"4530","Z=~z3",0.570273181441337,0.0923900772901751,0.5,"MC-OrdPLSc",12448,5564033,500,"Alt.Mod","5",3,TRUE,27.3099999999977
"4531","Y=~y1",0.382318167135725,0.0781302370746197,0.5,"MC-OrdPLSc",12448,5564033,500,"Alt.Mod","5",3,TRUE,27.3099999999977
"4532","Y=~y2",0.620366387227933,0.100688484232896,0.5,"MC-OrdPLSc",12448,5564033,500,"Alt.Mod","5",3,TRUE,27.3099999999977
"4533","Y=~y3",0.445415421210724,0.0832664357169952,0.5,"MC-OrdPLSc",12448,5564033,500,"Alt.Mod","5",3,TRUE,27.3099999999977
"4534","Y~X",0.485086007434584,0.093773376789532,0.4,"MC-OrdPLSc",12448,5564033,500,"Alt.Mod","5",3,TRUE,27.3099999999977
"4535","Y~Z",0.481471387993252,0.0971886863027887,0.5,"MC-OrdPLSc",12448,5564033,500,"Alt.Mod","5",3,TRUE,27.3099999999977
"4536","Y~X:Z",0.381616229335745,0.158594644817992,0.3,"MC-OrdPLSc",12448,5564033,500,"Alt.Mod","5",3,TRUE,27.3099999999977
"4537","X~~Z",0.271296857043295,0.0888569528864218,0.2,"MC-OrdPLSc",12448,5564033,500,"Alt.Mod","5",3,TRUE,27.3099999999977
"4538","X=~x1",0.477974073539002,0.0939820388496479,0.5,"PLSc",12448,5564033,500,"Alt.Mod","5",3,FALSE,4.79000000000815
"4539","X=~x2",0.50625960176472,0.0922016942447572,0.5,"PLSc",12448,5564033,500,"Alt.Mod","5",3,FALSE,4.79000000000815
"4540","X=~x3",0.471619826842343,0.087804221538331,0.5,"PLSc",12448,5564033,500,"Alt.Mod","5",3,FALSE,4.79000000000815
"4541","Z=~z1",0.431275192649361,0.103613993804161,0.5,"PLSc",12448,5564033,500,"Alt.Mod","5",3,FALSE,4.79000000000815
"4542","Z=~z2",0.434911730503667,0.0865493286749226,0.5,"PLSc",12448,5564033,500,"Alt.Mod","5",3,FALSE,4.79000000000815
"4543","Z=~z3",0.570947319936255,0.0878932599154298,0.5,"PLSc",12448,5564033,500,"Alt.Mod","5",3,FALSE,4.79000000000815
"4544","Y=~y1",0.32814907880533,0.0750684601871879,0.5,"PLSc",12448,5564033,500,"Alt.Mod","5",3,FALSE,4.79000000000815
"4545","Y=~y2",0.54568875231975,0.080117342100055,0.5,"PLSc",12448,5564033,500,"Alt.Mod","5",3,FALSE,4.79000000000815
"4546","Y=~y3",0.401841063714558,0.07016559799318,0.5,"PLSc",12448,5564033,500,"Alt.Mod","5",3,FALSE,4.79000000000815
"4547","Y~X",0.686636578562527,2.18487895467979,0.4,"PLSc",12448,5564033,500,"Alt.Mod","5",3,FALSE,4.79000000000815
"4548","Y~Z",0.511145616689008,6.90099728369498,0.5,"PLSc",12448,5564033,500,"Alt.Mod","5",3,FALSE,4.79000000000815
"4549","Y~X:Z",0.574031399351314,10.2254736864198,0.3,"PLSc",12448,5564033,500,"Alt.Mod","5",3,FALSE,4.79000000000815
"4550","X~~Z",0.269470523937342,0.0936045717552005,0.2,"PLSc",12448,5564033,500,"Alt.Mod","5",3,FALSE,4.79000000000815
"4551","X=~x1",0.698920140305125,0.0710810799069253,0.5,"PLS",12448,5564033,500,"Alt.Mod","5",3,TRUE,2.29999999998836
"4552","X=~x2",0.697958266177163,0.0770501746948449,0.5,"PLS",12448,5564033,500,"Alt.Mod","5",3,TRUE,2.29999999998836
"4553","X=~x3",0.704717233275654,0.0644542358872265,0.5,"PLS",12448,5564033,500,"Alt.Mod","5",3,TRUE,2.29999999998836
"4554","Z=~z1",0.674680097533883,0.0820116067542351,0.5,"PLS",12448,5564033,500,"Alt.Mod","5",3,TRUE,2.29999999998836
"4555","Z=~z2",0.667995169792509,0.0699945411129469,0.5,"PLS",12448,5564033,500,"Alt.Mod","5",3,TRUE,2.29999999998836
"4556","Z=~z3",0.747024681543657,0.069722731259907,0.5,"PLS",12448,5564033,500,"Alt.Mod","5",3,TRUE,2.29999999998836
"4557","Y=~y1",0.569916853199736,0.0818079573357863,0.5,"PLS",12448,5564033,500,"Alt.Mod","5",3,TRUE,2.29999999998836
"4558","Y=~y2",0.786754496735888,0.0559356645960826,0.5,"PLS",12448,5564033,500,"Alt.Mod","5",3,TRUE,2.29999999998836
"4559","Y=~y3",0.638536020703012,0.0714724317076285,0.5,"PLS",12448,5564033,500,"Alt.Mod","5",3,TRUE,2.29999999998836
"4560","Y~X",0.243681572267107,0.0409775222225325,0.4,"PLS",12448,5564033,500,"Alt.Mod","5",3,TRUE,2.29999999998836
"4561","Y~Z",0.242481913737266,0.0481153178603769,0.5,"PLS",12448,5564033,500,"Alt.Mod","5",3,TRUE,2.29999999998836
"4562","Y~X:Z",0.116453691393624,0.0497722196045646,0.3,"PLS",12448,5564033,500,"Alt.Mod","5",3,TRUE,2.29999999998836
"4563","X~~Z",0.129979501644477,0.0453688069690172,0.2,"PLS",12448,5564033,500,"Alt.Mod","5",3,TRUE,2.29999999998836
"4564","X=~x1",0.486,0.063,0.5,"Mplus",12448,5564033,500,"Alt.Mod","5",3,TRUE,320.580000000016
"4565","X=~x2",0.441,0.063,0.5,"Mplus",12448,5564033,500,"Alt.Mod","5",3,TRUE,320.580000000016
"4566","X=~x3",0.597,0.072,0.5,"Mplus",12448,5564033,500,"Alt.Mod","5",3,TRUE,320.580000000016
"4567","Z=~z1",0.512,0.065,0.5,"Mplus",12448,5564033,500,"Alt.Mod","5",3,TRUE,320.580000000016
"4568","Z=~z2",0.531,0.07,0.5,"Mplus",12448,5564033,500,"Alt.Mod","5",3,TRUE,320.580000000016
"4569","Z=~z3",0.418,0.067,0.5,"Mplus",12448,5564033,500,"Alt.Mod","5",3,TRUE,320.580000000016
"4570","Y=~y1",0.369,0.063,0.5,"Mplus",12448,5564033,500,"Alt.Mod","5",3,TRUE,320.580000000016
"4571","Y=~y2",0.559,0.072,0.5,"Mplus",12448,5564033,500,"Alt.Mod","5",3,TRUE,320.580000000016
"4572","Y=~y3",0.429,0.066,0.5,"Mplus",12448,5564033,500,"Alt.Mod","5",3,TRUE,320.580000000016
"4573","Y~X",0.448,0.095,0.4,"Mplus",12448,5564033,500,"Alt.Mod","5",3,TRUE,320.580000000016
"4574","Y~Z",0.477,0.096,0.5,"Mplus",12448,5564033,500,"Alt.Mod","5",3,TRUE,320.580000000016
"4575","Y~X:Z",0.345,0.117,0.3,"Mplus",12448,5564033,500,"Alt.Mod","5",3,TRUE,320.580000000016
"4576","X~~Z",0.23,0.094,0.2,"Mplus",12448,5564033,500,"Alt.Mod","5",3,TRUE,320.580000000016
"4577","X=~x1",0.77974762183002,0.0239340326739819,0.8,"MC-OrdPLSc",12449,6103611,1000,"Alt.Mod","5",2,TRUE,27.109999999986
"4578","X=~x2",0.811759167116447,0.0264739829492764,0.8,"MC-OrdPLSc",12449,6103611,1000,"Alt.Mod","5",2,TRUE,27.109999999986
"4579","X=~x3",0.825833836905427,0.0230908460657784,0.8,"MC-OrdPLSc",12449,6103611,1000,"Alt.Mod","5",2,TRUE,27.109999999986
"4580","Z=~z1",0.758032910436714,0.0230352882266728,0.8,"MC-OrdPLSc",12449,6103611,1000,"Alt.Mod","5",2,TRUE,27.109999999986
"4581","Z=~z2",0.788893741429771,0.0203730402608401,0.8,"MC-OrdPLSc",12449,6103611,1000,"Alt.Mod","5",2,TRUE,27.109999999986
"4582","Z=~z3",0.82288850060929,0.0212524518613367,0.8,"MC-OrdPLSc",12449,6103611,1000,"Alt.Mod","5",2,TRUE,27.109999999986
"4583","Y=~y1",0.819583572850407,0.0202606208987051,0.8,"MC-OrdPLSc",12449,6103611,1000,"Alt.Mod","5",2,TRUE,27.109999999986
"4584","Y=~y2",0.771435722501255,0.0240172879411363,0.8,"MC-OrdPLSc",12449,6103611,1000,"Alt.Mod","5",2,TRUE,27.109999999986
"4585","Y=~y3",0.78759804424973,0.0234248752914635,0.8,"MC-OrdPLSc",12449,6103611,1000,"Alt.Mod","5",2,TRUE,27.109999999986
"4586","Y~X",0.369410626174239,0.0320616714977415,0.4,"MC-OrdPLSc",12449,6103611,1000,"Alt.Mod","5",2,TRUE,27.109999999986
"4587","Y~Z",0.524545335962075,0.0302474231889487,0.5,"MC-OrdPLSc",12449,6103611,1000,"Alt.Mod","5",2,TRUE,27.109999999986
"4588","Y~X:Z",0.351265539548607,0.0311942405084721,0.3,"MC-OrdPLSc",12449,6103611,1000,"Alt.Mod","5",2,TRUE,27.109999999986
"4589","X~~Z",0.218796443121376,0.0384019932148768,0.2,"MC-OrdPLSc",12449,6103611,1000,"Alt.Mod","5",2,TRUE,27.109999999986
"4590","X=~x1",0.717626810541662,0.0434552698122399,0.8,"PLSc",12449,6103611,1000,"Alt.Mod","5",2,TRUE,6.64999999999418
"4591","X=~x2",0.796387189453782,0.0412389695664751,0.8,"PLSc",12449,6103611,1000,"Alt.Mod","5",2,TRUE,6.64999999999418
"4592","X=~x3",0.774966132059452,0.0413948340542086,0.8,"PLSc",12449,6103611,1000,"Alt.Mod","5",2,TRUE,6.64999999999418
"4593","Z=~z1",0.704808548443112,0.0350427611677086,0.8,"PLSc",12449,6103611,1000,"Alt.Mod","5",2,TRUE,6.64999999999418
"4594","Z=~z2",0.74623768836973,0.0298660247051225,0.8,"PLSc",12449,6103611,1000,"Alt.Mod","5",2,TRUE,6.64999999999418
"4595","Z=~z3",0.796587475659128,0.0308787124456294,0.8,"PLSc",12449,6103611,1000,"Alt.Mod","5",2,TRUE,6.64999999999418
"4596","Y=~y1",0.766040104293461,0.0274427118977098,0.8,"PLSc",12449,6103611,1000,"Alt.Mod","5",2,TRUE,6.64999999999418
"4597","Y=~y2",0.673461789704436,0.0263953351719704,0.8,"PLSc",12449,6103611,1000,"Alt.Mod","5",2,TRUE,6.64999999999418
"4598","Y=~y3",0.733983495061094,0.0287043929988527,0.8,"PLSc",12449,6103611,1000,"Alt.Mod","5",2,TRUE,6.64999999999418
"4599","Y~X",0.359345901730695,0.0350713331817665,0.4,"PLSc",12449,6103611,1000,"Alt.Mod","5",2,TRUE,6.64999999999418
"4600","Y~Z",0.524120273367577,0.0331315727361009,0.5,"PLSc",12449,6103611,1000,"Alt.Mod","5",2,TRUE,6.64999999999418
"4601","Y~X:Z",0.318099884366892,0.0376016060233692,0.3,"PLSc",12449,6103611,1000,"Alt.Mod","5",2,TRUE,6.64999999999418
"4602","X~~Z",0.214158057629093,0.0410333589072917,0.2,"PLSc",12449,6103611,1000,"Alt.Mod","5",2,TRUE,6.64999999999418
"4603","X=~x1",0.836232175753123,0.0142798424119629,0.8,"PLS",12449,6103611,1000,"Alt.Mod","5",2,TRUE,1.79000000000815
"4604","X=~x2",0.853131894434117,0.0119737453883665,0.8,"PLS",12449,6103611,1000,"Alt.Mod","5",2,TRUE,1.79000000000815
"4605","X=~x3",0.858844338376908,0.0128660340690646,0.8,"PLS",12449,6103611,1000,"Alt.Mod","5",2,TRUE,1.79000000000815
"4606","Z=~z1",0.823435146698398,0.0137530911109547,0.8,"PLS",12449,6103611,1000,"Alt.Mod","5",2,TRUE,1.79000000000815
"4607","Z=~z2",0.841280259575553,0.010053357444902,0.8,"PLS",12449,6103611,1000,"Alt.Mod","5",2,TRUE,1.79000000000815
"4608","Z=~z3",0.858107926262539,0.0100280112894029,0.8,"PLS",12449,6103611,1000,"Alt.Mod","5",2,TRUE,1.79000000000815
"4609","Y=~y1",0.841899725150685,0.0105628574681013,0.8,"PLS",12449,6103611,1000,"Alt.Mod","5",2,TRUE,1.79000000000815
"4610","Y=~y2",0.814110246027132,0.0124194680768856,0.8,"PLS",12449,6103611,1000,"Alt.Mod","5",2,TRUE,1.79000000000815
"4611","Y=~y3",0.823827709774369,0.0127773808073838,0.8,"PLS",12449,6103611,1000,"Alt.Mod","5",2,TRUE,1.79000000000815
"4612","Y~X",0.291911627337584,0.0265716570105539,0.4,"PLS",12449,6103611,1000,"Alt.Mod","5",2,TRUE,1.79000000000815
"4613","Y~Z",0.417878465934399,0.0247332224563304,0.5,"PLS",12449,6103611,1000,"Alt.Mod","5",2,TRUE,1.79000000000815
"4614","Y~X:Z",0.222319880373983,0.0249340396219441,0.3,"PLS",12449,6103611,1000,"Alt.Mod","5",2,TRUE,1.79000000000815
"4615","X~~Z",0.171925711413233,0.0331815236338847,0.2,"PLS",12449,6103611,1000,"Alt.Mod","5",2,TRUE,1.79000000000815
"4616","X=~x1",0.78,0.021,0.8,"Mplus",12449,6103611,1000,"Alt.Mod","5",2,TRUE,410.029999999999
"4617","X=~x2",0.785,0.021,0.8,"Mplus",12449,6103611,1000,"Alt.Mod","5",2,TRUE,410.029999999999
"4618","X=~x3",0.818,0.02,0.8,"Mplus",12449,6103611,1000,"Alt.Mod","5",2,TRUE,410.029999999999
"4619","Z=~z1",0.749,0.023,0.8,"Mplus",12449,6103611,1000,"Alt.Mod","5",2,TRUE,410.029999999999
"4620","Z=~z2",0.781,0.022,0.8,"Mplus",12449,6103611,1000,"Alt.Mod","5",2,TRUE,410.029999999999
"4621","Z=~z3",0.807,0.021,0.8,"Mplus",12449,6103611,1000,"Alt.Mod","5",2,TRUE,410.029999999999
"4622","Y=~y1",0.797,0.022,0.8,"Mplus",12449,6103611,1000,"Alt.Mod","5",2,TRUE,410.029999999999
"4623","Y=~y2",0.769,0.023,0.8,"Mplus",12449,6103611,1000,"Alt.Mod","5",2,TRUE,410.029999999999
"4624","Y=~y3",0.762,0.023,0.8,"Mplus",12449,6103611,1000,"Alt.Mod","5",2,TRUE,410.029999999999
"4625","Y~X",0.359,0.032,0.4,"Mplus",12449,6103611,1000,"Alt.Mod","5",2,TRUE,410.029999999999
"4626","Y~Z",0.526,0.03,0.5,"Mplus",12449,6103611,1000,"Alt.Mod","5",2,TRUE,410.029999999999
"4627","Y~X:Z",0.327,0.035,0.3,"Mplus",12449,6103611,1000,"Alt.Mod","5",2,TRUE,410.029999999999
"4628","X~~Z",0.226,0.038,0.2,"Mplus",12449,6103611,1000,"Alt.Mod","5",2,TRUE,410.029999999999
"4629","X=~x1",0.493448665484811,0.0592780059545523,0.5,"MC-OrdPLSc",12450,1854098,1000,"Alt.Mod","5",3,TRUE,31
"4630","X=~x2",0.517927733642833,0.0604356625500436,0.5,"MC-OrdPLSc",12450,1854098,1000,"Alt.Mod","5",3,TRUE,31
"4631","X=~x3",0.520240550909108,0.0603908903176464,0.5,"MC-OrdPLSc",12450,1854098,1000,"Alt.Mod","5",3,TRUE,31
"4632","Z=~z1",0.412257104506306,0.0617517550791746,0.5,"MC-OrdPLSc",12450,1854098,1000,"Alt.Mod","5",3,TRUE,31
"4633","Z=~z2",0.473910737772361,0.0640969943238097,0.5,"MC-OrdPLSc",12450,1854098,1000,"Alt.Mod","5",3,TRUE,31
"4634","Z=~z3",0.459716697993883,0.0647103279492201,0.5,"MC-OrdPLSc",12450,1854098,1000,"Alt.Mod","5",3,TRUE,31
"4635","Y=~y1",0.500535070042301,0.0589511311856485,0.5,"MC-OrdPLSc",12450,1854098,1000,"Alt.Mod","5",3,TRUE,31
"4636","Y=~y2",0.472424745269324,0.055764256812856,0.5,"MC-OrdPLSc",12450,1854098,1000,"Alt.Mod","5",3,TRUE,31
"4637","Y=~y3",0.389666314925502,0.0589254181614821,0.5,"MC-OrdPLSc",12450,1854098,1000,"Alt.Mod","5",3,TRUE,31
"4638","Y~X",0.462626613850081,0.0904862004459104,0.4,"MC-OrdPLSc",12450,1854098,1000,"Alt.Mod","5",3,TRUE,31
"4639","Y~Z",0.432645278560231,0.0914413501672514,0.5,"MC-OrdPLSc",12450,1854098,1000,"Alt.Mod","5",3,TRUE,31
"4640","Y~X:Z",0.244162935641741,0.128695670648253,0.3,"MC-OrdPLSc",12450,1854098,1000,"Alt.Mod","5",3,TRUE,31
"4641","X~~Z",0.320264318873106,0.0759656957000182,0.2,"MC-OrdPLSc",12450,1854098,1000,"Alt.Mod","5",3,TRUE,31
"4642","X=~x1",0.479060376804545,0.0669063670427081,0.5,"PLSc",12450,1854098,1000,"Alt.Mod","5",3,FALSE,7.25
"4643","X=~x2",0.473024511513293,0.0721356147402143,0.5,"PLSc",12450,1854098,1000,"Alt.Mod","5",3,FALSE,7.25
"4644","X=~x3",0.481747870689568,0.0658527630683411,0.5,"PLSc",12450,1854098,1000,"Alt.Mod","5",3,FALSE,7.25
"4645","Z=~z1",0.387430673083274,0.0663281416836995,0.5,"PLSc",12450,1854098,1000,"Alt.Mod","5",3,FALSE,7.25
"4646","Z=~z2",0.440234733289174,0.0673517401154426,0.5,"PLSc",12450,1854098,1000,"Alt.Mod","5",3,FALSE,7.25
"4647","Z=~z3",0.428651504484484,0.0684064337854106,0.5,"PLSc",12450,1854098,1000,"Alt.Mod","5",3,FALSE,7.25
"4648","Y=~y1",0.469616031626253,0.0512140314689636,0.5,"PLSc",12450,1854098,1000,"Alt.Mod","5",3,FALSE,7.25
"4649","Y=~y2",0.433144504708153,0.050832142636113,0.5,"PLSc",12450,1854098,1000,"Alt.Mod","5",3,FALSE,7.25
"4650","Y=~y3",0.329527727470761,0.0531524189581876,0.5,"PLSc",12450,1854098,1000,"Alt.Mod","5",3,FALSE,7.25
"4651","Y~X",0.602082226337598,3.84679143270627,0.4,"PLSc",12450,1854098,1000,"Alt.Mod","5",3,FALSE,7.25
"4652","Y~Z",0.289400795849287,4.5623983456598,0.5,"PLSc",12450,1854098,1000,"Alt.Mod","5",3,FALSE,7.25
"4653","Y~X:Z",0.724160473195249,10.8083893285952,0.3,"PLSc",12450,1854098,1000,"Alt.Mod","5",3,FALSE,7.25
"4654","X~~Z",0.32301700400905,0.069985924326351,0.2,"PLSc",12450,1854098,1000,"Alt.Mod","5",3,FALSE,7.25
"4655","X=~x1",0.679333246289502,0.0567077161802027,0.5,"PLS",12450,1854098,1000,"Alt.Mod","5",3,TRUE,2.17000000001281
"4656","X=~x2",0.70438501476604,0.0528042720481551,0.5,"PLS",12450,1854098,1000,"Alt.Mod","5",3,TRUE,2.17000000001281
"4657","X=~x3",0.706955934774348,0.0490988423703906,0.5,"PLS",12450,1854098,1000,"Alt.Mod","5",3,TRUE,2.17000000001281
"4658","Z=~z1",0.630071801279565,0.0688724632330358,0.5,"PLS",12450,1854098,1000,"Alt.Mod","5",3,TRUE,2.17000000001281
"4659","Z=~z2",0.696295459617872,0.0625008526212096,0.5,"PLS",12450,1854098,1000,"Alt.Mod","5",3,TRUE,2.17000000001281
"4660","Z=~z3",0.684204377812278,0.063958942122519,0.5,"PLS",12450,1854098,1000,"Alt.Mod","5",3,TRUE,2.17000000001281
"4661","Y=~y1",0.716519429110642,0.0483211769461375,0.5,"PLS",12450,1854098,1000,"Alt.Mod","5",3,TRUE,2.17000000001281
"4662","Y=~y2",0.687655621951227,0.0470756092871215,0.5,"PLS",12450,1854098,1000,"Alt.Mod","5",3,TRUE,2.17000000001281
"4663","Y=~y3",0.592351888818413,0.0527786350828736,0.5,"PLS",12450,1854098,1000,"Alt.Mod","5",3,TRUE,2.17000000001281
"4664","Y~X",0.226683961003469,0.0314757622904077,0.4,"PLS",12450,1854098,1000,"Alt.Mod","5",3,TRUE,2.17000000001281
"4665","Y~Z",0.193130503917423,0.0302648114961777,0.5,"PLS",12450,1854098,1000,"Alt.Mod","5",3,TRUE,2.17000000001281
"4666","Y~X:Z",0.0655444998120148,0.0341768595644043,0.3,"PLS",12450,1854098,1000,"Alt.Mod","5",3,TRUE,2.17000000001281
"4667","X~~Z",0.138519972369413,0.0298005166095844,0.2,"PLS",12450,1854098,1000,"Alt.Mod","5",3,TRUE,2.17000000001281
"4668","X=~x1",0.434,0.046,0.5,"Mplus",12450,1854098,1000,"Alt.Mod","5",3,TRUE,559.399999999994
"4669","X=~x2",0.535,0.05,0.5,"Mplus",12450,1854098,1000,"Alt.Mod","5",3,TRUE,559.399999999994
"4670","X=~x3",0.497,0.048,0.5,"Mplus",12450,1854098,1000,"Alt.Mod","5",3,TRUE,559.399999999994
"4671","Z=~z1",0.401,0.052,0.5,"Mplus",12450,1854098,1000,"Alt.Mod","5",3,TRUE,559.399999999994
"4672","Z=~z2",0.44,0.054,0.5,"Mplus",12450,1854098,1000,"Alt.Mod","5",3,TRUE,559.399999999994
"4673","Z=~z3",0.445,0.054,0.5,"Mplus",12450,1854098,1000,"Alt.Mod","5",3,TRUE,559.399999999994
"4674","Y=~y1",0.455,0.049,0.5,"Mplus",12450,1854098,1000,"Alt.Mod","5",3,TRUE,559.399999999994
"4675","Y=~y2",0.447,0.048,0.5,"Mplus",12450,1854098,1000,"Alt.Mod","5",3,TRUE,559.399999999994
"4676","Y=~y3",0.407,0.049,0.5,"Mplus",12450,1854098,1000,"Alt.Mod","5",3,TRUE,559.399999999994
"4677","Y~X",0.45,0.078,0.4,"Mplus",12450,1854098,1000,"Alt.Mod","5",3,TRUE,559.399999999994
"4678","Y~Z",0.449,0.083,0.5,"Mplus",12450,1854098,1000,"Alt.Mod","5",3,TRUE,559.399999999994
"4679","Y~X:Z",0.213,0.1,0.3,"Mplus",12450,1854098,1000,"Alt.Mod","5",3,TRUE,559.399999999994
"4680","X~~Z",0.286,0.073,0.2,"Mplus",12450,1854098,1000,"Alt.Mod","5",3,TRUE,559.399999999994
"4681","X=~x1",0.814687131493121,0.0554525065981009,0.8,"MC-OrdPLSc",12451,6031738,200,"Alt.Mod","7",2,TRUE,25
"4682","X=~x2",0.719812854572357,0.0670456341604122,0.8,"MC-OrdPLSc",12451,6031738,200,"Alt.Mod","7",2,TRUE,25
"4683","X=~x3",0.76242970046037,0.0581245951201209,0.8,"MC-OrdPLSc",12451,6031738,200,"Alt.Mod","7",2,TRUE,25
"4684","Z=~z1",0.792145000713297,0.0458258424765704,0.8,"MC-OrdPLSc",12451,6031738,200,"Alt.Mod","7",2,TRUE,25
"4685","Z=~z2",0.751078261042608,0.0557360732224503,0.8,"MC-OrdPLSc",12451,6031738,200,"Alt.Mod","7",2,TRUE,25
"4686","Z=~z3",0.843041176284276,0.0438505025495848,0.8,"MC-OrdPLSc",12451,6031738,200,"Alt.Mod","7",2,TRUE,25
"4687","Y=~y1",0.828103442463586,0.0402589438602415,0.8,"MC-OrdPLSc",12451,6031738,200,"Alt.Mod","7",2,TRUE,25
"4688","Y=~y2",0.808341887541605,0.0436010414837642,0.8,"MC-OrdPLSc",12451,6031738,200,"Alt.Mod","7",2,TRUE,25
"4689","Y=~y3",0.844841098731805,0.0443132038988607,0.8,"MC-OrdPLSc",12451,6031738,200,"Alt.Mod","7",2,TRUE,25
"4690","Y~X",0.339963464248056,0.072965075308765,0.4,"MC-OrdPLSc",12451,6031738,200,"Alt.Mod","7",2,TRUE,25
"4691","Y~Z",0.49696156145924,0.0801728426231805,0.5,"MC-OrdPLSc",12451,6031738,200,"Alt.Mod","7",2,TRUE,25
"4692","Y~X:Z",0.152762910143586,0.0962677296912804,0.3,"MC-OrdPLSc",12451,6031738,200,"Alt.Mod","7",2,TRUE,25
"4693","X~~Z",0.315824080383105,0.0883845777241559,0.2,"MC-OrdPLSc",12451,6031738,200,"Alt.Mod","7",2,TRUE,25
"4694","X=~x1",0.817099955173067,0.0919250534153325,0.8,"PLSc",12451,6031738,200,"Alt.Mod","7",2,TRUE,2.97000000000116
"4695","X=~x2",0.657362206448653,0.0995438737574864,0.8,"PLSc",12451,6031738,200,"Alt.Mod","7",2,TRUE,2.97000000000116
"4696","X=~x3",0.735090177993286,0.101395202666673,0.8,"PLSc",12451,6031738,200,"Alt.Mod","7",2,TRUE,2.97000000000116
"4697","Z=~z1",0.722684682068678,0.0735471549909306,0.8,"PLSc",12451,6031738,200,"Alt.Mod","7",2,TRUE,2.97000000000116
"4698","Z=~z2",0.756625441347166,0.0709498750556082,0.8,"PLSc",12451,6031738,200,"Alt.Mod","7",2,TRUE,2.97000000000116
"4699","Z=~z3",0.818762271464254,0.0666394169009985,0.8,"PLSc",12451,6031738,200,"Alt.Mod","7",2,TRUE,2.97000000000116
"4700","Y=~y1",0.819616154601916,0.0536415729027077,0.8,"PLSc",12451,6031738,200,"Alt.Mod","7",2,TRUE,2.97000000000116
"4701","Y=~y2",0.795094560480711,0.0547496907741849,0.8,"PLSc",12451,6031738,200,"Alt.Mod","7",2,TRUE,2.97000000000116
"4702","Y=~y3",0.754548038292846,0.0582893746856768,0.8,"PLSc",12451,6031738,200,"Alt.Mod","7",2,TRUE,2.97000000000116
"4703","Y~X",0.334158172570119,0.0743738827204026,0.4,"PLSc",12451,6031738,200,"Alt.Mod","7",2,TRUE,2.97000000000116
"4704","Y~Z",0.506593675164184,0.0800968514555532,0.5,"PLSc",12451,6031738,200,"Alt.Mod","7",2,TRUE,2.97000000000116
"4705","Y~X:Z",0.156822238531632,0.119432122584819,0.3,"PLSc",12451,6031738,200,"Alt.Mod","7",2,TRUE,2.97000000000116
"4706","X~~Z",0.312250679280162,0.0810379739316152,0.2,"PLSc",12451,6031738,200,"Alt.Mod","7",2,TRUE,2.97000000000116
"4707","X=~x1",0.861311441014355,0.0272465571811754,0.8,"PLS",12451,6031738,200,"Alt.Mod","7",2,TRUE,1.74000000001979
"4708","X=~x2",0.803178430031262,0.040825664478693,0.8,"PLS",12451,6031738,200,"Alt.Mod","7",2,TRUE,1.74000000001979
"4709","X=~x3",0.834859620325214,0.0347605066396923,0.8,"PLS",12451,6031738,200,"Alt.Mod","7",2,TRUE,1.74000000001979
"4710","Z=~z1",0.849680458598523,0.0260043229725462,0.8,"PLS",12451,6031738,200,"Alt.Mod","7",2,TRUE,1.74000000001979
"4711","Z=~z2",0.82944058834899,0.0306412107498221,0.8,"PLS",12451,6031738,200,"Alt.Mod","7",2,TRUE,1.74000000001979
"4712","Z=~z3",0.874051919288307,0.0208869765785078,0.8,"PLS",12451,6031738,200,"Alt.Mod","7",2,TRUE,1.74000000001979
"4713","Y=~y1",0.867653602335684,0.0190281032233655,0.8,"PLS",12451,6031738,200,"Alt.Mod","7",2,TRUE,1.74000000001979
"4714","Y=~y2",0.855458441984577,0.0229332576975724,0.8,"PLS",12451,6031738,200,"Alt.Mod","7",2,TRUE,1.74000000001979
"4715","Y=~y3",0.874547431007513,0.0224403532409765,0.8,"PLS",12451,6031738,200,"Alt.Mod","7",2,TRUE,1.74000000001979
"4716","Y~X",0.28769595934565,0.0533344795384766,0.4,"PLS",12451,6031738,200,"Alt.Mod","7",2,TRUE,1.74000000001979
"4717","Y~Z",0.421656682398368,0.0609632367740742,0.5,"PLS",12451,6031738,200,"Alt.Mod","7",2,TRUE,1.74000000001979
"4718","Y~X:Z",0.0970846209206247,0.0655998243637934,0.3,"PLS",12451,6031738,200,"Alt.Mod","7",2,TRUE,1.74000000001979
"4719","X~~Z",0.250268111417491,0.0663234631984911,0.2,"PLS",12451,6031738,200,"Alt.Mod","7",2,TRUE,1.74000000001979
"4720","X=~x1",0.815,0.046,0.8,"Mplus",12451,6031738,200,"Alt.Mod","7",2,TRUE,132.799999999988
"4721","X=~x2",0.742,0.051,0.8,"Mplus",12451,6031738,200,"Alt.Mod","7",2,TRUE,132.799999999988
"4722","X=~x3",0.744,0.05,0.8,"Mplus",12451,6031738,200,"Alt.Mod","7",2,TRUE,132.799999999988
"4723","Z=~z1",0.822,0.041,0.8,"Mplus",12451,6031738,200,"Alt.Mod","7",2,TRUE,132.799999999988
"4724","Z=~z2",0.756,0.046,0.8,"Mplus",12451,6031738,200,"Alt.Mod","7",2,TRUE,132.799999999988
"4725","Z=~z3",0.804,0.042,0.8,"Mplus",12451,6031738,200,"Alt.Mod","7",2,TRUE,132.799999999988
"4726","Y=~y1",0.818,0.038,0.8,"Mplus",12451,6031738,200,"Alt.Mod","7",2,TRUE,132.799999999988
"4727","Y=~y2",0.812,0.039,0.8,"Mplus",12451,6031738,200,"Alt.Mod","7",2,TRUE,132.799999999988
"4728","Y=~y3",0.848,0.036,0.8,"Mplus",12451,6031738,200,"Alt.Mod","7",2,TRUE,132.799999999988
"4729","Y~X",0.318,0.072,0.4,"Mplus",12451,6031738,200,"Alt.Mod","7",2,TRUE,132.799999999988
"4730","Y~Z",0.518,0.066,0.5,"Mplus",12451,6031738,200,"Alt.Mod","7",2,TRUE,132.799999999988
"4731","Y~X:Z",0.193,0.072,0.3,"Mplus",12451,6031738,200,"Alt.Mod","7",2,TRUE,132.799999999988
"4732","X~~Z",0.308,0.081,0.2,"Mplus",12451,6031738,200,"Alt.Mod","7",2,TRUE,132.799999999988
"4733","X=~x1",0.415587849002942,0.286754267030759,0.5,"MC-OrdPLSc",12452,2637946,200,"Alt.Mod","7",3,TRUE,32.3000000000175
"4734","X=~x2",0.5099343672144,0.338027989427484,0.5,"MC-OrdPLSc",12452,2637946,200,"Alt.Mod","7",3,TRUE,32.3000000000175
"4735","X=~x3",0.443608420353558,0.32887694923188,0.5,"MC-OrdPLSc",12452,2637946,200,"Alt.Mod","7",3,TRUE,32.3000000000175
"4736","Z=~z1",0.497396848202328,0.235198814654517,0.5,"MC-OrdPLSc",12452,2637946,200,"Alt.Mod","7",3,TRUE,32.3000000000175
"4737","Z=~z2",0.415656614111039,0.194825698499045,0.5,"MC-OrdPLSc",12452,2637946,200,"Alt.Mod","7",3,TRUE,32.3000000000175
"4738","Z=~z3",0.595921530376665,0.271344546645049,0.5,"MC-OrdPLSc",12452,2637946,200,"Alt.Mod","7",3,TRUE,32.3000000000175
"4739","Y=~y1",0.40409359346616,0.219528550923001,0.5,"MC-OrdPLSc",12452,2637946,200,"Alt.Mod","7",3,TRUE,32.3000000000175
"4740","Y=~y2",0.481576373683178,0.183420405346518,0.5,"MC-OrdPLSc",12452,2637946,200,"Alt.Mod","7",3,TRUE,32.3000000000175
"4741","Y=~y3",0.513273749633363,0.20309974680533,0.5,"MC-OrdPLSc",12452,2637946,200,"Alt.Mod","7",3,TRUE,32.3000000000175
"4742","Y~X",0.389637929749896,0.246600204357183,0.4,"MC-OrdPLSc",12452,2637946,200,"Alt.Mod","7",3,TRUE,32.3000000000175
"4743","Y~Z",0.415686437976176,0.185153579522591,0.5,"MC-OrdPLSc",12452,2637946,200,"Alt.Mod","7",3,TRUE,32.3000000000175
"4744","Y~X:Z",0.481616539716571,0.320718431864464,0.3,"MC-OrdPLSc",12452,2637946,200,"Alt.Mod","7",3,TRUE,32.3000000000175
"4745","X~~Z",0.245921510362538,0.201370235828825,0.2,"MC-OrdPLSc",12452,2637946,200,"Alt.Mod","7",3,TRUE,32.3000000000175
"4746","X=~x1",0.428434226952578,0.232402060809949,0.5,"PLSc",12452,2637946,200,"Alt.Mod","7",3,TRUE,5.02999999999884
"4747","X=~x2",0.498876978168284,0.275763648004005,0.5,"PLSc",12452,2637946,200,"Alt.Mod","7",3,TRUE,5.02999999999884
"4748","X=~x3",0.373687074139714,0.231354359541933,0.5,"PLSc",12452,2637946,200,"Alt.Mod","7",3,TRUE,5.02999999999884
"4749","Z=~z1",0.454228683712309,0.179510794477564,0.5,"PLSc",12452,2637946,200,"Alt.Mod","7",3,TRUE,5.02999999999884
"4750","Z=~z2",0.397255691663887,0.191261486479787,0.5,"PLSc",12452,2637946,200,"Alt.Mod","7",3,TRUE,5.02999999999884
"4751","Z=~z3",0.595757476204945,0.165632548878776,0.5,"PLSc",12452,2637946,200,"Alt.Mod","7",3,TRUE,5.02999999999884
"4752","Y=~y1",0.373888776344079,0.188736676117177,0.5,"PLSc",12452,2637946,200,"Alt.Mod","7",3,TRUE,5.02999999999884
"4753","Y=~y2",0.450246801887682,0.165785897216629,0.5,"PLSc",12452,2637946,200,"Alt.Mod","7",3,TRUE,5.02999999999884
"4754","Y=~y3",0.464898784275872,0.136078574730416,0.5,"PLSc",12452,2637946,200,"Alt.Mod","7",3,TRUE,5.02999999999884
"4755","Y~X",0.402141745109349,1.94311317803579,0.4,"PLSc",12452,2637946,200,"Alt.Mod","7",3,TRUE,5.02999999999884
"4756","Y~Z",0.379176303376754,2.80451176541172,0.5,"PLSc",12452,2637946,200,"Alt.Mod","7",3,TRUE,5.02999999999884
"4757","Y~X:Z",0.477188264214763,4.41335929816907,0.3,"PLSc",12452,2637946,200,"Alt.Mod","7",3,TRUE,5.02999999999884
"4758","X~~Z",0.245438796274846,0.1977551175734,0.2,"PLSc",12452,2637946,200,"Alt.Mod","7",3,TRUE,5.02999999999884
"4759","X=~x1",0.630203740538157,0.254747622399647,0.5,"PLS",12452,2637946,200,"Alt.Mod","7",3,TRUE,3.94999999998254
"4760","X=~x2",0.733065572240455,0.26553816643375,0.5,"PLS",12452,2637946,200,"Alt.Mod","7",3,TRUE,3.94999999998254
"4761","X=~x3",0.668603081850593,0.231056753011458,0.5,"PLS",12452,2637946,200,"Alt.Mod","7",3,TRUE,3.94999999998254
"4762","Z=~z1",0.697904253033171,0.154395072703719,0.5,"PLS",12452,2637946,200,"Alt.Mod","7",3,TRUE,3.94999999998254
"4763","Z=~z2",0.60536648289956,0.188194646801287,0.5,"PLS",12452,2637946,200,"Alt.Mod","7",3,TRUE,3.94999999998254
"4764","Z=~z3",0.778197737802586,0.139194203788718,0.5,"PLS",12452,2637946,200,"Alt.Mod","7",3,TRUE,3.94999999998254
"4765","Y=~y1",0.607683314784203,0.210074721279077,0.5,"PLS",12452,2637946,200,"Alt.Mod","7",3,TRUE,3.94999999998254
"4766","Y=~y2",0.692263367683244,0.170001393384291,0.5,"PLS",12452,2637946,200,"Alt.Mod","7",3,TRUE,3.94999999998254
"4767","Y=~y3",0.720201908824335,0.135067084943645,0.5,"PLS",12452,2637946,200,"Alt.Mod","7",3,TRUE,3.94999999998254
"4768","Y~X",0.177072399005918,0.0671127662717442,0.4,"PLS",12452,2637946,200,"Alt.Mod","7",3,TRUE,3.94999999998254
"4769","Y~Z",0.204821006651969,0.0633075743210939,0.5,"PLS",12452,2637946,200,"Alt.Mod","7",3,TRUE,3.94999999998254
"4770","Y~X:Z",0.144940623932106,0.0738089847185803,0.3,"PLS",12452,2637946,200,"Alt.Mod","7",3,TRUE,3.94999999998254
"4771","X~~Z",0.111653857650577,0.083104333943563,0.2,"PLS",12452,2637946,200,"Alt.Mod","7",3,TRUE,3.94999999998254
"4772","X=~x1",0.402,0.083,0.5,"Mplus",12452,2637946,200,"Alt.Mod","7",3,TRUE,156.630000000005
"4773","X=~x2",0.412,0.108,0.5,"Mplus",12452,2637946,200,"Alt.Mod","7",3,TRUE,156.630000000005
"4774","X=~x3",0.422,0.103,0.5,"Mplus",12452,2637946,200,"Alt.Mod","7",3,TRUE,156.630000000005
"4775","Z=~z1",0.473,0.081,0.5,"Mplus",12452,2637946,200,"Alt.Mod","7",3,TRUE,156.630000000005
"4776","Z=~z2",0.484,0.118,0.5,"Mplus",12452,2637946,200,"Alt.Mod","7",3,TRUE,156.630000000005
"4777","Z=~z3",0.408,0.109,0.5,"Mplus",12452,2637946,200,"Alt.Mod","7",3,TRUE,156.630000000005
"4778","Y=~y1",0.414,0.076,0.5,"Mplus",12452,2637946,200,"Alt.Mod","7",3,TRUE,156.630000000005
"4779","Y=~y2",0.405,0.092,0.5,"Mplus",12452,2637946,200,"Alt.Mod","7",3,TRUE,156.630000000005
"4780","Y=~y3",0.657,0.103,0.5,"Mplus",12452,2637946,200,"Alt.Mod","7",3,TRUE,156.630000000005
"4781","Y~X",0.465,0.098,0.4,"Mplus",12452,2637946,200,"Alt.Mod","7",3,TRUE,156.630000000005
"4782","Y~Z",0.426,0.11,0.5,"Mplus",12452,2637946,200,"Alt.Mod","7",3,TRUE,156.630000000005
"4783","Y~X:Z",0.707,0.07,0.3,"Mplus",12452,2637946,200,"Alt.Mod","7",3,TRUE,156.630000000005
"4784","X~~Z",0.204,0.147,0.2,"Mplus",12452,2637946,200,"Alt.Mod","7",3,TRUE,156.630000000005
"4785","X=~x1",0.79984342234086,0.0287999834572358,0.8,"MC-OrdPLSc",12453,3309171,500,"Alt.Mod","7",2,TRUE,28.4199999999837
"4786","X=~x2",0.794034695704981,0.0311507531522471,0.8,"MC-OrdPLSc",12453,3309171,500,"Alt.Mod","7",2,TRUE,28.4199999999837
"4787","X=~x3",0.82513192033728,0.0260019259579994,0.8,"MC-OrdPLSc",12453,3309171,500,"Alt.Mod","7",2,TRUE,28.4199999999837
"4788","Z=~z1",0.76429688689542,0.0318281969709083,0.8,"MC-OrdPLSc",12453,3309171,500,"Alt.Mod","7",2,TRUE,28.4199999999837
"4789","Z=~z2",0.821382027285861,0.0218461255676955,0.8,"MC-OrdPLSc",12453,3309171,500,"Alt.Mod","7",2,TRUE,28.4199999999837
"4790","Z=~z3",0.833207150522813,0.0260154824035647,0.8,"MC-OrdPLSc",12453,3309171,500,"Alt.Mod","7",2,TRUE,28.4199999999837
"4791","Y=~y1",0.842284950012654,0.0251608287060457,0.8,"MC-OrdPLSc",12453,3309171,500,"Alt.Mod","7",2,TRUE,28.4199999999837
"4792","Y=~y2",0.797621445664747,0.0245866138138205,0.8,"MC-OrdPLSc",12453,3309171,500,"Alt.Mod","7",2,TRUE,28.4199999999837
"4793","Y=~y3",0.847638337452472,0.0241258054379345,0.8,"MC-OrdPLSc",12453,3309171,500,"Alt.Mod","7",2,TRUE,28.4199999999837
"4794","Y~X",0.414319912128297,0.0432638424515907,0.4,"MC-OrdPLSc",12453,3309171,500,"Alt.Mod","7",2,TRUE,28.4199999999837
"4795","Y~Z",0.500594322724321,0.0451930503096321,0.5,"MC-OrdPLSc",12453,3309171,500,"Alt.Mod","7",2,TRUE,28.4199999999837
"4796","Y~X:Z",0.303472392661573,0.0516009045075479,0.3,"MC-OrdPLSc",12453,3309171,500,"Alt.Mod","7",2,TRUE,28.4199999999837
"4797","X~~Z",0.236795497780511,0.0535343843453451,0.2,"MC-OrdPLSc",12453,3309171,500,"Alt.Mod","7",2,TRUE,28.4199999999837
"4798","X=~x1",0.741797450824573,0.0471032008613036,0.8,"PLSc",12453,3309171,500,"Alt.Mod","7",2,TRUE,4.42000000001281
"4799","X=~x2",0.803632719114611,0.0499297778098431,0.8,"PLSc",12453,3309171,500,"Alt.Mod","7",2,TRUE,4.42000000001281
"4800","X=~x3",0.79629257930039,0.0434761132572833,0.8,"PLSc",12453,3309171,500,"Alt.Mod","7",2,TRUE,4.42000000001281
"4801","Z=~z1",0.724976902798246,0.0455903452635372,0.8,"PLSc",12453,3309171,500,"Alt.Mod","7",2,TRUE,4.42000000001281
"4802","Z=~z2",0.819160329319747,0.0405643230719859,0.8,"PLSc",12453,3309171,500,"Alt.Mod","7",2,TRUE,4.42000000001281
"4803","Z=~z3",0.795177626454861,0.0412115941062189,0.8,"PLSc",12453,3309171,500,"Alt.Mod","7",2,TRUE,4.42000000001281
"4804","Y=~y1",0.803001504981508,0.0323748197425838,0.8,"PLSc",12453,3309171,500,"Alt.Mod","7",2,TRUE,4.42000000001281
"4805","Y=~y2",0.749489349073519,0.0382584530472625,0.8,"PLSc",12453,3309171,500,"Alt.Mod","7",2,TRUE,4.42000000001281
"4806","Y=~y3",0.808310840511545,0.0319163736745644,0.8,"PLSc",12453,3309171,500,"Alt.Mod","7",2,TRUE,4.42000000001281
"4807","Y~X",0.401575033122327,0.0488677577004966,0.4,"PLSc",12453,3309171,500,"Alt.Mod","7",2,TRUE,4.42000000001281
"4808","Y~Z",0.518347055179202,0.0473269396434192,0.5,"PLSc",12453,3309171,500,"Alt.Mod","7",2,TRUE,4.42000000001281
"4809","Y~X:Z",0.301624032140953,0.0583255517205332,0.3,"PLSc",12453,3309171,500,"Alt.Mod","7",2,TRUE,4.42000000001281
"4810","X~~Z",0.233583194910217,0.0509121810117878,0.2,"PLSc",12453,3309171,500,"Alt.Mod","7",2,TRUE,4.42000000001281
"4811","X=~x1",0.85747146387745,0.0163416594304366,0.8,"PLS",12453,3309171,500,"Alt.Mod","7",2,TRUE,1.66000000000349
"4812","X=~x2",0.853102847809142,0.0173708779829316,0.8,"PLS",12453,3309171,500,"Alt.Mod","7",2,TRUE,1.66000000000349
"4813","X=~x3",0.869951270268958,0.0146779712884591,0.8,"PLS",12453,3309171,500,"Alt.Mod","7",2,TRUE,1.66000000000349
"4814","Z=~z1",0.836998568834242,0.0181054853901309,0.8,"PLS",12453,3309171,500,"Alt.Mod","7",2,TRUE,1.66000000000349
"4815","Z=~z2",0.868808366939424,0.0121421482006415,0.8,"PLS",12453,3309171,500,"Alt.Mod","7",2,TRUE,1.66000000000349
"4816","Z=~z3",0.871948659826561,0.0128044087827173,0.8,"PLS",12453,3309171,500,"Alt.Mod","7",2,TRUE,1.66000000000349
"4817","Y=~y1",0.871533005132856,0.0121580277099464,0.8,"PLS",12453,3309171,500,"Alt.Mod","7",2,TRUE,1.66000000000349
"4818","Y=~y2",0.846641144716104,0.0162610658595,0.8,"PLS",12453,3309171,500,"Alt.Mod","7",2,TRUE,1.66000000000349
"4819","Y=~y3",0.87275191516842,0.0112295916469432,0.8,"PLS",12453,3309171,500,"Alt.Mod","7",2,TRUE,1.66000000000349
"4820","Y~X",0.350278921657759,0.0379790980969988,0.4,"PLS",12453,3309171,500,"Alt.Mod","7",2,TRUE,1.66000000000349
"4821","Y~Z",0.427764705843102,0.0380634174272207,0.5,"PLS",12453,3309171,500,"Alt.Mod","7",2,TRUE,1.66000000000349
"4822","Y~X:Z",0.211875718622829,0.0403225437738451,0.3,"PLS",12453,3309171,500,"Alt.Mod","7",2,TRUE,1.66000000000349
"4823","X~~Z",0.192925467814552,0.0425046136682913,0.2,"PLS",12453,3309171,500,"Alt.Mod","7",2,TRUE,1.66000000000349
"4824","X=~x1",0.821,0.025,0.8,"Mplus",12453,3309171,500,"Alt.Mod","7",2,TRUE,306.25999999998
"4825","X=~x2",0.769,0.027,0.8,"Mplus",12453,3309171,500,"Alt.Mod","7",2,TRUE,306.25999999998
"4826","X=~x3",0.83,0.024,0.8,"Mplus",12453,3309171,500,"Alt.Mod","7",2,TRUE,306.25999999998
"4827","Z=~z1",0.763,0.028,0.8,"Mplus",12453,3309171,500,"Alt.Mod","7",2,TRUE,306.25999999998
"4828","Z=~z2",0.802,0.027,0.8,"Mplus",12453,3309171,500,"Alt.Mod","7",2,TRUE,306.25999999998
"4829","Z=~z3",0.816,0.026,0.8,"Mplus",12453,3309171,500,"Alt.Mod","7",2,TRUE,306.25999999998
"4830","Y=~y1",0.841,0.023,0.8,"Mplus",12453,3309171,500,"Alt.Mod","7",2,TRUE,306.25999999998
"4831","Y=~y2",0.806,0.025,0.8,"Mplus",12453,3309171,500,"Alt.Mod","7",2,TRUE,306.25999999998
"4832","Y=~y3",0.841,0.023,0.8,"Mplus",12453,3309171,500,"Alt.Mod","7",2,TRUE,306.25999999998
"4833","Y~X",0.399,0.041,0.4,"Mplus",12453,3309171,500,"Alt.Mod","7",2,TRUE,306.25999999998
"4834","Y~Z",0.517,0.038,0.5,"Mplus",12453,3309171,500,"Alt.Mod","7",2,TRUE,306.25999999998
"4835","Y~X:Z",0.334,0.044,0.3,"Mplus",12453,3309171,500,"Alt.Mod","7",2,TRUE,306.25999999998
"4836","X~~Z",0.241,0.051,0.2,"Mplus",12453,3309171,500,"Alt.Mod","7",2,TRUE,306.25999999998
"4837","X=~x1",0.41947266722711,0.0708482804466283,0.5,"MC-OrdPLSc",12454,4721890,500,"Alt.Mod","7",3,TRUE,32.3299999999872
"4838","X=~x2",0.592144468935056,0.0896864474648913,0.5,"MC-OrdPLSc",12454,4721890,500,"Alt.Mod","7",3,TRUE,32.3299999999872
"4839","X=~x3",0.453612043735587,0.0710554137633677,0.5,"MC-OrdPLSc",12454,4721890,500,"Alt.Mod","7",3,TRUE,32.3299999999872
"4840","Z=~z1",0.500226349788786,0.0775706353598709,0.5,"MC-OrdPLSc",12454,4721890,500,"Alt.Mod","7",3,TRUE,32.3299999999872
"4841","Z=~z2",0.465881839641988,0.0780865180659835,0.5,"MC-OrdPLSc",12454,4721890,500,"Alt.Mod","7",3,TRUE,32.3299999999872
"4842","Z=~z3",0.406044084679571,0.0844177940107382,0.5,"MC-OrdPLSc",12454,4721890,500,"Alt.Mod","7",3,TRUE,32.3299999999872
"4843","Y=~y1",0.517713433945129,0.0745153136723376,0.5,"MC-OrdPLSc",12454,4721890,500,"Alt.Mod","7",3,TRUE,32.3299999999872
"4844","Y=~y2",0.444641679677586,0.071276558259532,0.5,"MC-OrdPLSc",12454,4721890,500,"Alt.Mod","7",3,TRUE,32.3299999999872
"4845","Y=~y3",0.453441976458653,0.0634336982737548,0.5,"MC-OrdPLSc",12454,4721890,500,"Alt.Mod","7",3,TRUE,32.3299999999872
"4846","Y~X",0.522343879208652,0.103669588637862,0.4,"MC-OrdPLSc",12454,4721890,500,"Alt.Mod","7",3,TRUE,32.3299999999872
"4847","Y~Z",0.518564578726755,0.109038072570644,0.5,"MC-OrdPLSc",12454,4721890,500,"Alt.Mod","7",3,TRUE,32.3299999999872
"4848","Y~X:Z",0.212276492434747,0.119478534131874,0.3,"MC-OrdPLSc",12454,4721890,500,"Alt.Mod","7",3,TRUE,32.3299999999872
"4849","X~~Z",0.233142313644441,0.114646467692182,0.2,"MC-OrdPLSc",12454,4721890,500,"Alt.Mod","7",3,TRUE,32.3299999999872
"4850","X=~x1",0.358832968255957,0.0813635138907576,0.5,"PLSc",12454,4721890,500,"Alt.Mod","7",3,TRUE,4.76000000000931
"4851","X=~x2",0.601523921354169,0.0766938406082024,0.5,"PLSc",12454,4721890,500,"Alt.Mod","7",3,TRUE,4.76000000000931
"4852","X=~x3",0.438189232494618,0.0780588303683649,0.5,"PLSc",12454,4721890,500,"Alt.Mod","7",3,TRUE,4.76000000000931
"4853","Z=~z1",0.514549946940992,0.0771033853678219,0.5,"PLSc",12454,4721890,500,"Alt.Mod","7",3,TRUE,4.76000000000931
"4854","Z=~z2",0.408680504267165,0.0852307803088038,0.5,"PLSc",12454,4721890,500,"Alt.Mod","7",3,TRUE,4.76000000000931
"4855","Z=~z3",0.382054708808625,0.0793462675322384,0.5,"PLSc",12454,4721890,500,"Alt.Mod","7",3,TRUE,4.76000000000931
"4856","Y=~y1",0.478004609255186,0.0636617909588096,0.5,"PLSc",12454,4721890,500,"Alt.Mod","7",3,TRUE,4.76000000000931
"4857","Y=~y2",0.401818798345714,0.0684205129895675,0.5,"PLSc",12454,4721890,500,"Alt.Mod","7",3,TRUE,4.76000000000931
"4858","Y=~y3",0.448005853044484,0.0673657649735697,0.5,"PLSc",12454,4721890,500,"Alt.Mod","7",3,TRUE,4.76000000000931
"4859","Y~X",0.504335492977861,6.65480514650433,0.4,"PLSc",12454,4721890,500,"Alt.Mod","7",3,TRUE,4.76000000000931
"4860","Y~Z",0.519363224724844,10.0993118689559,0.5,"PLSc",12454,4721890,500,"Alt.Mod","7",3,TRUE,4.76000000000931
"4861","Y~X:Z",0.145549090395212,31.1017139808574,0.3,"PLSc",12454,4721890,500,"Alt.Mod","7",3,TRUE,4.76000000000931
"4862","X~~Z",0.228728266668002,0.0991919865402423,0.2,"PLSc",12454,4721890,500,"Alt.Mod","7",3,TRUE,4.76000000000931
"4863","X=~x1",0.621299406361353,0.0690303225059844,0.5,"PLS",12454,4721890,500,"Alt.Mod","7",3,TRUE,2.33999999999651
"4864","X=~x2",0.781988475428125,0.0552504102419051,0.5,"PLS",12454,4721890,500,"Alt.Mod","7",3,TRUE,2.33999999999651
"4865","X=~x3",0.658615916358642,0.0724113062916688,0.5,"PLS",12454,4721890,500,"Alt.Mod","7",3,TRUE,2.33999999999651
"4866","Z=~z1",0.723917334612136,0.0691365749453086,0.5,"PLS",12454,4721890,500,"Alt.Mod","7",3,TRUE,2.33999999999651
"4867","Z=~z2",0.688591258964768,0.0722168585125165,0.5,"PLS",12454,4721890,500,"Alt.Mod","7",3,TRUE,2.33999999999651
"4868","Z=~z3",0.618163990182696,0.0774232566788571,0.5,"PLS",12454,4721890,500,"Alt.Mod","7",3,TRUE,2.33999999999651
"4869","Y=~y1",0.728375358165553,0.0498858607704907,0.5,"PLS",12454,4721890,500,"Alt.Mod","7",3,TRUE,2.33999999999651
"4870","Y=~y2",0.647414155338595,0.0643656498958833,0.5,"PLS",12454,4721890,500,"Alt.Mod","7",3,TRUE,2.33999999999651
"4871","Y=~y3",0.664643767541773,0.0649136860636414,0.5,"PLS",12454,4721890,500,"Alt.Mod","7",3,TRUE,2.33999999999651
"4872","Y~X",0.263514127643852,0.0412578487126637,0.4,"PLS",12454,4721890,500,"Alt.Mod","7",3,TRUE,2.33999999999651
"4873","Y~Z",0.244454698496748,0.041797398630269,0.5,"PLS",12454,4721890,500,"Alt.Mod","7",3,TRUE,2.33999999999651
"4874","Y~X:Z",0.0589523378846187,0.0403503894444735,0.3,"PLS",12454,4721890,500,"Alt.Mod","7",3,TRUE,2.33999999999651
"4875","X~~Z",0.103209213591039,0.0442004171854745,0.2,"PLS",12454,4721890,500,"Alt.Mod","7",3,TRUE,2.33999999999651
"4876","X=~x1",0.476,0.066,0.5,"Mplus",12454,4721890,500,"Alt.Mod","7",3,TRUE,319.790000000008
"4877","X=~x2",0.503,0.065,0.5,"Mplus",12454,4721890,500,"Alt.Mod","7",3,TRUE,319.790000000008
"4878","X=~x3",0.463,0.063,0.5,"Mplus",12454,4721890,500,"Alt.Mod","7",3,TRUE,319.790000000008
"4879","Z=~z1",0.401,0.067,0.5,"Mplus",12454,4721890,500,"Alt.Mod","7",3,TRUE,319.790000000008
"4880","Z=~z2",0.515,0.069,0.5,"Mplus",12454,4721890,500,"Alt.Mod","7",3,TRUE,319.790000000008
"4881","Z=~z3",0.43,0.066,0.5,"Mplus",12454,4721890,500,"Alt.Mod","7",3,TRUE,319.790000000008
"4882","Y=~y1",0.508,0.063,0.5,"Mplus",12454,4721890,500,"Alt.Mod","7",3,TRUE,319.790000000008
"4883","Y=~y2",0.452,0.06,0.5,"Mplus",12454,4721890,500,"Alt.Mod","7",3,TRUE,319.790000000008
"4884","Y=~y3",0.41,0.059,0.5,"Mplus",12454,4721890,500,"Alt.Mod","7",3,TRUE,319.790000000008
"4885","Y~X",0.522,0.1,0.4,"Mplus",12454,4721890,500,"Alt.Mod","7",3,TRUE,319.790000000008
"4886","Y~Z",0.492,0.103,0.5,"Mplus",12454,4721890,500,"Alt.Mod","7",3,TRUE,319.790000000008
"4887","Y~X:Z",0.323,0.126,0.3,"Mplus",12454,4721890,500,"Alt.Mod","7",3,TRUE,319.790000000008
"4888","X~~Z",0.234,0.095,0.2,"Mplus",12454,4721890,500,"Alt.Mod","7",3,TRUE,319.790000000008
"4889","X=~x1",0.79038477099204,0.0234553317338138,0.8,"MC-OrdPLSc",12455,508861,1000,"Alt.Mod","7",2,TRUE,32.5899999999965
"4890","X=~x2",0.799968439638182,0.0260365146389933,0.8,"MC-OrdPLSc",12455,508861,1000,"Alt.Mod","7",2,TRUE,32.5899999999965
"4891","X=~x3",0.791257535402502,0.0237601398831913,0.8,"MC-OrdPLSc",12455,508861,1000,"Alt.Mod","7",2,TRUE,32.5899999999965
"4892","Z=~z1",0.802261745603296,0.0206131728358435,0.8,"MC-OrdPLSc",12455,508861,1000,"Alt.Mod","7",2,TRUE,32.5899999999965
"4893","Z=~z2",0.837285611932191,0.0210401729876916,0.8,"MC-OrdPLSc",12455,508861,1000,"Alt.Mod","7",2,TRUE,32.5899999999965
"4894","Z=~z3",0.789016089723772,0.0216728923846035,0.8,"MC-OrdPLSc",12455,508861,1000,"Alt.Mod","7",2,TRUE,32.5899999999965
"4895","Y=~y1",0.774468570231451,0.0199754716309455,0.8,"MC-OrdPLSc",12455,508861,1000,"Alt.Mod","7",2,TRUE,32.5899999999965
"4896","Y=~y2",0.80961272392306,0.019085100715796,0.8,"MC-OrdPLSc",12455,508861,1000,"Alt.Mod","7",2,TRUE,32.5899999999965
"4897","Y=~y3",0.810886407401162,0.0209667233199765,0.8,"MC-OrdPLSc",12455,508861,1000,"Alt.Mod","7",2,TRUE,32.5899999999965
"4898","Y~X",0.394001338402632,0.0309082596519356,0.4,"MC-OrdPLSc",12455,508861,1000,"Alt.Mod","7",2,TRUE,32.5899999999965
"4899","Y~Z",0.469280980472957,0.0318995036666564,0.5,"MC-OrdPLSc",12455,508861,1000,"Alt.Mod","7",2,TRUE,32.5899999999965
"4900","Y~X:Z",0.29378858270796,0.0372129735178495,0.3,"MC-OrdPLSc",12455,508861,1000,"Alt.Mod","7",2,TRUE,32.5899999999965
"4901","X~~Z",0.220473413557344,0.0411953953607524,0.2,"MC-OrdPLSc",12455,508861,1000,"Alt.Mod","7",2,TRUE,32.5899999999965
"4902","X=~x1",0.777817949293684,0.0364462396431481,0.8,"PLSc",12455,508861,1000,"Alt.Mod","7",2,TRUE,6.47000000000116
"4903","X=~x2",0.746169682392932,0.0382718527219301,0.8,"PLSc",12455,508861,1000,"Alt.Mod","7",2,TRUE,6.47000000000116
"4904","X=~x3",0.780208488085525,0.0403268331408773,0.8,"PLSc",12455,508861,1000,"Alt.Mod","7",2,TRUE,6.47000000000116
"4905","Z=~z1",0.744720896036662,0.0345432830634921,0.8,"PLSc",12455,508861,1000,"Alt.Mod","7",2,TRUE,6.47000000000116
"4906","Z=~z2",0.851258580590766,0.0334122720688369,0.8,"PLSc",12455,508861,1000,"Alt.Mod","7",2,TRUE,6.47000000000116
"4907","Z=~z3",0.754109948204767,0.0338431075527809,0.8,"PLSc",12455,508861,1000,"Alt.Mod","7",2,TRUE,6.47000000000116
"4908","Y=~y1",0.729533598345731,0.0287663136632565,0.8,"PLSc",12455,508861,1000,"Alt.Mod","7",2,TRUE,6.47000000000116
"4909","Y=~y2",0.797375836611066,0.0267641349999917,0.8,"PLSc",12455,508861,1000,"Alt.Mod","7",2,TRUE,6.47000000000116
"4910","Y=~y3",0.738529912289255,0.0293505455427139,0.8,"PLSc",12455,508861,1000,"Alt.Mod","7",2,TRUE,6.47000000000116
"4911","Y~X",0.390521165908605,0.0368302002796206,0.4,"PLSc",12455,508861,1000,"Alt.Mod","7",2,TRUE,6.47000000000116
"4912","Y~Z",0.477860637097941,0.0365691302730994,0.5,"PLSc",12455,508861,1000,"Alt.Mod","7",2,TRUE,6.47000000000116
"4913","Y~X:Z",0.27193348874886,0.0361254364633615,0.3,"PLSc",12455,508861,1000,"Alt.Mod","7",2,TRUE,6.47000000000116
"4914","X~~Z",0.216312179808621,0.0387979080724782,0.2,"PLSc",12455,508861,1000,"Alt.Mod","7",2,TRUE,6.47000000000116
"4915","X=~x1",0.850036450503752,0.0115778611014321,0.8,"PLS",12455,508861,1000,"Alt.Mod","7",2,TRUE,1.72000000000116
"4916","X=~x2",0.855576174118322,0.0126193042256035,0.8,"PLS",12455,508861,1000,"Alt.Mod","7",2,TRUE,1.72000000000116
"4917","X=~x3",0.85201501115042,0.0128935782630804,0.8,"PLS",12455,508861,1000,"Alt.Mod","7",2,TRUE,1.72000000000116
"4918","Z=~z1",0.858561661728458,0.0103608883044394,0.8,"PLS",12455,508861,1000,"Alt.Mod","7",2,TRUE,1.72000000000116
"4919","Z=~z2",0.875153032133244,0.00973754222788773,0.8,"PLS",12455,508861,1000,"Alt.Mod","7",2,TRUE,1.72000000000116
"4920","Z=~z3",0.851502806149548,0.0108834334097632,0.8,"PLS",12455,508861,1000,"Alt.Mod","7",2,TRUE,1.72000000000116
"4921","Y=~y1",0.830909701519681,0.0123380259685364,0.8,"PLS",12455,508861,1000,"Alt.Mod","7",2,TRUE,1.72000000000116
"4922","Y=~y2",0.851669386916348,0.00989299105325268,0.8,"PLS",12455,508861,1000,"Alt.Mod","7",2,TRUE,1.72000000000116
"4923","Y=~y3",0.851664353045515,0.0113507780011926,0.8,"PLS",12455,508861,1000,"Alt.Mod","7",2,TRUE,1.72000000000116
"4924","Y~X",0.320367409928436,0.0275519161462396,0.4,"PLS",12455,508861,1000,"Alt.Mod","7",2,TRUE,1.72000000000116
"4925","Y~Z",0.389503974014237,0.0285805939215738,0.5,"PLS",12455,508861,1000,"Alt.Mod","7",2,TRUE,1.72000000000116
"4926","Y~X:Z",0.198419752172009,0.0267920757032277,0.3,"PLS",12455,508861,1000,"Alt.Mod","7",2,TRUE,1.72000000000116
"4927","X~~Z",0.177787732898111,0.0323934931409551,0.2,"PLS",12455,508861,1000,"Alt.Mod","7",2,TRUE,1.72000000000116
"4928","X=~x1",0.772,0.02,0.8,"Mplus",12455,508861,1000,"Alt.Mod","7",2,TRUE,433.360000000015
"4929","X=~x2",0.8,0.019,0.8,"Mplus",12455,508861,1000,"Alt.Mod","7",2,TRUE,433.360000000015
"4930","X=~x3",0.792,0.02,0.8,"Mplus",12455,508861,1000,"Alt.Mod","7",2,TRUE,433.360000000015
"4931","Z=~z1",0.802,0.018,0.8,"Mplus",12455,508861,1000,"Alt.Mod","7",2,TRUE,433.360000000015
"4932","Z=~z2",0.821,0.018,0.8,"Mplus",12455,508861,1000,"Alt.Mod","7",2,TRUE,433.360000000015
"4933","Z=~z3",0.786,0.019,0.8,"Mplus",12455,508861,1000,"Alt.Mod","7",2,TRUE,433.360000000015
"4934","Y=~y1",0.786,0.02,0.8,"Mplus",12455,508861,1000,"Alt.Mod","7",2,TRUE,433.360000000015
"4935","Y=~y2",0.811,0.019,0.8,"Mplus",12455,508861,1000,"Alt.Mod","7",2,TRUE,433.360000000015
"4936","Y=~y3",0.798,0.019,0.8,"Mplus",12455,508861,1000,"Alt.Mod","7",2,TRUE,433.360000000015
"4937","Y~X",0.396,0.031,0.4,"Mplus",12455,508861,1000,"Alt.Mod","7",2,TRUE,433.360000000015
"4938","Y~Z",0.467,0.03,0.5,"Mplus",12455,508861,1000,"Alt.Mod","7",2,TRUE,433.360000000015
"4939","Y~X:Z",0.3,0.031,0.3,"Mplus",12455,508861,1000,"Alt.Mod","7",2,TRUE,433.360000000015
"4940","X~~Z",0.224,0.037,0.2,"Mplus",12455,508861,1000,"Alt.Mod","7",2,TRUE,433.360000000015
"4941","X=~x1",0.377485120453536,0.066692938688409,0.5,"MC-OrdPLSc",12456,2333314,1000,"Alt.Mod","7",3,TRUE,36.2699999999895
"4942","X=~x2",0.499691672515603,0.0626152126210363,0.5,"MC-OrdPLSc",12456,2333314,1000,"Alt.Mod","7",3,TRUE,36.2699999999895
"4943","X=~x3",0.61044713797835,0.0672580882497325,0.5,"MC-OrdPLSc",12456,2333314,1000,"Alt.Mod","7",3,TRUE,36.2699999999895
"4944","Z=~z1",0.427329563554855,0.0582332658593786,0.5,"MC-OrdPLSc",12456,2333314,1000,"Alt.Mod","7",3,TRUE,36.2699999999895
"4945","Z=~z2",0.430032921142103,0.057644650632631,0.5,"MC-OrdPLSc",12456,2333314,1000,"Alt.Mod","7",3,TRUE,36.2699999999895
"4946","Z=~z3",0.614053802442208,0.0679555864318858,0.5,"MC-OrdPLSc",12456,2333314,1000,"Alt.Mod","7",3,TRUE,36.2699999999895
"4947","Y=~y1",0.551812964612392,0.0585486061889859,0.5,"MC-OrdPLSc",12456,2333314,1000,"Alt.Mod","7",3,TRUE,36.2699999999895
"4948","Y=~y2",0.403155102381227,0.0560002980230508,0.5,"MC-OrdPLSc",12456,2333314,1000,"Alt.Mod","7",3,TRUE,36.2699999999895
"4949","Y=~y3",0.497621289715631,0.0501871264132408,0.5,"MC-OrdPLSc",12456,2333314,1000,"Alt.Mod","7",3,TRUE,36.2699999999895
"4950","Y~X",0.387499990266453,0.0655235113500635,0.4,"MC-OrdPLSc",12456,2333314,1000,"Alt.Mod","7",3,TRUE,36.2699999999895
"4951","Y~Z",0.456201037254284,0.0733950091520835,0.5,"MC-OrdPLSc",12456,2333314,1000,"Alt.Mod","7",3,TRUE,36.2699999999895
"4952","Y~X:Z",0.235511405225837,0.084709662955113,0.3,"MC-OrdPLSc",12456,2333314,1000,"Alt.Mod","7",3,TRUE,36.2699999999895
"4953","X~~Z",0.224608839436861,0.0635060180900262,0.2,"MC-OrdPLSc",12456,2333314,1000,"Alt.Mod","7",3,TRUE,36.2699999999895
"4954","X=~x1",0.301891179408264,0.0912049954797899,0.5,"PLSc",12456,2333314,1000,"Alt.Mod","7",3,TRUE,6.9199999999837
"4955","X=~x2",0.49030085576042,0.0670428857630597,0.5,"PLSc",12456,2333314,1000,"Alt.Mod","7",3,TRUE,6.9199999999837
"4956","X=~x3",0.612585866422579,0.0714400377499368,0.5,"PLSc",12456,2333314,1000,"Alt.Mod","7",3,TRUE,6.9199999999837
"4957","Z=~z1",0.376518466199823,0.0700943680314223,0.5,"PLSc",12456,2333314,1000,"Alt.Mod","7",3,TRUE,6.9199999999837
"4958","Z=~z2",0.416588081307823,0.0682009245429201,0.5,"PLSc",12456,2333314,1000,"Alt.Mod","7",3,TRUE,6.9199999999837
"4959","Z=~z3",0.61180031404107,0.0651618649058442,0.5,"PLSc",12456,2333314,1000,"Alt.Mod","7",3,TRUE,6.9199999999837
"4960","Y=~y1",0.532262598180153,0.0510186068946663,0.5,"PLSc",12456,2333314,1000,"Alt.Mod","7",3,TRUE,6.9199999999837
"4961","Y=~y2",0.368003958888396,0.0623113760846538,0.5,"PLSc",12456,2333314,1000,"Alt.Mod","7",3,TRUE,6.9199999999837
"4962","Y=~y3",0.471302430592113,0.0548930660865327,0.5,"PLSc",12456,2333314,1000,"Alt.Mod","7",3,TRUE,6.9199999999837
"4963","Y~X",0.407169169284503,0.0969935042469157,0.4,"PLSc",12456,2333314,1000,"Alt.Mod","7",3,TRUE,6.9199999999837
"4964","Y~Z",0.450167695922571,0.0941414216255825,0.5,"PLSc",12456,2333314,1000,"Alt.Mod","7",3,TRUE,6.9199999999837
"4965","Y~X:Z",0.286772960828963,0.230470245592426,0.3,"PLSc",12456,2333314,1000,"Alt.Mod","7",3,TRUE,6.9199999999837
"4966","X~~Z",0.219057817681701,0.058863423615736,0.2,"PLSc",12456,2333314,1000,"Alt.Mod","7",3,TRUE,6.9199999999837
"4967","X=~x1",0.569019172835373,0.0762050240445959,0.5,"PLS",12456,2333314,1000,"Alt.Mod","7",3,TRUE,2.08999999999651
"4968","X=~x2",0.700682067734466,0.0565733390243386,0.5,"PLS",12456,2333314,1000,"Alt.Mod","7",3,TRUE,2.08999999999651
"4969","X=~x3",0.790731948646807,0.0464314461960465,0.5,"PLS",12456,2333314,1000,"Alt.Mod","7",3,TRUE,2.08999999999651
"4970","Z=~z1",0.629123139551175,0.0578489078315303,0.5,"PLS",12456,2333314,1000,"Alt.Mod","7",3,TRUE,2.08999999999651
"4971","Z=~z2",0.632850255957127,0.0625371009456326,0.5,"PLS",12456,2333314,1000,"Alt.Mod","7",3,TRUE,2.08999999999651
"4972","Z=~z3",0.795742178932993,0.0433235726383447,0.5,"PLS",12456,2333314,1000,"Alt.Mod","7",3,TRUE,2.08999999999651
"4973","Y=~y1",0.748220143910394,0.0388115483452312,0.5,"PLS",12456,2333314,1000,"Alt.Mod","7",3,TRUE,2.08999999999651
"4974","Y=~y2",0.600734583174638,0.0581406371431732,0.5,"PLS",12456,2333314,1000,"Alt.Mod","7",3,TRUE,2.08999999999651
"4975","Y=~y3",0.702866685888522,0.0456234440036494,0.5,"PLS",12456,2333314,1000,"Alt.Mod","7",3,TRUE,2.08999999999651
"4976","Y~X",0.20290915843354,0.0295454204872422,0.4,"PLS",12456,2333314,1000,"Alt.Mod","7",3,TRUE,2.08999999999651
"4977","Y~Z",0.228944803423106,0.0301728526698277,0.5,"PLS",12456,2333314,1000,"Alt.Mod","7",3,TRUE,2.08999999999651
"4978","Y~X:Z",0.0762441927470939,0.0298196135713009,0.3,"PLS",12456,2333314,1000,"Alt.Mod","7",3,TRUE,2.08999999999651
"4979","X~~Z",0.108170269510904,0.0289829030822354,0.2,"PLS",12456,2333314,1000,"Alt.Mod","7",3,TRUE,2.08999999999651
"4980","X=~x1",0.451,0.046,0.5,"Mplus",12456,2333314,1000,"Alt.Mod","7",3,TRUE,622.700000000012
"4981","X=~x2",0.487,0.049,0.5,"Mplus",12456,2333314,1000,"Alt.Mod","7",3,TRUE,622.700000000012
"4982","X=~x3",0.503,0.051,0.5,"Mplus",12456,2333314,1000,"Alt.Mod","7",3,TRUE,622.700000000012
"4983","Z=~z1",0.486,0.046,0.5,"Mplus",12456,2333314,1000,"Alt.Mod","7",3,TRUE,622.700000000012
"4984","Z=~z2",0.417,0.045,0.5,"Mplus",12456,2333314,1000,"Alt.Mod","7",3,TRUE,622.700000000012
"4985","Z=~z3",0.541,0.048,0.5,"Mplus",12456,2333314,1000,"Alt.Mod","7",3,TRUE,622.700000000012
"4986","Y=~y1",0.501,0.045,0.5,"Mplus",12456,2333314,1000,"Alt.Mod","7",3,TRUE,622.700000000012
"4987","Y=~y2",0.431,0.044,0.5,"Mplus",12456,2333314,1000,"Alt.Mod","7",3,TRUE,622.700000000012
"4988","Y=~y3",0.467,0.044,0.5,"Mplus",12456,2333314,1000,"Alt.Mod","7",3,TRUE,622.700000000012
"4989","Y~X",0.38,0.068,0.4,"Mplus",12456,2333314,1000,"Alt.Mod","7",3,TRUE,622.700000000012
"4990","Y~Z",0.479,0.068,0.5,"Mplus",12456,2333314,1000,"Alt.Mod","7",3,TRUE,622.700000000012
"4991","Y~X:Z",0.262,0.082,0.3,"Mplus",12456,2333314,1000,"Alt.Mod","7",3,TRUE,622.700000000012
"4992","X~~Z",0.236,0.064,0.2,"Mplus",12456,2333314,1000,"Alt.Mod","7",3,TRUE,622.700000000012
"4993","X=~x1",0.741152306412307,0.176044346069652,0.8,"MC-OrdPLSc",12457,3861628,200,"Alt.Ext","2",2,TRUE,14.5299999999988
"4994","X=~x2",0.983597950054123,0.164504288748926,0.8,"MC-OrdPLSc",12457,3861628,200,"Alt.Ext","2",2,TRUE,14.5299999999988
"4995","X=~x3",0.633270994560779,0.192743598074844,0.8,"MC-OrdPLSc",12457,3861628,200,"Alt.Ext","2",2,TRUE,14.5299999999988
"4996","Z=~z1",0.741310763875115,0.130311731531636,0.8,"MC-OrdPLSc",12457,3861628,200,"Alt.Ext","2",2,TRUE,14.5299999999988
"4997","Z=~z2",0.570125528850471,0.180579313080761,0.8,"MC-OrdPLSc",12457,3861628,200,"Alt.Ext","2",2,TRUE,14.5299999999988
"4998","Z=~z3",0.999,0.113209017692367,0.8,"MC-OrdPLSc",12457,3861628,200,"Alt.Ext","2",2,TRUE,14.5299999999988
"4999","Y=~y1",0.895566690090879,0.110913775296453,0.8,"MC-OrdPLSc",12457,3861628,200,"Alt.Ext","2",2,TRUE,14.5299999999988
"5000","Y=~y2",0.575648327401137,0.173788507958384,0.8,"MC-OrdPLSc",12457,3861628,200,"Alt.Ext","2",2,TRUE,14.5299999999988
"5001","Y=~y3",0.899760872175635,0.118459002095686,0.8,"MC-OrdPLSc",12457,3861628,200,"Alt.Ext","2",2,TRUE,14.5299999999988
"5002","Y~X",0.460262249816103,0.0917314705054126,0.4,"MC-OrdPLSc",12457,3861628,200,"Alt.Ext","2",2,TRUE,14.5299999999988
"5003","Y~Z",0.561499463991779,0.0909570537066726,0.5,"MC-OrdPLSc",12457,3861628,200,"Alt.Ext","2",2,TRUE,14.5299999999988
"5004","Y~X:Z",0.326875645361353,0.109845946835403,0.3,"MC-OrdPLSc",12457,3861628,200,"Alt.Ext","2",2,TRUE,14.5299999999988
"5005","X~~Z",0.323079124871319,0.144459118633288,0.2,"MC-OrdPLSc",12457,3861628,200,"Alt.Ext","2",2,TRUE,14.5299999999988
"5006","X=~x1",0.471647879471699,0.208189831681546,0.8,"PLSc",12457,3861628,200,"Alt.Ext","2",2,TRUE,4.11000000001513
"5007","X=~x2",0.89111843382975,0.171473192164532,0.8,"PLSc",12457,3861628,200,"Alt.Ext","2",2,TRUE,4.11000000001513
"5008","X=~x3",0.475482310428043,0.195182387010739,0.8,"PLSc",12457,3861628,200,"Alt.Ext","2",2,TRUE,4.11000000001513
"5009","Z=~z1",0.551488881158146,0.18039022328935,0.8,"PLSc",12457,3861628,200,"Alt.Ext","2",2,TRUE,4.11000000001513
"5010","Z=~z2",0.338105230135799,0.201557355808353,0.8,"PLSc",12457,3861628,200,"Alt.Ext","2",2,TRUE,4.11000000001513
"5011","Z=~z3",0.933121162690408,0.148095732867198,0.8,"PLSc",12457,3861628,200,"Alt.Ext","2",2,TRUE,4.11000000001513
"5012","Y=~y1",0.607666196047418,0.136614844943726,0.8,"PLSc",12457,3861628,200,"Alt.Ext","2",2,TRUE,4.11000000001513
"5013","Y=~y2",0.234411434300732,0.157118698394934,0.8,"PLSc",12457,3861628,200,"Alt.Ext","2",2,TRUE,4.11000000001513
"5014","Y=~y3",0.666701428822362,0.144080877229474,0.8,"PLSc",12457,3861628,200,"Alt.Ext","2",2,TRUE,4.11000000001513
"5015","Y~X",0.412340959078956,1.22602622610369,0.4,"PLSc",12457,3861628,200,"Alt.Ext","2",2,TRUE,4.11000000001513
"5016","Y~Z",0.53409676129457,0.322571422985303,0.5,"PLSc",12457,3861628,200,"Alt.Ext","2",2,TRUE,4.11000000001513
"5017","Y~X:Z",0.21803798900548,0.487615441500212,0.3,"PLSc",12457,3861628,200,"Alt.Ext","2",2,TRUE,4.11000000001513
"5018","X~~Z",0.22672814772627,0.132184314740067,0.2,"PLSc",12457,3861628,200,"Alt.Ext","2",2,TRUE,4.11000000001513
"5019","X=~x1",0.754602429563175,0.112654121548019,0.8,"PLS",12457,3861628,200,"Alt.Ext","2",2,TRUE,2.77000000001863
"5020","X=~x2",0.876235611954719,0.0702277568607087,0.8,"PLS",12457,3861628,200,"Alt.Ext","2",2,TRUE,2.77000000001863
"5021","X=~x3",0.624606190007635,0.152042393818706,0.8,"PLS",12457,3861628,200,"Alt.Ext","2",2,TRUE,2.77000000001863
"5022","Z=~z1",0.753960979406809,0.112615618849487,0.8,"PLS",12457,3861628,200,"Alt.Ext","2",2,TRUE,2.77000000001863
"5023","Z=~z2",0.575500969415417,0.149510342040714,0.8,"PLS",12457,3861628,200,"Alt.Ext","2",2,TRUE,2.77000000001863
"5024","Z=~z3",0.894212238127971,0.0540187266042594,0.8,"PLS",12457,3861628,200,"Alt.Ext","2",2,TRUE,2.77000000001863
"5025","Y=~y1",0.788716942404366,0.0892652155642654,0.8,"PLS",12457,3861628,200,"Alt.Ext","2",2,TRUE,2.77000000001863
"5026","Y=~y2",0.5125529201363,0.148299811042928,0.8,"PLS",12457,3861628,200,"Alt.Ext","2",2,TRUE,2.77000000001863
"5027","Y=~y3",0.802108119835517,0.0882657806693513,0.8,"PLS",12457,3861628,200,"Alt.Ext","2",2,TRUE,2.77000000001863
"5028","Y~X",0.252672040950784,0.0915689042798509,0.4,"PLS",12457,3861628,200,"Alt.Ext","2",2,TRUE,2.77000000001863
"5029","Y~Z",0.349226560556588,0.101264874543793,0.5,"PLS",12457,3861628,200,"Alt.Ext","2",2,TRUE,2.77000000001863
"5030","Y~X:Z",0.12132758534426,0.078312296184463,0.3,"PLS",12457,3861628,200,"Alt.Ext","2",2,TRUE,2.77000000001863
"5031","X~~Z",0.175342025458087,0.0953079173570007,0.2,"PLS",12457,3861628,200,"Alt.Ext","2",2,TRUE,2.77000000001863
"5032","X=~x1",0.831,0.091,0.8,"Mplus",12457,3861628,200,"Alt.Ext","2",2,TRUE,65.1300000000047
"5033","X=~x2",0.893,0.085,0.8,"Mplus",12457,3861628,200,"Alt.Ext","2",2,TRUE,65.1300000000047
"5034","X=~x3",0.655,0.109,0.8,"Mplus",12457,3861628,200,"Alt.Ext","2",2,TRUE,65.1300000000047
"5035","Z=~z1",0.769,0.09,0.8,"Mplus",12457,3861628,200,"Alt.Ext","2",2,TRUE,65.1300000000047
"5036","Z=~z2",0.638,0.107,0.8,"Mplus",12457,3861628,200,"Alt.Ext","2",2,TRUE,65.1300000000047
"5037","Z=~z3",0.925,0.076,0.8,"Mplus",12457,3861628,200,"Alt.Ext","2",2,TRUE,65.1300000000047
"5038","Y=~y1",0.91,0.071,0.8,"Mplus",12457,3861628,200,"Alt.Ext","2",2,TRUE,65.1300000000047
"5039","Y=~y2",0.723,0.121,0.8,"Mplus",12457,3861628,200,"Alt.Ext","2",2,TRUE,65.1300000000047
"5040","Y=~y3",0.9,0.087,0.8,"Mplus",12457,3861628,200,"Alt.Ext","2",2,TRUE,65.1300000000047
"5041","Y~X",0.491,0.081,0.4,"Mplus",12457,3861628,200,"Alt.Ext","2",2,TRUE,65.1300000000047
"5042","Y~Z",0.562,0.081,0.5,"Mplus",12457,3861628,200,"Alt.Ext","2",2,TRUE,65.1300000000047
"5043","Y~X:Z",0.364,0.084,0.3,"Mplus",12457,3861628,200,"Alt.Ext","2",2,TRUE,65.1300000000047
"5044","X~~Z",0.311,0.137,0.2,"Mplus",12457,3861628,200,"Alt.Ext","2",2,TRUE,65.1300000000047
"5045","X=~x1",0.305041095276626,0.682610386257812,0.5,"MC-OrdPLSc",12458,2956375,200,"Alt.Ext","2",3,TRUE,26.1399999999849
"5046","X=~x2",0.51742883320956,2.2958160022513,0.5,"MC-OrdPLSc",12458,2956375,200,"Alt.Ext","2",3,TRUE,26.1399999999849
"5047","X=~x3",0.269924219264666,1.02074891415026,0.5,"MC-OrdPLSc",12458,2956375,200,"Alt.Ext","2",3,TRUE,26.1399999999849
"5048","Z=~z1",0.11001989204732,2.32359432113116,0.5,"MC-OrdPLSc",12458,2956375,200,"Alt.Ext","2",3,TRUE,26.1399999999849
"5049","Z=~z2",0.335138626347827,2.17701122543585,0.5,"MC-OrdPLSc",12458,2956375,200,"Alt.Ext","2",3,TRUE,26.1399999999849
"5050","Z=~z3",0.766010979775975,9.48349521486463,0.5,"MC-OrdPLSc",12458,2956375,200,"Alt.Ext","2",3,TRUE,26.1399999999849
"5051","Y=~y1",0.348310059549094,1.21725824392333,0.5,"MC-OrdPLSc",12458,2956375,200,"Alt.Ext","2",3,TRUE,26.1399999999849
"5052","Y=~y2",0.45380837841664,2.35893336881926,0.5,"MC-OrdPLSc",12458,2956375,200,"Alt.Ext","2",3,TRUE,26.1399999999849
"5053","Y=~y3",0.984098390133259,2.74086533434592,0.5,"MC-OrdPLSc",12458,2956375,200,"Alt.Ext","2",3,TRUE,26.1399999999849
"5054","Y~X",0.682585102833326,1.9683125368094,0.4,"MC-OrdPLSc",12458,2956375,200,"Alt.Ext","2",3,TRUE,26.1399999999849
"5055","Y~Z",0.522451155308394,7.19711848975528,0.5,"MC-OrdPLSc",12458,2956375,200,"Alt.Ext","2",3,TRUE,26.1399999999849
"5056","Y~X:Z",0.409335823236809,3.04958103110736,0.3,"MC-OrdPLSc",12458,2956375,200,"Alt.Ext","2",3,TRUE,26.1399999999849
"5057","X~~Z",-0.0313329150023506,4.26939720285852,0.2,"MC-OrdPLSc",12458,2956375,200,"Alt.Ext","2",3,TRUE,26.1399999999849
"5058","X=~x1",0.177919117245274,0.284915063801315,0.5,"PLSc",12458,2956375,200,"Alt.Ext","2",3,FALSE,6.55999999999767
"5059","X=~x2",0.368846443812828,0.27597741529302,0.5,"PLSc",12458,2956375,200,"Alt.Ext","2",3,FALSE,6.55999999999767
"5060","X=~x3",0.141919596953856,0.262645156867178,0.5,"PLSc",12458,2956375,200,"Alt.Ext","2",3,FALSE,6.55999999999767
"5061","Z=~z1",0.063121623267743,0.296852328459144,0.5,"PLSc",12458,2956375,200,"Alt.Ext","2",3,FALSE,6.55999999999767
"5062","Z=~z2",0.194053809902084,0.300766354457975,0.5,"PLSc",12458,2956375,200,"Alt.Ext","2",3,FALSE,6.55999999999767
"5063","Z=~z3",0.559974945555292,0.35196703700449,0.5,"PLSc",12458,2956375,200,"Alt.Ext","2",3,FALSE,6.55999999999767
"5064","Y=~y1",0.215973951266791,0.268771668446546,0.5,"PLSc",12458,2956375,200,"Alt.Ext","2",3,FALSE,6.55999999999767
"5065","Y=~y2",0.262977467214077,0.253146181870654,0.5,"PLSc",12458,2956375,200,"Alt.Ext","2",3,FALSE,6.55999999999767
"5066","Y=~y3",0.658685206932681,0.238700365756005,0.5,"PLSc",12458,2956375,200,"Alt.Ext","2",3,FALSE,6.55999999999767
"5067","Y~X",0.710977486290377,3.21419501112936,0.4,"PLSc",12458,2956375,200,"Alt.Ext","2",3,FALSE,6.55999999999767
"5068","Y~Z",0.463507580625714,5.42717138202214,0.5,"PLSc",12458,2956375,200,"Alt.Ext","2",3,FALSE,6.55999999999767
"5069","Y~X:Z",0.0766508508691959,4.34850129317495,0.3,"PLSc",12458,2956375,200,"Alt.Ext","2",3,FALSE,6.55999999999767
"5070","X~~Z",-0.027863957218085,0.609437658936525,0.2,"PLSc",12458,2956375,200,"Alt.Ext","2",3,FALSE,6.55999999999767
"5071","X=~x1",0.464638544092647,0.393854927345589,0.5,"PLS",12458,2956375,200,"Alt.Ext","2",3,TRUE,5.10000000000582
"5072","X=~x2",0.834106916804884,0.311775717918142,0.5,"PLS",12458,2956375,200,"Alt.Ext","2",3,TRUE,5.10000000000582
"5073","X=~x3",0.426057020363993,0.389110878670456,0.5,"PLS",12458,2956375,200,"Alt.Ext","2",3,TRUE,5.10000000000582
"5074","Z=~z1",0.128976746108279,0.433093577022523,0.5,"PLS",12458,2956375,200,"Alt.Ext","2",3,TRUE,5.10000000000582
"5075","Z=~z2",0.42026509106255,0.395149924468453,0.5,"PLS",12458,2956375,200,"Alt.Ext","2",3,TRUE,5.10000000000582
"5076","Z=~z3",0.943016169284104,0.35356866851061,0.5,"PLS",12458,2956375,200,"Alt.Ext","2",3,TRUE,5.10000000000582
"5077","Y=~y1",0.373093772064339,0.379491082957672,0.5,"PLS",12458,2956375,200,"Alt.Ext","2",3,TRUE,5.10000000000582
"5078","Y=~y2",0.512958718947639,0.334471663858782,0.5,"PLS",12458,2956375,200,"Alt.Ext","2",3,TRUE,5.10000000000582
"5079","Y=~y3",0.903066308685432,0.183949492804253,0.5,"PLS",12458,2956375,200,"Alt.Ext","2",3,TRUE,5.10000000000582
"5080","Y~X",0.205840481856919,0.0953909117402535,0.4,"PLS",12458,2956375,200,"Alt.Ext","2",3,TRUE,5.10000000000582
"5081","Y~Z",0.17965799341068,0.110190586503655,0.5,"PLS",12458,2956375,200,"Alt.Ext","2",3,TRUE,5.10000000000582
"5082","Y~X:Z",0.0557997357977222,0.165544413195234,0.3,"PLS",12458,2956375,200,"Alt.Ext","2",3,TRUE,5.10000000000582
"5083","X~~Z",-0.00667626513410519,0.0801107244801776,0.2,"PLS",12458,2956375,200,"Alt.Ext","2",3,TRUE,5.10000000000582
"5084","X=~x1",0.355,0.139,0.5,"Mplus",12458,2956375,200,"Alt.Ext","2",3,FALSE,51.2900000000081
"5085","X=~x2",0.408,0.198,0.5,"Mplus",12458,2956375,200,"Alt.Ext","2",3,FALSE,51.2900000000081
"5086","X=~x3",0.384,0.299,0.5,"Mplus",12458,2956375,200,"Alt.Ext","2",3,FALSE,51.2900000000081
"5087","Z=~z1",0.125,0.123,0.5,"Mplus",12458,2956375,200,"Alt.Ext","2",3,FALSE,51.2900000000081
"5088","Z=~z2",0.384,0.259,0.5,"Mplus",12458,2956375,200,"Alt.Ext","2",3,FALSE,51.2900000000081
"5089","Z=~z3",0.706,0.353,0.5,"Mplus",12458,2956375,200,"Alt.Ext","2",3,FALSE,51.2900000000081
"5090","Y=~y1",0.265,0.116,0.5,"Mplus",12458,2956375,200,"Alt.Ext","2",3,FALSE,51.2900000000081
"5091","Y=~y2",0.399,0.15,0.5,"Mplus",12458,2956375,200,"Alt.Ext","2",3,FALSE,51.2900000000081
"5092","Y=~y3",0.767,0.237,0.5,"Mplus",12458,2956375,200,"Alt.Ext","2",3,FALSE,51.2900000000081
"5093","Y~X",0.793,0.246,0.4,"Mplus",12458,2956375,200,"Alt.Ext","2",3,FALSE,51.2900000000081
"5094","Y~Z",0.532,0.42,0.5,"Mplus",12458,2956375,200,"Alt.Ext","2",3,FALSE,51.2900000000081
"5095","Y~X:Z",-0.334,0.288,0.3,"Mplus",12458,2956375,200,"Alt.Ext","2",3,FALSE,51.2900000000081
"5096","X~~Z",-0.029,0.398,0.2,"Mplus",12458,2956375,200,"Alt.Ext","2",3,FALSE,51.2900000000081
"5097","X=~x1",0.636348233171698,0.135560946336253,0.8,"MC-OrdPLSc",12459,7786122,500,"Alt.Ext","2",2,TRUE,16.9899999999907
"5098","X=~x2",0.999,0.136610966254204,0.8,"MC-OrdPLSc",12459,7786122,500,"Alt.Ext","2",2,TRUE,16.9899999999907
"5099","X=~x3",0.650942138448339,0.124214254978816,0.8,"MC-OrdPLSc",12459,7786122,500,"Alt.Ext","2",2,TRUE,16.9899999999907
"5100","Z=~z1",0.908598817572663,0.0795209374632671,0.8,"MC-OrdPLSc",12459,7786122,500,"Alt.Ext","2",2,TRUE,16.9899999999907
"5101","Z=~z2",0.765379225911234,0.0744202759819658,0.8,"MC-OrdPLSc",12459,7786122,500,"Alt.Ext","2",2,TRUE,16.9899999999907
"5102","Z=~z3",0.604932032758457,0.118668166196336,0.8,"MC-OrdPLSc",12459,7786122,500,"Alt.Ext","2",2,TRUE,16.9899999999907
"5103","Y=~y1",0.753651812946085,0.0967607428446144,0.8,"MC-OrdPLSc",12459,7786122,500,"Alt.Ext","2",2,TRUE,16.9899999999907
"5104","Y=~y2",0.782371917840898,0.0888484041720409,0.8,"MC-OrdPLSc",12459,7786122,500,"Alt.Ext","2",2,TRUE,16.9899999999907
"5105","Y=~y3",0.744094533334525,0.0929149478952676,0.8,"MC-OrdPLSc",12459,7786122,500,"Alt.Ext","2",2,TRUE,16.9899999999907
"5106","Y~X",0.436985586450648,0.0662176139524956,0.4,"MC-OrdPLSc",12459,7786122,500,"Alt.Ext","2",2,TRUE,16.9899999999907
"5107","Y~Z",0.503296370431262,0.0681503297066578,0.5,"MC-OrdPLSc",12459,7786122,500,"Alt.Ext","2",2,TRUE,16.9899999999907
"5108","Y~X:Z",0.342907146957781,0.0885101103314167,0.3,"MC-OrdPLSc",12459,7786122,500,"Alt.Ext","2",2,TRUE,16.9899999999907
"5109","X~~Z",0.182900307483332,0.0936008070970773,0.2,"MC-OrdPLSc",12459,7786122,500,"Alt.Ext","2",2,TRUE,16.9899999999907
"5110","X=~x1",0.4896306569735,0.145656739123323,0.8,"PLSc",12459,7786122,500,"Alt.Ext","2",2,TRUE,4.8300000000163
"5111","X=~x2",0.88957659408057,0.123537989919309,0.8,"PLSc",12459,7786122,500,"Alt.Ext","2",2,TRUE,4.8300000000163
"5112","X=~x3",0.431473149673019,0.160458821558565,0.8,"PLSc",12459,7786122,500,"Alt.Ext","2",2,TRUE,4.8300000000163
"5113","Z=~z1",0.721924552452649,0.122914801585842,0.8,"PLSc",12459,7786122,500,"Alt.Ext","2",2,TRUE,4.8300000000163
"5114","Z=~z2",0.593773549262539,0.10659026280203,0.8,"PLSc",12459,7786122,500,"Alt.Ext","2",2,TRUE,4.8300000000163
"5115","Z=~z3",0.43150751060096,0.13678093607974,0.8,"PLSc",12459,7786122,500,"Alt.Ext","2",2,TRUE,4.8300000000163
"5116","Y=~y1",0.54223416775618,0.093350233902346,0.8,"PLSc",12459,7786122,500,"Alt.Ext","2",2,TRUE,4.8300000000163
"5117","Y=~y2",0.500873728633486,0.0932539709699268,0.8,"PLSc",12459,7786122,500,"Alt.Ext","2",2,TRUE,4.8300000000163
"5118","Y=~y3",0.498944795703629,0.0996821837884961,0.8,"PLSc",12459,7786122,500,"Alt.Ext","2",2,TRUE,4.8300000000163
"5119","Y~X",0.357584518254835,0.0932672850131275,0.4,"PLSc",12459,7786122,500,"Alt.Ext","2",2,TRUE,4.8300000000163
"5120","Y~Z",0.488500412349155,0.122702614318666,0.5,"PLSc",12459,7786122,500,"Alt.Ext","2",2,TRUE,4.8300000000163
"5121","Y~X:Z",0.247970497740593,0.103298398213388,0.3,"PLSc",12459,7786122,500,"Alt.Ext","2",2,TRUE,4.8300000000163
"5122","X~~Z",0.135010439011349,0.0757390957067636,0.2,"PLSc",12459,7786122,500,"Alt.Ext","2",2,TRUE,4.8300000000163
"5123","X=~x1",0.666115534917778,0.0979768292096382,0.8,"PLS",12459,7786122,500,"Alt.Ext","2",2,TRUE,2.33999999999651
"5124","X=~x2",0.889374634706451,0.0428985981254587,0.8,"PLS",12459,7786122,500,"Alt.Ext","2",2,TRUE,2.33999999999651
"5125","X=~x3",0.672161689153778,0.106281525822176,0.8,"PLS",12459,7786122,500,"Alt.Ext","2",2,TRUE,2.33999999999651
"5126","Z=~z1",0.834086104937679,0.0499654986867551,0.8,"PLS",12459,7786122,500,"Alt.Ext","2",2,TRUE,2.33999999999651
"5127","Z=~z2",0.76429884563766,0.0567451539578425,0.8,"PLS",12459,7786122,500,"Alt.Ext","2",2,TRUE,2.33999999999651
"5128","Z=~z3",0.621015426147227,0.0982011325104243,0.8,"PLS",12459,7786122,500,"Alt.Ext","2",2,TRUE,2.33999999999651
"5129","Y=~y1",0.719332007408749,0.0687652642509282,0.8,"PLS",12459,7786122,500,"Alt.Ext","2",2,TRUE,2.33999999999651
"5130","Y=~y2",0.717869827640982,0.0632055864580758,0.8,"PLS",12459,7786122,500,"Alt.Ext","2",2,TRUE,2.33999999999651
"5131","Y=~y3",0.704686001530253,0.0731311503086391,0.8,"PLS",12459,7786122,500,"Alt.Ext","2",2,TRUE,2.33999999999651
"5132","Y~X",0.220089146626762,0.0525045332263668,0.4,"PLS",12459,7786122,500,"Alt.Ext","2",2,TRUE,2.33999999999651
"5133","Y~Z",0.25597366241452,0.056726012866561,0.5,"PLS",12459,7786122,500,"Alt.Ext","2",2,TRUE,2.33999999999651
"5134","Y~X:Z",0.120255988461803,0.0454185648365215,0.3,"PLS",12459,7786122,500,"Alt.Ext","2",2,TRUE,2.33999999999651
"5135","X~~Z",0.0934896369939594,0.0532608070224401,0.2,"PLS",12459,7786122,500,"Alt.Ext","2",2,TRUE,2.33999999999651
"5136","X=~x1",0.65,0.078,0.8,"Mplus",12459,7786122,500,"Alt.Ext","2",2,TRUE,189.25
"5137","X=~x2",0.916,0.071,0.8,"Mplus",12459,7786122,500,"Alt.Ext","2",2,TRUE,189.25
"5138","X=~x3",0.724,0.067,0.8,"Mplus",12459,7786122,500,"Alt.Ext","2",2,TRUE,189.25
"5139","Z=~z1",0.865,0.063,0.8,"Mplus",12459,7786122,500,"Alt.Ext","2",2,TRUE,189.25
"5140","Z=~z2",0.77,0.066,0.8,"Mplus",12459,7786122,500,"Alt.Ext","2",2,TRUE,189.25
"5141","Z=~z3",0.634,0.071,0.8,"Mplus",12459,7786122,500,"Alt.Ext","2",2,TRUE,189.25
"5142","Y=~y1",0.72,0.079,0.8,"Mplus",12459,7786122,500,"Alt.Ext","2",2,TRUE,189.25
"5143","Y=~y2",0.777,0.074,0.8,"Mplus",12459,7786122,500,"Alt.Ext","2",2,TRUE,189.25
"5144","Y=~y3",0.753,0.077,0.8,"Mplus",12459,7786122,500,"Alt.Ext","2",2,TRUE,189.25
"5145","Y~X",0.443,0.07,0.4,"Mplus",12459,7786122,500,"Alt.Ext","2",2,TRUE,189.25
"5146","Y~Z",0.5,0.069,0.5,"Mplus",12459,7786122,500,"Alt.Ext","2",2,TRUE,189.25
"5147","Y~X:Z",0.332,0.094,0.3,"Mplus",12459,7786122,500,"Alt.Ext","2",2,TRUE,189.25
"5148","X~~Z",0.169,0.092,0.2,"Mplus",12459,7786122,500,"Alt.Ext","2",2,TRUE,189.25
"5149","X=~x1",0.0885455636033919,0.283428698407686,0.5,"MC-OrdPLSc",12460,2474257,500,"Alt.Ext","2",3,TRUE,27.859999999986
"5150","X=~x2",0.78271444637976,1.25092866512844,0.5,"MC-OrdPLSc",12460,2474257,500,"Alt.Ext","2",3,TRUE,27.859999999986
"5151","X=~x3",0.397154845732493,0.406769298402022,0.5,"MC-OrdPLSc",12460,2474257,500,"Alt.Ext","2",3,TRUE,27.859999999986
"5152","Z=~z1",0.0988720326942198,0.489752970925257,0.5,"MC-OrdPLSc",12460,2474257,500,"Alt.Ext","2",3,TRUE,27.859999999986
"5153","Z=~z2",0.386718004769193,1.35034723855708,0.5,"MC-OrdPLSc",12460,2474257,500,"Alt.Ext","2",3,TRUE,27.859999999986
"5154","Z=~z3",0.677367994984528,1.7708083323416,0.5,"MC-OrdPLSc",12460,2474257,500,"Alt.Ext","2",3,TRUE,27.859999999986
"5155","Y=~y1",0.256136263734586,0.33405476022989,0.5,"MC-OrdPLSc",12460,2474257,500,"Alt.Ext","2",3,TRUE,27.859999999986
"5156","Y=~y2",0.605500298247979,0.683122082010227,0.5,"MC-OrdPLSc",12460,2474257,500,"Alt.Ext","2",3,TRUE,27.859999999986
"5157","Y=~y3",0.438236616994442,0.32655868426687,0.5,"MC-OrdPLSc",12460,2474257,500,"Alt.Ext","2",3,TRUE,27.859999999986
"5158","Y~X",0.579283925438444,1.14047629655647,0.4,"MC-OrdPLSc",12460,2474257,500,"Alt.Ext","2",3,TRUE,27.859999999986
"5159","Y~Z",0.407754889431273,0.81827643408004,0.5,"MC-OrdPLSc",12460,2474257,500,"Alt.Ext","2",3,TRUE,27.859999999986
"5160","Y~X:Z",0.364022949574873,1.10122545646467,0.3,"MC-OrdPLSc",12460,2474257,500,"Alt.Ext","2",3,TRUE,27.859999999986
"5161","X~~Z",0.115864076893509,0.284559562353051,0.2,"MC-OrdPLSc",12460,2474257,500,"Alt.Ext","2",3,TRUE,27.859999999986
"5162","X=~x1",0.0411945168433546,0.175112617123756,0.5,"PLSc",12460,2474257,500,"Alt.Ext","2",3,FALSE,6.60999999998603
"5163","X=~x2",0.537104363034374,0.219664994851804,0.5,"PLSc",12460,2474257,500,"Alt.Ext","2",3,FALSE,6.60999999998603
"5164","X=~x3",0.266175995368148,0.186506313228421,0.5,"PLSc",12460,2474257,500,"Alt.Ext","2",3,FALSE,6.60999999998603
"5165","Z=~z1",-0.0233655574679749,0.34246952797848,0.5,"PLSc",12460,2474257,500,"Alt.Ext","2",3,FALSE,6.60999999998603
"5166","Z=~z2",0.18941678098264,0.30821151414773,0.5,"PLSc",12460,2474257,500,"Alt.Ext","2",3,FALSE,6.60999999998603
"5167","Z=~z3",0.341546495939687,0.31588926846573,0.5,"PLSc",12460,2474257,500,"Alt.Ext","2",3,FALSE,6.60999999998603
"5168","Y=~y1",0.115008090913204,0.155908293780351,0.5,"PLSc",12460,2474257,500,"Alt.Ext","2",3,FALSE,6.60999999998603
"5169","Y=~y2",0.383835511929211,0.184230668033286,0.5,"PLSc",12460,2474257,500,"Alt.Ext","2",3,FALSE,6.60999999998603
"5170","Y=~y3",0.274551110416666,0.1604319489358,0.5,"PLSc",12460,2474257,500,"Alt.Ext","2",3,FALSE,6.60999999998603
"5171","Y~X",0.584838728059384,2.22796602763582,0.4,"PLSc",12460,2474257,500,"Alt.Ext","2",3,FALSE,6.60999999998603
"5172","Y~Z",1.04575564917735,1.79245604686456,0.5,"PLSc",12460,2474257,500,"Alt.Ext","2",3,FALSE,6.60999999998603
"5173","Y~X:Z",0.534489163525402,2.91163371074547,0.3,"PLSc",12460,2474257,500,"Alt.Ext","2",3,FALSE,6.60999999998603
"5174","X~~Z",0.139848454400718,0.241259528739186,0.2,"PLSc",12460,2474257,500,"Alt.Ext","2",3,FALSE,6.60999999998603
"5175","X=~x1",0.123035732387099,0.29249165763001,0.5,"PLS",12460,2474257,500,"Alt.Ext","2",3,TRUE,3.88000000000466
"5176","X=~x2",0.906508745064829,0.186896869931881,0.5,"PLS",12460,2474257,500,"Alt.Ext","2",3,TRUE,3.88000000000466
"5177","X=~x3",0.537099378708503,0.261372008433626,0.5,"PLS",12460,2474257,500,"Alt.Ext","2",3,TRUE,3.88000000000466
"5178","Z=~z1",0.140160553485109,0.441303483839738,0.5,"PLS",12460,2474257,500,"Alt.Ext","2",3,TRUE,3.88000000000466
"5179","Z=~z2",0.543932883174218,0.401107468744626,0.5,"PLS",12460,2474257,500,"Alt.Ext","2",3,TRUE,3.88000000000466
"5180","Z=~z3",0.884974269479648,0.324107592610484,0.5,"PLS",12460,2474257,500,"Alt.Ext","2",3,TRUE,3.88000000000466
"5181","Y=~y1",0.352989822005684,0.251524832008401,0.5,"PLS",12460,2474257,500,"Alt.Ext","2",3,TRUE,3.88000000000466
"5182","Y=~y2",0.800313166096008,0.184476157019972,0.5,"PLS",12460,2474257,500,"Alt.Ext","2",3,TRUE,3.88000000000466
"5183","Y=~y3",0.604842786710232,0.211537113749291,0.5,"PLS",12460,2474257,500,"Alt.Ext","2",3,TRUE,3.88000000000466
"5184","Y~X",0.158657727556,0.0532224359299603,0.4,"PLS",12460,2474257,500,"Alt.Ext","2",3,TRUE,3.88000000000466
"5185","Y~Z",0.0916631607254869,0.0573990757689189,0.5,"PLS",12460,2474257,500,"Alt.Ext","2",3,TRUE,3.88000000000466
"5186","Y~X:Z",0.0457207710486145,0.0674194795343036,0.3,"PLS",12460,2474257,500,"Alt.Ext","2",3,TRUE,3.88000000000466
"5187","X~~Z",0.0302796563787648,0.0526612954329085,0.2,"PLS",12460,2474257,500,"Alt.Ext","2",3,TRUE,3.88000000000466
"5188","X=~x1",0.152,0.119,0.5,"Mplus",12460,2474257,500,"Alt.Ext","2",3,TRUE,86.4499999999825
"5189","X=~x2",0.728,0.241,0.5,"Mplus",12460,2474257,500,"Alt.Ext","2",3,TRUE,86.4499999999825
"5190","X=~x3",0.389,0.142,0.5,"Mplus",12460,2474257,500,"Alt.Ext","2",3,TRUE,86.4499999999825
"5191","Z=~z1",0.546,0.164,0.5,"Mplus",12460,2474257,500,"Alt.Ext","2",3,TRUE,86.4499999999825
"5192","Z=~z2",0.42,0.138,0.5,"Mplus",12460,2474257,500,"Alt.Ext","2",3,TRUE,86.4499999999825
"5193","Z=~z3",0.551,0.171,0.5,"Mplus",12460,2474257,500,"Alt.Ext","2",3,TRUE,86.4499999999825
"5194","Y=~y1",0.362,0.144,0.5,"Mplus",12460,2474257,500,"Alt.Ext","2",3,TRUE,86.4499999999825
"5195","Y=~y2",0.502,0.172,0.5,"Mplus",12460,2474257,500,"Alt.Ext","2",3,TRUE,86.4499999999825
"5196","Y=~y3",0.381,0.146,0.5,"Mplus",12460,2474257,500,"Alt.Ext","2",3,TRUE,86.4499999999825
"5197","Y~X",0.597,0.248,0.4,"Mplus",12460,2474257,500,"Alt.Ext","2",3,TRUE,86.4499999999825
"5198","Y~Z",0.147,0.3,0.5,"Mplus",12460,2474257,500,"Alt.Ext","2",3,TRUE,86.4499999999825
"5199","Y~X:Z",-0.069,0.46,0.3,"Mplus",12460,2474257,500,"Alt.Ext","2",3,TRUE,86.4499999999825
"5200","X~~Z",0.121,0.187,0.2,"Mplus",12460,2474257,500,"Alt.Ext","2",3,TRUE,86.4499999999825
"5201","X=~x1",0.819867643523202,0.049267029699705,0.8,"MC-OrdPLSc",12461,93991,1000,"Alt.Ext","2",2,TRUE,20.7999999999884
"5202","X=~x2",0.827820085142975,0.0606697451593463,0.8,"MC-OrdPLSc",12461,93991,1000,"Alt.Ext","2",2,TRUE,20.7999999999884
"5203","X=~x3",0.727771623409523,0.0591247560451078,0.8,"MC-OrdPLSc",12461,93991,1000,"Alt.Ext","2",2,TRUE,20.7999999999884
"5204","Z=~z1",0.927385478195212,0.0493669638313418,0.8,"MC-OrdPLSc",12461,93991,1000,"Alt.Ext","2",2,TRUE,20.7999999999884
"5205","Z=~z2",0.814050159496506,0.0546672304073044,0.8,"MC-OrdPLSc",12461,93991,1000,"Alt.Ext","2",2,TRUE,20.7999999999884
"5206","Z=~z3",0.761606209650664,0.0686495900438953,0.8,"MC-OrdPLSc",12461,93991,1000,"Alt.Ext","2",2,TRUE,20.7999999999884
"5207","Y=~y1",0.698528476326342,0.0735021906003275,0.8,"MC-OrdPLSc",12461,93991,1000,"Alt.Ext","2",2,TRUE,20.7999999999884
"5208","Y=~y2",0.768748315804824,0.0532607418159044,0.8,"MC-OrdPLSc",12461,93991,1000,"Alt.Ext","2",2,TRUE,20.7999999999884
"5209","Y=~y3",0.878290270030265,0.0444889056979778,0.8,"MC-OrdPLSc",12461,93991,1000,"Alt.Ext","2",2,TRUE,20.7999999999884
"5210","Y~X",0.47717339909239,0.0586112304863925,0.4,"MC-OrdPLSc",12461,93991,1000,"Alt.Ext","2",2,TRUE,20.7999999999884
"5211","Y~Z",0.470201430530604,0.0542446668404758,0.5,"MC-OrdPLSc",12461,93991,1000,"Alt.Ext","2",2,TRUE,20.7999999999884
"5212","Y~X:Z",0.217196000470612,0.10059077670765,0.3,"MC-OrdPLSc",12461,93991,1000,"Alt.Ext","2",2,TRUE,20.7999999999884
"5213","X~~Z",0.183330229373498,0.0713601314873234,0.2,"MC-OrdPLSc",12461,93991,1000,"Alt.Ext","2",2,TRUE,20.7999999999884
"5214","X=~x1",0.637933791924512,0.0717098386505393,0.8,"PLSc",12461,93991,1000,"Alt.Ext","2",2,TRUE,7.01000000000931
"5215","X=~x2",0.661151127416481,0.0818089268509666,0.8,"PLSc",12461,93991,1000,"Alt.Ext","2",2,TRUE,7.01000000000931
"5216","X=~x3",0.529041966575352,0.0746820929039446,0.8,"PLSc",12461,93991,1000,"Alt.Ext","2",2,TRUE,7.01000000000931
"5217","Z=~z1",0.803966182780092,0.0684622906685317,0.8,"PLSc",12461,93991,1000,"Alt.Ext","2",2,TRUE,7.01000000000931
"5218","Z=~z2",0.645944924137625,0.071128217393884,0.8,"PLSc",12461,93991,1000,"Alt.Ext","2",2,TRUE,7.01000000000931
"5219","Z=~z3",0.535435542628937,0.0816059407666887,0.8,"PLSc",12461,93991,1000,"Alt.Ext","2",2,TRUE,7.01000000000931
"5220","Y=~y1",0.490999038808398,0.0633292355845519,0.8,"PLSc",12461,93991,1000,"Alt.Ext","2",2,TRUE,7.01000000000931
"5221","Y=~y2",0.54723651368875,0.0632913700559576,0.8,"PLSc",12461,93991,1000,"Alt.Ext","2",2,TRUE,7.01000000000931
"5222","Y=~y3",0.639618155614108,0.0567433133718601,0.8,"PLSc",12461,93991,1000,"Alt.Ext","2",2,TRUE,7.01000000000931
"5223","Y~X",0.425303380323758,0.0684852672200018,0.4,"PLSc",12461,93991,1000,"Alt.Ext","2",2,TRUE,7.01000000000931
"5224","Y~Z",0.397849578637257,0.0592639460446163,0.5,"PLSc",12461,93991,1000,"Alt.Ext","2",2,TRUE,7.01000000000931
"5225","Y~X:Z",0.132223212107821,0.0624842229114998,0.3,"PLSc",12461,93991,1000,"Alt.Ext","2",2,TRUE,7.01000000000931
"5226","X~~Z",0.133927905937013,0.055651459377078,0.2,"PLSc",12461,93991,1000,"Alt.Ext","2",2,TRUE,7.01000000000931
"5227","X=~x1",0.784937205753039,0.0341545417739431,0.8,"PLS",12461,93991,1000,"Alt.Ext","2",2,TRUE,2.13999999998487
"5228","X=~x2",0.786177264359522,0.0396021163461731,0.8,"PLS",12461,93991,1000,"Alt.Ext","2",2,TRUE,2.13999999998487
"5229","X=~x3",0.712051704628152,0.0453060519015373,0.8,"PLS",12461,93991,1000,"Alt.Ext","2",2,TRUE,2.13999999998487
"5230","Z=~z1",0.845622010306142,0.0237241135058663,0.8,"PLS",12461,93991,1000,"Alt.Ext","2",2,TRUE,2.13999999998487
"5231","Z=~z2",0.783795021044254,0.0324510031692795,0.8,"PLS",12461,93991,1000,"Alt.Ext","2",2,TRUE,2.13999999998487
"5232","Z=~z3",0.737439375705561,0.041063290654134,0.8,"PLS",12461,93991,1000,"Alt.Ext","2",2,TRUE,2.13999999998487
"5233","Y=~y1",0.663079031051028,0.0495747702879278,0.8,"PLS",12461,93991,1000,"Alt.Ext","2",2,TRUE,2.13999999998487
"5234","Y=~y2",0.7279421030676,0.0414755977808335,0.8,"PLS",12461,93991,1000,"Alt.Ext","2",2,TRUE,2.13999999998487
"5235","Y=~y3",0.806049443366131,0.0273597339757563,0.8,"PLS",12461,93991,1000,"Alt.Ext","2",2,TRUE,2.13999999998487
"5236","Y~X",0.254506514553528,0.0412469063698039,0.4,"PLS",12461,93991,1000,"Alt.Ext","2",2,TRUE,2.13999999998487
"5237","Y~Z",0.258701833339506,0.0358384904592125,0.5,"PLS",12461,93991,1000,"Alt.Ext","2",2,TRUE,2.13999999998487
"5238","Y~X:Z",0.0561893180361426,0.0375431570270658,0.3,"PLS",12461,93991,1000,"Alt.Ext","2",2,TRUE,2.13999999998487
"5239","X~~Z",0.0920148295813153,0.0387771899980821,0.2,"PLS",12461,93991,1000,"Alt.Ext","2",2,TRUE,2.13999999998487
"5240","X=~x1",0.806,0.044,0.8,"Mplus",12461,93991,1000,"Alt.Ext","2",2,TRUE,163.070000000007
"5241","X=~x2",0.791,0.045,0.8,"Mplus",12461,93991,1000,"Alt.Ext","2",2,TRUE,163.070000000007
"5242","X=~x3",0.736,0.046,0.8,"Mplus",12461,93991,1000,"Alt.Ext","2",2,TRUE,163.070000000007
"5243","Z=~z1",0.865,0.035,0.8,"Mplus",12461,93991,1000,"Alt.Ext","2",2,TRUE,163.070000000007
"5244","Z=~z2",0.813,0.038,0.8,"Mplus",12461,93991,1000,"Alt.Ext","2",2,TRUE,163.070000000007
"5245","Z=~z3",0.796,0.039,0.8,"Mplus",12461,93991,1000,"Alt.Ext","2",2,TRUE,163.070000000007
"5246","Y=~y1",0.708,0.053,0.8,"Mplus",12461,93991,1000,"Alt.Ext","2",2,TRUE,163.070000000007
"5247","Y=~y2",0.762,0.048,0.8,"Mplus",12461,93991,1000,"Alt.Ext","2",2,TRUE,163.070000000007
"5248","Y=~y3",0.867,0.041,0.8,"Mplus",12461,93991,1000,"Alt.Ext","2",2,TRUE,163.070000000007
"5249","Y~X",0.484,0.051,0.4,"Mplus",12461,93991,1000,"Alt.Ext","2",2,TRUE,163.070000000007
"5250","Y~Z",0.473,0.049,0.5,"Mplus",12461,93991,1000,"Alt.Ext","2",2,TRUE,163.070000000007
"5251","Y~X:Z",0.224,0.065,0.3,"Mplus",12461,93991,1000,"Alt.Ext","2",2,TRUE,163.070000000007
"5252","X~~Z",0.168,0.065,0.2,"Mplus",12461,93991,1000,"Alt.Ext","2",2,TRUE,163.070000000007
"5253","X=~x1",0.34721913977569,0.318778196567888,0.5,"MC-OrdPLSc",12462,8630544,1000,"Alt.Ext","2",3,TRUE,26.8500000000058
"5254","X=~x2",0.567889362868529,0.319055026238059,0.5,"MC-OrdPLSc",12462,8630544,1000,"Alt.Ext","2",3,TRUE,26.8500000000058
"5255","X=~x3",0.587573270493386,0.236534107097867,0.5,"MC-OrdPLSc",12462,8630544,1000,"Alt.Ext","2",3,TRUE,26.8500000000058
"5256","Z=~z1",0.505856057495654,0.134963336073459,0.5,"MC-OrdPLSc",12462,8630544,1000,"Alt.Ext","2",3,TRUE,26.8500000000058
"5257","Z=~z2",0.289145336930998,0.208906548872802,0.5,"MC-OrdPLSc",12462,8630544,1000,"Alt.Ext","2",3,TRUE,26.8500000000058
"5258","Z=~z3",0.640574374592933,0.202442019145175,0.5,"MC-OrdPLSc",12462,8630544,1000,"Alt.Ext","2",3,TRUE,26.8500000000058
"5259","Y=~y1",0.583192969434658,0.155780615654694,0.5,"MC-OrdPLSc",12462,8630544,1000,"Alt.Ext","2",3,TRUE,26.8500000000058
"5260","Y=~y2",0.445637576367289,0.221436104565584,0.5,"MC-OrdPLSc",12462,8630544,1000,"Alt.Ext","2",3,TRUE,26.8500000000058
"5261","Y=~y3",0.426832272682138,0.132816046864489,0.5,"MC-OrdPLSc",12462,8630544,1000,"Alt.Ext","2",3,TRUE,26.8500000000058
"5262","Y~X",0.429296356805276,0.154266279891367,0.4,"MC-OrdPLSc",12462,8630544,1000,"Alt.Ext","2",3,TRUE,26.8500000000058
"5263","Y~Z",0.597411980085602,0.139136276922856,0.5,"MC-OrdPLSc",12462,8630544,1000,"Alt.Ext","2",3,TRUE,26.8500000000058
"5264","Y~X:Z",0.375345570507403,0.242495149969913,0.3,"MC-OrdPLSc",12462,8630544,1000,"Alt.Ext","2",3,TRUE,26.8500000000058
"5265","X~~Z",0.170639502530086,0.118486552847692,0.2,"MC-OrdPLSc",12462,8630544,1000,"Alt.Ext","2",3,TRUE,26.8500000000058
"5266","X=~x1",0.203948760598082,0.157035706947664,0.5,"PLSc",12462,8630544,1000,"Alt.Ext","2",3,FALSE,7.77999999999884
"5267","X=~x2",0.38627695615526,0.16501496442557,0.5,"PLSc",12462,8630544,1000,"Alt.Ext","2",3,FALSE,7.77999999999884
"5268","X=~x3",0.430051959102669,0.167777429335508,0.5,"PLSc",12462,8630544,1000,"Alt.Ext","2",3,FALSE,7.77999999999884
"5269","Z=~z1",0.36215404194569,0.0959551338634859,0.5,"PLSc",12462,8630544,1000,"Alt.Ext","2",3,FALSE,7.77999999999884
"5270","Z=~z2",0.145433856020297,0.114651592981056,0.5,"PLSc",12462,8630544,1000,"Alt.Ext","2",3,FALSE,7.77999999999884
"5271","Z=~z3",0.457026265170741,0.127713105937296,0.5,"PLSc",12462,8630544,1000,"Alt.Ext","2",3,FALSE,7.77999999999884
"5272","Y=~y1",0.339267281840915,0.0910616987604742,0.5,"PLSc",12462,8630544,1000,"Alt.Ext","2",3,FALSE,7.77999999999884
"5273","Y=~y2",0.266157785628919,0.0816602607577245,0.5,"PLSc",12462,8630544,1000,"Alt.Ext","2",3,FALSE,7.77999999999884
"5274","Y=~y3",0.261097950033322,0.0718832122970765,0.5,"PLSc",12462,8630544,1000,"Alt.Ext","2",3,FALSE,7.77999999999884
"5275","Y~X",0.385788693509475,12.5240640650979,0.4,"PLSc",12462,8630544,1000,"Alt.Ext","2",3,FALSE,7.77999999999884
"5276","Y~Z",0.800143092170107,4.52341975243731,0.5,"PLSc",12462,8630544,1000,"Alt.Ext","2",3,FALSE,7.77999999999884
"5277","Y~X:Z",0.654188578625156,9.66706534901679,0.3,"PLSc",12462,8630544,1000,"Alt.Ext","2",3,FALSE,7.77999999999884
"5278","X~~Z",0.153330227289682,0.139056801806258,0.2,"PLSc",12462,8630544,1000,"Alt.Ext","2",3,FALSE,7.77999999999884
"5279","X=~x1",0.462138215730353,0.207299890804741,0.5,"PLS",12462,8630544,1000,"Alt.Ext","2",3,TRUE,2.92000000001281
"5280","X=~x2",0.699768292671214,0.185202536842779,0.5,"PLS",12462,8630544,1000,"Alt.Ext","2",3,TRUE,2.92000000001281
"5281","X=~x3",0.7272284256611,0.184880814847143,0.5,"PLS",12462,8630544,1000,"Alt.Ext","2",3,TRUE,2.92000000001281
"5282","Z=~z1",0.657495478209644,0.127490494323859,0.5,"PLS",12462,8630544,1000,"Alt.Ext","2",3,TRUE,2.92000000001281
"5283","Z=~z2",0.386269631368397,0.162550028719277,0.5,"PLS",12462,8630544,1000,"Alt.Ext","2",3,TRUE,2.92000000001281
"5284","Z=~z3",0.791468200112947,0.116686796581333,0.5,"PLS",12462,8630544,1000,"Alt.Ext","2",3,TRUE,2.92000000001281
"5285","Y=~y1",0.721779160106283,0.107360229134378,0.5,"PLS",12462,8630544,1000,"Alt.Ext","2",3,TRUE,2.92000000001281
"5286","Y=~y2",0.585417568513527,0.129652928664659,0.5,"PLS",12462,8630544,1000,"Alt.Ext","2",3,TRUE,2.92000000001281
"5287","Y=~y3",0.548306900963261,0.135064145643194,0.5,"PLS",12462,8630544,1000,"Alt.Ext","2",3,TRUE,2.92000000001281
"5288","Y~X",0.108659680137021,0.0364001095910802,0.4,"PLS",12462,8630544,1000,"Alt.Ext","2",3,TRUE,2.92000000001281
"5289","Y~Z",0.163254275997367,0.0346479812653225,0.5,"PLS",12462,8630544,1000,"Alt.Ext","2",3,TRUE,2.92000000001281
"5290","Y~X:Z",0.0463924001012758,0.0432522077614434,0.3,"PLS",12462,8630544,1000,"Alt.Ext","2",3,TRUE,2.92000000001281
"5291","X~~Z",0.0468332317737564,0.0333648050436711,0.2,"PLS",12462,8630544,1000,"Alt.Ext","2",3,TRUE,2.92000000001281
"5292","X=~x1",0.438,0.079,0.5,"Mplus",12462,8630544,1000,"Alt.Ext","2",3,TRUE,209.170000000013
"5293","X=~x2",0.767,0.122,0.5,"Mplus",12462,8630544,1000,"Alt.Ext","2",3,TRUE,209.170000000013
"5294","X=~x3",0.359,0.085,0.5,"Mplus",12462,8630544,1000,"Alt.Ext","2",3,TRUE,209.170000000013
"5295","Z=~z1",0.486,0.084,0.5,"Mplus",12462,8630544,1000,"Alt.Ext","2",3,TRUE,209.170000000013
"5296","Z=~z2",0.468,0.085,0.5,"Mplus",12462,8630544,1000,"Alt.Ext","2",3,TRUE,209.170000000013
"5297","Z=~z3",0.529,0.09,0.5,"Mplus",12462,8630544,1000,"Alt.Ext","2",3,TRUE,209.170000000013
"5298","Y=~y1",0.604,0.117,0.5,"Mplus",12462,8630544,1000,"Alt.Ext","2",3,TRUE,209.170000000013
"5299","Y=~y2",0.59,0.138,0.5,"Mplus",12462,8630544,1000,"Alt.Ext","2",3,TRUE,209.170000000013
"5300","Y=~y3",0.428,0.124,0.5,"Mplus",12462,8630544,1000,"Alt.Ext","2",3,TRUE,209.170000000013
"5301","Y~X",0.384,0.092,0.4,"Mplus",12462,8630544,1000,"Alt.Ext","2",3,TRUE,209.170000000013
"5302","Y~Z",0.546,0.095,0.5,"Mplus",12462,8630544,1000,"Alt.Ext","2",3,TRUE,209.170000000013
"5303","Y~X:Z",0.507,0.139,0.3,"Mplus",12462,8630544,1000,"Alt.Ext","2",3,TRUE,209.170000000013
"5304","X~~Z",0.31,0.115,0.2,"Mplus",12462,8630544,1000,"Alt.Ext","2",3,TRUE,209.170000000013
"5305","X=~x1",0.742936634401658,0.192555558534536,0.8,"MC-OrdPLSc",12463,1962603,200,"Alt.Ext","3",2,TRUE,15.7299999999814
"5306","X=~x2",0.750750952816706,0.184723262843501,0.8,"MC-OrdPLSc",12463,1962603,200,"Alt.Ext","3",2,TRUE,15.7299999999814
"5307","X=~x3",0.963126969640193,0.167564907457002,0.8,"MC-OrdPLSc",12463,1962603,200,"Alt.Ext","3",2,TRUE,15.7299999999814
"5308","Z=~z1",0.984114029521422,0.0922647473075068,0.8,"MC-OrdPLSc",12463,1962603,200,"Alt.Ext","3",2,TRUE,15.7299999999814
"5309","Z=~z2",0.787639763564725,0.106279859566559,0.8,"MC-OrdPLSc",12463,1962603,200,"Alt.Ext","3",2,TRUE,15.7299999999814
"5310","Z=~z3",0.564105824870703,0.129479780355934,0.8,"MC-OrdPLSc",12463,1962603,200,"Alt.Ext","3",2,TRUE,15.7299999999814
"5311","Y=~y1",0.697394883346213,0.0916147120201059,0.8,"MC-OrdPLSc",12463,1962603,200,"Alt.Ext","3",2,TRUE,15.7299999999814
"5312","Y=~y2",0.950394982195519,0.0717933708006425,0.8,"MC-OrdPLSc",12463,1962603,200,"Alt.Ext","3",2,TRUE,15.7299999999814
"5313","Y=~y3",0.742072196366706,0.089718546518593,0.8,"MC-OrdPLSc",12463,1962603,200,"Alt.Ext","3",2,TRUE,15.7299999999814
"5314","Y~X",0.312843751274635,0.105787502679137,0.4,"MC-OrdPLSc",12463,1962603,200,"Alt.Ext","3",2,TRUE,15.7299999999814
"5315","Y~Z",0.492490529992161,0.0954980609057498,0.5,"MC-OrdPLSc",12463,1962603,200,"Alt.Ext","3",2,TRUE,15.7299999999814
"5316","Y~X:Z",0.182496838951934,0.135047540169218,0.3,"MC-OrdPLSc",12463,1962603,200,"Alt.Ext","3",2,TRUE,15.7299999999814
"5317","X~~Z",0.101356857117195,0.12044003112748,0.2,"MC-OrdPLSc",12463,1962603,200,"Alt.Ext","3",2,TRUE,15.7299999999814
"5318","X=~x1",0.566546625347155,0.251967837873819,0.8,"PLSc",12463,1962603,200,"Alt.Ext","3",2,TRUE,3.31999999997788
"5319","X=~x2",0.608496445686769,0.238529197038894,0.8,"PLSc",12463,1962603,200,"Alt.Ext","3",2,TRUE,3.31999999997788
"5320","X=~x3",0.978482847199269,0.177407328482501,0.8,"PLSc",12463,1962603,200,"Alt.Ext","3",2,TRUE,3.31999999997788
"5321","Z=~z1",0.979372585176981,0.110192722025883,0.8,"PLSc",12463,1962603,200,"Alt.Ext","3",2,TRUE,3.31999999997788
"5322","Z=~z2",0.673435937857662,0.134736149984452,0.8,"PLSc",12463,1962603,200,"Alt.Ext","3",2,TRUE,3.31999999997788
"5323","Z=~z3",0.346243342541538,0.17248925687153,0.8,"PLSc",12463,1962603,200,"Alt.Ext","3",2,TRUE,3.31999999997788
"5324","Y=~y1",0.578069366816322,0.120496053577994,0.8,"PLSc",12463,1962603,200,"Alt.Ext","3",2,TRUE,3.31999999997788
"5325","Y=~y2",0.872356855898441,0.106058679786664,0.8,"PLSc",12463,1962603,200,"Alt.Ext","3",2,TRUE,3.31999999997788
"5326","Y=~y3",0.58498680570394,0.116699217399014,0.8,"PLSc",12463,1962603,200,"Alt.Ext","3",2,TRUE,3.31999999997788
"5327","Y~X",0.231968095439087,0.203943540019359,0.4,"PLSc",12463,1962603,200,"Alt.Ext","3",2,TRUE,3.31999999997788
"5328","Y~Z",0.419165901330475,0.122097555437296,0.5,"PLSc",12463,1962603,200,"Alt.Ext","3",2,TRUE,3.31999999997788
"5329","Y~X:Z",0.105032719188192,0.36724796271446,0.3,"PLSc",12463,1962603,200,"Alt.Ext","3",2,TRUE,3.31999999997788
"5330","X~~Z",0.0772367498861196,0.271854586819918,0.2,"PLSc",12463,1962603,200,"Alt.Ext","3",2,TRUE,3.31999999997788
"5331","X=~x1",0.779940641945425,0.121357397630954,0.8,"PLS",12463,1962603,200,"Alt.Ext","3",2,TRUE,2.19000000000233
"5332","X=~x2",0.785224767766575,0.104201952769849,0.8,"PLS",12463,1962603,200,"Alt.Ext","3",2,TRUE,2.19000000000233
"5333","X=~x3",0.891142068657461,0.0598355639552943,0.8,"PLS",12463,1962603,200,"Alt.Ext","3",2,TRUE,2.19000000000233
"5334","Z=~z1",0.90431491493341,0.027960078135331,0.8,"PLS",12463,1962603,200,"Alt.Ext","3",2,TRUE,2.19000000000233
"5335","Z=~z2",0.821928097492067,0.0555496805093552,0.8,"PLS",12463,1962603,200,"Alt.Ext","3",2,TRUE,2.19000000000233
"5336","Z=~z3",0.625301068203204,0.100042945968216,0.8,"PLS",12463,1962603,200,"Alt.Ext","3",2,TRUE,2.19000000000233
"5337","Y=~y1",0.732879500707046,0.0734772005687796,0.8,"PLS",12463,1962603,200,"Alt.Ext","3",2,TRUE,2.19000000000233
"5338","Y=~y2",0.881178817605228,0.0316895491842166,0.8,"PLS",12463,1962603,200,"Alt.Ext","3",2,TRUE,2.19000000000233
"5339","Y=~y3",0.768311117852753,0.0614358410779116,0.8,"PLS",12463,1962603,200,"Alt.Ext","3",2,TRUE,2.19000000000233
"5340","Y~X",0.189562298930444,0.0736161171477649,0.4,"PLS",12463,1962603,200,"Alt.Ext","3",2,TRUE,2.19000000000233
"5341","Y~Z",0.33571277907087,0.0754929095116883,0.5,"PLS",12463,1962603,200,"Alt.Ext","3",2,TRUE,2.19000000000233
"5342","Y~X:Z",0.069006815999158,0.0890797390471282,0.3,"PLS",12463,1962603,200,"Alt.Ext","3",2,TRUE,2.19000000000233
"5343","X~~Z",0.0657883757583608,0.0819420262094381,0.2,"PLS",12463,1962603,200,"Alt.Ext","3",2,TRUE,2.19000000000233
"5344","X=~x1",0.779,0.069,0.8,"Mplus",12463,1962603,200,"Alt.Ext","3",2,TRUE,93.890000000014
"5345","X=~x2",0.788,0.071,0.8,"Mplus",12463,1962603,200,"Alt.Ext","3",2,TRUE,93.890000000014
"5346","X=~x3",0.841,0.067,0.8,"Mplus",12463,1962603,200,"Alt.Ext","3",2,TRUE,93.890000000014
"5347","Z=~z1",0.887,0.063,0.8,"Mplus",12463,1962603,200,"Alt.Ext","3",2,TRUE,93.890000000014
"5348","Z=~z2",0.804,0.072,0.8,"Mplus",12463,1962603,200,"Alt.Ext","3",2,TRUE,93.890000000014
"5349","Z=~z3",0.607,0.085,0.8,"Mplus",12463,1962603,200,"Alt.Ext","3",2,TRUE,93.890000000014
"5350","Y=~y1",0.741,0.074,0.8,"Mplus",12463,1962603,200,"Alt.Ext","3",2,TRUE,93.890000000014
"5351","Y=~y2",0.905,0.052,0.8,"Mplus",12463,1962603,200,"Alt.Ext","3",2,TRUE,93.890000000014
"5352","Y=~y3",0.794,0.07,0.8,"Mplus",12463,1962603,200,"Alt.Ext","3",2,TRUE,93.890000000014
"5353","Y~X",0.319,0.092,0.4,"Mplus",12463,1962603,200,"Alt.Ext","3",2,TRUE,93.890000000014
"5354","Y~Z",0.556,0.081,0.5,"Mplus",12463,1962603,200,"Alt.Ext","3",2,TRUE,93.890000000014
"5355","Y~X:Z",0.214,0.129,0.3,"Mplus",12463,1962603,200,"Alt.Ext","3",2,TRUE,93.890000000014
"5356","X~~Z",0.14,0.112,0.2,"Mplus",12463,1962603,200,"Alt.Ext","3",2,TRUE,93.890000000014
"5357","X=~x1",0.169946753069875,1.80400874988724,0.5,"MC-OrdPLSc",12464,7405771,200,"Alt.Ext","3",3,TRUE,40.8500000000058
"5358","X=~x2",-0.13825204339669,0.743201251242962,0.5,"MC-OrdPLSc",12464,7405771,200,"Alt.Ext","3",3,TRUE,40.8500000000058
"5359","X=~x3",0.469968715763122,5.32991357559259,0.5,"MC-OrdPLSc",12464,7405771,200,"Alt.Ext","3",3,TRUE,40.8500000000058
"5360","Z=~z1",0.559214990573975,1.18650655905139,0.5,"MC-OrdPLSc",12464,7405771,200,"Alt.Ext","3",3,TRUE,40.8500000000058
"5361","Z=~z2",0.523567205270126,0.648105450137777,0.5,"MC-OrdPLSc",12464,7405771,200,"Alt.Ext","3",3,TRUE,40.8500000000058
"5362","Z=~z3",0.47331400443072,1.14659107118954,0.5,"MC-OrdPLSc",12464,7405771,200,"Alt.Ext","3",3,TRUE,40.8500000000058
"5363","Y=~y1",0.409941368949614,0.745918762806322,0.5,"MC-OrdPLSc",12464,7405771,200,"Alt.Ext","3",3,TRUE,40.8500000000058
"5364","Y=~y2",0.200532456263965,0.891768801824756,0.5,"MC-OrdPLSc",12464,7405771,200,"Alt.Ext","3",3,TRUE,40.8500000000058
"5365","Y=~y3",0.519963863530999,1.06221783064456,0.5,"MC-OrdPLSc",12464,7405771,200,"Alt.Ext","3",3,TRUE,40.8500000000058
"5366","Y~X",0.622063130300953,6.5863327264334,0.4,"MC-OrdPLSc",12464,7405771,200,"Alt.Ext","3",3,TRUE,40.8500000000058
"5367","Y~Z",0.357082794038827,5.53281056529429,0.5,"MC-OrdPLSc",12464,7405771,200,"Alt.Ext","3",3,TRUE,40.8500000000058
"5368","Y~X:Z",0.0564645846579131,2.08780984012579,0.3,"MC-OrdPLSc",12464,7405771,200,"Alt.Ext","3",3,TRUE,40.8500000000058
"5369","X~~Z",0.491581419260433,4.74782523969638,0.2,"MC-OrdPLSc",12464,7405771,200,"Alt.Ext","3",3,TRUE,40.8500000000058
"5370","X=~x1",0.159519889732663,0.336196442005186,0.5,"PLSc",12464,7405771,200,"Alt.Ext","3",3,FALSE,6.14000000001397
"5371","X=~x2",-0.39220774279434,0.361733549851845,0.5,"PLSc",12464,7405771,200,"Alt.Ext","3",3,FALSE,6.14000000001397
"5372","X=~x3",0.900421266726408,0.345928539337814,0.5,"PLSc",12464,7405771,200,"Alt.Ext","3",3,FALSE,6.14000000001397
"5373","Z=~z1",0.453600041996099,0.280994844654319,0.5,"PLSc",12464,7405771,200,"Alt.Ext","3",3,FALSE,6.14000000001397
"5374","Z=~z2",0.447282284250899,0.255342058754148,0.5,"PLSc",12464,7405771,200,"Alt.Ext","3",3,FALSE,6.14000000001397
"5375","Z=~z3",0.341991114388793,0.284147333221063,0.5,"PLSc",12464,7405771,200,"Alt.Ext","3",3,FALSE,6.14000000001397
"5376","Y=~y1",0.308694696231926,0.265810351116566,0.5,"PLSc",12464,7405771,200,"Alt.Ext","3",3,FALSE,6.14000000001397
"5377","Y=~y2",0.154231951865703,0.23118063910887,0.5,"PLSc",12464,7405771,200,"Alt.Ext","3",3,FALSE,6.14000000001397
"5378","Y=~y3",0.414295482543427,0.260755408889027,0.5,"PLSc",12464,7405771,200,"Alt.Ext","3",3,FALSE,6.14000000001397
"5379","Y~X",0.210921625448284,3.66456979520197,0.4,"PLSc",12464,7405771,200,"Alt.Ext","3",3,FALSE,6.14000000001397
"5380","Y~Z",0.557037087974064,2.56900669449101,0.5,"PLSc",12464,7405771,200,"Alt.Ext","3",3,FALSE,6.14000000001397
"5381","Y~X:Z",0.043012496771093,2.74815151622159,0.3,"PLSc",12464,7405771,200,"Alt.Ext","3",3,FALSE,6.14000000001397
"5382","X~~Z",0.187992455740719,0.473577630745336,0.2,"PLSc",12464,7405771,200,"Alt.Ext","3",3,FALSE,6.14000000001397
"5383","X=~x1",0.36126657716428,0.446895234623445,0.5,"PLS",12464,7405771,200,"Alt.Ext","3",3,TRUE,4.5800000000163
"5384","X=~x2",-0.285064928163572,0.44969945262104,0.5,"PLS",12464,7405771,200,"Alt.Ext","3",3,TRUE,4.5800000000163
"5385","X=~x3",0.911349076312378,0.39914753815623,0.5,"PLS",12464,7405771,200,"Alt.Ext","3",3,TRUE,4.5800000000163
"5386","Z=~z1",0.704985246310161,0.347262195609513,0.5,"PLS",12464,7405771,200,"Alt.Ext","3",3,TRUE,4.5800000000163
"5387","Z=~z2",0.68240707189318,0.330855459888567,0.5,"PLS",12464,7405771,200,"Alt.Ext","3",3,TRUE,4.5800000000163
"5388","Z=~z3",0.618920169352282,0.338523084152459,0.5,"PLS",12464,7405771,200,"Alt.Ext","3",3,TRUE,4.5800000000163
"5389","Y=~y1",0.639160846996876,0.341970135024749,0.5,"PLS",12464,7405771,200,"Alt.Ext","3",3,TRUE,4.5800000000163
"5390","Y=~y2",0.333913230513651,0.357507529754047,0.5,"PLS",12464,7405771,200,"Alt.Ext","3",3,TRUE,4.5800000000163
"5391","Y=~y3",0.798858269811316,0.305492513500052,0.5,"PLS",12464,7405771,200,"Alt.Ext","3",3,TRUE,4.5800000000163
"5392","Y~X",0.132399491348624,0.0928023669816427,0.4,"PLS",12464,7405771,200,"Alt.Ext","3",3,TRUE,4.5800000000163
"5393","Y~Z",0.168668015129299,0.105729932585758,0.5,"PLS",12464,7405771,200,"Alt.Ext","3",3,TRUE,4.5800000000163
"5394","Y~X:Z",0.000881738153107096,0.0955455346606911,0.3,"PLS",12464,7405771,200,"Alt.Ext","3",3,TRUE,4.5800000000163
"5395","X~~Z",0.117461672616456,0.111955644042789,0.2,"PLS",12464,7405771,200,"Alt.Ext","3",3,TRUE,4.5800000000163
"5396","X=~x1",0.537,0.057,0.5,"Mplus",12464,7405771,200,"Alt.Ext","3",3,TRUE,156.130000000005
"5397","X=~x2",0.182,0.107,0.5,"Mplus",12464,7405771,200,"Alt.Ext","3",3,TRUE,156.130000000005
"5398","X=~x3",0.99,0.002,0.5,"Mplus",12464,7405771,200,"Alt.Ext","3",3,TRUE,156.130000000005
"5399","Z=~z1",0.412,0.126,0.5,"Mplus",12464,7405771,200,"Alt.Ext","3",3,TRUE,156.130000000005
"5400","Z=~z2",0.5,0.126,0.5,"Mplus",12464,7405771,200,"Alt.Ext","3",3,TRUE,156.130000000005
"5401","Z=~z3",0.614,0.158,0.5,"Mplus",12464,7405771,200,"Alt.Ext","3",3,TRUE,156.130000000005
"5402","Y=~y1",0.37,0.168,0.5,"Mplus",12464,7405771,200,"Alt.Ext","3",3,TRUE,156.130000000005
"5403","Y=~y2",0.202,0.156,0.5,"Mplus",12464,7405771,200,"Alt.Ext","3",3,TRUE,156.130000000005
"5404","Y=~y3",0.659,0.289,0.5,"Mplus",12464,7405771,200,"Alt.Ext","3",3,TRUE,156.130000000005
"5405","Y~X",0.226,0.197,0.4,"Mplus",12464,7405771,200,"Alt.Ext","3",3,TRUE,156.130000000005
"5406","Y~Z",0.546,0.219,0.5,"Mplus",12464,7405771,200,"Alt.Ext","3",3,TRUE,156.130000000005
"5407","Y~X:Z",0.308,0.225,0.3,"Mplus",12464,7405771,200,"Alt.Ext","3",3,TRUE,156.130000000005
"5408","X~~Z",0.374,0.143,0.2,"Mplus",12464,7405771,200,"Alt.Ext","3",3,TRUE,156.130000000005
"5409","X=~x1",0.847674327584942,0.0792793190724869,0.8,"MC-OrdPLSc",12465,143121,500,"Alt.Ext","3",2,TRUE,18.1499999999942
"5410","X=~x2",0.713764820176706,0.0650012684466373,0.8,"MC-OrdPLSc",12465,143121,500,"Alt.Ext","3",2,TRUE,18.1499999999942
"5411","X=~x3",0.788194281840134,0.0701992628557773,0.8,"MC-OrdPLSc",12465,143121,500,"Alt.Ext","3",2,TRUE,18.1499999999942
"5412","Z=~z1",0.839721619779091,0.0477915451436485,0.8,"MC-OrdPLSc",12465,143121,500,"Alt.Ext","3",2,TRUE,18.1499999999942
"5413","Z=~z2",0.680000027270448,0.067334596328833,0.8,"MC-OrdPLSc",12465,143121,500,"Alt.Ext","3",2,TRUE,18.1499999999942
"5414","Z=~z3",0.871606961783723,0.0473473562304954,0.8,"MC-OrdPLSc",12465,143121,500,"Alt.Ext","3",2,TRUE,18.1499999999942
"5415","Y=~y1",0.8095998204743,0.052658870911315,0.8,"MC-OrdPLSc",12465,143121,500,"Alt.Ext","3",2,TRUE,18.1499999999942
"5416","Y=~y2",0.841618196354474,0.0502063690396418,0.8,"MC-OrdPLSc",12465,143121,500,"Alt.Ext","3",2,TRUE,18.1499999999942
"5417","Y=~y3",0.735854601862278,0.0628470852756571,0.8,"MC-OrdPLSc",12465,143121,500,"Alt.Ext","3",2,TRUE,18.1499999999942
"5418","Y~X",0.375127862368906,0.0570528238026711,0.4,"MC-OrdPLSc",12465,143121,500,"Alt.Ext","3",2,TRUE,18.1499999999942
"5419","Y~Z",0.549808313830968,0.0492333223199075,0.5,"MC-OrdPLSc",12465,143121,500,"Alt.Ext","3",2,TRUE,18.1499999999942
"5420","Y~X:Z",0.407511770376714,0.0552826436256576,0.3,"MC-OrdPLSc",12465,143121,500,"Alt.Ext","3",2,TRUE,18.1499999999942
"5421","X~~Z",0.246559312476336,0.0812411622544122,0.2,"MC-OrdPLSc",12465,143121,500,"Alt.Ext","3",2,TRUE,18.1499999999942
"5422","X=~x1",0.802212623667955,0.115652330525522,0.8,"PLSc",12465,143121,500,"Alt.Ext","3",2,TRUE,4.68000000002212
"5423","X=~x2",0.485653460817561,0.121593808195411,0.8,"PLSc",12465,143121,500,"Alt.Ext","3",2,TRUE,4.68000000002212
"5424","X=~x3",0.713073795213367,0.110199590829478,0.8,"PLSc",12465,143121,500,"Alt.Ext","3",2,TRUE,4.68000000002212
"5425","Z=~z1",0.757122092800842,0.0630796303827184,0.8,"PLSc",12465,143121,500,"Alt.Ext","3",2,TRUE,4.68000000002212
"5426","Z=~z2",0.501177779141064,0.0924008195849891,0.8,"PLSc",12465,143121,500,"Alt.Ext","3",2,TRUE,4.68000000002212
"5427","Z=~z3",0.80002785915659,0.0686812747315437,0.8,"PLSc",12465,143121,500,"Alt.Ext","3",2,TRUE,4.68000000002212
"5428","Y=~y1",0.598471996398194,0.0740656942160672,0.8,"PLSc",12465,143121,500,"Alt.Ext","3",2,TRUE,4.68000000002212
"5429","Y=~y2",0.678084739870363,0.0630019291004707,0.8,"PLSc",12465,143121,500,"Alt.Ext","3",2,TRUE,4.68000000002212
"5430","Y=~y3",0.555500558836414,0.0736754211828852,0.8,"PLSc",12465,143121,500,"Alt.Ext","3",2,TRUE,4.68000000002212
"5431","Y~X",0.330243316103777,0.0701887025930869,0.4,"PLSc",12465,143121,500,"Alt.Ext","3",2,TRUE,4.68000000002212
"5432","Y~Z",0.559015753204968,0.0764197646280969,0.5,"PLSc",12465,143121,500,"Alt.Ext","3",2,TRUE,4.68000000002212
"5433","Y~X:Z",0.325817423738989,0.0584114538812201,0.3,"PLSc",12465,143121,500,"Alt.Ext","3",2,TRUE,4.68000000002212
"5434","X~~Z",0.203004666284018,0.064924382582121,0.2,"PLSc",12465,143121,500,"Alt.Ext","3",2,TRUE,4.68000000002212
"5435","X=~x1",0.83293499852421,0.0410486773045289,0.8,"PLS",12465,143121,500,"Alt.Ext","3",2,TRUE,1.91000000000349
"5436","X=~x2",0.747387539616209,0.0466542716057904,0.8,"PLS",12465,143121,500,"Alt.Ext","3",2,TRUE,1.91000000000349
"5437","X=~x3",0.808987026728569,0.0426482323391229,0.8,"PLS",12465,143121,500,"Alt.Ext","3",2,TRUE,1.91000000000349
"5438","Z=~z1",0.83639039999568,0.0246869838276659,0.8,"PLS",12465,143121,500,"Alt.Ext","3",2,TRUE,1.91000000000349
"5439","Z=~z2",0.719994799241156,0.0488876987125531,0.8,"PLS",12465,143121,500,"Alt.Ext","3",2,TRUE,1.91000000000349
"5440","Z=~z3",0.851893761788643,0.0243250889136074,0.8,"PLS",12465,143121,500,"Alt.Ext","3",2,TRUE,1.91000000000349
"5441","Y=~y1",0.776868934473086,0.0377342210683455,0.8,"PLS",12465,143121,500,"Alt.Ext","3",2,TRUE,1.91000000000349
"5442","Y=~y2",0.792467601430768,0.03004297751088,0.8,"PLS",12465,143121,500,"Alt.Ext","3",2,TRUE,1.91000000000349
"5443","Y=~y3",0.71641524880027,0.0439333803111332,0.8,"PLS",12465,143121,500,"Alt.Ext","3",2,TRUE,1.91000000000349
"5444","Y~X",0.215075421307037,0.0449908533902783,0.4,"PLS",12465,143121,500,"Alt.Ext","3",2,TRUE,1.91000000000349
"5445","Y~Z",0.373829033802823,0.0491522845666954,0.5,"PLS",12465,143121,500,"Alt.Ext","3",2,TRUE,1.91000000000349
"5446","Y~X:Z",0.201498058123287,0.040175926345041,0.3,"PLS",12465,143121,500,"Alt.Ext","3",2,TRUE,1.91000000000349
"5447","X~~Z",0.15313029399989,0.0509318095191121,0.2,"PLS",12465,143121,500,"Alt.Ext","3",2,TRUE,1.91000000000349
"5448","X=~x1",0.759,0.047,0.8,"Mplus",12465,143121,500,"Alt.Ext","3",2,TRUE,168.359999999986
"5449","X=~x2",0.788,0.045,0.8,"Mplus",12465,143121,500,"Alt.Ext","3",2,TRUE,168.359999999986
"5450","X=~x3",0.789,0.045,0.8,"Mplus",12465,143121,500,"Alt.Ext","3",2,TRUE,168.359999999986
"5451","Z=~z1",0.809,0.041,0.8,"Mplus",12465,143121,500,"Alt.Ext","3",2,TRUE,168.359999999986
"5452","Z=~z2",0.705,0.047,0.8,"Mplus",12465,143121,500,"Alt.Ext","3",2,TRUE,168.359999999986
"5453","Z=~z3",0.846,0.039,0.8,"Mplus",12465,143121,500,"Alt.Ext","3",2,TRUE,168.359999999986
"5454","Y=~y1",0.79,0.047,0.8,"Mplus",12465,143121,500,"Alt.Ext","3",2,TRUE,168.359999999986
"5455","Y=~y2",0.848,0.045,0.8,"Mplus",12465,143121,500,"Alt.Ext","3",2,TRUE,168.359999999986
"5456","Y=~y3",0.742,0.055,0.8,"Mplus",12465,143121,500,"Alt.Ext","3",2,TRUE,168.359999999986
"5457","Y~X",0.377,0.052,0.4,"Mplus",12465,143121,500,"Alt.Ext","3",2,TRUE,168.359999999986
"5458","Y~Z",0.561,0.046,0.5,"Mplus",12465,143121,500,"Alt.Ext","3",2,TRUE,168.359999999986
"5459","Y~X:Z",0.427,0.054,0.3,"Mplus",12465,143121,500,"Alt.Ext","3",2,TRUE,168.359999999986
"5460","X~~Z",0.232,0.07,0.2,"Mplus",12465,143121,500,"Alt.Ext","3",2,TRUE,168.359999999986
"5461","X=~x1",0.338997366477134,0.0993099018411174,0.5,"MC-OrdPLSc",12466,2958217,500,"Alt.Ext","3",3,TRUE,25.0599999999977
"5462","X=~x2",0.356110629357638,0.098258881706198,0.5,"MC-OrdPLSc",12466,2958217,500,"Alt.Ext","3",3,TRUE,25.0599999999977
"5463","X=~x3",0.590590528863845,0.11870519886661,0.5,"MC-OrdPLSc",12466,2958217,500,"Alt.Ext","3",3,TRUE,25.0599999999977
"5464","Z=~z1",0.39356417524254,0.149785839869805,0.5,"MC-OrdPLSc",12466,2958217,500,"Alt.Ext","3",3,TRUE,25.0599999999977
"5465","Z=~z2",0.597971852875352,0.135387216944062,0.5,"MC-OrdPLSc",12466,2958217,500,"Alt.Ext","3",3,TRUE,25.0599999999977
"5466","Z=~z3",0.605506187185641,0.149132749298418,0.5,"MC-OrdPLSc",12466,2958217,500,"Alt.Ext","3",3,TRUE,25.0599999999977
"5467","Y=~y1",0.381471611600881,0.111395553002845,0.5,"MC-OrdPLSc",12466,2958217,500,"Alt.Ext","3",3,TRUE,25.0599999999977
"5468","Y=~y2",0.282784101124044,0.0965288979833472,0.5,"MC-OrdPLSc",12466,2958217,500,"Alt.Ext","3",3,TRUE,25.0599999999977
"5469","Y=~y3",0.570706649881643,0.116784495988341,0.5,"MC-OrdPLSc",12466,2958217,500,"Alt.Ext","3",3,TRUE,25.0599999999977
"5470","Y~X",0.846249566437443,0.214927145996496,0.4,"MC-OrdPLSc",12466,2958217,500,"Alt.Ext","3",3,TRUE,25.0599999999977
"5471","Y~Z",0.314023305936833,0.217802397238305,0.5,"MC-OrdPLSc",12466,2958217,500,"Alt.Ext","3",3,TRUE,25.0599999999977
"5472","Y~X:Z",-0.0100454705432705,0.313522925509064,0.3,"MC-OrdPLSc",12466,2958217,500,"Alt.Ext","3",3,TRUE,25.0599999999977
"5473","X~~Z",0.166452788384346,0.127931236564934,0.2,"MC-OrdPLSc",12466,2958217,500,"Alt.Ext","3",3,TRUE,25.0599999999977
"5474","X=~x1",0.241116626439898,0.0886851898109675,0.5,"PLSc",12466,2958217,500,"Alt.Ext","3",3,FALSE,5.44000000000233
"5475","X=~x2",0.299709153192608,0.0819386676951189,0.5,"PLSc",12466,2958217,500,"Alt.Ext","3",3,FALSE,5.44000000000233
"5476","X=~x3",0.473526513583849,0.0957429985650842,0.5,"PLSc",12466,2958217,500,"Alt.Ext","3",3,FALSE,5.44000000000233
"5477","Z=~z1",0.289132537161706,0.137837460246053,0.5,"PLSc",12466,2958217,500,"Alt.Ext","3",3,FALSE,5.44000000000233
"5478","Z=~z2",0.495483027353025,0.13488201937969,0.5,"PLSc",12466,2958217,500,"Alt.Ext","3",3,FALSE,5.44000000000233
"5479","Z=~z3",0.499389944546221,0.131935492572721,0.5,"PLSc",12466,2958217,500,"Alt.Ext","3",3,FALSE,5.44000000000233
"5480","Y=~y1",0.279648382296667,0.0908004286019072,0.5,"PLSc",12466,2958217,500,"Alt.Ext","3",3,FALSE,5.44000000000233
"5481","Y=~y2",0.227637644028094,0.0700746509333342,0.5,"PLSc",12466,2958217,500,"Alt.Ext","3",3,FALSE,5.44000000000233
"5482","Y=~y3",0.473692973913296,0.0931843985812065,0.5,"PLSc",12466,2958217,500,"Alt.Ext","3",3,FALSE,5.44000000000233
"5483","Y~X",1.07811668919638,5.44220218128289,0.4,"PLSc",12466,2958217,500,"Alt.Ext","3",3,FALSE,5.44000000000233
"5484","Y~Z",0.412868080626063,2.71401906182242,0.5,"PLSc",12466,2958217,500,"Alt.Ext","3",3,FALSE,5.44000000000233
"5485","Y~X:Z",0.118252839912592,5.37270985209721,0.3,"PLSc",12466,2958217,500,"Alt.Ext","3",3,FALSE,5.44000000000233
"5486","X~~Z",0.156863337834696,0.134516560900508,0.2,"PLSc",12466,2958217,500,"Alt.Ext","3",3,FALSE,5.44000000000233
"5487","X=~x1",0.515132436139623,0.115698606938891,0.5,"PLS",12466,2958217,500,"Alt.Ext","3",3,TRUE,2.77000000001863
"5488","X=~x2",0.541320882040813,0.116514735486196,0.5,"PLS",12466,2958217,500,"Alt.Ext","3",3,TRUE,2.77000000001863
"5489","X=~x3",0.810135726337263,0.0634555112622734,0.5,"PLS",12466,2958217,500,"Alt.Ext","3",3,TRUE,2.77000000001863
"5490","Z=~z1",0.522207746031757,0.149300488620974,0.5,"PLS",12466,2958217,500,"Alt.Ext","3",3,TRUE,2.77000000001863
"5491","Z=~z2",0.734545728982958,0.114267824140501,0.5,"PLS",12466,2958217,500,"Alt.Ext","3",3,TRUE,2.77000000001863
"5492","Z=~z3",0.741543027180576,0.111597685552258,0.5,"PLS",12466,2958217,500,"Alt.Ext","3",3,TRUE,2.77000000001863
"5493","Y=~y1",0.58894019491254,0.116430724284043,0.5,"PLS",12466,2958217,500,"Alt.Ext","3",3,TRUE,2.77000000001863
"5494","Y=~y2",0.437192377879916,0.114691479287652,0.5,"PLS",12466,2958217,500,"Alt.Ext","3",3,TRUE,2.77000000001863
"5495","Y=~y3",0.811751861348688,0.0804361999302161,0.5,"PLS",12466,2958217,500,"Alt.Ext","3",3,TRUE,2.77000000001863
"5496","Y~X",0.315922217064809,0.0472476613669568,0.4,"PLS",12466,2958217,500,"Alt.Ext","3",3,TRUE,2.77000000001863
"5497","Y~Z",0.185902195073487,0.0454844407059241,0.5,"PLS",12466,2958217,500,"Alt.Ext","3",3,TRUE,2.77000000001863
"5498","Y~X:Z",-0.038946553601684,0.0444130793414142,0.3,"PLS",12466,2958217,500,"Alt.Ext","3",3,TRUE,2.77000000001863
"5499","X~~Z",0.0569368963445901,0.0469161141016046,0.2,"PLS",12466,2958217,500,"Alt.Ext","3",3,TRUE,2.77000000001863
"5500","X=~x1",0.345,0.058,0.5,"Mplus",12466,2958217,500,"Alt.Ext","3",3,TRUE,216.279999999999
"5501","X=~x2",0.294,0.082,0.5,"Mplus",12466,2958217,500,"Alt.Ext","3",3,TRUE,216.279999999999
"5502","X=~x3",0.63,0.094,0.5,"Mplus",12466,2958217,500,"Alt.Ext","3",3,TRUE,216.279999999999
"5503","Z=~z1",0.419,0.076,0.5,"Mplus",12466,2958217,500,"Alt.Ext","3",3,TRUE,216.279999999999
"5504","Z=~z2",0.557,0.096,0.5,"Mplus",12466,2958217,500,"Alt.Ext","3",3,TRUE,216.279999999999
"5505","Z=~z3",0.569,0.098,0.5,"Mplus",12466,2958217,500,"Alt.Ext","3",3,TRUE,216.279999999999
"5506","Y=~y1",0.396,0.056,0.5,"Mplus",12466,2958217,500,"Alt.Ext","3",3,TRUE,216.279999999999
"5507","Y=~y2",0.249,0.075,0.5,"Mplus",12466,2958217,500,"Alt.Ext","3",3,TRUE,216.279999999999
"5508","Y=~y3",0.533,0.077,0.5,"Mplus",12466,2958217,500,"Alt.Ext","3",3,TRUE,216.279999999999
"5509","Y~X",0.852,0.057,0.4,"Mplus",12466,2958217,500,"Alt.Ext","3",3,TRUE,216.279999999999
"5510","Y~Z",0.378,0.096,0.5,"Mplus",12466,2958217,500,"Alt.Ext","3",3,TRUE,216.279999999999
"5511","Y~X:Z",-0.1,0.049,0.3,"Mplus",12466,2958217,500,"Alt.Ext","3",3,TRUE,216.279999999999
"5512","X~~Z",0.188,0.12,0.2,"Mplus",12466,2958217,500,"Alt.Ext","3",3,TRUE,216.279999999999
"5513","X=~x1",0.836482044204647,0.0479685430873482,0.8,"MC-OrdPLSc",12467,861601,1000,"Alt.Ext","3",2,TRUE,22.5299999999988
"5514","X=~x2",0.754350985800302,0.0467794515560946,0.8,"MC-OrdPLSc",12467,861601,1000,"Alt.Ext","3",2,TRUE,22.5299999999988
"5515","X=~x3",0.786915845952444,0.0440126085762923,0.8,"MC-OrdPLSc",12467,861601,1000,"Alt.Ext","3",2,TRUE,22.5299999999988
"5516","Z=~z1",0.782848130521787,0.0396164576227055,0.8,"MC-OrdPLSc",12467,861601,1000,"Alt.Ext","3",2,TRUE,22.5299999999988
"5517","Z=~z2",0.798578932939655,0.0407854031219571,0.8,"MC-OrdPLSc",12467,861601,1000,"Alt.Ext","3",2,TRUE,22.5299999999988
"5518","Z=~z3",0.751307467264176,0.0416747060394477,0.8,"MC-OrdPLSc",12467,861601,1000,"Alt.Ext","3",2,TRUE,22.5299999999988
"5519","Y=~y1",0.866057772588974,0.0331401472439542,0.8,"MC-OrdPLSc",12467,861601,1000,"Alt.Ext","3",2,TRUE,22.5299999999988
"5520","Y=~y2",0.7778375131104,0.0408958593216846,0.8,"MC-OrdPLSc",12467,861601,1000,"Alt.Ext","3",2,TRUE,22.5299999999988
"5521","Y=~y3",0.818664101540304,0.0373012053335536,0.8,"MC-OrdPLSc",12467,861601,1000,"Alt.Ext","3",2,TRUE,22.5299999999988
"5522","Y~X",0.406405856776512,0.0375111507121018,0.4,"MC-OrdPLSc",12467,861601,1000,"Alt.Ext","3",2,TRUE,22.5299999999988
"5523","Y~Z",0.507269932860185,0.0344580078892239,0.5,"MC-OrdPLSc",12467,861601,1000,"Alt.Ext","3",2,TRUE,22.5299999999988
"5524","Y~X:Z",0.360191371245778,0.0452880078461081,0.3,"MC-OrdPLSc",12467,861601,1000,"Alt.Ext","3",2,TRUE,22.5299999999988
"5525","X~~Z",0.237130627951199,0.0579530597608698,0.2,"MC-OrdPLSc",12467,861601,1000,"Alt.Ext","3",2,TRUE,22.5299999999988
"5526","X=~x1",0.781604973114069,0.07156657748817,0.8,"PLSc",12467,861601,1000,"Alt.Ext","3",2,TRUE,6.94999999998254
"5527","X=~x2",0.619763798252515,0.0775364585347129,0.8,"PLSc",12467,861601,1000,"Alt.Ext","3",2,TRUE,6.94999999998254
"5528","X=~x3",0.642936823985912,0.06903296584098,0.8,"PLSc",12467,861601,1000,"Alt.Ext","3",2,TRUE,6.94999999998254
"5529","Z=~z1",0.655826530434779,0.0555068499937158,0.8,"PLSc",12467,861601,1000,"Alt.Ext","3",2,TRUE,6.94999999998254
"5530","Z=~z2",0.720697656322086,0.0506032920887087,0.8,"PLSc",12467,861601,1000,"Alt.Ext","3",2,TRUE,6.94999999998254
"5531","Z=~z3",0.62117769072958,0.0540496235430569,0.8,"PLSc",12467,861601,1000,"Alt.Ext","3",2,TRUE,6.94999999998254
"5532","Y=~y1",0.739036413177931,0.0457399948852382,0.8,"PLSc",12467,861601,1000,"Alt.Ext","3",2,TRUE,6.94999999998254
"5533","Y=~y2",0.570215903653888,0.0483651518625299,0.8,"PLSc",12467,861601,1000,"Alt.Ext","3",2,TRUE,6.94999999998254
"5534","Y=~y3",0.654574808348042,0.0434868270257061,0.8,"PLSc",12467,861601,1000,"Alt.Ext","3",2,TRUE,6.94999999998254
"5535","Y~X",0.368073165716355,0.0513055060809812,0.4,"PLSc",12467,861601,1000,"Alt.Ext","3",2,TRUE,6.94999999998254
"5536","Y~Z",0.489691473299109,0.0501133467739324,0.5,"PLSc",12467,861601,1000,"Alt.Ext","3",2,TRUE,6.94999999998254
"5537","Y~X:Z",0.284383821567002,0.0474795891164689,0.3,"PLSc",12467,861601,1000,"Alt.Ext","3",2,TRUE,6.94999999998254
"5538","X~~Z",0.196899982770823,0.0483562824605381,0.2,"PLSc",12467,861601,1000,"Alt.Ext","3",2,TRUE,6.94999999998254
"5539","X=~x1",0.826543329765574,0.0251426094014348,0.8,"PLS",12467,861601,1000,"Alt.Ext","3",2,TRUE,2
"5540","X=~x2",0.779588388705218,0.0325754721602443,0.8,"PLS",12467,861601,1000,"Alt.Ext","3",2,TRUE,2
"5541","X=~x3",0.799562700573896,0.0287310572626917,0.8,"PLS",12467,861601,1000,"Alt.Ext","3",2,TRUE,2
"5542","Z=~z1",0.797672335913289,0.023395409355678,0.8,"PLS",12467,861601,1000,"Alt.Ext","3",2,TRUE,2
"5543","Z=~z2",0.805521836620938,0.0215919606490975,0.8,"PLS",12467,861601,1000,"Alt.Ext","3",2,TRUE,2
"5544","Z=~z3",0.776240503298673,0.0250781448058344,0.8,"PLS",12467,861601,1000,"Alt.Ext","3",2,TRUE,2
"5545","Y=~y1",0.813410184279797,0.0195558028493208,0.8,"PLS",12467,861601,1000,"Alt.Ext","3",2,TRUE,2
"5546","Y=~y2",0.757365027259101,0.0251886739508411,0.8,"PLS",12467,861601,1000,"Alt.Ext","3",2,TRUE,2
"5547","Y=~y3",0.789394448469345,0.0217307829707131,0.8,"PLS",12467,861601,1000,"Alt.Ext","3",2,TRUE,2
"5548","Y~X",0.250561889851426,0.0336639120079934,0.4,"PLS",12467,861601,1000,"Alt.Ext","3",2,TRUE,2
"5549","Y~Z",0.334323956303906,0.033530005680237,0.5,"PLS",12467,861601,1000,"Alt.Ext","3",2,TRUE,2
"5550","Y~X:Z",0.167935661715219,0.031313372804476,0.3,"PLS",12467,861601,1000,"Alt.Ext","3",2,TRUE,2
"5551","X~~Z",0.142101767109212,0.0358494332333593,0.2,"PLS",12467,861601,1000,"Alt.Ext","3",2,TRUE,2
"5552","X=~x1",0.763,0.032,0.8,"Mplus",12467,861601,1000,"Alt.Ext","3",2,TRUE,297.5
"5553","X=~x2",0.8,0.031,0.8,"Mplus",12467,861601,1000,"Alt.Ext","3",2,TRUE,297.5
"5554","X=~x3",0.799,0.031,0.8,"Mplus",12467,861601,1000,"Alt.Ext","3",2,TRUE,297.5
"5555","Z=~z1",0.793,0.031,0.8,"Mplus",12467,861601,1000,"Alt.Ext","3",2,TRUE,297.5
"5556","Z=~z2",0.753,0.033,0.8,"Mplus",12467,861601,1000,"Alt.Ext","3",2,TRUE,297.5
"5557","Z=~z3",0.768,0.032,0.8,"Mplus",12467,861601,1000,"Alt.Ext","3",2,TRUE,297.5
"5558","Y=~y1",0.815,0.032,0.8,"Mplus",12467,861601,1000,"Alt.Ext","3",2,TRUE,297.5
"5559","Y=~y2",0.803,0.032,0.8,"Mplus",12467,861601,1000,"Alt.Ext","3",2,TRUE,297.5
"5560","Y=~y3",0.813,0.032,0.8,"Mplus",12467,861601,1000,"Alt.Ext","3",2,TRUE,297.5
"5561","Y~X",0.405,0.038,0.4,"Mplus",12467,861601,1000,"Alt.Ext","3",2,TRUE,297.5
"5562","Y~Z",0.497,0.036,0.5,"Mplus",12467,861601,1000,"Alt.Ext","3",2,TRUE,297.5
"5563","Y~X:Z",0.377,0.044,0.3,"Mplus",12467,861601,1000,"Alt.Ext","3",2,TRUE,297.5
"5564","X~~Z",0.242,0.05,0.2,"Mplus",12467,861601,1000,"Alt.Ext","3",2,TRUE,297.5
"5565","X=~x1",0.444292451278126,0.250161402884865,0.5,"MC-OrdPLSc",12468,1933605,1000,"Alt.Ext","3",3,TRUE,27.9400000000023
"5566","X=~x2",0.475173225362205,0.213628267977109,0.5,"MC-OrdPLSc",12468,1933605,1000,"Alt.Ext","3",3,TRUE,27.9400000000023
"5567","X=~x3",0.591126625729754,0.42414103779899,0.5,"MC-OrdPLSc",12468,1933605,1000,"Alt.Ext","3",3,TRUE,27.9400000000023
"5568","Z=~z1",0.379422961732012,0.0929228716221701,0.5,"MC-OrdPLSc",12468,1933605,1000,"Alt.Ext","3",3,TRUE,27.9400000000023
"5569","Z=~z2",0.438234151929043,0.120373974664842,0.5,"MC-OrdPLSc",12468,1933605,1000,"Alt.Ext","3",3,TRUE,27.9400000000023
"5570","Z=~z3",0.723021320827152,0.119947952836837,0.5,"MC-OrdPLSc",12468,1933605,1000,"Alt.Ext","3",3,TRUE,27.9400000000023
"5571","Y=~y1",0.583941476836069,0.104088963191297,0.5,"MC-OrdPLSc",12468,1933605,1000,"Alt.Ext","3",3,TRUE,27.9400000000023
"5572","Y=~y2",0.528649538167466,0.13110811813528,0.5,"MC-OrdPLSc",12468,1933605,1000,"Alt.Ext","3",3,TRUE,27.9400000000023
"5573","Y=~y3",0.409015981617719,0.114012010538347,0.5,"MC-OrdPLSc",12468,1933605,1000,"Alt.Ext","3",3,TRUE,27.9400000000023
"5574","Y~X",0.240280150583008,0.105725750126385,0.4,"MC-OrdPLSc",12468,1933605,1000,"Alt.Ext","3",3,TRUE,27.9400000000023
"5575","Y~Z",0.52356511697103,0.102156407950144,0.5,"MC-OrdPLSc",12468,1933605,1000,"Alt.Ext","3",3,TRUE,27.9400000000023
"5576","Y~X:Z",0.421837368804401,0.193982610306588,0.3,"MC-OrdPLSc",12468,1933605,1000,"Alt.Ext","3",3,TRUE,27.9400000000023
"5577","X~~Z",0.319282189499466,0.109063012879639,0.2,"MC-OrdPLSc",12468,1933605,1000,"Alt.Ext","3",3,TRUE,27.9400000000023
"5578","X=~x1",0.348959243269421,0.190084553156532,0.5,"PLSc",12468,1933605,1000,"Alt.Ext","3",3,TRUE,7.61999999999534
"5579","X=~x2",0.386710228350253,0.1983709915555,0.5,"PLSc",12468,1933605,1000,"Alt.Ext","3",3,TRUE,7.61999999999534
"5580","X=~x3",0.460697960880895,0.192445272751805,0.5,"PLSc",12468,1933605,1000,"Alt.Ext","3",3,TRUE,7.61999999999534
"5581","Z=~z1",0.287285301295141,0.102246083886003,0.5,"PLSc",12468,1933605,1000,"Alt.Ext","3",3,TRUE,7.61999999999534
"5582","Z=~z2",0.356279311352627,0.0861710058915607,0.5,"PLSc",12468,1933605,1000,"Alt.Ext","3",3,TRUE,7.61999999999534
"5583","Z=~z3",0.599084278757772,0.0999029070608237,0.5,"PLSc",12468,1933605,1000,"Alt.Ext","3",3,TRUE,7.61999999999534
"5584","Y=~y1",0.426606373942372,0.0845941133651713,0.5,"PLSc",12468,1933605,1000,"Alt.Ext","3",3,TRUE,7.61999999999534
"5585","Y=~y2",0.396585322316243,0.0769153983871172,0.5,"PLSc",12468,1933605,1000,"Alt.Ext","3",3,TRUE,7.61999999999534
"5586","Y=~y3",0.287851599050106,0.0995310234591808,0.5,"PLSc",12468,1933605,1000,"Alt.Ext","3",3,TRUE,7.61999999999534
"5587","Y~X",0.262888947286804,0.329386653542885,0.4,"PLSc",12468,1933605,1000,"Alt.Ext","3",3,TRUE,7.61999999999534
"5588","Y~Z",0.629828409659941,0.413344619516333,0.5,"PLSc",12468,1933605,1000,"Alt.Ext","3",3,TRUE,7.61999999999534
"5589","Y~X:Z",0.45844515598503,0.689022723908505,0.3,"PLSc",12468,1933605,1000,"Alt.Ext","3",3,TRUE,7.61999999999534
"5590","X~~Z",0.304822351497087,0.110688629852882,0.2,"PLSc",12468,1933605,1000,"Alt.Ext","3",3,TRUE,7.61999999999534
"5591","X=~x1",0.602353824007718,0.21601744474109,0.5,"PLS",12468,1933605,1000,"Alt.Ext","3",3,TRUE,2.83999999999651
"5592","X=~x2",0.641712211229518,0.228223840140686,0.5,"PLS",12468,1933605,1000,"Alt.Ext","3",3,TRUE,2.83999999999651
"5593","X=~x3",0.734993595744192,0.205288628238351,0.5,"PLS",12468,1933605,1000,"Alt.Ext","3",3,TRUE,2.83999999999651
"5594","Z=~z1",0.521682952014705,0.11145292025564,0.5,"PLS",12468,1933605,1000,"Alt.Ext","3",3,TRUE,2.83999999999651
"5595","Z=~z2",0.595053889235001,0.0962585853166916,0.5,"PLS",12468,1933605,1000,"Alt.Ext","3",3,TRUE,2.83999999999651
"5596","Z=~z3",0.831550444330565,0.0610353198440835,0.5,"PLS",12468,1933605,1000,"Alt.Ext","3",3,TRUE,2.83999999999651
"5597","Y=~y1",0.722685883046987,0.0870050530494361,0.5,"PLS",12468,1933605,1000,"Alt.Ext","3",3,TRUE,2.83999999999651
"5598","Y=~y2",0.670731358971238,0.090597831422015,0.5,"PLS",12468,1933605,1000,"Alt.Ext","3",3,TRUE,2.83999999999651
"5599","Y=~y3",0.547309959590785,0.123558977752306,0.5,"PLS",12468,1933605,1000,"Alt.Ext","3",3,TRUE,2.83999999999651
"5600","Y~X",0.0849220189658779,0.0358949794670948,0.4,"PLS",12468,1933605,1000,"Alt.Ext","3",3,TRUE,2.83999999999651
"5601","Y~Z",0.195369959490617,0.0331419193236847,0.5,"PLS",12468,1933605,1000,"Alt.Ext","3",3,TRUE,2.83999999999651
"5602","Y~X:Z",0.0924017545480716,0.0409054448901304,0.3,"PLS",12468,1933605,1000,"Alt.Ext","3",3,TRUE,2.83999999999651
"5603","X~~Z",0.122227209850822,0.0390641525596628,0.2,"PLS",12468,1933605,1000,"Alt.Ext","3",3,TRUE,2.83999999999651
"5604","X=~x1",0.412,0.063,0.5,"Mplus",12468,1933605,1000,"Alt.Ext","3",3,TRUE,334.619999999995
"5605","X=~x2",0.459,0.067,0.5,"Mplus",12468,1933605,1000,"Alt.Ext","3",3,TRUE,334.619999999995
"5606","X=~x3",0.55,0.073,0.5,"Mplus",12468,1933605,1000,"Alt.Ext","3",3,TRUE,334.619999999995
"5607","Z=~z1",0.432,0.059,0.5,"Mplus",12468,1933605,1000,"Alt.Ext","3",3,TRUE,334.619999999995
"5608","Z=~z2",0.475,0.06,0.5,"Mplus",12468,1933605,1000,"Alt.Ext","3",3,TRUE,334.619999999995
"5609","Z=~z3",0.588,0.067,0.5,"Mplus",12468,1933605,1000,"Alt.Ext","3",3,TRUE,334.619999999995
"5610","Y=~y1",0.638,0.086,0.5,"Mplus",12468,1933605,1000,"Alt.Ext","3",3,TRUE,334.619999999995
"5611","Y=~y2",0.468,0.079,0.5,"Mplus",12468,1933605,1000,"Alt.Ext","3",3,TRUE,334.619999999995
"5612","Y=~y3",0.533,0.091,0.5,"Mplus",12468,1933605,1000,"Alt.Ext","3",3,TRUE,334.619999999995
"5613","Y~X",0.328,0.085,0.4,"Mplus",12468,1933605,1000,"Alt.Ext","3",3,TRUE,334.619999999995
"5614","Y~Z",0.485,0.074,0.5,"Mplus",12468,1933605,1000,"Alt.Ext","3",3,TRUE,334.619999999995
"5615","Y~X:Z",0.55,0.102,0.3,"Mplus",12468,1933605,1000,"Alt.Ext","3",3,TRUE,334.619999999995
"5616","X~~Z",0.358,0.082,0.2,"Mplus",12468,1933605,1000,"Alt.Ext","3",3,TRUE,334.619999999995
"5617","X=~x1",0.877294718631003,0.0615787630805808,0.8,"MC-OrdPLSc",12469,3271557,200,"Alt.Ext","5",2,TRUE,20.9400000000023
"5618","X=~x2",0.70311460178917,0.067327812401768,0.8,"MC-OrdPLSc",12469,3271557,200,"Alt.Ext","5",2,TRUE,20.9400000000023
"5619","X=~x3",0.830024236020694,0.0744585633148262,0.8,"MC-OrdPLSc",12469,3271557,200,"Alt.Ext","5",2,TRUE,20.9400000000023
"5620","Z=~z1",0.822735487532637,0.058675567024884,0.8,"MC-OrdPLSc",12469,3271557,200,"Alt.Ext","5",2,TRUE,20.9400000000023
"5621","Z=~z2",0.781603668778195,0.0624249949684392,0.8,"MC-OrdPLSc",12469,3271557,200,"Alt.Ext","5",2,TRUE,20.9400000000023
"5622","Z=~z3",0.85097983597564,0.0553191698117381,0.8,"MC-OrdPLSc",12469,3271557,200,"Alt.Ext","5",2,TRUE,20.9400000000023
"5623","Y=~y1",0.830255863743307,0.0498153166192187,0.8,"MC-OrdPLSc",12469,3271557,200,"Alt.Ext","5",2,TRUE,20.9400000000023
"5624","Y=~y2",0.81612359382024,0.0482729766728365,0.8,"MC-OrdPLSc",12469,3271557,200,"Alt.Ext","5",2,TRUE,20.9400000000023
"5625","Y=~y3",0.807106982364227,0.0653913601203701,0.8,"MC-OrdPLSc",12469,3271557,200,"Alt.Ext","5",2,TRUE,20.9400000000023
"5626","Y~X",0.461381521800756,0.0682374870982035,0.4,"MC-OrdPLSc",12469,3271557,200,"Alt.Ext","5",2,TRUE,20.9400000000023
"5627","Y~Z",0.470516021459314,0.0689070831109093,0.5,"MC-OrdPLSc",12469,3271557,200,"Alt.Ext","5",2,TRUE,20.9400000000023
"5628","Y~X:Z",0.370862105375919,0.0973838950909258,0.3,"MC-OrdPLSc",12469,3271557,200,"Alt.Ext","5",2,TRUE,20.9400000000023
"5629","X~~Z",0.0723589593603302,0.0923538072155008,0.2,"MC-OrdPLSc",12469,3271557,200,"Alt.Ext","5",2,TRUE,20.9400000000023
"5630","X=~x1",0.86774687593989,0.102758149981452,0.8,"PLSc",12469,3271557,200,"Alt.Ext","5",2,TRUE,3.07000000000698
"5631","X=~x2",0.59032872623216,0.128849357016801,0.8,"PLSc",12469,3271557,200,"Alt.Ext","5",2,TRUE,3.07000000000698
"5632","X=~x3",0.772830521256603,0.117549535841547,0.8,"PLSc",12469,3271557,200,"Alt.Ext","5",2,TRUE,3.07000000000698
"5633","Z=~z1",0.627848546192279,0.118180918227078,0.8,"PLSc",12469,3271557,200,"Alt.Ext","5",2,TRUE,3.07000000000698
"5634","Z=~z2",0.754729199062412,0.108100173494916,0.8,"PLSc",12469,3271557,200,"Alt.Ext","5",2,TRUE,3.07000000000698
"5635","Z=~z3",0.877626402287666,0.0943104237062209,0.8,"PLSc",12469,3271557,200,"Alt.Ext","5",2,TRUE,3.07000000000698
"5636","Y=~y1",0.771834507274224,0.0712218475273444,0.8,"PLSc",12469,3271557,200,"Alt.Ext","5",2,TRUE,3.07000000000698
"5637","Y=~y2",0.725088369117987,0.0707855352349405,0.8,"PLSc",12469,3271557,200,"Alt.Ext","5",2,TRUE,3.07000000000698
"5638","Y=~y3",0.673322291851501,0.079796288909332,0.8,"PLSc",12469,3271557,200,"Alt.Ext","5",2,TRUE,3.07000000000698
"5639","Y~X",0.405471171580754,0.0779772719298071,0.4,"PLSc",12469,3271557,200,"Alt.Ext","5",2,TRUE,3.07000000000698
"5640","Y~Z",0.416535418490489,0.0847809151042667,0.5,"PLSc",12469,3271557,200,"Alt.Ext","5",2,TRUE,3.07000000000698
"5641","Y~X:Z",0.306646351726731,0.100235704804253,0.3,"PLSc",12469,3271557,200,"Alt.Ext","5",2,TRUE,3.07000000000698
"5642","X~~Z",0.0639905092502699,0.0846716346853688,0.2,"PLSc",12469,3271557,200,"Alt.Ext","5",2,TRUE,3.07000000000698
"5643","X=~x1",0.876800482929847,0.0275023340284307,0.8,"PLS",12469,3271557,200,"Alt.Ext","5",2,TRUE,2.02999999999884
"5644","X=~x2",0.773740748957717,0.0567488291119473,0.8,"PLS",12469,3271557,200,"Alt.Ext","5",2,TRUE,2.02999999999884
"5645","X=~x3",0.858791208188541,0.0370834114503408,0.8,"PLS",12469,3271557,200,"Alt.Ext","5",2,TRUE,2.02999999999884
"5646","Z=~z1",0.850639120906466,0.03763093282693,0.8,"PLS",12469,3271557,200,"Alt.Ext","5",2,TRUE,2.02999999999884
"5647","Z=~z2",0.824924493979007,0.0401540049701668,0.8,"PLS",12469,3271557,200,"Alt.Ext","5",2,TRUE,2.02999999999884
"5648","Z=~z3",0.864250548245247,0.0277924939468455,0.8,"PLS",12469,3271557,200,"Alt.Ext","5",2,TRUE,2.02999999999884
"5649","Y=~y1",0.83174255725413,0.0290547165769735,0.8,"PLS",12469,3271557,200,"Alt.Ext","5",2,TRUE,2.02999999999884
"5650","Y=~y2",0.826149008466486,0.0286319263811447,0.8,"PLS",12469,3271557,200,"Alt.Ext","5",2,TRUE,2.02999999999884
"5651","Y=~y3",0.821177267372618,0.036121648344267,0.8,"PLS",12469,3271557,200,"Alt.Ext","5",2,TRUE,2.02999999999884
"5652","Y~X",0.327799565808896,0.0571365515545748,0.4,"PLS",12469,3271557,200,"Alt.Ext","5",2,TRUE,2.02999999999884
"5653","Y~Z",0.336984379351808,0.0655448935306492,0.5,"PLS",12469,3271557,200,"Alt.Ext","5",2,TRUE,2.02999999999884
"5654","Y~X:Z",0.204087865168728,0.0618800680903717,0.3,"PLS",12469,3271557,200,"Alt.Ext","5",2,TRUE,2.02999999999884
"5655","X~~Z",0.0523164439913351,0.0704170999174843,0.2,"PLS",12469,3271557,200,"Alt.Ext","5",2,TRUE,2.02999999999884
"5656","X=~x1",0.797,0.053,0.8,"Mplus",12469,3271557,200,"Alt.Ext","5",2,TRUE,104.550000000017
"5657","X=~x2",0.762,0.054,0.8,"Mplus",12469,3271557,200,"Alt.Ext","5",2,TRUE,104.550000000017
"5658","X=~x3",0.825,0.05,0.8,"Mplus",12469,3271557,200,"Alt.Ext","5",2,TRUE,104.550000000017
"5659","Z=~z1",0.836,0.047,0.8,"Mplus",12469,3271557,200,"Alt.Ext","5",2,TRUE,104.550000000017
"5660","Z=~z2",0.751,0.057,0.8,"Mplus",12469,3271557,200,"Alt.Ext","5",2,TRUE,104.550000000017
"5661","Z=~z3",0.834,0.051,0.8,"Mplus",12469,3271557,200,"Alt.Ext","5",2,TRUE,104.550000000017
"5662","Y=~y1",0.795,0.056,0.8,"Mplus",12469,3271557,200,"Alt.Ext","5",2,TRUE,104.550000000017
"5663","Y=~y2",0.813,0.055,0.8,"Mplus",12469,3271557,200,"Alt.Ext","5",2,TRUE,104.550000000017
"5664","Y=~y3",0.788,0.055,0.8,"Mplus",12469,3271557,200,"Alt.Ext","5",2,TRUE,104.550000000017
"5665","Y~X",0.452,0.071,0.4,"Mplus",12469,3271557,200,"Alt.Ext","5",2,TRUE,104.550000000017
"5666","Y~Z",0.479,0.07,0.5,"Mplus",12469,3271557,200,"Alt.Ext","5",2,TRUE,104.550000000017
"5667","Y~X:Z",0.365,0.093,0.3,"Mplus",12469,3271557,200,"Alt.Ext","5",2,TRUE,104.550000000017
"5668","X~~Z",0.115,0.094,0.2,"Mplus",12469,3271557,200,"Alt.Ext","5",2,TRUE,104.550000000017
"5669","X=~x1",0.737215877078997,0.732173326531106,0.5,"MC-OrdPLSc",12470,9676003,200,"Alt.Ext","5",3,TRUE,39.8899999999849
"5670","X=~x2",0.599155699808343,0.418060937105998,0.5,"MC-OrdPLSc",12470,9676003,200,"Alt.Ext","5",3,TRUE,39.8899999999849
"5671","X=~x3",0.372795865498775,0.298715559865354,0.5,"MC-OrdPLSc",12470,9676003,200,"Alt.Ext","5",3,TRUE,39.8899999999849
"5672","Z=~z1",0.420537050173322,1.41415895972624,0.5,"MC-OrdPLSc",12470,9676003,200,"Alt.Ext","5",3,TRUE,39.8899999999849
"5673","Z=~z2",0.627873715862472,4.73905586630758,0.5,"MC-OrdPLSc",12470,9676003,200,"Alt.Ext","5",3,TRUE,39.8899999999849
"5674","Z=~z3",-0.208632917049208,1.56578116241446,0.5,"MC-OrdPLSc",12470,9676003,200,"Alt.Ext","5",3,TRUE,39.8899999999849
"5675","Y=~y1",0.243816534476257,0.759842973005338,0.5,"MC-OrdPLSc",12470,9676003,200,"Alt.Ext","5",3,TRUE,39.8899999999849
"5676","Y=~y2",0.0670312100565875,0.322933413313301,0.5,"MC-OrdPLSc",12470,9676003,200,"Alt.Ext","5",3,TRUE,39.8899999999849
"5677","Y=~y3",0.604468953086893,2.60909615730287,0.5,"MC-OrdPLSc",12470,9676003,200,"Alt.Ext","5",3,TRUE,39.8899999999849
"5678","Y~X",0.557000851523636,1.74352737825863,0.4,"MC-OrdPLSc",12470,9676003,200,"Alt.Ext","5",3,TRUE,39.8899999999849
"5679","Y~Z",0.0522778885052275,0.525412517441809,0.5,"MC-OrdPLSc",12470,9676003,200,"Alt.Ext","5",3,TRUE,39.8899999999849
"5680","Y~X:Z",0.692228635756115,2.35993875710476,0.3,"MC-OrdPLSc",12470,9676003,200,"Alt.Ext","5",3,TRUE,39.8899999999849
"5681","X~~Z",0.323043397685,1.31729558184558,0.2,"MC-OrdPLSc",12470,9676003,200,"Alt.Ext","5",3,TRUE,39.8899999999849
"5682","X=~x1",0.673703635656569,0.225985325386658,0.5,"PLSc",12470,9676003,200,"Alt.Ext","5",3,FALSE,6.61999999999534
"5683","X=~x2",0.511008918092849,0.219254785126372,0.5,"PLSc",12470,9676003,200,"Alt.Ext","5",3,FALSE,6.61999999999534
"5684","X=~x3",0.34966028824438,0.237037965223284,0.5,"PLSc",12470,9676003,200,"Alt.Ext","5",3,FALSE,6.61999999999534
"5685","Z=~z1",0.468531690450428,0.344823286695869,0.5,"PLSc",12470,9676003,200,"Alt.Ext","5",3,FALSE,6.61999999999534
"5686","Z=~z2",0.620459636947461,0.306213163014621,0.5,"PLSc",12470,9676003,200,"Alt.Ext","5",3,FALSE,6.61999999999534
"5687","Z=~z3",-0.614431300205223,0.526962796081469,0.5,"PLSc",12470,9676003,200,"Alt.Ext","5",3,FALSE,6.61999999999534
"5688","Y=~y1",0.111784846564471,0.261744363395792,0.5,"PLSc",12470,9676003,200,"Alt.Ext","5",3,FALSE,6.61999999999534
"5689","Y=~y2",-0.0197827922145143,0.315149406284235,0.5,"PLSc",12470,9676003,200,"Alt.Ext","5",3,FALSE,6.61999999999534
"5690","Y=~y3",0.258111085654349,0.274621795374765,0.5,"PLSc",12470,9676003,200,"Alt.Ext","5",3,FALSE,6.61999999999534
"5691","Y~X",1.59361532765579,1.62244883034426,0.4,"PLSc",12470,9676003,200,"Alt.Ext","5",3,FALSE,6.61999999999534
"5692","Y~Z",0.193592347743799,3.73090354975698,0.5,"PLSc",12470,9676003,200,"Alt.Ext","5",3,FALSE,6.61999999999534
"5693","Y~X:Z",1.38096042092685,3.40044895125936,0.3,"PLSc",12470,9676003,200,"Alt.Ext","5",3,FALSE,6.61999999999534
"5694","X~~Z",0.170400569795301,0.336280174151545,0.2,"PLSc",12470,9676003,200,"Alt.Ext","5",3,FALSE,6.61999999999534
"5695","X=~x1",0.826557793150479,0.171111437425316,0.5,"PLS",12470,9676003,200,"Alt.Ext","5",3,TRUE,5.02999999999884
"5696","X=~x2",0.746875252341014,0.1822664476093,0.5,"PLS",12470,9676003,200,"Alt.Ext","5",3,TRUE,5.02999999999884
"5697","X=~x3",0.512319411247936,0.247375959508097,0.5,"PLS",12470,9676003,200,"Alt.Ext","5",3,TRUE,5.02999999999884
"5698","Z=~z1",0.574050047674543,0.488806632330724,0.5,"PLS",12470,9676003,200,"Alt.Ext","5",3,TRUE,5.02999999999884
"5699","Z=~z2",0.705976762046283,0.435957238375104,0.5,"PLS",12470,9676003,200,"Alt.Ext","5",3,TRUE,5.02999999999884
"5700","Z=~z3",-0.44761261983992,0.625160777990571,0.5,"PLS",12470,9676003,200,"Alt.Ext","5",3,TRUE,5.02999999999884
"5701","Y=~y1",0.441647088108569,0.421646985925954,0.5,"PLS",12470,9676003,200,"Alt.Ext","5",3,TRUE,5.02999999999884
"5702","Y=~y2",0.133623373219067,0.445110954158176,0.5,"PLS",12470,9676003,200,"Alt.Ext","5",3,TRUE,5.02999999999884
"5703","Y=~y3",0.923216157971454,0.232580751123327,0.5,"PLS",12470,9676003,200,"Alt.Ext","5",3,TRUE,5.02999999999884
"5704","Y~X",0.281178195072517,0.0918640485968221,0.4,"PLS",12470,9676003,200,"Alt.Ext","5",3,TRUE,5.02999999999884
"5705","Y~Z",0.0851945969612955,0.124510980590031,0.5,"PLS",12470,9676003,200,"Alt.Ext","5",3,TRUE,5.02999999999884
"5706","Y~X:Z",0.221443154710387,0.142694211228651,0.3,"PLS",12470,9676003,200,"Alt.Ext","5",3,TRUE,5.02999999999884
"5707","X~~Z",0.127652466177181,0.0835878287564355,0.2,"PLS",12470,9676003,200,"Alt.Ext","5",3,TRUE,5.02999999999884
"5708","X=~x1",0.758,0.104,0.5,"Mplus",12470,9676003,200,"Alt.Ext","5",3,TRUE,141.419999999984
"5709","X=~x2",0.53,0.091,0.5,"Mplus",12470,9676003,200,"Alt.Ext","5",3,TRUE,141.419999999984
"5710","X=~x3",0.332,0.1,0.5,"Mplus",12470,9676003,200,"Alt.Ext","5",3,TRUE,141.419999999984
"5711","Z=~z1",0.659,0.123,0.5,"Mplus",12470,9676003,200,"Alt.Ext","5",3,TRUE,141.419999999984
"5712","Z=~z2",0.586,0.118,0.5,"Mplus",12470,9676003,200,"Alt.Ext","5",3,TRUE,141.419999999984
"5713","Z=~z3",0.279,0.099,0.5,"Mplus",12470,9676003,200,"Alt.Ext","5",3,TRUE,141.419999999984
"5714","Y=~y1",0.315,0.119,0.5,"Mplus",12470,9676003,200,"Alt.Ext","5",3,TRUE,141.419999999984
"5715","Y=~y2",0.262,0.126,0.5,"Mplus",12470,9676003,200,"Alt.Ext","5",3,TRUE,141.419999999984
"5716","Y=~y3",0.682,0.149,0.5,"Mplus",12470,9676003,200,"Alt.Ext","5",3,TRUE,141.419999999984
"5717","Y~X",0.531,0.134,0.4,"Mplus",12470,9676003,200,"Alt.Ext","5",3,TRUE,141.419999999984
"5718","Y~Z",0.126,0.151,0.5,"Mplus",12470,9676003,200,"Alt.Ext","5",3,TRUE,141.419999999984
"5719","Y~X:Z",0.773,0.122,0.3,"Mplus",12470,9676003,200,"Alt.Ext","5",3,TRUE,141.419999999984
"5720","X~~Z",0.267,0.123,0.2,"Mplus",12470,9676003,200,"Alt.Ext","5",3,TRUE,141.419999999984
"5721","X=~x1",0.826664524999029,0.0433805939737178,0.8,"MC-OrdPLSc",12471,699282,500,"Alt.Ext","5",2,TRUE,22.9499999999825
"5722","X=~x2",0.760870440334641,0.0472944233912706,0.8,"MC-OrdPLSc",12471,699282,500,"Alt.Ext","5",2,TRUE,22.9499999999825
"5723","X=~x3",0.788116041823229,0.0447291297357939,0.8,"MC-OrdPLSc",12471,699282,500,"Alt.Ext","5",2,TRUE,22.9499999999825
"5724","Z=~z1",0.796757471464976,0.034850787643559,0.8,"MC-OrdPLSc",12471,699282,500,"Alt.Ext","5",2,TRUE,22.9499999999825
"5725","Z=~z2",0.820955565936914,0.0291040972431975,0.8,"MC-OrdPLSc",12471,699282,500,"Alt.Ext","5",2,TRUE,22.9499999999825
"5726","Z=~z3",0.826042637859082,0.0306348386192342,0.8,"MC-OrdPLSc",12471,699282,500,"Alt.Ext","5",2,TRUE,22.9499999999825
"5727","Y=~y1",0.783593553627175,0.0426724348198783,0.8,"MC-OrdPLSc",12471,699282,500,"Alt.Ext","5",2,TRUE,22.9499999999825
"5728","Y=~y2",0.849293512611951,0.0314118999498991,0.8,"MC-OrdPLSc",12471,699282,500,"Alt.Ext","5",2,TRUE,22.9499999999825
"5729","Y=~y3",0.831463698177694,0.0346750356141787,0.8,"MC-OrdPLSc",12471,699282,500,"Alt.Ext","5",2,TRUE,22.9499999999825
"5730","Y~X",0.36459361938742,0.0469274933045421,0.4,"MC-OrdPLSc",12471,699282,500,"Alt.Ext","5",2,TRUE,22.9499999999825
"5731","Y~Z",0.574670106540357,0.0444858181278094,0.5,"MC-OrdPLSc",12471,699282,500,"Alt.Ext","5",2,TRUE,22.9499999999825
"5732","Y~X:Z",0.38351150264717,0.0523578954744709,0.3,"MC-OrdPLSc",12471,699282,500,"Alt.Ext","5",2,TRUE,22.9499999999825
"5733","X~~Z",0.141446747375299,0.0663817120811177,0.2,"MC-OrdPLSc",12471,699282,500,"Alt.Ext","5",2,TRUE,22.9499999999825
"5734","X=~x1",0.720233156709912,0.089108224359787,0.8,"PLSc",12471,699282,500,"Alt.Ext","5",2,TRUE,4.44000000000233
"5735","X=~x2",0.70083151119448,0.0865969419585404,0.8,"PLSc",12471,699282,500,"Alt.Ext","5",2,TRUE,4.44000000000233
"5736","X=~x3",0.777742454607341,0.0859277205480011,0.8,"PLSc",12471,699282,500,"Alt.Ext","5",2,TRUE,4.44000000000233
"5737","Z=~z1",0.717838317841889,0.0535502132464001,0.8,"PLSc",12471,699282,500,"Alt.Ext","5",2,TRUE,4.44000000000233
"5738","Z=~z2",0.774458509243039,0.0483682575736084,0.8,"PLSc",12471,699282,500,"Alt.Ext","5",2,TRUE,4.44000000000233
"5739","Z=~z3",0.776352341391185,0.0497819987822016,0.8,"PLSc",12471,699282,500,"Alt.Ext","5",2,TRUE,4.44000000000233
"5740","Y=~y1",0.67213709393167,0.0497808368295174,0.8,"PLSc",12471,699282,500,"Alt.Ext","5",2,TRUE,4.44000000000233
"5741","Y=~y2",0.755980464832788,0.0459301762021865,0.8,"PLSc",12471,699282,500,"Alt.Ext","5",2,TRUE,4.44000000000233
"5742","Y=~y3",0.740735461152246,0.0507895286486764,0.8,"PLSc",12471,699282,500,"Alt.Ext","5",2,TRUE,4.44000000000233
"5743","Y~X",0.31162239861633,0.0559934536736511,0.4,"PLSc",12471,699282,500,"Alt.Ext","5",2,TRUE,4.44000000000233
"5744","Y~Z",0.576233922041158,0.0530244000142263,0.5,"PLSc",12471,699282,500,"Alt.Ext","5",2,TRUE,4.44000000000233
"5745","Y~X:Z",0.312482293709645,0.0575132337908656,0.3,"PLSc",12471,699282,500,"Alt.Ext","5",2,TRUE,4.44000000000233
"5746","X~~Z",0.126597131108666,0.0570141389972068,0.2,"PLSc",12471,699282,500,"Alt.Ext","5",2,TRUE,4.44000000000233
"5747","X=~x1",0.848863364224044,0.0259479417602532,0.8,"PLS",12471,699282,500,"Alt.Ext","5",2,TRUE,1.77999999999884
"5748","X=~x2",0.816550303944509,0.0294441623015612,0.8,"PLS",12471,699282,500,"Alt.Ext","5",2,TRUE,1.77999999999884
"5749","X=~x3",0.830082522066368,0.0271677400141936,0.8,"PLS",12471,699282,500,"Alt.Ext","5",2,TRUE,1.77999999999884
"5750","Z=~z1",0.835952698029266,0.0205230939510218,0.8,"PLS",12471,699282,500,"Alt.Ext","5",2,TRUE,1.77999999999884
"5751","Z=~z2",0.849778896148058,0.0172262416599016,0.8,"PLS",12471,699282,500,"Alt.Ext","5",2,TRUE,1.77999999999884
"5752","Z=~z3",0.850336042314837,0.0171036423671206,0.8,"PLS",12471,699282,500,"Alt.Ext","5",2,TRUE,1.77999999999884
"5753","Y=~y1",0.801040044266498,0.0245959432885032,0.8,"PLS",12471,699282,500,"Alt.Ext","5",2,TRUE,1.77999999999884
"5754","Y=~y2",0.843315380707534,0.0176911380921636,0.8,"PLS",12471,699282,500,"Alt.Ext","5",2,TRUE,1.77999999999884
"5755","Y=~y3",0.83168718931298,0.0192552680412342,0.8,"PLS",12471,699282,500,"Alt.Ext","5",2,TRUE,1.77999999999884
"5756","Y~X",0.243764809546369,0.0417781559810941,0.4,"PLS",12471,699282,500,"Alt.Ext","5",2,TRUE,1.77999999999884
"5757","Y~Z",0.441927953638706,0.0390244711024007,0.5,"PLS",12471,699282,500,"Alt.Ext","5",2,TRUE,1.77999999999884
"5758","Y~X:Z",0.211882683194122,0.0388199357479573,0.3,"PLS",12471,699282,500,"Alt.Ext","5",2,TRUE,1.77999999999884
"5759","X~~Z",0.100071908288769,0.0457039066199512,0.2,"PLS",12471,699282,500,"Alt.Ext","5",2,TRUE,1.77999999999884
"5760","X=~x1",0.833,0.033,0.8,"Mplus",12471,699282,500,"Alt.Ext","5",2,TRUE,264.029999999999
"5761","X=~x2",0.752,0.036,0.8,"Mplus",12471,699282,500,"Alt.Ext","5",2,TRUE,264.029999999999
"5762","X=~x3",0.743,0.037,0.8,"Mplus",12471,699282,500,"Alt.Ext","5",2,TRUE,264.029999999999
"5763","Z=~z1",0.805,0.03,0.8,"Mplus",12471,699282,500,"Alt.Ext","5",2,TRUE,264.029999999999
"5764","Z=~z2",0.811,0.03,0.8,"Mplus",12471,699282,500,"Alt.Ext","5",2,TRUE,264.029999999999
"5765","Z=~z3",0.811,0.03,0.8,"Mplus",12471,699282,500,"Alt.Ext","5",2,TRUE,264.029999999999
"5766","Y=~y1",0.783,0.035,0.8,"Mplus",12471,699282,500,"Alt.Ext","5",2,TRUE,264.029999999999
"5767","Y=~y2",0.832,0.032,0.8,"Mplus",12471,699282,500,"Alt.Ext","5",2,TRUE,264.029999999999
"5768","Y=~y3",0.806,0.033,0.8,"Mplus",12471,699282,500,"Alt.Ext","5",2,TRUE,264.029999999999
"5769","Y~X",0.36,0.046,0.4,"Mplus",12471,699282,500,"Alt.Ext","5",2,TRUE,264.029999999999
"5770","Y~Z",0.577,0.039,0.5,"Mplus",12471,699282,500,"Alt.Ext","5",2,TRUE,264.029999999999
"5771","Y~X:Z",0.367,0.05,0.3,"Mplus",12471,699282,500,"Alt.Ext","5",2,TRUE,264.029999999999
"5772","X~~Z",0.141,0.059,0.2,"Mplus",12471,699282,500,"Alt.Ext","5",2,TRUE,264.029999999999
"5773","X=~x1",0.372883731571708,0.138084475142176,0.5,"MC-OrdPLSc",12472,1303945,500,"Alt.Ext","5",3,TRUE,27.140000000014
"5774","X=~x2",0.466456300663757,0.159680368674352,0.5,"MC-OrdPLSc",12472,1303945,500,"Alt.Ext","5",3,TRUE,27.140000000014
"5775","X=~x3",0.593411670243664,0.158848405116747,0.5,"MC-OrdPLSc",12472,1303945,500,"Alt.Ext","5",3,TRUE,27.140000000014
"5776","Z=~z1",0.796255407250937,0.147519397194802,0.5,"MC-OrdPLSc",12472,1303945,500,"Alt.Ext","5",3,TRUE,27.140000000014
"5777","Z=~z2",0.342096896420938,0.103575045833751,0.5,"MC-OrdPLSc",12472,1303945,500,"Alt.Ext","5",3,TRUE,27.140000000014
"5778","Z=~z3",0.437603455692786,0.103262229851536,0.5,"MC-OrdPLSc",12472,1303945,500,"Alt.Ext","5",3,TRUE,27.140000000014
"5779","Y=~y1",0.381156957856909,0.0894473288489518,0.5,"MC-OrdPLSc",12472,1303945,500,"Alt.Ext","5",3,TRUE,27.140000000014
"5780","Y=~y2",0.554669028090715,0.100577894710094,0.5,"MC-OrdPLSc",12472,1303945,500,"Alt.Ext","5",3,TRUE,27.140000000014
"5781","Y=~y3",0.51021131366803,0.0833181316874258,0.5,"MC-OrdPLSc",12472,1303945,500,"Alt.Ext","5",3,TRUE,27.140000000014
"5782","Y~X",0.400653287928272,0.0999982535073876,0.4,"MC-OrdPLSc",12472,1303945,500,"Alt.Ext","5",3,TRUE,27.140000000014
"5783","Y~Z",0.49162868742007,0.110268331390533,0.5,"MC-OrdPLSc",12472,1303945,500,"Alt.Ext","5",3,TRUE,27.140000000014
"5784","Y~X:Z",0.275215674663897,0.170143494778184,0.3,"MC-OrdPLSc",12472,1303945,500,"Alt.Ext","5",3,TRUE,27.140000000014
"5785","X~~Z",0.133762159029858,0.107030325689893,0.2,"MC-OrdPLSc",12472,1303945,500,"Alt.Ext","5",3,TRUE,27.140000000014
"5786","X=~x1",0.273744648116554,0.150782185309602,0.5,"PLSc",12472,1303945,500,"Alt.Ext","5",3,TRUE,5.07999999998719
"5787","X=~x2",0.434070643279197,0.129491092782542,0.5,"PLSc",12472,1303945,500,"Alt.Ext","5",3,TRUE,5.07999999998719
"5788","X=~x3",0.544509062996632,0.14854349559723,0.5,"PLSc",12472,1303945,500,"Alt.Ext","5",3,TRUE,5.07999999998719
"5789","Z=~z1",0.720012567838598,0.134632268273046,0.5,"PLSc",12472,1303945,500,"Alt.Ext","5",3,TRUE,5.07999999998719
"5790","Z=~z2",0.261264310285411,0.114455482139416,0.5,"PLSc",12472,1303945,500,"Alt.Ext","5",3,TRUE,5.07999999998719
"5791","Z=~z3",0.406608690581795,0.0983283496681151,0.5,"PLSc",12472,1303945,500,"Alt.Ext","5",3,TRUE,5.07999999998719
"5792","Y=~y1",0.312693085748657,0.0851048186334511,0.5,"PLSc",12472,1303945,500,"Alt.Ext","5",3,TRUE,5.07999999998719
"5793","Y=~y2",0.460981516934737,0.0823283850168293,0.5,"PLSc",12472,1303945,500,"Alt.Ext","5",3,TRUE,5.07999999998719
"5794","Y=~y3",0.458465103395171,0.0771245250629675,0.5,"PLSc",12472,1303945,500,"Alt.Ext","5",3,TRUE,5.07999999998719
"5795","Y~X",0.40923336952518,0.503026453026347,0.4,"PLSc",12472,1303945,500,"Alt.Ext","5",3,TRUE,5.07999999998719
"5796","Y~Z",0.473436077347235,0.352771226696158,0.5,"PLSc",12472,1303945,500,"Alt.Ext","5",3,TRUE,5.07999999998719
"5797","Y~X:Z",0.25982609257331,1.13362882646395,0.3,"PLSc",12472,1303945,500,"Alt.Ext","5",3,TRUE,5.07999999998719
"5798","X~~Z",0.129018324465163,0.115199166256105,0.2,"PLSc",12472,1303945,500,"Alt.Ext","5",3,TRUE,5.07999999998719
"5799","X=~x1",0.54666958791164,0.160429761740891,0.5,"PLS",12472,1303945,500,"Alt.Ext","5",3,TRUE,2.57999999998719
"5800","X=~x2",0.663976237521459,0.146144144513668,0.5,"PLS",12472,1303945,500,"Alt.Ext","5",3,TRUE,2.57999999998719
"5801","X=~x3",0.780218746622448,0.100171668806835,0.5,"PLS",12472,1303945,500,"Alt.Ext","5",3,TRUE,2.57999999998719
"5802","Z=~z1",0.876829961728981,0.0570817478007779,0.5,"PLS",12472,1303945,500,"Alt.Ext","5",3,TRUE,2.57999999998719
"5803","Z=~z2",0.492951075694867,0.113563395994281,0.5,"PLS",12472,1303945,500,"Alt.Ext","5",3,TRUE,2.57999999998719
"5804","Z=~z3",0.61049436640942,0.100109462277395,0.5,"PLS",12472,1303945,500,"Alt.Ext","5",3,TRUE,2.57999999998719
"5805","Y=~y1",0.551918166967272,0.0985015098420431,0.5,"PLS",12472,1303945,500,"Alt.Ext","5",3,TRUE,2.57999999998719
"5806","Y=~y2",0.734739085834489,0.069907910782676,0.5,"PLS",12472,1303945,500,"Alt.Ext","5",3,TRUE,2.57999999998719
"5807","Y=~y3",0.699860488996065,0.0770872142942334,0.5,"PLS",12472,1303945,500,"Alt.Ext","5",3,TRUE,2.57999999998719
"5808","Y~X",0.163626506149352,0.0438043109093065,0.4,"PLS",12472,1303945,500,"Alt.Ext","5",3,TRUE,2.57999999998719
"5809","Y~Z",0.23510480321387,0.0434756647454785,0.5,"PLS",12472,1303945,500,"Alt.Ext","5",3,TRUE,2.57999999998719
"5810","Y~X:Z",0.0716709421075966,0.0500235784878539,0.3,"PLS",12472,1303945,500,"Alt.Ext","5",3,TRUE,2.57999999998719
"5811","X~~Z",0.0624410781818512,0.0470710216033514,0.2,"PLS",12472,1303945,500,"Alt.Ext","5",3,TRUE,2.57999999998719
"5812","X=~x1",0.51,0.085,0.5,"Mplus",12472,1303945,500,"Alt.Ext","5",3,TRUE,307.329999999987
"5813","X=~x2",0.442,0.079,0.5,"Mplus",12472,1303945,500,"Alt.Ext","5",3,TRUE,307.329999999987
"5814","X=~x3",0.466,0.081,0.5,"Mplus",12472,1303945,500,"Alt.Ext","5",3,TRUE,307.329999999987
"5815","Z=~z1",0.715,0.102,0.5,"Mplus",12472,1303945,500,"Alt.Ext","5",3,TRUE,307.329999999987
"5816","Z=~z2",0.412,0.073,0.5,"Mplus",12472,1303945,500,"Alt.Ext","5",3,TRUE,307.329999999987
"5817","Z=~z3",0.372,0.071,0.5,"Mplus",12472,1303945,500,"Alt.Ext","5",3,TRUE,307.329999999987
"5818","Y=~y1",0.369,0.075,0.5,"Mplus",12472,1303945,500,"Alt.Ext","5",3,TRUE,307.329999999987
"5819","Y=~y2",0.563,0.087,0.5,"Mplus",12472,1303945,500,"Alt.Ext","5",3,TRUE,307.329999999987
"5820","Y=~y3",0.433,0.075,0.5,"Mplus",12472,1303945,500,"Alt.Ext","5",3,TRUE,307.329999999987
"5821","Y~X",0.375,0.104,0.4,"Mplus",12472,1303945,500,"Alt.Ext","5",3,TRUE,307.329999999987
"5822","Y~Z",0.502,0.096,0.5,"Mplus",12472,1303945,500,"Alt.Ext","5",3,TRUE,307.329999999987
"5823","Y~X:Z",0.284,0.177,0.3,"Mplus",12472,1303945,500,"Alt.Ext","5",3,TRUE,307.329999999987
"5824","X~~Z",0.153,0.098,0.2,"Mplus",12472,1303945,500,"Alt.Ext","5",3,TRUE,307.329999999987
"5825","X=~x1",0.783737432147634,0.0300611625728519,0.8,"MC-OrdPLSc",12473,8657510,1000,"Alt.Ext","5",2,TRUE,27.6600000000035
"5826","X=~x2",0.783346785307475,0.0279101618341742,0.8,"MC-OrdPLSc",12473,8657510,1000,"Alt.Ext","5",2,TRUE,27.6600000000035
"5827","X=~x3",0.84091633547506,0.0291115947069472,0.8,"MC-OrdPLSc",12473,8657510,1000,"Alt.Ext","5",2,TRUE,27.6600000000035
"5828","Z=~z1",0.783850046326929,0.0284455071629632,0.8,"MC-OrdPLSc",12473,8657510,1000,"Alt.Ext","5",2,TRUE,27.6600000000035
"5829","Z=~z2",0.790356081568848,0.0284927082053797,0.8,"MC-OrdPLSc",12473,8657510,1000,"Alt.Ext","5",2,TRUE,27.6600000000035
"5830","Z=~z3",0.784521823555953,0.0289181098238715,0.8,"MC-OrdPLSc",12473,8657510,1000,"Alt.Ext","5",2,TRUE,27.6600000000035
"5831","Y=~y1",0.799391773052126,0.0259562678770995,0.8,"MC-OrdPLSc",12473,8657510,1000,"Alt.Ext","5",2,TRUE,27.6600000000035
"5832","Y=~y2",0.808691075850824,0.0285535909064712,0.8,"MC-OrdPLSc",12473,8657510,1000,"Alt.Ext","5",2,TRUE,27.6600000000035
"5833","Y=~y3",0.772723012831252,0.0296223046470466,0.8,"MC-OrdPLSc",12473,8657510,1000,"Alt.Ext","5",2,TRUE,27.6600000000035
"5834","Y~X",0.361972743855,0.0377476727169269,0.4,"MC-OrdPLSc",12473,8657510,1000,"Alt.Ext","5",2,TRUE,27.6600000000035
"5835","Y~Z",0.487345892930701,0.0361066701094259,0.5,"MC-OrdPLSc",12473,8657510,1000,"Alt.Ext","5",2,TRUE,27.6600000000035
"5836","Y~X:Z",0.301974585278223,0.0451740310323011,0.3,"MC-OrdPLSc",12473,8657510,1000,"Alt.Ext","5",2,TRUE,27.6600000000035
"5837","X~~Z",0.255983417800949,0.043739235780838,0.2,"MC-OrdPLSc",12473,8657510,1000,"Alt.Ext","5",2,TRUE,27.6600000000035
"5838","X=~x1",0.687619943773188,0.0580583995306056,0.8,"PLSc",12473,8657510,1000,"Alt.Ext","5",2,TRUE,6.72000000000116
"5839","X=~x2",0.743882782818473,0.0546620866542093,0.8,"PLSc",12473,8657510,1000,"Alt.Ext","5",2,TRUE,6.72000000000116
"5840","X=~x3",0.797407353575458,0.055939711470541,0.8,"PLSc",12473,8657510,1000,"Alt.Ext","5",2,TRUE,6.72000000000116
"5841","Z=~z1",0.718070065633684,0.0425257351876447,0.8,"PLSc",12473,8657510,1000,"Alt.Ext","5",2,TRUE,6.72000000000116
"5842","Z=~z2",0.718268940780915,0.043086942544338,0.8,"PLSc",12473,8657510,1000,"Alt.Ext","5",2,TRUE,6.72000000000116
"5843","Z=~z3",0.74581487430277,0.0446584335316565,0.8,"PLSc",12473,8657510,1000,"Alt.Ext","5",2,TRUE,6.72000000000116
"5844","Y=~y1",0.720607641507787,0.0356359851533908,0.8,"PLSc",12473,8657510,1000,"Alt.Ext","5",2,TRUE,6.72000000000116
"5845","Y=~y2",0.739124865369541,0.036389143496549,0.8,"PLSc",12473,8657510,1000,"Alt.Ext","5",2,TRUE,6.72000000000116
"5846","Y=~y3",0.650964371026441,0.0411807103212201,0.8,"PLSc",12473,8657510,1000,"Alt.Ext","5",2,TRUE,6.72000000000116
"5847","Y~X",0.33550489894334,0.0414430643336867,0.4,"PLSc",12473,8657510,1000,"Alt.Ext","5",2,TRUE,6.72000000000116
"5848","Y~Z",0.480108159890231,0.044535852573004,0.5,"PLSc",12473,8657510,1000,"Alt.Ext","5",2,TRUE,6.72000000000116
"5849","Y~X:Z",0.26252971451459,0.0464687459951568,0.3,"PLSc",12473,8657510,1000,"Alt.Ext","5",2,TRUE,6.72000000000116
"5850","X~~Z",0.23407112335924,0.0397526525492063,0.2,"PLSc",12473,8657510,1000,"Alt.Ext","5",2,TRUE,6.72000000000116
"5851","X=~x1",0.827505994691121,0.0185389185207291,0.8,"PLS",12473,8657510,1000,"Alt.Ext","5",2,TRUE,1.77999999999884
"5852","X=~x2",0.828142930800598,0.0188274943062172,0.8,"PLS",12473,8657510,1000,"Alt.Ext","5",2,TRUE,1.77999999999884
"5853","X=~x3",0.856768628265479,0.0154523467920209,0.8,"PLS",12473,8657510,1000,"Alt.Ext","5",2,TRUE,1.77999999999884
"5854","Z=~z1",0.826240497115929,0.0171610921390479,0.8,"PLS",12473,8657510,1000,"Alt.Ext","5",2,TRUE,1.77999999999884
"5855","Z=~z2",0.83096552913061,0.0157655675852134,0.8,"PLS",12473,8657510,1000,"Alt.Ext","5",2,TRUE,1.77999999999884
"5856","Z=~z3",0.827860989024757,0.0168779369132039,0.8,"PLS",12473,8657510,1000,"Alt.Ext","5",2,TRUE,1.77999999999884
"5857","Y=~y1",0.821405222041675,0.0146502469823192,0.8,"PLS",12473,8657510,1000,"Alt.Ext","5",2,TRUE,1.77999999999884
"5858","Y=~y2",0.822645259920571,0.0153771694662228,0.8,"PLS",12473,8657510,1000,"Alt.Ext","5",2,TRUE,1.77999999999884
"5859","Y=~y3",0.79951525952543,0.0188430167062727,0.8,"PLS",12473,8657510,1000,"Alt.Ext","5",2,TRUE,1.77999999999884
"5860","Y~X",0.262326185470935,0.0297778861521696,0.4,"PLS",12473,8657510,1000,"Alt.Ext","5",2,TRUE,1.77999999999884
"5861","Y~Z",0.36084464587065,0.0320700846777789,0.5,"PLS",12473,8657510,1000,"Alt.Ext","5",2,TRUE,1.77999999999884
"5862","Y~X:Z",0.164132401627063,0.0308641191807446,0.3,"PLS",12473,8657510,1000,"Alt.Ext","5",2,TRUE,1.77999999999884
"5863","X~~Z",0.182913501214325,0.0314455299782976,0.2,"PLS",12473,8657510,1000,"Alt.Ext","5",2,TRUE,1.77999999999884
"5864","X=~x1",0.79,0.024,0.8,"Mplus",12473,8657510,1000,"Alt.Ext","5",2,TRUE,362.770000000019
"5865","X=~x2",0.758,0.025,0.8,"Mplus",12473,8657510,1000,"Alt.Ext","5",2,TRUE,362.770000000019
"5866","X=~x3",0.817,0.024,0.8,"Mplus",12473,8657510,1000,"Alt.Ext","5",2,TRUE,362.770000000019
"5867","Z=~z1",0.791,0.024,0.8,"Mplus",12473,8657510,1000,"Alt.Ext","5",2,TRUE,362.770000000019
"5868","Z=~z2",0.787,0.024,0.8,"Mplus",12473,8657510,1000,"Alt.Ext","5",2,TRUE,362.770000000019
"5869","Z=~z3",0.772,0.024,0.8,"Mplus",12473,8657510,1000,"Alt.Ext","5",2,TRUE,362.770000000019
"5870","Y=~y1",0.784,0.026,0.8,"Mplus",12473,8657510,1000,"Alt.Ext","5",2,TRUE,362.770000000019
"5871","Y=~y2",0.778,0.026,0.8,"Mplus",12473,8657510,1000,"Alt.Ext","5",2,TRUE,362.770000000019
"5872","Y=~y3",0.781,0.026,0.8,"Mplus",12473,8657510,1000,"Alt.Ext","5",2,TRUE,362.770000000019
"5873","Y~X",0.333,0.036,0.4,"Mplus",12473,8657510,1000,"Alt.Ext","5",2,TRUE,362.770000000019
"5874","Y~Z",0.509,0.033,0.5,"Mplus",12473,8657510,1000,"Alt.Ext","5",2,TRUE,362.770000000019
"5875","Y~X:Z",0.284,0.041,0.3,"Mplus",12473,8657510,1000,"Alt.Ext","5",2,TRUE,362.770000000019
"5876","X~~Z",0.267,0.041,0.2,"Mplus",12473,8657510,1000,"Alt.Ext","5",2,TRUE,362.770000000019
"5877","X=~x1",0.534468551656179,0.0661233117028524,0.5,"MC-OrdPLSc",12474,9930622,1000,"Alt.Ext","5",3,TRUE,31.0800000000163
"5878","X=~x2",0.46417468575026,0.0670542707171058,0.5,"MC-OrdPLSc",12474,9930622,1000,"Alt.Ext","5",3,TRUE,31.0800000000163
"5879","X=~x3",0.541022248463768,0.0678988900500216,0.5,"MC-OrdPLSc",12474,9930622,1000,"Alt.Ext","5",3,TRUE,31.0800000000163
"5880","Z=~z1",0.513097428442536,0.0816623832758033,0.5,"MC-OrdPLSc",12474,9930622,1000,"Alt.Ext","5",3,TRUE,31.0800000000163
"5881","Z=~z2",0.562633409486835,0.0685463707033055,0.5,"MC-OrdPLSc",12474,9930622,1000,"Alt.Ext","5",3,TRUE,31.0800000000163
"5882","Z=~z3",0.515908868120548,0.0736912917295944,0.5,"MC-OrdPLSc",12474,9930622,1000,"Alt.Ext","5",3,TRUE,31.0800000000163
"5883","Y=~y1",0.442935247764468,0.0557956132884285,0.5,"MC-OrdPLSc",12474,9930622,1000,"Alt.Ext","5",3,TRUE,31.0800000000163
"5884","Y=~y2",0.553858790632027,0.0632000612155258,0.5,"MC-OrdPLSc",12474,9930622,1000,"Alt.Ext","5",3,TRUE,31.0800000000163
"5885","Y=~y3",0.683979872569738,0.0721632139977488,0.5,"MC-OrdPLSc",12474,9930622,1000,"Alt.Ext","5",3,TRUE,31.0800000000163
"5886","Y~X",0.437404372835942,0.0596229924515432,0.4,"MC-OrdPLSc",12474,9930622,1000,"Alt.Ext","5",3,TRUE,31.0800000000163
"5887","Y~Z",0.396288608938855,0.0651725134841716,0.5,"MC-OrdPLSc",12474,9930622,1000,"Alt.Ext","5",3,TRUE,31.0800000000163
"5888","Y~X:Z",0.320600106551338,0.0923135093157123,0.3,"MC-OrdPLSc",12474,9930622,1000,"Alt.Ext","5",3,TRUE,31.0800000000163
"5889","X~~Z",0.231478639131002,0.0693829192746452,0.2,"MC-OrdPLSc",12474,9930622,1000,"Alt.Ext","5",3,TRUE,31.0800000000163
"5890","X=~x1",0.47481261632261,0.0736404184165762,0.5,"PLSc",12474,9930622,1000,"Alt.Ext","5",3,TRUE,7.25999999998021
"5891","X=~x2",0.401856962454534,0.0843779722224202,0.5,"PLSc",12474,9930622,1000,"Alt.Ext","5",3,TRUE,7.25999999998021
"5892","X=~x3",0.496639851206308,0.0787450626481411,0.5,"PLSc",12474,9930622,1000,"Alt.Ext","5",3,TRUE,7.25999999998021
"5893","Z=~z1",0.457815460116405,0.0827768544183048,0.5,"PLSc",12474,9930622,1000,"Alt.Ext","5",3,TRUE,7.25999999998021
"5894","Z=~z2",0.504263794616219,0.0770731039274808,0.5,"PLSc",12474,9930622,1000,"Alt.Ext","5",3,TRUE,7.25999999998021
"5895","Z=~z3",0.458272799824969,0.0819509638693648,0.5,"PLSc",12474,9930622,1000,"Alt.Ext","5",3,TRUE,7.25999999998021
"5896","Y=~y1",0.359975491186658,0.0677323900567391,0.5,"PLSc",12474,9930622,1000,"Alt.Ext","5",3,TRUE,7.25999999998021
"5897","Y=~y2",0.479418260939181,0.0551582753156815,0.5,"PLSc",12474,9930622,1000,"Alt.Ext","5",3,TRUE,7.25999999998021
"5898","Y=~y3",0.588057938525423,0.0630718377372506,0.5,"PLSc",12474,9930622,1000,"Alt.Ext","5",3,TRUE,7.25999999998021
"5899","Y~X",0.46391106024624,0.0964895686270379,0.4,"PLSc",12474,9930622,1000,"Alt.Ext","5",3,TRUE,7.25999999998021
"5900","Y~Z",0.427313577406507,0.0956825876410639,0.5,"PLSc",12474,9930622,1000,"Alt.Ext","5",3,TRUE,7.25999999998021
"5901","Y~X:Z",0.358011381220011,0.146103195326143,0.3,"PLSc",12474,9930622,1000,"Alt.Ext","5",3,TRUE,7.25999999998021
"5902","X~~Z",0.225690021163,0.0667726343226671,0.2,"PLSc",12474,9930622,1000,"Alt.Ext","5",3,TRUE,7.25999999998021
"5903","X=~x1",0.705824859238786,0.0612622542109799,0.5,"PLS",12474,9930622,1000,"Alt.Ext","5",3,TRUE,2.14000000001397
"5904","X=~x2",0.638470427386125,0.0754548639469752,0.5,"PLS",12474,9930622,1000,"Alt.Ext","5",3,TRUE,2.14000000001397
"5905","X=~x3",0.715889556035636,0.0659866115735833,0.5,"PLS",12474,9930622,1000,"Alt.Ext","5",3,TRUE,2.14000000001397
"5906","Z=~z1",0.677723651602293,0.069261689144122,0.5,"PLS",12474,9930622,1000,"Alt.Ext","5",3,TRUE,2.14000000001397
"5907","Z=~z2",0.723140704371791,0.0585229598958546,0.5,"PLS",12474,9930622,1000,"Alt.Ext","5",3,TRUE,2.14000000001397
"5908","Z=~z3",0.682255698431602,0.0659986519324842,0.5,"PLS",12474,9930622,1000,"Alt.Ext","5",3,TRUE,2.14000000001397
"5909","Y=~y1",0.591799589261391,0.0613730313881295,0.5,"PLS",12474,9930622,1000,"Alt.Ext","5",3,TRUE,2.14000000001397
"5910","Y=~y2",0.693759442484819,0.0466851641512475,0.5,"PLS",12474,9930622,1000,"Alt.Ext","5",3,TRUE,2.14000000001397
"5911","Y=~y3",0.784001550869559,0.0398070416665496,0.5,"PLS",12474,9930622,1000,"Alt.Ext","5",3,TRUE,2.14000000001397
"5912","Y~X",0.210287416471243,0.0308691477441998,0.4,"PLS",12474,9930622,1000,"Alt.Ext","5",3,TRUE,2.14000000001397
"5913","Y~Z",0.195827702695981,0.0334319874088667,0.5,"PLS",12474,9930622,1000,"Alt.Ext","5",3,TRUE,2.14000000001397
"5914","Y~X:Z",0.0887227715828568,0.0319239437366945,0.3,"PLS",12474,9930622,1000,"Alt.Ext","5",3,TRUE,2.14000000001397
"5915","X~~Z",0.103007826671764,0.0310896660136944,0.2,"PLS",12474,9930622,1000,"Alt.Ext","5",3,TRUE,2.14000000001397
"5916","X=~x1",0.517,0.054,0.5,"Mplus",12474,9930622,1000,"Alt.Ext","5",3,TRUE,600.350000000006
"5917","X=~x2",0.455,0.05,0.5,"Mplus",12474,9930622,1000,"Alt.Ext","5",3,TRUE,600.350000000006
"5918","X=~x3",0.508,0.054,0.5,"Mplus",12474,9930622,1000,"Alt.Ext","5",3,TRUE,600.350000000006
"5919","Z=~z1",0.487,0.05,0.5,"Mplus",12474,9930622,1000,"Alt.Ext","5",3,TRUE,600.350000000006
"5920","Z=~z2",0.521,0.053,0.5,"Mplus",12474,9930622,1000,"Alt.Ext","5",3,TRUE,600.350000000006
"5921","Z=~z3",0.496,0.051,0.5,"Mplus",12474,9930622,1000,"Alt.Ext","5",3,TRUE,600.350000000006
"5922","Y=~y1",0.44,0.048,0.5,"Mplus",12474,9930622,1000,"Alt.Ext","5",3,TRUE,600.350000000006
"5923","Y=~y2",0.51,0.051,0.5,"Mplus",12474,9930622,1000,"Alt.Ext","5",3,TRUE,600.350000000006
"5924","Y=~y3",0.618,0.054,0.5,"Mplus",12474,9930622,1000,"Alt.Ext","5",3,TRUE,600.350000000006
"5925","Y~X",0.421,0.064,0.4,"Mplus",12474,9930622,1000,"Alt.Ext","5",3,TRUE,600.350000000006
"5926","Y~Z",0.393,0.065,0.5,"Mplus",12474,9930622,1000,"Alt.Ext","5",3,TRUE,600.350000000006
"5927","Y~X:Z",0.254,0.091,0.3,"Mplus",12474,9930622,1000,"Alt.Ext","5",3,TRUE,600.350000000006
"5928","X~~Z",0.206,0.07,0.2,"Mplus",12474,9930622,1000,"Alt.Ext","5",3,TRUE,600.350000000006
"5929","X=~x1",0.884082381626533,0.0415226195379177,0.8,"MC-OrdPLSc",12475,9280532,200,"Alt.Ext","7",2,TRUE,26.2400000000198
"5930","X=~x2",0.782714163741345,0.0524228113159237,0.8,"MC-OrdPLSc",12475,9280532,200,"Alt.Ext","7",2,TRUE,26.2400000000198
"5931","X=~x3",0.798040149325265,0.0551610422997109,0.8,"MC-OrdPLSc",12475,9280532,200,"Alt.Ext","7",2,TRUE,26.2400000000198
"5932","Z=~z1",0.844222875661497,0.054575999295195,0.8,"MC-OrdPLSc",12475,9280532,200,"Alt.Ext","7",2,TRUE,26.2400000000198
"5933","Z=~z2",0.793547998151125,0.0488315480692246,0.8,"MC-OrdPLSc",12475,9280532,200,"Alt.Ext","7",2,TRUE,26.2400000000198
"5934","Z=~z3",0.822881630231932,0.0599169255914289,0.8,"MC-OrdPLSc",12475,9280532,200,"Alt.Ext","7",2,TRUE,26.2400000000198
"5935","Y=~y1",0.838993178819809,0.0453385901051994,0.8,"MC-OrdPLSc",12475,9280532,200,"Alt.Ext","7",2,TRUE,26.2400000000198
"5936","Y=~y2",0.813795993332438,0.0587372456504415,0.8,"MC-OrdPLSc",12475,9280532,200,"Alt.Ext","7",2,TRUE,26.2400000000198
"5937","Y=~y3",0.740599638209616,0.0612825438483311,0.8,"MC-OrdPLSc",12475,9280532,200,"Alt.Ext","7",2,TRUE,26.2400000000198
"5938","Y~X",0.441614267202663,0.0652848826209958,0.4,"MC-OrdPLSc",12475,9280532,200,"Alt.Ext","7",2,TRUE,26.2400000000198
"5939","Y~Z",0.451010583891023,0.0642756704990288,0.5,"MC-OrdPLSc",12475,9280532,200,"Alt.Ext","7",2,TRUE,26.2400000000198
"5940","Y~X:Z",0.364447364122981,0.0816615454704969,0.3,"MC-OrdPLSc",12475,9280532,200,"Alt.Ext","7",2,TRUE,26.2400000000198
"5941","X~~Z",0.25098292905535,0.0885551950463864,0.2,"MC-OrdPLSc",12475,9280532,200,"Alt.Ext","7",2,TRUE,26.2400000000198
"5942","X=~x1",0.911465613472015,0.0873705133589887,0.8,"PLSc",12475,9280532,200,"Alt.Ext","7",2,TRUE,3.26999999998952
"5943","X=~x2",0.678795587060385,0.102266473645759,0.8,"PLSc",12475,9280532,200,"Alt.Ext","7",2,TRUE,3.26999999998952
"5944","X=~x3",0.753456869961279,0.0990578235251159,0.8,"PLSc",12475,9280532,200,"Alt.Ext","7",2,TRUE,3.26999999998952
"5945","Z=~z1",0.871376126229883,0.0943863525605275,0.8,"PLSc",12475,9280532,200,"Alt.Ext","7",2,TRUE,3.26999999998952
"5946","Z=~z2",0.750456506765724,0.0957507832753978,0.8,"PLSc",12475,9280532,200,"Alt.Ext","7",2,TRUE,3.26999999998952
"5947","Z=~z3",0.715631368923707,0.0974214772762142,0.8,"PLSc",12475,9280532,200,"Alt.Ext","7",2,TRUE,3.26999999998952
"5948","Y=~y1",0.785302755357126,0.0599512006304999,0.8,"PLSc",12475,9280532,200,"Alt.Ext","7",2,TRUE,3.26999999998952
"5949","Y=~y2",0.718019039015252,0.0638315874714814,0.8,"PLSc",12475,9280532,200,"Alt.Ext","7",2,TRUE,3.26999999998952
"5950","Y=~y3",0.64728060905101,0.0755095011147385,0.8,"PLSc",12475,9280532,200,"Alt.Ext","7",2,TRUE,3.26999999998952
"5951","Y~X",0.427371647175755,0.0824697046379959,0.4,"PLSc",12475,9280532,200,"Alt.Ext","7",2,TRUE,3.26999999998952
"5952","Y~Z",0.452476627087849,0.0749701849731624,0.5,"PLSc",12475,9280532,200,"Alt.Ext","7",2,TRUE,3.26999999998952
"5953","Y~X:Z",0.326537428716058,0.0911432736541268,0.3,"PLSc",12475,9280532,200,"Alt.Ext","7",2,TRUE,3.26999999998952
"5954","X~~Z",0.228335214029623,0.0835677071690223,0.2,"PLSc",12475,9280532,200,"Alt.Ext","7",2,TRUE,3.26999999998952
"5955","X=~x1",0.891259041698484,0.0196304190119314,0.8,"PLS",12475,9280532,200,"Alt.Ext","7",2,TRUE,1.85000000000582
"5956","X=~x2",0.842480502554482,0.0309313202336427,0.8,"PLS",12475,9280532,200,"Alt.Ext","7",2,TRUE,1.85000000000582
"5957","X=~x3",0.84735975927214,0.0286844519096724,0.8,"PLS",12475,9280532,200,"Alt.Ext","7",2,TRUE,1.85000000000582
"5958","Z=~z1",0.871803351836723,0.0272390810207114,0.8,"PLS",12475,9280532,200,"Alt.Ext","7",2,TRUE,1.85000000000582
"5959","Z=~z2",0.846084269820364,0.0300843207808418,0.8,"PLS",12475,9280532,200,"Alt.Ext","7",2,TRUE,1.85000000000582
"5960","Z=~z3",0.861415336676442,0.0302965884298004,0.8,"PLS",12475,9280532,200,"Alt.Ext","7",2,TRUE,1.85000000000582
"5961","Y=~y1",0.840292889147781,0.026213321822043,0.8,"PLS",12475,9280532,200,"Alt.Ext","7",2,TRUE,1.85000000000582
"5962","Y=~y2",0.833450404260505,0.0264949209583352,0.8,"PLS",12475,9280532,200,"Alt.Ext","7",2,TRUE,1.85000000000582
"5963","Y=~y3",0.791806559750236,0.0388413714260629,0.8,"PLS",12475,9280532,200,"Alt.Ext","7",2,TRUE,1.85000000000582
"5964","Y~X",0.346534771890348,0.0631521640737712,0.4,"PLS",12475,9280532,200,"Alt.Ext","7",2,TRUE,1.85000000000582
"5965","Y~Z",0.351643612149016,0.0562334164868779,0.5,"PLS",12475,9280532,200,"Alt.Ext","7",2,TRUE,1.85000000000582
"5966","Y~X:Z",0.226031450262673,0.0664220685056462,0.3,"PLS",12475,9280532,200,"Alt.Ext","7",2,TRUE,1.85000000000582
"5967","X~~Z",0.191467916780049,0.0718240071201114,0.2,"PLS",12475,9280532,200,"Alt.Ext","7",2,TRUE,1.85000000000582
"5968","X=~x1",0.873,0.04,0.8,"Mplus",12475,9280532,200,"Alt.Ext","7",2,TRUE,129.859999999986
"5969","X=~x2",0.764,0.048,0.8,"Mplus",12475,9280532,200,"Alt.Ext","7",2,TRUE,129.859999999986
"5970","X=~x3",0.77,0.048,0.8,"Mplus",12475,9280532,200,"Alt.Ext","7",2,TRUE,129.859999999986
"5971","Z=~z1",0.791,0.046,0.8,"Mplus",12475,9280532,200,"Alt.Ext","7",2,TRUE,129.859999999986
"5972","Z=~z2",0.783,0.047,0.8,"Mplus",12475,9280532,200,"Alt.Ext","7",2,TRUE,129.859999999986
"5973","Z=~z3",0.837,0.042,0.8,"Mplus",12475,9280532,200,"Alt.Ext","7",2,TRUE,129.859999999986
"5974","Y=~y1",0.821,0.048,0.8,"Mplus",12475,9280532,200,"Alt.Ext","7",2,TRUE,129.859999999986
"5975","Y=~y2",0.814,0.047,0.8,"Mplus",12475,9280532,200,"Alt.Ext","7",2,TRUE,129.859999999986
"5976","Y=~y3",0.766,0.052,0.8,"Mplus",12475,9280532,200,"Alt.Ext","7",2,TRUE,129.859999999986
"5977","Y~X",0.443,0.067,0.4,"Mplus",12475,9280532,200,"Alt.Ext","7",2,TRUE,129.859999999986
"5978","Y~Z",0.456,0.067,0.5,"Mplus",12475,9280532,200,"Alt.Ext","7",2,TRUE,129.859999999986
"5979","Y~X:Z",0.348,0.075,0.3,"Mplus",12475,9280532,200,"Alt.Ext","7",2,TRUE,129.859999999986
"5980","X~~Z",0.236,0.085,0.2,"Mplus",12475,9280532,200,"Alt.Ext","7",2,TRUE,129.859999999986
"5981","X=~x1",0.39368987278379,0.257282723422381,0.5,"MC-OrdPLSc",12476,5908512,200,"Alt.Ext","7",3,TRUE,32.9400000000023
"5982","X=~x2",0.488112641805357,0.237410563337615,0.5,"MC-OrdPLSc",12476,5908512,200,"Alt.Ext","7",3,TRUE,32.9400000000023
"5983","X=~x3",0.476801541659976,0.202884964654723,0.5,"MC-OrdPLSc",12476,5908512,200,"Alt.Ext","7",3,TRUE,32.9400000000023
"5984","Z=~z1",0.559713518593492,0.118994459945722,0.5,"MC-OrdPLSc",12476,5908512,200,"Alt.Ext","7",3,TRUE,32.9400000000023
"5985","Z=~z2",0.592928621252366,0.129709976899601,0.5,"MC-OrdPLSc",12476,5908512,200,"Alt.Ext","7",3,TRUE,32.9400000000023
"5986","Z=~z3",0.348802048216037,0.125292051998522,0.5,"MC-OrdPLSc",12476,5908512,200,"Alt.Ext","7",3,TRUE,32.9400000000023
"5987","Y=~y1",0.393486608964591,0.128368744544846,0.5,"MC-OrdPLSc",12476,5908512,200,"Alt.Ext","7",3,TRUE,32.9400000000023
"5988","Y=~y2",0.5400054481216,0.204835581308274,0.5,"MC-OrdPLSc",12476,5908512,200,"Alt.Ext","7",3,TRUE,32.9400000000023
"5989","Y=~y3",0.344841873133519,0.141872717228305,0.5,"MC-OrdPLSc",12476,5908512,200,"Alt.Ext","7",3,TRUE,32.9400000000023
"5990","Y~X",0.263733193808357,0.276509428268479,0.4,"MC-OrdPLSc",12476,5908512,200,"Alt.Ext","7",3,TRUE,32.9400000000023
"5991","Y~Z",0.673761315575603,0.245884942777566,0.5,"MC-OrdPLSc",12476,5908512,200,"Alt.Ext","7",3,TRUE,32.9400000000023
"5992","Y~X:Z",-0.0995037626555364,0.292726075976371,0.3,"MC-OrdPLSc",12476,5908512,200,"Alt.Ext","7",3,TRUE,32.9400000000023
"5993","X~~Z",0.454631019559391,0.163084976447314,0.2,"MC-OrdPLSc",12476,5908512,200,"Alt.Ext","7",3,TRUE,32.9400000000023
"5994","X=~x1",0.300243496829388,0.173703425061581,0.5,"PLSc",12476,5908512,200,"Alt.Ext","7",3,TRUE,3.86999999999534
"5995","X=~x2",0.444014859422691,0.169438028210977,0.5,"PLSc",12476,5908512,200,"Alt.Ext","7",3,TRUE,3.86999999999534
"5996","X=~x3",0.477168901813762,0.158698170709793,0.5,"PLSc",12476,5908512,200,"Alt.Ext","7",3,TRUE,3.86999999999534
"5997","Z=~z1",0.531595937472222,0.121050138434555,0.5,"PLSc",12476,5908512,200,"Alt.Ext","7",3,TRUE,3.86999999999534
"5998","Z=~z2",0.527936521819744,0.114521527590142,0.5,"PLSc",12476,5908512,200,"Alt.Ext","7",3,TRUE,3.86999999999534
"5999","Z=~z3",0.334609600306299,0.141822988994138,0.5,"PLSc",12476,5908512,200,"Alt.Ext","7",3,TRUE,3.86999999999534
"6000","Y=~y1",0.425226743241859,0.117784632880936,0.5,"PLSc",12476,5908512,200,"Alt.Ext","7",3,TRUE,3.86999999999534
"6001","Y=~y2",0.465865658375269,0.136004600805651,0.5,"PLSc",12476,5908512,200,"Alt.Ext","7",3,TRUE,3.86999999999534
"6002","Y=~y3",0.277699707217095,0.123212012816861,0.5,"PLSc",12476,5908512,200,"Alt.Ext","7",3,TRUE,3.86999999999534
"6003","Y~X",0.307241513324645,2.89498172174597,0.4,"PLSc",12476,5908512,200,"Alt.Ext","7",3,TRUE,3.86999999999534
"6004","Y~Z",0.704050127426107,1.77435330009633,0.5,"PLSc",12476,5908512,200,"Alt.Ext","7",3,TRUE,3.86999999999534
"6005","Y~X:Z",0.0938994043982413,7.36049459424237,0.3,"PLSc",12476,5908512,200,"Alt.Ext","7",3,TRUE,3.86999999999534
"6006","X~~Z",0.453026806682638,0.202726216638841,0.2,"PLSc",12476,5908512,200,"Alt.Ext","7",3,TRUE,3.86999999999534
"6007","X=~x1",0.60179772285443,0.194539193451925,0.5,"PLS",12476,5908512,200,"Alt.Ext","7",3,TRUE,2.75999999998021
"6008","X=~x2",0.708409405536013,0.167479372493642,0.5,"PLS",12476,5908512,200,"Alt.Ext","7",3,TRUE,2.75999999998021
"6009","X=~x3",0.692028250795106,0.174470579142615,0.5,"PLS",12476,5908512,200,"Alt.Ext","7",3,TRUE,2.75999999998021
"6010","Z=~z1",0.744632963221822,0.0945256130009883,0.5,"PLS",12476,5908512,200,"Alt.Ext","7",3,TRUE,2.75999999998021
"6011","Z=~z2",0.776466698454985,0.0744013081161951,0.5,"PLS",12476,5908512,200,"Alt.Ext","7",3,TRUE,2.75999999998021
"6012","Z=~z3",0.514739459030774,0.156938154808136,0.5,"PLS",12476,5908512,200,"Alt.Ext","7",3,TRUE,2.75999999998021
"6013","Y=~y1",0.624121349760119,0.15344722848981,0.5,"PLS",12476,5908512,200,"Alt.Ext","7",3,TRUE,2.75999999998021
"6014","Y=~y2",0.783661420018515,0.103577844179455,0.5,"PLS",12476,5908512,200,"Alt.Ext","7",3,TRUE,2.75999999998021
"6015","Y=~y3",0.553210926772659,0.14200428620784,0.5,"PLS",12476,5908512,200,"Alt.Ext","7",3,TRUE,2.75999999998021
"6016","Y~X",0.160919330023875,0.0628318187840914,0.4,"PLS",12476,5908512,200,"Alt.Ext","7",3,TRUE,2.75999999998021
"6017","Y~Z",0.308502927307104,0.0745722773362684,0.5,"PLS",12476,5908512,200,"Alt.Ext","7",3,TRUE,2.75999999998021
"6018","Y~X:Z",-0.0312196454405455,0.075667846441525,0.3,"PLS",12476,5908512,200,"Alt.Ext","7",3,TRUE,2.75999999998021
"6019","X~~Z",0.194572731588084,0.0694568743986258,0.2,"PLS",12476,5908512,200,"Alt.Ext","7",3,TRUE,2.75999999998021
"6020","X=~x1",0.492,0.114,0.5,"Mplus",12476,5908512,200,"Alt.Ext","7",3,TRUE,121
"6021","X=~x2",0.54,0.116,0.5,"Mplus",12476,5908512,200,"Alt.Ext","7",3,TRUE,121
"6022","X=~x3",0.34,0.109,0.5,"Mplus",12476,5908512,200,"Alt.Ext","7",3,TRUE,121
"6023","Z=~z1",0.524,0.107,0.5,"Mplus",12476,5908512,200,"Alt.Ext","7",3,TRUE,121
"6024","Z=~z2",0.527,0.104,0.5,"Mplus",12476,5908512,200,"Alt.Ext","7",3,TRUE,121
"6025","Z=~z3",0.323,0.103,0.5,"Mplus",12476,5908512,200,"Alt.Ext","7",3,TRUE,121
"6026","Y=~y1",0.332,0.109,0.5,"Mplus",12476,5908512,200,"Alt.Ext","7",3,TRUE,121
"6027","Y=~y2",0.676,0.129,0.5,"Mplus",12476,5908512,200,"Alt.Ext","7",3,TRUE,121
"6028","Y=~y3",0.449,0.101,0.5,"Mplus",12476,5908512,200,"Alt.Ext","7",3,TRUE,121
"6029","Y~X",0.227,0.201,0.4,"Mplus",12476,5908512,200,"Alt.Ext","7",3,TRUE,121
"6030","Y~Z",0.591,0.199,0.5,"Mplus",12476,5908512,200,"Alt.Ext","7",3,TRUE,121
"6031","Y~X:Z",0.166,0.199,0.3,"Mplus",12476,5908512,200,"Alt.Ext","7",3,TRUE,121
"6032","X~~Z",0.458,0.157,0.2,"Mplus",12476,5908512,200,"Alt.Ext","7",3,TRUE,121
"6033","X=~x1",0.774233362461928,0.0361719380972705,0.8,"MC-OrdPLSc",12477,7308079,500,"Alt.Ext","7",2,TRUE,28.4599999999919
"6034","X=~x2",0.809806532730283,0.0341272075905372,0.8,"MC-OrdPLSc",12477,7308079,500,"Alt.Ext","7",2,TRUE,28.4599999999919
"6035","X=~x3",0.831813813505835,0.0320127431837051,0.8,"MC-OrdPLSc",12477,7308079,500,"Alt.Ext","7",2,TRUE,28.4599999999919
"6036","Z=~z1",0.811830178077654,0.0298327156452711,0.8,"MC-OrdPLSc",12477,7308079,500,"Alt.Ext","7",2,TRUE,28.4599999999919
"6037","Z=~z2",0.820248134019527,0.0288262251929491,0.8,"MC-OrdPLSc",12477,7308079,500,"Alt.Ext","7",2,TRUE,28.4599999999919
"6038","Z=~z3",0.806814974691184,0.0280917533728249,0.8,"MC-OrdPLSc",12477,7308079,500,"Alt.Ext","7",2,TRUE,28.4599999999919
"6039","Y=~y1",0.787872242257268,0.0328990308341355,0.8,"MC-OrdPLSc",12477,7308079,500,"Alt.Ext","7",2,TRUE,28.4599999999919
"6040","Y=~y2",0.848446306250056,0.0241060517981011,0.8,"MC-OrdPLSc",12477,7308079,500,"Alt.Ext","7",2,TRUE,28.4599999999919
"6041","Y=~y3",0.798713633087161,0.0305961481602606,0.8,"MC-OrdPLSc",12477,7308079,500,"Alt.Ext","7",2,TRUE,28.4599999999919
"6042","Y~X",0.422258449410583,0.0453019570944982,0.4,"MC-OrdPLSc",12477,7308079,500,"Alt.Ext","7",2,TRUE,28.4599999999919
"6043","Y~Z",0.517099873469171,0.0402045671447191,0.5,"MC-OrdPLSc",12477,7308079,500,"Alt.Ext","7",2,TRUE,28.4599999999919
"6044","Y~X:Z",0.245045954023002,0.0554261537406535,0.3,"MC-OrdPLSc",12477,7308079,500,"Alt.Ext","7",2,TRUE,28.4599999999919
"6045","X~~Z",0.137197391076659,0.0577492548726121,0.2,"MC-OrdPLSc",12477,7308079,500,"Alt.Ext","7",2,TRUE,28.4599999999919
"6046","X=~x1",0.673071171229595,0.0614807834592461,0.8,"PLSc",12477,7308079,500,"Alt.Ext","7",2,TRUE,4.69000000000233
"6047","X=~x2",0.736015414035575,0.0655823177903746,0.8,"PLSc",12477,7308079,500,"Alt.Ext","7",2,TRUE,4.69000000000233
"6048","X=~x3",0.882716801395634,0.0577287783507331,0.8,"PLSc",12477,7308079,500,"Alt.Ext","7",2,TRUE,4.69000000000233
"6049","Z=~z1",0.796723746121267,0.0519201875941873,0.8,"PLSc",12477,7308079,500,"Alt.Ext","7",2,TRUE,4.69000000000233
"6050","Z=~z2",0.77010529233899,0.0491137373605258,0.8,"PLSc",12477,7308079,500,"Alt.Ext","7",2,TRUE,4.69000000000233
"6051","Z=~z3",0.752488302129149,0.0458806678630407,0.8,"PLSc",12477,7308079,500,"Alt.Ext","7",2,TRUE,4.69000000000233
"6052","Y=~y1",0.715678803562616,0.044554086516163,0.8,"PLSc",12477,7308079,500,"Alt.Ext","7",2,TRUE,4.69000000000233
"6053","Y=~y2",0.801414969306347,0.037456242007185,0.8,"PLSc",12477,7308079,500,"Alt.Ext","7",2,TRUE,4.69000000000233
"6054","Y=~y3",0.736870650795713,0.0386183574118663,0.8,"PLSc",12477,7308079,500,"Alt.Ext","7",2,TRUE,4.69000000000233
"6055","Y~X",0.389650150778322,0.0517969285769492,0.4,"PLSc",12477,7308079,500,"Alt.Ext","7",2,TRUE,4.69000000000233
"6056","Y~Z",0.492612716677052,0.0498487693029409,0.5,"PLSc",12477,7308079,500,"Alt.Ext","7",2,TRUE,4.69000000000233
"6057","Y~X:Z",0.17838134274087,0.0556867474934382,0.3,"PLSc",12477,7308079,500,"Alt.Ext","7",2,TRUE,4.69000000000233
"6058","X~~Z",0.122856763271954,0.0541951574390325,0.2,"PLSc",12477,7308079,500,"Alt.Ext","7",2,TRUE,4.69000000000233
"6059","X=~x1",0.83374334872027,0.0220819628568774,0.8,"PLS",12477,7308079,500,"Alt.Ext","7",2,TRUE,1.69999999998254
"6060","X=~x2",0.854828542294636,0.0198479144758473,0.8,"PLS",12477,7308079,500,"Alt.Ext","7",2,TRUE,1.69999999998254
"6061","X=~x3",0.864209493896717,0.014789101785084,0.8,"PLS",12477,7308079,500,"Alt.Ext","7",2,TRUE,1.69999999998254
"6062","Z=~z1",0.854699491447771,0.0173073929270298,0.8,"PLS",12477,7308079,500,"Alt.Ext","7",2,TRUE,1.69999999998254
"6063","Z=~z2",0.858480469800901,0.0162504616785405,0.8,"PLS",12477,7308079,500,"Alt.Ext","7",2,TRUE,1.69999999998254
"6064","Z=~z3",0.853471591932285,0.0161051110909525,0.8,"PLS",12477,7308079,500,"Alt.Ext","7",2,TRUE,1.69999999998254
"6065","Y=~y1",0.830607807411459,0.0173579006117261,0.8,"PLS",12477,7308079,500,"Alt.Ext","7",2,TRUE,1.69999999998254
"6066","Y=~y2",0.861923345328007,0.0133086124349171,0.8,"PLS",12477,7308079,500,"Alt.Ext","7",2,TRUE,1.69999999998254
"6067","Y=~y3",0.833997407352648,0.0159796054652901,0.8,"PLS",12477,7308079,500,"Alt.Ext","7",2,TRUE,1.69999999998254
"6068","Y~X",0.320262399681465,0.0404266536737777,0.4,"PLS",12477,7308079,500,"Alt.Ext","7",2,TRUE,1.69999999998254
"6069","Y~Z",0.403990130655225,0.0385595379386005,0.5,"PLS",12477,7308079,500,"Alt.Ext","7",2,TRUE,1.69999999998254
"6070","Y~X:Z",0.125547237835137,0.0394224063575176,0.3,"PLS",12477,7308079,500,"Alt.Ext","7",2,TRUE,1.69999999998254
"6071","X~~Z",0.100884051416356,0.0445912619455033,0.2,"PLS",12477,7308079,500,"Alt.Ext","7",2,TRUE,1.69999999998254
"6072","X=~x1",0.8,0.029,0.8,"Mplus",12477,7308079,500,"Alt.Ext","7",2,TRUE,239.089999999997
"6073","X=~x2",0.837,0.027,0.8,"Mplus",12477,7308079,500,"Alt.Ext","7",2,TRUE,239.089999999997
"6074","X=~x3",0.77,0.031,0.8,"Mplus",12477,7308079,500,"Alt.Ext","7",2,TRUE,239.089999999997
"6075","Z=~z1",0.792,0.029,0.8,"Mplus",12477,7308079,500,"Alt.Ext","7",2,TRUE,239.089999999997
"6076","Z=~z2",0.818,0.028,0.8,"Mplus",12477,7308079,500,"Alt.Ext","7",2,TRUE,239.089999999997
"6077","Z=~z3",0.799,0.029,0.8,"Mplus",12477,7308079,500,"Alt.Ext","7",2,TRUE,239.089999999997
"6078","Y=~y1",0.772,0.031,0.8,"Mplus",12477,7308079,500,"Alt.Ext","7",2,TRUE,239.089999999997
"6079","Y=~y2",0.833,0.028,0.8,"Mplus",12477,7308079,500,"Alt.Ext","7",2,TRUE,239.089999999997
"6080","Y=~y3",0.782,0.031,0.8,"Mplus",12477,7308079,500,"Alt.Ext","7",2,TRUE,239.089999999997
"6081","Y~X",0.4,0.045,0.4,"Mplus",12477,7308079,500,"Alt.Ext","7",2,TRUE,239.089999999997
"6082","Y~Z",0.49,0.043,0.5,"Mplus",12477,7308079,500,"Alt.Ext","7",2,TRUE,239.089999999997
"6083","Y~X:Z",0.235,0.054,0.3,"Mplus",12477,7308079,500,"Alt.Ext","7",2,TRUE,239.089999999997
"6084","X~~Z",0.147,0.056,0.2,"Mplus",12477,7308079,500,"Alt.Ext","7",2,TRUE,239.089999999997
"6085","X=~x1",0.194785054230411,0.10192827988179,0.5,"MC-OrdPLSc",12478,7745652,500,"Alt.Ext","7",3,TRUE,34.710000000021
"6086","X=~x2",0.50036584090967,0.10720800390512,0.5,"MC-OrdPLSc",12478,7745652,500,"Alt.Ext","7",3,TRUE,34.710000000021
"6087","X=~x3",0.540372651263651,0.124568551594698,0.5,"MC-OrdPLSc",12478,7745652,500,"Alt.Ext","7",3,TRUE,34.710000000021
"6088","Z=~z1",0.373063931582715,0.124781332823127,0.5,"MC-OrdPLSc",12478,7745652,500,"Alt.Ext","7",3,TRUE,34.710000000021
"6089","Z=~z2",0.473070638422819,0.123452687383787,0.5,"MC-OrdPLSc",12478,7745652,500,"Alt.Ext","7",3,TRUE,34.710000000021
"6090","Z=~z3",0.64809337581525,0.125202947328356,0.5,"MC-OrdPLSc",12478,7745652,500,"Alt.Ext","7",3,TRUE,34.710000000021
"6091","Y=~y1",0.486603370996623,0.0841112325672283,0.5,"MC-OrdPLSc",12478,7745652,500,"Alt.Ext","7",3,TRUE,34.710000000021
"6092","Y=~y2",0.455317717094488,0.074528327435653,0.5,"MC-OrdPLSc",12478,7745652,500,"Alt.Ext","7",3,TRUE,34.710000000021
"6093","Y=~y3",0.447029436713125,0.0836507162345577,0.5,"MC-OrdPLSc",12478,7745652,500,"Alt.Ext","7",3,TRUE,34.710000000021
"6094","Y~X",0.538153304326697,0.119855377263482,0.4,"MC-OrdPLSc",12478,7745652,500,"Alt.Ext","7",3,TRUE,34.710000000021
"6095","Y~Z",0.412654096617457,0.0922528473712872,0.5,"MC-OrdPLSc",12478,7745652,500,"Alt.Ext","7",3,TRUE,34.710000000021
"6096","Y~X:Z",0.12650749896423,0.169384197203018,0.3,"MC-OrdPLSc",12478,7745652,500,"Alt.Ext","7",3,TRUE,34.710000000021
"6097","X~~Z",0.146054864752781,0.106439519473577,0.2,"MC-OrdPLSc",12478,7745652,500,"Alt.Ext","7",3,TRUE,34.710000000021
"6098","X=~x1",0.150018563448935,0.119062709256352,0.5,"PLSc",12478,7745652,500,"Alt.Ext","7",3,TRUE,5.26999999998952
"6099","X=~x2",0.461671935404787,0.0956428086849588,0.5,"PLSc",12478,7745652,500,"Alt.Ext","7",3,TRUE,5.26999999998952
"6100","X=~x3",0.507330857740144,0.0957786387321512,0.5,"PLSc",12478,7745652,500,"Alt.Ext","7",3,TRUE,5.26999999998952
"6101","Z=~z1",0.313464680587264,0.127367858064148,0.5,"PLSc",12478,7745652,500,"Alt.Ext","7",3,TRUE,5.26999999998952
"6102","Z=~z2",0.43165454252677,0.132176644343769,0.5,"PLSc",12478,7745652,500,"Alt.Ext","7",3,TRUE,5.26999999998952
"6103","Z=~z3",0.632484928279839,0.132648430822821,0.5,"PLSc",12478,7745652,500,"Alt.Ext","7",3,TRUE,5.26999999998952
"6104","Y=~y1",0.432055391856217,0.0872499960728551,0.5,"PLSc",12478,7745652,500,"Alt.Ext","7",3,TRUE,5.26999999998952
"6105","Y=~y2",0.424728673961763,0.0811055559060146,0.5,"PLSc",12478,7745652,500,"Alt.Ext","7",3,TRUE,5.26999999998952
"6106","Y=~y3",0.405181023782452,0.0842859980713915,0.5,"PLSc",12478,7745652,500,"Alt.Ext","7",3,TRUE,5.26999999998952
"6107","Y~X",0.521912414938576,0.882324901276387,0.4,"PLSc",12478,7745652,500,"Alt.Ext","7",3,TRUE,5.26999999998952
"6108","Y~Z",0.418503805834275,1.18869425323708,0.5,"PLSc",12478,7745652,500,"Alt.Ext","7",3,TRUE,5.26999999998952
"6109","Y~X:Z",0.115337107454716,1.91390703315552,0.3,"PLSc",12478,7745652,500,"Alt.Ext","7",3,TRUE,5.26999999998952
"6110","X~~Z",0.142731699338773,0.105433261803859,0.2,"PLSc",12478,7745652,500,"Alt.Ext","7",3,TRUE,5.26999999998952
"6111","X=~x1",0.326378466465065,0.156649350924416,0.5,"PLS",12478,7745652,500,"Alt.Ext","7",3,TRUE,2.80999999999767
"6112","X=~x2",0.744672021726783,0.0874589369536965,0.5,"PLS",12478,7745652,500,"Alt.Ext","7",3,TRUE,2.80999999999767
"6113","X=~x3",0.782791753536752,0.080003197193796,0.5,"PLS",12478,7745652,500,"Alt.Ext","7",3,TRUE,2.80999999999767
"6114","Z=~z1",0.550398014293466,0.123768399461663,0.5,"PLS",12478,7745652,500,"Alt.Ext","7",3,TRUE,2.80999999999767
"6115","Z=~z2",0.665187632115874,0.120988893694654,0.5,"PLS",12478,7745652,500,"Alt.Ext","7",3,TRUE,2.80999999999767
"6116","Z=~z3",0.813408315992825,0.0849274610492492,0.5,"PLS",12478,7745652,500,"Alt.Ext","7",3,TRUE,2.80999999999767
"6117","Y=~y1",0.695094886942796,0.0808010948804867,0.5,"PLS",12478,7745652,500,"Alt.Ext","7",3,TRUE,2.80999999999767
"6118","Y=~y2",0.663858076140471,0.0797480315022376,0.5,"PLS",12478,7745652,500,"Alt.Ext","7",3,TRUE,2.80999999999767
"6119","Y=~y3",0.6558179792089,0.0859938767580189,0.5,"PLS",12478,7745652,500,"Alt.Ext","7",3,TRUE,2.80999999999767
"6120","Y~X",0.219701846191161,0.0411185883377676,0.4,"PLS",12478,7745652,500,"Alt.Ext","7",3,TRUE,2.80999999999767
"6121","Y~Z",0.193907986655072,0.0447845533677342,0.5,"PLS",12478,7745652,500,"Alt.Ext","7",3,TRUE,2.80999999999767
"6122","Y~X:Z",0.0251218781150568,0.0482888752322299,0.3,"PLS",12478,7745652,500,"Alt.Ext","7",3,TRUE,2.80999999999767
"6123","X~~Z",0.0626126201198712,0.0453920513182866,0.2,"PLS",12478,7745652,500,"Alt.Ext","7",3,TRUE,2.80999999999767
"6124","X=~x1",0.247,0.07,0.5,"Mplus",12478,7745652,500,"Alt.Ext","7",3,TRUE,259.940000000002
"6125","X=~x2",0.475,0.088,0.5,"Mplus",12478,7745652,500,"Alt.Ext","7",3,TRUE,259.940000000002
"6126","X=~x3",0.463,0.084,0.5,"Mplus",12478,7745652,500,"Alt.Ext","7",3,TRUE,259.940000000002
"6127","Z=~z1",0.424,0.071,0.5,"Mplus",12478,7745652,500,"Alt.Ext","7",3,TRUE,259.940000000002
"6128","Z=~z2",0.5,0.077,0.5,"Mplus",12478,7745652,500,"Alt.Ext","7",3,TRUE,259.940000000002
"6129","Z=~z3",0.493,0.077,0.5,"Mplus",12478,7745652,500,"Alt.Ext","7",3,TRUE,259.940000000002
"6130","Y=~y1",0.508,0.074,0.5,"Mplus",12478,7745652,500,"Alt.Ext","7",3,TRUE,259.940000000002
"6131","Y=~y2",0.414,0.067,0.5,"Mplus",12478,7745652,500,"Alt.Ext","7",3,TRUE,259.940000000002
"6132","Y=~y3",0.408,0.069,0.5,"Mplus",12478,7745652,500,"Alt.Ext","7",3,TRUE,259.940000000002
"6133","Y~X",0.535,0.114,0.4,"Mplus",12478,7745652,500,"Alt.Ext","7",3,TRUE,259.940000000002
"6134","Y~Z",0.425,0.105,0.5,"Mplus",12478,7745652,500,"Alt.Ext","7",3,TRUE,259.940000000002
"6135","Y~X:Z",0.217,0.136,0.3,"Mplus",12478,7745652,500,"Alt.Ext","7",3,TRUE,259.940000000002
"6136","X~~Z",0.165,0.113,0.2,"Mplus",12478,7745652,500,"Alt.Ext","7",3,TRUE,259.940000000002
"6137","X=~x1",0.789531340259484,0.0271045242339553,0.8,"MC-OrdPLSc",12479,5292605,1000,"Alt.Ext","7",2,TRUE,32.7999999999884
"6138","X=~x2",0.807533236231798,0.0257560411513439,0.8,"MC-OrdPLSc",12479,5292605,1000,"Alt.Ext","7",2,TRUE,32.7999999999884
"6139","X=~x3",0.772102712815131,0.0254751710116221,0.8,"MC-OrdPLSc",12479,5292605,1000,"Alt.Ext","7",2,TRUE,32.7999999999884
"6140","Z=~z1",0.793274545821108,0.0215742550863663,0.8,"MC-OrdPLSc",12479,5292605,1000,"Alt.Ext","7",2,TRUE,32.7999999999884
"6141","Z=~z2",0.805641311446085,0.0212411863970356,0.8,"MC-OrdPLSc",12479,5292605,1000,"Alt.Ext","7",2,TRUE,32.7999999999884
"6142","Z=~z3",0.832244806048089,0.0189983804288358,0.8,"MC-OrdPLSc",12479,5292605,1000,"Alt.Ext","7",2,TRUE,32.7999999999884
"6143","Y=~y1",0.813876596992023,0.0215180890223949,0.8,"MC-OrdPLSc",12479,5292605,1000,"Alt.Ext","7",2,TRUE,32.7999999999884
"6144","Y=~y2",0.812357153151579,0.0227842963649475,0.8,"MC-OrdPLSc",12479,5292605,1000,"Alt.Ext","7",2,TRUE,32.7999999999884
"6145","Y=~y3",0.810162763139594,0.0212127344365786,0.8,"MC-OrdPLSc",12479,5292605,1000,"Alt.Ext","7",2,TRUE,32.7999999999884
"6146","Y~X",0.384857765902865,0.0294732258561153,0.4,"MC-OrdPLSc",12479,5292605,1000,"Alt.Ext","7",2,TRUE,32.7999999999884
"6147","Y~Z",0.535085756268822,0.0286052924298542,0.5,"MC-OrdPLSc",12479,5292605,1000,"Alt.Ext","7",2,TRUE,32.7999999999884
"6148","Y~X:Z",0.333034850324939,0.0323307838083749,0.3,"MC-OrdPLSc",12479,5292605,1000,"Alt.Ext","7",2,TRUE,32.7999999999884
"6149","X~~Z",0.234839507849413,0.0421526409586115,0.2,"MC-OrdPLSc",12479,5292605,1000,"Alt.Ext","7",2,TRUE,32.7999999999884
"6150","X=~x1",0.758190743593542,0.0451159372966648,0.8,"PLSc",12479,5292605,1000,"Alt.Ext","7",2,TRUE,6.97000000000116
"6151","X=~x2",0.769652381881473,0.0441392926924173,0.8,"PLSc",12479,5292605,1000,"Alt.Ext","7",2,TRUE,6.97000000000116
"6152","X=~x3",0.722525827171228,0.0423934204739918,0.8,"PLSc",12479,5292605,1000,"Alt.Ext","7",2,TRUE,6.97000000000116
"6153","Z=~z1",0.748750442897892,0.0339897253186779,0.8,"PLSc",12479,5292605,1000,"Alt.Ext","7",2,TRUE,6.97000000000116
"6154","Z=~z2",0.752311915338367,0.0352387218917326,0.8,"PLSc",12479,5292605,1000,"Alt.Ext","7",2,TRUE,6.97000000000116
"6155","Z=~z3",0.813477418492335,0.0320623940718266,0.8,"PLSc",12479,5292605,1000,"Alt.Ext","7",2,TRUE,6.97000000000116
"6156","Y=~y1",0.747608210075568,0.0273916192487702,0.8,"PLSc",12479,5292605,1000,"Alt.Ext","7",2,TRUE,6.97000000000116
"6157","Y=~y2",0.714841570530495,0.0283255531841006,0.8,"PLSc",12479,5292605,1000,"Alt.Ext","7",2,TRUE,6.97000000000116
"6158","Y=~y3",0.745784128705545,0.0284142375790654,0.8,"PLSc",12479,5292605,1000,"Alt.Ext","7",2,TRUE,6.97000000000116
"6159","Y~X",0.360116934881202,0.0342958239085076,0.4,"PLSc",12479,5292605,1000,"Alt.Ext","7",2,TRUE,6.97000000000116
"6160","Y~Z",0.537981342994715,0.031180333002149,0.5,"PLSc",12479,5292605,1000,"Alt.Ext","7",2,TRUE,6.97000000000116
"6161","Y~X:Z",0.285117357931022,0.0349151755229688,0.3,"PLSc",12479,5292605,1000,"Alt.Ext","7",2,TRUE,6.97000000000116
"6162","X~~Z",0.217980785227402,0.0417870177283249,0.2,"PLSc",12479,5292605,1000,"Alt.Ext","7",2,TRUE,6.97000000000116
"6163","X=~x1",0.841542632118461,0.0147882387676917,0.8,"PLS",12479,5292605,1000,"Alt.Ext","7",2,TRUE,1.92999999999302
"6164","X=~x2",0.851259385992752,0.0137867080831856,0.8,"PLS",12479,5292605,1000,"Alt.Ext","7",2,TRUE,1.92999999999302
"6165","X=~x3",0.832133399784762,0.0141843163220636,0.8,"PLS",12479,5292605,1000,"Alt.Ext","7",2,TRUE,1.92999999999302
"6166","Z=~z1",0.844985606467759,0.0126601771107268,0.8,"PLS",12479,5292605,1000,"Alt.Ext","7",2,TRUE,1.92999999999302
"6167","Z=~z2",0.852502344290542,0.012090007382515,0.8,"PLS",12479,5292605,1000,"Alt.Ext","7",2,TRUE,1.92999999999302
"6168","Z=~z3",0.865850728451909,0.0101202912560963,0.8,"PLS",12479,5292605,1000,"Alt.Ext","7",2,TRUE,1.92999999999302
"6169","Y=~y1",0.834912670257354,0.0118212007593333,0.8,"PLS",12479,5292605,1000,"Alt.Ext","7",2,TRUE,1.92999999999302
"6170","Y=~y2",0.830743404843447,0.0121381514358804,0.8,"PLS",12479,5292605,1000,"Alt.Ext","7",2,TRUE,1.92999999999302
"6171","Y=~y3",0.83465804973107,0.0120177232352176,0.8,"PLS",12479,5292605,1000,"Alt.Ext","7",2,TRUE,1.92999999999302
"6172","Y~X",0.291842299630118,0.0260350276566117,0.4,"PLS",12479,5292605,1000,"Alt.Ext","7",2,TRUE,1.92999999999302
"6173","Y~Z",0.428719180964129,0.0244144894510589,0.5,"PLS",12479,5292605,1000,"Alt.Ext","7",2,TRUE,1.92999999999302
"6174","Y~X:Z",0.193903724177005,0.0253761169078398,0.3,"PLS",12479,5292605,1000,"Alt.Ext","7",2,TRUE,1.92999999999302
"6175","X~~Z",0.175699660023405,0.0340359988321716,0.2,"PLS",12479,5292605,1000,"Alt.Ext","7",2,TRUE,1.92999999999302
"6176","X=~x1",0.776,0.022,0.8,"Mplus",12479,5292605,1000,"Alt.Ext","7",2,TRUE,424.720000000001
"6177","X=~x2",0.793,0.022,0.8,"Mplus",12479,5292605,1000,"Alt.Ext","7",2,TRUE,424.720000000001
"6178","X=~x3",0.762,0.023,0.8,"Mplus",12479,5292605,1000,"Alt.Ext","7",2,TRUE,424.720000000001
"6179","Z=~z1",0.791,0.021,0.8,"Mplus",12479,5292605,1000,"Alt.Ext","7",2,TRUE,424.720000000001
"6180","Z=~z2",0.798,0.02,0.8,"Mplus",12479,5292605,1000,"Alt.Ext","7",2,TRUE,424.720000000001
"6181","Z=~z3",0.799,0.02,0.8,"Mplus",12479,5292605,1000,"Alt.Ext","7",2,TRUE,424.720000000001
"6182","Y=~y1",0.789,0.022,0.8,"Mplus",12479,5292605,1000,"Alt.Ext","7",2,TRUE,424.720000000001
"6183","Y=~y2",0.81,0.021,0.8,"Mplus",12479,5292605,1000,"Alt.Ext","7",2,TRUE,424.720000000001
"6184","Y=~y3",0.803,0.021,0.8,"Mplus",12479,5292605,1000,"Alt.Ext","7",2,TRUE,424.720000000001
"6185","Y~X",0.392,0.031,0.4,"Mplus",12479,5292605,1000,"Alt.Ext","7",2,TRUE,424.720000000001
"6186","Y~Z",0.531,0.028,0.5,"Mplus",12479,5292605,1000,"Alt.Ext","7",2,TRUE,424.720000000001
"6187","Y~X:Z",0.334,0.033,0.3,"Mplus",12479,5292605,1000,"Alt.Ext","7",2,TRUE,424.720000000001
"6188","X~~Z",0.236,0.039,0.2,"Mplus",12479,5292605,1000,"Alt.Ext","7",2,TRUE,424.720000000001
"6189","X=~x1",0.342887547946317,0.105915058977003,0.5,"MC-OrdPLSc",12480,739088,1000,"Alt.Ext","7",3,TRUE,38.7799999999988
"6190","X=~x2",0.427235778501027,0.10948661947051,0.5,"MC-OrdPLSc",12480,739088,1000,"Alt.Ext","7",3,TRUE,38.7799999999988
"6191","X=~x3",0.611212197784672,0.121209451890009,0.5,"MC-OrdPLSc",12480,739088,1000,"Alt.Ext","7",3,TRUE,38.7799999999988
"6192","Z=~z1",0.529404165548897,0.0675920752257,0.5,"MC-OrdPLSc",12480,739088,1000,"Alt.Ext","7",3,TRUE,38.7799999999988
"6193","Z=~z2",0.475019538147165,0.0661084642905482,0.5,"MC-OrdPLSc",12480,739088,1000,"Alt.Ext","7",3,TRUE,38.7799999999988
"6194","Z=~z3",0.549767559444807,0.0653558432684828,0.5,"MC-OrdPLSc",12480,739088,1000,"Alt.Ext","7",3,TRUE,38.7799999999988
"6195","Y=~y1",0.438865419305567,0.066217148045932,0.5,"MC-OrdPLSc",12480,739088,1000,"Alt.Ext","7",3,TRUE,38.7799999999988
"6196","Y=~y2",0.482858956984302,0.0664292626317918,0.5,"MC-OrdPLSc",12480,739088,1000,"Alt.Ext","7",3,TRUE,38.7799999999988
"6197","Y=~y3",0.515889140954984,0.0669611565783193,0.5,"MC-OrdPLSc",12480,739088,1000,"Alt.Ext","7",3,TRUE,38.7799999999988
"6198","Y~X",0.356367491940672,0.0763014769156618,0.4,"MC-OrdPLSc",12480,739088,1000,"Alt.Ext","7",3,TRUE,38.7799999999988
"6199","Y~Z",0.506200535823308,0.0629503883109688,0.5,"MC-OrdPLSc",12480,739088,1000,"Alt.Ext","7",3,TRUE,38.7799999999988
"6200","Y~X:Z",0.270307624584714,0.110465033709813,0.3,"MC-OrdPLSc",12480,739088,1000,"Alt.Ext","7",3,TRUE,38.7799999999988
"6201","X~~Z",0.0265961451085164,0.075865992260969,0.2,"MC-OrdPLSc",12480,739088,1000,"Alt.Ext","7",3,TRUE,38.7799999999988
"6202","X=~x1",0.296124088692851,0.123198240378032,0.5,"PLSc",12480,739088,1000,"Alt.Ext","7",3,TRUE,7.35999999998603
"6203","X=~x2",0.396375743082917,0.104202328275427,0.5,"PLSc",12480,739088,1000,"Alt.Ext","7",3,TRUE,7.35999999998603
"6204","X=~x3",0.575929292097065,0.110383811916256,0.5,"PLSc",12480,739088,1000,"Alt.Ext","7",3,TRUE,7.35999999998603
"6205","Z=~z1",0.478942402100485,0.0734059654989461,0.5,"PLSc",12480,739088,1000,"Alt.Ext","7",3,TRUE,7.35999999998603
"6206","Z=~z2",0.438447236016876,0.0753527451778033,0.5,"PLSc",12480,739088,1000,"Alt.Ext","7",3,TRUE,7.35999999998603
"6207","Z=~z3",0.519025805285402,0.0767039997698882,0.5,"PLSc",12480,739088,1000,"Alt.Ext","7",3,TRUE,7.35999999998603
"6208","Y=~y1",0.373764997399569,0.0680307904280632,0.5,"PLSc",12480,739088,1000,"Alt.Ext","7",3,TRUE,7.35999999998603
"6209","Y=~y2",0.441347534615167,0.0665339318355334,0.5,"PLSc",12480,739088,1000,"Alt.Ext","7",3,TRUE,7.35999999998603
"6210","Y=~y3",0.473377813572575,0.0652891673234399,0.5,"PLSc",12480,739088,1000,"Alt.Ext","7",3,TRUE,7.35999999998603
"6211","Y~X",0.264531366487634,0.405714671531809,0.4,"PLSc",12480,739088,1000,"Alt.Ext","7",3,TRUE,7.35999999998603
"6212","Y~Z",0.515453274900134,0.186548340861934,0.5,"PLSc",12480,739088,1000,"Alt.Ext","7",3,TRUE,7.35999999998603
"6213","Y~X:Z",0.286760194932507,0.929951309192202,0.3,"PLSc",12480,739088,1000,"Alt.Ext","7",3,TRUE,7.35999999998603
"6214","X~~Z",0.0273248497148575,0.068729427512073,0.2,"PLSc",12480,739088,1000,"Alt.Ext","7",3,TRUE,7.35999999998603
"6215","X=~x1",0.52690896249502,0.132939919726836,0.5,"PLS",12480,739088,1000,"Alt.Ext","7",3,TRUE,2.47000000000116
"6216","X=~x2",0.635326563007767,0.108240316286687,0.5,"PLS",12480,739088,1000,"Alt.Ext","7",3,TRUE,2.47000000000116
"6217","X=~x3",0.811929451733473,0.0774303951738842,0.5,"PLS",12480,739088,1000,"Alt.Ext","7",3,TRUE,2.47000000000116
"6218","Z=~z1",0.70573015071938,0.0538721882064007,0.5,"PLS",12480,739088,1000,"Alt.Ext","7",3,TRUE,2.47000000000116
"6219","Z=~z2",0.654470979456916,0.0634913019952326,0.5,"PLS",12480,739088,1000,"Alt.Ext","7",3,TRUE,2.47000000000116
"6220","Z=~z3",0.728712591341724,0.0567747531512233,0.5,"PLS",12480,739088,1000,"Alt.Ext","7",3,TRUE,2.47000000000116
"6221","Y=~y1",0.635751361985168,0.0609245668993043,0.5,"PLS",12480,739088,1000,"Alt.Ext","7",3,TRUE,2.47000000000116
"6222","Y=~y2",0.678949406042613,0.0626978069403234,0.5,"PLS",12480,739088,1000,"Alt.Ext","7",3,TRUE,2.47000000000116
"6223","Y=~y3",0.710153845204286,0.0588707723188732,0.5,"PLS",12480,739088,1000,"Alt.Ext","7",3,TRUE,2.47000000000116
"6224","Y~X",0.143839998729023,0.0300581107005986,0.4,"PLS",12480,739088,1000,"Alt.Ext","7",3,TRUE,2.47000000000116
"6225","Y~Z",0.221817756229133,0.027865346654517,0.5,"PLS",12480,739088,1000,"Alt.Ext","7",3,TRUE,2.47000000000116
"6226","Y~X:Z",0.0675075122311422,0.0332670596371522,0.3,"PLS",12480,739088,1000,"Alt.Ext","7",3,TRUE,2.47000000000116
"6227","X~~Z",0.0123942424939248,0.0315682195368279,0.2,"PLS",12480,739088,1000,"Alt.Ext","7",3,TRUE,2.47000000000116
"6228","X=~x1",0.342,0.051,0.5,"Mplus",12480,739088,1000,"Alt.Ext","7",3,TRUE,560.640000000014
"6229","X=~x2",0.406,0.057,0.5,"Mplus",12480,739088,1000,"Alt.Ext","7",3,TRUE,560.640000000014
"6230","X=~x3",0.575,0.071,0.5,"Mplus",12480,739088,1000,"Alt.Ext","7",3,TRUE,560.640000000014
"6231","Z=~z1",0.518,0.048,0.5,"Mplus",12480,739088,1000,"Alt.Ext","7",3,TRUE,560.640000000014
"6232","Z=~z2",0.43,0.047,0.5,"Mplus",12480,739088,1000,"Alt.Ext","7",3,TRUE,560.640000000014
"6233","Z=~z3",0.522,0.05,0.5,"Mplus",12480,739088,1000,"Alt.Ext","7",3,TRUE,560.640000000014
"6234","Y=~y1",0.434,0.049,0.5,"Mplus",12480,739088,1000,"Alt.Ext","7",3,TRUE,560.640000000014
"6235","Y=~y2",0.474,0.052,0.5,"Mplus",12480,739088,1000,"Alt.Ext","7",3,TRUE,560.640000000014
"6236","Y=~y3",0.449,0.051,0.5,"Mplus",12480,739088,1000,"Alt.Ext","7",3,TRUE,560.640000000014
"6237","Y~X",0.378,0.072,0.4,"Mplus",12480,739088,1000,"Alt.Ext","7",3,TRUE,560.640000000014
"6238","Y~Z",0.524,0.066,0.5,"Mplus",12480,739088,1000,"Alt.Ext","7",3,TRUE,560.640000000014
"6239","Y~X:Z",0.262,0.094,0.3,"Mplus",12480,739088,1000,"Alt.Ext","7",3,TRUE,560.640000000014
"6240","X~~Z",0.045,0.07,0.2,"Mplus",12480,739088,1000,"Alt.Ext","7",3,TRUE,560.640000000014
