"","par","est","se","true","method","id","seed","n","skew","ncat","model.id","admissible","time"
"1","X=~x1",0.440204744684089,0.113842084760853,0.4,"MC-OrdPLSc",8041,1904096,300,"Symmetric","2",1,TRUE,7.6260000000002
"2","X=~x2",0.865502227281834,0.0833077593345011,0.8,"MC-OrdPLSc",8041,1904096,300,"Symmetric","2",1,TRUE,7.6260000000002
"3","X=~x3",0.774718697971051,0.0766576293738283,0.8,"MC-OrdPLSc",8041,1904096,300,"Symmetric","2",1,TRUE,7.6260000000002
"4","Z=~z1",0.624970710890977,0.0935904963904011,0.6,"MC-OrdPLSc",8041,1904096,300,"Symmetric","2",1,TRUE,7.6260000000002
"5","Z=~z2",0.607163242803043,0.0901274697864253,0.6,"MC-OrdPLSc",8041,1904096,300,"Symmetric","2",1,TRUE,7.6260000000002
"6","Z=~z3",0.869128509845337,0.0960614918120067,0.8,"MC-OrdPLSc",8041,1904096,300,"Symmetric","2",1,TRUE,7.6260000000002
"7","Y=~y1",0.391376142402052,0.0919075121047617,0.4,"MC-OrdPLSc",8041,1904096,300,"Symmetric","2",1,TRUE,7.6260000000002
"8","Y=~y2",0.701791096656681,0.0761217395254658,0.7,"MC-OrdPLSc",8041,1904096,300,"Symmetric","2",1,TRUE,7.6260000000002
"9","Y=~y3",0.909458065392521,0.0759580276031694,0.9,"MC-OrdPLSc",8041,1904096,300,"Symmetric","2",1,TRUE,7.6260000000002
"10","Y~X",0.40415969718755,0.0958465360798053,0.4,"MC-OrdPLSc",8041,1904096,300,"Symmetric","2",1,TRUE,7.6260000000002
"11","Y~Z",0.468421604366446,0.0778548716688517,0.5,"MC-OrdPLSc",8041,1904096,300,"Symmetric","2",1,TRUE,7.6260000000002
"12","Y~X:Z",0.173094277102731,0.127205777710471,0.3,"MC-OrdPLSc",8041,1904096,300,"Symmetric","2",1,TRUE,7.6260000000002
"13","X~~Z",0.284033602255952,0.102716164664555,0.2,"MC-OrdPLSc",8041,1904096,300,"Symmetric","2",1,TRUE,7.6260000000002
"14","X=~x1",0.391850375943546,0.118437454170471,0.4,"PLSc",8041,1904096,300,"Symmetric","2",1,TRUE,1.99300000000039
"15","X=~x2",0.727189212848034,0.0956499586631642,0.8,"PLSc",8041,1904096,300,"Symmetric","2",1,TRUE,1.99300000000039
"16","X=~x3",0.595823416760777,0.0921306749782316,0.8,"PLSc",8041,1904096,300,"Symmetric","2",1,TRUE,1.99300000000039
"17","Z=~z1",0.532163115345207,0.0936780947208315,0.6,"PLSc",8041,1904096,300,"Symmetric","2",1,TRUE,1.99300000000039
"18","Z=~z2",0.457536301063072,0.103218182186085,0.6,"PLSc",8041,1904096,300,"Symmetric","2",1,TRUE,1.99300000000039
"19","Z=~z3",0.724238686751773,0.0940445506309671,0.8,"PLSc",8041,1904096,300,"Symmetric","2",1,TRUE,1.99300000000039
"20","Y=~y1",0.333214554577599,0.0893611062507883,0.4,"PLSc",8041,1904096,300,"Symmetric","2",1,TRUE,1.99300000000039
"21","Y=~y2",0.560997779551385,0.0758520004572857,0.7,"PLSc",8041,1904096,300,"Symmetric","2",1,TRUE,1.99300000000039
"22","Y=~y3",0.744967068919358,0.0696373787794656,0.9,"PLSc",8041,1904096,300,"Symmetric","2",1,TRUE,1.99300000000039
"23","Y~X",0.392883068484735,0.106301141560181,0.4,"PLSc",8041,1904096,300,"Symmetric","2",1,TRUE,1.99300000000039
"24","Y~Z",0.471240390407213,0.100067072943692,0.5,"PLSc",8041,1904096,300,"Symmetric","2",1,TRUE,1.99300000000039
"25","Y~X:Z",0.13800717433634,0.0970029959112228,0.3,"PLSc",8041,1904096,300,"Symmetric","2",1,TRUE,1.99300000000039
"26","X~~Z",0.27028960959491,0.0936020930046571,0.2,"PLSc",8041,1904096,300,"Symmetric","2",1,TRUE,1.99300000000039
"27","X=~x1",0.517420670167212,0.103932100822714,0.4,"PLS",8041,1904096,300,"Symmetric","2",1,TRUE,1.07600000000002
"28","X=~x2",0.84531696203483,0.0399629283842176,0.8,"PLS",8041,1904096,300,"Symmetric","2",1,TRUE,1.07600000000002
"29","X=~x3",0.806145272291797,0.0438247503166893,0.8,"PLS",8041,1904096,300,"Symmetric","2",1,TRUE,1.07600000000002
"30","Z=~z1",0.694218072426535,0.0644971970895098,0.6,"PLS",8041,1904096,300,"Symmetric","2",1,TRUE,1.07600000000002
"31","Z=~z2",0.677745799999938,0.0695895301115533,0.6,"PLS",8041,1904096,300,"Symmetric","2",1,TRUE,1.07600000000002
"32","Z=~z3",0.836596509875618,0.0385905348426098,0.8,"PLS",8041,1904096,300,"Symmetric","2",1,TRUE,1.07600000000002
"33","Y=~y1",0.475339016955205,0.0920801936891061,0.4,"PLS",8041,1904096,300,"Symmetric","2",1,TRUE,1.07600000000002
"34","Y=~y2",0.767522738898988,0.0482702069598961,0.7,"PLS",8041,1904096,300,"Symmetric","2",1,TRUE,1.07600000000002
"35","Y=~y3",0.86608115276392,0.0274876043334911,0.9,"PLS",8041,1904096,300,"Symmetric","2",1,TRUE,1.07600000000002
"36","Y~X",0.278776508602564,0.0525577953694662,0.4,"PLS",8041,1904096,300,"Symmetric","2",1,TRUE,1.07600000000002
"37","Y~Z",0.307525435197976,0.0494123397028946,0.5,"PLS",8041,1904096,300,"Symmetric","2",1,TRUE,1.07600000000002
"38","Y~X:Z",0.0646149299978497,0.0464582733292048,0.3,"PLS",8041,1904096,300,"Symmetric","2",1,TRUE,1.07600000000002
"39","X~~Z",0.170944901870663,0.0575491864319414,0.2,"PLS",8041,1904096,300,"Symmetric","2",1,TRUE,1.07600000000002
"40","X=~x1",0.368,0.078,0.4,"Mplus",8041,1904096,300,"Symmetric","2",1,TRUE,74.6100000000006
"41","X=~x2",0.833,0.079,0.8,"Mplus",8041,1904096,300,"Symmetric","2",1,TRUE,74.6100000000006
"42","X=~x3",0.812,0.079,0.8,"Mplus",8041,1904096,300,"Symmetric","2",1,TRUE,74.6100000000006
"43","Z=~z1",0.568,0.079,0.6,"Mplus",8041,1904096,300,"Symmetric","2",1,TRUE,74.6100000000006
"44","Z=~z2",0.61,0.077,0.6,"Mplus",8041,1904096,300,"Symmetric","2",1,TRUE,74.6100000000006
"45","Z=~z3",0.852,0.077,0.8,"Mplus",8041,1904096,300,"Symmetric","2",1,TRUE,74.6100000000006
"46","Y=~y1",0.337,0.079,0.4,"Mplus",8041,1904096,300,"Symmetric","2",1,TRUE,74.6100000000006
"47","Y=~y2",0.693,0.073,0.7,"Mplus",8041,1904096,300,"Symmetric","2",1,TRUE,74.6100000000006
"48","Y=~y3",0.905,0.068,0.9,"Mplus",8041,1904096,300,"Symmetric","2",1,TRUE,74.6100000000006
"49","Y~X",0.392,0.089,0.4,"Mplus",8041,1904096,300,"Symmetric","2",1,TRUE,74.6100000000006
"50","Y~Z",0.488,0.085,0.5,"Mplus",8041,1904096,300,"Symmetric","2",1,TRUE,74.6100000000006
"51","Y~X:Z",0.202,0.117,0.3,"Mplus",8041,1904096,300,"Symmetric","2",1,TRUE,74.6100000000006
"52","X~~Z",0.286,0.093,0.2,"Mplus",8041,1904096,300,"Symmetric","2",1,TRUE,74.6100000000006
"53","X=~x1",0.46095466322104,0.0606463290461778,0.4,"MC-OrdPLSc",8042,3892549,1000,"Symmetric","2",1,TRUE,8.75500000000011
"54","X=~x2",0.8116015524105,0.0465891844816474,0.8,"MC-OrdPLSc",8042,3892549,1000,"Symmetric","2",1,TRUE,8.75500000000011
"55","X=~x3",0.768048525611124,0.046920414439866,0.8,"MC-OrdPLSc",8042,3892549,1000,"Symmetric","2",1,TRUE,8.75500000000011
"56","Z=~z1",0.661060379677218,0.0535665531362402,0.6,"MC-OrdPLSc",8042,3892549,1000,"Symmetric","2",1,TRUE,8.75500000000011
"57","Z=~z2",0.529146888296733,0.0573352001015462,0.6,"MC-OrdPLSc",8042,3892549,1000,"Symmetric","2",1,TRUE,8.75500000000011
"58","Z=~z3",0.776134913897955,0.0509897112439391,0.8,"MC-OrdPLSc",8042,3892549,1000,"Symmetric","2",1,TRUE,8.75500000000011
"59","Y=~y1",0.43046020969068,0.0494392489443975,0.4,"MC-OrdPLSc",8042,3892549,1000,"Symmetric","2",1,TRUE,8.75500000000011
"60","Y=~y2",0.673362068168379,0.0403110902079137,0.7,"MC-OrdPLSc",8042,3892549,1000,"Symmetric","2",1,TRUE,8.75500000000011
"61","Y=~y3",0.931189365817922,0.0430680862288552,0.9,"MC-OrdPLSc",8042,3892549,1000,"Symmetric","2",1,TRUE,8.75500000000011
"62","Y~X",0.452778887409678,0.0496458512446612,0.4,"MC-OrdPLSc",8042,3892549,1000,"Symmetric","2",1,TRUE,8.75500000000011
"63","Y~Z",0.422686890853114,0.0527821724108915,0.5,"MC-OrdPLSc",8042,3892549,1000,"Symmetric","2",1,TRUE,8.75500000000011
"64","Y~X:Z",0.29711964171078,0.077502789878221,0.3,"MC-OrdPLSc",8042,3892549,1000,"Symmetric","2",1,TRUE,8.75500000000011
"65","X~~Z",0.150922485560985,0.0584830993398205,0.2,"MC-OrdPLSc",8042,3892549,1000,"Symmetric","2",1,TRUE,8.75500000000011
"66","X=~x1",0.418674395560254,0.0614035852525786,0.4,"PLSc",8042,3892549,1000,"Symmetric","2",1,TRUE,3.84500000000025
"67","X=~x2",0.64642858550406,0.0541299780285415,0.8,"PLSc",8042,3892549,1000,"Symmetric","2",1,TRUE,3.84500000000025
"68","X=~x3",0.60564218690996,0.0542199744084499,0.8,"PLSc",8042,3892549,1000,"Symmetric","2",1,TRUE,3.84500000000025
"69","Z=~z1",0.54963663984664,0.0594091695696143,0.6,"PLSc",8042,3892549,1000,"Symmetric","2",1,TRUE,3.84500000000025
"70","Z=~z2",0.425256177590595,0.0617818942791088,0.6,"PLSc",8042,3892549,1000,"Symmetric","2",1,TRUE,3.84500000000025
"71","Z=~z3",0.620010775224763,0.0551942252865164,0.8,"PLSc",8042,3892549,1000,"Symmetric","2",1,TRUE,3.84500000000025
"72","Y=~y1",0.354383029101183,0.046926402934825,0.4,"PLSc",8042,3892549,1000,"Symmetric","2",1,TRUE,3.84500000000025
"73","Y=~y2",0.541000483469725,0.0402230832779359,0.7,"PLSc",8042,3892549,1000,"Symmetric","2",1,TRUE,3.84500000000025
"74","Y=~y3",0.755525983671334,0.0391642805412205,0.9,"PLSc",8042,3892549,1000,"Symmetric","2",1,TRUE,3.84500000000025
"75","Y~X",0.441131441956442,0.0522594968236993,0.4,"PLSc",8042,3892549,1000,"Symmetric","2",1,TRUE,3.84500000000025
"76","Y~Z",0.41444931578736,0.05454897797266,0.5,"PLSc",8042,3892549,1000,"Symmetric","2",1,TRUE,3.84500000000025
"77","Y~X:Z",0.210475394594059,0.0614183679017776,0.3,"PLSc",8042,3892549,1000,"Symmetric","2",1,TRUE,3.84500000000025
"78","X~~Z",0.149641657549522,0.0539435615934806,0.2,"PLSc",8042,3892549,1000,"Symmetric","2",1,TRUE,3.84500000000025
"79","X=~x1",0.541074885722343,0.0564654720269867,0.4,"PLS",8042,3892549,1000,"Symmetric","2",1,TRUE,1.04100000000017
"80","X=~x2",0.821086384594597,0.0239784054272041,0.8,"PLS",8042,3892549,1000,"Symmetric","2",1,TRUE,1.04100000000017
"81","X=~x3",0.799653412284423,0.0269101087655721,0.8,"PLS",8042,3892549,1000,"Symmetric","2",1,TRUE,1.04100000000017
"82","Z=~z1",0.729318242557304,0.0391853346690776,0.6,"PLS",8042,3892549,1000,"Symmetric","2",1,TRUE,1.04100000000017
"83","Z=~z2",0.61971693687617,0.0474363129797636,0.6,"PLS",8042,3892549,1000,"Symmetric","2",1,TRUE,1.04100000000017
"84","Z=~z3",0.800956738853661,0.0271226493363809,0.8,"PLS",8042,3892549,1000,"Symmetric","2",1,TRUE,1.04100000000017
"85","Y=~y1",0.510033700018004,0.0447417404089533,0.4,"PLS",8042,3892549,1000,"Symmetric","2",1,TRUE,1.04100000000017
"86","Y=~y2",0.744767299942704,0.0258308097848955,0.7,"PLS",8042,3892549,1000,"Symmetric","2",1,TRUE,1.04100000000017
"87","Y=~y3",0.870051848770167,0.0138222618897395,0.9,"PLS",8042,3892549,1000,"Symmetric","2",1,TRUE,1.04100000000017
"88","Y~X",0.291306621798293,0.0281296458937837,0.4,"PLS",8042,3892549,1000,"Symmetric","2",1,TRUE,1.04100000000017
"89","Y~Z",0.263648773502313,0.0289398804299525,0.5,"PLS",8042,3892549,1000,"Symmetric","2",1,TRUE,1.04100000000017
"90","Y~X:Z",0.107973341920485,0.026788293578072,0.3,"PLS",8042,3892549,1000,"Symmetric","2",1,TRUE,1.04100000000017
"91","X~~Z",0.0864341728335933,0.0312265550488243,0.2,"PLS",8042,3892549,1000,"Symmetric","2",1,TRUE,1.04100000000017
"92","X=~x1",0.357,0.043,0.4,"Mplus",8042,3892549,1000,"Symmetric","2",1,TRUE,136.357
"93","X=~x2",0.824,0.044,0.8,"Mplus",8042,3892549,1000,"Symmetric","2",1,TRUE,136.357
"94","X=~x3",0.779,0.044,0.8,"Mplus",8042,3892549,1000,"Symmetric","2",1,TRUE,136.357
"95","Z=~z1",0.6,0.048,0.6,"Mplus",8042,3892549,1000,"Symmetric","2",1,TRUE,136.357
"96","Z=~z2",0.509,0.047,0.6,"Mplus",8042,3892549,1000,"Symmetric","2",1,TRUE,136.357
"97","Z=~z3",0.781,0.05,0.8,"Mplus",8042,3892549,1000,"Symmetric","2",1,TRUE,136.357
"98","Y=~y1",0.396,0.044,0.4,"Mplus",8042,3892549,1000,"Symmetric","2",1,TRUE,136.357
"99","Y=~y2",0.639,0.042,0.7,"Mplus",8042,3892549,1000,"Symmetric","2",1,TRUE,136.357
"100","Y=~y3",0.947,0.039,0.9,"Mplus",8042,3892549,1000,"Symmetric","2",1,TRUE,136.357
"101","Y~X",0.451,0.046,0.4,"Mplus",8042,3892549,1000,"Symmetric","2",1,TRUE,136.357
"102","Y~Z",0.425,0.049,0.5,"Mplus",8042,3892549,1000,"Symmetric","2",1,TRUE,136.357
"103","Y~X:Z",0.312,0.067,0.3,"Mplus",8042,3892549,1000,"Symmetric","2",1,TRUE,136.357
"104","X~~Z",0.14,0.055,0.2,"Mplus",8042,3892549,1000,"Symmetric","2",1,TRUE,136.357
"105","X=~x1",0.304768632673937,0.0919448757498234,0.4,"MC-OrdPLSc",8043,1694704,300,"Symmetric","3",1,TRUE,8.67399999999907
"106","X=~x2",0.813165173092774,0.0602577928453061,0.8,"MC-OrdPLSc",8043,1694704,300,"Symmetric","3",1,TRUE,8.67399999999907
"107","X=~x3",0.897077904251959,0.0829617898518659,0.8,"MC-OrdPLSc",8043,1694704,300,"Symmetric","3",1,TRUE,8.67399999999907
"108","Z=~z1",0.59720080356733,0.0809575861790857,0.6,"MC-OrdPLSc",8043,1694704,300,"Symmetric","3",1,TRUE,8.67399999999907
"109","Z=~z2",0.646550221073601,0.0807094820558806,0.6,"MC-OrdPLSc",8043,1694704,300,"Symmetric","3",1,TRUE,8.67399999999907
"110","Z=~z3",0.79782539563764,0.0903075769733154,0.8,"MC-OrdPLSc",8043,1694704,300,"Symmetric","3",1,TRUE,8.67399999999907
"111","Y=~y1",0.579863709073749,0.069205202101317,0.4,"MC-OrdPLSc",8043,1694704,300,"Symmetric","3",1,TRUE,8.67399999999907
"112","Y=~y2",0.598311542191817,0.0794108898630515,0.7,"MC-OrdPLSc",8043,1694704,300,"Symmetric","3",1,TRUE,8.67399999999907
"113","Y=~y3",0.917277519054374,0.0556346696344858,0.9,"MC-OrdPLSc",8043,1694704,300,"Symmetric","3",1,TRUE,8.67399999999907
"114","Y~X",0.467819138330679,0.0713396614545007,0.4,"MC-OrdPLSc",8043,1694704,300,"Symmetric","3",1,TRUE,8.67399999999907
"115","Y~Z",0.433012656997493,0.0715033804439724,0.5,"MC-OrdPLSc",8043,1694704,300,"Symmetric","3",1,TRUE,8.67399999999907
"116","Y~X:Z",0.323810274886217,0.0929051519657896,0.3,"MC-OrdPLSc",8043,1694704,300,"Symmetric","3",1,TRUE,8.67399999999907
"117","X~~Z",0.145551341863401,0.0839382321393057,0.2,"MC-OrdPLSc",8043,1694704,300,"Symmetric","3",1,TRUE,8.67399999999907
"118","X=~x1",0.0983925547562329,0.127274940069838,0.4,"PLSc",8043,1694704,300,"Symmetric","3",1,TRUE,2.00300000000061
"119","X=~x2",0.737669181423982,0.076945577634452,0.8,"PLSc",8043,1694704,300,"Symmetric","3",1,TRUE,2.00300000000061
"120","X=~x3",0.796483581827087,0.0861259108448832,0.8,"PLSc",8043,1694704,300,"Symmetric","3",1,TRUE,2.00300000000061
"121","Z=~z1",0.47103760000196,0.107351167843971,0.6,"PLSc",8043,1694704,300,"Symmetric","3",1,TRUE,2.00300000000061
"122","Z=~z2",0.599332951147874,0.096941470237444,0.6,"PLSc",8043,1694704,300,"Symmetric","3",1,TRUE,2.00300000000061
"123","Z=~z3",0.736411433237688,0.0854787282525879,0.8,"PLSc",8043,1694704,300,"Symmetric","3",1,TRUE,2.00300000000061
"124","Y=~y1",0.565334369904953,0.0626624048292612,0.4,"PLSc",8043,1694704,300,"Symmetric","3",1,TRUE,2.00300000000061
"125","Y=~y2",0.496575815288909,0.078596435014277,0.7,"PLSc",8043,1694704,300,"Symmetric","3",1,TRUE,2.00300000000061
"126","Y=~y3",0.769505396483955,0.0568792686709936,0.9,"PLSc",8043,1694704,300,"Symmetric","3",1,TRUE,2.00300000000061
"127","Y~X",0.456212917154332,0.667597722010198,0.4,"PLSc",8043,1694704,300,"Symmetric","3",1,TRUE,2.00300000000061
"128","Y~Z",0.441115898595042,0.132092699599597,0.5,"PLSc",8043,1694704,300,"Symmetric","3",1,TRUE,2.00300000000061
"129","Y~X:Z",0.283004450386579,0.67492915320077,0.3,"PLSc",8043,1694704,300,"Symmetric","3",1,TRUE,2.00300000000061
"130","X~~Z",0.142421372011619,0.0819529131311851,0.2,"PLSc",8043,1694704,300,"Symmetric","3",1,TRUE,2.00300000000061
"131","X=~x1",0.403034807930399,0.107292506506935,0.4,"PLS",8043,1694704,300,"Symmetric","3",1,TRUE,1.08299999999872
"132","X=~x2",0.858747190482573,0.0265619798630711,0.8,"PLS",8043,1694704,300,"Symmetric","3",1,TRUE,1.08299999999872
"133","X=~x3",0.886150703827585,0.0238451896743074,0.8,"PLS",8043,1694704,300,"Symmetric","3",1,TRUE,1.08299999999872
"134","Z=~z1",0.700530350541663,0.0600418581845281,0.6,"PLS",8043,1694704,300,"Symmetric","3",1,TRUE,1.08299999999872
"135","Z=~z2",0.739538698413272,0.0561358996485688,0.6,"PLS",8043,1694704,300,"Symmetric","3",1,TRUE,1.08299999999872
"136","Z=~z3",0.828219957293745,0.0354912719555797,0.8,"PLS",8043,1694704,300,"Symmetric","3",1,TRUE,1.08299999999872
"137","Y=~y1",0.689585865965981,0.0488157220845921,0.4,"PLS",8043,1694704,300,"Symmetric","3",1,TRUE,1.08299999999872
"138","Y=~y2",0.705827393630939,0.0495795892660486,0.7,"PLS",8043,1694704,300,"Symmetric","3",1,TRUE,1.08299999999872
"139","Y=~y3",0.869494204546317,0.01987916196776,0.9,"PLS",8043,1694704,300,"Symmetric","3",1,TRUE,1.08299999999872
"140","Y~X",0.345066652312275,0.0449594395534871,0.4,"PLS",8043,1694704,300,"Symmetric","3",1,TRUE,1.08299999999872
"141","Y~Z",0.299532887541426,0.0482073733671698,0.5,"PLS",8043,1694704,300,"Symmetric","3",1,TRUE,1.08299999999872
"142","Y~X:Z",0.169070381154693,0.0520645625941599,0.3,"PLS",8043,1694704,300,"Symmetric","3",1,TRUE,1.08299999999872
"143","X~~Z",0.0996776107906591,0.0571200213646351,0.2,"PLS",8043,1694704,300,"Symmetric","3",1,TRUE,1.08299999999872
"144","X=~x1",0.439,0.064,0.4,"Mplus",8043,1694704,300,"Symmetric","3",1,TRUE,90.1820000000007
"145","X=~x2",0.736,0.065,0.8,"Mplus",8043,1694704,300,"Symmetric","3",1,TRUE,90.1820000000007
"146","X=~x3",0.916,0.059,0.8,"Mplus",8043,1694704,300,"Symmetric","3",1,TRUE,90.1820000000007
"147","Z=~z1",0.623,0.064,0.6,"Mplus",8043,1694704,300,"Symmetric","3",1,TRUE,90.1820000000007
"148","Z=~z2",0.635,0.068,0.6,"Mplus",8043,1694704,300,"Symmetric","3",1,TRUE,90.1820000000007
"149","Z=~z3",0.744,0.067,0.8,"Mplus",8043,1694704,300,"Symmetric","3",1,TRUE,90.1820000000007
"150","Y=~y1",0.533,0.064,0.4,"Mplus",8043,1694704,300,"Symmetric","3",1,TRUE,90.1820000000007
"151","Y=~y2",0.657,0.059,0.7,"Mplus",8043,1694704,300,"Symmetric","3",1,TRUE,90.1820000000007
"152","Y=~y3",0.894,0.052,0.9,"Mplus",8043,1694704,300,"Symmetric","3",1,TRUE,90.1820000000007
"153","Y~X",0.438,0.07,0.4,"Mplus",8043,1694704,300,"Symmetric","3",1,TRUE,90.1820000000007
"154","Y~Z",0.453,0.074,0.5,"Mplus",8043,1694704,300,"Symmetric","3",1,TRUE,90.1820000000007
"155","Y~X:Z",0.318,0.085,0.3,"Mplus",8043,1694704,300,"Symmetric","3",1,TRUE,90.1820000000007
"156","X~~Z",0.134,0.084,0.2,"Mplus",8043,1694704,300,"Symmetric","3",1,TRUE,90.1820000000007
"157","X=~x1",0.398251717803567,0.0466356105894056,0.4,"MC-OrdPLSc",8044,206677,1000,"Symmetric","3",1,TRUE,9.5010000000002
"158","X=~x2",0.68718457168651,0.0378099364647232,0.8,"MC-OrdPLSc",8044,206677,1000,"Symmetric","3",1,TRUE,9.5010000000002
"159","X=~x3",0.859729566926878,0.0408068164834377,0.8,"MC-OrdPLSc",8044,206677,1000,"Symmetric","3",1,TRUE,9.5010000000002
"160","Z=~z1",0.634901594131389,0.0385581103585509,0.6,"MC-OrdPLSc",8044,206677,1000,"Symmetric","3",1,TRUE,9.5010000000002
"161","Z=~z2",0.590942082870523,0.0415623985635499,0.6,"MC-OrdPLSc",8044,206677,1000,"Symmetric","3",1,TRUE,9.5010000000002
"162","Z=~z3",0.786044127504437,0.0387114987179795,0.8,"MC-OrdPLSc",8044,206677,1000,"Symmetric","3",1,TRUE,9.5010000000002
"163","Y=~y1",0.395878209807999,0.0405140542254358,0.4,"MC-OrdPLSc",8044,206677,1000,"Symmetric","3",1,TRUE,9.5010000000002
"164","Y=~y2",0.70283734800739,0.0320774267251312,0.7,"MC-OrdPLSc",8044,206677,1000,"Symmetric","3",1,TRUE,9.5010000000002
"165","Y=~y3",0.922729998108891,0.0271939682556534,0.9,"MC-OrdPLSc",8044,206677,1000,"Symmetric","3",1,TRUE,9.5010000000002
"166","Y~X",0.392618828502843,0.0430768624525164,0.4,"MC-OrdPLSc",8044,206677,1000,"Symmetric","3",1,TRUE,9.5010000000002
"167","Y~Z",0.496667180871419,0.0407989142394254,0.5,"MC-OrdPLSc",8044,206677,1000,"Symmetric","3",1,TRUE,9.5010000000002
"168","Y~X:Z",0.239084778180258,0.0445877201732424,0.3,"MC-OrdPLSc",8044,206677,1000,"Symmetric","3",1,TRUE,9.5010000000002
"169","X~~Z",0.296001877915001,0.0515827244094142,0.2,"MC-OrdPLSc",8044,206677,1000,"Symmetric","3",1,TRUE,9.5010000000002
"170","X=~x1",0.366498349163734,0.0558184757592631,0.4,"PLSc",8044,206677,1000,"Symmetric","3",1,TRUE,3.83400000000074
"171","X=~x2",0.601831168281584,0.043829180775569,0.8,"PLSc",8044,206677,1000,"Symmetric","3",1,TRUE,3.83400000000074
"172","X=~x3",0.762728972612498,0.0458359228215982,0.8,"PLSc",8044,206677,1000,"Symmetric","3",1,TRUE,3.83400000000074
"173","Z=~z1",0.562526347687846,0.0410889194178974,0.6,"PLSc",8044,206677,1000,"Symmetric","3",1,TRUE,3.83400000000074
"174","Z=~z2",0.51801780212742,0.041308533947193,0.6,"PLSc",8044,206677,1000,"Symmetric","3",1,TRUE,3.83400000000074
"175","Z=~z3",0.699452057180858,0.0393457019285076,0.8,"PLSc",8044,206677,1000,"Symmetric","3",1,TRUE,3.83400000000074
"176","Y=~y1",0.350596459036527,0.0455946776644786,0.4,"PLSc",8044,206677,1000,"Symmetric","3",1,TRUE,3.83400000000074
"177","Y=~y2",0.616174710120097,0.0325247005270437,0.7,"PLSc",8044,206677,1000,"Symmetric","3",1,TRUE,3.83400000000074
"178","Y=~y3",0.818064419992613,0.0330767150712984,0.9,"PLSc",8044,206677,1000,"Symmetric","3",1,TRUE,3.83400000000074
"179","Y~X",0.38844870608042,0.0473311629750278,0.4,"PLSc",8044,206677,1000,"Symmetric","3",1,TRUE,3.83400000000074
"180","Y~Z",0.498123722156817,0.0478084638290167,0.5,"PLSc",8044,206677,1000,"Symmetric","3",1,TRUE,3.83400000000074
"181","Y~X:Z",0.201160323102561,0.0488110987044162,0.3,"PLSc",8044,206677,1000,"Symmetric","3",1,TRUE,3.83400000000074
"182","X~~Z",0.294993971204188,0.0474974587751569,0.2,"PLSc",8044,206677,1000,"Symmetric","3",1,TRUE,3.83400000000074
"183","X=~x1",0.517869916071546,0.047485682786922,0.4,"PLS",8044,206677,1000,"Symmetric","3",1,TRUE,1.04500000000007
"184","X=~x2",0.788776503141183,0.0227912164333254,0.8,"PLS",8044,206677,1000,"Symmetric","3",1,TRUE,1.04500000000007
"185","X=~x3",0.864801476511059,0.0161781031156014,0.8,"PLS",8044,206677,1000,"Symmetric","3",1,TRUE,1.04500000000007
"186","Z=~z1",0.731950996975818,0.0251590184211765,0.6,"PLS",8044,206677,1000,"Symmetric","3",1,TRUE,1.04500000000007
"187","Z=~z2",0.699852424158151,0.0258218955230791,0.6,"PLS",8044,206677,1000,"Symmetric","3",1,TRUE,1.04500000000007
"188","Z=~z3",0.819672389790135,0.0175547668643318,0.8,"PLS",8044,206677,1000,"Symmetric","3",1,TRUE,1.04500000000007
"189","Y=~y1",0.514673255035349,0.0420384374639822,0.4,"PLS",8044,206677,1000,"Symmetric","3",1,TRUE,1.04500000000007
"190","Y=~y2",0.794772070239837,0.0175980704152648,0.7,"PLS",8044,206677,1000,"Symmetric","3",1,TRUE,1.04500000000007
"191","Y=~y3",0.882455937645731,0.0106359870793785,0.9,"PLS",8044,206677,1000,"Symmetric","3",1,TRUE,1.04500000000007
"192","Y~X",0.300236513307736,0.0265287006467339,0.4,"PLS",8044,206677,1000,"Symmetric","3",1,TRUE,1.04500000000007
"193","Y~Z",0.351031726408318,0.0266456113359428,0.5,"PLS",8044,206677,1000,"Symmetric","3",1,TRUE,1.04500000000007
"194","Y~X:Z",0.115769812900447,0.0220020393648382,0.3,"PLS",8044,206677,1000,"Symmetric","3",1,TRUE,1.04500000000007
"195","X~~Z",0.191454293113296,0.0310040655397388,0.2,"PLS",8044,206677,1000,"Symmetric","3",1,TRUE,1.04500000000007
"196","X=~x1",0.362,0.038,0.4,"Mplus",8044,206677,1000,"Symmetric","3",1,TRUE,227.102000000001
"197","X=~x2",0.701,0.036,0.8,"Mplus",8044,206677,1000,"Symmetric","3",1,TRUE,227.102000000001
"198","X=~x3",0.845,0.036,0.8,"Mplus",8044,206677,1000,"Symmetric","3",1,TRUE,227.102000000001
"199","Z=~z1",0.607,0.036,0.6,"Mplus",8044,206677,1000,"Symmetric","3",1,TRUE,227.102000000001
"200","Z=~z2",0.575,0.036,0.6,"Mplus",8044,206677,1000,"Symmetric","3",1,TRUE,227.102000000001
"201","Z=~z3",0.789,0.035,0.8,"Mplus",8044,206677,1000,"Symmetric","3",1,TRUE,227.102000000001
"202","Y=~y1",0.381,0.036,0.4,"Mplus",8044,206677,1000,"Symmetric","3",1,TRUE,227.102000000001
"203","Y=~y2",0.688,0.032,0.7,"Mplus",8044,206677,1000,"Symmetric","3",1,TRUE,227.102000000001
"204","Y=~y3",0.931,0.028,0.9,"Mplus",8044,206677,1000,"Symmetric","3",1,TRUE,227.102000000001
"205","Y~X",0.386,0.04,0.4,"Mplus",8044,206677,1000,"Symmetric","3",1,TRUE,227.102000000001
"206","Y~Z",0.504,0.039,0.5,"Mplus",8044,206677,1000,"Symmetric","3",1,TRUE,227.102000000001
"207","Y~X:Z",0.252,0.043,0.3,"Mplus",8044,206677,1000,"Symmetric","3",1,TRUE,227.102000000001
"208","X~~Z",0.3,0.045,0.2,"Mplus",8044,206677,1000,"Symmetric","3",1,TRUE,227.102000000001
"209","X=~x1",0.339288750995583,0.0818750046238259,0.4,"MC-OrdPLSc",8045,8445729,300,"Symmetric","5",1,TRUE,11.5580000000009
"210","X=~x2",0.737590879940271,0.0802233039015026,0.8,"MC-OrdPLSc",8045,8445729,300,"Symmetric","5",1,TRUE,11.5580000000009
"211","X=~x3",0.873303062318277,0.0834642514977443,0.8,"MC-OrdPLSc",8045,8445729,300,"Symmetric","5",1,TRUE,11.5580000000009
"212","Z=~z1",0.711070967817237,0.0450542680139478,0.6,"MC-OrdPLSc",8045,8445729,300,"Symmetric","5",1,TRUE,11.5580000000009
"213","Z=~z2",0.698227368849916,0.0472823567076051,0.6,"MC-OrdPLSc",8045,8445729,300,"Symmetric","5",1,TRUE,11.5580000000009
"214","Z=~z3",0.775158655574376,0.0416136863007498,0.8,"MC-OrdPLSc",8045,8445729,300,"Symmetric","5",1,TRUE,11.5580000000009
"215","Y=~y1",0.353299927443356,0.0674741012208068,0.4,"MC-OrdPLSc",8045,8445729,300,"Symmetric","5",1,TRUE,11.5580000000009
"216","Y=~y2",0.726940527734715,0.0441378845092434,0.7,"MC-OrdPLSc",8045,8445729,300,"Symmetric","5",1,TRUE,11.5580000000009
"217","Y=~y3",0.888076377961175,0.0410895222551112,0.9,"MC-OrdPLSc",8045,8445729,300,"Symmetric","5",1,TRUE,11.5580000000009
"218","Y~X",0.418028412043782,0.0660645653071503,0.4,"MC-OrdPLSc",8045,8445729,300,"Symmetric","5",1,TRUE,11.5580000000009
"219","Y~Z",0.526341378645339,0.0611972135174197,0.5,"MC-OrdPLSc",8045,8445729,300,"Symmetric","5",1,TRUE,11.5580000000009
"220","Y~X:Z",0.283699067267496,0.0827016196971203,0.3,"MC-OrdPLSc",8045,8445729,300,"Symmetric","5",1,TRUE,11.5580000000009
"221","X~~Z",0.175040226099114,0.0724337411469163,0.2,"MC-OrdPLSc",8045,8445729,300,"Symmetric","5",1,TRUE,11.5580000000009
"222","X=~x1",0.275760138889124,0.120920327961385,0.4,"PLSc",8045,8445729,300,"Symmetric","5",1,TRUE,2.01900000000023
"223","X=~x2",0.692437044396971,0.0742878582898346,0.8,"PLSc",8045,8445729,300,"Symmetric","5",1,TRUE,2.01900000000023
"224","X=~x3",0.876165529824526,0.0782742669758197,0.8,"PLSc",8045,8445729,300,"Symmetric","5",1,TRUE,2.01900000000023
"225","Z=~z1",0.653871259480587,0.0687644260511664,0.6,"PLSc",8045,8445729,300,"Symmetric","5",1,TRUE,2.01900000000023
"226","Z=~z2",0.6896751434581,0.0655630053145138,0.6,"PLSc",8045,8445729,300,"Symmetric","5",1,TRUE,2.01900000000023
"227","Z=~z3",0.738914887968019,0.0583451851738777,0.8,"PLSc",8045,8445729,300,"Symmetric","5",1,TRUE,2.01900000000023
"228","Y=~y1",0.326213790456536,0.0751895291122792,0.4,"PLSc",8045,8445729,300,"Symmetric","5",1,TRUE,2.01900000000023
"229","Y=~y2",0.675598901264959,0.0462873189886003,0.7,"PLSc",8045,8445729,300,"Symmetric","5",1,TRUE,2.01900000000023
"230","Y=~y3",0.864814718594632,0.0502282223476188,0.9,"PLSc",8045,8445729,300,"Symmetric","5",1,TRUE,2.01900000000023
"231","Y~X",0.417555126011524,0.0768640855154801,0.4,"PLSc",8045,8445729,300,"Symmetric","5",1,TRUE,2.01900000000023
"232","Y~Z",0.525818301716498,0.0741444331340756,0.5,"PLSc",8045,8445729,300,"Symmetric","5",1,TRUE,2.01900000000023
"233","Y~X:Z",0.291197584454076,0.116372862320936,0.3,"PLSc",8045,8445729,300,"Symmetric","5",1,TRUE,2.01900000000023
"234","X~~Z",0.173587646158545,0.0703506659754002,0.2,"PLSc",8045,8445729,300,"Symmetric","5",1,TRUE,2.01900000000023
"235","X=~x1",0.475197984121212,0.0885624553337384,0.4,"PLS",8045,8445729,300,"Symmetric","5",1,TRUE,1.04299999999967
"236","X=~x2",0.847527138619839,0.02978136193437,0.8,"PLS",8045,8445729,300,"Symmetric","5",1,TRUE,1.04299999999967
"237","X=~x3",0.892257858127334,0.0241809056117825,0.8,"PLS",8045,8445729,300,"Symmetric","5",1,TRUE,1.04299999999967
"238","Z=~z1",0.799865518788027,0.0314111367086823,0.6,"PLS",8045,8445729,300,"Symmetric","5",1,TRUE,1.04299999999967
"239","Z=~z2",0.792688237111506,0.0312084818903216,0.6,"PLS",8045,8445729,300,"Symmetric","5",1,TRUE,1.04299999999967
"240","Z=~z3",0.833896167963316,0.0228634471977886,0.8,"PLS",8045,8445729,300,"Symmetric","5",1,TRUE,1.04299999999967
"241","Y=~y1",0.483759460307395,0.0736081368145443,0.4,"PLS",8045,8445729,300,"Symmetric","5",1,TRUE,1.04299999999967
"242","Y=~y2",0.839738870036392,0.0232098650136547,0.7,"PLS",8045,8445729,300,"Symmetric","5",1,TRUE,1.04299999999967
"243","Y=~y3",0.895916410652529,0.0146000304384727,0.9,"PLS",8045,8445729,300,"Symmetric","5",1,TRUE,1.04299999999967
"244","Y~X",0.33082401412182,0.0477836203812843,0.4,"PLS",8045,8445729,300,"Symmetric","5",1,TRUE,1.04299999999967
"245","Y~Z",0.405773448148335,0.0468893363963666,0.5,"PLS",8045,8445729,300,"Symmetric","5",1,TRUE,1.04299999999967
"246","Y~X:Z",0.170503666511205,0.048468556022947,0.3,"PLS",8045,8445729,300,"Symmetric","5",1,TRUE,1.04299999999967
"247","X~~Z",0.131656344030771,0.0539290692582617,0.2,"PLS",8045,8445729,300,"Symmetric","5",1,TRUE,1.04299999999967
"248","X=~x1",0.357,0.064,0.4,"Mplus",8045,8445729,300,"Symmetric","5",1,TRUE,121.605000000001
"249","X=~x2",0.772,0.055,0.8,"Mplus",8045,8445729,300,"Symmetric","5",1,TRUE,121.605000000001
"250","X=~x3",0.798,0.053,0.8,"Mplus",8045,8445729,300,"Symmetric","5",1,TRUE,121.605000000001
"251","Z=~z1",0.72,0.046,0.6,"Mplus",8045,8445729,300,"Symmetric","5",1,TRUE,121.605000000001
"252","Z=~z2",0.682,0.049,0.6,"Mplus",8045,8445729,300,"Symmetric","5",1,TRUE,121.605000000001
"253","Z=~z3",0.768,0.045,0.8,"Mplus",8045,8445729,300,"Symmetric","5",1,TRUE,121.605000000001
"254","Y=~y1",0.316,0.062,0.4,"Mplus",8045,8445729,300,"Symmetric","5",1,TRUE,121.605000000001
"255","Y=~y2",0.691,0.048,0.7,"Mplus",8045,8445729,300,"Symmetric","5",1,TRUE,121.605000000001
"256","Y=~y3",0.912,0.041,0.9,"Mplus",8045,8445729,300,"Symmetric","5",1,TRUE,121.605000000001
"257","Y~X",0.432,0.06,0.4,"Mplus",8045,8445729,300,"Symmetric","5",1,TRUE,121.605000000001
"258","Y~Z",0.503,0.059,0.5,"Mplus",8045,8445729,300,"Symmetric","5",1,TRUE,121.605000000001
"259","Y~X:Z",0.272,0.073,0.3,"Mplus",8045,8445729,300,"Symmetric","5",1,TRUE,121.605000000001
"260","X~~Z",0.158,0.077,0.2,"Mplus",8045,8445729,300,"Symmetric","5",1,TRUE,121.605000000001
"261","X=~x1",0.314152039544467,0.0409833165554027,0.4,"MC-OrdPLSc",8046,7941466,1000,"Symmetric","5",1,TRUE,12.7930000000015
"262","X=~x2",0.881509993025717,0.0338179209150454,0.8,"MC-OrdPLSc",8046,7941466,1000,"Symmetric","5",1,TRUE,12.7930000000015
"263","X=~x3",0.756275715496571,0.0316351537870405,0.8,"MC-OrdPLSc",8046,7941466,1000,"Symmetric","5",1,TRUE,12.7930000000015
"264","Z=~z1",0.599874025074965,0.0334642024538147,0.6,"MC-OrdPLSc",8046,7941466,1000,"Symmetric","5",1,TRUE,12.7930000000015
"265","Z=~z2",0.601533267370209,0.0356466968593303,0.6,"MC-OrdPLSc",8046,7941466,1000,"Symmetric","5",1,TRUE,12.7930000000015
"266","Z=~z3",0.751033397815709,0.0306274116082858,0.8,"MC-OrdPLSc",8046,7941466,1000,"Symmetric","5",1,TRUE,12.7930000000015
"267","Y=~y1",0.391521733892078,0.0369037473436842,0.4,"MC-OrdPLSc",8046,7941466,1000,"Symmetric","5",1,TRUE,12.7930000000015
"268","Y=~y2",0.726605707523175,0.0276761220929337,0.7,"MC-OrdPLSc",8046,7941466,1000,"Symmetric","5",1,TRUE,12.7930000000015
"269","Y=~y3",0.915852831670915,0.0242953979697665,0.9,"MC-OrdPLSc",8046,7941466,1000,"Symmetric","5",1,TRUE,12.7930000000015
"270","Y~X",0.394645564122727,0.0354187331631301,0.4,"MC-OrdPLSc",8046,7941466,1000,"Symmetric","5",1,TRUE,12.7930000000015
"271","Y~Z",0.486200887966386,0.0352313008781755,0.5,"MC-OrdPLSc",8046,7941466,1000,"Symmetric","5",1,TRUE,12.7930000000015
"272","Y~X:Z",0.317060699134812,0.0480093556128268,0.3,"MC-OrdPLSc",8046,7941466,1000,"Symmetric","5",1,TRUE,12.7930000000015
"273","X~~Z",0.19222664761357,0.042042577287149,0.2,"MC-OrdPLSc",8046,7941466,1000,"Symmetric","5",1,TRUE,12.7930000000015
"274","X=~x1",0.262150451501342,0.0630260236797565,0.4,"PLSc",8046,7941466,1000,"Symmetric","5",1,TRUE,3.79300000000148
"275","X=~x2",0.857419152084628,0.0405523139018706,0.8,"PLSc",8046,7941466,1000,"Symmetric","5",1,TRUE,3.79300000000148
"276","X=~x3",0.730121042226429,0.0374428600538871,0.8,"PLSc",8046,7941466,1000,"Symmetric","5",1,TRUE,3.79300000000148
"277","Z=~z1",0.562059509392371,0.0457838151116973,0.6,"PLSc",8046,7941466,1000,"Symmetric","5",1,TRUE,3.79300000000148
"278","Z=~z2",0.578745174932714,0.0448167513885926,0.6,"PLSc",8046,7941466,1000,"Symmetric","5",1,TRUE,3.79300000000148
"279","Z=~z3",0.721083931663265,0.0378325564119189,0.8,"PLSc",8046,7941466,1000,"Symmetric","5",1,TRUE,3.79300000000148
"280","Y=~y1",0.387205397532024,0.0446278108237647,0.4,"PLSc",8046,7941466,1000,"Symmetric","5",1,TRUE,3.79300000000148
"281","Y=~y2",0.682104798653817,0.03071744665526,0.7,"PLSc",8046,7941466,1000,"Symmetric","5",1,TRUE,3.79300000000148
"282","Y=~y3",0.861090520435764,0.0293718185838652,0.9,"PLSc",8046,7941466,1000,"Symmetric","5",1,TRUE,3.79300000000148
"283","Y~X",0.391166099645222,0.039539986357519,0.4,"PLSc",8046,7941466,1000,"Symmetric","5",1,TRUE,3.79300000000148
"284","Y~Z",0.489060768035144,0.041021651610566,0.5,"PLSc",8046,7941466,1000,"Symmetric","5",1,TRUE,3.79300000000148
"285","Y~X:Z",0.303573585225427,0.0535160921347614,0.3,"PLSc",8046,7941466,1000,"Symmetric","5",1,TRUE,3.79300000000148
"286","X~~Z",0.190343285316151,0.0435242124191315,0.2,"PLSc",8046,7941466,1000,"Symmetric","5",1,TRUE,3.79300000000148
"287","X=~x1",0.4421871171842,0.0495297360209823,0.4,"PLS",8046,7941466,1000,"Symmetric","5",1,TRUE,0.992999999998574
"288","X=~x2",0.89894923650364,0.0105245408445085,0.8,"PLS",8046,7941466,1000,"Symmetric","5",1,TRUE,0.992999999998574
"289","X=~x3",0.860483947688313,0.0144886115488951,0.8,"PLS",8046,7941466,1000,"Symmetric","5",1,TRUE,0.992999999998574
"290","Z=~z1",0.734235122003084,0.0257065257679175,0.6,"PLS",8046,7941466,1000,"Symmetric","5",1,TRUE,0.992999999998574
"291","Z=~z2",0.736800380212216,0.0263263283895843,0.6,"PLS",8046,7941466,1000,"Symmetric","5",1,TRUE,0.992999999998574
"292","Z=~z3",0.826419794828021,0.0156508569922395,0.8,"PLS",8046,7941466,1000,"Symmetric","5",1,TRUE,0.992999999998574
"293","Y=~y1",0.532518418247142,0.0368544780682723,0.4,"PLS",8046,7941466,1000,"Symmetric","5",1,TRUE,0.992999999998574
"294","Y=~y2",0.83760243754982,0.0134459402551975,0.7,"PLS",8046,7941466,1000,"Symmetric","5",1,TRUE,0.992999999998574
"295","Y=~y3",0.899330101499494,0.00793200592763797,0.9,"PLS",8046,7941466,1000,"Symmetric","5",1,TRUE,0.992999999998574
"296","Y~X",0.32249604756056,0.0257280327443969,0.4,"PLS",8046,7941466,1000,"Symmetric","5",1,TRUE,0.992999999998574
"297","Y~Z",0.357126692213205,0.0241022396377318,0.5,"PLS",8046,7941466,1000,"Symmetric","5",1,TRUE,0.992999999998574
"298","Y~X:Z",0.180381157570259,0.0240769889451277,0.3,"PLS",8046,7941466,1000,"Symmetric","5",1,TRUE,0.992999999998574
"299","X~~Z",0.137053579279117,0.031643987633543,0.2,"PLS",8046,7941466,1000,"Symmetric","5",1,TRUE,0.992999999998574
"300","X=~x1",0.328,0.034,0.4,"Mplus",8046,7941466,1000,"Symmetric","5",1,TRUE,336.691000000001
"301","X=~x2",0.845,0.028,0.8,"Mplus",8046,7941466,1000,"Symmetric","5",1,TRUE,336.691000000001
"302","X=~x3",0.767,0.029,0.8,"Mplus",8046,7941466,1000,"Symmetric","5",1,TRUE,336.691000000001
"303","Z=~z1",0.584,0.032,0.6,"Mplus",8046,7941466,1000,"Symmetric","5",1,TRUE,336.691000000001
"304","Z=~z2",0.58,0.032,0.6,"Mplus",8046,7941466,1000,"Symmetric","5",1,TRUE,336.691000000001
"305","Z=~z3",0.761,0.03,0.8,"Mplus",8046,7941466,1000,"Symmetric","5",1,TRUE,336.691000000001
"306","Y=~y1",0.36,0.032,0.4,"Mplus",8046,7941466,1000,"Symmetric","5",1,TRUE,336.691000000001
"307","Y=~y2",0.717,0.025,0.7,"Mplus",8046,7941466,1000,"Symmetric","5",1,TRUE,336.691000000001
"308","Y=~y3",0.918,0.022,0.9,"Mplus",8046,7941466,1000,"Symmetric","5",1,TRUE,336.691000000001
"309","Y~X",0.41,0.033,0.4,"Mplus",8046,7941466,1000,"Symmetric","5",1,TRUE,336.691000000001
"310","Y~Z",0.464,0.035,0.5,"Mplus",8046,7941466,1000,"Symmetric","5",1,TRUE,336.691000000001
"311","Y~X:Z",0.284,0.038,0.3,"Mplus",8046,7941466,1000,"Symmetric","5",1,TRUE,336.691000000001
"312","X~~Z",0.194,0.042,0.2,"Mplus",8046,7941466,1000,"Symmetric","5",1,TRUE,336.691000000001
"313","X=~x1",0.379789884437389,0.0755874467202946,0.4,"MC-OrdPLSc",8047,5885656,300,"Symmetric","7",1,TRUE,15.348
"314","X=~x2",0.770602280962139,0.0545716571747014,0.8,"MC-OrdPLSc",8047,5885656,300,"Symmetric","7",1,TRUE,15.348
"315","X=~x3",0.825004844069927,0.0529384583974121,0.8,"MC-OrdPLSc",8047,5885656,300,"Symmetric","7",1,TRUE,15.348
"316","Z=~z1",0.612609006858286,0.0518247332565432,0.6,"MC-OrdPLSc",8047,5885656,300,"Symmetric","7",1,TRUE,15.348
"317","Z=~z2",0.653193245078307,0.0583136957597047,0.6,"MC-OrdPLSc",8047,5885656,300,"Symmetric","7",1,TRUE,15.348
"318","Z=~z3",0.825002643734384,0.0420950637237742,0.8,"MC-OrdPLSc",8047,5885656,300,"Symmetric","7",1,TRUE,15.348
"319","Y=~y1",0.429169591243972,0.0660942042676153,0.4,"MC-OrdPLSc",8047,5885656,300,"Symmetric","7",1,TRUE,15.348
"320","Y=~y2",0.634809652054149,0.0468804492951255,0.7,"MC-OrdPLSc",8047,5885656,300,"Symmetric","7",1,TRUE,15.348
"321","Y=~y3",0.994609018834417,0.047410214170922,0.9,"MC-OrdPLSc",8047,5885656,300,"Symmetric","7",1,TRUE,15.348
"322","Y~X",0.393873524594399,0.0678249813142232,0.4,"MC-OrdPLSc",8047,5885656,300,"Symmetric","7",1,TRUE,15.348
"323","Y~Z",0.494353621768671,0.0621529973788077,0.5,"MC-OrdPLSc",8047,5885656,300,"Symmetric","7",1,TRUE,15.348
"324","Y~X:Z",0.118417606688289,0.0891770773805312,0.3,"MC-OrdPLSc",8047,5885656,300,"Symmetric","7",1,TRUE,15.348
"325","X~~Z",0.124281036152766,0.0735794741841423,0.2,"MC-OrdPLSc",8047,5885656,300,"Symmetric","7",1,TRUE,15.348
"326","X=~x1",0.392396371543384,0.101237147353215,0.4,"PLSc",8047,5885656,300,"Symmetric","7",1,TRUE,1.95299999999952
"327","X=~x2",0.753519580758575,0.0710193902988792,0.8,"PLSc",8047,5885656,300,"Symmetric","7",1,TRUE,1.95299999999952
"328","X=~x3",0.781937549472646,0.0672905456715203,0.8,"PLSc",8047,5885656,300,"Symmetric","7",1,TRUE,1.95299999999952
"329","Z=~z1",0.601743001099378,0.0681385161254837,0.6,"PLSc",8047,5885656,300,"Symmetric","7",1,TRUE,1.95299999999952
"330","Z=~z2",0.64085270605493,0.0774099630252257,0.6,"PLSc",8047,5885656,300,"Symmetric","7",1,TRUE,1.95299999999952
"331","Z=~z3",0.792827723714013,0.0671239840854877,0.8,"PLSc",8047,5885656,300,"Symmetric","7",1,TRUE,1.95299999999952
"332","Y=~y1",0.357821572959626,0.0759467577495116,0.4,"PLSc",8047,5885656,300,"Symmetric","7",1,TRUE,1.95299999999952
"333","Y=~y2",0.635589197906351,0.0626389136940636,0.7,"PLSc",8047,5885656,300,"Symmetric","7",1,TRUE,1.95299999999952
"334","Y=~y3",0.999054346379001,0.0515065219358406,0.9,"PLSc",8047,5885656,300,"Symmetric","7",1,TRUE,1.95299999999952
"335","Y~X",0.386093932059896,0.0734710433632809,0.4,"PLSc",8047,5885656,300,"Symmetric","7",1,TRUE,1.95299999999952
"336","Y~Z",0.480311294215994,0.0634458689080019,0.5,"PLSc",8047,5885656,300,"Symmetric","7",1,TRUE,1.95299999999952
"337","Y~X:Z",0.116757573493586,0.103994422592106,0.3,"PLSc",8047,5885656,300,"Symmetric","7",1,TRUE,1.95299999999952
"338","X~~Z",0.125784633517238,0.0740325795510159,0.2,"PLSc",8047,5885656,300,"Symmetric","7",1,TRUE,1.95299999999952
"339","X=~x1",0.526515342785174,0.0809595034949364,0.4,"PLS",8047,5885656,300,"Symmetric","7",1,TRUE,1.11499999999978
"340","X=~x2",0.863047237518391,0.026525658436836,0.8,"PLS",8047,5885656,300,"Symmetric","7",1,TRUE,1.11499999999978
"341","X=~x3",0.88146399372896,0.0196173789544528,0.8,"PLS",8047,5885656,300,"Symmetric","7",1,TRUE,1.11499999999978
"342","Z=~z1",0.747421525377513,0.0379264672875041,0.6,"PLS",8047,5885656,300,"Symmetric","7",1,TRUE,1.11499999999978
"343","Z=~z2",0.778461787258593,0.0389280622307203,0.6,"PLS",8047,5885656,300,"Symmetric","7",1,TRUE,1.11499999999978
"344","Z=~z3",0.864585947446618,0.0189289964649234,0.8,"PLS",8047,5885656,300,"Symmetric","7",1,TRUE,1.11499999999978
"345","Y=~y1",0.592399253432943,0.0571629250102894,0.4,"PLS",8047,5885656,300,"Symmetric","7",1,TRUE,1.11499999999978
"346","Y=~y2",0.798612816774588,0.0332302467136258,0.7,"PLS",8047,5885656,300,"Symmetric","7",1,TRUE,1.11499999999978
"347","Y=~y3",0.923130511402484,0.00960148949956701,0.9,"PLS",8047,5885656,300,"Symmetric","7",1,TRUE,1.11499999999978
"348","Y~X",0.324312426092186,0.0519761632124401,0.4,"PLS",8047,5885656,300,"Symmetric","7",1,TRUE,1.11499999999978
"349","Y~Z",0.395729446252691,0.0455241401934001,0.5,"PLS",8047,5885656,300,"Symmetric","7",1,TRUE,1.11499999999978
"350","Y~X:Z",0.0806363461835958,0.0534358087364283,0.3,"PLS",8047,5885656,300,"Symmetric","7",1,TRUE,1.11499999999978
"351","X~~Z",0.0930107198546938,0.0545168150698331,0.2,"PLS",8047,5885656,300,"Symmetric","7",1,TRUE,1.11499999999978
"352","X=~x1",0.333,0.06,0.4,"Mplus",8047,5885656,300,"Symmetric","7",1,TRUE,136.746000000001
"353","X=~x2",0.76,0.052,0.8,"Mplus",8047,5885656,300,"Symmetric","7",1,TRUE,136.746000000001
"354","X=~x3",0.846,0.053,0.8,"Mplus",8047,5885656,300,"Symmetric","7",1,TRUE,136.746000000001
"355","Z=~z1",0.588,0.051,0.6,"Mplus",8047,5885656,300,"Symmetric","7",1,TRUE,136.746000000001
"356","Z=~z2",0.652,0.049,0.6,"Mplus",8047,5885656,300,"Symmetric","7",1,TRUE,136.746000000001
"357","Z=~z3",0.813,0.043,0.8,"Mplus",8047,5885656,300,"Symmetric","7",1,TRUE,136.746000000001
"358","Y=~y1",0.438,0.052,0.4,"Mplus",8047,5885656,300,"Symmetric","7",1,TRUE,136.746000000001
"359","Y=~y2",0.592,0.048,0.7,"Mplus",8047,5885656,300,"Symmetric","7",1,TRUE,136.746000000001
"360","Y=~y3",0.984,0.035,0.9,"Mplus",8047,5885656,300,"Symmetric","7",1,TRUE,136.746000000001
"361","Y~X",0.366,0.057,0.4,"Mplus",8047,5885656,300,"Symmetric","7",1,TRUE,136.746000000001
"362","Y~Z",0.54,0.053,0.5,"Mplus",8047,5885656,300,"Symmetric","7",1,TRUE,136.746000000001
"363","Y~X:Z",0.186,0.069,0.3,"Mplus",8047,5885656,300,"Symmetric","7",1,TRUE,136.746000000001
"364","X~~Z",0.124,0.075,0.2,"Mplus",8047,5885656,300,"Symmetric","7",1,TRUE,136.746000000001
"365","X=~x1",0.41157582358299,0.0422481548397578,0.4,"MC-OrdPLSc",8048,6983421,1000,"Symmetric","7",1,TRUE,16.2650000000012
"366","X=~x2",0.778558680493117,0.0329484053798069,0.8,"MC-OrdPLSc",8048,6983421,1000,"Symmetric","7",1,TRUE,16.2650000000012
"367","X=~x3",0.794162888695674,0.0337363508944809,0.8,"MC-OrdPLSc",8048,6983421,1000,"Symmetric","7",1,TRUE,16.2650000000012
"368","Z=~z1",0.586896215368722,0.0289216408172283,0.6,"MC-OrdPLSc",8048,6983421,1000,"Symmetric","7",1,TRUE,16.2650000000012
"369","Z=~z2",0.591381588992983,0.0296267076998407,0.6,"MC-OrdPLSc",8048,6983421,1000,"Symmetric","7",1,TRUE,16.2650000000012
"370","Z=~z3",0.826046407136885,0.0283676201423555,0.8,"MC-OrdPLSc",8048,6983421,1000,"Symmetric","7",1,TRUE,16.2650000000012
"371","Y=~y1",0.42507201103384,0.0302317159806407,0.4,"MC-OrdPLSc",8048,6983421,1000,"Symmetric","7",1,TRUE,16.2650000000012
"372","Y=~y2",0.726794598233794,0.0266171308863792,0.7,"MC-OrdPLSc",8048,6983421,1000,"Symmetric","7",1,TRUE,16.2650000000012
"373","Y=~y3",0.903551173462461,0.0225906248185066,0.9,"MC-OrdPLSc",8048,6983421,1000,"Symmetric","7",1,TRUE,16.2650000000012
"374","Y~X",0.36708310415744,0.0335174133061151,0.4,"MC-OrdPLSc",8048,6983421,1000,"Symmetric","7",1,TRUE,16.2650000000012
"375","Y~Z",0.5360248118041,0.0327194969161407,0.5,"MC-OrdPLSc",8048,6983421,1000,"Symmetric","7",1,TRUE,16.2650000000012
"376","Y~X:Z",0.368463581849773,0.0393270555621894,0.3,"MC-OrdPLSc",8048,6983421,1000,"Symmetric","7",1,TRUE,16.2650000000012
"377","X~~Z",0.205690100260646,0.0415497324304457,0.2,"MC-OrdPLSc",8048,6983421,1000,"Symmetric","7",1,TRUE,16.2650000000012
"378","X=~x1",0.4380086885872,0.0509297477007776,0.4,"PLSc",8048,6983421,1000,"Symmetric","7",1,TRUE,3.72500000000036
"379","X=~x2",0.758396130024148,0.0401024150916991,0.8,"PLSc",8048,6983421,1000,"Symmetric","7",1,TRUE,3.72500000000036
"380","X=~x3",0.741374976164761,0.0445929370121302,0.8,"PLSc",8048,6983421,1000,"Symmetric","7",1,TRUE,3.72500000000036
"381","Z=~z1",0.579892862214001,0.0375258831862076,0.6,"PLSc",8048,6983421,1000,"Symmetric","7",1,TRUE,3.72500000000036
"382","Z=~z2",0.571517410838039,0.0345105765109061,0.6,"PLSc",8048,6983421,1000,"Symmetric","7",1,TRUE,3.72500000000036
"383","Z=~z3",0.802286196997394,0.0323026239454798,0.8,"PLSc",8048,6983421,1000,"Symmetric","7",1,TRUE,3.72500000000036
"384","Y=~y1",0.430361122742673,0.0359662194559633,0.4,"PLSc",8048,6983421,1000,"Symmetric","7",1,TRUE,3.72500000000036
"385","Y=~y2",0.692084412385421,0.0290847766659242,0.7,"PLSc",8048,6983421,1000,"Symmetric","7",1,TRUE,3.72500000000036
"386","Y=~y3",0.863002421394175,0.02663094193267,0.9,"PLSc",8048,6983421,1000,"Symmetric","7",1,TRUE,3.72500000000036
"387","Y~X",0.357573425977291,0.0403396122667459,0.4,"PLSc",8048,6983421,1000,"Symmetric","7",1,TRUE,3.72500000000036
"388","Y~Z",0.547201169645174,0.0383093319479947,0.5,"PLSc",8048,6983421,1000,"Symmetric","7",1,TRUE,3.72500000000036
"389","Y~X:Z",0.347293574209382,0.0489137286741128,0.3,"PLSc",8048,6983421,1000,"Symmetric","7",1,TRUE,3.72500000000036
"390","X~~Z",0.207841022810485,0.0437382343565913,0.2,"PLSc",8048,6983421,1000,"Symmetric","7",1,TRUE,3.72500000000036
"391","X=~x1",0.563089850863361,0.0385537131661706,0.4,"PLS",8048,6983421,1000,"Symmetric","7",1,TRUE,1.03999999999905
"392","X=~x2",0.861769426072251,0.0141116182129758,0.8,"PLS",8048,6983421,1000,"Symmetric","7",1,TRUE,1.03999999999905
"393","X=~x3",0.866886805324564,0.0135285733391899,0.8,"PLS",8048,6983421,1000,"Symmetric","7",1,TRUE,1.03999999999905
"394","Z=~z1",0.73448503785436,0.0216209544526401,0.6,"PLS",8048,6983421,1000,"Symmetric","7",1,TRUE,1.03999999999905
"395","Z=~z2",0.738320464304352,0.0196549182805762,0.6,"PLS",8048,6983421,1000,"Symmetric","7",1,TRUE,1.03999999999905
"396","Z=~z3",0.865923208615358,0.0105736917235703,0.8,"PLS",8048,6983421,1000,"Symmetric","7",1,TRUE,1.03999999999905
"397","Y=~y1",0.576868491031644,0.0309776088666862,0.4,"PLS",8048,6983421,1000,"Symmetric","7",1,TRUE,1.03999999999905
"398","Y=~y2",0.839822665621738,0.0133066547015548,0.7,"PLS",8048,6983421,1000,"Symmetric","7",1,TRUE,1.03999999999905
"399","Y=~y3",0.898513411320974,0.00685096187521484,0.9,"PLS",8048,6983421,1000,"Symmetric","7",1,TRUE,1.03999999999905
"400","Y~X",0.297555864306808,0.0252334856020044,0.4,"PLS",8048,6983421,1000,"Symmetric","7",1,TRUE,1.03999999999905
"401","Y~Z",0.412403293864878,0.0233743440375553,0.5,"PLS",8048,6983421,1000,"Symmetric","7",1,TRUE,1.03999999999905
"402","Y~X:Z",0.223792192677695,0.0235179391502654,0.3,"PLS",8048,6983421,1000,"Symmetric","7",1,TRUE,1.03999999999905
"403","X~~Z",0.150226507576117,0.0318951753668488,0.2,"PLS",8048,6983421,1000,"Symmetric","7",1,TRUE,1.03999999999905
"404","X=~x1",0.371,0.032,0.4,"Mplus",8048,6983421,1000,"Symmetric","7",1,TRUE,332.973
"405","X=~x2",0.772,0.026,0.8,"Mplus",8048,6983421,1000,"Symmetric","7",1,TRUE,332.973
"406","X=~x3",0.818,0.026,0.8,"Mplus",8048,6983421,1000,"Symmetric","7",1,TRUE,332.973
"407","Z=~z1",0.575,0.029,0.6,"Mplus",8048,6983421,1000,"Symmetric","7",1,TRUE,332.973
"408","Z=~z2",0.578,0.029,0.6,"Mplus",8048,6983421,1000,"Symmetric","7",1,TRUE,332.973
"409","Z=~z3",0.82,0.025,0.8,"Mplus",8048,6983421,1000,"Symmetric","7",1,TRUE,332.973
"410","Y=~y1",0.402,0.031,0.4,"Mplus",8048,6983421,1000,"Symmetric","7",1,TRUE,332.973
"411","Y=~y2",0.729,0.023,0.7,"Mplus",8048,6983421,1000,"Symmetric","7",1,TRUE,332.973
"412","Y=~y3",0.886,0.019,0.9,"Mplus",8048,6983421,1000,"Symmetric","7",1,TRUE,332.973
"413","Y~X",0.346,0.033,0.4,"Mplus",8048,6983421,1000,"Symmetric","7",1,TRUE,332.973
"414","Y~Z",0.544,0.031,0.5,"Mplus",8048,6983421,1000,"Symmetric","7",1,TRUE,332.973
"415","Y~X:Z",0.329,0.036,0.3,"Mplus",8048,6983421,1000,"Symmetric","7",1,TRUE,332.973
"416","X~~Z",0.208,0.04,0.2,"Mplus",8048,6983421,1000,"Symmetric","7",1,TRUE,332.973
"417","X=~x1",0.317558127091399,0.115020007830971,0.4,"MC-OrdPLSc",8049,177467,300,"Moderate","2",1,TRUE,7.32499999999891
"418","X=~x2",0.841893468399885,0.0868662048195977,0.8,"MC-OrdPLSc",8049,177467,300,"Moderate","2",1,TRUE,7.32499999999891
"419","X=~x3",0.775384491186026,0.0795185936613096,0.8,"MC-OrdPLSc",8049,177467,300,"Moderate","2",1,TRUE,7.32499999999891
"420","Z=~z1",0.630081947989876,0.0896035531408896,0.6,"MC-OrdPLSc",8049,177467,300,"Moderate","2",1,TRUE,7.32499999999891
"421","Z=~z2",0.630929964287082,0.0903072220431548,0.6,"MC-OrdPLSc",8049,177467,300,"Moderate","2",1,TRUE,7.32499999999891
"422","Z=~z3",0.719462249050616,0.0852630066288704,0.8,"MC-OrdPLSc",8049,177467,300,"Moderate","2",1,TRUE,7.32499999999891
"423","Y=~y1",0.2949871426893,0.0950987903870238,0.4,"MC-OrdPLSc",8049,177467,300,"Moderate","2",1,TRUE,7.32499999999891
"424","Y=~y2",0.656115943232304,0.0785502120559928,0.7,"MC-OrdPLSc",8049,177467,300,"Moderate","2",1,TRUE,7.32499999999891
"425","Y=~y3",0.968449928208172,0.0841592230599094,0.9,"MC-OrdPLSc",8049,177467,300,"Moderate","2",1,TRUE,7.32499999999891
"426","Y~X",0.331267589709515,0.112981144521323,0.4,"MC-OrdPLSc",8049,177467,300,"Moderate","2",1,TRUE,7.32499999999891
"427","Y~Z",0.651249217662766,0.0868059389322656,0.5,"MC-OrdPLSc",8049,177467,300,"Moderate","2",1,TRUE,7.32499999999891
"428","Y~X:Z",0.171620003397069,0.249385059671563,0.3,"MC-OrdPLSc",8049,177467,300,"Moderate","2",1,TRUE,7.32499999999891
"429","X~~Z",0.263243710847605,0.113567904759901,0.2,"MC-OrdPLSc",8049,177467,300,"Moderate","2",1,TRUE,7.32499999999891
"430","X=~x1",0.248655673340214,0.130016207370077,0.4,"PLSc",8049,177467,300,"Moderate","2",1,TRUE,2.07099999999991
"431","X=~x2",0.701770673694839,0.0972597280693372,0.8,"PLSc",8049,177467,300,"Moderate","2",1,TRUE,2.07099999999991
"432","X=~x3",0.631100865536074,0.104007275818608,0.8,"PLSc",8049,177467,300,"Moderate","2",1,TRUE,2.07099999999991
"433","Z=~z1",0.527526783250361,0.0778105370772095,0.6,"PLSc",8049,177467,300,"Moderate","2",1,TRUE,2.07099999999991
"434","Z=~z2",0.528147603028031,0.0781378279232631,0.6,"PLSc",8049,177467,300,"Moderate","2",1,TRUE,2.07099999999991
"435","Z=~z3",0.519374316186794,0.0835663962018027,0.8,"PLSc",8049,177467,300,"Moderate","2",1,TRUE,2.07099999999991
"436","Y=~y1",0.172179378328787,0.096142943887094,0.4,"PLSc",8049,177467,300,"Moderate","2",1,TRUE,2.07099999999991
"437","Y=~y2",0.539339836989773,0.0659412934228159,0.7,"PLSc",8049,177467,300,"Moderate","2",1,TRUE,2.07099999999991
"438","Y=~y3",0.836296173313391,0.0701520532809342,0.9,"PLSc",8049,177467,300,"Moderate","2",1,TRUE,2.07099999999991
"439","Y~X",0.323537062662568,0.100674992598982,0.4,"PLSc",8049,177467,300,"Moderate","2",1,TRUE,2.07099999999991
"440","Y~Z",0.619624104171499,0.0997217131257004,0.5,"PLSc",8049,177467,300,"Moderate","2",1,TRUE,2.07099999999991
"441","Y~X:Z",0.0823630162353644,0.121992031411594,0.3,"PLSc",8049,177467,300,"Moderate","2",1,TRUE,2.07099999999991
"442","X~~Z",0.245412056843841,0.104025092709976,0.2,"PLSc",8049,177467,300,"Moderate","2",1,TRUE,2.07099999999991
"443","X=~x1",0.391075883406196,0.128928217321984,0.4,"PLS",8049,177467,300,"Moderate","2",1,TRUE,1.16200000000026
"444","X=~x2",0.847075501462959,0.0441569228677138,0.8,"PLS",8049,177467,300,"Moderate","2",1,TRUE,1.16200000000026
"445","X=~x3",0.815336038854335,0.0562335128809777,0.8,"PLS",8049,177467,300,"Moderate","2",1,TRUE,1.16200000000026
"446","Z=~z1",0.697293051668935,0.0617442049333234,0.6,"PLS",8049,177467,300,"Moderate","2",1,TRUE,1.16200000000026
"447","Z=~z2",0.697745063162857,0.0604908651647727,0.6,"PLS",8049,177467,300,"Moderate","2",1,TRUE,1.16200000000026
"448","Z=~z3",0.762984573170749,0.0469901286228058,0.8,"PLS",8049,177467,300,"Moderate","2",1,TRUE,1.16200000000026
"449","Y=~y1",0.368782334747801,0.106600412055357,0.4,"PLS",8049,177467,300,"Moderate","2",1,TRUE,1.16200000000026
"450","Y=~y2",0.755269237589741,0.0473648720771121,0.7,"PLS",8049,177467,300,"Moderate","2",1,TRUE,1.16200000000026
"451","Y=~y3",0.894394665194101,0.0227485717249211,0.9,"PLS",8049,177467,300,"Moderate","2",1,TRUE,1.16200000000026
"452","Y~X",0.262570872919068,0.0529028242188447,0.4,"PLS",8049,177467,300,"Moderate","2",1,TRUE,1.16200000000026
"453","Y~Z",0.393523884375257,0.0481668639641498,0.5,"PLS",8049,177467,300,"Moderate","2",1,TRUE,1.16200000000026
"454","Y~X:Z",0.0803860422296687,0.0475993772151751,0.3,"PLS",8049,177467,300,"Moderate","2",1,TRUE,1.16200000000026
"455","X~~Z",0.141505059281466,0.0600584546777236,0.2,"PLS",8049,177467,300,"Moderate","2",1,TRUE,1.16200000000026
"456","X=~x1",0.284,0.081,0.4,"Mplus",8049,177467,300,"Moderate","2",1,TRUE,81.241
"457","X=~x2",0.799,0.09,0.8,"Mplus",8049,177467,300,"Moderate","2",1,TRUE,81.241
"458","X=~x3",0.777,0.089,0.8,"Mplus",8049,177467,300,"Moderate","2",1,TRUE,81.241
"459","Z=~z1",0.603,0.083,0.6,"Mplus",8049,177467,300,"Moderate","2",1,TRUE,81.241
"460","Z=~z2",0.584,0.083,0.6,"Mplus",8049,177467,300,"Moderate","2",1,TRUE,81.241
"461","Z=~z3",0.695,0.087,0.8,"Mplus",8049,177467,300,"Moderate","2",1,TRUE,81.241
"462","Y=~y1",0.298,0.079,0.4,"Mplus",8049,177467,300,"Moderate","2",1,TRUE,81.241
"463","Y=~y2",0.64,0.076,0.7,"Mplus",8049,177467,300,"Moderate","2",1,TRUE,81.241
"464","Y=~y3",0.928,0.064,0.9,"Mplus",8049,177467,300,"Moderate","2",1,TRUE,81.241
"465","Y~X",0.288,0.118,0.4,"Mplus",8049,177467,300,"Moderate","2",1,TRUE,81.241
"466","Y~Z",0.647,0.106,0.5,"Mplus",8049,177467,300,"Moderate","2",1,TRUE,81.241
"467","Y~X:Z",0.393,0.152,0.3,"Mplus",8049,177467,300,"Moderate","2",1,TRUE,81.241
"468","X~~Z",0.291,0.104,0.2,"Mplus",8049,177467,300,"Moderate","2",1,TRUE,81.241
"469","X=~x1",0.482882238565894,0.0526727935621821,0.4,"MC-OrdPLSc",8050,2417586,1000,"Moderate","2",1,TRUE,9.02499999999964
"470","X=~x2",0.78139013390837,0.0531963793152286,0.8,"MC-OrdPLSc",8050,2417586,1000,"Moderate","2",1,TRUE,9.02499999999964
"471","X=~x3",0.761171404418933,0.049812715322048,0.8,"MC-OrdPLSc",8050,2417586,1000,"Moderate","2",1,TRUE,9.02499999999964
"472","Z=~z1",0.666511160003518,0.051755952514447,0.6,"MC-OrdPLSc",8050,2417586,1000,"Moderate","2",1,TRUE,9.02499999999964
"473","Z=~z2",0.51764304666481,0.0534206139433914,0.6,"MC-OrdPLSc",8050,2417586,1000,"Moderate","2",1,TRUE,9.02499999999964
"474","Z=~z3",0.769039225631832,0.0495415930602204,0.8,"MC-OrdPLSc",8050,2417586,1000,"Moderate","2",1,TRUE,9.02499999999964
"475","Y=~y1",0.456979658910476,0.050291889848956,0.4,"MC-OrdPLSc",8050,2417586,1000,"Moderate","2",1,TRUE,9.02499999999964
"476","Y=~y2",0.668567034243069,0.0395740194894323,0.7,"MC-OrdPLSc",8050,2417586,1000,"Moderate","2",1,TRUE,9.02499999999964
"477","Y=~y3",0.963999712451896,0.0358669540409939,0.9,"MC-OrdPLSc",8050,2417586,1000,"Moderate","2",1,TRUE,9.02499999999964
"478","Y~X",0.304709528171223,0.061992602496001,0.4,"MC-OrdPLSc",8050,2417586,1000,"Moderate","2",1,TRUE,9.02499999999964
"479","Y~Z",0.501988664128397,0.0497380404415542,0.5,"MC-OrdPLSc",8050,2417586,1000,"Moderate","2",1,TRUE,9.02499999999964
"480","Y~X:Z",0.328737804632671,0.0884991315199337,0.3,"MC-OrdPLSc",8050,2417586,1000,"Moderate","2",1,TRUE,9.02499999999964
"481","X~~Z",0.306842060483322,0.0576023004908011,0.2,"MC-OrdPLSc",8050,2417586,1000,"Moderate","2",1,TRUE,9.02499999999964
"482","X=~x1",0.427470339365463,0.0615464542761428,0.4,"PLSc",8050,2417586,1000,"Moderate","2",1,TRUE,4.02700000000004
"483","X=~x2",0.604932587487781,0.0573522535621943,0.8,"PLSc",8050,2417586,1000,"Moderate","2",1,TRUE,4.02700000000004
"484","X=~x3",0.605888544608258,0.0577300273828202,0.8,"PLSc",8050,2417586,1000,"Moderate","2",1,TRUE,4.02700000000004
"485","Z=~z1",0.542460187813494,0.0474516266187305,0.6,"PLSc",8050,2417586,1000,"Moderate","2",1,TRUE,4.02700000000004
"486","Z=~z2",0.410283834513111,0.053441560221218,0.6,"PLSc",8050,2417586,1000,"Moderate","2",1,TRUE,4.02700000000004
"487","Z=~z3",0.616504333633157,0.042876017115396,0.8,"PLSc",8050,2417586,1000,"Moderate","2",1,TRUE,4.02700000000004
"488","Y=~y1",0.315811619733341,0.0550506097381263,0.4,"PLSc",8050,2417586,1000,"Moderate","2",1,TRUE,4.02700000000004
"489","Y=~y2",0.573894646036799,0.0386744698773605,0.7,"PLSc",8050,2417586,1000,"Moderate","2",1,TRUE,4.02700000000004
"490","Y=~y3",0.801844978441265,0.03837473972274,0.9,"PLSc",8050,2417586,1000,"Moderate","2",1,TRUE,4.02700000000004
"491","Y~X",0.313852432264658,0.0554207591086746,0.4,"PLSc",8050,2417586,1000,"Moderate","2",1,TRUE,4.02700000000004
"492","Y~Z",0.478674198027904,0.0577627209486093,0.5,"PLSc",8050,2417586,1000,"Moderate","2",1,TRUE,4.02700000000004
"493","Y~X:Z",0.194036339279415,0.0676765088927396,0.3,"PLSc",8050,2417586,1000,"Moderate","2",1,TRUE,4.02700000000004
"494","X~~Z",0.29655607199434,0.0544823298406103,0.2,"PLSc",8050,2417586,1000,"Moderate","2",1,TRUE,4.02700000000004
"495","X=~x1",0.559460474059303,0.0538856985572486,0.4,"PLS",8050,2417586,1000,"Moderate","2",1,TRUE,1.47000000000116
"496","X=~x2",0.803359447509121,0.0275494145430206,0.8,"PLS",8050,2417586,1000,"Moderate","2",1,TRUE,1.47000000000116
"497","X=~x3",0.792232044451968,0.028725865294104,0.8,"PLS",8050,2417586,1000,"Moderate","2",1,TRUE,1.47000000000116
"498","Z=~z1",0.733375660249214,0.0321413649741049,0.6,"PLS",8050,2417586,1000,"Moderate","2",1,TRUE,1.47000000000116
"499","Z=~z2",0.60070378009133,0.0459482110157149,0.6,"PLS",8050,2417586,1000,"Moderate","2",1,TRUE,1.47000000000116
"500","Z=~z3",0.799646155509053,0.0223556489724148,0.8,"PLS",8050,2417586,1000,"Moderate","2",1,TRUE,1.47000000000116
"501","Y=~y1",0.534850490874534,0.0469414748246175,0.4,"PLS",8050,2417586,1000,"Moderate","2",1,TRUE,1.47000000000116
"502","Y=~y2",0.740258686809203,0.0274506823878926,0.7,"PLS",8050,2417586,1000,"Moderate","2",1,TRUE,1.47000000000116
"503","Y=~y3",0.88055995971304,0.0121497796409336,0.9,"PLS",8050,2417586,1000,"Moderate","2",1,TRUE,1.47000000000116
"504","Y~X",0.245735157200371,0.0290992301393483,0.4,"PLS",8050,2417586,1000,"Moderate","2",1,TRUE,1.47000000000116
"505","Y~Z",0.320376003011181,0.029467106451796,0.5,"PLS",8050,2417586,1000,"Moderate","2",1,TRUE,1.47000000000116
"506","Y~X:Z",0.121033925191258,0.0276322810414182,0.3,"PLS",8050,2417586,1000,"Moderate","2",1,TRUE,1.47000000000116
"507","X~~Z",0.166976388853985,0.030813367170749,0.2,"PLS",8050,2417586,1000,"Moderate","2",1,TRUE,1.47000000000116
"508","X=~x1",0.392,0.045,0.4,"Mplus",8050,2417586,1000,"Moderate","2",1,TRUE,114.944
"509","X=~x2",0.782,0.047,0.8,"Mplus",8050,2417586,1000,"Moderate","2",1,TRUE,114.944
"510","X=~x3",0.787,0.047,0.8,"Mplus",8050,2417586,1000,"Moderate","2",1,TRUE,114.944
"511","Z=~z1",0.628,0.046,0.6,"Mplus",8050,2417586,1000,"Moderate","2",1,TRUE,114.944
"512","Z=~z2",0.475,0.047,0.6,"Mplus",8050,2417586,1000,"Moderate","2",1,TRUE,114.944
"513","Z=~z3",0.765,0.047,0.8,"Mplus",8050,2417586,1000,"Moderate","2",1,TRUE,114.944
"514","Y=~y1",0.471,0.042,0.4,"Mplus",8050,2417586,1000,"Moderate","2",1,TRUE,114.944
"515","Y=~y2",0.611,0.041,0.7,"Mplus",8050,2417586,1000,"Moderate","2",1,TRUE,114.944
"516","Y=~y3",0.965,0.034,0.9,"Mplus",8050,2417586,1000,"Moderate","2",1,TRUE,114.944
"517","Y~X",0.31,0.057,0.4,"Mplus",8050,2417586,1000,"Moderate","2",1,TRUE,114.944
"518","Y~Z",0.515,0.055,0.5,"Mplus",8050,2417586,1000,"Moderate","2",1,TRUE,114.944
"519","Y~X:Z",0.316,0.075,0.3,"Mplus",8050,2417586,1000,"Moderate","2",1,TRUE,114.944
"520","X~~Z",0.278,0.057,0.2,"Mplus",8050,2417586,1000,"Moderate","2",1,TRUE,114.944
"521","X=~x1",0.466998305931712,0.0762577996596978,0.4,"MC-OrdPLSc",8051,630274,300,"Moderate","3",1,TRUE,8.56099999999969
"522","X=~x2",0.788561453203865,0.0494939981479844,0.8,"MC-OrdPLSc",8051,630274,300,"Moderate","3",1,TRUE,8.56099999999969
"523","X=~x3",0.935263181923434,0.0566198734114655,0.8,"MC-OrdPLSc",8051,630274,300,"Moderate","3",1,TRUE,8.56099999999969
"524","Z=~z1",0.578277638737066,0.0707379385839926,0.6,"MC-OrdPLSc",8051,630274,300,"Moderate","3",1,TRUE,8.56099999999969
"525","Z=~z2",0.607860415807487,0.0759237215582518,0.6,"MC-OrdPLSc",8051,630274,300,"Moderate","3",1,TRUE,8.56099999999969
"526","Z=~z3",0.855281688843358,0.058581574052651,0.8,"MC-OrdPLSc",8051,630274,300,"Moderate","3",1,TRUE,8.56099999999969
"527","Y=~y1",0.297829401013639,0.0717905992124845,0.4,"MC-OrdPLSc",8051,630274,300,"Moderate","3",1,TRUE,8.56099999999969
"528","Y=~y2",0.645988795381865,0.0512744163882148,0.7,"MC-OrdPLSc",8051,630274,300,"Moderate","3",1,TRUE,8.56099999999969
"529","Y=~y3",0.916171806757446,0.0526771365798804,0.9,"MC-OrdPLSc",8051,630274,300,"Moderate","3",1,TRUE,8.56099999999969
"530","Y~X",0.422594085220493,0.0682045426098151,0.4,"MC-OrdPLSc",8051,630274,300,"Moderate","3",1,TRUE,8.56099999999969
"531","Y~Z",0.540100271071747,0.0708267050461531,0.5,"MC-OrdPLSc",8051,630274,300,"Moderate","3",1,TRUE,8.56099999999969
"532","Y~X:Z",0.0472152841826806,0.080771832871195,0.3,"MC-OrdPLSc",8051,630274,300,"Moderate","3",1,TRUE,8.56099999999969
"533","X~~Z",0.188883386354635,0.0899216469968547,0.2,"MC-OrdPLSc",8051,630274,300,"Moderate","3",1,TRUE,8.56099999999969
"534","X=~x1",0.433550685641763,0.0998541724275392,0.4,"PLSc",8051,630274,300,"Moderate","3",1,TRUE,1.95000000000073
"535","X=~x2",0.703819527825704,0.0750108036891269,0.8,"PLSc",8051,630274,300,"Moderate","3",1,TRUE,1.95000000000073
"536","X=~x3",0.854274261249471,0.068355726152387,0.8,"PLSc",8051,630274,300,"Moderate","3",1,TRUE,1.95000000000073
"537","Z=~z1",0.459734550809843,0.0798427623663562,0.6,"PLSc",8051,630274,300,"Moderate","3",1,TRUE,1.95000000000073
"538","Z=~z2",0.584368648624064,0.077628240863144,0.6,"PLSc",8051,630274,300,"Moderate","3",1,TRUE,1.95000000000073
"539","Z=~z3",0.793820914197083,0.0631809191206994,0.8,"PLSc",8051,630274,300,"Moderate","3",1,TRUE,1.95000000000073
"540","Y=~y1",0.256019192009329,0.0862704011581599,0.4,"PLSc",8051,630274,300,"Moderate","3",1,TRUE,1.95000000000073
"541","Y=~y2",0.58847219921056,0.0565847105703406,0.7,"PLSc",8051,630274,300,"Moderate","3",1,TRUE,1.95000000000073
"542","Y=~y3",0.840139144995696,0.0581406452931648,0.9,"PLSc",8051,630274,300,"Moderate","3",1,TRUE,1.95000000000073
"543","Y~X",0.418525013675956,0.0694732401309063,0.4,"PLSc",8051,630274,300,"Moderate","3",1,TRUE,1.95000000000073
"544","Y~Z",0.529674453342649,0.0734788135939285,0.5,"PLSc",8051,630274,300,"Moderate","3",1,TRUE,1.95000000000073
"545","Y~X:Z",0.0457160280565757,0.0762582279222244,0.3,"PLSc",8051,630274,300,"Moderate","3",1,TRUE,1.95000000000073
"546","X~~Z",0.182637190408114,0.0791827489581611,0.2,"PLSc",8051,630274,300,"Moderate","3",1,TRUE,1.95000000000073
"547","X=~x1",0.580735100161872,0.0692075174460393,0.4,"PLS",8051,630274,300,"Moderate","3",1,TRUE,1.03799999999865
"548","X=~x2",0.845922696225689,0.0280658922875595,0.8,"PLS",8051,630274,300,"Moderate","3",1,TRUE,1.03799999999865
"549","X=~x3",0.894645779738567,0.0179826408490892,0.8,"PLS",8051,630274,300,"Moderate","3",1,TRUE,1.03799999999865
"550","Z=~z1",0.695426598649981,0.0534873896117519,0.6,"PLS",8051,630274,300,"Moderate","3",1,TRUE,1.03799999999865
"551","Z=~z2",0.72272511643514,0.0513721919614525,0.6,"PLS",8051,630274,300,"Moderate","3",1,TRUE,1.03799999999865
"552","Z=~z3",0.857444062999653,0.0215772807195519,0.8,"PLS",8051,630274,300,"Moderate","3",1,TRUE,1.03799999999865
"553","Y=~y1",0.411050336938718,0.0939361285777933,0.4,"PLS",8051,630274,300,"Moderate","3",1,TRUE,1.03799999999865
"554","Y=~y2",0.786183836133934,0.0353181076306508,0.7,"PLS",8051,630274,300,"Moderate","3",1,TRUE,1.03799999999865
"555","Y=~y3",0.896158459064782,0.0175017807991932,0.9,"PLS",8051,630274,300,"Moderate","3",1,TRUE,1.03799999999865
"556","Y~X",0.331772792779596,0.0443227098274385,0.4,"PLS",8051,630274,300,"Moderate","3",1,TRUE,1.03799999999865
"557","Y~Z",0.382523322333089,0.042694096849654,0.5,"PLS",8051,630274,300,"Moderate","3",1,TRUE,1.03799999999865
"558","Y~X:Z",0.0302727594707485,0.0417596759721637,0.3,"PLS",8051,630274,300,"Moderate","3",1,TRUE,1.03799999999865
"559","X~~Z",0.133174910214283,0.0574914862809484,0.2,"PLS",8051,630274,300,"Moderate","3",1,TRUE,1.03799999999865
"560","X=~x1",0.425,0.061,0.4,"Mplus",8051,630274,300,"Moderate","3",1,TRUE,97.5079999999998
"561","X=~x2",0.784,0.054,0.8,"Mplus",8051,630274,300,"Moderate","3",1,TRUE,97.5079999999998
"562","X=~x3",0.933,0.05,0.8,"Mplus",8051,630274,300,"Moderate","3",1,TRUE,97.5079999999998
"563","Z=~z1",0.58,0.062,0.6,"Mplus",8051,630274,300,"Moderate","3",1,TRUE,97.5079999999998
"564","Z=~z2",0.539,0.065,0.6,"Mplus",8051,630274,300,"Moderate","3",1,TRUE,97.5079999999998
"565","Z=~z3",0.866,0.061,0.8,"Mplus",8051,630274,300,"Moderate","3",1,TRUE,97.5079999999998
"566","Y=~y1",0.286,0.066,0.4,"Mplus",8051,630274,300,"Moderate","3",1,TRUE,97.5079999999998
"567","Y=~y2",0.606,0.059,0.7,"Mplus",8051,630274,300,"Moderate","3",1,TRUE,97.5079999999998
"568","Y=~y3",0.914,0.056,0.9,"Mplus",8051,630274,300,"Moderate","3",1,TRUE,97.5079999999998
"569","Y~X",0.429,0.066,0.4,"Mplus",8051,630274,300,"Moderate","3",1,TRUE,97.5079999999998
"570","Y~Z",0.531,0.066,0.5,"Mplus",8051,630274,300,"Moderate","3",1,TRUE,97.5079999999998
"571","Y~X:Z",0.036,0.085,0.3,"Mplus",8051,630274,300,"Moderate","3",1,TRUE,97.5079999999998
"572","X~~Z",0.176,0.077,0.2,"Mplus",8051,630274,300,"Moderate","3",1,TRUE,97.5079999999998
"573","X=~x1",0.374172495684383,0.0490385951377006,0.4,"MC-OrdPLSc",8052,6222342,1000,"Moderate","3",1,TRUE,9.92499999999927
"574","X=~x2",0.867364541243558,0.0436818353569941,0.8,"MC-OrdPLSc",8052,6222342,1000,"Moderate","3",1,TRUE,9.92499999999927
"575","X=~x3",0.769942447374461,0.0359273370667569,0.8,"MC-OrdPLSc",8052,6222342,1000,"Moderate","3",1,TRUE,9.92499999999927
"576","Z=~z1",0.612868072277823,0.0429999051335532,0.6,"MC-OrdPLSc",8052,6222342,1000,"Moderate","3",1,TRUE,9.92499999999927
"577","Z=~z2",0.569286579018089,0.0402032657510958,0.6,"MC-OrdPLSc",8052,6222342,1000,"Moderate","3",1,TRUE,9.92499999999927
"578","Z=~z3",0.803081367475725,0.0370236593453858,0.8,"MC-OrdPLSc",8052,6222342,1000,"Moderate","3",1,TRUE,9.92499999999927
"579","Y=~y1",0.38042672742645,0.040357706306106,0.4,"MC-OrdPLSc",8052,6222342,1000,"Moderate","3",1,TRUE,9.92499999999927
"580","Y=~y2",0.704866984933944,0.0276754764750226,0.7,"MC-OrdPLSc",8052,6222342,1000,"Moderate","3",1,TRUE,9.92499999999927
"581","Y=~y3",0.834596258206797,0.0328157660523512,0.9,"MC-OrdPLSc",8052,6222342,1000,"Moderate","3",1,TRUE,9.92499999999927
"582","Y~X",0.388097600020111,0.0439936531975015,0.4,"MC-OrdPLSc",8052,6222342,1000,"Moderate","3",1,TRUE,9.92499999999927
"583","Y~Z",0.508471812049796,0.0432206456244602,0.5,"MC-OrdPLSc",8052,6222342,1000,"Moderate","3",1,TRUE,9.92499999999927
"584","Y~X:Z",0.291798058041592,0.0556916601301718,0.3,"MC-OrdPLSc",8052,6222342,1000,"Moderate","3",1,TRUE,9.92499999999927
"585","X~~Z",0.221200477910313,0.0480953462095523,0.2,"MC-OrdPLSc",8052,6222342,1000,"Moderate","3",1,TRUE,9.92499999999927
"586","X=~x1",0.310044738525761,0.066353978310054,0.4,"PLSc",8052,6222342,1000,"Moderate","3",1,TRUE,3.81899999999951
"587","X=~x2",0.809371502777371,0.0453524019742257,0.8,"PLSc",8052,6222342,1000,"Moderate","3",1,TRUE,3.81899999999951
"588","X=~x3",0.699457747127115,0.042011149776881,0.8,"PLSc",8052,6222342,1000,"Moderate","3",1,TRUE,3.81899999999951
"589","Z=~z1",0.569552250890747,0.0421749153113252,0.6,"PLSc",8052,6222342,1000,"Moderate","3",1,TRUE,3.81899999999951
"590","Z=~z2",0.495542009086037,0.0463837241965672,0.6,"PLSc",8052,6222342,1000,"Moderate","3",1,TRUE,3.81899999999951
"591","Z=~z3",0.727054306006816,0.0410238822544924,0.8,"PLSc",8052,6222342,1000,"Moderate","3",1,TRUE,3.81899999999951
"592","Y=~y1",0.339802553649495,0.0456831895656808,0.4,"PLSc",8052,6222342,1000,"Moderate","3",1,TRUE,3.81899999999951
"593","Y=~y2",0.646242023531102,0.0326061812594289,0.7,"PLSc",8052,6222342,1000,"Moderate","3",1,TRUE,3.81899999999951
"594","Y=~y3",0.735543570372388,0.0334891090052665,0.9,"PLSc",8052,6222342,1000,"Moderate","3",1,TRUE,3.81899999999951
"595","Y~X",0.37623065061401,0.0437046915263549,0.4,"PLSc",8052,6222342,1000,"Moderate","3",1,TRUE,3.81899999999951
"596","Y~Z",0.517571870557877,0.0479385383783949,0.5,"PLSc",8052,6222342,1000,"Moderate","3",1,TRUE,3.81899999999951
"597","Y~X:Z",0.251482133192212,0.0556951264396766,0.3,"PLSc",8052,6222342,1000,"Moderate","3",1,TRUE,3.81899999999951
"598","X~~Z",0.215404598979064,0.0437999476851478,0.2,"PLSc",8052,6222342,1000,"Moderate","3",1,TRUE,3.81899999999951
"599","X=~x1",0.486814004501824,0.0506141255420974,0.4,"PLS",8052,6222342,1000,"Moderate","3",1,TRUE,1.05199999999968
"600","X=~x2",0.876697937332338,0.0150713172389328,0.8,"PLS",8052,6222342,1000,"Moderate","3",1,TRUE,1.05199999999968
"601","X=~x3",0.842260961898942,0.0169960626581822,0.8,"PLS",8052,6222342,1000,"Moderate","3",1,TRUE,1.05199999999968
"602","Z=~z1",0.726593470130995,0.0265764339818983,0.6,"PLS",8052,6222342,1000,"Moderate","3",1,TRUE,1.05199999999968
"603","Z=~z2",0.690185327057513,0.0305093413232012,0.6,"PLS",8052,6222342,1000,"Moderate","3",1,TRUE,1.05199999999968
"604","Z=~z3",0.836429456936072,0.0164265435765517,0.8,"PLS",8052,6222342,1000,"Moderate","3",1,TRUE,1.05199999999968
"605","Y=~y1",0.503655900648318,0.0426502096071342,0.4,"PLS",8052,6222342,1000,"Moderate","3",1,TRUE,1.05199999999968
"606","Y=~y2",0.802217692134264,0.0181348172797304,0.7,"PLS",8052,6222342,1000,"Moderate","3",1,TRUE,1.05199999999968
"607","Y=~y3",0.859664930580782,0.0124384306284233,0.9,"PLS",8052,6222342,1000,"Moderate","3",1,TRUE,1.05199999999968
"608","Y~X",0.293486511014306,0.0271389237721031,0.4,"PLS",8052,6222342,1000,"Moderate","3",1,TRUE,1.05199999999968
"609","Y~Z",0.34564868536533,0.0266026640808829,0.5,"PLS",8052,6222342,1000,"Moderate","3",1,TRUE,1.05199999999968
"610","Y~X:Z",0.142729599667655,0.0275480646083819,0.3,"PLS",8052,6222342,1000,"Moderate","3",1,TRUE,1.05199999999968
"611","X~~Z",0.148454124962462,0.0300699028799943,0.2,"PLS",8052,6222342,1000,"Moderate","3",1,TRUE,1.05199999999968
"612","X=~x1",0.377,0.036,0.4,"Mplus",8052,6222342,1000,"Moderate","3",1,TRUE,300.225
"613","X=~x2",0.829,0.035,0.8,"Mplus",8052,6222342,1000,"Moderate","3",1,TRUE,300.225
"614","X=~x3",0.776,0.035,0.8,"Mplus",8052,6222342,1000,"Moderate","3",1,TRUE,300.225
"615","Z=~z1",0.577,0.036,0.6,"Mplus",8052,6222342,1000,"Moderate","3",1,TRUE,300.225
"616","Z=~z2",0.56,0.036,0.6,"Mplus",8052,6222342,1000,"Moderate","3",1,TRUE,300.225
"617","Z=~z3",0.794,0.035,0.8,"Mplus",8052,6222342,1000,"Moderate","3",1,TRUE,300.225
"618","Y=~y1",0.357,0.037,0.4,"Mplus",8052,6222342,1000,"Moderate","3",1,TRUE,300.225
"619","Y=~y2",0.683,0.033,0.7,"Mplus",8052,6222342,1000,"Moderate","3",1,TRUE,300.225
"620","Y=~y3",0.836,0.031,0.9,"Mplus",8052,6222342,1000,"Moderate","3",1,TRUE,300.225
"621","Y~X",0.384,0.041,0.4,"Mplus",8052,6222342,1000,"Moderate","3",1,TRUE,300.225
"622","Y~Z",0.517,0.04,0.5,"Mplus",8052,6222342,1000,"Moderate","3",1,TRUE,300.225
"623","Y~X:Z",0.288,0.051,0.3,"Mplus",8052,6222342,1000,"Moderate","3",1,TRUE,300.225
"624","X~~Z",0.22,0.045,0.2,"Mplus",8052,6222342,1000,"Moderate","3",1,TRUE,300.225
"625","X=~x1",0.418672391276522,0.0665954909346796,0.4,"MC-OrdPLSc",8053,178731,300,"Moderate","5",1,TRUE,11.2660000000014
"626","X=~x2",0.724397836266322,0.056663808301798,0.8,"MC-OrdPLSc",8053,178731,300,"Moderate","5",1,TRUE,11.2660000000014
"627","X=~x3",0.863971700151846,0.0542504832667378,0.8,"MC-OrdPLSc",8053,178731,300,"Moderate","5",1,TRUE,11.2660000000014
"628","Z=~z1",0.572656205345975,0.0665743429324816,0.6,"MC-OrdPLSc",8053,178731,300,"Moderate","5",1,TRUE,11.2660000000014
"629","Z=~z2",0.649937099126283,0.056069540065887,0.6,"MC-OrdPLSc",8053,178731,300,"Moderate","5",1,TRUE,11.2660000000014
"630","Z=~z3",0.855989892930555,0.0439729571109266,0.8,"MC-OrdPLSc",8053,178731,300,"Moderate","5",1,TRUE,11.2660000000014
"631","Y=~y1",0.43584771497655,0.0711884441210681,0.4,"MC-OrdPLSc",8053,178731,300,"Moderate","5",1,TRUE,11.2660000000014
"632","Y=~y2",0.665942056110663,0.0473798688951165,0.7,"MC-OrdPLSc",8053,178731,300,"Moderate","5",1,TRUE,11.2660000000014
"633","Y=~y3",0.913145310212816,0.0384034064020504,0.9,"MC-OrdPLSc",8053,178731,300,"Moderate","5",1,TRUE,11.2660000000014
"634","Y~X",0.47634021375906,0.0741404000073746,0.4,"MC-OrdPLSc",8053,178731,300,"Moderate","5",1,TRUE,11.2660000000014
"635","Y~Z",0.571878264246188,0.0680689038388699,0.5,"MC-OrdPLSc",8053,178731,300,"Moderate","5",1,TRUE,11.2660000000014
"636","Y~X:Z",0.222074066961973,0.0900542847378389,0.3,"MC-OrdPLSc",8053,178731,300,"Moderate","5",1,TRUE,11.2660000000014
"637","X~~Z",0.121403124156224,0.0799136419330827,0.2,"MC-OrdPLSc",8053,178731,300,"Moderate","5",1,TRUE,11.2660000000014
"638","X=~x1",0.423938862139574,0.0900320671030733,0.4,"PLSc",8053,178731,300,"Moderate","5",1,TRUE,2.03600000000006
"639","X=~x2",0.723114648415174,0.0730027643799571,0.8,"PLSc",8053,178731,300,"Moderate","5",1,TRUE,2.03600000000006
"640","X=~x3",0.748879934020415,0.0687812936796585,0.8,"PLSc",8053,178731,300,"Moderate","5",1,TRUE,2.03600000000006
"641","Z=~z1",0.553877723381166,0.0803518165587037,0.6,"PLSc",8053,178731,300,"Moderate","5",1,TRUE,2.03600000000006
"642","Z=~z2",0.632239946455163,0.0666776360290024,0.6,"PLSc",8053,178731,300,"Moderate","5",1,TRUE,2.03600000000006
"643","Z=~z3",0.77817385562272,0.0622112246907163,0.8,"PLSc",8053,178731,300,"Moderate","5",1,TRUE,2.03600000000006
"644","Y=~y1",0.439618637446071,0.0776428291942191,0.4,"PLSc",8053,178731,300,"Moderate","5",1,TRUE,2.03600000000006
"645","Y=~y2",0.62797404633257,0.0573202842430966,0.7,"PLSc",8053,178731,300,"Moderate","5",1,TRUE,2.03600000000006
"646","Y=~y3",0.863489979473929,0.0452638339267957,0.9,"PLSc",8053,178731,300,"Moderate","5",1,TRUE,2.03600000000006
"647","Y~X",0.473655018937076,0.173090744907956,0.4,"PLSc",8053,178731,300,"Moderate","5",1,TRUE,2.03600000000006
"648","Y~Z",0.582462290093001,0.168458563853117,0.5,"PLSc",8053,178731,300,"Moderate","5",1,TRUE,2.03600000000006
"649","Y~X:Z",0.227054865488524,0.407256596655883,0.3,"PLSc",8053,178731,300,"Moderate","5",1,TRUE,2.03600000000006
"650","X~~Z",0.122238862829283,0.0819482428421002,0.2,"PLSc",8053,178731,300,"Moderate","5",1,TRUE,2.03600000000006
"651","X=~x1",0.556256123929041,0.0768923870912586,0.4,"PLS",8053,178731,300,"Moderate","5",1,TRUE,1.03700000000026
"652","X=~x2",0.82942953191708,0.0325343457043374,0.8,"PLS",8053,178731,300,"Moderate","5",1,TRUE,1.03700000000026
"653","X=~x3",0.882515696288373,0.0185469862322321,0.8,"PLS",8053,178731,300,"Moderate","5",1,TRUE,1.03700000000026
"654","Z=~z1",0.703820353165971,0.0493099402702299,0.6,"PLS",8053,178731,300,"Moderate","5",1,TRUE,1.03700000000026
"655","Z=~z2",0.769356291581669,0.0365156197148665,0.6,"PLS",8053,178731,300,"Moderate","5",1,TRUE,1.03700000000026
"656","Z=~z3",0.870150062601312,0.0184446301526662,0.8,"PLS",8053,178731,300,"Moderate","5",1,TRUE,1.03700000000026
"657","Y=~y1",0.585085671184916,0.0696377295142253,0.4,"PLS",8053,178731,300,"Moderate","5",1,TRUE,1.03700000000026
"658","Y=~y2",0.803929262448557,0.0318506245555746,0.7,"PLS",8053,178731,300,"Moderate","5",1,TRUE,1.03700000000026
"659","Y=~y3",0.897284056633916,0.0128485915468288,0.9,"PLS",8053,178731,300,"Moderate","5",1,TRUE,1.03700000000026
"660","Y~X",0.372462980866978,0.0469278970724461,0.4,"PLS",8053,178731,300,"Moderate","5",1,TRUE,1.03700000000026
"661","Y~Z",0.431629582222986,0.0498462219320879,0.5,"PLS",8053,178731,300,"Moderate","5",1,TRUE,1.03700000000026
"662","Y~X:Z",0.152623240704587,0.0469750499152972,0.3,"PLS",8053,178731,300,"Moderate","5",1,TRUE,1.03700000000026
"663","X~~Z",0.0871702166557206,0.0598201786594195,0.2,"PLS",8053,178731,300,"Moderate","5",1,TRUE,1.03700000000026
"664","X=~x1",0.413,0.059,0.4,"Mplus",8053,178731,300,"Moderate","5",1,TRUE,91.146999999999
"665","X=~x2",0.708,0.052,0.8,"Mplus",8053,178731,300,"Moderate","5",1,TRUE,91.146999999999
"666","X=~x3",0.905,0.049,0.8,"Mplus",8053,178731,300,"Moderate","5",1,TRUE,91.146999999999
"667","Z=~z1",0.572,0.054,0.6,"Mplus",8053,178731,300,"Moderate","5",1,TRUE,91.146999999999
"668","Z=~z2",0.649,0.052,0.6,"Mplus",8053,178731,300,"Moderate","5",1,TRUE,91.146999999999
"669","Z=~z3",0.851,0.044,0.8,"Mplus",8053,178731,300,"Moderate","5",1,TRUE,91.146999999999
"670","Y=~y1",0.389,0.06,0.4,"Mplus",8053,178731,300,"Moderate","5",1,TRUE,91.146999999999
"671","Y=~y2",0.656,0.05,0.7,"Mplus",8053,178731,300,"Moderate","5",1,TRUE,91.146999999999
"672","Y=~y3",0.911,0.041,0.9,"Mplus",8053,178731,300,"Moderate","5",1,TRUE,91.146999999999
"673","Y~X",0.443,0.063,0.4,"Mplus",8053,178731,300,"Moderate","5",1,TRUE,91.146999999999
"674","Y~Z",0.572,0.057,0.5,"Mplus",8053,178731,300,"Moderate","5",1,TRUE,91.146999999999
"675","Y~X:Z",0.264,0.071,0.3,"Mplus",8053,178731,300,"Moderate","5",1,TRUE,91.146999999999
"676","X~~Z",0.106,0.076,0.2,"Mplus",8053,178731,300,"Moderate","5",1,TRUE,91.146999999999
"677","X=~x1",0.434866354221579,0.0422990785628135,0.4,"MC-OrdPLSc",8054,4137379,1000,"Moderate","5",1,TRUE,13.0339999999997
"678","X=~x2",0.786895948795856,0.0339632219861973,0.8,"MC-OrdPLSc",8054,4137379,1000,"Moderate","5",1,TRUE,13.0339999999997
"679","X=~x3",0.761140988651486,0.0361623552076425,0.8,"MC-OrdPLSc",8054,4137379,1000,"Moderate","5",1,TRUE,13.0339999999997
"680","Z=~z1",0.588047451352707,0.0366258684576238,0.6,"MC-OrdPLSc",8054,4137379,1000,"Moderate","5",1,TRUE,13.0339999999997
"681","Z=~z2",0.564158831811661,0.0359697640083714,0.6,"MC-OrdPLSc",8054,4137379,1000,"Moderate","5",1,TRUE,13.0339999999997
"682","Z=~z3",0.805787492002328,0.0318879381519136,0.8,"MC-OrdPLSc",8054,4137379,1000,"Moderate","5",1,TRUE,13.0339999999997
"683","Y=~y1",0.394824601350574,0.0362276574289394,0.4,"MC-OrdPLSc",8054,4137379,1000,"Moderate","5",1,TRUE,13.0339999999997
"684","Y=~y2",0.71458044317211,0.0264375242563675,0.7,"MC-OrdPLSc",8054,4137379,1000,"Moderate","5",1,TRUE,13.0339999999997
"685","Y=~y3",0.892634040576348,0.0245638530226713,0.9,"MC-OrdPLSc",8054,4137379,1000,"Moderate","5",1,TRUE,13.0339999999997
"686","Y~X",0.385933761781231,0.0444991242631893,0.4,"MC-OrdPLSc",8054,4137379,1000,"Moderate","5",1,TRUE,13.0339999999997
"687","Y~Z",0.500982408417191,0.0443354743910469,0.5,"MC-OrdPLSc",8054,4137379,1000,"Moderate","5",1,TRUE,13.0339999999997
"688","Y~X:Z",0.425298337228845,0.0505093228559975,0.3,"MC-OrdPLSc",8054,4137379,1000,"Moderate","5",1,TRUE,13.0339999999997
"689","X~~Z",0.257199124503753,0.0428443523726072,0.2,"MC-OrdPLSc",8054,4137379,1000,"Moderate","5",1,TRUE,13.0339999999997
"690","X=~x1",0.470779304666001,0.050066504420325,0.4,"PLSc",8054,4137379,1000,"Moderate","5",1,TRUE,3.875
"691","X=~x2",0.694844045595582,0.0416484156889237,0.8,"PLSc",8054,4137379,1000,"Moderate","5",1,TRUE,3.875
"692","X=~x3",0.706598467425683,0.040428077329297,0.8,"PLSc",8054,4137379,1000,"Moderate","5",1,TRUE,3.875
"693","Z=~z1",0.546370892493884,0.0433078466512434,0.6,"PLSc",8054,4137379,1000,"Moderate","5",1,TRUE,3.875
"694","Z=~z2",0.540375258980075,0.0412859317443478,0.6,"PLSc",8054,4137379,1000,"Moderate","5",1,TRUE,3.875
"695","Z=~z3",0.757926071232949,0.0378159913894252,0.8,"PLSc",8054,4137379,1000,"Moderate","5",1,TRUE,3.875
"696","Y=~y1",0.378157660171949,0.0436890596811094,0.4,"PLSc",8054,4137379,1000,"Moderate","5",1,TRUE,3.875
"697","Y=~y2",0.679045829709551,0.0277091475707265,0.7,"PLSc",8054,4137379,1000,"Moderate","5",1,TRUE,3.875
"698","Y=~y3",0.864835471801208,0.0275039342019427,0.9,"PLSc",8054,4137379,1000,"Moderate","5",1,TRUE,3.875
"699","Y~X",0.393776245496249,0.0441750081162243,0.4,"PLSc",8054,4137379,1000,"Moderate","5",1,TRUE,3.875
"700","Y~Z",0.464269466293153,0.042775082901365,0.5,"PLSc",8054,4137379,1000,"Moderate","5",1,TRUE,3.875
"701","Y~X:Z",0.356342666047714,0.0713581492104953,0.3,"PLSc",8054,4137379,1000,"Moderate","5",1,TRUE,3.875
"702","X~~Z",0.260557702490185,0.0478144134819813,0.2,"PLSc",8054,4137379,1000,"Moderate","5",1,TRUE,3.875
"703","X=~x1",0.572342155893133,0.0410953293610394,0.4,"PLS",8054,4137379,1000,"Moderate","5",1,TRUE,1.00800000000163
"704","X=~x2",0.852563680194142,0.0150834919631695,0.8,"PLS",8054,4137379,1000,"Moderate","5",1,TRUE,1.00800000000163
"705","X=~x3",0.841462536797407,0.0166896721472632,0.8,"PLS",8054,4137379,1000,"Moderate","5",1,TRUE,1.00800000000163
"706","Z=~z1",0.723249774519951,0.0273155217959842,0.6,"PLS",8054,4137379,1000,"Moderate","5",1,TRUE,1.00800000000163
"707","Z=~z2",0.702449809598569,0.0264114406406438,0.6,"PLS",8054,4137379,1000,"Moderate","5",1,TRUE,1.00800000000163
"708","Z=~z3",0.851976794747242,0.014384978295291,0.8,"PLS",8054,4137379,1000,"Moderate","5",1,TRUE,1.00800000000163
"709","Y=~y1",0.540336082192401,0.0395750034241823,0.4,"PLS",8054,4137379,1000,"Moderate","5",1,TRUE,1.00800000000163
"710","Y=~y2",0.835402326213621,0.0138151637167235,0.7,"PLS",8054,4137379,1000,"Moderate","5",1,TRUE,1.00800000000163
"711","Y=~y3",0.89447796356142,0.00772056051351588,0.9,"PLS",8054,4137379,1000,"Moderate","5",1,TRUE,1.00800000000163
"712","Y~X",0.318492604604174,0.0248326720609846,0.4,"PLS",8054,4137379,1000,"Moderate","5",1,TRUE,1.00800000000163
"713","Y~Z",0.37435160475631,0.0255664835482678,0.5,"PLS",8054,4137379,1000,"Moderate","5",1,TRUE,1.00800000000163
"714","Y~X:Z",0.232961404244149,0.0245096097055622,0.3,"PLS",8054,4137379,1000,"Moderate","5",1,TRUE,1.00800000000163
"715","X~~Z",0.176613799840261,0.0327065327743785,0.2,"PLS",8054,4137379,1000,"Moderate","5",1,TRUE,1.00800000000163
"716","X=~x1",0.361,0.034,0.4,"Mplus",8054,4137379,1000,"Moderate","5",1,TRUE,330.047
"717","X=~x2",0.809,0.028,0.8,"Mplus",8054,4137379,1000,"Moderate","5",1,TRUE,330.047
"718","X=~x3",0.778,0.028,0.8,"Mplus",8054,4137379,1000,"Moderate","5",1,TRUE,330.047
"719","Z=~z1",0.586,0.032,0.6,"Mplus",8054,4137379,1000,"Moderate","5",1,TRUE,330.047
"720","Z=~z2",0.525,0.033,0.6,"Mplus",8054,4137379,1000,"Moderate","5",1,TRUE,330.047
"721","Z=~z3",0.812,0.029,0.8,"Mplus",8054,4137379,1000,"Moderate","5",1,TRUE,330.047
"722","Y=~y1",0.374,0.033,0.4,"Mplus",8054,4137379,1000,"Moderate","5",1,TRUE,330.047
"723","Y=~y2",0.713,0.026,0.7,"Mplus",8054,4137379,1000,"Moderate","5",1,TRUE,330.047
"724","Y=~y3",0.884,0.022,0.9,"Mplus",8054,4137379,1000,"Moderate","5",1,TRUE,330.047
"725","Y~X",0.374,0.037,0.4,"Mplus",8054,4137379,1000,"Moderate","5",1,TRUE,330.047
"726","Y~Z",0.502,0.036,0.5,"Mplus",8054,4137379,1000,"Moderate","5",1,TRUE,330.047
"727","Y~X:Z",0.377,0.04,0.3,"Mplus",8054,4137379,1000,"Moderate","5",1,TRUE,330.047
"728","X~~Z",0.25,0.042,0.2,"Mplus",8054,4137379,1000,"Moderate","5",1,TRUE,330.047
"729","X=~x1",0.426720228560591,0.0695137008219772,0.4,"MC-OrdPLSc",8055,5989823,300,"Moderate","7",1,TRUE,14.5410000000011
"730","X=~x2",0.730506526610993,0.0563474037289428,0.8,"MC-OrdPLSc",8055,5989823,300,"Moderate","7",1,TRUE,14.5410000000011
"731","X=~x3",0.902178065081887,0.043587014461405,0.8,"MC-OrdPLSc",8055,5989823,300,"Moderate","7",1,TRUE,14.5410000000011
"732","Z=~z1",0.62577068765617,0.0596751586109243,0.6,"MC-OrdPLSc",8055,5989823,300,"Moderate","7",1,TRUE,14.5410000000011
"733","Z=~z2",0.641647995573504,0.0663368512546031,0.6,"MC-OrdPLSc",8055,5989823,300,"Moderate","7",1,TRUE,14.5410000000011
"734","Z=~z3",0.877596398433755,0.0512037322824123,0.8,"MC-OrdPLSc",8055,5989823,300,"Moderate","7",1,TRUE,14.5410000000011
"735","Y=~y1",0.41754172845949,0.0642221963317398,0.4,"MC-OrdPLSc",8055,5989823,300,"Moderate","7",1,TRUE,14.5410000000011
"736","Y=~y2",0.596087536968494,0.0669048612106607,0.7,"MC-OrdPLSc",8055,5989823,300,"Moderate","7",1,TRUE,14.5410000000011
"737","Y=~y3",0.869068389188756,0.0508084092504552,0.9,"MC-OrdPLSc",8055,5989823,300,"Moderate","7",1,TRUE,14.5410000000011
"738","Y~X",0.488823128266541,0.0697586449197185,0.4,"MC-OrdPLSc",8055,5989823,300,"Moderate","7",1,TRUE,14.5410000000011
"739","Y~Z",0.448237685418125,0.0685626150702967,0.5,"MC-OrdPLSc",8055,5989823,300,"Moderate","7",1,TRUE,14.5410000000011
"740","Y~X:Z",0.350000746982092,0.0857106663552539,0.3,"MC-OrdPLSc",8055,5989823,300,"Moderate","7",1,TRUE,14.5410000000011
"741","X~~Z",0.27799318247107,0.0747447564258555,0.2,"MC-OrdPLSc",8055,5989823,300,"Moderate","7",1,TRUE,14.5410000000011
"742","X=~x1",0.37096048331928,0.099483188944223,0.4,"PLSc",8055,5989823,300,"Moderate","7",1,TRUE,1.92000000000007
"743","X=~x2",0.714633298696274,0.0617721214863004,0.8,"PLSc",8055,5989823,300,"Moderate","7",1,TRUE,1.92000000000007
"744","X=~x3",0.897652041033892,0.0541583699528286,0.8,"PLSc",8055,5989823,300,"Moderate","7",1,TRUE,1.92000000000007
"745","Z=~z1",0.645222415992446,0.0818262790571077,0.6,"PLSc",8055,5989823,300,"Moderate","7",1,TRUE,1.92000000000007
"746","Z=~z2",0.568609826992217,0.0865280362464417,0.6,"PLSc",8055,5989823,300,"Moderate","7",1,TRUE,1.92000000000007
"747","Z=~z3",0.849892548277113,0.0643631815761247,0.8,"PLSc",8055,5989823,300,"Moderate","7",1,TRUE,1.92000000000007
"748","Y=~y1",0.456152163997714,0.0692998766485215,0.4,"PLSc",8055,5989823,300,"Moderate","7",1,TRUE,1.92000000000007
"749","Y=~y2",0.523788571665586,0.0655153889189892,0.7,"PLSc",8055,5989823,300,"Moderate","7",1,TRUE,1.92000000000007
"750","Y=~y3",0.848296918116781,0.0508107072235341,0.9,"PLSc",8055,5989823,300,"Moderate","7",1,TRUE,1.92000000000007
"751","Y~X",0.476109509035862,0.075825377494394,0.4,"PLSc",8055,5989823,300,"Moderate","7",1,TRUE,1.92000000000007
"752","Y~Z",0.463144870610668,0.0710011172786034,0.5,"PLSc",8055,5989823,300,"Moderate","7",1,TRUE,1.92000000000007
"753","Y~X:Z",0.344264499864045,0.101552898362463,0.3,"PLSc",8055,5989823,300,"Moderate","7",1,TRUE,1.92000000000007
"754","X~~Z",0.273145107038295,0.0708097273949442,0.2,"PLSc",8055,5989823,300,"Moderate","7",1,TRUE,1.92000000000007
"755","X=~x1",0.572549893729003,0.0754344264107084,0.4,"PLS",8055,5989823,300,"Moderate","7",1,TRUE,1.03299999999945
"756","X=~x2",0.842795699193306,0.0270744512637628,0.8,"PLS",8055,5989823,300,"Moderate","7",1,TRUE,1.03299999999945
"757","X=~x3",0.902301316340451,0.0136241992464623,0.8,"PLS",8055,5989823,300,"Moderate","7",1,TRUE,1.03299999999945
"758","Z=~z1",0.755218195563543,0.0444585521240034,0.6,"PLS",8055,5989823,300,"Moderate","7",1,TRUE,1.03299999999945
"759","Z=~z2",0.766844643173102,0.0448084547503057,0.6,"PLS",8055,5989823,300,"Moderate","7",1,TRUE,1.03299999999945
"760","Z=~z3",0.882339697299674,0.018803606423482,0.8,"PLS",8055,5989823,300,"Moderate","7",1,TRUE,1.03299999999945
"761","Y=~y1",0.582615213361601,0.0688725502833061,0.4,"PLS",8055,5989823,300,"Moderate","7",1,TRUE,1.03299999999945
"762","Y=~y2",0.763609179047811,0.040201572429874,0.7,"PLS",8055,5989823,300,"Moderate","7",1,TRUE,1.03299999999945
"763","Y=~y3",0.886718173085929,0.0163327406698721,0.9,"PLS",8055,5989823,300,"Moderate","7",1,TRUE,1.03299999999945
"764","Y~X",0.385359150242409,0.043860024928053,0.4,"PLS",8055,5989823,300,"Moderate","7",1,TRUE,1.03299999999945
"765","Y~Z",0.3526915934196,0.0404186139142736,0.5,"PLS",8055,5989823,300,"Moderate","7",1,TRUE,1.03299999999945
"766","Y~X:Z",0.211347551814473,0.0441533324331724,0.3,"PLS",8055,5989823,300,"Moderate","7",1,TRUE,1.03299999999945
"767","X~~Z",0.213603999419831,0.0551859804995901,0.2,"PLS",8055,5989823,300,"Moderate","7",1,TRUE,1.03299999999945
"768","X=~x1",0.425,0.055,0.4,"Mplus",8055,5989823,300,"Moderate","7",1,TRUE,143.471
"769","X=~x2",0.713,0.045,0.8,"Mplus",8055,5989823,300,"Moderate","7",1,TRUE,143.471
"770","X=~x3",0.919,0.039,0.8,"Mplus",8055,5989823,300,"Moderate","7",1,TRUE,143.471
"771","Z=~z1",0.561,0.052,0.6,"Mplus",8055,5989823,300,"Moderate","7",1,TRUE,143.471
"772","Z=~z2",0.667,0.045,0.6,"Mplus",8055,5989823,300,"Moderate","7",1,TRUE,143.471
"773","Z=~z3",0.909,0.039,0.8,"Mplus",8055,5989823,300,"Moderate","7",1,TRUE,143.471
"774","Y=~y1",0.353,0.063,0.4,"Mplus",8055,5989823,300,"Moderate","7",1,TRUE,143.471
"775","Y=~y2",0.608,0.051,0.7,"Mplus",8055,5989823,300,"Moderate","7",1,TRUE,143.471
"776","Y=~y3",0.901,0.042,0.9,"Mplus",8055,5989823,300,"Moderate","7",1,TRUE,143.471
"777","Y~X",0.479,0.058,0.4,"Mplus",8055,5989823,300,"Moderate","7",1,TRUE,143.471
"778","Y~Z",0.4,0.06,0.5,"Mplus",8055,5989823,300,"Moderate","7",1,TRUE,143.471
"779","Y~X:Z",0.33,0.062,0.3,"Mplus",8055,5989823,300,"Moderate","7",1,TRUE,143.471
"780","X~~Z",0.273,0.066,0.2,"Mplus",8055,5989823,300,"Moderate","7",1,TRUE,143.471
"781","X=~x1",0.386021696786246,0.0390244478888458,0.4,"MC-OrdPLSc",8056,7382823,1000,"Moderate","7",1,TRUE,15.875
"782","X=~x2",0.819686543584307,0.0280399448557718,0.8,"MC-OrdPLSc",8056,7382823,1000,"Moderate","7",1,TRUE,15.875
"783","X=~x3",0.85490905502235,0.0268714669410819,0.8,"MC-OrdPLSc",8056,7382823,1000,"Moderate","7",1,TRUE,15.875
"784","Z=~z1",0.597232446939676,0.0342545803584081,0.6,"MC-OrdPLSc",8056,7382823,1000,"Moderate","7",1,TRUE,15.875
"785","Z=~z2",0.615739187510401,0.0306631511375124,0.6,"MC-OrdPLSc",8056,7382823,1000,"Moderate","7",1,TRUE,15.875
"786","Z=~z3",0.796984720891583,0.0293728858093129,0.8,"MC-OrdPLSc",8056,7382823,1000,"Moderate","7",1,TRUE,15.875
"787","Y=~y1",0.384571089695667,0.0314083904690612,0.4,"MC-OrdPLSc",8056,7382823,1000,"Moderate","7",1,TRUE,15.875
"788","Y=~y2",0.668639013537057,0.0271416786671286,0.7,"MC-OrdPLSc",8056,7382823,1000,"Moderate","7",1,TRUE,15.875
"789","Y=~y3",0.906887003554644,0.0239620776443077,0.9,"MC-OrdPLSc",8056,7382823,1000,"Moderate","7",1,TRUE,15.875
"790","Y~X",0.385668892993688,0.0353640671142963,0.4,"MC-OrdPLSc",8056,7382823,1000,"Moderate","7",1,TRUE,15.875
"791","Y~Z",0.494565561377788,0.0346957556362246,0.5,"MC-OrdPLSc",8056,7382823,1000,"Moderate","7",1,TRUE,15.875
"792","Y~X:Z",0.266080688598762,0.0406984076594159,0.3,"MC-OrdPLSc",8056,7382823,1000,"Moderate","7",1,TRUE,15.875
"793","X~~Z",0.241009398025724,0.045231470657202,0.2,"MC-OrdPLSc",8056,7382823,1000,"Moderate","7",1,TRUE,15.875
"794","X=~x1",0.333049582038306,0.0621241553798227,0.4,"PLSc",8056,7382823,1000,"Moderate","7",1,TRUE,3.78399999999965
"795","X=~x2",0.789606845812905,0.0344637734765923,0.8,"PLSc",8056,7382823,1000,"Moderate","7",1,TRUE,3.78399999999965
"796","X=~x3",0.857122232010226,0.035008115490907,0.8,"PLSc",8056,7382823,1000,"Moderate","7",1,TRUE,3.78399999999965
"797","Z=~z1",0.530853914882914,0.0460483696047644,0.6,"PLSc",8056,7382823,1000,"Moderate","7",1,TRUE,3.78399999999965
"798","Z=~z2",0.618390910734668,0.0408727879675547,0.6,"PLSc",8056,7382823,1000,"Moderate","7",1,TRUE,3.78399999999965
"799","Z=~z3",0.786366489047726,0.0371975545608174,0.8,"PLSc",8056,7382823,1000,"Moderate","7",1,TRUE,3.78399999999965
"800","Y=~y1",0.386808645182348,0.0399197277400498,0.4,"PLSc",8056,7382823,1000,"Moderate","7",1,TRUE,3.78399999999965
"801","Y=~y2",0.638264704662379,0.0306167917758888,0.7,"PLSc",8056,7382823,1000,"Moderate","7",1,TRUE,3.78399999999965
"802","Y=~y3",0.887855479233762,0.0265999017043523,0.9,"PLSc",8056,7382823,1000,"Moderate","7",1,TRUE,3.78399999999965
"803","Y~X",0.376414159510488,0.0364280774559149,0.4,"PLSc",8056,7382823,1000,"Moderate","7",1,TRUE,3.78399999999965
"804","Y~Z",0.484310318315003,0.0377902729495936,0.5,"PLSc",8056,7382823,1000,"Moderate","7",1,TRUE,3.78399999999965
"805","Y~X:Z",0.2146300335187,0.0391565904926759,0.3,"PLSc",8056,7382823,1000,"Moderate","7",1,TRUE,3.78399999999965
"806","X~~Z",0.235395797337428,0.0428108860731397,0.2,"PLSc",8056,7382823,1000,"Moderate","7",1,TRUE,3.78399999999965
"807","X=~x1",0.523310473779797,0.0434149992639632,0.4,"PLS",8056,7382823,1000,"Moderate","7",1,TRUE,1.00900000000001
"808","X=~x2",0.884496882035372,0.0109981188397785,0.8,"PLS",8056,7382823,1000,"Moderate","7",1,TRUE,1.00900000000001
"809","X=~x3",0.894089444974818,0.0101364497053679,0.8,"PLS",8056,7382823,1000,"Moderate","7",1,TRUE,1.00900000000001
"810","Z=~z1",0.734663407466997,0.0246031966943694,0.6,"PLS",8056,7382823,1000,"Moderate","7",1,TRUE,1.00900000000001
"811","Z=~z2",0.750341980203997,0.0227201186712775,0.6,"PLS",8056,7382823,1000,"Moderate","7",1,TRUE,1.00900000000001
"812","Z=~z3",0.850763703004918,0.0133563397189424,0.8,"PLS",8056,7382823,1000,"Moderate","7",1,TRUE,1.00900000000001
"813","Y=~y1",0.538758896968463,0.0355615607677525,0.4,"PLS",8056,7382823,1000,"Moderate","7",1,TRUE,1.00900000000001
"814","Y=~y2",0.817265072732927,0.0158866718431529,0.7,"PLS",8056,7382823,1000,"Moderate","7",1,TRUE,1.00900000000001
"815","Y=~y3",0.902653944561217,0.00707882675183633,0.9,"PLS",8056,7382823,1000,"Moderate","7",1,TRUE,1.00900000000001
"816","Y~X",0.327955168937824,0.0253849355261629,0.4,"PLS",8056,7382823,1000,"Moderate","7",1,TRUE,1.00900000000001
"817","Y~Z",0.373278842923956,0.0252491548818176,0.5,"PLS",8056,7382823,1000,"Moderate","7",1,TRUE,1.00900000000001
"818","Y~X:Z",0.166829892141258,0.0241565634776653,0.3,"PLS",8056,7382823,1000,"Moderate","7",1,TRUE,1.00900000000001
"819","X~~Z",0.177677018126502,0.0327369430784511,0.2,"PLS",8056,7382823,1000,"Moderate","7",1,TRUE,1.00900000000001
"820","X=~x1",0.41,0.032,0.4,"Mplus",8056,7382823,1000,"Moderate","7",1,TRUE,358.905000000001
"821","X=~x2",0.817,0.025,0.8,"Mplus",8056,7382823,1000,"Moderate","7",1,TRUE,358.905000000001
"822","X=~x3",0.818,0.025,0.8,"Mplus",8056,7382823,1000,"Moderate","7",1,TRUE,358.905000000001
"823","Z=~z1",0.606,0.029,0.6,"Mplus",8056,7382823,1000,"Moderate","7",1,TRUE,358.905000000001
"824","Z=~z2",0.594,0.029,0.6,"Mplus",8056,7382823,1000,"Moderate","7",1,TRUE,358.905000000001
"825","Z=~z3",0.788,0.026,0.8,"Mplus",8056,7382823,1000,"Moderate","7",1,TRUE,358.905000000001
"826","Y=~y1",0.347,0.032,0.4,"Mplus",8056,7382823,1000,"Moderate","7",1,TRUE,358.905000000001
"827","Y=~y2",0.664,0.025,0.7,"Mplus",8056,7382823,1000,"Moderate","7",1,TRUE,358.905000000001
"828","Y=~y3",0.91,0.021,0.9,"Mplus",8056,7382823,1000,"Moderate","7",1,TRUE,358.905000000001
"829","Y~X",0.393,0.033,0.4,"Mplus",8056,7382823,1000,"Moderate","7",1,TRUE,358.905000000001
"830","Y~Z",0.497,0.033,0.5,"Mplus",8056,7382823,1000,"Moderate","7",1,TRUE,358.905000000001
"831","Y~X:Z",0.27,0.037,0.3,"Mplus",8056,7382823,1000,"Moderate","7",1,TRUE,358.905000000001
"832","X~~Z",0.231,0.04,0.2,"Mplus",8056,7382823,1000,"Moderate","7",1,TRUE,358.905000000001
"833","X=~x1",0.605207085132571,0.104516302039277,0.4,"MC-OrdPLSc",8057,1293536,300,"Extreme","2",1,TRUE,9.69399999999951
"834","X=~x2",0.740383209377305,0.108219207553027,0.8,"MC-OrdPLSc",8057,1293536,300,"Extreme","2",1,TRUE,9.69399999999951
"835","X=~x3",0.782775191273685,0.106312843684393,0.8,"MC-OrdPLSc",8057,1293536,300,"Extreme","2",1,TRUE,9.69399999999951
"836","Z=~z1",0.589606704937312,0.135383130980785,0.6,"MC-OrdPLSc",8057,1293536,300,"Extreme","2",1,TRUE,9.69399999999951
"837","Z=~z2",0.599346220573062,0.110442030932552,0.6,"MC-OrdPLSc",8057,1293536,300,"Extreme","2",1,TRUE,9.69399999999951
"838","Z=~z3",0.764594608372875,0.11639614344039,0.8,"MC-OrdPLSc",8057,1293536,300,"Extreme","2",1,TRUE,9.69399999999951
"839","Y=~y1",0.410365954188761,0.130171227770683,0.4,"MC-OrdPLSc",8057,1293536,300,"Extreme","2",1,TRUE,9.69399999999951
"840","Y=~y2",0.629057272251586,0.0947348411769055,0.7,"MC-OrdPLSc",8057,1293536,300,"Extreme","2",1,TRUE,9.69399999999951
"841","Y=~y3",0.81281626914055,0.118727336191924,0.9,"MC-OrdPLSc",8057,1293536,300,"Extreme","2",1,TRUE,9.69399999999951
"842","Y~X",0.27617527899962,0.293504194474243,0.4,"MC-OrdPLSc",8057,1293536,300,"Extreme","2",1,TRUE,9.69399999999951
"843","Y~Z",0.53786123821964,0.229766306856727,0.5,"MC-OrdPLSc",8057,1293536,300,"Extreme","2",1,TRUE,9.69399999999951
"844","Y~X:Z",0.669662545349572,0.411090407126925,0.3,"MC-OrdPLSc",8057,1293536,300,"Extreme","2",1,TRUE,9.69399999999951
"845","X~~Z",0.357854773060239,0.141203109677622,0.2,"MC-OrdPLSc",8057,1293536,300,"Extreme","2",1,TRUE,9.69399999999951
"846","X=~x1",0.489524213515364,0.102764437103469,0.4,"PLSc",8057,1293536,300,"Extreme","2",1,TRUE,2.0570000000007
"847","X=~x2",0.484726603704135,0.13348013190598,0.8,"PLSc",8057,1293536,300,"Extreme","2",1,TRUE,2.0570000000007
"848","X=~x3",0.597458618130064,0.110531057398698,0.8,"PLSc",8057,1293536,300,"Extreme","2",1,TRUE,2.0570000000007
"849","Z=~z1",0.38089580154843,0.110547833687731,0.6,"PLSc",8057,1293536,300,"Extreme","2",1,TRUE,2.0570000000007
"850","Z=~z2",0.406739370076916,0.111944963863028,0.6,"PLSc",8057,1293536,300,"Extreme","2",1,TRUE,2.0570000000007
"851","Z=~z3",0.646050858168215,0.117509929511735,0.8,"PLSc",8057,1293536,300,"Extreme","2",1,TRUE,2.0570000000007
"852","Y=~y1",0.327004020504568,0.0975670808495269,0.4,"PLSc",8057,1293536,300,"Extreme","2",1,TRUE,2.0570000000007
"853","Y=~y2",0.55657237930112,0.0851483283713804,0.7,"PLSc",8057,1293536,300,"Extreme","2",1,TRUE,2.0570000000007
"854","Y=~y3",0.712913473803701,0.0735287937365947,0.9,"PLSc",8057,1293536,300,"Extreme","2",1,TRUE,2.0570000000007
"855","Y~X",0.410534259714796,0.960462113360045,0.4,"PLSc",8057,1293536,300,"Extreme","2",1,TRUE,2.0570000000007
"856","Y~Z",0.534462374331194,0.763075924790533,0.5,"PLSc",8057,1293536,300,"Extreme","2",1,TRUE,2.0570000000007
"857","Y~X:Z",0.12179817717615,1.39238556892911,0.3,"PLSc",8057,1293536,300,"Extreme","2",1,TRUE,2.0570000000007
"858","X~~Z",0.302022140882833,0.127817318454562,0.2,"PLSc",8057,1293536,300,"Extreme","2",1,TRUE,2.0570000000007
"859","X=~x1",0.630956705501998,0.096859878403386,0.4,"PLS",8057,1293536,300,"Extreme","2",1,TRUE,1.20399999999972
"860","X=~x2",0.74491204541004,0.0872727954695501,0.8,"PLS",8057,1293536,300,"Extreme","2",1,TRUE,1.20399999999972
"861","X=~x3",0.774512347080616,0.063427173941789,0.8,"PLS",8057,1293536,300,"Extreme","2",1,TRUE,1.20399999999972
"862","Z=~z1",0.640026167495325,0.100057782930018,0.6,"PLS",8057,1293536,300,"Extreme","2",1,TRUE,1.20399999999972
"863","Z=~z2",0.643731996054972,0.106583741192906,0.6,"PLS",8057,1293536,300,"Extreme","2",1,TRUE,1.20399999999972
"864","Z=~z3",0.792183498992338,0.0825271945360641,0.8,"PLS",8057,1293536,300,"Extreme","2",1,TRUE,1.20399999999972
"865","Y=~y1",0.516905987271076,0.101657933393095,0.4,"PLS",8057,1293536,300,"Extreme","2",1,TRUE,1.20399999999972
"866","Y=~y2",0.741915507547173,0.0616924353984133,0.7,"PLS",8057,1293536,300,"Extreme","2",1,TRUE,1.20399999999972
"867","Y=~y3",0.852113707913563,0.0299464936033516,0.9,"PLS",8057,1293536,300,"Extreme","2",1,TRUE,1.20399999999972
"868","Y~X",0.280300899442668,0.0584595788301741,0.4,"PLS",8057,1293536,300,"Extreme","2",1,TRUE,1.20399999999972
"869","Y~Z",0.325360673776368,0.0619793907620871,0.5,"PLS",8057,1293536,300,"Extreme","2",1,TRUE,1.20399999999972
"870","Y~X:Z",0.16357494482083,0.0554926004457855,0.3,"PLS",8057,1293536,300,"Extreme","2",1,TRUE,1.20399999999972
"871","X~~Z",0.158633790122901,0.0662010575003976,0.2,"PLS",8057,1293536,300,"Extreme","2",1,TRUE,1.20399999999972
"872","X=~x1",0.537,0.1,0.4,"Mplus",8057,1293536,300,"Extreme","2",1,TRUE,31.1059999999998
"873","X=~x2",0.798,0.09,0.8,"Mplus",8057,1293536,300,"Extreme","2",1,TRUE,31.1059999999998
"874","X=~x3",0.79,0.088,0.8,"Mplus",8057,1293536,300,"Extreme","2",1,TRUE,31.1059999999998
"875","Z=~z1",0.629,0.105,0.6,"Mplus",8057,1293536,300,"Extreme","2",1,TRUE,31.1059999999998
"876","Z=~z2",0.629,0.106,0.6,"Mplus",8057,1293536,300,"Extreme","2",1,TRUE,31.1059999999998
"877","Z=~z3",0.71,0.099,0.8,"Mplus",8057,1293536,300,"Extreme","2",1,TRUE,31.1059999999998
"878","Y=~y1",0.422,0.095,0.4,"Mplus",8057,1293536,300,"Extreme","2",1,TRUE,31.1059999999998
"879","Y=~y2",0.619,0.087,0.7,"Mplus",8057,1293536,300,"Extreme","2",1,TRUE,31.1059999999998
"880","Y=~y3",0.841,0.102,0.9,"Mplus",8057,1293536,300,"Extreme","2",1,TRUE,31.1059999999998
"881","Y~X",0.406,0.191,0.4,"Mplus",8057,1293536,300,"Extreme","2",1,TRUE,31.1059999999998
"882","Y~Z",0.593,0.184,0.5,"Mplus",8057,1293536,300,"Extreme","2",1,TRUE,31.1059999999998
"883","Y~X:Z",0.437,0.234,0.3,"Mplus",8057,1293536,300,"Extreme","2",1,TRUE,31.1059999999998
"884","X~~Z",0.295,0.134,0.2,"Mplus",8057,1293536,300,"Extreme","2",1,TRUE,31.1059999999998
"885","X=~x1",0.393457912168318,0.0843185518650542,0.4,"MC-OrdPLSc",8058,544912,1000,"Extreme","2",1,TRUE,12.2480000000014
"886","X=~x2",0.835112210686777,0.0631280474810523,0.8,"MC-OrdPLSc",8058,544912,1000,"Extreme","2",1,TRUE,12.2480000000014
"887","X=~x3",0.783667400074164,0.0489950543540187,0.8,"MC-OrdPLSc",8058,544912,1000,"Extreme","2",1,TRUE,12.2480000000014
"888","Z=~z1",0.598661467606095,0.0740834001425656,0.6,"MC-OrdPLSc",8058,544912,1000,"Extreme","2",1,TRUE,12.2480000000014
"889","Z=~z2",0.559161273112734,0.0592534892517365,0.6,"MC-OrdPLSc",8058,544912,1000,"Extreme","2",1,TRUE,12.2480000000014
"890","Z=~z3",0.797528691849684,0.0693185606504983,0.8,"MC-OrdPLSc",8058,544912,1000,"Extreme","2",1,TRUE,12.2480000000014
"891","Y=~y1",0.376463509578581,0.0585567996174798,0.4,"MC-OrdPLSc",8058,544912,1000,"Extreme","2",1,TRUE,12.2480000000014
"892","Y=~y2",0.679593866600624,0.0559405216590372,0.7,"MC-OrdPLSc",8058,544912,1000,"Extreme","2",1,TRUE,12.2480000000014
"893","Y=~y3",0.8941215542933,0.0541034244732573,0.9,"MC-OrdPLSc",8058,544912,1000,"Extreme","2",1,TRUE,12.2480000000014
"894","Y~X",0.414302553824474,0.134385711041871,0.4,"MC-OrdPLSc",8058,544912,1000,"Extreme","2",1,TRUE,12.2480000000014
"895","Y~Z",0.459336497526496,0.0959213673635255,0.5,"MC-OrdPLSc",8058,544912,1000,"Extreme","2",1,TRUE,12.2480000000014
"896","Y~X:Z",0.566282122677973,0.207443943498958,0.3,"MC-OrdPLSc",8058,544912,1000,"Extreme","2",1,TRUE,12.2480000000014
"897","X~~Z",0.143704704537333,0.0737694825972599,0.2,"MC-OrdPLSc",8058,544912,1000,"Extreme","2",1,TRUE,12.2480000000014
"898","X=~x1",0.253602791260821,0.0729055926052058,0.4,"PLSc",8058,544912,1000,"Extreme","2",1,TRUE,3.81099999999969
"899","X=~x2",0.645060720086226,0.0615258016774551,0.8,"PLSc",8058,544912,1000,"Extreme","2",1,TRUE,3.81099999999969
"900","X=~x3",0.609689734547972,0.0611498613162503,0.8,"PLSc",8058,544912,1000,"Extreme","2",1,TRUE,3.81099999999969
"901","Z=~z1",0.401526414381739,0.0724651078582935,0.6,"PLSc",8058,544912,1000,"Extreme","2",1,TRUE,3.81099999999969
"902","Z=~z2",0.399960445738913,0.0614814186693748,0.6,"PLSc",8058,544912,1000,"Extreme","2",1,TRUE,3.81099999999969
"903","Z=~z3",0.630231312666255,0.0704446572109474,0.8,"PLSc",8058,544912,1000,"Extreme","2",1,TRUE,3.81099999999969
"904","Y=~y1",0.305625700279699,0.056187170904646,0.4,"PLSc",8058,544912,1000,"Extreme","2",1,TRUE,3.81099999999969
"905","Y=~y2",0.530264391662417,0.0512559880790164,0.7,"PLSc",8058,544912,1000,"Extreme","2",1,TRUE,3.81099999999969
"906","Y=~y3",0.774282343700534,0.0485157514427673,0.9,"PLSc",8058,544912,1000,"Extreme","2",1,TRUE,3.81099999999969
"907","Y~X",0.433844896172957,0.0681242361238271,0.4,"PLSc",8058,544912,1000,"Extreme","2",1,TRUE,3.81099999999969
"908","Y~Z",0.46346137350686,0.078452633691675,0.5,"PLSc",8058,544912,1000,"Extreme","2",1,TRUE,3.81099999999969
"909","Y~X:Z",0.196622274174524,0.183060027898238,0.3,"PLSc",8058,544912,1000,"Extreme","2",1,TRUE,3.81099999999969
"910","X~~Z",0.112875473584115,0.0614158289505577,0.2,"PLSc",8058,544912,1000,"Extreme","2",1,TRUE,3.81099999999969
"911","X=~x1",0.407381747145657,0.0781080301451991,0.4,"PLS",8058,544912,1000,"Extreme","2",1,TRUE,1.06600000000071
"912","X=~x2",0.824475199026388,0.0326652498279096,0.8,"PLS",8058,544912,1000,"Extreme","2",1,TRUE,1.06600000000071
"913","X=~x3",0.801399951938614,0.034932140296227,0.8,"PLS",8058,544912,1000,"Extreme","2",1,TRUE,1.06600000000071
"914","Z=~z1",0.651476861681807,0.0594916429089323,0.6,"PLS",8058,544912,1000,"Extreme","2",1,TRUE,1.06600000000071
"915","Z=~z2",0.60553314135407,0.0606893654048931,0.6,"PLS",8058,544912,1000,"Extreme","2",1,TRUE,1.06600000000071
"916","Z=~z3",0.807171321297065,0.0422547684117731,0.8,"PLS",8058,544912,1000,"Extreme","2",1,TRUE,1.06600000000071
"917","Y=~y1",0.437468703586987,0.0628764901568667,0.4,"PLS",8058,544912,1000,"Extreme","2",1,TRUE,1.06600000000071
"918","Y=~y2",0.764908384444634,0.0331627390908737,0.7,"PLS",8058,544912,1000,"Extreme","2",1,TRUE,1.06600000000071
"919","Y=~y3",0.872429850423316,0.0178520404310449,0.9,"PLS",8058,544912,1000,"Extreme","2",1,TRUE,1.06600000000071
"920","Y~X",0.295381198788961,0.034032765953707,0.4,"PLS",8058,544912,1000,"Extreme","2",1,TRUE,1.06600000000071
"921","Y~Z",0.288820531389179,0.0351451381662651,0.5,"PLS",8058,544912,1000,"Extreme","2",1,TRUE,1.06600000000071
"922","Y~X:Z",0.161760803751883,0.0284869386796254,0.3,"PLS",8058,544912,1000,"Extreme","2",1,TRUE,1.06600000000071
"923","X~~Z",0.0607307563436507,0.0333729038205087,0.2,"PLS",8058,544912,1000,"Extreme","2",1,TRUE,1.06600000000071
"924","X=~x1",0.389,0.062,0.4,"Mplus",8058,544912,1000,"Extreme","2",1,TRUE,58.8369999999995
"925","X=~x2",0.833,0.055,0.8,"Mplus",8058,544912,1000,"Extreme","2",1,TRUE,58.8369999999995
"926","X=~x3",0.761,0.055,0.8,"Mplus",8058,544912,1000,"Extreme","2",1,TRUE,58.8369999999995
"927","Z=~z1",0.62,0.059,0.6,"Mplus",8058,544912,1000,"Extreme","2",1,TRUE,58.8369999999995
"928","Z=~z2",0.554,0.061,0.6,"Mplus",8058,544912,1000,"Extreme","2",1,TRUE,58.8369999999995
"929","Z=~z3",0.761,0.058,0.8,"Mplus",8058,544912,1000,"Extreme","2",1,TRUE,58.8369999999995
"930","Y=~y1",0.36,0.054,0.4,"Mplus",8058,544912,1000,"Extreme","2",1,TRUE,58.8369999999995
"931","Y=~y2",0.686,0.047,0.7,"Mplus",8058,544912,1000,"Extreme","2",1,TRUE,58.8369999999995
"932","Y=~y3",0.904,0.049,0.9,"Mplus",8058,544912,1000,"Extreme","2",1,TRUE,58.8369999999995
"933","Y~X",0.493,0.093,0.4,"Mplus",8058,544912,1000,"Extreme","2",1,TRUE,58.8369999999995
"934","Y~Z",0.553,0.088,0.5,"Mplus",8058,544912,1000,"Extreme","2",1,TRUE,58.8369999999995
"935","Y~X:Z",0.287,0.153,0.3,"Mplus",8058,544912,1000,"Extreme","2",1,TRUE,58.8369999999995
"936","X~~Z",0.122,0.077,0.2,"Mplus",8058,544912,1000,"Extreme","2",1,TRUE,58.8369999999995
"937","X=~x1",0.553597038385225,0.0913944168031484,0.4,"MC-OrdPLSc",8059,4496795,300,"Extreme","3",1,TRUE,10.9669999999987
"938","X=~x2",0.762310646914607,0.0710715181894198,0.8,"MC-OrdPLSc",8059,4496795,300,"Extreme","3",1,TRUE,10.9669999999987
"939","X=~x3",0.809066920281897,0.0587749465664205,0.8,"MC-OrdPLSc",8059,4496795,300,"Extreme","3",1,TRUE,10.9669999999987
"940","Z=~z1",0.533164821264405,0.0910753736138655,0.6,"MC-OrdPLSc",8059,4496795,300,"Extreme","3",1,TRUE,10.9669999999987
"941","Z=~z2",0.662311692458604,0.0812962601897111,0.6,"MC-OrdPLSc",8059,4496795,300,"Extreme","3",1,TRUE,10.9669999999987
"942","Z=~z3",0.757535250749252,0.0813352825671895,0.8,"MC-OrdPLSc",8059,4496795,300,"Extreme","3",1,TRUE,10.9669999999987
"943","Y=~y1",0.407436160320987,0.0698792212790822,0.4,"MC-OrdPLSc",8059,4496795,300,"Extreme","3",1,TRUE,10.9669999999987
"944","Y=~y2",0.519735580476679,0.0655652487419515,0.7,"MC-OrdPLSc",8059,4496795,300,"Extreme","3",1,TRUE,10.9669999999987
"945","Y=~y3",0.991800617351422,0.0747135306913319,0.9,"MC-OrdPLSc",8059,4496795,300,"Extreme","3",1,TRUE,10.9669999999987
"946","Y~X",0.1868017757196,0.179059600448157,0.4,"MC-OrdPLSc",8059,4496795,300,"Extreme","3",1,TRUE,10.9669999999987
"947","Y~Z",0.616412141443333,0.135229246569332,0.5,"MC-OrdPLSc",8059,4496795,300,"Extreme","3",1,TRUE,10.9669999999987
"948","Y~X:Z",0.438256396084452,0.235078725207618,0.3,"MC-OrdPLSc",8059,4496795,300,"Extreme","3",1,TRUE,10.9669999999987
"949","X~~Z",0.533173167075516,0.0945219510607612,0.2,"MC-OrdPLSc",8059,4496795,300,"Extreme","3",1,TRUE,10.9669999999987
"950","X=~x1",0.460482569150934,0.095238979259992,0.4,"PLSc",8059,4496795,300,"Extreme","3",1,TRUE,2.20299999999952
"951","X=~x2",0.643889176675463,0.0837008326053747,0.8,"PLSc",8059,4496795,300,"Extreme","3",1,TRUE,2.20299999999952
"952","X=~x3",0.700771015277555,0.0828907512242643,0.8,"PLSc",8059,4496795,300,"Extreme","3",1,TRUE,2.20299999999952
"953","Z=~z1",0.365309239056078,0.080386090149497,0.6,"PLSc",8059,4496795,300,"Extreme","3",1,TRUE,2.20299999999952
"954","Z=~z2",0.548704410833448,0.0764923579436274,0.6,"PLSc",8059,4496795,300,"Extreme","3",1,TRUE,2.20299999999952
"955","Z=~z3",0.69760235031038,0.0786679493691026,0.8,"PLSc",8059,4496795,300,"Extreme","3",1,TRUE,2.20299999999952
"956","Y=~y1",0.375296088069267,0.0801632276761762,0.4,"PLSc",8059,4496795,300,"Extreme","3",1,TRUE,2.20299999999952
"957","Y=~y2",0.47103452444757,0.0783824919021366,0.7,"PLSc",8059,4496795,300,"Extreme","3",1,TRUE,2.20299999999952
"958","Y=~y3",0.854709971219199,0.0599256272810788,0.9,"PLSc",8059,4496795,300,"Extreme","3",1,TRUE,2.20299999999952
"959","Y~X",0.339852888772897,0.14367217688079,0.4,"PLSc",8059,4496795,300,"Extreme","3",1,TRUE,2.20299999999952
"960","Y~Z",0.62082950374058,0.193592757902849,0.5,"PLSc",8059,4496795,300,"Extreme","3",1,TRUE,2.20299999999952
"961","Y~X:Z",0.0535074534893817,0.200577575932002,0.3,"PLSc",8059,4496795,300,"Extreme","3",1,TRUE,2.20299999999952
"962","X~~Z",0.487253348382031,0.0976635602224116,0.2,"PLSc",8059,4496795,300,"Extreme","3",1,TRUE,2.20299999999952
"963","X=~x1",0.615547030825955,0.076008571673616,0.4,"PLS",8059,4496795,300,"Extreme","3",1,TRUE,1.02099999999882
"964","X=~x2",0.805808715666226,0.0393685766100444,0.8,"PLS",8059,4496795,300,"Extreme","3",1,TRUE,1.02099999999882
"965","X=~x3",0.826754308626949,0.0366910590603055,0.8,"PLS",8059,4496795,300,"Extreme","3",1,TRUE,1.02099999999882
"966","Z=~z1",0.609256624241083,0.0787383082307906,0.6,"PLS",8059,4496795,300,"Extreme","3",1,TRUE,1.02099999999882
"967","Z=~z2",0.741512069173118,0.0534846137155167,0.6,"PLS",8059,4496795,300,"Extreme","3",1,TRUE,1.02099999999882
"968","Z=~z3",0.808582363122548,0.045018116042578,0.8,"PLS",8059,4496795,300,"Extreme","3",1,TRUE,1.02099999999882
"969","Y=~y1",0.536534161411904,0.0881763070179751,0.4,"PLS",8059,4496795,300,"Extreme","3",1,TRUE,1.02099999999882
"970","Y=~y2",0.679973479278148,0.0715854976805267,0.7,"PLS",8059,4496795,300,"Extreme","3",1,TRUE,1.02099999999882
"971","Y=~y3",0.908726259786526,0.0161123787568589,0.9,"PLS",8059,4496795,300,"Extreme","3",1,TRUE,1.02099999999882
"972","Y~X",0.291248215563959,0.0573408564303149,0.4,"PLS",8059,4496795,300,"Extreme","3",1,TRUE,1.02099999999882
"973","Y~Z",0.395060134644685,0.0508585406163639,0.5,"PLS",8059,4496795,300,"Extreme","3",1,TRUE,1.02099999999882
"974","Y~X:Z",0.137905502361328,0.051591584480785,0.3,"PLS",8059,4496795,300,"Extreme","3",1,TRUE,1.02099999999882
"975","X~~Z",0.304229808799469,0.0639701143692101,0.2,"PLS",8059,4496795,300,"Extreme","3",1,TRUE,1.02099999999882
"976","X=~x1",0.51,0.078,0.4,"Mplus",8059,4496795,300,"Extreme","3",1,TRUE,52.9629999999997
"977","X=~x2",0.776,0.06,0.8,"Mplus",8059,4496795,300,"Extreme","3",1,TRUE,52.9629999999997
"978","X=~x3",0.828,0.06,0.8,"Mplus",8059,4496795,300,"Extreme","3",1,TRUE,52.9629999999997
"979","Z=~z1",0.508,0.08,0.6,"Mplus",8059,4496795,300,"Extreme","3",1,TRUE,52.9629999999997
"980","Z=~z2",0.616,0.074,0.6,"Mplus",8059,4496795,300,"Extreme","3",1,TRUE,52.9629999999997
"981","Z=~z3",0.76,0.062,0.8,"Mplus",8059,4496795,300,"Extreme","3",1,TRUE,52.9629999999997
"982","Y=~y1",0.388,0.07,0.4,"Mplus",8059,4496795,300,"Extreme","3",1,TRUE,52.9629999999997
"983","Y=~y2",0.537,0.068,0.7,"Mplus",8059,4496795,300,"Extreme","3",1,TRUE,52.9629999999997
"984","Y=~y3",0.906,0.063,0.9,"Mplus",8059,4496795,300,"Extreme","3",1,TRUE,52.9629999999997
"985","Y~X",0.169,0.149,0.4,"Mplus",8059,4496795,300,"Extreme","3",1,TRUE,52.9629999999997
"986","Y~Z",0.694,0.126,0.5,"Mplus",8059,4496795,300,"Extreme","3",1,TRUE,52.9629999999997
"987","Y~X:Z",0.44,0.132,0.3,"Mplus",8059,4496795,300,"Extreme","3",1,TRUE,52.9629999999997
"988","X~~Z",0.503,0.094,0.2,"Mplus",8059,4496795,300,"Extreme","3",1,TRUE,52.9629999999997
"989","X=~x1",0.460424568185197,0.052673883502409,0.4,"MC-OrdPLSc",8060,9743419,1000,"Extreme","3",1,TRUE,9.41599999999926
"990","X=~x2",0.83963425878806,0.0405754280098647,0.8,"MC-OrdPLSc",8060,9743419,1000,"Extreme","3",1,TRUE,9.41599999999926
"991","X=~x3",0.800072644211598,0.0374550928293767,0.8,"MC-OrdPLSc",8060,9743419,1000,"Extreme","3",1,TRUE,9.41599999999926
"992","Z=~z1",0.527976202983224,0.0501436895528272,0.6,"MC-OrdPLSc",8060,9743419,1000,"Extreme","3",1,TRUE,9.41599999999926
"993","Z=~z2",0.630094844351633,0.0534242850621851,0.6,"MC-OrdPLSc",8060,9743419,1000,"Extreme","3",1,TRUE,9.41599999999926
"994","Z=~z3",0.798146439693733,0.0574606662783283,0.8,"MC-OrdPLSc",8060,9743419,1000,"Extreme","3",1,TRUE,9.41599999999926
"995","Y=~y1",0.459317232163169,0.0435478375260834,0.4,"MC-OrdPLSc",8060,9743419,1000,"Extreme","3",1,TRUE,9.41599999999926
"996","Y=~y2",0.707072981481446,0.035363550755481,0.7,"MC-OrdPLSc",8060,9743419,1000,"Extreme","3",1,TRUE,9.41599999999926
"997","Y=~y3",0.886553625005526,0.0370909257766923,0.9,"MC-OrdPLSc",8060,9743419,1000,"Extreme","3",1,TRUE,9.41599999999926
"998","Y~X",0.457678060259134,0.0671264245672576,0.4,"MC-OrdPLSc",8060,9743419,1000,"Extreme","3",1,TRUE,9.41599999999926
"999","Y~Z",0.518824986234189,0.061744458640855,0.5,"MC-OrdPLSc",8060,9743419,1000,"Extreme","3",1,TRUE,9.41599999999926
"1000","Y~X:Z",0.147494344222906,0.115222788658166,0.3,"MC-OrdPLSc",8060,9743419,1000,"Extreme","3",1,TRUE,9.41599999999926
"1001","X~~Z",0.18247978693158,0.0660763418729481,0.2,"MC-OrdPLSc",8060,9743419,1000,"Extreme","3",1,TRUE,9.41599999999926
"1002","X=~x1",0.397698485548913,0.0677000800553298,0.4,"PLSc",8060,9743419,1000,"Extreme","3",1,TRUE,3.76699999999983
"1003","X=~x2",0.716103536871697,0.0530010650992116,0.8,"PLSc",8060,9743419,1000,"Extreme","3",1,TRUE,3.76699999999983
"1004","X=~x3",0.673441940863005,0.0503743853118226,0.8,"PLSc",8060,9743419,1000,"Extreme","3",1,TRUE,3.76699999999983
"1005","Z=~z1",0.406318247703854,0.0597675479192675,0.6,"PLSc",8060,9743419,1000,"Extreme","3",1,TRUE,3.76699999999983
"1006","Z=~z2",0.537286988703021,0.0554909747432169,0.6,"PLSc",8060,9743419,1000,"Extreme","3",1,TRUE,3.76699999999983
"1007","Z=~z3",0.676260374368052,0.0558866074109641,0.8,"PLSc",8060,9743419,1000,"Extreme","3",1,TRUE,3.76699999999983
"1008","Y=~y1",0.382095757156529,0.0497052220140195,0.4,"PLSc",8060,9743419,1000,"Extreme","3",1,TRUE,3.76699999999983
"1009","Y=~y2",0.629625155163656,0.0443888801644818,0.7,"PLSc",8060,9743419,1000,"Extreme","3",1,TRUE,3.76699999999983
"1010","Y=~y3",0.759076648681651,0.0340612040291758,0.9,"PLSc",8060,9743419,1000,"Extreme","3",1,TRUE,3.76699999999983
"1011","Y~X",0.433343988900657,0.0520757630219576,0.4,"PLSc",8060,9743419,1000,"Extreme","3",1,TRUE,3.76699999999983
"1012","Y~Z",0.489075363034188,0.0517962636009488,0.5,"PLSc",8060,9743419,1000,"Extreme","3",1,TRUE,3.76699999999983
"1013","Y~X:Z",0.11389645503467,0.0803424936745552,0.3,"PLSc",8060,9743419,1000,"Extreme","3",1,TRUE,3.76699999999983
"1014","X~~Z",0.15942551328591,0.0494440454550455,0.2,"PLSc",8060,9743419,1000,"Extreme","3",1,TRUE,3.76699999999983
"1015","X=~x1",0.532616938827488,0.0575719625289539,0.4,"PLS",8060,9743419,1000,"Extreme","3",1,TRUE,1.01800000000003
"1016","X=~x2",0.846507403445306,0.0201139621042913,0.8,"PLS",8060,9743419,1000,"Extreme","3",1,TRUE,1.01800000000003
"1017","X=~x3",0.829609378547112,0.0209684470967679,0.8,"PLS",8060,9743419,1000,"Extreme","3",1,TRUE,1.01800000000003
"1018","Z=~z1",0.618867988958555,0.0495494057132454,0.6,"PLS",8060,9743419,1000,"Extreme","3",1,TRUE,1.01800000000003
"1019","Z=~z2",0.716129369201615,0.0405214845827285,0.6,"PLS",8060,9743419,1000,"Extreme","3",1,TRUE,1.01800000000003
"1020","Z=~z3",0.822208416748968,0.0264503106631846,0.8,"PLS",8060,9743419,1000,"Extreme","3",1,TRUE,1.01800000000003
"1021","Y=~y1",0.548966188779936,0.0459370100830147,0.4,"PLS",8060,9743419,1000,"Extreme","3",1,TRUE,1.01800000000003
"1022","Y=~y2",0.786689894486224,0.0259729671568842,0.7,"PLS",8060,9743419,1000,"Extreme","3",1,TRUE,1.01800000000003
"1023","Y=~y3",0.867559985334213,0.011513096269756,0.9,"PLS",8060,9743419,1000,"Extreme","3",1,TRUE,1.01800000000003
"1024","Y~X",0.317045837756051,0.0319844937303481,0.4,"PLS",8060,9743419,1000,"Extreme","3",1,TRUE,1.01800000000003
"1025","Y~Z",0.323371520602851,0.0305924667890573,0.5,"PLS",8060,9743419,1000,"Extreme","3",1,TRUE,1.01800000000003
"1026","Y~X:Z",0.102276379374229,0.0342758346527507,0.3,"PLS",8060,9743419,1000,"Extreme","3",1,TRUE,1.01800000000003
"1027","X~~Z",0.0995113726313888,0.0310304462470728,0.2,"PLS",8060,9743419,1000,"Extreme","3",1,TRUE,1.01800000000003
"1028","X=~x1",0.386,0.044,0.4,"Mplus",8060,9743419,1000,"Extreme","3",1,TRUE,196.175999999999
"1029","X=~x2",0.847,0.04,0.8,"Mplus",8060,9743419,1000,"Extreme","3",1,TRUE,196.175999999999
"1030","X=~x3",0.78,0.039,0.8,"Mplus",8060,9743419,1000,"Extreme","3",1,TRUE,196.175999999999
"1031","Z=~z1",0.533,0.046,0.6,"Mplus",8060,9743419,1000,"Extreme","3",1,TRUE,196.175999999999
"1032","Z=~z2",0.595,0.046,0.6,"Mplus",8060,9743419,1000,"Extreme","3",1,TRUE,196.175999999999
"1033","Z=~z3",0.755,0.046,0.8,"Mplus",8060,9743419,1000,"Extreme","3",1,TRUE,196.175999999999
"1034","Y=~y1",0.44,0.041,0.4,"Mplus",8060,9743419,1000,"Extreme","3",1,TRUE,196.175999999999
"1035","Y=~y2",0.679,0.037,0.7,"Mplus",8060,9743419,1000,"Extreme","3",1,TRUE,196.175999999999
"1036","Y=~y3",0.876,0.036,0.9,"Mplus",8060,9743419,1000,"Extreme","3",1,TRUE,196.175999999999
"1037","Y~X",0.428,0.06,0.4,"Mplus",8060,9743419,1000,"Extreme","3",1,TRUE,196.175999999999
"1038","Y~Z",0.504,0.059,0.5,"Mplus",8060,9743419,1000,"Extreme","3",1,TRUE,196.175999999999
"1039","Y~X:Z",0.248,0.095,0.3,"Mplus",8060,9743419,1000,"Extreme","3",1,TRUE,196.175999999999
"1040","X~~Z",0.187,0.058,0.2,"Mplus",8060,9743419,1000,"Extreme","3",1,TRUE,196.175999999999
"1041","X=~x1",0.439641051301663,0.0840446622302726,0.4,"MC-OrdPLSc",8061,6651221,300,"Extreme","5",1,TRUE,13.0020000000004
"1042","X=~x2",0.876936209405105,0.0664483415594852,0.8,"MC-OrdPLSc",8061,6651221,300,"Extreme","5",1,TRUE,13.0020000000004
"1043","X=~x3",0.67343192494231,0.0757978164892372,0.8,"MC-OrdPLSc",8061,6651221,300,"Extreme","5",1,TRUE,13.0020000000004
"1044","Z=~z1",0.560665665771448,0.0970363671144029,0.6,"MC-OrdPLSc",8061,6651221,300,"Extreme","5",1,TRUE,13.0020000000004
"1045","Z=~z2",0.567774487944098,0.0866454943891614,0.6,"MC-OrdPLSc",8061,6651221,300,"Extreme","5",1,TRUE,13.0020000000004
"1046","Z=~z3",0.762817337466531,0.0843880527653996,0.8,"MC-OrdPLSc",8061,6651221,300,"Extreme","5",1,TRUE,13.0020000000004
"1047","Y=~y1",0.515392454348223,0.0658585931894171,0.4,"MC-OrdPLSc",8061,6651221,300,"Extreme","5",1,TRUE,13.0020000000004
"1048","Y=~y2",0.629837434526637,0.0601640415574798,0.7,"MC-OrdPLSc",8061,6651221,300,"Extreme","5",1,TRUE,13.0020000000004
"1049","Y=~y3",0.896658240171374,0.0509422157389886,0.9,"MC-OrdPLSc",8061,6651221,300,"Extreme","5",1,TRUE,13.0020000000004
"1050","Y~X",0.549582205385126,0.0968445527362642,0.4,"MC-OrdPLSc",8061,6651221,300,"Extreme","5",1,TRUE,13.0020000000004
"1051","Y~Z",0.438738677341233,0.0893851688053647,0.5,"MC-OrdPLSc",8061,6651221,300,"Extreme","5",1,TRUE,13.0020000000004
"1052","Y~X:Z",0.497657026153877,0.151808488433644,0.3,"MC-OrdPLSc",8061,6651221,300,"Extreme","5",1,TRUE,13.0020000000004
"1053","X~~Z",0.15101764822469,0.0885292726709022,0.2,"MC-OrdPLSc",8061,6651221,300,"Extreme","5",1,TRUE,13.0020000000004
"1054","X=~x1",0.364203521731532,0.101589932941242,0.4,"PLSc",8061,6651221,300,"Extreme","5",1,TRUE,2.59200000000055
"1055","X=~x2",0.873761499962498,0.0777783052780319,0.8,"PLSc",8061,6651221,300,"Extreme","5",1,TRUE,2.59200000000055
"1056","X=~x3",0.577368746814307,0.0751451823115773,0.8,"PLSc",8061,6651221,300,"Extreme","5",1,TRUE,2.59200000000055
"1057","Z=~z1",0.50748730492115,0.106721392615654,0.6,"PLSc",8061,6651221,300,"Extreme","5",1,TRUE,2.59200000000055
"1058","Z=~z2",0.508597956740779,0.104579998562729,0.6,"PLSc",8061,6651221,300,"Extreme","5",1,TRUE,2.59200000000055
"1059","Z=~z3",0.701455431137517,0.0917229651025571,0.8,"PLSc",8061,6651221,300,"Extreme","5",1,TRUE,2.59200000000055
"1060","Y=~y1",0.513617304759434,0.0694547704146876,0.4,"PLSc",8061,6651221,300,"Extreme","5",1,TRUE,2.59200000000055
"1061","Y=~y2",0.602041201023544,0.063930157563467,0.7,"PLSc",8061,6651221,300,"Extreme","5",1,TRUE,2.59200000000055
"1062","Y=~y3",0.793983030972998,0.0528638314450649,0.9,"PLSc",8061,6651221,300,"Extreme","5",1,TRUE,2.59200000000055
"1063","Y~X",0.555901242157906,0.129329698200021,0.4,"PLSc",8061,6651221,300,"Extreme","5",1,TRUE,2.59200000000055
"1064","Y~Z",0.47911945207393,0.110012144957689,0.5,"PLSc",8061,6651221,300,"Extreme","5",1,TRUE,2.59200000000055
"1065","Y~X:Z",0.396912985861574,0.25630913079334,0.3,"PLSc",8061,6651221,300,"Extreme","5",1,TRUE,2.59200000000055
"1066","X~~Z",0.138062223451549,0.0825459681913545,0.2,"PLSc",8061,6651221,300,"Extreme","5",1,TRUE,2.59200000000055
"1067","X=~x1",0.563579726691874,0.0873745596466971,0.4,"PLS",8061,6651221,300,"Extreme","5",1,TRUE,2.05600000000049
"1068","X=~x2",0.876857738153566,0.0253784741597069,0.8,"PLS",8061,6651221,300,"Extreme","5",1,TRUE,2.05600000000049
"1069","X=~x3",0.78487150190308,0.041267559952888,0.8,"PLS",8061,6651221,300,"Extreme","5",1,TRUE,2.05600000000049
"1070","Z=~z1",0.688773486419724,0.0793204299372173,0.6,"PLS",8061,6651221,300,"Extreme","5",1,TRUE,2.05600000000049
"1071","Z=~z2",0.69717163162544,0.0694464362259619,0.6,"PLS",8061,6651221,300,"Extreme","5",1,TRUE,2.05600000000049
"1072","Z=~z3",0.827138721808067,0.0410757488951344,0.8,"PLS",8061,6651221,300,"Extreme","5",1,TRUE,2.05600000000049
"1073","Y=~y1",0.651740906319489,0.0569346040950471,0.4,"PLS",8061,6651221,300,"Extreme","5",1,TRUE,2.05600000000049
"1074","Y=~y2",0.757383152112356,0.0402355668983968,0.7,"PLS",8061,6651221,300,"Extreme","5",1,TRUE,2.05600000000049
"1075","Y=~y3",0.888059282295997,0.0156602784734309,0.9,"PLS",8061,6651221,300,"Extreme","5",1,TRUE,2.05600000000049
"1076","Y~X",0.417829129734153,0.05004561890673,0.4,"PLS",8061,6651221,300,"Extreme","5",1,TRUE,2.05600000000049
"1077","Y~Z",0.331687245517936,0.0460991762053044,0.5,"PLS",8061,6651221,300,"Extreme","5",1,TRUE,2.05600000000049
"1078","Y~X:Z",0.218637300679917,0.05083827165677,0.3,"PLS",8061,6651221,300,"Extreme","5",1,TRUE,2.05600000000049
"1079","X~~Z",0.0935398038514098,0.0565294207203621,0.2,"PLS",8061,6651221,300,"Extreme","5",1,TRUE,2.05600000000049
"1080","X=~x1",0.434,0.066,0.4,"Mplus",8061,6651221,300,"Extreme","5",1,TRUE,108.124
"1081","X=~x2",0.838,0.056,0.8,"Mplus",8061,6651221,300,"Extreme","5",1,TRUE,108.124
"1082","X=~x3",0.683,0.061,0.8,"Mplus",8061,6651221,300,"Extreme","5",1,TRUE,108.124
"1083","Z=~z1",0.532,0.067,0.6,"Mplus",8061,6651221,300,"Extreme","5",1,TRUE,108.124
"1084","Z=~z2",0.539,0.066,0.6,"Mplus",8061,6651221,300,"Extreme","5",1,TRUE,108.124
"1085","Z=~z3",0.793,0.062,0.8,"Mplus",8061,6651221,300,"Extreme","5",1,TRUE,108.124
"1086","Y=~y1",0.497,0.061,0.4,"Mplus",8061,6651221,300,"Extreme","5",1,TRUE,108.124
"1087","Y=~y2",0.633,0.053,0.7,"Mplus",8061,6651221,300,"Extreme","5",1,TRUE,108.124
"1088","Y=~y3",0.942,0.042,0.9,"Mplus",8061,6651221,300,"Extreme","5",1,TRUE,108.124
"1089","Y~X",0.478,0.079,0.4,"Mplus",8061,6651221,300,"Extreme","5",1,TRUE,108.124
"1090","Y~Z",0.44,0.075,0.5,"Mplus",8061,6651221,300,"Extreme","5",1,TRUE,108.124
"1091","Y~X:Z",0.465,0.08,0.3,"Mplus",8061,6651221,300,"Extreme","5",1,TRUE,108.124
"1092","X~~Z",0.185,0.086,0.2,"Mplus",8061,6651221,300,"Extreme","5",1,TRUE,108.124
"1093","X=~x1",0.358790758360758,0.0457575904678301,0.4,"MC-OrdPLSc",8062,4704793,1000,"Extreme","5",1,TRUE,13.8340000000007
"1094","X=~x2",0.830284014286562,0.0336718253040696,0.8,"MC-OrdPLSc",8062,4704793,1000,"Extreme","5",1,TRUE,13.8340000000007
"1095","X=~x3",0.767070334119895,0.0333240566061953,0.8,"MC-OrdPLSc",8062,4704793,1000,"Extreme","5",1,TRUE,13.8340000000007
"1096","Z=~z1",0.63259883927122,0.0355518623888043,0.6,"MC-OrdPLSc",8062,4704793,1000,"Extreme","5",1,TRUE,13.8340000000007
"1097","Z=~z2",0.578461480131899,0.0439757516844101,0.6,"MC-OrdPLSc",8062,4704793,1000,"Extreme","5",1,TRUE,13.8340000000007
"1098","Z=~z3",0.810051272044924,0.0379241610599257,0.8,"MC-OrdPLSc",8062,4704793,1000,"Extreme","5",1,TRUE,13.8340000000007
"1099","Y=~y1",0.419628215222671,0.0374882679426388,0.4,"MC-OrdPLSc",8062,4704793,1000,"Extreme","5",1,TRUE,13.8340000000007
"1100","Y=~y2",0.735128846381447,0.0289553754335541,0.7,"MC-OrdPLSc",8062,4704793,1000,"Extreme","5",1,TRUE,13.8340000000007
"1101","Y=~y3",0.846780390337042,0.0257273001695403,0.9,"MC-OrdPLSc",8062,4704793,1000,"Extreme","5",1,TRUE,13.8340000000007
"1102","Y~X",0.470300832617732,0.0490734634408241,0.4,"MC-OrdPLSc",8062,4704793,1000,"Extreme","5",1,TRUE,13.8340000000007
"1103","Y~Z",0.454507200401696,0.0550574657899159,0.5,"MC-OrdPLSc",8062,4704793,1000,"Extreme","5",1,TRUE,13.8340000000007
"1104","Y~X:Z",0.275614812226102,0.0759420820342423,0.3,"MC-OrdPLSc",8062,4704793,1000,"Extreme","5",1,TRUE,13.8340000000007
"1105","X~~Z",0.221338396643031,0.0518795093717535,0.2,"MC-OrdPLSc",8062,4704793,1000,"Extreme","5",1,TRUE,13.8340000000007
"1106","X=~x1",0.335116345276794,0.0561699251165746,0.4,"PLSc",8062,4704793,1000,"Extreme","5",1,TRUE,3.81000000000131
"1107","X=~x2",0.75149537990573,0.0397205243612956,0.8,"PLSc",8062,4704793,1000,"Extreme","5",1,TRUE,3.81000000000131
"1108","X=~x3",0.709899484958456,0.0417759317966201,0.8,"PLSc",8062,4704793,1000,"Extreme","5",1,TRUE,3.81000000000131
"1109","Z=~z1",0.578206130362576,0.0481039090570887,0.6,"PLSc",8062,4704793,1000,"Extreme","5",1,TRUE,3.81000000000131
"1110","Z=~z2",0.48536910795226,0.0554166948899313,0.6,"PLSc",8062,4704793,1000,"Extreme","5",1,TRUE,3.81000000000131
"1111","Z=~z3",0.770311487911223,0.048146443638628,0.8,"PLSc",8062,4704793,1000,"Extreme","5",1,TRUE,3.81000000000131
"1112","Y=~y1",0.37800459255787,0.0432927475739236,0.4,"PLSc",8062,4704793,1000,"Extreme","5",1,TRUE,3.81000000000131
"1113","Y=~y2",0.684526070892754,0.029879712328203,0.7,"PLSc",8062,4704793,1000,"Extreme","5",1,TRUE,3.81000000000131
"1114","Y=~y3",0.810067554688394,0.0301325058410562,0.9,"PLSc",8062,4704793,1000,"Extreme","5",1,TRUE,3.81000000000131
"1115","Y~X",0.455483519512644,0.0409699501895021,0.4,"PLSc",8062,4704793,1000,"Extreme","5",1,TRUE,3.81000000000131
"1116","Y~Z",0.439151726770894,0.0441446794241943,0.5,"PLSc",8062,4704793,1000,"Extreme","5",1,TRUE,3.81000000000131
"1117","Y~X:Z",0.198815166168342,0.051926787036933,0.3,"PLSc",8062,4704793,1000,"Extreme","5",1,TRUE,3.81000000000131
"1118","X~~Z",0.206041165727604,0.04560028292614,0.2,"PLSc",8062,4704793,1000,"Extreme","5",1,TRUE,3.81000000000131
"1119","X=~x1",0.463863323857459,0.0514394918149331,0.4,"PLS",8062,4704793,1000,"Extreme","5",1,TRUE,1.02100000000064
"1120","X=~x2",0.870867015049411,0.0132587264899615,0.8,"PLS",8062,4704793,1000,"Extreme","5",1,TRUE,1.02100000000064
"1121","X=~x3",0.846407353395134,0.0171170067935215,0.8,"PLS",8062,4704793,1000,"Extreme","5",1,TRUE,1.02100000000064
"1122","Z=~z1",0.739270409748219,0.0278895334707141,0.6,"PLS",8062,4704793,1000,"Extreme","5",1,TRUE,1.02100000000064
"1123","Z=~z2",0.693064960060062,0.0353150858511436,0.6,"PLS",8062,4704793,1000,"Extreme","5",1,TRUE,1.02100000000064
"1124","Z=~z3",0.842985866230538,0.0180743252880708,0.8,"PLS",8062,4704793,1000,"Extreme","5",1,TRUE,1.02100000000064
"1125","Y=~y1",0.542476683637081,0.0398121325981894,0.4,"PLS",8062,4704793,1000,"Extreme","5",1,TRUE,1.02100000000064
"1126","Y=~y2",0.833044457630894,0.0148314381922897,0.7,"PLS",8062,4704793,1000,"Extreme","5",1,TRUE,1.02100000000064
"1127","Y=~y3",0.875623069618273,0.0106323321277844,0.9,"PLS",8062,4704793,1000,"Extreme","5",1,TRUE,1.02100000000064
"1128","Y~X",0.355192755035057,0.0272075576011461,0.4,"PLS",8062,4704793,1000,"Extreme","5",1,TRUE,1.02100000000064
"1129","Y~Z",0.33290234940284,0.0282348511286413,0.5,"PLS",8062,4704793,1000,"Extreme","5",1,TRUE,1.02100000000064
"1130","Y~X:Z",0.145798771219434,0.0269333210849052,0.3,"PLS",8062,4704793,1000,"Extreme","5",1,TRUE,1.02100000000064
"1131","X~~Z",0.141981730198299,0.0314216222855926,0.2,"PLS",8062,4704793,1000,"Extreme","5",1,TRUE,1.02100000000064
"1132","X=~x1",0.303,0.038,0.4,"Mplus",8062,4704793,1000,"Extreme","5",1,TRUE,310.847
"1133","X=~x2",0.821,0.032,0.8,"Mplus",8062,4704793,1000,"Extreme","5",1,TRUE,310.847
"1134","X=~x3",0.765,0.032,0.8,"Mplus",8062,4704793,1000,"Extreme","5",1,TRUE,310.847
"1135","Z=~z1",0.602,0.037,0.6,"Mplus",8062,4704793,1000,"Extreme","5",1,TRUE,310.847
"1136","Z=~z2",0.57,0.036,0.6,"Mplus",8062,4704793,1000,"Extreme","5",1,TRUE,310.847
"1137","Z=~z3",0.763,0.035,0.8,"Mplus",8062,4704793,1000,"Extreme","5",1,TRUE,310.847
"1138","Y=~y1",0.39,0.035,0.4,"Mplus",8062,4704793,1000,"Extreme","5",1,TRUE,310.847
"1139","Y=~y2",0.727,0.028,0.7,"Mplus",8062,4704793,1000,"Extreme","5",1,TRUE,310.847
"1140","Y=~y3",0.835,0.026,0.9,"Mplus",8062,4704793,1000,"Extreme","5",1,TRUE,310.847
"1141","Y~X",0.468,0.043,0.4,"Mplus",8062,4704793,1000,"Extreme","5",1,TRUE,310.847
"1142","Y~Z",0.477,0.043,0.5,"Mplus",8062,4704793,1000,"Extreme","5",1,TRUE,310.847
"1143","Y~X:Z",0.278,0.056,0.3,"Mplus",8062,4704793,1000,"Extreme","5",1,TRUE,310.847
"1144","X~~Z",0.207,0.047,0.2,"Mplus",8062,4704793,1000,"Extreme","5",1,TRUE,310.847
"1145","X=~x1",0.306095001408501,0.0897254482365891,0.4,"MC-OrdPLSc",8063,9201688,300,"Extreme","7",1,TRUE,14.7160000000003
"1146","X=~x2",0.820381567913735,0.0644901286308542,0.8,"MC-OrdPLSc",8063,9201688,300,"Extreme","7",1,TRUE,14.7160000000003
"1147","X=~x3",0.855460512684534,0.060596033796125,0.8,"MC-OrdPLSc",8063,9201688,300,"Extreme","7",1,TRUE,14.7160000000003
"1148","Z=~z1",0.533596790475733,0.0682229538396283,0.6,"MC-OrdPLSc",8063,9201688,300,"Extreme","7",1,TRUE,14.7160000000003
"1149","Z=~z2",0.535659771321532,0.071699039292758,0.6,"MC-OrdPLSc",8063,9201688,300,"Extreme","7",1,TRUE,14.7160000000003
"1150","Z=~z3",0.922044326507049,0.0841643416083363,0.8,"MC-OrdPLSc",8063,9201688,300,"Extreme","7",1,TRUE,14.7160000000003
"1151","Y=~y1",0.406359333068885,0.0654472950798914,0.4,"MC-OrdPLSc",8063,9201688,300,"Extreme","7",1,TRUE,14.7160000000003
"1152","Y=~y2",0.675123776831368,0.0537760576195076,0.7,"MC-OrdPLSc",8063,9201688,300,"Extreme","7",1,TRUE,14.7160000000003
"1153","Y=~y3",0.884101434172503,0.0537911382842193,0.9,"MC-OrdPLSc",8063,9201688,300,"Extreme","7",1,TRUE,14.7160000000003
"1154","Y~X",0.481145027618906,0.0758340055463469,0.4,"MC-OrdPLSc",8063,9201688,300,"Extreme","7",1,TRUE,14.7160000000003
"1155","Y~Z",0.410705888915694,0.0775339098780657,0.5,"MC-OrdPLSc",8063,9201688,300,"Extreme","7",1,TRUE,14.7160000000003
"1156","Y~X:Z",0.272642868222882,0.119646958270641,0.3,"MC-OrdPLSc",8063,9201688,300,"Extreme","7",1,TRUE,14.7160000000003
"1157","X~~Z",0.186992047423192,0.0795929542423046,0.2,"MC-OrdPLSc",8063,9201688,300,"Extreme","7",1,TRUE,14.7160000000003
"1158","X=~x1",0.204543619524042,0.13111349187026,0.4,"PLSc",8063,9201688,300,"Extreme","7",1,TRUE,1.98500000000058
"1159","X=~x2",0.789333508804422,0.0732704897993613,0.8,"PLSc",8063,9201688,300,"Extreme","7",1,TRUE,1.98500000000058
"1160","X=~x3",0.836024990004195,0.0718235926460399,0.8,"PLSc",8063,9201688,300,"Extreme","7",1,TRUE,1.98500000000058
"1161","Z=~z1",0.458543455377429,0.100147426880416,0.6,"PLSc",8063,9201688,300,"Extreme","7",1,TRUE,1.98500000000058
"1162","Z=~z2",0.490533095128849,0.0888478598409767,0.6,"PLSc",8063,9201688,300,"Extreme","7",1,TRUE,1.98500000000058
"1163","Z=~z3",0.933867098884704,0.0941778774204236,0.8,"PLSc",8063,9201688,300,"Extreme","7",1,TRUE,1.98500000000058
"1164","Y=~y1",0.397854090709608,0.078579122926938,0.4,"PLSc",8063,9201688,300,"Extreme","7",1,TRUE,1.98500000000058
"1165","Y=~y2",0.629405837058809,0.0596179702726378,0.7,"PLSc",8063,9201688,300,"Extreme","7",1,TRUE,1.98500000000058
"1166","Y=~y3",0.858177932352376,0.0496516491948896,0.9,"PLSc",8063,9201688,300,"Extreme","7",1,TRUE,1.98500000000058
"1167","Y~X",0.475506233459953,0.0794468099175506,0.4,"PLSc",8063,9201688,300,"Extreme","7",1,TRUE,1.98500000000058
"1168","Y~Z",0.404816314755685,0.0742596920027837,0.5,"PLSc",8063,9201688,300,"Extreme","7",1,TRUE,1.98500000000058
"1169","Y~X:Z",0.252533798080743,0.128856395396492,0.3,"PLSc",8063,9201688,300,"Extreme","7",1,TRUE,1.98500000000058
"1170","X~~Z",0.16896464650855,0.071238675435797,0.2,"PLSc",8063,9201688,300,"Extreme","7",1,TRUE,1.98500000000058
"1171","X=~x1",0.405158856303092,0.108669605655718,0.4,"PLS",8063,9201688,300,"Extreme","7",1,TRUE,1.07500000000073
"1172","X=~x2",0.885758566177616,0.0244618031931994,0.8,"PLS",8063,9201688,300,"Extreme","7",1,TRUE,1.07500000000073
"1173","X=~x3",0.896424517516104,0.0206824529282081,0.8,"PLS",8063,9201688,300,"Extreme","7",1,TRUE,1.07500000000073
"1174","Z=~z1",0.682052811158785,0.0639274367035128,0.6,"PLS",8063,9201688,300,"Extreme","7",1,TRUE,1.07500000000073
"1175","Z=~z2",0.686198270010526,0.0565313338696347,0.6,"PLS",8063,9201688,300,"Extreme","7",1,TRUE,1.07500000000073
"1176","Z=~z3",0.896767602024202,0.0258785037934914,0.8,"PLS",8063,9201688,300,"Extreme","7",1,TRUE,1.07500000000073
"1177","Y=~y1",0.544356492729036,0.0706206817053214,0.4,"PLS",8063,9201688,300,"Extreme","7",1,TRUE,1.07500000000073
"1178","Y=~y2",0.812317637553195,0.030651132521489,0.7,"PLS",8063,9201688,300,"Extreme","7",1,TRUE,1.07500000000073
"1179","Y=~y3",0.893128080838467,0.0144397682323862,0.9,"PLS",8063,9201688,300,"Extreme","7",1,TRUE,1.07500000000073
"1180","Y~X",0.372842314262519,0.0525467214467677,0.4,"PLS",8063,9201688,300,"Extreme","7",1,TRUE,1.07500000000073
"1181","Y~Z",0.324596762016261,0.0453487803200712,0.5,"PLS",8063,9201688,300,"Extreme","7",1,TRUE,1.07500000000073
"1182","Y~X:Z",0.162418954972892,0.0550064930415273,0.3,"PLS",8063,9201688,300,"Extreme","7",1,TRUE,1.07500000000073
"1183","X~~Z",0.133889711027251,0.0561390460536224,0.2,"PLS",8063,9201688,300,"Extreme","7",1,TRUE,1.07500000000073
"1184","X=~x1",0.319,0.064,0.4,"Mplus",8063,9201688,300,"Extreme","7",1,TRUE,109.442000000001
"1185","X=~x2",0.854,0.055,0.8,"Mplus",8063,9201688,300,"Extreme","7",1,TRUE,109.442000000001
"1186","X=~x3",0.778,0.055,0.8,"Mplus",8063,9201688,300,"Extreme","7",1,TRUE,109.442000000001
"1187","Z=~z1",0.533,0.061,0.6,"Mplus",8063,9201688,300,"Extreme","7",1,TRUE,109.442000000001
"1188","Z=~z2",0.525,0.062,0.6,"Mplus",8063,9201688,300,"Extreme","7",1,TRUE,109.442000000001
"1189","Z=~z3",0.863,0.058,0.8,"Mplus",8063,9201688,300,"Extreme","7",1,TRUE,109.442000000001
"1190","Y=~y1",0.366,0.062,0.4,"Mplus",8063,9201688,300,"Extreme","7",1,TRUE,109.442000000001
"1191","Y=~y2",0.685,0.05,0.7,"Mplus",8063,9201688,300,"Extreme","7",1,TRUE,109.442000000001
"1192","Y=~y3",0.881,0.046,0.9,"Mplus",8063,9201688,300,"Extreme","7",1,TRUE,109.442000000001
"1193","Y~X",0.406,0.068,0.4,"Mplus",8063,9201688,300,"Extreme","7",1,TRUE,109.442000000001
"1194","Y~Z",0.48,0.066,0.5,"Mplus",8063,9201688,300,"Extreme","7",1,TRUE,109.442000000001
"1195","Y~X:Z",0.18,0.091,0.3,"Mplus",8063,9201688,300,"Extreme","7",1,TRUE,109.442000000001
"1196","X~~Z",0.207,0.078,0.2,"Mplus",8063,9201688,300,"Extreme","7",1,TRUE,109.442000000001
"1197","X=~x1",0.359782425373343,0.0443227964189569,0.4,"MC-OrdPLSc",8064,2194674,1000,"Extreme","7",1,TRUE,15.6900000000005
"1198","X=~x2",0.80114104967967,0.0341204086602406,0.8,"MC-OrdPLSc",8064,2194674,1000,"Extreme","7",1,TRUE,15.6900000000005
"1199","X=~x3",0.772693405502093,0.0370227729380937,0.8,"MC-OrdPLSc",8064,2194674,1000,"Extreme","7",1,TRUE,15.6900000000005
"1200","Z=~z1",0.572571105320132,0.0382387398962995,0.6,"MC-OrdPLSc",8064,2194674,1000,"Extreme","7",1,TRUE,15.6900000000005
"1201","Z=~z2",0.5937095836102,0.0373649913305388,0.6,"MC-OrdPLSc",8064,2194674,1000,"Extreme","7",1,TRUE,15.6900000000005
"1202","Z=~z3",0.841168427778927,0.0330538878256395,0.8,"MC-OrdPLSc",8064,2194674,1000,"Extreme","7",1,TRUE,15.6900000000005
"1203","Y=~y1",0.340986594918609,0.0333762847182277,0.4,"MC-OrdPLSc",8064,2194674,1000,"Extreme","7",1,TRUE,15.6900000000005
"1204","Y=~y2",0.689733169277419,0.0292482998356146,0.7,"MC-OrdPLSc",8064,2194674,1000,"Extreme","7",1,TRUE,15.6900000000005
"1205","Y=~y3",0.898777049070668,0.0266703809437677,0.9,"MC-OrdPLSc",8064,2194674,1000,"Extreme","7",1,TRUE,15.6900000000005
"1206","Y~X",0.417258622083005,0.0450228320875126,0.4,"MC-OrdPLSc",8064,2194674,1000,"Extreme","7",1,TRUE,15.6900000000005
"1207","Y~Z",0.488020378786918,0.0425573948001312,0.5,"MC-OrdPLSc",8064,2194674,1000,"Extreme","7",1,TRUE,15.6900000000005
"1208","Y~X:Z",0.275635239720967,0.0637397434406846,0.3,"MC-OrdPLSc",8064,2194674,1000,"Extreme","7",1,TRUE,15.6900000000005
"1209","X~~Z",0.162420620489395,0.0471575839906032,0.2,"MC-OrdPLSc",8064,2194674,1000,"Extreme","7",1,TRUE,15.6900000000005
"1210","X=~x1",0.32388671470481,0.0652725358935024,0.4,"PLSc",8064,2194674,1000,"Extreme","7",1,TRUE,3.71999999999935
"1211","X=~x2",0.758842775759984,0.0427017947744489,0.8,"PLSc",8064,2194674,1000,"Extreme","7",1,TRUE,3.71999999999935
"1212","X=~x3",0.738561005291755,0.0430773085470713,0.8,"PLSc",8064,2194674,1000,"Extreme","7",1,TRUE,3.71999999999935
"1213","Z=~z1",0.513623915891912,0.0462351160392096,0.6,"PLSc",8064,2194674,1000,"Extreme","7",1,TRUE,3.71999999999935
"1214","Z=~z2",0.563318739395574,0.0424518845639436,0.6,"PLSc",8064,2194674,1000,"Extreme","7",1,TRUE,3.71999999999935
"1215","Z=~z3",0.807728612766172,0.0400175046378016,0.8,"PLSc",8064,2194674,1000,"Extreme","7",1,TRUE,3.71999999999935
"1216","Y=~y1",0.298783378639994,0.0491251350097074,0.4,"PLSc",8064,2194674,1000,"Extreme","7",1,TRUE,3.71999999999935
"1217","Y=~y2",0.656544300365893,0.0318420424235364,0.7,"PLSc",8064,2194674,1000,"Extreme","7",1,TRUE,3.71999999999935
"1218","Y=~y3",0.884081642499716,0.0293722157128404,0.9,"PLSc",8064,2194674,1000,"Extreme","7",1,TRUE,3.71999999999935
"1219","Y~X",0.416682548644369,0.0416350339781451,0.4,"PLSc",8064,2194674,1000,"Extreme","7",1,TRUE,3.71999999999935
"1220","Y~Z",0.465559744591998,0.0409473460099579,0.5,"PLSc",8064,2194674,1000,"Extreme","7",1,TRUE,3.71999999999935
"1221","Y~X:Z",0.212796308587597,0.0461633037466969,0.3,"PLSc",8064,2194674,1000,"Extreme","7",1,TRUE,3.71999999999935
"1222","X~~Z",0.155597501085572,0.0462061512960525,0.2,"PLSc",8064,2194674,1000,"Extreme","7",1,TRUE,3.71999999999935
"1223","X=~x1",0.482028358858316,0.0535250942298329,0.4,"PLS",8064,2194674,1000,"Extreme","7",1,TRUE,0.993999999998778
"1224","X=~x2",0.866504137088821,0.0149272884897472,0.8,"PLS",8064,2194674,1000,"Extreme","7",1,TRUE,0.993999999998778
"1225","X=~x3",0.855598981188842,0.0162768043277359,0.8,"PLS",8064,2194674,1000,"Extreme","7",1,TRUE,0.993999999998778
"1226","Z=~z1",0.705928089998616,0.0292198305292932,0.6,"PLS",8064,2194674,1000,"Extreme","7",1,TRUE,0.993999999998778
"1227","Z=~z2",0.724231735538206,0.026987791858067,0.6,"PLS",8064,2194674,1000,"Extreme","7",1,TRUE,0.993999999998778
"1228","Z=~z3",0.865262355988115,0.0125447922306479,0.8,"PLS",8064,2194674,1000,"Extreme","7",1,TRUE,0.993999999998778
"1229","Y=~y1",0.468134371884902,0.0493590602255396,0.4,"PLS",8064,2194674,1000,"Extreme","7",1,TRUE,0.993999999998778
"1230","Y=~y2",0.827171348972673,0.0165114053528727,0.7,"PLS",8064,2194674,1000,"Extreme","7",1,TRUE,0.993999999998778
"1231","Y=~y3",0.902269355433956,0.00807698345515747,0.9,"PLS",8064,2194674,1000,"Extreme","7",1,TRUE,0.993999999998778
"1232","Y~X",0.327017982331026,0.0270792704748493,0.4,"PLS",8064,2194674,1000,"Extreme","7",1,TRUE,0.993999999998778
"1233","Y~Z",0.365706777440451,0.0262018496625869,0.5,"PLS",8064,2194674,1000,"Extreme","7",1,TRUE,0.993999999998778
"1234","Y~X:Z",0.154560255813344,0.0254876601138921,0.3,"PLS",8064,2194674,1000,"Extreme","7",1,TRUE,0.993999999998778
"1235","X~~Z",0.110798878624898,0.0330258288869374,0.2,"PLS",8064,2194674,1000,"Extreme","7",1,TRUE,0.993999999998778
"1236","X=~x1",0.342,0.035,0.4,"Mplus",8064,2194674,1000,"Extreme","7",1,TRUE,311.916000000001
"1237","X=~x2",0.789,0.032,0.8,"Mplus",8064,2194674,1000,"Extreme","7",1,TRUE,311.916000000001
"1238","X=~x3",0.755,0.032,0.8,"Mplus",8064,2194674,1000,"Extreme","7",1,TRUE,311.916000000001
"1239","Z=~z1",0.561,0.032,0.6,"Mplus",8064,2194674,1000,"Extreme","7",1,TRUE,311.916000000001
"1240","Z=~z2",0.566,0.033,0.6,"Mplus",8064,2194674,1000,"Extreme","7",1,TRUE,311.916000000001
"1241","Z=~z3",0.817,0.03,0.8,"Mplus",8064,2194674,1000,"Extreme","7",1,TRUE,311.916000000001
"1242","Y=~y1",0.332,0.034,0.4,"Mplus",8064,2194674,1000,"Extreme","7",1,TRUE,311.916000000001
"1243","Y=~y2",0.668,0.028,0.7,"Mplus",8064,2194674,1000,"Extreme","7",1,TRUE,311.916000000001
"1244","Y=~y3",0.88,0.025,0.9,"Mplus",8064,2194674,1000,"Extreme","7",1,TRUE,311.916000000001
"1245","Y~X",0.407,0.039,0.4,"Mplus",8064,2194674,1000,"Extreme","7",1,TRUE,311.916000000001
"1246","Y~Z",0.503,0.038,0.5,"Mplus",8064,2194674,1000,"Extreme","7",1,TRUE,311.916000000001
"1247","Y~X:Z",0.319,0.045,0.3,"Mplus",8064,2194674,1000,"Extreme","7",1,TRUE,311.916000000001
"1248","X~~Z",0.168,0.045,0.2,"Mplus",8064,2194674,1000,"Extreme","7",1,TRUE,311.916000000001
"1249","X=~x1",0.461849647893534,0.149415193452919,0.4,"MC-OrdPLSc",8065,8279275,300,"Alt.Mod","2",1,TRUE,7.6880000000001
"1250","X=~x2",0.784555152937854,0.113290052248144,0.8,"MC-OrdPLSc",8065,8279275,300,"Alt.Mod","2",1,TRUE,7.6880000000001
"1251","X=~x3",0.708890284238203,0.0991831491945883,0.8,"MC-OrdPLSc",8065,8279275,300,"Alt.Mod","2",1,TRUE,7.6880000000001
"1252","Z=~z1",0.466361643652479,0.106048529864865,0.6,"MC-OrdPLSc",8065,8279275,300,"Alt.Mod","2",1,TRUE,7.6880000000001
"1253","Z=~z2",0.563681943141034,0.113361739788244,0.6,"MC-OrdPLSc",8065,8279275,300,"Alt.Mod","2",1,TRUE,7.6880000000001
"1254","Z=~z3",0.96673136299751,0.123608919386605,0.8,"MC-OrdPLSc",8065,8279275,300,"Alt.Mod","2",1,TRUE,7.6880000000001
"1255","Y=~y1",0.474614390547961,0.0951634499154394,0.4,"MC-OrdPLSc",8065,8279275,300,"Alt.Mod","2",1,TRUE,7.6880000000001
"1256","Y=~y2",0.692163128922565,0.0971406795701537,0.7,"MC-OrdPLSc",8065,8279275,300,"Alt.Mod","2",1,TRUE,7.6880000000001
"1257","Y=~y3",0.998904050529886,0.0657772429359385,0.9,"MC-OrdPLSc",8065,8279275,300,"Alt.Mod","2",1,TRUE,7.6880000000001
"1258","Y~X",0.423537980131601,0.0925533695175419,0.4,"MC-OrdPLSc",8065,8279275,300,"Alt.Mod","2",1,TRUE,7.6880000000001
"1259","Y~Z",0.421186744455997,0.103839753472098,0.5,"MC-OrdPLSc",8065,8279275,300,"Alt.Mod","2",1,TRUE,7.6880000000001
"1260","Y~X:Z",0.228769979926128,0.140026133289046,0.3,"MC-OrdPLSc",8065,8279275,300,"Alt.Mod","2",1,TRUE,7.6880000000001
"1261","X~~Z",0.272857113710364,0.097451603678101,0.2,"MC-OrdPLSc",8065,8279275,300,"Alt.Mod","2",1,TRUE,7.6880000000001
"1262","X=~x1",0.346196799250293,0.122217873276041,0.4,"PLSc",8065,8279275,300,"Alt.Mod","2",1,TRUE,2.09400000000096
"1263","X=~x2",0.623680658974686,0.1037949786884,0.8,"PLSc",8065,8279275,300,"Alt.Mod","2",1,TRUE,2.09400000000096
"1264","X=~x3",0.599375911821739,0.108472374929354,0.8,"PLSc",8065,8279275,300,"Alt.Mod","2",1,TRUE,2.09400000000096
"1265","Z=~z1",0.328250950043118,0.130978350752494,0.6,"PLSc",8065,8279275,300,"Alt.Mod","2",1,TRUE,2.09400000000096
"1266","Z=~z2",0.461065670994266,0.104094103698154,0.6,"PLSc",8065,8279275,300,"Alt.Mod","2",1,TRUE,2.09400000000096
"1267","Z=~z3",0.813418381067934,0.118570670981494,0.8,"PLSc",8065,8279275,300,"Alt.Mod","2",1,TRUE,2.09400000000096
"1268","Y=~y1",0.40905753042876,0.0963110542131192,0.4,"PLSc",8065,8279275,300,"Alt.Mod","2",1,TRUE,2.09400000000096
"1269","Y=~y2",0.53623627503418,0.0857370855940999,0.7,"PLSc",8065,8279275,300,"Alt.Mod","2",1,TRUE,2.09400000000096
"1270","Y=~y3",0.816388117688389,0.0787884770262788,0.9,"PLSc",8065,8279275,300,"Alt.Mod","2",1,TRUE,2.09400000000096
"1271","Y~X",0.417650316955748,0.0986749889789742,0.4,"PLSc",8065,8279275,300,"Alt.Mod","2",1,TRUE,2.09400000000096
"1272","Y~Z",0.40428685190745,0.107073832861469,0.5,"PLSc",8065,8279275,300,"Alt.Mod","2",1,TRUE,2.09400000000096
"1273","Y~X:Z",0.191181691867097,0.129002404900021,0.3,"PLSc",8065,8279275,300,"Alt.Mod","2",1,TRUE,2.09400000000096
"1274","X~~Z",0.252275040942847,0.0971164978536206,0.2,"PLSc",8065,8279275,300,"Alt.Mod","2",1,TRUE,2.09400000000096
"1275","X=~x1",0.547084070356323,0.108103800357812,0.4,"PLS",8065,8279275,300,"Alt.Mod","2",1,TRUE,1.61499999999978
"1276","X=~x2",0.808897032606713,0.052852778014104,0.8,"PLS",8065,8279275,300,"Alt.Mod","2",1,TRUE,1.61499999999978
"1277","X=~x3",0.7641723312979,0.0699381876932111,0.8,"PLS",8065,8279275,300,"Alt.Mod","2",1,TRUE,1.61499999999978
"1278","Z=~z1",0.558733235256874,0.110566747603667,0.6,"PLS",8065,8279275,300,"Alt.Mod","2",1,TRUE,1.61499999999978
"1279","Z=~z2",0.662202172367429,0.0851588638632488,0.6,"PLS",8065,8279275,300,"Alt.Mod","2",1,TRUE,1.61499999999978
"1280","Z=~z3",0.88040146248093,0.0448576812793729,0.8,"PLS",8065,8279275,300,"Alt.Mod","2",1,TRUE,1.61499999999978
"1281","Y=~y1",0.542347591423481,0.0898310367555036,0.4,"PLS",8065,8279275,300,"Alt.Mod","2",1,TRUE,1.61499999999978
"1282","Y=~y2",0.747720883483902,0.0559801904872829,0.7,"PLS",8065,8279275,300,"Alt.Mod","2",1,TRUE,1.61499999999978
"1283","Y=~y3",0.891397715326472,0.0234331504809323,0.9,"PLS",8065,8279275,300,"Alt.Mod","2",1,TRUE,1.61499999999978
"1284","Y~X",0.269076384372013,0.0500754019614348,0.4,"PLS",8065,8279275,300,"Alt.Mod","2",1,TRUE,1.61499999999978
"1285","Y~Z",0.289500786041227,0.050494671174124,0.5,"PLS",8065,8279275,300,"Alt.Mod","2",1,TRUE,1.61499999999978
"1286","Y~X:Z",0.0814869178592329,0.0503804770049369,0.3,"PLS",8065,8279275,300,"Alt.Mod","2",1,TRUE,1.61499999999978
"1287","X~~Z",0.154945671461929,0.0599871959846809,0.2,"PLS",8065,8279275,300,"Alt.Mod","2",1,TRUE,1.61499999999978
"1288","X=~x1",0.462,0.086,0.4,"Mplus",8065,8279275,300,"Alt.Mod","2",1,TRUE,149.203
"1289","X=~x2",0.771,0.092,0.8,"Mplus",8065,8279275,300,"Alt.Mod","2",1,TRUE,149.203
"1290","X=~x3",0.652,0.088,0.8,"Mplus",8065,8279275,300,"Alt.Mod","2",1,TRUE,149.203
"1291","Z=~z1",0.005,0.01,0.6,"Mplus",8065,8279275,300,"Alt.Mod","2",1,TRUE,149.203
"1292","Z=~z2",-0.371,0.425,0.6,"Mplus",8065,8279275,300,"Alt.Mod","2",1,TRUE,149.203
"1293","Z=~z3",-0.759,0.472,0.8,"Mplus",8065,8279275,300,"Alt.Mod","2",1,TRUE,149.203
"1294","Y=~y1",0.419,0.095,0.4,"Mplus",8065,8279275,300,"Alt.Mod","2",1,TRUE,149.203
"1295","Y=~y2",0.693,0.09,0.7,"Mplus",8065,8279275,300,"Alt.Mod","2",1,TRUE,149.203
"1296","Y=~y3",0.985,0.036,0.9,"Mplus",8065,8279275,300,"Alt.Mod","2",1,TRUE,149.203
"1297","Y~X",0.479,0.121,0.4,"Mplus",8065,8279275,300,"Alt.Mod","2",1,TRUE,149.203
"1298","Y~Z",-0.302,0.351,0.5,"Mplus",8065,8279275,300,"Alt.Mod","2",1,TRUE,149.203
"1299","Y~X:Z",-0.197,0.238,0.3,"Mplus",8065,8279275,300,"Alt.Mod","2",1,TRUE,149.203
"1300","X~~Z",-0.526,0.71,0.2,"Mplus",8065,8279275,300,"Alt.Mod","2",1,TRUE,149.203
"1301","X=~x1",0.375188881862396,0.0623756221836292,0.4,"MC-OrdPLSc",8066,5428078,1000,"Alt.Mod","2",1,TRUE,8.86800000000039
"1302","X=~x2",0.78036629063643,0.0496905650108578,0.8,"MC-OrdPLSc",8066,5428078,1000,"Alt.Mod","2",1,TRUE,8.86800000000039
"1303","X=~x3",0.902885693220598,0.0550021992064576,0.8,"MC-OrdPLSc",8066,5428078,1000,"Alt.Mod","2",1,TRUE,8.86800000000039
"1304","Z=~z1",0.596748963573014,0.0586906280645417,0.6,"MC-OrdPLSc",8066,5428078,1000,"Alt.Mod","2",1,TRUE,8.86800000000039
"1305","Z=~z2",0.607882288207447,0.0478715342872855,0.6,"MC-OrdPLSc",8066,5428078,1000,"Alt.Mod","2",1,TRUE,8.86800000000039
"1306","Z=~z3",0.757986252314537,0.0565143473617963,0.8,"MC-OrdPLSc",8066,5428078,1000,"Alt.Mod","2",1,TRUE,8.86800000000039
"1307","Y=~y1",0.443840912361092,0.0557060077319055,0.4,"MC-OrdPLSc",8066,5428078,1000,"Alt.Mod","2",1,TRUE,8.86800000000039
"1308","Y=~y2",0.625802396825066,0.0430105175184783,0.7,"MC-OrdPLSc",8066,5428078,1000,"Alt.Mod","2",1,TRUE,8.86800000000039
"1309","Y=~y3",0.904272851097356,0.0459489616233832,0.9,"MC-OrdPLSc",8066,5428078,1000,"Alt.Mod","2",1,TRUE,8.86800000000039
"1310","Y~X",0.370996279557756,0.0501305391595906,0.4,"MC-OrdPLSc",8066,5428078,1000,"Alt.Mod","2",1,TRUE,8.86800000000039
"1311","Y~Z",0.558187589298334,0.0571058667943498,0.5,"MC-OrdPLSc",8066,5428078,1000,"Alt.Mod","2",1,TRUE,8.86800000000039
"1312","Y~X:Z",0.210955485674585,0.0844690642378854,0.3,"MC-OrdPLSc",8066,5428078,1000,"Alt.Mod","2",1,TRUE,8.86800000000039
"1313","X~~Z",0.224998910341616,0.0587220579820172,0.2,"MC-OrdPLSc",8066,5428078,1000,"Alt.Mod","2",1,TRUE,8.86800000000039
"1314","X=~x1",0.251391161867469,0.0864486637715358,0.4,"PLSc",8066,5428078,1000,"Alt.Mod","2",1,TRUE,4.02400000000125
"1315","X=~x2",0.646693796555335,0.0523794988778287,0.8,"PLSc",8066,5428078,1000,"Alt.Mod","2",1,TRUE,4.02400000000125
"1316","X=~x3",0.776723643661614,0.0561877077510452,0.8,"PLSc",8066,5428078,1000,"Alt.Mod","2",1,TRUE,4.02400000000125
"1317","Z=~z1",0.444197401178421,0.0567926281574015,0.6,"PLSc",8066,5428078,1000,"Alt.Mod","2",1,TRUE,4.02400000000125
"1318","Z=~z2",0.506903277491162,0.0476261468719802,0.6,"PLSc",8066,5428078,1000,"Alt.Mod","2",1,TRUE,4.02400000000125
"1319","Z=~z3",0.619417452507866,0.0488227580477002,0.8,"PLSc",8066,5428078,1000,"Alt.Mod","2",1,TRUE,4.02400000000125
"1320","Y=~y1",0.344366157903284,0.0508466877184548,0.4,"PLSc",8066,5428078,1000,"Alt.Mod","2",1,TRUE,4.02400000000125
"1321","Y=~y2",0.488570510624998,0.0443053291342453,0.7,"PLSc",8066,5428078,1000,"Alt.Mod","2",1,TRUE,4.02400000000125
"1322","Y=~y3",0.723364543202516,0.0433707511038558,0.9,"PLSc",8066,5428078,1000,"Alt.Mod","2",1,TRUE,4.02400000000125
"1323","Y~X",0.34610196754067,0.0518659494352594,0.4,"PLSc",8066,5428078,1000,"Alt.Mod","2",1,TRUE,4.02400000000125
"1324","Y~Z",0.560780339142733,0.0587815242806932,0.5,"PLSc",8066,5428078,1000,"Alt.Mod","2",1,TRUE,4.02400000000125
"1325","Y~X:Z",0.164005853287475,0.0684020370807613,0.3,"PLSc",8066,5428078,1000,"Alt.Mod","2",1,TRUE,4.02400000000125
"1326","X~~Z",0.206559076164303,0.0535356362252984,0.2,"PLSc",8066,5428078,1000,"Alt.Mod","2",1,TRUE,4.02400000000125
"1327","X=~x1",0.444435922583463,0.0679510360675413,0.4,"PLS",8066,5428078,1000,"Alt.Mod","2",1,TRUE,1.0619999999999
"1328","X=~x2",0.816021508268071,0.025073471234675,0.8,"PLS",8066,5428078,1000,"Alt.Mod","2",1,TRUE,1.0619999999999
"1329","X=~x3",0.864463575597261,0.0219737247857923,0.8,"PLS",8066,5428078,1000,"Alt.Mod","2",1,TRUE,1.0619999999999
"1330","Z=~z1",0.675480518654008,0.0408577346688538,0.6,"PLS",8066,5428078,1000,"Alt.Mod","2",1,TRUE,1.0619999999999
"1331","Z=~z2",0.682999655270494,0.0371759553534055,0.6,"PLS",8066,5428078,1000,"Alt.Mod","2",1,TRUE,1.0619999999999
"1332","Z=~z3",0.788812244662538,0.0276882649787109,0.8,"PLS",8066,5428078,1000,"Alt.Mod","2",1,TRUE,1.0619999999999
"1333","Y=~y1",0.524602477570836,0.0508683904514243,0.4,"PLS",8066,5428078,1000,"Alt.Mod","2",1,TRUE,1.0619999999999
"1334","Y=~y2",0.702319004569638,0.0339434068500077,0.7,"PLS",8066,5428078,1000,"Alt.Mod","2",1,TRUE,1.0619999999999
"1335","Y=~y3",0.858807325515238,0.0181779994234691,0.9,"PLS",8066,5428078,1000,"Alt.Mod","2",1,TRUE,1.0619999999999
"1336","Y~X",0.243911477174778,0.0288397104462949,0.4,"PLS",8066,5428078,1000,"Alt.Mod","2",1,TRUE,1.0619999999999
"1337","Y~Z",0.321200408902123,0.0285513597445998,0.5,"PLS",8066,5428078,1000,"Alt.Mod","2",1,TRUE,1.0619999999999
"1338","Y~X:Z",0.0608008111141841,0.0293834566181868,0.3,"PLS",8066,5428078,1000,"Alt.Mod","2",1,TRUE,1.0619999999999
"1339","X~~Z",0.126200029958482,0.0328480467860008,0.2,"PLS",8066,5428078,1000,"Alt.Mod","2",1,TRUE,1.0619999999999
"1340","X=~x1",0.402,0.045,0.4,"Mplus",8066,5428078,1000,"Alt.Mod","2",1,TRUE,94.3529999999992
"1341","X=~x2",0.8,0.048,0.8,"Mplus",8066,5428078,1000,"Alt.Mod","2",1,TRUE,94.3529999999992
"1342","X=~x3",0.826,0.048,0.8,"Mplus",8066,5428078,1000,"Alt.Mod","2",1,TRUE,94.3529999999992
"1343","Z=~z1",0.591,0.047,0.6,"Mplus",8066,5428078,1000,"Alt.Mod","2",1,TRUE,94.3529999999992
"1344","Z=~z2",0.536,0.048,0.6,"Mplus",8066,5428078,1000,"Alt.Mod","2",1,TRUE,94.3529999999992
"1345","Z=~z3",0.744,0.05,0.8,"Mplus",8066,5428078,1000,"Alt.Mod","2",1,TRUE,94.3529999999992
"1346","Y=~y1",0.421,0.048,0.4,"Mplus",8066,5428078,1000,"Alt.Mod","2",1,TRUE,94.3529999999992
"1347","Y=~y2",0.617,0.047,0.7,"Mplus",8066,5428078,1000,"Alt.Mod","2",1,TRUE,94.3529999999992
"1348","Y=~y3",0.889,0.041,0.9,"Mplus",8066,5428078,1000,"Alt.Mod","2",1,TRUE,94.3529999999992
"1349","Y~X",0.394,0.048,0.4,"Mplus",8066,5428078,1000,"Alt.Mod","2",1,TRUE,94.3529999999992
"1350","Y~Z",0.554,0.05,0.5,"Mplus",8066,5428078,1000,"Alt.Mod","2",1,TRUE,94.3529999999992
"1351","Y~X:Z",0.255,0.069,0.3,"Mplus",8066,5428078,1000,"Alt.Mod","2",1,TRUE,94.3529999999992
"1352","X~~Z",0.238,0.056,0.2,"Mplus",8066,5428078,1000,"Alt.Mod","2",1,TRUE,94.3529999999992
"1353","X=~x1",0.318061923109458,0.10297580511249,0.4,"MC-OrdPLSc",8067,7156871,300,"Alt.Mod","3",1,TRUE,8.71600000000035
"1354","X=~x2",0.864094726405606,0.0718964586271563,0.8,"MC-OrdPLSc",8067,7156871,300,"Alt.Mod","3",1,TRUE,8.71600000000035
"1355","X=~x3",0.725394294276134,0.0812981585679561,0.8,"MC-OrdPLSc",8067,7156871,300,"Alt.Mod","3",1,TRUE,8.71600000000035
"1356","Z=~z1",0.603698530371999,0.0784420746719206,0.6,"MC-OrdPLSc",8067,7156871,300,"Alt.Mod","3",1,TRUE,8.71600000000035
"1357","Z=~z2",0.583256422831175,0.0910864860561904,0.6,"MC-OrdPLSc",8067,7156871,300,"Alt.Mod","3",1,TRUE,8.71600000000035
"1358","Z=~z3",0.796280364012607,0.103423998582614,0.8,"MC-OrdPLSc",8067,7156871,300,"Alt.Mod","3",1,TRUE,8.71600000000035
"1359","Y=~y1",0.32604475443205,0.087005166860318,0.4,"MC-OrdPLSc",8067,7156871,300,"Alt.Mod","3",1,TRUE,8.71600000000035
"1360","Y=~y2",0.696990831258319,0.0599358250193278,0.7,"MC-OrdPLSc",8067,7156871,300,"Alt.Mod","3",1,TRUE,8.71600000000035
"1361","Y=~y3",0.917717921386034,0.0538702591448616,0.9,"MC-OrdPLSc",8067,7156871,300,"Alt.Mod","3",1,TRUE,8.71600000000035
"1362","Y~X",0.403826078601274,0.0781689219402791,0.4,"MC-OrdPLSc",8067,7156871,300,"Alt.Mod","3",1,TRUE,8.71600000000035
"1363","Y~Z",0.409073249393131,0.0751827399868262,0.5,"MC-OrdPLSc",8067,7156871,300,"Alt.Mod","3",1,TRUE,8.71600000000035
"1364","Y~X:Z",0.136388182924765,0.103888226910833,0.3,"MC-OrdPLSc",8067,7156871,300,"Alt.Mod","3",1,TRUE,8.71600000000035
"1365","X~~Z",0.12363679502433,0.0928536778196683,0.2,"MC-OrdPLSc",8067,7156871,300,"Alt.Mod","3",1,TRUE,8.71600000000035
"1366","X=~x1",0.282464544591353,0.139268288056308,0.4,"PLSc",8067,7156871,300,"Alt.Mod","3",1,TRUE,2.07799999999952
"1367","X=~x2",0.785538668659334,0.0826706803926387,0.8,"PLSc",8067,7156871,300,"Alt.Mod","3",1,TRUE,2.07799999999952
"1368","X=~x3",0.658092494611804,0.0974851695670262,0.8,"PLSc",8067,7156871,300,"Alt.Mod","3",1,TRUE,2.07799999999952
"1369","Z=~z1",0.525919162947592,0.118419858905713,0.6,"PLSc",8067,7156871,300,"Alt.Mod","3",1,TRUE,2.07799999999952
"1370","Z=~z2",0.507292527992052,0.108782578112325,0.6,"PLSc",8067,7156871,300,"Alt.Mod","3",1,TRUE,2.07799999999952
"1371","Z=~z3",0.757561061856381,0.109153163233589,0.8,"PLSc",8067,7156871,300,"Alt.Mod","3",1,TRUE,2.07799999999952
"1372","Y=~y1",0.293741400225822,0.103893964991845,0.4,"PLSc",8067,7156871,300,"Alt.Mod","3",1,TRUE,2.07799999999952
"1373","Y=~y2",0.626298228944624,0.0677328893274087,0.7,"PLSc",8067,7156871,300,"Alt.Mod","3",1,TRUE,2.07799999999952
"1374","Y=~y3",0.838043023559823,0.0651549024293942,0.9,"PLSc",8067,7156871,300,"Alt.Mod","3",1,TRUE,2.07799999999952
"1375","Y~X",0.397973084839906,0.0814072221781082,0.4,"PLSc",8067,7156871,300,"Alt.Mod","3",1,TRUE,2.07799999999952
"1376","Y~Z",0.400170981891091,0.0762351486586207,0.5,"PLSc",8067,7156871,300,"Alt.Mod","3",1,TRUE,2.07799999999952
"1377","Y~X:Z",0.101803168247751,0.0821633033701779,0.3,"PLSc",8067,7156871,300,"Alt.Mod","3",1,TRUE,2.07799999999952
"1378","X~~Z",0.120324350990509,0.0930303018076514,0.2,"PLSc",8067,7156871,300,"Alt.Mod","3",1,TRUE,2.07799999999952
"1379","X=~x1",0.427381879317906,0.117896404758342,0.4,"PLS",8067,7156871,300,"Alt.Mod","3",1,TRUE,1.17799999999988
"1380","X=~x2",0.877828967966417,0.0269976800471955,0.8,"PLS",8067,7156871,300,"Alt.Mod","3",1,TRUE,1.17799999999988
"1381","X=~x3",0.82545872065657,0.0460093498552959,0.8,"PLS",8067,7156871,300,"Alt.Mod","3",1,TRUE,1.17799999999988
"1382","Z=~z1",0.716956595012728,0.0701979113548692,0.6,"PLS",8067,7156871,300,"Alt.Mod","3",1,TRUE,1.17799999999988
"1383","Z=~z2",0.701545419113772,0.0637134990450745,0.6,"PLS",8067,7156871,300,"Alt.Mod","3",1,TRUE,1.17799999999988
"1384","Z=~z3",0.834235502089065,0.0444672733861853,0.8,"PLS",8067,7156871,300,"Alt.Mod","3",1,TRUE,1.17799999999988
"1385","Y=~y1",0.43958377419214,0.0975195085951918,0.4,"PLS",8067,7156871,300,"Alt.Mod","3",1,TRUE,1.17799999999988
"1386","Y=~y2",0.810865410375487,0.0341247971544547,0.7,"PLS",8067,7156871,300,"Alt.Mod","3",1,TRUE,1.17799999999988
"1387","Y=~y3",0.893661420652349,0.0191376114881945,0.9,"PLS",8067,7156871,300,"Alt.Mod","3",1,TRUE,1.17799999999988
"1388","Y~X",0.292932225111271,0.051061794430664,0.4,"PLS",8067,7156871,300,"Alt.Mod","3",1,TRUE,1.17799999999988
"1389","Y~Z",0.285365023614355,0.0461311849293281,0.5,"PLS",8067,7156871,300,"Alt.Mod","3",1,TRUE,1.17799999999988
"1390","Y~X:Z",0.0638562917299825,0.0463388810237111,0.3,"PLS",8067,7156871,300,"Alt.Mod","3",1,TRUE,1.17799999999988
"1391","X~~Z",0.0815285714426468,0.0631046184379596,0.2,"PLS",8067,7156871,300,"Alt.Mod","3",1,TRUE,1.17799999999988
"1392","X=~x1",0.303,0.068,0.4,"Mplus",8067,7156871,300,"Alt.Mod","3",1,TRUE,109.734
"1393","X=~x2",0.824,0.075,0.8,"Mplus",8067,7156871,300,"Alt.Mod","3",1,TRUE,109.734
"1394","X=~x3",0.732,0.072,0.8,"Mplus",8067,7156871,300,"Alt.Mod","3",1,TRUE,109.734
"1395","Z=~z1",0.628,0.072,0.6,"Mplus",8067,7156871,300,"Alt.Mod","3",1,TRUE,109.734
"1396","Z=~z2",0.551,0.07,0.6,"Mplus",8067,7156871,300,"Alt.Mod","3",1,TRUE,109.734
"1397","Z=~z3",0.715,0.072,0.8,"Mplus",8067,7156871,300,"Alt.Mod","3",1,TRUE,109.734
"1398","Y=~y1",0.3,0.067,0.4,"Mplus",8067,7156871,300,"Alt.Mod","3",1,TRUE,109.734
"1399","Y=~y2",0.65,0.063,0.7,"Mplus",8067,7156871,300,"Alt.Mod","3",1,TRUE,109.734
"1400","Y=~y3",0.944,0.06,0.9,"Mplus",8067,7156871,300,"Alt.Mod","3",1,TRUE,109.734
"1401","Y~X",0.408,0.07,0.4,"Mplus",8067,7156871,300,"Alt.Mod","3",1,TRUE,109.734
"1402","Y~Z",0.398,0.076,0.5,"Mplus",8067,7156871,300,"Alt.Mod","3",1,TRUE,109.734
"1403","Y~X:Z",0.221,0.089,0.3,"Mplus",8067,7156871,300,"Alt.Mod","3",1,TRUE,109.734
"1404","X~~Z",0.145,0.089,0.2,"Mplus",8067,7156871,300,"Alt.Mod","3",1,TRUE,109.734
"1405","X=~x1",0.316744148436912,0.0521837253096099,0.4,"MC-OrdPLSc",8068,2413271,1000,"Alt.Mod","3",1,TRUE,10.262999999999
"1406","X=~x2",0.790663877028398,0.0364960138674942,0.8,"MC-OrdPLSc",8068,2413271,1000,"Alt.Mod","3",1,TRUE,10.262999999999
"1407","X=~x3",0.895889395027667,0.0391330449997494,0.8,"MC-OrdPLSc",8068,2413271,1000,"Alt.Mod","3",1,TRUE,10.262999999999
"1408","Z=~z1",0.626207082307933,0.0384935308697746,0.6,"MC-OrdPLSc",8068,2413271,1000,"Alt.Mod","3",1,TRUE,10.262999999999
"1409","Z=~z2",0.565748911950358,0.0356620246908408,0.6,"MC-OrdPLSc",8068,2413271,1000,"Alt.Mod","3",1,TRUE,10.262999999999
"1410","Z=~z3",0.760629919243613,0.0341778508439119,0.8,"MC-OrdPLSc",8068,2413271,1000,"Alt.Mod","3",1,TRUE,10.262999999999
"1411","Y=~y1",0.401966626776711,0.038298129352361,0.4,"MC-OrdPLSc",8068,2413271,1000,"Alt.Mod","3",1,TRUE,10.262999999999
"1412","Y=~y2",0.721356540219828,0.0300986885613989,0.7,"MC-OrdPLSc",8068,2413271,1000,"Alt.Mod","3",1,TRUE,10.262999999999
"1413","Y=~y3",0.909406701883088,0.0319219316201097,0.9,"MC-OrdPLSc",8068,2413271,1000,"Alt.Mod","3",1,TRUE,10.262999999999
"1414","Y~X",0.356217578061245,0.0405845592740577,0.4,"MC-OrdPLSc",8068,2413271,1000,"Alt.Mod","3",1,TRUE,10.262999999999
"1415","Y~Z",0.577359676230948,0.0378774944185732,0.5,"MC-OrdPLSc",8068,2413271,1000,"Alt.Mod","3",1,TRUE,10.262999999999
"1416","Y~X:Z",0.265455431165122,0.0522238169576176,0.3,"MC-OrdPLSc",8068,2413271,1000,"Alt.Mod","3",1,TRUE,10.262999999999
"1417","X~~Z",0.21016659162031,0.0478591231975236,0.2,"MC-OrdPLSc",8068,2413271,1000,"Alt.Mod","3",1,TRUE,10.262999999999
"1418","X=~x1",0.24839150554358,0.0739081506821178,0.4,"PLSc",8068,2413271,1000,"Alt.Mod","3",1,TRUE,3.79700000000048
"1419","X=~x2",0.714632336562108,0.0403268167588688,0.8,"PLSc",8068,2413271,1000,"Alt.Mod","3",1,TRUE,3.79700000000048
"1420","X=~x3",0.844954204217807,0.0438429390225228,0.8,"PLSc",8068,2413271,1000,"Alt.Mod","3",1,TRUE,3.79700000000048
"1421","Z=~z1",0.597694489204526,0.04252390330125,0.6,"PLSc",8068,2413271,1000,"Alt.Mod","3",1,TRUE,3.79700000000048
"1422","Z=~z2",0.490862115310195,0.0452450852657399,0.6,"PLSc",8068,2413271,1000,"Alt.Mod","3",1,TRUE,3.79700000000048
"1423","Z=~z3",0.670449408220938,0.0341315823789936,0.8,"PLSc",8068,2413271,1000,"Alt.Mod","3",1,TRUE,3.79700000000048
"1424","Y=~y1",0.344096995038915,0.0439291104493184,0.4,"PLSc",8068,2413271,1000,"Alt.Mod","3",1,TRUE,3.79700000000048
"1425","Y=~y2",0.648333870786724,0.0309030875666861,0.7,"PLSc",8068,2413271,1000,"Alt.Mod","3",1,TRUE,3.79700000000048
"1426","Y=~y3",0.823416083986832,0.0295759701096064,0.9,"PLSc",8068,2413271,1000,"Alt.Mod","3",1,TRUE,3.79700000000048
"1427","Y~X",0.340507577565889,0.0386273311883768,0.4,"PLSc",8068,2413271,1000,"Alt.Mod","3",1,TRUE,3.79700000000048
"1428","Y~Z",0.578650410610112,0.0427949499036514,0.5,"PLSc",8068,2413271,1000,"Alt.Mod","3",1,TRUE,3.79700000000048
"1429","Y~X:Z",0.226763380456327,0.0573114436191508,0.3,"PLSc",8068,2413271,1000,"Alt.Mod","3",1,TRUE,3.79700000000048
"1430","X~~Z",0.204916825949734,0.046194838579463,0.2,"PLSc",8068,2413271,1000,"Alt.Mod","3",1,TRUE,3.79700000000048
"1431","X=~x1",0.423497817393955,0.056342620229521,0.4,"PLS",8068,2413271,1000,"Alt.Mod","3",1,TRUE,0.994000000000597
"1432","X=~x2",0.857624934597464,0.0152369872013917,0.8,"PLS",8068,2413271,1000,"Alt.Mod","3",1,TRUE,0.994000000000597
"1433","X=~x3",0.892223009164403,0.0134120819016831,0.8,"PLS",8068,2413271,1000,"Alt.Mod","3",1,TRUE,0.994000000000597
"1434","Z=~z1",0.736672530772258,0.0264760449498028,0.6,"PLS",8068,2413271,1000,"Alt.Mod","3",1,TRUE,0.994000000000597
"1435","Z=~z2",0.686525252399438,0.0307768780608564,0.6,"PLS",8068,2413271,1000,"Alt.Mod","3",1,TRUE,0.994000000000597
"1436","Z=~z3",0.81803869146979,0.0152952087118695,0.8,"PLS",8068,2413271,1000,"Alt.Mod","3",1,TRUE,0.994000000000597
"1437","Y=~y1",0.520083801982087,0.0391018564012905,0.4,"PLS",8068,2413271,1000,"Alt.Mod","3",1,TRUE,0.994000000000597
"1438","Y=~y2",0.809021968555758,0.016052517228797,0.7,"PLS",8068,2413271,1000,"Alt.Mod","3",1,TRUE,0.994000000000597
"1439","Y=~y3",0.883152183747627,0.00926430023412116,0.9,"PLS",8068,2413271,1000,"Alt.Mod","3",1,TRUE,0.994000000000597
"1440","Y~X",0.284858884675257,0.0245347122490581,0.4,"PLS",8068,2413271,1000,"Alt.Mod","3",1,TRUE,0.994000000000597
"1441","Y~Z",0.394893194226927,0.0253459316294871,0.5,"PLS",8068,2413271,1000,"Alt.Mod","3",1,TRUE,0.994000000000597
"1442","Y~X:Z",0.123297486681301,0.025503733465672,0.3,"PLS",8068,2413271,1000,"Alt.Mod","3",1,TRUE,0.994000000000597
"1443","X~~Z",0.141516639293888,0.0318553339695639,0.2,"PLS",8068,2413271,1000,"Alt.Mod","3",1,TRUE,0.994000000000597
"1444","X=~x1",0.322,0.036,0.4,"Mplus",8068,2413271,1000,"Alt.Mod","3",1,TRUE,292.533000000001
"1445","X=~x2",0.801,0.036,0.8,"Mplus",8068,2413271,1000,"Alt.Mod","3",1,TRUE,292.533000000001
"1446","X=~x3",0.847,0.036,0.8,"Mplus",8068,2413271,1000,"Alt.Mod","3",1,TRUE,292.533000000001
"1447","Z=~z1",0.579,0.036,0.6,"Mplus",8068,2413271,1000,"Alt.Mod","3",1,TRUE,292.533000000001
"1448","Z=~z2",0.562,0.036,0.6,"Mplus",8068,2413271,1000,"Alt.Mod","3",1,TRUE,292.533000000001
"1449","Z=~z3",0.755,0.035,0.8,"Mplus",8068,2413271,1000,"Alt.Mod","3",1,TRUE,292.533000000001
"1450","Y=~y1",0.376,0.036,0.4,"Mplus",8068,2413271,1000,"Alt.Mod","3",1,TRUE,292.533000000001
"1451","Y=~y2",0.694,0.031,0.7,"Mplus",8068,2413271,1000,"Alt.Mod","3",1,TRUE,292.533000000001
"1452","Y=~y3",0.897,0.027,0.9,"Mplus",8068,2413271,1000,"Alt.Mod","3",1,TRUE,292.533000000001
"1453","Y~X",0.355,0.038,0.4,"Mplus",8068,2413271,1000,"Alt.Mod","3",1,TRUE,292.533000000001
"1454","Y~Z",0.571,0.037,0.5,"Mplus",8068,2413271,1000,"Alt.Mod","3",1,TRUE,292.533000000001
"1455","Y~X:Z",0.258,0.05,0.3,"Mplus",8068,2413271,1000,"Alt.Mod","3",1,TRUE,292.533000000001
"1456","X~~Z",0.218,0.045,0.2,"Mplus",8068,2413271,1000,"Alt.Mod","3",1,TRUE,292.533000000001
"1457","X=~x1",0.34451722749964,0.0783342555600024,0.4,"MC-OrdPLSc",8069,7862270,300,"Alt.Mod","5",1,TRUE,11.8389999999999
"1458","X=~x2",0.815180743477353,0.0756755859692494,0.8,"MC-OrdPLSc",8069,7862270,300,"Alt.Mod","5",1,TRUE,11.8389999999999
"1459","X=~x3",0.799125741225574,0.0708644705362636,0.8,"MC-OrdPLSc",8069,7862270,300,"Alt.Mod","5",1,TRUE,11.8389999999999
"1460","Z=~z1",0.663543115213195,0.056444924030761,0.6,"MC-OrdPLSc",8069,7862270,300,"Alt.Mod","5",1,TRUE,11.8389999999999
"1461","Z=~z2",0.615367763765847,0.0597157450470721,0.6,"MC-OrdPLSc",8069,7862270,300,"Alt.Mod","5",1,TRUE,11.8389999999999
"1462","Z=~z3",0.801584552913238,0.0531627521111055,0.8,"MC-OrdPLSc",8069,7862270,300,"Alt.Mod","5",1,TRUE,11.8389999999999
"1463","Y=~y1",0.36753651492529,0.0732436229458545,0.4,"MC-OrdPLSc",8069,7862270,300,"Alt.Mod","5",1,TRUE,11.8389999999999
"1464","Y=~y2",0.585841686548646,0.070517155530382,0.7,"MC-OrdPLSc",8069,7862270,300,"Alt.Mod","5",1,TRUE,11.8389999999999
"1465","Y=~y3",0.998919296628449,0.0712733091807927,0.9,"MC-OrdPLSc",8069,7862270,300,"Alt.Mod","5",1,TRUE,11.8389999999999
"1466","Y~X",0.330729288647885,0.0660645982346461,0.4,"MC-OrdPLSc",8069,7862270,300,"Alt.Mod","5",1,TRUE,11.8389999999999
"1467","Y~Z",0.429360834749146,0.055092896714613,0.5,"MC-OrdPLSc",8069,7862270,300,"Alt.Mod","5",1,TRUE,11.8389999999999
"1468","Y~X:Z",0.279514292174599,0.0705552582564287,0.3,"MC-OrdPLSc",8069,7862270,300,"Alt.Mod","5",1,TRUE,11.8389999999999
"1469","X~~Z",0.264563922891512,0.0842799151323305,0.2,"MC-OrdPLSc",8069,7862270,300,"Alt.Mod","5",1,TRUE,11.8389999999999
"1470","X=~x1",0.368253459195816,0.123107412292878,0.4,"PLSc",8069,7862270,300,"Alt.Mod","5",1,TRUE,1.99099999999999
"1471","X=~x2",0.774568710801488,0.110124089020506,0.8,"PLSc",8069,7862270,300,"Alt.Mod","5",1,TRUE,1.99099999999999
"1472","X=~x3",0.710219128991371,0.0854876764232669,0.8,"PLSc",8069,7862270,300,"Alt.Mod","5",1,TRUE,1.99099999999999
"1473","Z=~z1",0.656288271721327,0.079647353337474,0.6,"PLSc",8069,7862270,300,"Alt.Mod","5",1,TRUE,1.99099999999999
"1474","Z=~z2",0.546602265993214,0.0846849381605967,0.6,"PLSc",8069,7862270,300,"Alt.Mod","5",1,TRUE,1.99099999999999
"1475","Z=~z3",0.757339353367799,0.0729470915147716,0.8,"PLSc",8069,7862270,300,"Alt.Mod","5",1,TRUE,1.99099999999999
"1476","Y=~y1",0.364360489763708,0.0925002682846568,0.4,"PLSc",8069,7862270,300,"Alt.Mod","5",1,TRUE,1.99099999999999
"1477","Y=~y2",0.531202585376664,0.0759647744285597,0.7,"PLSc",8069,7862270,300,"Alt.Mod","5",1,TRUE,1.99099999999999
"1478","Y=~y3",0.931068960703326,0.0714721004871587,0.9,"PLSc",8069,7862270,300,"Alt.Mod","5",1,TRUE,1.99099999999999
"1479","Y~X",0.34647699074533,0.0811853466318549,0.4,"PLSc",8069,7862270,300,"Alt.Mod","5",1,TRUE,1.99099999999999
"1480","Y~Z",0.413549825683029,0.0685919645664785,0.5,"PLSc",8069,7862270,300,"Alt.Mod","5",1,TRUE,1.99099999999999
"1481","Y~X:Z",0.254502699916074,0.0861225296875875,0.3,"PLSc",8069,7862270,300,"Alt.Mod","5",1,TRUE,1.99099999999999
"1482","X~~Z",0.265181114394923,0.0805378035832762,0.2,"PLSc",8069,7862270,300,"Alt.Mod","5",1,TRUE,1.99099999999999
"1483","X=~x1",0.470697047875219,0.101683515474529,0.4,"PLS",8069,7862270,300,"Alt.Mod","5",1,TRUE,1.08700000000135
"1484","X=~x2",0.871997212426767,0.0372296949763155,0.8,"PLS",8069,7862270,300,"Alt.Mod","5",1,TRUE,1.08700000000135
"1485","X=~x3",0.866973368992833,0.026754749374393,0.8,"PLS",8069,7862270,300,"Alt.Mod","5",1,TRUE,1.08700000000135
"1486","Z=~z1",0.772059776864135,0.0384891671560998,0.6,"PLS",8069,7862270,300,"Alt.Mod","5",1,TRUE,1.08700000000135
"1487","Z=~z2",0.735102974341956,0.0470696265786238,0.6,"PLS",8069,7862270,300,"Alt.Mod","5",1,TRUE,1.08700000000135
"1488","Z=~z3",0.844798458920797,0.0254321661264169,0.8,"PLS",8069,7862270,300,"Alt.Mod","5",1,TRUE,1.08700000000135
"1489","Y=~y1",0.511446446255046,0.0794057198951268,0.4,"PLS",8069,7862270,300,"Alt.Mod","5",1,TRUE,1.08700000000135
"1490","Y=~y2",0.749652338718619,0.0493614894439807,0.7,"PLS",8069,7862270,300,"Alt.Mod","5",1,TRUE,1.08700000000135
"1491","Y=~y3",0.919714530893874,0.0151199355621174,0.9,"PLS",8069,7862270,300,"Alt.Mod","5",1,TRUE,1.08700000000135
"1492","Y~X",0.261812074395943,0.0478717825519517,0.4,"PLS",8069,7862270,300,"Alt.Mod","5",1,TRUE,1.08700000000135
"1493","Y~Z",0.327005380237545,0.0418587962508375,0.5,"PLS",8069,7862270,300,"Alt.Mod","5",1,TRUE,1.08700000000135
"1494","Y~X:Z",0.161878848407982,0.0478659127098505,0.3,"PLS",8069,7862270,300,"Alt.Mod","5",1,TRUE,1.08700000000135
"1495","X~~Z",0.188961633282631,0.0592241079626713,0.2,"PLS",8069,7862270,300,"Alt.Mod","5",1,TRUE,1.08700000000135
"1496","X=~x1",0.295,0.064,0.4,"Mplus",8069,7862270,300,"Alt.Mod","5",1,TRUE,99.4839999999986
"1497","X=~x2",0.805,0.057,0.8,"Mplus",8069,7862270,300,"Alt.Mod","5",1,TRUE,99.4839999999986
"1498","X=~x3",0.797,0.058,0.8,"Mplus",8069,7862270,300,"Alt.Mod","5",1,TRUE,99.4839999999986
"1499","Z=~z1",0.618,0.056,0.6,"Mplus",8069,7862270,300,"Alt.Mod","5",1,TRUE,99.4839999999986
"1500","Z=~z2",0.628,0.057,0.6,"Mplus",8069,7862270,300,"Alt.Mod","5",1,TRUE,99.4839999999986
"1501","Z=~z3",0.788,0.052,0.8,"Mplus",8069,7862270,300,"Alt.Mod","5",1,TRUE,99.4839999999986
"1502","Y=~y1",0.342,0.06,0.4,"Mplus",8069,7862270,300,"Alt.Mod","5",1,TRUE,99.4839999999986
"1503","Y=~y2",0.604,0.051,0.7,"Mplus",8069,7862270,300,"Alt.Mod","5",1,TRUE,99.4839999999986
"1504","Y=~y3",0.987,0.032,0.9,"Mplus",8069,7862270,300,"Alt.Mod","5",1,TRUE,99.4839999999986
"1505","Y~X",0.33,0.063,0.4,"Mplus",8069,7862270,300,"Alt.Mod","5",1,TRUE,99.4839999999986
"1506","Y~Z",0.443,0.062,0.5,"Mplus",8069,7862270,300,"Alt.Mod","5",1,TRUE,99.4839999999986
"1507","Y~X:Z",0.277,0.064,0.3,"Mplus",8069,7862270,300,"Alt.Mod","5",1,TRUE,99.4839999999986
"1508","X~~Z",0.256,0.076,0.2,"Mplus",8069,7862270,300,"Alt.Mod","5",1,TRUE,99.4839999999986
"1509","X=~x1",0.343682207243285,0.0574324698214539,0.4,"MC-OrdPLSc",8070,9064403,1000,"Alt.Mod","5",1,TRUE,12.8149999999987
"1510","X=~x2",0.843442983041263,0.0390619110791324,0.8,"MC-OrdPLSc",8070,9064403,1000,"Alt.Mod","5",1,TRUE,12.8149999999987
"1511","X=~x3",0.793815463363853,0.0425256151225943,0.8,"MC-OrdPLSc",8070,9064403,1000,"Alt.Mod","5",1,TRUE,12.8149999999987
"1512","Z=~z1",0.571812407885106,0.039116191074883,0.6,"MC-OrdPLSc",8070,9064403,1000,"Alt.Mod","5",1,TRUE,12.8149999999987
"1513","Z=~z2",0.604197016662487,0.0340277992321788,0.6,"MC-OrdPLSc",8070,9064403,1000,"Alt.Mod","5",1,TRUE,12.8149999999987
"1514","Z=~z3",0.84292313393255,0.0352990672563355,0.8,"MC-OrdPLSc",8070,9064403,1000,"Alt.Mod","5",1,TRUE,12.8149999999987
"1515","Y=~y1",0.375176578366257,0.0410937057965341,0.4,"MC-OrdPLSc",8070,9064403,1000,"Alt.Mod","5",1,TRUE,12.8149999999987
"1516","Y=~y2",0.69931567928565,0.0319753686460423,0.7,"MC-OrdPLSc",8070,9064403,1000,"Alt.Mod","5",1,TRUE,12.8149999999987
"1517","Y=~y3",0.91893293534168,0.0268720575423764,0.9,"MC-OrdPLSc",8070,9064403,1000,"Alt.Mod","5",1,TRUE,12.8149999999987
"1518","Y~X",0.339208807047931,0.033003996192366,0.4,"MC-OrdPLSc",8070,9064403,1000,"Alt.Mod","5",1,TRUE,12.8149999999987
"1519","Y~Z",0.487838292805623,0.033382067188062,0.5,"MC-OrdPLSc",8070,9064403,1000,"Alt.Mod","5",1,TRUE,12.8149999999987
"1520","Y~X:Z",0.329639365416134,0.0365834808420169,0.3,"MC-OrdPLSc",8070,9064403,1000,"Alt.Mod","5",1,TRUE,12.8149999999987
"1521","X~~Z",0.1929565187284,0.0444466556061196,0.2,"MC-OrdPLSc",8070,9064403,1000,"Alt.Mod","5",1,TRUE,12.8149999999987
"1522","X=~x1",0.271301446837077,0.0906588518397313,0.4,"PLSc",8070,9064403,1000,"Alt.Mod","5",1,TRUE,3.84700000000157
"1523","X=~x2",0.819833941819756,0.0499384617973781,0.8,"PLSc",8070,9064403,1000,"Alt.Mod","5",1,TRUE,3.84700000000157
"1524","X=~x3",0.760589751011519,0.0482386824698334,0.8,"PLSc",8070,9064403,1000,"Alt.Mod","5",1,TRUE,3.84700000000157
"1525","Z=~z1",0.519895762350772,0.0485760750148196,0.6,"PLSc",8070,9064403,1000,"Alt.Mod","5",1,TRUE,3.84700000000157
"1526","Z=~z2",0.555218283620019,0.0464352711112738,0.6,"PLSc",8070,9064403,1000,"Alt.Mod","5",1,TRUE,3.84700000000157
"1527","Z=~z3",0.832002153254829,0.0431214915149743,0.8,"PLSc",8070,9064403,1000,"Alt.Mod","5",1,TRUE,3.84700000000157
"1528","Y=~y1",0.347764655479333,0.0461788927451406,0.4,"PLSc",8070,9064403,1000,"Alt.Mod","5",1,TRUE,3.84700000000157
"1529","Y=~y2",0.644900993707465,0.0359382038723536,0.7,"PLSc",8070,9064403,1000,"Alt.Mod","5",1,TRUE,3.84700000000157
"1530","Y=~y3",0.845091400929833,0.0326088859747466,0.9,"PLSc",8070,9064403,1000,"Alt.Mod","5",1,TRUE,3.84700000000157
"1531","Y~X",0.325236608630303,0.0398134505914691,0.4,"PLSc",8070,9064403,1000,"Alt.Mod","5",1,TRUE,3.84700000000157
"1532","Y~Z",0.4846941073977,0.042804523013289,0.5,"PLSc",8070,9064403,1000,"Alt.Mod","5",1,TRUE,3.84700000000157
"1533","Y~X:Z",0.302701107321145,0.0472208509967194,0.3,"PLSc",8070,9064403,1000,"Alt.Mod","5",1,TRUE,3.84700000000157
"1534","X~~Z",0.188005618373692,0.0427639181766515,0.2,"PLSc",8070,9064403,1000,"Alt.Mod","5",1,TRUE,3.84700000000157
"1535","X=~x1",0.473299121604603,0.0608349862065707,0.4,"PLS",8070,9064403,1000,"Alt.Mod","5",1,TRUE,1.0530000000017
"1536","X=~x2",0.883296510170529,0.0153942715023754,0.8,"PLS",8070,9064403,1000,"Alt.Mod","5",1,TRUE,1.0530000000017
"1537","X=~x3",0.866935672529742,0.0175306383519115,0.8,"PLS",8070,9064403,1000,"Alt.Mod","5",1,TRUE,1.0530000000017
"1538","Z=~z1",0.709055294578787,0.0293875254574146,0.6,"PLS",8070,9064403,1000,"Alt.Mod","5",1,TRUE,1.0530000000017
"1539","Z=~z2",0.735751600436079,0.0260232612424646,0.6,"PLS",8070,9064403,1000,"Alt.Mod","5",1,TRUE,1.0530000000017
"1540","Z=~z3",0.864177214453833,0.0135238528250746,0.8,"PLS",8070,9064403,1000,"Alt.Mod","5",1,TRUE,1.0530000000017
"1541","Y=~y1",0.507447155499968,0.0404088782383553,0.4,"PLS",8070,9064403,1000,"Alt.Mod","5",1,TRUE,1.0530000000017
"1542","Y=~y2",0.812045106022015,0.017515980635114,0.7,"PLS",8070,9064403,1000,"Alt.Mod","5",1,TRUE,1.0530000000017
"1543","Y=~y3",0.893767696417353,0.00922141028201253,0.9,"PLS",8070,9064403,1000,"Alt.Mod","5",1,TRUE,1.0530000000017
"1544","Y~X",0.252596769124503,0.027140213510453,0.4,"PLS",8070,9064403,1000,"Alt.Mod","5",1,TRUE,1.0530000000017
"1545","Y~Z",0.357127081993439,0.0271768573599085,0.5,"PLS",8070,9064403,1000,"Alt.Mod","5",1,TRUE,1.0530000000017
"1546","Y~X:Z",0.18674937442647,0.025963616793972,0.3,"PLS",8070,9064403,1000,"Alt.Mod","5",1,TRUE,1.0530000000017
"1547","X~~Z",0.139861954647564,0.0315854216404723,0.2,"PLS",8070,9064403,1000,"Alt.Mod","5",1,TRUE,1.0530000000017
"1548","X=~x1",0.37,0.034,0.4,"Mplus",8070,9064403,1000,"Alt.Mod","5",1,TRUE,518.323
"1549","X=~x2",0.823,0.031,0.8,"Mplus",8070,9064403,1000,"Alt.Mod","5",1,TRUE,518.323
"1550","X=~x3",0.771,0.031,0.8,"Mplus",8070,9064403,1000,"Alt.Mod","5",1,TRUE,518.323
"1551","Z=~z1",0.568,0.032,0.6,"Mplus",8070,9064403,1000,"Alt.Mod","5",1,TRUE,518.323
"1552","Z=~z2",0.6,0.031,0.6,"Mplus",8070,9064403,1000,"Alt.Mod","5",1,TRUE,518.323
"1553","Z=~z3",0.812,0.029,0.8,"Mplus",8070,9064403,1000,"Alt.Mod","5",1,TRUE,518.323
"1554","Y=~y1",0.371,0.034,0.4,"Mplus",8070,9064403,1000,"Alt.Mod","5",1,TRUE,518.323
"1555","Y=~y2",0.689,0.029,0.7,"Mplus",8070,9064403,1000,"Alt.Mod","5",1,TRUE,518.323
"1556","Y=~y3",0.908,0.025,0.9,"Mplus",8070,9064403,1000,"Alt.Mod","5",1,TRUE,518.323
"1557","Y~X",0.34,0.035,0.4,"Mplus",8070,9064403,1000,"Alt.Mod","5",1,TRUE,518.323
"1558","Y~Z",0.494,0.034,0.5,"Mplus",8070,9064403,1000,"Alt.Mod","5",1,TRUE,518.323
"1559","Y~X:Z",0.314,0.041,0.3,"Mplus",8070,9064403,1000,"Alt.Mod","5",1,TRUE,518.323
"1560","X~~Z",0.203,0.042,0.2,"Mplus",8070,9064403,1000,"Alt.Mod","5",1,TRUE,518.323
"1561","X=~x1",0.425158093312242,0.0680453474332288,0.4,"MC-OrdPLSc",8071,7896274,300,"Alt.Mod","7",1,TRUE,15.223
"1562","X=~x2",0.767697440847411,0.0573684410404787,0.8,"MC-OrdPLSc",8071,7896274,300,"Alt.Mod","7",1,TRUE,15.223
"1563","X=~x3",0.797773850778936,0.0605529641895905,0.8,"MC-OrdPLSc",8071,7896274,300,"Alt.Mod","7",1,TRUE,15.223
"1564","Z=~z1",0.621550706249511,0.067823236698312,0.6,"MC-OrdPLSc",8071,7896274,300,"Alt.Mod","7",1,TRUE,15.223
"1565","Z=~z2",0.516654185010988,0.0646505294033521,0.6,"MC-OrdPLSc",8071,7896274,300,"Alt.Mod","7",1,TRUE,15.223
"1566","Z=~z3",0.753013211103047,0.0534926084021322,0.8,"MC-OrdPLSc",8071,7896274,300,"Alt.Mod","7",1,TRUE,15.223
"1567","Y=~y1",0.379790921274224,0.0693962556626177,0.4,"MC-OrdPLSc",8071,7896274,300,"Alt.Mod","7",1,TRUE,15.223
"1568","Y=~y2",0.684565389329897,0.0556222348097173,0.7,"MC-OrdPLSc",8071,7896274,300,"Alt.Mod","7",1,TRUE,15.223
"1569","Y=~y3",0.943175876127283,0.0441454066195956,0.9,"MC-OrdPLSc",8071,7896274,300,"Alt.Mod","7",1,TRUE,15.223
"1570","Y~X",0.41076218468443,0.0642417242067376,0.4,"MC-OrdPLSc",8071,7896274,300,"Alt.Mod","7",1,TRUE,15.223
"1571","Y~Z",0.500606917538296,0.0662285890769973,0.5,"MC-OrdPLSc",8071,7896274,300,"Alt.Mod","7",1,TRUE,15.223
"1572","Y~X:Z",0.343782205957493,0.0760611467523413,0.3,"MC-OrdPLSc",8071,7896274,300,"Alt.Mod","7",1,TRUE,15.223
"1573","X~~Z",0.203424865112844,0.0885638868171959,0.2,"MC-OrdPLSc",8071,7896274,300,"Alt.Mod","7",1,TRUE,15.223
"1574","X=~x1",0.363592843762067,0.106950373489933,0.4,"PLSc",8071,7896274,300,"Alt.Mod","7",1,TRUE,1.94399999999951
"1575","X=~x2",0.766607897543667,0.0677637607721376,0.8,"PLSc",8071,7896274,300,"Alt.Mod","7",1,TRUE,1.94399999999951
"1576","X=~x3",0.778410898864929,0.0741732692265078,0.8,"PLSc",8071,7896274,300,"Alt.Mod","7",1,TRUE,1.94399999999951
"1577","Z=~z1",0.62638790787231,0.0677900822076815,0.6,"PLSc",8071,7896274,300,"Alt.Mod","7",1,TRUE,1.94399999999951
"1578","Z=~z2",0.465878615790042,0.0796878888703078,0.6,"PLSc",8071,7896274,300,"Alt.Mod","7",1,TRUE,1.94399999999951
"1579","Z=~z3",0.721612523398483,0.0605986426912881,0.8,"PLSc",8071,7896274,300,"Alt.Mod","7",1,TRUE,1.94399999999951
"1580","Y=~y1",0.315687393030107,0.0853222940669736,0.4,"PLSc",8071,7896274,300,"Alt.Mod","7",1,TRUE,1.94399999999951
"1581","Y=~y2",0.642444687494157,0.0527822242804898,0.7,"PLSc",8071,7896274,300,"Alt.Mod","7",1,TRUE,1.94399999999951
"1582","Y=~y3",0.923322830097901,0.0477435390318315,0.9,"PLSc",8071,7896274,300,"Alt.Mod","7",1,TRUE,1.94399999999951
"1583","Y~X",0.402605171015125,0.0776652669319873,0.4,"PLSc",8071,7896274,300,"Alt.Mod","7",1,TRUE,1.94399999999951
"1584","Y~Z",0.473596296901319,0.0831593720510365,0.5,"PLSc",8071,7896274,300,"Alt.Mod","7",1,TRUE,1.94399999999951
"1585","Y~X:Z",0.280331230799408,0.101316236427561,0.3,"PLSc",8071,7896274,300,"Alt.Mod","7",1,TRUE,1.94399999999951
"1586","X~~Z",0.201612510433815,0.0836049217118031,0.2,"PLSc",8071,7896274,300,"Alt.Mod","7",1,TRUE,1.94399999999951
"1587","X=~x1",0.573445393276761,0.0743605625258686,0.4,"PLS",8071,7896274,300,"Alt.Mod","7",1,TRUE,1.04199999999946
"1588","X=~x2",0.85300010268565,0.0265675138658049,0.8,"PLS",8071,7896274,300,"Alt.Mod","7",1,TRUE,1.04199999999946
"1589","X=~x3",0.862942422224626,0.0271682833267952,0.8,"PLS",8071,7896274,300,"Alt.Mod","7",1,TRUE,1.04199999999946
"1590","Z=~z1",0.763788312900741,0.0398377957391411,0.6,"PLS",8071,7896274,300,"Alt.Mod","7",1,TRUE,1.04199999999946
"1591","Z=~z2",0.666650812953029,0.0560658772794238,0.6,"PLS",8071,7896274,300,"Alt.Mod","7",1,TRUE,1.04199999999946
"1592","Z=~z3",0.83434934974058,0.0254644087219635,0.8,"PLS",8071,7896274,300,"Alt.Mod","7",1,TRUE,1.04199999999946
"1593","Y=~y1",0.516434927431063,0.0720996879619789,0.4,"PLS",8071,7896274,300,"Alt.Mod","7",1,TRUE,1.04199999999946
"1594","Y=~y2",0.813214336007365,0.0283783584474364,0.7,"PLS",8071,7896274,300,"Alt.Mod","7",1,TRUE,1.04199999999946
"1595","Y=~y3",0.907541076245658,0.0120378314858992,0.9,"PLS",8071,7896274,300,"Alt.Mod","7",1,TRUE,1.04199999999946
"1596","Y~X",0.322422783824414,0.0484276027310648,0.4,"PLS",8071,7896274,300,"Alt.Mod","7",1,TRUE,1.04199999999946
"1597","Y~Z",0.36769420533858,0.0498145458661897,0.5,"PLS",8071,7896274,300,"Alt.Mod","7",1,TRUE,1.04199999999946
"1598","Y~X:Z",0.19060291383049,0.0478295019083808,0.3,"PLS",8071,7896274,300,"Alt.Mod","7",1,TRUE,1.04199999999946
"1599","X~~Z",0.141549674362363,0.0582952456614154,0.2,"PLS",8071,7896274,300,"Alt.Mod","7",1,TRUE,1.04199999999946
"1600","X=~x1",0.438,0.058,0.4,"Mplus",8071,7896274,300,"Alt.Mod","7",1,TRUE,103.444
"1601","X=~x2",0.753,0.05,0.8,"Mplus",8071,7896274,300,"Alt.Mod","7",1,TRUE,103.444
"1602","X=~x3",0.775,0.049,0.8,"Mplus",8071,7896274,300,"Alt.Mod","7",1,TRUE,103.444
"1603","Z=~z1",0.606,0.055,0.6,"Mplus",8071,7896274,300,"Alt.Mod","7",1,TRUE,103.444
"1604","Z=~z2",0.537,0.057,0.6,"Mplus",8071,7896274,300,"Alt.Mod","7",1,TRUE,103.444
"1605","Z=~z3",0.753,0.051,0.8,"Mplus",8071,7896274,300,"Alt.Mod","7",1,TRUE,103.444
"1606","Y=~y1",0.379,0.058,0.4,"Mplus",8071,7896274,300,"Alt.Mod","7",1,TRUE,103.444
"1607","Y=~y2",0.673,0.049,0.7,"Mplus",8071,7896274,300,"Alt.Mod","7",1,TRUE,103.444
"1608","Y=~y3",0.908,0.039,0.9,"Mplus",8071,7896274,300,"Alt.Mod","7",1,TRUE,103.444
"1609","Y~X",0.443,0.062,0.4,"Mplus",8071,7896274,300,"Alt.Mod","7",1,TRUE,103.444
"1610","Y~Z",0.511,0.059,0.5,"Mplus",8071,7896274,300,"Alt.Mod","7",1,TRUE,103.444
"1611","Y~X:Z",0.356,0.071,0.3,"Mplus",8071,7896274,300,"Alt.Mod","7",1,TRUE,103.444
"1612","X~~Z",0.196,0.078,0.2,"Mplus",8071,7896274,300,"Alt.Mod","7",1,TRUE,103.444
"1613","X=~x1",0.334980324854604,0.0444274342606169,0.4,"MC-OrdPLSc",8072,3828424,1000,"Alt.Mod","7",1,TRUE,16.5589999999993
"1614","X=~x2",0.785483385807213,0.0325506550226097,0.8,"MC-OrdPLSc",8072,3828424,1000,"Alt.Mod","7",1,TRUE,16.5589999999993
"1615","X=~x3",0.840597847868023,0.0317247984352306,0.8,"MC-OrdPLSc",8072,3828424,1000,"Alt.Mod","7",1,TRUE,16.5589999999993
"1616","Z=~z1",0.568938349967416,0.0328994183887373,0.6,"MC-OrdPLSc",8072,3828424,1000,"Alt.Mod","7",1,TRUE,16.5589999999993
"1617","Z=~z2",0.649728551939418,0.0304398380640736,0.6,"MC-OrdPLSc",8072,3828424,1000,"Alt.Mod","7",1,TRUE,16.5589999999993
"1618","Z=~z3",0.824377853141276,0.0274306333533348,0.8,"MC-OrdPLSc",8072,3828424,1000,"Alt.Mod","7",1,TRUE,16.5589999999993
"1619","Y=~y1",0.423907239722493,0.0360586524748022,0.4,"MC-OrdPLSc",8072,3828424,1000,"Alt.Mod","7",1,TRUE,16.5589999999993
"1620","Y=~y2",0.776008587370588,0.0242244174692605,0.7,"MC-OrdPLSc",8072,3828424,1000,"Alt.Mod","7",1,TRUE,16.5589999999993
"1621","Y=~y3",0.863551082111454,0.02434216722438,0.9,"MC-OrdPLSc",8072,3828424,1000,"Alt.Mod","7",1,TRUE,16.5589999999993
"1622","Y~X",0.393777414405902,0.0352137683267513,0.4,"MC-OrdPLSc",8072,3828424,1000,"Alt.Mod","7",1,TRUE,16.5589999999993
"1623","Y~Z",0.509067663872836,0.0323003578907878,0.5,"MC-OrdPLSc",8072,3828424,1000,"Alt.Mod","7",1,TRUE,16.5589999999993
"1624","Y~X:Z",0.291842999774601,0.0390979199058992,0.3,"MC-OrdPLSc",8072,3828424,1000,"Alt.Mod","7",1,TRUE,16.5589999999993
"1625","X~~Z",0.224973734502527,0.0443182758499864,0.2,"MC-OrdPLSc",8072,3828424,1000,"Alt.Mod","7",1,TRUE,16.5589999999993
"1626","X=~x1",0.32655350123643,0.0681263363736217,0.4,"PLSc",8072,3828424,1000,"Alt.Mod","7",1,TRUE,3.84000000000015
"1627","X=~x2",0.772924001868138,0.041573589169115,0.8,"PLSc",8072,3828424,1000,"Alt.Mod","7",1,TRUE,3.84000000000015
"1628","X=~x3",0.795268827297493,0.0407258973596759,0.8,"PLSc",8072,3828424,1000,"Alt.Mod","7",1,TRUE,3.84000000000015
"1629","Z=~z1",0.516652220544293,0.0458241930345514,0.6,"PLSc",8072,3828424,1000,"Alt.Mod","7",1,TRUE,3.84000000000015
"1630","Z=~z2",0.644397624190252,0.0368044805600772,0.6,"PLSc",8072,3828424,1000,"Alt.Mod","7",1,TRUE,3.84000000000015
"1631","Z=~z3",0.809060892564782,0.0364623999703861,0.8,"PLSc",8072,3828424,1000,"Alt.Mod","7",1,TRUE,3.84000000000015
"1632","Y=~y1",0.356948248103735,0.0460068766876846,0.4,"PLSc",8072,3828424,1000,"Alt.Mod","7",1,TRUE,3.84000000000015
"1633","Y=~y2",0.752981832693802,0.0283116534426126,0.7,"PLSc",8072,3828424,1000,"Alt.Mod","7",1,TRUE,3.84000000000015
"1634","Y=~y3",0.830087152856643,0.0266494212334963,0.9,"PLSc",8072,3828424,1000,"Alt.Mod","7",1,TRUE,3.84000000000015
"1635","Y~X",0.408249907294138,0.0409621575249223,0.4,"PLSc",8072,3828424,1000,"Alt.Mod","7",1,TRUE,3.84000000000015
"1636","Y~Z",0.520466968321903,0.0388429556477913,0.5,"PLSc",8072,3828424,1000,"Alt.Mod","7",1,TRUE,3.84000000000015
"1637","Y~X:Z",0.294901674694744,0.0440865423513412,0.3,"PLSc",8072,3828424,1000,"Alt.Mod","7",1,TRUE,3.84000000000015
"1638","X~~Z",0.223273932521974,0.0418763354907882,0.2,"PLSc",8072,3828424,1000,"Alt.Mod","7",1,TRUE,3.84000000000015
"1639","X=~x1",0.470373094421906,0.0521845399109812,0.4,"PLS",8072,3828424,1000,"Alt.Mod","7",1,TRUE,0.983999999998559
"1640","X=~x2",0.871475816899479,0.0148947329292973,0.8,"PLS",8072,3828424,1000,"Alt.Mod","7",1,TRUE,0.983999999998559
"1641","X=~x3",0.889310842424348,0.0118411207356801,0.8,"PLS",8072,3828424,1000,"Alt.Mod","7",1,TRUE,0.983999999998559
"1642","Z=~z1",0.712031141035032,0.0260527977477061,0.6,"PLS",8072,3828424,1000,"Alt.Mod","7",1,TRUE,0.983999999998559
"1643","Z=~z2",0.775209783023963,0.0191835832015347,0.6,"PLS",8072,3828424,1000,"Alt.Mod","7",1,TRUE,0.983999999998559
"1644","Z=~z3",0.863121009264315,0.011583489769022,0.8,"PLS",8072,3828424,1000,"Alt.Mod","7",1,TRUE,0.983999999998559
"1645","Y=~y1",0.557536108624235,0.0366625169457867,0.4,"PLS",8072,3828424,1000,"Alt.Mod","7",1,TRUE,0.983999999998559
"1646","Y=~y2",0.852697021857831,0.0110197049976568,0.7,"PLS",8072,3828424,1000,"Alt.Mod","7",1,TRUE,0.983999999998559
"1647","Y=~y3",0.885769096533724,0.00821570545242692,0.9,"PLS",8072,3828424,1000,"Alt.Mod","7",1,TRUE,0.983999999998559
"1648","Y~X",0.314073391101085,0.0274376357718687,0.4,"PLS",8072,3828424,1000,"Alt.Mod","7",1,TRUE,0.983999999998559
"1649","Y~Z",0.387915050608312,0.0248875386048517,0.5,"PLS",8072,3828424,1000,"Alt.Mod","7",1,TRUE,0.983999999998559
"1650","Y~X:Z",0.171838328214366,0.0263065324004577,0.3,"PLS",8072,3828424,1000,"Alt.Mod","7",1,TRUE,0.983999999998559
"1651","X~~Z",0.166033504142524,0.0315730214107231,0.2,"PLS",8072,3828424,1000,"Alt.Mod","7",1,TRUE,0.983999999998559
"1652","X=~x1",0.333,0.033,0.4,"Mplus",8072,3828424,1000,"Alt.Mod","7",1,TRUE,318.576000000001
"1653","X=~x2",0.774,0.028,0.8,"Mplus",8072,3828424,1000,"Alt.Mod","7",1,TRUE,318.576000000001
"1654","X=~x3",0.838,0.028,0.8,"Mplus",8072,3828424,1000,"Alt.Mod","7",1,TRUE,318.576000000001
"1655","Z=~z1",0.582,0.029,0.6,"Mplus",8072,3828424,1000,"Alt.Mod","7",1,TRUE,318.576000000001
"1656","Z=~z2",0.633,0.029,0.6,"Mplus",8072,3828424,1000,"Alt.Mod","7",1,TRUE,318.576000000001
"1657","Z=~z3",0.8,0.026,0.8,"Mplus",8072,3828424,1000,"Alt.Mod","7",1,TRUE,318.576000000001
"1658","Y=~y1",0.436,0.031,0.4,"Mplus",8072,3828424,1000,"Alt.Mod","7",1,TRUE,318.576000000001
"1659","Y=~y2",0.729,0.025,0.7,"Mplus",8072,3828424,1000,"Alt.Mod","7",1,TRUE,318.576000000001
"1660","Y=~y3",0.868,0.022,0.9,"Mplus",8072,3828424,1000,"Alt.Mod","7",1,TRUE,318.576000000001
"1661","Y~X",0.392,0.033,0.4,"Mplus",8072,3828424,1000,"Alt.Mod","7",1,TRUE,318.576000000001
"1662","Y~Z",0.514,0.032,0.5,"Mplus",8072,3828424,1000,"Alt.Mod","7",1,TRUE,318.576000000001
"1663","Y~X:Z",0.275,0.037,0.3,"Mplus",8072,3828424,1000,"Alt.Mod","7",1,TRUE,318.576000000001
"1664","X~~Z",0.203,0.041,0.2,"Mplus",8072,3828424,1000,"Alt.Mod","7",1,TRUE,318.576000000001
"1665","X=~x1",0.0169554434058881,0.59395885304886,0.4,"MC-OrdPLSc",8073,8818554,300,"Alt.Ext","2",1,TRUE,8.2450000000008
"1666","X=~x2",0.626086405257634,1.09531361238071,0.8,"MC-OrdPLSc",8073,8818554,300,"Alt.Ext","2",1,TRUE,8.2450000000008
"1667","X=~x3",0.995300687538093,1.1574460330996,0.8,"MC-OrdPLSc",8073,8818554,300,"Alt.Ext","2",1,TRUE,8.2450000000008
"1668","Z=~z1",0.757780977284373,0.276493729648094,0.6,"MC-OrdPLSc",8073,8818554,300,"Alt.Ext","2",1,TRUE,8.2450000000008
"1669","Z=~z2",0.464057438720768,0.186298319145875,0.6,"MC-OrdPLSc",8073,8818554,300,"Alt.Ext","2",1,TRUE,8.2450000000008
"1670","Z=~z3",0.884977480754255,0.12346680663698,0.8,"MC-OrdPLSc",8073,8818554,300,"Alt.Ext","2",1,TRUE,8.2450000000008
"1671","Y=~y1",0.378363587174508,0.354229027225781,0.4,"MC-OrdPLSc",8073,8818554,300,"Alt.Ext","2",1,TRUE,8.2450000000008
"1672","Y=~y2",0.504006436628716,0.194840635793499,0.7,"MC-OrdPLSc",8073,8818554,300,"Alt.Ext","2",1,TRUE,8.2450000000008
"1673","Y=~y3",0.998890039988022,0.331359654791407,0.9,"MC-OrdPLSc",8073,8818554,300,"Alt.Ext","2",1,TRUE,8.2450000000008
"1674","Y~X",0.252976554409497,0.518550704889303,0.4,"MC-OrdPLSc",8073,8818554,300,"Alt.Ext","2",1,TRUE,8.2450000000008
"1675","Y~Z",0.604033430750637,0.16403095718867,0.5,"MC-OrdPLSc",8073,8818554,300,"Alt.Ext","2",1,TRUE,8.2450000000008
"1676","Y~X:Z",0.264524818353715,0.277849000839486,0.3,"MC-OrdPLSc",8073,8818554,300,"Alt.Ext","2",1,TRUE,8.2450000000008
"1677","X~~Z",0.314233732819651,0.166479798815504,0.2,"MC-OrdPLSc",8073,8818554,300,"Alt.Ext","2",1,TRUE,8.2450000000008
"1678","X=~x1",-0.155063211793266,0.370605450152765,0.4,"PLSc",8073,8818554,300,"Alt.Ext","2",1,TRUE,2.96700000000055
"1679","X=~x2",0.40245148057888,0.299708335539761,0.8,"PLSc",8073,8818554,300,"Alt.Ext","2",1,TRUE,2.96700000000055
"1680","X=~x3",0.654741268752106,0.409453139507102,0.8,"PLSc",8073,8818554,300,"Alt.Ext","2",1,TRUE,2.96700000000055
"1681","Z=~z1",0.55312923681827,0.161826688403756,0.6,"PLSc",8073,8818554,300,"Alt.Ext","2",1,TRUE,2.96700000000055
"1682","Z=~z2",0.372127175144171,0.167209679508745,0.6,"PLSc",8073,8818554,300,"Alt.Ext","2",1,TRUE,2.96700000000055
"1683","Z=~z3",0.656041989320841,0.138087058467219,0.8,"PLSc",8073,8818554,300,"Alt.Ext","2",1,TRUE,2.96700000000055
"1684","Y=~y1",0.258643820670302,0.160534694065929,0.4,"PLSc",8073,8818554,300,"Alt.Ext","2",1,TRUE,2.96700000000055
"1685","Y=~y2",0.304734314012544,0.15063786463331,0.7,"PLSc",8073,8818554,300,"Alt.Ext","2",1,TRUE,2.96700000000055
"1686","Y=~y3",0.779802680024027,0.194009607791631,0.9,"PLSc",8073,8818554,300,"Alt.Ext","2",1,TRUE,2.96700000000055
"1687","Y~X",0.244622416794804,1.04717641479268,0.4,"PLSc",8073,8818554,300,"Alt.Ext","2",1,TRUE,2.96700000000055
"1688","Y~Z",0.657431982577399,1.32640769551861,0.5,"PLSc",8073,8818554,300,"Alt.Ext","2",1,TRUE,2.96700000000055
"1689","Y~X:Z",0.242710867367144,1.14486829250679,0.3,"PLSc",8073,8818554,300,"Alt.Ext","2",1,TRUE,2.96700000000055
"1690","X~~Z",0.288170141582609,0.416459757799088,0.2,"PLSc",8073,8818554,300,"Alt.Ext","2",1,TRUE,2.96700000000055
"1691","X=~x1",0.017035976709609,0.423649466024642,0.4,"PLS",8073,8818554,300,"Alt.Ext","2",1,TRUE,1.91499999999905
"1692","X=~x2",0.732389963671273,0.355703209138685,0.8,"PLS",8073,8818554,300,"Alt.Ext","2",1,TRUE,1.91499999999905
"1693","X=~x3",0.90444865003909,0.4334389748277,0.8,"PLS",8073,8818554,300,"Alt.Ext","2",1,TRUE,1.91499999999905
"1694","Z=~z1",0.766916375135624,0.133064514858401,0.6,"PLS",8073,8818554,300,"Alt.Ext","2",1,TRUE,1.91499999999905
"1695","Z=~z2",0.489933671901091,0.182182855446268,0.6,"PLS",8073,8818554,300,"Alt.Ext","2",1,TRUE,1.91499999999905
"1696","Z=~z3",0.841372161247053,0.0832705839435496,0.8,"PLS",8073,8818554,300,"Alt.Ext","2",1,TRUE,1.91499999999905
"1697","Y=~y1",0.424551155743063,0.209623580121574,0.4,"PLS",8073,8818554,300,"Alt.Ext","2",1,TRUE,1.91499999999905
"1698","Y=~y2",0.5352084793991,0.184355439963084,0.7,"PLS",8073,8818554,300,"Alt.Ext","2",1,TRUE,1.91499999999905
"1699","Y=~y3",0.91600217749258,0.108140832524567,0.9,"PLS",8073,8818554,300,"Alt.Ext","2",1,TRUE,1.91499999999905
"1700","Y~X",0.0951407999985074,0.0958165936294351,0.4,"PLS",8073,8818554,300,"Alt.Ext","2",1,TRUE,1.91499999999905
"1701","Y~Z",0.331554365158811,0.0815193925672675,0.5,"PLS",8073,8818554,300,"Alt.Ext","2",1,TRUE,1.91499999999905
"1702","Y~X:Z",0.0827776817938714,0.0985803404354038,0.3,"PLS",8073,8818554,300,"Alt.Ext","2",1,TRUE,1.91499999999905
"1703","X~~Z",0.151265827966931,0.0993529291292092,0.2,"PLS",8073,8818554,300,"Alt.Ext","2",1,TRUE,1.91499999999905
"1704","X=~x1",NA,NA,0.4,"Mplus",8073,8818554,300,"Alt.Ext","2",1,FALSE,118.785
"1705","X=~x2",NA,NA,0.8,"Mplus",8073,8818554,300,"Alt.Ext","2",1,FALSE,118.785
"1706","X=~x3",NA,NA,0.8,"Mplus",8073,8818554,300,"Alt.Ext","2",1,FALSE,118.785
"1707","Z=~z1",NA,NA,0.6,"Mplus",8073,8818554,300,"Alt.Ext","2",1,FALSE,118.785
"1708","Z=~z2",NA,NA,0.6,"Mplus",8073,8818554,300,"Alt.Ext","2",1,FALSE,118.785
"1709","Z=~z3",NA,NA,0.8,"Mplus",8073,8818554,300,"Alt.Ext","2",1,FALSE,118.785
"1710","Y=~y1",NA,NA,0.4,"Mplus",8073,8818554,300,"Alt.Ext","2",1,FALSE,118.785
"1711","Y=~y2",NA,NA,0.7,"Mplus",8073,8818554,300,"Alt.Ext","2",1,FALSE,118.785
"1712","Y=~y3",NA,NA,0.9,"Mplus",8073,8818554,300,"Alt.Ext","2",1,FALSE,118.785
"1713","Y~X",NA,NA,0.4,"Mplus",8073,8818554,300,"Alt.Ext","2",1,FALSE,118.785
"1714","Y~Z",NA,NA,0.5,"Mplus",8073,8818554,300,"Alt.Ext","2",1,FALSE,118.785
"1715","Y~X:Z",NA,NA,0.3,"Mplus",8073,8818554,300,"Alt.Ext","2",1,FALSE,118.785
"1716","X~~Z",NA,NA,0.2,"Mplus",8073,8818554,300,"Alt.Ext","2",1,FALSE,118.785
"1717","X=~x1",0.28345529357947,0.100934260447638,0.4,"MC-OrdPLSc",8074,7934686,1000,"Alt.Ext","2",1,TRUE,9.44099999999889
"1718","X=~x2",0.772879329574811,0.098013772233779,0.8,"MC-OrdPLSc",8074,7934686,1000,"Alt.Ext","2",1,TRUE,9.44099999999889
"1719","X=~x3",0.94560472525519,0.0970152958336276,0.8,"MC-OrdPLSc",8074,7934686,1000,"Alt.Ext","2",1,TRUE,9.44099999999889
"1720","Z=~z1",0.548582412224369,0.101295874924766,0.6,"MC-OrdPLSc",8074,7934686,1000,"Alt.Ext","2",1,TRUE,9.44099999999889
"1721","Z=~z2",0.521813641664642,0.0838196585853635,0.6,"MC-OrdPLSc",8074,7934686,1000,"Alt.Ext","2",1,TRUE,9.44099999999889
"1722","Z=~z3",0.75899707704815,0.104290181097845,0.8,"MC-OrdPLSc",8074,7934686,1000,"Alt.Ext","2",1,TRUE,9.44099999999889
"1723","Y=~y1",0.551838365589701,0.104911331540502,0.4,"MC-OrdPLSc",8074,7934686,1000,"Alt.Ext","2",1,TRUE,9.44099999999889
"1724","Y=~y2",0.725518011784021,0.0913972615410389,0.7,"MC-OrdPLSc",8074,7934686,1000,"Alt.Ext","2",1,TRUE,9.44099999999889
"1725","Y=~y3",0.792740748003653,0.0709777243380132,0.9,"MC-OrdPLSc",8074,7934686,1000,"Alt.Ext","2",1,TRUE,9.44099999999889
"1726","Y~X",0.350704472436865,0.0700748151795332,0.4,"MC-OrdPLSc",8074,7934686,1000,"Alt.Ext","2",1,TRUE,9.44099999999889
"1727","Y~Z",0.532494664330079,0.0742129713340468,0.5,"MC-OrdPLSc",8074,7934686,1000,"Alt.Ext","2",1,TRUE,9.44099999999889
"1728","Y~X:Z",0.226309019518391,0.113007904441404,0.3,"MC-OrdPLSc",8074,7934686,1000,"Alt.Ext","2",1,TRUE,9.44099999999889
"1729","X~~Z",0.196007180963571,0.079249931563222,0.2,"MC-OrdPLSc",8074,7934686,1000,"Alt.Ext","2",1,TRUE,9.44099999999889
"1730","X=~x1",0.185248763399081,0.146281234268917,0.4,"PLSc",8074,7934686,1000,"Alt.Ext","2",1,TRUE,4.2489999999998
"1731","X=~x2",0.605618692461038,0.102722734731519,0.8,"PLSc",8074,7934686,1000,"Alt.Ext","2",1,TRUE,4.2489999999998
"1732","X=~x3",0.756491347867949,0.122129124869596,0.8,"PLSc",8074,7934686,1000,"Alt.Ext","2",1,TRUE,4.2489999999998
"1733","Z=~z1",0.364765220185379,0.0860853944889736,0.6,"PLSc",8074,7934686,1000,"Alt.Ext","2",1,TRUE,4.2489999999998
"1734","Z=~z2",0.395176390444683,0.0855030757715572,0.6,"PLSc",8074,7934686,1000,"Alt.Ext","2",1,TRUE,4.2489999999998
"1735","Z=~z3",0.55124259252491,0.0863308523717787,0.8,"PLSc",8074,7934686,1000,"Alt.Ext","2",1,TRUE,4.2489999999998
"1736","Y=~y1",0.406304882135557,0.0696593988463725,0.4,"PLSc",8074,7934686,1000,"Alt.Ext","2",1,TRUE,4.2489999999998
"1737","Y=~y2",0.501267334071727,0.0740320067013239,0.7,"PLSc",8074,7934686,1000,"Alt.Ext","2",1,TRUE,4.2489999999998
"1738","Y=~y3",0.507326318885647,0.0739022442492185,0.9,"PLSc",8074,7934686,1000,"Alt.Ext","2",1,TRUE,4.2489999999998
"1739","Y~X",0.295815007186608,0.0841330630882829,0.4,"PLSc",8074,7934686,1000,"Alt.Ext","2",1,TRUE,4.2489999999998
"1740","Y~Z",0.533511578232596,0.113295421282606,0.5,"PLSc",8074,7934686,1000,"Alt.Ext","2",1,TRUE,4.2489999999998
"1741","Y~X:Z",0.200577931123887,0.186878215956564,0.3,"PLSc",8074,7934686,1000,"Alt.Ext","2",1,TRUE,4.2489999999998
"1742","X~~Z",0.158745145113149,0.0678757223216935,0.2,"PLSc",8074,7934686,1000,"Alt.Ext","2",1,TRUE,4.2489999999998
"1743","X=~x1",0.305736732002707,0.137121129597376,0.4,"PLS",8074,7934686,1000,"Alt.Ext","2",1,TRUE,1.56500000000051
"1744","X=~x2",0.806780178109335,0.0547779254861777,0.8,"PLS",8074,7934686,1000,"Alt.Ext","2",1,TRUE,1.56500000000051
"1745","X=~x3",0.875197111755467,0.0474009352243561,0.8,"PLS",8074,7934686,1000,"Alt.Ext","2",1,TRUE,1.56500000000051
"1746","Z=~z1",0.616843310672482,0.0832059994993734,0.6,"PLS",8074,7934686,1000,"Alt.Ext","2",1,TRUE,1.56500000000051
"1747","Z=~z2",0.593257579062775,0.100639863897227,0.6,"PLS",8074,7934686,1000,"Alt.Ext","2",1,TRUE,1.56500000000051
"1748","Z=~z3",0.799619158014746,0.0549762193600575,0.8,"PLS",8074,7934686,1000,"Alt.Ext","2",1,TRUE,1.56500000000051
"1749","Y=~y1",0.571367176544659,0.0739729456903739,0.4,"PLS",8074,7934686,1000,"Alt.Ext","2",1,TRUE,1.56500000000051
"1750","Y=~y2",0.731805258285091,0.0541833851841786,0.7,"PLS",8074,7934686,1000,"Alt.Ext","2",1,TRUE,1.56500000000051
"1751","Y=~y3",0.761682561213229,0.0448065347109432,0.9,"PLS",8074,7934686,1000,"Alt.Ext","2",1,TRUE,1.56500000000051
"1752","Y~X",0.159616643789035,0.0362050184901938,0.4,"PLS",8074,7934686,1000,"Alt.Ext","2",1,TRUE,1.56500000000051
"1753","Y~Z",0.227750633711833,0.0369786147186747,0.5,"PLS",8074,7934686,1000,"Alt.Ext","2",1,TRUE,1.56500000000051
"1754","Y~X:Z",0.049640595077512,0.0394737930567922,0.3,"PLS",8074,7934686,1000,"Alt.Ext","2",1,TRUE,1.56500000000051
"1755","X~~Z",0.0843183781843798,0.0351083360812516,0.2,"PLS",8074,7934686,1000,"Alt.Ext","2",1,TRUE,1.56500000000051
"1756","X=~x1",0.305,0.067,0.4,"Mplus",8074,7934686,1000,"Alt.Ext","2",1,TRUE,91.232
"1757","X=~x2",0.81,0.067,0.8,"Mplus",8074,7934686,1000,"Alt.Ext","2",1,TRUE,91.232
"1758","X=~x3",0.871,0.07,0.8,"Mplus",8074,7934686,1000,"Alt.Ext","2",1,TRUE,91.232
"1759","Z=~z1",0.557,0.065,0.6,"Mplus",8074,7934686,1000,"Alt.Ext","2",1,TRUE,91.232
"1760","Z=~z2",0.428,0.067,0.6,"Mplus",8074,7934686,1000,"Alt.Ext","2",1,TRUE,91.232
"1761","Z=~z3",0.836,0.079,0.8,"Mplus",8074,7934686,1000,"Alt.Ext","2",1,TRUE,91.232
"1762","Y=~y1",0.494,0.068,0.4,"Mplus",8074,7934686,1000,"Alt.Ext","2",1,TRUE,91.232
"1763","Y=~y2",0.758,0.062,0.7,"Mplus",8074,7934686,1000,"Alt.Ext","2",1,TRUE,91.232
"1764","Y=~y3",0.84,0.058,0.9,"Mplus",8074,7934686,1000,"Alt.Ext","2",1,TRUE,91.232
"1765","Y~X",0.397,0.061,0.4,"Mplus",8074,7934686,1000,"Alt.Ext","2",1,TRUE,91.232
"1766","Y~Z",0.488,0.063,0.5,"Mplus",8074,7934686,1000,"Alt.Ext","2",1,TRUE,91.232
"1767","Y~X:Z",0.28,0.087,0.3,"Mplus",8074,7934686,1000,"Alt.Ext","2",1,TRUE,91.232
"1768","X~~Z",0.208,0.075,0.2,"Mplus",8074,7934686,1000,"Alt.Ext","2",1,TRUE,91.232
"1769","X=~x1",0.480977577149789,0.162935848352833,0.4,"MC-OrdPLSc",8075,5875322,300,"Alt.Ext","3",1,TRUE,9.05599999999868
"1770","X=~x2",0.81862980390416,0.195275310900822,0.8,"MC-OrdPLSc",8075,5875322,300,"Alt.Ext","3",1,TRUE,9.05599999999868
"1771","X=~x3",0.550111495828523,0.160935163922235,0.8,"MC-OrdPLSc",8075,5875322,300,"Alt.Ext","3",1,TRUE,9.05599999999868
"1772","Z=~z1",0.552242547728737,0.103351987780918,0.6,"MC-OrdPLSc",8075,5875322,300,"Alt.Ext","3",1,TRUE,9.05599999999868
"1773","Z=~z2",0.444413078742733,0.103413782293237,0.6,"MC-OrdPLSc",8075,5875322,300,"Alt.Ext","3",1,TRUE,9.05599999999868
"1774","Z=~z3",0.94717191646924,0.111668246224792,0.8,"MC-OrdPLSc",8075,5875322,300,"Alt.Ext","3",1,TRUE,9.05599999999868
"1775","Y=~y1",0.493885723565259,0.10335663276784,0.4,"MC-OrdPLSc",8075,5875322,300,"Alt.Ext","3",1,TRUE,9.05599999999868
"1776","Y=~y2",0.785814061098527,0.0771681907542526,0.7,"MC-OrdPLSc",8075,5875322,300,"Alt.Ext","3",1,TRUE,9.05599999999868
"1777","Y=~y3",0.896855247092552,0.0646351802134127,0.9,"MC-OrdPLSc",8075,5875322,300,"Alt.Ext","3",1,TRUE,9.05599999999868
"1778","Y~X",0.391916868116272,0.090999585045493,0.4,"MC-OrdPLSc",8075,5875322,300,"Alt.Ext","3",1,TRUE,9.05599999999868
"1779","Y~Z",0.580033710194235,0.0845190590809962,0.5,"MC-OrdPLSc",8075,5875322,300,"Alt.Ext","3",1,TRUE,9.05599999999868
"1780","Y~X:Z",0.240265011744171,0.138768629361438,0.3,"MC-OrdPLSc",8075,5875322,300,"Alt.Ext","3",1,TRUE,9.05599999999868
"1781","X~~Z",0.0832299058862643,0.102617381991934,0.2,"MC-OrdPLSc",8075,5875322,300,"Alt.Ext","3",1,TRUE,9.05599999999868
"1782","X=~x1",0.445013995688679,0.152382938974417,0.4,"PLSc",8075,5875322,300,"Alt.Ext","3",1,TRUE,2.16399999999885
"1783","X=~x2",0.679299700179487,0.157387203498768,0.8,"PLSc",8075,5875322,300,"Alt.Ext","3",1,TRUE,2.16399999999885
"1784","X=~x3",0.374499024529712,0.171933266469069,0.8,"PLSc",8075,5875322,300,"Alt.Ext","3",1,TRUE,2.16399999999885
"1785","Z=~z1",0.478098496168523,0.106399858738218,0.6,"PLSc",8075,5875322,300,"Alt.Ext","3",1,TRUE,2.16399999999885
"1786","Z=~z2",0.300342018131117,0.12077006495903,0.6,"PLSc",8075,5875322,300,"Alt.Ext","3",1,TRUE,2.16399999999885
"1787","Z=~z3",0.821030641038475,0.115082902140422,0.8,"PLSc",8075,5875322,300,"Alt.Ext","3",1,TRUE,2.16399999999885
"1788","Y=~y1",0.434055947310809,0.102493995067217,0.4,"PLSc",8075,5875322,300,"Alt.Ext","3",1,TRUE,2.16399999999885
"1789","Y=~y2",0.636535142264453,0.087608714265161,0.7,"PLSc",8075,5875322,300,"Alt.Ext","3",1,TRUE,2.16399999999885
"1790","Y=~y3",0.709700631685371,0.0804524114074735,0.9,"PLSc",8075,5875322,300,"Alt.Ext","3",1,TRUE,2.16399999999885
"1791","Y~X",0.211154338844664,0.689176111879384,0.4,"PLSc",8075,5875322,300,"Alt.Ext","3",1,TRUE,2.16399999999885
"1792","Y~Z",0.536386405742052,1.51568436101372,0.5,"PLSc",8075,5875322,300,"Alt.Ext","3",1,TRUE,2.16399999999885
"1793","Y~X:Z",0.565399854940316,3.38707063730705,0.3,"PLSc",8075,5875322,300,"Alt.Ext","3",1,TRUE,2.16399999999885
"1794","X~~Z",0.072651054910039,0.0840942059706863,0.2,"PLSc",8075,5875322,300,"Alt.Ext","3",1,TRUE,2.16399999999885
"1795","X=~x1",0.586771238473389,0.156677695686654,0.4,"PLS",8075,5875322,300,"Alt.Ext","3",1,TRUE,1.18900000000031
"1796","X=~x2",0.844404233498991,0.0850477214425311,0.8,"PLS",8075,5875322,300,"Alt.Ext","3",1,TRUE,1.18900000000031
"1797","X=~x3",0.656286593653847,0.134305490410742,0.8,"PLS",8075,5875322,300,"Alt.Ext","3",1,TRUE,1.18900000000031
"1798","Z=~z1",0.667717776570758,0.0865052867664726,0.6,"PLS",8075,5875322,300,"Alt.Ext","3",1,TRUE,1.18900000000031
"1799","Z=~z2",0.53355267635796,0.107094053829437,0.6,"PLS",8075,5875322,300,"Alt.Ext","3",1,TRUE,1.18900000000031
"1800","Z=~z3",0.889650759774586,0.0372631756136154,0.8,"PLS",8075,5875322,300,"Alt.Ext","3",1,TRUE,1.18900000000031
"1801","Y=~y1",0.551194644445025,0.0954460552108313,0.4,"PLS",8075,5875322,300,"Alt.Ext","3",1,TRUE,1.18900000000031
"1802","Y=~y2",0.806405776324852,0.0474143611364338,0.7,"PLS",8075,5875322,300,"Alt.Ext","3",1,TRUE,1.18900000000031
"1803","Y=~y3",0.855023669134952,0.0317235424602773,0.9,"PLS",8075,5875322,300,"Alt.Ext","3",1,TRUE,1.18900000000031
"1804","Y~X",0.202347784436261,0.0626807008372519,0.4,"PLS",8075,5875322,300,"Alt.Ext","3",1,TRUE,1.18900000000031
"1805","Y~Z",0.369475446563277,0.0577791771013698,0.5,"PLS",8075,5875322,300,"Alt.Ext","3",1,TRUE,1.18900000000031
"1806","Y~X:Z",0.0681994144730454,0.0778211761568634,0.3,"PLS",8075,5875322,300,"Alt.Ext","3",1,TRUE,1.18900000000031
"1807","X~~Z",0.044126748541274,0.0492423377399742,0.2,"PLS",8075,5875322,300,"Alt.Ext","3",1,TRUE,1.18900000000031
"1808","X=~x1",0.361,0.088,0.4,"Mplus",8075,5875322,300,"Alt.Ext","3",1,TRUE,68.152
"1809","X=~x2",0.803,0.105,0.8,"Mplus",8075,5875322,300,"Alt.Ext","3",1,TRUE,68.152
"1810","X=~x3",0.661,0.101,0.8,"Mplus",8075,5875322,300,"Alt.Ext","3",1,TRUE,68.152
"1811","Z=~z1",0.506,0.11,0.6,"Mplus",8075,5875322,300,"Alt.Ext","3",1,TRUE,68.152
"1812","Z=~z2",0.449,0.087,0.6,"Mplus",8075,5875322,300,"Alt.Ext","3",1,TRUE,68.152
"1813","Z=~z3",0.943,0.129,0.8,"Mplus",8075,5875322,300,"Alt.Ext","3",1,TRUE,68.152
"1814","Y=~y1",0.47,0.082,0.4,"Mplus",8075,5875322,300,"Alt.Ext","3",1,TRUE,68.152
"1815","Y=~y2",0.773,0.065,0.7,"Mplus",8075,5875322,300,"Alt.Ext","3",1,TRUE,68.152
"1816","Y=~y3",0.909,0.059,0.9,"Mplus",8075,5875322,300,"Alt.Ext","3",1,TRUE,68.152
"1817","Y~X",0.386,0.082,0.4,"Mplus",8075,5875322,300,"Alt.Ext","3",1,TRUE,68.152
"1818","Y~Z",0.565,0.083,0.5,"Mplus",8075,5875322,300,"Alt.Ext","3",1,TRUE,68.152
"1819","Y~X:Z",0.23,0.141,0.3,"Mplus",8075,5875322,300,"Alt.Ext","3",1,TRUE,68.152
"1820","X~~Z",0.102,0.111,0.2,"Mplus",8075,5875322,300,"Alt.Ext","3",1,TRUE,68.152
"1821","X=~x1",0.459208522817935,0.0763381431296225,0.4,"MC-OrdPLSc",8076,7439754,1000,"Alt.Ext","3",1,TRUE,9.80199999999968
"1822","X=~x2",0.766366969223537,0.0593646031285171,0.8,"MC-OrdPLSc",8076,7439754,1000,"Alt.Ext","3",1,TRUE,9.80199999999968
"1823","X=~x3",0.822951391389536,0.0701196904393099,0.8,"MC-OrdPLSc",8076,7439754,1000,"Alt.Ext","3",1,TRUE,9.80199999999968
"1824","Z=~z1",0.54721592450496,0.0584674232790117,0.6,"MC-OrdPLSc",8076,7439754,1000,"Alt.Ext","3",1,TRUE,9.80199999999968
"1825","Z=~z2",0.609112058053509,0.0557836302142061,0.6,"MC-OrdPLSc",8076,7439754,1000,"Alt.Ext","3",1,TRUE,9.80199999999968
"1826","Z=~z3",0.798781031799605,0.0542978818885779,0.8,"MC-OrdPLSc",8076,7439754,1000,"Alt.Ext","3",1,TRUE,9.80199999999968
"1827","Y=~y1",0.404114817749019,0.058274863807136,0.4,"MC-OrdPLSc",8076,7439754,1000,"Alt.Ext","3",1,TRUE,9.80199999999968
"1828","Y=~y2",0.679972052983879,0.0464972646632524,0.7,"MC-OrdPLSc",8076,7439754,1000,"Alt.Ext","3",1,TRUE,9.80199999999968
"1829","Y=~y3",0.859632811443606,0.0509096666672417,0.9,"MC-OrdPLSc",8076,7439754,1000,"Alt.Ext","3",1,TRUE,9.80199999999968
"1830","Y~X",0.34978770051056,0.0580936092657143,0.4,"MC-OrdPLSc",8076,7439754,1000,"Alt.Ext","3",1,TRUE,9.80199999999968
"1831","Y~Z",0.481268579215006,0.0546372689113759,0.5,"MC-OrdPLSc",8076,7439754,1000,"Alt.Ext","3",1,TRUE,9.80199999999968
"1832","Y~X:Z",0.172492548454955,0.0774440865275407,0.3,"MC-OrdPLSc",8076,7439754,1000,"Alt.Ext","3",1,TRUE,9.80199999999968
"1833","X~~Z",0.171310483668157,0.0619725402554208,0.2,"MC-OrdPLSc",8076,7439754,1000,"Alt.Ext","3",1,TRUE,9.80199999999968
"1834","X=~x1",0.416664259956394,0.0953927945906774,0.4,"PLSc",8076,7439754,1000,"Alt.Ext","3",1,TRUE,3.90499999999884
"1835","X=~x2",0.622912025358964,0.0742268536956446,0.8,"PLSc",8076,7439754,1000,"Alt.Ext","3",1,TRUE,3.90499999999884
"1836","X=~x3",0.699074945321994,0.0886592374427072,0.8,"PLSc",8076,7439754,1000,"Alt.Ext","3",1,TRUE,3.90499999999884
"1837","Z=~z1",0.42624064667678,0.0737661817154153,0.6,"PLSc",8076,7439754,1000,"Alt.Ext","3",1,TRUE,3.90499999999884
"1838","Z=~z2",0.522808318219702,0.0627961504538712,0.6,"PLSc",8076,7439754,1000,"Alt.Ext","3",1,TRUE,3.90499999999884
"1839","Z=~z3",0.676223305145056,0.0649674931829904,0.8,"PLSc",8076,7439754,1000,"Alt.Ext","3",1,TRUE,3.90499999999884
"1840","Y=~y1",0.337378073643784,0.0601190574324929,0.4,"PLSc",8076,7439754,1000,"Alt.Ext","3",1,TRUE,3.90499999999884
"1841","Y=~y2",0.539741787266952,0.0528187450263606,0.7,"PLSc",8076,7439754,1000,"Alt.Ext","3",1,TRUE,3.90499999999884
"1842","Y=~y3",0.722072779785925,0.0514856597550843,0.9,"PLSc",8076,7439754,1000,"Alt.Ext","3",1,TRUE,3.90499999999884
"1843","Y~X",0.314387179984065,0.0586107520795066,0.4,"PLSc",8076,7439754,1000,"Alt.Ext","3",1,TRUE,3.90499999999884
"1844","Y~Z",0.458235262572603,0.0609638350388689,0.5,"PLSc",8076,7439754,1000,"Alt.Ext","3",1,TRUE,3.90499999999884
"1845","Y~X:Z",0.133535850752605,0.0773015752731866,0.3,"PLSc",8076,7439754,1000,"Alt.Ext","3",1,TRUE,3.90499999999884
"1846","X~~Z",0.150962128259022,0.0552805197695757,0.2,"PLSc",8076,7439754,1000,"Alt.Ext","3",1,TRUE,3.90499999999884
"1847","X=~x1",0.542804872344357,0.0743672897261339,0.4,"PLS",8076,7439754,1000,"Alt.Ext","3",1,TRUE,1.13000000000102
"1848","X=~x2",0.809446205820091,0.0341713848163647,0.8,"PLS",8076,7439754,1000,"Alt.Ext","3",1,TRUE,1.13000000000102
"1849","X=~x3",0.838872342798588,0.0347943048204085,0.8,"PLS",8076,7439754,1000,"Alt.Ext","3",1,TRUE,1.13000000000102
"1850","Z=~z1",0.63567183604257,0.0544604772992539,0.6,"PLS",8076,7439754,1000,"Alt.Ext","3",1,TRUE,1.13000000000102
"1851","Z=~z2",0.698293735807726,0.0451700895869162,0.6,"PLS",8076,7439754,1000,"Alt.Ext","3",1,TRUE,1.13000000000102
"1852","Z=~z3",0.826437606129418,0.0292562420145217,0.8,"PLS",8076,7439754,1000,"Alt.Ext","3",1,TRUE,1.13000000000102
"1853","Y=~y1",0.48758461530924,0.059755370684228,0.4,"PLS",8076,7439754,1000,"Alt.Ext","3",1,TRUE,1.13000000000102
"1854","Y=~y2",0.756903934714409,0.0320185340869259,0.7,"PLS",8076,7439754,1000,"Alt.Ext","3",1,TRUE,1.13000000000102
"1855","Y=~y3",0.853990318171041,0.0212082338828261,0.9,"PLS",8076,7439754,1000,"Alt.Ext","3",1,TRUE,1.13000000000102
"1856","Y~X",0.20246018389314,0.0324941124708827,0.4,"PLS",8076,7439754,1000,"Alt.Ext","3",1,TRUE,1.13000000000102
"1857","Y~Z",0.271269778922655,0.0324506623987596,0.5,"PLS",8076,7439754,1000,"Alt.Ext","3",1,TRUE,1.13000000000102
"1858","Y~X:Z",0.048483781376909,0.0329642771229321,0.3,"PLS",8076,7439754,1000,"Alt.Ext","3",1,TRUE,1.13000000000102
"1859","X~~Z",0.0919344408539553,0.0338468933378661,0.2,"PLS",8076,7439754,1000,"Alt.Ext","3",1,TRUE,1.13000000000102
"1860","X=~x1",0.397,0.045,0.4,"Mplus",8076,7439754,1000,"Alt.Ext","3",1,TRUE,211.510999999999
"1861","X=~x2",0.788,0.045,0.8,"Mplus",8076,7439754,1000,"Alt.Ext","3",1,TRUE,211.510999999999
"1862","X=~x3",0.816,0.045,0.8,"Mplus",8076,7439754,1000,"Alt.Ext","3",1,TRUE,211.510999999999
"1863","Z=~z1",0.541,0.046,0.6,"Mplus",8076,7439754,1000,"Alt.Ext","3",1,TRUE,211.510999999999
"1864","Z=~z2",0.572,0.047,0.6,"Mplus",8076,7439754,1000,"Alt.Ext","3",1,TRUE,211.510999999999
"1865","Z=~z3",0.803,0.048,0.8,"Mplus",8076,7439754,1000,"Alt.Ext","3",1,TRUE,211.510999999999
"1866","Y=~y1",0.395,0.049,0.4,"Mplus",8076,7439754,1000,"Alt.Ext","3",1,TRUE,211.510999999999
"1867","Y=~y2",0.684,0.045,0.7,"Mplus",8076,7439754,1000,"Alt.Ext","3",1,TRUE,211.510999999999
"1868","Y=~y3",0.855,0.043,0.9,"Mplus",8076,7439754,1000,"Alt.Ext","3",1,TRUE,211.510999999999
"1869","Y~X",0.364,0.048,0.4,"Mplus",8076,7439754,1000,"Alt.Ext","3",1,TRUE,211.510999999999
"1870","Y~Z",0.505,0.047,0.5,"Mplus",8076,7439754,1000,"Alt.Ext","3",1,TRUE,211.510999999999
"1871","Y~X:Z",0.197,0.067,0.3,"Mplus",8076,7439754,1000,"Alt.Ext","3",1,TRUE,211.510999999999
"1872","X~~Z",0.179,0.057,0.2,"Mplus",8076,7439754,1000,"Alt.Ext","3",1,TRUE,211.510999999999
"1873","X=~x1",0.379364621006003,0.104526676949146,0.4,"MC-OrdPLSc",8077,5167843,300,"Alt.Ext","5",1,TRUE,12.4699999999993
"1874","X=~x2",0.79555076218672,0.0779672191265101,0.8,"MC-OrdPLSc",8077,5167843,300,"Alt.Ext","5",1,TRUE,12.4699999999993
"1875","X=~x3",0.848348660358762,0.086966585916978,0.8,"MC-OrdPLSc",8077,5167843,300,"Alt.Ext","5",1,TRUE,12.4699999999993
"1876","Z=~z1",0.538642186411808,0.0846709038899068,0.6,"MC-OrdPLSc",8077,5167843,300,"Alt.Ext","5",1,TRUE,12.4699999999993
"1877","Z=~z2",0.592156385061781,0.0880140524676497,0.6,"MC-OrdPLSc",8077,5167843,300,"Alt.Ext","5",1,TRUE,12.4699999999993
"1878","Z=~z3",0.666577692158693,0.0782111482709162,0.8,"MC-OrdPLSc",8077,5167843,300,"Alt.Ext","5",1,TRUE,12.4699999999993
"1879","Y=~y1",0.439070285845669,0.0763072472539048,0.4,"MC-OrdPLSc",8077,5167843,300,"Alt.Ext","5",1,TRUE,12.4699999999993
"1880","Y=~y2",0.680415710642989,0.070069814284251,0.7,"MC-OrdPLSc",8077,5167843,300,"Alt.Ext","5",1,TRUE,12.4699999999993
"1881","Y=~y3",0.719295369358026,0.075282646597664,0.9,"MC-OrdPLSc",8077,5167843,300,"Alt.Ext","5",1,TRUE,12.4699999999993
"1882","Y~X",0.45806357954608,0.0795337372888934,0.4,"MC-OrdPLSc",8077,5167843,300,"Alt.Ext","5",1,TRUE,12.4699999999993
"1883","Y~Z",0.604237654643591,0.0799793308880738,0.5,"MC-OrdPLSc",8077,5167843,300,"Alt.Ext","5",1,TRUE,12.4699999999993
"1884","Y~X:Z",0.259523487587486,0.112730528247217,0.3,"MC-OrdPLSc",8077,5167843,300,"Alt.Ext","5",1,TRUE,12.4699999999993
"1885","X~~Z",0.10829287108675,0.107512175805948,0.2,"MC-OrdPLSc",8077,5167843,300,"Alt.Ext","5",1,TRUE,12.4699999999993
"1886","X=~x1",0.43670270751175,0.123433340323998,0.4,"PLSc",8077,5167843,300,"Alt.Ext","5",1,TRUE,2.08300000000054
"1887","X=~x2",0.625049156624835,0.107207445835853,0.8,"PLSc",8077,5167843,300,"Alt.Ext","5",1,TRUE,2.08300000000054
"1888","X=~x3",0.790739453408234,0.120510472581863,0.8,"PLSc",8077,5167843,300,"Alt.Ext","5",1,TRUE,2.08300000000054
"1889","Z=~z1",0.497884612651647,0.0958424521064821,0.6,"PLSc",8077,5167843,300,"Alt.Ext","5",1,TRUE,2.08300000000054
"1890","Z=~z2",0.515682422805945,0.0912288448058883,0.6,"PLSc",8077,5167843,300,"Alt.Ext","5",1,TRUE,2.08300000000054
"1891","Z=~z3",0.595200385967228,0.0926721831511523,0.8,"PLSc",8077,5167843,300,"Alt.Ext","5",1,TRUE,2.08300000000054
"1892","Y=~y1",0.441913112181882,0.0725781194060989,0.4,"PLSc",8077,5167843,300,"Alt.Ext","5",1,TRUE,2.08300000000054
"1893","Y=~y2",0.514718569641862,0.0636464175298972,0.7,"PLSc",8077,5167843,300,"Alt.Ext","5",1,TRUE,2.08300000000054
"1894","Y=~y3",0.61261830942162,0.075089549629662,0.9,"PLSc",8077,5167843,300,"Alt.Ext","5",1,TRUE,2.08300000000054
"1895","Y~X",0.442415293906653,0.122909930845795,0.4,"PLSc",8077,5167843,300,"Alt.Ext","5",1,TRUE,2.08300000000054
"1896","Y~Z",0.623939548157295,0.108220581956716,0.5,"PLSc",8077,5167843,300,"Alt.Ext","5",1,TRUE,2.08300000000054
"1897","Y~X:Z",0.178630466078173,0.169833877289941,0.3,"PLSc",8077,5167843,300,"Alt.Ext","5",1,TRUE,2.08300000000054
"1898","X~~Z",0.102025989116223,0.0925247263058471,0.2,"PLSc",8077,5167843,300,"Alt.Ext","5",1,TRUE,2.08300000000054
"1899","X=~x1",0.482822994030029,0.105806725353448,0.4,"PLS",8077,5167843,300,"Alt.Ext","5",1,TRUE,1.10699999999997
"1900","X=~x2",0.85811113846348,0.0390175686254463,0.8,"PLS",8077,5167843,300,"Alt.Ext","5",1,TRUE,1.10699999999997
"1901","X=~x3",0.880134786312637,0.0395001158788624,0.8,"PLS",8077,5167843,300,"Alt.Ext","5",1,TRUE,1.10699999999997
"1902","Z=~z1",0.672419357823803,0.0736924022941442,0.6,"PLS",8077,5167843,300,"Alt.Ext","5",1,TRUE,1.10699999999997
"1903","Z=~z2",0.715795945271728,0.0600293646799355,0.6,"PLS",8077,5167843,300,"Alt.Ext","5",1,TRUE,1.10699999999997
"1904","Z=~z3",0.779541119420316,0.0511928159413085,0.8,"PLS",8077,5167843,300,"Alt.Ext","5",1,TRUE,1.10699999999997
"1905","Y=~y1",0.553917892491532,0.0800388838241473,0.4,"PLS",8077,5167843,300,"Alt.Ext","5",1,TRUE,1.10699999999997
"1906","Y=~y2",0.770376842617244,0.038573276689569,0.7,"PLS",8077,5167843,300,"Alt.Ext","5",1,TRUE,1.10699999999997
"1907","Y=~y3",0.803146954892958,0.0416436698054248,0.9,"PLS",8077,5167843,300,"Alt.Ext","5",1,TRUE,1.10699999999997
"1908","Y~X",0.293014140030845,0.0561489401087962,0.4,"PLS",8077,5167843,300,"Alt.Ext","5",1,TRUE,1.10699999999997
"1909","Y~Z",0.344726362333789,0.0469274602336512,0.5,"PLS",8077,5167843,300,"Alt.Ext","5",1,TRUE,1.10699999999997
"1910","Y~X:Z",0.0858450148957563,0.0584868313000402,0.3,"PLS",8077,5167843,300,"Alt.Ext","5",1,TRUE,1.10699999999997
"1911","X~~Z",0.063406975876584,0.0576000288548175,0.2,"PLS",8077,5167843,300,"Alt.Ext","5",1,TRUE,1.10699999999997
"1912","X=~x1",0.302,0.065,0.4,"Mplus",8077,5167843,300,"Alt.Ext","5",1,TRUE,92.0689999999995
"1913","X=~x2",0.904,0.064,0.8,"Mplus",8077,5167843,300,"Alt.Ext","5",1,TRUE,92.0689999999995
"1914","X=~x3",0.827,0.063,0.8,"Mplus",8077,5167843,300,"Alt.Ext","5",1,TRUE,92.0689999999995
"1915","Z=~z1",0.468,0.076,0.6,"Mplus",8077,5167843,300,"Alt.Ext","5",1,TRUE,92.0689999999995
"1916","Z=~z2",0.609,0.078,0.6,"Mplus",8077,5167843,300,"Alt.Ext","5",1,TRUE,92.0689999999995
"1917","Z=~z3",0.649,0.077,0.8,"Mplus",8077,5167843,300,"Alt.Ext","5",1,TRUE,92.0689999999995
"1918","Y=~y1",0.333,0.073,0.4,"Mplus",8077,5167843,300,"Alt.Ext","5",1,TRUE,92.0689999999995
"1919","Y=~y2",0.684,0.065,0.7,"Mplus",8077,5167843,300,"Alt.Ext","5",1,TRUE,92.0689999999995
"1920","Y=~y3",0.756,0.066,0.9,"Mplus",8077,5167843,300,"Alt.Ext","5",1,TRUE,92.0689999999995
"1921","Y~X",0.389,0.077,0.4,"Mplus",8077,5167843,300,"Alt.Ext","5",1,TRUE,92.0689999999995
"1922","Y~Z",0.579,0.078,0.5,"Mplus",8077,5167843,300,"Alt.Ext","5",1,TRUE,92.0689999999995
"1923","Y~X:Z",0.199,0.098,0.3,"Mplus",8077,5167843,300,"Alt.Ext","5",1,TRUE,92.0689999999995
"1924","X~~Z",0.108,0.093,0.2,"Mplus",8077,5167843,300,"Alt.Ext","5",1,TRUE,92.0689999999995
"1925","X=~x1",0.289355590393457,0.0538803160563089,0.4,"MC-OrdPLSc",8078,6400748,1000,"Alt.Ext","5",1,TRUE,13.103000000001
"1926","X=~x2",0.812704508078252,0.033807305736398,0.8,"MC-OrdPLSc",8078,6400748,1000,"Alt.Ext","5",1,TRUE,13.103000000001
"1927","X=~x3",0.809859636479609,0.0317643913714699,0.8,"MC-OrdPLSc",8078,6400748,1000,"Alt.Ext","5",1,TRUE,13.103000000001
"1928","Z=~z1",0.592653672787838,0.0434833707616118,0.6,"MC-OrdPLSc",8078,6400748,1000,"Alt.Ext","5",1,TRUE,13.103000000001
"1929","Z=~z2",0.699458815852739,0.0455690821992869,0.6,"MC-OrdPLSc",8078,6400748,1000,"Alt.Ext","5",1,TRUE,13.103000000001
"1930","Z=~z3",0.782175534334529,0.0415101425662043,0.8,"MC-OrdPLSc",8078,6400748,1000,"Alt.Ext","5",1,TRUE,13.103000000001
"1931","Y=~y1",0.402373031166983,0.0457338058533776,0.4,"MC-OrdPLSc",8078,6400748,1000,"Alt.Ext","5",1,TRUE,13.103000000001
"1932","Y=~y2",0.680010277338089,0.0354062912162473,0.7,"MC-OrdPLSc",8078,6400748,1000,"Alt.Ext","5",1,TRUE,13.103000000001
"1933","Y=~y3",0.898660790745083,0.0283658561262651,0.9,"MC-OrdPLSc",8078,6400748,1000,"Alt.Ext","5",1,TRUE,13.103000000001
"1934","Y~X",0.483462885768948,0.0354640848530644,0.4,"MC-OrdPLSc",8078,6400748,1000,"Alt.Ext","5",1,TRUE,13.103000000001
"1935","Y~Z",0.457383287738943,0.0365043447103602,0.5,"MC-OrdPLSc",8078,6400748,1000,"Alt.Ext","5",1,TRUE,13.103000000001
"1936","Y~X:Z",0.265480776889151,0.0528860369774803,0.3,"MC-OrdPLSc",8078,6400748,1000,"Alt.Ext","5",1,TRUE,13.103000000001
"1937","X~~Z",0.152697288423656,0.0498226437859716,0.2,"MC-OrdPLSc",8078,6400748,1000,"Alt.Ext","5",1,TRUE,13.103000000001
"1938","X=~x1",0.216370564338268,0.0693356629919201,0.4,"PLSc",8078,6400748,1000,"Alt.Ext","5",1,TRUE,3.75799999999981
"1939","X=~x2",0.758240637406213,0.0408819483419863,0.8,"PLSc",8078,6400748,1000,"Alt.Ext","5",1,TRUE,3.75799999999981
"1940","X=~x3",0.761474125789884,0.0390430722606361,0.8,"PLSc",8078,6400748,1000,"Alt.Ext","5",1,TRUE,3.75799999999981
"1941","Z=~z1",0.561335216502841,0.054426183627709,0.6,"PLSc",8078,6400748,1000,"Alt.Ext","5",1,TRUE,3.75799999999981
"1942","Z=~z2",0.625822817555425,0.0510090852742207,0.6,"PLSc",8078,6400748,1000,"Alt.Ext","5",1,TRUE,3.75799999999981
"1943","Z=~z3",0.705991743631228,0.0486560682692806,0.8,"PLSc",8078,6400748,1000,"Alt.Ext","5",1,TRUE,3.75799999999981
"1944","Y=~y1",0.3284740579951,0.0505223865097715,0.4,"PLSc",8078,6400748,1000,"Alt.Ext","5",1,TRUE,3.75799999999981
"1945","Y=~y2",0.596727478458979,0.0401808468959903,0.7,"PLSc",8078,6400748,1000,"Alt.Ext","5",1,TRUE,3.75799999999981
"1946","Y=~y3",0.820917411296568,0.034887636490006,0.9,"PLSc",8078,6400748,1000,"Alt.Ext","5",1,TRUE,3.75799999999981
"1947","Y~X",0.444941434121601,0.0458504376499426,0.4,"PLSc",8078,6400748,1000,"Alt.Ext","5",1,TRUE,3.75799999999981
"1948","Y~Z",0.455851363114785,0.0463907064673249,0.5,"PLSc",8078,6400748,1000,"Alt.Ext","5",1,TRUE,3.75799999999981
"1949","Y~X:Z",0.215191163308546,0.0565251986188585,0.3,"PLSc",8078,6400748,1000,"Alt.Ext","5",1,TRUE,3.75799999999981
"1950","X~~Z",0.139674936782408,0.045848133710535,0.2,"PLSc",8078,6400748,1000,"Alt.Ext","5",1,TRUE,3.75799999999981
"1951","X=~x1",0.376231139792227,0.0608968227106381,0.4,"PLS",8078,6400748,1000,"Alt.Ext","5",1,TRUE,1.01200000000063
"1952","X=~x2",0.872398241932705,0.0147965224178975,0.8,"PLS",8078,6400748,1000,"Alt.Ext","5",1,TRUE,1.01200000000063
"1953","X=~x3",0.870639109518641,0.0143139706217225,0.8,"PLS",8078,6400748,1000,"Alt.Ext","5",1,TRUE,1.01200000000063
"1954","Z=~z1",0.701916638097259,0.032510150393395,0.6,"PLS",8078,6400748,1000,"Alt.Ext","5",1,TRUE,1.01200000000063
"1955","Z=~z2",0.781791437395556,0.0236624842021613,0.6,"PLS",8078,6400748,1000,"Alt.Ext","5",1,TRUE,1.01200000000063
"1956","Z=~z3",0.828955048703024,0.0187787660948255,0.8,"PLS",8078,6400748,1000,"Alt.Ext","5",1,TRUE,1.01200000000063
"1957","Y=~y1",0.506718577353495,0.0469821148442494,0.4,"PLS",8078,6400748,1000,"Alt.Ext","5",1,TRUE,1.01200000000063
"1958","Y=~y2",0.780730354720219,0.022994122301648,0.7,"PLS",8078,6400748,1000,"Alt.Ext","5",1,TRUE,1.01200000000063
"1959","Y=~y3",0.882144930264704,0.0109683357129673,0.9,"PLS",8078,6400748,1000,"Alt.Ext","5",1,TRUE,1.01200000000063
"1960","Y~X",0.332427755328094,0.0305750152478038,0.4,"PLS",8078,6400748,1000,"Alt.Ext","5",1,TRUE,1.01200000000063
"1961","Y~Z",0.303552450290401,0.029261505536584,0.5,"PLS",8078,6400748,1000,"Alt.Ext","5",1,TRUE,1.01200000000063
"1962","Y~X:Z",0.108135890715642,0.0308124961998714,0.3,"PLS",8078,6400748,1000,"Alt.Ext","5",1,TRUE,1.01200000000063
"1963","X~~Z",0.0979726991305806,0.0322766153317559,0.2,"PLS",8078,6400748,1000,"Alt.Ext","5",1,TRUE,1.01200000000063
"1964","X=~x1",0.282,0.038,0.4,"Mplus",8078,6400748,1000,"Alt.Ext","5",1,TRUE,260.272000000001
"1965","X=~x2",0.779,0.035,0.8,"Mplus",8078,6400748,1000,"Alt.Ext","5",1,TRUE,260.272000000001
"1966","X=~x3",0.812,0.035,0.8,"Mplus",8078,6400748,1000,"Alt.Ext","5",1,TRUE,260.272000000001
"1967","Z=~z1",0.549,0.036,0.6,"Mplus",8078,6400748,1000,"Alt.Ext","5",1,TRUE,260.272000000001
"1968","Z=~z2",0.689,0.033,0.6,"Mplus",8078,6400748,1000,"Alt.Ext","5",1,TRUE,260.272000000001
"1969","Z=~z3",0.78,0.033,0.8,"Mplus",8078,6400748,1000,"Alt.Ext","5",1,TRUE,260.272000000001
"1970","Y=~y1",0.408,0.038,0.4,"Mplus",8078,6400748,1000,"Alt.Ext","5",1,TRUE,260.272000000001
"1971","Y=~y2",0.668,0.034,0.7,"Mplus",8078,6400748,1000,"Alt.Ext","5",1,TRUE,260.272000000001
"1972","Y=~y3",0.882,0.029,0.9,"Mplus",8078,6400748,1000,"Alt.Ext","5",1,TRUE,260.272000000001
"1973","Y~X",0.48,0.036,0.4,"Mplus",8078,6400748,1000,"Alt.Ext","5",1,TRUE,260.272000000001
"1974","Y~Z",0.455,0.037,0.5,"Mplus",8078,6400748,1000,"Alt.Ext","5",1,TRUE,260.272000000001
"1975","Y~X:Z",0.259,0.047,0.3,"Mplus",8078,6400748,1000,"Alt.Ext","5",1,TRUE,260.272000000001
"1976","X~~Z",0.163,0.047,0.2,"Mplus",8078,6400748,1000,"Alt.Ext","5",1,TRUE,260.272000000001
"1977","X=~x1",0.478294885892805,0.0943516212687922,0.4,"MC-OrdPLSc",8079,6209197,300,"Alt.Ext","7",1,TRUE,15.5640000000003
"1978","X=~x2",0.840741845718111,0.0801231599024338,0.8,"MC-OrdPLSc",8079,6209197,300,"Alt.Ext","7",1,TRUE,15.5640000000003
"1979","X=~x3",0.6838198337714,0.0832227663959284,0.8,"MC-OrdPLSc",8079,6209197,300,"Alt.Ext","7",1,TRUE,15.5640000000003
"1980","Z=~z1",0.583819488194505,0.076838551496451,0.6,"MC-OrdPLSc",8079,6209197,300,"Alt.Ext","7",1,TRUE,15.5640000000003
"1981","Z=~z2",0.627173076282678,0.0707553314149292,0.6,"MC-OrdPLSc",8079,6209197,300,"Alt.Ext","7",1,TRUE,15.5640000000003
"1982","Z=~z3",0.667837307189731,0.0684283513408149,0.8,"MC-OrdPLSc",8079,6209197,300,"Alt.Ext","7",1,TRUE,15.5640000000003
"1983","Y=~y1",0.390984356654575,0.0705739905228713,0.4,"MC-OrdPLSc",8079,6209197,300,"Alt.Ext","7",1,TRUE,15.5640000000003
"1984","Y=~y2",0.787268769514426,0.0534275836915186,0.7,"MC-OrdPLSc",8079,6209197,300,"Alt.Ext","7",1,TRUE,15.5640000000003
"1985","Y=~y3",0.856981824056056,0.0486572595004409,0.9,"MC-OrdPLSc",8079,6209197,300,"Alt.Ext","7",1,TRUE,15.5640000000003
"1986","Y~X",0.370858661041618,0.0676045262148017,0.4,"MC-OrdPLSc",8079,6209197,300,"Alt.Ext","7",1,TRUE,15.5640000000003
"1987","Y~Z",0.593093013005095,0.0584580743421503,0.5,"MC-OrdPLSc",8079,6209197,300,"Alt.Ext","7",1,TRUE,15.5640000000003
"1988","Y~X:Z",0.334960774774864,0.10012288075105,0.3,"MC-OrdPLSc",8079,6209197,300,"Alt.Ext","7",1,TRUE,15.5640000000003
"1989","X~~Z",0.0564841666370293,0.0859988743021824,0.2,"MC-OrdPLSc",8079,6209197,300,"Alt.Ext","7",1,TRUE,15.5640000000003
"1990","X=~x1",0.503705378435122,0.14482644053304,0.4,"PLSc",8079,6209197,300,"Alt.Ext","7",1,TRUE,1.99200000000019
"1991","X=~x2",0.742522347766817,0.113932167131052,0.8,"PLSc",8079,6209197,300,"Alt.Ext","7",1,TRUE,1.99200000000019
"1992","X=~x3",0.628472254250935,0.113830393289977,0.8,"PLSc",8079,6209197,300,"Alt.Ext","7",1,TRUE,1.99200000000019
"1993","Z=~z1",0.582567934998408,0.0878329879889169,0.6,"PLSc",8079,6209197,300,"Alt.Ext","7",1,TRUE,1.99200000000019
"1994","Z=~z2",0.594021567316126,0.078904469662676,0.6,"PLSc",8079,6209197,300,"Alt.Ext","7",1,TRUE,1.99200000000019
"1995","Z=~z3",0.567629570867654,0.0784325789248628,0.8,"PLSc",8079,6209197,300,"Alt.Ext","7",1,TRUE,1.99200000000019
"1996","Y=~y1",0.388887489347645,0.0855236801371063,0.4,"PLSc",8079,6209197,300,"Alt.Ext","7",1,TRUE,1.99200000000019
"1997","Y=~y2",0.693160853069173,0.0603120301076572,0.7,"PLSc",8079,6209197,300,"Alt.Ext","7",1,TRUE,1.99200000000019
"1998","Y=~y3",0.782138255287618,0.0653066008072958,0.9,"PLSc",8079,6209197,300,"Alt.Ext","7",1,TRUE,1.99200000000019
"1999","Y~X",0.316906997516859,0.315460025315317,0.4,"PLSc",8079,6209197,300,"Alt.Ext","7",1,TRUE,1.99200000000019
"2000","Y~Z",0.571285172374375,0.23106818636696,0.5,"PLSc",8079,6209197,300,"Alt.Ext","7",1,TRUE,1.99200000000019
"2001","Y~X:Z",0.333110778425829,0.597724674720891,0.3,"PLSc",8079,6209197,300,"Alt.Ext","7",1,TRUE,1.99200000000019
"2002","X~~Z",0.05351764421794,0.0812453534446195,0.2,"PLSc",8079,6209197,300,"Alt.Ext","7",1,TRUE,1.99200000000019
"2003","X=~x1",0.612776431484637,0.10028038574988,0.4,"PLS",8079,6209197,300,"Alt.Ext","7",1,TRUE,1.07300000000032
"2004","X=~x2",0.868276971771706,0.0356459076609774,0.8,"PLS",8079,6209197,300,"Alt.Ext","7",1,TRUE,1.07300000000032
"2005","X=~x3",0.797479280707425,0.0550867598565406,0.8,"PLS",8079,6209197,300,"Alt.Ext","7",1,TRUE,1.07300000000032
"2006","Z=~z1",0.716174855973077,0.0622853785346346,0.6,"PLS",8079,6209197,300,"Alt.Ext","7",1,TRUE,1.07300000000032
"2007","Z=~z2",0.750641966472605,0.0479309082366531,0.6,"PLS",8079,6209197,300,"Alt.Ext","7",1,TRUE,1.07300000000032
"2008","Z=~z3",0.776460701867766,0.0404918927845019,0.8,"PLS",8079,6209197,300,"Alt.Ext","7",1,TRUE,1.07300000000032
"2009","Y=~y1",0.500939011618713,0.0802844026596721,0.4,"PLS",8079,6209197,300,"Alt.Ext","7",1,TRUE,1.07300000000032
"2010","Y=~y2",0.849716610900491,0.0249573405081668,0.7,"PLS",8079,6209197,300,"Alt.Ext","7",1,TRUE,1.07300000000032
"2011","Y=~y3",0.877666464600675,0.0212527666155032,0.9,"PLS",8079,6209197,300,"Alt.Ext","7",1,TRUE,1.07300000000032
"2012","Y~X",0.240717965571945,0.0518029138437248,0.4,"PLS",8079,6209197,300,"Alt.Ext","7",1,TRUE,1.07300000000032
"2013","Y~Z",0.389975713436025,0.0459567709237849,0.5,"PLS",8079,6209197,300,"Alt.Ext","7",1,TRUE,1.07300000000032
"2014","Y~X:Z",0.147278775922009,0.0622147037257687,0.3,"PLS",8079,6209197,300,"Alt.Ext","7",1,TRUE,1.07300000000032
"2015","X~~Z",0.0343524075598503,0.0527937468346193,0.2,"PLS",8079,6209197,300,"Alt.Ext","7",1,TRUE,1.07300000000032
"2016","X=~x1",0.4,0.063,0.4,"Mplus",8079,6209197,300,"Alt.Ext","7",1,TRUE,142.504999999999
"2017","X=~x2",0.825,0.06,0.8,"Mplus",8079,6209197,300,"Alt.Ext","7",1,TRUE,142.504999999999
"2018","X=~x3",0.738,0.061,0.8,"Mplus",8079,6209197,300,"Alt.Ext","7",1,TRUE,142.504999999999
"2019","Z=~z1",0.534,0.063,0.6,"Mplus",8079,6209197,300,"Alt.Ext","7",1,TRUE,142.504999999999
"2020","Z=~z2",0.603,0.062,0.6,"Mplus",8079,6209197,300,"Alt.Ext","7",1,TRUE,142.504999999999
"2021","Z=~z3",0.699,0.061,0.8,"Mplus",8079,6209197,300,"Alt.Ext","7",1,TRUE,142.504999999999
"2022","Y=~y1",0.359,0.064,0.4,"Mplus",8079,6209197,300,"Alt.Ext","7",1,TRUE,142.504999999999
"2023","Y=~y2",0.778,0.048,0.7,"Mplus",8079,6209197,300,"Alt.Ext","7",1,TRUE,142.504999999999
"2024","Y=~y3",0.872,0.042,0.9,"Mplus",8079,6209197,300,"Alt.Ext","7",1,TRUE,142.504999999999
"2025","Y~X",0.339,0.064,0.4,"Mplus",8079,6209197,300,"Alt.Ext","7",1,TRUE,142.504999999999
"2026","Y~Z",0.584,0.06,0.5,"Mplus",8079,6209197,300,"Alt.Ext","7",1,TRUE,142.504999999999
"2027","Y~X:Z",0.365,0.083,0.3,"Mplus",8079,6209197,300,"Alt.Ext","7",1,TRUE,142.504999999999
"2028","X~~Z",0.095,0.085,0.2,"Mplus",8079,6209197,300,"Alt.Ext","7",1,TRUE,142.504999999999
"2029","X=~x1",0.443814819942077,0.0370378446320063,0.4,"MC-OrdPLSc",8080,6552801,1000,"Alt.Ext","7",1,TRUE,16.5370000000003
"2030","X=~x2",0.821541363769832,0.0359057483390944,0.8,"MC-OrdPLSc",8080,6552801,1000,"Alt.Ext","7",1,TRUE,16.5370000000003
"2031","X=~x3",0.762444692609974,0.0338207421766519,0.8,"MC-OrdPLSc",8080,6552801,1000,"Alt.Ext","7",1,TRUE,16.5370000000003
"2032","Z=~z1",0.620296954767027,0.0402251425650831,0.6,"MC-OrdPLSc",8080,6552801,1000,"Alt.Ext","7",1,TRUE,16.5370000000003
"2033","Z=~z2",0.630317902920604,0.0409779690574318,0.6,"MC-OrdPLSc",8080,6552801,1000,"Alt.Ext","7",1,TRUE,16.5370000000003
"2034","Z=~z3",0.755026323086658,0.0365485219937928,0.8,"MC-OrdPLSc",8080,6552801,1000,"Alt.Ext","7",1,TRUE,16.5370000000003
"2035","Y=~y1",0.336386321766375,0.0442992803130137,0.4,"MC-OrdPLSc",8080,6552801,1000,"Alt.Ext","7",1,TRUE,16.5370000000003
"2036","Y=~y2",0.733223402614136,0.0317244364514623,0.7,"MC-OrdPLSc",8080,6552801,1000,"Alt.Ext","7",1,TRUE,16.5370000000003
"2037","Y=~y3",0.890314730944277,0.0305744562764187,0.9,"MC-OrdPLSc",8080,6552801,1000,"Alt.Ext","7",1,TRUE,16.5370000000003
"2038","Y~X",0.439190136300014,0.036376406342557,0.4,"MC-OrdPLSc",8080,6552801,1000,"Alt.Ext","7",1,TRUE,16.5370000000003
"2039","Y~Z",0.46730676184245,0.0375152151601772,0.5,"MC-OrdPLSc",8080,6552801,1000,"Alt.Ext","7",1,TRUE,16.5370000000003
"2040","Y~X:Z",0.255741139386362,0.0485570331195385,0.3,"MC-OrdPLSc",8080,6552801,1000,"Alt.Ext","7",1,TRUE,16.5370000000003
"2041","X~~Z",0.23284359563848,0.0485184554523516,0.2,"MC-OrdPLSc",8080,6552801,1000,"Alt.Ext","7",1,TRUE,16.5370000000003
"2042","X=~x1",0.438291147574231,0.057542328294219,0.4,"PLSc",8080,6552801,1000,"Alt.Ext","7",1,TRUE,3.78600000000006
"2043","X=~x2",0.792832292770171,0.0439533656088682,0.8,"PLSc",8080,6552801,1000,"Alt.Ext","7",1,TRUE,3.78600000000006
"2044","X=~x3",0.685949540285252,0.0460345802180665,0.8,"PLSc",8080,6552801,1000,"Alt.Ext","7",1,TRUE,3.78600000000006
"2045","Z=~z1",0.578964957413538,0.0506292838593121,0.6,"PLSc",8080,6552801,1000,"Alt.Ext","7",1,TRUE,3.78600000000006
"2046","Z=~z2",0.603440591938003,0.0511817884342122,0.6,"PLSc",8080,6552801,1000,"Alt.Ext","7",1,TRUE,3.78600000000006
"2047","Z=~z3",0.696063613413936,0.0463013295288958,0.8,"PLSc",8080,6552801,1000,"Alt.Ext","7",1,TRUE,3.78600000000006
"2048","Y=~y1",0.285283927746421,0.0502230440651771,0.4,"PLSc",8080,6552801,1000,"Alt.Ext","7",1,TRUE,3.78600000000006
"2049","Y=~y2",0.670114119942077,0.0326118762534269,0.7,"PLSc",8080,6552801,1000,"Alt.Ext","7",1,TRUE,3.78600000000006
"2050","Y=~y3",0.828720318909838,0.0342366404784016,0.9,"PLSc",8080,6552801,1000,"Alt.Ext","7",1,TRUE,3.78600000000006
"2051","Y~X",0.420873065153666,0.0465372473495751,0.4,"PLSc",8080,6552801,1000,"Alt.Ext","7",1,TRUE,3.78600000000006
"2052","Y~Z",0.46619504300442,0.0453519854780743,0.5,"PLSc",8080,6552801,1000,"Alt.Ext","7",1,TRUE,3.78600000000006
"2053","Y~X:Z",0.226888924574684,0.051194131857415,0.3,"PLSc",8080,6552801,1000,"Alt.Ext","7",1,TRUE,3.78600000000006
"2054","X~~Z",0.224098296989568,0.0448011483939994,0.2,"PLSc",8080,6552801,1000,"Alt.Ext","7",1,TRUE,3.78600000000006
"2055","X=~x1",0.573666613836714,0.0425740634488051,0.4,"PLS",8080,6552801,1000,"Alt.Ext","7",1,TRUE,1.07899999999972
"2056","X=~x2",0.868350315041214,0.0142644804051266,0.8,"PLS",8080,6552801,1000,"Alt.Ext","7",1,TRUE,1.07899999999972
"2057","X=~x3",0.843121088378458,0.0173564446235968,0.8,"PLS",8080,6552801,1000,"Alt.Ext","7",1,TRUE,1.07899999999972
"2058","Z=~z1",0.73985351140384,0.0288305284441399,0.6,"PLS",8080,6552801,1000,"Alt.Ext","7",1,TRUE,1.07899999999972
"2059","Z=~z2",0.745618800462432,0.0281216576643073,0.6,"PLS",8080,6552801,1000,"Alt.Ext","7",1,TRUE,1.07899999999972
"2060","Z=~z3",0.822904933720843,0.0190097802365661,0.8,"PLS",8080,6552801,1000,"Alt.Ext","7",1,TRUE,1.07899999999972
"2061","Y=~y1",0.443396372381754,0.0485330858244794,0.4,"PLS",8080,6552801,1000,"Alt.Ext","7",1,TRUE,1.07899999999972
"2062","Y=~y2",0.829068969572132,0.0157092902994093,0.7,"PLS",8080,6552801,1000,"Alt.Ext","7",1,TRUE,1.07899999999972
"2063","Y=~y3",0.891513241625004,0.00995710278326786,0.9,"PLS",8080,6552801,1000,"Alt.Ext","7",1,TRUE,1.07899999999972
"2064","Y~X",0.321585049302061,0.0298560722904311,0.4,"PLS",8080,6552801,1000,"Alt.Ext","7",1,TRUE,1.07899999999972
"2065","Y~Z",0.327656439356314,0.0282132583259749,0.5,"PLS",8080,6552801,1000,"Alt.Ext","7",1,TRUE,1.07899999999972
"2066","Y~X:Z",0.113344616018521,0.027766896077489,0.3,"PLS",8080,6552801,1000,"Alt.Ext","7",1,TRUE,1.07899999999972
"2067","X~~Z",0.155489772235522,0.0310912321426553,0.2,"PLS",8080,6552801,1000,"Alt.Ext","7",1,TRUE,1.07899999999972
"2068","X=~x1",0.392,0.034,0.4,"Mplus",8080,6552801,1000,"Alt.Ext","7",1,TRUE,299.839
"2069","X=~x2",0.799,0.029,0.8,"Mplus",8080,6552801,1000,"Alt.Ext","7",1,TRUE,299.839
"2070","X=~x3",0.788,0.029,0.8,"Mplus",8080,6552801,1000,"Alt.Ext","7",1,TRUE,299.839
"2071","Z=~z1",0.609,0.032,0.6,"Mplus",8080,6552801,1000,"Alt.Ext","7",1,TRUE,299.839
"2072","Z=~z2",0.617,0.033,0.6,"Mplus",8080,6552801,1000,"Alt.Ext","7",1,TRUE,299.839
"2073","Z=~z3",0.739,0.031,0.8,"Mplus",8080,6552801,1000,"Alt.Ext","7",1,TRUE,299.839
"2074","Y=~y1",0.358,0.035,0.4,"Mplus",8080,6552801,1000,"Alt.Ext","7",1,TRUE,299.839
"2075","Y=~y2",0.696,0.03,0.7,"Mplus",8080,6552801,1000,"Alt.Ext","7",1,TRUE,299.839
"2076","Y=~y3",0.893,0.025,0.9,"Mplus",8080,6552801,1000,"Alt.Ext","7",1,TRUE,299.839
"2077","Y~X",0.442,0.034,0.4,"Mplus",8080,6552801,1000,"Alt.Ext","7",1,TRUE,299.839
"2078","Y~Z",0.47,0.034,0.5,"Mplus",8080,6552801,1000,"Alt.Ext","7",1,TRUE,299.839
"2079","Y~X:Z",0.285,0.043,0.3,"Mplus",8080,6552801,1000,"Alt.Ext","7",1,TRUE,299.839
"2080","X~~Z",0.236,0.044,0.2,"Mplus",8080,6552801,1000,"Alt.Ext","7",1,TRUE,299.839
