"","par","est","se","true","method","id","seed","n","type","dist.exo","dist.zeta","skew","ncat","model.id","admissible","time"
"1","X=~x1",0.373422959582633,0.0665521460901747,0.4,"MC-PLSc",11929,8909686,300,"continuous","normal","normal","Symmetric",NA,1,TRUE,6.42499999998836
"2","X=~x2",0.739693127508954,0.0474505459490711,0.8,"MC-PLSc",11929,8909686,300,"continuous","normal","normal","Symmetric",NA,1,TRUE,6.42499999998836
"3","X=~x3",0.882654496981573,0.0464497587228148,0.8,"MC-PLSc",11929,8909686,300,"continuous","normal","normal","Symmetric",NA,1,TRUE,6.42499999998836
"4","Z=~z1",0.602287869168427,0.0515866669707845,0.6,"MC-PLSc",11929,8909686,300,"continuous","normal","normal","Symmetric",NA,1,TRUE,6.42499999998836
"5","Z=~z2",0.560857762124174,0.0494620154180123,0.6,"MC-PLSc",11929,8909686,300,"continuous","normal","normal","Symmetric",NA,1,TRUE,6.42499999998836
"6","Z=~z3",0.804110273829686,0.036543373784007,0.8,"MC-PLSc",11929,8909686,300,"continuous","normal","normal","Symmetric",NA,1,TRUE,6.42499999998836
"7","Y=~y1",0.480589661133434,0.0557194414888556,0.4,"MC-PLSc",11929,8909686,300,"continuous","normal","normal","Symmetric",NA,1,TRUE,6.42499999998836
"8","Y=~y2",0.703021493279554,0.0378329277702575,0.7,"MC-PLSc",11929,8909686,300,"continuous","normal","normal","Symmetric",NA,1,TRUE,6.42499999998836
"9","Y=~y3",0.926860882014263,0.0345540242052767,0.9,"MC-PLSc",11929,8909686,300,"continuous","normal","normal","Symmetric",NA,1,TRUE,6.42499999998836
"10","Y~X",0.399042208733505,0.0561743886517547,0.4,"MC-PLSc",11929,8909686,300,"continuous","normal","normal","Symmetric",NA,1,TRUE,6.42499999998836
"11","Y~Z",0.559710759126878,0.0585606775725539,0.5,"MC-PLSc",11929,8909686,300,"continuous","normal","normal","Symmetric",NA,1,TRUE,6.42499999998836
"12","Y~X:Z",0.274295394805609,0.0717672281009196,0.3,"MC-PLSc",11929,8909686,300,"continuous","normal","normal","Symmetric",NA,1,TRUE,6.42499999998836
"13","X~~Z",0.177473479598809,0.0748817283675065,0.2,"MC-PLSc",11929,8909686,300,"continuous","normal","normal","Symmetric",NA,1,TRUE,6.42499999998836
"14","X=~x1",0.362933053370646,0.100492962786444,0.4,"PLSc",11929,8909686,300,"continuous","normal","normal","Symmetric",NA,1,TRUE,1.25399999995716
"15","X=~x2",0.734488637805907,0.0608301293882537,0.8,"PLSc",11929,8909686,300,"continuous","normal","normal","Symmetric",NA,1,TRUE,1.25399999995716
"16","X=~x3",0.895640831983842,0.070455384358883,0.8,"PLSc",11929,8909686,300,"continuous","normal","normal","Symmetric",NA,1,TRUE,1.25399999995716
"17","Z=~z1",0.653946051110846,0.0691792957497749,0.6,"PLSc",11929,8909686,300,"continuous","normal","normal","Symmetric",NA,1,TRUE,1.25399999995716
"18","Z=~z2",0.575335437692403,0.0686759629655268,0.6,"PLSc",11929,8909686,300,"continuous","normal","normal","Symmetric",NA,1,TRUE,1.25399999995716
"19","Z=~z3",0.724706595873531,0.0531123349689066,0.8,"PLSc",11929,8909686,300,"continuous","normal","normal","Symmetric",NA,1,TRUE,1.25399999995716
"20","Y=~y1",0.523832959429118,0.0667920945450058,0.4,"PLSc",11929,8909686,300,"continuous","normal","normal","Symmetric",NA,1,TRUE,1.25399999995716
"21","Y=~y2",0.674432177743363,0.0497108970885122,0.7,"PLSc",11929,8909686,300,"continuous","normal","normal","Symmetric",NA,1,TRUE,1.25399999995716
"22","Y=~y3",0.910541001790584,0.037432855431269,0.9,"PLSc",11929,8909686,300,"continuous","normal","normal","Symmetric",NA,1,TRUE,1.25399999995716
"23","Y~X",0.384403168066257,0.0657636819706611,0.4,"PLSc",11929,8909686,300,"continuous","normal","normal","Symmetric",NA,1,TRUE,1.25399999995716
"24","Y~Z",0.578078997867057,0.0631113819597226,0.5,"PLSc",11929,8909686,300,"continuous","normal","normal","Symmetric",NA,1,TRUE,1.25399999995716
"25","Y~X:Z",0.290688700285757,0.0987813737301375,0.3,"PLSc",11929,8909686,300,"continuous","normal","normal","Symmetric",NA,1,TRUE,1.25399999995716
"26","X~~Z",0.179149879534755,0.0735275225678422,0.2,"PLSc",11929,8909686,300,"continuous","normal","normal","Symmetric",NA,1,TRUE,1.25399999995716
"27","X=~x1",0.528308705569095,0.078084251242854,0.4,"PLS",11929,8909686,300,"continuous","normal","normal","Symmetric",NA,1,TRUE,0.880000000004657
"28","X=~x2",0.865148823019401,0.0231080502110454,0.8,"PLS",11929,8909686,300,"continuous","normal","normal","Symmetric",NA,1,TRUE,0.880000000004657
"29","X=~x3",0.90844908639839,0.0174780400498223,0.8,"PLS",11929,8909686,300,"continuous","normal","normal","Symmetric",NA,1,TRUE,0.880000000004657
"30","Z=~z1",0.75704228114747,0.0406661924115342,0.6,"PLS",11929,8909686,300,"continuous","normal","normal","Symmetric",NA,1,TRUE,0.880000000004657
"31","Z=~z2",0.722284647759758,0.0418364774335257,0.6,"PLS",11929,8909686,300,"continuous","normal","normal","Symmetric",NA,1,TRUE,0.880000000004657
"32","Z=~z3",0.864989688212426,0.0164145237629931,0.8,"PLS",11929,8909686,300,"continuous","normal","normal","Symmetric",NA,1,TRUE,0.880000000004657
"33","Y=~y1",0.645918883988532,0.0523592203623163,0.4,"PLS",11929,8909686,300,"continuous","normal","normal","Symmetric",NA,1,TRUE,0.880000000004657
"34","Y=~y2",0.839505123165103,0.0221102314742098,0.7,"PLS",11929,8909686,300,"continuous","normal","normal","Symmetric",NA,1,TRUE,0.880000000004657
"35","Y=~y3",0.914257019726635,0.0102230447781062,0.9,"PLS",11929,8909686,300,"continuous","normal","normal","Symmetric",NA,1,TRUE,0.880000000004657
"36","Y~X",0.34389914890079,0.0427485202665886,0.4,"PLS",11929,8909686,300,"continuous","normal","normal","Symmetric",NA,1,TRUE,0.880000000004657
"37","Y~Z",0.438630342125204,0.0429494628529747,0.5,"PLS",11929,8909686,300,"continuous","normal","normal","Symmetric",NA,1,TRUE,0.880000000004657
"38","Y~X:Z",0.190776778032243,0.0452910680223323,0.3,"PLS",11929,8909686,300,"continuous","normal","normal","Symmetric",NA,1,TRUE,0.880000000004657
"39","X~~Z",0.134329105164331,0.055291651457897,0.2,"PLS",11929,8909686,300,"continuous","normal","normal","Symmetric",NA,1,TRUE,0.880000000004657
"40","X=~x1",0.378,0.06,0.4,"Mplus",11929,8909686,300,"continuous","normal","normal","Symmetric",NA,1,TRUE,2.4890000000014
"41","X=~x2",0.738,0.043,0.8,"Mplus",11929,8909686,300,"continuous","normal","normal","Symmetric",NA,1,TRUE,2.4890000000014
"42","X=~x3",0.88,0.04,0.8,"Mplus",11929,8909686,300,"continuous","normal","normal","Symmetric",NA,1,TRUE,2.4890000000014
"43","Z=~z1",0.592,0.05,0.6,"Mplus",11929,8909686,300,"continuous","normal","normal","Symmetric",NA,1,TRUE,2.4890000000014
"44","Z=~z2",0.589,0.049,0.6,"Mplus",11929,8909686,300,"continuous","normal","normal","Symmetric",NA,1,TRUE,2.4890000000014
"45","Z=~z3",0.808,0.038,0.8,"Mplus",11929,8909686,300,"continuous","normal","normal","Symmetric",NA,1,TRUE,2.4890000000014
"46","Y=~y1",0.44,0.051,0.4,"Mplus",11929,8909686,300,"continuous","normal","normal","Symmetric",NA,1,TRUE,2.4890000000014
"47","Y=~y2",0.7,0.033,0.7,"Mplus",11929,8909686,300,"continuous","normal","normal","Symmetric",NA,1,TRUE,2.4890000000014
"48","Y=~y3",0.961,0.03,0.9,"Mplus",11929,8909686,300,"continuous","normal","normal","Symmetric",NA,1,TRUE,2.4890000000014
"49","Y~X",0.396,0.049,0.4,"Mplus",11929,8909686,300,"continuous","normal","normal","Symmetric",NA,1,TRUE,2.4890000000014
"50","Y~Z",0.507,0.059,0.5,"Mplus",11929,8909686,300,"continuous","normal","normal","Symmetric",NA,1,TRUE,2.4890000000014
"51","Y~X:Z",0.257,0.048,0.3,"Mplus",11929,8909686,300,"continuous","normal","normal","Symmetric",NA,1,TRUE,2.4890000000014
"52","X~~Z",0.182,0.069,0.2,"Mplus",11929,8909686,300,"continuous","normal","normal","Symmetric",NA,1,TRUE,2.4890000000014
"53","X=~x1",0.380659606937856,0.0573054378321728,0.4,"LSAM",11929,8909686,300,"continuous","normal","normal","Symmetric",NA,1,TRUE,0.421000000031199
"54","X=~x2",0.754849727424245,0.0925925200569828,0.8,"LSAM",11929,8909686,300,"continuous","normal","normal","Symmetric",NA,1,TRUE,0.421000000031199
"55","X=~x3",0.859055400134414,0.0891466844321106,0.8,"LSAM",11929,8909686,300,"continuous","normal","normal","Symmetric",NA,1,TRUE,0.421000000031199
"56","Z=~z1",0.516274227970166,0.0314506592015617,0.6,"LSAM",11929,8909686,300,"continuous","normal","normal","Symmetric",NA,1,TRUE,0.421000000031199
"57","Z=~z2",0.522068427112674,0.0633055833052911,0.6,"LSAM",11929,8909686,300,"continuous","normal","normal","Symmetric",NA,1,TRUE,0.421000000031199
"58","Z=~z3",0.948621737793997,0.0852143720192452,0.8,"LSAM",11929,8909686,300,"continuous","normal","normal","Symmetric",NA,1,TRUE,0.421000000031199
"59","Y=~y1",0.444830870161713,0.0253965589151247,0.4,"LSAM",11929,8909686,300,"continuous","normal","normal","Symmetric",NA,1,TRUE,0.421000000031199
"60","Y=~y2",0.715918347382238,0.0600338253169944,0.7,"LSAM",11929,8909686,300,"continuous","normal","normal","Symmetric",NA,1,TRUE,0.421000000031199
"61","Y=~y3",0.946467400421941,0.0638317310061176,0.9,"LSAM",11929,8909686,300,"continuous","normal","normal","Symmetric",NA,1,TRUE,0.421000000031199
"62","Y~X",0.421365449231927,0.0516861429037481,0.4,"LSAM",11929,8909686,300,"continuous","normal","normal","Symmetric",NA,1,TRUE,0.421000000031199
"63","Y~Z",0.410545852345275,0.0708426424466538,0.5,"LSAM",11929,8909686,300,"continuous","normal","normal","Symmetric",NA,1,TRUE,0.421000000031199
"64","Y~X:Z",0.214191237967638,0.0731020730080241,0.3,"LSAM",11929,8909686,300,"continuous","normal","normal","Symmetric",NA,1,TRUE,0.421000000031199
"65","X~~Z",0.179952170907683,0.0623328500268811,0.2,"LSAM",11929,8909686,300,"continuous","normal","normal","Symmetric",NA,1,TRUE,0.421000000031199
"66","X=~x1",0.440362866856902,0.0327937023782476,0.4,"MC-PLSc",11930,2889170,1000,"continuous","normal","normal","Symmetric",NA,1,TRUE,6.17800000001444
"67","X=~x2",0.810041231015618,0.0220545350695108,0.8,"MC-PLSc",11930,2889170,1000,"continuous","normal","normal","Symmetric",NA,1,TRUE,6.17800000001444
"68","X=~x3",0.808405903968882,0.0245780495565846,0.8,"MC-PLSc",11930,2889170,1000,"continuous","normal","normal","Symmetric",NA,1,TRUE,6.17800000001444
"69","Z=~z1",0.599744577496549,0.0290697736655635,0.6,"MC-PLSc",11930,2889170,1000,"continuous","normal","normal","Symmetric",NA,1,TRUE,6.17800000001444
"70","Z=~z2",0.626018322275137,0.0282543468453405,0.6,"MC-PLSc",11930,2889170,1000,"continuous","normal","normal","Symmetric",NA,1,TRUE,6.17800000001444
"71","Z=~z3",0.79727874010055,0.024344451521514,0.8,"MC-PLSc",11930,2889170,1000,"continuous","normal","normal","Symmetric",NA,1,TRUE,6.17800000001444
"72","Y=~y1",0.39985835121274,0.0319444087149734,0.4,"MC-PLSc",11930,2889170,1000,"continuous","normal","normal","Symmetric",NA,1,TRUE,6.17800000001444
"73","Y=~y2",0.735490340174733,0.0229629044097725,0.7,"MC-PLSc",11930,2889170,1000,"continuous","normal","normal","Symmetric",NA,1,TRUE,6.17800000001444
"74","Y=~y3",0.878686926805553,0.0196273021908722,0.9,"MC-PLSc",11930,2889170,1000,"continuous","normal","normal","Symmetric",NA,1,TRUE,6.17800000001444
"75","Y~X",0.406645338693899,0.0324059194104356,0.4,"MC-PLSc",11930,2889170,1000,"continuous","normal","normal","Symmetric",NA,1,TRUE,6.17800000001444
"76","Y~Z",0.492007879361671,0.0346469375327692,0.5,"MC-PLSc",11930,2889170,1000,"continuous","normal","normal","Symmetric",NA,1,TRUE,6.17800000001444
"77","Y~X:Z",0.278064875543325,0.0354564661030836,0.3,"MC-PLSc",11930,2889170,1000,"continuous","normal","normal","Symmetric",NA,1,TRUE,6.17800000001444
"78","X~~Z",0.28792763071714,0.0386467276930318,0.2,"MC-PLSc",11930,2889170,1000,"continuous","normal","normal","Symmetric",NA,1,TRUE,6.17800000001444
"79","X=~x1",0.452334325376655,0.0457393140619839,0.4,"PLSc",11930,2889170,1000,"continuous","normal","normal","Symmetric",NA,1,TRUE,1.32800000003772
"80","X=~x2",0.813162355473516,0.0298494652649409,0.8,"PLSc",11930,2889170,1000,"continuous","normal","normal","Symmetric",NA,1,TRUE,1.32800000003772
"81","X=~x3",0.79454017200352,0.0315762867989773,0.8,"PLSc",11930,2889170,1000,"continuous","normal","normal","Symmetric",NA,1,TRUE,1.32800000003772
"82","Z=~z1",0.594699768611116,0.0383799191522191,0.6,"PLSc",11930,2889170,1000,"continuous","normal","normal","Symmetric",NA,1,TRUE,1.32800000003772
"83","Z=~z2",0.647792058980948,0.0358358663749628,0.6,"PLSc",11930,2889170,1000,"continuous","normal","normal","Symmetric",NA,1,TRUE,1.32800000003772
"84","Z=~z3",0.776677717793661,0.033231794274435,0.8,"PLSc",11930,2889170,1000,"continuous","normal","normal","Symmetric",NA,1,TRUE,1.32800000003772
"85","Y=~y1",0.407974397771919,0.0369249728481125,0.4,"PLSc",11930,2889170,1000,"continuous","normal","normal","Symmetric",NA,1,TRUE,1.32800000003772
"86","Y=~y2",0.723310610716984,0.02457002167516,0.7,"PLSc",11930,2889170,1000,"continuous","normal","normal","Symmetric",NA,1,TRUE,1.32800000003772
"87","Y=~y3",0.884138074218573,0.0233944451153736,0.9,"PLSc",11930,2889170,1000,"continuous","normal","normal","Symmetric",NA,1,TRUE,1.32800000003772
"88","Y~X",0.398000211682791,0.0370558625710875,0.4,"PLSc",11930,2889170,1000,"continuous","normal","normal","Symmetric",NA,1,TRUE,1.32800000003772
"89","Y~Z",0.492476913280406,0.0387182661418414,0.5,"PLSc",11930,2889170,1000,"continuous","normal","normal","Symmetric",NA,1,TRUE,1.32800000003772
"90","Y~X:Z",0.288835495661078,0.0480818945570414,0.3,"PLSc",11930,2889170,1000,"continuous","normal","normal","Symmetric",NA,1,TRUE,1.32800000003772
"91","X~~Z",0.290983874603774,0.0370605625869475,0.2,"PLSc",11930,2889170,1000,"continuous","normal","normal","Symmetric",NA,1,TRUE,1.32800000003772
"92","X=~x1",0.600382168353144,0.0314471967262929,0.4,"PLS",11930,2889170,1000,"continuous","normal","normal","Symmetric",NA,1,TRUE,0.930999999982305
"93","X=~x2",0.883442098403885,0.00917446783448649,0.8,"PLS",11930,2889170,1000,"continuous","normal","normal","Symmetric",NA,1,TRUE,0.930999999982305
"94","X=~x3",0.882861842926582,0.00958115669891129,0.8,"PLS",11930,2889170,1000,"continuous","normal","normal","Symmetric",NA,1,TRUE,0.930999999982305
"95","Z=~z1",0.749881928606497,0.0204587749343507,0.6,"PLS",11930,2889170,1000,"continuous","normal","normal","Symmetric",NA,1,TRUE,0.930999999982305
"96","Z=~z2",0.770540315352951,0.0184400046893408,0.6,"PLS",11930,2889170,1000,"continuous","normal","normal","Symmetric",NA,1,TRUE,0.930999999982305
"97","Z=~z3",0.861750150628712,0.010432278945915,0.8,"PLS",11930,2889170,1000,"continuous","normal","normal","Symmetric",NA,1,TRUE,0.930999999982305
"98","Y=~y1",0.559453080063051,0.0332143911778829,0.4,"PLS",11930,2889170,1000,"continuous","normal","normal","Symmetric",NA,1,TRUE,0.930999999982305
"99","Y=~y2",0.859763549581332,0.0110609530145444,0.7,"PLS",11930,2889170,1000,"continuous","normal","normal","Symmetric",NA,1,TRUE,0.930999999982305
"100","Y=~y3",0.905090672076419,0.00640347385294961,0.9,"PLS",11930,2889170,1000,"continuous","normal","normal","Symmetric",NA,1,TRUE,0.930999999982305
"101","Y~X",0.349713824636772,0.0261629614365414,0.4,"PLS",11930,2889170,1000,"continuous","normal","normal","Symmetric",NA,1,TRUE,0.930999999982305
"102","Y~Z",0.388191630198428,0.0260087316757319,0.5,"PLS",11930,2889170,1000,"continuous","normal","normal","Symmetric",NA,1,TRUE,0.930999999982305
"103","Y~X:Z",0.193723232090891,0.0252979853997956,0.3,"PLS",11930,2889170,1000,"continuous","normal","normal","Symmetric",NA,1,TRUE,0.930999999982305
"104","X~~Z",0.219608810023646,0.0283291038376814,0.2,"PLS",11930,2889170,1000,"continuous","normal","normal","Symmetric",NA,1,TRUE,0.930999999982305
"105","X=~x1",0.435,0.028,0.4,"Mplus",11930,2889170,1000,"continuous","normal","normal","Symmetric",NA,1,TRUE,10.8630000000121
"106","X=~x2",0.816,0.019,0.8,"Mplus",11930,2889170,1000,"continuous","normal","normal","Symmetric",NA,1,TRUE,10.8630000000121
"107","X=~x3",0.809,0.02,0.8,"Mplus",11930,2889170,1000,"continuous","normal","normal","Symmetric",NA,1,TRUE,10.8630000000121
"108","Z=~z1",0.608,0.026,0.6,"Mplus",11930,2889170,1000,"continuous","normal","normal","Symmetric",NA,1,TRUE,10.8630000000121
"109","Z=~z2",0.613,0.025,0.6,"Mplus",11930,2889170,1000,"continuous","normal","normal","Symmetric",NA,1,TRUE,10.8630000000121
"110","Z=~z3",0.807,0.022,0.8,"Mplus",11930,2889170,1000,"continuous","normal","normal","Symmetric",NA,1,TRUE,10.8630000000121
"111","Y=~y1",0.387,0.03,0.4,"Mplus",11930,2889170,1000,"continuous","normal","normal","Symmetric",NA,1,TRUE,10.8630000000121
"112","Y=~y2",0.726,0.02,0.7,"Mplus",11930,2889170,1000,"continuous","normal","normal","Symmetric",NA,1,TRUE,10.8630000000121
"113","Y=~y3",0.892,0.017,0.9,"Mplus",11930,2889170,1000,"continuous","normal","normal","Symmetric",NA,1,TRUE,10.8630000000121
"114","Y~X",0.416,0.031,0.4,"Mplus",11930,2889170,1000,"continuous","normal","normal","Symmetric",NA,1,TRUE,10.8630000000121
"115","Y~Z",0.47,0.032,0.5,"Mplus",11930,2889170,1000,"continuous","normal","normal","Symmetric",NA,1,TRUE,10.8630000000121
"116","Y~X:Z",0.273,0.031,0.3,"Mplus",11930,2889170,1000,"continuous","normal","normal","Symmetric",NA,1,TRUE,10.8630000000121
"117","X~~Z",0.286,0.037,0.2,"Mplus",11930,2889170,1000,"continuous","normal","normal","Symmetric",NA,1,TRUE,10.8630000000121
"118","X=~x1",0.430833918332019,0.0290973957629836,0.4,"LSAM",11930,2889170,1000,"continuous","normal","normal","Symmetric",NA,1,TRUE,0.436999999976251
"119","X=~x2",0.799543905205881,0.0426416596577577,0.8,"LSAM",11930,2889170,1000,"continuous","normal","normal","Symmetric",NA,1,TRUE,0.436999999976251
"120","X=~x3",0.826888693227182,0.0420764488529602,0.8,"LSAM",11930,2889170,1000,"continuous","normal","normal","Symmetric",NA,1,TRUE,0.436999999976251
"121","Z=~z1",0.598231816024362,0.0199258128515259,0.6,"LSAM",11930,2889170,1000,"continuous","normal","normal","Symmetric",NA,1,TRUE,0.436999999976251
"122","Z=~z2",0.597019964158056,0.0361617515066992,0.6,"LSAM",11930,2889170,1000,"continuous","normal","normal","Symmetric",NA,1,TRUE,0.436999999976251
"123","Z=~z3",0.827645251498359,0.0397716445418246,0.8,"LSAM",11930,2889170,1000,"continuous","normal","normal","Symmetric",NA,1,TRUE,0.436999999976251
"124","Y=~y1",0.393679247524323,0.0140370187363304,0.4,"LSAM",11930,2889170,1000,"continuous","normal","normal","Symmetric",NA,1,TRUE,0.436999999976251
"125","Y=~y2",0.750700278430142,0.0405505029754764,0.7,"LSAM",11930,2889170,1000,"continuous","normal","normal","Symmetric",NA,1,TRUE,0.436999999976251
"126","Y=~y3",0.866361857233156,0.0430648489720395,0.9,"LSAM",11930,2889170,1000,"continuous","normal","normal","Symmetric",NA,1,TRUE,0.436999999976251
"127","Y~X",0.411116157178721,0.0355658656030859,0.4,"LSAM",11930,2889170,1000,"continuous","normal","normal","Symmetric",NA,1,TRUE,0.436999999976251
"128","Y~Z",0.469888792499846,0.0401944046912201,0.5,"LSAM",11930,2889170,1000,"continuous","normal","normal","Symmetric",NA,1,TRUE,0.436999999976251
"129","Y~X:Z",0.274707977053677,0.0372531364237931,0.3,"LSAM",11930,2889170,1000,"continuous","normal","normal","Symmetric",NA,1,TRUE,0.436999999976251
"130","X~~Z",0.285501185371613,0.0370841106562817,0.2,"LSAM",11930,2889170,1000,"continuous","normal","normal","Symmetric",NA,1,TRUE,0.436999999976251
"131","X=~x1",0.423497357461816,0.0554299680740802,0.4,"MC-PLSc",11931,2923351,300,"continuous","skewed","normal","Symmetric",NA,1,TRUE,6.17599999997765
"132","X=~x2",0.834058837685557,0.0488535248781869,0.8,"MC-PLSc",11931,2923351,300,"continuous","skewed","normal","Symmetric",NA,1,TRUE,6.17599999997765
"133","X=~x3",0.727676156530587,0.0532805671859096,0.8,"MC-PLSc",11931,2923351,300,"continuous","skewed","normal","Symmetric",NA,1,TRUE,6.17599999997765
"134","Z=~z1",0.612569755733488,0.066258897186742,0.6,"MC-PLSc",11931,2923351,300,"continuous","skewed","normal","Symmetric",NA,1,TRUE,6.17599999997765
"135","Z=~z2",0.515287307665095,0.0618398932441125,0.6,"MC-PLSc",11931,2923351,300,"continuous","skewed","normal","Symmetric",NA,1,TRUE,6.17599999997765
"136","Z=~z3",0.798321943999973,0.0465661735351288,0.8,"MC-PLSc",11931,2923351,300,"continuous","skewed","normal","Symmetric",NA,1,TRUE,6.17599999997765
"137","Y=~y1",0.329730246722566,0.0635688377832679,0.4,"MC-PLSc",11931,2923351,300,"continuous","skewed","normal","Symmetric",NA,1,TRUE,6.17599999997765
"138","Y=~y2",0.672338860219555,0.0435088776805178,0.7,"MC-PLSc",11931,2923351,300,"continuous","skewed","normal","Symmetric",NA,1,TRUE,6.17599999997765
"139","Y=~y3",0.879219647470078,0.0361521570037885,0.9,"MC-PLSc",11931,2923351,300,"continuous","skewed","normal","Symmetric",NA,1,TRUE,6.17599999997765
"140","Y~X",0.522767296074574,0.0695029566823758,0.4,"MC-PLSc",11931,2923351,300,"continuous","skewed","normal","Symmetric",NA,1,TRUE,6.17599999997765
"141","Y~Z",0.577735436195586,0.0528037056633041,0.5,"MC-PLSc",11931,2923351,300,"continuous","skewed","normal","Symmetric",NA,1,TRUE,6.17599999997765
"142","Y~X:Z",0.318868031016752,0.0616239915545704,0.3,"MC-PLSc",11931,2923351,300,"continuous","skewed","normal","Symmetric",NA,1,TRUE,6.17599999997765
"143","X~~Z",0.0902895662639713,0.0850669963673716,0.2,"MC-PLSc",11931,2923351,300,"continuous","skewed","normal","Symmetric",NA,1,TRUE,6.17599999997765
"144","X=~x1",0.464071679352216,0.0818473166514753,0.4,"PLSc",11931,2923351,300,"continuous","skewed","normal","Symmetric",NA,1,TRUE,1.26699999999255
"145","X=~x2",0.810636829840551,0.0625420032353451,0.8,"PLSc",11931,2923351,300,"continuous","skewed","normal","Symmetric",NA,1,TRUE,1.26699999999255
"146","X=~x3",0.712024091680627,0.0625704385901796,0.8,"PLSc",11931,2923351,300,"continuous","skewed","normal","Symmetric",NA,1,TRUE,1.26699999999255
"147","Z=~z1",0.590718897988166,0.0740130704393712,0.6,"PLSc",11931,2923351,300,"continuous","skewed","normal","Symmetric",NA,1,TRUE,1.26699999999255
"148","Z=~z2",0.520217387499967,0.068843058846701,0.6,"PLSc",11931,2923351,300,"continuous","skewed","normal","Symmetric",NA,1,TRUE,1.26699999999255
"149","Z=~z3",0.815595995956187,0.057820025185769,0.8,"PLSc",11931,2923351,300,"continuous","skewed","normal","Symmetric",NA,1,TRUE,1.26699999999255
"150","Y=~y1",0.322660821095532,0.0769076347062029,0.4,"PLSc",11931,2923351,300,"continuous","skewed","normal","Symmetric",NA,1,TRUE,1.26699999999255
"151","Y=~y2",0.651274465468115,0.0460516698674808,0.7,"PLSc",11931,2923351,300,"continuous","skewed","normal","Symmetric",NA,1,TRUE,1.26699999999255
"152","Y=~y3",0.910723153190762,0.0420313751276918,0.9,"PLSc",11931,2923351,300,"continuous","skewed","normal","Symmetric",NA,1,TRUE,1.26699999999255
"153","Y~X",0.520078959574438,1.19545069123871,0.4,"PLSc",11931,2923351,300,"continuous","skewed","normal","Symmetric",NA,1,TRUE,1.26699999999255
"154","Y~Z",0.554057496683749,0.240472688426269,0.5,"PLSc",11931,2923351,300,"continuous","skewed","normal","Symmetric",NA,1,TRUE,1.26699999999255
"155","Y~X:Z",0.240082464099076,1.94364984577362,0.3,"PLSc",11931,2923351,300,"continuous","skewed","normal","Symmetric",NA,1,TRUE,1.26699999999255
"156","X~~Z",0.0917175080834705,0.0882523499689441,0.2,"PLSc",11931,2923351,300,"continuous","skewed","normal","Symmetric",NA,1,TRUE,1.26699999999255
"157","X=~x1",0.58721507377486,0.065726861707003,0.4,"PLS",11931,2923351,300,"continuous","skewed","normal","Symmetric",NA,1,TRUE,0.871999999973923
"158","X=~x2",0.886863005636789,0.0182637861718875,0.8,"PLS",11931,2923351,300,"continuous","skewed","normal","Symmetric",NA,1,TRUE,0.871999999973923
"159","X=~x3",0.849068835766423,0.0272269070317945,0.8,"PLS",11931,2923351,300,"continuous","skewed","normal","Symmetric",NA,1,TRUE,0.871999999973923
"160","Z=~z1",0.76926742742118,0.0451981990649691,0.6,"PLS",11931,2923351,300,"continuous","skewed","normal","Symmetric",NA,1,TRUE,0.871999999973923
"161","Z=~z2",0.684755688757732,0.049200291513491,0.6,"PLS",11931,2923351,300,"continuous","skewed","normal","Symmetric",NA,1,TRUE,0.871999999973923
"162","Z=~z3",0.864700730366564,0.0175965523701234,0.8,"PLS",11931,2923351,300,"continuous","skewed","normal","Symmetric",NA,1,TRUE,0.871999999973923
"163","Y=~y1",0.484440293739575,0.082330167339012,0.4,"PLS",11931,2923351,300,"continuous","skewed","normal","Symmetric",NA,1,TRUE,0.871999999973923
"164","Y=~y2",0.833672682161423,0.0251748943135426,0.7,"PLS",11931,2923351,300,"continuous","skewed","normal","Symmetric",NA,1,TRUE,0.871999999973923
"165","Y=~y3",0.905493575393581,0.0114685977265836,0.9,"PLS",11931,2923351,300,"continuous","skewed","normal","Symmetric",NA,1,TRUE,0.871999999973923
"166","Y~X",0.413839844299126,0.0569088442421962,0.4,"PLS",11931,2923351,300,"continuous","skewed","normal","Symmetric",NA,1,TRUE,0.871999999973923
"167","Y~Z",0.43736413530455,0.0397886596906556,0.5,"PLS",11931,2923351,300,"continuous","skewed","normal","Symmetric",NA,1,TRUE,0.871999999973923
"168","Y~X:Z",0.207633786938766,0.0466435467650987,0.3,"PLS",11931,2923351,300,"continuous","skewed","normal","Symmetric",NA,1,TRUE,0.871999999973923
"169","X~~Z",0.0671882764319167,0.0649670780835256,0.2,"PLS",11931,2923351,300,"continuous","skewed","normal","Symmetric",NA,1,TRUE,0.871999999973923
"170","X=~x1",0.398,0.059,0.4,"Mplus",11931,2923351,300,"continuous","skewed","normal","Symmetric",NA,1,TRUE,2.37199999997392
"171","X=~x2",0.833,0.041,0.8,"Mplus",11931,2923351,300,"continuous","skewed","normal","Symmetric",NA,1,TRUE,2.37199999997392
"172","X=~x3",0.757,0.047,0.8,"Mplus",11931,2923351,300,"continuous","skewed","normal","Symmetric",NA,1,TRUE,2.37199999997392
"173","Z=~z1",0.613,0.057,0.6,"Mplus",11931,2923351,300,"continuous","skewed","normal","Symmetric",NA,1,TRUE,2.37199999997392
"174","Z=~z2",0.513,0.055,0.6,"Mplus",11931,2923351,300,"continuous","skewed","normal","Symmetric",NA,1,TRUE,2.37199999997392
"175","Z=~z3",0.771,0.044,0.8,"Mplus",11931,2923351,300,"continuous","skewed","normal","Symmetric",NA,1,TRUE,2.37199999997392
"176","Y=~y1",0.301,0.054,0.4,"Mplus",11931,2923351,300,"continuous","skewed","normal","Symmetric",NA,1,TRUE,2.37199999997392
"177","Y=~y2",0.625,0.041,0.7,"Mplus",11931,2923351,300,"continuous","skewed","normal","Symmetric",NA,1,TRUE,2.37199999997392
"178","Y=~y3",0.898,0.032,0.9,"Mplus",11931,2923351,300,"continuous","skewed","normal","Symmetric",NA,1,TRUE,2.37199999997392
"179","Y~X",0.489,0.063,0.4,"Mplus",11931,2923351,300,"continuous","skewed","normal","Symmetric",NA,1,TRUE,2.37199999997392
"180","Y~Z",0.591,0.058,0.5,"Mplus",11931,2923351,300,"continuous","skewed","normal","Symmetric",NA,1,TRUE,2.37199999997392
"181","Y~X:Z",0.366,0.044,0.3,"Mplus",11931,2923351,300,"continuous","skewed","normal","Symmetric",NA,1,TRUE,2.37199999997392
"182","X~~Z",0.126,0.082,0.2,"Mplus",11931,2923351,300,"continuous","skewed","normal","Symmetric",NA,1,TRUE,2.37199999997392
"183","X=~x1",0.38764947378207,0.0622956264255808,0.4,"LSAM",11931,2923351,300,"continuous","skewed","normal","Symmetric",NA,1,TRUE,0.51600000000326
"184","X=~x2",0.863788709838883,0.0919461446823147,0.8,"LSAM",11931,2923351,300,"continuous","skewed","normal","Symmetric",NA,1,TRUE,0.51600000000326
"185","X=~x3",0.730678931403605,0.0969581208133716,0.8,"LSAM",11931,2923351,300,"continuous","skewed","normal","Symmetric",NA,1,TRUE,0.51600000000326
"186","Z=~z1",0.647184829909419,0.0534738874873053,0.6,"LSAM",11931,2923351,300,"continuous","skewed","normal","Symmetric",NA,1,TRUE,0.51600000000326
"187","Z=~z2",0.516365132852358,0.0807704962970038,0.6,"LSAM",11931,2923351,300,"continuous","skewed","normal","Symmetric",NA,1,TRUE,0.51600000000326
"188","Z=~z3",0.760753247433492,0.0912575894546965,0.8,"LSAM",11931,2923351,300,"continuous","skewed","normal","Symmetric",NA,1,TRUE,0.51600000000326
"189","Y=~y1",0.346426395992014,0.0322053953778871,0.4,"LSAM",11931,2923351,300,"continuous","skewed","normal","Symmetric",NA,1,TRUE,0.51600000000326
"190","Y=~y2",0.755911216097077,0.100018883983588,0.7,"LSAM",11931,2923351,300,"continuous","skewed","normal","Symmetric",NA,1,TRUE,0.51600000000326
"191","Y=~y3",0.776665000442444,0.10165454110448,0.9,"LSAM",11931,2923351,300,"continuous","skewed","normal","Symmetric",NA,1,TRUE,0.51600000000326
"192","Y~X",0.49579619219876,0.0985912984031513,0.4,"LSAM",11931,2923351,300,"continuous","skewed","normal","Symmetric",NA,1,TRUE,0.51600000000326
"193","Y~Z",0.583639512512231,0.0924953894552173,0.5,"LSAM",11931,2923351,300,"continuous","skewed","normal","Symmetric",NA,1,TRUE,0.51600000000326
"194","Y~X:Z",0.230071538402326,0.0598669335577435,0.3,"LSAM",11931,2923351,300,"continuous","skewed","normal","Symmetric",NA,1,TRUE,0.51600000000326
"195","X~~Z",0.102173383327188,0.0909628564076488,0.2,"LSAM",11931,2923351,300,"continuous","skewed","normal","Symmetric",NA,1,TRUE,0.51600000000326
"196","X=~x1",0.380626537594163,0.0369449661509068,0.4,"MC-PLSc",11932,8788903,1000,"continuous","skewed","normal","Symmetric",NA,1,TRUE,6.26500000001397
"197","X=~x2",0.774298452701313,0.0332586764004674,0.8,"MC-PLSc",11932,8788903,1000,"continuous","skewed","normal","Symmetric",NA,1,TRUE,6.26500000001397
"198","X=~x3",0.765366391573665,0.0285725511560766,0.8,"MC-PLSc",11932,8788903,1000,"continuous","skewed","normal","Symmetric",NA,1,TRUE,6.26500000001397
"199","Z=~z1",0.618516233578462,0.0315800780911436,0.6,"MC-PLSc",11932,8788903,1000,"continuous","skewed","normal","Symmetric",NA,1,TRUE,6.26500000001397
"200","Z=~z2",0.59582485097252,0.0324653101105749,0.6,"MC-PLSc",11932,8788903,1000,"continuous","skewed","normal","Symmetric",NA,1,TRUE,6.26500000001397
"201","Z=~z3",0.825444929619863,0.0237194275091151,0.8,"MC-PLSc",11932,8788903,1000,"continuous","skewed","normal","Symmetric",NA,1,TRUE,6.26500000001397
"202","Y=~y1",0.399141336007381,0.0331243770944335,0.4,"MC-PLSc",11932,8788903,1000,"continuous","skewed","normal","Symmetric",NA,1,TRUE,6.26500000001397
"203","Y=~y2",0.708242403963464,0.0290730267019461,0.7,"MC-PLSc",11932,8788903,1000,"continuous","skewed","normal","Symmetric",NA,1,TRUE,6.26500000001397
"204","Y=~y3",0.882607474800239,0.0207764551701779,0.9,"MC-PLSc",11932,8788903,1000,"continuous","skewed","normal","Symmetric",NA,1,TRUE,6.26500000001397
"205","Y~X",0.36124707281642,0.0307243392291772,0.4,"MC-PLSc",11932,8788903,1000,"continuous","skewed","normal","Symmetric",NA,1,TRUE,6.26500000001397
"206","Y~Z",0.594910203914739,0.0325527205924621,0.5,"MC-PLSc",11932,8788903,1000,"continuous","skewed","normal","Symmetric",NA,1,TRUE,6.26500000001397
"207","Y~X:Z",0.312244738325925,0.0380817951474044,0.3,"MC-PLSc",11932,8788903,1000,"continuous","skewed","normal","Symmetric",NA,1,TRUE,6.26500000001397
"208","X~~Z",0.215413670068498,0.0502178563605269,0.2,"MC-PLSc",11932,8788903,1000,"continuous","skewed","normal","Symmetric",NA,1,TRUE,6.26500000001397
"209","X=~x1",0.404715903752985,0.0495595326554014,0.4,"PLSc",11932,8788903,1000,"continuous","skewed","normal","Symmetric",NA,1,TRUE,1.35999999998603
"210","X=~x2",0.756979960836307,0.0366202108412831,0.8,"PLSc",11932,8788903,1000,"continuous","skewed","normal","Symmetric",NA,1,TRUE,1.35999999998603
"211","X=~x3",0.760183026987195,0.0407766408056903,0.8,"PLSc",11932,8788903,1000,"continuous","skewed","normal","Symmetric",NA,1,TRUE,1.35999999998603
"212","Z=~z1",0.628786870077057,0.0350696717073654,0.6,"PLSc",11932,8788903,1000,"continuous","skewed","normal","Symmetric",NA,1,TRUE,1.35999999998603
"213","Z=~z2",0.586040953155404,0.0371432505905629,0.6,"PLSc",11932,8788903,1000,"continuous","skewed","normal","Symmetric",NA,1,TRUE,1.35999999998603
"214","Z=~z3",0.821754807720803,0.0302016167401582,0.8,"PLSc",11932,8788903,1000,"continuous","skewed","normal","Symmetric",NA,1,TRUE,1.35999999998603
"215","Y=~y1",0.389557477739781,0.0352301613700913,0.4,"PLSc",11932,8788903,1000,"continuous","skewed","normal","Symmetric",NA,1,TRUE,1.35999999998603
"216","Y=~y2",0.703156701587078,0.0282670867681195,0.7,"PLSc",11932,8788903,1000,"continuous","skewed","normal","Symmetric",NA,1,TRUE,1.35999999998603
"217","Y=~y3",0.896682973043852,0.0242311452123924,0.9,"PLSc",11932,8788903,1000,"continuous","skewed","normal","Symmetric",NA,1,TRUE,1.35999999998603
"218","Y~X",0.355637662821607,0.0341069812286038,0.4,"PLSc",11932,8788903,1000,"continuous","skewed","normal","Symmetric",NA,1,TRUE,1.35999999998603
"219","Y~Z",0.57627664226182,0.0373184838886512,0.5,"PLSc",11932,8788903,1000,"continuous","skewed","normal","Symmetric",NA,1,TRUE,1.35999999998603
"220","Y~X:Z",0.217218938588989,0.046110815664981,0.3,"PLSc",11932,8788903,1000,"continuous","skewed","normal","Symmetric",NA,1,TRUE,1.35999999998603
"221","X~~Z",0.215585096092096,0.0497511645745356,0.2,"PLSc",11932,8788903,1000,"continuous","skewed","normal","Symmetric",NA,1,TRUE,1.35999999998603
"222","X=~x1",0.540044036364618,0.0397253036391961,0.4,"PLS",11932,8788903,1000,"continuous","skewed","normal","Symmetric",NA,1,TRUE,0.908999999985099
"223","X=~x2",0.868981280499915,0.0123561284269405,0.8,"PLS",11932,8788903,1000,"continuous","skewed","normal","Symmetric",NA,1,TRUE,0.908999999985099
"224","X=~x3",0.865454825823736,0.0138328490107927,0.8,"PLS",11932,8788903,1000,"continuous","skewed","normal","Symmetric",NA,1,TRUE,0.908999999985099
"225","Z=~z1",0.766466644453305,0.0213840733478291,0.6,"PLS",11932,8788903,1000,"continuous","skewed","normal","Symmetric",NA,1,TRUE,0.908999999985099
"226","Z=~z2",0.748281770741822,0.023061783566759,0.6,"PLS",11932,8788903,1000,"continuous","skewed","normal","Symmetric",NA,1,TRUE,0.908999999985099
"227","Z=~z3",0.873337236641836,0.00985031333935098,0.8,"PLS",11932,8788903,1000,"continuous","skewed","normal","Symmetric",NA,1,TRUE,0.908999999985099
"228","Y=~y1",0.562067098321516,0.0328166509093296,0.4,"PLS",11932,8788903,1000,"continuous","skewed","normal","Symmetric",NA,1,TRUE,0.908999999985099
"229","Y=~y2",0.846029760087248,0.0145853980190614,0.7,"PLS",11932,8788903,1000,"continuous","skewed","normal","Symmetric",NA,1,TRUE,0.908999999985099
"230","Y=~y3",0.904194521082453,0.00702947224142443,0.9,"PLS",11932,8788903,1000,"continuous","skewed","normal","Symmetric",NA,1,TRUE,0.908999999985099
"231","Y~X",0.300147554721117,0.0225257552226372,0.4,"PLS",11932,8788903,1000,"continuous","skewed","normal","Symmetric",NA,1,TRUE,0.908999999985099
"232","Y~Z",0.468371166049479,0.0261880355153423,0.5,"PLS",11932,8788903,1000,"continuous","skewed","normal","Symmetric",NA,1,TRUE,0.908999999985099
"233","Y~X:Z",0.21081857451962,0.0265394967936091,0.3,"PLS",11932,8788903,1000,"continuous","skewed","normal","Symmetric",NA,1,TRUE,0.908999999985099
"234","X~~Z",0.159466770519391,0.0372076195123212,0.2,"PLS",11932,8788903,1000,"continuous","skewed","normal","Symmetric",NA,1,TRUE,0.908999999985099
"235","X=~x1",0.359,0.034,0.4,"Mplus",11932,8788903,1000,"continuous","skewed","normal","Symmetric",NA,1,TRUE,7.31500000000233
"236","X=~x2",0.786,0.026,0.8,"Mplus",11932,8788903,1000,"continuous","skewed","normal","Symmetric",NA,1,TRUE,7.31500000000233
"237","X=~x3",0.761,0.026,0.8,"Mplus",11932,8788903,1000,"continuous","skewed","normal","Symmetric",NA,1,TRUE,7.31500000000233
"238","Z=~z1",0.612,0.031,0.6,"Mplus",11932,8788903,1000,"continuous","skewed","normal","Symmetric",NA,1,TRUE,7.31500000000233
"239","Z=~z2",0.612,0.03,0.6,"Mplus",11932,8788903,1000,"continuous","skewed","normal","Symmetric",NA,1,TRUE,7.31500000000233
"240","Z=~z3",0.814,0.024,0.8,"Mplus",11932,8788903,1000,"continuous","skewed","normal","Symmetric",NA,1,TRUE,7.31500000000233
"241","Y=~y1",0.355,0.026,0.4,"Mplus",11932,8788903,1000,"continuous","skewed","normal","Symmetric",NA,1,TRUE,7.31500000000233
"242","Y=~y2",0.652,0.024,0.7,"Mplus",11932,8788903,1000,"continuous","skewed","normal","Symmetric",NA,1,TRUE,7.31500000000233
"243","Y=~y3",0.885,0.017,0.9,"Mplus",11932,8788903,1000,"continuous","skewed","normal","Symmetric",NA,1,TRUE,7.31500000000233
"244","Y~X",0.367,0.034,0.4,"Mplus",11932,8788903,1000,"continuous","skewed","normal","Symmetric",NA,1,TRUE,7.31500000000233
"245","Y~Z",0.596,0.033,0.5,"Mplus",11932,8788903,1000,"continuous","skewed","normal","Symmetric",NA,1,TRUE,7.31500000000233
"246","Y~X:Z",0.365,0.032,0.3,"Mplus",11932,8788903,1000,"continuous","skewed","normal","Symmetric",NA,1,TRUE,7.31500000000233
"247","X~~Z",0.249,0.045,0.2,"Mplus",11932,8788903,1000,"continuous","skewed","normal","Symmetric",NA,1,TRUE,7.31500000000233
"248","X=~x1",0.35906404555265,0.0333309108617623,0.4,"LSAM",11932,8788903,1000,"continuous","skewed","normal","Symmetric",NA,1,TRUE,0.434999999997672
"249","X=~x2",0.801083142095095,0.0584343629714604,0.8,"LSAM",11932,8788903,1000,"continuous","skewed","normal","Symmetric",NA,1,TRUE,0.434999999997672
"250","X=~x3",0.755143052618016,0.0586474254308983,0.8,"LSAM",11932,8788903,1000,"continuous","skewed","normal","Symmetric",NA,1,TRUE,0.434999999997672
"251","Z=~z1",0.605715993606335,0.0263474068625899,0.6,"LSAM",11932,8788903,1000,"continuous","skewed","normal","Symmetric",NA,1,TRUE,0.434999999997672
"252","Z=~z2",0.601864788496929,0.0396299317594934,0.6,"LSAM",11932,8788903,1000,"continuous","skewed","normal","Symmetric",NA,1,TRUE,0.434999999997672
"253","Z=~z3",0.830022840707768,0.0404034907052392,0.8,"LSAM",11932,8788903,1000,"continuous","skewed","normal","Symmetric",NA,1,TRUE,0.434999999997672
"254","Y=~y1",0.410273908269669,0.0239271546153279,0.4,"LSAM",11932,8788903,1000,"continuous","skewed","normal","Symmetric",NA,1,TRUE,0.434999999997672
"255","Y=~y2",0.724530262205363,0.0451940159766384,0.7,"LSAM",11932,8788903,1000,"continuous","skewed","normal","Symmetric",NA,1,TRUE,0.434999999997672
"256","Y=~y3",0.855084215876121,0.046130809534768,0.9,"LSAM",11932,8788903,1000,"continuous","skewed","normal","Symmetric",NA,1,TRUE,0.434999999997672
"257","Y~X",0.357346758198474,0.0387099043499597,0.4,"LSAM",11932,8788903,1000,"continuous","skewed","normal","Symmetric",NA,1,TRUE,0.434999999997672
"258","Y~Z",0.583847537841888,0.0461616455536034,0.5,"LSAM",11932,8788903,1000,"continuous","skewed","normal","Symmetric",NA,1,TRUE,0.434999999997672
"259","Y~X:Z",0.240861853760387,0.0340134928970074,0.3,"LSAM",11932,8788903,1000,"continuous","skewed","normal","Symmetric",NA,1,TRUE,0.434999999997672
"260","X~~Z",0.21024339023346,0.0471335956819742,0.2,"LSAM",11932,8788903,1000,"continuous","skewed","normal","Symmetric",NA,1,TRUE,0.434999999997672
"261","X=~x1",0.384413971611772,0.0735097016464641,0.4,"MC-PLSc",11933,7077381,300,"continuous","uniform","normal","Symmetric",NA,1,TRUE,6.42900000000373
"262","X=~x2",0.727252082190496,0.0670421846395354,0.8,"MC-PLSc",11933,7077381,300,"continuous","uniform","normal","Symmetric",NA,1,TRUE,6.42900000000373
"263","X=~x3",0.824580037629682,0.0570693328878284,0.8,"MC-PLSc",11933,7077381,300,"continuous","uniform","normal","Symmetric",NA,1,TRUE,6.42900000000373
"264","Z=~z1",0.594922456608282,0.0492029397988533,0.6,"MC-PLSc",11933,7077381,300,"continuous","uniform","normal","Symmetric",NA,1,TRUE,6.42900000000373
"265","Z=~z2",0.684177199987326,0.047842710396526,0.6,"MC-PLSc",11933,7077381,300,"continuous","uniform","normal","Symmetric",NA,1,TRUE,6.42900000000373
"266","Z=~z3",0.778765571904844,0.0452785552036674,0.8,"MC-PLSc",11933,7077381,300,"continuous","uniform","normal","Symmetric",NA,1,TRUE,6.42900000000373
"267","Y=~y1",0.378162346730561,0.0565785269211529,0.4,"MC-PLSc",11933,7077381,300,"continuous","uniform","normal","Symmetric",NA,1,TRUE,6.42900000000373
"268","Y=~y2",0.648716817862504,0.0496752811366389,0.7,"MC-PLSc",11933,7077381,300,"continuous","uniform","normal","Symmetric",NA,1,TRUE,6.42900000000373
"269","Y=~y3",0.980729821386709,0.0450652255602186,0.9,"MC-PLSc",11933,7077381,300,"continuous","uniform","normal","Symmetric",NA,1,TRUE,6.42900000000373
"270","Y~X",0.360265976792295,0.0635531298225489,0.4,"MC-PLSc",11933,7077381,300,"continuous","uniform","normal","Symmetric",NA,1,TRUE,6.42900000000373
"271","Y~Z",0.470658655245123,0.0604638745261689,0.5,"MC-PLSc",11933,7077381,300,"continuous","uniform","normal","Symmetric",NA,1,TRUE,6.42900000000373
"272","Y~X:Z",0.222247241407933,0.0630398251563504,0.3,"MC-PLSc",11933,7077381,300,"continuous","uniform","normal","Symmetric",NA,1,TRUE,6.42900000000373
"273","X~~Z",0.181164743017964,0.0782146850593504,0.2,"MC-PLSc",11933,7077381,300,"continuous","uniform","normal","Symmetric",NA,1,TRUE,6.42900000000373
"274","X=~x1",0.398841053216335,0.117367020073901,0.4,"PLSc",11933,7077381,300,"continuous","uniform","normal","Symmetric",NA,1,TRUE,1.26699999999255
"275","X=~x2",0.754007303299096,0.0911159671628881,0.8,"PLSc",11933,7077381,300,"continuous","uniform","normal","Symmetric",NA,1,TRUE,1.26699999999255
"276","X=~x3",0.781353399224048,0.0709254742119194,0.8,"PLSc",11933,7077381,300,"continuous","uniform","normal","Symmetric",NA,1,TRUE,1.26699999999255
"277","Z=~z1",0.604800022449227,0.0684155141602202,0.6,"PLSc",11933,7077381,300,"continuous","uniform","normal","Symmetric",NA,1,TRUE,1.26699999999255
"278","Z=~z2",0.661947760374004,0.0628118173069967,0.6,"PLSc",11933,7077381,300,"continuous","uniform","normal","Symmetric",NA,1,TRUE,1.26699999999255
"279","Z=~z3",0.788849076335364,0.0627538247352155,0.8,"PLSc",11933,7077381,300,"continuous","uniform","normal","Symmetric",NA,1,TRUE,1.26699999999255
"280","Y=~y1",0.3720338615819,0.0805790165325369,0.4,"PLSc",11933,7077381,300,"continuous","uniform","normal","Symmetric",NA,1,TRUE,1.26699999999255
"281","Y=~y2",0.665596607567074,0.0604739469054912,0.7,"PLSc",11933,7077381,300,"continuous","uniform","normal","Symmetric",NA,1,TRUE,1.26699999999255
"282","Y=~y3",0.962981623554352,0.0512182882880815,0.9,"PLSc",11933,7077381,300,"continuous","uniform","normal","Symmetric",NA,1,TRUE,1.26699999999255
"283","Y~X",0.388609795577572,0.0747706564718955,0.4,"PLSc",11933,7077381,300,"continuous","uniform","normal","Symmetric",NA,1,TRUE,1.26699999999255
"284","Y~Z",0.465181890107073,0.0646641674062932,0.5,"PLSc",11933,7077381,300,"continuous","uniform","normal","Symmetric",NA,1,TRUE,1.26699999999255
"285","Y~X:Z",0.241829597564933,0.0845821219418301,0.3,"PLSc",11933,7077381,300,"continuous","uniform","normal","Symmetric",NA,1,TRUE,1.26699999999255
"286","X~~Z",0.183504071814168,0.080253007585916,0.2,"PLSc",11933,7077381,300,"continuous","uniform","normal","Symmetric",NA,1,TRUE,1.26699999999255
"287","X=~x1",0.543795546407222,0.0819944202584639,0.4,"PLS",11933,7077381,300,"continuous","uniform","normal","Symmetric",NA,1,TRUE,0.871000000042841
"288","X=~x2",0.851841823107572,0.0338354409900251,0.8,"PLS",11933,7077381,300,"continuous","uniform","normal","Symmetric",NA,1,TRUE,0.871000000042841
"289","X=~x3",0.88615505530606,0.0188153144812421,0.8,"PLS",11933,7077381,300,"continuous","uniform","normal","Symmetric",NA,1,TRUE,0.871000000042841
"290","Z=~z1",0.743338623094411,0.0367449748963477,0.6,"PLS",11933,7077381,300,"continuous","uniform","normal","Symmetric",NA,1,TRUE,0.871000000042841
"291","Z=~z2",0.807211006431249,0.0267781404578061,0.6,"PLS",11933,7077381,300,"continuous","uniform","normal","Symmetric",NA,1,TRUE,0.871000000042841
"292","Z=~z3",0.853924345996813,0.0209784343975704,0.8,"PLS",11933,7077381,300,"continuous","uniform","normal","Symmetric",NA,1,TRUE,0.871000000042841
"293","Y=~y1",0.544967007191402,0.0628144850522544,0.4,"PLS",11933,7077381,300,"continuous","uniform","normal","Symmetric",NA,1,TRUE,0.871000000042841
"294","Y=~y2",0.82509370770185,0.0296049079713828,0.7,"PLS",11933,7077381,300,"continuous","uniform","normal","Symmetric",NA,1,TRUE,0.871000000042841
"295","Y=~y3",0.928581547185082,0.00949205615905465,0.9,"PLS",11933,7077381,300,"continuous","uniform","normal","Symmetric",NA,1,TRUE,0.871000000042841
"296","Y~X",0.305277222871932,0.0497948245178081,0.4,"PLS",11933,7077381,300,"continuous","uniform","normal","Symmetric",NA,1,TRUE,0.871000000042841
"297","Y~Z",0.38273852260272,0.0426844737716437,0.5,"PLS",11933,7077381,300,"continuous","uniform","normal","Symmetric",NA,1,TRUE,0.871000000042841
"298","Y~X:Z",0.155938833417558,0.0428737060194987,0.3,"PLS",11933,7077381,300,"continuous","uniform","normal","Symmetric",NA,1,TRUE,0.871000000042841
"299","X~~Z",0.136175156531468,0.0592948859934445,0.2,"PLS",11933,7077381,300,"continuous","uniform","normal","Symmetric",NA,1,TRUE,0.871000000042841
"300","X=~x1",0.377,0.055,0.4,"Mplus",11933,7077381,300,"continuous","uniform","normal","Symmetric",NA,1,TRUE,2.56099999998696
"301","X=~x2",0.7,0.046,0.8,"Mplus",11933,7077381,300,"continuous","uniform","normal","Symmetric",NA,1,TRUE,2.56099999998696
"302","X=~x3",0.869,0.048,0.8,"Mplus",11933,7077381,300,"continuous","uniform","normal","Symmetric",NA,1,TRUE,2.56099999998696
"303","Z=~z1",0.595,0.048,0.6,"Mplus",11933,7077381,300,"continuous","uniform","normal","Symmetric",NA,1,TRUE,2.56099999998696
"304","Z=~z2",0.713,0.041,0.6,"Mplus",11933,7077381,300,"continuous","uniform","normal","Symmetric",NA,1,TRUE,2.56099999998696
"305","Z=~z3",0.743,0.042,0.8,"Mplus",11933,7077381,300,"continuous","uniform","normal","Symmetric",NA,1,TRUE,2.56099999998696
"306","Y=~y1",0.393,0.047,0.4,"Mplus",11933,7077381,300,"continuous","uniform","normal","Symmetric",NA,1,TRUE,2.56099999998696
"307","Y=~y2",0.638,0.044,0.7,"Mplus",11933,7077381,300,"continuous","uniform","normal","Symmetric",NA,1,TRUE,2.56099999998696
"308","Y=~y3",0.994,0.044,0.9,"Mplus",11933,7077381,300,"continuous","uniform","normal","Symmetric",NA,1,TRUE,2.56099999998696
"309","Y~X",0.375,0.056,0.4,"Mplus",11933,7077381,300,"continuous","uniform","normal","Symmetric",NA,1,TRUE,2.56099999998696
"310","Y~Z",0.438,0.057,0.5,"Mplus",11933,7077381,300,"continuous","uniform","normal","Symmetric",NA,1,TRUE,2.56099999998696
"311","Y~X:Z",0.238,0.054,0.3,"Mplus",11933,7077381,300,"continuous","uniform","normal","Symmetric",NA,1,TRUE,2.56099999998696
"312","X~~Z",0.162,0.077,0.2,"Mplus",11933,7077381,300,"continuous","uniform","normal","Symmetric",NA,1,TRUE,2.56099999998696
"313","X=~x1",0.364566574295232,0.0708105086455547,0.4,"LSAM",11933,7077381,300,"continuous","uniform","normal","Symmetric",NA,1,TRUE,0.592999999993481
"314","X=~x2",0.646181196809628,0.11094264384441,0.8,"LSAM",11933,7077381,300,"continuous","uniform","normal","Symmetric",NA,1,TRUE,0.592999999993481
"315","X=~x3",0.938290019837491,0.0997834963876868,0.8,"LSAM",11933,7077381,300,"continuous","uniform","normal","Symmetric",NA,1,TRUE,0.592999999993481
"316","Z=~z1",0.586990812783462,0.0422576388925313,0.6,"LSAM",11933,7077381,300,"continuous","uniform","normal","Symmetric",NA,1,TRUE,0.592999999993481
"317","Z=~z2",0.707723219305998,0.0690836243532937,0.6,"LSAM",11933,7077381,300,"continuous","uniform","normal","Symmetric",NA,1,TRUE,0.592999999993481
"318","Z=~z3",0.760846381512736,0.0694291835530945,0.8,"LSAM",11933,7077381,300,"continuous","uniform","normal","Symmetric",NA,1,TRUE,0.592999999993481
"319","Y=~y1",0.389357819430239,0.0220148632196428,0.4,"LSAM",11933,7077381,300,"continuous","uniform","normal","Symmetric",NA,1,TRUE,0.592999999993481
"320","Y=~y2",0.632113423975422,0.0668086653995991,0.7,"LSAM",11933,7077381,300,"continuous","uniform","normal","Symmetric",NA,1,TRUE,0.592999999993481
"321","Y=~y3",1,0.0837139919303295,0.9,"LSAM",11933,7077381,300,"continuous","uniform","normal","Symmetric",NA,1,TRUE,0.592999999993481
"322","Y~X",0.356254327050628,0.0539723851902332,0.4,"LSAM",11933,7077381,300,"continuous","uniform","normal","Symmetric",NA,1,TRUE,0.592999999993481
"323","Y~Z",0.437913119142327,0.0539606752667328,0.5,"LSAM",11933,7077381,300,"continuous","uniform","normal","Symmetric",NA,1,TRUE,0.592999999993481
"324","Y~X:Z",0.214729559486134,0.0561876019421626,0.3,"LSAM",11933,7077381,300,"continuous","uniform","normal","Symmetric",NA,1,TRUE,0.592999999993481
"325","X~~Z",0.131643807952712,0.0736276358239714,0.2,"LSAM",11933,7077381,300,"continuous","uniform","normal","Symmetric",NA,1,TRUE,0.592999999993481
"326","X=~x1",0.431540397980314,0.0371653233398505,0.4,"MC-PLSc",11934,6379391,1000,"continuous","uniform","normal","Symmetric",NA,1,TRUE,6.21899999998277
"327","X=~x2",0.785911145322219,0.0259740560882569,0.8,"MC-PLSc",11934,6379391,1000,"continuous","uniform","normal","Symmetric",NA,1,TRUE,6.21899999998277
"328","X=~x3",0.810859845017723,0.0256116095644917,0.8,"MC-PLSc",11934,6379391,1000,"continuous","uniform","normal","Symmetric",NA,1,TRUE,6.21899999998277
"329","Z=~z1",0.576276202639755,0.0293566463254568,0.6,"MC-PLSc",11934,6379391,1000,"continuous","uniform","normal","Symmetric",NA,1,TRUE,6.21899999998277
"330","Z=~z2",0.596619115872543,0.0276435371926031,0.6,"MC-PLSc",11934,6379391,1000,"continuous","uniform","normal","Symmetric",NA,1,TRUE,6.21899999998277
"331","Z=~z3",0.842958290132228,0.0238326881641533,0.8,"MC-PLSc",11934,6379391,1000,"continuous","uniform","normal","Symmetric",NA,1,TRUE,6.21899999998277
"332","Y=~y1",0.383810212875921,0.0328185628237179,0.4,"MC-PLSc",11934,6379391,1000,"continuous","uniform","normal","Symmetric",NA,1,TRUE,6.21899999998277
"333","Y=~y2",0.718572740238992,0.0236092524490714,0.7,"MC-PLSc",11934,6379391,1000,"continuous","uniform","normal","Symmetric",NA,1,TRUE,6.21899999998277
"334","Y=~y3",0.914595383623976,0.0216268230212537,0.9,"MC-PLSc",11934,6379391,1000,"continuous","uniform","normal","Symmetric",NA,1,TRUE,6.21899999998277
"335","Y~X",0.401603027950211,0.035977143216612,0.4,"MC-PLSc",11934,6379391,1000,"continuous","uniform","normal","Symmetric",NA,1,TRUE,6.21899999998277
"336","Y~Z",0.443491852121765,0.0341524465397404,0.5,"MC-PLSc",11934,6379391,1000,"continuous","uniform","normal","Symmetric",NA,1,TRUE,6.21899999998277
"337","Y~X:Z",0.255651705440727,0.0381474116843892,0.3,"MC-PLSc",11934,6379391,1000,"continuous","uniform","normal","Symmetric",NA,1,TRUE,6.21899999998277
"338","X~~Z",0.277020447589185,0.0423267086292026,0.2,"MC-PLSc",11934,6379391,1000,"continuous","uniform","normal","Symmetric",NA,1,TRUE,6.21899999998277
"339","X=~x1",0.44949721452619,0.0528572992888656,0.4,"PLSc",11934,6379391,1000,"continuous","uniform","normal","Symmetric",NA,1,TRUE,1.33300000004238
"340","X=~x2",0.7534077317295,0.0336803978347591,0.8,"PLSc",11934,6379391,1000,"continuous","uniform","normal","Symmetric",NA,1,TRUE,1.33300000004238
"341","X=~x3",0.82396700861749,0.0330030570734271,0.8,"PLSc",11934,6379391,1000,"continuous","uniform","normal","Symmetric",NA,1,TRUE,1.33300000004238
"342","Z=~z1",0.557980093867757,0.041562264389723,0.6,"PLSc",11934,6379391,1000,"continuous","uniform","normal","Symmetric",NA,1,TRUE,1.33300000004238
"343","Z=~z2",0.595539137073112,0.040527256613363,0.6,"PLSc",11934,6379391,1000,"continuous","uniform","normal","Symmetric",NA,1,TRUE,1.33300000004238
"344","Z=~z3",0.861022834196594,0.0338939485243844,0.8,"PLSc",11934,6379391,1000,"continuous","uniform","normal","Symmetric",NA,1,TRUE,1.33300000004238
"345","Y=~y1",0.34500694349229,0.0456737642651994,0.4,"PLSc",11934,6379391,1000,"continuous","uniform","normal","Symmetric",NA,1,TRUE,1.33300000004238
"346","Y=~y2",0.722446377164157,0.0261073012312362,0.7,"PLSc",11934,6379391,1000,"continuous","uniform","normal","Symmetric",NA,1,TRUE,1.33300000004238
"347","Y=~y3",0.935945720853449,0.023935154627431,0.9,"PLSc",11934,6379391,1000,"continuous","uniform","normal","Symmetric",NA,1,TRUE,1.33300000004238
"348","Y~X",0.40967351324067,0.0391360297637185,0.4,"PLSc",11934,6379391,1000,"continuous","uniform","normal","Symmetric",NA,1,TRUE,1.33300000004238
"349","Y~Z",0.427527742770739,0.0379010489699263,0.5,"PLSc",11934,6379391,1000,"continuous","uniform","normal","Symmetric",NA,1,TRUE,1.33300000004238
"350","Y~X:Z",0.262633529240746,0.0433737506872914,0.3,"PLSc",11934,6379391,1000,"continuous","uniform","normal","Symmetric",NA,1,TRUE,1.33300000004238
"351","X~~Z",0.275109528078227,0.0405713209506236,0.2,"PLSc",11934,6379391,1000,"continuous","uniform","normal","Symmetric",NA,1,TRUE,1.33300000004238
"352","X=~x1",0.589855688704472,0.0376134885697339,0.4,"PLS",11934,6379391,1000,"continuous","uniform","normal","Symmetric",NA,1,TRUE,0.923000000009779
"353","X=~x2",0.873424719874967,0.0107308001459908,0.8,"PLS",11934,6379391,1000,"continuous","uniform","normal","Symmetric",NA,1,TRUE,0.923000000009779
"354","X=~x3",0.882299872159338,0.0106088972371542,0.8,"PLS",11934,6379391,1000,"continuous","uniform","normal","Symmetric",NA,1,TRUE,0.923000000009779
"355","Z=~z1",0.735952341342967,0.0223359363632033,0.6,"PLS",11934,6379391,1000,"continuous","uniform","normal","Symmetric",NA,1,TRUE,0.923000000009779
"356","Z=~z2",0.753696313621616,0.0210698462358139,0.6,"PLS",11934,6379391,1000,"continuous","uniform","normal","Symmetric",NA,1,TRUE,0.923000000009779
"357","Z=~z3",0.880134662777115,0.00912381659892171,0.8,"PLS",11934,6379391,1000,"continuous","uniform","normal","Symmetric",NA,1,TRUE,0.923000000009779
"358","Y=~y1",0.542268149321395,0.0376114066579841,0.4,"PLS",11934,6379391,1000,"continuous","uniform","normal","Symmetric",NA,1,TRUE,0.923000000009779
"359","Y=~y2",0.856910132377202,0.0117461740216985,0.7,"PLS",11934,6379391,1000,"continuous","uniform","normal","Symmetric",NA,1,TRUE,0.923000000009779
"360","Y=~y3",0.915028494475776,0.00607551594626167,0.9,"PLS",11934,6379391,1000,"continuous","uniform","normal","Symmetric",NA,1,TRUE,0.923000000009779
"361","Y~X",0.340531916449122,0.02784160962671,0.4,"PLS",11934,6379391,1000,"continuous","uniform","normal","Symmetric",NA,1,TRUE,0.923000000009779
"362","Y~Z",0.360257958310482,0.0254275115646791,0.5,"PLS",11934,6379391,1000,"continuous","uniform","normal","Symmetric",NA,1,TRUE,0.923000000009779
"363","Y~X:Z",0.180601805698154,0.0258570707961584,0.3,"PLS",11934,6379391,1000,"continuous","uniform","normal","Symmetric",NA,1,TRUE,0.923000000009779
"364","X~~Z",0.210153093822893,0.0306310628649059,0.2,"PLS",11934,6379391,1000,"continuous","uniform","normal","Symmetric",NA,1,TRUE,0.923000000009779
"365","X=~x1",0.414,0.03,0.4,"Mplus",11934,6379391,1000,"continuous","uniform","normal","Symmetric",NA,1,TRUE,26.9629999999888
"366","X=~x2",0.79,0.02,0.8,"Mplus",11934,6379391,1000,"continuous","uniform","normal","Symmetric",NA,1,TRUE,26.9629999999888
"367","X=~x3",0.815,0.021,0.8,"Mplus",11934,6379391,1000,"continuous","uniform","normal","Symmetric",NA,1,TRUE,26.9629999999888
"368","Z=~z1",0.582,0.025,0.6,"Mplus",11934,6379391,1000,"continuous","uniform","normal","Symmetric",NA,1,TRUE,26.9629999999888
"369","Z=~z2",0.59,0.025,0.6,"Mplus",11934,6379391,1000,"continuous","uniform","normal","Symmetric",NA,1,TRUE,26.9629999999888
"370","Z=~z3",0.833,0.021,0.8,"Mplus",11934,6379391,1000,"continuous","uniform","normal","Symmetric",NA,1,TRUE,26.9629999999888
"371","Y=~y1",0.401,0.029,0.4,"Mplus",11934,6379391,1000,"continuous","uniform","normal","Symmetric",NA,1,TRUE,26.9629999999888
"372","Y=~y2",0.708,0.021,0.7,"Mplus",11934,6379391,1000,"continuous","uniform","normal","Symmetric",NA,1,TRUE,26.9629999999888
"373","Y=~y3",0.91,0.017,0.9,"Mplus",11934,6379391,1000,"continuous","uniform","normal","Symmetric",NA,1,TRUE,26.9629999999888
"374","Y~X",0.401,0.033,0.4,"Mplus",11934,6379391,1000,"continuous","uniform","normal","Symmetric",NA,1,TRUE,26.9629999999888
"375","Y~Z",0.464,0.032,0.5,"Mplus",11934,6379391,1000,"continuous","uniform","normal","Symmetric",NA,1,TRUE,26.9629999999888
"376","Y~X:Z",0.293,0.036,0.3,"Mplus",11934,6379391,1000,"continuous","uniform","normal","Symmetric",NA,1,TRUE,26.9629999999888
"377","X~~Z",0.27,0.039,0.2,"Mplus",11934,6379391,1000,"continuous","uniform","normal","Symmetric",NA,1,TRUE,26.9629999999888
"378","X=~x1",0.41322178328139,0.029446516313569,0.4,"LSAM",11934,6379391,1000,"continuous","uniform","normal","Symmetric",NA,1,TRUE,0.440999999991618
"379","X=~x2",0.832537299656687,0.0450561636317699,0.8,"LSAM",11934,6379391,1000,"continuous","uniform","normal","Symmetric",NA,1,TRUE,0.440999999991618
"380","X=~x3",0.777356929840029,0.0459151698638746,0.8,"LSAM",11934,6379391,1000,"continuous","uniform","normal","Symmetric",NA,1,TRUE,0.440999999991618
"381","Z=~z1",0.597348777431815,0.0194061547489218,0.6,"LSAM",11934,6379391,1000,"continuous","uniform","normal","Symmetric",NA,1,TRUE,0.440999999991618
"382","Z=~z2",0.604062592014265,0.0364241593103292,0.6,"LSAM",11934,6379391,1000,"continuous","uniform","normal","Symmetric",NA,1,TRUE,0.440999999991618
"383","Z=~z3",0.811534327524421,0.040101835705318,0.8,"LSAM",11934,6379391,1000,"continuous","uniform","normal","Symmetric",NA,1,TRUE,0.440999999991618
"384","Y=~y1",0.414040435658541,0.0133794260406879,0.4,"LSAM",11934,6379391,1000,"continuous","uniform","normal","Symmetric",NA,1,TRUE,0.440999999991618
"385","Y=~y2",0.733902731127635,0.0388354931023099,0.7,"LSAM",11934,6379391,1000,"continuous","uniform","normal","Symmetric",NA,1,TRUE,0.440999999991618
"386","Y=~y3",0.869706231793124,0.0419137430334326,0.9,"LSAM",11934,6379391,1000,"continuous","uniform","normal","Symmetric",NA,1,TRUE,0.440999999991618
"387","Y~X",0.403644397640003,0.0378533509623403,0.4,"LSAM",11934,6379391,1000,"continuous","uniform","normal","Symmetric",NA,1,TRUE,0.440999999991618
"388","Y~Z",0.470008053405127,0.0423033104178017,0.5,"LSAM",11934,6379391,1000,"continuous","uniform","normal","Symmetric",NA,1,TRUE,0.440999999991618
"389","Y~X:Z",0.267625861538035,0.0419241705544282,0.3,"LSAM",11934,6379391,1000,"continuous","uniform","normal","Symmetric",NA,1,TRUE,0.440999999991618
"390","X~~Z",0.270402505146963,0.0395937425012679,0.2,"LSAM",11934,6379391,1000,"continuous","uniform","normal","Symmetric",NA,1,TRUE,0.440999999991618
"391","X=~x1",0.403034879893047,0.0729601196605635,0.4,"MC-PLSc",11935,8446309,300,"continuous","normal","skewed","Symmetric",NA,1,TRUE,6.18300000001909
"392","X=~x2",0.721231039313918,0.0535312789141922,0.8,"MC-PLSc",11935,8446309,300,"continuous","normal","skewed","Symmetric",NA,1,TRUE,6.18300000001909
"393","X=~x3",0.840568135649368,0.0525973201016499,0.8,"MC-PLSc",11935,8446309,300,"continuous","normal","skewed","Symmetric",NA,1,TRUE,6.18300000001909
"394","Z=~z1",0.625518447740635,0.0599973812189305,0.6,"MC-PLSc",11935,8446309,300,"continuous","normal","skewed","Symmetric",NA,1,TRUE,6.18300000001909
"395","Z=~z2",0.605408941166044,0.0515405370377762,0.6,"MC-PLSc",11935,8446309,300,"continuous","normal","skewed","Symmetric",NA,1,TRUE,6.18300000001909
"396","Z=~z3",0.815801298582363,0.0533683737112355,0.8,"MC-PLSc",11935,8446309,300,"continuous","normal","skewed","Symmetric",NA,1,TRUE,6.18300000001909
"397","Y=~y1",0.359924942296373,0.0568701746407614,0.4,"MC-PLSc",11935,8446309,300,"continuous","normal","skewed","Symmetric",NA,1,TRUE,6.18300000001909
"398","Y=~y2",0.684991167941997,0.0523045669247059,0.7,"MC-PLSc",11935,8446309,300,"continuous","normal","skewed","Symmetric",NA,1,TRUE,6.18300000001909
"399","Y=~y3",0.846282625567052,0.0375245746721246,0.9,"MC-PLSc",11935,8446309,300,"continuous","normal","skewed","Symmetric",NA,1,TRUE,6.18300000001909
"400","Y~X",0.396249239241784,0.0597096790873714,0.4,"MC-PLSc",11935,8446309,300,"continuous","normal","skewed","Symmetric",NA,1,TRUE,6.18300000001909
"401","Y~Z",0.524910007471384,0.0617014579639194,0.5,"MC-PLSc",11935,8446309,300,"continuous","normal","skewed","Symmetric",NA,1,TRUE,6.18300000001909
"402","Y~X:Z",0.258548489307751,0.0667780968707478,0.3,"MC-PLSc",11935,8446309,300,"continuous","normal","skewed","Symmetric",NA,1,TRUE,6.18300000001909
"403","X~~Z",0.164830582439148,0.0762069755488835,0.2,"MC-PLSc",11935,8446309,300,"continuous","normal","skewed","Symmetric",NA,1,TRUE,6.18300000001909
"404","X=~x1",0.37484547392216,0.130779683754255,0.4,"PLSc",11935,8446309,300,"continuous","normal","skewed","Symmetric",NA,1,TRUE,1.2729999999865
"405","X=~x2",0.718416241779995,0.0641466882359799,0.8,"PLSc",11935,8446309,300,"continuous","normal","skewed","Symmetric",NA,1,TRUE,1.2729999999865
"406","X=~x3",0.864520920138702,0.0681545208345954,0.8,"PLSc",11935,8446309,300,"continuous","normal","skewed","Symmetric",NA,1,TRUE,1.2729999999865
"407","Z=~z1",0.671873481196345,0.0734803366521306,0.6,"PLSc",11935,8446309,300,"continuous","normal","skewed","Symmetric",NA,1,TRUE,1.2729999999865
"408","Z=~z2",0.559918498143223,0.0766942038147665,0.6,"PLSc",11935,8446309,300,"continuous","normal","skewed","Symmetric",NA,1,TRUE,1.2729999999865
"409","Z=~z3",0.807763028091103,0.0734080179182427,0.8,"PLSc",11935,8446309,300,"continuous","normal","skewed","Symmetric",NA,1,TRUE,1.2729999999865
"410","Y=~y1",0.329046955623007,0.0770557597438663,0.4,"PLSc",11935,8446309,300,"continuous","normal","skewed","Symmetric",NA,1,TRUE,1.2729999999865
"411","Y=~y2",0.714020651626353,0.0545161538616468,0.7,"PLSc",11935,8446309,300,"continuous","normal","skewed","Symmetric",NA,1,TRUE,1.2729999999865
"412","Y=~y3",0.834097256368643,0.0447028873441991,0.9,"PLSc",11935,8446309,300,"continuous","normal","skewed","Symmetric",NA,1,TRUE,1.2729999999865
"413","Y~X",0.387814247938655,0.0619640541319639,0.4,"PLSc",11935,8446309,300,"continuous","normal","skewed","Symmetric",NA,1,TRUE,1.2729999999865
"414","Y~Z",0.528767063091179,0.0679681962099569,0.5,"PLSc",11935,8446309,300,"continuous","normal","skewed","Symmetric",NA,1,TRUE,1.2729999999865
"415","Y~X:Z",0.25676601933137,0.0796255971359168,0.3,"PLSc",11935,8446309,300,"continuous","normal","skewed","Symmetric",NA,1,TRUE,1.2729999999865
"416","X~~Z",0.16326094781734,0.0750587305319023,0.2,"PLSc",11935,8446309,300,"continuous","normal","skewed","Symmetric",NA,1,TRUE,1.2729999999865
"417","X=~x1",0.565466118163744,0.0850117825472986,0.4,"PLS",11935,8446309,300,"continuous","normal","skewed","Symmetric",NA,1,TRUE,0.860000000044238
"418","X=~x2",0.847826662909096,0.02582600430372,0.8,"PLS",11935,8446309,300,"continuous","normal","skewed","Symmetric",NA,1,TRUE,0.860000000044238
"419","X=~x3",0.890353670876601,0.0209685315036703,0.8,"PLS",11935,8446309,300,"continuous","normal","skewed","Symmetric",NA,1,TRUE,0.860000000044238
"420","Z=~z1",0.770749459563992,0.0379698566225208,0.6,"PLS",11935,8446309,300,"continuous","normal","skewed","Symmetric",NA,1,TRUE,0.860000000044238
"421","Z=~z2",0.754095091258653,0.040381961472149,0.6,"PLS",11935,8446309,300,"continuous","normal","skewed","Symmetric",NA,1,TRUE,0.860000000044238
"422","Z=~z3",0.869904791477239,0.0225919960729233,0.8,"PLS",11935,8446309,300,"continuous","normal","skewed","Symmetric",NA,1,TRUE,0.860000000044238
"423","Y=~y1",0.518831844799762,0.0676286883189516,0.4,"PLS",11935,8446309,300,"continuous","normal","skewed","Symmetric",NA,1,TRUE,0.860000000044238
"424","Y=~y2",0.834112967028574,0.0291371849972562,0.7,"PLS",11935,8446309,300,"continuous","normal","skewed","Symmetric",NA,1,TRUE,0.860000000044238
"425","Y=~y3",0.893280014769545,0.0136083927653834,0.9,"PLS",11935,8446309,300,"continuous","normal","skewed","Symmetric",NA,1,TRUE,0.860000000044238
"426","Y~X",0.317158350563264,0.0427050215394027,0.4,"PLS",11935,8446309,300,"continuous","normal","skewed","Symmetric",NA,1,TRUE,0.860000000044238
"427","Y~Z",0.404478644819258,0.0445304519395283,0.5,"PLS",11935,8446309,300,"continuous","normal","skewed","Symmetric",NA,1,TRUE,0.860000000044238
"428","Y~X:Z",0.171371854884567,0.0427784212701747,0.3,"PLS",11935,8446309,300,"continuous","normal","skewed","Symmetric",NA,1,TRUE,0.860000000044238
"429","X~~Z",0.1243275777735,0.0565747646967312,0.2,"PLS",11935,8446309,300,"continuous","normal","skewed","Symmetric",NA,1,TRUE,0.860000000044238
"430","X=~x1",0.409,0.055,0.4,"Mplus",11935,8446309,300,"continuous","normal","skewed","Symmetric",NA,1,TRUE,3.32800000003772
"431","X=~x2",0.703,0.046,0.8,"Mplus",11935,8446309,300,"continuous","normal","skewed","Symmetric",NA,1,TRUE,3.32800000003772
"432","X=~x3",0.839,0.043,0.8,"Mplus",11935,8446309,300,"continuous","normal","skewed","Symmetric",NA,1,TRUE,3.32800000003772
"433","Z=~z1",0.582,0.051,0.6,"Mplus",11935,8446309,300,"continuous","normal","skewed","Symmetric",NA,1,TRUE,3.32800000003772
"434","Z=~z2",0.633,0.045,0.6,"Mplus",11935,8446309,300,"continuous","normal","skewed","Symmetric",NA,1,TRUE,3.32800000003772
"435","Z=~z3",0.834,0.043,0.8,"Mplus",11935,8446309,300,"continuous","normal","skewed","Symmetric",NA,1,TRUE,3.32800000003772
"436","Y=~y1",0.38,0.056,0.4,"Mplus",11935,8446309,300,"continuous","normal","skewed","Symmetric",NA,1,TRUE,3.32800000003772
"437","Y=~y2",0.66,0.048,0.7,"Mplus",11935,8446309,300,"continuous","normal","skewed","Symmetric",NA,1,TRUE,3.32800000003772
"438","Y=~y3",0.867,0.035,0.9,"Mplus",11935,8446309,300,"continuous","normal","skewed","Symmetric",NA,1,TRUE,3.32800000003772
"439","Y~X",0.444,0.058,0.4,"Mplus",11935,8446309,300,"continuous","normal","skewed","Symmetric",NA,1,TRUE,3.32800000003772
"440","Y~Z",0.513,0.059,0.5,"Mplus",11935,8446309,300,"continuous","normal","skewed","Symmetric",NA,1,TRUE,3.32800000003772
"441","Y~X:Z",0.285,0.061,0.3,"Mplus",11935,8446309,300,"continuous","normal","skewed","Symmetric",NA,1,TRUE,3.32800000003772
"442","X~~Z",0.129,0.076,0.2,"Mplus",11935,8446309,300,"continuous","normal","skewed","Symmetric",NA,1,TRUE,3.32800000003772
"443","X=~x1",0.429973533432614,0.0556747667270093,0.4,"LSAM",11935,8446309,300,"continuous","normal","skewed","Symmetric",NA,1,TRUE,0.438000000023749
"444","X=~x2",0.744509599414284,0.0902098018411846,0.8,"LSAM",11935,8446309,300,"continuous","normal","skewed","Symmetric",NA,1,TRUE,0.438000000023749
"445","X=~x3",0.792825890884041,0.0900493085968591,0.8,"LSAM",11935,8446309,300,"continuous","normal","skewed","Symmetric",NA,1,TRUE,0.438000000023749
"446","Z=~z1",0.576052546695731,0.0381590136844311,0.6,"LSAM",11935,8446309,300,"continuous","normal","skewed","Symmetric",NA,1,TRUE,0.438000000023749
"447","Z=~z2",0.640378697851449,0.0662914141465443,0.6,"LSAM",11935,8446309,300,"continuous","normal","skewed","Symmetric",NA,1,TRUE,0.438000000023749
"448","Z=~z3",0.833264516438292,0.0695587393274843,0.8,"LSAM",11935,8446309,300,"continuous","normal","skewed","Symmetric",NA,1,TRUE,0.438000000023749
"449","Y=~y1",0.378546796197227,0.0247720406739721,0.4,"LSAM",11935,8446309,300,"continuous","normal","skewed","Symmetric",NA,1,TRUE,0.438000000023749
"450","Y=~y2",0.616604882378677,0.0788583064916225,0.7,"LSAM",11935,8446309,300,"continuous","normal","skewed","Symmetric",NA,1,TRUE,0.438000000023749
"451","Y=~y3",0.913525447323473,0.103361894073775,0.9,"LSAM",11935,8446309,300,"continuous","normal","skewed","Symmetric",NA,1,TRUE,0.438000000023749
"452","Y~X",0.40434303774582,0.067216120279715,0.4,"LSAM",11935,8446309,300,"continuous","normal","skewed","Symmetric",NA,1,TRUE,0.438000000023749
"453","Y~Z",0.489061043324415,0.0757947506894984,0.5,"LSAM",11935,8446309,300,"continuous","normal","skewed","Symmetric",NA,1,TRUE,0.438000000023749
"454","Y~X:Z",0.31777508125923,0.0717919119680004,0.3,"LSAM",11935,8446309,300,"continuous","normal","skewed","Symmetric",NA,1,TRUE,0.438000000023749
"455","X~~Z",0.154194041269056,0.0747594831182426,0.2,"LSAM",11935,8446309,300,"continuous","normal","skewed","Symmetric",NA,1,TRUE,0.438000000023749
"456","X=~x1",0.427786501388849,0.035145473141384,0.4,"MC-PLSc",11936,6577644,1000,"continuous","normal","skewed","Symmetric",NA,1,TRUE,6.39500000001863
"457","X=~x2",0.777532280525528,0.0274602489377455,0.8,"MC-PLSc",11936,6577644,1000,"continuous","normal","skewed","Symmetric",NA,1,TRUE,6.39500000001863
"458","X=~x3",0.840104657100611,0.0274468511117433,0.8,"MC-PLSc",11936,6577644,1000,"continuous","normal","skewed","Symmetric",NA,1,TRUE,6.39500000001863
"459","Z=~z1",0.569717030523569,0.0319103169524961,0.6,"MC-PLSc",11936,6577644,1000,"continuous","normal","skewed","Symmetric",NA,1,TRUE,6.39500000001863
"460","Z=~z2",0.566802068626794,0.0289283454486244,0.6,"MC-PLSc",11936,6577644,1000,"continuous","normal","skewed","Symmetric",NA,1,TRUE,6.39500000001863
"461","Z=~z3",0.774649244095526,0.0281934316754401,0.8,"MC-PLSc",11936,6577644,1000,"continuous","normal","skewed","Symmetric",NA,1,TRUE,6.39500000001863
"462","Y=~y1",0.423597779372812,0.0302055317232303,0.4,"MC-PLSc",11936,6577644,1000,"continuous","normal","skewed","Symmetric",NA,1,TRUE,6.39500000001863
"463","Y=~y2",0.689760183176246,0.0242381373805108,0.7,"MC-PLSc",11936,6577644,1000,"continuous","normal","skewed","Symmetric",NA,1,TRUE,6.39500000001863
"464","Y=~y3",0.932323940480708,0.0200517900111329,0.9,"MC-PLSc",11936,6577644,1000,"continuous","normal","skewed","Symmetric",NA,1,TRUE,6.39500000001863
"465","Y~X",0.328471046812081,0.0364565286394121,0.4,"MC-PLSc",11936,6577644,1000,"continuous","normal","skewed","Symmetric",NA,1,TRUE,6.39500000001863
"466","Y~Z",0.498086275721293,0.0403897473706672,0.5,"MC-PLSc",11936,6577644,1000,"continuous","normal","skewed","Symmetric",NA,1,TRUE,6.39500000001863
"467","Y~X:Z",0.313014855803984,0.0355603228132235,0.3,"MC-PLSc",11936,6577644,1000,"continuous","normal","skewed","Symmetric",NA,1,TRUE,6.39500000001863
"468","X~~Z",0.292863721492821,0.0408139091605184,0.2,"MC-PLSc",11936,6577644,1000,"continuous","normal","skewed","Symmetric",NA,1,TRUE,6.39500000001863
"469","X=~x1",0.420264537582651,0.0555793319970351,0.4,"PLSc",11936,6577644,1000,"continuous","normal","skewed","Symmetric",NA,1,TRUE,1.32299999997485
"470","X=~x2",0.776786744503862,0.0412593169400976,0.8,"PLSc",11936,6577644,1000,"continuous","normal","skewed","Symmetric",NA,1,TRUE,1.32299999997485
"471","X=~x3",0.845943910173822,0.0371250413719386,0.8,"PLSc",11936,6577644,1000,"continuous","normal","skewed","Symmetric",NA,1,TRUE,1.32299999997485
"472","Z=~z1",0.570047607871942,0.0395549079404598,0.6,"PLSc",11936,6577644,1000,"continuous","normal","skewed","Symmetric",NA,1,TRUE,1.32299999997485
"473","Z=~z2",0.566197914468995,0.0394360599403744,0.6,"PLSc",11936,6577644,1000,"continuous","normal","skewed","Symmetric",NA,1,TRUE,1.32299999997485
"474","Z=~z3",0.774421828702311,0.0368762209193165,0.8,"PLSc",11936,6577644,1000,"continuous","normal","skewed","Symmetric",NA,1,TRUE,1.32299999997485
"475","Y=~y1",0.422100753348356,0.0440699443143284,0.4,"PLSc",11936,6577644,1000,"continuous","normal","skewed","Symmetric",NA,1,TRUE,1.32299999997485
"476","Y=~y2",0.700473440397861,0.0304530485887405,0.7,"PLSc",11936,6577644,1000,"continuous","normal","skewed","Symmetric",NA,1,TRUE,1.32299999997485
"477","Y=~y3",0.919615555544008,0.0268707578363397,0.9,"PLSc",11936,6577644,1000,"continuous","normal","skewed","Symmetric",NA,1,TRUE,1.32299999997485
"478","Y~X",0.334032515001067,0.0396864644690901,0.4,"PLSc",11936,6577644,1000,"continuous","normal","skewed","Symmetric",NA,1,TRUE,1.32299999997485
"479","Y~Z",0.507345308206932,0.0404227805108782,0.5,"PLSc",11936,6577644,1000,"continuous","normal","skewed","Symmetric",NA,1,TRUE,1.32299999997485
"480","Y~X:Z",0.318032046801375,0.0499938051148608,0.3,"PLSc",11936,6577644,1000,"continuous","normal","skewed","Symmetric",NA,1,TRUE,1.32299999997485
"481","X~~Z",0.291950504420816,0.0414805716054413,0.2,"PLSc",11936,6577644,1000,"continuous","normal","skewed","Symmetric",NA,1,TRUE,1.32299999997485
"482","X=~x1",0.589078566320897,0.0369716146551965,0.4,"PLS",11936,6577644,1000,"continuous","normal","skewed","Symmetric",NA,1,TRUE,0.938999999954831
"483","X=~x2",0.872867652216417,0.012593930226455,0.8,"PLS",11936,6577644,1000,"continuous","normal","skewed","Symmetric",NA,1,TRUE,0.938999999954831
"484","X=~x3",0.892763600325232,0.00949940165773698,0.8,"PLS",11936,6577644,1000,"continuous","normal","skewed","Symmetric",NA,1,TRUE,0.938999999954831
"485","Z=~z1",0.733825542509618,0.023450025630134,0.6,"PLS",11936,6577644,1000,"continuous","normal","skewed","Symmetric",NA,1,TRUE,0.938999999954831
"486","Z=~z2",0.730216342462417,0.0233833789666864,0.6,"PLS",11936,6577644,1000,"continuous","normal","skewed","Symmetric",NA,1,TRUE,0.938999999954831
"487","Z=~z3",0.853350989324301,0.0124924213777455,0.8,"PLS",11936,6577644,1000,"continuous","normal","skewed","Symmetric",NA,1,TRUE,0.938999999954831
"488","Y=~y1",0.590250204378649,0.0337865632445083,0.4,"PLS",11936,6577644,1000,"continuous","normal","skewed","Symmetric",NA,1,TRUE,0.938999999954831
"489","Y=~y2",0.838644433516582,0.0137300722898564,0.7,"PLS",11936,6577644,1000,"continuous","normal","skewed","Symmetric",NA,1,TRUE,0.938999999954831
"490","Y=~y3",0.916553504480824,0.00623994469461078,0.9,"PLS",11936,6577644,1000,"continuous","normal","skewed","Symmetric",NA,1,TRUE,0.938999999954831
"491","Y~X",0.297782821026017,0.0257581868240664,0.4,"PLS",11936,6577644,1000,"continuous","normal","skewed","Symmetric",NA,1,TRUE,0.938999999954831
"492","Y~Z",0.383903955582127,0.0257278699239963,0.5,"PLS",11936,6577644,1000,"continuous","normal","skewed","Symmetric",NA,1,TRUE,0.938999999954831
"493","Y~X:Z",0.219431855407131,0.0259367685793866,0.3,"PLS",11936,6577644,1000,"continuous","normal","skewed","Symmetric",NA,1,TRUE,0.938999999954831
"494","X~~Z",0.216733611576501,0.0309055016633301,0.2,"PLS",11936,6577644,1000,"continuous","normal","skewed","Symmetric",NA,1,TRUE,0.938999999954831
"495","X=~x1",0.426,0.03,0.4,"Mplus",11936,6577644,1000,"continuous","normal","skewed","Symmetric",NA,1,TRUE,7.19699999998556
"496","X=~x2",0.763,0.024,0.8,"Mplus",11936,6577644,1000,"continuous","normal","skewed","Symmetric",NA,1,TRUE,7.19699999998556
"497","X=~x3",0.846,0.021,0.8,"Mplus",11936,6577644,1000,"continuous","normal","skewed","Symmetric",NA,1,TRUE,7.19699999998556
"498","Z=~z1",0.579,0.029,0.6,"Mplus",11936,6577644,1000,"continuous","normal","skewed","Symmetric",NA,1,TRUE,7.19699999998556
"499","Z=~z2",0.568,0.029,0.6,"Mplus",11936,6577644,1000,"continuous","normal","skewed","Symmetric",NA,1,TRUE,7.19699999998556
"500","Z=~z3",0.761,0.024,0.8,"Mplus",11936,6577644,1000,"continuous","normal","skewed","Symmetric",NA,1,TRUE,7.19699999998556
"501","Y=~y1",0.432,0.029,0.4,"Mplus",11936,6577644,1000,"continuous","normal","skewed","Symmetric",NA,1,TRUE,7.19699999998556
"502","Y=~y2",0.697,0.022,0.7,"Mplus",11936,6577644,1000,"continuous","normal","skewed","Symmetric",NA,1,TRUE,7.19699999998556
"503","Y=~y3",0.927,0.018,0.9,"Mplus",11936,6577644,1000,"continuous","normal","skewed","Symmetric",NA,1,TRUE,7.19699999998556
"504","Y~X",0.314,0.032,0.4,"Mplus",11936,6577644,1000,"continuous","normal","skewed","Symmetric",NA,1,TRUE,7.19699999998556
"505","Y~Z",0.507,0.036,0.5,"Mplus",11936,6577644,1000,"continuous","normal","skewed","Symmetric",NA,1,TRUE,7.19699999998556
"506","Y~X:Z",0.339,0.036,0.3,"Mplus",11936,6577644,1000,"continuous","normal","skewed","Symmetric",NA,1,TRUE,7.19699999998556
"507","X~~Z",0.298,0.039,0.2,"Mplus",11936,6577644,1000,"continuous","normal","skewed","Symmetric",NA,1,TRUE,7.19699999998556
"508","X=~x1",0.435762100583964,0.0292176577910502,0.4,"LSAM",11936,6577644,1000,"continuous","normal","skewed","Symmetric",NA,1,TRUE,0.428000000014435
"509","X=~x2",0.780167946511825,0.0435863505537713,0.8,"LSAM",11936,6577644,1000,"continuous","normal","skewed","Symmetric",NA,1,TRUE,0.428000000014435
"510","X=~x3",0.829539372287473,0.0427275813537723,0.8,"LSAM",11936,6577644,1000,"continuous","normal","skewed","Symmetric",NA,1,TRUE,0.428000000014435
"511","Z=~z1",0.571746342810765,0.0213354290071676,0.6,"LSAM",11936,6577644,1000,"continuous","normal","skewed","Symmetric",NA,1,TRUE,0.428000000014435
"512","Z=~z2",0.567085229489429,0.0410682058907864,0.6,"LSAM",11936,6577644,1000,"continuous","normal","skewed","Symmetric",NA,1,TRUE,0.428000000014435
"513","Z=~z3",0.77171507802514,0.0479088386722933,0.8,"LSAM",11936,6577644,1000,"continuous","normal","skewed","Symmetric",NA,1,TRUE,0.428000000014435
"514","Y=~y1",0.421466708442352,0.0147131350063857,0.4,"LSAM",11936,6577644,1000,"continuous","normal","skewed","Symmetric",NA,1,TRUE,0.428000000014435
"515","Y=~y2",0.667283984984759,0.0360915404163749,0.7,"LSAM",11936,6577644,1000,"continuous","normal","skewed","Symmetric",NA,1,TRUE,0.428000000014435
"516","Y=~y3",0.960317895226044,0.0410529918714895,0.9,"LSAM",11936,6577644,1000,"continuous","normal","skewed","Symmetric",NA,1,TRUE,0.428000000014435
"517","Y~X",0.308369829625798,0.0388051512706986,0.4,"LSAM",11936,6577644,1000,"continuous","normal","skewed","Symmetric",NA,1,TRUE,0.428000000014435
"518","Y~Z",0.499042466335413,0.0468320312417189,0.5,"LSAM",11936,6577644,1000,"continuous","normal","skewed","Symmetric",NA,1,TRUE,0.428000000014435
"519","Y~X:Z",0.313045067755993,0.0383321639216034,0.3,"LSAM",11936,6577644,1000,"continuous","normal","skewed","Symmetric",NA,1,TRUE,0.428000000014435
"520","X~~Z",0.295827287186495,0.0404765476363384,0.2,"LSAM",11936,6577644,1000,"continuous","normal","skewed","Symmetric",NA,1,TRUE,0.428000000014435
"521","X=~x1",0.34660536474821,0.0737945765778818,0.4,"MC-PLSc",11937,6340155,300,"continuous","skewed","skewed","Symmetric",NA,1,TRUE,6.57199999998556
"522","X=~x2",0.802730511017567,0.0667560730628513,0.8,"MC-PLSc",11937,6340155,300,"continuous","skewed","skewed","Symmetric",NA,1,TRUE,6.57199999998556
"523","X=~x3",0.767881551511796,0.0598562882975433,0.8,"MC-PLSc",11937,6340155,300,"continuous","skewed","skewed","Symmetric",NA,1,TRUE,6.57199999998556
"524","Z=~z1",0.60801745073507,0.0603558618606734,0.6,"MC-PLSc",11937,6340155,300,"continuous","skewed","skewed","Symmetric",NA,1,TRUE,6.57199999998556
"525","Z=~z2",0.70888742042837,0.0440071645632468,0.6,"MC-PLSc",11937,6340155,300,"continuous","skewed","skewed","Symmetric",NA,1,TRUE,6.57199999998556
"526","Z=~z3",0.741585089277306,0.0475262973359898,0.8,"MC-PLSc",11937,6340155,300,"continuous","skewed","skewed","Symmetric",NA,1,TRUE,6.57199999998556
"527","Y=~y1",0.308637873622644,0.0700278879227593,0.4,"MC-PLSc",11937,6340155,300,"continuous","skewed","skewed","Symmetric",NA,1,TRUE,6.57199999998556
"528","Y=~y2",0.72477019117814,0.040283608864992,0.7,"MC-PLSc",11937,6340155,300,"continuous","skewed","skewed","Symmetric",NA,1,TRUE,6.57199999998556
"529","Y=~y3",0.853755212113292,0.0449936569799393,0.9,"MC-PLSc",11937,6340155,300,"continuous","skewed","skewed","Symmetric",NA,1,TRUE,6.57199999998556
"530","Y~X",0.325720492352796,0.0559652277127339,0.4,"MC-PLSc",11937,6340155,300,"continuous","skewed","skewed","Symmetric",NA,1,TRUE,6.57199999998556
"531","Y~Z",0.726514335525959,0.0605175113441641,0.5,"MC-PLSc",11937,6340155,300,"continuous","skewed","skewed","Symmetric",NA,1,TRUE,6.57199999998556
"532","Y~X:Z",0.353557756592229,0.0737083270220368,0.3,"MC-PLSc",11937,6340155,300,"continuous","skewed","skewed","Symmetric",NA,1,TRUE,6.57199999998556
"533","X~~Z",0.153608366217828,0.0875413576893278,0.2,"MC-PLSc",11937,6340155,300,"continuous","skewed","skewed","Symmetric",NA,1,TRUE,6.57199999998556
"534","X=~x1",0.394133091502719,0.0926156806571955,0.4,"PLSc",11937,6340155,300,"continuous","skewed","skewed","Symmetric",NA,1,TRUE,1.23499999998603
"535","X=~x2",0.766742400989277,0.0762847439898934,0.8,"PLSc",11937,6340155,300,"continuous","skewed","skewed","Symmetric",NA,1,TRUE,1.23499999998603
"536","X=~x3",0.759777047004565,0.0694290058911997,0.8,"PLSc",11937,6340155,300,"continuous","skewed","skewed","Symmetric",NA,1,TRUE,1.23499999998603
"537","Z=~z1",0.59950530997566,0.0690564825619478,0.6,"PLSc",11937,6340155,300,"continuous","skewed","skewed","Symmetric",NA,1,TRUE,1.23499999998603
"538","Z=~z2",0.723808692494264,0.0562396532564738,0.6,"PLSc",11937,6340155,300,"continuous","skewed","skewed","Symmetric",NA,1,TRUE,1.23499999998603
"539","Z=~z3",0.734192731931241,0.0492159755598818,0.8,"PLSc",11937,6340155,300,"continuous","skewed","skewed","Symmetric",NA,1,TRUE,1.23499999998603
"540","Y=~y1",0.273256693984781,0.0774352861227258,0.4,"PLSc",11937,6340155,300,"continuous","skewed","skewed","Symmetric",NA,1,TRUE,1.23499999998603
"541","Y=~y2",0.756032334306968,0.0441124426877724,0.7,"PLSc",11937,6340155,300,"continuous","skewed","skewed","Symmetric",NA,1,TRUE,1.23499999998603
"542","Y=~y3",0.839789287012372,0.0434413028099206,0.9,"PLSc",11937,6340155,300,"continuous","skewed","skewed","Symmetric",NA,1,TRUE,1.23499999998603
"543","Y~X",0.289173349162146,0.138170257044628,0.4,"PLSc",11937,6340155,300,"continuous","skewed","skewed","Symmetric",NA,1,TRUE,1.23499999998603
"544","Y~Z",0.729654020325528,0.432425385020039,0.5,"PLSc",11937,6340155,300,"continuous","skewed","skewed","Symmetric",NA,1,TRUE,1.23499999998603
"545","Y~X:Z",0.302565978892822,0.795249270504428,0.3,"PLSc",11937,6340155,300,"continuous","skewed","skewed","Symmetric",NA,1,TRUE,1.23499999998603
"546","X~~Z",0.157011409882562,0.0852782625324211,0.2,"PLSc",11937,6340155,300,"continuous","skewed","skewed","Symmetric",NA,1,TRUE,1.23499999998603
"547","X=~x1",0.498418528917734,0.084452362350502,0.4,"PLS",11937,6340155,300,"continuous","skewed","skewed","Symmetric",NA,1,TRUE,0.892999999981839
"548","X=~x2",0.883953472450988,0.0232243879528937,0.8,"PLS",11937,6340155,300,"continuous","skewed","skewed","Symmetric",NA,1,TRUE,0.892999999981839
"549","X=~x3",0.871861004592375,0.0246146443329934,0.8,"PLS",11937,6340155,300,"continuous","skewed","skewed","Symmetric",NA,1,TRUE,0.892999999981839
"550","Z=~z1",0.752608786891626,0.0449301433430063,0.6,"PLS",11937,6340155,300,"continuous","skewed","skewed","Symmetric",NA,1,TRUE,0.892999999981839
"551","Z=~z2",0.820200799236058,0.0257480784391602,0.6,"PLS",11937,6340155,300,"continuous","skewed","skewed","Symmetric",NA,1,TRUE,0.892999999981839
"552","Z=~z3",0.836038628286818,0.0247467398595409,0.8,"PLS",11937,6340155,300,"continuous","skewed","skewed","Symmetric",NA,1,TRUE,0.892999999981839
"553","Y=~y1",0.452666218860359,0.0817513323578793,0.4,"PLS",11937,6340155,300,"continuous","skewed","skewed","Symmetric",NA,1,TRUE,0.892999999981839
"554","Y=~y2",0.861675149208081,0.0204523074563416,0.7,"PLS",11937,6340155,300,"continuous","skewed","skewed","Symmetric",NA,1,TRUE,0.892999999981839
"555","Y=~y3",0.901773100154025,0.0135919026338935,0.9,"PLS",11937,6340155,300,"continuous","skewed","skewed","Symmetric",NA,1,TRUE,0.892999999981839
"556","Y~X",0.272467583964936,0.0411202996169961,0.4,"PLS",11937,6340155,300,"continuous","skewed","skewed","Symmetric",NA,1,TRUE,0.892999999981839
"557","Y~Z",0.554011602652736,0.0488361534705081,0.5,"PLS",11937,6340155,300,"continuous","skewed","skewed","Symmetric",NA,1,TRUE,0.892999999981839
"558","Y~X:Z",0.234862482991324,0.0486185177886482,0.3,"PLS",11937,6340155,300,"continuous","skewed","skewed","Symmetric",NA,1,TRUE,0.892999999981839
"559","X~~Z",0.115702609177547,0.0634681519267077,0.2,"PLS",11937,6340155,300,"continuous","skewed","skewed","Symmetric",NA,1,TRUE,0.892999999981839
"560","X=~x1",0.32,0.067,0.4,"Mplus",11937,6340155,300,"continuous","skewed","skewed","Symmetric",NA,1,TRUE,2.32600000000093
"561","X=~x2",0.814,0.044,0.8,"Mplus",11937,6340155,300,"continuous","skewed","skewed","Symmetric",NA,1,TRUE,2.32600000000093
"562","X=~x3",0.774,0.046,0.8,"Mplus",11937,6340155,300,"continuous","skewed","skewed","Symmetric",NA,1,TRUE,2.32600000000093
"563","Z=~z1",0.604,0.056,0.6,"Mplus",11937,6340155,300,"continuous","skewed","skewed","Symmetric",NA,1,TRUE,2.32600000000093
"564","Z=~z2",0.71,0.043,0.6,"Mplus",11937,6340155,300,"continuous","skewed","skewed","Symmetric",NA,1,TRUE,2.32600000000093
"565","Z=~z3",0.741,0.045,0.8,"Mplus",11937,6340155,300,"continuous","skewed","skewed","Symmetric",NA,1,TRUE,2.32600000000093
"566","Y=~y1",0.318,0.051,0.4,"Mplus",11937,6340155,300,"continuous","skewed","skewed","Symmetric",NA,1,TRUE,2.32600000000093
"567","Y=~y2",0.701,0.039,0.7,"Mplus",11937,6340155,300,"continuous","skewed","skewed","Symmetric",NA,1,TRUE,2.32600000000093
"568","Y=~y3",0.827,0.036,0.9,"Mplus",11937,6340155,300,"continuous","skewed","skewed","Symmetric",NA,1,TRUE,2.32600000000093
"569","Y~X",0.325,0.059,0.4,"Mplus",11937,6340155,300,"continuous","skewed","skewed","Symmetric",NA,1,TRUE,2.32600000000093
"570","Y~Z",0.718,0.057,0.5,"Mplus",11937,6340155,300,"continuous","skewed","skewed","Symmetric",NA,1,TRUE,2.32600000000093
"571","Y~X:Z",0.375,0.062,0.3,"Mplus",11937,6340155,300,"continuous","skewed","skewed","Symmetric",NA,1,TRUE,2.32600000000093
"572","X~~Z",0.192,0.08,0.2,"Mplus",11937,6340155,300,"continuous","skewed","skewed","Symmetric",NA,1,TRUE,2.32600000000093
"573","X=~x1",0.314444900331566,0.0638938679599043,0.4,"LSAM",11937,6340155,300,"continuous","skewed","skewed","Symmetric",NA,1,TRUE,0.423999999999069
"574","X=~x2",0.867356456570616,0.111696582931,0.8,"LSAM",11937,6340155,300,"continuous","skewed","skewed","Symmetric",NA,1,TRUE,0.423999999999069
"575","X=~x3",0.739069688773868,0.116503679166293,0.8,"LSAM",11937,6340155,300,"continuous","skewed","skewed","Symmetric",NA,1,TRUE,0.423999999999069
"576","Z=~z1",0.617441705747267,0.0555552222413976,0.6,"LSAM",11937,6340155,300,"continuous","skewed","skewed","Symmetric",NA,1,TRUE,0.423999999999069
"577","Z=~z2",0.691802035249878,0.0767179575348894,0.6,"LSAM",11937,6340155,300,"continuous","skewed","skewed","Symmetric",NA,1,TRUE,0.423999999999069
"578","Z=~z3",0.749258967019909,0.0757598782670268,0.8,"LSAM",11937,6340155,300,"continuous","skewed","skewed","Symmetric",NA,1,TRUE,0.423999999999069
"579","Y=~y1",0.328785886559694,0.026867000784398,0.4,"LSAM",11937,6340155,300,"continuous","skewed","skewed","Symmetric",NA,1,TRUE,0.423999999999069
"580","Y=~y2",0.635595045932381,0.0859911170745859,0.7,"LSAM",11937,6340155,300,"continuous","skewed","skewed","Symmetric",NA,1,TRUE,0.423999999999069
"581","Y=~y3",0.950484193238059,0.109584629013731,0.9,"LSAM",11937,6340155,300,"continuous","skewed","skewed","Symmetric",NA,1,TRUE,0.423999999999069
"582","Y~X",0.256690484386977,0.0630763657702097,0.4,"LSAM",11937,6340155,300,"continuous","skewed","skewed","Symmetric",NA,1,TRUE,0.423999999999069
"583","Y~Z",0.663267689307584,0.114332773344364,0.5,"LSAM",11937,6340155,300,"continuous","skewed","skewed","Symmetric",NA,1,TRUE,0.423999999999069
"584","Y~X:Z",0.283585170120327,0.0789234480933799,0.3,"LSAM",11937,6340155,300,"continuous","skewed","skewed","Symmetric",NA,1,TRUE,0.423999999999069
"585","X~~Z",0.148568718507942,0.0859630899575786,0.2,"LSAM",11937,6340155,300,"continuous","skewed","skewed","Symmetric",NA,1,TRUE,0.423999999999069
"586","X=~x1",0.423781661048659,0.0361333697427617,0.4,"MC-PLSc",11938,2936285,1000,"continuous","skewed","skewed","Symmetric",NA,1,TRUE,6.26600000000326
"587","X=~x2",0.782652274249493,0.0226787054814104,0.8,"MC-PLSc",11938,2936285,1000,"continuous","skewed","skewed","Symmetric",NA,1,TRUE,6.26600000000326
"588","X=~x3",0.844579642004203,0.0219092158350301,0.8,"MC-PLSc",11938,2936285,1000,"continuous","skewed","skewed","Symmetric",NA,1,TRUE,6.26600000000326
"589","Z=~z1",0.598943002409849,0.0321362476134005,0.6,"MC-PLSc",11938,2936285,1000,"continuous","skewed","skewed","Symmetric",NA,1,TRUE,6.26600000000326
"590","Z=~z2",0.621817343979256,0.0316558118832639,0.6,"MC-PLSc",11938,2936285,1000,"continuous","skewed","skewed","Symmetric",NA,1,TRUE,6.26600000000326
"591","Z=~z3",0.793847077526607,0.0229511422782992,0.8,"MC-PLSc",11938,2936285,1000,"continuous","skewed","skewed","Symmetric",NA,1,TRUE,6.26600000000326
"592","Y=~y1",0.425417477778684,0.0458551197253594,0.4,"MC-PLSc",11938,2936285,1000,"continuous","skewed","skewed","Symmetric",NA,1,TRUE,6.26600000000326
"593","Y=~y2",0.735367938742858,0.0433898185497277,0.7,"MC-PLSc",11938,2936285,1000,"continuous","skewed","skewed","Symmetric",NA,1,TRUE,6.26600000000326
"594","Y=~y3",0.95016296187457,0.0180724410686141,0.9,"MC-PLSc",11938,2936285,1000,"continuous","skewed","skewed","Symmetric",NA,1,TRUE,6.26600000000326
"595","Y~X",0.365737132168384,0.0319044528159785,0.4,"MC-PLSc",11938,2936285,1000,"continuous","skewed","skewed","Symmetric",NA,1,TRUE,6.26600000000326
"596","Y~Z",0.493321752351553,0.0347345234657386,0.5,"MC-PLSc",11938,2936285,1000,"continuous","skewed","skewed","Symmetric",NA,1,TRUE,6.26600000000326
"597","Y~X:Z",0.417432529105184,0.0458952565144677,0.3,"MC-PLSc",11938,2936285,1000,"continuous","skewed","skewed","Symmetric",NA,1,TRUE,6.26600000000326
"598","X~~Z",0.217718452453256,0.0472357462542647,0.2,"MC-PLSc",11938,2936285,1000,"continuous","skewed","skewed","Symmetric",NA,1,TRUE,6.26600000000326
"599","X=~x1",0.410011712045236,0.0536272434418208,0.4,"PLSc",11938,2936285,1000,"continuous","skewed","skewed","Symmetric",NA,1,TRUE,1.32900000002701
"600","X=~x2",0.797472947830334,0.0273055110380667,0.8,"PLSc",11938,2936285,1000,"continuous","skewed","skewed","Symmetric",NA,1,TRUE,1.32900000002701
"601","X=~x3",0.839525929277478,0.0281530757328155,0.8,"PLSc",11938,2936285,1000,"continuous","skewed","skewed","Symmetric",NA,1,TRUE,1.32900000002701
"602","Z=~z1",0.590103648637796,0.0363500472845343,0.6,"PLSc",11938,2936285,1000,"continuous","skewed","skewed","Symmetric",NA,1,TRUE,1.32900000002701
"603","Z=~z2",0.635124752210753,0.0343795823405063,0.6,"PLSc",11938,2936285,1000,"continuous","skewed","skewed","Symmetric",NA,1,TRUE,1.32900000002701
"604","Z=~z3",0.788183367429488,0.0273350534741978,0.8,"PLSc",11938,2936285,1000,"continuous","skewed","skewed","Symmetric",NA,1,TRUE,1.32900000002701
"605","Y=~y1",0.406912250109313,0.0538088500890403,0.4,"PLSc",11938,2936285,1000,"continuous","skewed","skewed","Symmetric",NA,1,TRUE,1.32900000002701
"606","Y=~y2",0.739036693852161,0.0463450099387657,0.7,"PLSc",11938,2936285,1000,"continuous","skewed","skewed","Symmetric",NA,1,TRUE,1.32900000002701
"607","Y=~y3",0.958993619359116,0.019519820516637,0.9,"PLSc",11938,2936285,1000,"continuous","skewed","skewed","Symmetric",NA,1,TRUE,1.32900000002701
"608","Y~X",0.346139018211966,0.0336730919879709,0.4,"PLSc",11938,2936285,1000,"continuous","skewed","skewed","Symmetric",NA,1,TRUE,1.32900000002701
"609","Y~Z",0.468962332923013,0.0345067743861896,0.5,"PLSc",11938,2936285,1000,"continuous","skewed","skewed","Symmetric",NA,1,TRUE,1.32900000002701
"610","Y~X:Z",0.29313320421464,0.0349930918527564,0.3,"PLSc",11938,2936285,1000,"continuous","skewed","skewed","Symmetric",NA,1,TRUE,1.32900000002701
"611","X~~Z",0.216919880118692,0.0510576649684385,0.2,"PLSc",11938,2936285,1000,"continuous","skewed","skewed","Symmetric",NA,1,TRUE,1.32900000002701
"612","X=~x1",0.583288659295329,0.0401719347054071,0.4,"PLS",11938,2936285,1000,"continuous","skewed","skewed","Symmetric",NA,1,TRUE,0.942999999970198
"613","X=~x2",0.876150814085346,0.00994100749851796,0.8,"PLS",11938,2936285,1000,"continuous","skewed","skewed","Symmetric",NA,1,TRUE,0.942999999970198
"614","X=~x3",0.89591762849273,0.0086720900600726,0.8,"PLS",11938,2936285,1000,"continuous","skewed","skewed","Symmetric",NA,1,TRUE,0.942999999970198
"615","Z=~z1",0.74974341184384,0.022198964236296,0.6,"PLS",11938,2936285,1000,"continuous","skewed","skewed","Symmetric",NA,1,TRUE,0.942999999970198
"616","Z=~z2",0.7683024707538,0.0206343347176639,0.6,"PLS",11938,2936285,1000,"continuous","skewed","skewed","Symmetric",NA,1,TRUE,0.942999999970198
"617","Z=~z3",0.860476328444933,0.0100188282202952,0.8,"PLS",11938,2936285,1000,"continuous","skewed","skewed","Symmetric",NA,1,TRUE,0.942999999970198
"618","Y=~y1",0.587750042693662,0.0492039296663119,0.4,"PLS",11938,2936285,1000,"continuous","skewed","skewed","Symmetric",NA,1,TRUE,0.942999999970198
"619","Y=~y2",0.865602467298174,0.022421846046674,0.7,"PLS",11938,2936285,1000,"continuous","skewed","skewed","Symmetric",NA,1,TRUE,0.942999999970198
"620","Y=~y3",0.925852035744784,0.00692932478519303,0.9,"PLS",11938,2936285,1000,"continuous","skewed","skewed","Symmetric",NA,1,TRUE,0.942999999970198
"621","Y~X",0.321591252478833,0.022761239347092,0.4,"PLS",11938,2936285,1000,"continuous","skewed","skewed","Symmetric",NA,1,TRUE,0.942999999970198
"622","Y~Z",0.39571239418346,0.0267097619852869,0.5,"PLS",11938,2936285,1000,"continuous","skewed","skewed","Symmetric",NA,1,TRUE,0.942999999970198
"623","Y~X:Z",0.296900185832997,0.0380301030064067,0.3,"PLS",11938,2936285,1000,"continuous","skewed","skewed","Symmetric",NA,1,TRUE,0.942999999970198
"624","X~~Z",0.165285142905071,0.0397820952684877,0.2,"PLS",11938,2936285,1000,"continuous","skewed","skewed","Symmetric",NA,1,TRUE,0.942999999970198
"625","X=~x1",0.441,0.032,0.4,"Mplus",11938,2936285,1000,"continuous","skewed","skewed","Symmetric",NA,1,TRUE,10.8159999999916
"626","X=~x2",0.785,0.022,0.8,"Mplus",11938,2936285,1000,"continuous","skewed","skewed","Symmetric",NA,1,TRUE,10.8159999999916
"627","X=~x3",0.821,0.021,0.8,"Mplus",11938,2936285,1000,"continuous","skewed","skewed","Symmetric",NA,1,TRUE,10.8159999999916
"628","Z=~z1",0.603,0.03,0.6,"Mplus",11938,2936285,1000,"continuous","skewed","skewed","Symmetric",NA,1,TRUE,10.8159999999916
"629","Z=~z2",0.606,0.032,0.6,"Mplus",11938,2936285,1000,"continuous","skewed","skewed","Symmetric",NA,1,TRUE,10.8159999999916
"630","Z=~z3",0.803,0.022,0.8,"Mplus",11938,2936285,1000,"continuous","skewed","skewed","Symmetric",NA,1,TRUE,10.8159999999916
"631","Y=~y1",0.368,0.026,0.4,"Mplus",11938,2936285,1000,"continuous","skewed","skewed","Symmetric",NA,1,TRUE,10.8159999999916
"632","Y=~y2",0.67,0.024,0.7,"Mplus",11938,2936285,1000,"continuous","skewed","skewed","Symmetric",NA,1,TRUE,10.8159999999916
"633","Y=~y3",0.911,0.014,0.9,"Mplus",11938,2936285,1000,"continuous","skewed","skewed","Symmetric",NA,1,TRUE,10.8159999999916
"634","Y~X",0.415,0.031,0.4,"Mplus",11938,2936285,1000,"continuous","skewed","skewed","Symmetric",NA,1,TRUE,10.8159999999916
"635","Y~Z",0.55,0.031,0.5,"Mplus",11938,2936285,1000,"continuous","skewed","skewed","Symmetric",NA,1,TRUE,10.8159999999916
"636","Y~X:Z",0.413,0.034,0.3,"Mplus",11938,2936285,1000,"continuous","skewed","skewed","Symmetric",NA,1,TRUE,10.8159999999916
"637","X~~Z",0.273,0.044,0.2,"Mplus",11938,2936285,1000,"continuous","skewed","skewed","Symmetric",NA,1,TRUE,10.8159999999916
"638","X=~x1",0.433392439958807,0.0324593689969427,0.4,"LSAM",11938,2936285,1000,"continuous","skewed","skewed","Symmetric",NA,1,TRUE,0.5
"639","X=~x2",0.757164111109918,0.0454678088357009,0.8,"LSAM",11938,2936285,1000,"continuous","skewed","skewed","Symmetric",NA,1,TRUE,0.5
"640","X=~x3",0.863173264159505,0.0425003759682864,0.8,"LSAM",11938,2936285,1000,"continuous","skewed","skewed","Symmetric",NA,1,TRUE,0.5
"641","Z=~z1",0.604937016186343,0.0261661268992956,0.6,"LSAM",11938,2936285,1000,"continuous","skewed","skewed","Symmetric",NA,1,TRUE,0.5
"642","Z=~z2",0.607098601949942,0.0404296379128044,0.6,"LSAM",11938,2936285,1000,"continuous","skewed","skewed","Symmetric",NA,1,TRUE,0.5
"643","Z=~z3",0.802609995381454,0.0419006641295621,0.8,"LSAM",11938,2936285,1000,"continuous","skewed","skewed","Symmetric",NA,1,TRUE,0.5
"644","Y=~y1",0.437289429104987,0.0419889740839802,0.4,"LSAM",11938,2936285,1000,"continuous","skewed","skewed","Symmetric",NA,1,TRUE,0.5
"645","Y=~y2",0.730001257278442,0.0504677488869401,0.7,"LSAM",11938,2936285,1000,"continuous","skewed","skewed","Symmetric",NA,1,TRUE,0.5
"646","Y=~y3",0.943311169545307,0.0365648493902902,0.9,"LSAM",11938,2936285,1000,"continuous","skewed","skewed","Symmetric",NA,1,TRUE,0.5
"647","Y~X",0.337141279618099,0.0478446836648532,0.4,"LSAM",11938,2936285,1000,"continuous","skewed","skewed","Symmetric",NA,1,TRUE,0.5
"648","Y~Z",0.490666151713235,0.0620828261654082,0.5,"LSAM",11938,2936285,1000,"continuous","skewed","skewed","Symmetric",NA,1,TRUE,0.5
"649","Y~X:Z",0.281778115026349,0.0243663824439704,0.3,"LSAM",11938,2936285,1000,"continuous","skewed","skewed","Symmetric",NA,1,TRUE,0.5
"650","X~~Z",0.226815692101784,0.0461759047857669,0.2,"LSAM",11938,2936285,1000,"continuous","skewed","skewed","Symmetric",NA,1,TRUE,0.5
"651","X=~x1",0.409159158640141,0.0623527529320776,0.4,"MC-PLSc",11939,5908262,300,"continuous","uniform","skewed","Symmetric",NA,1,TRUE,6.09299999999348
"652","X=~x2",0.854239896908441,0.0457565187398052,0.8,"MC-PLSc",11939,5908262,300,"continuous","uniform","skewed","Symmetric",NA,1,TRUE,6.09299999999348
"653","X=~x3",0.743765219900007,0.0472964306784583,0.8,"MC-PLSc",11939,5908262,300,"continuous","uniform","skewed","Symmetric",NA,1,TRUE,6.09299999999348
"654","Z=~z1",0.698395618694098,0.0390590306746951,0.6,"MC-PLSc",11939,5908262,300,"continuous","uniform","skewed","Symmetric",NA,1,TRUE,6.09299999999348
"655","Z=~z2",0.583778509786862,0.0544660975832673,0.6,"MC-PLSc",11939,5908262,300,"continuous","uniform","skewed","Symmetric",NA,1,TRUE,6.09299999999348
"656","Z=~z3",0.813435585619205,0.0449547145080773,0.8,"MC-PLSc",11939,5908262,300,"continuous","uniform","skewed","Symmetric",NA,1,TRUE,6.09299999999348
"657","Y=~y1",0.447749558764031,0.0590500289849017,0.4,"MC-PLSc",11939,5908262,300,"continuous","uniform","skewed","Symmetric",NA,1,TRUE,6.09299999999348
"658","Y=~y2",0.762995954127472,0.0424334256066064,0.7,"MC-PLSc",11939,5908262,300,"continuous","uniform","skewed","Symmetric",NA,1,TRUE,6.09299999999348
"659","Y=~y3",0.91979265614782,0.0295425152948733,0.9,"MC-PLSc",11939,5908262,300,"continuous","uniform","skewed","Symmetric",NA,1,TRUE,6.09299999999348
"660","Y~X",0.397969855348417,0.0503779730369817,0.4,"MC-PLSc",11939,5908262,300,"continuous","uniform","skewed","Symmetric",NA,1,TRUE,6.09299999999348
"661","Y~Z",0.522806847863993,0.0534029601137675,0.5,"MC-PLSc",11939,5908262,300,"continuous","uniform","skewed","Symmetric",NA,1,TRUE,6.09299999999348
"662","Y~X:Z",0.226724760358462,0.0527154993804341,0.3,"MC-PLSc",11939,5908262,300,"continuous","uniform","skewed","Symmetric",NA,1,TRUE,6.09299999999348
"663","X~~Z",0.214775172696759,0.0714541701565685,0.2,"MC-PLSc",11939,5908262,300,"continuous","uniform","skewed","Symmetric",NA,1,TRUE,6.09299999999348
"664","X=~x1",0.393358197431576,0.101509876353004,0.4,"PLSc",11939,5908262,300,"continuous","uniform","skewed","Symmetric",NA,1,TRUE,1.26300000003539
"665","X=~x2",0.85618905367978,0.0628772706318774,0.8,"PLSc",11939,5908262,300,"continuous","uniform","skewed","Symmetric",NA,1,TRUE,1.26300000003539
"666","X=~x3",0.752633951609076,0.0605615250577591,0.8,"PLSc",11939,5908262,300,"continuous","uniform","skewed","Symmetric",NA,1,TRUE,1.26300000003539
"667","Z=~z1",0.708070696541015,0.0493647709141518,0.6,"PLSc",11939,5908262,300,"continuous","uniform","skewed","Symmetric",NA,1,TRUE,1.26300000003539
"668","Z=~z2",0.527953223132837,0.0740977653204741,0.6,"PLSc",11939,5908262,300,"continuous","uniform","skewed","Symmetric",NA,1,TRUE,1.26300000003539
"669","Z=~z3",0.853365701051911,0.0565199818644557,0.8,"PLSc",11939,5908262,300,"continuous","uniform","skewed","Symmetric",NA,1,TRUE,1.26300000003539
"670","Y=~y1",0.425880919903114,0.0715405148815743,0.4,"PLSc",11939,5908262,300,"continuous","uniform","skewed","Symmetric",NA,1,TRUE,1.26300000003539
"671","Y=~y2",0.744581802033399,0.0458782769046086,0.7,"PLSc",11939,5908262,300,"continuous","uniform","skewed","Symmetric",NA,1,TRUE,1.26300000003539
"672","Y=~y3",0.956397327647931,0.0357432717030354,0.9,"PLSc",11939,5908262,300,"continuous","uniform","skewed","Symmetric",NA,1,TRUE,1.26300000003539
"673","Y~X",0.388327658827251,0.0529812529534963,0.4,"PLSc",11939,5908262,300,"continuous","uniform","skewed","Symmetric",NA,1,TRUE,1.26300000003539
"674","Y~Z",0.504747276709872,0.0603769748396806,0.5,"PLSc",11939,5908262,300,"continuous","uniform","skewed","Symmetric",NA,1,TRUE,1.26300000003539
"675","Y~X:Z",0.21106455174309,0.0613119824480895,0.3,"PLSc",11939,5908262,300,"continuous","uniform","skewed","Symmetric",NA,1,TRUE,1.26300000003539
"676","X~~Z",0.210775509974336,0.0718706042945673,0.2,"PLSc",11939,5908262,300,"continuous","uniform","skewed","Symmetric",NA,1,TRUE,1.26300000003539
"677","X=~x1",0.569186236341549,0.0718857357201341,0.4,"PLS",11939,5908262,300,"continuous","uniform","skewed","Symmetric",NA,1,TRUE,0.868000000016764
"678","X=~x2",0.896758888619292,0.0168433878747773,0.8,"PLS",11939,5908262,300,"continuous","uniform","skewed","Symmetric",NA,1,TRUE,0.868000000016764
"679","X=~x3",0.860292623265515,0.0230238603158044,0.8,"PLS",11939,5908262,300,"continuous","uniform","skewed","Symmetric",NA,1,TRUE,0.868000000016764
"680","Z=~z1",0.818750150381406,0.0215233482227659,0.6,"PLS",11939,5908262,300,"continuous","uniform","skewed","Symmetric",NA,1,TRUE,0.868000000016764
"681","Z=~z2",0.733920878792569,0.0403332356872252,0.6,"PLS",11939,5908262,300,"continuous","uniform","skewed","Symmetric",NA,1,TRUE,0.868000000016764
"682","Z=~z3",0.870395885153718,0.0179753800415978,0.8,"PLS",11939,5908262,300,"continuous","uniform","skewed","Symmetric",NA,1,TRUE,0.868000000016764
"683","Y=~y1",0.609244690195036,0.0583686386246404,0.4,"PLS",11939,5908262,300,"continuous","uniform","skewed","Symmetric",NA,1,TRUE,0.868000000016764
"684","Y=~y2",0.87343976221137,0.0193419500136554,0.7,"PLS",11939,5908262,300,"continuous","uniform","skewed","Symmetric",NA,1,TRUE,0.868000000016764
"685","Y=~y3",0.918417226448792,0.00930304171470134,0.9,"PLS",11939,5908262,300,"continuous","uniform","skewed","Symmetric",NA,1,TRUE,0.868000000016764
"686","Y~X",0.340090654429389,0.0391031042965104,0.4,"PLS",11939,5908262,300,"continuous","uniform","skewed","Symmetric",NA,1,TRUE,0.868000000016764
"687","Y~Z",0.427375334269862,0.0438617837057766,0.5,"PLS",11939,5908262,300,"continuous","uniform","skewed","Symmetric",NA,1,TRUE,0.868000000016764
"688","Y~X:Z",0.163111461797982,0.0378694161136338,0.3,"PLS",11939,5908262,300,"continuous","uniform","skewed","Symmetric",NA,1,TRUE,0.868000000016764
"689","X~~Z",0.164945549776019,0.0560092242588051,0.2,"PLS",11939,5908262,300,"continuous","uniform","skewed","Symmetric",NA,1,TRUE,0.868000000016764
"690","X=~x1",0.407,0.055,0.4,"Mplus",11939,5908262,300,"continuous","uniform","skewed","Symmetric",NA,1,TRUE,2.15100000001257
"691","X=~x2",0.819,0.038,0.8,"Mplus",11939,5908262,300,"continuous","uniform","skewed","Symmetric",NA,1,TRUE,2.15100000001257
"692","X=~x3",0.758,0.04,0.8,"Mplus",11939,5908262,300,"continuous","uniform","skewed","Symmetric",NA,1,TRUE,2.15100000001257
"693","Z=~z1",0.692,0.037,0.6,"Mplus",11939,5908262,300,"continuous","uniform","skewed","Symmetric",NA,1,TRUE,2.15100000001257
"694","Z=~z2",0.59,0.043,0.6,"Mplus",11939,5908262,300,"continuous","uniform","skewed","Symmetric",NA,1,TRUE,2.15100000001257
"695","Z=~z3",0.794,0.039,0.8,"Mplus",11939,5908262,300,"continuous","uniform","skewed","Symmetric",NA,1,TRUE,2.15100000001257
"696","Y=~y1",0.436,0.056,0.4,"Mplus",11939,5908262,300,"continuous","uniform","skewed","Symmetric",NA,1,TRUE,2.15100000001257
"697","Y=~y2",0.738,0.036,0.7,"Mplus",11939,5908262,300,"continuous","uniform","skewed","Symmetric",NA,1,TRUE,2.15100000001257
"698","Y=~y3",0.93,0.026,0.9,"Mplus",11939,5908262,300,"continuous","uniform","skewed","Symmetric",NA,1,TRUE,2.15100000001257
"699","Y~X",0.436,0.046,0.4,"Mplus",11939,5908262,300,"continuous","uniform","skewed","Symmetric",NA,1,TRUE,2.15100000001257
"700","Y~Z",0.542,0.046,0.5,"Mplus",11939,5908262,300,"continuous","uniform","skewed","Symmetric",NA,1,TRUE,2.15100000001257
"701","Y~X:Z",0.276,0.051,0.3,"Mplus",11939,5908262,300,"continuous","uniform","skewed","Symmetric",NA,1,TRUE,2.15100000001257
"702","X~~Z",0.207,0.071,0.2,"Mplus",11939,5908262,300,"continuous","uniform","skewed","Symmetric",NA,1,TRUE,2.15100000001257
"703","X=~x1",0.420040794881918,0.0561212981414599,0.4,"LSAM",11939,5908262,300,"continuous","uniform","skewed","Symmetric",NA,1,TRUE,0.415000000037253
"704","X=~x2",0.858436439345185,0.0839343987077671,0.8,"LSAM",11939,5908262,300,"continuous","uniform","skewed","Symmetric",NA,1,TRUE,0.415000000037253
"705","X=~x3",0.730424726125673,0.0870732379249963,0.8,"LSAM",11939,5908262,300,"continuous","uniform","skewed","Symmetric",NA,1,TRUE,0.415000000037253
"706","Z=~z1",0.701612889418229,0.0361448055518984,0.6,"LSAM",11939,5908262,300,"continuous","uniform","skewed","Symmetric",NA,1,TRUE,0.415000000037253
"707","Z=~z2",0.632763857344987,0.0627563150234528,0.6,"LSAM",11939,5908262,300,"continuous","uniform","skewed","Symmetric",NA,1,TRUE,0.415000000037253
"708","Z=~z3",0.764254442770593,0.0635016313373419,0.8,"LSAM",11939,5908262,300,"continuous","uniform","skewed","Symmetric",NA,1,TRUE,0.415000000037253
"709","Y=~y1",0.466780608967161,0.028573918725046,0.4,"LSAM",11939,5908262,300,"continuous","uniform","skewed","Symmetric",NA,1,TRUE,0.415000000037253
"710","Y=~y2",0.794304134382275,0.0590689245703028,0.7,"LSAM",11939,5908262,300,"continuous","uniform","skewed","Symmetric",NA,1,TRUE,0.415000000037253
"711","Y=~y3",0.867992099322924,0.0593529675852885,0.9,"LSAM",11939,5908262,300,"continuous","uniform","skewed","Symmetric",NA,1,TRUE,0.415000000037253
"712","Y~X",0.408976881292339,0.0549530253580204,0.4,"LSAM",11939,5908262,300,"continuous","uniform","skewed","Symmetric",NA,1,TRUE,0.415000000037253
"713","Y~Z",0.52592774987334,0.064046346290414,0.5,"LSAM",11939,5908262,300,"continuous","uniform","skewed","Symmetric",NA,1,TRUE,0.415000000037253
"714","Y~X:Z",0.228924690374235,0.0584372314383827,0.3,"LSAM",11939,5908262,300,"continuous","uniform","skewed","Symmetric",NA,1,TRUE,0.415000000037253
"715","X~~Z",0.211247976753646,0.0717838695119931,0.2,"LSAM",11939,5908262,300,"continuous","uniform","skewed","Symmetric",NA,1,TRUE,0.415000000037253
"716","X=~x1",0.36292940475012,0.0368695207971435,0.4,"MC-PLSc",11940,2450453,1000,"continuous","uniform","skewed","Symmetric",NA,1,TRUE,6.15000000002328
"717","X=~x2",0.816170260986837,0.0265410988468879,0.8,"MC-PLSc",11940,2450453,1000,"continuous","uniform","skewed","Symmetric",NA,1,TRUE,6.15000000002328
"718","X=~x3",0.818946279238562,0.0248039941315501,0.8,"MC-PLSc",11940,2450453,1000,"continuous","uniform","skewed","Symmetric",NA,1,TRUE,6.15000000002328
"719","Z=~z1",0.623446609617535,0.0277038594130032,0.6,"MC-PLSc",11940,2450453,1000,"continuous","uniform","skewed","Symmetric",NA,1,TRUE,6.15000000002328
"720","Z=~z2",0.581852854178751,0.0287055914722181,0.6,"MC-PLSc",11940,2450453,1000,"continuous","uniform","skewed","Symmetric",NA,1,TRUE,6.15000000002328
"721","Z=~z3",0.821103596365278,0.0243211233809304,0.8,"MC-PLSc",11940,2450453,1000,"continuous","uniform","skewed","Symmetric",NA,1,TRUE,6.15000000002328
"722","Y=~y1",0.436525457780009,0.0318632503053584,0.4,"MC-PLSc",11940,2450453,1000,"continuous","uniform","skewed","Symmetric",NA,1,TRUE,6.15000000002328
"723","Y=~y2",0.709707059199078,0.0248861956918599,0.7,"MC-PLSc",11940,2450453,1000,"continuous","uniform","skewed","Symmetric",NA,1,TRUE,6.15000000002328
"724","Y=~y3",0.8624006311547,0.0201254964185552,0.9,"MC-PLSc",11940,2450453,1000,"continuous","uniform","skewed","Symmetric",NA,1,TRUE,6.15000000002328
"725","Y~X",0.416806449891162,0.0315035473558437,0.4,"MC-PLSc",11940,2450453,1000,"continuous","uniform","skewed","Symmetric",NA,1,TRUE,6.15000000002328
"726","Y~Z",0.498874556201069,0.0328451264665965,0.5,"MC-PLSc",11940,2450453,1000,"continuous","uniform","skewed","Symmetric",NA,1,TRUE,6.15000000002328
"727","Y~X:Z",0.328290544507957,0.0356235112920421,0.3,"MC-PLSc",11940,2450453,1000,"continuous","uniform","skewed","Symmetric",NA,1,TRUE,6.15000000002328
"728","X~~Z",0.14081902159175,0.0444516063835229,0.2,"MC-PLSc",11940,2450453,1000,"continuous","uniform","skewed","Symmetric",NA,1,TRUE,6.15000000002328
"729","X=~x1",0.344012694162622,0.0595463883853863,0.4,"PLSc",11940,2450453,1000,"continuous","uniform","skewed","Symmetric",NA,1,TRUE,1.33399999997346
"730","X=~x2",0.821512292856856,0.0320898798525341,0.8,"PLSc",11940,2450453,1000,"continuous","uniform","skewed","Symmetric",NA,1,TRUE,1.33399999997346
"731","X=~x3",0.82536174907703,0.0331668150180417,0.8,"PLSc",11940,2450453,1000,"continuous","uniform","skewed","Symmetric",NA,1,TRUE,1.33399999997346
"732","Z=~z1",0.620571546530883,0.0376945423612366,0.6,"PLSc",11940,2450453,1000,"continuous","uniform","skewed","Symmetric",NA,1,TRUE,1.33399999997346
"733","Z=~z2",0.572459712028226,0.040116618283287,0.6,"PLSc",11940,2450453,1000,"continuous","uniform","skewed","Symmetric",NA,1,TRUE,1.33399999997346
"734","Z=~z3",0.831880082385646,0.0328082709182162,0.8,"PLSc",11940,2450453,1000,"continuous","uniform","skewed","Symmetric",NA,1,TRUE,1.33399999997346
"735","Y=~y1",0.445979745589501,0.0406641007396047,0.4,"PLSc",11940,2450453,1000,"continuous","uniform","skewed","Symmetric",NA,1,TRUE,1.33399999997346
"736","Y=~y2",0.709695970591532,0.0286067228770728,0.7,"PLSc",11940,2450453,1000,"continuous","uniform","skewed","Symmetric",NA,1,TRUE,1.33399999997346
"737","Y=~y3",0.852415049772444,0.0249947377651818,0.9,"PLSc",11940,2450453,1000,"continuous","uniform","skewed","Symmetric",NA,1,TRUE,1.33399999997346
"738","Y~X",0.421194032209447,0.0376212571235196,0.4,"PLSc",11940,2450453,1000,"continuous","uniform","skewed","Symmetric",NA,1,TRUE,1.33399999997346
"739","Y~Z",0.497560562584746,0.0343347619312678,0.5,"PLSc",11940,2450453,1000,"continuous","uniform","skewed","Symmetric",NA,1,TRUE,1.33399999997346
"740","Y~X:Z",0.316920040098893,0.0418944917654126,0.3,"PLSc",11940,2450453,1000,"continuous","uniform","skewed","Symmetric",NA,1,TRUE,1.33399999997346
"741","X~~Z",0.137751138645218,0.0403408465686379,0.2,"PLSc",11940,2450453,1000,"continuous","uniform","skewed","Symmetric",NA,1,TRUE,1.33399999997346
"742","X=~x1",0.515169601883149,0.0428436292080167,0.4,"PLS",11940,2450453,1000,"continuous","uniform","skewed","Symmetric",NA,1,TRUE,0.941000000049826
"743","X=~x2",0.892641035831351,0.00954162981027826,0.8,"PLS",11940,2450453,1000,"continuous","uniform","skewed","Symmetric",NA,1,TRUE,0.941000000049826
"744","X=~x3",0.893134756460716,0.00944215855865955,0.8,"PLS",11940,2450453,1000,"continuous","uniform","skewed","Symmetric",NA,1,TRUE,0.941000000049826
"745","Z=~z1",0.770805208088425,0.0186333938449268,0.6,"PLS",11940,2450453,1000,"continuous","uniform","skewed","Symmetric",NA,1,TRUE,0.941000000049826
"746","Z=~z2",0.738214524391796,0.0222976252909481,0.6,"PLS",11940,2450453,1000,"continuous","uniform","skewed","Symmetric",NA,1,TRUE,0.941000000049826
"747","Z=~z3",0.871576996985173,0.00940446527815715,0.8,"PLS",11940,2450453,1000,"continuous","uniform","skewed","Symmetric",NA,1,TRUE,0.941000000049826
"748","Y=~y1",0.602169895338754,0.0319904242990278,0.4,"PLS",11940,2450453,1000,"continuous","uniform","skewed","Symmetric",NA,1,TRUE,0.941000000049826
"749","Y=~y2",0.840403429722472,0.0127054681187033,0.7,"PLS",11940,2450453,1000,"continuous","uniform","skewed","Symmetric",NA,1,TRUE,0.941000000049826
"750","Y=~y3",0.895168803503719,0.00711807601857259,0.9,"PLS",11940,2450453,1000,"continuous","uniform","skewed","Symmetric",NA,1,TRUE,0.941000000049826
"751","Y~X",0.341549670972394,0.0260288987401474,0.4,"PLS",11940,2450453,1000,"continuous","uniform","skewed","Symmetric",NA,1,TRUE,0.941000000049826
"752","Y~Z",0.387715760863284,0.0238226422739739,0.5,"PLS",11940,2450453,1000,"continuous","uniform","skewed","Symmetric",NA,1,TRUE,0.941000000049826
"753","Y~X:Z",0.223810191121523,0.0240963993880476,0.3,"PLS",11940,2450453,1000,"continuous","uniform","skewed","Symmetric",NA,1,TRUE,0.941000000049826
"754","X~~Z",0.106502128584225,0.031195203449917,0.2,"PLS",11940,2450453,1000,"continuous","uniform","skewed","Symmetric",NA,1,TRUE,0.941000000049826
"755","X=~x1",0.377,0.031,0.4,"Mplus",11940,2450453,1000,"continuous","uniform","skewed","Symmetric",NA,1,TRUE,10.1020000000135
"756","X=~x2",0.795,0.02,0.8,"Mplus",11940,2450453,1000,"continuous","uniform","skewed","Symmetric",NA,1,TRUE,10.1020000000135
"757","X=~x3",0.82,0.019,0.8,"Mplus",11940,2450453,1000,"continuous","uniform","skewed","Symmetric",NA,1,TRUE,10.1020000000135
"758","Z=~z1",0.618,0.023,0.6,"Mplus",11940,2450453,1000,"continuous","uniform","skewed","Symmetric",NA,1,TRUE,10.1020000000135
"759","Z=~z2",0.591,0.024,0.6,"Mplus",11940,2450453,1000,"continuous","uniform","skewed","Symmetric",NA,1,TRUE,10.1020000000135
"760","Z=~z3",0.799,0.02,0.8,"Mplus",11940,2450453,1000,"continuous","uniform","skewed","Symmetric",NA,1,TRUE,10.1020000000135
"761","Y=~y1",0.439,0.03,0.4,"Mplus",11940,2450453,1000,"continuous","uniform","skewed","Symmetric",NA,1,TRUE,10.1020000000135
"762","Y=~y2",0.711,0.022,0.7,"Mplus",11940,2450453,1000,"continuous","uniform","skewed","Symmetric",NA,1,TRUE,10.1020000000135
"763","Y=~y3",0.869,0.018,0.9,"Mplus",11940,2450453,1000,"continuous","uniform","skewed","Symmetric",NA,1,TRUE,10.1020000000135
"764","Y~X",0.426,0.029,0.4,"Mplus",11940,2450453,1000,"continuous","uniform","skewed","Symmetric",NA,1,TRUE,10.1020000000135
"765","Y~Z",0.511,0.029,0.5,"Mplus",11940,2450453,1000,"continuous","uniform","skewed","Symmetric",NA,1,TRUE,10.1020000000135
"766","Y~X:Z",0.372,0.036,0.3,"Mplus",11940,2450453,1000,"continuous","uniform","skewed","Symmetric",NA,1,TRUE,10.1020000000135
"767","X~~Z",0.162,0.04,0.2,"Mplus",11940,2450453,1000,"continuous","uniform","skewed","Symmetric",NA,1,TRUE,10.1020000000135
"768","X=~x1",0.377724500582494,0.0299139414943717,0.4,"LSAM",11940,2450453,1000,"continuous","uniform","skewed","Symmetric",NA,1,TRUE,0.428000000014435
"769","X=~x2",0.81347387846833,0.0487257708468657,0.8,"LSAM",11940,2450453,1000,"continuous","uniform","skewed","Symmetric",NA,1,TRUE,0.428000000014435
"770","X=~x3",0.809620770576225,0.0487914185652466,0.8,"LSAM",11940,2450453,1000,"continuous","uniform","skewed","Symmetric",NA,1,TRUE,0.428000000014435
"771","Z=~z1",0.628307487978911,0.0195478660475768,0.6,"LSAM",11940,2450453,1000,"continuous","uniform","skewed","Symmetric",NA,1,TRUE,0.428000000014435
"772","Z=~z2",0.594066589123541,0.0359581039652973,0.6,"LSAM",11940,2450453,1000,"continuous","uniform","skewed","Symmetric",NA,1,TRUE,0.428000000014435
"773","Z=~z3",0.801781175343706,0.0392085976959141,0.8,"LSAM",11940,2450453,1000,"continuous","uniform","skewed","Symmetric",NA,1,TRUE,0.428000000014435
"774","Y=~y1",0.428770403119839,0.0155017437241738,0.4,"LSAM",11940,2450453,1000,"continuous","uniform","skewed","Symmetric",NA,1,TRUE,0.428000000014435
"775","Y=~y2",0.699996688712329,0.0390321175521257,0.7,"LSAM",11940,2450453,1000,"continuous","uniform","skewed","Symmetric",NA,1,TRUE,0.428000000014435
"776","Y=~y3",0.879288417450673,0.0429752712544391,0.9,"LSAM",11940,2450453,1000,"continuous","uniform","skewed","Symmetric",NA,1,TRUE,0.428000000014435
"777","Y~X",0.420909213391921,0.0358779410346295,0.4,"LSAM",11940,2450453,1000,"continuous","uniform","skewed","Symmetric",NA,1,TRUE,0.428000000014435
"778","Y~Z",0.487474468389248,0.0409143638665029,0.5,"LSAM",11940,2450453,1000,"continuous","uniform","skewed","Symmetric",NA,1,TRUE,0.428000000014435
"779","Y~X:Z",0.310331239148378,0.0395636634246352,0.3,"LSAM",11940,2450453,1000,"continuous","uniform","skewed","Symmetric",NA,1,TRUE,0.428000000014435
"780","X~~Z",0.145686638356902,0.0410822954694259,0.2,"LSAM",11940,2450453,1000,"continuous","uniform","skewed","Symmetric",NA,1,TRUE,0.428000000014435
"781","X=~x1",0.399373771910143,0.136255780069333,0.4,"MC-PLSc",11941,123109,300,"ordinal","normal","normal","Symmetric","2",1,TRUE,11.3369999999995
"782","X=~x2",0.813250658095991,0.113590723354034,0.8,"MC-PLSc",11941,123109,300,"ordinal","normal","normal","Symmetric","2",1,TRUE,11.3369999999995
"783","X=~x3",0.772350978247854,0.109000595523542,0.8,"MC-PLSc",11941,123109,300,"ordinal","normal","normal","Symmetric","2",1,TRUE,11.3369999999995
"784","Z=~z1",0.751625383359754,0.0781124278334186,0.6,"MC-PLSc",11941,123109,300,"ordinal","normal","normal","Symmetric","2",1,TRUE,11.3369999999995
"785","Z=~z2",0.563116796935642,0.0985180791568972,0.6,"MC-PLSc",11941,123109,300,"ordinal","normal","normal","Symmetric","2",1,TRUE,11.3369999999995
"786","Z=~z3",0.755400865727948,0.0928277648610491,0.8,"MC-PLSc",11941,123109,300,"ordinal","normal","normal","Symmetric","2",1,TRUE,11.3369999999995
"787","Y=~y1",0.179892188611449,0.103464956835077,0.4,"MC-PLSc",11941,123109,300,"ordinal","normal","normal","Symmetric","2",1,TRUE,11.3369999999995
"788","Y=~y2",0.605383162636494,0.0802457865711077,0.7,"MC-PLSc",11941,123109,300,"ordinal","normal","normal","Symmetric","2",1,TRUE,11.3369999999995
"789","Y=~y3",0.837271838279336,0.0978225443844411,0.9,"MC-PLSc",11941,123109,300,"ordinal","normal","normal","Symmetric","2",1,TRUE,11.3369999999995
"790","Y~X",0.41620822743101,0.10001485558971,0.4,"MC-PLSc",11941,123109,300,"ordinal","normal","normal","Symmetric","2",1,TRUE,11.3369999999995
"791","Y~Z",0.592508018127598,0.105684555729186,0.5,"MC-PLSc",11941,123109,300,"ordinal","normal","normal","Symmetric","2",1,TRUE,11.3369999999995
"792","Y~X:Z",0.0838355945499702,0.18443506420735,0.3,"MC-PLSc",11941,123109,300,"ordinal","normal","normal","Symmetric","2",1,TRUE,11.3369999999995
"793","X~~Z",0.143172506674601,0.0926757885642463,0.2,"MC-PLSc",11941,123109,300,"ordinal","normal","normal","Symmetric","2",1,TRUE,11.3369999999995
"794","X=~x1",0.356533277967887,0.132125197932516,0.4,"PLSc",11941,123109,300,"ordinal","normal","normal","Symmetric","2",1,TRUE,1.28600000002189
"795","X=~x2",0.695377830099435,0.115217870970631,0.8,"PLSc",11941,123109,300,"ordinal","normal","normal","Symmetric","2",1,TRUE,1.28600000002189
"796","X=~x3",0.574368008220282,0.114244917988009,0.8,"PLSc",11941,123109,300,"ordinal","normal","normal","Symmetric","2",1,TRUE,1.28600000002189
"797","Z=~z1",0.614738568932494,0.0871319387431024,0.6,"PLSc",11941,123109,300,"ordinal","normal","normal","Symmetric","2",1,TRUE,1.28600000002189
"798","Z=~z2",0.431346248058578,0.106134733484006,0.6,"PLSc",11941,123109,300,"ordinal","normal","normal","Symmetric","2",1,TRUE,1.28600000002189
"799","Z=~z3",0.638061780098814,0.0811018876696956,0.8,"PLSc",11941,123109,300,"ordinal","normal","normal","Symmetric","2",1,TRUE,1.28600000002189
"800","Y=~y1",0.150487837110728,0.0942320208969502,0.4,"PLSc",11941,123109,300,"ordinal","normal","normal","Symmetric","2",1,TRUE,1.28600000002189
"801","Y=~y2",0.487815207399647,0.0703528328057764,0.7,"PLSc",11941,123109,300,"ordinal","normal","normal","Symmetric","2",1,TRUE,1.28600000002189
"802","Y=~y3",0.68278780300622,0.0790892765004398,0.9,"PLSc",11941,123109,300,"ordinal","normal","normal","Symmetric","2",1,TRUE,1.28600000002189
"803","Y~X",0.415355161807239,0.109319701279842,0.4,"PLSc",11941,123109,300,"ordinal","normal","normal","Symmetric","2",1,TRUE,1.28600000002189
"804","Y~Z",0.586148563309807,0.114645641082762,0.5,"PLSc",11941,123109,300,"ordinal","normal","normal","Symmetric","2",1,TRUE,1.28600000002189
"805","Y~X:Z",0.0946541899643973,0.150569581911792,0.3,"PLSc",11941,123109,300,"ordinal","normal","normal","Symmetric","2",1,TRUE,1.28600000002189
"806","X~~Z",0.137209948227978,0.0943087366083273,0.2,"PLSc",11941,123109,300,"ordinal","normal","normal","Symmetric","2",1,TRUE,1.28600000002189
"807","X=~x1",0.483881334516795,0.124354722414853,0.4,"PLS",11941,123109,300,"ordinal","normal","normal","Symmetric","2",1,TRUE,0.872999999963213
"808","X=~x2",0.826649766022206,0.056112752354218,0.8,"PLS",11941,123109,300,"ordinal","normal","normal","Symmetric","2",1,TRUE,0.872999999963213
"809","X=~x3",0.807152245256332,0.0551191721213832,0.8,"PLS",11941,123109,300,"ordinal","normal","normal","Symmetric","2",1,TRUE,0.872999999963213
"810","Z=~z1",0.779808513109738,0.0484158599116625,0.6,"PLS",11941,123109,300,"ordinal","normal","normal","Symmetric","2",1,TRUE,0.872999999963213
"811","Z=~z2",0.63753565328785,0.0775856951525968,0.6,"PLS",11941,123109,300,"ordinal","normal","normal","Symmetric","2",1,TRUE,0.872999999963213
"812","Z=~z3",0.782031998195763,0.0460351506851472,0.8,"PLS",11941,123109,300,"ordinal","normal","normal","Symmetric","2",1,TRUE,0.872999999963213
"813","Y=~y1",0.245548487491719,0.130390431368742,0.4,"PLS",11941,123109,300,"ordinal","normal","normal","Symmetric","2",1,TRUE,0.872999999963213
"814","Y=~y2",0.734429069286472,0.0577853458925917,0.7,"PLS",11941,123109,300,"ordinal","normal","normal","Symmetric","2",1,TRUE,0.872999999963213
"815","Y=~y3",0.871463647765809,0.0323084091543914,0.9,"PLS",11941,123109,300,"ordinal","normal","normal","Symmetric","2",1,TRUE,0.872999999963213
"816","Y~X",0.252884314293077,0.0503910440996902,0.4,"PLS",11941,123109,300,"ordinal","normal","normal","Symmetric","2",1,TRUE,0.872999999963213
"817","Y~Z",0.343313433461729,0.0541560097345911,0.5,"PLS",11941,123109,300,"ordinal","normal","normal","Symmetric","2",1,TRUE,0.872999999963213
"818","Y~X:Z",0.0342857143925731,0.0526132537276468,0.3,"PLS",11941,123109,300,"ordinal","normal","normal","Symmetric","2",1,TRUE,0.872999999963213
"819","X~~Z",0.0825709339589743,0.0569247735659744,0.2,"PLS",11941,123109,300,"ordinal","normal","normal","Symmetric","2",1,TRUE,0.872999999963213
"820","X=~x1",0.347,0.084,0.4,"Mplus",11941,123109,300,"ordinal","normal","normal","Symmetric","2",1,TRUE,168.283999999985
"821","X=~x2",0.742,0.113,0.8,"Mplus",11941,123109,300,"ordinal","normal","normal","Symmetric","2",1,TRUE,168.283999999985
"822","X=~x3",0.845,0.119,0.8,"Mplus",11941,123109,300,"ordinal","normal","normal","Symmetric","2",1,TRUE,168.283999999985
"823","Z=~z1",0.729,0.085,0.6,"Mplus",11941,123109,300,"ordinal","normal","normal","Symmetric","2",1,TRUE,168.283999999985
"824","Z=~z2",0.544,0.084,0.6,"Mplus",11941,123109,300,"ordinal","normal","normal","Symmetric","2",1,TRUE,168.283999999985
"825","Z=~z3",0.712,0.086,0.8,"Mplus",11941,123109,300,"ordinal","normal","normal","Symmetric","2",1,TRUE,168.283999999985
"826","Y=~y1",0.165,0.074,0.4,"Mplus",11941,123109,300,"ordinal","normal","normal","Symmetric","2",1,TRUE,168.283999999985
"827","Y=~y2",0.573,0.084,0.7,"Mplus",11941,123109,300,"ordinal","normal","normal","Symmetric","2",1,TRUE,168.283999999985
"828","Y=~y3",0.82,0.093,0.9,"Mplus",11941,123109,300,"ordinal","normal","normal","Symmetric","2",1,TRUE,168.283999999985
"829","Y~X",0.41,0.098,0.4,"Mplus",11941,123109,300,"ordinal","normal","normal","Symmetric","2",1,TRUE,168.283999999985
"830","Y~Z",0.605,0.103,0.5,"Mplus",11941,123109,300,"ordinal","normal","normal","Symmetric","2",1,TRUE,168.283999999985
"831","Y~X:Z",0.058,0.16,0.3,"Mplus",11941,123109,300,"ordinal","normal","normal","Symmetric","2",1,TRUE,168.283999999985
"832","X~~Z",0.129,0.105,0.2,"Mplus",11941,123109,300,"ordinal","normal","normal","Symmetric","2",1,TRUE,168.283999999985
"833","X=~x1",0.310942979266502,0.0894873804202665,0.4,"LSAM",11941,123109,300,"ordinal","normal","normal","Symmetric","2",1,TRUE,0.503000000026077
"834","X=~x2",0.514809854788664,0.151623911027439,0.8,"LSAM",11941,123109,300,"ordinal","normal","normal","Symmetric","2",1,TRUE,0.503000000026077
"835","X=~x3",0.874678952575968,0.179961931886857,0.8,"LSAM",11941,123109,300,"ordinal","normal","normal","Symmetric","2",1,TRUE,0.503000000026077
"836","Z=~z1",0.62966054993807,0.271625964735202,0.6,"LSAM",11941,123109,300,"ordinal","normal","normal","Symmetric","2",1,TRUE,0.503000000026077
"837","Z=~z2",0.488903513434967,0.279631726810964,0.6,"LSAM",11941,123109,300,"ordinal","normal","normal","Symmetric","2",1,TRUE,0.503000000026077
"838","Z=~z3",0.572120666599966,0.292311783864516,0.8,"LSAM",11941,123109,300,"ordinal","normal","normal","Symmetric","2",1,TRUE,0.503000000026077
"839","Y=~y1",0.292812244237381,0.0224722908560724,0.4,"LSAM",11941,123109,300,"ordinal","normal","normal","Symmetric","2",1,TRUE,0.503000000026077
"840","Y=~y2",0.49657432080267,0.138814138351626,0.7,"LSAM",11941,123109,300,"ordinal","normal","normal","Symmetric","2",1,TRUE,0.503000000026077
"841","Y=~y3",0.609873139528152,0.183013669082213,0.9,"LSAM",11941,123109,300,"ordinal","normal","normal","Symmetric","2",1,TRUE,0.503000000026077
"842","Y~X",0.323256775237172,0.100708530903831,0.4,"LSAM",11941,123109,300,"ordinal","normal","normal","Symmetric","2",1,TRUE,0.503000000026077
"843","Y~Z",0.635746195084818,0.552281632732895,0.5,"LSAM",11941,123109,300,"ordinal","normal","normal","Symmetric","2",1,TRUE,0.503000000026077
"844","Y~X:Z",0.0269869648817881,0.241822693461971,0.3,"LSAM",11941,123109,300,"ordinal","normal","normal","Symmetric","2",1,TRUE,0.503000000026077
"845","X~~Z",0.0805564729059278,0.0896210260322125,0.2,"LSAM",11941,123109,300,"ordinal","normal","normal","Symmetric","2",1,TRUE,0.503000000026077
"846","X=~x1",0.3194838973008,0.0647409752331947,0.4,"MC-PLSc",11942,8902997,1000,"ordinal","normal","normal","Symmetric","2",1,TRUE,13.9230000000098
"847","X=~x2",0.778571423608261,0.0582595386968547,0.8,"MC-PLSc",11942,8902997,1000,"ordinal","normal","normal","Symmetric","2",1,TRUE,13.9230000000098
"848","X=~x3",0.765941273642075,0.0531201202676878,0.8,"MC-PLSc",11942,8902997,1000,"ordinal","normal","normal","Symmetric","2",1,TRUE,13.9230000000098
"849","Z=~z1",0.558533990509499,0.0464164850658915,0.6,"MC-PLSc",11942,8902997,1000,"ordinal","normal","normal","Symmetric","2",1,TRUE,13.9230000000098
"850","Z=~z2",0.670993201129988,0.0444183332140276,0.6,"MC-PLSc",11942,8902997,1000,"ordinal","normal","normal","Symmetric","2",1,TRUE,13.9230000000098
"851","Z=~z3",0.815392688917396,0.050186600127861,0.8,"MC-PLSc",11942,8902997,1000,"ordinal","normal","normal","Symmetric","2",1,TRUE,13.9230000000098
"852","Y=~y1",0.438450172321426,0.0500208969026368,0.4,"MC-PLSc",11942,8902997,1000,"ordinal","normal","normal","Symmetric","2",1,TRUE,13.9230000000098
"853","Y=~y2",0.753982044103156,0.0377092336008945,0.7,"MC-PLSc",11942,8902997,1000,"ordinal","normal","normal","Symmetric","2",1,TRUE,13.9230000000098
"854","Y=~y3",0.872752872352784,0.0360856666019575,0.9,"MC-PLSc",11942,8902997,1000,"ordinal","normal","normal","Symmetric","2",1,TRUE,13.9230000000098
"855","Y~X",0.438646549625046,0.0481685194818328,0.4,"MC-PLSc",11942,8902997,1000,"ordinal","normal","normal","Symmetric","2",1,TRUE,13.9230000000098
"856","Y~Z",0.566593044678989,0.0410254223504957,0.5,"MC-PLSc",11942,8902997,1000,"ordinal","normal","normal","Symmetric","2",1,TRUE,13.9230000000098
"857","Y~X:Z",0.38552729904119,0.0756359777544957,0.3,"MC-PLSc",11942,8902997,1000,"ordinal","normal","normal","Symmetric","2",1,TRUE,13.9230000000098
"858","X~~Z",0.113326289780418,0.0578384688765145,0.2,"MC-PLSc",11942,8902997,1000,"ordinal","normal","normal","Symmetric","2",1,TRUE,13.9230000000098
"859","X=~x1",0.266522948492718,0.0688676958672775,0.4,"PLSc",11942,8902997,1000,"ordinal","normal","normal","Symmetric","2",1,TRUE,1.34299999999348
"860","X=~x2",0.634165857404721,0.0532167158857715,0.8,"PLSc",11942,8902997,1000,"ordinal","normal","normal","Symmetric","2",1,TRUE,1.34299999999348
"861","X=~x3",0.625837042098266,0.0520729103195744,0.8,"PLSc",11942,8902997,1000,"ordinal","normal","normal","Symmetric","2",1,TRUE,1.34299999999348
"862","Z=~z1",0.432587382309335,0.0518762321670184,0.6,"PLSc",11942,8902997,1000,"ordinal","normal","normal","Symmetric","2",1,TRUE,1.34299999999348
"863","Z=~z2",0.566976560681246,0.0457358011554446,0.6,"PLSc",11942,8902997,1000,"ordinal","normal","normal","Symmetric","2",1,TRUE,1.34299999999348
"864","Z=~z3",0.664634256944394,0.0458834789537812,0.8,"PLSc",11942,8902997,1000,"ordinal","normal","normal","Symmetric","2",1,TRUE,1.34299999999348
"865","Y=~y1",0.364001835471882,0.0403218067528175,0.4,"PLSc",11942,8902997,1000,"ordinal","normal","normal","Symmetric","2",1,TRUE,1.34299999999348
"866","Y=~y2",0.60811379591783,0.0371505706536476,0.7,"PLSc",11942,8902997,1000,"ordinal","normal","normal","Symmetric","2",1,TRUE,1.34299999999348
"867","Y=~y3",0.674998224505283,0.0367499947511262,0.9,"PLSc",11942,8902997,1000,"ordinal","normal","normal","Symmetric","2",1,TRUE,1.34299999999348
"868","Y~X",0.442458907710977,0.0565043961711445,0.4,"PLSc",11942,8902997,1000,"ordinal","normal","normal","Symmetric","2",1,TRUE,1.34299999999348
"869","Y~Z",0.55301059547042,0.0507186188240828,0.5,"PLSc",11942,8902997,1000,"ordinal","normal","normal","Symmetric","2",1,TRUE,1.34299999999348
"870","Y~X:Z",0.290401085699931,0.0702390285260124,0.3,"PLSc",11942,8902997,1000,"ordinal","normal","normal","Symmetric","2",1,TRUE,1.34299999999348
"871","X~~Z",0.107379139920924,0.0509733982345588,0.2,"PLSc",11942,8902997,1000,"ordinal","normal","normal","Symmetric","2",1,TRUE,1.34299999999348
"872","X=~x1",0.401792069474147,0.0699277940415397,0.4,"PLS",11942,8902997,1000,"ordinal","normal","normal","Symmetric","2",1,TRUE,0.908999999985099
"873","X=~x2",0.820798578325498,0.0273312147617323,0.8,"PLS",11942,8902997,1000,"ordinal","normal","normal","Symmetric","2",1,TRUE,0.908999999985099
"874","X=~x3",0.813877657210087,0.0271078028387929,0.8,"PLS",11942,8902997,1000,"ordinal","normal","normal","Symmetric","2",1,TRUE,0.908999999985099
"875","Z=~z1",0.637415702347689,0.0383943120232596,0.6,"PLS",11942,8902997,1000,"ordinal","normal","normal","Symmetric","2",1,TRUE,0.908999999985099
"876","Z=~z2",0.731393977309702,0.029534872206348,0.6,"PLS",11942,8902997,1000,"ordinal","normal","normal","Symmetric","2",1,TRUE,0.908999999985099
"877","Z=~z3",0.816166052270694,0.0212012621598063,0.8,"PLS",11942,8902997,1000,"ordinal","normal","normal","Symmetric","2",1,TRUE,0.908999999985099
"878","Y=~y1",0.507833602505505,0.0421487286895493,0.4,"PLS",11942,8902997,1000,"ordinal","normal","normal","Symmetric","2",1,TRUE,0.908999999985099
"879","Y=~y2",0.783664299011052,0.0217567277932664,0.7,"PLS",11942,8902997,1000,"ordinal","normal","normal","Symmetric","2",1,TRUE,0.908999999985099
"880","Y=~y3",0.842801920437665,0.0150070429359323,0.9,"PLS",11942,8902997,1000,"ordinal","normal","normal","Symmetric","2",1,TRUE,0.908999999985099
"881","Y~X",0.274016645650483,0.0276844126029366,0.4,"PLS",11942,8902997,1000,"ordinal","normal","normal","Symmetric","2",1,TRUE,0.908999999985099
"882","Y~Z",0.350282926017053,0.0262374114846988,0.5,"PLS",11942,8902997,1000,"ordinal","normal","normal","Symmetric","2",1,TRUE,0.908999999985099
"883","Y~X:Z",0.130722514494866,0.0268916661654027,0.3,"PLS",11942,8902997,1000,"ordinal","normal","normal","Symmetric","2",1,TRUE,0.908999999985099
"884","X~~Z",0.0629626275040625,0.030013377744947,0.2,"PLS",11942,8902997,1000,"ordinal","normal","normal","Symmetric","2",1,TRUE,0.908999999985099
"885","X=~x1",0.278,0.042,0.4,"Mplus",11942,8902997,1000,"ordinal","normal","normal","Symmetric","2",1,TRUE,194.885000000009
"886","X=~x2",0.816,0.057,0.8,"Mplus",11942,8902997,1000,"ordinal","normal","normal","Symmetric","2",1,TRUE,194.885000000009
"887","X=~x3",0.712,0.054,0.8,"Mplus",11942,8902997,1000,"ordinal","normal","normal","Symmetric","2",1,TRUE,194.885000000009
"888","Z=~z1",0.542,0.043,0.6,"Mplus",11942,8902997,1000,"ordinal","normal","normal","Symmetric","2",1,TRUE,194.885000000009
"889","Z=~z2",0.612,0.044,0.6,"Mplus",11942,8902997,1000,"ordinal","normal","normal","Symmetric","2",1,TRUE,194.885000000009
"890","Z=~z3",0.809,0.043,0.8,"Mplus",11942,8902997,1000,"ordinal","normal","normal","Symmetric","2",1,TRUE,194.885000000009
"891","Y=~y1",0.392,0.044,0.4,"Mplus",11942,8902997,1000,"ordinal","normal","normal","Symmetric","2",1,TRUE,194.885000000009
"892","Y=~y2",0.733,0.04,0.7,"Mplus",11942,8902997,1000,"ordinal","normal","normal","Symmetric","2",1,TRUE,194.885000000009
"893","Y=~y3",0.877,0.039,0.9,"Mplus",11942,8902997,1000,"ordinal","normal","normal","Symmetric","2",1,TRUE,194.885000000009
"894","Y~X",0.4,0.052,0.4,"Mplus",11942,8902997,1000,"ordinal","normal","normal","Symmetric","2",1,TRUE,194.885000000009
"895","Y~Z",0.568,0.045,0.5,"Mplus",11942,8902997,1000,"ordinal","normal","normal","Symmetric","2",1,TRUE,194.885000000009
"896","Y~X:Z",0.384,0.072,0.3,"Mplus",11942,8902997,1000,"ordinal","normal","normal","Symmetric","2",1,TRUE,194.885000000009
"897","X~~Z",0.126,0.054,0.2,"Mplus",11942,8902997,1000,"ordinal","normal","normal","Symmetric","2",1,TRUE,194.885000000009
"898","X=~x1",0.305725612975702,0.0368622125709882,0.4,"LSAM",11942,8902997,1000,"ordinal","normal","normal","Symmetric","2",1,TRUE,0.489999999990687
"899","X=~x2",0.647315902619266,0.0933946398538215,0.8,"LSAM",11942,8902997,1000,"ordinal","normal","normal","Symmetric","2",1,TRUE,0.489999999990687
"900","X=~x3",0.615016111457312,0.089689367606634,0.8,"LSAM",11942,8902997,1000,"ordinal","normal","normal","Symmetric","2",1,TRUE,0.489999999990687
"901","Z=~z1",0.471497942999946,0.0787512804744872,0.6,"LSAM",11942,8902997,1000,"ordinal","normal","normal","Symmetric","2",1,TRUE,0.489999999990687
"902","Z=~z2",0.499692943193646,0.09314652730682,0.6,"LSAM",11942,8902997,1000,"ordinal","normal","normal","Symmetric","2",1,TRUE,0.489999999990687
"903","Z=~z3",0.701026465399408,0.101538573073454,0.8,"LSAM",11942,8902997,1000,"ordinal","normal","normal","Symmetric","2",1,TRUE,0.489999999990687
"904","Y=~y1",0.313588554721771,0.00844449836778697,0.4,"LSAM",11942,8902997,1000,"ordinal","normal","normal","Symmetric","2",1,TRUE,0.489999999990687
"905","Y=~y2",0.531584040372998,0.0546354069159151,0.7,"LSAM",11942,8902997,1000,"ordinal","normal","normal","Symmetric","2",1,TRUE,0.489999999990687
"906","Y=~y3",0.83452688876476,0.0903172394056355,0.9,"LSAM",11942,8902997,1000,"ordinal","normal","normal","Symmetric","2",1,TRUE,0.489999999990687
"907","Y~X",0.371594666868904,0.0643942764867553,0.4,"LSAM",11942,8902997,1000,"ordinal","normal","normal","Symmetric","2",1,TRUE,0.489999999990687
"908","Y~Z",0.473131013536416,0.111708353394898,0.5,"LSAM",11942,8902997,1000,"ordinal","normal","normal","Symmetric","2",1,TRUE,0.489999999990687
"909","Y~X:Z",0.25885102354794,0.0895969974197798,0.3,"LSAM",11942,8902997,1000,"ordinal","normal","normal","Symmetric","2",1,TRUE,0.489999999990687
"910","X~~Z",0.117227845248192,0.0774367133380241,0.2,"LSAM",11942,8902997,1000,"ordinal","normal","normal","Symmetric","2",1,TRUE,0.489999999990687
"911","X=~x1",0.443612174814337,0.0876604726323505,0.4,"MC-PLSc",11943,1102507,300,"ordinal","normal","normal","Symmetric","3",1,TRUE,12.7210000000196
"912","X=~x2",0.859765671007006,0.0746074890053163,0.8,"MC-PLSc",11943,1102507,300,"ordinal","normal","normal","Symmetric","3",1,TRUE,12.7210000000196
"913","X=~x3",0.653251437940201,0.0687087180458504,0.8,"MC-PLSc",11943,1102507,300,"ordinal","normal","normal","Symmetric","3",1,TRUE,12.7210000000196
"914","Z=~z1",0.755096080828325,0.0588773031267156,0.6,"MC-PLSc",11943,1102507,300,"ordinal","normal","normal","Symmetric","3",1,TRUE,12.7210000000196
"915","Z=~z2",0.605094637842768,0.0747994056261523,0.6,"MC-PLSc",11943,1102507,300,"ordinal","normal","normal","Symmetric","3",1,TRUE,12.7210000000196
"916","Z=~z3",0.755869696692659,0.0735393973470216,0.8,"MC-PLSc",11943,1102507,300,"ordinal","normal","normal","Symmetric","3",1,TRUE,12.7210000000196
"917","Y=~y1",0.401338106821423,0.068769817382253,0.4,"MC-PLSc",11943,1102507,300,"ordinal","normal","normal","Symmetric","3",1,TRUE,12.7210000000196
"918","Y=~y2",0.664359279261806,0.06754243436109,0.7,"MC-PLSc",11943,1102507,300,"ordinal","normal","normal","Symmetric","3",1,TRUE,12.7210000000196
"919","Y=~y3",0.89888444502961,0.0650615460454908,0.9,"MC-PLSc",11943,1102507,300,"ordinal","normal","normal","Symmetric","3",1,TRUE,12.7210000000196
"920","Y~X",0.405499179688864,0.0941632264797647,0.4,"MC-PLSc",11943,1102507,300,"ordinal","normal","normal","Symmetric","3",1,TRUE,12.7210000000196
"921","Y~Z",0.468151563519371,0.0900659572725378,0.5,"MC-PLSc",11943,1102507,300,"ordinal","normal","normal","Symmetric","3",1,TRUE,12.7210000000196
"922","Y~X:Z",0.302073101423927,0.0988499071942998,0.3,"MC-PLSc",11943,1102507,300,"ordinal","normal","normal","Symmetric","3",1,TRUE,12.7210000000196
"923","X~~Z",0.367808104539046,0.0854955545890349,0.2,"MC-PLSc",11943,1102507,300,"ordinal","normal","normal","Symmetric","3",1,TRUE,12.7210000000196
"924","X=~x1",0.430774405598203,0.0891365098098477,0.4,"PLSc",11943,1102507,300,"ordinal","normal","normal","Symmetric","3",1,TRUE,1.26400000002468
"925","X=~x2",0.796552412170461,0.0791355329347096,0.8,"PLSc",11943,1102507,300,"ordinal","normal","normal","Symmetric","3",1,TRUE,1.26400000002468
"926","X=~x3",0.504327574127617,0.0847100709116806,0.8,"PLSc",11943,1102507,300,"ordinal","normal","normal","Symmetric","3",1,TRUE,1.26400000002468
"927","Z=~z1",0.704335179687426,0.0683514057522941,0.6,"PLSc",11943,1102507,300,"ordinal","normal","normal","Symmetric","3",1,TRUE,1.26400000002468
"928","Z=~z2",0.539906407236234,0.0813880568629092,0.6,"PLSc",11943,1102507,300,"ordinal","normal","normal","Symmetric","3",1,TRUE,1.26400000002468
"929","Z=~z3",0.62109262687194,0.0748183716643633,0.8,"PLSc",11943,1102507,300,"ordinal","normal","normal","Symmetric","3",1,TRUE,1.26400000002468
"930","Y=~y1",0.312720723424657,0.0854451514321974,0.4,"PLSc",11943,1102507,300,"ordinal","normal","normal","Symmetric","3",1,TRUE,1.26400000002468
"931","Y=~y2",0.595683705024158,0.0607876063072622,0.7,"PLSc",11943,1102507,300,"ordinal","normal","normal","Symmetric","3",1,TRUE,1.26400000002468
"932","Y=~y3",0.803964557087436,0.0604055770487386,0.9,"PLSc",11943,1102507,300,"ordinal","normal","normal","Symmetric","3",1,TRUE,1.26400000002468
"933","Y~X",0.381317262162194,0.101715966401059,0.4,"PLSc",11943,1102507,300,"ordinal","normal","normal","Symmetric","3",1,TRUE,1.26400000002468
"934","Y~Z",0.473934194817101,0.183224501193821,0.5,"PLSc",11943,1102507,300,"ordinal","normal","normal","Symmetric","3",1,TRUE,1.26400000002468
"935","Y~X:Z",0.310857377229405,0.479489490663473,0.3,"PLSc",11943,1102507,300,"ordinal","normal","normal","Symmetric","3",1,TRUE,1.26400000002468
"936","X~~Z",0.363597053283422,0.0850868042429383,0.2,"PLSc",11943,1102507,300,"ordinal","normal","normal","Symmetric","3",1,TRUE,1.26400000002468
"937","X=~x1",0.567211525405421,0.0821166959872236,0.4,"PLS",11943,1102507,300,"ordinal","normal","normal","Symmetric","3",1,TRUE,0.893000000040047
"938","X=~x2",0.861172727467881,0.0295777336282603,0.8,"PLS",11943,1102507,300,"ordinal","normal","normal","Symmetric","3",1,TRUE,0.893000000040047
"939","X=~x3",0.761139404652042,0.0475648125994626,0.8,"PLS",11943,1102507,300,"ordinal","normal","normal","Symmetric","3",1,TRUE,0.893000000040047
"940","Z=~z1",0.8006548472932,0.0317759654927836,0.6,"PLS",11943,1102507,300,"ordinal","normal","normal","Symmetric","3",1,TRUE,0.893000000040047
"941","Z=~z2",0.70387175575769,0.0506856877036846,0.6,"PLS",11943,1102507,300,"ordinal","normal","normal","Symmetric","3",1,TRUE,0.893000000040047
"942","Z=~z3",0.796761493779774,0.0355409736271114,0.8,"PLS",11943,1102507,300,"ordinal","normal","normal","Symmetric","3",1,TRUE,0.893000000040047
"943","Y=~y1",0.523753168894489,0.0747474546188786,0.4,"PLS",11943,1102507,300,"ordinal","normal","normal","Symmetric","3",1,TRUE,0.893000000040047
"944","Y=~y2",0.771339380314158,0.0389630002524034,0.7,"PLS",11943,1102507,300,"ordinal","normal","normal","Symmetric","3",1,TRUE,0.893000000040047
"945","Y=~y3",0.871858610541332,0.0223395159181803,0.9,"PLS",11943,1102507,300,"ordinal","normal","normal","Symmetric","3",1,TRUE,0.893000000040047
"946","Y~X",0.299092216078897,0.0493619190537983,0.4,"PLS",11943,1102507,300,"ordinal","normal","normal","Symmetric","3",1,TRUE,0.893000000040047
"947","Y~Z",0.33826483971979,0.0452640976883416,0.5,"PLS",11943,1102507,300,"ordinal","normal","normal","Symmetric","3",1,TRUE,0.893000000040047
"948","Y~X:Z",0.150788497671527,0.0451738707030029,0.3,"PLS",11943,1102507,300,"ordinal","normal","normal","Symmetric","3",1,TRUE,0.893000000040047
"949","X~~Z",0.242413474608229,0.0557534621535713,0.2,"PLS",11943,1102507,300,"ordinal","normal","normal","Symmetric","3",1,TRUE,0.893000000040047
"950","X=~x1",0.412,0.074,0.4,"Mplus",11943,1102507,300,"ordinal","normal","normal","Symmetric","3",1,TRUE,194.388000000035
"951","X=~x2",0.802,0.063,0.8,"Mplus",11943,1102507,300,"ordinal","normal","normal","Symmetric","3",1,TRUE,194.388000000035
"952","X=~x3",0.727,0.066,0.8,"Mplus",11943,1102507,300,"ordinal","normal","normal","Symmetric","3",1,TRUE,194.388000000035
"953","Z=~z1",0.728,0.059,0.6,"Mplus",11943,1102507,300,"ordinal","normal","normal","Symmetric","3",1,TRUE,194.388000000035
"954","Z=~z2",0.582,0.062,0.6,"Mplus",11943,1102507,300,"ordinal","normal","normal","Symmetric","3",1,TRUE,194.388000000035
"955","Z=~z3",0.771,0.058,0.8,"Mplus",11943,1102507,300,"ordinal","normal","normal","Symmetric","3",1,TRUE,194.388000000035
"956","Y=~y1",0.393,0.067,0.4,"Mplus",11943,1102507,300,"ordinal","normal","normal","Symmetric","3",1,TRUE,194.388000000035
"957","Y=~y2",0.658,0.063,0.7,"Mplus",11943,1102507,300,"ordinal","normal","normal","Symmetric","3",1,TRUE,194.388000000035
"958","Y=~y3",0.878,0.058,0.9,"Mplus",11943,1102507,300,"ordinal","normal","normal","Symmetric","3",1,TRUE,194.388000000035
"959","Y~X",0.395,0.081,0.4,"Mplus",11943,1102507,300,"ordinal","normal","normal","Symmetric","3",1,TRUE,194.388000000035
"960","Y~Z",0.491,0.075,0.5,"Mplus",11943,1102507,300,"ordinal","normal","normal","Symmetric","3",1,TRUE,194.388000000035
"961","Y~X:Z",0.336,0.081,0.3,"Mplus",11943,1102507,300,"ordinal","normal","normal","Symmetric","3",1,TRUE,194.388000000035
"962","X~~Z",0.367,0.081,0.2,"Mplus",11943,1102507,300,"ordinal","normal","normal","Symmetric","3",1,TRUE,194.388000000035
"963","X=~x1",0.357375045106531,0.0675887731514172,0.4,"LSAM",11943,1102507,300,"ordinal","normal","normal","Symmetric","3",1,TRUE,0.551999999966938
"964","X=~x2",0.621427130627444,0.128165951116149,0.8,"LSAM",11943,1102507,300,"ordinal","normal","normal","Symmetric","3",1,TRUE,0.551999999966938
"965","X=~x3",0.764224250298736,0.140592284368569,0.8,"LSAM",11943,1102507,300,"ordinal","normal","normal","Symmetric","3",1,TRUE,0.551999999966938
"966","Z=~z1",0.597726010621253,0.0579455169412607,0.6,"LSAM",11943,1102507,300,"ordinal","normal","normal","Symmetric","3",1,TRUE,0.551999999966938
"967","Z=~z2",0.537459944854123,0.0876832290615224,0.6,"LSAM",11943,1102507,300,"ordinal","normal","normal","Symmetric","3",1,TRUE,0.551999999966938
"968","Z=~z3",0.738635979081207,0.0987626788918688,0.8,"LSAM",11943,1102507,300,"ordinal","normal","normal","Symmetric","3",1,TRUE,0.551999999966938
"969","Y=~y1",0.405451244994781,0.0270991919404648,0.4,"LSAM",11943,1102507,300,"ordinal","normal","normal","Symmetric","3",1,TRUE,0.551999999966938
"970","Y=~y2",0.601497778132857,0.0982653616821372,0.7,"LSAM",11943,1102507,300,"ordinal","normal","normal","Symmetric","3",1,TRUE,0.551999999966938
"971","Y=~y3",0.722653708334682,0.117023153676923,0.9,"LSAM",11943,1102507,300,"ordinal","normal","normal","Symmetric","3",1,TRUE,0.551999999966938
"972","Y~X",0.36928454552985,0.0995557035350262,0.4,"LSAM",11943,1102507,300,"ordinal","normal","normal","Symmetric","3",1,TRUE,0.551999999966938
"973","Y~Z",0.546028825828778,0.170590376996169,0.5,"LSAM",11943,1102507,300,"ordinal","normal","normal","Symmetric","3",1,TRUE,0.551999999966938
"974","Y~X:Z",0.427756077443937,0.198884485408218,0.3,"LSAM",11943,1102507,300,"ordinal","normal","normal","Symmetric","3",1,TRUE,0.551999999966938
"975","X~~Z",0.300848294292948,0.0862721839485954,0.2,"LSAM",11943,1102507,300,"ordinal","normal","normal","Symmetric","3",1,TRUE,0.551999999966938
"976","X=~x1",0.37073091941014,0.0500206155065548,0.4,"MC-PLSc",11944,6648570,1000,"ordinal","normal","normal","Symmetric","3",1,TRUE,15.5430000000051
"977","X=~x2",0.779677537457319,0.0393122485709268,0.8,"MC-PLSc",11944,6648570,1000,"ordinal","normal","normal","Symmetric","3",1,TRUE,15.5430000000051
"978","X=~x3",0.825066636592163,0.0409919284790118,0.8,"MC-PLSc",11944,6648570,1000,"ordinal","normal","normal","Symmetric","3",1,TRUE,15.5430000000051
"979","Z=~z1",0.667329555935359,0.0377153626812348,0.6,"MC-PLSc",11944,6648570,1000,"ordinal","normal","normal","Symmetric","3",1,TRUE,15.5430000000051
"980","Z=~z2",0.606549299549139,0.0380171784114725,0.6,"MC-PLSc",11944,6648570,1000,"ordinal","normal","normal","Symmetric","3",1,TRUE,15.5430000000051
"981","Z=~z3",0.758661872845891,0.0487827122500089,0.8,"MC-PLSc",11944,6648570,1000,"ordinal","normal","normal","Symmetric","3",1,TRUE,15.5430000000051
"982","Y=~y1",0.448449926582629,0.0355641088847681,0.4,"MC-PLSc",11944,6648570,1000,"ordinal","normal","normal","Symmetric","3",1,TRUE,15.5430000000051
"983","Y=~y2",0.710433326458901,0.0314126681908042,0.7,"MC-PLSc",11944,6648570,1000,"ordinal","normal","normal","Symmetric","3",1,TRUE,15.5430000000051
"984","Y=~y3",0.917523380030414,0.0266521424530596,0.9,"MC-PLSc",11944,6648570,1000,"ordinal","normal","normal","Symmetric","3",1,TRUE,15.5430000000051
"985","Y~X",0.419142933448242,0.0406021624267092,0.4,"MC-PLSc",11944,6648570,1000,"ordinal","normal","normal","Symmetric","3",1,TRUE,15.5430000000051
"986","Y~Z",0.497065907294008,0.0390044349646971,0.5,"MC-PLSc",11944,6648570,1000,"ordinal","normal","normal","Symmetric","3",1,TRUE,15.5430000000051
"987","Y~X:Z",0.241925501815754,0.0446269219577822,0.3,"MC-PLSc",11944,6648570,1000,"ordinal","normal","normal","Symmetric","3",1,TRUE,15.5430000000051
"988","X~~Z",0.153370271482004,0.0474683283231935,0.2,"MC-PLSc",11944,6648570,1000,"ordinal","normal","normal","Symmetric","3",1,TRUE,15.5430000000051
"989","X=~x1",0.288141715148795,0.0631893036200675,0.4,"PLSc",11944,6648570,1000,"ordinal","normal","normal","Symmetric","3",1,TRUE,1.34500000003027
"990","X=~x2",0.71503967716649,0.0447218602063557,0.8,"PLSc",11944,6648570,1000,"ordinal","normal","normal","Symmetric","3",1,TRUE,1.34500000003027
"991","X=~x3",0.739741449552956,0.0452739426101075,0.8,"PLSc",11944,6648570,1000,"ordinal","normal","normal","Symmetric","3",1,TRUE,1.34500000003027
"992","Z=~z1",0.570485730319789,0.0435440854041458,0.6,"PLSc",11944,6648570,1000,"ordinal","normal","normal","Symmetric","3",1,TRUE,1.34500000003027
"993","Z=~z2",0.564426957726043,0.0459315412315822,0.6,"PLSc",11944,6648570,1000,"ordinal","normal","normal","Symmetric","3",1,TRUE,1.34500000003027
"994","Z=~z3",0.667754337357678,0.0453762318250105,0.8,"PLSc",11944,6648570,1000,"ordinal","normal","normal","Symmetric","3",1,TRUE,1.34500000003027
"995","Y=~y1",0.43139435802179,0.040608921224854,0.4,"PLSc",11944,6648570,1000,"ordinal","normal","normal","Symmetric","3",1,TRUE,1.34500000003027
"996","Y=~y2",0.605713743414974,0.0349599363367884,0.7,"PLSc",11944,6648570,1000,"ordinal","normal","normal","Symmetric","3",1,TRUE,1.34500000003027
"997","Y=~y3",0.790663253327631,0.0320933606758001,0.9,"PLSc",11944,6648570,1000,"ordinal","normal","normal","Symmetric","3",1,TRUE,1.34500000003027
"998","Y~X",0.411155882299734,0.0442406131899471,0.4,"PLSc",11944,6648570,1000,"ordinal","normal","normal","Symmetric","3",1,TRUE,1.34500000003027
"999","Y~Z",0.507898799188344,0.0397418222522729,0.5,"PLSc",11944,6648570,1000,"ordinal","normal","normal","Symmetric","3",1,TRUE,1.34500000003027
"1000","Y~X:Z",0.220851631265171,0.0589011809460765,0.3,"PLSc",11944,6648570,1000,"ordinal","normal","normal","Symmetric","3",1,TRUE,1.34500000003027
"1001","X~~Z",0.152420331469791,0.0486375319453765,0.2,"PLSc",11944,6648570,1000,"ordinal","normal","normal","Symmetric","3",1,TRUE,1.34500000003027
"1002","X=~x1",0.48562386522233,0.0499520081306023,0.4,"PLS",11944,6648570,1000,"ordinal","normal","normal","Symmetric","3",1,TRUE,0.936999999976251
"1003","X=~x2",0.835670566163625,0.0198828376438689,0.8,"PLS",11944,6648570,1000,"ordinal","normal","normal","Symmetric","3",1,TRUE,0.936999999976251
"1004","X=~x3",0.855051840345735,0.0174800711867265,0.8,"PLS",11944,6648570,1000,"ordinal","normal","normal","Symmetric","3",1,TRUE,0.936999999976251
"1005","Z=~z1",0.752715264048497,0.0236011914720094,0.6,"PLS",11944,6648570,1000,"ordinal","normal","normal","Symmetric","3",1,TRUE,0.936999999976251
"1006","Z=~z2",0.708833348610283,0.0292182423289046,0.6,"PLS",11944,6648570,1000,"ordinal","normal","normal","Symmetric","3",1,TRUE,0.936999999976251
"1007","Z=~z3",0.806552616107918,0.0202193693958943,0.8,"PLS",11944,6648570,1000,"ordinal","normal","normal","Symmetric","3",1,TRUE,0.936999999976251
"1008","Y=~y1",0.564855123070818,0.0363311526967639,0.4,"PLS",11944,6648570,1000,"ordinal","normal","normal","Symmetric","3",1,TRUE,0.936999999976251
"1009","Y=~y2",0.792480644486365,0.0177208852011529,0.7,"PLS",11944,6648570,1000,"ordinal","normal","normal","Symmetric","3",1,TRUE,0.936999999976251
"1010","Y=~y3",0.876069502574287,0.010121500892379,0.9,"PLS",11944,6648570,1000,"ordinal","normal","normal","Symmetric","3",1,TRUE,0.936999999976251
"1011","Y~X",0.305403785001843,0.0268025079672617,0.4,"PLS",11944,6648570,1000,"ordinal","normal","normal","Symmetric","3",1,TRUE,0.936999999976251
"1012","Y~Z",0.343855939934103,0.0254622668369849,0.5,"PLS",11944,6648570,1000,"ordinal","normal","normal","Symmetric","3",1,TRUE,0.936999999976251
"1013","Y~X:Z",0.121808136337974,0.0271699298421805,0.3,"PLS",11944,6648570,1000,"ordinal","normal","normal","Symmetric","3",1,TRUE,0.936999999976251
"1014","X~~Z",0.101181257439033,0.0322935877632375,0.2,"PLS",11944,6648570,1000,"ordinal","normal","normal","Symmetric","3",1,TRUE,0.936999999976251
"1015","X=~x1",0.393,0.036,0.4,"Mplus",11944,6648570,1000,"ordinal","normal","normal","Symmetric","3",1,TRUE,546.266999999993
"1016","X=~x2",0.739,0.038,0.8,"Mplus",11944,6648570,1000,"ordinal","normal","normal","Symmetric","3",1,TRUE,546.266999999993
"1017","X=~x3",0.824,0.036,0.8,"Mplus",11944,6648570,1000,"ordinal","normal","normal","Symmetric","3",1,TRUE,546.266999999993
"1018","Z=~z1",0.687,0.034,0.6,"Mplus",11944,6648570,1000,"ordinal","normal","normal","Symmetric","3",1,TRUE,546.266999999993
"1019","Z=~z2",0.566,0.037,0.6,"Mplus",11944,6648570,1000,"ordinal","normal","normal","Symmetric","3",1,TRUE,546.266999999993
"1020","Z=~z3",0.759,0.034,0.8,"Mplus",11944,6648570,1000,"ordinal","normal","normal","Symmetric","3",1,TRUE,546.266999999993
"1021","Y=~y1",0.396,0.035,0.4,"Mplus",11944,6648570,1000,"ordinal","normal","normal","Symmetric","3",1,TRUE,546.266999999993
"1022","Y=~y2",0.701,0.03,0.7,"Mplus",11944,6648570,1000,"ordinal","normal","normal","Symmetric","3",1,TRUE,546.266999999993
"1023","Y=~y3",0.953,0.031,0.9,"Mplus",11944,6648570,1000,"ordinal","normal","normal","Symmetric","3",1,TRUE,546.266999999993
"1024","Y~X",0.416,0.04,0.4,"Mplus",11944,6648570,1000,"ordinal","normal","normal","Symmetric","3",1,TRUE,546.266999999993
"1025","Y~Z",0.475,0.037,0.5,"Mplus",11944,6648570,1000,"ordinal","normal","normal","Symmetric","3",1,TRUE,546.266999999993
"1026","Y~X:Z",0.262,0.048,0.3,"Mplus",11944,6648570,1000,"ordinal","normal","normal","Symmetric","3",1,TRUE,546.266999999993
"1027","X~~Z",0.144,0.048,0.2,"Mplus",11944,6648570,1000,"ordinal","normal","normal","Symmetric","3",1,TRUE,546.266999999993
"1028","X=~x1",0.368290074003738,0.0358931586919389,0.4,"LSAM",11944,6648570,1000,"ordinal","normal","normal","Symmetric","3",1,TRUE,0.455000000016298
"1029","X=~x2",0.63711388368099,0.0669883493086524,0.8,"LSAM",11944,6648570,1000,"ordinal","normal","normal","Symmetric","3",1,TRUE,0.455000000016298
"1030","X=~x3",0.768523476014583,0.0721751860833753,0.8,"LSAM",11944,6648570,1000,"ordinal","normal","normal","Symmetric","3",1,TRUE,0.455000000016298
"1031","Z=~z1",0.621523858921156,0.0465659462126002,0.6,"LSAM",11944,6648570,1000,"ordinal","normal","normal","Symmetric","3",1,TRUE,0.455000000016298
"1032","Z=~z2",0.499336634293088,0.0601319155045652,0.6,"LSAM",11944,6648570,1000,"ordinal","normal","normal","Symmetric","3",1,TRUE,0.455000000016298
"1033","Z=~z3",0.684577606380382,0.0670787255187759,0.8,"LSAM",11944,6648570,1000,"ordinal","normal","normal","Symmetric","3",1,TRUE,0.455000000016298
"1034","Y=~y1",0.351492398352132,0.0117774064368444,0.4,"LSAM",11944,6648570,1000,"ordinal","normal","normal","Symmetric","3",1,TRUE,0.455000000016298
"1035","Y=~y2",0.631973782497879,0.0500934976772096,0.7,"LSAM",11944,6648570,1000,"ordinal","normal","normal","Symmetric","3",1,TRUE,0.455000000016298
"1036","Y=~y3",0.842347508233638,0.0642257074446523,0.9,"LSAM",11944,6648570,1000,"ordinal","normal","normal","Symmetric","3",1,TRUE,0.455000000016298
"1037","Y~X",0.3979899132212,0.0462801994671685,0.4,"LSAM",11944,6648570,1000,"ordinal","normal","normal","Symmetric","3",1,TRUE,0.455000000016298
"1038","Y~Z",0.484915611623311,0.0725606276142145,0.5,"LSAM",11944,6648570,1000,"ordinal","normal","normal","Symmetric","3",1,TRUE,0.455000000016298
"1039","Y~X:Z",0.231348435237922,0.0592051991581735,0.3,"LSAM",11944,6648570,1000,"ordinal","normal","normal","Symmetric","3",1,TRUE,0.455000000016298
"1040","X~~Z",0.141119279433339,0.0483996236039936,0.2,"LSAM",11944,6648570,1000,"ordinal","normal","normal","Symmetric","3",1,TRUE,0.455000000016298
"1041","X=~x1",0.357215140263788,0.0837034233606637,0.4,"MC-PLSc",11945,7433905,300,"ordinal","normal","normal","Symmetric","5",1,TRUE,16.6969999999856
"1042","X=~x2",0.802197374888104,0.0671585755244808,0.8,"MC-PLSc",11945,7433905,300,"ordinal","normal","normal","Symmetric","5",1,TRUE,16.6969999999856
"1043","X=~x3",0.81418190314046,0.0796163226657214,0.8,"MC-PLSc",11945,7433905,300,"ordinal","normal","normal","Symmetric","5",1,TRUE,16.6969999999856
"1044","Z=~z1",0.655740969733585,0.0587874944510067,0.6,"MC-PLSc",11945,7433905,300,"ordinal","normal","normal","Symmetric","5",1,TRUE,16.6969999999856
"1045","Z=~z2",0.626997518391948,0.0520559115055544,0.6,"MC-PLSc",11945,7433905,300,"ordinal","normal","normal","Symmetric","5",1,TRUE,16.6969999999856
"1046","Z=~z3",0.773628029545789,0.0528488584692157,0.8,"MC-PLSc",11945,7433905,300,"ordinal","normal","normal","Symmetric","5",1,TRUE,16.6969999999856
"1047","Y=~y1",0.409460581182108,0.0684604618233462,0.4,"MC-PLSc",11945,7433905,300,"ordinal","normal","normal","Symmetric","5",1,TRUE,16.6969999999856
"1048","Y=~y2",0.75639250752276,0.0521110117504106,0.7,"MC-PLSc",11945,7433905,300,"ordinal","normal","normal","Symmetric","5",1,TRUE,16.6969999999856
"1049","Y=~y3",0.86168689282079,0.0493901901292091,0.9,"MC-PLSc",11945,7433905,300,"ordinal","normal","normal","Symmetric","5",1,TRUE,16.6969999999856
"1050","Y~X",0.317863229235757,0.0691494740683541,0.4,"MC-PLSc",11945,7433905,300,"ordinal","normal","normal","Symmetric","5",1,TRUE,16.6969999999856
"1051","Y~Z",0.597211529594663,0.0619767563777147,0.5,"MC-PLSc",11945,7433905,300,"ordinal","normal","normal","Symmetric","5",1,TRUE,16.6969999999856
"1052","Y~X:Z",0.377935164683839,0.0783372353375239,0.3,"MC-PLSc",11945,7433905,300,"ordinal","normal","normal","Symmetric","5",1,TRUE,16.6969999999856
"1053","X~~Z",0.238155424919726,0.0798919976627543,0.2,"MC-PLSc",11945,7433905,300,"ordinal","normal","normal","Symmetric","5",1,TRUE,16.6969999999856
"1054","X=~x1",0.410766595536436,0.117258043065882,0.4,"PLSc",11945,7433905,300,"ordinal","normal","normal","Symmetric","5",1,TRUE,1.25700000004144
"1055","X=~x2",0.765974040557458,0.0901910337563213,0.8,"PLSc",11945,7433905,300,"ordinal","normal","normal","Symmetric","5",1,TRUE,1.25700000004144
"1056","X=~x3",0.710367930323674,0.0823132152781152,0.8,"PLSc",11945,7433905,300,"ordinal","normal","normal","Symmetric","5",1,TRUE,1.25700000004144
"1057","Z=~z1",0.646338835883502,0.0646172675376646,0.6,"PLSc",11945,7433905,300,"ordinal","normal","normal","Symmetric","5",1,TRUE,1.25700000004144
"1058","Z=~z2",0.604659265714953,0.0657005985341637,0.6,"PLSc",11945,7433905,300,"ordinal","normal","normal","Symmetric","5",1,TRUE,1.25700000004144
"1059","Z=~z3",0.709991537256945,0.0575135596922454,0.8,"PLSc",11945,7433905,300,"ordinal","normal","normal","Symmetric","5",1,TRUE,1.25700000004144
"1060","Y=~y1",0.356468954823709,0.0818494890364656,0.4,"PLSc",11945,7433905,300,"ordinal","normal","normal","Symmetric","5",1,TRUE,1.25700000004144
"1061","Y=~y2",0.735890885695088,0.049445740700639,0.7,"PLSc",11945,7433905,300,"ordinal","normal","normal","Symmetric","5",1,TRUE,1.25700000004144
"1062","Y=~y3",0.803893865614279,0.048548497165001,0.9,"PLSc",11945,7433905,300,"ordinal","normal","normal","Symmetric","5",1,TRUE,1.25700000004144
"1063","Y~X",0.328096607856123,0.0934438158139997,0.4,"PLSc",11945,7433905,300,"ordinal","normal","normal","Symmetric","5",1,TRUE,1.25700000004144
"1064","Y~Z",0.628112451514242,0.106623479356014,0.5,"PLSc",11945,7433905,300,"ordinal","normal","normal","Symmetric","5",1,TRUE,1.25700000004144
"1065","Y~X:Z",0.411395559390159,0.201729737591048,0.3,"PLSc",11945,7433905,300,"ordinal","normal","normal","Symmetric","5",1,TRUE,1.25700000004144
"1066","X~~Z",0.242195435326095,0.0771275205329972,0.2,"PLSc",11945,7433905,300,"ordinal","normal","normal","Symmetric","5",1,TRUE,1.25700000004144
"1067","X=~x1",0.493669276651273,0.0963995242587505,0.4,"PLS",11945,7433905,300,"ordinal","normal","normal","Symmetric","5",1,TRUE,0.898999999975786
"1068","X=~x2",0.870425526414528,0.0319056669803898,0.8,"PLS",11945,7433905,300,"ordinal","normal","normal","Symmetric","5",1,TRUE,0.898999999975786
"1069","X=~x3",0.87366649901884,0.0290724548240444,0.8,"PLS",11945,7433905,300,"ordinal","normal","normal","Symmetric","5",1,TRUE,0.898999999975786
"1070","Z=~z1",0.771095665139273,0.0342245840276475,0.6,"PLS",11945,7433905,300,"ordinal","normal","normal","Symmetric","5",1,TRUE,0.898999999975786
"1071","Z=~z2",0.748173810692266,0.0378711454896787,0.6,"PLS",11945,7433905,300,"ordinal","normal","normal","Symmetric","5",1,TRUE,0.898999999975786
"1072","Z=~z3",0.834967588390561,0.023334578407863,0.8,"PLS",11945,7433905,300,"ordinal","normal","normal","Symmetric","5",1,TRUE,0.898999999975786
"1073","Y=~y1",0.548377841436154,0.071271979990658,0.4,"PLS",11945,7433905,300,"ordinal","normal","normal","Symmetric","5",1,TRUE,0.898999999975786
"1074","Y=~y2",0.84062320809287,0.0225228590476217,0.7,"PLS",11945,7433905,300,"ordinal","normal","normal","Symmetric","5",1,TRUE,0.898999999975786
"1075","Y=~y3",0.880670562285801,0.0173787129321006,0.9,"PLS",11945,7433905,300,"ordinal","normal","normal","Symmetric","5",1,TRUE,0.898999999975786
"1076","Y~X",0.261254503553203,0.0482778540121483,0.4,"PLS",11945,7433905,300,"ordinal","normal","normal","Symmetric","5",1,TRUE,0.898999999975786
"1077","Y~Z",0.442008477280879,0.0450693542015895,0.5,"PLS",11945,7433905,300,"ordinal","normal","normal","Symmetric","5",1,TRUE,0.898999999975786
"1078","Y~X:Z",0.218885155879978,0.0467841392176603,0.3,"PLS",11945,7433905,300,"ordinal","normal","normal","Symmetric","5",1,TRUE,0.898999999975786
"1079","X~~Z",0.170817727230635,0.0563398048380485,0.2,"PLS",11945,7433905,300,"ordinal","normal","normal","Symmetric","5",1,TRUE,0.898999999975786
"1080","X=~x1",0.266,0.064,0.4,"Mplus",11945,7433905,300,"ordinal","normal","normal","Symmetric","5",1,TRUE,190.487000000023
"1081","X=~x2",0.83,0.051,0.8,"Mplus",11945,7433905,300,"ordinal","normal","normal","Symmetric","5",1,TRUE,190.487000000023
"1082","X=~x3",0.845,0.052,0.8,"Mplus",11945,7433905,300,"ordinal","normal","normal","Symmetric","5",1,TRUE,190.487000000023
"1083","Z=~z1",0.614,0.052,0.6,"Mplus",11945,7433905,300,"ordinal","normal","normal","Symmetric","5",1,TRUE,190.487000000023
"1084","Z=~z2",0.625,0.053,0.6,"Mplus",11945,7433905,300,"ordinal","normal","normal","Symmetric","5",1,TRUE,190.487000000023
"1085","Z=~z3",0.801,0.044,0.8,"Mplus",11945,7433905,300,"ordinal","normal","normal","Symmetric","5",1,TRUE,190.487000000023
"1086","Y=~y1",0.429,0.064,0.4,"Mplus",11945,7433905,300,"ordinal","normal","normal","Symmetric","5",1,TRUE,190.487000000023
"1087","Y=~y2",0.735,0.05,0.7,"Mplus",11945,7433905,300,"ordinal","normal","normal","Symmetric","5",1,TRUE,190.487000000023
"1088","Y=~y3",0.861,0.049,0.9,"Mplus",11945,7433905,300,"ordinal","normal","normal","Symmetric","5",1,TRUE,190.487000000023
"1089","Y~X",0.335,0.066,0.4,"Mplus",11945,7433905,300,"ordinal","normal","normal","Symmetric","5",1,TRUE,190.487000000023
"1090","Y~Z",0.57,0.059,0.5,"Mplus",11945,7433905,300,"ordinal","normal","normal","Symmetric","5",1,TRUE,190.487000000023
"1091","Y~X:Z",0.373,0.059,0.3,"Mplus",11945,7433905,300,"ordinal","normal","normal","Symmetric","5",1,TRUE,190.487000000023
"1092","X~~Z",0.202,0.077,0.2,"Mplus",11945,7433905,300,"ordinal","normal","normal","Symmetric","5",1,TRUE,190.487000000023
"1093","X=~x1",0.310973807496413,0.0651702209292494,0.4,"LSAM",11945,7433905,300,"ordinal","normal","normal","Symmetric","5",1,TRUE,0.436999999976251
"1094","X=~x2",0.708356964848024,0.119153035946358,0.8,"LSAM",11945,7433905,300,"ordinal","normal","normal","Symmetric","5",1,TRUE,0.436999999976251
"1095","X=~x3",0.897218762686681,0.112334133144973,0.8,"LSAM",11945,7433905,300,"ordinal","normal","normal","Symmetric","5",1,TRUE,0.436999999976251
"1096","Z=~z1",0.598776584609948,0.0393795962488846,0.6,"LSAM",11945,7433905,300,"ordinal","normal","normal","Symmetric","5",1,TRUE,0.436999999976251
"1097","Z=~z2",0.583877266519025,0.0716304079521563,0.6,"LSAM",11945,7433905,300,"ordinal","normal","normal","Symmetric","5",1,TRUE,0.436999999976251
"1098","Z=~z3",0.782185607398259,0.0799652418698771,0.8,"LSAM",11945,7433905,300,"ordinal","normal","normal","Symmetric","5",1,TRUE,0.436999999976251
"1099","Y=~y1",0.408865509350276,0.0257418909777515,0.4,"LSAM",11945,7433905,300,"ordinal","normal","normal","Symmetric","5",1,TRUE,0.436999999976251
"1100","Y=~y2",0.648744243910277,0.0782398713560517,0.7,"LSAM",11945,7433905,300,"ordinal","normal","normal","Symmetric","5",1,TRUE,0.436999999976251
"1101","Y=~y3",0.860997099449948,0.0944423514739232,0.9,"LSAM",11945,7433905,300,"ordinal","normal","normal","Symmetric","5",1,TRUE,0.436999999976251
"1102","Y~X",0.281551065699689,0.0708891688545321,0.4,"LSAM",11945,7433905,300,"ordinal","normal","normal","Symmetric","5",1,TRUE,0.436999999976251
"1103","Y~Z",0.586660786580844,0.0720318373006198,0.5,"LSAM",11945,7433905,300,"ordinal","normal","normal","Symmetric","5",1,TRUE,0.436999999976251
"1104","Y~X:Z",0.327811845622234,0.0693222362718651,0.3,"LSAM",11945,7433905,300,"ordinal","normal","normal","Symmetric","5",1,TRUE,0.436999999976251
"1105","X~~Z",0.212494779044827,0.0729902334080513,0.2,"LSAM",11945,7433905,300,"ordinal","normal","normal","Symmetric","5",1,TRUE,0.436999999976251
"1106","X=~x1",0.426091544296999,0.0368815242781327,0.4,"MC-PLSc",11946,5442128,1000,"ordinal","normal","normal","Symmetric","5",1,TRUE,19.475999999966
"1107","X=~x2",0.867773000213161,0.030105297416004,0.8,"MC-PLSc",11946,5442128,1000,"ordinal","normal","normal","Symmetric","5",1,TRUE,19.475999999966
"1108","X=~x3",0.745987440686457,0.0282763995052599,0.8,"MC-PLSc",11946,5442128,1000,"ordinal","normal","normal","Symmetric","5",1,TRUE,19.475999999966
"1109","Z=~z1",0.592560491606238,0.0322595104794362,0.6,"MC-PLSc",11946,5442128,1000,"ordinal","normal","normal","Symmetric","5",1,TRUE,19.475999999966
"1110","Z=~z2",0.606216982540996,0.0308944104314222,0.6,"MC-PLSc",11946,5442128,1000,"ordinal","normal","normal","Symmetric","5",1,TRUE,19.475999999966
"1111","Z=~z3",0.836289258212084,0.0290668210714936,0.8,"MC-PLSc",11946,5442128,1000,"ordinal","normal","normal","Symmetric","5",1,TRUE,19.475999999966
"1112","Y=~y1",0.373660042843407,0.0351849828992532,0.4,"MC-PLSc",11946,5442128,1000,"ordinal","normal","normal","Symmetric","5",1,TRUE,19.475999999966
"1113","Y=~y2",0.719822155829951,0.0255543358116336,0.7,"MC-PLSc",11946,5442128,1000,"ordinal","normal","normal","Symmetric","5",1,TRUE,19.475999999966
"1114","Y=~y3",0.913033653472063,0.0222198726437404,0.9,"MC-PLSc",11946,5442128,1000,"ordinal","normal","normal","Symmetric","5",1,TRUE,19.475999999966
"1115","Y~X",0.40670352978634,0.0354571242706223,0.4,"MC-PLSc",11946,5442128,1000,"ordinal","normal","normal","Symmetric","5",1,TRUE,19.475999999966
"1116","Y~Z",0.507756728572898,0.0339306937704451,0.5,"MC-PLSc",11946,5442128,1000,"ordinal","normal","normal","Symmetric","5",1,TRUE,19.475999999966
"1117","Y~X:Z",0.353511474067645,0.0369335115794251,0.3,"MC-PLSc",11946,5442128,1000,"ordinal","normal","normal","Symmetric","5",1,TRUE,19.475999999966
"1118","X~~Z",0.213441932367393,0.0425436861884358,0.2,"MC-PLSc",11946,5442128,1000,"ordinal","normal","normal","Symmetric","5",1,TRUE,19.475999999966
"1119","X=~x1",0.422231868083374,0.0576598219639609,0.4,"PLSc",11946,5442128,1000,"ordinal","normal","normal","Symmetric","5",1,TRUE,1.34400000004098
"1120","X=~x2",0.841600917770473,0.0387331354272068,0.8,"PLSc",11946,5442128,1000,"ordinal","normal","normal","Symmetric","5",1,TRUE,1.34400000004098
"1121","X=~x3",0.688037826692148,0.0373306879770088,0.8,"PLSc",11946,5442128,1000,"ordinal","normal","normal","Symmetric","5",1,TRUE,1.34400000004098
"1122","Z=~z1",0.591892650413549,0.0386921572602218,0.6,"PLSc",11946,5442128,1000,"ordinal","normal","normal","Symmetric","5",1,TRUE,1.34400000004098
"1123","Z=~z2",0.569255449665257,0.0394702541197347,0.6,"PLSc",11946,5442128,1000,"ordinal","normal","normal","Symmetric","5",1,TRUE,1.34400000004098
"1124","Z=~z3",0.781895864186561,0.0351859104814306,0.8,"PLSc",11946,5442128,1000,"ordinal","normal","normal","Symmetric","5",1,TRUE,1.34400000004098
"1125","Y=~y1",0.335437718521415,0.0406823833212975,0.4,"PLSc",11946,5442128,1000,"ordinal","normal","normal","Symmetric","5",1,TRUE,1.34400000004098
"1126","Y=~y2",0.693617926198406,0.0256089029953225,0.7,"PLSc",11946,5442128,1000,"ordinal","normal","normal","Symmetric","5",1,TRUE,1.34400000004098
"1127","Y=~y3",0.862834830212207,0.0265545547636406,0.9,"PLSc",11946,5442128,1000,"ordinal","normal","normal","Symmetric","5",1,TRUE,1.34400000004098
"1128","Y~X",0.405018365496313,0.0376478873284483,0.4,"PLSc",11946,5442128,1000,"ordinal","normal","normal","Symmetric","5",1,TRUE,1.34400000004098
"1129","Y~Z",0.516569351399052,0.0390223322458452,0.5,"PLSc",11946,5442128,1000,"ordinal","normal","normal","Symmetric","5",1,TRUE,1.34400000004098
"1130","Y~X:Z",0.316818062143579,0.041848239335976,0.3,"PLSc",11946,5442128,1000,"ordinal","normal","normal","Symmetric","5",1,TRUE,1.34400000004098
"1131","X~~Z",0.215669872180174,0.0432749388621958,0.2,"PLSc",11946,5442128,1000,"ordinal","normal","normal","Symmetric","5",1,TRUE,1.34400000004098
"1132","X=~x1",0.570086582833882,0.0408411200601716,0.4,"PLS",11946,5442128,1000,"ordinal","normal","normal","Symmetric","5",1,TRUE,0.948000000033062
"1133","X=~x2",0.885328705713255,0.0113194270539532,0.8,"PLS",11946,5442128,1000,"ordinal","normal","normal","Symmetric","5",1,TRUE,0.948000000033062
"1134","X=~x3",0.84305996741685,0.0141243860428495,0.8,"PLS",11946,5442128,1000,"ordinal","normal","normal","Symmetric","5",1,TRUE,0.948000000033062
"1135","Z=~z1",0.729487747327296,0.0235324061613039,0.6,"PLS",11946,5442128,1000,"ordinal","normal","normal","Symmetric","5",1,TRUE,0.948000000033062
"1136","Z=~z2",0.740725386742214,0.0221932860770925,0.6,"PLS",11946,5442128,1000,"ordinal","normal","normal","Symmetric","5",1,TRUE,0.948000000033062
"1137","Z=~z3",0.863815253331802,0.0112118769379498,0.8,"PLS",11946,5442128,1000,"ordinal","normal","normal","Symmetric","5",1,TRUE,0.948000000033062
"1138","Y=~y1",0.51160735129336,0.038292975790417,0.4,"PLS",11946,5442128,1000,"ordinal","normal","normal","Symmetric","5",1,TRUE,0.948000000033062
"1139","Y=~y2",0.83430428042143,0.0129985931934659,0.7,"PLS",11946,5442128,1000,"ordinal","normal","normal","Symmetric","5",1,TRUE,0.948000000033062
"1140","Y=~y3",0.899614665726123,0.00693305404557609,0.9,"PLS",11946,5442128,1000,"ordinal","normal","normal","Symmetric","5",1,TRUE,0.948000000033062
"1141","Y~X",0.329699044734585,0.0242571250679183,0.4,"PLS",11946,5442128,1000,"ordinal","normal","normal","Symmetric","5",1,TRUE,0.948000000033062
"1142","Y~Z",0.387853155308551,0.0238561480644186,0.5,"PLS",11946,5442128,1000,"ordinal","normal","normal","Symmetric","5",1,TRUE,0.948000000033062
"1143","Y~X:Z",0.210187571585763,0.0225948557605254,0.3,"PLS",11946,5442128,1000,"ordinal","normal","normal","Symmetric","5",1,TRUE,0.948000000033062
"1144","X~~Z",0.157527312597965,0.0315441721895171,0.2,"PLS",11946,5442128,1000,"ordinal","normal","normal","Symmetric","5",1,TRUE,0.948000000033062
"1145","X=~x1",0.397,0.033,0.4,"Mplus",11946,5442128,1000,"ordinal","normal","normal","Symmetric","5",1,TRUE,724.621000000043
"1146","X=~x2",0.861,0.026,0.8,"Mplus",11946,5442128,1000,"ordinal","normal","normal","Symmetric","5",1,TRUE,724.621000000043
"1147","X=~x3",0.749,0.026,0.8,"Mplus",11946,5442128,1000,"ordinal","normal","normal","Symmetric","5",1,TRUE,724.621000000043
"1148","Z=~z1",0.561,0.03,0.6,"Mplus",11946,5442128,1000,"ordinal","normal","normal","Symmetric","5",1,TRUE,724.621000000043
"1149","Z=~z2",0.602,0.029,0.6,"Mplus",11946,5442128,1000,"ordinal","normal","normal","Symmetric","5",1,TRUE,724.621000000043
"1150","Z=~z3",0.834,0.026,0.8,"Mplus",11946,5442128,1000,"ordinal","normal","normal","Symmetric","5",1,TRUE,724.621000000043
"1151","Y=~y1",0.375,0.033,0.4,"Mplus",11946,5442128,1000,"ordinal","normal","normal","Symmetric","5",1,TRUE,724.621000000043
"1152","Y=~y2",0.714,0.024,0.7,"Mplus",11946,5442128,1000,"ordinal","normal","normal","Symmetric","5",1,TRUE,724.621000000043
"1153","Y=~y3",0.904,0.02,0.9,"Mplus",11946,5442128,1000,"ordinal","normal","normal","Symmetric","5",1,TRUE,724.621000000043
"1154","Y~X",0.409,0.031,0.4,"Mplus",11946,5442128,1000,"ordinal","normal","normal","Symmetric","5",1,TRUE,724.621000000043
"1155","Y~Z",0.504,0.032,0.5,"Mplus",11946,5442128,1000,"ordinal","normal","normal","Symmetric","5",1,TRUE,724.621000000043
"1156","Y~X:Z",0.339,0.031,0.3,"Mplus",11946,5442128,1000,"ordinal","normal","normal","Symmetric","5",1,TRUE,724.621000000043
"1157","X~~Z",0.227,0.042,0.2,"Mplus",11946,5442128,1000,"ordinal","normal","normal","Symmetric","5",1,TRUE,724.621000000043
"1158","X=~x1",0.396308738213089,0.0305875829268452,0.4,"LSAM",11946,5442128,1000,"ordinal","normal","normal","Symmetric","5",1,TRUE,0.505999999993946
"1159","X=~x2",0.788773832950726,0.0524592372011509,0.8,"LSAM",11946,5442128,1000,"ordinal","normal","normal","Symmetric","5",1,TRUE,0.505999999993946
"1160","X=~x3",0.760467526538216,0.0524720325714527,0.8,"LSAM",11946,5442128,1000,"ordinal","normal","normal","Symmetric","5",1,TRUE,0.505999999993946
"1161","Z=~z1",0.532493628864211,0.0196427763367018,0.6,"LSAM",11946,5442128,1000,"ordinal","normal","normal","Symmetric","5",1,TRUE,0.505999999993946
"1162","Z=~z2",0.582857334407722,0.0390588295080046,0.6,"LSAM",11946,5442128,1000,"ordinal","normal","normal","Symmetric","5",1,TRUE,0.505999999993946
"1163","Z=~z3",0.832725428902551,0.0463618857388846,0.8,"LSAM",11946,5442128,1000,"ordinal","normal","normal","Symmetric","5",1,TRUE,0.505999999993946
"1164","Y=~y1",0.365839644191625,0.0121718159276382,0.4,"LSAM",11946,5442128,1000,"ordinal","normal","normal","Symmetric","5",1,TRUE,0.505999999993946
"1165","Y=~y2",0.653767869414466,0.0450271903942823,0.7,"LSAM",11946,5442128,1000,"ordinal","normal","normal","Symmetric","5",1,TRUE,0.505999999993946
"1166","Y=~y3",0.885909442218861,0.0559383779019916,0.9,"LSAM",11946,5442128,1000,"ordinal","normal","normal","Symmetric","5",1,TRUE,0.505999999993946
"1167","Y~X",0.422503048617976,0.035594148589105,0.4,"LSAM",11946,5442128,1000,"ordinal","normal","normal","Symmetric","5",1,TRUE,0.505999999993946
"1168","Y~Z",0.463546902495228,0.0471411706829076,0.5,"LSAM",11946,5442128,1000,"ordinal","normal","normal","Symmetric","5",1,TRUE,0.505999999993946
"1169","Y~X:Z",0.282588606092727,0.0340123273869237,0.3,"LSAM",11946,5442128,1000,"ordinal","normal","normal","Symmetric","5",1,TRUE,0.505999999993946
"1170","X~~Z",0.21614160429699,0.0423382673721089,0.2,"LSAM",11946,5442128,1000,"ordinal","normal","normal","Symmetric","5",1,TRUE,0.505999999993946
"1171","X=~x1",0.308725488387508,0.121689971637365,0.4,"MC-PLSc",11947,1618003,300,"ordinal","normal","normal","Extreme","2",1,TRUE,12.2249999999767
"1172","X=~x2",0.945987998798952,0.0938617376898211,0.8,"MC-PLSc",11947,1618003,300,"ordinal","normal","normal","Extreme","2",1,TRUE,12.2249999999767
"1173","X=~x3",0.849954505739926,0.0890557571658004,0.8,"MC-PLSc",11947,1618003,300,"ordinal","normal","normal","Extreme","2",1,TRUE,12.2249999999767
"1174","Z=~z1",0.906585651010184,0.200899027554818,0.6,"MC-PLSc",11947,1618003,300,"ordinal","normal","normal","Extreme","2",1,TRUE,12.2249999999767
"1175","Z=~z2",0.580533822267196,0.224577300778652,0.6,"MC-PLSc",11947,1618003,300,"ordinal","normal","normal","Extreme","2",1,TRUE,12.2249999999767
"1176","Z=~z3",0.637641188707877,0.157584595711512,0.8,"MC-PLSc",11947,1618003,300,"ordinal","normal","normal","Extreme","2",1,TRUE,12.2249999999767
"1177","Y=~y1",0.319056682936321,0.15795789646198,0.4,"MC-PLSc",11947,1618003,300,"ordinal","normal","normal","Extreme","2",1,TRUE,12.2249999999767
"1178","Y=~y2",0.700665661634211,0.113842560818213,0.7,"MC-PLSc",11947,1618003,300,"ordinal","normal","normal","Extreme","2",1,TRUE,12.2249999999767
"1179","Y=~y3",0.884912819685206,0.137883161659605,0.9,"MC-PLSc",11947,1618003,300,"ordinal","normal","normal","Extreme","2",1,TRUE,12.2249999999767
"1180","Y~X",0.659513878326336,0.107778182173047,0.4,"MC-PLSc",11947,1618003,300,"ordinal","normal","normal","Extreme","2",1,TRUE,12.2249999999767
"1181","Y~Z",0.542979667702734,0.124548504270005,0.5,"MC-PLSc",11947,1618003,300,"ordinal","normal","normal","Extreme","2",1,TRUE,12.2249999999767
"1182","Y~X:Z",0.0790187811992749,0.27073982020643,0.3,"MC-PLSc",11947,1618003,300,"ordinal","normal","normal","Extreme","2",1,TRUE,12.2249999999767
"1183","X~~Z",0.0441497991082097,0.137853307412381,0.2,"MC-PLSc",11947,1618003,300,"ordinal","normal","normal","Extreme","2",1,TRUE,12.2249999999767
"1184","X=~x1",0.206684081977816,0.149239515628851,0.4,"PLSc",11947,1618003,300,"ordinal","normal","normal","Extreme","2",1,TRUE,1.27000000001863
"1185","X=~x2",0.810121835238514,0.100926272564356,0.8,"PLSc",11947,1618003,300,"ordinal","normal","normal","Extreme","2",1,TRUE,1.27000000001863
"1186","X=~x3",0.660316289139128,0.0958314302857245,0.8,"PLSc",11947,1618003,300,"ordinal","normal","normal","Extreme","2",1,TRUE,1.27000000001863
"1187","Z=~z1",0.779300890359349,0.162638186652328,0.6,"PLSc",11947,1618003,300,"ordinal","normal","normal","Extreme","2",1,TRUE,1.27000000001863
"1188","Z=~z2",0.337461752545459,0.164144837187624,0.6,"PLSc",11947,1618003,300,"ordinal","normal","normal","Extreme","2",1,TRUE,1.27000000001863
"1189","Z=~z3",0.457690934820855,0.160366578607439,0.8,"PLSc",11947,1618003,300,"ordinal","normal","normal","Extreme","2",1,TRUE,1.27000000001863
"1190","Y=~y1",0.163089374501825,0.112238187905168,0.4,"PLSc",11947,1618003,300,"ordinal","normal","normal","Extreme","2",1,TRUE,1.27000000001863
"1191","Y=~y2",0.541683988175179,0.0949798275684848,0.7,"PLSc",11947,1618003,300,"ordinal","normal","normal","Extreme","2",1,TRUE,1.27000000001863
"1192","Y=~y3",0.716527285149912,0.0950176992380341,0.9,"PLSc",11947,1618003,300,"ordinal","normal","normal","Extreme","2",1,TRUE,1.27000000001863
"1193","Y~X",0.572310966732658,1.77151315355665,0.4,"PLSc",11947,1618003,300,"ordinal","normal","normal","Extreme","2",1,TRUE,1.27000000001863
"1194","Y~Z",0.459763915204465,0.928162425830897,0.5,"PLSc",11947,1618003,300,"ordinal","normal","normal","Extreme","2",1,TRUE,1.27000000001863
"1195","Y~X:Z",0.239557947923449,4.24552339394352,0.3,"PLSc",11947,1618003,300,"ordinal","normal","normal","Extreme","2",1,TRUE,1.27000000001863
"1196","X~~Z",0.0299848930470924,0.086205540088804,0.2,"PLSc",11947,1618003,300,"ordinal","normal","normal","Extreme","2",1,TRUE,1.27000000001863
"1197","X=~x1",0.314890034067526,0.150921610962674,0.4,"PLS",11947,1618003,300,"ordinal","normal","normal","Extreme","2",1,TRUE,0.886999999987893
"1198","X=~x2",0.883900535017213,0.0400084445286151,0.8,"PLS",11947,1618003,300,"ordinal","normal","normal","Extreme","2",1,TRUE,0.886999999987893
"1199","X=~x3",0.849200779624674,0.0480936915090756,0.8,"PLS",11947,1618003,300,"ordinal","normal","normal","Extreme","2",1,TRUE,0.886999999987893
"1200","Z=~z1",0.839618542010073,0.0934728854405973,0.6,"PLS",11947,1618003,300,"ordinal","normal","normal","Extreme","2",1,TRUE,0.886999999987893
"1201","Z=~z2",0.61164874460479,0.141079338498734,0.6,"PLS",11947,1618003,300,"ordinal","normal","normal","Extreme","2",1,TRUE,0.886999999987893
"1202","Z=~z3",0.677826555246052,0.127016592305224,0.8,"PLS",11947,1618003,300,"ordinal","normal","normal","Extreme","2",1,TRUE,0.886999999987893
"1203","Y=~y1",0.34735528073626,0.140310902113402,0.4,"PLS",11947,1618003,300,"ordinal","normal","normal","Extreme","2",1,TRUE,0.886999999987893
"1204","Y=~y2",0.753900147045709,0.0679842899324997,0.7,"PLS",11947,1618003,300,"ordinal","normal","normal","Extreme","2",1,TRUE,0.886999999987893
"1205","Y=~y3",0.865517947180203,0.0430485589279587,0.9,"PLS",11947,1618003,300,"ordinal","normal","normal","Extreme","2",1,TRUE,0.886999999987893
"1206","Y~X",0.370209144994471,0.066530991308146,0.4,"PLS",11947,1618003,300,"ordinal","normal","normal","Extreme","2",1,TRUE,0.886999999987893
"1207","Y~Z",0.285775079578363,0.0699956882830904,0.5,"PLS",11947,1618003,300,"ordinal","normal","normal","Extreme","2",1,TRUE,0.886999999987893
"1208","Y~X:Z",0.109987835236335,0.0726931982042639,0.3,"PLS",11947,1618003,300,"ordinal","normal","normal","Extreme","2",1,TRUE,0.886999999987893
"1209","X~~Z",0.0201580561969697,0.0572260320682249,0.2,"PLS",11947,1618003,300,"ordinal","normal","normal","Extreme","2",1,TRUE,0.886999999987893
"1210","X=~x1",0.204,0.049,0.4,"Mplus",11947,1618003,300,"ordinal","normal","normal","Extreme","2",1,TRUE,98.6919999999809
"1211","X=~x2",0.95,0.029,0.8,"Mplus",11947,1618003,300,"ordinal","normal","normal","Extreme","2",1,TRUE,98.6919999999809
"1212","X=~x3",0.822,0.068,0.8,"Mplus",11947,1618003,300,"ordinal","normal","normal","Extreme","2",1,TRUE,98.6919999999809
"1213","Z=~z1",0.674,0.107,0.6,"Mplus",11947,1618003,300,"ordinal","normal","normal","Extreme","2",1,TRUE,98.6919999999809
"1214","Z=~z2",0.755,0.098,0.6,"Mplus",11947,1618003,300,"ordinal","normal","normal","Extreme","2",1,TRUE,98.6919999999809
"1215","Z=~z3",0.775,0.104,0.8,"Mplus",11947,1618003,300,"ordinal","normal","normal","Extreme","2",1,TRUE,98.6919999999809
"1216","Y=~y1",0.341,0.111,0.4,"Mplus",11947,1618003,300,"ordinal","normal","normal","Extreme","2",1,TRUE,98.6919999999809
"1217","Y=~y2",0.659,0.101,0.7,"Mplus",11947,1618003,300,"ordinal","normal","normal","Extreme","2",1,TRUE,98.6919999999809
"1218","Y=~y3",0.859,0.111,0.9,"Mplus",11947,1618003,300,"ordinal","normal","normal","Extreme","2",1,TRUE,98.6919999999809
"1219","Y~X",0.656,0.131,0.4,"Mplus",11947,1618003,300,"ordinal","normal","normal","Extreme","2",1,TRUE,98.6919999999809
"1220","Y~Z",0.466,0.189,0.5,"Mplus",11947,1618003,300,"ordinal","normal","normal","Extreme","2",1,TRUE,98.6919999999809
"1221","Y~X:Z",0.193,0.323,0.3,"Mplus",11947,1618003,300,"ordinal","normal","normal","Extreme","2",1,TRUE,98.6919999999809
"1222","X~~Z",0.05,0.133,0.2,"Mplus",11947,1618003,300,"ordinal","normal","normal","Extreme","2",1,TRUE,98.6919999999809
"1223","X=~x1",0.303592305770968,0.0824353249441167,0.4,"LSAM",11947,1618003,300,"ordinal","normal","normal","Extreme","2",1,TRUE,0.542000000015832
"1224","X=~x2",0.588224292826752,0.145998655292542,0.8,"LSAM",11947,1618003,300,"ordinal","normal","normal","Extreme","2",1,TRUE,0.542000000015832
"1225","X=~x3",0.907603258376706,0.147586921206524,0.8,"LSAM",11947,1618003,300,"ordinal","normal","normal","Extreme","2",1,TRUE,0.542000000015832
"1226","Z=~z1",0.405914526578312,0.496705477921167,0.6,"LSAM",11947,1618003,300,"ordinal","normal","normal","Extreme","2",1,TRUE,0.542000000015832
"1227","Z=~z2",0.622440184471533,0.568938374914447,0.6,"LSAM",11947,1618003,300,"ordinal","normal","normal","Extreme","2",1,TRUE,0.542000000015832
"1228","Z=~z3",0.638353193687891,0.565140380055519,0.8,"LSAM",11947,1618003,300,"ordinal","normal","normal","Extreme","2",1,TRUE,0.542000000015832
"1229","Y=~y1",0.311421595509661,0.0368326165147192,0.4,"LSAM",11947,1618003,300,"ordinal","normal","normal","Extreme","2",1,TRUE,0.542000000015832
"1230","Y=~y2",0.518866044012173,0.134687210935944,0.7,"LSAM",11947,1618003,300,"ordinal","normal","normal","Extreme","2",1,TRUE,0.542000000015832
"1231","Y=~y3",0.668411046528796,0.181250449861989,0.9,"LSAM",11947,1618003,300,"ordinal","normal","normal","Extreme","2",1,TRUE,0.542000000015832
"1232","Y~X",0.455843327046863,0.180280428634065,0.4,"LSAM",11947,1618003,300,"ordinal","normal","normal","Extreme","2",1,TRUE,0.542000000015832
"1233","Y~Z",0.403279082149646,0.896180852347771,0.5,"LSAM",11947,1618003,300,"ordinal","normal","normal","Extreme","2",1,TRUE,0.542000000015832
"1234","Y~X:Z",0.152378228073036,0.474404093528545,0.3,"LSAM",11947,1618003,300,"ordinal","normal","normal","Extreme","2",1,TRUE,0.542000000015832
"1235","X~~Z",0.00582892995743188,0.185046849171694,0.2,"LSAM",11947,1618003,300,"ordinal","normal","normal","Extreme","2",1,TRUE,0.542000000015832
"1236","X=~x1",0.497149618455978,0.0875479853891582,0.4,"MC-PLSc",11948,7177614,1000,"ordinal","normal","normal","Extreme","2",1,TRUE,17.7939999999944
"1237","X=~x2",0.622680921114551,0.0775740116345268,0.8,"MC-PLSc",11948,7177614,1000,"ordinal","normal","normal","Extreme","2",1,TRUE,17.7939999999944
"1238","X=~x3",0.788223627639237,0.113185386401706,0.8,"MC-PLSc",11948,7177614,1000,"ordinal","normal","normal","Extreme","2",1,TRUE,17.7939999999944
"1239","Z=~z1",0.61301603992282,0.0605009855891273,0.6,"MC-PLSc",11948,7177614,1000,"ordinal","normal","normal","Extreme","2",1,TRUE,17.7939999999944
"1240","Z=~z2",0.631570690042354,0.05979094104896,0.6,"MC-PLSc",11948,7177614,1000,"ordinal","normal","normal","Extreme","2",1,TRUE,17.7939999999944
"1241","Z=~z3",0.792077787172362,0.0583056064199732,0.8,"MC-PLSc",11948,7177614,1000,"ordinal","normal","normal","Extreme","2",1,TRUE,17.7939999999944
"1242","Y=~y1",0.424944145361527,0.0528168348192931,0.4,"MC-PLSc",11948,7177614,1000,"ordinal","normal","normal","Extreme","2",1,TRUE,17.7939999999944
"1243","Y=~y2",0.622750637218112,0.0559577133019467,0.7,"MC-PLSc",11948,7177614,1000,"ordinal","normal","normal","Extreme","2",1,TRUE,17.7939999999944
"1244","Y=~y3",0.885249230601246,0.0567772166675904,0.9,"MC-PLSc",11948,7177614,1000,"ordinal","normal","normal","Extreme","2",1,TRUE,17.7939999999944
"1245","Y~X",0.272245376310729,0.141470440632362,0.4,"MC-PLSc",11948,7177614,1000,"ordinal","normal","normal","Extreme","2",1,TRUE,17.7939999999944
"1246","Y~Z",0.557895181427861,0.111635492482234,0.5,"MC-PLSc",11948,7177614,1000,"ordinal","normal","normal","Extreme","2",1,TRUE,17.7939999999944
"1247","Y~X:Z",0.390683467654327,0.198607669547877,0.3,"MC-PLSc",11948,7177614,1000,"ordinal","normal","normal","Extreme","2",1,TRUE,17.7939999999944
"1248","X~~Z",0.270053818746319,0.0803159602976645,0.2,"MC-PLSc",11948,7177614,1000,"ordinal","normal","normal","Extreme","2",1,TRUE,17.7939999999944
"1249","X=~x1",0.379566739607989,0.07372024314723,0.4,"PLSc",11948,7177614,1000,"ordinal","normal","normal","Extreme","2",1,TRUE,1.36199999996461
"1250","X=~x2",0.412343441199315,0.0812583450679287,0.8,"PLSc",11948,7177614,1000,"ordinal","normal","normal","Extreme","2",1,TRUE,1.36199999996461
"1251","X=~x3",0.595220271168458,0.087776220574328,0.8,"PLSc",11948,7177614,1000,"ordinal","normal","normal","Extreme","2",1,TRUE,1.36199999996461
"1252","Z=~z1",0.44041110342868,0.0612081295439324,0.6,"PLSc",11948,7177614,1000,"ordinal","normal","normal","Extreme","2",1,TRUE,1.36199999996461
"1253","Z=~z2",0.459780668385168,0.0567798193602331,0.6,"PLSc",11948,7177614,1000,"ordinal","normal","normal","Extreme","2",1,TRUE,1.36199999996461
"1254","Z=~z3",0.606647935090419,0.0558291901148324,0.8,"PLSc",11948,7177614,1000,"ordinal","normal","normal","Extreme","2",1,TRUE,1.36199999996461
"1255","Y=~y1",0.350556414031159,0.0590696437779429,0.4,"PLSc",11948,7177614,1000,"ordinal","normal","normal","Extreme","2",1,TRUE,1.36199999996461
"1256","Y=~y2",0.462353206208462,0.0568541660462048,0.7,"PLSc",11948,7177614,1000,"ordinal","normal","normal","Extreme","2",1,TRUE,1.36199999996461
"1257","Y=~y3",0.736729711218663,0.0509419511723716,0.9,"PLSc",11948,7177614,1000,"ordinal","normal","normal","Extreme","2",1,TRUE,1.36199999996461
"1258","Y~X",0.340271637228366,0.141189832593555,0.4,"PLSc",11948,7177614,1000,"ordinal","normal","normal","Extreme","2",1,TRUE,1.36199999996461
"1259","Y~Z",0.527522565778689,0.0888516188310477,0.5,"PLSc",11948,7177614,1000,"ordinal","normal","normal","Extreme","2",1,TRUE,1.36199999996461
"1260","Y~X:Z",0.106730872785675,0.280934680904065,0.3,"PLSc",11948,7177614,1000,"ordinal","normal","normal","Extreme","2",1,TRUE,1.36199999996461
"1261","X~~Z",0.229341890942086,0.0694005781049123,0.2,"PLSc",11948,7177614,1000,"ordinal","normal","normal","Extreme","2",1,TRUE,1.36199999996461
"1262","X=~x1",0.552256074337997,0.0821946166361233,0.4,"PLS",11948,7177614,1000,"ordinal","normal","normal","Extreme","2",1,TRUE,0.926999999966938
"1263","X=~x2",0.679226537142638,0.0643093590171731,0.8,"PLS",11948,7177614,1000,"ordinal","normal","normal","Extreme","2",1,TRUE,0.926999999966938
"1264","X=~x3",0.806108003497658,0.0522779623839767,0.8,"PLS",11948,7177614,1000,"ordinal","normal","normal","Extreme","2",1,TRUE,0.926999999966938
"1265","Z=~z1",0.648969407751488,0.0511777369003956,0.6,"PLS",11948,7177614,1000,"ordinal","normal","normal","Extreme","2",1,TRUE,0.926999999966938
"1266","Z=~z2",0.665579796267926,0.0473847193667896,0.6,"PLS",11948,7177614,1000,"ordinal","normal","normal","Extreme","2",1,TRUE,0.926999999966938
"1267","Z=~z3",0.795014648290482,0.0316641378434722,0.8,"PLS",11948,7177614,1000,"ordinal","normal","normal","Extreme","2",1,TRUE,0.926999999966938
"1268","Y=~y1",0.496660608822044,0.0650273196709821,0.4,"PLS",11948,7177614,1000,"ordinal","normal","normal","Extreme","2",1,TRUE,0.926999999966938
"1269","Y=~y2",0.712145545148242,0.0421353258973519,0.7,"PLS",11948,7177614,1000,"ordinal","normal","normal","Extreme","2",1,TRUE,0.926999999966938
"1270","Y=~y3",0.86283682587739,0.0208553008729526,0.9,"PLS",11948,7177614,1000,"ordinal","normal","normal","Extreme","2",1,TRUE,0.926999999966938
"1271","Y~X",0.214623118078506,0.03600184244824,0.4,"PLS",11948,7177614,1000,"ordinal","normal","normal","Extreme","2",1,TRUE,0.926999999966938
"1272","Y~Z",0.320697381956598,0.039508323231968,0.5,"PLS",11948,7177614,1000,"ordinal","normal","normal","Extreme","2",1,TRUE,0.926999999966938
"1273","Y~X:Z",0.123380476564066,0.0346592570002368,0.3,"PLS",11948,7177614,1000,"ordinal","normal","normal","Extreme","2",1,TRUE,0.926999999966938
"1274","X~~Z",0.113840908028787,0.0334790741589972,0.2,"PLS",11948,7177614,1000,"ordinal","normal","normal","Extreme","2",1,TRUE,0.926999999966938
"1275","X=~x1",0.44,0.067,0.4,"Mplus",11948,7177614,1000,"ordinal","normal","normal","Extreme","2",1,TRUE,142.087
"1276","X=~x2",0.675,0.061,0.8,"Mplus",11948,7177614,1000,"ordinal","normal","normal","Extreme","2",1,TRUE,142.087
"1277","X=~x3",0.777,0.065,0.8,"Mplus",11948,7177614,1000,"ordinal","normal","normal","Extreme","2",1,TRUE,142.087
"1278","Z=~z1",0.597,0.054,0.6,"Mplus",11948,7177614,1000,"ordinal","normal","normal","Extreme","2",1,TRUE,142.087
"1279","Z=~z2",0.618,0.053,0.6,"Mplus",11948,7177614,1000,"ordinal","normal","normal","Extreme","2",1,TRUE,142.087
"1280","Z=~z3",0.78,0.051,0.8,"Mplus",11948,7177614,1000,"ordinal","normal","normal","Extreme","2",1,TRUE,142.087
"1281","Y=~y1",0.397,0.052,0.4,"Mplus",11948,7177614,1000,"ordinal","normal","normal","Extreme","2",1,TRUE,142.087
"1282","Y=~y2",0.633,0.049,0.7,"Mplus",11948,7177614,1000,"ordinal","normal","normal","Extreme","2",1,TRUE,142.087
"1283","Y=~y3",0.884,0.054,0.9,"Mplus",11948,7177614,1000,"ordinal","normal","normal","Extreme","2",1,TRUE,142.087
"1284","Y~X",0.176,0.114,0.4,"Mplus",11948,7177614,1000,"ordinal","normal","normal","Extreme","2",1,TRUE,142.087
"1285","Y~Z",0.594,0.092,0.5,"Mplus",11948,7177614,1000,"ordinal","normal","normal","Extreme","2",1,TRUE,142.087
"1286","Y~X:Z",0.432,0.119,0.3,"Mplus",11948,7177614,1000,"ordinal","normal","normal","Extreme","2",1,TRUE,142.087
"1287","X~~Z",0.295,0.076,0.2,"Mplus",11948,7177614,1000,"ordinal","normal","normal","Extreme","2",1,TRUE,142.087
"1288","X=~x1",0.311210017876842,0.0462316750420477,0.4,"LSAM",11948,7177614,1000,"ordinal","normal","normal","Extreme","2",1,TRUE,0.489999999990687
"1289","X=~x2",0.562422442720381,0.108652756123642,0.8,"LSAM",11948,7177614,1000,"ordinal","normal","normal","Extreme","2",1,TRUE,0.489999999990687
"1290","X=~x3",0.540559888216443,0.104723937978912,0.8,"LSAM",11948,7177614,1000,"ordinal","normal","normal","Extreme","2",1,TRUE,0.489999999990687
"1291","Z=~z1",0.442263829379879,0.190904765586358,0.6,"LSAM",11948,7177614,1000,"ordinal","normal","normal","Extreme","2",1,TRUE,0.489999999990687
"1292","Z=~z2",0.4484476465337,0.200292505850921,0.6,"LSAM",11948,7177614,1000,"ordinal","normal","normal","Extreme","2",1,TRUE,0.489999999990687
"1293","Z=~z3",0.616760335497966,0.220473728094723,0.8,"LSAM",11948,7177614,1000,"ordinal","normal","normal","Extreme","2",1,TRUE,0.489999999990687
"1294","Y=~y1",0.311974550708651,0.0187637639870594,0.4,"LSAM",11948,7177614,1000,"ordinal","normal","normal","Extreme","2",1,TRUE,0.489999999990687
"1295","Y=~y2",0.601000158883515,0.0782677677833041,0.7,"LSAM",11948,7177614,1000,"ordinal","normal","normal","Extreme","2",1,TRUE,0.489999999990687
"1296","Y=~y3",0.643246434284353,0.0845021530594637,0.9,"LSAM",11948,7177614,1000,"ordinal","normal","normal","Extreme","2",1,TRUE,0.489999999990687
"1297","Y~X",0.3119776894634,0.162012741213029,0.4,"LSAM",11948,7177614,1000,"ordinal","normal","normal","Extreme","2",1,TRUE,0.489999999990687
"1298","Y~Z",0.538547093360386,0.365857603028396,0.5,"LSAM",11948,7177614,1000,"ordinal","normal","normal","Extreme","2",1,TRUE,0.489999999990687
"1299","Y~X:Z",0.0791694172704974,0.230364227245971,0.3,"LSAM",11948,7177614,1000,"ordinal","normal","normal","Extreme","2",1,TRUE,0.489999999990687
"1300","X~~Z",0.233846243327506,0.208525849487852,0.2,"LSAM",11948,7177614,1000,"ordinal","normal","normal","Extreme","2",1,TRUE,0.489999999990687
"1301","X=~x1",0.236267155617999,0.114861882522156,0.4,"MC-PLSc",11949,4677924,300,"ordinal","normal","normal","Extreme","3",1,TRUE,15.0889999999781
"1302","X=~x2",0.772656436671436,0.0892721452589728,0.8,"MC-PLSc",11949,4677924,300,"ordinal","normal","normal","Extreme","3",1,TRUE,15.0889999999781
"1303","X=~x3",0.707287969964448,0.0996807780709197,0.8,"MC-PLSc",11949,4677924,300,"ordinal","normal","normal","Extreme","3",1,TRUE,15.0889999999781
"1304","Z=~z1",0.625691542292665,0.077433510553279,0.6,"MC-PLSc",11949,4677924,300,"ordinal","normal","normal","Extreme","3",1,TRUE,15.0889999999781
"1305","Z=~z2",0.578683907055694,0.075672244884731,0.6,"MC-PLSc",11949,4677924,300,"ordinal","normal","normal","Extreme","3",1,TRUE,15.0889999999781
"1306","Z=~z3",0.913380447600176,0.0759839004586044,0.8,"MC-PLSc",11949,4677924,300,"ordinal","normal","normal","Extreme","3",1,TRUE,15.0889999999781
"1307","Y=~y1",0.378562537300354,0.08897484555078,0.4,"MC-PLSc",11949,4677924,300,"ordinal","normal","normal","Extreme","3",1,TRUE,15.0889999999781
"1308","Y=~y2",0.656353218186343,0.0751094388037832,0.7,"MC-PLSc",11949,4677924,300,"ordinal","normal","normal","Extreme","3",1,TRUE,15.0889999999781
"1309","Y=~y3",0.998731280449047,0.0573301269918219,0.9,"MC-PLSc",11949,4677924,300,"ordinal","normal","normal","Extreme","3",1,TRUE,15.0889999999781
"1310","Y~X",0.217111172265981,0.155821890918924,0.4,"MC-PLSc",11949,4677924,300,"ordinal","normal","normal","Extreme","3",1,TRUE,15.0889999999781
"1311","Y~Z",0.416811627494272,0.157852031917212,0.5,"MC-PLSc",11949,4677924,300,"ordinal","normal","normal","Extreme","3",1,TRUE,15.0889999999781
"1312","Y~X:Z",0.535790364600253,0.19418111409272,0.3,"MC-PLSc",11949,4677924,300,"ordinal","normal","normal","Extreme","3",1,TRUE,15.0889999999781
"1313","X~~Z",0.397364104575151,0.107537982382925,0.2,"MC-PLSc",11949,4677924,300,"ordinal","normal","normal","Extreme","3",1,TRUE,15.0889999999781
"1314","X=~x1",0.171919298217145,0.122440386115246,0.4,"PLSc",11949,4677924,300,"ordinal","normal","normal","Extreme","3",1,TRUE,1.2609999999986
"1315","X=~x2",0.666647519695034,0.100812662443455,0.8,"PLSc",11949,4677924,300,"ordinal","normal","normal","Extreme","3",1,TRUE,1.2609999999986
"1316","X=~x3",0.581907411555861,0.100621206672684,0.8,"PLSc",11949,4677924,300,"ordinal","normal","normal","Extreme","3",1,TRUE,1.2609999999986
"1317","Z=~z1",0.478308570995824,0.0929476340177859,0.6,"PLSc",11949,4677924,300,"ordinal","normal","normal","Extreme","3",1,TRUE,1.2609999999986
"1318","Z=~z2",0.429641112573839,0.0934657373379859,0.6,"PLSc",11949,4677924,300,"ordinal","normal","normal","Extreme","3",1,TRUE,1.2609999999986
"1319","Z=~z3",0.895176599276089,0.0992740565921097,0.8,"PLSc",11949,4677924,300,"ordinal","normal","normal","Extreme","3",1,TRUE,1.2609999999986
"1320","Y=~y1",0.302078805493374,0.0937585283656565,0.4,"PLSc",11949,4677924,300,"ordinal","normal","normal","Extreme","3",1,TRUE,1.2609999999986
"1321","Y=~y2",0.588351590562018,0.076761734341686,0.7,"PLSc",11949,4677924,300,"ordinal","normal","normal","Extreme","3",1,TRUE,1.2609999999986
"1322","Y=~y3",0.897805422065076,0.0668458128133273,0.9,"PLSc",11949,4677924,300,"ordinal","normal","normal","Extreme","3",1,TRUE,1.2609999999986
"1323","Y~X",0.26615907660175,0.469650623931117,0.4,"PLSc",11949,4677924,300,"ordinal","normal","normal","Extreme","3",1,TRUE,1.2609999999986
"1324","Y~Z",0.404654424394518,0.114765662242449,0.5,"PLSc",11949,4677924,300,"ordinal","normal","normal","Extreme","3",1,TRUE,1.2609999999986
"1325","Y~X:Z",0.204558216273506,0.330941405684341,0.3,"PLSc",11949,4677924,300,"ordinal","normal","normal","Extreme","3",1,TRUE,1.2609999999986
"1326","X~~Z",0.338434957768206,0.101689128161719,0.2,"PLSc",11949,4677924,300,"ordinal","normal","normal","Extreme","3",1,TRUE,1.2609999999986
"1327","X=~x1",0.282285330258022,0.145767519802444,0.4,"PLS",11949,4677924,300,"ordinal","normal","normal","Extreme","3",1,TRUE,0.902999999991152
"1328","X=~x2",0.84403243858293,0.0516087081664747,0.8,"PLS",11949,4677924,300,"ordinal","normal","normal","Extreme","3",1,TRUE,0.902999999991152
"1329","X=~x3",0.80040655886133,0.0659567828261854,0.8,"PLS",11949,4677924,300,"ordinal","normal","normal","Extreme","3",1,TRUE,0.902999999991152
"1330","Z=~z1",0.693897717628108,0.066373030408906,0.6,"PLS",11949,4677924,300,"ordinal","normal","normal","Extreme","3",1,TRUE,0.902999999991152
"1331","Z=~z2",0.655473419401615,0.0732478224698245,0.6,"PLS",11949,4677924,300,"ordinal","normal","normal","Extreme","3",1,TRUE,0.902999999991152
"1332","Z=~z3",0.879248236465605,0.0338271104263797,0.8,"PLS",11949,4677924,300,"ordinal","normal","normal","Extreme","3",1,TRUE,0.902999999991152
"1333","Y=~y1",0.474500360569122,0.0912757843247692,0.4,"PLS",11949,4677924,300,"ordinal","normal","normal","Extreme","3",1,TRUE,0.902999999991152
"1334","Y=~y2",0.779818304664492,0.0481971984844109,0.7,"PLS",11949,4677924,300,"ordinal","normal","normal","Extreme","3",1,TRUE,0.902999999991152
"1335","Y=~y3",0.90914130878358,0.015875405883862,0.9,"PLS",11949,4677924,300,"ordinal","normal","normal","Extreme","3",1,TRUE,0.902999999991152
"1336","Y~X",0.221343852914638,0.0555412164783304,0.4,"PLS",11949,4677924,300,"ordinal","normal","normal","Extreme","3",1,TRUE,0.902999999991152
"1337","Y~Z",0.350382010977621,0.0613725666308151,0.5,"PLS",11949,4677924,300,"ordinal","normal","normal","Extreme","3",1,TRUE,0.902999999991152
"1338","Y~X:Z",0.186036083076229,0.0544699183076232,0.3,"PLS",11949,4677924,300,"ordinal","normal","normal","Extreme","3",1,TRUE,0.902999999991152
"1339","X~~Z",0.221465249932081,0.0657434949919332,0.2,"PLS",11949,4677924,300,"ordinal","normal","normal","Extreme","3",1,TRUE,0.902999999991152
"1340","X=~x1",0.136,0.092,0.4,"Mplus",11949,4677924,300,"ordinal","normal","normal","Extreme","3",1,TRUE,155.569000000018
"1341","X=~x2",0.761,0.086,0.8,"Mplus",11949,4677924,300,"ordinal","normal","normal","Extreme","3",1,TRUE,155.569000000018
"1342","X=~x3",0.698,0.082,0.8,"Mplus",11949,4677924,300,"ordinal","normal","normal","Extreme","3",1,TRUE,155.569000000018
"1343","Z=~z1",0.663,0.066,0.6,"Mplus",11949,4677924,300,"ordinal","normal","normal","Extreme","3",1,TRUE,155.569000000018
"1344","Z=~z2",0.57,0.075,0.6,"Mplus",11949,4677924,300,"ordinal","normal","normal","Extreme","3",1,TRUE,155.569000000018
"1345","Z=~z3",0.857,0.064,0.8,"Mplus",11949,4677924,300,"ordinal","normal","normal","Extreme","3",1,TRUE,155.569000000018
"1346","Y=~y1",0.348,0.068,0.4,"Mplus",11949,4677924,300,"ordinal","normal","normal","Extreme","3",1,TRUE,155.569000000018
"1347","Y=~y2",0.659,0.07,0.7,"Mplus",11949,4677924,300,"ordinal","normal","normal","Extreme","3",1,TRUE,155.569000000018
"1348","Y=~y3",0.961,0.061,0.9,"Mplus",11949,4677924,300,"ordinal","normal","normal","Extreme","3",1,TRUE,155.569000000018
"1349","Y~X",0.235,0.14,0.4,"Mplus",11949,4677924,300,"ordinal","normal","normal","Extreme","3",1,TRUE,155.569000000018
"1350","Y~Z",0.35,0.141,0.5,"Mplus",11949,4677924,300,"ordinal","normal","normal","Extreme","3",1,TRUE,155.569000000018
"1351","Y~X:Z",0.643,0.103,0.3,"Mplus",11949,4677924,300,"ordinal","normal","normal","Extreme","3",1,TRUE,155.569000000018
"1352","X~~Z",0.411,0.088,0.2,"Mplus",11949,4677924,300,"ordinal","normal","normal","Extreme","3",1,TRUE,155.569000000018
"1353","X=~x1",0.29780691208151,0.0708571710252561,0.4,"LSAM",11949,4677924,300,"ordinal","normal","normal","Extreme","3",1,TRUE,0.458999999973457
"1354","X=~x2",0.567256158437227,0.167463925843104,0.8,"LSAM",11949,4677924,300,"ordinal","normal","normal","Extreme","3",1,TRUE,0.458999999973457
"1355","X=~x3",0.642327084888936,0.186300422134475,0.8,"LSAM",11949,4677924,300,"ordinal","normal","normal","Extreme","3",1,TRUE,0.458999999973457
"1356","Z=~z1",0.614060558672348,0.120271401736426,0.6,"LSAM",11949,4677924,300,"ordinal","normal","normal","Extreme","3",1,TRUE,0.458999999973457
"1357","Z=~z2",0.574027418464195,0.143588123098331,0.6,"LSAM",11949,4677924,300,"ordinal","normal","normal","Extreme","3",1,TRUE,0.458999999973457
"1358","Z=~z3",0.622384215485775,0.14554109098141,0.8,"LSAM",11949,4677924,300,"ordinal","normal","normal","Extreme","3",1,TRUE,0.458999999973457
"1359","Y=~y1",0.322667316413014,0.0226803390446594,0.4,"LSAM",11949,4677924,300,"ordinal","normal","normal","Extreme","3",1,TRUE,0.458999999973457
"1360","Y=~y2",0.5666180759661,0.0914519980107989,0.7,"LSAM",11949,4677924,300,"ordinal","normal","normal","Extreme","3",1,TRUE,0.458999999973457
"1361","Y=~y3",0.909147683070866,0.139310822429753,0.9,"LSAM",11949,4677924,300,"ordinal","normal","normal","Extreme","3",1,TRUE,0.458999999973457
"1362","Y~X",0.313868415743057,0.303458668249708,0.4,"LSAM",11949,4677924,300,"ordinal","normal","normal","Extreme","3",1,TRUE,0.458999999973457
"1363","Y~Z",0.403283411737335,0.272133306384482,0.5,"LSAM",11949,4677924,300,"ordinal","normal","normal","Extreme","3",1,TRUE,0.458999999973457
"1364","Y~X:Z",0.123572262614477,0.167158310714936,0.3,"LSAM",11949,4677924,300,"ordinal","normal","normal","Extreme","3",1,TRUE,0.458999999973457
"1365","X~~Z",0.374181920262646,0.165081419267031,0.2,"LSAM",11949,4677924,300,"ordinal","normal","normal","Extreme","3",1,TRUE,0.458999999973457
"1366","X=~x1",0.381532914303525,0.053927028230695,0.4,"MC-PLSc",11950,412557,1000,"ordinal","normal","normal","Extreme","3",1,TRUE,17.1699999999837
"1367","X=~x2",0.760222024865798,0.0400061117783223,0.8,"MC-PLSc",11950,412557,1000,"ordinal","normal","normal","Extreme","3",1,TRUE,17.1699999999837
"1368","X=~x3",0.857421395890509,0.0389283301886131,0.8,"MC-PLSc",11950,412557,1000,"ordinal","normal","normal","Extreme","3",1,TRUE,17.1699999999837
"1369","Z=~z1",0.56709246843796,0.049219353348968,0.6,"MC-PLSc",11950,412557,1000,"ordinal","normal","normal","Extreme","3",1,TRUE,17.1699999999837
"1370","Z=~z2",0.621147962019789,0.0436712366239541,0.6,"MC-PLSc",11950,412557,1000,"ordinal","normal","normal","Extreme","3",1,TRUE,17.1699999999837
"1371","Z=~z3",0.742163345544726,0.0442375211638343,0.8,"MC-PLSc",11950,412557,1000,"ordinal","normal","normal","Extreme","3",1,TRUE,17.1699999999837
"1372","Y=~y1",0.406926925774697,0.0436963845215295,0.4,"MC-PLSc",11950,412557,1000,"ordinal","normal","normal","Extreme","3",1,TRUE,17.1699999999837
"1373","Y=~y2",0.681604977258018,0.0340380248976618,0.7,"MC-PLSc",11950,412557,1000,"ordinal","normal","normal","Extreme","3",1,TRUE,17.1699999999837
"1374","Y=~y3",0.950577077898392,0.04372916570656,0.9,"MC-PLSc",11950,412557,1000,"ordinal","normal","normal","Extreme","3",1,TRUE,17.1699999999837
"1375","Y~X",0.320234241199091,0.0794441416859034,0.4,"MC-PLSc",11950,412557,1000,"ordinal","normal","normal","Extreme","3",1,TRUE,17.1699999999837
"1376","Y~Z",0.440490286821684,0.0639117368526945,0.5,"MC-PLSc",11950,412557,1000,"ordinal","normal","normal","Extreme","3",1,TRUE,17.1699999999837
"1377","Y~X:Z",0.459119549046552,0.115427598991879,0.3,"MC-PLSc",11950,412557,1000,"ordinal","normal","normal","Extreme","3",1,TRUE,17.1699999999837
"1378","X~~Z",0.294771923876319,0.0589565735165819,0.2,"MC-PLSc",11950,412557,1000,"ordinal","normal","normal","Extreme","3",1,TRUE,17.1699999999837
"1379","X=~x1",0.274507284140816,0.0638845882151905,0.4,"PLSc",11950,412557,1000,"ordinal","normal","normal","Extreme","3",1,TRUE,1.35999999998603
"1380","X=~x2",0.643788481952094,0.0495115709284027,0.8,"PLSc",11950,412557,1000,"ordinal","normal","normal","Extreme","3",1,TRUE,1.35999999998603
"1381","X=~x3",0.764409089396947,0.0470059398380668,0.8,"PLSc",11950,412557,1000,"ordinal","normal","normal","Extreme","3",1,TRUE,1.35999999998603
"1382","Z=~z1",0.469307533081288,0.0578487949930154,0.6,"PLSc",11950,412557,1000,"ordinal","normal","normal","Extreme","3",1,TRUE,1.35999999998603
"1383","Z=~z2",0.496260326578988,0.0569194096238249,0.6,"PLSc",11950,412557,1000,"ordinal","normal","normal","Extreme","3",1,TRUE,1.35999999998603
"1384","Z=~z3",0.634431436803872,0.0541690327692422,0.8,"PLSc",11950,412557,1000,"ordinal","normal","normal","Extreme","3",1,TRUE,1.35999999998603
"1385","Y=~y1",0.342126239516628,0.0510043424786152,0.4,"PLSc",11950,412557,1000,"ordinal","normal","normal","Extreme","3",1,TRUE,1.35999999998603
"1386","Y=~y2",0.604350146118222,0.0384805909668197,0.7,"PLSc",11950,412557,1000,"ordinal","normal","normal","Extreme","3",1,TRUE,1.35999999998603
"1387","Y=~y3",0.857969460601394,0.0354266725503116,0.9,"PLSc",11950,412557,1000,"ordinal","normal","normal","Extreme","3",1,TRUE,1.35999999998603
"1388","Y~X",0.340319465610237,0.0549382892284497,0.4,"PLSc",11950,412557,1000,"ordinal","normal","normal","Extreme","3",1,TRUE,1.35999999998603
"1389","Y~Z",0.44136262896095,0.0538451259504704,0.5,"PLSc",11950,412557,1000,"ordinal","normal","normal","Extreme","3",1,TRUE,1.35999999998603
"1390","Y~X:Z",0.18111203723709,0.0742951326254698,0.3,"PLSc",11950,412557,1000,"ordinal","normal","normal","Extreme","3",1,TRUE,1.35999999998603
"1391","X~~Z",0.258130651138435,0.0573255846916236,0.2,"PLSc",11950,412557,1000,"ordinal","normal","normal","Extreme","3",1,TRUE,1.35999999998603
"1392","X=~x1",0.441406061518202,0.0591044133036064,0.4,"PLS",11950,412557,1000,"ordinal","normal","normal","Extreme","3",1,TRUE,0.956000000005588
"1393","X=~x2",0.814937669504372,0.0256494252380032,0.8,"PLS",11950,412557,1000,"ordinal","normal","normal","Extreme","3",1,TRUE,0.956000000005588
"1394","X=~x3",0.865348014571194,0.0173465233546476,0.8,"PLS",11950,412557,1000,"ordinal","normal","normal","Extreme","3",1,TRUE,0.956000000005588
"1395","Z=~z1",0.657078720324604,0.0444776177882586,0.6,"PLS",11950,412557,1000,"ordinal","normal","normal","Extreme","3",1,TRUE,0.956000000005588
"1396","Z=~z2",0.704241225428472,0.0391316610346316,0.6,"PLS",11950,412557,1000,"ordinal","normal","normal","Extreme","3",1,TRUE,0.956000000005588
"1397","Z=~z3",0.796546999206526,0.0270104042097398,0.8,"PLS",11950,412557,1000,"ordinal","normal","normal","Extreme","3",1,TRUE,0.956000000005588
"1398","Y=~y1",0.502420240037533,0.0489532841139372,0.4,"PLS",11950,412557,1000,"ordinal","normal","normal","Extreme","3",1,TRUE,0.956000000005588
"1399","Y=~y2",0.79209107583368,0.0228997922297676,0.7,"PLS",11950,412557,1000,"ordinal","normal","normal","Extreme","3",1,TRUE,0.956000000005588
"1400","Y=~y3",0.89576914753575,0.0100464831193768,0.9,"PLS",11950,412557,1000,"ordinal","normal","normal","Extreme","3",1,TRUE,0.956000000005588
"1401","Y~X",0.295513273300337,0.030347032534424,0.4,"PLS",11950,412557,1000,"ordinal","normal","normal","Extreme","3",1,TRUE,0.956000000005588
"1402","Y~Z",0.30620798736699,0.0299855394182984,0.5,"PLS",11950,412557,1000,"ordinal","normal","normal","Extreme","3",1,TRUE,0.956000000005588
"1403","Y~X:Z",0.162424849974616,0.0263184541946094,0.3,"PLS",11950,412557,1000,"ordinal","normal","normal","Extreme","3",1,TRUE,0.956000000005588
"1404","X~~Z",0.158452798788117,0.0347670812211429,0.2,"PLS",11950,412557,1000,"ordinal","normal","normal","Extreme","3",1,TRUE,0.956000000005588
"1405","X=~x1",0.371,0.044,0.4,"Mplus",11950,412557,1000,"ordinal","normal","normal","Extreme","3",1,TRUE,379.849999999977
"1406","X=~x2",0.762,0.042,0.8,"Mplus",11950,412557,1000,"ordinal","normal","normal","Extreme","3",1,TRUE,379.849999999977
"1407","X=~x3",0.831,0.038,0.8,"Mplus",11950,412557,1000,"ordinal","normal","normal","Extreme","3",1,TRUE,379.849999999977
"1408","Z=~z1",0.538,0.045,0.6,"Mplus",11950,412557,1000,"ordinal","normal","normal","Extreme","3",1,TRUE,379.849999999977
"1409","Z=~z2",0.609,0.046,0.6,"Mplus",11950,412557,1000,"ordinal","normal","normal","Extreme","3",1,TRUE,379.849999999977
"1410","Z=~z3",0.727,0.045,0.8,"Mplus",11950,412557,1000,"ordinal","normal","normal","Extreme","3",1,TRUE,379.849999999977
"1411","Y=~y1",0.387,0.039,0.4,"Mplus",11950,412557,1000,"ordinal","normal","normal","Extreme","3",1,TRUE,379.849999999977
"1412","Y=~y2",0.672,0.035,0.7,"Mplus",11950,412557,1000,"ordinal","normal","normal","Extreme","3",1,TRUE,379.849999999977
"1413","Y=~y3",0.952,0.036,0.9,"Mplus",11950,412557,1000,"ordinal","normal","normal","Extreme","3",1,TRUE,379.849999999977
"1414","Y~X",0.418,0.058,0.4,"Mplus",11950,412557,1000,"ordinal","normal","normal","Extreme","3",1,TRUE,379.849999999977
"1415","Y~Z",0.472,0.057,0.5,"Mplus",11950,412557,1000,"ordinal","normal","normal","Extreme","3",1,TRUE,379.849999999977
"1416","Y~X:Z",0.296,0.071,0.3,"Mplus",11950,412557,1000,"ordinal","normal","normal","Extreme","3",1,TRUE,379.849999999977
"1417","X~~Z",0.25,0.06,0.2,"Mplus",11950,412557,1000,"ordinal","normal","normal","Extreme","3",1,TRUE,379.849999999977
"1418","X=~x1",0.315473442952306,0.0366805029129624,0.4,"LSAM",11950,412557,1000,"ordinal","normal","normal","Extreme","3",1,TRUE,0.477000000013504
"1419","X=~x2",0.674131087365667,0.0817318952306327,0.8,"LSAM",11950,412557,1000,"ordinal","normal","normal","Extreme","3",1,TRUE,0.477000000013504
"1420","X=~x3",0.705440900680972,0.0836923402018588,0.8,"LSAM",11950,412557,1000,"ordinal","normal","normal","Extreme","3",1,TRUE,0.477000000013504
"1421","Z=~z1",0.450776679589827,0.0622143296964619,0.6,"LSAM",11950,412557,1000,"ordinal","normal","normal","Extreme","3",1,TRUE,0.477000000013504
"1422","Z=~z2",0.539954958101929,0.0872919136628148,0.6,"LSAM",11950,412557,1000,"ordinal","normal","normal","Extreme","3",1,TRUE,0.477000000013504
"1423","Z=~z3",0.60920950094943,0.0928629991259375,0.8,"LSAM",11950,412557,1000,"ordinal","normal","normal","Extreme","3",1,TRUE,0.477000000013504
"1424","Y=~y1",0.337700576064619,0.0130794977882753,0.4,"LSAM",11950,412557,1000,"ordinal","normal","normal","Extreme","3",1,TRUE,0.477000000013504
"1425","Y=~y2",0.618937159998686,0.052534849919257,0.7,"LSAM",11950,412557,1000,"ordinal","normal","normal","Extreme","3",1,TRUE,0.477000000013504
"1426","Y=~y3",0.844065906174063,0.068989202083002,0.9,"LSAM",11950,412557,1000,"ordinal","normal","normal","Extreme","3",1,TRUE,0.477000000013504
"1427","Y~X",0.352837580985243,0.0777399683473127,0.4,"LSAM",11950,412557,1000,"ordinal","normal","normal","Extreme","3",1,TRUE,0.477000000013504
"1428","Y~Z",0.450943565508611,0.115755432014026,0.5,"LSAM",11950,412557,1000,"ordinal","normal","normal","Extreme","3",1,TRUE,0.477000000013504
"1429","Y~X:Z",0.17089101975191,0.0615833251104204,0.3,"LSAM",11950,412557,1000,"ordinal","normal","normal","Extreme","3",1,TRUE,0.477000000013504
"1430","X~~Z",0.25708384141092,0.0588193497405637,0.2,"LSAM",11950,412557,1000,"ordinal","normal","normal","Extreme","3",1,TRUE,0.477000000013504
"1431","X=~x1",0.470318100421806,0.0721608706683195,0.4,"MC-PLSc",11951,471071,300,"ordinal","normal","normal","Extreme","5",1,TRUE,18.0800000000163
"1432","X=~x2",0.848167331262004,0.044644074056629,0.8,"MC-PLSc",11951,471071,300,"ordinal","normal","normal","Extreme","5",1,TRUE,18.0800000000163
"1433","X=~x3",0.917006876820344,0.045856697390034,0.8,"MC-PLSc",11951,471071,300,"ordinal","normal","normal","Extreme","5",1,TRUE,18.0800000000163
"1434","Z=~z1",0.680967350823478,0.0597964460122444,0.6,"MC-PLSc",11951,471071,300,"ordinal","normal","normal","Extreme","5",1,TRUE,18.0800000000163
"1435","Z=~z2",0.575500638587106,0.061220204855526,0.6,"MC-PLSc",11951,471071,300,"ordinal","normal","normal","Extreme","5",1,TRUE,18.0800000000163
"1436","Z=~z3",0.810365315731797,0.0502650690118053,0.8,"MC-PLSc",11951,471071,300,"ordinal","normal","normal","Extreme","5",1,TRUE,18.0800000000163
"1437","Y=~y1",0.380101510281703,0.0633439062351885,0.4,"MC-PLSc",11951,471071,300,"ordinal","normal","normal","Extreme","5",1,TRUE,18.0800000000163
"1438","Y=~y2",0.709712747909874,0.0482633536500179,0.7,"MC-PLSc",11951,471071,300,"ordinal","normal","normal","Extreme","5",1,TRUE,18.0800000000163
"1439","Y=~y3",0.957226037861563,0.0366224485691285,0.9,"MC-PLSc",11951,471071,300,"ordinal","normal","normal","Extreme","5",1,TRUE,18.0800000000163
"1440","Y~X",0.283306573408172,0.0949358476531933,0.4,"MC-PLSc",11951,471071,300,"ordinal","normal","normal","Extreme","5",1,TRUE,18.0800000000163
"1441","Y~Z",0.613106468766478,0.074603096690489,0.5,"MC-PLSc",11951,471071,300,"ordinal","normal","normal","Extreme","5",1,TRUE,18.0800000000163
"1442","Y~X:Z",0.625845159129099,0.138997114931698,0.3,"MC-PLSc",11951,471071,300,"ordinal","normal","normal","Extreme","5",1,TRUE,18.0800000000163
"1443","X~~Z",0.247725939631546,0.0769855368464005,0.2,"MC-PLSc",11951,471071,300,"ordinal","normal","normal","Extreme","5",1,TRUE,18.0800000000163
"1444","X=~x1",0.347373834111765,0.116756851729256,0.4,"PLSc",11951,471071,300,"ordinal","normal","normal","Extreme","5",1,TRUE,1.27700000000186
"1445","X=~x2",0.810958166030686,0.0622337670557323,0.8,"PLSc",11951,471071,300,"ordinal","normal","normal","Extreme","5",1,TRUE,1.27700000000186
"1446","X=~x3",0.897792975732969,0.0686396915694864,0.8,"PLSc",11951,471071,300,"ordinal","normal","normal","Extreme","5",1,TRUE,1.27700000000186
"1447","Z=~z1",0.606139224985555,0.0679989236228969,0.6,"PLSc",11951,471071,300,"ordinal","normal","normal","Extreme","5",1,TRUE,1.27700000000186
"1448","Z=~z2",0.521072119644283,0.0738378592787078,0.6,"PLSc",11951,471071,300,"ordinal","normal","normal","Extreme","5",1,TRUE,1.27700000000186
"1449","Z=~z3",0.736909090777193,0.0565455314427578,0.8,"PLSc",11951,471071,300,"ordinal","normal","normal","Extreme","5",1,TRUE,1.27700000000186
"1450","Y=~y1",0.332425432534269,0.0705607410162852,0.4,"PLSc",11951,471071,300,"ordinal","normal","normal","Extreme","5",1,TRUE,1.27700000000186
"1451","Y=~y2",0.647851274970154,0.0540295549209523,0.7,"PLSc",11951,471071,300,"ordinal","normal","normal","Extreme","5",1,TRUE,1.27700000000186
"1452","Y=~y3",0.94257435723143,0.0391514252297711,0.9,"PLSc",11951,471071,300,"ordinal","normal","normal","Extreme","5",1,TRUE,1.27700000000186
"1453","Y~X",0.38075350774833,0.0838192687120811,0.4,"PLSc",11951,471071,300,"ordinal","normal","normal","Extreme","5",1,TRUE,1.27700000000186
"1454","Y~Z",0.565084961452287,0.0758403849264849,0.5,"PLSc",11951,471071,300,"ordinal","normal","normal","Extreme","5",1,TRUE,1.27700000000186
"1455","Y~X:Z",0.398317848225297,0.164476056117344,0.3,"PLSc",11951,471071,300,"ordinal","normal","normal","Extreme","5",1,TRUE,1.27700000000186
"1456","X~~Z",0.223947036423158,0.0729931151461545,0.2,"PLSc",11951,471071,300,"ordinal","normal","normal","Extreme","5",1,TRUE,1.27700000000186
"1457","X=~x1",0.564808246506525,0.0788102380710786,0.4,"PLS",11951,471071,300,"ordinal","normal","normal","Extreme","5",1,TRUE,0.904999999969732
"1458","X=~x2",0.887899652468442,0.0196441460017572,0.8,"PLS",11951,471071,300,"ordinal","normal","normal","Extreme","5",1,TRUE,0.904999999969732
"1459","X=~x3",0.907959069179397,0.0189285812127852,0.8,"PLS",11951,471071,300,"ordinal","normal","normal","Extreme","5",1,TRUE,0.904999999969732
"1460","Z=~z1",0.770592530602752,0.0409701147455973,0.6,"PLS",11951,471071,300,"ordinal","normal","normal","Extreme","5",1,TRUE,0.904999999969732
"1461","Z=~z2",0.679592270753819,0.0544229463799583,0.6,"PLS",11951,471071,300,"ordinal","normal","normal","Extreme","5",1,TRUE,0.904999999969732
"1462","Z=~z3",0.840558870400671,0.0226776497008747,0.8,"PLS",11951,471071,300,"ordinal","normal","normal","Extreme","5",1,TRUE,0.904999999969732
"1463","Y=~y1",0.501455719829509,0.0717943771736269,0.4,"PLS",11951,471071,300,"ordinal","normal","normal","Extreme","5",1,TRUE,0.904999999969732
"1464","Y=~y2",0.827379262390428,0.031218577136079,0.7,"PLS",11951,471071,300,"ordinal","normal","normal","Extreme","5",1,TRUE,0.904999999969732
"1465","Y=~y3",0.916289661637661,0.00953967848329123,0.9,"PLS",11951,471071,300,"ordinal","normal","normal","Extreme","5",1,TRUE,0.904999999969732
"1466","Y~X",0.344153696392267,0.0477506628099463,0.4,"PLS",11951,471071,300,"ordinal","normal","normal","Extreme","5",1,TRUE,0.904999999969732
"1467","Y~Z",0.449105755677738,0.0428718953139552,0.5,"PLS",11951,471071,300,"ordinal","normal","normal","Extreme","5",1,TRUE,0.904999999969732
"1468","Y~X:Z",0.269008537780526,0.0423000911346703,0.3,"PLS",11951,471071,300,"ordinal","normal","normal","Extreme","5",1,TRUE,0.904999999969732
"1469","X~~Z",0.16813198544284,0.0551584499133704,0.2,"PLS",11951,471071,300,"ordinal","normal","normal","Extreme","5",1,TRUE,0.904999999969732
"1470","X=~x1",0.474,0.054,0.4,"Mplus",11951,471071,300,"ordinal","normal","normal","Extreme","5",1,TRUE,242.003999999957
"1471","X=~x2",0.86,0.039,0.8,"Mplus",11951,471071,300,"ordinal","normal","normal","Extreme","5",1,TRUE,242.003999999957
"1472","X=~x3",0.884,0.04,0.8,"Mplus",11951,471071,300,"ordinal","normal","normal","Extreme","5",1,TRUE,242.003999999957
"1473","Z=~z1",0.658,0.058,0.6,"Mplus",11951,471071,300,"ordinal","normal","normal","Extreme","5",1,TRUE,242.003999999957
"1474","Z=~z2",0.582,0.056,0.6,"Mplus",11951,471071,300,"ordinal","normal","normal","Extreme","5",1,TRUE,242.003999999957
"1475","Z=~z3",0.808,0.048,0.8,"Mplus",11951,471071,300,"ordinal","normal","normal","Extreme","5",1,TRUE,242.003999999957
"1476","Y=~y1",0.369,0.057,0.4,"Mplus",11951,471071,300,"ordinal","normal","normal","Extreme","5",1,TRUE,242.003999999957
"1477","Y=~y2",0.703,0.048,0.7,"Mplus",11951,471071,300,"ordinal","normal","normal","Extreme","5",1,TRUE,242.003999999957
"1478","Y=~y3",0.963,0.028,0.9,"Mplus",11951,471071,300,"ordinal","normal","normal","Extreme","5",1,TRUE,242.003999999957
"1479","Y~X",0.344,0.071,0.4,"Mplus",11951,471071,300,"ordinal","normal","normal","Extreme","5",1,TRUE,242.003999999957
"1480","Y~Z",0.537,0.067,0.5,"Mplus",11951,471071,300,"ordinal","normal","normal","Extreme","5",1,TRUE,242.003999999957
"1481","Y~X:Z",0.441,0.062,0.3,"Mplus",11951,471071,300,"ordinal","normal","normal","Extreme","5",1,TRUE,242.003999999957
"1482","X~~Z",0.322,0.07,0.2,"Mplus",11951,471071,300,"ordinal","normal","normal","Extreme","5",1,TRUE,242.003999999957
"1483","X=~x1",0.450205810300586,0.0506576953900319,0.4,"LSAM",11951,471071,300,"ordinal","normal","normal","Extreme","5",1,TRUE,0.416000000026543
"1484","X=~x2",0.799280151751853,0.0724910548094711,0.8,"LSAM",11951,471071,300,"ordinal","normal","normal","Extreme","5",1,TRUE,0.416000000026543
"1485","X=~x3",0.838028834632287,0.0709874735686614,0.8,"LSAM",11951,471071,300,"ordinal","normal","normal","Extreme","5",1,TRUE,0.416000000026543
"1486","Z=~z1",0.625005716472658,0.0468604743713574,0.6,"LSAM",11951,471071,300,"ordinal","normal","normal","Extreme","5",1,TRUE,0.416000000026543
"1487","Z=~z2",0.493438898112171,0.0791426131516879,0.6,"LSAM",11951,471071,300,"ordinal","normal","normal","Extreme","5",1,TRUE,0.416000000026543
"1488","Z=~z3",0.745356943305213,0.0972789588378901,0.8,"LSAM",11951,471071,300,"ordinal","normal","normal","Extreme","5",1,TRUE,0.416000000026543
"1489","Y=~y1",0.357305094433615,0.0250002506475596,0.4,"LSAM",11951,471071,300,"ordinal","normal","normal","Extreme","5",1,TRUE,0.416000000026543
"1490","Y=~y2",0.689470162170193,0.085279916766783,0.7,"LSAM",11951,471071,300,"ordinal","normal","normal","Extreme","5",1,TRUE,0.416000000026543
"1491","Y=~y3",0.871320431381346,0.0990000339971226,0.9,"LSAM",11951,471071,300,"ordinal","normal","normal","Extreme","5",1,TRUE,0.416000000026543
"1492","Y~X",0.395468357847239,0.0849757107183953,0.4,"LSAM",11951,471071,300,"ordinal","normal","normal","Extreme","5",1,TRUE,0.416000000026543
"1493","Y~Z",0.571338537680591,0.0842618118692133,0.5,"LSAM",11951,471071,300,"ordinal","normal","normal","Extreme","5",1,TRUE,0.416000000026543
"1494","Y~X:Z",0.35188278180488,0.097770857372013,0.3,"LSAM",11951,471071,300,"ordinal","normal","normal","Extreme","5",1,TRUE,0.416000000026543
"1495","X~~Z",0.243575215751063,0.0725954003643027,0.2,"LSAM",11951,471071,300,"ordinal","normal","normal","Extreme","5",1,TRUE,0.416000000026543
"1496","X=~x1",0.454111728354869,0.0492725042956255,0.4,"MC-PLSc",11952,3598706,1000,"ordinal","normal","normal","Extreme","5",1,TRUE,19.7129999999888
"1497","X=~x2",0.822209517377257,0.0305527705443951,0.8,"MC-PLSc",11952,3598706,1000,"ordinal","normal","normal","Extreme","5",1,TRUE,19.7129999999888
"1498","X=~x3",0.774444314225974,0.0340432010215777,0.8,"MC-PLSc",11952,3598706,1000,"ordinal","normal","normal","Extreme","5",1,TRUE,19.7129999999888
"1499","Z=~z1",0.591765054852849,0.0387264588687222,0.6,"MC-PLSc",11952,3598706,1000,"ordinal","normal","normal","Extreme","5",1,TRUE,19.7129999999888
"1500","Z=~z2",0.576260642444668,0.0396481225482686,0.6,"MC-PLSc",11952,3598706,1000,"ordinal","normal","normal","Extreme","5",1,TRUE,19.7129999999888
"1501","Z=~z3",0.852038890639721,0.0331541529258508,0.8,"MC-PLSc",11952,3598706,1000,"ordinal","normal","normal","Extreme","5",1,TRUE,19.7129999999888
"1502","Y=~y1",0.416826729137597,0.0368460638645283,0.4,"MC-PLSc",11952,3598706,1000,"ordinal","normal","normal","Extreme","5",1,TRUE,19.7129999999888
"1503","Y=~y2",0.690446614111895,0.0295536461468183,0.7,"MC-PLSc",11952,3598706,1000,"ordinal","normal","normal","Extreme","5",1,TRUE,19.7129999999888
"1504","Y=~y3",0.933911592320263,0.0231531365993176,0.9,"MC-PLSc",11952,3598706,1000,"ordinal","normal","normal","Extreme","5",1,TRUE,19.7129999999888
"1505","Y~X",0.404758029969213,0.0491289289487261,0.4,"MC-PLSc",11952,3598706,1000,"ordinal","normal","normal","Extreme","5",1,TRUE,19.7129999999888
"1506","Y~Z",0.449490408268385,0.0474646815560284,0.5,"MC-PLSc",11952,3598706,1000,"ordinal","normal","normal","Extreme","5",1,TRUE,19.7129999999888
"1507","Y~X:Z",0.342309641220404,0.065425638416159,0.3,"MC-PLSc",11952,3598706,1000,"ordinal","normal","normal","Extreme","5",1,TRUE,19.7129999999888
"1508","X~~Z",0.229886467735289,0.0546715831461529,0.2,"MC-PLSc",11952,3598706,1000,"ordinal","normal","normal","Extreme","5",1,TRUE,19.7129999999888
"1509","X=~x1",0.431308340821736,0.0565333110111067,0.4,"PLSc",11952,3598706,1000,"ordinal","normal","normal","Extreme","5",1,TRUE,1.35800000000745
"1510","X=~x2",0.75738500222902,0.0451442106892697,0.8,"PLSc",11952,3598706,1000,"ordinal","normal","normal","Extreme","5",1,TRUE,1.35800000000745
"1511","X=~x3",0.689966371547777,0.0439226034829922,0.8,"PLSc",11952,3598706,1000,"ordinal","normal","normal","Extreme","5",1,TRUE,1.35800000000745
"1512","Z=~z1",0.52178502255074,0.0473739418585349,0.6,"PLSc",11952,3598706,1000,"ordinal","normal","normal","Extreme","5",1,TRUE,1.35800000000745
"1513","Z=~z2",0.511279204839375,0.0492538577455108,0.6,"PLSc",11952,3598706,1000,"ordinal","normal","normal","Extreme","5",1,TRUE,1.35800000000745
"1514","Z=~z3",0.806675668687508,0.0375497936368984,0.8,"PLSc",11952,3598706,1000,"ordinal","normal","normal","Extreme","5",1,TRUE,1.35800000000745
"1515","Y=~y1",0.335313171002656,0.0488362722399349,0.4,"PLSc",11952,3598706,1000,"ordinal","normal","normal","Extreme","5",1,TRUE,1.35800000000745
"1516","Y=~y2",0.684463510169865,0.0307404738531114,0.7,"PLSc",11952,3598706,1000,"ordinal","normal","normal","Extreme","5",1,TRUE,1.35800000000745
"1517","Y=~y3",0.875284902022533,0.0279349773655239,0.9,"PLSc",11952,3598706,1000,"ordinal","normal","normal","Extreme","5",1,TRUE,1.35800000000745
"1518","Y~X",0.404751117852017,0.0396089173437862,0.4,"PLSc",11952,3598706,1000,"ordinal","normal","normal","Extreme","5",1,TRUE,1.35800000000745
"1519","Y~Z",0.43210992910737,0.0438355123829586,0.5,"PLSc",11952,3598706,1000,"ordinal","normal","normal","Extreme","5",1,TRUE,1.35800000000745
"1520","Y~X:Z",0.204773681415644,0.0407668305072662,0.3,"PLSc",11952,3598706,1000,"ordinal","normal","normal","Extreme","5",1,TRUE,1.35800000000745
"1521","X~~Z",0.2139166650581,0.0503471753731543,0.2,"PLSc",11952,3598706,1000,"ordinal","normal","normal","Extreme","5",1,TRUE,1.35800000000745
"1522","X=~x1",0.564430371034165,0.0450276073114796,0.4,"PLS",11952,3598706,1000,"ordinal","normal","normal","Extreme","5",1,TRUE,0.923999999999069
"1523","X=~x2",0.858666784323501,0.0162297467022508,0.8,"PLS",11952,3598706,1000,"ordinal","normal","normal","Extreme","5",1,TRUE,0.923999999999069
"1524","X=~x3",0.840802289903209,0.0179308703799622,0.8,"PLS",11952,3598706,1000,"ordinal","normal","normal","Extreme","5",1,TRUE,0.923999999999069
"1525","Z=~z1",0.707251564704589,0.0308260232012644,0.6,"PLS",11952,3598706,1000,"ordinal","normal","normal","Extreme","5",1,TRUE,0.923999999999069
"1526","Z=~z2",0.695160292926377,0.03171758803892,0.6,"PLS",11952,3598706,1000,"ordinal","normal","normal","Extreme","5",1,TRUE,0.923999999999069
"1527","Z=~z3",0.864362843380679,0.01218337377167,0.8,"PLS",11952,3598706,1000,"ordinal","normal","normal","Extreme","5",1,TRUE,0.923999999999069
"1528","Y=~y1",0.541702398735664,0.0429673767754721,0.4,"PLS",11952,3598706,1000,"ordinal","normal","normal","Extreme","5",1,TRUE,0.923999999999069
"1529","Y=~y2",0.814694363724744,0.0173449165667883,0.7,"PLS",11952,3598706,1000,"ordinal","normal","normal","Extreme","5",1,TRUE,0.923999999999069
"1530","Y=~y3",0.904003469595226,0.00685149798971394,0.9,"PLS",11952,3598706,1000,"ordinal","normal","normal","Extreme","5",1,TRUE,0.923999999999069
"1531","Y~X",0.327351316343807,0.0270303915009223,0.4,"PLS",11952,3598706,1000,"ordinal","normal","normal","Extreme","5",1,TRUE,0.923999999999069
"1532","Y~Z",0.345831106626186,0.0284837217716154,0.5,"PLS",11952,3598706,1000,"ordinal","normal","normal","Extreme","5",1,TRUE,0.923999999999069
"1533","Y~X:Z",0.175397724790195,0.022182787104201,0.3,"PLS",11952,3598706,1000,"ordinal","normal","normal","Extreme","5",1,TRUE,0.923999999999069
"1534","X~~Z",0.149408024643732,0.0346109762889216,0.2,"PLS",11952,3598706,1000,"ordinal","normal","normal","Extreme","5",1,TRUE,0.923999999999069
"1535","X=~x1",0.393,0.038,0.4,"Mplus",11952,3598706,1000,"ordinal","normal","normal","Extreme","5",1,TRUE,553.052000000025
"1536","X=~x2",0.789,0.031,0.8,"Mplus",11952,3598706,1000,"ordinal","normal","normal","Extreme","5",1,TRUE,553.052000000025
"1537","X=~x3",0.785,0.03,0.8,"Mplus",11952,3598706,1000,"ordinal","normal","normal","Extreme","5",1,TRUE,553.052000000025
"1538","Z=~z1",0.557,0.034,0.6,"Mplus",11952,3598706,1000,"ordinal","normal","normal","Extreme","5",1,TRUE,553.052000000025
"1539","Z=~z2",0.552,0.036,0.6,"Mplus",11952,3598706,1000,"ordinal","normal","normal","Extreme","5",1,TRUE,553.052000000025
"1540","Z=~z3",0.818,0.031,0.8,"Mplus",11952,3598706,1000,"ordinal","normal","normal","Extreme","5",1,TRUE,553.052000000025
"1541","Y=~y1",0.411,0.034,0.4,"Mplus",11952,3598706,1000,"ordinal","normal","normal","Extreme","5",1,TRUE,553.052000000025
"1542","Y=~y2",0.663,0.031,0.7,"Mplus",11952,3598706,1000,"ordinal","normal","normal","Extreme","5",1,TRUE,553.052000000025
"1543","Y=~y3",0.914,0.026,0.9,"Mplus",11952,3598706,1000,"ordinal","normal","normal","Extreme","5",1,TRUE,553.052000000025
"1544","Y~X",0.429,0.041,0.4,"Mplus",11952,3598706,1000,"ordinal","normal","normal","Extreme","5",1,TRUE,553.052000000025
"1545","Y~Z",0.485,0.044,0.5,"Mplus",11952,3598706,1000,"ordinal","normal","normal","Extreme","5",1,TRUE,553.052000000025
"1546","Y~X:Z",0.358,0.052,0.3,"Mplus",11952,3598706,1000,"ordinal","normal","normal","Extreme","5",1,TRUE,553.052000000025
"1547","X~~Z",0.188,0.047,0.2,"Mplus",11952,3598706,1000,"ordinal","normal","normal","Extreme","5",1,TRUE,553.052000000025
"1548","X=~x1",0.368225762650934,0.0321020577599396,0.4,"LSAM",11952,3598706,1000,"ordinal","normal","normal","Extreme","5",1,TRUE,0.489000000001397
"1549","X=~x2",0.742809623705297,0.0603496151708507,0.8,"LSAM",11952,3598706,1000,"ordinal","normal","normal","Extreme","5",1,TRUE,0.489000000001397
"1550","X=~x3",0.761424673621015,0.0606068333817298,0.8,"LSAM",11952,3598706,1000,"ordinal","normal","normal","Extreme","5",1,TRUE,0.489000000001397
"1551","Z=~z1",0.548287283335233,0.0276847279325728,0.6,"LSAM",11952,3598706,1000,"ordinal","normal","normal","Extreme","5",1,TRUE,0.489000000001397
"1552","Z=~z2",0.532304891826141,0.0468306553952054,0.6,"LSAM",11952,3598706,1000,"ordinal","normal","normal","Extreme","5",1,TRUE,0.489000000001397
"1553","Z=~z3",0.756302523229359,0.0563155613424973,0.8,"LSAM",11952,3598706,1000,"ordinal","normal","normal","Extreme","5",1,TRUE,0.489000000001397
"1554","Y=~y1",0.399311721107702,0.0142680949788889,0.4,"LSAM",11952,3598706,1000,"ordinal","normal","normal","Extreme","5",1,TRUE,0.489000000001397
"1555","Y=~y2",0.576256434906563,0.0395448796871696,0.7,"LSAM",11952,3598706,1000,"ordinal","normal","normal","Extreme","5",1,TRUE,0.489000000001397
"1556","Y=~y3",0.962139923931085,0.0547272842415828,0.9,"LSAM",11952,3598706,1000,"ordinal","normal","normal","Extreme","5",1,TRUE,0.489000000001397
"1557","Y~X",0.407961248108883,0.0379446610841912,0.4,"LSAM",11952,3598706,1000,"ordinal","normal","normal","Extreme","5",1,TRUE,0.489000000001397
"1558","Y~Z",0.401179159044214,0.0402615120007331,0.5,"LSAM",11952,3598706,1000,"ordinal","normal","normal","Extreme","5",1,TRUE,0.489000000001397
"1559","Y~X:Z",0.158269074201776,0.0385160058666726,0.3,"LSAM",11952,3598706,1000,"ordinal","normal","normal","Extreme","5",1,TRUE,0.489000000001397
"1560","X~~Z",0.194192367233122,0.0466023379994249,0.2,"LSAM",11952,3598706,1000,"ordinal","normal","normal","Extreme","5",1,TRUE,0.489000000001397
"1561","X=~x1",0.202066784813756,0.136517979204028,0.4,"MC-PLSc",11953,8326480,300,"ordinal","skewed","normal","Symmetric","2",1,TRUE,12.6419999999925
"1562","X=~x2",0.977045811551785,0.201860451719108,0.8,"MC-PLSc",11953,8326480,300,"ordinal","skewed","normal","Symmetric","2",1,TRUE,12.6419999999925
"1563","X=~x3",0.657756364196586,0.123892004090718,0.8,"MC-PLSc",11953,8326480,300,"ordinal","skewed","normal","Symmetric","2",1,TRUE,12.6419999999925
"1564","Z=~z1",0.570980349385721,0.0847244330928069,0.6,"MC-PLSc",11953,8326480,300,"ordinal","skewed","normal","Symmetric","2",1,TRUE,12.6419999999925
"1565","Z=~z2",0.610559476437952,0.101107249574051,0.6,"MC-PLSc",11953,8326480,300,"ordinal","skewed","normal","Symmetric","2",1,TRUE,12.6419999999925
"1566","Z=~z3",0.685453228468828,0.0785457141405705,0.8,"MC-PLSc",11953,8326480,300,"ordinal","skewed","normal","Symmetric","2",1,TRUE,12.6419999999925
"1567","Y=~y1",0.427695210470146,0.0907595181053704,0.4,"MC-PLSc",11953,8326480,300,"ordinal","skewed","normal","Symmetric","2",1,TRUE,12.6419999999925
"1568","Y=~y2",0.672522214568656,0.0857091788660416,0.7,"MC-PLSc",11953,8326480,300,"ordinal","skewed","normal","Symmetric","2",1,TRUE,12.6419999999925
"1569","Y=~y3",0.830215203997527,0.0809394162571295,0.9,"MC-PLSc",11953,8326480,300,"ordinal","skewed","normal","Symmetric","2",1,TRUE,12.6419999999925
"1570","Y~X",0.305241372382959,0.110301100312123,0.4,"MC-PLSc",11953,8326480,300,"ordinal","skewed","normal","Symmetric","2",1,TRUE,12.6419999999925
"1571","Y~Z",0.584632278377693,0.0971475550395366,0.5,"MC-PLSc",11953,8326480,300,"ordinal","skewed","normal","Symmetric","2",1,TRUE,12.6419999999925
"1572","Y~X:Z",0.356936793753546,0.168762577111224,0.3,"MC-PLSc",11953,8326480,300,"ordinal","skewed","normal","Symmetric","2",1,TRUE,12.6419999999925
"1573","X~~Z",0.21110208773891,0.0997649808239963,0.2,"MC-PLSc",11953,8326480,300,"ordinal","skewed","normal","Symmetric","2",1,TRUE,12.6419999999925
"1574","X=~x1",-0.00921071461698775,0.161846815254298,0.4,"PLSc",11953,8326480,300,"ordinal","skewed","normal","Symmetric","2",1,TRUE,1.29800000000978
"1575","X=~x2",0.780186071068368,0.190166718042599,0.8,"PLSc",11953,8326480,300,"ordinal","skewed","normal","Symmetric","2",1,TRUE,1.29800000000978
"1576","X=~x3",0.518537779199059,0.137997657806237,0.8,"PLSc",11953,8326480,300,"ordinal","skewed","normal","Symmetric","2",1,TRUE,1.29800000000978
"1577","Z=~z1",0.500811275216534,0.0822067319785161,0.6,"PLSc",11953,8326480,300,"ordinal","skewed","normal","Symmetric","2",1,TRUE,1.29800000000978
"1578","Z=~z2",0.444579658174288,0.0983334136181076,0.6,"PLSc",11953,8326480,300,"ordinal","skewed","normal","Symmetric","2",1,TRUE,1.29800000000978
"1579","Z=~z3",0.550228252199811,0.089024745232339,0.8,"PLSc",11953,8326480,300,"ordinal","skewed","normal","Symmetric","2",1,TRUE,1.29800000000978
"1580","Y=~y1",0.345169752904139,0.0841852043524119,0.4,"PLSc",11953,8326480,300,"ordinal","skewed","normal","Symmetric","2",1,TRUE,1.29800000000978
"1581","Y=~y2",0.514137012810289,0.0744859557925919,0.7,"PLSc",11953,8326480,300,"ordinal","skewed","normal","Symmetric","2",1,TRUE,1.29800000000978
"1582","Y=~y3",0.684235812962925,0.0788980072637213,0.9,"PLSc",11953,8326480,300,"ordinal","skewed","normal","Symmetric","2",1,TRUE,1.29800000000978
"1583","Y~X",0.301023385264823,4.56729874610496,0.4,"PLSc",11953,8326480,300,"ordinal","skewed","normal","Symmetric","2",1,TRUE,1.29800000000978
"1584","Y~Z",0.556917748464346,2.71435440181704,0.5,"PLSc",11953,8326480,300,"ordinal","skewed","normal","Symmetric","2",1,TRUE,1.29800000000978
"1585","Y~X:Z",0.204339824569958,3.98219664251521,0.3,"PLSc",11953,8326480,300,"ordinal","skewed","normal","Symmetric","2",1,TRUE,1.29800000000978
"1586","X~~Z",0.206945127834696,0.149913548998524,0.2,"PLSc",11953,8326480,300,"ordinal","skewed","normal","Symmetric","2",1,TRUE,1.29800000000978
"1587","X=~x1",0.26132407608565,0.18542839454329,0.4,"PLS",11953,8326480,300,"ordinal","skewed","normal","Symmetric","2",1,TRUE,0.881000000052154
"1588","X=~x2",0.902920554206758,0.0526654118560784,0.8,"PLS",11953,8326480,300,"ordinal","skewed","normal","Symmetric","2",1,TRUE,0.881000000052154
"1589","X=~x3",0.763200011131753,0.0822632858057739,0.8,"PLS",11953,8326480,300,"ordinal","skewed","normal","Symmetric","2",1,TRUE,0.881000000052154
"1590","Z=~z1",0.667133310110842,0.0728149997825905,0.6,"PLS",11953,8326480,300,"ordinal","skewed","normal","Symmetric","2",1,TRUE,0.881000000052154
"1591","Z=~z2",0.697825228492206,0.0674053486733656,0.6,"PLS",11953,8326480,300,"ordinal","skewed","normal","Symmetric","2",1,TRUE,0.881000000052154
"1592","Z=~z3",0.753966834773347,0.0586949216684328,0.8,"PLS",11953,8326480,300,"ordinal","skewed","normal","Symmetric","2",1,TRUE,0.881000000052154
"1593","Y=~y1",0.515768635669355,0.0839701908600517,0.4,"PLS",11953,8326480,300,"ordinal","skewed","normal","Symmetric","2",1,TRUE,0.881000000052154
"1594","Y=~y2",0.738925822347002,0.0509016503510394,0.7,"PLS",11953,8326480,300,"ordinal","skewed","normal","Symmetric","2",1,TRUE,0.881000000052154
"1595","Y=~y3",0.834002650326692,0.0377878926183342,0.9,"PLS",11953,8326480,300,"ordinal","skewed","normal","Symmetric","2",1,TRUE,0.881000000052154
"1596","Y~X",0.22601634298071,0.0503896901587457,0.4,"PLS",11953,8326480,300,"ordinal","skewed","normal","Symmetric","2",1,TRUE,0.881000000052154
"1597","Y~Z",0.316396467893272,0.0549314132564807,0.5,"PLS",11953,8326480,300,"ordinal","skewed","normal","Symmetric","2",1,TRUE,0.881000000052154
"1598","Y~X:Z",0.118465730768945,0.0508742360499458,0.3,"PLS",11953,8326480,300,"ordinal","skewed","normal","Symmetric","2",1,TRUE,0.881000000052154
"1599","X~~Z",0.117340304325821,0.0573965484051048,0.2,"PLS",11953,8326480,300,"ordinal","skewed","normal","Symmetric","2",1,TRUE,0.881000000052154
"1600","X=~x1",0.355,0.077,0.4,"Mplus",11953,8326480,300,"ordinal","skewed","normal","Symmetric","2",1,TRUE,99.9130000000005
"1601","X=~x2",0.909,0.114,0.8,"Mplus",11953,8326480,300,"ordinal","skewed","normal","Symmetric","2",1,TRUE,99.9130000000005
"1602","X=~x3",0.631,0.1,0.8,"Mplus",11953,8326480,300,"ordinal","skewed","normal","Symmetric","2",1,TRUE,99.9130000000005
"1603","Z=~z1",0.47,0.089,0.6,"Mplus",11953,8326480,300,"ordinal","skewed","normal","Symmetric","2",1,TRUE,99.9130000000005
"1604","Z=~z2",0.65,0.094,0.6,"Mplus",11953,8326480,300,"ordinal","skewed","normal","Symmetric","2",1,TRUE,99.9130000000005
"1605","Z=~z3",0.674,0.086,0.8,"Mplus",11953,8326480,300,"ordinal","skewed","normal","Symmetric","2",1,TRUE,99.9130000000005
"1606","Y=~y1",0.4,0.088,0.4,"Mplus",11953,8326480,300,"ordinal","skewed","normal","Symmetric","2",1,TRUE,99.9130000000005
"1607","Y=~y2",0.662,0.088,0.7,"Mplus",11953,8326480,300,"ordinal","skewed","normal","Symmetric","2",1,TRUE,99.9130000000005
"1608","Y=~y3",0.817,0.088,0.9,"Mplus",11953,8326480,300,"ordinal","skewed","normal","Symmetric","2",1,TRUE,99.9130000000005
"1609","Y~X",0.305,0.106,0.4,"Mplus",11953,8326480,300,"ordinal","skewed","normal","Symmetric","2",1,TRUE,99.9130000000005
"1610","Y~Z",0.555,0.102,0.5,"Mplus",11953,8326480,300,"ordinal","skewed","normal","Symmetric","2",1,TRUE,99.9130000000005
"1611","Y~X:Z",0.43,0.144,0.3,"Mplus",11953,8326480,300,"ordinal","skewed","normal","Symmetric","2",1,TRUE,99.9130000000005
"1612","X~~Z",0.219,0.108,0.2,"Mplus",11953,8326480,300,"ordinal","skewed","normal","Symmetric","2",1,TRUE,99.9130000000005
"1613","X=~x1",0.341380380859097,0.0756747343524651,0.4,"LSAM",11953,8326480,300,"ordinal","skewed","normal","Symmetric","2",1,TRUE,0.481000000028871
"1614","X=~x2",0.744213573900026,0.170970446482849,0.8,"LSAM",11953,8326480,300,"ordinal","skewed","normal","Symmetric","2",1,TRUE,0.481000000028871
"1615","X=~x3",0.552907399537043,0.142396809926672,0.8,"LSAM",11953,8326480,300,"ordinal","skewed","normal","Symmetric","2",1,TRUE,0.481000000028871
"1616","Z=~z1",0.35822961779766,0.260339289412362,0.6,"LSAM",11953,8326480,300,"ordinal","skewed","normal","Symmetric","2",1,TRUE,0.481000000028871
"1617","Z=~z2",0.610375998167568,0.34999198504344,0.6,"LSAM",11953,8326480,300,"ordinal","skewed","normal","Symmetric","2",1,TRUE,0.481000000028871
"1618","Z=~z3",0.551003846289969,0.343843330018724,0.8,"LSAM",11953,8326480,300,"ordinal","skewed","normal","Symmetric","2",1,TRUE,0.481000000028871
"1619","Y=~y1",0.326266131096628,0.0207181653480112,0.4,"LSAM",11953,8326480,300,"ordinal","skewed","normal","Symmetric","2",1,TRUE,0.481000000028871
"1620","Y=~y2",0.6074766709195,0.14340758591263,0.7,"LSAM",11953,8326480,300,"ordinal","skewed","normal","Symmetric","2",1,TRUE,0.481000000028871
"1621","Y=~y3",0.604815441128773,0.14263825180259,0.9,"LSAM",11953,8326480,300,"ordinal","skewed","normal","Symmetric","2",1,TRUE,0.481000000028871
"1622","Y~X",0.320231347066507,0.237500032780307,0.4,"LSAM",11953,8326480,300,"ordinal","skewed","normal","Symmetric","2",1,TRUE,0.481000000028871
"1623","Y~Z",0.504134237284612,0.635092548758564,0.5,"LSAM",11953,8326480,300,"ordinal","skewed","normal","Symmetric","2",1,TRUE,0.481000000028871
"1624","Y~X:Z",0.254575637631164,0.195173184992032,0.3,"LSAM",11953,8326480,300,"ordinal","skewed","normal","Symmetric","2",1,TRUE,0.481000000028871
"1625","X~~Z",0.165307441130946,0.213083881416021,0.2,"LSAM",11953,8326480,300,"ordinal","skewed","normal","Symmetric","2",1,TRUE,0.481000000028871
"1626","X=~x1",0.365623019623769,0.0574802477622504,0.4,"MC-PLSc",11954,1390948,1000,"ordinal","skewed","normal","Symmetric","2",1,TRUE,13.875
"1627","X=~x2",0.791965755604378,0.0574597546845259,0.8,"MC-PLSc",11954,1390948,1000,"ordinal","skewed","normal","Symmetric","2",1,TRUE,13.875
"1628","X=~x3",0.816014457646285,0.0601275747494207,0.8,"MC-PLSc",11954,1390948,1000,"ordinal","skewed","normal","Symmetric","2",1,TRUE,13.875
"1629","Z=~z1",0.523530426291662,0.0486343037615578,0.6,"MC-PLSc",11954,1390948,1000,"ordinal","skewed","normal","Symmetric","2",1,TRUE,13.875
"1630","Z=~z2",0.559759080405026,0.0528560561687184,0.6,"MC-PLSc",11954,1390948,1000,"ordinal","skewed","normal","Symmetric","2",1,TRUE,13.875
"1631","Z=~z3",0.727378294607536,0.0445184219439611,0.8,"MC-PLSc",11954,1390948,1000,"ordinal","skewed","normal","Symmetric","2",1,TRUE,13.875
"1632","Y=~y1",0.381166157070125,0.0509791500469185,0.4,"MC-PLSc",11954,1390948,1000,"ordinal","skewed","normal","Symmetric","2",1,TRUE,13.875
"1633","Y=~y2",0.558651831103781,0.0446752068622869,0.7,"MC-PLSc",11954,1390948,1000,"ordinal","skewed","normal","Symmetric","2",1,TRUE,13.875
"1634","Y=~y3",0.870977570120337,0.0474711864046322,0.9,"MC-PLSc",11954,1390948,1000,"ordinal","skewed","normal","Symmetric","2",1,TRUE,13.875
"1635","Y~X",0.362448981591218,0.0642423532500839,0.4,"MC-PLSc",11954,1390948,1000,"ordinal","skewed","normal","Symmetric","2",1,TRUE,13.875
"1636","Y~Z",0.574729278294508,0.0606795640838679,0.5,"MC-PLSc",11954,1390948,1000,"ordinal","skewed","normal","Symmetric","2",1,TRUE,13.875
"1637","Y~X:Z",0.123472226556879,0.10499781372893,0.3,"MC-PLSc",11954,1390948,1000,"ordinal","skewed","normal","Symmetric","2",1,TRUE,13.875
"1638","X~~Z",0.323866743259536,0.0553053622075284,0.2,"MC-PLSc",11954,1390948,1000,"ordinal","skewed","normal","Symmetric","2",1,TRUE,13.875
"1639","X=~x1",0.251783990685565,0.072592133216609,0.4,"PLSc",11954,1390948,1000,"ordinal","skewed","normal","Symmetric","2",1,TRUE,1.3640000000014
"1640","X=~x2",0.664918194585447,0.0498731727977451,0.8,"PLSc",11954,1390948,1000,"ordinal","skewed","normal","Symmetric","2",1,TRUE,1.3640000000014
"1641","X=~x3",0.687987434665434,0.0513397885240706,0.8,"PLSc",11954,1390948,1000,"ordinal","skewed","normal","Symmetric","2",1,TRUE,1.3640000000014
"1642","Z=~z1",0.425235961801478,0.0491923629156468,0.6,"PLSc",11954,1390948,1000,"ordinal","skewed","normal","Symmetric","2",1,TRUE,1.3640000000014
"1643","Z=~z2",0.45093806028513,0.0501307460176421,0.6,"PLSc",11954,1390948,1000,"ordinal","skewed","normal","Symmetric","2",1,TRUE,1.3640000000014
"1644","Z=~z3",0.58110873935306,0.0456034525459728,0.8,"PLSc",11954,1390948,1000,"ordinal","skewed","normal","Symmetric","2",1,TRUE,1.3640000000014
"1645","Y=~y1",0.301205167959348,0.0467257831078179,0.4,"PLSc",11954,1390948,1000,"ordinal","skewed","normal","Symmetric","2",1,TRUE,1.3640000000014
"1646","Y=~y2",0.446433939748992,0.0424058253001536,0.7,"PLSc",11954,1390948,1000,"ordinal","skewed","normal","Symmetric","2",1,TRUE,1.3640000000014
"1647","Y=~y3",0.719354130781707,0.0402625261842815,0.9,"PLSc",11954,1390948,1000,"ordinal","skewed","normal","Symmetric","2",1,TRUE,1.3640000000014
"1648","Y~X",0.340966059971358,0.0627565380852677,0.4,"PLSc",11954,1390948,1000,"ordinal","skewed","normal","Symmetric","2",1,TRUE,1.3640000000014
"1649","Y~Z",0.579001340372092,0.0673201382219295,0.5,"PLSc",11954,1390948,1000,"ordinal","skewed","normal","Symmetric","2",1,TRUE,1.3640000000014
"1650","Y~X:Z",0.0847948347365799,0.104532654189984,0.3,"PLSc",11954,1390948,1000,"ordinal","skewed","normal","Symmetric","2",1,TRUE,1.3640000000014
"1651","X~~Z",0.308792072032225,0.0551122371474905,0.2,"PLSc",11954,1390948,1000,"ordinal","skewed","normal","Symmetric","2",1,TRUE,1.3640000000014
"1652","X=~x1",0.446148232717665,0.0631458355396454,0.4,"PLS",11954,1390948,1000,"ordinal","skewed","normal","Symmetric","2",1,TRUE,0.938000000023749
"1653","X=~x2",0.820965877474781,0.0248398682616305,0.8,"PLS",11954,1390948,1000,"ordinal","skewed","normal","Symmetric","2",1,TRUE,0.938000000023749
"1654","X=~x3",0.831426010092285,0.024437971273726,0.8,"PLS",11954,1390948,1000,"ordinal","skewed","normal","Symmetric","2",1,TRUE,0.938000000023749
"1655","Z=~z1",0.63187392893042,0.0446639734512742,0.6,"PLS",11954,1390948,1000,"ordinal","skewed","normal","Symmetric","2",1,TRUE,0.938000000023749
"1656","Z=~z2",0.663992252572463,0.0415975203831491,0.6,"PLS",11954,1390948,1000,"ordinal","skewed","normal","Symmetric","2",1,TRUE,0.938000000023749
"1657","Z=~z3",0.789779205884715,0.026754844198675,0.8,"PLS",11954,1390948,1000,"ordinal","skewed","normal","Symmetric","2",1,TRUE,0.938000000023749
"1658","Y=~y1",0.48643426485721,0.0517170072704888,0.4,"PLS",11954,1390948,1000,"ordinal","skewed","normal","Symmetric","2",1,TRUE,0.938000000023749
"1659","Y=~y2",0.673117387346842,0.0357981817145922,0.7,"PLS",11954,1390948,1000,"ordinal","skewed","normal","Symmetric","2",1,TRUE,0.938000000023749
"1660","Y=~y3",0.865328641870648,0.0163881630143821,0.9,"PLS",11954,1390948,1000,"ordinal","skewed","normal","Symmetric","2",1,TRUE,0.938000000023749
"1661","Y~X",0.259814971215696,0.0295937088307839,0.4,"PLS",11954,1390948,1000,"ordinal","skewed","normal","Symmetric","2",1,TRUE,0.938000000023749
"1662","Y~Z",0.319608754975087,0.0281766138713437,0.5,"PLS",11954,1390948,1000,"ordinal","skewed","normal","Symmetric","2",1,TRUE,0.938000000023749
"1663","Y~X:Z",0.0393745122196815,0.0317403823685844,0.3,"PLS",11954,1390948,1000,"ordinal","skewed","normal","Symmetric","2",1,TRUE,0.938000000023749
"1664","X~~Z",0.172683017987543,0.0308994813872904,0.2,"PLS",11954,1390948,1000,"ordinal","skewed","normal","Symmetric","2",1,TRUE,0.938000000023749
"1665","X=~x1",0.379,0.044,0.4,"Mplus",11954,1390948,1000,"ordinal","skewed","normal","Symmetric","2",1,TRUE,221.752999999968
"1666","X=~x2",0.763,0.048,0.8,"Mplus",11954,1390948,1000,"ordinal","skewed","normal","Symmetric","2",1,TRUE,221.752999999968
"1667","X=~x3",0.775,0.048,0.8,"Mplus",11954,1390948,1000,"ordinal","skewed","normal","Symmetric","2",1,TRUE,221.752999999968
"1668","Z=~z1",0.484,0.048,0.6,"Mplus",11954,1390948,1000,"ordinal","skewed","normal","Symmetric","2",1,TRUE,221.752999999968
"1669","Z=~z2",0.522,0.049,0.6,"Mplus",11954,1390948,1000,"ordinal","skewed","normal","Symmetric","2",1,TRUE,221.752999999968
"1670","Z=~z3",0.7,0.052,0.8,"Mplus",11954,1390948,1000,"ordinal","skewed","normal","Symmetric","2",1,TRUE,221.752999999968
"1671","Y=~y1",0.352,0.045,0.4,"Mplus",11954,1390948,1000,"ordinal","skewed","normal","Symmetric","2",1,TRUE,221.752999999968
"1672","Y=~y2",0.53,0.046,0.7,"Mplus",11954,1390948,1000,"ordinal","skewed","normal","Symmetric","2",1,TRUE,221.752999999968
"1673","Y=~y3",0.866,0.047,0.9,"Mplus",11954,1390948,1000,"ordinal","skewed","normal","Symmetric","2",1,TRUE,221.752999999968
"1674","Y~X",0.348,0.066,0.4,"Mplus",11954,1390948,1000,"ordinal","skewed","normal","Symmetric","2",1,TRUE,221.752999999968
"1675","Y~Z",0.569,0.065,0.5,"Mplus",11954,1390948,1000,"ordinal","skewed","normal","Symmetric","2",1,TRUE,221.752999999968
"1676","Y~X:Z",0.239,0.112,0.3,"Mplus",11954,1390948,1000,"ordinal","skewed","normal","Symmetric","2",1,TRUE,221.752999999968
"1677","X~~Z",0.353,0.059,0.2,"Mplus",11954,1390948,1000,"ordinal","skewed","normal","Symmetric","2",1,TRUE,221.752999999968
"1678","X=~x1",0.338521635410237,0.0365559944908888,0.4,"LSAM",11954,1390948,1000,"ordinal","skewed","normal","Symmetric","2",1,TRUE,0.457999999984168
"1679","X=~x2",0.651597476622125,0.0830573149012534,0.8,"LSAM",11954,1390948,1000,"ordinal","skewed","normal","Symmetric","2",1,TRUE,0.457999999984168
"1680","X=~x3",0.645810539452133,0.082546485677467,0.8,"LSAM",11954,1390948,1000,"ordinal","skewed","normal","Symmetric","2",1,TRUE,0.457999999984168
"1681","Z=~z1",0.398137954234392,0.092578800582964,0.6,"LSAM",11954,1390948,1000,"ordinal","skewed","normal","Symmetric","2",1,TRUE,0.457999999984168
"1682","Z=~z2",0.429879297994367,0.113024182486078,0.6,"LSAM",11954,1390948,1000,"ordinal","skewed","normal","Symmetric","2",1,TRUE,0.457999999984168
"1683","Z=~z3",0.633465261592841,0.140477700805628,0.8,"LSAM",11954,1390948,1000,"ordinal","skewed","normal","Symmetric","2",1,TRUE,0.457999999984168
"1684","Y=~y1",0.316024680134093,0.011099519327509,0.4,"LSAM",11954,1390948,1000,"ordinal","skewed","normal","Symmetric","2",1,TRUE,0.457999999984168
"1685","Y=~y2",0.470913826206414,0.0676006128437313,0.7,"LSAM",11954,1390948,1000,"ordinal","skewed","normal","Symmetric","2",1,TRUE,0.457999999984168
"1686","Y=~y3",0.675064315780418,0.107416583557854,0.9,"LSAM",11954,1390948,1000,"ordinal","skewed","normal","Symmetric","2",1,TRUE,0.457999999984168
"1687","Y~X",0.374260310278008,0.117384198432688,0.4,"LSAM",11954,1390948,1000,"ordinal","skewed","normal","Symmetric","2",1,TRUE,0.457999999984168
"1688","Y~Z",0.566065812799995,0.154846674449196,0.5,"LSAM",11954,1390948,1000,"ordinal","skewed","normal","Symmetric","2",1,TRUE,0.457999999984168
"1689","Y~X:Z",0.0752506993481464,0.157958403826018,0.3,"LSAM",11954,1390948,1000,"ordinal","skewed","normal","Symmetric","2",1,TRUE,0.457999999984168
"1690","X~~Z",0.308332464354496,0.111917513407991,0.2,"LSAM",11954,1390948,1000,"ordinal","skewed","normal","Symmetric","2",1,TRUE,0.457999999984168
"1691","X=~x1",0.357756955622955,0.108389528056712,0.4,"MC-PLSc",11955,5039394,300,"ordinal","skewed","normal","Symmetric","3",1,TRUE,13.7069999999949
"1692","X=~x2",0.684193199953179,0.0803876628707925,0.8,"MC-PLSc",11955,5039394,300,"ordinal","skewed","normal","Symmetric","3",1,TRUE,13.7069999999949
"1693","X=~x3",0.704095130586673,0.11887385792109,0.8,"MC-PLSc",11955,5039394,300,"ordinal","skewed","normal","Symmetric","3",1,TRUE,13.7069999999949
"1694","Z=~z1",0.655236464681029,0.0627464656510497,0.6,"MC-PLSc",11955,5039394,300,"ordinal","skewed","normal","Symmetric","3",1,TRUE,13.7069999999949
"1695","Z=~z2",0.632065122138317,0.0718647037663841,0.6,"MC-PLSc",11955,5039394,300,"ordinal","skewed","normal","Symmetric","3",1,TRUE,13.7069999999949
"1696","Z=~z3",0.761978366256741,0.0587418767476375,0.8,"MC-PLSc",11955,5039394,300,"ordinal","skewed","normal","Symmetric","3",1,TRUE,13.7069999999949
"1697","Y=~y1",0.22015276858372,0.0688132163949412,0.4,"MC-PLSc",11955,5039394,300,"ordinal","skewed","normal","Symmetric","3",1,TRUE,13.7069999999949
"1698","Y=~y2",0.618032557961034,0.083660998202495,0.7,"MC-PLSc",11955,5039394,300,"ordinal","skewed","normal","Symmetric","3",1,TRUE,13.7069999999949
"1699","Y=~y3",0.743799638090406,0.0682320848105735,0.9,"MC-PLSc",11955,5039394,300,"ordinal","skewed","normal","Symmetric","3",1,TRUE,13.7069999999949
"1700","Y~X",0.44312920253664,0.0922250646575959,0.4,"MC-PLSc",11955,5039394,300,"ordinal","skewed","normal","Symmetric","3",1,TRUE,13.7069999999949
"1701","Y~Z",0.701676405252554,0.0806471391651232,0.5,"MC-PLSc",11955,5039394,300,"ordinal","skewed","normal","Symmetric","3",1,TRUE,13.7069999999949
"1702","Y~X:Z",0.358047089990757,0.100644348814486,0.3,"MC-PLSc",11955,5039394,300,"ordinal","skewed","normal","Symmetric","3",1,TRUE,13.7069999999949
"1703","X~~Z",0.160472488976855,0.0994242511287249,0.2,"MC-PLSc",11955,5039394,300,"ordinal","skewed","normal","Symmetric","3",1,TRUE,13.7069999999949
"1704","X=~x1",0.359709763257404,0.110920070913909,0.4,"PLSc",11955,5039394,300,"ordinal","skewed","normal","Symmetric","3",1,TRUE,1.24799999996321
"1705","X=~x2",0.565145193285578,0.0939990983404103,0.8,"PLSc",11955,5039394,300,"ordinal","skewed","normal","Symmetric","3",1,TRUE,1.24799999996321
"1706","X=~x3",0.612315668627215,0.100092874215435,0.8,"PLSc",11955,5039394,300,"ordinal","skewed","normal","Symmetric","3",1,TRUE,1.24799999996321
"1707","Z=~z1",0.59491631370876,0.0646925464684825,0.6,"PLSc",11955,5039394,300,"ordinal","skewed","normal","Symmetric","3",1,TRUE,1.24799999996321
"1708","Z=~z2",0.54784819506767,0.0690585742396731,0.6,"PLSc",11955,5039394,300,"ordinal","skewed","normal","Symmetric","3",1,TRUE,1.24799999996321
"1709","Z=~z3",0.669584960145602,0.0633142765330846,0.8,"PLSc",11955,5039394,300,"ordinal","skewed","normal","Symmetric","3",1,TRUE,1.24799999996321
"1710","Y=~y1",0.228616080442996,0.0673139885954011,0.4,"PLSc",11955,5039394,300,"ordinal","skewed","normal","Symmetric","3",1,TRUE,1.24799999996321
"1711","Y=~y2",0.508820420396946,0.061103779938432,0.7,"PLSc",11955,5039394,300,"ordinal","skewed","normal","Symmetric","3",1,TRUE,1.24799999996321
"1712","Y=~y3",0.629039721065355,0.0609215586884976,0.9,"PLSc",11955,5039394,300,"ordinal","skewed","normal","Symmetric","3",1,TRUE,1.24799999996321
"1713","Y~X",0.426425951081452,0.170163446981548,0.4,"PLSc",11955,5039394,300,"ordinal","skewed","normal","Symmetric","3",1,TRUE,1.24799999996321
"1714","Y~Z",0.709560852697456,0.233547023369585,0.5,"PLSc",11955,5039394,300,"ordinal","skewed","normal","Symmetric","3",1,TRUE,1.24799999996321
"1715","Y~X:Z",0.256502898079296,0.407045613927655,0.3,"PLSc",11955,5039394,300,"ordinal","skewed","normal","Symmetric","3",1,TRUE,1.24799999996321
"1716","X~~Z",0.164601623454901,0.0975779279050794,0.2,"PLSc",11955,5039394,300,"ordinal","skewed","normal","Symmetric","3",1,TRUE,1.24799999996321
"1717","X=~x1",0.492313984561362,0.115638326773072,0.4,"PLS",11955,5039394,300,"ordinal","skewed","normal","Symmetric","3",1,TRUE,0.877000000036787
"1718","X=~x2",0.787067660365074,0.0515299937520721,0.8,"PLS",11955,5039394,300,"ordinal","skewed","normal","Symmetric","3",1,TRUE,0.877000000036787
"1719","X=~x3",0.805058876894631,0.0535810238677617,0.8,"PLS",11955,5039394,300,"ordinal","skewed","normal","Symmetric","3",1,TRUE,0.877000000036787
"1720","Z=~z1",0.741295190258068,0.0401143794663223,0.6,"PLS",11955,5039394,300,"ordinal","skewed","normal","Symmetric","3",1,TRUE,0.877000000036787
"1721","Z=~z2",0.728761680652609,0.0437571558470183,0.6,"PLS",11955,5039394,300,"ordinal","skewed","normal","Symmetric","3",1,TRUE,0.877000000036787
"1722","Z=~z3",0.804431476639741,0.0300693172270062,0.8,"PLS",11955,5039394,300,"ordinal","skewed","normal","Symmetric","3",1,TRUE,0.877000000036787
"1723","Y=~y1",0.322702277826486,0.0903298493399569,0.4,"PLS",11955,5039394,300,"ordinal","skewed","normal","Symmetric","3",1,TRUE,0.877000000036787
"1724","Y=~y2",0.764666706475462,0.0399158802042861,0.7,"PLS",11955,5039394,300,"ordinal","skewed","normal","Symmetric","3",1,TRUE,0.877000000036787
"1725","Y=~y3",0.838072065613597,0.0277685215940259,0.9,"PLS",11955,5039394,300,"ordinal","skewed","normal","Symmetric","3",1,TRUE,0.877000000036787
"1726","Y~X",0.261764450449302,0.0517803481893342,0.4,"PLS",11955,5039394,300,"ordinal","skewed","normal","Symmetric","3",1,TRUE,0.877000000036787
"1727","Y~Z",0.427678182140614,0.0476141858030332,0.5,"PLS",11955,5039394,300,"ordinal","skewed","normal","Symmetric","3",1,TRUE,0.877000000036787
"1728","Y~X:Z",0.144816964384689,0.0418202101178525,0.3,"PLS",11955,5039394,300,"ordinal","skewed","normal","Symmetric","3",1,TRUE,0.877000000036787
"1729","X~~Z",0.0972308654878409,0.0581383921360591,0.2,"PLS",11955,5039394,300,"ordinal","skewed","normal","Symmetric","3",1,TRUE,0.877000000036787
"1730","X=~x1",0.262,0.075,0.4,"Mplus",11955,5039394,300,"ordinal","skewed","normal","Symmetric","3",1,TRUE,230.686000000045
"1731","X=~x2",0.743,0.09,0.8,"Mplus",11955,5039394,300,"ordinal","skewed","normal","Symmetric","3",1,TRUE,230.686000000045
"1732","X=~x3",0.69,0.091,0.8,"Mplus",11955,5039394,300,"ordinal","skewed","normal","Symmetric","3",1,TRUE,230.686000000045
"1733","Z=~z1",0.61,0.063,0.6,"Mplus",11955,5039394,300,"ordinal","skewed","normal","Symmetric","3",1,TRUE,230.686000000045
"1734","Z=~z2",0.632,0.062,0.6,"Mplus",11955,5039394,300,"ordinal","skewed","normal","Symmetric","3",1,TRUE,230.686000000045
"1735","Z=~z3",0.783,0.059,0.8,"Mplus",11955,5039394,300,"ordinal","skewed","normal","Symmetric","3",1,TRUE,230.686000000045
"1736","Y=~y1",0.209,0.064,0.4,"Mplus",11955,5039394,300,"ordinal","skewed","normal","Symmetric","3",1,TRUE,230.686000000045
"1737","Y=~y2",0.59,0.069,0.7,"Mplus",11955,5039394,300,"ordinal","skewed","normal","Symmetric","3",1,TRUE,230.686000000045
"1738","Y=~y3",0.768,0.063,0.9,"Mplus",11955,5039394,300,"ordinal","skewed","normal","Symmetric","3",1,TRUE,230.686000000045
"1739","Y~X",0.398,0.108,0.4,"Mplus",11955,5039394,300,"ordinal","skewed","normal","Symmetric","3",1,TRUE,230.686000000045
"1740","Y~Z",0.654,0.084,0.5,"Mplus",11955,5039394,300,"ordinal","skewed","normal","Symmetric","3",1,TRUE,230.686000000045
"1741","Y~X:Z",0.36,0.09,0.3,"Mplus",11955,5039394,300,"ordinal","skewed","normal","Symmetric","3",1,TRUE,230.686000000045
"1742","X~~Z",0.231,0.104,0.2,"Mplus",11955,5039394,300,"ordinal","skewed","normal","Symmetric","3",1,TRUE,230.686000000045
"1743","X=~x1",0.307833997421057,0.0696577057759668,0.4,"LSAM",11955,5039394,300,"ordinal","skewed","normal","Symmetric","3",1,TRUE,0.494999999995343
"1744","X=~x2",0.66427351371244,0.174921076208867,0.8,"LSAM",11955,5039394,300,"ordinal","skewed","normal","Symmetric","3",1,TRUE,0.494999999995343
"1745","X=~x3",0.600146193701868,0.16185958435627,0.8,"LSAM",11955,5039394,300,"ordinal","skewed","normal","Symmetric","3",1,TRUE,0.494999999995343
"1746","Z=~z1",0.551986480992067,0.110359874515068,0.6,"LSAM",11955,5039394,300,"ordinal","skewed","normal","Symmetric","3",1,TRUE,0.494999999995343
"1747","Z=~z2",0.584164518940074,0.134614959867654,0.6,"LSAM",11955,5039394,300,"ordinal","skewed","normal","Symmetric","3",1,TRUE,0.494999999995343
"1748","Z=~z3",0.678020077451189,0.136836114775041,0.8,"LSAM",11955,5039394,300,"ordinal","skewed","normal","Symmetric","3",1,TRUE,0.494999999995343
"1749","Y=~y1",0.293022636824865,0.0283915160472653,0.4,"LSAM",11955,5039394,300,"ordinal","skewed","normal","Symmetric","3",1,TRUE,0.494999999995343
"1750","Y=~y2",0.595357401226628,0.165421348371505,0.7,"LSAM",11955,5039394,300,"ordinal","skewed","normal","Symmetric","3",1,TRUE,0.494999999995343
"1751","Y=~y3",0.550537137862563,0.149554400242777,0.9,"LSAM",11955,5039394,300,"ordinal","skewed","normal","Symmetric","3",1,TRUE,0.494999999995343
"1752","Y~X",0.386214036613377,0.136514533115253,0.4,"LSAM",11955,5039394,300,"ordinal","skewed","normal","Symmetric","3",1,TRUE,0.494999999995343
"1753","Y~Z",0.690056431832002,0.21526720450073,0.5,"LSAM",11955,5039394,300,"ordinal","skewed","normal","Symmetric","3",1,TRUE,0.494999999995343
"1754","Y~X:Z",0.278180406680718,0.176510436925289,0.3,"LSAM",11955,5039394,300,"ordinal","skewed","normal","Symmetric","3",1,TRUE,0.494999999995343
"1755","X~~Z",0.161756893177572,0.106928438500169,0.2,"LSAM",11955,5039394,300,"ordinal","skewed","normal","Symmetric","3",1,TRUE,0.494999999995343
"1756","X=~x1",0.247703430933211,0.05335244491773,0.4,"MC-PLSc",11956,1202891,1000,"ordinal","skewed","normal","Symmetric","3",1,TRUE,15.6410000000033
"1757","X=~x2",0.746675568616953,0.0465111005270008,0.8,"MC-PLSc",11956,1202891,1000,"ordinal","skewed","normal","Symmetric","3",1,TRUE,15.6410000000033
"1758","X=~x3",0.721040863540753,0.0530815197818102,0.8,"MC-PLSc",11956,1202891,1000,"ordinal","skewed","normal","Symmetric","3",1,TRUE,15.6410000000033
"1759","Z=~z1",0.569587085745623,0.0386570297296383,0.6,"MC-PLSc",11956,1202891,1000,"ordinal","skewed","normal","Symmetric","3",1,TRUE,15.6410000000033
"1760","Z=~z2",0.576064251491412,0.0415306601762427,0.6,"MC-PLSc",11956,1202891,1000,"ordinal","skewed","normal","Symmetric","3",1,TRUE,15.6410000000033
"1761","Z=~z3",0.7585505687381,0.0356595193065122,0.8,"MC-PLSc",11956,1202891,1000,"ordinal","skewed","normal","Symmetric","3",1,TRUE,15.6410000000033
"1762","Y=~y1",0.397184284435596,0.0399876009149661,0.4,"MC-PLSc",11956,1202891,1000,"ordinal","skewed","normal","Symmetric","3",1,TRUE,15.6410000000033
"1763","Y=~y2",0.669200434765313,0.0370231290276425,0.7,"MC-PLSc",11956,1202891,1000,"ordinal","skewed","normal","Symmetric","3",1,TRUE,15.6410000000033
"1764","Y=~y3",0.857600006465554,0.0299712616443221,0.9,"MC-PLSc",11956,1202891,1000,"ordinal","skewed","normal","Symmetric","3",1,TRUE,15.6410000000033
"1765","Y~X",0.442614906175978,0.0482615876558621,0.4,"MC-PLSc",11956,1202891,1000,"ordinal","skewed","normal","Symmetric","3",1,TRUE,15.6410000000033
"1766","Y~Z",0.601548711758447,0.0435193979721568,0.5,"MC-PLSc",11956,1202891,1000,"ordinal","skewed","normal","Symmetric","3",1,TRUE,15.6410000000033
"1767","Y~X:Z",0.247860160640794,0.0648772586719463,0.3,"MC-PLSc",11956,1202891,1000,"ordinal","skewed","normal","Symmetric","3",1,TRUE,15.6410000000033
"1768","X~~Z",0.140266236619096,0.057912025879111,0.2,"MC-PLSc",11956,1202891,1000,"ordinal","skewed","normal","Symmetric","3",1,TRUE,15.6410000000033
"1769","X=~x1",0.185077956208959,0.0713288678083457,0.4,"PLSc",11956,1202891,1000,"ordinal","skewed","normal","Symmetric","3",1,TRUE,1.33599999995204
"1770","X=~x2",0.647819790098856,0.0449411151673665,0.8,"PLSc",11956,1202891,1000,"ordinal","skewed","normal","Symmetric","3",1,TRUE,1.33599999995204
"1771","X=~x3",0.645906390370881,0.0444197493526347,0.8,"PLSc",11956,1202891,1000,"ordinal","skewed","normal","Symmetric","3",1,TRUE,1.33599999995204
"1772","Z=~z1",0.518466378827029,0.0435117759556275,0.6,"PLSc",11956,1202891,1000,"ordinal","skewed","normal","Symmetric","3",1,TRUE,1.33599999995204
"1773","Z=~z2",0.513002390976459,0.0451391451035543,0.6,"PLSc",11956,1202891,1000,"ordinal","skewed","normal","Symmetric","3",1,TRUE,1.33599999995204
"1774","Z=~z3",0.639305481148099,0.0397863084355805,0.8,"PLSc",11956,1202891,1000,"ordinal","skewed","normal","Symmetric","3",1,TRUE,1.33599999995204
"1775","Y=~y1",0.360613348145005,0.0435020884602058,0.4,"PLSc",11956,1202891,1000,"ordinal","skewed","normal","Symmetric","3",1,TRUE,1.33599999995204
"1776","Y=~y2",0.588025213205968,0.0343225405916578,0.7,"PLSc",11956,1202891,1000,"ordinal","skewed","normal","Symmetric","3",1,TRUE,1.33599999995204
"1777","Y=~y3",0.728453131833001,0.029796667230121,0.9,"PLSc",11956,1202891,1000,"ordinal","skewed","normal","Symmetric","3",1,TRUE,1.33599999995204
"1778","Y~X",0.432677623991446,0.0573428291064196,0.4,"PLSc",11956,1202891,1000,"ordinal","skewed","normal","Symmetric","3",1,TRUE,1.33599999995204
"1779","Y~Z",0.600373729522934,0.0543147213863171,0.5,"PLSc",11956,1202891,1000,"ordinal","skewed","normal","Symmetric","3",1,TRUE,1.33599999995204
"1780","Y~X:Z",0.213585730693183,0.111727911838775,0.3,"PLSc",11956,1202891,1000,"ordinal","skewed","normal","Symmetric","3",1,TRUE,1.33599999995204
"1781","X~~Z",0.143483606684182,0.0517966782498737,0.2,"PLSc",11956,1202891,1000,"ordinal","skewed","normal","Symmetric","3",1,TRUE,1.33599999995204
"1782","X=~x1",0.349745708545918,0.0710120760665849,0.4,"PLS",11956,1202891,1000,"ordinal","skewed","normal","Symmetric","3",1,TRUE,0.944000000017695
"1783","X=~x2",0.831897589512152,0.0222788364781629,0.8,"PLS",11956,1202891,1000,"ordinal","skewed","normal","Symmetric","3",1,TRUE,0.944000000017695
"1784","X=~x3",0.81607936810484,0.0253773479512302,0.8,"PLS",11956,1202891,1000,"ordinal","skewed","normal","Symmetric","3",1,TRUE,0.944000000017695
"1785","Z=~z1",0.69021223367665,0.0308424131816298,0.6,"PLS",11956,1202891,1000,"ordinal","skewed","normal","Symmetric","3",1,TRUE,0.944000000017695
"1786","Z=~z2",0.694954079347437,0.0317982904987583,0.6,"PLS",11956,1202891,1000,"ordinal","skewed","normal","Symmetric","3",1,TRUE,0.944000000017695
"1787","Z=~z3",0.809177375756794,0.018298208077623,0.8,"PLS",11956,1202891,1000,"ordinal","skewed","normal","Symmetric","3",1,TRUE,0.944000000017695
"1788","Y=~y1",0.522211431212887,0.0446260294399121,0.4,"PLS",11956,1202891,1000,"ordinal","skewed","normal","Symmetric","3",1,TRUE,0.944000000017695
"1789","Y=~y2",0.772491632793842,0.0211559012365553,0.7,"PLS",11956,1202891,1000,"ordinal","skewed","normal","Symmetric","3",1,TRUE,0.944000000017695
"1790","Y=~y3",0.855086453981929,0.0114555546669797,0.9,"PLS",11956,1202891,1000,"ordinal","skewed","normal","Symmetric","3",1,TRUE,0.944000000017695
"1791","Y~X",0.290858360271982,0.0263907471163588,0.4,"PLS",11956,1202891,1000,"ordinal","skewed","normal","Symmetric","3",1,TRUE,0.944000000017695
"1792","Y~Z",0.385008363323756,0.0280014636490075,0.5,"PLS",11956,1202891,1000,"ordinal","skewed","normal","Symmetric","3",1,TRUE,0.944000000017695
"1793","Y~X:Z",0.106942341713878,0.0273190641163085,0.3,"PLS",11956,1202891,1000,"ordinal","skewed","normal","Symmetric","3",1,TRUE,0.944000000017695
"1794","X~~Z",0.0844227029161118,0.0305586011662259,0.2,"PLS",11956,1202891,1000,"ordinal","skewed","normal","Symmetric","3",1,TRUE,0.944000000017695
"1795","X=~x1",0.274,0.044,0.4,"Mplus",11956,1202891,1000,"ordinal","skewed","normal","Symmetric","3",1,TRUE,546.135000000009
"1796","X=~x2",0.708,0.044,0.8,"Mplus",11956,1202891,1000,"ordinal","skewed","normal","Symmetric","3",1,TRUE,546.135000000009
"1797","X=~x3",0.687,0.041,0.8,"Mplus",11956,1202891,1000,"ordinal","skewed","normal","Symmetric","3",1,TRUE,546.135000000009
"1798","Z=~z1",0.542,0.037,0.6,"Mplus",11956,1202891,1000,"ordinal","skewed","normal","Symmetric","3",1,TRUE,546.135000000009
"1799","Z=~z2",0.557,0.039,0.6,"Mplus",11956,1202891,1000,"ordinal","skewed","normal","Symmetric","3",1,TRUE,546.135000000009
"1800","Z=~z3",0.798,0.036,0.8,"Mplus",11956,1202891,1000,"ordinal","skewed","normal","Symmetric","3",1,TRUE,546.135000000009
"1801","Y=~y1",0.39,0.039,0.4,"Mplus",11956,1202891,1000,"ordinal","skewed","normal","Symmetric","3",1,TRUE,546.135000000009
"1802","Y=~y2",0.656,0.034,0.7,"Mplus",11956,1202891,1000,"ordinal","skewed","normal","Symmetric","3",1,TRUE,546.135000000009
"1803","Y=~y3",0.884,0.028,0.9,"Mplus",11956,1202891,1000,"ordinal","skewed","normal","Symmetric","3",1,TRUE,546.135000000009
"1804","Y~X",0.456,0.044,0.4,"Mplus",11956,1202891,1000,"ordinal","skewed","normal","Symmetric","3",1,TRUE,546.135000000009
"1805","Y~Z",0.511,0.051,0.5,"Mplus",11956,1202891,1000,"ordinal","skewed","normal","Symmetric","3",1,TRUE,546.135000000009
"1806","Y~X:Z",0.382,0.054,0.3,"Mplus",11956,1202891,1000,"ordinal","skewed","normal","Symmetric","3",1,TRUE,546.135000000009
"1807","X~~Z",0.246,0.053,0.2,"Mplus",11956,1202891,1000,"ordinal","skewed","normal","Symmetric","3",1,TRUE,546.135000000009
"1808","X=~x1",0.309016142386852,0.0469679008431399,0.4,"LSAM",11956,1202891,1000,"ordinal","skewed","normal","Symmetric","3",1,TRUE,0.472999999998137
"1809","X=~x2",0.768582793853573,0.112546491924846,0.8,"LSAM",11956,1202891,1000,"ordinal","skewed","normal","Symmetric","3",1,TRUE,0.472999999998137
"1810","X=~x3",0.502342513536233,0.0858798867617943,0.8,"LSAM",11956,1202891,1000,"ordinal","skewed","normal","Symmetric","3",1,TRUE,0.472999999998137
"1811","Z=~z1",0.463187245886233,0.0364284330596142,0.6,"LSAM",11956,1202891,1000,"ordinal","skewed","normal","Symmetric","3",1,TRUE,0.472999999998137
"1812","Z=~z2",0.484750830163591,0.0585283876577229,0.6,"LSAM",11956,1202891,1000,"ordinal","skewed","normal","Symmetric","3",1,TRUE,0.472999999998137
"1813","Z=~z3",0.731016219736246,0.0774853415728335,0.8,"LSAM",11956,1202891,1000,"ordinal","skewed","normal","Symmetric","3",1,TRUE,0.472999999998137
"1814","Y=~y1",0.332901804372733,0.012980087601548,0.4,"LSAM",11956,1202891,1000,"ordinal","skewed","normal","Symmetric","3",1,TRUE,0.472999999998137
"1815","Y=~y2",0.564658608742755,0.0580077332093038,0.7,"LSAM",11956,1202891,1000,"ordinal","skewed","normal","Symmetric","3",1,TRUE,0.472999999998137
"1816","Y=~y3",0.78219645632007,0.0819159920200534,0.9,"LSAM",11956,1202891,1000,"ordinal","skewed","normal","Symmetric","3",1,TRUE,0.472999999998137
"1817","Y~X",0.376197275327798,0.0503521357222294,0.4,"LSAM",11956,1202891,1000,"ordinal","skewed","normal","Symmetric","3",1,TRUE,0.472999999998137
"1818","Y~Z",0.557913096204064,0.0842769811450083,0.5,"LSAM",11956,1202891,1000,"ordinal","skewed","normal","Symmetric","3",1,TRUE,0.472999999998137
"1819","Y~X:Z",0.188172734818398,0.0750497433926698,0.3,"LSAM",11956,1202891,1000,"ordinal","skewed","normal","Symmetric","3",1,TRUE,0.472999999998137
"1820","X~~Z",0.139208212157111,0.0538612406498781,0.2,"LSAM",11956,1202891,1000,"ordinal","skewed","normal","Symmetric","3",1,TRUE,0.472999999998137
"1821","X=~x1",0.340928297256725,0.089142562535523,0.4,"MC-PLSc",11957,2691214,300,"ordinal","skewed","normal","Symmetric","5",1,TRUE,17.4930000000168
"1822","X=~x2",0.627564723061094,0.0629132602190357,0.8,"MC-PLSc",11957,2691214,300,"ordinal","skewed","normal","Symmetric","5",1,TRUE,17.4930000000168
"1823","X=~x3",0.760350692335986,0.0590880487583667,0.8,"MC-PLSc",11957,2691214,300,"ordinal","skewed","normal","Symmetric","5",1,TRUE,17.4930000000168
"1824","Z=~z1",0.526274848870611,0.0741490782017196,0.6,"MC-PLSc",11957,2691214,300,"ordinal","skewed","normal","Symmetric","5",1,TRUE,17.4930000000168
"1825","Z=~z2",0.514185326610063,0.082800288298932,0.6,"MC-PLSc",11957,2691214,300,"ordinal","skewed","normal","Symmetric","5",1,TRUE,17.4930000000168
"1826","Z=~z3",0.792665834491318,0.0809665799210032,0.8,"MC-PLSc",11957,2691214,300,"ordinal","skewed","normal","Symmetric","5",1,TRUE,17.4930000000168
"1827","Y=~y1",0.355589708636518,0.0615368505334523,0.4,"MC-PLSc",11957,2691214,300,"ordinal","skewed","normal","Symmetric","5",1,TRUE,17.4930000000168
"1828","Y=~y2",0.676185211173695,0.0529187133992414,0.7,"MC-PLSc",11957,2691214,300,"ordinal","skewed","normal","Symmetric","5",1,TRUE,17.4930000000168
"1829","Y=~y3",0.813636158009036,0.0553792621339013,0.9,"MC-PLSc",11957,2691214,300,"ordinal","skewed","normal","Symmetric","5",1,TRUE,17.4930000000168
"1830","Y~X",0.589635081410031,0.0823909093809313,0.4,"MC-PLSc",11957,2691214,300,"ordinal","skewed","normal","Symmetric","5",1,TRUE,17.4930000000168
"1831","Y~Z",0.423756631746365,0.0902060830507714,0.5,"MC-PLSc",11957,2691214,300,"ordinal","skewed","normal","Symmetric","5",1,TRUE,17.4930000000168
"1832","Y~X:Z",0.271121443533004,0.0979220050806081,0.3,"MC-PLSc",11957,2691214,300,"ordinal","skewed","normal","Symmetric","5",1,TRUE,17.4930000000168
"1833","X~~Z",0.198912191644111,0.0926855136530964,0.2,"MC-PLSc",11957,2691214,300,"ordinal","skewed","normal","Symmetric","5",1,TRUE,17.4930000000168
"1834","X=~x1",0.365843615494169,0.088035863834364,0.4,"PLSc",11957,2691214,300,"ordinal","skewed","normal","Symmetric","5",1,TRUE,1.25200000003679
"1835","X=~x2",0.568038827522167,0.0744189851589306,0.8,"PLSc",11957,2691214,300,"ordinal","skewed","normal","Symmetric","5",1,TRUE,1.25200000003679
"1836","X=~x3",0.700421949038859,0.0700082824195183,0.8,"PLSc",11957,2691214,300,"ordinal","skewed","normal","Symmetric","5",1,TRUE,1.25200000003679
"1837","Z=~z1",0.537184981793073,0.0792488319737599,0.6,"PLSc",11957,2691214,300,"ordinal","skewed","normal","Symmetric","5",1,TRUE,1.25200000003679
"1838","Z=~z2",0.472668053558323,0.108423710510313,0.6,"PLSc",11957,2691214,300,"ordinal","skewed","normal","Symmetric","5",1,TRUE,1.25200000003679
"1839","Z=~z3",0.72048526569127,0.0799461241765242,0.8,"PLSc",11957,2691214,300,"ordinal","skewed","normal","Symmetric","5",1,TRUE,1.25200000003679
"1840","Y=~y1",0.352737546589133,0.0754048747365204,0.4,"PLSc",11957,2691214,300,"ordinal","skewed","normal","Symmetric","5",1,TRUE,1.25200000003679
"1841","Y=~y2",0.640857217712503,0.0513261892559206,0.7,"PLSc",11957,2691214,300,"ordinal","skewed","normal","Symmetric","5",1,TRUE,1.25200000003679
"1842","Y=~y3",0.751258785533461,0.053503454833757,0.9,"PLSc",11957,2691214,300,"ordinal","skewed","normal","Symmetric","5",1,TRUE,1.25200000003679
"1843","Y~X",0.589213063756752,0.107946965007909,0.4,"PLSc",11957,2691214,300,"ordinal","skewed","normal","Symmetric","5",1,TRUE,1.25200000003679
"1844","Y~Z",0.417986598079798,0.146980893282247,0.5,"PLSc",11957,2691214,300,"ordinal","skewed","normal","Symmetric","5",1,TRUE,1.25200000003679
"1845","Y~X:Z",0.155873214362245,0.224014342203623,0.3,"PLSc",11957,2691214,300,"ordinal","skewed","normal","Symmetric","5",1,TRUE,1.25200000003679
"1846","X~~Z",0.205776913461972,0.0966681583425392,0.2,"PLSc",11957,2691214,300,"ordinal","skewed","normal","Symmetric","5",1,TRUE,1.25200000003679
"1847","X=~x1",0.489056655795966,0.0944847135996216,0.4,"PLS",11957,2691214,300,"ordinal","skewed","normal","Symmetric","5",1,TRUE,0.881999999983236
"1848","X=~x2",0.781300201016153,0.0440795674183933,0.8,"PLS",11957,2691214,300,"ordinal","skewed","normal","Symmetric","5",1,TRUE,0.881999999983236
"1849","X=~x3",0.848627769421282,0.0288133137982863,0.8,"PLS",11957,2691214,300,"ordinal","skewed","normal","Symmetric","5",1,TRUE,0.881999999983236
"1850","Z=~z1",0.687257136488045,0.0584167884437746,0.6,"PLS",11957,2691214,300,"ordinal","skewed","normal","Symmetric","5",1,TRUE,0.881999999983236
"1851","Z=~z2",0.674931382605022,0.0791971092435752,0.6,"PLS",11957,2691214,300,"ordinal","skewed","normal","Symmetric","5",1,TRUE,0.881999999983236
"1852","Z=~z3",0.849979844509195,0.0305187326353731,0.8,"PLS",11957,2691214,300,"ordinal","skewed","normal","Symmetric","5",1,TRUE,0.881999999983236
"1853","Y=~y1",0.500281647807986,0.0792873076658085,0.4,"PLS",11957,2691214,300,"ordinal","skewed","normal","Symmetric","5",1,TRUE,0.881999999983236
"1854","Y=~y2",0.805587954628211,0.0297383408447322,0.7,"PLS",11957,2691214,300,"ordinal","skewed","normal","Symmetric","5",1,TRUE,0.881999999983236
"1855","Y=~y3",0.866606768936167,0.0202752632453098,0.9,"PLS",11957,2691214,300,"ordinal","skewed","normal","Symmetric","5",1,TRUE,0.881999999983236
"1856","Y~X",0.400022448751671,0.0485434285954968,0.4,"PLS",11957,2691214,300,"ordinal","skewed","normal","Symmetric","5",1,TRUE,0.881999999983236
"1857","Y~Z",0.308335462482659,0.0547676291472679,0.5,"PLS",11957,2691214,300,"ordinal","skewed","normal","Symmetric","5",1,TRUE,0.881999999983236
"1858","Y~X:Z",0.134437298497632,0.0438212318236491,0.3,"PLS",11957,2691214,300,"ordinal","skewed","normal","Symmetric","5",1,TRUE,0.881999999983236
"1859","X~~Z",0.12694244248312,0.0606579276370389,0.2,"PLS",11957,2691214,300,"ordinal","skewed","normal","Symmetric","5",1,TRUE,0.881999999983236
"1860","X=~x1",0.294,0.076,0.4,"Mplus",11957,2691214,300,"ordinal","skewed","normal","Symmetric","5",1,TRUE,217.888999999966
"1861","X=~x2",0.629,0.058,0.8,"Mplus",11957,2691214,300,"ordinal","skewed","normal","Symmetric","5",1,TRUE,217.888999999966
"1862","X=~x3",0.717,0.06,0.8,"Mplus",11957,2691214,300,"ordinal","skewed","normal","Symmetric","5",1,TRUE,217.888999999966
"1863","Z=~z1",0.483,0.074,0.6,"Mplus",11957,2691214,300,"ordinal","skewed","normal","Symmetric","5",1,TRUE,217.888999999966
"1864","Z=~z2",0.551,0.068,0.6,"Mplus",11957,2691214,300,"ordinal","skewed","normal","Symmetric","5",1,TRUE,217.888999999966
"1865","Z=~z3",0.735,0.067,0.8,"Mplus",11957,2691214,300,"ordinal","skewed","normal","Symmetric","5",1,TRUE,217.888999999966
"1866","Y=~y1",0.351,0.06,0.4,"Mplus",11957,2691214,300,"ordinal","skewed","normal","Symmetric","5",1,TRUE,217.888999999966
"1867","Y=~y2",0.699,0.054,0.7,"Mplus",11957,2691214,300,"ordinal","skewed","normal","Symmetric","5",1,TRUE,217.888999999966
"1868","Y=~y3",0.813,0.047,0.9,"Mplus",11957,2691214,300,"ordinal","skewed","normal","Symmetric","5",1,TRUE,217.888999999966
"1869","Y~X",0.565,0.081,0.4,"Mplus",11957,2691214,300,"ordinal","skewed","normal","Symmetric","5",1,TRUE,217.888999999966
"1870","Y~Z",0.409,0.092,0.5,"Mplus",11957,2691214,300,"ordinal","skewed","normal","Symmetric","5",1,TRUE,217.888999999966
"1871","Y~X:Z",0.453,0.068,0.3,"Mplus",11957,2691214,300,"ordinal","skewed","normal","Symmetric","5",1,TRUE,217.888999999966
"1872","X~~Z",0.264,0.09,0.2,"Mplus",11957,2691214,300,"ordinal","skewed","normal","Symmetric","5",1,TRUE,217.888999999966
"1873","X=~x1",0.309408601391467,0.0672540085301142,0.4,"LSAM",11957,2691214,300,"ordinal","skewed","normal","Symmetric","5",1,TRUE,0.432000000029802
"1874","X=~x2",0.63149421691435,0.150365471756108,0.8,"LSAM",11957,2691214,300,"ordinal","skewed","normal","Symmetric","5",1,TRUE,0.432000000029802
"1875","X=~x3",0.718236486834137,0.162463434236513,0.8,"LSAM",11957,2691214,300,"ordinal","skewed","normal","Symmetric","5",1,TRUE,0.432000000029802
"1876","Z=~z1",0.428115072846025,0.0376154534164537,0.6,"LSAM",11957,2691214,300,"ordinal","skewed","normal","Symmetric","5",1,TRUE,0.432000000029802
"1877","Z=~z2",0.486224767029092,0.0847995460248034,0.6,"LSAM",11957,2691214,300,"ordinal","skewed","normal","Symmetric","5",1,TRUE,0.432000000029802
"1878","Z=~z3",0.837318804852101,0.133369873438592,0.8,"LSAM",11957,2691214,300,"ordinal","skewed","normal","Symmetric","5",1,TRUE,0.432000000029802
"1879","Y=~y1",0.316207032975873,0.0230316470143957,0.4,"LSAM",11957,2691214,300,"ordinal","skewed","normal","Symmetric","5",1,TRUE,0.432000000029802
"1880","Y=~y2",0.596942455589631,0.102895074226079,0.7,"LSAM",11957,2691214,300,"ordinal","skewed","normal","Symmetric","5",1,TRUE,0.432000000029802
"1881","Y=~y3",0.83647258965862,0.142403383156559,0.9,"LSAM",11957,2691214,300,"ordinal","skewed","normal","Symmetric","5",1,TRUE,0.432000000029802
"1882","Y~X",0.55802022729964,0.072165926989855,0.4,"LSAM",11957,2691214,300,"ordinal","skewed","normal","Symmetric","5",1,TRUE,0.432000000029802
"1883","Y~Z",0.36831438326439,0.0953459918808743,0.5,"LSAM",11957,2691214,300,"ordinal","skewed","normal","Symmetric","5",1,TRUE,0.432000000029802
"1884","Y~X:Z",0.134393469131974,0.0646313570708729,0.3,"LSAM",11957,2691214,300,"ordinal","skewed","normal","Symmetric","5",1,TRUE,0.432000000029802
"1885","X~~Z",0.147675396861154,0.0917322248494667,0.2,"LSAM",11957,2691214,300,"ordinal","skewed","normal","Symmetric","5",1,TRUE,0.432000000029802
"1886","X=~x1",0.415191646297751,0.0378453065166001,0.4,"MC-PLSc",11958,7976399,1000,"ordinal","skewed","normal","Symmetric","5",1,TRUE,19.1110000000335
"1887","X=~x2",0.779100377127449,0.0360720709556469,0.8,"MC-PLSc",11958,7976399,1000,"ordinal","skewed","normal","Symmetric","5",1,TRUE,19.1110000000335
"1888","X=~x3",0.762143310895745,0.036876950018729,0.8,"MC-PLSc",11958,7976399,1000,"ordinal","skewed","normal","Symmetric","5",1,TRUE,19.1110000000335
"1889","Z=~z1",0.551096548364514,0.0346107818542062,0.6,"MC-PLSc",11958,7976399,1000,"ordinal","skewed","normal","Symmetric","5",1,TRUE,19.1110000000335
"1890","Z=~z2",0.557165483738282,0.0323394683775592,0.6,"MC-PLSc",11958,7976399,1000,"ordinal","skewed","normal","Symmetric","5",1,TRUE,19.1110000000335
"1891","Z=~z3",0.803714580676792,0.0268371439911123,0.8,"MC-PLSc",11958,7976399,1000,"ordinal","skewed","normal","Symmetric","5",1,TRUE,19.1110000000335
"1892","Y=~y1",0.420901204216953,0.0344532058776965,0.4,"MC-PLSc",11958,7976399,1000,"ordinal","skewed","normal","Symmetric","5",1,TRUE,19.1110000000335
"1893","Y=~y2",0.673822478894778,0.0270953548618349,0.7,"MC-PLSc",11958,7976399,1000,"ordinal","skewed","normal","Symmetric","5",1,TRUE,19.1110000000335
"1894","Y=~y3",0.825386672988685,0.0245083642752383,0.9,"MC-PLSc",11958,7976399,1000,"ordinal","skewed","normal","Symmetric","5",1,TRUE,19.1110000000335
"1895","Y~X",0.432733967527967,0.0405768964240332,0.4,"MC-PLSc",11958,7976399,1000,"ordinal","skewed","normal","Symmetric","5",1,TRUE,19.1110000000335
"1896","Y~Z",0.574336575369049,0.0368978491304288,0.5,"MC-PLSc",11958,7976399,1000,"ordinal","skewed","normal","Symmetric","5",1,TRUE,19.1110000000335
"1897","Y~X:Z",0.280526464007048,0.0545733961474986,0.3,"MC-PLSc",11958,7976399,1000,"ordinal","skewed","normal","Symmetric","5",1,TRUE,19.1110000000335
"1898","X~~Z",0.173419903036624,0.0462147497679099,0.2,"MC-PLSc",11958,7976399,1000,"ordinal","skewed","normal","Symmetric","5",1,TRUE,19.1110000000335
"1899","X=~x1",0.399703273689798,0.056456492177382,0.4,"PLSc",11958,7976399,1000,"ordinal","skewed","normal","Symmetric","5",1,TRUE,1.35700000001816
"1900","X=~x2",0.743032499979371,0.0414401305363931,0.8,"PLSc",11958,7976399,1000,"ordinal","skewed","normal","Symmetric","5",1,TRUE,1.35700000001816
"1901","X=~x3",0.711088097603955,0.0391720129700941,0.8,"PLSc",11958,7976399,1000,"ordinal","skewed","normal","Symmetric","5",1,TRUE,1.35700000001816
"1902","Z=~z1",0.531817546301613,0.041601405086817,0.6,"PLSc",11958,7976399,1000,"ordinal","skewed","normal","Symmetric","5",1,TRUE,1.35700000001816
"1903","Z=~z2",0.526535351320556,0.0412115443908508,0.6,"PLSc",11958,7976399,1000,"ordinal","skewed","normal","Symmetric","5",1,TRUE,1.35700000001816
"1904","Z=~z3",0.757578628938101,0.035383960706292,0.8,"PLSc",11958,7976399,1000,"ordinal","skewed","normal","Symmetric","5",1,TRUE,1.35700000001816
"1905","Y=~y1",0.408255452264239,0.0372570293193845,0.4,"PLSc",11958,7976399,1000,"ordinal","skewed","normal","Symmetric","5",1,TRUE,1.35700000001816
"1906","Y=~y2",0.629773373827492,0.0307825633181927,0.7,"PLSc",11958,7976399,1000,"ordinal","skewed","normal","Symmetric","5",1,TRUE,1.35700000001816
"1907","Y=~y3",0.77992303865673,0.0259906181212233,0.9,"PLSc",11958,7976399,1000,"ordinal","skewed","normal","Symmetric","5",1,TRUE,1.35700000001816
"1908","Y~X",0.422596268063063,0.0447700527411167,0.4,"PLSc",11958,7976399,1000,"ordinal","skewed","normal","Symmetric","5",1,TRUE,1.35700000001816
"1909","Y~Z",0.572354528053752,0.0415809974332955,0.5,"PLSc",11958,7976399,1000,"ordinal","skewed","normal","Symmetric","5",1,TRUE,1.35700000001816
"1910","Y~X:Z",0.217731096323798,0.0556770120548898,0.3,"PLSc",11958,7976399,1000,"ordinal","skewed","normal","Symmetric","5",1,TRUE,1.35700000001816
"1911","X~~Z",0.173055433923258,0.0468861982175036,0.2,"PLSc",11958,7976399,1000,"ordinal","skewed","normal","Symmetric","5",1,TRUE,1.35700000001816
"1912","X=~x1",0.560803308387876,0.0449674057739414,0.4,"PLS",11958,7976399,1000,"ordinal","skewed","normal","Symmetric","5",1,TRUE,0.931999999971595
"1913","X=~x2",0.849398115237703,0.0156391177967473,0.8,"PLS",11958,7976399,1000,"ordinal","skewed","normal","Symmetric","5",1,TRUE,0.931999999971595
"1914","X=~x3",0.84182377493358,0.0159868890817422,0.8,"PLS",11958,7976399,1000,"ordinal","skewed","normal","Symmetric","5",1,TRUE,0.931999999971595
"1915","Z=~z1",0.700354571745496,0.0289141469017915,0.6,"PLS",11958,7976399,1000,"ordinal","skewed","normal","Symmetric","5",1,TRUE,0.931999999971595
"1916","Z=~z2",0.706530282341027,0.0270838583941457,0.6,"PLS",11958,7976399,1000,"ordinal","skewed","normal","Symmetric","5",1,TRUE,0.931999999971595
"1917","Z=~z3",0.852847790194588,0.0122597305120913,0.8,"PLS",11958,7976399,1000,"ordinal","skewed","normal","Symmetric","5",1,TRUE,0.931999999971595
"1918","Y=~y1",0.57070844187564,0.0344972740147238,0.4,"PLS",11958,7976399,1000,"ordinal","skewed","normal","Symmetric","5",1,TRUE,0.931999999971595
"1919","Y=~y2",0.79647655613918,0.0163934782565921,0.7,"PLS",11958,7976399,1000,"ordinal","skewed","normal","Symmetric","5",1,TRUE,0.931999999971595
"1920","Y=~y3",0.866421209807908,0.00934850031247648,0.9,"PLS",11958,7976399,1000,"ordinal","skewed","normal","Symmetric","5",1,TRUE,0.931999999971595
"1921","Y~X",0.325363508940427,0.0266074187974367,0.4,"PLS",11958,7976399,1000,"ordinal","skewed","normal","Symmetric","5",1,TRUE,0.931999999971595
"1922","Y~Z",0.403980825788808,0.0250234321521908,0.5,"PLS",11958,7976399,1000,"ordinal","skewed","normal","Symmetric","5",1,TRUE,0.931999999971595
"1923","Y~X:Z",0.15056916190458,0.0244722155907355,0.3,"PLS",11958,7976399,1000,"ordinal","skewed","normal","Symmetric","5",1,TRUE,0.931999999971595
"1924","X~~Z",0.118178975579048,0.0322847761664115,0.2,"PLS",11958,7976399,1000,"ordinal","skewed","normal","Symmetric","5",1,TRUE,0.931999999971595
"1925","X=~x1",0.389,0.035,0.4,"Mplus",11958,7976399,1000,"ordinal","skewed","normal","Symmetric","5",1,TRUE,1003.51400000002
"1926","X=~x2",0.761,0.031,0.8,"Mplus",11958,7976399,1000,"ordinal","skewed","normal","Symmetric","5",1,TRUE,1003.51400000002
"1927","X=~x3",0.746,0.031,0.8,"Mplus",11958,7976399,1000,"ordinal","skewed","normal","Symmetric","5",1,TRUE,1003.51400000002
"1928","Z=~z1",0.526,0.034,0.6,"Mplus",11958,7976399,1000,"ordinal","skewed","normal","Symmetric","5",1,TRUE,1003.51400000002
"1929","Z=~z2",0.56,0.032,0.6,"Mplus",11958,7976399,1000,"ordinal","skewed","normal","Symmetric","5",1,TRUE,1003.51400000002
"1930","Z=~z3",0.782,0.027,0.8,"Mplus",11958,7976399,1000,"ordinal","skewed","normal","Symmetric","5",1,TRUE,1003.51400000002
"1931","Y=~y1",0.376,0.033,0.4,"Mplus",11958,7976399,1000,"ordinal","skewed","normal","Symmetric","5",1,TRUE,1003.51400000002
"1932","Y=~y2",0.664,0.029,0.7,"Mplus",11958,7976399,1000,"ordinal","skewed","normal","Symmetric","5",1,TRUE,1003.51400000002
"1933","Y=~y3",0.84,0.025,0.9,"Mplus",11958,7976399,1000,"ordinal","skewed","normal","Symmetric","5",1,TRUE,1003.51400000002
"1934","Y~X",0.395,0.041,0.4,"Mplus",11958,7976399,1000,"ordinal","skewed","normal","Symmetric","5",1,TRUE,1003.51400000002
"1935","Y~Z",0.55,0.039,0.5,"Mplus",11958,7976399,1000,"ordinal","skewed","normal","Symmetric","5",1,TRUE,1003.51400000002
"1936","Y~X:Z",0.374,0.048,0.3,"Mplus",11958,7976399,1000,"ordinal","skewed","normal","Symmetric","5",1,TRUE,1003.51400000002
"1937","X~~Z",0.246,0.046,0.2,"Mplus",11958,7976399,1000,"ordinal","skewed","normal","Symmetric","5",1,TRUE,1003.51400000002
"1938","X=~x1",0.391336020196653,0.0324985281523734,0.4,"LSAM",11958,7976399,1000,"ordinal","skewed","normal","Symmetric","5",1,TRUE,0.434000000008382
"1939","X=~x2",0.718287412325728,0.0600195879774148,0.8,"LSAM",11958,7976399,1000,"ordinal","skewed","normal","Symmetric","5",1,TRUE,0.434000000008382
"1940","X=~x3",0.743101847734789,0.0605616367291636,0.8,"LSAM",11958,7976399,1000,"ordinal","skewed","normal","Symmetric","5",1,TRUE,0.434000000008382
"1941","Z=~z1",0.508232991003892,0.0211338110311527,0.6,"LSAM",11958,7976399,1000,"ordinal","skewed","normal","Symmetric","5",1,TRUE,0.434000000008382
"1942","Z=~z2",0.529292384649615,0.0443049835760797,0.6,"LSAM",11958,7976399,1000,"ordinal","skewed","normal","Symmetric","5",1,TRUE,0.434000000008382
"1943","Z=~z3",0.780301619828377,0.0579064920864323,0.8,"LSAM",11958,7976399,1000,"ordinal","skewed","normal","Symmetric","5",1,TRUE,0.434000000008382
"1944","Y=~y1",0.390325007101684,0.0147585155990726,0.4,"LSAM",11958,7976399,1000,"ordinal","skewed","normal","Symmetric","5",1,TRUE,0.434000000008382
"1945","Y=~y2",0.637705939678671,0.0501906798986266,0.7,"LSAM",11958,7976399,1000,"ordinal","skewed","normal","Symmetric","5",1,TRUE,0.434000000008382
"1946","Y=~y3",0.787971249521193,0.0598523998884064,0.9,"LSAM",11958,7976399,1000,"ordinal","skewed","normal","Symmetric","5",1,TRUE,0.434000000008382
"1947","Y~X",0.412649357354336,0.0464159924753167,0.4,"LSAM",11958,7976399,1000,"ordinal","skewed","normal","Symmetric","5",1,TRUE,0.434000000008382
"1948","Y~Z",0.540848157661697,0.0492018297595693,0.5,"LSAM",11958,7976399,1000,"ordinal","skewed","normal","Symmetric","5",1,TRUE,0.434000000008382
"1949","Y~X:Z",0.214018629086314,0.0458751632571665,0.3,"LSAM",11958,7976399,1000,"ordinal","skewed","normal","Symmetric","5",1,TRUE,0.434000000008382
"1950","X~~Z",0.193241298137454,0.0461090876542873,0.2,"LSAM",11958,7976399,1000,"ordinal","skewed","normal","Symmetric","5",1,TRUE,0.434000000008382
"1951","X=~x1",0.255920125852901,0.144543740350689,0.4,"MC-PLSc",11959,8183227,300,"ordinal","skewed","normal","Extreme","2",1,TRUE,10.8190000000177
"1952","X=~x2",0.852893432355282,0.0953413826036282,0.8,"MC-PLSc",11959,8183227,300,"ordinal","skewed","normal","Extreme","2",1,TRUE,10.8190000000177
"1953","X=~x3",0.944853867754078,0.0883473708091127,0.8,"MC-PLSc",11959,8183227,300,"ordinal","skewed","normal","Extreme","2",1,TRUE,10.8190000000177
"1954","Z=~z1",0.776359862192829,0.117429729227919,0.6,"MC-PLSc",11959,8183227,300,"ordinal","skewed","normal","Extreme","2",1,TRUE,10.8190000000177
"1955","Z=~z2",0.542418616349632,0.117361853283199,0.6,"MC-PLSc",11959,8183227,300,"ordinal","skewed","normal","Extreme","2",1,TRUE,10.8190000000177
"1956","Z=~z3",0.939048685367847,0.120753089031462,0.8,"MC-PLSc",11959,8183227,300,"ordinal","skewed","normal","Extreme","2",1,TRUE,10.8190000000177
"1957","Y=~y1",0.269538784380267,0.102655400262537,0.4,"MC-PLSc",11959,8183227,300,"ordinal","skewed","normal","Extreme","2",1,TRUE,10.8190000000177
"1958","Y=~y2",0.71655883529311,0.134532472895523,0.7,"MC-PLSc",11959,8183227,300,"ordinal","skewed","normal","Extreme","2",1,TRUE,10.8190000000177
"1959","Y=~y3",0.808621367279615,0.168068511048677,0.9,"MC-PLSc",11959,8183227,300,"ordinal","skewed","normal","Extreme","2",1,TRUE,10.8190000000177
"1960","Y~X",0.547554306727556,0.156377300677426,0.4,"MC-PLSc",11959,8183227,300,"ordinal","skewed","normal","Extreme","2",1,TRUE,10.8190000000177
"1961","Y~Z",0.635857119495776,0.194883307736145,0.5,"MC-PLSc",11959,8183227,300,"ordinal","skewed","normal","Extreme","2",1,TRUE,10.8190000000177
"1962","Y~X:Z",0.257967053236658,0.422510657540599,0.3,"MC-PLSc",11959,8183227,300,"ordinal","skewed","normal","Extreme","2",1,TRUE,10.8190000000177
"1963","X~~Z",0.141691000697057,0.109820752265441,0.2,"MC-PLSc",11959,8183227,300,"ordinal","skewed","normal","Extreme","2",1,TRUE,10.8190000000177
"1964","X=~x1",0.0657389162405512,0.13593594029403,0.4,"PLSc",11959,8183227,300,"ordinal","skewed","normal","Extreme","2",1,TRUE,1.26199999998789
"1965","X=~x2",0.694016562715445,0.104506002809833,0.8,"PLSc",11959,8183227,300,"ordinal","skewed","normal","Extreme","2",1,TRUE,1.26199999998789
"1966","X=~x3",0.796403437742093,0.0985248686430821,0.8,"PLSc",11959,8183227,300,"ordinal","skewed","normal","Extreme","2",1,TRUE,1.26199999998789
"1967","Z=~z1",0.620233888752902,0.119240475911869,0.6,"PLSc",11959,8183227,300,"ordinal","skewed","normal","Extreme","2",1,TRUE,1.26199999998789
"1968","Z=~z2",0.304273685103951,0.138793483079,0.6,"PLSc",11959,8183227,300,"ordinal","skewed","normal","Extreme","2",1,TRUE,1.26199999998789
"1969","Z=~z3",0.76831496721874,0.118540477218666,0.8,"PLSc",11959,8183227,300,"ordinal","skewed","normal","Extreme","2",1,TRUE,1.26199999998789
"1970","Y=~y1",0.185774680961473,0.0943891091943398,0.4,"PLSc",11959,8183227,300,"ordinal","skewed","normal","Extreme","2",1,TRUE,1.26199999998789
"1971","Y=~y2",0.597179804648218,0.0880115861672015,0.7,"PLSc",11959,8183227,300,"ordinal","skewed","normal","Extreme","2",1,TRUE,1.26199999998789
"1972","Y=~y3",0.671136391280409,0.0854169958171659,0.9,"PLSc",11959,8183227,300,"ordinal","skewed","normal","Extreme","2",1,TRUE,1.26199999998789
"1973","Y~X",0.456159431276638,0.419736448199778,0.4,"PLSc",11959,8183227,300,"ordinal","skewed","normal","Extreme","2",1,TRUE,1.26199999998789
"1974","Y~Z",0.575314134373764,1.17162453667349,0.5,"PLSc",11959,8183227,300,"ordinal","skewed","normal","Extreme","2",1,TRUE,1.26199999998789
"1975","Y~X:Z",0.276924655956371,3.11670965841871,0.3,"PLSc",11959,8183227,300,"ordinal","skewed","normal","Extreme","2",1,TRUE,1.26199999998789
"1976","X~~Z",0.0962542254970817,0.086706736806884,0.2,"PLSc",11959,8183227,300,"ordinal","skewed","normal","Extreme","2",1,TRUE,1.26199999998789
"1977","X=~x1",0.252517901381856,0.151399490163894,0.4,"PLS",11959,8183227,300,"ordinal","skewed","normal","Extreme","2",1,TRUE,0.880000000004657
"1978","X=~x2",0.856440398551384,0.0443084967375988,0.8,"PLS",11959,8183227,300,"ordinal","skewed","normal","Extreme","2",1,TRUE,0.880000000004657
"1979","X=~x3",0.889547627923433,0.0354340878015366,0.8,"PLS",11959,8183227,300,"ordinal","skewed","normal","Extreme","2",1,TRUE,0.880000000004657
"1980","Z=~z1",0.771046647829811,0.0747070200352215,0.6,"PLS",11959,8183227,300,"ordinal","skewed","normal","Extreme","2",1,TRUE,0.880000000004657
"1981","Z=~z2",0.55535385247261,0.118413838373953,0.6,"PLS",11959,8183227,300,"ordinal","skewed","normal","Extreme","2",1,TRUE,0.880000000004657
"1982","Z=~z3",0.855779777722502,0.047576355771623,0.8,"PLS",11959,8183227,300,"ordinal","skewed","normal","Extreme","2",1,TRUE,0.880000000004657
"1983","Y=~y1",0.320664440539249,0.121107367872452,0.4,"PLS",11959,8183227,300,"ordinal","skewed","normal","Extreme","2",1,TRUE,0.880000000004657
"1984","Y=~y2",0.797775823567797,0.0561163396560292,0.7,"PLS",11959,8183227,300,"ordinal","skewed","normal","Extreme","2",1,TRUE,0.880000000004657
"1985","Y=~y3",0.846152076758791,0.040842881506954,0.9,"PLS",11959,8183227,300,"ordinal","skewed","normal","Extreme","2",1,TRUE,0.880000000004657
"1986","Y~X",0.329317317919042,0.0678091773321248,0.4,"PLS",11959,8183227,300,"ordinal","skewed","normal","Extreme","2",1,TRUE,0.880000000004657
"1987","Y~Z",0.356337783779101,0.0720233453258661,0.5,"PLS",11959,8183227,300,"ordinal","skewed","normal","Extreme","2",1,TRUE,0.880000000004657
"1988","Y~X:Z",0.148338758590502,0.0716312130078385,0.3,"PLS",11959,8183227,300,"ordinal","skewed","normal","Extreme","2",1,TRUE,0.880000000004657
"1989","X~~Z",0.0668699051287155,0.057987352633398,0.2,"PLS",11959,8183227,300,"ordinal","skewed","normal","Extreme","2",1,TRUE,0.880000000004657
"1990","X=~x1",NA,NA,0.4,"Mplus",11959,8183227,300,"ordinal","skewed","normal","Extreme","2",1,FALSE,281.943000000028
"1991","X=~x2",NA,NA,0.8,"Mplus",11959,8183227,300,"ordinal","skewed","normal","Extreme","2",1,FALSE,281.943000000028
"1992","X=~x3",NA,NA,0.8,"Mplus",11959,8183227,300,"ordinal","skewed","normal","Extreme","2",1,FALSE,281.943000000028
"1993","Z=~z1",NA,NA,0.6,"Mplus",11959,8183227,300,"ordinal","skewed","normal","Extreme","2",1,FALSE,281.943000000028
"1994","Z=~z2",NA,NA,0.6,"Mplus",11959,8183227,300,"ordinal","skewed","normal","Extreme","2",1,FALSE,281.943000000028
"1995","Z=~z3",NA,NA,0.8,"Mplus",11959,8183227,300,"ordinal","skewed","normal","Extreme","2",1,FALSE,281.943000000028
"1996","Y=~y1",NA,NA,0.4,"Mplus",11959,8183227,300,"ordinal","skewed","normal","Extreme","2",1,FALSE,281.943000000028
"1997","Y=~y2",NA,NA,0.7,"Mplus",11959,8183227,300,"ordinal","skewed","normal","Extreme","2",1,FALSE,281.943000000028
"1998","Y=~y3",NA,NA,0.9,"Mplus",11959,8183227,300,"ordinal","skewed","normal","Extreme","2",1,FALSE,281.943000000028
"1999","Y~X",NA,NA,0.4,"Mplus",11959,8183227,300,"ordinal","skewed","normal","Extreme","2",1,FALSE,281.943000000028
"2000","Y~Z",NA,NA,0.5,"Mplus",11959,8183227,300,"ordinal","skewed","normal","Extreme","2",1,FALSE,281.943000000028
"2001","Y~X:Z",NA,NA,0.3,"Mplus",11959,8183227,300,"ordinal","skewed","normal","Extreme","2",1,FALSE,281.943000000028
"2002","X~~Z",NA,NA,0.2,"Mplus",11959,8183227,300,"ordinal","skewed","normal","Extreme","2",1,FALSE,281.943000000028
"2003","X=~x1",0.307750485332933,0.0742015221222999,0.4,"LSAM",11959,8183227,300,"ordinal","skewed","normal","Extreme","2",1,TRUE,0.478000000002794
"2004","X=~x2",0.83381001953137,0.150148210165953,0.8,"LSAM",11959,8183227,300,"ordinal","skewed","normal","Extreme","2",1,TRUE,0.478000000002794
"2005","X=~x3",0.628716879760243,0.141906276789738,0.8,"LSAM",11959,8183227,300,"ordinal","skewed","normal","Extreme","2",1,TRUE,0.478000000002794
"2006","Z=~z1",0.560430674131277,0.233753012014735,0.6,"LSAM",11959,8183227,300,"ordinal","skewed","normal","Extreme","2",1,TRUE,0.478000000002794
"2007","Z=~z2",0.470842570133872,0.235047592118129,0.6,"LSAM",11959,8183227,300,"ordinal","skewed","normal","Extreme","2",1,TRUE,0.478000000002794
"2008","Z=~z3",0.709435385040296,0.240053387757871,0.8,"LSAM",11959,8183227,300,"ordinal","skewed","normal","Extreme","2",1,TRUE,0.478000000002794
"2009","Y=~y1",0.302756540048033,0.0360591667474843,0.4,"LSAM",11959,8183227,300,"ordinal","skewed","normal","Extreme","2",1,TRUE,0.478000000002794
"2010","Y=~y2",0.55185005802832,0.134725830881604,0.7,"LSAM",11959,8183227,300,"ordinal","skewed","normal","Extreme","2",1,TRUE,0.478000000002794
"2011","Y=~y3",0.679680683712202,0.170906552192737,0.9,"LSAM",11959,8183227,300,"ordinal","skewed","normal","Extreme","2",1,TRUE,0.478000000002794
"2012","Y~X",0.358740948294816,0.171441121370722,0.4,"LSAM",11959,8183227,300,"ordinal","skewed","normal","Extreme","2",1,TRUE,0.478000000002794
"2013","Y~Z",0.606200451503661,0.610583916815583,0.5,"LSAM",11959,8183227,300,"ordinal","skewed","normal","Extreme","2",1,TRUE,0.478000000002794
"2014","Y~X:Z",0.346692039792144,0.646703089047184,0.3,"LSAM",11959,8183227,300,"ordinal","skewed","normal","Extreme","2",1,TRUE,0.478000000002794
"2015","X~~Z",0.10665215041582,0.131559695853871,0.2,"LSAM",11959,8183227,300,"ordinal","skewed","normal","Extreme","2",1,TRUE,0.478000000002794
"2016","X=~x1",0.441485576859233,0.0746054919261342,0.4,"MC-PLSc",11960,8921259,1000,"ordinal","skewed","normal","Extreme","2",1,TRUE,17.5109999999986
"2017","X=~x2",0.957767893320562,0.0498023969759094,0.8,"MC-PLSc",11960,8921259,1000,"ordinal","skewed","normal","Extreme","2",1,TRUE,17.5109999999986
"2018","X=~x3",0.910540309011953,0.0471111101672335,0.8,"MC-PLSc",11960,8921259,1000,"ordinal","skewed","normal","Extreme","2",1,TRUE,17.5109999999986
"2019","Z=~z1",0.759118400848543,0.0387269023806317,0.6,"MC-PLSc",11960,8921259,1000,"ordinal","skewed","normal","Extreme","2",1,TRUE,17.5109999999986
"2020","Z=~z2",0.823388336921217,0.0352955495666271,0.6,"MC-PLSc",11960,8921259,1000,"ordinal","skewed","normal","Extreme","2",1,TRUE,17.5109999999986
"2021","Z=~z3",0.887472674250635,0.0341510309704033,0.8,"MC-PLSc",11960,8921259,1000,"ordinal","skewed","normal","Extreme","2",1,TRUE,17.5109999999986
"2022","Y=~y1",0.437120489402956,0.0555957395225928,0.4,"MC-PLSc",11960,8921259,1000,"ordinal","skewed","normal","Extreme","2",1,TRUE,17.5109999999986
"2023","Y=~y2",0.704688739393616,0.0613669433524728,0.7,"MC-PLSc",11960,8921259,1000,"ordinal","skewed","normal","Extreme","2",1,TRUE,17.5109999999986
"2024","Y=~y3",0.962648707766217,0.0550015494497219,0.9,"MC-PLSc",11960,8921259,1000,"ordinal","skewed","normal","Extreme","2",1,TRUE,17.5109999999986
"2025","Y~X",0.235485533624435,0.141933155935557,0.4,"MC-PLSc",11960,8921259,1000,"ordinal","skewed","normal","Extreme","2",1,TRUE,17.5109999999986
"2026","Y~Z",0.742702541965127,0.0740557664919864,0.5,"MC-PLSc",11960,8921259,1000,"ordinal","skewed","normal","Extreme","2",1,TRUE,17.5109999999986
"2027","Y~X:Z",0.345636224616077,0.28055396608434,0.3,"MC-PLSc",11960,8921259,1000,"ordinal","skewed","normal","Extreme","2",1,TRUE,17.5109999999986
"2028","X~~Z",0.294886739139498,0.0708397538240038,0.2,"MC-PLSc",11960,8921259,1000,"ordinal","skewed","normal","Extreme","2",1,TRUE,17.5109999999986
"2029","X=~x1",0.322357726375036,0.0852104366024205,0.4,"PLSc",11960,8921259,1000,"ordinal","skewed","normal","Extreme","2",1,TRUE,1.36600000003818
"2030","X=~x2",0.794660577059346,0.0611781765616324,0.8,"PLSc",11960,8921259,1000,"ordinal","skewed","normal","Extreme","2",1,TRUE,1.36600000003818
"2031","X=~x3",0.740593216242664,0.0627345497367125,0.8,"PLSc",11960,8921259,1000,"ordinal","skewed","normal","Extreme","2",1,TRUE,1.36600000003818
"2032","Z=~z1",0.56488504776105,0.0514946518541863,0.6,"PLSc",11960,8921259,1000,"ordinal","skewed","normal","Extreme","2",1,TRUE,1.36600000003818
"2033","Z=~z2",0.657392571072268,0.0474959494853412,0.6,"PLSc",11960,8921259,1000,"ordinal","skewed","normal","Extreme","2",1,TRUE,1.36600000003818
"2034","Z=~z3",0.695111479534305,0.0431328556368205,0.8,"PLSc",11960,8921259,1000,"ordinal","skewed","normal","Extreme","2",1,TRUE,1.36600000003818
"2035","Y=~y1",0.344047463533646,0.0506233153884247,0.4,"PLSc",11960,8921259,1000,"ordinal","skewed","normal","Extreme","2",1,TRUE,1.36600000003818
"2036","Y=~y2",0.585417196551663,0.0413768791225702,0.7,"PLSc",11960,8921259,1000,"ordinal","skewed","normal","Extreme","2",1,TRUE,1.36600000003818
"2037","Y=~y3",0.81060726973872,0.0327259340028826,0.9,"PLSc",11960,8921259,1000,"ordinal","skewed","normal","Extreme","2",1,TRUE,1.36600000003818
"2038","Y~X",0.305356753003788,0.0560056913618352,0.4,"PLSc",11960,8921259,1000,"ordinal","skewed","normal","Extreme","2",1,TRUE,1.36600000003818
"2039","Y~Z",0.674655410658467,0.0624369646119781,0.5,"PLSc",11960,8921259,1000,"ordinal","skewed","normal","Extreme","2",1,TRUE,1.36600000003818
"2040","Y~X:Z",0.0957666018412624,0.0547088295436993,0.3,"PLSc",11960,8921259,1000,"ordinal","skewed","normal","Extreme","2",1,TRUE,1.36600000003818
"2041","X~~Z",0.210490442443371,0.0554983004820871,0.2,"PLSc",11960,8921259,1000,"ordinal","skewed","normal","Extreme","2",1,TRUE,1.36600000003818
"2042","X=~x1",0.428446954684993,0.0735413800463038,0.4,"PLS",11960,8921259,1000,"ordinal","skewed","normal","Extreme","2",1,TRUE,0.924999999988358
"2043","X=~x2",0.88725634472429,0.0193629556695715,0.8,"PLS",11960,8921259,1000,"ordinal","skewed","normal","Extreme","2",1,TRUE,0.924999999988358
"2044","X=~x3",0.87415951069635,0.0218491352362211,0.8,"PLS",11960,8921259,1000,"ordinal","skewed","normal","Extreme","2",1,TRUE,0.924999999988358
"2045","Z=~z1",0.727271571949555,0.0342354213687642,0.6,"PLS",11960,8921259,1000,"ordinal","skewed","normal","Extreme","2",1,TRUE,0.924999999988358
"2046","Z=~z2",0.778766191343195,0.0272503491999282,0.6,"PLS",11960,8921259,1000,"ordinal","skewed","normal","Extreme","2",1,TRUE,0.924999999988358
"2047","Z=~z3",0.823786454740298,0.0191502364798897,0.8,"PLS",11960,8921259,1000,"ordinal","skewed","normal","Extreme","2",1,TRUE,0.924999999988358
"2048","Y=~y1",0.497475230906001,0.0572266903023894,0.4,"PLS",11960,8921259,1000,"ordinal","skewed","normal","Extreme","2",1,TRUE,0.924999999988358
"2049","Y=~y2",0.779791974978592,0.0288403230624959,0.7,"PLS",11960,8921259,1000,"ordinal","skewed","normal","Extreme","2",1,TRUE,0.924999999988358
"2050","Y=~y3",0.883205602461634,0.0119124996448704,0.9,"PLS",11960,8921259,1000,"ordinal","skewed","normal","Extreme","2",1,TRUE,0.924999999988358
"2051","Y~X",0.246027086341893,0.0380711208424331,0.4,"PLS",11960,8921259,1000,"ordinal","skewed","normal","Extreme","2",1,TRUE,0.924999999988358
"2052","Y~Z",0.464036647353957,0.0403913965953733,0.5,"PLS",11960,8921259,1000,"ordinal","skewed","normal","Extreme","2",1,TRUE,0.924999999988358
"2053","Y~X:Z",0.13162888912947,0.0326532964367052,0.3,"PLS",11960,8921259,1000,"ordinal","skewed","normal","Extreme","2",1,TRUE,0.924999999988358
"2054","X~~Z",0.14966261904564,0.0397946728398718,0.2,"PLS",11960,8921259,1000,"ordinal","skewed","normal","Extreme","2",1,TRUE,0.924999999988358
"2055","X=~x1",0.34,0.032,0.4,"Mplus",11960,8921259,1000,"ordinal","skewed","normal","Extreme","2",1,TRUE,170.644000000029
"2056","X=~x2",0.951,0.022,0.8,"Mplus",11960,8921259,1000,"ordinal","skewed","normal","Extreme","2",1,TRUE,170.644000000029
"2057","X=~x3",0.915,0.031,0.8,"Mplus",11960,8921259,1000,"ordinal","skewed","normal","Extreme","2",1,TRUE,170.644000000029
"2058","Z=~z1",0.756,0.039,0.6,"Mplus",11960,8921259,1000,"ordinal","skewed","normal","Extreme","2",1,TRUE,170.644000000029
"2059","Z=~z2",0.803,0.038,0.6,"Mplus",11960,8921259,1000,"ordinal","skewed","normal","Extreme","2",1,TRUE,170.644000000029
"2060","Z=~z3",0.875,0.034,0.8,"Mplus",11960,8921259,1000,"ordinal","skewed","normal","Extreme","2",1,TRUE,170.644000000029
"2061","Y=~y1",0.403,0.048,0.4,"Mplus",11960,8921259,1000,"ordinal","skewed","normal","Extreme","2",1,TRUE,170.644000000029
"2062","Y=~y2",0.694,0.044,0.7,"Mplus",11960,8921259,1000,"ordinal","skewed","normal","Extreme","2",1,TRUE,170.644000000029
"2063","Y=~y3",0.945,0.042,0.9,"Mplus",11960,8921259,1000,"ordinal","skewed","normal","Extreme","2",1,TRUE,170.644000000029
"2064","Y~X",0.225,0.092,0.4,"Mplus",11960,8921259,1000,"ordinal","skewed","normal","Extreme","2",1,TRUE,170.644000000029
"2065","Y~Z",0.719,0.071,0.5,"Mplus",11960,8921259,1000,"ordinal","skewed","normal","Extreme","2",1,TRUE,170.644000000029
"2066","Y~X:Z",0.378,0.093,0.3,"Mplus",11960,8921259,1000,"ordinal","skewed","normal","Extreme","2",1,TRUE,170.644000000029
"2067","X~~Z",0.308,0.061,0.2,"Mplus",11960,8921259,1000,"ordinal","skewed","normal","Extreme","2",1,TRUE,170.644000000029
"2068","X=~x1",0.308809537459721,0.0351583752515452,0.4,"LSAM",11960,8921259,1000,"ordinal","skewed","normal","Extreme","2",1,TRUE,0.50199999997858
"2069","X=~x2",0.783375652076062,0.0665855075244819,0.8,"LSAM",11960,8921259,1000,"ordinal","skewed","normal","Extreme","2",1,TRUE,0.50199999997858
"2070","X=~x3",0.791291100449683,0.0664986898418118,0.8,"LSAM",11960,8921259,1000,"ordinal","skewed","normal","Extreme","2",1,TRUE,0.50199999997858
"2071","Z=~z1",0.571065522215229,0.137508804382074,0.6,"LSAM",11960,8921259,1000,"ordinal","skewed","normal","Extreme","2",1,TRUE,0.50199999997858
"2072","Z=~z2",0.602513459027025,0.141744301843013,0.6,"LSAM",11960,8921259,1000,"ordinal","skewed","normal","Extreme","2",1,TRUE,0.50199999997858
"2073","Z=~z3",0.746905232410424,0.12537589373814,0.8,"LSAM",11960,8921259,1000,"ordinal","skewed","normal","Extreme","2",1,TRUE,0.50199999997858
"2074","Y=~y1",0.320545580207326,0.0176798915108924,0.4,"LSAM",11960,8921259,1000,"ordinal","skewed","normal","Extreme","2",1,TRUE,0.50199999997858
"2075","Y=~y2",0.599411191224298,0.059667640739113,0.7,"LSAM",11960,8921259,1000,"ordinal","skewed","normal","Extreme","2",1,TRUE,0.50199999997858
"2076","Y=~y3",0.815415710557392,0.0785507534732408,0.9,"LSAM",11960,8921259,1000,"ordinal","skewed","normal","Extreme","2",1,TRUE,0.50199999997858
"2077","Y~X",0.295331900632987,0.0515504882613801,0.4,"LSAM",11960,8921259,1000,"ordinal","skewed","normal","Extreme","2",1,TRUE,0.50199999997858
"2078","Y~Z",0.672509820912649,0.20743647680574,0.5,"LSAM",11960,8921259,1000,"ordinal","skewed","normal","Extreme","2",1,TRUE,0.50199999997858
"2079","Y~X:Z",0.0977059235966237,0.103141141123872,0.3,"LSAM",11960,8921259,1000,"ordinal","skewed","normal","Extreme","2",1,TRUE,0.50199999997858
"2080","X~~Z",0.192906924621075,0.0544873684927014,0.2,"LSAM",11960,8921259,1000,"ordinal","skewed","normal","Extreme","2",1,TRUE,0.50199999997858
"2081","X=~x1",0.299064914200973,0.0868575817149753,0.4,"MC-PLSc",11961,7273717,300,"ordinal","skewed","normal","Extreme","3",1,TRUE,16.2220000000088
"2082","X=~x2",0.84388184602068,0.0536090273355081,0.8,"MC-PLSc",11961,7273717,300,"ordinal","skewed","normal","Extreme","3",1,TRUE,16.2220000000088
"2083","X=~x3",0.893656339595227,0.0586561291378719,0.8,"MC-PLSc",11961,7273717,300,"ordinal","skewed","normal","Extreme","3",1,TRUE,16.2220000000088
"2084","Z=~z1",0.632417246863074,0.0728810462989661,0.6,"MC-PLSc",11961,7273717,300,"ordinal","skewed","normal","Extreme","3",1,TRUE,16.2220000000088
"2085","Z=~z2",0.676669502589125,0.0718534308777677,0.6,"MC-PLSc",11961,7273717,300,"ordinal","skewed","normal","Extreme","3",1,TRUE,16.2220000000088
"2086","Z=~z3",0.962263153365363,0.0536924027408507,0.8,"MC-PLSc",11961,7273717,300,"ordinal","skewed","normal","Extreme","3",1,TRUE,16.2220000000088
"2087","Y=~y1",0.42014650087767,0.0817924238540113,0.4,"MC-PLSc",11961,7273717,300,"ordinal","skewed","normal","Extreme","3",1,TRUE,16.2220000000088
"2088","Y=~y2",0.618551932166892,0.0667527087496852,0.7,"MC-PLSc",11961,7273717,300,"ordinal","skewed","normal","Extreme","3",1,TRUE,16.2220000000088
"2089","Y=~y3",0.925914539274106,0.0666306614950897,0.9,"MC-PLSc",11961,7273717,300,"ordinal","skewed","normal","Extreme","3",1,TRUE,16.2220000000088
"2090","Y~X",0.225512144685135,0.172124739251259,0.4,"MC-PLSc",11961,7273717,300,"ordinal","skewed","normal","Extreme","3",1,TRUE,16.2220000000088
"2091","Y~Z",0.608357335514075,0.11603820776133,0.5,"MC-PLSc",11961,7273717,300,"ordinal","skewed","normal","Extreme","3",1,TRUE,16.2220000000088
"2092","Y~X:Z",0.618138603818576,0.181651346300786,0.3,"MC-PLSc",11961,7273717,300,"ordinal","skewed","normal","Extreme","3",1,TRUE,16.2220000000088
"2093","X~~Z",0.336848212788509,0.104566673833007,0.2,"MC-PLSc",11961,7273717,300,"ordinal","skewed","normal","Extreme","3",1,TRUE,16.2220000000088
"2094","X=~x1",0.24275902802415,0.0977317596749477,0.4,"PLSc",11961,7273717,300,"ordinal","skewed","normal","Extreme","3",1,TRUE,1.25599999999395
"2095","X=~x2",0.727571820225975,0.0737053616653987,0.8,"PLSc",11961,7273717,300,"ordinal","skewed","normal","Extreme","3",1,TRUE,1.25599999999395
"2096","X=~x3",0.769575131118556,0.0745830476885947,0.8,"PLSc",11961,7273717,300,"ordinal","skewed","normal","Extreme","3",1,TRUE,1.25599999999395
"2097","Z=~z1",0.494058947785584,0.0868536626955865,0.6,"PLSc",11961,7273717,300,"ordinal","skewed","normal","Extreme","3",1,TRUE,1.25599999999395
"2098","Z=~z2",0.508502122546941,0.0780285794412748,0.6,"PLSc",11961,7273717,300,"ordinal","skewed","normal","Extreme","3",1,TRUE,1.25599999999395
"2099","Z=~z3",0.924444838652679,0.0663508098218784,0.8,"PLSc",11961,7273717,300,"ordinal","skewed","normal","Extreme","3",1,TRUE,1.25599999999395
"2100","Y=~y1",0.356989804860559,0.0780588834323167,0.4,"PLSc",11961,7273717,300,"ordinal","skewed","normal","Extreme","3",1,TRUE,1.25599999999395
"2101","Y=~y2",0.581559741049593,0.0734283658811412,0.7,"PLSc",11961,7273717,300,"ordinal","skewed","normal","Extreme","3",1,TRUE,1.25599999999395
"2102","Y=~y3",0.864084015972936,0.0495529304807924,0.9,"PLSc",11961,7273717,300,"ordinal","skewed","normal","Extreme","3",1,TRUE,1.25599999999395
"2103","Y~X",0.324779806750457,0.0841642986770632,0.4,"PLSc",11961,7273717,300,"ordinal","skewed","normal","Extreme","3",1,TRUE,1.25599999999395
"2104","Y~Z",0.54350387697614,0.080761266581019,0.5,"PLSc",11961,7273717,300,"ordinal","skewed","normal","Extreme","3",1,TRUE,1.25599999999395
"2105","Y~X:Z",0.272279078708455,0.0806757096922514,0.3,"PLSc",11961,7273717,300,"ordinal","skewed","normal","Extreme","3",1,TRUE,1.25599999999395
"2106","X~~Z",0.271955925132706,0.0910427916658639,0.2,"PLSc",11961,7273717,300,"ordinal","skewed","normal","Extreme","3",1,TRUE,1.25599999999395
"2107","X=~x1",0.329712696693172,0.108620612992587,0.4,"PLS",11961,7273717,300,"ordinal","skewed","normal","Extreme","3",1,TRUE,0.882999999972526
"2108","X=~x2",0.865209899255619,0.030214689725057,0.8,"PLS",11961,7273717,300,"ordinal","skewed","normal","Extreme","3",1,TRUE,0.882999999972526
"2109","X=~x3",0.887774556639919,0.0242120430111188,0.8,"PLS",11961,7273717,300,"ordinal","skewed","normal","Extreme","3",1,TRUE,0.882999999972526
"2110","Z=~z1",0.681033195631284,0.0678771547509204,0.6,"PLS",11961,7273717,300,"ordinal","skewed","normal","Extreme","3",1,TRUE,0.882999999972526
"2111","Z=~z2",0.727063386452962,0.0543188094650882,0.6,"PLS",11961,7273717,300,"ordinal","skewed","normal","Extreme","3",1,TRUE,0.882999999972526
"2112","Z=~z3",0.891768799446014,0.0198686248690836,0.8,"PLS",11961,7273717,300,"ordinal","skewed","normal","Extreme","3",1,TRUE,0.882999999972526
"2113","Y=~y1",0.533266333421143,0.0860799236543974,0.4,"PLS",11961,7273717,300,"ordinal","skewed","normal","Extreme","3",1,TRUE,0.882999999972526
"2114","Y=~y2",0.766645682555625,0.0537986166456291,0.7,"PLS",11961,7273717,300,"ordinal","skewed","normal","Extreme","3",1,TRUE,0.882999999972526
"2115","Y=~y3",0.897849136593643,0.01380511764892,0.9,"PLS",11961,7273717,300,"ordinal","skewed","normal","Extreme","3",1,TRUE,0.882999999972526
"2116","Y~X",0.276554954918084,0.0481995935011664,0.4,"PLS",11961,7273717,300,"ordinal","skewed","normal","Extreme","3",1,TRUE,0.882999999972526
"2117","Y~Z",0.441259986950804,0.0534992299270194,0.5,"PLS",11961,7273717,300,"ordinal","skewed","normal","Extreme","3",1,TRUE,0.882999999972526
"2118","Y~X:Z",0.248980487316826,0.0376129846455287,0.3,"PLS",11961,7273717,300,"ordinal","skewed","normal","Extreme","3",1,TRUE,0.882999999972526
"2119","X~~Z",0.20441629233919,0.0693137338104947,0.2,"PLS",11961,7273717,300,"ordinal","skewed","normal","Extreme","3",1,TRUE,0.882999999972526
"2120","X=~x1",0.247,0.102,0.4,"Mplus",11961,7273717,300,"ordinal","skewed","normal","Extreme","3",1,TRUE,96.9459999999963
"2121","X=~x2",0.804,0.067,0.8,"Mplus",11961,7273717,300,"ordinal","skewed","normal","Extreme","3",1,TRUE,96.9459999999963
"2122","X=~x3",0.925,0.078,0.8,"Mplus",11961,7273717,300,"ordinal","skewed","normal","Extreme","3",1,TRUE,96.9459999999963
"2123","Z=~z1",0.561,0.071,0.6,"Mplus",11961,7273717,300,"ordinal","skewed","normal","Extreme","3",1,TRUE,96.9459999999963
"2124","Z=~z2",0.63,0.07,0.6,"Mplus",11961,7273717,300,"ordinal","skewed","normal","Extreme","3",1,TRUE,96.9459999999963
"2125","Z=~z3",0.944,0.047,0.8,"Mplus",11961,7273717,300,"ordinal","skewed","normal","Extreme","3",1,TRUE,96.9459999999963
"2126","Y=~y1",0.39,0.08,0.4,"Mplus",11961,7273717,300,"ordinal","skewed","normal","Extreme","3",1,TRUE,96.9459999999963
"2127","Y=~y2",0.592,0.069,0.7,"Mplus",11961,7273717,300,"ordinal","skewed","normal","Extreme","3",1,TRUE,96.9459999999963
"2128","Y=~y3",0.917,0.058,0.9,"Mplus",11961,7273717,300,"ordinal","skewed","normal","Extreme","3",1,TRUE,96.9459999999963
"2129","Y~X",0.145,0.133,0.4,"Mplus",11961,7273717,300,"ordinal","skewed","normal","Extreme","3",1,TRUE,96.9459999999963
"2130","Y~Z",0.613,0.115,0.5,"Mplus",11961,7273717,300,"ordinal","skewed","normal","Extreme","3",1,TRUE,96.9459999999963
"2131","Y~X:Z",0.647,0.091,0.3,"Mplus",11961,7273717,300,"ordinal","skewed","normal","Extreme","3",1,TRUE,96.9459999999963
"2132","X~~Z",0.377,0.087,0.2,"Mplus",11961,7273717,300,"ordinal","skewed","normal","Extreme","3",1,TRUE,96.9459999999963
"2133","X=~x1",0.300345583918569,0.0659894311555921,0.4,"LSAM",11961,7273717,300,"ordinal","skewed","normal","Extreme","3",1,TRUE,0.518000000040047
"2134","X=~x2",0.678731711633172,0.131381074329571,0.8,"LSAM",11961,7273717,300,"ordinal","skewed","normal","Extreme","3",1,TRUE,0.518000000040047
"2135","X=~x3",0.848619248059299,0.133899929796982,0.8,"LSAM",11961,7273717,300,"ordinal","skewed","normal","Extreme","3",1,TRUE,0.518000000040047
"2136","Z=~z1",0.541107136274167,0.0619513764991918,0.6,"LSAM",11961,7273717,300,"ordinal","skewed","normal","Extreme","3",1,TRUE,0.518000000040047
"2137","Z=~z2",0.62895985051357,0.0913117525022211,0.6,"LSAM",11961,7273717,300,"ordinal","skewed","normal","Extreme","3",1,TRUE,0.518000000040047
"2138","Z=~z3",0.750169308726779,0.0941511946353739,0.8,"LSAM",11961,7273717,300,"ordinal","skewed","normal","Extreme","3",1,TRUE,0.518000000040047
"2139","Y=~y1",0.362198916951591,0.0316204703729318,0.4,"LSAM",11961,7273717,300,"ordinal","skewed","normal","Extreme","3",1,TRUE,0.518000000040047
"2140","Y=~y2",0.557690142691803,0.0887472667464895,0.7,"LSAM",11961,7273717,300,"ordinal","skewed","normal","Extreme","3",1,TRUE,0.518000000040047
"2141","Y=~y3",0.889958327926924,0.128572208159182,0.9,"LSAM",11961,7273717,300,"ordinal","skewed","normal","Extreme","3",1,TRUE,0.518000000040047
"2142","Y~X",0.258084642410398,0.148492276493153,0.4,"LSAM",11961,7273717,300,"ordinal","skewed","normal","Extreme","3",1,TRUE,0.518000000040047
"2143","Y~Z",0.610407450783831,0.150557266841486,0.5,"LSAM",11961,7273717,300,"ordinal","skewed","normal","Extreme","3",1,TRUE,0.518000000040047
"2144","Y~X:Z",0.267686657255466,0.111982202524052,0.3,"LSAM",11961,7273717,300,"ordinal","skewed","normal","Extreme","3",1,TRUE,0.518000000040047
"2145","X~~Z",0.265780131058513,0.151137024056292,0.2,"LSAM",11961,7273717,300,"ordinal","skewed","normal","Extreme","3",1,TRUE,0.518000000040047
"2146","X=~x1",0.413740735167782,0.0626946298436024,0.4,"MC-PLSc",11962,518098,1000,"ordinal","skewed","normal","Extreme","3",1,TRUE,16.2160000000149
"2147","X=~x2",0.941496583572027,0.0330268782093302,0.8,"MC-PLSc",11962,518098,1000,"ordinal","skewed","normal","Extreme","3",1,TRUE,16.2160000000149
"2148","X=~x3",0.83227737177248,0.0314812030704205,0.8,"MC-PLSc",11962,518098,1000,"ordinal","skewed","normal","Extreme","3",1,TRUE,16.2160000000149
"2149","Z=~z1",0.684596093254033,0.0418190851390636,0.6,"MC-PLSc",11962,518098,1000,"ordinal","skewed","normal","Extreme","3",1,TRUE,16.2160000000149
"2150","Z=~z2",0.682212493137523,0.0424939386224406,0.6,"MC-PLSc",11962,518098,1000,"ordinal","skewed","normal","Extreme","3",1,TRUE,16.2160000000149
"2151","Z=~z3",0.888000390882966,0.0305800024696398,0.8,"MC-PLSc",11962,518098,1000,"ordinal","skewed","normal","Extreme","3",1,TRUE,16.2160000000149
"2152","Y=~y1",0.41934164017375,0.0470104830297359,0.4,"MC-PLSc",11962,518098,1000,"ordinal","skewed","normal","Extreme","3",1,TRUE,16.2160000000149
"2153","Y=~y2",0.693884566677841,0.0348285132234245,0.7,"MC-PLSc",11962,518098,1000,"ordinal","skewed","normal","Extreme","3",1,TRUE,16.2160000000149
"2154","Y=~y3",0.847202179365979,0.0424476209315447,0.9,"MC-PLSc",11962,518098,1000,"ordinal","skewed","normal","Extreme","3",1,TRUE,16.2160000000149
"2155","Y~X",0.44838742990859,0.071522352574872,0.4,"MC-PLSc",11962,518098,1000,"ordinal","skewed","normal","Extreme","3",1,TRUE,16.2160000000149
"2156","Y~Z",0.559566934580975,0.0764333730529586,0.5,"MC-PLSc",11962,518098,1000,"ordinal","skewed","normal","Extreme","3",1,TRUE,16.2160000000149
"2157","Y~X:Z",0.397059190793644,0.131026251296386,0.3,"MC-PLSc",11962,518098,1000,"ordinal","skewed","normal","Extreme","3",1,TRUE,16.2160000000149
"2158","X~~Z",0.210161817064749,0.0624999970910565,0.2,"MC-PLSc",11962,518098,1000,"ordinal","skewed","normal","Extreme","3",1,TRUE,16.2160000000149
"2159","X=~x1",0.348777243943132,0.0648185496512529,0.4,"PLSc",11962,518098,1000,"ordinal","skewed","normal","Extreme","3",1,TRUE,1.35999999998603
"2160","X=~x2",0.839943735243477,0.0504859736251363,0.8,"PLSc",11962,518098,1000,"ordinal","skewed","normal","Extreme","3",1,TRUE,1.35999999998603
"2161","X=~x3",0.689189881438399,0.0484135981940039,0.8,"PLSc",11962,518098,1000,"ordinal","skewed","normal","Extreme","3",1,TRUE,1.35999999998603
"2162","Z=~z1",0.558506353235462,0.0514592204655724,0.6,"PLSc",11962,518098,1000,"ordinal","skewed","normal","Extreme","3",1,TRUE,1.35999999998603
"2163","Z=~z2",0.589708658508437,0.0489338589383375,0.6,"PLSc",11962,518098,1000,"ordinal","skewed","normal","Extreme","3",1,TRUE,1.35999999998603
"2164","Z=~z3",0.750925980221053,0.0415671590945297,0.8,"PLSc",11962,518098,1000,"ordinal","skewed","normal","Extreme","3",1,TRUE,1.35999999998603
"2165","Y=~y1",0.370856258052202,0.0429872453541615,0.4,"PLSc",11962,518098,1000,"ordinal","skewed","normal","Extreme","3",1,TRUE,1.35999999998603
"2166","Y=~y2",0.641030196446379,0.0338415916565964,0.7,"PLSc",11962,518098,1000,"ordinal","skewed","normal","Extreme","3",1,TRUE,1.35999999998603
"2167","Y=~y3",0.756886258267007,0.0318991737542507,0.9,"PLSc",11962,518098,1000,"ordinal","skewed","normal","Extreme","3",1,TRUE,1.35999999998603
"2168","Y~X",0.446337723536427,0.0483163160612738,0.4,"PLSc",11962,518098,1000,"ordinal","skewed","normal","Extreme","3",1,TRUE,1.35999999998603
"2169","Y~Z",0.531299111816789,0.0526758642221971,0.5,"PLSc",11962,518098,1000,"ordinal","skewed","normal","Extreme","3",1,TRUE,1.35999999998603
"2170","Y~X:Z",0.196844588038081,0.06034676748681,0.3,"PLSc",11962,518098,1000,"ordinal","skewed","normal","Extreme","3",1,TRUE,1.35999999998603
"2171","X~~Z",0.169917192177381,0.0516508044373683,0.2,"PLSc",11962,518098,1000,"ordinal","skewed","normal","Extreme","3",1,TRUE,1.35999999998603
"2172","X=~x1",0.46115847499291,0.0563337456385092,0.4,"PLS",11962,518098,1000,"ordinal","skewed","normal","Extreme","3",1,TRUE,0.921000000031199
"2173","X=~x2",0.895042938296522,0.0143944226300978,0.8,"PLS",11962,518098,1000,"ordinal","skewed","normal","Extreme","3",1,TRUE,0.921000000031199
"2174","X=~x3",0.856875540611292,0.0194670666593504,0.8,"PLS",11962,518098,1000,"ordinal","skewed","normal","Extreme","3",1,TRUE,0.921000000031199
"2175","Z=~z1",0.731127028556672,0.0323071406294823,0.6,"PLS",11962,518098,1000,"ordinal","skewed","normal","Extreme","3",1,TRUE,0.921000000031199
"2176","Z=~z2",0.731692556563574,0.0310179008365221,0.6,"PLS",11962,518098,1000,"ordinal","skewed","normal","Extreme","3",1,TRUE,0.921000000031199
"2177","Z=~z3",0.849861426703513,0.0147032827466613,0.8,"PLS",11962,518098,1000,"ordinal","skewed","normal","Extreme","3",1,TRUE,0.921000000031199
"2178","Y=~y1",0.522291151376964,0.0462836041457741,0.4,"PLS",11962,518098,1000,"ordinal","skewed","normal","Extreme","3",1,TRUE,0.921000000031199
"2179","Y=~y2",0.801884463306873,0.0193729163374682,0.7,"PLS",11962,518098,1000,"ordinal","skewed","normal","Extreme","3",1,TRUE,0.921000000031199
"2180","Y=~y3",0.868163254074331,0.0119763403795719,0.9,"PLS",11962,518098,1000,"ordinal","skewed","normal","Extreme","3",1,TRUE,0.921000000031199
"2181","Y~X",0.342348315056354,0.0304479882543002,0.4,"PLS",11962,518098,1000,"ordinal","skewed","normal","Extreme","3",1,TRUE,0.921000000031199
"2182","Y~Z",0.382597130317663,0.0325589721621048,0.5,"PLS",11962,518098,1000,"ordinal","skewed","normal","Extreme","3",1,TRUE,0.921000000031199
"2183","Y~X:Z",0.180366758247159,0.0281626930326839,0.3,"PLS",11962,518098,1000,"ordinal","skewed","normal","Extreme","3",1,TRUE,0.921000000031199
"2184","X~~Z",0.12185317030323,0.0373256634732837,0.2,"PLS",11962,518098,1000,"ordinal","skewed","normal","Extreme","3",1,TRUE,0.921000000031199
"2185","X=~x1",0.347,0.06,0.4,"Mplus",11962,518098,1000,"ordinal","skewed","normal","Extreme","3",1,TRUE,472.36599999998
"2186","X=~x2",0.942,0.046,0.8,"Mplus",11962,518098,1000,"ordinal","skewed","normal","Extreme","3",1,TRUE,472.36599999998
"2187","X=~x3",0.817,0.038,0.8,"Mplus",11962,518098,1000,"ordinal","skewed","normal","Extreme","3",1,TRUE,472.36599999998
"2188","Z=~z1",0.651,0.039,0.6,"Mplus",11962,518098,1000,"ordinal","skewed","normal","Extreme","3",1,TRUE,472.36599999998
"2189","Z=~z2",0.658,0.039,0.6,"Mplus",11962,518098,1000,"ordinal","skewed","normal","Extreme","3",1,TRUE,472.36599999998
"2190","Z=~z3",0.86,0.032,0.8,"Mplus",11962,518098,1000,"ordinal","skewed","normal","Extreme","3",1,TRUE,472.36599999998
"2191","Y=~y1",0.389,0.04,0.4,"Mplus",11962,518098,1000,"ordinal","skewed","normal","Extreme","3",1,TRUE,472.36599999998
"2192","Y=~y2",0.686,0.036,0.7,"Mplus",11962,518098,1000,"ordinal","skewed","normal","Extreme","3",1,TRUE,472.36599999998
"2193","Y=~y3",0.83,0.036,0.9,"Mplus",11962,518098,1000,"ordinal","skewed","normal","Extreme","3",1,TRUE,472.36599999998
"2194","Y~X",0.457,0.064,0.4,"Mplus",11962,518098,1000,"ordinal","skewed","normal","Extreme","3",1,TRUE,472.36599999998
"2195","Y~Z",0.533,0.065,0.5,"Mplus",11962,518098,1000,"ordinal","skewed","normal","Extreme","3",1,TRUE,472.36599999998
"2196","Y~X:Z",0.445,0.097,0.3,"Mplus",11962,518098,1000,"ordinal","skewed","normal","Extreme","3",1,TRUE,472.36599999998
"2197","X~~Z",0.217,0.053,0.2,"Mplus",11962,518098,1000,"ordinal","skewed","normal","Extreme","3",1,TRUE,472.36599999998
"2198","X=~x1",0.312145886753562,0.0333855567911707,0.4,"LSAM",11962,518098,1000,"ordinal","skewed","normal","Extreme","3",1,TRUE,0.460000000020955
"2199","X=~x2",0.785699514111822,0.0653337421614106,0.8,"LSAM",11962,518098,1000,"ordinal","skewed","normal","Extreme","3",1,TRUE,0.460000000020955
"2200","X=~x3",0.785699514137308,0.0653337406562202,0.8,"LSAM",11962,518098,1000,"ordinal","skewed","normal","Extreme","3",1,TRUE,0.460000000020955
"2201","Z=~z1",0.571784363936536,0.0289966957681999,0.6,"LSAM",11962,518098,1000,"ordinal","skewed","normal","Extreme","3",1,TRUE,0.460000000020955
"2202","Z=~z2",0.536934907918023,0.0448684814257834,0.6,"LSAM",11962,518098,1000,"ordinal","skewed","normal","Extreme","3",1,TRUE,0.460000000020955
"2203","Z=~z3",0.794325825222624,0.0517769039922268,0.8,"LSAM",11962,518098,1000,"ordinal","skewed","normal","Extreme","3",1,TRUE,0.460000000020955
"2204","Y=~y1",0.334087823661823,0.0150848058337719,0.4,"LSAM",11962,518098,1000,"ordinal","skewed","normal","Extreme","3",1,TRUE,0.460000000020955
"2205","Y=~y2",0.588741277060453,0.0533976934621149,0.7,"LSAM",11962,518098,1000,"ordinal","skewed","normal","Extreme","3",1,TRUE,0.460000000020955
"2206","Y=~y3",0.853795396194947,0.0740998546124833,0.9,"LSAM",11962,518098,1000,"ordinal","skewed","normal","Extreme","3",1,TRUE,0.460000000020955
"2207","Y~X",0.39844827278179,0.0446092434782854,0.4,"LSAM",11962,518098,1000,"ordinal","skewed","normal","Extreme","3",1,TRUE,0.460000000020955
"2208","Y~Z",0.505346232632038,0.0526033298077284,0.5,"LSAM",11962,518098,1000,"ordinal","skewed","normal","Extreme","3",1,TRUE,0.460000000020955
"2209","Y~X:Z",0.166389213132141,0.0497832145556888,0.3,"LSAM",11962,518098,1000,"ordinal","skewed","normal","Extreme","3",1,TRUE,0.460000000020955
"2210","X~~Z",0.160042644408393,0.0478779587917032,0.2,"LSAM",11962,518098,1000,"ordinal","skewed","normal","Extreme","3",1,TRUE,0.460000000020955
"2211","X=~x1",0.195538748979469,0.0967041287767948,0.4,"MC-PLSc",11963,4059165,300,"ordinal","skewed","normal","Extreme","5",1,TRUE,17.6660000000265
"2212","X=~x2",0.78989368853732,0.0651621028153375,0.8,"MC-PLSc",11963,4059165,300,"ordinal","skewed","normal","Extreme","5",1,TRUE,17.6660000000265
"2213","X=~x3",0.880663824553888,0.0668170506232897,0.8,"MC-PLSc",11963,4059165,300,"ordinal","skewed","normal","Extreme","5",1,TRUE,17.6660000000265
"2214","Z=~z1",0.628239828263905,0.0725800286252303,0.6,"MC-PLSc",11963,4059165,300,"ordinal","skewed","normal","Extreme","5",1,TRUE,17.6660000000265
"2215","Z=~z2",0.642955022422767,0.064854024802419,0.6,"MC-PLSc",11963,4059165,300,"ordinal","skewed","normal","Extreme","5",1,TRUE,17.6660000000265
"2216","Z=~z3",0.885496172760636,0.0572279089971043,0.8,"MC-PLSc",11963,4059165,300,"ordinal","skewed","normal","Extreme","5",1,TRUE,17.6660000000265
"2217","Y=~y1",0.412380232470294,0.0722034267925084,0.4,"MC-PLSc",11963,4059165,300,"ordinal","skewed","normal","Extreme","5",1,TRUE,17.6660000000265
"2218","Y=~y2",0.662149622853118,0.0581963003827043,0.7,"MC-PLSc",11963,4059165,300,"ordinal","skewed","normal","Extreme","5",1,TRUE,17.6660000000265
"2219","Y=~y3",0.824900871909188,0.0592187964372904,0.9,"MC-PLSc",11963,4059165,300,"ordinal","skewed","normal","Extreme","5",1,TRUE,17.6660000000265
"2220","Y~X",0.478885840076519,0.0998715474571225,0.4,"MC-PLSc",11963,4059165,300,"ordinal","skewed","normal","Extreme","5",1,TRUE,17.6660000000265
"2221","Y~Z",0.476927316598108,0.0954510976448313,0.5,"MC-PLSc",11963,4059165,300,"ordinal","skewed","normal","Extreme","5",1,TRUE,17.6660000000265
"2222","Y~X:Z",0.387031631379388,0.119692912537801,0.3,"MC-PLSc",11963,4059165,300,"ordinal","skewed","normal","Extreme","5",1,TRUE,17.6660000000265
"2223","X~~Z",0.151797385712623,0.0917803423222553,0.2,"MC-PLSc",11963,4059165,300,"ordinal","skewed","normal","Extreme","5",1,TRUE,17.6660000000265
"2224","X=~x1",0.0864561352626908,0.134720540035744,0.4,"PLSc",11963,4059165,300,"ordinal","skewed","normal","Extreme","5",1,TRUE,1.26699999999255
"2225","X=~x2",0.732830739624691,0.0696990377221527,0.8,"PLSc",11963,4059165,300,"ordinal","skewed","normal","Extreme","5",1,TRUE,1.26699999999255
"2226","X=~x3",0.824318593903835,0.0806868134391233,0.8,"PLSc",11963,4059165,300,"ordinal","skewed","normal","Extreme","5",1,TRUE,1.26699999999255
"2227","Z=~z1",0.564999923254882,0.0860552903101185,0.6,"PLSc",11963,4059165,300,"ordinal","skewed","normal","Extreme","5",1,TRUE,1.26699999999255
"2228","Z=~z2",0.544758350638283,0.0928971823136496,0.6,"PLSc",11963,4059165,300,"ordinal","skewed","normal","Extreme","5",1,TRUE,1.26699999999255
"2229","Z=~z3",0.848750091956684,0.0701747605526297,0.8,"PLSc",11963,4059165,300,"ordinal","skewed","normal","Extreme","5",1,TRUE,1.26699999999255
"2230","Y=~y1",0.348031276656834,0.0854619563343586,0.4,"PLSc",11963,4059165,300,"ordinal","skewed","normal","Extreme","5",1,TRUE,1.26699999999255
"2231","Y=~y2",0.623183803942301,0.0670107055343497,0.7,"PLSc",11963,4059165,300,"ordinal","skewed","normal","Extreme","5",1,TRUE,1.26699999999255
"2232","Y=~y3",0.801412896431374,0.0564029707301616,0.9,"PLSc",11963,4059165,300,"ordinal","skewed","normal","Extreme","5",1,TRUE,1.26699999999255
"2233","Y~X",0.470209786923085,0.0857302712594259,0.4,"PLSc",11963,4059165,300,"ordinal","skewed","normal","Extreme","5",1,TRUE,1.26699999999255
"2234","Y~Z",0.454094381087173,0.0904240379384663,0.5,"PLSc",11963,4059165,300,"ordinal","skewed","normal","Extreme","5",1,TRUE,1.26699999999255
"2235","Y~X:Z",0.253414633875164,0.111515238765264,0.3,"PLSc",11963,4059165,300,"ordinal","skewed","normal","Extreme","5",1,TRUE,1.26699999999255
"2236","X~~Z",0.131907951786403,0.0840503030844129,0.2,"PLSc",11963,4059165,300,"ordinal","skewed","normal","Extreme","5",1,TRUE,1.26699999999255
"2237","X=~x1",0.260007385304652,0.131680517112837,0.4,"PLS",11963,4059165,300,"ordinal","skewed","normal","Extreme","5",1,TRUE,0.885999999998603
"2238","X=~x2",0.8740883067943,0.0255772593653846,0.8,"PLS",11963,4059165,300,"ordinal","skewed","normal","Extreme","5",1,TRUE,0.885999999998603
"2239","X=~x3",0.899235406944383,0.0225829091036925,0.8,"PLS",11963,4059165,300,"ordinal","skewed","normal","Extreme","5",1,TRUE,0.885999999998603
"2240","Z=~z1",0.732470352811497,0.0520217948580602,0.6,"PLS",11963,4059165,300,"ordinal","skewed","normal","Extreme","5",1,TRUE,0.885999999998603
"2241","Z=~z2",0.738054539615767,0.0526942181186295,0.6,"PLS",11963,4059165,300,"ordinal","skewed","normal","Extreme","5",1,TRUE,0.885999999998603
"2242","Z=~z3",0.869016560232303,0.0210424090502029,0.8,"PLS",11963,4059165,300,"ordinal","skewed","normal","Extreme","5",1,TRUE,0.885999999998603
"2243","Y=~y1",0.54419527178101,0.0796587086652035,0.4,"PLS",11963,4059165,300,"ordinal","skewed","normal","Extreme","5",1,TRUE,0.885999999998603
"2244","Y=~y2",0.790711868838141,0.0412456378295897,0.7,"PLS",11963,4059165,300,"ordinal","skewed","normal","Extreme","5",1,TRUE,0.885999999998603
"2245","Y=~y3",0.868899914290909,0.0222130470172793,0.9,"PLS",11963,4059165,300,"ordinal","skewed","normal","Extreme","5",1,TRUE,0.885999999998603
"2246","Y~X",0.356492246505284,0.0507685935297103,0.4,"PLS",11963,4059165,300,"ordinal","skewed","normal","Extreme","5",1,TRUE,0.885999999998603
"2247","Y~Z",0.349442149520867,0.0520600692780917,0.5,"PLS",11963,4059165,300,"ordinal","skewed","normal","Extreme","5",1,TRUE,0.885999999998603
"2248","Y~X:Z",0.192453221512366,0.0426400881422671,0.3,"PLS",11963,4059165,300,"ordinal","skewed","normal","Extreme","5",1,TRUE,0.885999999998603
"2249","X~~Z",0.0989048567803624,0.0628173945586714,0.2,"PLS",11963,4059165,300,"ordinal","skewed","normal","Extreme","5",1,TRUE,0.885999999998603
"2250","X=~x1",0.258,0.065,0.4,"Mplus",11963,4059165,300,"ordinal","skewed","normal","Extreme","5",1,TRUE,205.857000000018
"2251","X=~x2",0.826,0.06,0.8,"Mplus",11963,4059165,300,"ordinal","skewed","normal","Extreme","5",1,TRUE,205.857000000018
"2252","X=~x3",0.767,0.064,0.8,"Mplus",11963,4059165,300,"ordinal","skewed","normal","Extreme","5",1,TRUE,205.857000000018
"2253","Z=~z1",0.56,0.065,0.6,"Mplus",11963,4059165,300,"ordinal","skewed","normal","Extreme","5",1,TRUE,205.857000000018
"2254","Z=~z2",0.609,0.064,0.6,"Mplus",11963,4059165,300,"ordinal","skewed","normal","Extreme","5",1,TRUE,205.857000000018
"2255","Z=~z3",0.831,0.059,0.8,"Mplus",11963,4059165,300,"ordinal","skewed","normal","Extreme","5",1,TRUE,205.857000000018
"2256","Y=~y1",0.399,0.066,0.4,"Mplus",11963,4059165,300,"ordinal","skewed","normal","Extreme","5",1,TRUE,205.857000000018
"2257","Y=~y2",0.631,0.068,0.7,"Mplus",11963,4059165,300,"ordinal","skewed","normal","Extreme","5",1,TRUE,205.857000000018
"2258","Y=~y3",0.815,0.057,0.9,"Mplus",11963,4059165,300,"ordinal","skewed","normal","Extreme","5",1,TRUE,205.857000000018
"2259","Y~X",0.449,0.09,0.4,"Mplus",11963,4059165,300,"ordinal","skewed","normal","Extreme","5",1,TRUE,205.857000000018
"2260","Y~Z",0.416,0.1,0.5,"Mplus",11963,4059165,300,"ordinal","skewed","normal","Extreme","5",1,TRUE,205.857000000018
"2261","Y~X:Z",0.523,0.132,0.3,"Mplus",11963,4059165,300,"ordinal","skewed","normal","Extreme","5",1,TRUE,205.857000000018
"2262","X~~Z",0.211,0.101,0.2,"Mplus",11963,4059165,300,"ordinal","skewed","normal","Extreme","5",1,TRUE,205.857000000018
"2263","X=~x1",0.305866878060956,0.0624913994516451,0.4,"LSAM",11963,4059165,300,"ordinal","skewed","normal","Extreme","5",1,TRUE,0.704000000027008
"2264","X=~x2",0.814694702718861,0.131932495175988,0.8,"LSAM",11963,4059165,300,"ordinal","skewed","normal","Extreme","5",1,TRUE,0.704000000027008
"2265","X=~x3",0.703525155343768,0.12885915437965,0.8,"LSAM",11963,4059165,300,"ordinal","skewed","normal","Extreme","5",1,TRUE,0.704000000027008
"2266","Z=~z1",0.589275202269833,0.0550080792766329,0.6,"LSAM",11963,4059165,300,"ordinal","skewed","normal","Extreme","5",1,TRUE,0.704000000027008
"2267","Z=~z2",0.623230826297068,0.0831555237574662,0.6,"LSAM",11963,4059165,300,"ordinal","skewed","normal","Extreme","5",1,TRUE,0.704000000027008
"2268","Z=~z3",0.745413912761262,0.085825674961654,0.8,"LSAM",11963,4059165,300,"ordinal","skewed","normal","Extreme","5",1,TRUE,0.704000000027008
"2269","Y=~y1",0.407741358489573,0.0337869540216563,0.4,"LSAM",11963,4059165,300,"ordinal","skewed","normal","Extreme","5",1,TRUE,0.704000000027008
"2270","Y=~y2",0.640112346266275,0.0981771712961433,0.7,"LSAM",11963,4059165,300,"ordinal","skewed","normal","Extreme","5",1,TRUE,0.704000000027008
"2271","Y=~y3",0.732910570066401,0.109586111691212,0.9,"LSAM",11963,4059165,300,"ordinal","skewed","normal","Extreme","5",1,TRUE,0.704000000027008
"2272","Y~X",0.478093453356841,0.088576025882395,0.4,"LSAM",11963,4059165,300,"ordinal","skewed","normal","Extreme","5",1,TRUE,0.704000000027008
"2273","Y~Z",0.494510115761721,0.091428053110525,0.5,"LSAM",11963,4059165,300,"ordinal","skewed","normal","Extreme","5",1,TRUE,0.704000000027008
"2274","Y~X:Z",0.261207402022932,0.0869641557445698,0.3,"LSAM",11963,4059165,300,"ordinal","skewed","normal","Extreme","5",1,TRUE,0.704000000027008
"2275","X~~Z",0.114376120493796,0.0840284886923143,0.2,"LSAM",11963,4059165,300,"ordinal","skewed","normal","Extreme","5",1,TRUE,0.704000000027008
"2276","X=~x1",0.488299287476092,0.0415582667887706,0.4,"MC-PLSc",11964,285675,1000,"ordinal","skewed","normal","Extreme","5",1,TRUE,20.0750000000116
"2277","X=~x2",0.827605639111544,0.0269953924907613,0.8,"MC-PLSc",11964,285675,1000,"ordinal","skewed","normal","Extreme","5",1,TRUE,20.0750000000116
"2278","X=~x3",0.850747866821306,0.027692395035578,0.8,"MC-PLSc",11964,285675,1000,"ordinal","skewed","normal","Extreme","5",1,TRUE,20.0750000000116
"2279","Z=~z1",0.592464634431211,0.0407411404726585,0.6,"MC-PLSc",11964,285675,1000,"ordinal","skewed","normal","Extreme","5",1,TRUE,20.0750000000116
"2280","Z=~z2",0.619945442096651,0.0347028783029899,0.6,"MC-PLSc",11964,285675,1000,"ordinal","skewed","normal","Extreme","5",1,TRUE,20.0750000000116
"2281","Z=~z3",0.850917646136608,0.0246607024578304,0.8,"MC-PLSc",11964,285675,1000,"ordinal","skewed","normal","Extreme","5",1,TRUE,20.0750000000116
"2282","Y=~y1",0.371975176460912,0.0361550361557626,0.4,"MC-PLSc",11964,285675,1000,"ordinal","skewed","normal","Extreme","5",1,TRUE,20.0750000000116
"2283","Y=~y2",0.654845971997177,0.0328783483724297,0.7,"MC-PLSc",11964,285675,1000,"ordinal","skewed","normal","Extreme","5",1,TRUE,20.0750000000116
"2284","Y=~y3",0.887359378409857,0.0266698711924401,0.9,"MC-PLSc",11964,285675,1000,"ordinal","skewed","normal","Extreme","5",1,TRUE,20.0750000000116
"2285","Y~X",0.3397573649378,0.0531579981045157,0.4,"MC-PLSc",11964,285675,1000,"ordinal","skewed","normal","Extreme","5",1,TRUE,20.0750000000116
"2286","Y~Z",0.526565413052047,0.0498405669257442,0.5,"MC-PLSc",11964,285675,1000,"ordinal","skewed","normal","Extreme","5",1,TRUE,20.0750000000116
"2287","Y~X:Z",0.411884866805962,0.064342499885895,0.3,"MC-PLSc",11964,285675,1000,"ordinal","skewed","normal","Extreme","5",1,TRUE,20.0750000000116
"2288","X~~Z",0.242319847755656,0.0557228437667478,0.2,"MC-PLSc",11964,285675,1000,"ordinal","skewed","normal","Extreme","5",1,TRUE,20.0750000000116
"2289","X=~x1",0.449400629970193,0.0548686436448258,0.4,"PLSc",11964,285675,1000,"ordinal","skewed","normal","Extreme","5",1,TRUE,1.35599999997066
"2290","X=~x2",0.756657793090457,0.0398872378175743,0.8,"PLSc",11964,285675,1000,"ordinal","skewed","normal","Extreme","5",1,TRUE,1.35599999997066
"2291","X=~x3",0.772118916126726,0.0387308186456975,0.8,"PLSc",11964,285675,1000,"ordinal","skewed","normal","Extreme","5",1,TRUE,1.35599999997066
"2292","Z=~z1",0.528506993848479,0.0437070234298117,0.6,"PLSc",11964,285675,1000,"ordinal","skewed","normal","Extreme","5",1,TRUE,1.35599999997066
"2293","Z=~z2",0.572571410855742,0.0437802319033085,0.6,"PLSc",11964,285675,1000,"ordinal","skewed","normal","Extreme","5",1,TRUE,1.35599999997066
"2294","Z=~z3",0.766364510542957,0.034644835875237,0.8,"PLSc",11964,285675,1000,"ordinal","skewed","normal","Extreme","5",1,TRUE,1.35599999997066
"2295","Y=~y1",0.334928122137304,0.0446964649671958,0.4,"PLSc",11964,285675,1000,"ordinal","skewed","normal","Extreme","5",1,TRUE,1.35599999997066
"2296","Y=~y2",0.601458392961932,0.0335067214066806,0.7,"PLSc",11964,285675,1000,"ordinal","skewed","normal","Extreme","5",1,TRUE,1.35599999997066
"2297","Y=~y3",0.867320964662087,0.0279875106084562,0.9,"PLSc",11964,285675,1000,"ordinal","skewed","normal","Extreme","5",1,TRUE,1.35599999997066
"2298","Y~X",0.359439332411758,0.0424401692534,0.4,"PLSc",11964,285675,1000,"ordinal","skewed","normal","Extreme","5",1,TRUE,1.35599999997066
"2299","Y~Z",0.501358987551443,0.0435757811859416,0.5,"PLSc",11964,285675,1000,"ordinal","skewed","normal","Extreme","5",1,TRUE,1.35599999997066
"2300","Y~X:Z",0.218702127715158,0.0452368286285261,0.3,"PLSc",11964,285675,1000,"ordinal","skewed","normal","Extreme","5",1,TRUE,1.35599999997066
"2301","X~~Z",0.225271011420178,0.0502152070501123,0.2,"PLSc",11964,285675,1000,"ordinal","skewed","normal","Extreme","5",1,TRUE,1.35599999997066
"2302","X=~x1",0.588863785834313,0.0415048926064632,0.4,"PLS",11964,285675,1000,"ordinal","skewed","normal","Extreme","5",1,TRUE,0.907000000006519
"2303","X=~x2",0.863375607112079,0.0139144037533475,0.8,"PLS",11964,285675,1000,"ordinal","skewed","normal","Extreme","5",1,TRUE,0.907000000006519
"2304","X=~x3",0.869329921044283,0.0128976515336525,0.8,"PLS",11964,285675,1000,"ordinal","skewed","normal","Extreme","5",1,TRUE,0.907000000006519
"2305","Z=~z1",0.700027072618593,0.0294318703039034,0.6,"PLS",11964,285675,1000,"ordinal","skewed","normal","Extreme","5",1,TRUE,0.907000000006519
"2306","Z=~z2",0.728902006041735,0.0281181475761742,0.6,"PLS",11964,285675,1000,"ordinal","skewed","normal","Extreme","5",1,TRUE,0.907000000006519
"2307","Z=~z3",0.85943751103682,0.0117236489447056,0.8,"PLS",11964,285675,1000,"ordinal","skewed","normal","Extreme","5",1,TRUE,0.907000000006519
"2308","Y=~y1",0.499551786836503,0.0454784873391614,0.4,"PLS",11964,285675,1000,"ordinal","skewed","normal","Extreme","5",1,TRUE,0.907000000006519
"2309","Y=~y2",0.795790807287988,0.020404019924576,0.7,"PLS",11964,285675,1000,"ordinal","skewed","normal","Extreme","5",1,TRUE,0.907000000006519
"2310","Y=~y3",0.894067770903142,0.00803233128558363,0.9,"PLS",11964,285675,1000,"ordinal","skewed","normal","Extreme","5",1,TRUE,0.907000000006519
"2311","Y~X",0.303878942153714,0.0284702676278016,0.4,"PLS",11964,285675,1000,"ordinal","skewed","normal","Extreme","5",1,TRUE,0.907000000006519
"2312","Y~Z",0.380911971308308,0.0286316156679949,0.5,"PLS",11964,285675,1000,"ordinal","skewed","normal","Extreme","5",1,TRUE,0.907000000006519
"2313","Y~X:Z",0.200303036903689,0.0222229252348748,0.3,"PLS",11964,285675,1000,"ordinal","skewed","normal","Extreme","5",1,TRUE,0.907000000006519
"2314","X~~Z",0.160506283919526,0.0361725175396488,0.2,"PLS",11964,285675,1000,"ordinal","skewed","normal","Extreme","5",1,TRUE,0.907000000006519
"2315","X=~x1",0.429,0.038,0.4,"Mplus",11964,285675,1000,"ordinal","skewed","normal","Extreme","5",1,TRUE,706.683000000019
"2316","X=~x2",0.809,0.027,0.8,"Mplus",11964,285675,1000,"ordinal","skewed","normal","Extreme","5",1,TRUE,706.683000000019
"2317","X=~x3",0.816,0.027,0.8,"Mplus",11964,285675,1000,"ordinal","skewed","normal","Extreme","5",1,TRUE,706.683000000019
"2318","Z=~z1",0.564,0.036,0.6,"Mplus",11964,285675,1000,"ordinal","skewed","normal","Extreme","5",1,TRUE,706.683000000019
"2319","Z=~z2",0.545,0.036,0.6,"Mplus",11964,285675,1000,"ordinal","skewed","normal","Extreme","5",1,TRUE,706.683000000019
"2320","Z=~z3",0.841,0.031,0.8,"Mplus",11964,285675,1000,"ordinal","skewed","normal","Extreme","5",1,TRUE,706.683000000019
"2321","Y=~y1",0.312,0.035,0.4,"Mplus",11964,285675,1000,"ordinal","skewed","normal","Extreme","5",1,TRUE,706.683000000019
"2322","Y=~y2",0.602,0.032,0.7,"Mplus",11964,285675,1000,"ordinal","skewed","normal","Extreme","5",1,TRUE,706.683000000019
"2323","Y=~y3",0.914,0.024,0.9,"Mplus",11964,285675,1000,"ordinal","skewed","normal","Extreme","5",1,TRUE,706.683000000019
"2324","Y~X",0.36,0.047,0.4,"Mplus",11964,285675,1000,"ordinal","skewed","normal","Extreme","5",1,TRUE,706.683000000019
"2325","Y~Z",0.487,0.046,0.5,"Mplus",11964,285675,1000,"ordinal","skewed","normal","Extreme","5",1,TRUE,706.683000000019
"2326","Y~X:Z",0.487,0.048,0.3,"Mplus",11964,285675,1000,"ordinal","skewed","normal","Extreme","5",1,TRUE,706.683000000019
"2327","X~~Z",0.252,0.045,0.2,"Mplus",11964,285675,1000,"ordinal","skewed","normal","Extreme","5",1,TRUE,706.683000000019
"2328","X=~x1",0.40591394723085,0.030688614195371,0.4,"LSAM",11964,285675,1000,"ordinal","skewed","normal","Extreme","5",1,TRUE,0.491999999969266
"2329","X=~x2",0.774119611984363,0.0501030166512391,0.8,"LSAM",11964,285675,1000,"ordinal","skewed","normal","Extreme","5",1,TRUE,0.491999999969266
"2330","X=~x3",0.793282959499422,0.0499666494890003,0.8,"LSAM",11964,285675,1000,"ordinal","skewed","normal","Extreme","5",1,TRUE,0.491999999969266
"2331","Z=~z1",0.516375388457863,0.0248431313642644,0.6,"LSAM",11964,285675,1000,"ordinal","skewed","normal","Extreme","5",1,TRUE,0.491999999969266
"2332","Z=~z2",0.531860010071039,0.0436621377938931,0.6,"LSAM",11964,285675,1000,"ordinal","skewed","normal","Extreme","5",1,TRUE,0.491999999969266
"2333","Z=~z3",0.824936337239509,0.0549579263106197,0.8,"LSAM",11964,285675,1000,"ordinal","skewed","normal","Extreme","5",1,TRUE,0.491999999969266
"2334","Y=~y1",0.348589998824688,0.0161949927671673,0.4,"LSAM",11964,285675,1000,"ordinal","skewed","normal","Extreme","5",1,TRUE,0.491999999969266
"2335","Y=~y2",0.671114425506025,0.0569010693317097,0.7,"LSAM",11964,285675,1000,"ordinal","skewed","normal","Extreme","5",1,TRUE,0.491999999969266
"2336","Y=~y3",0.77536598590922,0.0640972917366437,0.9,"LSAM",11964,285675,1000,"ordinal","skewed","normal","Extreme","5",1,TRUE,0.491999999969266
"2337","Y~X",0.384784080976465,0.0440396887690676,0.4,"LSAM",11964,285675,1000,"ordinal","skewed","normal","Extreme","5",1,TRUE,0.491999999969266
"2338","Y~Z",0.505033608537011,0.0484439208916526,0.5,"LSAM",11964,285675,1000,"ordinal","skewed","normal","Extreme","5",1,TRUE,0.491999999969266
"2339","Y~X:Z",0.251339898090967,0.0379396638802633,0.3,"LSAM",11964,285675,1000,"ordinal","skewed","normal","Extreme","5",1,TRUE,0.491999999969266
"2340","X~~Z",0.198095421130252,0.0458288195467959,0.2,"LSAM",11964,285675,1000,"ordinal","skewed","normal","Extreme","5",1,TRUE,0.491999999969266
"2341","X=~x1",0.446929202484561,0.0933859878327735,0.4,"MC-PLSc",11965,5364108,300,"ordinal","uniform","normal","Symmetric","2",1,TRUE,11.1149999999907
"2342","X=~x2",0.833963340624616,0.0864671785858135,0.8,"MC-PLSc",11965,5364108,300,"ordinal","uniform","normal","Symmetric","2",1,TRUE,11.1149999999907
"2343","X=~x3",0.998972461894362,0.0845157269185736,0.8,"MC-PLSc",11965,5364108,300,"ordinal","uniform","normal","Symmetric","2",1,TRUE,11.1149999999907
"2344","Z=~z1",0.6989137146559,0.095761591545899,0.6,"MC-PLSc",11965,5364108,300,"ordinal","uniform","normal","Symmetric","2",1,TRUE,11.1149999999907
"2345","Z=~z2",0.793430662292237,0.0888957169662944,0.6,"MC-PLSc",11965,5364108,300,"ordinal","uniform","normal","Symmetric","2",1,TRUE,11.1149999999907
"2346","Z=~z3",0.673455963694694,0.0959593577182144,0.8,"MC-PLSc",11965,5364108,300,"ordinal","uniform","normal","Symmetric","2",1,TRUE,11.1149999999907
"2347","Y=~y1",0.390017562576212,0.0993653502378915,0.4,"MC-PLSc",11965,5364108,300,"ordinal","uniform","normal","Symmetric","2",1,TRUE,11.1149999999907
"2348","Y=~y2",0.84516066799766,0.056972897652153,0.7,"MC-PLSc",11965,5364108,300,"ordinal","uniform","normal","Symmetric","2",1,TRUE,11.1149999999907
"2349","Y=~y3",0.998734872518328,0.0387229197878691,0.9,"MC-PLSc",11965,5364108,300,"ordinal","uniform","normal","Symmetric","2",1,TRUE,11.1149999999907
"2350","Y~X",0.380048569782881,0.0745653591483325,0.4,"MC-PLSc",11965,5364108,300,"ordinal","uniform","normal","Symmetric","2",1,TRUE,11.1149999999907
"2351","Y~Z",0.47019695271977,0.0757017576415443,0.5,"MC-PLSc",11965,5364108,300,"ordinal","uniform","normal","Symmetric","2",1,TRUE,11.1149999999907
"2352","Y~X:Z",0.365367357023638,0.10796363081851,0.3,"MC-PLSc",11965,5364108,300,"ordinal","uniform","normal","Symmetric","2",1,TRUE,11.1149999999907
"2353","X~~Z",0.131565937554593,0.102573193821868,0.2,"MC-PLSc",11965,5364108,300,"ordinal","uniform","normal","Symmetric","2",1,TRUE,11.1149999999907
"2354","X=~x1",0.423416695688563,0.134818225120855,0.4,"PLSc",11965,5364108,300,"ordinal","uniform","normal","Symmetric","2",1,TRUE,1.29199999995762
"2355","X=~x2",0.642094174992344,0.10065100432023,0.8,"PLSc",11965,5364108,300,"ordinal","uniform","normal","Symmetric","2",1,TRUE,1.29199999995762
"2356","X=~x3",0.893172691524659,0.107196578186488,0.8,"PLSc",11965,5364108,300,"ordinal","uniform","normal","Symmetric","2",1,TRUE,1.29199999995762
"2357","Z=~z1",0.62604394753667,0.0998813906864673,0.6,"PLSc",11965,5364108,300,"ordinal","uniform","normal","Symmetric","2",1,TRUE,1.29199999995762
"2358","Z=~z2",0.658911890147876,0.0936195185776925,0.6,"PLSc",11965,5364108,300,"ordinal","uniform","normal","Symmetric","2",1,TRUE,1.29199999995762
"2359","Z=~z3",0.473198746939302,0.118312846199956,0.8,"PLSc",11965,5364108,300,"ordinal","uniform","normal","Symmetric","2",1,TRUE,1.29199999995762
"2360","Y=~y1",0.232448435983811,0.111565651405335,0.4,"PLSc",11965,5364108,300,"ordinal","uniform","normal","Symmetric","2",1,TRUE,1.29199999995762
"2361","Y=~y2",0.735413979282378,0.0652553560700322,0.7,"PLSc",11965,5364108,300,"ordinal","uniform","normal","Symmetric","2",1,TRUE,1.29199999995762
"2362","Y=~y3",0.876072539177423,0.0670659079799637,0.9,"PLSc",11965,5364108,300,"ordinal","uniform","normal","Symmetric","2",1,TRUE,1.29199999995762
"2363","Y~X",0.339915868105908,0.0712821360810802,0.4,"PLSc",11965,5364108,300,"ordinal","uniform","normal","Symmetric","2",1,TRUE,1.29199999995762
"2364","Y~Z",0.445360310877245,0.0789329844523065,0.5,"PLSc",11965,5364108,300,"ordinal","uniform","normal","Symmetric","2",1,TRUE,1.29199999995762
"2365","Y~X:Z",0.259203604390436,0.0871648485746705,0.3,"PLSc",11965,5364108,300,"ordinal","uniform","normal","Symmetric","2",1,TRUE,1.29199999995762
"2366","X~~Z",0.118819588306959,0.0827170584308105,0.2,"PLSc",11965,5364108,300,"ordinal","uniform","normal","Symmetric","2",1,TRUE,1.29199999995762
"2367","X=~x1",0.50702773469185,0.100716258858425,0.4,"PLS",11965,5364108,300,"ordinal","uniform","normal","Symmetric","2",1,TRUE,0.881000000052154
"2368","X=~x2",0.853229753636703,0.0354233959504882,0.8,"PLS",11965,5364108,300,"ordinal","uniform","normal","Symmetric","2",1,TRUE,0.881000000052154
"2369","X=~x3",0.909772149331021,0.0263004407329145,0.8,"PLS",11965,5364108,300,"ordinal","uniform","normal","Symmetric","2",1,TRUE,0.881000000052154
"2370","Z=~z1",0.736724651295567,0.0654556658037448,0.6,"PLS",11965,5364108,300,"ordinal","uniform","normal","Symmetric","2",1,TRUE,0.881000000052154
"2371","Z=~z2",0.796590667988147,0.0445988809233355,0.6,"PLS",11965,5364108,300,"ordinal","uniform","normal","Symmetric","2",1,TRUE,0.881000000052154
"2372","Z=~z3",0.719898326655787,0.0692075239392749,0.8,"PLS",11965,5364108,300,"ordinal","uniform","normal","Symmetric","2",1,TRUE,0.881000000052154
"2373","Y=~y1",0.444688029231772,0.0937050768907697,0.4,"PLS",11965,5364108,300,"ordinal","uniform","normal","Symmetric","2",1,TRUE,0.881000000052154
"2374","Y=~y2",0.859551978856546,0.0284710390213672,0.7,"PLS",11965,5364108,300,"ordinal","uniform","normal","Symmetric","2",1,TRUE,0.881000000052154
"2375","Y=~y3",0.904296403584974,0.0172091363457597,0.9,"PLS",11965,5364108,300,"ordinal","uniform","normal","Symmetric","2",1,TRUE,0.881000000052154
"2376","Y~X",0.283711022496833,0.048990827584627,0.4,"PLS",11965,5364108,300,"ordinal","uniform","normal","Symmetric","2",1,TRUE,0.881000000052154
"2377","Y~Z",0.310676232174918,0.0488713431511084,0.5,"PLS",11965,5364108,300,"ordinal","uniform","normal","Symmetric","2",1,TRUE,0.881000000052154
"2378","Y~X:Z",0.153597065321025,0.0510034160040158,0.3,"PLS",11965,5364108,300,"ordinal","uniform","normal","Symmetric","2",1,TRUE,0.881000000052154
"2379","X~~Z",0.0829430148877532,0.0581376945830768,0.2,"PLS",11965,5364108,300,"ordinal","uniform","normal","Symmetric","2",1,TRUE,0.881000000052154
"2380","X=~x1",0.365,0.053,0.4,"Mplus",11965,5364108,300,"ordinal","uniform","normal","Symmetric","2",1,TRUE,146.722999999998
"2381","X=~x2",0.856,0.039,0.8,"Mplus",11965,5364108,300,"ordinal","uniform","normal","Symmetric","2",1,TRUE,146.722999999998
"2382","X=~x3",0.996,0.002,0.8,"Mplus",11965,5364108,300,"ordinal","uniform","normal","Symmetric","2",1,TRUE,146.722999999998
"2383","Z=~z1",0.583,0.075,0.6,"Mplus",11965,5364108,300,"ordinal","uniform","normal","Symmetric","2",1,TRUE,146.722999999998
"2384","Z=~z2",0.787,0.072,0.6,"Mplus",11965,5364108,300,"ordinal","uniform","normal","Symmetric","2",1,TRUE,146.722999999998
"2385","Z=~z3",0.748,0.074,0.8,"Mplus",11965,5364108,300,"ordinal","uniform","normal","Symmetric","2",1,TRUE,146.722999999998
"2386","Y=~y1",0.407,0.084,0.4,"Mplus",11965,5364108,300,"ordinal","uniform","normal","Symmetric","2",1,TRUE,146.722999999998
"2387","Y=~y2",0.807,0.054,0.7,"Mplus",11965,5364108,300,"ordinal","uniform","normal","Symmetric","2",1,TRUE,146.722999999998
"2388","Y=~y3",0.998,0.008,0.9,"Mplus",11965,5364108,300,"ordinal","uniform","normal","Symmetric","2",1,TRUE,146.722999999998
"2389","Y~X",0.377,0.092,0.4,"Mplus",11965,5364108,300,"ordinal","uniform","normal","Symmetric","2",1,TRUE,146.722999999998
"2390","Y~Z",0.445,0.124,0.5,"Mplus",11965,5364108,300,"ordinal","uniform","normal","Symmetric","2",1,TRUE,146.722999999998
"2391","Y~X:Z",0.38,0.12,0.3,"Mplus",11965,5364108,300,"ordinal","uniform","normal","Symmetric","2",1,TRUE,146.722999999998
"2392","X~~Z",0.131,0.12,0.2,"Mplus",11965,5364108,300,"ordinal","uniform","normal","Symmetric","2",1,TRUE,146.722999999998
"2393","X=~x1",0.313402245464919,0.0576242644412535,0.4,"LSAM",11965,5364108,300,"ordinal","uniform","normal","Symmetric","2",1,TRUE,0.460000000020955
"2394","X=~x2",0.793847466931983,0.105767173399545,0.8,"LSAM",11965,5364108,300,"ordinal","uniform","normal","Symmetric","2",1,TRUE,0.460000000020955
"2395","X=~x3",0.848684073753405,0.103496980720111,0.8,"LSAM",11965,5364108,300,"ordinal","uniform","normal","Symmetric","2",1,TRUE,0.460000000020955
"2396","Z=~z1",0.472161781902873,0.172069528131309,0.6,"LSAM",11965,5364108,300,"ordinal","uniform","normal","Symmetric","2",1,TRUE,0.460000000020955
"2397","Z=~z2",0.652508091657697,0.196780879935517,0.6,"LSAM",11965,5364108,300,"ordinal","uniform","normal","Symmetric","2",1,TRUE,0.460000000020955
"2398","Z=~z3",0.664241829939716,0.196016288085673,0.8,"LSAM",11965,5364108,300,"ordinal","uniform","normal","Symmetric","2",1,TRUE,0.460000000020955
"2399","Y=~y1",0.356167929334316,0.0158003082845919,0.4,"LSAM",11965,5364108,300,"ordinal","uniform","normal","Symmetric","2",1,TRUE,0.460000000020955
"2400","Y=~y2",0.705922016114727,0.0860486407167346,0.7,"LSAM",11965,5364108,300,"ordinal","uniform","normal","Symmetric","2",1,TRUE,0.460000000020955
"2401","Y=~y3",0.839694004712413,0.0986028775648105,0.9,"LSAM",11965,5364108,300,"ordinal","uniform","normal","Symmetric","2",1,TRUE,0.460000000020955
"2402","Y~X",0.343109991557377,0.0907514991353692,0.4,"LSAM",11965,5364108,300,"ordinal","uniform","normal","Symmetric","2",1,TRUE,0.460000000020955
"2403","Y~Z",0.405754166933016,0.170650083552198,0.5,"LSAM",11965,5364108,300,"ordinal","uniform","normal","Symmetric","2",1,TRUE,0.460000000020955
"2404","Y~X:Z",0.285417982201899,0.203983840708301,0.3,"LSAM",11965,5364108,300,"ordinal","uniform","normal","Symmetric","2",1,TRUE,0.460000000020955
"2405","X~~Z",0.12555914733479,0.111231398908363,0.2,"LSAM",11965,5364108,300,"ordinal","uniform","normal","Symmetric","2",1,TRUE,0.460000000020955
"2406","X=~x1",0.452843755535163,0.0539452135815774,0.4,"MC-PLSc",11966,4904357,1000,"ordinal","uniform","normal","Symmetric","2",1,TRUE,13.539999999979
"2407","X=~x2",0.871326093619643,0.0446659055748193,0.8,"MC-PLSc",11966,4904357,1000,"ordinal","uniform","normal","Symmetric","2",1,TRUE,13.539999999979
"2408","X=~x3",0.824115060592802,0.0399579143954756,0.8,"MC-PLSc",11966,4904357,1000,"ordinal","uniform","normal","Symmetric","2",1,TRUE,13.539999999979
"2409","Z=~z1",0.642980097731554,0.0437329201771494,0.6,"MC-PLSc",11966,4904357,1000,"ordinal","uniform","normal","Symmetric","2",1,TRUE,13.539999999979
"2410","Z=~z2",0.593796219749831,0.0509361238443794,0.6,"MC-PLSc",11966,4904357,1000,"ordinal","uniform","normal","Symmetric","2",1,TRUE,13.539999999979
"2411","Z=~z3",0.908381370942378,0.0425338339762074,0.8,"MC-PLSc",11966,4904357,1000,"ordinal","uniform","normal","Symmetric","2",1,TRUE,13.539999999979
"2412","Y=~y1",0.387724310640193,0.0502981596313897,0.4,"MC-PLSc",11966,4904357,1000,"ordinal","uniform","normal","Symmetric","2",1,TRUE,13.539999999979
"2413","Y=~y2",0.691506208243544,0.0385037259597807,0.7,"MC-PLSc",11966,4904357,1000,"ordinal","uniform","normal","Symmetric","2",1,TRUE,13.539999999979
"2414","Y=~y3",0.877688171875105,0.0329585332480231,0.9,"MC-PLSc",11966,4904357,1000,"ordinal","uniform","normal","Symmetric","2",1,TRUE,13.539999999979
"2415","Y~X",0.432671992158546,0.0485507337517328,0.4,"MC-PLSc",11966,4904357,1000,"ordinal","uniform","normal","Symmetric","2",1,TRUE,13.539999999979
"2416","Y~Z",0.531141987529554,0.0450515905534875,0.5,"MC-PLSc",11966,4904357,1000,"ordinal","uniform","normal","Symmetric","2",1,TRUE,13.539999999979
"2417","Y~X:Z",0.349113598255576,0.073434993132319,0.3,"MC-PLSc",11966,4904357,1000,"ordinal","uniform","normal","Symmetric","2",1,TRUE,13.539999999979
"2418","X~~Z",0.247644654225285,0.0485191451172778,0.2,"MC-PLSc",11966,4904357,1000,"ordinal","uniform","normal","Symmetric","2",1,TRUE,13.539999999979
"2419","X=~x1",0.38275251049673,0.0617723398649696,0.4,"PLSc",11966,4904357,1000,"ordinal","uniform","normal","Symmetric","2",1,TRUE,1.37199999997392
"2420","X=~x2",0.698204588495516,0.0471210424796411,0.8,"PLSc",11966,4904357,1000,"ordinal","uniform","normal","Symmetric","2",1,TRUE,1.37199999997392
"2421","X=~x3",0.700761283961851,0.0507759284936134,0.8,"PLSc",11966,4904357,1000,"ordinal","uniform","normal","Symmetric","2",1,TRUE,1.37199999997392
"2422","Z=~z1",0.52256116506442,0.0529109240699021,0.6,"PLSc",11966,4904357,1000,"ordinal","uniform","normal","Symmetric","2",1,TRUE,1.37199999997392
"2423","Z=~z2",0.485796597759388,0.0488922820656083,0.6,"PLSc",11966,4904357,1000,"ordinal","uniform","normal","Symmetric","2",1,TRUE,1.37199999997392
"2424","Z=~z3",0.752364823335747,0.0463557621043714,0.8,"PLSc",11966,4904357,1000,"ordinal","uniform","normal","Symmetric","2",1,TRUE,1.37199999997392
"2425","Y=~y1",0.317593548894461,0.0428772694495723,0.4,"PLSc",11966,4904357,1000,"ordinal","uniform","normal","Symmetric","2",1,TRUE,1.37199999997392
"2426","Y=~y2",0.542415660202488,0.0374818034201431,0.7,"PLSc",11966,4904357,1000,"ordinal","uniform","normal","Symmetric","2",1,TRUE,1.37199999997392
"2427","Y=~y3",0.696303484792047,0.0369966959213559,0.9,"PLSc",11966,4904357,1000,"ordinal","uniform","normal","Symmetric","2",1,TRUE,1.37199999997392
"2428","Y~X",0.42059845330408,0.0495969838515637,0.4,"PLSc",11966,4904357,1000,"ordinal","uniform","normal","Symmetric","2",1,TRUE,1.37199999997392
"2429","Y~Z",0.547988245358077,0.0516695903956158,0.5,"PLSc",11966,4904357,1000,"ordinal","uniform","normal","Symmetric","2",1,TRUE,1.37199999997392
"2430","Y~X:Z",0.273071641526986,0.0595690279778023,0.3,"PLSc",11966,4904357,1000,"ordinal","uniform","normal","Symmetric","2",1,TRUE,1.37199999997392
"2431","X~~Z",0.233510733724486,0.0448661203547409,0.2,"PLSc",11966,4904357,1000,"ordinal","uniform","normal","Symmetric","2",1,TRUE,1.37199999997392
"2432","X=~x1",0.523557507886492,0.0501366361458505,0.4,"PLS",11966,4904357,1000,"ordinal","uniform","normal","Symmetric","2",1,TRUE,0.918999999994412
"2433","X=~x2",0.848908251582317,0.0175206804288431,0.8,"PLS",11966,4904357,1000,"ordinal","uniform","normal","Symmetric","2",1,TRUE,0.918999999994412
"2434","X=~x3",0.830337668660167,0.0217221101996496,0.8,"PLS",11966,4904357,1000,"ordinal","uniform","normal","Symmetric","2",1,TRUE,0.918999999994412
"2435","Z=~z1",0.706473438638625,0.0344610444370701,0.6,"PLS",11966,4904357,1000,"ordinal","uniform","normal","Symmetric","2",1,TRUE,0.918999999994412
"2436","Z=~z2",0.664175816739396,0.0369085235730636,0.6,"PLS",11966,4904357,1000,"ordinal","uniform","normal","Symmetric","2",1,TRUE,0.918999999994412
"2437","Z=~z3",0.853920462251756,0.016560553481126,0.8,"PLS",11966,4904357,1000,"ordinal","uniform","normal","Symmetric","2",1,TRUE,0.918999999994412
"2438","Y=~y1",0.466548099916473,0.0490899246892352,0.4,"PLS",11966,4904357,1000,"ordinal","uniform","normal","Symmetric","2",1,TRUE,0.918999999994412
"2439","Y=~y2",0.752870793337126,0.0251709346052676,0.7,"PLS",11966,4904357,1000,"ordinal","uniform","normal","Symmetric","2",1,TRUE,0.918999999994412
"2440","Y=~y3",0.852218402444458,0.0156344254818831,0.9,"PLS",11966,4904357,1000,"ordinal","uniform","normal","Symmetric","2",1,TRUE,0.918999999994412
"2441","Y~X",0.294672588021462,0.0267455635499794,0.4,"PLS",11966,4904357,1000,"ordinal","uniform","normal","Symmetric","2",1,TRUE,0.918999999994412
"2442","Y~Z",0.347850422787755,0.0256968072491535,0.5,"PLS",11966,4904357,1000,"ordinal","uniform","normal","Symmetric","2",1,TRUE,0.918999999994412
"2443","Y~X:Z",0.12933191813836,0.0262530424207289,0.3,"PLS",11966,4904357,1000,"ordinal","uniform","normal","Symmetric","2",1,TRUE,0.918999999994412
"2444","X~~Z",0.153955059340092,0.0293680398122695,0.2,"PLS",11966,4904357,1000,"ordinal","uniform","normal","Symmetric","2",1,TRUE,0.918999999994412
"2445","X=~x1",0.401,0.041,0.4,"Mplus",11966,4904357,1000,"ordinal","uniform","normal","Symmetric","2",1,TRUE,296.132000000041
"2446","X=~x2",0.876,0.04,0.8,"Mplus",11966,4904357,1000,"ordinal","uniform","normal","Symmetric","2",1,TRUE,296.132000000041
"2447","X=~x3",0.806,0.041,0.8,"Mplus",11966,4904357,1000,"ordinal","uniform","normal","Symmetric","2",1,TRUE,296.132000000041
"2448","Z=~z1",0.602,0.041,0.6,"Mplus",11966,4904357,1000,"ordinal","uniform","normal","Symmetric","2",1,TRUE,296.132000000041
"2449","Z=~z2",0.549,0.042,0.6,"Mplus",11966,4904357,1000,"ordinal","uniform","normal","Symmetric","2",1,TRUE,296.132000000041
"2450","Z=~z3",0.922,0.041,0.8,"Mplus",11966,4904357,1000,"ordinal","uniform","normal","Symmetric","2",1,TRUE,296.132000000041
"2451","Y=~y1",0.334,0.044,0.4,"Mplus",11966,4904357,1000,"ordinal","uniform","normal","Symmetric","2",1,TRUE,296.132000000041
"2452","Y=~y2",0.653,0.041,0.7,"Mplus",11966,4904357,1000,"ordinal","uniform","normal","Symmetric","2",1,TRUE,296.132000000041
"2453","Y=~y3",0.884,0.038,0.9,"Mplus",11966,4904357,1000,"ordinal","uniform","normal","Symmetric","2",1,TRUE,296.132000000041
"2454","Y~X",0.422,0.045,0.4,"Mplus",11966,4904357,1000,"ordinal","uniform","normal","Symmetric","2",1,TRUE,296.132000000041
"2455","Y~Z",0.525,0.043,0.5,"Mplus",11966,4904357,1000,"ordinal","uniform","normal","Symmetric","2",1,TRUE,296.132000000041
"2456","Y~X:Z",0.322,0.055,0.3,"Mplus",11966,4904357,1000,"ordinal","uniform","normal","Symmetric","2",1,TRUE,296.132000000041
"2457","X~~Z",0.239,0.049,0.2,"Mplus",11966,4904357,1000,"ordinal","uniform","normal","Symmetric","2",1,TRUE,296.132000000041
"2458","X=~x1",0.331197549351777,0.0387313372026204,0.4,"LSAM",11966,4904357,1000,"ordinal","uniform","normal","Symmetric","2",1,TRUE,0.581999999994878
"2459","X=~x2",0.833367484927766,0.0773001991118518,0.8,"LSAM",11966,4904357,1000,"ordinal","uniform","normal","Symmetric","2",1,TRUE,0.581999999994878
"2460","X=~x3",0.622231756809764,0.071904300655187,0.8,"LSAM",11966,4904357,1000,"ordinal","uniform","normal","Symmetric","2",1,TRUE,0.581999999994878
"2461","Z=~z1",0.516930429630352,0.0424169240113329,0.6,"LSAM",11966,4904357,1000,"ordinal","uniform","normal","Symmetric","2",1,TRUE,0.581999999994878
"2462","Z=~z2",0.468113836666998,0.0565428616441476,0.6,"LSAM",11966,4904357,1000,"ordinal","uniform","normal","Symmetric","2",1,TRUE,0.581999999994878
"2463","Z=~z3",0.777858301770401,0.0715559692558829,0.8,"LSAM",11966,4904357,1000,"ordinal","uniform","normal","Symmetric","2",1,TRUE,0.581999999994878
"2464","Y=~y1",0.310439815702013,0.00949556891195157,0.4,"LSAM",11966,4904357,1000,"ordinal","uniform","normal","Symmetric","2",1,TRUE,0.581999999994878
"2465","Y=~y2",0.532578863301914,0.0627725669246665,0.7,"LSAM",11966,4904357,1000,"ordinal","uniform","normal","Symmetric","2",1,TRUE,0.581999999994878
"2466","Y=~y3",0.74188291485539,0.0937509680973904,0.9,"LSAM",11966,4904357,1000,"ordinal","uniform","normal","Symmetric","2",1,TRUE,0.581999999994878
"2467","Y~X",0.385071445682164,0.0497032919763173,0.4,"LSAM",11966,4904357,1000,"ordinal","uniform","normal","Symmetric","2",1,TRUE,0.581999999994878
"2468","Y~Z",0.526246184118492,0.104009087037463,0.5,"LSAM",11966,4904357,1000,"ordinal","uniform","normal","Symmetric","2",1,TRUE,0.581999999994878
"2469","Y~X:Z",0.240741381799446,0.0616390715256461,0.3,"LSAM",11966,4904357,1000,"ordinal","uniform","normal","Symmetric","2",1,TRUE,0.581999999994878
"2470","X~~Z",0.200416076578874,0.0444503681475549,0.2,"LSAM",11966,4904357,1000,"ordinal","uniform","normal","Symmetric","2",1,TRUE,0.581999999994878
"2471","X=~x1",0.375533129027763,0.1111606882098,0.4,"MC-PLSc",11967,1896049,300,"ordinal","uniform","normal","Symmetric","3",1,TRUE,13.0910000000149
"2472","X=~x2",0.81702969812227,0.122251121856276,0.8,"MC-PLSc",11967,1896049,300,"ordinal","uniform","normal","Symmetric","3",1,TRUE,13.0910000000149
"2473","X=~x3",0.723379851482477,0.112439674399277,0.8,"MC-PLSc",11967,1896049,300,"ordinal","uniform","normal","Symmetric","3",1,TRUE,13.0910000000149
"2474","Z=~z1",0.640382857045989,0.0797314134939012,0.6,"MC-PLSc",11967,1896049,300,"ordinal","uniform","normal","Symmetric","3",1,TRUE,13.0910000000149
"2475","Z=~z2",0.641113923693786,0.0789517381462243,0.6,"MC-PLSc",11967,1896049,300,"ordinal","uniform","normal","Symmetric","3",1,TRUE,13.0910000000149
"2476","Z=~z3",0.799993667796368,0.0658927849156193,0.8,"MC-PLSc",11967,1896049,300,"ordinal","uniform","normal","Symmetric","3",1,TRUE,13.0910000000149
"2477","Y=~y1",0.353760009045548,0.0832584791029668,0.4,"MC-PLSc",11967,1896049,300,"ordinal","uniform","normal","Symmetric","3",1,TRUE,13.0910000000149
"2478","Y=~y2",0.630091355209352,0.0779722312249528,0.7,"MC-PLSc",11967,1896049,300,"ordinal","uniform","normal","Symmetric","3",1,TRUE,13.0910000000149
"2479","Y=~y3",0.998474458256397,0.0814928803098749,0.9,"MC-PLSc",11967,1896049,300,"ordinal","uniform","normal","Symmetric","3",1,TRUE,13.0910000000149
"2480","Y~X",0.313949076955716,0.0730880032223471,0.4,"MC-PLSc",11967,1896049,300,"ordinal","uniform","normal","Symmetric","3",1,TRUE,13.0910000000149
"2481","Y~Z",0.557260321937305,0.070176174164819,0.5,"MC-PLSc",11967,1896049,300,"ordinal","uniform","normal","Symmetric","3",1,TRUE,13.0910000000149
"2482","Y~X:Z",0.115059524584029,0.0945410629913167,0.3,"MC-PLSc",11967,1896049,300,"ordinal","uniform","normal","Symmetric","3",1,TRUE,13.0910000000149
"2483","X~~Z",0.128436607227705,0.0717292412960471,0.2,"MC-PLSc",11967,1896049,300,"ordinal","uniform","normal","Symmetric","3",1,TRUE,13.0910000000149
"2484","X=~x1",0.339953886593833,0.151319402354634,0.4,"PLSc",11967,1896049,300,"ordinal","uniform","normal","Symmetric","3",1,TRUE,1.30300000001444
"2485","X=~x2",0.703689796987707,0.11899511887476,0.8,"PLSc",11967,1896049,300,"ordinal","uniform","normal","Symmetric","3",1,TRUE,1.30300000001444
"2486","X=~x3",0.656982418966286,0.12901944090162,0.8,"PLSc",11967,1896049,300,"ordinal","uniform","normal","Symmetric","3",1,TRUE,1.30300000001444
"2487","Z=~z1",0.554887635991676,0.0846785022467142,0.6,"PLSc",11967,1896049,300,"ordinal","uniform","normal","Symmetric","3",1,TRUE,1.30300000001444
"2488","Z=~z2",0.546948569921808,0.0823213037029759,0.6,"PLSc",11967,1896049,300,"ordinal","uniform","normal","Symmetric","3",1,TRUE,1.30300000001444
"2489","Z=~z3",0.755561465478661,0.0713661608918458,0.8,"PLSc",11967,1896049,300,"ordinal","uniform","normal","Symmetric","3",1,TRUE,1.30300000001444
"2490","Y=~y1",0.328063334172324,0.0953854158556163,0.4,"PLSc",11967,1896049,300,"ordinal","uniform","normal","Symmetric","3",1,TRUE,1.30300000001444
"2491","Y=~y2",0.555510470021863,0.070359778657792,0.7,"PLSc",11967,1896049,300,"ordinal","uniform","normal","Symmetric","3",1,TRUE,1.30300000001444
"2492","Y=~y3",0.890377969065529,0.0620191511336428,0.9,"PLSc",11967,1896049,300,"ordinal","uniform","normal","Symmetric","3",1,TRUE,1.30300000001444
"2493","Y~X",0.31228957747818,0.119224161824687,0.4,"PLSc",11967,1896049,300,"ordinal","uniform","normal","Symmetric","3",1,TRUE,1.30300000001444
"2494","Y~Z",0.590549868211042,0.18727301474516,0.5,"PLSc",11967,1896049,300,"ordinal","uniform","normal","Symmetric","3",1,TRUE,1.30300000001444
"2495","Y~X:Z",0.19842866701853,0.441355789129179,0.3,"PLSc",11967,1896049,300,"ordinal","uniform","normal","Symmetric","3",1,TRUE,1.30300000001444
"2496","X~~Z",0.128669650007047,0.0823739211702928,0.2,"PLSc",11967,1896049,300,"ordinal","uniform","normal","Symmetric","3",1,TRUE,1.30300000001444
"2497","X=~x1",0.497421476535281,0.121910760419639,0.4,"PLS",11967,1896049,300,"ordinal","uniform","normal","Symmetric","3",1,TRUE,0.891999999992549
"2498","X=~x2",0.850432561437283,0.0463066043151555,0.8,"PLS",11967,1896049,300,"ordinal","uniform","normal","Symmetric","3",1,TRUE,0.891999999992549
"2499","X=~x3",0.806979519461141,0.0681339731914443,0.8,"PLS",11967,1896049,300,"ordinal","uniform","normal","Symmetric","3",1,TRUE,0.891999999992549
"2500","Z=~z1",0.734063734382047,0.048974348457697,0.6,"PLS",11967,1896049,300,"ordinal","uniform","normal","Symmetric","3",1,TRUE,0.891999999992549
"2501","Z=~z2",0.734354357812081,0.0492754466643811,0.6,"PLS",11967,1896049,300,"ordinal","uniform","normal","Symmetric","3",1,TRUE,0.891999999992549
"2502","Z=~z3",0.82671718785149,0.0302936905023271,0.8,"PLS",11967,1896049,300,"ordinal","uniform","normal","Symmetric","3",1,TRUE,0.891999999992549
"2503","Y=~y1",0.475116604920193,0.0911798332322182,0.4,"PLS",11967,1896049,300,"ordinal","uniform","normal","Symmetric","3",1,TRUE,0.891999999992549
"2504","Y=~y2",0.765785688167344,0.0457410209953689,0.7,"PLS",11967,1896049,300,"ordinal","uniform","normal","Symmetric","3",1,TRUE,0.891999999992549
"2505","Y=~y3",0.909610517706187,0.0159589704686688,0.9,"PLS",11967,1896049,300,"ordinal","uniform","normal","Symmetric","3",1,TRUE,0.891999999992549
"2506","Y~X",0.235015834154187,0.0478758666811672,0.4,"PLS",11967,1896049,300,"ordinal","uniform","normal","Symmetric","3",1,TRUE,0.891999999992549
"2507","Y~Z",0.40206731030616,0.0465180940210973,0.5,"PLS",11967,1896049,300,"ordinal","uniform","normal","Symmetric","3",1,TRUE,0.891999999992549
"2508","Y~X:Z",0.0548826372113244,0.0490980034389775,0.3,"PLS",11967,1896049,300,"ordinal","uniform","normal","Symmetric","3",1,TRUE,0.891999999992549
"2509","X~~Z",0.0849194991948348,0.0549950191143889,0.2,"PLS",11967,1896049,300,"ordinal","uniform","normal","Symmetric","3",1,TRUE,0.891999999992549
"2510","X=~x1",0.361,0.067,0.4,"Mplus",11967,1896049,300,"ordinal","uniform","normal","Symmetric","3",1,TRUE,195.277000000002
"2511","X=~x2",0.849,0.091,0.8,"Mplus",11967,1896049,300,"ordinal","uniform","normal","Symmetric","3",1,TRUE,195.277000000002
"2512","X=~x3",0.679,0.077,0.8,"Mplus",11967,1896049,300,"ordinal","uniform","normal","Symmetric","3",1,TRUE,195.277000000002
"2513","Z=~z1",0.631,0.063,0.6,"Mplus",11967,1896049,300,"ordinal","uniform","normal","Symmetric","3",1,TRUE,195.277000000002
"2514","Z=~z2",0.629,0.064,0.6,"Mplus",11967,1896049,300,"ordinal","uniform","normal","Symmetric","3",1,TRUE,195.277000000002
"2515","Z=~z3",0.773,0.058,0.8,"Mplus",11967,1896049,300,"ordinal","uniform","normal","Symmetric","3",1,TRUE,195.277000000002
"2516","Y=~y1",0.342,0.069,0.4,"Mplus",11967,1896049,300,"ordinal","uniform","normal","Symmetric","3",1,TRUE,195.277000000002
"2517","Y=~y2",0.632,0.05,0.7,"Mplus",11967,1896049,300,"ordinal","uniform","normal","Symmetric","3",1,TRUE,195.277000000002
"2518","Y=~y3",0.992,0.017,0.9,"Mplus",11967,1896049,300,"ordinal","uniform","normal","Symmetric","3",1,TRUE,195.277000000002
"2519","Y~X",0.29,0.068,0.4,"Mplus",11967,1896049,300,"ordinal","uniform","normal","Symmetric","3",1,TRUE,195.277000000002
"2520","Y~Z",0.565,0.062,0.5,"Mplus",11967,1896049,300,"ordinal","uniform","normal","Symmetric","3",1,TRUE,195.277000000002
"2521","Y~X:Z",0.117,0.099,0.3,"Mplus",11967,1896049,300,"ordinal","uniform","normal","Symmetric","3",1,TRUE,195.277000000002
"2522","X~~Z",0.142,0.082,0.2,"Mplus",11967,1896049,300,"ordinal","uniform","normal","Symmetric","3",1,TRUE,195.277000000002
"2523","X=~x1",0.318320027772672,0.081968856295038,0.4,"LSAM",11967,1896049,300,"ordinal","uniform","normal","Symmetric","3",1,TRUE,0.441999999980908
"2524","X=~x2",0.846467211031036,0.167629533003738,0.8,"LSAM",11967,1896049,300,"ordinal","uniform","normal","Symmetric","3",1,TRUE,0.441999999980908
"2525","X=~x3",0.554431931499149,0.145769970192348,0.8,"LSAM",11967,1896049,300,"ordinal","uniform","normal","Symmetric","3",1,TRUE,0.441999999980908
"2526","Z=~z1",0.607444551396244,0.148838901605726,0.6,"LSAM",11967,1896049,300,"ordinal","uniform","normal","Symmetric","3",1,TRUE,0.441999999980908
"2527","Z=~z2",0.618622807575643,0.165813397992831,0.6,"LSAM",11967,1896049,300,"ordinal","uniform","normal","Symmetric","3",1,TRUE,0.441999999980908
"2528","Z=~z3",0.636095734320667,0.165463265982911,0.8,"LSAM",11967,1896049,300,"ordinal","uniform","normal","Symmetric","3",1,TRUE,0.441999999980908
"2529","Y=~y1",0.313760695718327,0.0179692502641956,0.4,"LSAM",11967,1896049,300,"ordinal","uniform","normal","Symmetric","3",1,TRUE,0.441999999980908
"2530","Y=~y2",0.561260642453679,0.0910643276533387,0.7,"LSAM",11967,1896049,300,"ordinal","uniform","normal","Symmetric","3",1,TRUE,0.441999999980908
"2531","Y=~y3",0.913112935017673,0.144347277868059,0.9,"LSAM",11967,1896049,300,"ordinal","uniform","normal","Symmetric","3",1,TRUE,0.441999999980908
"2532","Y~X",0.270304085109828,0.149679962433752,0.4,"LSAM",11967,1896049,300,"ordinal","uniform","normal","Symmetric","3",1,TRUE,0.441999999980908
"2533","Y~Z",0.573993168468325,0.371756041512763,0.5,"LSAM",11967,1896049,300,"ordinal","uniform","normal","Symmetric","3",1,TRUE,0.441999999980908
"2534","Y~X:Z",0.144393328800379,0.261925104423209,0.3,"LSAM",11967,1896049,300,"ordinal","uniform","normal","Symmetric","3",1,TRUE,0.441999999980908
"2535","X~~Z",0.112982755535155,0.132424284731145,0.2,"LSAM",11967,1896049,300,"ordinal","uniform","normal","Symmetric","3",1,TRUE,0.441999999980908
"2536","X=~x1",0.401500944209006,0.0484916934986034,0.4,"MC-PLSc",11968,4081220,1000,"ordinal","uniform","normal","Symmetric","3",1,TRUE,14.9130000000005
"2537","X=~x2",0.779535144553445,0.0397724249401901,0.8,"MC-PLSc",11968,4081220,1000,"ordinal","uniform","normal","Symmetric","3",1,TRUE,14.9130000000005
"2538","X=~x3",0.831681866247439,0.0396430371481445,0.8,"MC-PLSc",11968,4081220,1000,"ordinal","uniform","normal","Symmetric","3",1,TRUE,14.9130000000005
"2539","Z=~z1",0.665580052295955,0.0344012508423378,0.6,"MC-PLSc",11968,4081220,1000,"ordinal","uniform","normal","Symmetric","3",1,TRUE,14.9130000000005
"2540","Z=~z2",0.693830031922127,0.028996803321432,0.6,"MC-PLSc",11968,4081220,1000,"ordinal","uniform","normal","Symmetric","3",1,TRUE,14.9130000000005
"2541","Z=~z3",0.819599312454184,0.0290451459915205,0.8,"MC-PLSc",11968,4081220,1000,"ordinal","uniform","normal","Symmetric","3",1,TRUE,14.9130000000005
"2542","Y=~y1",0.419122836294212,0.0362890362459082,0.4,"MC-PLSc",11968,4081220,1000,"ordinal","uniform","normal","Symmetric","3",1,TRUE,14.9130000000005
"2543","Y=~y2",0.745256025185452,0.0311780474301912,0.7,"MC-PLSc",11968,4081220,1000,"ordinal","uniform","normal","Symmetric","3",1,TRUE,14.9130000000005
"2544","Y=~y3",0.889102579474794,0.0256588221879665,0.9,"MC-PLSc",11968,4081220,1000,"ordinal","uniform","normal","Symmetric","3",1,TRUE,14.9130000000005
"2545","Y~X",0.397162268807995,0.0374301063134989,0.4,"MC-PLSc",11968,4081220,1000,"ordinal","uniform","normal","Symmetric","3",1,TRUE,14.9130000000005
"2546","Y~Z",0.530717582680233,0.0330834819544056,0.5,"MC-PLSc",11968,4081220,1000,"ordinal","uniform","normal","Symmetric","3",1,TRUE,14.9130000000005
"2547","Y~X:Z",0.250950455142466,0.0476209155614966,0.3,"MC-PLSc",11968,4081220,1000,"ordinal","uniform","normal","Symmetric","3",1,TRUE,14.9130000000005
"2548","X~~Z",0.180571579809892,0.0461340005054624,0.2,"MC-PLSc",11968,4081220,1000,"ordinal","uniform","normal","Symmetric","3",1,TRUE,14.9130000000005
"2549","X=~x1",0.3764832751371,0.0600095291442404,0.4,"PLSc",11968,4081220,1000,"ordinal","uniform","normal","Symmetric","3",1,TRUE,1.34899999998743
"2550","X=~x2",0.687968836929912,0.0434705146534742,0.8,"PLSc",11968,4081220,1000,"ordinal","uniform","normal","Symmetric","3",1,TRUE,1.34899999998743
"2551","X=~x3",0.742613550994226,0.0456512704720012,0.8,"PLSc",11968,4081220,1000,"ordinal","uniform","normal","Symmetric","3",1,TRUE,1.34899999998743
"2552","Z=~z1",0.60429867580063,0.0388420711548871,0.6,"PLSc",11968,4081220,1000,"ordinal","uniform","normal","Symmetric","3",1,TRUE,1.34899999998743
"2553","Z=~z2",0.629211762799571,0.0369444636910116,0.6,"PLSc",11968,4081220,1000,"ordinal","uniform","normal","Symmetric","3",1,TRUE,1.34899999998743
"2554","Z=~z3",0.712489768098824,0.0371826778587033,0.8,"PLSc",11968,4081220,1000,"ordinal","uniform","normal","Symmetric","3",1,TRUE,1.34899999998743
"2555","Y=~y1",0.386622724473577,0.0411742370341432,0.4,"PLSc",11968,4081220,1000,"ordinal","uniform","normal","Symmetric","3",1,TRUE,1.34899999998743
"2556","Y=~y2",0.651322072381819,0.0302720790691574,0.7,"PLSc",11968,4081220,1000,"ordinal","uniform","normal","Symmetric","3",1,TRUE,1.34899999998743
"2557","Y=~y3",0.773698601410382,0.0290841903522046,0.9,"PLSc",11968,4081220,1000,"ordinal","uniform","normal","Symmetric","3",1,TRUE,1.34899999998743
"2558","Y~X",0.395156926887103,0.0428510500878798,0.4,"PLSc",11968,4081220,1000,"ordinal","uniform","normal","Symmetric","3",1,TRUE,1.34899999998743
"2559","Y~Z",0.535007307178015,0.0420268488567173,0.5,"PLSc",11968,4081220,1000,"ordinal","uniform","normal","Symmetric","3",1,TRUE,1.34899999998743
"2560","Y~X:Z",0.210827066257934,0.0484263797570901,0.3,"PLSc",11968,4081220,1000,"ordinal","uniform","normal","Symmetric","3",1,TRUE,1.34899999998743
"2561","X~~Z",0.181242934419914,0.0483983369095721,0.2,"PLSc",11968,4081220,1000,"ordinal","uniform","normal","Symmetric","3",1,TRUE,1.34899999998743
"2562","X=~x1",0.515822265874827,0.0481133829244216,0.4,"PLS",11968,4081220,1000,"ordinal","uniform","normal","Symmetric","3",1,TRUE,1.16099999996368
"2563","X=~x2",0.837016543945396,0.0173855493840451,0.8,"PLS",11968,4081220,1000,"ordinal","uniform","normal","Symmetric","3",1,TRUE,1.16099999996368
"2564","X=~x3",0.85743908186792,0.0167888698515132,0.8,"PLS",11968,4081220,1000,"ordinal","uniform","normal","Symmetric","3",1,TRUE,1.16099999996368
"2565","Z=~z1",0.746481620591253,0.0219940429308121,0.6,"PLS",11968,4081220,1000,"ordinal","uniform","normal","Symmetric","3",1,TRUE,1.16099999996368
"2566","Z=~z2",0.765573925122983,0.0195647519096965,0.6,"PLS",11968,4081220,1000,"ordinal","uniform","normal","Symmetric","3",1,TRUE,1.16099999996368
"2567","Z=~z3",0.833447168415193,0.0136883053263457,0.8,"PLS",11968,4081220,1000,"ordinal","uniform","normal","Symmetric","3",1,TRUE,1.16099999996368
"2568","Y=~y1",0.533570159119283,0.0383675439423344,0.4,"PLS",11968,4081220,1000,"ordinal","uniform","normal","Symmetric","3",1,TRUE,1.16099999996368
"2569","Y=~y2",0.814924841733928,0.0155130642719775,0.7,"PLS",11968,4081220,1000,"ordinal","uniform","normal","Symmetric","3",1,TRUE,1.16099999996368
"2570","Y=~y3",0.868782809353954,0.0105060271606751,0.9,"PLS",11968,4081220,1000,"ordinal","uniform","normal","Symmetric","3",1,TRUE,1.16099999996368
"2571","Y~X",0.294806643621255,0.0257653738715137,0.4,"PLS",11968,4081220,1000,"ordinal","uniform","normal","Symmetric","3",1,TRUE,1.16099999996368
"2572","Y~Z",0.382049351319409,0.0254447664943809,0.5,"PLS",11968,4081220,1000,"ordinal","uniform","normal","Symmetric","3",1,TRUE,1.16099999996368
"2573","Y~X:Z",0.131222131831852,0.0243017155666995,0.3,"PLS",11968,4081220,1000,"ordinal","uniform","normal","Symmetric","3",1,TRUE,1.16099999996368
"2574","X~~Z",0.12489877933033,0.0332817093567181,0.2,"PLS",11968,4081220,1000,"ordinal","uniform","normal","Symmetric","3",1,TRUE,1.16099999996368
"2575","X=~x1",0.367,0.038,0.4,"Mplus",11968,4081220,1000,"ordinal","uniform","normal","Symmetric","3",1,TRUE,490.131999999983
"2576","X=~x2",0.784,0.033,0.8,"Mplus",11968,4081220,1000,"ordinal","uniform","normal","Symmetric","3",1,TRUE,490.131999999983
"2577","X=~x3",0.829,0.035,0.8,"Mplus",11968,4081220,1000,"ordinal","uniform","normal","Symmetric","3",1,TRUE,490.131999999983
"2578","Z=~z1",0.632,0.031,0.6,"Mplus",11968,4081220,1000,"ordinal","uniform","normal","Symmetric","3",1,TRUE,490.131999999983
"2579","Z=~z2",0.673,0.031,0.6,"Mplus",11968,4081220,1000,"ordinal","uniform","normal","Symmetric","3",1,TRUE,490.131999999983
"2580","Z=~z3",0.84,0.028,0.8,"Mplus",11968,4081220,1000,"ordinal","uniform","normal","Symmetric","3",1,TRUE,490.131999999983
"2581","Y=~y1",0.391,0.035,0.4,"Mplus",11968,4081220,1000,"ordinal","uniform","normal","Symmetric","3",1,TRUE,490.131999999983
"2582","Y=~y2",0.728,0.028,0.7,"Mplus",11968,4081220,1000,"ordinal","uniform","normal","Symmetric","3",1,TRUE,490.131999999983
"2583","Y=~y3",0.906,0.026,0.9,"Mplus",11968,4081220,1000,"ordinal","uniform","normal","Symmetric","3",1,TRUE,490.131999999983
"2584","Y~X",0.399,0.037,0.4,"Mplus",11968,4081220,1000,"ordinal","uniform","normal","Symmetric","3",1,TRUE,490.131999999983
"2585","Y~Z",0.518,0.035,0.5,"Mplus",11968,4081220,1000,"ordinal","uniform","normal","Symmetric","3",1,TRUE,490.131999999983
"2586","Y~X:Z",0.254,0.039,0.3,"Mplus",11968,4081220,1000,"ordinal","uniform","normal","Symmetric","3",1,TRUE,490.131999999983
"2587","X~~Z",0.179,0.046,0.2,"Mplus",11968,4081220,1000,"ordinal","uniform","normal","Symmetric","3",1,TRUE,490.131999999983
"2588","X=~x1",0.33249093471548,0.03370622309337,0.4,"LSAM",11968,4081220,1000,"ordinal","uniform","normal","Symmetric","3",1,TRUE,0.449999999953434
"2589","X=~x2",0.719651606034851,0.0701018171460877,0.8,"LSAM",11968,4081220,1000,"ordinal","uniform","normal","Symmetric","3",1,TRUE,0.449999999953434
"2590","X=~x3",0.747441543178474,0.070939025190089,0.8,"LSAM",11968,4081220,1000,"ordinal","uniform","normal","Symmetric","3",1,TRUE,0.449999999953434
"2591","Z=~z1",0.577637164416034,0.032622409781346,0.6,"LSAM",11968,4081220,1000,"ordinal","uniform","normal","Symmetric","3",1,TRUE,0.449999999953434
"2592","Z=~z2",0.601128726715288,0.0471854661710366,0.6,"LSAM",11968,4081220,1000,"ordinal","uniform","normal","Symmetric","3",1,TRUE,0.449999999953434
"2593","Z=~z3",0.769795737077288,0.0489553625691312,0.8,"LSAM",11968,4081220,1000,"ordinal","uniform","normal","Symmetric","3",1,TRUE,0.449999999953434
"2594","Y=~y1",0.3488806519076,0.0118532502814766,0.4,"LSAM",11968,4081220,1000,"ordinal","uniform","normal","Symmetric","3",1,TRUE,0.449999999953434
"2595","Y=~y2",0.662247890916395,0.0536776247490047,0.7,"LSAM",11968,4081220,1000,"ordinal","uniform","normal","Symmetric","3",1,TRUE,0.449999999953434
"2596","Y=~y3",0.79585262962728,0.063256013266829,0.9,"LSAM",11968,4081220,1000,"ordinal","uniform","normal","Symmetric","3",1,TRUE,0.449999999953434
"2597","Y~X",0.38966959705181,0.0420337166461548,0.4,"LSAM",11968,4081220,1000,"ordinal","uniform","normal","Symmetric","3",1,TRUE,0.449999999953434
"2598","Y~Z",0.511665393108519,0.0485207751429307,0.5,"LSAM",11968,4081220,1000,"ordinal","uniform","normal","Symmetric","3",1,TRUE,0.449999999953434
"2599","Y~X:Z",0.202442035391103,0.0445180340919106,0.3,"LSAM",11968,4081220,1000,"ordinal","uniform","normal","Symmetric","3",1,TRUE,0.449999999953434
"2600","X~~Z",0.172343609814822,0.0483771739900347,0.2,"LSAM",11968,4081220,1000,"ordinal","uniform","normal","Symmetric","3",1,TRUE,0.449999999953434
"2601","X=~x1",0.468857012275299,0.07145205245317,0.4,"MC-PLSc",11969,5791726,300,"ordinal","uniform","normal","Symmetric","5",1,TRUE,16.7920000000158
"2602","X=~x2",0.842208047905807,0.04805726745571,0.8,"MC-PLSc",11969,5791726,300,"ordinal","uniform","normal","Symmetric","5",1,TRUE,16.7920000000158
"2603","X=~x3",0.758529621487923,0.0543841007253027,0.8,"MC-PLSc",11969,5791726,300,"ordinal","uniform","normal","Symmetric","5",1,TRUE,16.7920000000158
"2604","Z=~z1",0.475445421715027,0.0956500788469242,0.6,"MC-PLSc",11969,5791726,300,"ordinal","uniform","normal","Symmetric","5",1,TRUE,16.7920000000158
"2605","Z=~z2",0.681269682568891,0.0713712816673119,0.6,"MC-PLSc",11969,5791726,300,"ordinal","uniform","normal","Symmetric","5",1,TRUE,16.7920000000158
"2606","Z=~z3",0.785504443208871,0.0763884367609363,0.8,"MC-PLSc",11969,5791726,300,"ordinal","uniform","normal","Symmetric","5",1,TRUE,16.7920000000158
"2607","Y=~y1",0.343649340777881,0.0622385557833602,0.4,"MC-PLSc",11969,5791726,300,"ordinal","uniform","normal","Symmetric","5",1,TRUE,16.7920000000158
"2608","Y=~y2",0.668964010448936,0.0618538729183105,0.7,"MC-PLSc",11969,5791726,300,"ordinal","uniform","normal","Symmetric","5",1,TRUE,16.7920000000158
"2609","Y=~y3",0.895892288840679,0.0639476926785425,0.9,"MC-PLSc",11969,5791726,300,"ordinal","uniform","normal","Symmetric","5",1,TRUE,16.7920000000158
"2610","Y~X",0.476068857626895,0.0653082235291328,0.4,"MC-PLSc",11969,5791726,300,"ordinal","uniform","normal","Symmetric","5",1,TRUE,16.7920000000158
"2611","Y~Z",0.39227074963932,0.0789637175982739,0.5,"MC-PLSc",11969,5791726,300,"ordinal","uniform","normal","Symmetric","5",1,TRUE,16.7920000000158
"2612","Y~X:Z",0.273199058126614,0.103163217686432,0.3,"MC-PLSc",11969,5791726,300,"ordinal","uniform","normal","Symmetric","5",1,TRUE,16.7920000000158
"2613","X~~Z",0.151592969456769,0.0821260276376433,0.2,"MC-PLSc",11969,5791726,300,"ordinal","uniform","normal","Symmetric","5",1,TRUE,16.7920000000158
"2614","X=~x1",0.43862440206899,0.0989997687348525,0.4,"PLSc",11969,5791726,300,"ordinal","uniform","normal","Symmetric","5",1,TRUE,1.28499999997439
"2615","X=~x2",0.777949125467169,0.0694519819540255,0.8,"PLSc",11969,5791726,300,"ordinal","uniform","normal","Symmetric","5",1,TRUE,1.28499999997439
"2616","X=~x3",0.754365909630909,0.0644747024724913,0.8,"PLSc",11969,5791726,300,"ordinal","uniform","normal","Symmetric","5",1,TRUE,1.28499999997439
"2617","Z=~z1",0.430856246239606,0.125532012497974,0.6,"PLSc",11969,5791726,300,"ordinal","uniform","normal","Symmetric","5",1,TRUE,1.28499999997439
"2618","Z=~z2",0.660835583898464,0.0935070843177516,0.6,"PLSc",11969,5791726,300,"ordinal","uniform","normal","Symmetric","5",1,TRUE,1.28499999997439
"2619","Z=~z3",0.756920148829077,0.0853824344184807,0.8,"PLSc",11969,5791726,300,"ordinal","uniform","normal","Symmetric","5",1,TRUE,1.28499999997439
"2620","Y=~y1",0.359538710018002,0.0921075159566929,0.4,"PLSc",11969,5791726,300,"ordinal","uniform","normal","Symmetric","5",1,TRUE,1.28499999997439
"2621","Y=~y2",0.624829848074287,0.0679568105051265,0.7,"PLSc",11969,5791726,300,"ordinal","uniform","normal","Symmetric","5",1,TRUE,1.28499999997439
"2622","Y=~y3",0.828980095138917,0.0668519841312075,0.9,"PLSc",11969,5791726,300,"ordinal","uniform","normal","Symmetric","5",1,TRUE,1.28499999997439
"2623","Y~X",0.467312899561111,0.0703662902276726,0.4,"PLSc",11969,5791726,300,"ordinal","uniform","normal","Symmetric","5",1,TRUE,1.28499999997439
"2624","Y~Z",0.419827261580272,0.0970923250230474,0.5,"PLSc",11969,5791726,300,"ordinal","uniform","normal","Symmetric","5",1,TRUE,1.28499999997439
"2625","Y~X:Z",0.286417535441276,0.124254815569737,0.3,"PLSc",11969,5791726,300,"ordinal","uniform","normal","Symmetric","5",1,TRUE,1.28499999997439
"2626","X~~Z",0.15186467475233,0.078270181312475,0.2,"PLSc",11969,5791726,300,"ordinal","uniform","normal","Symmetric","5",1,TRUE,1.28499999997439
"2627","X=~x1",0.61016413336607,0.0671005133036652,0.4,"PLS",11969,5791726,300,"ordinal","uniform","normal","Symmetric","5",1,TRUE,0.881999999983236
"2628","X=~x2",0.874001572051792,0.0212079149962965,0.8,"PLS",11969,5791726,300,"ordinal","uniform","normal","Symmetric","5",1,TRUE,0.881999999983236
"2629","X=~x3",0.842942285715993,0.0248809419999904,0.8,"PLS",11969,5791726,300,"ordinal","uniform","normal","Symmetric","5",1,TRUE,0.881999999983236
"2630","Z=~z1",0.625702856926568,0.0776963868279334,0.6,"PLS",11969,5791726,300,"ordinal","uniform","normal","Symmetric","5",1,TRUE,0.881999999983236
"2631","Z=~z2",0.798215806893857,0.0442003854587399,0.6,"PLS",11969,5791726,300,"ordinal","uniform","normal","Symmetric","5",1,TRUE,0.881999999983236
"2632","Z=~z3",0.847978917828526,0.0324242673624147,0.8,"PLS",11969,5791726,300,"ordinal","uniform","normal","Symmetric","5",1,TRUE,0.881999999983236
"2633","Y=~y1",0.483850257258902,0.0786042094932283,0.4,"PLS",11969,5791726,300,"ordinal","uniform","normal","Symmetric","5",1,TRUE,0.881999999983236
"2634","Y=~y2",0.80983581775058,0.0337120542768809,0.7,"PLS",11969,5791726,300,"ordinal","uniform","normal","Symmetric","5",1,TRUE,0.881999999983236
"2635","Y=~y3",0.895107780897436,0.0196724035146944,0.9,"PLS",11969,5791726,300,"ordinal","uniform","normal","Symmetric","5",1,TRUE,0.881999999983236
"2636","Y~X",0.365634189255673,0.0424342064960981,0.4,"PLS",11969,5791726,300,"ordinal","uniform","normal","Symmetric","5",1,TRUE,0.881999999983236
"2637","Y~Z",0.290205631127421,0.0522202733858629,0.5,"PLS",11969,5791726,300,"ordinal","uniform","normal","Symmetric","5",1,TRUE,0.881999999983236
"2638","Y~X:Z",0.159437932076968,0.053879402898228,0.3,"PLS",11969,5791726,300,"ordinal","uniform","normal","Symmetric","5",1,TRUE,0.881999999983236
"2639","X~~Z",0.108878124909621,0.0566109852620633,0.2,"PLS",11969,5791726,300,"ordinal","uniform","normal","Symmetric","5",1,TRUE,0.881999999983236
"2640","X=~x1",0.448,0.062,0.4,"Mplus",11969,5791726,300,"ordinal","uniform","normal","Symmetric","5",1,TRUE,297.527000000002
"2641","X=~x2",0.807,0.047,0.8,"Mplus",11969,5791726,300,"ordinal","uniform","normal","Symmetric","5",1,TRUE,297.527000000002
"2642","X=~x3",0.747,0.049,0.8,"Mplus",11969,5791726,300,"ordinal","uniform","normal","Symmetric","5",1,TRUE,297.527000000002
"2643","Z=~z1",0.48,0.061,0.6,"Mplus",11969,5791726,300,"ordinal","uniform","normal","Symmetric","5",1,TRUE,297.527000000002
"2644","Z=~z2",0.649,0.059,0.6,"Mplus",11969,5791726,300,"ordinal","uniform","normal","Symmetric","5",1,TRUE,297.527000000002
"2645","Z=~z3",0.768,0.058,0.8,"Mplus",11969,5791726,300,"ordinal","uniform","normal","Symmetric","5",1,TRUE,297.527000000002
"2646","Y=~y1",0.307,0.06,0.4,"Mplus",11969,5791726,300,"ordinal","uniform","normal","Symmetric","5",1,TRUE,297.527000000002
"2647","Y=~y2",0.674,0.052,0.7,"Mplus",11969,5791726,300,"ordinal","uniform","normal","Symmetric","5",1,TRUE,297.527000000002
"2648","Y=~y3",0.922,0.048,0.9,"Mplus",11969,5791726,300,"ordinal","uniform","normal","Symmetric","5",1,TRUE,297.527000000002
"2649","Y~X",0.47,0.059,0.4,"Mplus",11969,5791726,300,"ordinal","uniform","normal","Symmetric","5",1,TRUE,297.527000000002
"2650","Y~Z",0.387,0.068,0.5,"Mplus",11969,5791726,300,"ordinal","uniform","normal","Symmetric","5",1,TRUE,297.527000000002
"2651","Y~X:Z",0.356,0.085,0.3,"Mplus",11969,5791726,300,"ordinal","uniform","normal","Symmetric","5",1,TRUE,297.527000000002
"2652","X~~Z",0.159,0.078,0.2,"Mplus",11969,5791726,300,"ordinal","uniform","normal","Symmetric","5",1,TRUE,297.527000000002
"2653","X=~x1",0.448271436819495,0.0591088259788643,0.4,"LSAM",11969,5791726,300,"ordinal","uniform","normal","Symmetric","5",1,TRUE,0.504000000015367
"2654","X=~x2",0.866201026660798,0.0874799637866402,0.8,"LSAM",11969,5791726,300,"ordinal","uniform","normal","Symmetric","5",1,TRUE,0.504000000015367
"2655","X=~x3",0.666744510910477,0.0894325227365631,0.8,"LSAM",11969,5791726,300,"ordinal","uniform","normal","Symmetric","5",1,TRUE,0.504000000015367
"2656","Z=~z1",0.47911303813602,0.0497218307913627,0.6,"LSAM",11969,5791726,300,"ordinal","uniform","normal","Symmetric","5",1,TRUE,0.504000000015367
"2657","Z=~z2",0.637556802443297,0.0924170050968635,0.6,"LSAM",11969,5791726,300,"ordinal","uniform","normal","Symmetric","5",1,TRUE,0.504000000015367
"2658","Z=~z3",0.737973070987273,0.0990742445663014,0.8,"LSAM",11969,5791726,300,"ordinal","uniform","normal","Symmetric","5",1,TRUE,0.504000000015367
"2659","Y=~y1",0.312990313563028,0.0197575044886677,0.4,"LSAM",11969,5791726,300,"ordinal","uniform","normal","Symmetric","5",1,TRUE,0.504000000015367
"2660","Y=~y2",0.62396427365072,0.0939261813172664,0.7,"LSAM",11969,5791726,300,"ordinal","uniform","normal","Symmetric","5",1,TRUE,0.504000000015367
"2661","Y=~y3",0.893516604644915,0.127748202983513,0.9,"LSAM",11969,5791726,300,"ordinal","uniform","normal","Symmetric","5",1,TRUE,0.504000000015367
"2662","Y~X",0.423728082385073,0.100875603595778,0.4,"LSAM",11969,5791726,300,"ordinal","uniform","normal","Symmetric","5",1,TRUE,0.504000000015367
"2663","Y~Z",0.416710135348901,0.140697998786497,0.5,"LSAM",11969,5791726,300,"ordinal","uniform","normal","Symmetric","5",1,TRUE,0.504000000015367
"2664","Y~X:Z",0.313021609082961,0.187731754770673,0.3,"LSAM",11969,5791726,300,"ordinal","uniform","normal","Symmetric","5",1,TRUE,0.504000000015367
"2665","X~~Z",0.127738292302074,0.0894758479711536,0.2,"LSAM",11969,5791726,300,"ordinal","uniform","normal","Symmetric","5",1,TRUE,0.504000000015367
"2666","X=~x1",0.39952352349899,0.0384092355755696,0.4,"MC-PLSc",11970,4131895,1000,"ordinal","uniform","normal","Symmetric","5",1,TRUE,19.0819999999949
"2667","X=~x2",0.831668932817986,0.0301654810601332,0.8,"MC-PLSc",11970,4131895,1000,"ordinal","uniform","normal","Symmetric","5",1,TRUE,19.0819999999949
"2668","X=~x3",0.782116940601345,0.0286527262051448,0.8,"MC-PLSc",11970,4131895,1000,"ordinal","uniform","normal","Symmetric","5",1,TRUE,19.0819999999949
"2669","Z=~z1",0.636639476047667,0.0335838078644157,0.6,"MC-PLSc",11970,4131895,1000,"ordinal","uniform","normal","Symmetric","5",1,TRUE,19.0819999999949
"2670","Z=~z2",0.578431075191795,0.0361711450399578,0.6,"MC-PLSc",11970,4131895,1000,"ordinal","uniform","normal","Symmetric","5",1,TRUE,19.0819999999949
"2671","Z=~z3",0.831922400600884,0.0279759459804732,0.8,"MC-PLSc",11970,4131895,1000,"ordinal","uniform","normal","Symmetric","5",1,TRUE,19.0819999999949
"2672","Y=~y1",0.398369096687063,0.0335927009789628,0.4,"MC-PLSc",11970,4131895,1000,"ordinal","uniform","normal","Symmetric","5",1,TRUE,19.0819999999949
"2673","Y=~y2",0.694996059841298,0.0263870774494973,0.7,"MC-PLSc",11970,4131895,1000,"ordinal","uniform","normal","Symmetric","5",1,TRUE,19.0819999999949
"2674","Y=~y3",0.90326525611144,0.0230687866496169,0.9,"MC-PLSc",11970,4131895,1000,"ordinal","uniform","normal","Symmetric","5",1,TRUE,19.0819999999949
"2675","Y~X",0.414909926899083,0.0326316087854031,0.4,"MC-PLSc",11970,4131895,1000,"ordinal","uniform","normal","Symmetric","5",1,TRUE,19.0819999999949
"2676","Y~Z",0.522759344432433,0.0338735339526773,0.5,"MC-PLSc",11970,4131895,1000,"ordinal","uniform","normal","Symmetric","5",1,TRUE,19.0819999999949
"2677","Y~X:Z",0.275554767421257,0.0443634209740506,0.3,"MC-PLSc",11970,4131895,1000,"ordinal","uniform","normal","Symmetric","5",1,TRUE,19.0819999999949
"2678","X~~Z",0.174533635487177,0.0415588066799636,0.2,"MC-PLSc",11970,4131895,1000,"ordinal","uniform","normal","Symmetric","5",1,TRUE,19.0819999999949
"2679","X=~x1",0.356413576343252,0.0587256579406986,0.4,"PLSc",11970,4131895,1000,"ordinal","uniform","normal","Symmetric","5",1,TRUE,1.35000000003492
"2680","X=~x2",0.806892906740996,0.0385499179390663,0.8,"PLSc",11970,4131895,1000,"ordinal","uniform","normal","Symmetric","5",1,TRUE,1.35000000003492
"2681","X=~x3",0.751960656622482,0.0377204851393563,0.8,"PLSc",11970,4131895,1000,"ordinal","uniform","normal","Symmetric","5",1,TRUE,1.35000000003492
"2682","Z=~z1",0.610768078444862,0.037442176827901,0.6,"PLSc",11970,4131895,1000,"ordinal","uniform","normal","Symmetric","5",1,TRUE,1.35000000003492
"2683","Z=~z2",0.556289700287918,0.0432958230002806,0.6,"PLSc",11970,4131895,1000,"ordinal","uniform","normal","Symmetric","5",1,TRUE,1.35000000003492
"2684","Z=~z3",0.788540330642215,0.0351594649747621,0.8,"PLSc",11970,4131895,1000,"ordinal","uniform","normal","Symmetric","5",1,TRUE,1.35000000003492
"2685","Y=~y1",0.388444971527257,0.039562704975421,0.4,"PLSc",11970,4131895,1000,"ordinal","uniform","normal","Symmetric","5",1,TRUE,1.35000000003492
"2686","Y=~y2",0.654781214796438,0.030437432176483,0.7,"PLSc",11970,4131895,1000,"ordinal","uniform","normal","Symmetric","5",1,TRUE,1.35000000003492
"2687","Y=~y3",0.851584765589309,0.0292421313868793,0.9,"PLSc",11970,4131895,1000,"ordinal","uniform","normal","Symmetric","5",1,TRUE,1.35000000003492
"2688","Y~X",0.41890863377277,0.0358009098820483,0.4,"PLSc",11970,4131895,1000,"ordinal","uniform","normal","Symmetric","5",1,TRUE,1.35000000003492
"2689","Y~Z",0.54013308194535,0.0419576475577075,0.5,"PLSc",11970,4131895,1000,"ordinal","uniform","normal","Symmetric","5",1,TRUE,1.35000000003492
"2690","Y~X:Z",0.265163791030827,0.0433546483739213,0.3,"PLSc",11970,4131895,1000,"ordinal","uniform","normal","Symmetric","5",1,TRUE,1.35000000003492
"2691","X~~Z",0.17200011052118,0.0448779901125072,0.2,"PLSc",11970,4131895,1000,"ordinal","uniform","normal","Symmetric","5",1,TRUE,1.35000000003492
"2692","X=~x1",0.538655253319042,0.0435014758605336,0.4,"PLS",11970,4131895,1000,"ordinal","uniform","normal","Symmetric","5",1,TRUE,0.905999999959022
"2693","X=~x2",0.876446936133663,0.0127533190924682,0.8,"PLS",11970,4131895,1000,"ordinal","uniform","normal","Symmetric","5",1,TRUE,0.905999999959022
"2694","X=~x3",0.859658772500715,0.0135652738712396,0.8,"PLS",11970,4131895,1000,"ordinal","uniform","normal","Symmetric","5",1,TRUE,0.905999999959022
"2695","Z=~z1",0.762787873515475,0.0194541048306932,0.6,"PLS",11970,4131895,1000,"ordinal","uniform","normal","Symmetric","5",1,TRUE,0.905999999959022
"2696","Z=~z2",0.716765634065687,0.0264312790105914,0.6,"PLS",11970,4131895,1000,"ordinal","uniform","normal","Symmetric","5",1,TRUE,0.905999999959022
"2697","Z=~z3",0.861564111770469,0.0113878729279918,0.8,"PLS",11970,4131895,1000,"ordinal","uniform","normal","Symmetric","5",1,TRUE,0.905999999959022
"2698","Y=~y1",0.540140125437292,0.0365082295030195,0.4,"PLS",11970,4131895,1000,"ordinal","uniform","normal","Symmetric","5",1,TRUE,0.905999999959022
"2699","Y=~y2",0.818432754247846,0.0152169969691608,0.7,"PLS",11970,4131895,1000,"ordinal","uniform","normal","Symmetric","5",1,TRUE,0.905999999959022
"2700","Y=~y3",0.895468270027072,0.00784722852304237,0.9,"PLS",11970,4131895,1000,"ordinal","uniform","normal","Symmetric","5",1,TRUE,0.905999999959022
"2701","Y~X",0.328657330686537,0.0231896472412233,0.4,"PLS",11970,4131895,1000,"ordinal","uniform","normal","Symmetric","5",1,TRUE,0.905999999959022
"2702","Y~Z",0.397043844706199,0.0255104458918494,0.5,"PLS",11970,4131895,1000,"ordinal","uniform","normal","Symmetric","5",1,TRUE,0.905999999959022
"2703","Y~X:Z",0.163128722353982,0.023962813215862,0.3,"PLS",11970,4131895,1000,"ordinal","uniform","normal","Symmetric","5",1,TRUE,0.905999999959022
"2704","X~~Z",0.126302413706184,0.032971210955732,0.2,"PLS",11970,4131895,1000,"ordinal","uniform","normal","Symmetric","5",1,TRUE,0.905999999959022
"2705","X=~x1",0.403,0.034,0.4,"Mplus",11970,4131895,1000,"ordinal","uniform","normal","Symmetric","5",1,TRUE,705.271000000008
"2706","X=~x2",0.809,0.029,0.8,"Mplus",11970,4131895,1000,"ordinal","uniform","normal","Symmetric","5",1,TRUE,705.271000000008
"2707","X=~x3",0.763,0.028,0.8,"Mplus",11970,4131895,1000,"ordinal","uniform","normal","Symmetric","5",1,TRUE,705.271000000008
"2708","Z=~z1",0.618,0.027,0.6,"Mplus",11970,4131895,1000,"ordinal","uniform","normal","Symmetric","5",1,TRUE,705.271000000008
"2709","Z=~z2",0.568,0.03,0.6,"Mplus",11970,4131895,1000,"ordinal","uniform","normal","Symmetric","5",1,TRUE,705.271000000008
"2710","Z=~z3",0.809,0.027,0.8,"Mplus",11970,4131895,1000,"ordinal","uniform","normal","Symmetric","5",1,TRUE,705.271000000008
"2711","Y=~y1",0.384,0.034,0.4,"Mplus",11970,4131895,1000,"ordinal","uniform","normal","Symmetric","5",1,TRUE,705.271000000008
"2712","Y=~y2",0.69,0.025,0.7,"Mplus",11970,4131895,1000,"ordinal","uniform","normal","Symmetric","5",1,TRUE,705.271000000008
"2713","Y=~y3",0.901,0.022,0.9,"Mplus",11970,4131895,1000,"ordinal","uniform","normal","Symmetric","5",1,TRUE,705.271000000008
"2714","Y~X",0.412,0.034,0.4,"Mplus",11970,4131895,1000,"ordinal","uniform","normal","Symmetric","5",1,TRUE,705.271000000008
"2715","Y~Z",0.519,0.033,0.5,"Mplus",11970,4131895,1000,"ordinal","uniform","normal","Symmetric","5",1,TRUE,705.271000000008
"2716","Y~X:Z",0.256,0.037,0.3,"Mplus",11970,4131895,1000,"ordinal","uniform","normal","Symmetric","5",1,TRUE,705.271000000008
"2717","X~~Z",0.175,0.043,0.2,"Mplus",11970,4131895,1000,"ordinal","uniform","normal","Symmetric","5",1,TRUE,705.271000000008
"2718","X=~x1",0.400229017512161,0.0305711331042808,0.4,"LSAM",11970,4131895,1000,"ordinal","uniform","normal","Symmetric","5",1,TRUE,0.430999999982305
"2719","X=~x2",0.773220088065456,0.053716606535962,0.8,"LSAM",11970,4131895,1000,"ordinal","uniform","normal","Symmetric","5",1,TRUE,0.430999999982305
"2720","X=~x3",0.752379454597989,0.0535988700762397,0.8,"LSAM",11970,4131895,1000,"ordinal","uniform","normal","Symmetric","5",1,TRUE,0.430999999982305
"2721","Z=~z1",0.603804414850827,0.0212841471240889,0.6,"LSAM",11970,4131895,1000,"ordinal","uniform","normal","Symmetric","5",1,TRUE,0.430999999982305
"2722","Z=~z2",0.549122284416355,0.0385549619086274,0.6,"LSAM",11970,4131895,1000,"ordinal","uniform","normal","Symmetric","5",1,TRUE,0.430999999982305
"2723","Z=~z3",0.803418518384199,0.0450563896971844,0.8,"LSAM",11970,4131895,1000,"ordinal","uniform","normal","Symmetric","5",1,TRUE,0.430999999982305
"2724","Y=~y1",0.36258684808017,0.0119263405261652,0.4,"LSAM",11970,4131895,1000,"ordinal","uniform","normal","Symmetric","5",1,TRUE,0.430999999982305
"2725","Y=~y2",0.651369647178956,0.0457950510383362,0.7,"LSAM",11970,4131895,1000,"ordinal","uniform","normal","Symmetric","5",1,TRUE,0.430999999982305
"2726","Y=~y3",0.879578857882982,0.0572229054184777,0.9,"LSAM",11970,4131895,1000,"ordinal","uniform","normal","Symmetric","5",1,TRUE,0.430999999982305
"2727","Y~X",0.42315865420981,0.0372725812712778,0.4,"LSAM",11970,4131895,1000,"ordinal","uniform","normal","Symmetric","5",1,TRUE,0.430999999982305
"2728","Y~Z",0.506035911782345,0.0405151191266874,0.5,"LSAM",11970,4131895,1000,"ordinal","uniform","normal","Symmetric","5",1,TRUE,0.430999999982305
"2729","Y~X:Z",0.241157359364278,0.0391468879311991,0.3,"LSAM",11970,4131895,1000,"ordinal","uniform","normal","Symmetric","5",1,TRUE,0.430999999982305
"2730","X~~Z",0.17681694919823,0.0427920970640237,0.2,"LSAM",11970,4131895,1000,"ordinal","uniform","normal","Symmetric","5",1,TRUE,0.430999999982305
"2731","X=~x1",0.531411676726738,0.115403096077109,0.4,"MC-PLSc",11971,2984652,300,"ordinal","uniform","normal","Extreme","2",1,TRUE,11.6839999999502
"2732","X=~x2",0.683787579977014,0.135935331837689,0.8,"MC-PLSc",11971,2984652,300,"ordinal","uniform","normal","Extreme","2",1,TRUE,11.6839999999502
"2733","X=~x3",0.886790276273584,0.107419179439837,0.8,"MC-PLSc",11971,2984652,300,"ordinal","uniform","normal","Extreme","2",1,TRUE,11.6839999999502
"2734","Z=~z1",0.654598459667203,0.139894444841585,0.6,"MC-PLSc",11971,2984652,300,"ordinal","uniform","normal","Extreme","2",1,TRUE,11.6839999999502
"2735","Z=~z2",0.579266079940314,0.122639770806855,0.6,"MC-PLSc",11971,2984652,300,"ordinal","uniform","normal","Extreme","2",1,TRUE,11.6839999999502
"2736","Z=~z3",0.742977934775517,0.140780159588107,0.8,"MC-PLSc",11971,2984652,300,"ordinal","uniform","normal","Extreme","2",1,TRUE,11.6839999999502
"2737","Y=~y1",0.438411316087256,0.1614784273867,0.4,"MC-PLSc",11971,2984652,300,"ordinal","uniform","normal","Extreme","2",1,TRUE,11.6839999999502
"2738","Y=~y2",0.700502182617439,0.146332682017782,0.7,"MC-PLSc",11971,2984652,300,"ordinal","uniform","normal","Extreme","2",1,TRUE,11.6839999999502
"2739","Y=~y3",0.889323695203977,0.0878671622575863,0.9,"MC-PLSc",11971,2984652,300,"ordinal","uniform","normal","Extreme","2",1,TRUE,11.6839999999502
"2740","Y~X",0.605657301832888,0.125732819483019,0.4,"MC-PLSc",11971,2984652,300,"ordinal","uniform","normal","Extreme","2",1,TRUE,11.6839999999502
"2741","Y~Z",0.538201439805408,0.126591231193768,0.5,"MC-PLSc",11971,2984652,300,"ordinal","uniform","normal","Extreme","2",1,TRUE,11.6839999999502
"2742","Y~X:Z",-0.0405663103592037,0.305419822384991,0.3,"MC-PLSc",11971,2984652,300,"ordinal","uniform","normal","Extreme","2",1,TRUE,11.6839999999502
"2743","X~~Z",0.260998350920516,0.152560897095903,0.2,"MC-PLSc",11971,2984652,300,"ordinal","uniform","normal","Extreme","2",1,TRUE,11.6839999999502
"2744","X=~x1",0.404830581247749,0.105694674668215,0.4,"PLSc",11971,2984652,300,"ordinal","uniform","normal","Extreme","2",1,TRUE,1.26199999998789
"2745","X=~x2",0.465307199354842,0.118940192636318,0.8,"PLSc",11971,2984652,300,"ordinal","uniform","normal","Extreme","2",1,TRUE,1.26199999998789
"2746","X=~x3",0.711018363419285,0.103619565106308,0.8,"PLSc",11971,2984652,300,"ordinal","uniform","normal","Extreme","2",1,TRUE,1.26199999998789
"2747","Z=~z1",0.470435723125985,0.118926948415138,0.6,"PLSc",11971,2984652,300,"ordinal","uniform","normal","Extreme","2",1,TRUE,1.26199999998789
"2748","Z=~z2",0.400830984162713,0.124828430753964,0.6,"PLSc",11971,2984652,300,"ordinal","uniform","normal","Extreme","2",1,TRUE,1.26199999998789
"2749","Z=~z3",0.571806991579445,0.119179398969385,0.8,"PLSc",11971,2984652,300,"ordinal","uniform","normal","Extreme","2",1,TRUE,1.26199999998789
"2750","Y=~y1",0.324693121620722,0.0982242702063114,0.4,"PLSc",11971,2984652,300,"ordinal","uniform","normal","Extreme","2",1,TRUE,1.26199999998789
"2751","Y=~y2",0.510883081397424,0.0931164400569209,0.7,"PLSc",11971,2984652,300,"ordinal","uniform","normal","Extreme","2",1,TRUE,1.26199999998789
"2752","Y=~y3",0.663525251595829,0.0864142468224529,0.9,"PLSc",11971,2984652,300,"ordinal","uniform","normal","Extreme","2",1,TRUE,1.26199999998789
"2753","Y~X",0.612963399200872,1.27560616058163,0.4,"PLSc",11971,2984652,300,"ordinal","uniform","normal","Extreme","2",1,TRUE,1.26199999998789
"2754","Y~Z",0.501516629295364,1.1468352500747,0.5,"PLSc",11971,2984652,300,"ordinal","uniform","normal","Extreme","2",1,TRUE,1.26199999998789
"2755","Y~X:Z",-0.0208251410353808,4.48319563311095,0.3,"PLSc",11971,2984652,300,"ordinal","uniform","normal","Extreme","2",1,TRUE,1.26199999998789
"2756","X~~Z",0.217527268694389,0.121909072116669,0.2,"PLSc",11971,2984652,300,"ordinal","uniform","normal","Extreme","2",1,TRUE,1.26199999998789
"2757","X=~x1",0.561869652337158,0.105421312761692,0.4,"PLS",11971,2984652,300,"ordinal","uniform","normal","Extreme","2",1,TRUE,0.910000000032596
"2758","X=~x2",0.710969677745312,0.0837117988579264,0.8,"PLS",11971,2984652,300,"ordinal","uniform","normal","Extreme","2",1,TRUE,0.910000000032596
"2759","X=~x3",0.843808965473808,0.0475078004897253,0.8,"PLS",11971,2984652,300,"ordinal","uniform","normal","Extreme","2",1,TRUE,0.910000000032596
"2760","Z=~z1",0.693242813002252,0.0985917889471014,0.6,"PLS",11971,2984652,300,"ordinal","uniform","normal","Extreme","2",1,TRUE,0.910000000032596
"2761","Z=~z2",0.62539814594542,0.118873942548296,0.6,"PLS",11971,2984652,300,"ordinal","uniform","normal","Extreme","2",1,TRUE,0.910000000032596
"2762","Z=~z3",0.765998264182873,0.0831334994770237,0.8,"PLS",11971,2984652,300,"ordinal","uniform","normal","Extreme","2",1,TRUE,0.910000000032596
"2763","Y=~y1",0.464609103185893,0.117173320214173,0.4,"PLS",11971,2984652,300,"ordinal","uniform","normal","Extreme","2",1,TRUE,0.910000000032596
"2764","Y=~y2",0.732225484724693,0.0709014980960739,0.7,"PLS",11971,2984652,300,"ordinal","uniform","normal","Extreme","2",1,TRUE,0.910000000032596
"2765","Y=~y3",0.849030890253475,0.035988506895016,0.9,"PLS",11971,2984652,300,"ordinal","uniform","normal","Extreme","2",1,TRUE,0.910000000032596
"2766","Y~X",0.358898551465738,0.0674262611889204,0.4,"PLS",11971,2984652,300,"ordinal","uniform","normal","Extreme","2",1,TRUE,0.910000000032596
"2767","Y~Z",0.285145602455408,0.0636062848576733,0.5,"PLS",11971,2984652,300,"ordinal","uniform","normal","Extreme","2",1,TRUE,0.910000000032596
"2768","Y~X:Z",0.0477799324394979,0.0732849610405081,0.3,"PLS",11971,2984652,300,"ordinal","uniform","normal","Extreme","2",1,TRUE,0.910000000032596
"2769","X~~Z",0.116237141169389,0.0626988951979089,0.2,"PLS",11971,2984652,300,"ordinal","uniform","normal","Extreme","2",1,TRUE,0.910000000032596
"2770","X=~x1",0.514,0.101,0.4,"Mplus",11971,2984652,300,"ordinal","uniform","normal","Extreme","2",1,TRUE,66.4239999999991
"2771","X=~x2",0.705,0.1,0.8,"Mplus",11971,2984652,300,"ordinal","uniform","normal","Extreme","2",1,TRUE,66.4239999999991
"2772","X=~x3",0.867,0.107,0.8,"Mplus",11971,2984652,300,"ordinal","uniform","normal","Extreme","2",1,TRUE,66.4239999999991
"2773","Z=~z1",0.639,0.123,0.6,"Mplus",11971,2984652,300,"ordinal","uniform","normal","Extreme","2",1,TRUE,66.4239999999991
"2774","Z=~z2",0.566,0.149,0.6,"Mplus",11971,2984652,300,"ordinal","uniform","normal","Extreme","2",1,TRUE,66.4239999999991
"2775","Z=~z3",0.768,0.135,0.8,"Mplus",11971,2984652,300,"ordinal","uniform","normal","Extreme","2",1,TRUE,66.4239999999991
"2776","Y=~y1",0.437,0.137,0.4,"Mplus",11971,2984652,300,"ordinal","uniform","normal","Extreme","2",1,TRUE,66.4239999999991
"2777","Y=~y2",0.753,0.152,0.7,"Mplus",11971,2984652,300,"ordinal","uniform","normal","Extreme","2",1,TRUE,66.4239999999991
"2778","Y=~y3",0.919,0.094,0.9,"Mplus",11971,2984652,300,"ordinal","uniform","normal","Extreme","2",1,TRUE,66.4239999999991
"2779","Y~X",0.604,0.085,0.4,"Mplus",11971,2984652,300,"ordinal","uniform","normal","Extreme","2",1,TRUE,66.4239999999991
"2780","Y~Z",0.526,0.123,0.5,"Mplus",11971,2984652,300,"ordinal","uniform","normal","Extreme","2",1,TRUE,66.4239999999991
"2781","Y~X:Z",-0.146,0.322,0.3,"Mplus",11971,2984652,300,"ordinal","uniform","normal","Extreme","2",1,TRUE,66.4239999999991
"2782","X~~Z",0.283,0.193,0.2,"Mplus",11971,2984652,300,"ordinal","uniform","normal","Extreme","2",1,TRUE,66.4239999999991
"2783","X=~x1",0.334385138962235,0.0757380517009259,0.4,"LSAM",11971,2984652,300,"ordinal","uniform","normal","Extreme","2",1,TRUE,0.503000000026077
"2784","X=~x2",0.610193767891128,0.162711986016193,0.8,"LSAM",11971,2984652,300,"ordinal","uniform","normal","Extreme","2",1,TRUE,0.503000000026077
"2785","X=~x3",0.635156511612214,0.167477007775369,0.8,"LSAM",11971,2984652,300,"ordinal","uniform","normal","Extreme","2",1,TRUE,0.503000000026077
"2786","Z=~z1",0.504704264967065,0.725314920769039,0.6,"LSAM",11971,2984652,300,"ordinal","uniform","normal","Extreme","2",1,TRUE,0.503000000026077
"2787","Z=~z2",0.451012341392544,0.703072473976046,0.6,"LSAM",11971,2984652,300,"ordinal","uniform","normal","Extreme","2",1,TRUE,0.503000000026077
"2788","Z=~z3",0.491461447364602,0.730691012902045,0.8,"LSAM",11971,2984652,300,"ordinal","uniform","normal","Extreme","2",1,TRUE,0.503000000026077
"2789","Y=~y1",0.306835853539334,0.0290345783889952,0.4,"LSAM",11971,2984652,300,"ordinal","uniform","normal","Extreme","2",1,TRUE,0.503000000026077
"2790","Y=~y2",0.482365450560468,0.111319148216826,0.7,"LSAM",11971,2984652,300,"ordinal","uniform","normal","Extreme","2",1,TRUE,0.503000000026077
"2791","Y=~y3",0.774510223781879,0.193177404362363,0.9,"LSAM",11971,2984652,300,"ordinal","uniform","normal","Extreme","2",1,TRUE,0.503000000026077
"2792","Y~X",0.546557203238753,0.617557529863335,0.4,"LSAM",11971,2984652,300,"ordinal","uniform","normal","Extreme","2",1,TRUE,0.503000000026077
"2793","Y~Z",0.41451836996499,0.835622907709955,0.5,"LSAM",11971,2984652,300,"ordinal","uniform","normal","Extreme","2",1,TRUE,0.503000000026077
"2794","Y~X:Z",0.0263977468729921,1.62707968696152,0.3,"LSAM",11971,2984652,300,"ordinal","uniform","normal","Extreme","2",1,TRUE,0.503000000026077
"2795","X~~Z",0.229003830427347,0.868192603147898,0.2,"LSAM",11971,2984652,300,"ordinal","uniform","normal","Extreme","2",1,TRUE,0.503000000026077
"2796","X=~x1",0.409302508210646,0.0666124668420983,0.4,"MC-PLSc",11972,9117792,1000,"ordinal","uniform","normal","Extreme","2",1,TRUE,18.88400000002
"2797","X=~x2",0.84776800181258,0.0649693283097853,0.8,"MC-PLSc",11972,9117792,1000,"ordinal","uniform","normal","Extreme","2",1,TRUE,18.88400000002
"2798","X=~x3",0.68086877394741,0.0757941186605,0.8,"MC-PLSc",11972,9117792,1000,"ordinal","uniform","normal","Extreme","2",1,TRUE,18.88400000002
"2799","Z=~z1",0.582667020897589,0.0629404099092211,0.6,"MC-PLSc",11972,9117792,1000,"ordinal","uniform","normal","Extreme","2",1,TRUE,18.88400000002
"2800","Z=~z2",0.609642254516291,0.0536783219169493,0.6,"MC-PLSc",11972,9117792,1000,"ordinal","uniform","normal","Extreme","2",1,TRUE,18.88400000002
"2801","Z=~z3",0.746224236025169,0.0646589655046453,0.8,"MC-PLSc",11972,9117792,1000,"ordinal","uniform","normal","Extreme","2",1,TRUE,18.88400000002
"2802","Y=~y1",0.292280762113482,0.0636308180018604,0.4,"MC-PLSc",11972,9117792,1000,"ordinal","uniform","normal","Extreme","2",1,TRUE,18.88400000002
"2803","Y=~y2",0.655800405802637,0.0523309549867821,0.7,"MC-PLSc",11972,9117792,1000,"ordinal","uniform","normal","Extreme","2",1,TRUE,18.88400000002
"2804","Y=~y3",0.790588959345077,0.104500018329362,0.9,"MC-PLSc",11972,9117792,1000,"ordinal","uniform","normal","Extreme","2",1,TRUE,18.88400000002
"2805","Y~X",0.477272168467889,0.152731079603942,0.4,"MC-PLSc",11972,9117792,1000,"ordinal","uniform","normal","Extreme","2",1,TRUE,18.88400000002
"2806","Y~Z",0.582629360003622,0.116028402552269,0.5,"MC-PLSc",11972,9117792,1000,"ordinal","uniform","normal","Extreme","2",1,TRUE,18.88400000002
"2807","Y~X:Z",0.417788546398491,0.375956943419572,0.3,"MC-PLSc",11972,9117792,1000,"ordinal","uniform","normal","Extreme","2",1,TRUE,18.88400000002
"2808","X~~Z",0.298471613598066,0.0751998855388448,0.2,"MC-PLSc",11972,9117792,1000,"ordinal","uniform","normal","Extreme","2",1,TRUE,18.88400000002
"2809","X=~x1",0.329167032487811,0.0625645008257288,0.4,"PLSc",11972,9117792,1000,"ordinal","uniform","normal","Extreme","2",1,TRUE,1.35800000000745
"2810","X=~x2",0.640704678992479,0.0678968321140152,0.8,"PLSc",11972,9117792,1000,"ordinal","uniform","normal","Extreme","2",1,TRUE,1.35800000000745
"2811","X=~x3",0.47861408469728,0.0663374676922137,0.8,"PLSc",11972,9117792,1000,"ordinal","uniform","normal","Extreme","2",1,TRUE,1.35800000000745
"2812","Z=~z1",0.42764546452031,0.0596216047051449,0.6,"PLSc",11972,9117792,1000,"ordinal","uniform","normal","Extreme","2",1,TRUE,1.35800000000745
"2813","Z=~z2",0.433778720180555,0.0596470839017821,0.6,"PLSc",11972,9117792,1000,"ordinal","uniform","normal","Extreme","2",1,TRUE,1.35800000000745
"2814","Z=~z3",0.562784195551858,0.0605785347946376,0.8,"PLSc",11972,9117792,1000,"ordinal","uniform","normal","Extreme","2",1,TRUE,1.35800000000745
"2815","Y=~y1",0.208657296542549,0.0524711158516897,0.4,"PLSc",11972,9117792,1000,"ordinal","uniform","normal","Extreme","2",1,TRUE,1.35800000000745
"2816","Y=~y2",0.570461050441986,0.0444098943637263,0.7,"PLSc",11972,9117792,1000,"ordinal","uniform","normal","Extreme","2",1,TRUE,1.35800000000745
"2817","Y=~y3",0.683023463598712,0.0397818838472251,0.9,"PLSc",11972,9117792,1000,"ordinal","uniform","normal","Extreme","2",1,TRUE,1.35800000000745
"2818","Y~X",0.478119855338615,0.0850563188246935,0.4,"PLSc",11972,9117792,1000,"ordinal","uniform","normal","Extreme","2",1,TRUE,1.35800000000745
"2819","Y~Z",0.543874573977037,0.0836629741887879,0.5,"PLSc",11972,9117792,1000,"ordinal","uniform","normal","Extreme","2",1,TRUE,1.35800000000745
"2820","Y~X:Z",0.142797632209901,0.215744199421579,0.3,"PLSc",11972,9117792,1000,"ordinal","uniform","normal","Extreme","2",1,TRUE,1.35800000000745
"2821","X~~Z",0.258538351684819,0.0648541270013527,0.2,"PLSc",11972,9117792,1000,"ordinal","uniform","normal","Extreme","2",1,TRUE,1.35800000000745
"2822","X=~x1",0.44773224203728,0.0742996335432006,0.4,"PLS",11972,9117792,1000,"ordinal","uniform","normal","Extreme","2",1,TRUE,0.953000000037719
"2823","X=~x2",0.840522126450088,0.0307938891348541,0.8,"PLS",11972,9117792,1000,"ordinal","uniform","normal","Extreme","2",1,TRUE,0.953000000037719
"2824","X=~x3",0.73278125258313,0.0463268576559681,0.8,"PLS",11972,9117792,1000,"ordinal","uniform","normal","Extreme","2",1,TRUE,0.953000000037719
"2825","Z=~z1",0.634154862797516,0.0568928338722143,0.6,"PLS",11972,9117792,1000,"ordinal","uniform","normal","Extreme","2",1,TRUE,0.953000000037719
"2826","Z=~z2",0.660996832224012,0.0523098059698828,0.6,"PLS",11972,9117792,1000,"ordinal","uniform","normal","Extreme","2",1,TRUE,0.953000000037719
"2827","Z=~z3",0.778074060302205,0.037162140047045,0.8,"PLS",11972,9117792,1000,"ordinal","uniform","normal","Extreme","2",1,TRUE,0.953000000037719
"2828","Y=~y1",0.361403348630373,0.0664548947886425,0.4,"PLS",11972,9117792,1000,"ordinal","uniform","normal","Extreme","2",1,TRUE,0.953000000037719
"2829","Y=~y2",0.777783540272251,0.0282164126095786,0.7,"PLS",11972,9117792,1000,"ordinal","uniform","normal","Extreme","2",1,TRUE,0.953000000037719
"2830","Y=~y3",0.849198199451956,0.0173765627010062,0.9,"PLS",11972,9117792,1000,"ordinal","uniform","normal","Extreme","2",1,TRUE,0.953000000037719
"2831","Y~X",0.312164318886325,0.0339190007435534,0.4,"PLS",11972,9117792,1000,"ordinal","uniform","normal","Extreme","2",1,TRUE,0.953000000037719
"2832","Y~Z",0.321005400419331,0.0361281819746009,0.5,"PLS",11972,9117792,1000,"ordinal","uniform","normal","Extreme","2",1,TRUE,0.953000000037719
"2833","Y~X:Z",0.120914697292683,0.0360909061412236,0.3,"PLS",11972,9117792,1000,"ordinal","uniform","normal","Extreme","2",1,TRUE,0.953000000037719
"2834","X~~Z",0.128833754053965,0.0309921971041746,0.2,"PLS",11972,9117792,1000,"ordinal","uniform","normal","Extreme","2",1,TRUE,0.953000000037719
"2835","X=~x1",0.354,0.062,0.4,"Mplus",11972,9117792,1000,"ordinal","uniform","normal","Extreme","2",1,TRUE,166.358000000007
"2836","X=~x2",0.87,0.052,0.8,"Mplus",11972,9117792,1000,"ordinal","uniform","normal","Extreme","2",1,TRUE,166.358000000007
"2837","X=~x3",0.702,0.049,0.8,"Mplus",11972,9117792,1000,"ordinal","uniform","normal","Extreme","2",1,TRUE,166.358000000007
"2838","Z=~z1",0.569,0.054,0.6,"Mplus",11972,9117792,1000,"ordinal","uniform","normal","Extreme","2",1,TRUE,166.358000000007
"2839","Z=~z2",0.62,0.054,0.6,"Mplus",11972,9117792,1000,"ordinal","uniform","normal","Extreme","2",1,TRUE,166.358000000007
"2840","Z=~z3",0.745,0.053,0.8,"Mplus",11972,9117792,1000,"ordinal","uniform","normal","Extreme","2",1,TRUE,166.358000000007
"2841","Y=~y1",0.303,0.051,0.4,"Mplus",11972,9117792,1000,"ordinal","uniform","normal","Extreme","2",1,TRUE,166.358000000007
"2842","Y=~y2",0.652,0.05,0.7,"Mplus",11972,9117792,1000,"ordinal","uniform","normal","Extreme","2",1,TRUE,166.358000000007
"2843","Y=~y3",0.78,0.052,0.9,"Mplus",11972,9117792,1000,"ordinal","uniform","normal","Extreme","2",1,TRUE,166.358000000007
"2844","Y~X",0.454,0.099,0.4,"Mplus",11972,9117792,1000,"ordinal","uniform","normal","Extreme","2",1,TRUE,166.358000000007
"2845","Y~Z",0.63,0.089,0.5,"Mplus",11972,9117792,1000,"ordinal","uniform","normal","Extreme","2",1,TRUE,166.358000000007
"2846","Y~X:Z",0.379,0.135,0.3,"Mplus",11972,9117792,1000,"ordinal","uniform","normal","Extreme","2",1,TRUE,166.358000000007
"2847","X~~Z",0.286,0.071,0.2,"Mplus",11972,9117792,1000,"ordinal","uniform","normal","Extreme","2",1,TRUE,166.358000000007
"2848","X=~x1",0.300159143789542,0.0416133655114558,0.4,"LSAM",11972,9117792,1000,"ordinal","uniform","normal","Extreme","2",1,TRUE,0.510999999998603
"2849","X=~x2",0.659496698299084,0.105505611054415,0.8,"LSAM",11972,9117792,1000,"ordinal","uniform","normal","Extreme","2",1,TRUE,0.510999999998603
"2850","X=~x3",0.555724892722899,0.0919352206217953,0.8,"LSAM",11972,9117792,1000,"ordinal","uniform","normal","Extreme","2",1,TRUE,0.510999999998603
"2851","Z=~z1",0.387615935097842,0.226012921470278,0.6,"LSAM",11972,9117792,1000,"ordinal","uniform","normal","Extreme","2",1,TRUE,0.510999999998603
"2852","Z=~z2",0.453452730535707,0.255665099133842,0.6,"LSAM",11972,9117792,1000,"ordinal","uniform","normal","Extreme","2",1,TRUE,0.510999999998603
"2853","Z=~z3",0.584968441331135,0.278901348861405,0.8,"LSAM",11972,9117792,1000,"ordinal","uniform","normal","Extreme","2",1,TRUE,0.510999999998603
"2854","Y=~y1",0.306683735252033,0.0176058780147477,0.4,"LSAM",11972,9117792,1000,"ordinal","uniform","normal","Extreme","2",1,TRUE,0.510999999998603
"2855","Y=~y2",0.54824958529804,0.0741045754293792,0.7,"LSAM",11972,9117792,1000,"ordinal","uniform","normal","Extreme","2",1,TRUE,0.510999999998603
"2856","Y=~y3",0.664542085362444,0.0930920127802625,0.9,"LSAM",11972,9117792,1000,"ordinal","uniform","normal","Extreme","2",1,TRUE,0.510999999998603
"2857","Y~X",0.457235933118078,0.131915742766038,0.4,"LSAM",11972,9117792,1000,"ordinal","uniform","normal","Extreme","2",1,TRUE,0.510999999998603
"2858","Y~Z",0.563806843154495,0.432181862031358,0.5,"LSAM",11972,9117792,1000,"ordinal","uniform","normal","Extreme","2",1,TRUE,0.510999999998603
"2859","Y~X:Z",0.161236520229573,0.159477533746649,0.3,"LSAM",11972,9117792,1000,"ordinal","uniform","normal","Extreme","2",1,TRUE,0.510999999998603
"2860","X~~Z",0.22919074785735,0.110260995727117,0.2,"LSAM",11972,9117792,1000,"ordinal","uniform","normal","Extreme","2",1,TRUE,0.510999999998603
"2861","X=~x1",0.406577070029075,0.0987158949432357,0.4,"MC-PLSc",11973,2642512,300,"ordinal","uniform","normal","Extreme","3",1,TRUE,12.8690000000061
"2862","X=~x2",0.816474981357445,0.0745317388464836,0.8,"MC-PLSc",11973,2642512,300,"ordinal","uniform","normal","Extreme","3",1,TRUE,12.8690000000061
"2863","X=~x3",0.801904738794685,0.0792375416367045,0.8,"MC-PLSc",11973,2642512,300,"ordinal","uniform","normal","Extreme","3",1,TRUE,12.8690000000061
"2864","Z=~z1",0.493715689336544,0.121730307941645,0.6,"MC-PLSc",11973,2642512,300,"ordinal","uniform","normal","Extreme","3",1,TRUE,12.8690000000061
"2865","Z=~z2",0.699863922131978,0.13426898332017,0.6,"MC-PLSc",11973,2642512,300,"ordinal","uniform","normal","Extreme","3",1,TRUE,12.8690000000061
"2866","Z=~z3",0.72360583168562,0.108652605929313,0.8,"MC-PLSc",11973,2642512,300,"ordinal","uniform","normal","Extreme","3",1,TRUE,12.8690000000061
"2867","Y=~y1",0.42440413170831,0.0953301178341563,0.4,"MC-PLSc",11973,2642512,300,"ordinal","uniform","normal","Extreme","3",1,TRUE,12.8690000000061
"2868","Y=~y2",0.712558480634203,0.0778226982556366,0.7,"MC-PLSc",11973,2642512,300,"ordinal","uniform","normal","Extreme","3",1,TRUE,12.8690000000061
"2869","Y=~y3",0.773586177148708,0.0888453793749767,0.9,"MC-PLSc",11973,2642512,300,"ordinal","uniform","normal","Extreme","3",1,TRUE,12.8690000000061
"2870","Y~X",0.566848366612452,0.092237373388607,0.4,"MC-PLSc",11973,2642512,300,"ordinal","uniform","normal","Extreme","3",1,TRUE,12.8690000000061
"2871","Y~Z",0.431691344393732,0.122139788460062,0.5,"MC-PLSc",11973,2642512,300,"ordinal","uniform","normal","Extreme","3",1,TRUE,12.8690000000061
"2872","Y~X:Z",0.0722723884668454,0.18322983160907,0.3,"MC-PLSc",11973,2642512,300,"ordinal","uniform","normal","Extreme","3",1,TRUE,12.8690000000061
"2873","X~~Z",0.163214670713277,0.0977613155849468,0.2,"MC-PLSc",11973,2642512,300,"ordinal","uniform","normal","Extreme","3",1,TRUE,12.8690000000061
"2874","X=~x1",0.321217810381546,0.118592917941314,0.4,"PLSc",11973,2642512,300,"ordinal","uniform","normal","Extreme","3",1,TRUE,1.30000000004657
"2875","X=~x2",0.706961357246796,0.0870906375649738,0.8,"PLSc",11973,2642512,300,"ordinal","uniform","normal","Extreme","3",1,TRUE,1.30000000004657
"2876","X=~x3",0.684768340119038,0.0954793585790015,0.8,"PLSc",11973,2642512,300,"ordinal","uniform","normal","Extreme","3",1,TRUE,1.30000000004657
"2877","Z=~z1",0.37308246777649,0.134960118331363,0.6,"PLSc",11973,2642512,300,"ordinal","uniform","normal","Extreme","3",1,TRUE,1.30000000004657
"2878","Z=~z2",0.596654096143943,0.122913520398597,0.6,"PLSc",11973,2642512,300,"ordinal","uniform","normal","Extreme","3",1,TRUE,1.30000000004657
"2879","Z=~z3",0.628399335101529,0.114018604223613,0.8,"PLSc",11973,2642512,300,"ordinal","uniform","normal","Extreme","3",1,TRUE,1.30000000004657
"2880","Y=~y1",0.337626778826015,0.0972541908663226,0.4,"PLSc",11973,2642512,300,"ordinal","uniform","normal","Extreme","3",1,TRUE,1.30000000004657
"2881","Y=~y2",0.598198617170085,0.0731019813508278,0.7,"PLSc",11973,2642512,300,"ordinal","uniform","normal","Extreme","3",1,TRUE,1.30000000004657
"2882","Y=~y3",0.681804367174431,0.0789245649069744,0.9,"PLSc",11973,2642512,300,"ordinal","uniform","normal","Extreme","3",1,TRUE,1.30000000004657
"2883","Y~X",0.532447272755733,0.531566560370049,0.4,"PLSc",11973,2642512,300,"ordinal","uniform","normal","Extreme","3",1,TRUE,1.30000000004657
"2884","Y~Z",0.406353524177106,0.527675277954757,0.5,"PLSc",11973,2642512,300,"ordinal","uniform","normal","Extreme","3",1,TRUE,1.30000000004657
"2885","Y~X:Z",0.100420842581554,1.72673139386458,0.3,"PLSc",11973,2642512,300,"ordinal","uniform","normal","Extreme","3",1,TRUE,1.30000000004657
"2886","X~~Z",0.143345758815936,0.0907923648855226,0.2,"PLSc",11973,2642512,300,"ordinal","uniform","normal","Extreme","3",1,TRUE,1.30000000004657
"2887","X=~x1",0.471930681044329,0.106897896805984,0.4,"PLS",11973,2642512,300,"ordinal","uniform","normal","Extreme","3",1,TRUE,0.880999999993946
"2888","X=~x2",0.843221959714913,0.0363690543335633,0.8,"PLS",11973,2642512,300,"ordinal","uniform","normal","Extreme","3",1,TRUE,0.880999999993946
"2889","X=~x3",0.834680138560774,0.0413675367058359,0.8,"PLS",11973,2642512,300,"ordinal","uniform","normal","Extreme","3",1,TRUE,0.880999999993946
"2890","Z=~z1",0.58548039100551,0.107002226489042,0.6,"PLS",11973,2642512,300,"ordinal","uniform","normal","Extreme","3",1,TRUE,0.880999999993946
"2891","Z=~z2",0.770606509508422,0.0768979408815246,0.6,"PLS",11973,2642512,300,"ordinal","uniform","normal","Extreme","3",1,TRUE,0.880999999993946
"2892","Z=~z3",0.790303720313326,0.0660313797181723,0.8,"PLS",11973,2642512,300,"ordinal","uniform","normal","Extreme","3",1,TRUE,0.880999999993946
"2893","Y=~y1",0.516005523695125,0.0986343011696084,0.4,"PLS",11973,2642512,300,"ordinal","uniform","normal","Extreme","3",1,TRUE,0.880999999993946
"2894","Y=~y2",0.787482317006477,0.0460487541518316,0.7,"PLS",11973,2642512,300,"ordinal","uniform","normal","Extreme","3",1,TRUE,0.880999999993946
"2895","Y=~y3",0.823917896273171,0.0425052543305148,0.9,"PLS",11973,2642512,300,"ordinal","uniform","normal","Extreme","3",1,TRUE,0.880999999993946
"2896","Y~X",0.352255853664685,0.0551642689981022,0.4,"PLS",11973,2642512,300,"ordinal","uniform","normal","Extreme","3",1,TRUE,0.880999999993946
"2897","Y~Z",0.257045343676672,0.0619687776640808,0.5,"PLS",11973,2642512,300,"ordinal","uniform","normal","Extreme","3",1,TRUE,0.880999999993946
"2898","Y~X:Z",0.0647525798547919,0.0638685370111849,0.3,"PLS",11973,2642512,300,"ordinal","uniform","normal","Extreme","3",1,TRUE,0.880999999993946
"2899","X~~Z",0.0882348343219868,0.0561446130955932,0.2,"PLS",11973,2642512,300,"ordinal","uniform","normal","Extreme","3",1,TRUE,0.880999999993946
"2900","X=~x1",0.38,0.084,0.4,"Mplus",11973,2642512,300,"ordinal","uniform","normal","Extreme","3",1,TRUE,165.500999999989
"2901","X=~x2",0.802,0.072,0.8,"Mplus",11973,2642512,300,"ordinal","uniform","normal","Extreme","3",1,TRUE,165.500999999989
"2902","X=~x3",0.803,0.071,0.8,"Mplus",11973,2642512,300,"ordinal","uniform","normal","Extreme","3",1,TRUE,165.500999999989
"2903","Z=~z1",0.517,0.09,0.6,"Mplus",11973,2642512,300,"ordinal","uniform","normal","Extreme","3",1,TRUE,165.500999999989
"2904","Z=~z2",0.654,0.098,0.6,"Mplus",11973,2642512,300,"ordinal","uniform","normal","Extreme","3",1,TRUE,165.500999999989
"2905","Z=~z3",0.678,0.094,0.8,"Mplus",11973,2642512,300,"ordinal","uniform","normal","Extreme","3",1,TRUE,165.500999999989
"2906","Y=~y1",0.401,0.085,0.4,"Mplus",11973,2642512,300,"ordinal","uniform","normal","Extreme","3",1,TRUE,165.500999999989
"2907","Y=~y2",0.701,0.078,0.7,"Mplus",11973,2642512,300,"ordinal","uniform","normal","Extreme","3",1,TRUE,165.500999999989
"2908","Y=~y3",0.744,0.08,0.9,"Mplus",11973,2642512,300,"ordinal","uniform","normal","Extreme","3",1,TRUE,165.500999999989
"2909","Y~X",0.544,0.092,0.4,"Mplus",11973,2642512,300,"ordinal","uniform","normal","Extreme","3",1,TRUE,165.500999999989
"2910","Y~Z",0.41,0.128,0.5,"Mplus",11973,2642512,300,"ordinal","uniform","normal","Extreme","3",1,TRUE,165.500999999989
"2911","Y~X:Z",0.138,0.164,0.3,"Mplus",11973,2642512,300,"ordinal","uniform","normal","Extreme","3",1,TRUE,165.500999999989
"2912","X~~Z",0.211,0.107,0.2,"Mplus",11973,2642512,300,"ordinal","uniform","normal","Extreme","3",1,TRUE,165.500999999989
"2913","X=~x1",0.315279523264806,0.0648800411443572,0.4,"LSAM",11973,2642512,300,"ordinal","uniform","normal","Extreme","3",1,TRUE,0.443000000028405
"2914","X=~x2",0.699616604017039,0.146913669336246,0.8,"LSAM",11973,2642512,300,"ordinal","uniform","normal","Extreme","3",1,TRUE,0.443000000028405
"2915","X=~x3",0.699971824369725,0.146950508324781,0.8,"LSAM",11973,2642512,300,"ordinal","uniform","normal","Extreme","3",1,TRUE,0.443000000028405
"2916","Z=~z1",0.440176142221977,0.10644364848577,0.6,"LSAM",11973,2642512,300,"ordinal","uniform","normal","Extreme","3",1,TRUE,0.443000000028405
"2917","Z=~z2",0.576835693504817,0.159299125974726,0.6,"LSAM",11973,2642512,300,"ordinal","uniform","normal","Extreme","3",1,TRUE,0.443000000028405
"2918","Z=~z3",0.590260463337122,0.161223574738967,0.8,"LSAM",11973,2642512,300,"ordinal","uniform","normal","Extreme","3",1,TRUE,0.443000000028405
"2919","Y=~y1",0.352208987029377,0.0300483858125324,0.4,"LSAM",11973,2642512,300,"ordinal","uniform","normal","Extreme","3",1,TRUE,0.443000000028405
"2920","Y=~y2",0.659708081260056,0.135495722894591,0.7,"LSAM",11973,2642512,300,"ordinal","uniform","normal","Extreme","3",1,TRUE,0.443000000028405
"2921","Y=~y3",0.60889029180623,0.124303737099838,0.9,"LSAM",11973,2642512,300,"ordinal","uniform","normal","Extreme","3",1,TRUE,0.443000000028405
"2922","Y~X",0.520059555427249,0.0967605921100954,0.4,"LSAM",11973,2642512,300,"ordinal","uniform","normal","Extreme","3",1,TRUE,0.443000000028405
"2923","Y~Z",0.412355691314953,0.181395283706322,0.5,"LSAM",11973,2642512,300,"ordinal","uniform","normal","Extreme","3",1,TRUE,0.443000000028405
"2924","Y~X:Z",0.12639884738011,0.17609822868246,0.3,"LSAM",11973,2642512,300,"ordinal","uniform","normal","Extreme","3",1,TRUE,0.443000000028405
"2925","X~~Z",0.143128849255406,0.0977173710643497,0.2,"LSAM",11973,2642512,300,"ordinal","uniform","normal","Extreme","3",1,TRUE,0.443000000028405
"2926","X=~x1",0.26601769333669,0.0581806947668182,0.4,"MC-PLSc",11974,3259394,1000,"ordinal","uniform","normal","Extreme","3",1,TRUE,16.8330000000424
"2927","X=~x2",0.716533222951422,0.0462285932221336,0.8,"MC-PLSc",11974,3259394,1000,"ordinal","uniform","normal","Extreme","3",1,TRUE,16.8330000000424
"2928","X=~x3",0.869867708668276,0.0485571335830101,0.8,"MC-PLSc",11974,3259394,1000,"ordinal","uniform","normal","Extreme","3",1,TRUE,16.8330000000424
"2929","Z=~z1",0.643472227918387,0.0414546496116843,0.6,"MC-PLSc",11974,3259394,1000,"ordinal","uniform","normal","Extreme","3",1,TRUE,16.8330000000424
"2930","Z=~z2",0.560600854941034,0.0481945133763056,0.6,"MC-PLSc",11974,3259394,1000,"ordinal","uniform","normal","Extreme","3",1,TRUE,16.8330000000424
"2931","Z=~z3",0.778505058288547,0.0441749284842377,0.8,"MC-PLSc",11974,3259394,1000,"ordinal","uniform","normal","Extreme","3",1,TRUE,16.8330000000424
"2932","Y=~y1",0.430956497401734,0.0456520405773619,0.4,"MC-PLSc",11974,3259394,1000,"ordinal","uniform","normal","Extreme","3",1,TRUE,16.8330000000424
"2933","Y=~y2",0.643461258946015,0.0358693130820825,0.7,"MC-PLSc",11974,3259394,1000,"ordinal","uniform","normal","Extreme","3",1,TRUE,16.8330000000424
"2934","Y=~y3",0.86554951892029,0.0434285070322388,0.9,"MC-PLSc",11974,3259394,1000,"ordinal","uniform","normal","Extreme","3",1,TRUE,16.8330000000424
"2935","Y~X",0.398987467110399,0.0739477280984163,0.4,"MC-PLSc",11974,3259394,1000,"ordinal","uniform","normal","Extreme","3",1,TRUE,16.8330000000424
"2936","Y~Z",0.580731363059501,0.0723021156876075,0.5,"MC-PLSc",11974,3259394,1000,"ordinal","uniform","normal","Extreme","3",1,TRUE,16.8330000000424
"2937","Y~X:Z",0.370784321804747,0.13010139689381,0.3,"MC-PLSc",11974,3259394,1000,"ordinal","uniform","normal","Extreme","3",1,TRUE,16.8330000000424
"2938","X~~Z",0.210302092396695,0.0562476132109511,0.2,"MC-PLSc",11974,3259394,1000,"ordinal","uniform","normal","Extreme","3",1,TRUE,16.8330000000424
"2939","X=~x1",0.192053515061249,0.073476392960733,0.4,"PLSc",11974,3259394,1000,"ordinal","uniform","normal","Extreme","3",1,TRUE,1.35999999998603
"2940","X=~x2",0.607084059358568,0.0478966207642864,0.8,"PLSc",11974,3259394,1000,"ordinal","uniform","normal","Extreme","3",1,TRUE,1.35999999998603
"2941","X=~x3",0.772555709650894,0.0538647368518621,0.8,"PLSc",11974,3259394,1000,"ordinal","uniform","normal","Extreme","3",1,TRUE,1.35999999998603
"2942","Z=~z1",0.547808402851346,0.053206697742927,0.6,"PLSc",11974,3259394,1000,"ordinal","uniform","normal","Extreme","3",1,TRUE,1.35999999998603
"2943","Z=~z2",0.439621451194882,0.0536990564566155,0.6,"PLSc",11974,3259394,1000,"ordinal","uniform","normal","Extreme","3",1,TRUE,1.35999999998603
"2944","Z=~z3",0.664328582945202,0.0557752265437722,0.8,"PLSc",11974,3259394,1000,"ordinal","uniform","normal","Extreme","3",1,TRUE,1.35999999998603
"2945","Y=~y1",0.375798948227918,0.0478662118758271,0.4,"PLSc",11974,3259394,1000,"ordinal","uniform","normal","Extreme","3",1,TRUE,1.35999999998603
"2946","Y=~y2",0.557853213964212,0.0359626705865627,0.7,"PLSc",11974,3259394,1000,"ordinal","uniform","normal","Extreme","3",1,TRUE,1.35999999998603
"2947","Y=~y3",0.800423622627339,0.0337465597757043,0.9,"PLSc",11974,3259394,1000,"ordinal","uniform","normal","Extreme","3",1,TRUE,1.35999999998603
"2948","Y~X",0.379278143679521,0.0601878030747201,0.4,"PLSc",11974,3259394,1000,"ordinal","uniform","normal","Extreme","3",1,TRUE,1.35999999998603
"2949","Y~Z",0.564592739792258,0.0690516528378088,0.5,"PLSc",11974,3259394,1000,"ordinal","uniform","normal","Extreme","3",1,TRUE,1.35999999998603
"2950","Y~X:Z",0.314729697197583,0.147944915060545,0.3,"PLSc",11974,3259394,1000,"ordinal","uniform","normal","Extreme","3",1,TRUE,1.35999999998603
"2951","X~~Z",0.183270347986867,0.0517643089907551,0.2,"PLSc",11974,3259394,1000,"ordinal","uniform","normal","Extreme","3",1,TRUE,1.35999999998603
"2952","X=~x1",0.322490729372116,0.0748803175866911,0.4,"PLS",11974,3259394,1000,"ordinal","uniform","normal","Extreme","3",1,TRUE,0.923000000009779
"2953","X=~x2",0.807803825285013,0.0260989085324278,0.8,"PLS",11974,3259394,1000,"ordinal","uniform","normal","Extreme","3",1,TRUE,0.923000000009779
"2954","X=~x3",0.877443856282973,0.0199970175264389,0.8,"PLS",11974,3259394,1000,"ordinal","uniform","normal","Extreme","3",1,TRUE,0.923000000009779
"2955","Z=~z1",0.720401705045545,0.0367801939826337,0.6,"PLS",11974,3259394,1000,"ordinal","uniform","normal","Extreme","3",1,TRUE,0.923000000009779
"2956","Z=~z2",0.645832305507571,0.0405778095231699,0.6,"PLS",11974,3259394,1000,"ordinal","uniform","normal","Extreme","3",1,TRUE,0.923000000009779
"2957","Z=~z3",0.813631782261159,0.0259355257229873,0.8,"PLS",11974,3259394,1000,"ordinal","uniform","normal","Extreme","3",1,TRUE,0.923000000009779
"2958","Y=~y1",0.541713492869629,0.0468686022462788,0.4,"PLS",11974,3259394,1000,"ordinal","uniform","normal","Extreme","3",1,TRUE,0.923000000009779
"2959","Y=~y2",0.764501331035049,0.0244502224192001,0.7,"PLS",11974,3259394,1000,"ordinal","uniform","normal","Extreme","3",1,TRUE,0.923000000009779
"2960","Y=~y3",0.870621454344637,0.011908232502237,0.9,"PLS",11974,3259394,1000,"ordinal","uniform","normal","Extreme","3",1,TRUE,0.923000000009779
"2961","Y~X",0.310213740143678,0.0304968293293809,0.4,"PLS",11974,3259394,1000,"ordinal","uniform","normal","Extreme","3",1,TRUE,0.923000000009779
"2962","Y~Z",0.368533326591829,0.0305931219912678,0.5,"PLS",11974,3259394,1000,"ordinal","uniform","normal","Extreme","3",1,TRUE,0.923000000009779
"2963","Y~X:Z",0.155256712043584,0.0342266783139706,0.3,"PLS",11974,3259394,1000,"ordinal","uniform","normal","Extreme","3",1,TRUE,0.923000000009779
"2964","X~~Z",0.114481571103855,0.0315561649163426,0.2,"PLS",11974,3259394,1000,"ordinal","uniform","normal","Extreme","3",1,TRUE,0.923000000009779
"2965","X=~x1",0.286,0.044,0.4,"Mplus",11974,3259394,1000,"ordinal","uniform","normal","Extreme","3",1,TRUE,339.576000000001
"2966","X=~x2",0.721,0.043,0.8,"Mplus",11974,3259394,1000,"ordinal","uniform","normal","Extreme","3",1,TRUE,339.576000000001
"2967","X=~x3",0.863,0.045,0.8,"Mplus",11974,3259394,1000,"ordinal","uniform","normal","Extreme","3",1,TRUE,339.576000000001
"2968","Z=~z1",0.625,0.043,0.6,"Mplus",11974,3259394,1000,"ordinal","uniform","normal","Extreme","3",1,TRUE,339.576000000001
"2969","Z=~z2",0.558,0.042,0.6,"Mplus",11974,3259394,1000,"ordinal","uniform","normal","Extreme","3",1,TRUE,339.576000000001
"2970","Z=~z3",0.781,0.041,0.8,"Mplus",11974,3259394,1000,"ordinal","uniform","normal","Extreme","3",1,TRUE,339.576000000001
"2971","Y=~y1",0.405,0.042,0.4,"Mplus",11974,3259394,1000,"ordinal","uniform","normal","Extreme","3",1,TRUE,339.576000000001
"2972","Y=~y2",0.641,0.035,0.7,"Mplus",11974,3259394,1000,"ordinal","uniform","normal","Extreme","3",1,TRUE,339.576000000001
"2973","Y=~y3",0.88,0.033,0.9,"Mplus",11974,3259394,1000,"ordinal","uniform","normal","Extreme","3",1,TRUE,339.576000000001
"2974","Y~X",0.428,0.058,0.4,"Mplus",11974,3259394,1000,"ordinal","uniform","normal","Extreme","3",1,TRUE,339.576000000001
"2975","Y~Z",0.586,0.055,0.5,"Mplus",11974,3259394,1000,"ordinal","uniform","normal","Extreme","3",1,TRUE,339.576000000001
"2976","Y~X:Z",0.22,0.086,0.3,"Mplus",11974,3259394,1000,"ordinal","uniform","normal","Extreme","3",1,TRUE,339.576000000001
"2977","X~~Z",0.24,0.054,0.2,"Mplus",11974,3259394,1000,"ordinal","uniform","normal","Extreme","3",1,TRUE,339.576000000001
"2978","X=~x1",0.303806144415918,0.0359526111551213,0.4,"LSAM",11974,3259394,1000,"ordinal","uniform","normal","Extreme","3",1,TRUE,0.448999999964144
"2979","X=~x2",0.696419689174403,0.0885348989529642,0.8,"LSAM",11974,3259394,1000,"ordinal","uniform","normal","Extreme","3",1,TRUE,0.448999999964144
"2980","X=~x3",0.643517021545215,0.0841498654874279,0.8,"LSAM",11974,3259394,1000,"ordinal","uniform","normal","Extreme","3",1,TRUE,0.448999999964144
"2981","Z=~z1",0.501267551861053,0.0376920869772503,0.6,"LSAM",11974,3259394,1000,"ordinal","uniform","normal","Extreme","3",1,TRUE,0.448999999964144
"2982","Z=~z2",0.481528394628179,0.0598103734573292,0.6,"LSAM",11974,3259394,1000,"ordinal","uniform","normal","Extreme","3",1,TRUE,0.448999999964144
"2983","Z=~z3",0.673582953676282,0.0755535010947871,0.8,"LSAM",11974,3259394,1000,"ordinal","uniform","normal","Extreme","3",1,TRUE,0.448999999964144
"2984","Y=~y1",0.368961752997636,0.0159117095120039,0.4,"LSAM",11974,3259394,1000,"ordinal","uniform","normal","Extreme","3",1,TRUE,0.448999999964144
"2985","Y=~y2",0.643831225181777,0.0596554566321674,0.7,"LSAM",11974,3259394,1000,"ordinal","uniform","normal","Extreme","3",1,TRUE,0.448999999964144
"2986","Y=~y3",0.712753689300646,0.0656913525986154,0.9,"LSAM",11974,3259394,1000,"ordinal","uniform","normal","Extreme","3",1,TRUE,0.448999999964144
"2987","Y~X",0.391982007926323,0.0620221151407509,0.4,"LSAM",11974,3259394,1000,"ordinal","uniform","normal","Extreme","3",1,TRUE,0.448999999964144
"2988","Y~Z",0.561636623007215,0.0887367158098785,0.5,"LSAM",11974,3259394,1000,"ordinal","uniform","normal","Extreme","3",1,TRUE,0.448999999964144
"2989","Y~X:Z",0.286054354524185,0.10913870239123,0.3,"LSAM",11974,3259394,1000,"ordinal","uniform","normal","Extreme","3",1,TRUE,0.448999999964144
"2990","X~~Z",0.186418421591388,0.0591093902282636,0.2,"LSAM",11974,3259394,1000,"ordinal","uniform","normal","Extreme","3",1,TRUE,0.448999999964144
"2991","X=~x1",0.455259156764937,0.0855183586568381,0.4,"MC-PLSc",11975,5324676,300,"ordinal","uniform","normal","Extreme","5",1,TRUE,16.414999999979
"2992","X=~x2",0.715094670464755,0.0648278947216627,0.8,"MC-PLSc",11975,5324676,300,"ordinal","uniform","normal","Extreme","5",1,TRUE,16.414999999979
"2993","X=~x3",0.998180677404546,0.0670073290034015,0.8,"MC-PLSc",11975,5324676,300,"ordinal","uniform","normal","Extreme","5",1,TRUE,16.414999999979
"2994","Z=~z1",0.588851299349051,0.069592526742218,0.6,"MC-PLSc",11975,5324676,300,"ordinal","uniform","normal","Extreme","5",1,TRUE,16.414999999979
"2995","Z=~z2",0.595888915785274,0.0630916565746754,0.6,"MC-PLSc",11975,5324676,300,"ordinal","uniform","normal","Extreme","5",1,TRUE,16.414999999979
"2996","Z=~z3",0.793542524371924,0.0773168787967763,0.8,"MC-PLSc",11975,5324676,300,"ordinal","uniform","normal","Extreme","5",1,TRUE,16.414999999979
"2997","Y=~y1",0.446573414449007,0.0742423142797075,0.4,"MC-PLSc",11975,5324676,300,"ordinal","uniform","normal","Extreme","5",1,TRUE,16.414999999979
"2998","Y=~y2",0.766981243907995,0.054307590974329,0.7,"MC-PLSc",11975,5324676,300,"ordinal","uniform","normal","Extreme","5",1,TRUE,16.414999999979
"2999","Y=~y3",0.873610967774622,0.043914362703224,0.9,"MC-PLSc",11975,5324676,300,"ordinal","uniform","normal","Extreme","5",1,TRUE,16.414999999979
"3000","Y~X",0.360053923158475,0.0913032609079861,0.4,"MC-PLSc",11975,5324676,300,"ordinal","uniform","normal","Extreme","5",1,TRUE,16.414999999979
"3001","Y~Z",0.512779535968324,0.0947812621075086,0.5,"MC-PLSc",11975,5324676,300,"ordinal","uniform","normal","Extreme","5",1,TRUE,16.414999999979
"3002","Y~X:Z",0.356278090126377,0.141176476187347,0.3,"MC-PLSc",11975,5324676,300,"ordinal","uniform","normal","Extreme","5",1,TRUE,16.414999999979
"3003","X~~Z",0.243883870844995,0.0912892612737511,0.2,"MC-PLSc",11975,5324676,300,"ordinal","uniform","normal","Extreme","5",1,TRUE,16.414999999979
"3004","X=~x1",0.37127734831081,0.107154341763348,0.4,"PLSc",11975,5324676,300,"ordinal","uniform","normal","Extreme","5",1,TRUE,1.24599999998463
"3005","X=~x2",0.654786598637155,0.0779162729715974,0.8,"PLSc",11975,5324676,300,"ordinal","uniform","normal","Extreme","5",1,TRUE,1.24599999998463
"3006","X=~x3",0.966499772929806,0.0734449308079271,0.8,"PLSc",11975,5324676,300,"ordinal","uniform","normal","Extreme","5",1,TRUE,1.24599999998463
"3007","Z=~z1",0.548550639625961,0.0769808222744466,0.6,"PLSc",11975,5324676,300,"ordinal","uniform","normal","Extreme","5",1,TRUE,1.24599999998463
"3008","Z=~z2",0.546653425323447,0.0742419115502495,0.6,"PLSc",11975,5324676,300,"ordinal","uniform","normal","Extreme","5",1,TRUE,1.24599999998463
"3009","Z=~z3",0.692121649188052,0.0787082448609534,0.8,"PLSc",11975,5324676,300,"ordinal","uniform","normal","Extreme","5",1,TRUE,1.24599999998463
"3010","Y=~y1",0.411293254937204,0.077035539439385,0.4,"PLSc",11975,5324676,300,"ordinal","uniform","normal","Extreme","5",1,TRUE,1.24599999998463
"3011","Y=~y2",0.682093009491239,0.0599994969544234,0.7,"PLSc",11975,5324676,300,"ordinal","uniform","normal","Extreme","5",1,TRUE,1.24599999998463
"3012","Y=~y3",0.86861187871332,0.0530344311351188,0.9,"PLSc",11975,5324676,300,"ordinal","uniform","normal","Extreme","5",1,TRUE,1.24599999998463
"3013","Y~X",0.356825193021779,0.0693355321971361,0.4,"PLSc",11975,5324676,300,"ordinal","uniform","normal","Extreme","5",1,TRUE,1.24599999998463
"3014","Y~Z",0.494824743729827,0.079116635468067,0.5,"PLSc",11975,5324676,300,"ordinal","uniform","normal","Extreme","5",1,TRUE,1.24599999998463
"3015","Y~X:Z",0.238170675439664,0.099121434245542,0.3,"PLSc",11975,5324676,300,"ordinal","uniform","normal","Extreme","5",1,TRUE,1.24599999998463
"3016","X~~Z",0.223471718188122,0.0805657974986501,0.2,"PLSc",11975,5324676,300,"ordinal","uniform","normal","Extreme","5",1,TRUE,1.24599999998463
"3017","X=~x1",0.567227026448389,0.0745551602291216,0.4,"PLS",11975,5324676,300,"ordinal","uniform","normal","Extreme","5",1,TRUE,0.885000000009313
"3018","X=~x2",0.821271078494208,0.0359259560985109,0.8,"PLS",11975,5324676,300,"ordinal","uniform","normal","Extreme","5",1,TRUE,0.885000000009313
"3019","X=~x3",0.918712523635802,0.0149494134019234,0.8,"PLS",11975,5324676,300,"ordinal","uniform","normal","Extreme","5",1,TRUE,0.885000000009313
"3020","Z=~z1",0.704346092324398,0.054505097449736,0.6,"PLS",11975,5324676,300,"ordinal","uniform","normal","Extreme","5",1,TRUE,0.885000000009313
"3021","Z=~z2",0.711517440683372,0.0501782868229746,0.6,"PLS",11975,5324676,300,"ordinal","uniform","normal","Extreme","5",1,TRUE,0.885000000009313
"3022","Z=~z3",0.836028744011091,0.0330990547557004,0.8,"PLS",11975,5324676,300,"ordinal","uniform","normal","Extreme","5",1,TRUE,0.885000000009313
"3023","Y=~y1",0.569605261930471,0.0720176518480245,0.4,"PLS",11975,5324676,300,"ordinal","uniform","normal","Extreme","5",1,TRUE,0.885000000009313
"3024","Y=~y2",0.849350056887595,0.0285361687375697,0.7,"PLS",11975,5324676,300,"ordinal","uniform","normal","Extreme","5",1,TRUE,0.885000000009313
"3025","Y=~y3",0.884942808612684,0.0179287825316195,0.9,"PLS",11975,5324676,300,"ordinal","uniform","normal","Extreme","5",1,TRUE,0.885000000009313
"3026","Y~X",0.332019558059584,0.0480597955655253,0.4,"PLS",11975,5324676,300,"ordinal","uniform","normal","Extreme","5",1,TRUE,0.885000000009313
"3027","Y~Z",0.358715700479942,0.0475008758887312,0.5,"PLS",11975,5324676,300,"ordinal","uniform","normal","Extreme","5",1,TRUE,0.885000000009313
"3028","Y~X:Z",0.183251908202139,0.0511885951621167,0.3,"PLS",11975,5324676,300,"ordinal","uniform","normal","Extreme","5",1,TRUE,0.885000000009313
"3029","X~~Z",0.163299227340977,0.0590625800095121,0.2,"PLS",11975,5324676,300,"ordinal","uniform","normal","Extreme","5",1,TRUE,0.885000000009313
"3030","X=~x1",0.453,0.102,0.4,"Mplus",11975,5324676,300,"ordinal","uniform","normal","Extreme","5",1,TRUE,295.196999999986
"3031","X=~x2",0.686,0.04,0.8,"Mplus",11975,5324676,300,"ordinal","uniform","normal","Extreme","5",1,TRUE,295.196999999986
"3032","X=~x3",0.992,0.001,0.8,"Mplus",11975,5324676,300,"ordinal","uniform","normal","Extreme","5",1,TRUE,295.196999999986
"3033","Z=~z1",0.552,0.061,0.6,"Mplus",11975,5324676,300,"ordinal","uniform","normal","Extreme","5",1,TRUE,295.196999999986
"3034","Z=~z2",0.574,0.062,0.6,"Mplus",11975,5324676,300,"ordinal","uniform","normal","Extreme","5",1,TRUE,295.196999999986
"3035","Z=~z3",0.819,0.062,0.8,"Mplus",11975,5324676,300,"ordinal","uniform","normal","Extreme","5",1,TRUE,295.196999999986
"3036","Y=~y1",0.398,0.066,0.4,"Mplus",11975,5324676,300,"ordinal","uniform","normal","Extreme","5",1,TRUE,295.196999999986
"3037","Y=~y2",0.72,0.053,0.7,"Mplus",11975,5324676,300,"ordinal","uniform","normal","Extreme","5",1,TRUE,295.196999999986
"3038","Y=~y3",0.86,0.044,0.9,"Mplus",11975,5324676,300,"ordinal","uniform","normal","Extreme","5",1,TRUE,295.196999999986
"3039","Y~X",0.399,0.074,0.4,"Mplus",11975,5324676,300,"ordinal","uniform","normal","Extreme","5",1,TRUE,295.196999999986
"3040","Y~Z",0.538,0.073,0.5,"Mplus",11975,5324676,300,"ordinal","uniform","normal","Extreme","5",1,TRUE,295.196999999986
"3041","Y~X:Z",0.38,0.087,0.3,"Mplus",11975,5324676,300,"ordinal","uniform","normal","Extreme","5",1,TRUE,295.196999999986
"3042","X~~Z",0.182,0.083,0.2,"Mplus",11975,5324676,300,"ordinal","uniform","normal","Extreme","5",1,TRUE,295.196999999986
"3043","X=~x1",0.425940680181044,0.0610779711875172,0.4,"LSAM",11975,5324676,300,"ordinal","uniform","normal","Extreme","5",1,TRUE,0.432999999960884
"3044","X=~x2",0.671837009137169,0.0916067461052893,0.8,"LSAM",11975,5324676,300,"ordinal","uniform","normal","Extreme","5",1,TRUE,0.432999999960884
"3045","X=~x3",0.89754993322835,0.086114858901906,0.8,"LSAM",11975,5324676,300,"ordinal","uniform","normal","Extreme","5",1,TRUE,0.432999999960884
"3046","Z=~z1",0.482944870704593,0.040009682002736,0.6,"LSAM",11975,5324676,300,"ordinal","uniform","normal","Extreme","5",1,TRUE,0.432999999960884
"3047","Z=~z2",0.502707400848761,0.0812810840232387,0.6,"LSAM",11975,5324676,300,"ordinal","uniform","normal","Extreme","5",1,TRUE,0.432999999960884
"3048","Z=~z3",0.814903447441865,0.115032061829434,0.8,"LSAM",11975,5324676,300,"ordinal","uniform","normal","Extreme","5",1,TRUE,0.432999999960884
"3049","Y=~y1",0.410161850963878,0.0389891051257692,0.4,"LSAM",11975,5324676,300,"ordinal","uniform","normal","Extreme","5",1,TRUE,0.432999999960884
"3050","Y=~y2",0.830730968315806,0.0866536542796261,0.7,"LSAM",11975,5324676,300,"ordinal","uniform","normal","Extreme","5",1,TRUE,0.432999999960884
"3051","Y=~y3",0.72296203525324,0.0830000299265232,0.9,"LSAM",11975,5324676,300,"ordinal","uniform","normal","Extreme","5",1,TRUE,0.432999999960884
"3052","Y~X",0.413487423095146,0.0748081870845814,0.4,"LSAM",11975,5324676,300,"ordinal","uniform","normal","Extreme","5",1,TRUE,0.432999999960884
"3053","Y~Z",0.445094365170371,0.0727518571433382,0.5,"LSAM",11975,5324676,300,"ordinal","uniform","normal","Extreme","5",1,TRUE,0.432999999960884
"3054","Y~X:Z",0.198609167320658,0.0758454176886541,0.3,"LSAM",11975,5324676,300,"ordinal","uniform","normal","Extreme","5",1,TRUE,0.432999999960884
"3055","X~~Z",0.15779416183304,0.077573276620099,0.2,"LSAM",11975,5324676,300,"ordinal","uniform","normal","Extreme","5",1,TRUE,0.432999999960884
"3056","X=~x1",0.44177258678665,0.0400521037649188,0.4,"MC-PLSc",11976,9236916,1000,"ordinal","uniform","normal","Extreme","5",1,TRUE,19.8660000000382
"3057","X=~x2",0.834756725701128,0.0310168102957072,0.8,"MC-PLSc",11976,9236916,1000,"ordinal","uniform","normal","Extreme","5",1,TRUE,19.8660000000382
"3058","X=~x3",0.788172957404082,0.0309218590657807,0.8,"MC-PLSc",11976,9236916,1000,"ordinal","uniform","normal","Extreme","5",1,TRUE,19.8660000000382
"3059","Z=~z1",0.554207520812962,0.0390929884429898,0.6,"MC-PLSc",11976,9236916,1000,"ordinal","uniform","normal","Extreme","5",1,TRUE,19.8660000000382
"3060","Z=~z2",0.559828712161845,0.0426333936957168,0.6,"MC-PLSc",11976,9236916,1000,"ordinal","uniform","normal","Extreme","5",1,TRUE,19.8660000000382
"3061","Z=~z3",0.820306409858582,0.0369625310375976,0.8,"MC-PLSc",11976,9236916,1000,"ordinal","uniform","normal","Extreme","5",1,TRUE,19.8660000000382
"3062","Y=~y1",0.417758953905821,0.0399314623265626,0.4,"MC-PLSc",11976,9236916,1000,"ordinal","uniform","normal","Extreme","5",1,TRUE,19.8660000000382
"3063","Y=~y2",0.678725320458427,0.0294734184543251,0.7,"MC-PLSc",11976,9236916,1000,"ordinal","uniform","normal","Extreme","5",1,TRUE,19.8660000000382
"3064","Y=~y3",0.966543182490755,0.0296164914515996,0.9,"MC-PLSc",11976,9236916,1000,"ordinal","uniform","normal","Extreme","5",1,TRUE,19.8660000000382
"3065","Y~X",0.378200714127295,0.046516958961483,0.4,"MC-PLSc",11976,9236916,1000,"ordinal","uniform","normal","Extreme","5",1,TRUE,19.8660000000382
"3066","Y~Z",0.499237821186134,0.0456100782130108,0.5,"MC-PLSc",11976,9236916,1000,"ordinal","uniform","normal","Extreme","5",1,TRUE,19.8660000000382
"3067","Y~X:Z",0.337840297298078,0.0803343177636035,0.3,"MC-PLSc",11976,9236916,1000,"ordinal","uniform","normal","Extreme","5",1,TRUE,19.8660000000382
"3068","X~~Z",0.216291821870207,0.0474343695325569,0.2,"MC-PLSc",11976,9236916,1000,"ordinal","uniform","normal","Extreme","5",1,TRUE,19.8660000000382
"3069","X=~x1",0.384801988263057,0.0585557399323119,0.4,"PLSc",11976,9236916,1000,"ordinal","uniform","normal","Extreme","5",1,TRUE,1.34299999999348
"3070","X=~x2",0.772024858069755,0.0413204967455066,0.8,"PLSc",11976,9236916,1000,"ordinal","uniform","normal","Extreme","5",1,TRUE,1.34299999999348
"3071","X=~x3",0.740674162521918,0.0403257676831288,0.8,"PLSc",11976,9236916,1000,"ordinal","uniform","normal","Extreme","5",1,TRUE,1.34299999999348
"3072","Z=~z1",0.499108942094314,0.0485790287333114,0.6,"PLSc",11976,9236916,1000,"ordinal","uniform","normal","Extreme","5",1,TRUE,1.34299999999348
"3073","Z=~z2",0.51142017380628,0.0466659299108418,0.6,"PLSc",11976,9236916,1000,"ordinal","uniform","normal","Extreme","5",1,TRUE,1.34299999999348
"3074","Z=~z3",0.738726247033292,0.0440179456732278,0.8,"PLSc",11976,9236916,1000,"ordinal","uniform","normal","Extreme","5",1,TRUE,1.34299999999348
"3075","Y=~y1",0.384802682998317,0.0440801238346102,0.4,"PLSc",11976,9236916,1000,"ordinal","uniform","normal","Extreme","5",1,TRUE,1.34299999999348
"3076","Y=~y2",0.607987848568625,0.0364163047365094,0.7,"PLSc",11976,9236916,1000,"ordinal","uniform","normal","Extreme","5",1,TRUE,1.34299999999348
"3077","Y=~y3",0.940398152816652,0.0278350128729539,0.9,"PLSc",11976,9236916,1000,"ordinal","uniform","normal","Extreme","5",1,TRUE,1.34299999999348
"3078","Y~X",0.371735844989825,0.0394290989713042,0.4,"PLSc",11976,9236916,1000,"ordinal","uniform","normal","Extreme","5",1,TRUE,1.34299999999348
"3079","Y~Z",0.488067049760531,0.0442691852365688,0.5,"PLSc",11976,9236916,1000,"ordinal","uniform","normal","Extreme","5",1,TRUE,1.34299999999348
"3080","Y~X:Z",0.251732584168046,0.0673770757161225,0.3,"PLSc",11976,9236916,1000,"ordinal","uniform","normal","Extreme","5",1,TRUE,1.34299999999348
"3081","X~~Z",0.203081788463067,0.0463625675850832,0.2,"PLSc",11976,9236916,1000,"ordinal","uniform","normal","Extreme","5",1,TRUE,1.34299999999348
"3082","X=~x1",0.548467595756863,0.0450550211652391,0.4,"PLS",11976,9236916,1000,"ordinal","uniform","normal","Extreme","5",1,TRUE,0.943000000028405
"3083","X=~x2",0.868693705395398,0.0142752415233023,0.8,"PLS",11976,9236916,1000,"ordinal","uniform","normal","Extreme","5",1,TRUE,0.943000000028405
"3084","X=~x3",0.850741650826376,0.0160289012000906,0.8,"PLS",11976,9236916,1000,"ordinal","uniform","normal","Extreme","5",1,TRUE,0.943000000028405
"3085","Z=~z1",0.677762131241898,0.0347407715726832,0.6,"PLS",11976,9236916,1000,"ordinal","uniform","normal","Extreme","5",1,TRUE,0.943000000028405
"3086","Z=~z2",0.688136962366505,0.0336340487944517,0.6,"PLS",11976,9236916,1000,"ordinal","uniform","normal","Extreme","5",1,TRUE,0.943000000028405
"3087","Z=~z3",0.853382438474067,0.0162529691397506,0.8,"PLS",11976,9236916,1000,"ordinal","uniform","normal","Extreme","5",1,TRUE,0.943000000028405
"3088","Y=~y1",0.545721991840037,0.0406217231351938,0.4,"PLS",11976,9236916,1000,"ordinal","uniform","normal","Extreme","5",1,TRUE,0.943000000028405
"3089","Y=~y2",0.810236039127319,0.0199678482567098,0.7,"PLS",11976,9236916,1000,"ordinal","uniform","normal","Extreme","5",1,TRUE,0.943000000028405
"3090","Y=~y3",0.909561294044686,0.0070455031700468,0.9,"PLS",11976,9236916,1000,"ordinal","uniform","normal","Extreme","5",1,TRUE,0.943000000028405
"3091","Y~X",0.326422757867546,0.0258750071130714,0.4,"PLS",11976,9236916,1000,"ordinal","uniform","normal","Extreme","5",1,TRUE,0.943000000028405
"3092","Y~Z",0.365802911794236,0.0267076820308386,0.5,"PLS",11976,9236916,1000,"ordinal","uniform","normal","Extreme","5",1,TRUE,0.943000000028405
"3093","Y~X:Z",0.168324477391266,0.029286251445879,0.3,"PLS",11976,9236916,1000,"ordinal","uniform","normal","Extreme","5",1,TRUE,0.943000000028405
"3094","X~~Z",0.138900962195576,0.0313795681887087,0.2,"PLS",11976,9236916,1000,"ordinal","uniform","normal","Extreme","5",1,TRUE,0.943000000028405
"3095","X=~x1",0.429,0.036,0.4,"Mplus",11976,9236916,1000,"ordinal","uniform","normal","Extreme","5",1,TRUE,665.127000000037
"3096","X=~x2",0.83,0.03,0.8,"Mplus",11976,9236916,1000,"ordinal","uniform","normal","Extreme","5",1,TRUE,665.127000000037
"3097","X=~x3",0.749,0.029,0.8,"Mplus",11976,9236916,1000,"ordinal","uniform","normal","Extreme","5",1,TRUE,665.127000000037
"3098","Z=~z1",0.531,0.036,0.6,"Mplus",11976,9236916,1000,"ordinal","uniform","normal","Extreme","5",1,TRUE,665.127000000037
"3099","Z=~z2",0.523,0.035,0.6,"Mplus",11976,9236916,1000,"ordinal","uniform","normal","Extreme","5",1,TRUE,665.127000000037
"3100","Z=~z3",0.801,0.033,0.8,"Mplus",11976,9236916,1000,"ordinal","uniform","normal","Extreme","5",1,TRUE,665.127000000037
"3101","Y=~y1",0.377,0.035,0.4,"Mplus",11976,9236916,1000,"ordinal","uniform","normal","Extreme","5",1,TRUE,665.127000000037
"3102","Y=~y2",0.66,0.029,0.7,"Mplus",11976,9236916,1000,"ordinal","uniform","normal","Extreme","5",1,TRUE,665.127000000037
"3103","Y=~y3",0.948,0.024,0.9,"Mplus",11976,9236916,1000,"ordinal","uniform","normal","Extreme","5",1,TRUE,665.127000000037
"3104","Y~X",0.373,0.042,0.4,"Mplus",11976,9236916,1000,"ordinal","uniform","normal","Extreme","5",1,TRUE,665.127000000037
"3105","Y~Z",0.519,0.041,0.5,"Mplus",11976,9236916,1000,"ordinal","uniform","normal","Extreme","5",1,TRUE,665.127000000037
"3106","Y~X:Z",0.339,0.051,0.3,"Mplus",11976,9236916,1000,"ordinal","uniform","normal","Extreme","5",1,TRUE,665.127000000037
"3107","X~~Z",0.199,0.047,0.2,"Mplus",11976,9236916,1000,"ordinal","uniform","normal","Extreme","5",1,TRUE,665.127000000037
"3108","X=~x1",0.3881951767926,0.0318328309842078,0.4,"LSAM",11976,9236916,1000,"ordinal","uniform","normal","Extreme","5",1,TRUE,0.423999999999069
"3109","X=~x2",0.801448151409874,0.0572564134167371,0.8,"LSAM",11976,9236916,1000,"ordinal","uniform","normal","Extreme","5",1,TRUE,0.423999999999069
"3110","X=~x3",0.7101789891044,0.0564208623450877,0.8,"LSAM",11976,9236916,1000,"ordinal","uniform","normal","Extreme","5",1,TRUE,0.423999999999069
"3111","Z=~z1",0.469147855184606,0.0254142990916879,0.6,"LSAM",11976,9236916,1000,"ordinal","uniform","normal","Extreme","5",1,TRUE,0.423999999999069
"3112","Z=~z2",0.476040848542748,0.0471777214807711,0.6,"LSAM",11976,9236916,1000,"ordinal","uniform","normal","Extreme","5",1,TRUE,0.423999999999069
"3113","Z=~z3",0.812934515774059,0.0698876420670927,0.8,"LSAM",11976,9236916,1000,"ordinal","uniform","normal","Extreme","5",1,TRUE,0.423999999999069
"3114","Y=~y1",0.386656432391209,0.0144991908490852,0.4,"LSAM",11976,9236916,1000,"ordinal","uniform","normal","Extreme","5",1,TRUE,0.423999999999069
"3115","Y=~y2",0.711154134630689,0.0463760580748571,0.7,"LSAM",11976,9236916,1000,"ordinal","uniform","normal","Extreme","5",1,TRUE,0.423999999999069
"3116","Y=~y3",0.82018928328137,0.0507829402330227,0.9,"LSAM",11976,9236916,1000,"ordinal","uniform","normal","Extreme","5",1,TRUE,0.423999999999069
"3117","Y~X",0.401975477826233,0.0417143338496313,0.4,"LSAM",11976,9236916,1000,"ordinal","uniform","normal","Extreme","5",1,TRUE,0.423999999999069
"3118","Y~Z",0.482253597097509,0.0540961775324812,0.5,"LSAM",11976,9236916,1000,"ordinal","uniform","normal","Extreme","5",1,TRUE,0.423999999999069
"3119","Y~X:Z",0.248507574952311,0.0507097730518932,0.3,"LSAM",11976,9236916,1000,"ordinal","uniform","normal","Extreme","5",1,TRUE,0.423999999999069
"3120","X~~Z",0.183735830830274,0.0434994476956889,0.2,"LSAM",11976,9236916,1000,"ordinal","uniform","normal","Extreme","5",1,TRUE,0.423999999999069
"3121","X=~x1",0.417572232670138,0.0951312194344059,0.4,"MC-PLSc",11977,9141492,300,"ordinal","normal","skewed","Symmetric","2",1,TRUE,11.0760000000009
"3122","X=~x2",0.74748250749337,0.0897036681784508,0.8,"MC-PLSc",11977,9141492,300,"ordinal","normal","skewed","Symmetric","2",1,TRUE,11.0760000000009
"3123","X=~x3",0.886080680877982,0.109762600428243,0.8,"MC-PLSc",11977,9141492,300,"ordinal","normal","skewed","Symmetric","2",1,TRUE,11.0760000000009
"3124","Z=~z1",0.646177565297158,0.100733841391391,0.6,"MC-PLSc",11977,9141492,300,"ordinal","normal","skewed","Symmetric","2",1,TRUE,11.0760000000009
"3125","Z=~z2",0.614956311135363,0.0922630220941766,0.6,"MC-PLSc",11977,9141492,300,"ordinal","normal","skewed","Symmetric","2",1,TRUE,11.0760000000009
"3126","Z=~z3",0.894055588101739,0.0827948359872349,0.8,"MC-PLSc",11977,9141492,300,"ordinal","normal","skewed","Symmetric","2",1,TRUE,11.0760000000009
"3127","Y=~y1",0.567369756524135,0.0837016875355093,0.4,"MC-PLSc",11977,9141492,300,"ordinal","normal","skewed","Symmetric","2",1,TRUE,11.0760000000009
"3128","Y=~y2",0.727117195557191,0.0610220699821926,0.7,"MC-PLSc",11977,9141492,300,"ordinal","normal","skewed","Symmetric","2",1,TRUE,11.0760000000009
"3129","Y=~y3",0.928497785155849,0.0583789573355256,0.9,"MC-PLSc",11977,9141492,300,"ordinal","normal","skewed","Symmetric","2",1,TRUE,11.0760000000009
"3130","Y~X",0.484432854791644,0.084791000543711,0.4,"MC-PLSc",11977,9141492,300,"ordinal","normal","skewed","Symmetric","2",1,TRUE,11.0760000000009
"3131","Y~Z",0.44874893792169,0.0838536177492711,0.5,"MC-PLSc",11977,9141492,300,"ordinal","normal","skewed","Symmetric","2",1,TRUE,11.0760000000009
"3132","Y~X:Z",0.385887429385214,0.12630580335145,0.3,"MC-PLSc",11977,9141492,300,"ordinal","normal","skewed","Symmetric","2",1,TRUE,11.0760000000009
"3133","X~~Z",0.0765352430387321,0.0987345701664232,0.2,"MC-PLSc",11977,9141492,300,"ordinal","normal","skewed","Symmetric","2",1,TRUE,11.0760000000009
"3134","X=~x1",0.387131758255896,0.110392687510723,0.4,"PLSc",11977,9141492,300,"ordinal","normal","skewed","Symmetric","2",1,TRUE,1.2729999999865
"3135","X=~x2",0.610569894808518,0.103421384707059,0.8,"PLSc",11977,9141492,300,"ordinal","normal","skewed","Symmetric","2",1,TRUE,1.2729999999865
"3136","X=~x3",0.689989333873949,0.0961682342939495,0.8,"PLSc",11977,9141492,300,"ordinal","normal","skewed","Symmetric","2",1,TRUE,1.2729999999865
"3137","Z=~z1",0.492928296182669,0.113084219669011,0.6,"PLSc",11977,9141492,300,"ordinal","normal","skewed","Symmetric","2",1,TRUE,1.2729999999865
"3138","Z=~z2",0.515138376971842,0.100814743531604,0.6,"PLSc",11977,9141492,300,"ordinal","normal","skewed","Symmetric","2",1,TRUE,1.2729999999865
"3139","Z=~z3",0.757172726194926,0.0973543087661043,0.8,"PLSc",11977,9141492,300,"ordinal","normal","skewed","Symmetric","2",1,TRUE,1.2729999999865
"3140","Y=~y1",0.474319701698726,0.0804643907084292,0.4,"PLSc",11977,9141492,300,"ordinal","normal","skewed","Symmetric","2",1,TRUE,1.2729999999865
"3141","Y=~y2",0.565986630811209,0.0736384476718336,0.7,"PLSc",11977,9141492,300,"ordinal","normal","skewed","Symmetric","2",1,TRUE,1.2729999999865
"3142","Y=~y3",0.755237036108109,0.0674760901899251,0.9,"PLSc",11977,9141492,300,"ordinal","normal","skewed","Symmetric","2",1,TRUE,1.2729999999865
"3143","Y~X",0.514274529768461,0.112542106142562,0.4,"PLSc",11977,9141492,300,"ordinal","normal","skewed","Symmetric","2",1,TRUE,1.2729999999865
"3144","Y~Z",0.394248795110894,0.101557260705518,0.5,"PLSc",11977,9141492,300,"ordinal","normal","skewed","Symmetric","2",1,TRUE,1.2729999999865
"3145","Y~X:Z",0.313071198247468,0.138933674259428,0.3,"PLSc",11977,9141492,300,"ordinal","normal","skewed","Symmetric","2",1,TRUE,1.2729999999865
"3146","X~~Z",0.0748839657964923,0.0886933103636484,0.2,"PLSc",11977,9141492,300,"ordinal","normal","skewed","Symmetric","2",1,TRUE,1.2729999999865
"3147","X=~x1",0.496291936249984,0.10545574811067,0.4,"PLS",11977,9141492,300,"ordinal","normal","skewed","Symmetric","2",1,TRUE,0.864000000001397
"3148","X=~x2",0.794466594979148,0.0565684394013819,0.8,"PLS",11977,9141492,300,"ordinal","normal","skewed","Symmetric","2",1,TRUE,0.864000000001397
"3149","X=~x3",0.856427100614713,0.0354234769736149,0.8,"PLS",11977,9141492,300,"ordinal","normal","skewed","Symmetric","2",1,TRUE,0.864000000001397
"3150","Z=~z1",0.705797033076438,0.0690987816579067,0.6,"PLS",11977,9141492,300,"ordinal","normal","skewed","Symmetric","2",1,TRUE,0.864000000001397
"3151","Z=~z2",0.680477107783507,0.070528384796309,0.6,"PLS",11977,9141492,300,"ordinal","normal","skewed","Symmetric","2",1,TRUE,0.864000000001397
"3152","Z=~z3",0.846262107149075,0.037104920127667,0.8,"PLS",11977,9141492,300,"ordinal","normal","skewed","Symmetric","2",1,TRUE,0.864000000001397
"3153","Y=~y1",0.621329144203836,0.0659161105935635,0.4,"PLS",11977,9141492,300,"ordinal","normal","skewed","Symmetric","2",1,TRUE,0.864000000001397
"3154","Y=~y2",0.753399257643995,0.0455557495286737,0.7,"PLS",11977,9141492,300,"ordinal","normal","skewed","Symmetric","2",1,TRUE,0.864000000001397
"3155","Y=~y3",0.861597551352062,0.0240505137246796,0.9,"PLS",11977,9141492,300,"ordinal","normal","skewed","Symmetric","2",1,TRUE,0.864000000001397
"3156","Y~X",0.317027398069234,0.0514633977103229,0.4,"PLS",11977,9141492,300,"ordinal","normal","skewed","Symmetric","2",1,TRUE,0.864000000001397
"3157","Y~Z",0.29361349764397,0.0537830960088027,0.5,"PLS",11977,9141492,300,"ordinal","normal","skewed","Symmetric","2",1,TRUE,0.864000000001397
"3158","Y~X:Z",0.154426783846509,0.0533518604820559,0.3,"PLS",11977,9141492,300,"ordinal","normal","skewed","Symmetric","2",1,TRUE,0.864000000001397
"3159","X~~Z",0.0476344262414894,0.0569430366471107,0.2,"PLS",11977,9141492,300,"ordinal","normal","skewed","Symmetric","2",1,TRUE,0.864000000001397
"3160","X=~x1",0.334,0.061,0.4,"Mplus",11977,9141492,300,"ordinal","normal","skewed","Symmetric","2",1,TRUE,69.7889999999898
"3161","X=~x2",0.684,0.069,0.8,"Mplus",11977,9141492,300,"ordinal","normal","skewed","Symmetric","2",1,TRUE,69.7889999999898
"3162","X=~x3",0.982,0.029,0.8,"Mplus",11977,9141492,300,"ordinal","normal","skewed","Symmetric","2",1,TRUE,69.7889999999898
"3163","Z=~z1",0.654,0.075,0.6,"Mplus",11977,9141492,300,"ordinal","normal","skewed","Symmetric","2",1,TRUE,69.7889999999898
"3164","Z=~z2",0.563,0.079,0.6,"Mplus",11977,9141492,300,"ordinal","normal","skewed","Symmetric","2",1,TRUE,69.7889999999898
"3165","Z=~z3",0.864,0.074,0.8,"Mplus",11977,9141492,300,"ordinal","normal","skewed","Symmetric","2",1,TRUE,69.7889999999898
"3166","Y=~y1",0.564,0.084,0.4,"Mplus",11977,9141492,300,"ordinal","normal","skewed","Symmetric","2",1,TRUE,69.7889999999898
"3167","Y=~y2",0.732,0.066,0.7,"Mplus",11977,9141492,300,"ordinal","normal","skewed","Symmetric","2",1,TRUE,69.7889999999898
"3168","Y=~y3",0.904,0.058,0.9,"Mplus",11977,9141492,300,"ordinal","normal","skewed","Symmetric","2",1,TRUE,69.7889999999898
"3169","Y~X",0.434,0.084,0.4,"Mplus",11977,9141492,300,"ordinal","normal","skewed","Symmetric","2",1,TRUE,69.7889999999898
"3170","Y~Z",0.453,0.082,0.5,"Mplus",11977,9141492,300,"ordinal","normal","skewed","Symmetric","2",1,TRUE,69.7889999999898
"3171","Y~X:Z",0.415,0.11,0.3,"Mplus",11977,9141492,300,"ordinal","normal","skewed","Symmetric","2",1,TRUE,69.7889999999898
"3172","X~~Z",0.095,0.09,0.2,"Mplus",11977,9141492,300,"ordinal","normal","skewed","Symmetric","2",1,TRUE,69.7889999999898
"3173","X=~x1",0.309009309549252,0.0798766635986278,0.4,"LSAM",11977,9141492,300,"ordinal","normal","skewed","Symmetric","2",1,TRUE,0.525000000023283
"3174","X=~x2",0.56966614174323,0.144478980782071,0.8,"LSAM",11977,9141492,300,"ordinal","normal","skewed","Symmetric","2",1,TRUE,0.525000000023283
"3175","X=~x3",0.871815060208949,0.159885186643913,0.8,"LSAM",11977,9141492,300,"ordinal","normal","skewed","Symmetric","2",1,TRUE,0.525000000023283
"3176","Z=~z1",0.578062400397663,0.0911006516772385,0.6,"LSAM",11977,9141492,300,"ordinal","normal","skewed","Symmetric","2",1,TRUE,0.525000000023283
"3177","Z=~z2",0.484419837893448,0.114447926456116,0.6,"LSAM",11977,9141492,300,"ordinal","normal","skewed","Symmetric","2",1,TRUE,0.525000000023283
"3178","Z=~z3",0.70376541120156,0.1319291443337,0.8,"LSAM",11977,9141492,300,"ordinal","normal","skewed","Symmetric","2",1,TRUE,0.525000000023283
"3179","Y=~y1",0.396469051514091,0.0190429082565533,0.4,"LSAM",11977,9141492,300,"ordinal","normal","skewed","Symmetric","2",1,TRUE,0.525000000023283
"3180","Y=~y2",0.571504071563772,0.082928154047553,0.7,"LSAM",11977,9141492,300,"ordinal","normal","skewed","Symmetric","2",1,TRUE,0.525000000023283
"3181","Y=~y3",0.834246127597028,0.11778954830807,0.9,"LSAM",11977,9141492,300,"ordinal","normal","skewed","Symmetric","2",1,TRUE,0.525000000023283
"3182","Y~X",0.356605430671667,0.0882651144954578,0.4,"LSAM",11977,9141492,300,"ordinal","normal","skewed","Symmetric","2",1,TRUE,0.525000000023283
"3183","Y~Z",0.42203543519875,0.125711374209984,0.5,"LSAM",11977,9141492,300,"ordinal","normal","skewed","Symmetric","2",1,TRUE,0.525000000023283
"3184","Y~X:Z",0.224433711415454,0.105434248508194,0.3,"LSAM",11977,9141492,300,"ordinal","normal","skewed","Symmetric","2",1,TRUE,0.525000000023283
"3185","X~~Z",0.0770508734554991,0.0997957995576355,0.2,"LSAM",11977,9141492,300,"ordinal","normal","skewed","Symmetric","2",1,TRUE,0.525000000023283
"3186","X=~x1",0.337356253274446,0.0638956318040173,0.4,"MC-PLSc",11978,6843809,1000,"ordinal","normal","skewed","Symmetric","2",1,TRUE,13.2199999999721
"3187","X=~x2",0.834427234875888,0.062744005346221,0.8,"MC-PLSc",11978,6843809,1000,"ordinal","normal","skewed","Symmetric","2",1,TRUE,13.2199999999721
"3188","X=~x3",0.784649415068188,0.0493874229914471,0.8,"MC-PLSc",11978,6843809,1000,"ordinal","normal","skewed","Symmetric","2",1,TRUE,13.2199999999721
"3189","Z=~z1",0.585747771751195,0.0453561633954042,0.6,"MC-PLSc",11978,6843809,1000,"ordinal","normal","skewed","Symmetric","2",1,TRUE,13.2199999999721
"3190","Z=~z2",0.58152911286913,0.0520416478051587,0.6,"MC-PLSc",11978,6843809,1000,"ordinal","normal","skewed","Symmetric","2",1,TRUE,13.2199999999721
"3191","Z=~z3",0.840488847487367,0.03997109584591,0.8,"MC-PLSc",11978,6843809,1000,"ordinal","normal","skewed","Symmetric","2",1,TRUE,13.2199999999721
"3192","Y=~y1",0.328558694103786,0.0526055620663874,0.4,"MC-PLSc",11978,6843809,1000,"ordinal","normal","skewed","Symmetric","2",1,TRUE,13.2199999999721
"3193","Y=~y2",0.746423189234966,0.0380257228174591,0.7,"MC-PLSc",11978,6843809,1000,"ordinal","normal","skewed","Symmetric","2",1,TRUE,13.2199999999721
"3194","Y=~y3",0.935946614252339,0.037775853953099,0.9,"MC-PLSc",11978,6843809,1000,"ordinal","normal","skewed","Symmetric","2",1,TRUE,13.2199999999721
"3195","Y~X",0.349040530126826,0.0502443757990824,0.4,"MC-PLSc",11978,6843809,1000,"ordinal","normal","skewed","Symmetric","2",1,TRUE,13.2199999999721
"3196","Y~Z",0.574533641398698,0.0473903396670037,0.5,"MC-PLSc",11978,6843809,1000,"ordinal","normal","skewed","Symmetric","2",1,TRUE,13.2199999999721
"3197","Y~X:Z",0.256014451988882,0.0772732728763739,0.3,"MC-PLSc",11978,6843809,1000,"ordinal","normal","skewed","Symmetric","2",1,TRUE,13.2199999999721
"3198","X~~Z",0.195593674536753,0.0568970265087119,0.2,"MC-PLSc",11978,6843809,1000,"ordinal","normal","skewed","Symmetric","2",1,TRUE,13.2199999999721
"3199","X=~x1",0.252044865079063,0.0841545367632998,0.4,"PLSc",11978,6843809,1000,"ordinal","normal","skewed","Symmetric","2",1,TRUE,1.40600000001723
"3200","X=~x2",0.70528103709716,0.0558600785006436,0.8,"PLSc",11978,6843809,1000,"ordinal","normal","skewed","Symmetric","2",1,TRUE,1.40600000001723
"3201","X=~x3",0.649480843990768,0.0543624556590172,0.8,"PLSc",11978,6843809,1000,"ordinal","normal","skewed","Symmetric","2",1,TRUE,1.40600000001723
"3202","Z=~z1",0.445579771049865,0.0503468949349255,0.6,"PLSc",11978,6843809,1000,"ordinal","normal","skewed","Symmetric","2",1,TRUE,1.40600000001723
"3203","Z=~z2",0.479044363317135,0.0487643259247536,0.6,"PLSc",11978,6843809,1000,"ordinal","normal","skewed","Symmetric","2",1,TRUE,1.40600000001723
"3204","Z=~z3",0.707344667104602,0.0484481055234165,0.8,"PLSc",11978,6843809,1000,"ordinal","normal","skewed","Symmetric","2",1,TRUE,1.40600000001723
"3205","Y=~y1",0.243574541719172,0.0556983294277596,0.4,"PLSc",11978,6843809,1000,"ordinal","normal","skewed","Symmetric","2",1,TRUE,1.40600000001723
"3206","Y=~y2",0.616807452229595,0.0357958018514609,0.7,"PLSc",11978,6843809,1000,"ordinal","normal","skewed","Symmetric","2",1,TRUE,1.40600000001723
"3207","Y=~y3",0.784483170597941,0.03567907432787,0.9,"PLSc",11978,6843809,1000,"ordinal","normal","skewed","Symmetric","2",1,TRUE,1.40600000001723
"3208","Y~X",0.335900489776075,0.04701656559253,0.4,"PLSc",11978,6843809,1000,"ordinal","normal","skewed","Symmetric","2",1,TRUE,1.40600000001723
"3209","Y~Z",0.569721079085782,0.0489982939123862,0.5,"PLSc",11978,6843809,1000,"ordinal","normal","skewed","Symmetric","2",1,TRUE,1.40600000001723
"3210","Y~X:Z",0.20616780297012,0.0600177548081172,0.3,"PLSc",11978,6843809,1000,"ordinal","normal","skewed","Symmetric","2",1,TRUE,1.40600000001723
"3211","X~~Z",0.184034994717478,0.0510400340398407,0.2,"PLSc",11978,6843809,1000,"ordinal","normal","skewed","Symmetric","2",1,TRUE,1.40600000001723
"3212","X=~x1",0.413330641234163,0.0734878183085734,0.4,"PLS",11978,6843809,1000,"ordinal","normal","skewed","Symmetric","2",1,TRUE,0.925999999977648
"3213","X=~x2",0.843386607268659,0.024979671733819,0.8,"PLS",11978,6843809,1000,"ordinal","normal","skewed","Symmetric","2",1,TRUE,0.925999999977648
"3214","X=~x3",0.821521607002384,0.026747442287549,0.8,"PLS",11978,6843809,1000,"ordinal","normal","skewed","Symmetric","2",1,TRUE,0.925999999977648
"3215","Z=~z1",0.667407487268559,0.0359474184111021,0.6,"PLS",11978,6843809,1000,"ordinal","normal","skewed","Symmetric","2",1,TRUE,0.925999999977648
"3216","Z=~z2",0.662734087636693,0.0382019608828037,0.6,"PLS",11978,6843809,1000,"ordinal","normal","skewed","Symmetric","2",1,TRUE,0.925999999977648
"3217","Z=~z3",0.831818699011791,0.0218954666763184,0.8,"PLS",11978,6843809,1000,"ordinal","normal","skewed","Symmetric","2",1,TRUE,0.925999999977648
"3218","Y=~y1",0.397930969496598,0.057904646426264,0.4,"PLS",11978,6843809,1000,"ordinal","normal","skewed","Symmetric","2",1,TRUE,0.925999999977648
"3219","Y=~y2",0.800428541369143,0.0206094509172289,0.7,"PLS",11978,6843809,1000,"ordinal","normal","skewed","Symmetric","2",1,TRUE,0.925999999977648
"3220","Y=~y3",0.880356868798991,0.0117326882650073,0.9,"PLS",11978,6843809,1000,"ordinal","normal","skewed","Symmetric","2",1,TRUE,0.925999999977648
"3221","Y~X",0.244886438232423,0.0278264223361612,0.4,"PLS",11978,6843809,1000,"ordinal","normal","skewed","Symmetric","2",1,TRUE,0.925999999977648
"3222","Y~Z",0.365780771151316,0.0258635709693075,0.5,"PLS",11978,6843809,1000,"ordinal","normal","skewed","Symmetric","2",1,TRUE,0.925999999977648
"3223","Y~X:Z",0.092086662349749,0.0269101348050967,0.3,"PLS",11978,6843809,1000,"ordinal","normal","skewed","Symmetric","2",1,TRUE,0.925999999977648
"3224","X~~Z",0.113215782899796,0.0307123053421934,0.2,"PLS",11978,6843809,1000,"ordinal","normal","skewed","Symmetric","2",1,TRUE,0.925999999977648
"3225","X=~x1",0.322,0.044,0.4,"Mplus",11978,6843809,1000,"ordinal","normal","skewed","Symmetric","2",1,TRUE,178.837
"3226","X=~x2",0.805,0.05,0.8,"Mplus",11978,6843809,1000,"ordinal","normal","skewed","Symmetric","2",1,TRUE,178.837
"3227","X=~x3",0.768,0.05,0.8,"Mplus",11978,6843809,1000,"ordinal","normal","skewed","Symmetric","2",1,TRUE,178.837
"3228","Z=~z1",0.586,0.044,0.6,"Mplus",11978,6843809,1000,"ordinal","normal","skewed","Symmetric","2",1,TRUE,178.837
"3229","Z=~z2",0.529,0.045,0.6,"Mplus",11978,6843809,1000,"ordinal","normal","skewed","Symmetric","2",1,TRUE,178.837
"3230","Z=~z3",0.805,0.045,0.8,"Mplus",11978,6843809,1000,"ordinal","normal","skewed","Symmetric","2",1,TRUE,178.837
"3231","Y=~y1",0.313,0.043,0.4,"Mplus",11978,6843809,1000,"ordinal","normal","skewed","Symmetric","2",1,TRUE,178.837
"3232","Y=~y2",0.71,0.041,0.7,"Mplus",11978,6843809,1000,"ordinal","normal","skewed","Symmetric","2",1,TRUE,178.837
"3233","Y=~y3",0.938,0.036,0.9,"Mplus",11978,6843809,1000,"ordinal","normal","skewed","Symmetric","2",1,TRUE,178.837
"3234","Y~X",0.362,0.047,0.4,"Mplus",11978,6843809,1000,"ordinal","normal","skewed","Symmetric","2",1,TRUE,178.837
"3235","Y~Z",0.564,0.047,0.5,"Mplus",11978,6843809,1000,"ordinal","normal","skewed","Symmetric","2",1,TRUE,178.837
"3236","Y~X:Z",0.273,0.078,0.3,"Mplus",11978,6843809,1000,"ordinal","normal","skewed","Symmetric","2",1,TRUE,178.837
"3237","X~~Z",0.198,0.055,0.2,"Mplus",11978,6843809,1000,"ordinal","normal","skewed","Symmetric","2",1,TRUE,178.837
"3238","X=~x1",0.312170378237451,0.0363916646897672,0.4,"LSAM",11978,6843809,1000,"ordinal","normal","skewed","Symmetric","2",1,TRUE,0.513999999966472
"3239","X=~x2",0.638552302250382,0.0843741059271768,0.8,"LSAM",11978,6843809,1000,"ordinal","normal","skewed","Symmetric","2",1,TRUE,0.513999999966472
"3240","X=~x3",0.688224645601421,0.0886651930579639,0.8,"LSAM",11978,6843809,1000,"ordinal","normal","skewed","Symmetric","2",1,TRUE,0.513999999966472
"3241","Z=~z1",0.529159596223969,0.10003737373151,0.6,"LSAM",11978,6843809,1000,"ordinal","normal","skewed","Symmetric","2",1,TRUE,0.513999999966472
"3242","Z=~z2",0.46114613935462,0.106585573745659,0.6,"LSAM",11978,6843809,1000,"ordinal","normal","skewed","Symmetric","2",1,TRUE,0.513999999966472
"3243","Z=~z3",0.642745452851282,0.119110003700458,0.8,"LSAM",11978,6843809,1000,"ordinal","normal","skewed","Symmetric","2",1,TRUE,0.513999999966472
"3244","Y=~y1",0.31036854034651,0.00879878857660575,0.4,"LSAM",11978,6843809,1000,"ordinal","normal","skewed","Symmetric","2",1,TRUE,0.513999999966472
"3245","Y=~y2",0.602231734275046,0.0606830963324262,0.7,"LSAM",11978,6843809,1000,"ordinal","normal","skewed","Symmetric","2",1,TRUE,0.513999999966472
"3246","Y=~y3",0.774967583417569,0.0802413623219488,0.9,"LSAM",11978,6843809,1000,"ordinal","normal","skewed","Symmetric","2",1,TRUE,0.513999999966472
"3247","Y~X",0.351096702832878,0.0802737696856187,0.4,"LSAM",11978,6843809,1000,"ordinal","normal","skewed","Symmetric","2",1,TRUE,0.513999999966472
"3248","Y~Z",0.575776050649937,0.204951727443651,0.5,"LSAM",11978,6843809,1000,"ordinal","normal","skewed","Symmetric","2",1,TRUE,0.513999999966472
"3249","Y~X:Z",0.223626261182074,0.110237836975826,0.3,"LSAM",11978,6843809,1000,"ordinal","normal","skewed","Symmetric","2",1,TRUE,0.513999999966472
"3250","X~~Z",0.183719520410074,0.0717378898357585,0.2,"LSAM",11978,6843809,1000,"ordinal","normal","skewed","Symmetric","2",1,TRUE,0.513999999966472
"3251","X=~x1",0.25231004646693,0.103262909399915,0.4,"MC-PLSc",11979,2753950,300,"ordinal","normal","skewed","Symmetric","3",1,TRUE,13.3030000000144
"3252","X=~x2",0.972659801428985,0.102607430403239,0.8,"MC-PLSc",11979,2753950,300,"ordinal","normal","skewed","Symmetric","3",1,TRUE,13.3030000000144
"3253","X=~x3",0.621262573109031,0.0948934913454144,0.8,"MC-PLSc",11979,2753950,300,"ordinal","normal","skewed","Symmetric","3",1,TRUE,13.3030000000144
"3254","Z=~z1",0.558109602615211,0.0930948922124823,0.6,"MC-PLSc",11979,2753950,300,"ordinal","normal","skewed","Symmetric","3",1,TRUE,13.3030000000144
"3255","Z=~z2",0.516902930058537,0.104086573620295,0.6,"MC-PLSc",11979,2753950,300,"ordinal","normal","skewed","Symmetric","3",1,TRUE,13.3030000000144
"3256","Z=~z3",0.825855704378959,0.102926595039267,0.8,"MC-PLSc",11979,2753950,300,"ordinal","normal","skewed","Symmetric","3",1,TRUE,13.3030000000144
"3257","Y=~y1",0.27736515594751,0.0761972617480298,0.4,"MC-PLSc",11979,2753950,300,"ordinal","normal","skewed","Symmetric","3",1,TRUE,13.3030000000144
"3258","Y=~y2",0.661456828921588,0.0675725676329188,0.7,"MC-PLSc",11979,2753950,300,"ordinal","normal","skewed","Symmetric","3",1,TRUE,13.3030000000144
"3259","Y=~y3",0.892191049744736,0.059283304789107,0.9,"MC-PLSc",11979,2753950,300,"ordinal","normal","skewed","Symmetric","3",1,TRUE,13.3030000000144
"3260","Y~X",0.521293095519755,0.0828469025346522,0.4,"MC-PLSc",11979,2753950,300,"ordinal","normal","skewed","Symmetric","3",1,TRUE,13.3030000000144
"3261","Y~Z",0.428656209320385,0.0782726627725309,0.5,"MC-PLSc",11979,2753950,300,"ordinal","normal","skewed","Symmetric","3",1,TRUE,13.3030000000144
"3262","Y~X:Z",0.277263929766922,0.107126002935267,0.3,"MC-PLSc",11979,2753950,300,"ordinal","normal","skewed","Symmetric","3",1,TRUE,13.3030000000144
"3263","X~~Z",0.126657237734388,0.0827543648500962,0.2,"MC-PLSc",11979,2753950,300,"ordinal","normal","skewed","Symmetric","3",1,TRUE,13.3030000000144
"3264","X=~x1",0.169584225601833,0.116852882813757,0.4,"PLSc",11979,2753950,300,"ordinal","normal","skewed","Symmetric","3",1,TRUE,1.30800000001909
"3265","X=~x2",0.8955679598062,0.089720853638634,0.8,"PLSc",11979,2753950,300,"ordinal","normal","skewed","Symmetric","3",1,TRUE,1.30800000001909
"3266","X=~x3",0.556062219673989,0.0857680916883122,0.8,"PLSc",11979,2753950,300,"ordinal","normal","skewed","Symmetric","3",1,TRUE,1.30800000001909
"3267","Z=~z1",0.528529225288544,0.106415633969969,0.6,"PLSc",11979,2753950,300,"ordinal","normal","skewed","Symmetric","3",1,TRUE,1.30800000001909
"3268","Z=~z2",0.374682822748238,0.120317177392128,0.6,"PLSc",11979,2753950,300,"ordinal","normal","skewed","Symmetric","3",1,TRUE,1.30800000001909
"3269","Z=~z3",0.766711450535801,0.117323129156799,0.8,"PLSc",11979,2753950,300,"ordinal","normal","skewed","Symmetric","3",1,TRUE,1.30800000001909
"3270","Y=~y1",0.250338169427795,0.0940294607167002,0.4,"PLSc",11979,2753950,300,"ordinal","normal","skewed","Symmetric","3",1,TRUE,1.30800000001909
"3271","Y=~y2",0.584399613151486,0.0611790010965706,0.7,"PLSc",11979,2753950,300,"ordinal","normal","skewed","Symmetric","3",1,TRUE,1.30800000001909
"3272","Y=~y3",0.78574284544038,0.0612191019752217,0.9,"PLSc",11979,2753950,300,"ordinal","normal","skewed","Symmetric","3",1,TRUE,1.30800000001909
"3273","Y~X",0.508055887106022,0.0992850265634864,0.4,"PLSc",11979,2753950,300,"ordinal","normal","skewed","Symmetric","3",1,TRUE,1.30800000001909
"3274","Y~Z",0.462822105932933,0.111167461463146,0.5,"PLSc",11979,2753950,300,"ordinal","normal","skewed","Symmetric","3",1,TRUE,1.30800000001909
"3275","Y~X:Z",0.30233575785271,0.183389310208847,0.3,"PLSc",11979,2753950,300,"ordinal","normal","skewed","Symmetric","3",1,TRUE,1.30800000001909
"3276","X~~Z",0.121919124638784,0.0790885166775272,0.2,"PLSc",11979,2753950,300,"ordinal","normal","skewed","Symmetric","3",1,TRUE,1.30800000001909
"3277","X=~x1",0.353869876719786,0.112261731926268,0.4,"PLS",11979,2753950,300,"ordinal","normal","skewed","Symmetric","3",1,TRUE,0.90500000002794
"3278","X=~x2",0.909687624852009,0.02560933961272,0.8,"PLS",11979,2753950,300,"ordinal","normal","skewed","Symmetric","3",1,TRUE,0.90500000002794
"3279","X=~x3",0.771693159797201,0.0518786054484973,0.8,"PLS",11979,2753950,300,"ordinal","normal","skewed","Symmetric","3",1,TRUE,0.90500000002794
"3280","Z=~z1",0.684669510902564,0.0779124018339325,0.6,"PLS",11979,2753950,300,"ordinal","normal","skewed","Symmetric","3",1,TRUE,0.90500000002794
"3281","Z=~z2",0.650046551692531,0.0836938771355388,0.6,"PLS",11979,2753950,300,"ordinal","normal","skewed","Symmetric","3",1,TRUE,0.90500000002794
"3282","Z=~z3",0.849531862273921,0.0478251264559271,0.8,"PLS",11979,2753950,300,"ordinal","normal","skewed","Symmetric","3",1,TRUE,0.90500000002794
"3283","Y=~y1",0.388478542262723,0.10197686738483,0.4,"PLS",11979,2753950,300,"ordinal","normal","skewed","Symmetric","3",1,TRUE,0.90500000002794
"3284","Y=~y2",0.78606736379878,0.0378046588793095,0.7,"PLS",11979,2753950,300,"ordinal","normal","skewed","Symmetric","3",1,TRUE,0.90500000002794
"3285","Y=~y3",0.882939420239501,0.0210529699334305,0.9,"PLS",11979,2753950,300,"ordinal","normal","skewed","Symmetric","3",1,TRUE,0.90500000002794
"3286","Y~X",0.376872266417605,0.0482623714920883,0.4,"PLS",11979,2753950,300,"ordinal","normal","skewed","Symmetric","3",1,TRUE,0.90500000002794
"3287","Y~Z",0.286239032434857,0.0459437879721907,0.5,"PLS",11979,2753950,300,"ordinal","normal","skewed","Symmetric","3",1,TRUE,0.90500000002794
"3288","Y~X:Z",0.134964811797148,0.0513096822551996,0.3,"PLS",11979,2753950,300,"ordinal","normal","skewed","Symmetric","3",1,TRUE,0.90500000002794
"3289","X~~Z",0.0854645921370564,0.054480233215472,0.2,"PLS",11979,2753950,300,"ordinal","normal","skewed","Symmetric","3",1,TRUE,0.90500000002794
"3290","X=~x1",0.277,0.073,0.4,"Mplus",11979,2753950,300,"ordinal","normal","skewed","Symmetric","3",1,TRUE,238.747999999963
"3291","X=~x2",0.898,0.08,0.8,"Mplus",11979,2753950,300,"ordinal","normal","skewed","Symmetric","3",1,TRUE,238.747999999963
"3292","X=~x3",0.636,0.075,0.8,"Mplus",11979,2753950,300,"ordinal","normal","skewed","Symmetric","3",1,TRUE,238.747999999963
"3293","Z=~z1",0.503,0.079,0.6,"Mplus",11979,2753950,300,"ordinal","normal","skewed","Symmetric","3",1,TRUE,238.747999999963
"3294","Z=~z2",0.572,0.074,0.6,"Mplus",11979,2753950,300,"ordinal","normal","skewed","Symmetric","3",1,TRUE,238.747999999963
"3295","Z=~z3",0.78,0.082,0.8,"Mplus",11979,2753950,300,"ordinal","normal","skewed","Symmetric","3",1,TRUE,238.747999999963
"3296","Y=~y1",0.276,0.068,0.4,"Mplus",11979,2753950,300,"ordinal","normal","skewed","Symmetric","3",1,TRUE,238.747999999963
"3297","Y=~y2",0.637,0.063,0.7,"Mplus",11979,2753950,300,"ordinal","normal","skewed","Symmetric","3",1,TRUE,238.747999999963
"3298","Y=~y3",0.908,0.058,0.9,"Mplus",11979,2753950,300,"ordinal","normal","skewed","Symmetric","3",1,TRUE,238.747999999963
"3299","Y~X",0.513,0.073,0.4,"Mplus",11979,2753950,300,"ordinal","normal","skewed","Symmetric","3",1,TRUE,238.747999999963
"3300","Y~Z",0.439,0.074,0.5,"Mplus",11979,2753950,300,"ordinal","normal","skewed","Symmetric","3",1,TRUE,238.747999999963
"3301","Y~X:Z",0.231,0.098,0.3,"Mplus",11979,2753950,300,"ordinal","normal","skewed","Symmetric","3",1,TRUE,238.747999999963
"3302","X~~Z",0.144,0.087,0.2,"Mplus",11979,2753950,300,"ordinal","normal","skewed","Symmetric","3",1,TRUE,238.747999999963
"3303","X=~x1",0.313778729341809,0.0661447370813855,0.4,"LSAM",11979,2753950,300,"ordinal","normal","skewed","Symmetric","3",1,TRUE,0.456999999994878
"3304","X=~x2",0.656235044867267,0.150584286216023,0.8,"LSAM",11979,2753950,300,"ordinal","normal","skewed","Symmetric","3",1,TRUE,0.456999999994878
"3305","X=~x3",0.701417501362711,0.156623717830609,0.8,"LSAM",11979,2753950,300,"ordinal","normal","skewed","Symmetric","3",1,TRUE,0.456999999994878
"3306","Z=~z1",0.463703186166923,0.139782732882383,0.6,"LSAM",11979,2753950,300,"ordinal","normal","skewed","Symmetric","3",1,TRUE,0.456999999994878
"3307","Z=~z2",0.601176804089847,0.175605024958596,0.6,"LSAM",11979,2753950,300,"ordinal","normal","skewed","Symmetric","3",1,TRUE,0.456999999994878
"3308","Z=~z3",0.639887007852643,0.177268707932381,0.8,"LSAM",11979,2753950,300,"ordinal","normal","skewed","Symmetric","3",1,TRUE,0.456999999994878
"3309","Y=~y1",0.307383909185525,0.0212129577891357,0.4,"LSAM",11979,2753950,300,"ordinal","normal","skewed","Symmetric","3",1,TRUE,0.456999999994878
"3310","Y=~y2",0.601856827191896,0.116431225143179,0.7,"LSAM",11979,2753950,300,"ordinal","normal","skewed","Symmetric","3",1,TRUE,0.456999999994878
"3311","Y=~y3",0.753017044887751,0.149199414023113,0.9,"LSAM",11979,2753950,300,"ordinal","normal","skewed","Symmetric","3",1,TRUE,0.456999999994878
"3312","Y~X",0.512552939976993,0.132077209168662,0.4,"LSAM",11979,2753950,300,"ordinal","normal","skewed","Symmetric","3",1,TRUE,0.456999999994878
"3313","Y~Z",0.483915949755666,0.501381453750332,0.5,"LSAM",11979,2753950,300,"ordinal","normal","skewed","Symmetric","3",1,TRUE,0.456999999994878
"3314","Y~X:Z",0.412847258620187,0.43110615299627,0.3,"LSAM",11979,2753950,300,"ordinal","normal","skewed","Symmetric","3",1,TRUE,0.456999999994878
"3315","X~~Z",0.127051309707743,0.138607404920318,0.2,"LSAM",11979,2753950,300,"ordinal","normal","skewed","Symmetric","3",1,TRUE,0.456999999994878
"3316","X=~x1",0.452232417516192,0.0529552143557087,0.4,"MC-PLSc",11980,7178145,1000,"ordinal","normal","skewed","Symmetric","3",1,TRUE,14.7010000000009
"3317","X=~x2",0.792993102332907,0.0397595374969637,0.8,"MC-PLSc",11980,7178145,1000,"ordinal","normal","skewed","Symmetric","3",1,TRUE,14.7010000000009
"3318","X=~x3",0.80114365146412,0.0450325272630159,0.8,"MC-PLSc",11980,7178145,1000,"ordinal","normal","skewed","Symmetric","3",1,TRUE,14.7010000000009
"3319","Z=~z1",0.631567127132416,0.044951253317775,0.6,"MC-PLSc",11980,7178145,1000,"ordinal","normal","skewed","Symmetric","3",1,TRUE,14.7010000000009
"3320","Z=~z2",0.666662966644106,0.0407690619705136,0.6,"MC-PLSc",11980,7178145,1000,"ordinal","normal","skewed","Symmetric","3",1,TRUE,14.7010000000009
"3321","Z=~z3",0.771274328734646,0.0366271795986813,0.8,"MC-PLSc",11980,7178145,1000,"ordinal","normal","skewed","Symmetric","3",1,TRUE,14.7010000000009
"3322","Y=~y1",0.372632582116256,0.045904997134155,0.4,"MC-PLSc",11980,7178145,1000,"ordinal","normal","skewed","Symmetric","3",1,TRUE,14.7010000000009
"3323","Y=~y2",0.684625258370035,0.0370044491674933,0.7,"MC-PLSc",11980,7178145,1000,"ordinal","normal","skewed","Symmetric","3",1,TRUE,14.7010000000009
"3324","Y=~y3",0.90735244629439,0.0333741930924158,0.9,"MC-PLSc",11980,7178145,1000,"ordinal","normal","skewed","Symmetric","3",1,TRUE,14.7010000000009
"3325","Y~X",0.416743522003548,0.0403047254392609,0.4,"MC-PLSc",11980,7178145,1000,"ordinal","normal","skewed","Symmetric","3",1,TRUE,14.7010000000009
"3326","Y~Z",0.485725259940544,0.0357154348141744,0.5,"MC-PLSc",11980,7178145,1000,"ordinal","normal","skewed","Symmetric","3",1,TRUE,14.7010000000009
"3327","Y~X:Z",0.25654275413658,0.0503667600151338,0.3,"MC-PLSc",11980,7178145,1000,"ordinal","normal","skewed","Symmetric","3",1,TRUE,14.7010000000009
"3328","X~~Z",0.144536140063859,0.0421357520974492,0.2,"MC-PLSc",11980,7178145,1000,"ordinal","normal","skewed","Symmetric","3",1,TRUE,14.7010000000009
"3329","X=~x1",0.443003412320402,0.0586094458283722,0.4,"PLSc",11980,7178145,1000,"ordinal","normal","skewed","Symmetric","3",1,TRUE,1.35600000002887
"3330","X=~x2",0.67107339570617,0.0493939403987757,0.8,"PLSc",11980,7178145,1000,"ordinal","normal","skewed","Symmetric","3",1,TRUE,1.35600000002887
"3331","X=~x3",0.708015786085164,0.0508067826027669,0.8,"PLSc",11980,7178145,1000,"ordinal","normal","skewed","Symmetric","3",1,TRUE,1.35600000002887
"3332","Z=~z1",0.563079473819133,0.0464598313136018,0.6,"PLSc",11980,7178145,1000,"ordinal","normal","skewed","Symmetric","3",1,TRUE,1.35600000002887
"3333","Z=~z2",0.600402217841231,0.05174709458832,0.6,"PLSc",11980,7178145,1000,"ordinal","normal","skewed","Symmetric","3",1,TRUE,1.35600000002887
"3334","Z=~z3",0.676169508683428,0.0434058541825291,0.8,"PLSc",11980,7178145,1000,"ordinal","normal","skewed","Symmetric","3",1,TRUE,1.35600000002887
"3335","Y=~y1",0.341428914596577,0.0508726331149102,0.4,"PLSc",11980,7178145,1000,"ordinal","normal","skewed","Symmetric","3",1,TRUE,1.35600000002887
"3336","Y=~y2",0.594513564311576,0.0375778169314082,0.7,"PLSc",11980,7178145,1000,"ordinal","normal","skewed","Symmetric","3",1,TRUE,1.35600000002887
"3337","Y=~y3",0.795686977670805,0.0360482018507836,0.9,"PLSc",11980,7178145,1000,"ordinal","normal","skewed","Symmetric","3",1,TRUE,1.35600000002887
"3338","Y~X",0.435431533427855,0.051421760018771,0.4,"PLSc",11980,7178145,1000,"ordinal","normal","skewed","Symmetric","3",1,TRUE,1.35600000002887
"3339","Y~Z",0.477648973146082,0.0447194647655945,0.5,"PLSc",11980,7178145,1000,"ordinal","normal","skewed","Symmetric","3",1,TRUE,1.35600000002887
"3340","Y~X:Z",0.261443438912173,0.0701575057780592,0.3,"PLSc",11980,7178145,1000,"ordinal","normal","skewed","Symmetric","3",1,TRUE,1.35600000002887
"3341","X~~Z",0.145914277324375,0.0465511844466157,0.2,"PLSc",11980,7178145,1000,"ordinal","normal","skewed","Symmetric","3",1,TRUE,1.35600000002887
"3342","X=~x1",0.569271887908495,0.0474599740837687,0.4,"PLS",11980,7178145,1000,"ordinal","normal","skewed","Symmetric","3",1,TRUE,0.945000000006985
"3343","X=~x2",0.832980396790013,0.0193531688430879,0.8,"PLS",11980,7178145,1000,"ordinal","normal","skewed","Symmetric","3",1,TRUE,0.945000000006985
"3344","X=~x3",0.838140511459097,0.020493857049276,0.8,"PLS",11980,7178145,1000,"ordinal","normal","skewed","Symmetric","3",1,TRUE,0.945000000006985
"3345","Z=~z1",0.725270357764087,0.0276196959396876,0.6,"PLS",11980,7178145,1000,"ordinal","normal","skewed","Symmetric","3",1,TRUE,0.945000000006985
"3346","Z=~z2",0.751274694949348,0.0276479656652726,0.6,"PLS",11980,7178145,1000,"ordinal","normal","skewed","Symmetric","3",1,TRUE,0.945000000006985
"3347","Z=~z3",0.811479768437483,0.0188125020679777,0.8,"PLS",11980,7178145,1000,"ordinal","normal","skewed","Symmetric","3",1,TRUE,0.945000000006985
"3348","Y=~y1",0.491686769214221,0.0469750746388433,0.4,"PLS",11980,7178145,1000,"ordinal","normal","skewed","Symmetric","3",1,TRUE,0.945000000006985
"3349","Y=~y2",0.786852010234174,0.0215742175350983,0.7,"PLS",11980,7178145,1000,"ordinal","normal","skewed","Symmetric","3",1,TRUE,0.945000000006985
"3350","Y=~y3",0.878182149434492,0.0114919509257647,0.9,"PLS",11980,7178145,1000,"ordinal","normal","skewed","Symmetric","3",1,TRUE,0.945000000006985
"3351","Y~X",0.299879611593709,0.0276895304249606,0.4,"PLS",11980,7178145,1000,"ordinal","normal","skewed","Symmetric","3",1,TRUE,0.945000000006985
"3352","Y~Z",0.333721657090881,0.0277158566052158,0.5,"PLS",11980,7178145,1000,"ordinal","normal","skewed","Symmetric","3",1,TRUE,0.945000000006985
"3353","Y~X:Z",0.128576460242063,0.0277714779035994,0.3,"PLS",11980,7178145,1000,"ordinal","normal","skewed","Symmetric","3",1,TRUE,0.945000000006985
"3354","X~~Z",0.0960929970799709,0.0304739869534032,0.2,"PLS",11980,7178145,1000,"ordinal","normal","skewed","Symmetric","3",1,TRUE,0.945000000006985
"3355","X=~x1",0.395,0.038,0.4,"Mplus",11980,7178145,1000,"ordinal","normal","skewed","Symmetric","3",1,TRUE,495.289999999979
"3356","X=~x2",0.81,0.034,0.8,"Mplus",11980,7178145,1000,"ordinal","normal","skewed","Symmetric","3",1,TRUE,495.289999999979
"3357","X=~x3",0.821,0.036,0.8,"Mplus",11980,7178145,1000,"ordinal","normal","skewed","Symmetric","3",1,TRUE,495.289999999979
"3358","Z=~z1",0.617,0.035,0.6,"Mplus",11980,7178145,1000,"ordinal","normal","skewed","Symmetric","3",1,TRUE,495.289999999979
"3359","Z=~z2",0.641,0.035,0.6,"Mplus",11980,7178145,1000,"ordinal","normal","skewed","Symmetric","3",1,TRUE,495.289999999979
"3360","Z=~z3",0.772,0.034,0.8,"Mplus",11980,7178145,1000,"ordinal","normal","skewed","Symmetric","3",1,TRUE,495.289999999979
"3361","Y=~y1",0.347,0.037,0.4,"Mplus",11980,7178145,1000,"ordinal","normal","skewed","Symmetric","3",1,TRUE,495.289999999979
"3362","Y=~y2",0.688,0.031,0.7,"Mplus",11980,7178145,1000,"ordinal","normal","skewed","Symmetric","3",1,TRUE,495.289999999979
"3363","Y=~y3",0.903,0.028,0.9,"Mplus",11980,7178145,1000,"ordinal","normal","skewed","Symmetric","3",1,TRUE,495.289999999979
"3364","Y~X",0.411,0.039,0.4,"Mplus",11980,7178145,1000,"ordinal","normal","skewed","Symmetric","3",1,TRUE,495.289999999979
"3365","Y~Z",0.497,0.038,0.5,"Mplus",11980,7178145,1000,"ordinal","normal","skewed","Symmetric","3",1,TRUE,495.289999999979
"3366","Y~X:Z",0.264,0.046,0.3,"Mplus",11980,7178145,1000,"ordinal","normal","skewed","Symmetric","3",1,TRUE,495.289999999979
"3367","X~~Z",0.131,0.045,0.2,"Mplus",11980,7178145,1000,"ordinal","normal","skewed","Symmetric","3",1,TRUE,495.289999999979
"3368","X=~x1",0.353355602558803,0.0337707054187695,0.4,"LSAM",11980,7178145,1000,"ordinal","normal","skewed","Symmetric","3",1,TRUE,0.481000000028871
"3369","X=~x2",0.764243740282496,0.0675788624961565,0.8,"LSAM",11980,7178145,1000,"ordinal","normal","skewed","Symmetric","3",1,TRUE,0.481000000028871
"3370","X=~x3",0.700975449915895,0.0659317412948116,0.8,"LSAM",11980,7178145,1000,"ordinal","normal","skewed","Symmetric","3",1,TRUE,0.481000000028871
"3371","Z=~z1",0.555153671765819,0.0528337831759711,0.6,"LSAM",11980,7178145,1000,"ordinal","normal","skewed","Symmetric","3",1,TRUE,0.481000000028871
"3372","Z=~z2",0.578773430924453,0.0662744463359231,0.6,"LSAM",11980,7178145,1000,"ordinal","normal","skewed","Symmetric","3",1,TRUE,0.481000000028871
"3373","Z=~z3",0.706742624919986,0.0678424799193597,0.8,"LSAM",11980,7178145,1000,"ordinal","normal","skewed","Symmetric","3",1,TRUE,0.481000000028871
"3374","Y=~y1",0.316123196325069,0.0113268247103589,0.4,"LSAM",11980,7178145,1000,"ordinal","normal","skewed","Symmetric","3",1,TRUE,0.481000000028871
"3375","Y=~y2",0.616502321758746,0.0595019794042023,0.7,"LSAM",11980,7178145,1000,"ordinal","normal","skewed","Symmetric","3",1,TRUE,0.481000000028871
"3376","Y=~y3",0.793100515767842,0.0769235703022006,0.9,"LSAM",11980,7178145,1000,"ordinal","normal","skewed","Symmetric","3",1,TRUE,0.481000000028871
"3377","Y~X",0.416935977853341,0.044479305925411,0.4,"LSAM",11980,7178145,1000,"ordinal","normal","skewed","Symmetric","3",1,TRUE,0.481000000028871
"3378","Y~Z",0.485077260760571,0.0719693857206539,0.5,"LSAM",11980,7178145,1000,"ordinal","normal","skewed","Symmetric","3",1,TRUE,0.481000000028871
"3379","Y~X:Z",0.227865391085621,0.0821281649137559,0.3,"LSAM",11980,7178145,1000,"ordinal","normal","skewed","Symmetric","3",1,TRUE,0.481000000028871
"3380","X~~Z",0.122521040818128,0.0495092055584833,0.2,"LSAM",11980,7178145,1000,"ordinal","normal","skewed","Symmetric","3",1,TRUE,0.481000000028871
"3381","X=~x1",0.271701775598633,0.074997172925219,0.4,"MC-PLSc",11981,2593732,300,"ordinal","normal","skewed","Symmetric","5",1,TRUE,16.7819999999483
"3382","X=~x2",0.898169927170855,0.0444341911514186,0.8,"MC-PLSc",11981,2593732,300,"ordinal","normal","skewed","Symmetric","5",1,TRUE,16.7819999999483
"3383","X=~x3",0.827517429456919,0.0459112884296914,0.8,"MC-PLSc",11981,2593732,300,"ordinal","normal","skewed","Symmetric","5",1,TRUE,16.7819999999483
"3384","Z=~z1",0.572594134882498,0.0591083162666519,0.6,"MC-PLSc",11981,2593732,300,"ordinal","normal","skewed","Symmetric","5",1,TRUE,16.7819999999483
"3385","Z=~z2",0.475152099215451,0.0655459179449929,0.6,"MC-PLSc",11981,2593732,300,"ordinal","normal","skewed","Symmetric","5",1,TRUE,16.7819999999483
"3386","Z=~z3",0.805181141328824,0.0702668077307241,0.8,"MC-PLSc",11981,2593732,300,"ordinal","normal","skewed","Symmetric","5",1,TRUE,16.7819999999483
"3387","Y=~y1",0.34841307306733,0.0642714967735976,0.4,"MC-PLSc",11981,2593732,300,"ordinal","normal","skewed","Symmetric","5",1,TRUE,16.7819999999483
"3388","Y=~y2",0.746957045747246,0.0386002290552375,0.7,"MC-PLSc",11981,2593732,300,"ordinal","normal","skewed","Symmetric","5",1,TRUE,16.7819999999483
"3389","Y=~y3",0.901671825722222,0.0452758128312171,0.9,"MC-PLSc",11981,2593732,300,"ordinal","normal","skewed","Symmetric","5",1,TRUE,16.7819999999483
"3390","Y~X",0.483203306451556,0.0621194439064615,0.4,"MC-PLSc",11981,2593732,300,"ordinal","normal","skewed","Symmetric","5",1,TRUE,16.7819999999483
"3391","Y~Z",0.524875287090891,0.0614309074656031,0.5,"MC-PLSc",11981,2593732,300,"ordinal","normal","skewed","Symmetric","5",1,TRUE,16.7819999999483
"3392","Y~X:Z",0.334358225107708,0.0828159115050548,0.3,"MC-PLSc",11981,2593732,300,"ordinal","normal","skewed","Symmetric","5",1,TRUE,16.7819999999483
"3393","X~~Z",0.156678561160687,0.074313605860013,0.2,"MC-PLSc",11981,2593732,300,"ordinal","normal","skewed","Symmetric","5",1,TRUE,16.7819999999483
"3394","X=~x1",0.218115061449144,0.101203984343009,0.4,"PLSc",11981,2593732,300,"ordinal","normal","skewed","Symmetric","5",1,TRUE,1.26799999998184
"3395","X=~x2",0.885480272555593,0.0466097873547327,0.8,"PLSc",11981,2593732,300,"ordinal","normal","skewed","Symmetric","5",1,TRUE,1.26799999998184
"3396","X=~x3",0.783982835434208,0.0467999471610132,0.8,"PLSc",11981,2593732,300,"ordinal","normal","skewed","Symmetric","5",1,TRUE,1.26799999998184
"3397","Z=~z1",0.550146302267754,0.0722101042540603,0.6,"PLSc",11981,2593732,300,"ordinal","normal","skewed","Symmetric","5",1,TRUE,1.26799999998184
"3398","Z=~z2",0.45677384507278,0.077528819759238,0.6,"PLSc",11981,2593732,300,"ordinal","normal","skewed","Symmetric","5",1,TRUE,1.26799999998184
"3399","Z=~z3",0.758498486191593,0.0792154875391251,0.8,"PLSc",11981,2593732,300,"ordinal","normal","skewed","Symmetric","5",1,TRUE,1.26799999998184
"3400","Y=~y1",0.265480828907179,0.0835371385891267,0.4,"PLSc",11981,2593732,300,"ordinal","normal","skewed","Symmetric","5",1,TRUE,1.26799999998184
"3401","Y=~y2",0.724746205553691,0.040217850004423,0.7,"PLSc",11981,2593732,300,"ordinal","normal","skewed","Symmetric","5",1,TRUE,1.26799999998184
"3402","Y=~y3",0.865775727544439,0.0435136401724551,0.9,"PLSc",11981,2593732,300,"ordinal","normal","skewed","Symmetric","5",1,TRUE,1.26799999998184
"3403","Y~X",0.470880572946767,0.071677084527509,0.4,"PLSc",11981,2593732,300,"ordinal","normal","skewed","Symmetric","5",1,TRUE,1.26799999998184
"3404","Y~Z",0.516088306924875,0.0752216416389166,0.5,"PLSc",11981,2593732,300,"ordinal","normal","skewed","Symmetric","5",1,TRUE,1.26799999998184
"3405","Y~X:Z",0.324200882230931,0.128823905746071,0.3,"PLSc",11981,2593732,300,"ordinal","normal","skewed","Symmetric","5",1,TRUE,1.26799999998184
"3406","X~~Z",0.157309239075466,0.0745675166670552,0.2,"PLSc",11981,2593732,300,"ordinal","normal","skewed","Symmetric","5",1,TRUE,1.26799999998184
"3407","X=~x1",0.382323365066488,0.088898188073082,0.4,"PLS",11981,2593732,300,"ordinal","normal","skewed","Symmetric","5",1,TRUE,0.86099999997532
"3408","X=~x2",0.91358992649777,0.0124286976106255,0.8,"PLS",11981,2593732,300,"ordinal","normal","skewed","Symmetric","5",1,TRUE,0.86099999997532
"3409","X=~x3",0.895916469931752,0.0148504970517543,0.8,"PLS",11981,2593732,300,"ordinal","normal","skewed","Symmetric","5",1,TRUE,0.86099999997532
"3410","Z=~z1",0.729906302389773,0.0483844183304751,0.6,"PLS",11981,2593732,300,"ordinal","normal","skewed","Symmetric","5",1,TRUE,0.86099999997532
"3411","Z=~z2",0.633529167337594,0.0619047415566537,0.6,"PLS",11981,2593732,300,"ordinal","normal","skewed","Symmetric","5",1,TRUE,0.86099999997532
"3412","Z=~z3",0.858498601456852,0.0283453073577461,0.8,"PLS",11981,2593732,300,"ordinal","normal","skewed","Symmetric","5",1,TRUE,0.86099999997532
"3413","Y=~y1",0.483461089115045,0.0792158813658806,0.4,"PLS",11981,2593732,300,"ordinal","normal","skewed","Symmetric","5",1,TRUE,0.86099999997532
"3414","Y=~y2",0.848504901805384,0.0197308514910348,0.7,"PLS",11981,2593732,300,"ordinal","normal","skewed","Symmetric","5",1,TRUE,0.86099999997532
"3415","Y=~y3",0.897887368562617,0.0136722532714326,0.9,"PLS",11981,2593732,300,"ordinal","normal","skewed","Symmetric","5",1,TRUE,0.86099999997532
"3416","Y~X",0.398722517192922,0.0471768889388771,0.4,"PLS",11981,2593732,300,"ordinal","normal","skewed","Symmetric","5",1,TRUE,0.86099999997532
"3417","Y~Z",0.381256837039731,0.043832594136308,0.5,"PLS",11981,2593732,300,"ordinal","normal","skewed","Symmetric","5",1,TRUE,0.86099999997532
"3418","Y~X:Z",0.191088853708483,0.0510070740184595,0.3,"PLS",11981,2593732,300,"ordinal","normal","skewed","Symmetric","5",1,TRUE,0.86099999997532
"3419","X~~Z",0.115507195077247,0.0545733697438317,0.2,"PLS",11981,2593732,300,"ordinal","normal","skewed","Symmetric","5",1,TRUE,0.86099999997532
"3420","X=~x1",0.269,0.067,0.4,"Mplus",11981,2593732,300,"ordinal","normal","skewed","Symmetric","5",1,TRUE,225.600999999966
"3421","X=~x2",0.901,0.043,0.8,"Mplus",11981,2593732,300,"ordinal","normal","skewed","Symmetric","5",1,TRUE,225.600999999966
"3422","X=~x3",0.807,0.045,0.8,"Mplus",11981,2593732,300,"ordinal","normal","skewed","Symmetric","5",1,TRUE,225.600999999966
"3423","Z=~z1",0.571,0.057,0.6,"Mplus",11981,2593732,300,"ordinal","normal","skewed","Symmetric","5",1,TRUE,225.600999999966
"3424","Z=~z2",0.473,0.066,0.6,"Mplus",11981,2593732,300,"ordinal","normal","skewed","Symmetric","5",1,TRUE,225.600999999966
"3425","Z=~z3",0.801,0.057,0.8,"Mplus",11981,2593732,300,"ordinal","normal","skewed","Symmetric","5",1,TRUE,225.600999999966
"3426","Y=~y1",0.355,0.065,0.4,"Mplus",11981,2593732,300,"ordinal","normal","skewed","Symmetric","5",1,TRUE,225.600999999966
"3427","Y=~y2",0.712,0.042,0.7,"Mplus",11981,2593732,300,"ordinal","normal","skewed","Symmetric","5",1,TRUE,225.600999999966
"3428","Y=~y3",0.887,0.04,0.9,"Mplus",11981,2593732,300,"ordinal","normal","skewed","Symmetric","5",1,TRUE,225.600999999966
"3429","Y~X",0.462,0.066,0.4,"Mplus",11981,2593732,300,"ordinal","normal","skewed","Symmetric","5",1,TRUE,225.600999999966
"3430","Y~Z",0.528,0.059,0.5,"Mplus",11981,2593732,300,"ordinal","normal","skewed","Symmetric","5",1,TRUE,225.600999999966
"3431","Y~X:Z",0.33,0.084,0.3,"Mplus",11981,2593732,300,"ordinal","normal","skewed","Symmetric","5",1,TRUE,225.600999999966
"3432","X~~Z",0.165,0.073,0.2,"Mplus",11981,2593732,300,"ordinal","normal","skewed","Symmetric","5",1,TRUE,225.600999999966
"3433","X=~x1",0.312376543422884,0.0588761202959885,0.4,"LSAM",11981,2593732,300,"ordinal","normal","skewed","Symmetric","5",1,TRUE,0.417000000015832
"3434","X=~x2",0.776591810829858,0.1086990984961,0.8,"LSAM",11981,2593732,300,"ordinal","normal","skewed","Symmetric","5",1,TRUE,0.417000000015832
"3435","X=~x3",0.857082238843117,0.105526540451385,0.8,"LSAM",11981,2593732,300,"ordinal","normal","skewed","Symmetric","5",1,TRUE,0.417000000015832
"3436","Z=~z1",0.533379268944125,0.0415926420194821,0.6,"LSAM",11981,2593732,300,"ordinal","normal","skewed","Symmetric","5",1,TRUE,0.417000000015832
"3437","Z=~z2",0.437893280934279,0.0782925090398769,0.6,"LSAM",11981,2593732,300,"ordinal","normal","skewed","Symmetric","5",1,TRUE,0.417000000015832
"3438","Z=~z3",0.797836992428625,0.121818208287642,0.8,"LSAM",11981,2593732,300,"ordinal","normal","skewed","Symmetric","5",1,TRUE,0.417000000015832
"3439","Y=~y1",0.385501045365487,0.024007816791269,0.4,"LSAM",11981,2593732,300,"ordinal","normal","skewed","Symmetric","5",1,TRUE,0.417000000015832
"3440","Y=~y2",0.687739977222328,0.0838800698034554,0.7,"LSAM",11981,2593732,300,"ordinal","normal","skewed","Symmetric","5",1,TRUE,0.417000000015832
"3441","Y=~y3",0.831609074155639,0.095827546700602,0.9,"LSAM",11981,2593732,300,"ordinal","normal","skewed","Symmetric","5",1,TRUE,0.417000000015832
"3442","Y~X",0.472772066210294,0.0712895003418876,0.4,"LSAM",11981,2593732,300,"ordinal","normal","skewed","Symmetric","5",1,TRUE,0.417000000015832
"3443","Y~Z",0.523019797559339,0.0883046826444896,0.5,"LSAM",11981,2593732,300,"ordinal","normal","skewed","Symmetric","5",1,TRUE,0.417000000015832
"3444","Y~X:Z",0.311978067905305,0.0956475142537458,0.3,"LSAM",11981,2593732,300,"ordinal","normal","skewed","Symmetric","5",1,TRUE,0.417000000015832
"3445","X~~Z",0.138475192878119,0.0709337769703519,0.2,"LSAM",11981,2593732,300,"ordinal","normal","skewed","Symmetric","5",1,TRUE,0.417000000015832
"3446","X=~x1",0.346467601349771,0.039416456195737,0.4,"MC-PLSc",11982,7815967,1000,"ordinal","normal","skewed","Symmetric","5",1,TRUE,18.9949999999953
"3447","X=~x2",0.809789078885238,0.0344930837463704,0.8,"MC-PLSc",11982,7815967,1000,"ordinal","normal","skewed","Symmetric","5",1,TRUE,18.9949999999953
"3448","X=~x3",0.762831106624886,0.0308006705229474,0.8,"MC-PLSc",11982,7815967,1000,"ordinal","normal","skewed","Symmetric","5",1,TRUE,18.9949999999953
"3449","Z=~z1",0.604353354509044,0.031178616629274,0.6,"MC-PLSc",11982,7815967,1000,"ordinal","normal","skewed","Symmetric","5",1,TRUE,18.9949999999953
"3450","Z=~z2",0.547550304836899,0.0342595413910758,0.6,"MC-PLSc",11982,7815967,1000,"ordinal","normal","skewed","Symmetric","5",1,TRUE,18.9949999999953
"3451","Z=~z3",0.843147264747477,0.0306113401610003,0.8,"MC-PLSc",11982,7815967,1000,"ordinal","normal","skewed","Symmetric","5",1,TRUE,18.9949999999953
"3452","Y=~y1",0.3766812798291,0.0384790395482982,0.4,"MC-PLSc",11982,7815967,1000,"ordinal","normal","skewed","Symmetric","5",1,TRUE,18.9949999999953
"3453","Y=~y2",0.692789143972749,0.0275018813390334,0.7,"MC-PLSc",11982,7815967,1000,"ordinal","normal","skewed","Symmetric","5",1,TRUE,18.9949999999953
"3454","Y=~y3",0.900067186370001,0.0251708804329827,0.9,"MC-PLSc",11982,7815967,1000,"ordinal","normal","skewed","Symmetric","5",1,TRUE,18.9949999999953
"3455","Y~X",0.40170491539491,0.0362330179391634,0.4,"MC-PLSc",11982,7815967,1000,"ordinal","normal","skewed","Symmetric","5",1,TRUE,18.9949999999953
"3456","Y~Z",0.530000516480896,0.0355337979816578,0.5,"MC-PLSc",11982,7815967,1000,"ordinal","normal","skewed","Symmetric","5",1,TRUE,18.9949999999953
"3457","Y~X:Z",0.246703166489917,0.0447907104701964,0.3,"MC-PLSc",11982,7815967,1000,"ordinal","normal","skewed","Symmetric","5",1,TRUE,18.9949999999953
"3458","X~~Z",0.196287866808053,0.042989670252604,0.2,"MC-PLSc",11982,7815967,1000,"ordinal","normal","skewed","Symmetric","5",1,TRUE,18.9949999999953
"3459","X=~x1",0.30503543441583,0.0634833222157262,0.4,"PLSc",11982,7815967,1000,"ordinal","normal","skewed","Symmetric","5",1,TRUE,1.36300000001211
"3460","X=~x2",0.777084618451654,0.0359067216122511,0.8,"PLSc",11982,7815967,1000,"ordinal","normal","skewed","Symmetric","5",1,TRUE,1.36300000001211
"3461","X=~x3",0.741787608688067,0.0361047322717568,0.8,"PLSc",11982,7815967,1000,"ordinal","normal","skewed","Symmetric","5",1,TRUE,1.36300000001211
"3462","Z=~z1",0.608277967569305,0.0383964313817306,0.6,"PLSc",11982,7815967,1000,"ordinal","normal","skewed","Symmetric","5",1,TRUE,1.36300000001211
"3463","Z=~z2",0.479827610151921,0.0431521252717855,0.6,"PLSc",11982,7815967,1000,"ordinal","normal","skewed","Symmetric","5",1,TRUE,1.36300000001211
"3464","Z=~z3",0.809182043521,0.0332958829257203,0.8,"PLSc",11982,7815967,1000,"ordinal","normal","skewed","Symmetric","5",1,TRUE,1.36300000001211
"3465","Y=~y1",0.367217121139419,0.042162524153392,0.4,"PLSc",11982,7815967,1000,"ordinal","normal","skewed","Symmetric","5",1,TRUE,1.36300000001211
"3466","Y=~y2",0.664556198983064,0.0292554892666833,0.7,"PLSc",11982,7815967,1000,"ordinal","normal","skewed","Symmetric","5",1,TRUE,1.36300000001211
"3467","Y=~y3",0.839102731384103,0.0271751907830711,0.9,"PLSc",11982,7815967,1000,"ordinal","normal","skewed","Symmetric","5",1,TRUE,1.36300000001211
"3468","Y~X",0.397143026933332,0.0386730415270226,0.4,"PLSc",11982,7815967,1000,"ordinal","normal","skewed","Symmetric","5",1,TRUE,1.36300000001211
"3469","Y~Z",0.536444034411183,0.0368161911555981,0.5,"PLSc",11982,7815967,1000,"ordinal","normal","skewed","Symmetric","5",1,TRUE,1.36300000001211
"3470","Y~X:Z",0.23061538109648,0.0484094648778415,0.3,"PLSc",11982,7815967,1000,"ordinal","normal","skewed","Symmetric","5",1,TRUE,1.36300000001211
"3471","X~~Z",0.196334898710521,0.0414254770911342,0.2,"PLSc",11982,7815967,1000,"ordinal","normal","skewed","Symmetric","5",1,TRUE,1.36300000001211
"3472","X=~x1",0.482778360695506,0.0498675148127666,0.4,"PLS",11982,7815967,1000,"ordinal","normal","skewed","Symmetric","5",1,TRUE,0.912000000011176
"3473","X=~x2",0.871748178411437,0.0119885674724792,0.8,"PLS",11982,7815967,1000,"ordinal","normal","skewed","Symmetric","5",1,TRUE,0.912000000011176
"3474","X=~x3",0.854095160648161,0.0145227530035696,0.8,"PLS",11982,7815967,1000,"ordinal","normal","skewed","Symmetric","5",1,TRUE,0.912000000011176
"3475","Z=~z1",0.743717246221443,0.0224299299215663,0.6,"PLS",11982,7815967,1000,"ordinal","normal","skewed","Symmetric","5",1,TRUE,0.912000000011176
"3476","Z=~z2",0.695180881920149,0.0266255126997658,0.6,"PLS",11982,7815967,1000,"ordinal","normal","skewed","Symmetric","5",1,TRUE,0.912000000011176
"3477","Z=~z3",0.866471337498909,0.0105328968947802,0.8,"PLS",11982,7815967,1000,"ordinal","normal","skewed","Symmetric","5",1,TRUE,0.912000000011176
"3478","Y=~y1",0.521154488446946,0.0393191625463291,0.4,"PLS",11982,7815967,1000,"ordinal","normal","skewed","Symmetric","5",1,TRUE,0.912000000011176
"3479","Y=~y2",0.820299778912669,0.015206429541654,0.7,"PLS",11982,7815967,1000,"ordinal","normal","skewed","Symmetric","5",1,TRUE,0.912000000011176
"3480","Y=~y3",0.894518117749153,0.00767801920297433,0.9,"PLS",11982,7815967,1000,"ordinal","normal","skewed","Symmetric","5",1,TRUE,0.912000000011176
"3481","Y~X",0.317175803623416,0.0263335680948173,0.4,"PLS",11982,7815967,1000,"ordinal","normal","skewed","Symmetric","5",1,TRUE,0.912000000011176
"3482","Y~Z",0.399926506066931,0.0231592361904784,0.5,"PLS",11982,7815967,1000,"ordinal","normal","skewed","Symmetric","5",1,TRUE,0.912000000011176
"3483","Y~X:Z",0.148018666132961,0.0249403545860835,0.3,"PLS",11982,7815967,1000,"ordinal","normal","skewed","Symmetric","5",1,TRUE,0.912000000011176
"3484","X~~Z",0.141709755481906,0.0297970252768599,0.2,"PLS",11982,7815967,1000,"ordinal","normal","skewed","Symmetric","5",1,TRUE,0.912000000011176
"3485","X=~x1",0.351,0.033,0.4,"Mplus",11982,7815967,1000,"ordinal","normal","skewed","Symmetric","5",1,TRUE,730.735999999975
"3486","X=~x2",0.8,0.03,0.8,"Mplus",11982,7815967,1000,"ordinal","normal","skewed","Symmetric","5",1,TRUE,730.735999999975
"3487","X=~x3",0.745,0.03,0.8,"Mplus",11982,7815967,1000,"ordinal","normal","skewed","Symmetric","5",1,TRUE,730.735999999975
"3488","Z=~z1",0.561,0.03,0.6,"Mplus",11982,7815967,1000,"ordinal","normal","skewed","Symmetric","5",1,TRUE,730.735999999975
"3489","Z=~z2",0.568,0.029,0.6,"Mplus",11982,7815967,1000,"ordinal","normal","skewed","Symmetric","5",1,TRUE,730.735999999975
"3490","Z=~z3",0.836,0.026,0.8,"Mplus",11982,7815967,1000,"ordinal","normal","skewed","Symmetric","5",1,TRUE,730.735999999975
"3491","Y=~y1",0.375,0.034,0.4,"Mplus",11982,7815967,1000,"ordinal","normal","skewed","Symmetric","5",1,TRUE,730.735999999975
"3492","Y=~y2",0.69,0.026,0.7,"Mplus",11982,7815967,1000,"ordinal","normal","skewed","Symmetric","5",1,TRUE,730.735999999975
"3493","Y=~y3",0.892,0.023,0.9,"Mplus",11982,7815967,1000,"ordinal","normal","skewed","Symmetric","5",1,TRUE,730.735999999975
"3494","Y~X",0.425,0.034,0.4,"Mplus",11982,7815967,1000,"ordinal","normal","skewed","Symmetric","5",1,TRUE,730.735999999975
"3495","Y~Z",0.533,0.032,0.5,"Mplus",11982,7815967,1000,"ordinal","normal","skewed","Symmetric","5",1,TRUE,730.735999999975
"3496","Y~X:Z",0.23,0.04,0.3,"Mplus",11982,7815967,1000,"ordinal","normal","skewed","Symmetric","5",1,TRUE,730.735999999975
"3497","X~~Z",0.172,0.043,0.2,"Mplus",11982,7815967,1000,"ordinal","normal","skewed","Symmetric","5",1,TRUE,730.735999999975
"3498","X=~x1",0.352493348186351,0.0336331840049974,0.4,"LSAM",11982,7815967,1000,"ordinal","normal","skewed","Symmetric","5",1,TRUE,0.451999999990221
"3499","X=~x2",0.790233354753224,0.0659519224725615,0.8,"LSAM",11982,7815967,1000,"ordinal","normal","skewed","Symmetric","5",1,TRUE,0.451999999990221
"3500","X=~x3",0.698019088609375,0.0642104274523036,0.8,"LSAM",11982,7815967,1000,"ordinal","normal","skewed","Symmetric","5",1,TRUE,0.451999999990221
"3501","Z=~z1",0.543632061746428,0.0229433348648345,0.6,"LSAM",11982,7815967,1000,"ordinal","normal","skewed","Symmetric","5",1,TRUE,0.451999999990221
"3502","Z=~z2",0.569344555828777,0.0422255405456211,0.6,"LSAM",11982,7815967,1000,"ordinal","normal","skewed","Symmetric","5",1,TRUE,0.451999999990221
"3503","Z=~z3",0.793778024757863,0.0495512179554387,0.8,"LSAM",11982,7815967,1000,"ordinal","normal","skewed","Symmetric","5",1,TRUE,0.451999999990221
"3504","Y=~y1",0.347548075552291,0.0115947208840584,0.4,"LSAM",11982,7815967,1000,"ordinal","normal","skewed","Symmetric","5",1,TRUE,0.451999999990221
"3505","Y=~y2",0.628849365248095,0.046563210377251,0.7,"LSAM",11982,7815967,1000,"ordinal","normal","skewed","Symmetric","5",1,TRUE,0.451999999990221
"3506","Y=~y3",0.900295490011308,0.0614639901675513,0.9,"LSAM",11982,7815967,1000,"ordinal","normal","skewed","Symmetric","5",1,TRUE,0.451999999990221
"3507","Y~X",0.39136867134824,0.0366160937544871,0.4,"LSAM",11982,7815967,1000,"ordinal","normal","skewed","Symmetric","5",1,TRUE,0.451999999990221
"3508","Y~Z",0.505678247031914,0.0449788410010148,0.5,"LSAM",11982,7815967,1000,"ordinal","normal","skewed","Symmetric","5",1,TRUE,0.451999999990221
"3509","Y~X:Z",0.227687984201011,0.0441785430745633,0.3,"LSAM",11982,7815967,1000,"ordinal","normal","skewed","Symmetric","5",1,TRUE,0.451999999990221
"3510","X~~Z",0.187566129611267,0.0425183214103518,0.2,"LSAM",11982,7815967,1000,"ordinal","normal","skewed","Symmetric","5",1,TRUE,0.451999999990221
"3511","X=~x1",0.506326229275387,0.142586991097769,0.4,"MC-PLSc",11983,5971376,300,"ordinal","normal","skewed","Extreme","2",1,TRUE,13.9980000000214
"3512","X=~x2",0.66067990319348,0.134964038985244,0.8,"MC-PLSc",11983,5971376,300,"ordinal","normal","skewed","Extreme","2",1,TRUE,13.9980000000214
"3513","X=~x3",0.74107362141805,0.118912261997586,0.8,"MC-PLSc",11983,5971376,300,"ordinal","normal","skewed","Extreme","2",1,TRUE,13.9980000000214
"3514","Z=~z1",0.543714215054868,0.103546749061226,0.6,"MC-PLSc",11983,5971376,300,"ordinal","normal","skewed","Extreme","2",1,TRUE,13.9980000000214
"3515","Z=~z2",0.715447386174318,0.0962643680386886,0.6,"MC-PLSc",11983,5971376,300,"ordinal","normal","skewed","Extreme","2",1,TRUE,13.9980000000214
"3516","Z=~z3",0.971373394994846,0.071180985747753,0.8,"MC-PLSc",11983,5971376,300,"ordinal","normal","skewed","Extreme","2",1,TRUE,13.9980000000214
"3517","Y=~y1",0.51803604226647,0.128268199358073,0.4,"MC-PLSc",11983,5971376,300,"ordinal","normal","skewed","Extreme","2",1,TRUE,13.9980000000214
"3518","Y=~y2",0.698360953640868,0.100912272062135,0.7,"MC-PLSc",11983,5971376,300,"ordinal","normal","skewed","Extreme","2",1,TRUE,13.9980000000214
"3519","Y=~y3",0.766715451655996,0.1142182629577,0.9,"MC-PLSc",11983,5971376,300,"ordinal","normal","skewed","Extreme","2",1,TRUE,13.9980000000214
"3520","Y~X",0.406154093019853,0.208552536341157,0.4,"MC-PLSc",11983,5971376,300,"ordinal","normal","skewed","Extreme","2",1,TRUE,13.9980000000214
"3521","Y~Z",0.329679700148742,0.234724147126512,0.5,"MC-PLSc",11983,5971376,300,"ordinal","normal","skewed","Extreme","2",1,TRUE,13.9980000000214
"3522","Y~X:Z",0.766546981422194,0.239939182102605,0.3,"MC-PLSc",11983,5971376,300,"ordinal","normal","skewed","Extreme","2",1,TRUE,13.9980000000214
"3523","X~~Z",0.280734589309901,0.127356927912691,0.2,"MC-PLSc",11983,5971376,300,"ordinal","normal","skewed","Extreme","2",1,TRUE,13.9980000000214
"3524","X=~x1",0.30490856084723,0.124615396740563,0.4,"PLSc",11983,5971376,300,"ordinal","normal","skewed","Extreme","2",1,TRUE,1.4649999999674
"3525","X=~x2",0.489425539829583,0.120928952224926,0.8,"PLSc",11983,5971376,300,"ordinal","normal","skewed","Extreme","2",1,TRUE,1.4649999999674
"3526","X=~x3",0.58676992026512,0.12452358636107,0.8,"PLSc",11983,5971376,300,"ordinal","normal","skewed","Extreme","2",1,TRUE,1.4649999999674
"3527","Z=~z1",0.364330310269681,0.110529187907467,0.6,"PLSc",11983,5971376,300,"ordinal","normal","skewed","Extreme","2",1,TRUE,1.4649999999674
"3528","Z=~z2",0.528097046636242,0.0963962008965459,0.6,"PLSc",11983,5971376,300,"ordinal","normal","skewed","Extreme","2",1,TRUE,1.4649999999674
"3529","Z=~z3",0.828259575148415,0.0880762278344976,0.8,"PLSc",11983,5971376,300,"ordinal","normal","skewed","Extreme","2",1,TRUE,1.4649999999674
"3530","Y=~y1",0.45204556085203,0.0950203912681251,0.4,"PLSc",11983,5971376,300,"ordinal","normal","skewed","Extreme","2",1,TRUE,1.4649999999674
"3531","Y=~y2",0.593935702397583,0.0806447060797309,0.7,"PLSc",11983,5971376,300,"ordinal","normal","skewed","Extreme","2",1,TRUE,1.4649999999674
"3532","Y=~y3",0.683545207989449,0.0829670043546245,0.9,"PLSc",11983,5971376,300,"ordinal","normal","skewed","Extreme","2",1,TRUE,1.4649999999674
"3533","Y~X",0.452634261047202,0.387462584164632,0.4,"PLSc",11983,5971376,300,"ordinal","normal","skewed","Extreme","2",1,TRUE,1.4649999999674
"3534","Y~Z",0.392301397323683,0.399849384855891,0.5,"PLSc",11983,5971376,300,"ordinal","normal","skewed","Extreme","2",1,TRUE,1.4649999999674
"3535","Y~X:Z",0.280155721481429,0.855300156224618,0.3,"PLSc",11983,5971376,300,"ordinal","normal","skewed","Extreme","2",1,TRUE,1.4649999999674
"3536","X~~Z",0.222887633682733,0.117816066907988,0.2,"PLSc",11983,5971376,300,"ordinal","normal","skewed","Extreme","2",1,TRUE,1.4649999999674
"3537","X=~x1",0.549675843506502,0.130461767663446,0.4,"PLS",11983,5971376,300,"ordinal","normal","skewed","Extreme","2",1,TRUE,0.871000000042841
"3538","X=~x2",0.715355225958684,0.102858131814156,0.8,"PLS",11983,5971376,300,"ordinal","normal","skewed","Extreme","2",1,TRUE,0.871000000042841
"3539","X=~x3",0.779050619136307,0.0864362711891628,0.8,"PLS",11983,5971376,300,"ordinal","normal","skewed","Extreme","2",1,TRUE,0.871000000042841
"3540","Z=~z1",0.55201338566706,0.107342543470271,0.6,"PLS",11983,5971376,300,"ordinal","normal","skewed","Extreme","2",1,TRUE,0.871000000042841
"3541","Z=~z2",0.730041892860718,0.0702955887148424,0.6,"PLS",11983,5971376,300,"ordinal","normal","skewed","Extreme","2",1,TRUE,0.871000000042841
"3542","Z=~z3",0.882681428639555,0.0285841030958841,0.8,"PLS",11983,5971376,300,"ordinal","normal","skewed","Extreme","2",1,TRUE,0.871000000042841
"3543","Y=~y1",0.618660255066475,0.0921602815119365,0.4,"PLS",11983,5971376,300,"ordinal","normal","skewed","Extreme","2",1,TRUE,0.871000000042841
"3544","Y=~y2",0.778506970506641,0.050536813664233,0.7,"PLS",11983,5971376,300,"ordinal","normal","skewed","Extreme","2",1,TRUE,0.871000000042841
"3545","Y=~y3",0.815761720419602,0.0419600523274906,0.9,"PLS",11983,5971376,300,"ordinal","normal","skewed","Extreme","2",1,TRUE,0.871000000042841
"3546","Y~X",0.275059479844509,0.0588653374497673,0.4,"PLS",11983,5971376,300,"ordinal","normal","skewed","Extreme","2",1,TRUE,0.871000000042841
"3547","Y~Z",0.3374644844511,0.066064633271334,0.5,"PLS",11983,5971376,300,"ordinal","normal","skewed","Extreme","2",1,TRUE,0.871000000042841
"3548","Y~X:Z",0.227514682260587,0.0500322496530221,0.3,"PLS",11983,5971376,300,"ordinal","normal","skewed","Extreme","2",1,TRUE,0.871000000042841
"3549","X~~Z",0.128898387627288,0.067135486429348,0.2,"PLS",11983,5971376,300,"ordinal","normal","skewed","Extreme","2",1,TRUE,0.871000000042841
"3550","X=~x1",NA,NA,0.4,"Mplus",11983,5971376,300,"ordinal","normal","skewed","Extreme","2",1,FALSE,197.494000000006
"3551","X=~x2",NA,NA,0.8,"Mplus",11983,5971376,300,"ordinal","normal","skewed","Extreme","2",1,FALSE,197.494000000006
"3552","X=~x3",NA,NA,0.8,"Mplus",11983,5971376,300,"ordinal","normal","skewed","Extreme","2",1,FALSE,197.494000000006
"3553","Z=~z1",NA,NA,0.6,"Mplus",11983,5971376,300,"ordinal","normal","skewed","Extreme","2",1,FALSE,197.494000000006
"3554","Z=~z2",NA,NA,0.6,"Mplus",11983,5971376,300,"ordinal","normal","skewed","Extreme","2",1,FALSE,197.494000000006
"3555","Z=~z3",NA,NA,0.8,"Mplus",11983,5971376,300,"ordinal","normal","skewed","Extreme","2",1,FALSE,197.494000000006
"3556","Y=~y1",NA,NA,0.4,"Mplus",11983,5971376,300,"ordinal","normal","skewed","Extreme","2",1,FALSE,197.494000000006
"3557","Y=~y2",NA,NA,0.7,"Mplus",11983,5971376,300,"ordinal","normal","skewed","Extreme","2",1,FALSE,197.494000000006
"3558","Y=~y3",NA,NA,0.9,"Mplus",11983,5971376,300,"ordinal","normal","skewed","Extreme","2",1,FALSE,197.494000000006
"3559","Y~X",NA,NA,0.4,"Mplus",11983,5971376,300,"ordinal","normal","skewed","Extreme","2",1,FALSE,197.494000000006
"3560","Y~Z",NA,NA,0.5,"Mplus",11983,5971376,300,"ordinal","normal","skewed","Extreme","2",1,FALSE,197.494000000006
"3561","Y~X:Z",NA,NA,0.3,"Mplus",11983,5971376,300,"ordinal","normal","skewed","Extreme","2",1,FALSE,197.494000000006
"3562","X~~Z",NA,NA,0.2,"Mplus",11983,5971376,300,"ordinal","normal","skewed","Extreme","2",1,FALSE,197.494000000006
"3563","X=~x1",0.448306998176792,0.0924255105825454,0.4,"LSAM",11983,5971376,300,"ordinal","normal","skewed","Extreme","2",1,TRUE,0.479000000050291
"3564","X=~x2",0.529576497489199,0.178795981079791,0.8,"LSAM",11983,5971376,300,"ordinal","normal","skewed","Extreme","2",1,TRUE,0.479000000050291
"3565","X=~x3",0.43618624318034,0.150140187341484,0.8,"LSAM",11983,5971376,300,"ordinal","normal","skewed","Extreme","2",1,TRUE,0.479000000050291
"3566","Z=~z1",0.390792251129901,0.0900864987984577,0.6,"LSAM",11983,5971376,300,"ordinal","normal","skewed","Extreme","2",1,TRUE,0.479000000050291
"3567","Z=~z2",0.558959292343647,0.138027037675009,0.6,"LSAM",11983,5971376,300,"ordinal","normal","skewed","Extreme","2",1,TRUE,0.479000000050291
"3568","Z=~z3",0.765337727505579,0.153574224446894,0.8,"LSAM",11983,5971376,300,"ordinal","normal","skewed","Extreme","2",1,TRUE,0.479000000050291
"3569","Y=~y1",0.422102737221444,0.0401712738369714,0.4,"LSAM",11983,5971376,300,"ordinal","normal","skewed","Extreme","2",1,TRUE,0.479000000050291
"3570","Y=~y2",0.661051279100743,0.110742728441679,0.7,"LSAM",11983,5971376,300,"ordinal","normal","skewed","Extreme","2",1,TRUE,0.479000000050291
"3571","Y=~y3",0.645601247197775,0.108608330978386,0.9,"LSAM",11983,5971376,300,"ordinal","normal","skewed","Extreme","2",1,TRUE,0.479000000050291
"3572","Y~X",0.413163217248819,0.248485194522438,0.4,"LSAM",11983,5971376,300,"ordinal","normal","skewed","Extreme","2",1,TRUE,0.479000000050291
"3573","Y~Z",0.398706070988213,0.473858781721146,0.5,"LSAM",11983,5971376,300,"ordinal","normal","skewed","Extreme","2",1,TRUE,0.479000000050291
"3574","Y~X:Z",0.308666965583251,0.186077384639804,0.3,"LSAM",11983,5971376,300,"ordinal","normal","skewed","Extreme","2",1,TRUE,0.479000000050291
"3575","X~~Z",0.226103611616382,0.246737891810676,0.2,"LSAM",11983,5971376,300,"ordinal","normal","skewed","Extreme","2",1,TRUE,0.479000000050291
"3576","X=~x1",0.410418305493455,0.0803244237409115,0.4,"MC-PLSc",11984,2692827,1000,"ordinal","normal","skewed","Extreme","2",1,TRUE,13.4930000000168
"3577","X=~x2",0.858283971906585,0.0820909734882403,0.8,"MC-PLSc",11984,2692827,1000,"ordinal","normal","skewed","Extreme","2",1,TRUE,13.4930000000168
"3578","X=~x3",0.735277170976993,0.0674299959314834,0.8,"MC-PLSc",11984,2692827,1000,"ordinal","normal","skewed","Extreme","2",1,TRUE,13.4930000000168
"3579","Z=~z1",0.612799075767065,0.0746778500697162,0.6,"MC-PLSc",11984,2692827,1000,"ordinal","normal","skewed","Extreme","2",1,TRUE,13.4930000000168
"3580","Z=~z2",0.799039591087958,0.100187038557532,0.6,"MC-PLSc",11984,2692827,1000,"ordinal","normal","skewed","Extreme","2",1,TRUE,13.4930000000168
"3581","Z=~z3",0.753080120605193,0.0913375149865187,0.8,"MC-PLSc",11984,2692827,1000,"ordinal","normal","skewed","Extreme","2",1,TRUE,13.4930000000168
"3582","Y=~y1",0.376252894463627,0.0690486036694061,0.4,"MC-PLSc",11984,2692827,1000,"ordinal","normal","skewed","Extreme","2",1,TRUE,13.4930000000168
"3583","Y=~y2",0.749572761310176,0.0508817593408122,0.7,"MC-PLSc",11984,2692827,1000,"ordinal","normal","skewed","Extreme","2",1,TRUE,13.4930000000168
"3584","Y=~y3",0.999,0.0791256983873289,0.9,"MC-PLSc",11984,2692827,1000,"ordinal","normal","skewed","Extreme","2",1,TRUE,13.4930000000168
"3585","Y~X",0.362026607787647,0.0953246497706758,0.4,"MC-PLSc",11984,2692827,1000,"ordinal","normal","skewed","Extreme","2",1,TRUE,13.4930000000168
"3586","Y~Z",0.229599642024775,0.108205387533992,0.5,"MC-PLSc",11984,2692827,1000,"ordinal","normal","skewed","Extreme","2",1,TRUE,13.4930000000168
"3587","Y~X:Z",0.262813063728594,0.161074899997828,0.3,"MC-PLSc",11984,2692827,1000,"ordinal","normal","skewed","Extreme","2",1,TRUE,13.4930000000168
"3588","X~~Z",0.278931532229948,0.0641454051435938,0.2,"MC-PLSc",11984,2692827,1000,"ordinal","normal","skewed","Extreme","2",1,TRUE,13.4930000000168
"3589","X=~x1",0.299023601957779,0.0845627330939029,0.4,"PLSc",11984,2692827,1000,"ordinal","normal","skewed","Extreme","2",1,TRUE,1.35800000000745
"3590","X=~x2",0.665339835431602,0.0725738787436164,0.8,"PLSc",11984,2692827,1000,"ordinal","normal","skewed","Extreme","2",1,TRUE,1.35800000000745
"3591","X=~x3",0.538378689717969,0.0694129319285969,0.8,"PLSc",11984,2692827,1000,"ordinal","normal","skewed","Extreme","2",1,TRUE,1.35800000000745
"3592","Z=~z1",0.437565846863875,0.0865783343929183,0.6,"PLSc",11984,2692827,1000,"ordinal","normal","skewed","Extreme","2",1,TRUE,1.35800000000745
"3593","Z=~z2",0.631812047917825,0.0823415180449495,0.6,"PLSc",11984,2692827,1000,"ordinal","normal","skewed","Extreme","2",1,TRUE,1.35800000000745
"3594","Z=~z3",0.559095090354621,0.0797428694971914,0.8,"PLSc",11984,2692827,1000,"ordinal","normal","skewed","Extreme","2",1,TRUE,1.35800000000745
"3595","Y=~y1",0.255637200127161,0.0808476560858044,0.4,"PLSc",11984,2692827,1000,"ordinal","normal","skewed","Extreme","2",1,TRUE,1.35800000000745
"3596","Y=~y2",0.59603208882119,0.0609183082593815,0.7,"PLSc",11984,2692827,1000,"ordinal","normal","skewed","Extreme","2",1,TRUE,1.35800000000745
"3597","Y=~y3",0.866354064792465,0.054959090218875,0.9,"PLSc",11984,2692827,1000,"ordinal","normal","skewed","Extreme","2",1,TRUE,1.35800000000745
"3598","Y~X",0.337328788282188,0.0660572084629758,0.4,"PLSc",11984,2692827,1000,"ordinal","normal","skewed","Extreme","2",1,TRUE,1.35800000000745
"3599","Y~Z",0.247047438280694,0.0625795361495162,0.5,"PLSc",11984,2692827,1000,"ordinal","normal","skewed","Extreme","2",1,TRUE,1.35800000000745
"3600","Y~X:Z",0.0771224766357318,0.0588099838626638,0.3,"PLSc",11984,2692827,1000,"ordinal","normal","skewed","Extreme","2",1,TRUE,1.35800000000745
"3601","X~~Z",0.227446039292801,0.0700153511291416,0.2,"PLSc",11984,2692827,1000,"ordinal","normal","skewed","Extreme","2",1,TRUE,1.35800000000745
"3602","X=~x1",0.433272484592552,0.0926590406934851,0.4,"PLS",11984,2692827,1000,"ordinal","normal","skewed","Extreme","2",1,TRUE,0.961999999999534
"3603","X=~x2",0.841130501947137,0.0334885214884465,0.8,"PLS",11984,2692827,1000,"ordinal","normal","skewed","Extreme","2",1,TRUE,0.961999999999534
"3604","X=~x3",0.762669894451997,0.0471231617145823,0.8,"PLS",11984,2692827,1000,"ordinal","normal","skewed","Extreme","2",1,TRUE,0.961999999999534
"3605","Z=~z1",0.633126342407326,0.0655139285111484,0.6,"PLS",11984,2692827,1000,"ordinal","normal","skewed","Extreme","2",1,TRUE,0.961999999999534
"3606","Z=~z2",0.784362433813648,0.0466634244935096,0.6,"PLS",11984,2692827,1000,"ordinal","normal","skewed","Extreme","2",1,TRUE,0.961999999999534
"3607","Z=~z3",0.753501503666443,0.0481234226266236,0.8,"PLS",11984,2692827,1000,"ordinal","normal","skewed","Extreme","2",1,TRUE,0.961999999999534
"3608","Y=~y1",0.395480573973095,0.0744305429553596,0.4,"PLS",11984,2692827,1000,"ordinal","normal","skewed","Extreme","2",1,TRUE,0.961999999999534
"3609","Y=~y2",0.798966263774398,0.0334701177401663,0.7,"PLS",11984,2692827,1000,"ordinal","normal","skewed","Extreme","2",1,TRUE,0.961999999999534
"3610","Y=~y3",0.903172694513675,0.0146970902930579,0.9,"PLS",11984,2692827,1000,"ordinal","normal","skewed","Extreme","2",1,TRUE,0.961999999999534
"3611","Y~X",0.233744097376798,0.035085694667863,0.4,"PLS",11984,2692827,1000,"ordinal","normal","skewed","Extreme","2",1,TRUE,0.961999999999534
"3612","Y~Z",0.185210688132709,0.0349650255705153,0.5,"PLS",11984,2692827,1000,"ordinal","normal","skewed","Extreme","2",1,TRUE,0.961999999999534
"3613","Y~X:Z",0.0970657836295275,0.0305564638580276,0.3,"PLS",11984,2692827,1000,"ordinal","normal","skewed","Extreme","2",1,TRUE,0.961999999999534
"3614","X~~Z",0.128601614833697,0.0396137693543017,0.2,"PLS",11984,2692827,1000,"ordinal","normal","skewed","Extreme","2",1,TRUE,0.961999999999534
"3615","X=~x1",0.342,0.071,0.4,"Mplus",11984,2692827,1000,"ordinal","normal","skewed","Extreme","2",1,TRUE,294.598999999987
"3616","X=~x2",0.853,0.067,0.8,"Mplus",11984,2692827,1000,"ordinal","normal","skewed","Extreme","2",1,TRUE,294.598999999987
"3617","X=~x3",0.754,0.064,0.8,"Mplus",11984,2692827,1000,"ordinal","normal","skewed","Extreme","2",1,TRUE,294.598999999987
"3618","Z=~z1",0.61,0.056,0.6,"Mplus",11984,2692827,1000,"ordinal","normal","skewed","Extreme","2",1,TRUE,294.598999999987
"3619","Z=~z2",0.737,0.057,0.6,"Mplus",11984,2692827,1000,"ordinal","normal","skewed","Extreme","2",1,TRUE,294.598999999987
"3620","Z=~z3",0.784,0.057,0.8,"Mplus",11984,2692827,1000,"ordinal","normal","skewed","Extreme","2",1,TRUE,294.598999999987
"3621","Y=~y1",0.389,0.1,0.4,"Mplus",11984,2692827,1000,"ordinal","normal","skewed","Extreme","2",1,TRUE,294.598999999987
"3622","Y=~y2",0.749,0.037,0.7,"Mplus",11984,2692827,1000,"ordinal","normal","skewed","Extreme","2",1,TRUE,294.598999999987
"3623","Y=~y3",0.997,0.002,0.9,"Mplus",11984,2692827,1000,"ordinal","normal","skewed","Extreme","2",1,TRUE,294.598999999987
"3624","Y~X",0.392,0.094,0.4,"Mplus",11984,2692827,1000,"ordinal","normal","skewed","Extreme","2",1,TRUE,294.598999999987
"3625","Y~Z",0.263,0.095,0.5,"Mplus",11984,2692827,1000,"ordinal","normal","skewed","Extreme","2",1,TRUE,294.598999999987
"3626","Y~X:Z",0.169,0.138,0.3,"Mplus",11984,2692827,1000,"ordinal","normal","skewed","Extreme","2",1,TRUE,294.598999999987
"3627","X~~Z",0.289,0.077,0.2,"Mplus",11984,2692827,1000,"ordinal","normal","skewed","Extreme","2",1,TRUE,294.598999999987
"3628","X=~x1",0.305453779130613,0.0420004963701696,0.4,"LSAM",11984,2692827,1000,"ordinal","normal","skewed","Extreme","2",1,TRUE,0.505000000004657
"3629","X=~x2",0.661498777614455,0.102639851586675,0.8,"LSAM",11984,2692827,1000,"ordinal","normal","skewed","Extreme","2",1,TRUE,0.505000000004657
"3630","X=~x3",0.572813809742223,0.0920034354325464,0.8,"LSAM",11984,2692827,1000,"ordinal","normal","skewed","Extreme","2",1,TRUE,0.505000000004657
"3631","Z=~z1",0.456029707158836,0.244201910908181,0.6,"LSAM",11984,2692827,1000,"ordinal","normal","skewed","Extreme","2",1,TRUE,0.505000000004657
"3632","Z=~z2",0.560696299077903,0.265813321138376,0.6,"LSAM",11984,2692827,1000,"ordinal","normal","skewed","Extreme","2",1,TRUE,0.505000000004657
"3633","Z=~z3",0.614841170862291,0.265784288108151,0.8,"LSAM",11984,2692827,1000,"ordinal","normal","skewed","Extreme","2",1,TRUE,0.505000000004657
"3634","Y=~y1",0.3092260302913,0.014820486620186,0.4,"LSAM",11984,2692827,1000,"ordinal","normal","skewed","Extreme","2",1,TRUE,0.505000000004657
"3635","Y=~y2",0.65244283218187,0.0620109894413029,0.7,"LSAM",11984,2692827,1000,"ordinal","normal","skewed","Extreme","2",1,TRUE,0.505000000004657
"3636","Y=~y3",0.783553040745579,0.0735190168354051,0.9,"LSAM",11984,2692827,1000,"ordinal","normal","skewed","Extreme","2",1,TRUE,0.505000000004657
"3637","Y~X",0.340560743063979,0.121201287223003,0.4,"LSAM",11984,2692827,1000,"ordinal","normal","skewed","Extreme","2",1,TRUE,0.505000000004657
"3638","Y~Z",0.253365616049203,0.122380742664372,0.5,"LSAM",11984,2692827,1000,"ordinal","normal","skewed","Extreme","2",1,TRUE,0.505000000004657
"3639","Y~X:Z",0.0934496513931531,0.0629779226825678,0.3,"LSAM",11984,2692827,1000,"ordinal","normal","skewed","Extreme","2",1,TRUE,0.505000000004657
"3640","X~~Z",0.224134280432009,0.188822797394805,0.2,"LSAM",11984,2692827,1000,"ordinal","normal","skewed","Extreme","2",1,TRUE,0.505000000004657
"3641","X=~x1",0.520439029588677,0.0856275457551278,0.4,"MC-PLSc",11985,7194581,300,"ordinal","normal","skewed","Extreme","3",1,TRUE,13.6120000000228
"3642","X=~x2",0.67934740653209,0.0799131145890172,0.8,"MC-PLSc",11985,7194581,300,"ordinal","normal","skewed","Extreme","3",1,TRUE,13.6120000000228
"3643","X=~x3",0.775946857766958,0.0822341544895836,0.8,"MC-PLSc",11985,7194581,300,"ordinal","normal","skewed","Extreme","3",1,TRUE,13.6120000000228
"3644","Z=~z1",0.628853863277707,0.113436863083592,0.6,"MC-PLSc",11985,7194581,300,"ordinal","normal","skewed","Extreme","3",1,TRUE,13.6120000000228
"3645","Z=~z2",0.65171584134965,0.0917768985939876,0.6,"MC-PLSc",11985,7194581,300,"ordinal","normal","skewed","Extreme","3",1,TRUE,13.6120000000228
"3646","Z=~z3",0.627268443529384,0.116541123602465,0.8,"MC-PLSc",11985,7194581,300,"ordinal","normal","skewed","Extreme","3",1,TRUE,13.6120000000228
"3647","Y=~y1",0.407170287796289,0.0837347593713385,0.4,"MC-PLSc",11985,7194581,300,"ordinal","normal","skewed","Extreme","3",1,TRUE,13.6120000000228
"3648","Y=~y2",0.758534481374646,0.0549411262534577,0.7,"MC-PLSc",11985,7194581,300,"ordinal","normal","skewed","Extreme","3",1,TRUE,13.6120000000228
"3649","Y=~y3",0.866577520165622,0.0771113749039441,0.9,"MC-PLSc",11985,7194581,300,"ordinal","normal","skewed","Extreme","3",1,TRUE,13.6120000000228
"3650","Y~X",0.522741934418039,0.121055133070827,0.4,"MC-PLSc",11985,7194581,300,"ordinal","normal","skewed","Extreme","3",1,TRUE,13.6120000000228
"3651","Y~Z",0.462488674137264,0.133269451859292,0.5,"MC-PLSc",11985,7194581,300,"ordinal","normal","skewed","Extreme","3",1,TRUE,13.6120000000228
"3652","Y~X:Z",0.269018656101756,0.32648834424397,0.3,"MC-PLSc",11985,7194581,300,"ordinal","normal","skewed","Extreme","3",1,TRUE,13.6120000000228
"3653","X~~Z",0.204645326709777,0.12682856015912,0.2,"MC-PLSc",11985,7194581,300,"ordinal","normal","skewed","Extreme","3",1,TRUE,13.6120000000228
"3654","X=~x1",0.467382591170961,0.0890064281740172,0.4,"PLSc",11985,7194581,300,"ordinal","normal","skewed","Extreme","3",1,TRUE,1.2850000000326
"3655","X=~x2",0.527172205680857,0.0945422125510291,0.8,"PLSc",11985,7194581,300,"ordinal","normal","skewed","Extreme","3",1,TRUE,1.2850000000326
"3656","X=~x3",0.650693702804992,0.0981876066637012,0.8,"PLSc",11985,7194581,300,"ordinal","normal","skewed","Extreme","3",1,TRUE,1.2850000000326
"3657","Z=~z1",0.525106029179336,0.10296700734798,0.6,"PLSc",11985,7194581,300,"ordinal","normal","skewed","Extreme","3",1,TRUE,1.2850000000326
"3658","Z=~z2",0.533813347242617,0.102527998812123,0.6,"PLSc",11985,7194581,300,"ordinal","normal","skewed","Extreme","3",1,TRUE,1.2850000000326
"3659","Z=~z3",0.499585297929956,0.102724268134521,0.8,"PLSc",11985,7194581,300,"ordinal","normal","skewed","Extreme","3",1,TRUE,1.2850000000326
"3660","Y=~y1",0.350462754626817,0.103420891909299,0.4,"PLSc",11985,7194581,300,"ordinal","normal","skewed","Extreme","3",1,TRUE,1.2850000000326
"3661","Y=~y2",0.704532493377692,0.0597949802090883,0.7,"PLSc",11985,7194581,300,"ordinal","normal","skewed","Extreme","3",1,TRUE,1.2850000000326
"3662","Y=~y3",0.739645625334075,0.0665971575216257,0.9,"PLSc",11985,7194581,300,"ordinal","normal","skewed","Extreme","3",1,TRUE,1.2850000000326
"3663","Y~X",0.502638853213358,0.204878205337937,0.4,"PLSc",11985,7194581,300,"ordinal","normal","skewed","Extreme","3",1,TRUE,1.2850000000326
"3664","Y~Z",0.446641370048231,0.394499870578105,0.5,"PLSc",11985,7194581,300,"ordinal","normal","skewed","Extreme","3",1,TRUE,1.2850000000326
"3665","Y~X:Z",0.132428423801227,0.565469909326029,0.3,"PLSc",11985,7194581,300,"ordinal","normal","skewed","Extreme","3",1,TRUE,1.2850000000326
"3666","X~~Z",0.186270880251745,0.113675186573128,0.2,"PLSc",11985,7194581,300,"ordinal","normal","skewed","Extreme","3",1,TRUE,1.2850000000326
"3667","X=~x1",0.605404004029904,0.0823552008995756,0.4,"PLS",11985,7194581,300,"ordinal","normal","skewed","Extreme","3",1,TRUE,0.882999999972526
"3668","X=~x2",0.753259321860902,0.0578560902550252,0.8,"PLS",11985,7194581,300,"ordinal","normal","skewed","Extreme","3",1,TRUE,0.882999999972526
"3669","X=~x3",0.812778636540251,0.0474205443028275,0.8,"PLS",11985,7194581,300,"ordinal","normal","skewed","Extreme","3",1,TRUE,0.882999999972526
"3670","Z=~z1",0.710998452118323,0.0766151225170547,0.6,"PLS",11985,7194581,300,"ordinal","normal","skewed","Extreme","3",1,TRUE,0.882999999972526
"3671","Z=~z2",0.731582614655762,0.0697755807514802,0.6,"PLS",11985,7194581,300,"ordinal","normal","skewed","Extreme","3",1,TRUE,0.882999999972526
"3672","Z=~z3",0.706486776985445,0.0737910774752079,0.8,"PLS",11985,7194581,300,"ordinal","normal","skewed","Extreme","3",1,TRUE,0.882999999972526
"3673","Y=~y1",0.49398167366653,0.0937274869302344,0.4,"PLS",11985,7194581,300,"ordinal","normal","skewed","Extreme","3",1,TRUE,0.882999999972526
"3674","Y=~y2",0.829993313024278,0.0311888120482938,0.7,"PLS",11985,7194581,300,"ordinal","normal","skewed","Extreme","3",1,TRUE,0.882999999972526
"3675","Y=~y3",0.8708893008504,0.0266322648544483,0.9,"PLS",11985,7194581,300,"ordinal","normal","skewed","Extreme","3",1,TRUE,0.882999999972526
"3676","Y~X",0.351072070746098,0.0524750757857704,0.4,"PLS",11985,7194581,300,"ordinal","normal","skewed","Extreme","3",1,TRUE,0.882999999972526
"3677","Y~Z",0.299395087476561,0.0594453482001094,0.5,"PLS",11985,7194581,300,"ordinal","normal","skewed","Extreme","3",1,TRUE,0.882999999972526
"3678","Y~X:Z",0.112798816636325,0.0632156529650943,0.3,"PLS",11985,7194581,300,"ordinal","normal","skewed","Extreme","3",1,TRUE,0.882999999972526
"3679","X~~Z",0.102817839163126,0.0611301096659133,0.2,"PLS",11985,7194581,300,"ordinal","normal","skewed","Extreme","3",1,TRUE,0.882999999972526
"3680","X=~x1",0.449,0.077,0.4,"Mplus",11985,7194581,300,"ordinal","normal","skewed","Extreme","3",1,TRUE,156.548999999999
"3681","X=~x2",0.714,0.072,0.8,"Mplus",11985,7194581,300,"ordinal","normal","skewed","Extreme","3",1,TRUE,156.548999999999
"3682","X=~x3",0.817,0.072,0.8,"Mplus",11985,7194581,300,"ordinal","normal","skewed","Extreme","3",1,TRUE,156.548999999999
"3683","Z=~z1",0.547,0.096,0.6,"Mplus",11985,7194581,300,"ordinal","normal","skewed","Extreme","3",1,TRUE,156.548999999999
"3684","Z=~z2",0.647,0.093,0.6,"Mplus",11985,7194581,300,"ordinal","normal","skewed","Extreme","3",1,TRUE,156.548999999999
"3685","Z=~z3",0.645,0.089,0.8,"Mplus",11985,7194581,300,"ordinal","normal","skewed","Extreme","3",1,TRUE,156.548999999999
"3686","Y=~y1",0.38,0.08,0.4,"Mplus",11985,7194581,300,"ordinal","normal","skewed","Extreme","3",1,TRUE,156.548999999999
"3687","Y=~y2",0.736,0.059,0.7,"Mplus",11985,7194581,300,"ordinal","normal","skewed","Extreme","3",1,TRUE,156.548999999999
"3688","Y=~y3",0.895,0.065,0.9,"Mplus",11985,7194581,300,"ordinal","normal","skewed","Extreme","3",1,TRUE,156.548999999999
"3689","Y~X",0.525,0.096,0.4,"Mplus",11985,7194581,300,"ordinal","normal","skewed","Extreme","3",1,TRUE,156.548999999999
"3690","Y~Z",0.504,0.11,0.5,"Mplus",11985,7194581,300,"ordinal","normal","skewed","Extreme","3",1,TRUE,156.548999999999
"3691","Y~X:Z",0.161,0.146,0.3,"Mplus",11985,7194581,300,"ordinal","normal","skewed","Extreme","3",1,TRUE,156.548999999999
"3692","X~~Z",0.11,0.113,0.2,"Mplus",11985,7194581,300,"ordinal","normal","skewed","Extreme","3",1,TRUE,156.548999999999
"3693","X=~x1",0.342498034447196,0.0680234090771961,0.4,"LSAM",11985,7194581,300,"ordinal","normal","skewed","Extreme","3",1,TRUE,0.456999999994878
"3694","X=~x2",0.650642746925273,0.148368573481761,0.8,"LSAM",11985,7194581,300,"ordinal","normal","skewed","Extreme","3",1,TRUE,0.456999999994878
"3695","X=~x3",0.659723756969287,0.14969777758768,0.8,"LSAM",11985,7194581,300,"ordinal","normal","skewed","Extreme","3",1,TRUE,0.456999999994878
"3696","Z=~z1",0.483212466372042,0.205781238101963,0.6,"LSAM",11985,7194581,300,"ordinal","normal","skewed","Extreme","3",1,TRUE,0.456999999994878
"3697","Z=~z2",0.545698677847743,0.241522397069903,0.6,"LSAM",11985,7194581,300,"ordinal","normal","skewed","Extreme","3",1,TRUE,0.456999999994878
"3698","Z=~z3",0.531043266411924,0.239041954674563,0.8,"LSAM",11985,7194581,300,"ordinal","normal","skewed","Extreme","3",1,TRUE,0.456999999994878
"3699","Y=~y1",0.315706554365509,0.0200172130814639,0.4,"LSAM",11985,7194581,300,"ordinal","normal","skewed","Extreme","3",1,TRUE,0.456999999994878
"3700","Y=~y2",0.570924533782283,0.0884358495886946,0.7,"LSAM",11985,7194581,300,"ordinal","normal","skewed","Extreme","3",1,TRUE,0.456999999994878
"3701","Y=~y3",0.940264577379084,0.135928762929339,0.9,"LSAM",11985,7194581,300,"ordinal","normal","skewed","Extreme","3",1,TRUE,0.456999999994878
"3702","Y~X",0.351072016201129,0.16421994173272,0.4,"LSAM",11985,7194581,300,"ordinal","normal","skewed","Extreme","3",1,TRUE,0.456999999994878
"3703","Y~Z",0.366769336955477,0.176543804262902,0.5,"LSAM",11985,7194581,300,"ordinal","normal","skewed","Extreme","3",1,TRUE,0.456999999994878
"3704","Y~X:Z",0.281669813840017,0.21088798112414,0.3,"LSAM",11985,7194581,300,"ordinal","normal","skewed","Extreme","3",1,TRUE,0.456999999994878
"3705","X~~Z",0.169832644037743,0.164553594215635,0.2,"LSAM",11985,7194581,300,"ordinal","normal","skewed","Extreme","3",1,TRUE,0.456999999994878
"3706","X=~x1",0.454918301219506,0.0534663964692657,0.4,"MC-PLSc",11986,7436188,1000,"ordinal","normal","skewed","Extreme","3",1,TRUE,14.5879999999888
"3707","X=~x2",0.739435515745539,0.0430501736575009,0.8,"MC-PLSc",11986,7436188,1000,"ordinal","normal","skewed","Extreme","3",1,TRUE,14.5879999999888
"3708","X=~x3",0.827884607723248,0.0517707821636456,0.8,"MC-PLSc",11986,7436188,1000,"ordinal","normal","skewed","Extreme","3",1,TRUE,14.5879999999888
"3709","Z=~z1",0.634793599817908,0.0546054338165558,0.6,"MC-PLSc",11986,7436188,1000,"ordinal","normal","skewed","Extreme","3",1,TRUE,14.5879999999888
"3710","Z=~z2",0.665204529807752,0.049059658099363,0.6,"MC-PLSc",11986,7436188,1000,"ordinal","normal","skewed","Extreme","3",1,TRUE,14.5879999999888
"3711","Z=~z3",0.754418886251819,0.0435390165893223,0.8,"MC-PLSc",11986,7436188,1000,"ordinal","normal","skewed","Extreme","3",1,TRUE,14.5879999999888
"3712","Y=~y1",0.392096966742927,0.0410943478949137,0.4,"MC-PLSc",11986,7436188,1000,"ordinal","normal","skewed","Extreme","3",1,TRUE,14.5879999999888
"3713","Y=~y2",0.724945259840737,0.0329402546288561,0.7,"MC-PLSc",11986,7436188,1000,"ordinal","normal","skewed","Extreme","3",1,TRUE,14.5879999999888
"3714","Y=~y3",0.917897476565753,0.0334734744509999,0.9,"MC-PLSc",11986,7436188,1000,"ordinal","normal","skewed","Extreme","3",1,TRUE,14.5879999999888
"3715","Y~X",0.507822181671848,0.0565881663327839,0.4,"MC-PLSc",11986,7436188,1000,"ordinal","normal","skewed","Extreme","3",1,TRUE,14.5879999999888
"3716","Y~Z",0.499993236732317,0.0589522532912052,0.5,"MC-PLSc",11986,7436188,1000,"ordinal","normal","skewed","Extreme","3",1,TRUE,14.5879999999888
"3717","Y~X:Z",0.185943128200728,0.0921994596570482,0.3,"MC-PLSc",11986,7436188,1000,"ordinal","normal","skewed","Extreme","3",1,TRUE,14.5879999999888
"3718","X~~Z",0.138014671002965,0.0613136711408195,0.2,"MC-PLSc",11986,7436188,1000,"ordinal","normal","skewed","Extreme","3",1,TRUE,14.5879999999888
"3719","X=~x1",0.425769285102549,0.0551198739378335,0.4,"PLSc",11986,7436188,1000,"ordinal","normal","skewed","Extreme","3",1,TRUE,1.35500000003958
"3720","X=~x2",0.588176376367488,0.0541065360333703,0.8,"PLSc",11986,7436188,1000,"ordinal","normal","skewed","Extreme","3",1,TRUE,1.35500000003958
"3721","X=~x3",0.693232861425247,0.0564471802828062,0.8,"PLSc",11986,7436188,1000,"ordinal","normal","skewed","Extreme","3",1,TRUE,1.35500000003958
"3722","Z=~z1",0.522614907857521,0.0553299190114744,0.6,"PLSc",11986,7436188,1000,"ordinal","normal","skewed","Extreme","3",1,TRUE,1.35500000003958
"3723","Z=~z2",0.566390716443504,0.0547097031866919,0.6,"PLSc",11986,7436188,1000,"ordinal","normal","skewed","Extreme","3",1,TRUE,1.35500000003958
"3724","Z=~z3",0.63238075897437,0.0539324067867405,0.8,"PLSc",11986,7436188,1000,"ordinal","normal","skewed","Extreme","3",1,TRUE,1.35500000003958
"3725","Y=~y1",0.362563209401363,0.0459286724107199,0.4,"PLSc",11986,7436188,1000,"ordinal","normal","skewed","Extreme","3",1,TRUE,1.35500000003958
"3726","Y=~y2",0.613409081601984,0.0393446115315242,0.7,"PLSc",11986,7436188,1000,"ordinal","normal","skewed","Extreme","3",1,TRUE,1.35500000003958
"3727","Y=~y3",0.809390241360268,0.0396700727296662,0.9,"PLSc",11986,7436188,1000,"ordinal","normal","skewed","Extreme","3",1,TRUE,1.35500000003958
"3728","Y~X",0.487396486104547,0.0546722453306719,0.4,"PLSc",11986,7436188,1000,"ordinal","normal","skewed","Extreme","3",1,TRUE,1.35500000003958
"3729","Y~Z",0.465016678500817,0.0530730926263506,0.5,"PLSc",11986,7436188,1000,"ordinal","normal","skewed","Extreme","3",1,TRUE,1.35500000003958
"3730","Y~X:Z",0.155147490457757,0.0829426104785565,0.3,"PLSc",11986,7436188,1000,"ordinal","normal","skewed","Extreme","3",1,TRUE,1.35500000003958
"3731","X~~Z",0.123120900005835,0.0546561917827006,0.2,"PLSc",11986,7436188,1000,"ordinal","normal","skewed","Extreme","3",1,TRUE,1.35500000003958
"3732","X=~x1",0.536023174978462,0.0534919687077224,0.4,"PLS",11986,7436188,1000,"ordinal","normal","skewed","Extreme","3",1,TRUE,0.935999999986961
"3733","X=~x2",0.797350953624796,0.025129237943172,0.8,"PLS",11986,7436188,1000,"ordinal","normal","skewed","Extreme","3",1,TRUE,0.935999999986961
"3734","X=~x3",0.841578620778674,0.0235285674728382,0.8,"PLS",11986,7436188,1000,"ordinal","normal","skewed","Extreme","3",1,TRUE,0.935999999986961
"3735","Z=~z1",0.700509922697962,0.0363751261615038,0.6,"PLS",11986,7436188,1000,"ordinal","normal","skewed","Extreme","3",1,TRUE,0.935999999986961
"3736","Z=~z2",0.731307241688604,0.0333931073325138,0.6,"PLS",11986,7436188,1000,"ordinal","normal","skewed","Extreme","3",1,TRUE,0.935999999986961
"3737","Z=~z3",0.793699044651977,0.0273449003305788,0.8,"PLS",11986,7436188,1000,"ordinal","normal","skewed","Extreme","3",1,TRUE,0.935999999986961
"3738","Y=~y1",0.47810080524013,0.0489138409447014,0.4,"PLS",11986,7436188,1000,"ordinal","normal","skewed","Extreme","3",1,TRUE,0.935999999986961
"3739","Y=~y2",0.811667900518851,0.0212675849371206,0.7,"PLS",11986,7436188,1000,"ordinal","normal","skewed","Extreme","3",1,TRUE,0.935999999986961
"3740","Y=~y3",0.885770865294177,0.0125726961919399,0.9,"PLS",11986,7436188,1000,"ordinal","normal","skewed","Extreme","3",1,TRUE,0.935999999986961
"3741","Y~X",0.340584487961524,0.0302644379194337,0.4,"PLS",11986,7436188,1000,"ordinal","normal","skewed","Extreme","3",1,TRUE,0.935999999986961
"3742","Y~Z",0.326100455436572,0.0312810464334509,0.5,"PLS",11986,7436188,1000,"ordinal","normal","skewed","Extreme","3",1,TRUE,0.935999999986961
"3743","Y~X:Z",0.120044842014513,0.027833452805956,0.3,"PLS",11986,7436188,1000,"ordinal","normal","skewed","Extreme","3",1,TRUE,0.935999999986961
"3744","X~~Z",0.0750995708731471,0.0335502649207282,0.2,"PLS",11986,7436188,1000,"ordinal","normal","skewed","Extreme","3",1,TRUE,0.935999999986961
"3745","X=~x1",0.368,0.044,0.4,"Mplus",11986,7436188,1000,"ordinal","normal","skewed","Extreme","3",1,TRUE,433.108999999997
"3746","X=~x2",0.758,0.039,0.8,"Mplus",11986,7436188,1000,"ordinal","normal","skewed","Extreme","3",1,TRUE,433.108999999997
"3747","X=~x3",0.844,0.039,0.8,"Mplus",11986,7436188,1000,"ordinal","normal","skewed","Extreme","3",1,TRUE,433.108999999997
"3748","Z=~z1",0.618,0.042,0.6,"Mplus",11986,7436188,1000,"ordinal","normal","skewed","Extreme","3",1,TRUE,433.108999999997
"3749","Z=~z2",0.622,0.042,0.6,"Mplus",11986,7436188,1000,"ordinal","normal","skewed","Extreme","3",1,TRUE,433.108999999997
"3750","Z=~z3",0.767,0.041,0.8,"Mplus",11986,7436188,1000,"ordinal","normal","skewed","Extreme","3",1,TRUE,433.108999999997
"3751","Y=~y1",0.357,0.043,0.4,"Mplus",11986,7436188,1000,"ordinal","normal","skewed","Extreme","3",1,TRUE,433.108999999997
"3752","Y=~y2",0.719,0.034,0.7,"Mplus",11986,7436188,1000,"ordinal","normal","skewed","Extreme","3",1,TRUE,433.108999999997
"3753","Y=~y3",0.901,0.033,0.9,"Mplus",11986,7436188,1000,"ordinal","normal","skewed","Extreme","3",1,TRUE,433.108999999997
"3754","Y~X",0.475,0.054,0.4,"Mplus",11986,7436188,1000,"ordinal","normal","skewed","Extreme","3",1,TRUE,433.108999999997
"3755","Y~Z",0.501,0.055,0.5,"Mplus",11986,7436188,1000,"ordinal","normal","skewed","Extreme","3",1,TRUE,433.108999999997
"3756","Y~X:Z",0.225,0.088,0.3,"Mplus",11986,7436188,1000,"ordinal","normal","skewed","Extreme","3",1,TRUE,433.108999999997
"3757","X~~Z",0.139,0.056,0.2,"Mplus",11986,7436188,1000,"ordinal","normal","skewed","Extreme","3",1,TRUE,433.108999999997
"3758","X=~x1",0.312217373690284,0.0355246692185434,0.4,"LSAM",11986,7436188,1000,"ordinal","normal","skewed","Extreme","3",1,TRUE,0.445999999996275
"3759","X=~x2",0.690869453030632,0.0789743682873772,0.8,"LSAM",11986,7436188,1000,"ordinal","normal","skewed","Extreme","3",1,TRUE,0.445999999996275
"3760","X=~x3",0.722973868443083,0.0806258830711414,0.8,"LSAM",11986,7436188,1000,"ordinal","normal","skewed","Extreme","3",1,TRUE,0.445999999996275
"3761","Z=~z1",0.515581645247953,0.052064680145763,0.6,"LSAM",11986,7436188,1000,"ordinal","normal","skewed","Extreme","3",1,TRUE,0.445999999996275
"3762","Z=~z2",0.533793289735306,0.0694893110272299,0.6,"LSAM",11986,7436188,1000,"ordinal","normal","skewed","Extreme","3",1,TRUE,0.445999999996275
"3763","Z=~z3",0.673884827375824,0.0762515327912644,0.8,"LSAM",11986,7436188,1000,"ordinal","normal","skewed","Extreme","3",1,TRUE,0.445999999996275
"3764","Y=~y1",0.311589377071339,0.0129318000235605,0.4,"LSAM",11986,7436188,1000,"ordinal","normal","skewed","Extreme","3",1,TRUE,0.445999999996275
"3765","Y=~y2",0.679694175518839,0.0587432111883524,0.7,"LSAM",11986,7436188,1000,"ordinal","normal","skewed","Extreme","3",1,TRUE,0.445999999996275
"3766","Y=~y3",0.804145574840065,0.0680820546446857,0.9,"LSAM",11986,7436188,1000,"ordinal","normal","skewed","Extreme","3",1,TRUE,0.445999999996275
"3767","Y~X",0.448101353372384,0.0481036113580426,0.4,"LSAM",11986,7436188,1000,"ordinal","normal","skewed","Extreme","3",1,TRUE,0.445999999996275
"3768","Y~Z",0.479722427098043,0.0843335623083464,0.5,"LSAM",11986,7436188,1000,"ordinal","normal","skewed","Extreme","3",1,TRUE,0.445999999996275
"3769","Y~X:Z",0.198709966281324,0.0928317304064835,0.3,"LSAM",11986,7436188,1000,"ordinal","normal","skewed","Extreme","3",1,TRUE,0.445999999996275
"3770","X~~Z",0.099325799536577,0.0525701719976914,0.2,"LSAM",11986,7436188,1000,"ordinal","normal","skewed","Extreme","3",1,TRUE,0.445999999996275
"3771","X=~x1",0.201303542917019,0.134130086132311,0.4,"MC-PLSc",11987,3577910,300,"ordinal","normal","skewed","Extreme","5",1,TRUE,17.3179999999702
"3772","X=~x2",0.781341222245355,0.144739857095808,0.8,"MC-PLSc",11987,3577910,300,"ordinal","normal","skewed","Extreme","5",1,TRUE,17.3179999999702
"3773","X=~x3",0.838586747280655,0.219621619211744,0.8,"MC-PLSc",11987,3577910,300,"ordinal","normal","skewed","Extreme","5",1,TRUE,17.3179999999702
"3774","Z=~z1",0.644285087701163,0.0741187904162944,0.6,"MC-PLSc",11987,3577910,300,"ordinal","normal","skewed","Extreme","5",1,TRUE,17.3179999999702
"3775","Z=~z2",0.572607009194564,0.0684029155566424,0.6,"MC-PLSc",11987,3577910,300,"ordinal","normal","skewed","Extreme","5",1,TRUE,17.3179999999702
"3776","Z=~z3",0.797781459789562,0.0597708960572594,0.8,"MC-PLSc",11987,3577910,300,"ordinal","normal","skewed","Extreme","5",1,TRUE,17.3179999999702
"3777","Y=~y1",0.461016119857253,0.0796651405966047,0.4,"MC-PLSc",11987,3577910,300,"ordinal","normal","skewed","Extreme","5",1,TRUE,17.3179999999702
"3778","Y=~y2",0.765450860714722,0.0506696576500422,0.7,"MC-PLSc",11987,3577910,300,"ordinal","normal","skewed","Extreme","5",1,TRUE,17.3179999999702
"3779","Y=~y3",0.998983917602078,0.0441211785499047,0.9,"MC-PLSc",11987,3577910,300,"ordinal","normal","skewed","Extreme","5",1,TRUE,17.3179999999702
"3780","Y~X",0.260408680556496,0.0911988023968239,0.4,"MC-PLSc",11987,3577910,300,"ordinal","normal","skewed","Extreme","5",1,TRUE,17.3179999999702
"3781","Y~Z",0.535071249884103,0.0948950342637948,0.5,"MC-PLSc",11987,3577910,300,"ordinal","normal","skewed","Extreme","5",1,TRUE,17.3179999999702
"3782","Y~X:Z",0.341597451355777,0.14242816378613,0.3,"MC-PLSc",11987,3577910,300,"ordinal","normal","skewed","Extreme","5",1,TRUE,17.3179999999702
"3783","X~~Z",0.127955404558803,0.0927391108042938,0.2,"MC-PLSc",11987,3577910,300,"ordinal","normal","skewed","Extreme","5",1,TRUE,17.3179999999702
"3784","X=~x1",-0.0188979381631169,0.166324976390155,0.4,"PLSc",11987,3577910,300,"ordinal","normal","skewed","Extreme","5",1,TRUE,1.23099999997066
"3785","X=~x2",0.703730972879237,0.156706876873669,0.8,"PLSc",11987,3577910,300,"ordinal","normal","skewed","Extreme","5",1,TRUE,1.23099999997066
"3786","X=~x3",0.75346105696172,0.144188122622623,0.8,"PLSc",11987,3577910,300,"ordinal","normal","skewed","Extreme","5",1,TRUE,1.23099999997066
"3787","Z=~z1",0.60339725039018,0.0757580297561467,0.6,"PLSc",11987,3577910,300,"ordinal","normal","skewed","Extreme","5",1,TRUE,1.23099999997066
"3788","Z=~z2",0.541181273043842,0.0870103695811101,0.6,"PLSc",11987,3577910,300,"ordinal","normal","skewed","Extreme","5",1,TRUE,1.23099999997066
"3789","Z=~z3",0.689505898369976,0.0727433878150937,0.8,"PLSc",11987,3577910,300,"ordinal","normal","skewed","Extreme","5",1,TRUE,1.23099999997066
"3790","Y=~y1",0.373089123302796,0.102766238329158,0.4,"PLSc",11987,3577910,300,"ordinal","normal","skewed","Extreme","5",1,TRUE,1.23099999997066
"3791","Y=~y2",0.712686533372683,0.0591102232495795,0.7,"PLSc",11987,3577910,300,"ordinal","normal","skewed","Extreme","5",1,TRUE,1.23099999997066
"3792","Y=~y3",0.982141201547316,0.0536067167800572,0.9,"PLSc",11987,3577910,300,"ordinal","normal","skewed","Extreme","5",1,TRUE,1.23099999997066
"3793","Y~X",0.302536532096721,0.279483773933179,0.4,"PLSc",11987,3577910,300,"ordinal","normal","skewed","Extreme","5",1,TRUE,1.23099999997066
"3794","Y~Z",0.4828886814394,0.192945998628757,0.5,"PLSc",11987,3577910,300,"ordinal","normal","skewed","Extreme","5",1,TRUE,1.23099999997066
"3795","Y~X:Z",0.284067932504326,2.22677817857477,0.3,"PLSc",11987,3577910,300,"ordinal","normal","skewed","Extreme","5",1,TRUE,1.23099999997066
"3796","X~~Z",0.121447581545856,0.0971673946695689,0.2,"PLSc",11987,3577910,300,"ordinal","normal","skewed","Extreme","5",1,TRUE,1.23099999997066
"3797","X=~x1",0.267246797789538,0.158966753177584,0.4,"PLS",11987,3577910,300,"ordinal","normal","skewed","Extreme","5",1,TRUE,0.85999999998603
"3798","X=~x2",0.869468335103998,0.0505460978284487,0.8,"PLS",11987,3577910,300,"ordinal","normal","skewed","Extreme","5",1,TRUE,0.85999999998603
"3799","X=~x3",0.887191345804591,0.0430326979803877,0.8,"PLS",11987,3577910,300,"ordinal","normal","skewed","Extreme","5",1,TRUE,0.85999999998603
"3800","Z=~z1",0.74567307380621,0.0472483116179463,0.6,"PLS",11987,3577910,300,"ordinal","normal","skewed","Extreme","5",1,TRUE,0.85999999998603
"3801","Z=~z2",0.69267985411682,0.0583299909730534,0.6,"PLS",11987,3577910,300,"ordinal","normal","skewed","Extreme","5",1,TRUE,0.85999999998603
"3802","Z=~z3",0.839553855260487,0.0281759646682835,0.8,"PLS",11987,3577910,300,"ordinal","normal","skewed","Extreme","5",1,TRUE,0.85999999998603
"3803","Y=~y1",0.572665684694973,0.0800980321179087,0.4,"PLS",11987,3577910,300,"ordinal","normal","skewed","Extreme","5",1,TRUE,0.85999999998603
"3804","Y=~y2",0.85725290344473,0.0249977986760803,0.7,"PLS",11987,3577910,300,"ordinal","normal","skewed","Extreme","5",1,TRUE,0.85999999998603
"3805","Y=~y3",0.924396222735126,0.0110609540312356,0.9,"PLS",11987,3577910,300,"ordinal","normal","skewed","Extreme","5",1,TRUE,0.85999999998603
"3806","Y~X",0.246840224247937,0.0482382434059675,0.4,"PLS",11987,3577910,300,"ordinal","normal","skewed","Extreme","5",1,TRUE,0.85999999998603
"3807","Y~Z",0.388340651419262,0.0530913830923429,0.5,"PLS",11987,3577910,300,"ordinal","normal","skewed","Extreme","5",1,TRUE,0.85999999998603
"3808","Y~X:Z",0.179747523968858,0.0543097710471816,0.3,"PLS",11987,3577910,300,"ordinal","normal","skewed","Extreme","5",1,TRUE,0.85999999998603
"3809","X~~Z",0.0816887093069402,0.0572685057180104,0.2,"PLS",11987,3577910,300,"ordinal","normal","skewed","Extreme","5",1,TRUE,0.85999999998603
"3810","X=~x1",0.351,0.073,0.4,"Mplus",11987,3577910,300,"ordinal","normal","skewed","Extreme","5",1,TRUE,279.542000000016
"3811","X=~x2",0.773,0.07,0.8,"Mplus",11987,3577910,300,"ordinal","normal","skewed","Extreme","5",1,TRUE,279.542000000016
"3812","X=~x3",0.81,0.073,0.8,"Mplus",11987,3577910,300,"ordinal","normal","skewed","Extreme","5",1,TRUE,279.542000000016
"3813","Z=~z1",0.584,0.068,0.6,"Mplus",11987,3577910,300,"ordinal","normal","skewed","Extreme","5",1,TRUE,279.542000000016
"3814","Z=~z2",0.52,0.061,0.6,"Mplus",11987,3577910,300,"ordinal","normal","skewed","Extreme","5",1,TRUE,279.542000000016
"3815","Z=~z3",0.809,0.062,0.8,"Mplus",11987,3577910,300,"ordinal","normal","skewed","Extreme","5",1,TRUE,279.542000000016
"3816","Y=~y1",0.449,0.072,0.4,"Mplus",11987,3577910,300,"ordinal","normal","skewed","Extreme","5",1,TRUE,279.542000000016
"3817","Y=~y2",0.715,0.053,0.7,"Mplus",11987,3577910,300,"ordinal","normal","skewed","Extreme","5",1,TRUE,279.542000000016
"3818","Y=~y3",0.974,0.042,0.9,"Mplus",11987,3577910,300,"ordinal","normal","skewed","Extreme","5",1,TRUE,279.542000000016
"3819","Y~X",0.347,0.072,0.4,"Mplus",11987,3577910,300,"ordinal","normal","skewed","Extreme","5",1,TRUE,279.542000000016
"3820","Y~Z",0.488,0.08,0.5,"Mplus",11987,3577910,300,"ordinal","normal","skewed","Extreme","5",1,TRUE,279.542000000016
"3821","Y~X:Z",0.199,0.12,0.3,"Mplus",11987,3577910,300,"ordinal","normal","skewed","Extreme","5",1,TRUE,279.542000000016
"3822","X~~Z",0.136,0.088,0.2,"Mplus",11987,3577910,300,"ordinal","normal","skewed","Extreme","5",1,TRUE,279.542000000016
"3823","X=~x1",0.334639122507724,0.0608362984999124,0.4,"LSAM",11987,3577910,300,"ordinal","normal","skewed","Extreme","5",1,TRUE,0.439000000013039
"3824","X=~x2",0.730604948111829,0.12610409934524,0.8,"LSAM",11987,3577910,300,"ordinal","normal","skewed","Extreme","5",1,TRUE,0.439000000013039
"3825","X=~x3",0.744274037195387,0.12679529456471,0.8,"LSAM",11987,3577910,300,"ordinal","normal","skewed","Extreme","5",1,TRUE,0.439000000013039
"3826","Z=~z1",0.524815353876149,0.0525799201726384,0.6,"LSAM",11987,3577910,300,"ordinal","normal","skewed","Extreme","5",1,TRUE,0.439000000013039
"3827","Z=~z2",0.47746505209337,0.081260305172855,0.6,"LSAM",11987,3577910,300,"ordinal","normal","skewed","Extreme","5",1,TRUE,0.439000000013039
"3828","Z=~z3",0.850263774208351,0.109037082807732,0.8,"LSAM",11987,3577910,300,"ordinal","normal","skewed","Extreme","5",1,TRUE,0.439000000013039
"3829","Y=~y1",0.439984726587006,0.0286430770160992,0.4,"LSAM",11987,3577910,300,"ordinal","normal","skewed","Extreme","5",1,TRUE,0.439000000013039
"3830","Y=~y2",0.740243088753481,0.0650107916766069,0.7,"LSAM",11987,3577910,300,"ordinal","normal","skewed","Extreme","5",1,TRUE,0.439000000013039
"3831","Y=~y3",0.895414048934029,0.0677959594016696,0.9,"LSAM",11987,3577910,300,"ordinal","normal","skewed","Extreme","5",1,TRUE,0.439000000013039
"3832","Y~X",0.3492908352144,0.0797979092867689,0.4,"LSAM",11987,3577910,300,"ordinal","normal","skewed","Extreme","5",1,TRUE,0.439000000013039
"3833","Y~Z",0.454999731825177,0.0959522155465304,0.5,"LSAM",11987,3577910,300,"ordinal","normal","skewed","Extreme","5",1,TRUE,0.439000000013039
"3834","Y~X:Z",0.299935185578885,0.095690684959666,0.3,"LSAM",11987,3577910,300,"ordinal","normal","skewed","Extreme","5",1,TRUE,0.439000000013039
"3835","X~~Z",0.0859966276325916,0.0766478671789173,0.2,"LSAM",11987,3577910,300,"ordinal","normal","skewed","Extreme","5",1,TRUE,0.439000000013039
"3836","X=~x1",0.393343651203647,0.0496101531453447,0.4,"MC-PLSc",11988,3107847,1000,"ordinal","normal","skewed","Extreme","5",1,TRUE,19.5210000000079
"3837","X=~x2",0.775951684589097,0.0379011406803023,0.8,"MC-PLSc",11988,3107847,1000,"ordinal","normal","skewed","Extreme","5",1,TRUE,19.5210000000079
"3838","X=~x3",0.821043282387802,0.0441634714684023,0.8,"MC-PLSc",11988,3107847,1000,"ordinal","normal","skewed","Extreme","5",1,TRUE,19.5210000000079
"3839","Z=~z1",0.612106936673583,0.0370872100920109,0.6,"MC-PLSc",11988,3107847,1000,"ordinal","normal","skewed","Extreme","5",1,TRUE,19.5210000000079
"3840","Z=~z2",0.636262364708851,0.0414145340660694,0.6,"MC-PLSc",11988,3107847,1000,"ordinal","normal","skewed","Extreme","5",1,TRUE,19.5210000000079
"3841","Z=~z3",0.731325443187019,0.0395719848170193,0.8,"MC-PLSc",11988,3107847,1000,"ordinal","normal","skewed","Extreme","5",1,TRUE,19.5210000000079
"3842","Y=~y1",0.446118420494362,0.037185905256716,0.4,"MC-PLSc",11988,3107847,1000,"ordinal","normal","skewed","Extreme","5",1,TRUE,19.5210000000079
"3843","Y=~y2",0.672846942701145,0.0326461863747496,0.7,"MC-PLSc",11988,3107847,1000,"ordinal","normal","skewed","Extreme","5",1,TRUE,19.5210000000079
"3844","Y=~y3",0.912620431787867,0.0316659746299119,0.9,"MC-PLSc",11988,3107847,1000,"ordinal","normal","skewed","Extreme","5",1,TRUE,19.5210000000079
"3845","Y~X",0.405685102840799,0.0501525357402683,0.4,"MC-PLSc",11988,3107847,1000,"ordinal","normal","skewed","Extreme","5",1,TRUE,19.5210000000079
"3846","Y~Z",0.507850437395593,0.050227133624672,0.5,"MC-PLSc",11988,3107847,1000,"ordinal","normal","skewed","Extreme","5",1,TRUE,19.5210000000079
"3847","Y~X:Z",0.271466509609213,0.079973337261495,0.3,"MC-PLSc",11988,3107847,1000,"ordinal","normal","skewed","Extreme","5",1,TRUE,19.5210000000079
"3848","X~~Z",0.10620115407281,0.049167387344706,0.2,"MC-PLSc",11988,3107847,1000,"ordinal","normal","skewed","Extreme","5",1,TRUE,19.5210000000079
"3849","X=~x1",0.355333511924694,0.0696504532621022,0.4,"PLSc",11988,3107847,1000,"ordinal","normal","skewed","Extreme","5",1,TRUE,1.36099999997532
"3850","X=~x2",0.707159400256336,0.05282639441414,0.8,"PLSc",11988,3107847,1000,"ordinal","normal","skewed","Extreme","5",1,TRUE,1.36099999997532
"3851","X=~x3",0.759613442730119,0.05028237546869,0.8,"PLSc",11988,3107847,1000,"ordinal","normal","skewed","Extreme","5",1,TRUE,1.36099999997532
"3852","Z=~z1",0.545199658996788,0.0517984430766579,0.6,"PLSc",11988,3107847,1000,"ordinal","normal","skewed","Extreme","5",1,TRUE,1.36099999997532
"3853","Z=~z2",0.578697315603104,0.0491972178662726,0.6,"PLSc",11988,3107847,1000,"ordinal","normal","skewed","Extreme","5",1,TRUE,1.36099999997532
"3854","Z=~z3",0.670380336468087,0.0467029203547844,0.8,"PLSc",11988,3107847,1000,"ordinal","normal","skewed","Extreme","5",1,TRUE,1.36099999997532
"3855","Y=~y1",0.42963236425296,0.0445553546603525,0.4,"PLSc",11988,3107847,1000,"ordinal","normal","skewed","Extreme","5",1,TRUE,1.36099999997532
"3856","Y=~y2",0.605665028874868,0.0395129010726702,0.7,"PLSc",11988,3107847,1000,"ordinal","normal","skewed","Extreme","5",1,TRUE,1.36099999997532
"3857","Y=~y3",0.854387573508965,0.0350943616645689,0.9,"PLSc",11988,3107847,1000,"ordinal","normal","skewed","Extreme","5",1,TRUE,1.36099999997532
"3858","Y~X",0.426581167950586,0.0489964394029498,0.4,"PLSc",11988,3107847,1000,"ordinal","normal","skewed","Extreme","5",1,TRUE,1.36099999997532
"3859","Y~Z",0.488870954246022,0.0485832841648896,0.5,"PLSc",11988,3107847,1000,"ordinal","normal","skewed","Extreme","5",1,TRUE,1.36099999997532
"3860","Y~X:Z",0.281646333163091,0.0814617498623001,0.3,"PLSc",11988,3107847,1000,"ordinal","normal","skewed","Extreme","5",1,TRUE,1.36099999997532
"3861","X~~Z",0.0972586876320714,0.0452029813721449,0.2,"PLSc",11988,3107847,1000,"ordinal","normal","skewed","Extreme","5",1,TRUE,1.36099999997532
"3862","X=~x1",0.502285277937592,0.0524672366009565,0.4,"PLS",11988,3107847,1000,"ordinal","normal","skewed","Extreme","5",1,TRUE,0.928000000014435
"3863","X=~x2",0.846317839586617,0.0198829017402977,0.8,"PLS",11988,3107847,1000,"ordinal","normal","skewed","Extreme","5",1,TRUE,0.928000000014435
"3864","X=~x3",0.863166201836719,0.0172660728672169,0.8,"PLS",11988,3107847,1000,"ordinal","normal","skewed","Extreme","5",1,TRUE,0.928000000014435
"3865","Z=~z1",0.724813990175476,0.0300998077803907,0.6,"PLS",11988,3107847,1000,"ordinal","normal","skewed","Extreme","5",1,TRUE,0.928000000014435
"3866","Z=~z2",0.73901593017239,0.0279971934643492,0.6,"PLS",11988,3107847,1000,"ordinal","normal","skewed","Extreme","5",1,TRUE,0.928000000014435
"3867","Z=~z3",0.800847729723954,0.022012014358538,0.8,"PLS",11988,3107847,1000,"ordinal","normal","skewed","Extreme","5",1,TRUE,0.928000000014435
"3868","Y=~y1",0.575411804353529,0.0382807774359774,0.4,"PLS",11988,3107847,1000,"ordinal","normal","skewed","Extreme","5",1,TRUE,0.928000000014435
"3869","Y=~y2",0.795756943967137,0.0214538718860717,0.7,"PLS",11988,3107847,1000,"ordinal","normal","skewed","Extreme","5",1,TRUE,0.928000000014435
"3870","Y=~y3",0.891177508260156,0.00990996511680535,0.9,"PLS",11988,3107847,1000,"ordinal","normal","skewed","Extreme","5",1,TRUE,0.928000000014435
"3871","Y~X",0.311366583282299,0.0278589688478679,0.4,"PLS",11988,3107847,1000,"ordinal","normal","skewed","Extreme","5",1,TRUE,0.928000000014435
"3872","Y~Z",0.350165280176131,0.0282520788092145,0.5,"PLS",11988,3107847,1000,"ordinal","normal","skewed","Extreme","5",1,TRUE,0.928000000014435
"3873","Y~X:Z",0.150814710687508,0.0285360661434669,0.3,"PLS",11988,3107847,1000,"ordinal","normal","skewed","Extreme","5",1,TRUE,0.928000000014435
"3874","X~~Z",0.0649805432154933,0.0301052627024996,0.2,"PLS",11988,3107847,1000,"ordinal","normal","skewed","Extreme","5",1,TRUE,0.928000000014435
"3875","X=~x1",0.379,0.038,0.4,"Mplus",11988,3107847,1000,"ordinal","normal","skewed","Extreme","5",1,TRUE,587.520000000019
"3876","X=~x2",0.799,0.035,0.8,"Mplus",11988,3107847,1000,"ordinal","normal","skewed","Extreme","5",1,TRUE,587.520000000019
"3877","X=~x3",0.78,0.034,0.8,"Mplus",11988,3107847,1000,"ordinal","normal","skewed","Extreme","5",1,TRUE,587.520000000019
"3878","Z=~z1",0.593,0.035,0.6,"Mplus",11988,3107847,1000,"ordinal","normal","skewed","Extreme","5",1,TRUE,587.520000000019
"3879","Z=~z2",0.613,0.035,0.6,"Mplus",11988,3107847,1000,"ordinal","normal","skewed","Extreme","5",1,TRUE,587.520000000019
"3880","Z=~z3",0.744,0.035,0.8,"Mplus",11988,3107847,1000,"ordinal","normal","skewed","Extreme","5",1,TRUE,587.520000000019
"3881","Y=~y1",0.418,0.035,0.4,"Mplus",11988,3107847,1000,"ordinal","normal","skewed","Extreme","5",1,TRUE,587.520000000019
"3882","Y=~y2",0.674,0.031,0.7,"Mplus",11988,3107847,1000,"ordinal","normal","skewed","Extreme","5",1,TRUE,587.520000000019
"3883","Y=~y3",0.901,0.028,0.9,"Mplus",11988,3107847,1000,"ordinal","normal","skewed","Extreme","5",1,TRUE,587.520000000019
"3884","Y~X",0.423,0.042,0.4,"Mplus",11988,3107847,1000,"ordinal","normal","skewed","Extreme","5",1,TRUE,587.520000000019
"3885","Y~Z",0.512,0.043,0.5,"Mplus",11988,3107847,1000,"ordinal","normal","skewed","Extreme","5",1,TRUE,587.520000000019
"3886","Y~X:Z",0.207,0.062,0.3,"Mplus",11988,3107847,1000,"ordinal","normal","skewed","Extreme","5",1,TRUE,587.520000000019
"3887","X~~Z",0.115,0.049,0.2,"Mplus",11988,3107847,1000,"ordinal","normal","skewed","Extreme","5",1,TRUE,587.520000000019
"3888","X=~x1",0.33501253076747,0.0332045461443777,0.4,"LSAM",11988,3107847,1000,"ordinal","normal","skewed","Extreme","5",1,TRUE,0.425999999977648
"3889","X=~x2",0.739103711046709,0.0684797021751608,0.8,"LSAM",11988,3107847,1000,"ordinal","normal","skewed","Extreme","5",1,TRUE,0.425999999977648
"3890","X=~x3",0.7433115708304,0.0685855665626455,0.8,"LSAM",11988,3107847,1000,"ordinal","normal","skewed","Extreme","5",1,TRUE,0.425999999977648
"3891","Z=~z1",0.575234847946442,0.0291670849523625,0.6,"LSAM",11988,3107847,1000,"ordinal","normal","skewed","Extreme","5",1,TRUE,0.425999999977648
"3892","Z=~z2",0.567804947523879,0.0517109849175772,0.6,"LSAM",11988,3107847,1000,"ordinal","normal","skewed","Extreme","5",1,TRUE,0.425999999977648
"3893","Z=~z3",0.65172063022482,0.0558528144262463,0.8,"LSAM",11988,3107847,1000,"ordinal","normal","skewed","Extreme","5",1,TRUE,0.425999999977648
"3894","Y=~y1",0.382770736667139,0.0148718587636396,0.4,"LSAM",11988,3107847,1000,"ordinal","normal","skewed","Extreme","5",1,TRUE,0.425999999977648
"3895","Y=~y2",0.655194568441522,0.0468442992532272,0.7,"LSAM",11988,3107847,1000,"ordinal","normal","skewed","Extreme","5",1,TRUE,0.425999999977648
"3896","Y=~y3",0.844484485578483,0.0560295354860049,0.9,"LSAM",11988,3107847,1000,"ordinal","normal","skewed","Extreme","5",1,TRUE,0.425999999977648
"3897","Y~X",0.421055154263682,0.0461978153460712,0.4,"LSAM",11988,3107847,1000,"ordinal","normal","skewed","Extreme","5",1,TRUE,0.425999999977648
"3898","Y~Z",0.495439258976897,0.0500779050086009,0.5,"LSAM",11988,3107847,1000,"ordinal","normal","skewed","Extreme","5",1,TRUE,0.425999999977648
"3899","Y~X:Z",0.237665300736335,0.0598374585588117,0.3,"LSAM",11988,3107847,1000,"ordinal","normal","skewed","Extreme","5",1,TRUE,0.425999999977648
"3900","X~~Z",0.0913545677168226,0.0460123927868121,0.2,"LSAM",11988,3107847,1000,"ordinal","normal","skewed","Extreme","5",1,TRUE,0.425999999977648
"3901","X=~x1",0.498320953015241,0.120505349044137,0.4,"MC-PLSc",11989,5406467,300,"ordinal","skewed","skewed","Symmetric","2",1,TRUE,13.2880000000005
"3902","X=~x2",0.568459766843338,0.173866957677036,0.8,"MC-PLSc",11989,5406467,300,"ordinal","skewed","skewed","Symmetric","2",1,TRUE,13.2880000000005
"3903","X=~x3",0.717852049453077,0.166597275629234,0.8,"MC-PLSc",11989,5406467,300,"ordinal","skewed","skewed","Symmetric","2",1,TRUE,13.2880000000005
"3904","Z=~z1",0.490020915801067,0.106783755052587,0.6,"MC-PLSc",11989,5406467,300,"ordinal","skewed","skewed","Symmetric","2",1,TRUE,13.2880000000005
"3905","Z=~z2",0.566134145399489,0.101355494919139,0.6,"MC-PLSc",11989,5406467,300,"ordinal","skewed","skewed","Symmetric","2",1,TRUE,13.2880000000005
"3906","Z=~z3",0.767906716812427,0.112923473074742,0.8,"MC-PLSc",11989,5406467,300,"ordinal","skewed","skewed","Symmetric","2",1,TRUE,13.2880000000005
"3907","Y=~y1",0.412542850152872,0.0998837097328897,0.4,"MC-PLSc",11989,5406467,300,"ordinal","skewed","skewed","Symmetric","2",1,TRUE,13.2880000000005
"3908","Y=~y2",0.552221182621001,0.122733532309601,0.7,"MC-PLSc",11989,5406467,300,"ordinal","skewed","skewed","Symmetric","2",1,TRUE,13.2880000000005
"3909","Y=~y3",0.711009800993284,0.115660952879216,0.9,"MC-PLSc",11989,5406467,300,"ordinal","skewed","skewed","Symmetric","2",1,TRUE,13.2880000000005
"3910","Y~X",0.394236027662033,0.140667942794504,0.4,"MC-PLSc",11989,5406467,300,"ordinal","skewed","skewed","Symmetric","2",1,TRUE,13.2880000000005
"3911","Y~Z",0.546260269298643,0.151064083139199,0.5,"MC-PLSc",11989,5406467,300,"ordinal","skewed","skewed","Symmetric","2",1,TRUE,13.2880000000005
"3912","Y~X:Z",0.670138588763215,0.152292420170259,0.3,"MC-PLSc",11989,5406467,300,"ordinal","skewed","skewed","Symmetric","2",1,TRUE,13.2880000000005
"3913","X~~Z",0.158318939188856,0.125144035610489,0.2,"MC-PLSc",11989,5406467,300,"ordinal","skewed","skewed","Symmetric","2",1,TRUE,13.2880000000005
"3914","X=~x1",0.448629339878791,0.123915585177505,0.4,"PLSc",11989,5406467,300,"ordinal","skewed","skewed","Symmetric","2",1,TRUE,1.27100000000792
"3915","X=~x2",0.405087894922004,0.144054299531922,0.8,"PLSc",11989,5406467,300,"ordinal","skewed","skewed","Symmetric","2",1,TRUE,1.27100000000792
"3916","X=~x3",0.567061792141681,0.130560400450615,0.8,"PLSc",11989,5406467,300,"ordinal","skewed","skewed","Symmetric","2",1,TRUE,1.27100000000792
"3917","Z=~z1",0.380590101951621,0.112544631087859,0.6,"PLSc",11989,5406467,300,"ordinal","skewed","skewed","Symmetric","2",1,TRUE,1.27100000000792
"3918","Z=~z2",0.463021003630564,0.0953455021180885,0.6,"PLSc",11989,5406467,300,"ordinal","skewed","skewed","Symmetric","2",1,TRUE,1.27100000000792
"3919","Z=~z3",0.62494155428135,0.106206051027811,0.8,"PLSc",11989,5406467,300,"ordinal","skewed","skewed","Symmetric","2",1,TRUE,1.27100000000792
"3920","Y=~y1",0.35089658646842,0.0810350129752394,0.4,"PLSc",11989,5406467,300,"ordinal","skewed","skewed","Symmetric","2",1,TRUE,1.27100000000792
"3921","Y=~y2",0.343363833891288,0.0894731286467497,0.7,"PLSc",11989,5406467,300,"ordinal","skewed","skewed","Symmetric","2",1,TRUE,1.27100000000792
"3922","Y=~y3",0.526024085119534,0.0995339269827097,0.9,"PLSc",11989,5406467,300,"ordinal","skewed","skewed","Symmetric","2",1,TRUE,1.27100000000792
"3923","Y~X",0.412769046778646,6.40819955467585,0.4,"PLSc",11989,5406467,300,"ordinal","skewed","skewed","Symmetric","2",1,TRUE,1.27100000000792
"3924","Y~Z",0.48646052327921,9.11279992831217,0.5,"PLSc",11989,5406467,300,"ordinal","skewed","skewed","Symmetric","2",1,TRUE,1.27100000000792
"3925","Y~X:Z",0.553153384099841,19.3881302535105,0.3,"PLSc",11989,5406467,300,"ordinal","skewed","skewed","Symmetric","2",1,TRUE,1.27100000000792
"3926","X~~Z",0.157633367709601,0.133266725642316,0.2,"PLSc",11989,5406467,300,"ordinal","skewed","skewed","Symmetric","2",1,TRUE,1.27100000000792
"3927","X=~x1",0.608312000324696,0.130548008124356,0.4,"PLS",11989,5406467,300,"ordinal","skewed","skewed","Symmetric","2",1,TRUE,0.88900000002468
"3928","X=~x2",0.675670560133516,0.126204095978789,0.8,"PLS",11989,5406467,300,"ordinal","skewed","skewed","Symmetric","2",1,TRUE,0.88900000002468
"3929","X=~x3",0.788881532841851,0.0846599513691943,0.8,"PLS",11989,5406467,300,"ordinal","skewed","skewed","Symmetric","2",1,TRUE,0.88900000002468
"3930","Z=~z1",0.594302305937907,0.102756022724614,0.6,"PLS",11989,5406467,300,"ordinal","skewed","skewed","Symmetric","2",1,TRUE,0.88900000002468
"3931","Z=~z2",0.669698107459809,0.0810935634077233,0.6,"PLS",11989,5406467,300,"ordinal","skewed","skewed","Symmetric","2",1,TRUE,0.88900000002468
"3932","Z=~z3",0.814406965107274,0.0577920505191065,0.8,"PLS",11989,5406467,300,"ordinal","skewed","skewed","Symmetric","2",1,TRUE,0.88900000002468
"3933","Y=~y1",0.519143434066948,0.118128829590515,0.4,"PLS",11989,5406467,300,"ordinal","skewed","skewed","Symmetric","2",1,TRUE,0.88900000002468
"3934","Y=~y2",0.646202836526326,0.0817923971992527,0.7,"PLS",11989,5406467,300,"ordinal","skewed","skewed","Symmetric","2",1,TRUE,0.88900000002468
"3935","Y=~y3",0.799700741707694,0.0616425927377089,0.9,"PLS",11989,5406467,300,"ordinal","skewed","skewed","Symmetric","2",1,TRUE,0.88900000002468
"3936","Y~X",0.212573512465671,0.0480185732056407,0.4,"PLS",11989,5406467,300,"ordinal","skewed","skewed","Symmetric","2",1,TRUE,0.88900000002468
"3937","Y~Z",0.280844044531665,0.0523133569038678,0.5,"PLS",11989,5406467,300,"ordinal","skewed","skewed","Symmetric","2",1,TRUE,0.88900000002468
"3938","Y~X:Z",0.198639768366415,0.0525322837735578,0.3,"PLS",11989,5406467,300,"ordinal","skewed","skewed","Symmetric","2",1,TRUE,0.88900000002468
"3939","X~~Z",0.0781479583881978,0.0588312504339568,0.2,"PLS",11989,5406467,300,"ordinal","skewed","skewed","Symmetric","2",1,TRUE,0.88900000002468
"3940","X=~x1",0.344,0.091,0.4,"Mplus",11989,5406467,300,"ordinal","skewed","skewed","Symmetric","2",1,TRUE,117.649000000034
"3941","X=~x2",0.646,0.097,0.8,"Mplus",11989,5406467,300,"ordinal","skewed","skewed","Symmetric","2",1,TRUE,117.649000000034
"3942","X=~x3",0.723,0.102,0.8,"Mplus",11989,5406467,300,"ordinal","skewed","skewed","Symmetric","2",1,TRUE,117.649000000034
"3943","Z=~z1",0.468,0.104,0.6,"Mplus",11989,5406467,300,"ordinal","skewed","skewed","Symmetric","2",1,TRUE,117.649000000034
"3944","Z=~z2",0.473,0.094,0.6,"Mplus",11989,5406467,300,"ordinal","skewed","skewed","Symmetric","2",1,TRUE,117.649000000034
"3945","Z=~z3",0.806,0.129,0.8,"Mplus",11989,5406467,300,"ordinal","skewed","skewed","Symmetric","2",1,TRUE,117.649000000034
"3946","Y=~y1",0.286,0.106,0.4,"Mplus",11989,5406467,300,"ordinal","skewed","skewed","Symmetric","2",1,TRUE,117.649000000034
"3947","Y=~y2",0.607,0.119,0.7,"Mplus",11989,5406467,300,"ordinal","skewed","skewed","Symmetric","2",1,TRUE,117.649000000034
"3948","Y=~y3",0.724,0.122,0.9,"Mplus",11989,5406467,300,"ordinal","skewed","skewed","Symmetric","2",1,TRUE,117.649000000034
"3949","Y~X",0.366,0.121,0.4,"Mplus",11989,5406467,300,"ordinal","skewed","skewed","Symmetric","2",1,TRUE,117.649000000034
"3950","Y~Z",0.52,0.115,0.5,"Mplus",11989,5406467,300,"ordinal","skewed","skewed","Symmetric","2",1,TRUE,117.649000000034
"3951","Y~X:Z",0.644,0.141,0.3,"Mplus",11989,5406467,300,"ordinal","skewed","skewed","Symmetric","2",1,TRUE,117.649000000034
"3952","X~~Z",0.116,0.131,0.2,"Mplus",11989,5406467,300,"ordinal","skewed","skewed","Symmetric","2",1,TRUE,117.649000000034
"3953","X=~x1",0.310001816345929,0.0732300579648876,0.4,"LSAM",11989,5406467,300,"ordinal","skewed","skewed","Symmetric","2",1,TRUE,0.573000000033062
"3954","X=~x2",0.560468785882272,0.17352136754201,0.8,"LSAM",11989,5406467,300,"ordinal","skewed","skewed","Symmetric","2",1,TRUE,0.573000000033062
"3955","X=~x3",0.609073430352735,0.187087744621849,0.8,"LSAM",11989,5406467,300,"ordinal","skewed","skewed","Symmetric","2",1,TRUE,0.573000000033062
"3956","Z=~z1",0.399530796994964,0.142305562372135,0.6,"LSAM",11989,5406467,300,"ordinal","skewed","skewed","Symmetric","2",1,TRUE,0.573000000033062
"3957","Z=~z2",0.425128749927597,0.180166717432135,0.6,"LSAM",11989,5406467,300,"ordinal","skewed","skewed","Symmetric","2",1,TRUE,0.573000000033062
"3958","Z=~z3",0.648603128777742,0.234743767516983,0.8,"LSAM",11989,5406467,300,"ordinal","skewed","skewed","Symmetric","2",1,TRUE,0.573000000033062
"3959","Y=~y1",0.296134566789321,0.0254471254976159,0.4,"LSAM",11989,5406467,300,"ordinal","skewed","skewed","Symmetric","2",1,TRUE,0.573000000033062
"3960","Y=~y2",0.519651230973054,0.169237407864804,0.7,"LSAM",11989,5406467,300,"ordinal","skewed","skewed","Symmetric","2",1,TRUE,0.573000000033062
"3961","Y=~y3",0.509877426545879,0.164901768691378,0.9,"LSAM",11989,5406467,300,"ordinal","skewed","skewed","Symmetric","2",1,TRUE,0.573000000033062
"3962","Y~X",0.346623208673355,0.240722537604069,0.4,"LSAM",11989,5406467,300,"ordinal","skewed","skewed","Symmetric","2",1,TRUE,0.573000000033062
"3963","Y~Z",0.464178254874978,0.562257471945014,0.5,"LSAM",11989,5406467,300,"ordinal","skewed","skewed","Symmetric","2",1,TRUE,0.573000000033062
"3964","Y~X:Z",0.530839153073295,0.227485344965804,0.3,"LSAM",11989,5406467,300,"ordinal","skewed","skewed","Symmetric","2",1,TRUE,0.573000000033062
"3965","X~~Z",0.139742331326378,0.190703743460153,0.2,"LSAM",11989,5406467,300,"ordinal","skewed","skewed","Symmetric","2",1,TRUE,0.573000000033062
"3966","X=~x1",0.354270383715573,0.0617149201258416,0.4,"MC-PLSc",11990,7665117,1000,"ordinal","skewed","skewed","Symmetric","2",1,TRUE,15.5659999999916
"3967","X=~x2",0.72082719125805,0.0554819948765879,0.8,"MC-PLSc",11990,7665117,1000,"ordinal","skewed","skewed","Symmetric","2",1,TRUE,15.5659999999916
"3968","X=~x3",0.734761781442704,0.0598573119869131,0.8,"MC-PLSc",11990,7665117,1000,"ordinal","skewed","skewed","Symmetric","2",1,TRUE,15.5659999999916
"3969","Z=~z1",0.598696263423958,0.0504411841084746,0.6,"MC-PLSc",11990,7665117,1000,"ordinal","skewed","skewed","Symmetric","2",1,TRUE,15.5659999999916
"3970","Z=~z2",0.485367681836739,0.0547335320920385,0.6,"MC-PLSc",11990,7665117,1000,"ordinal","skewed","skewed","Symmetric","2",1,TRUE,15.5659999999916
"3971","Z=~z3",0.761938278707686,0.0509731811588284,0.8,"MC-PLSc",11990,7665117,1000,"ordinal","skewed","skewed","Symmetric","2",1,TRUE,15.5659999999916
"3972","Y=~y1",0.352125160830018,0.0508980710352844,0.4,"MC-PLSc",11990,7665117,1000,"ordinal","skewed","skewed","Symmetric","2",1,TRUE,15.5659999999916
"3973","Y=~y2",0.651375644296447,0.0473395896903748,0.7,"MC-PLSc",11990,7665117,1000,"ordinal","skewed","skewed","Symmetric","2",1,TRUE,15.5659999999916
"3974","Y=~y3",0.773901248282015,0.0472921930277819,0.9,"MC-PLSc",11990,7665117,1000,"ordinal","skewed","skewed","Symmetric","2",1,TRUE,15.5659999999916
"3975","Y~X",0.383496083318325,0.0657818247591543,0.4,"MC-PLSc",11990,7665117,1000,"ordinal","skewed","skewed","Symmetric","2",1,TRUE,15.5659999999916
"3976","Y~Z",0.577032757763319,0.0559552406480152,0.5,"MC-PLSc",11990,7665117,1000,"ordinal","skewed","skewed","Symmetric","2",1,TRUE,15.5659999999916
"3977","Y~X:Z",0.303331564612719,0.0876414252123846,0.3,"MC-PLSc",11990,7665117,1000,"ordinal","skewed","skewed","Symmetric","2",1,TRUE,15.5659999999916
"3978","X~~Z",0.26405640418193,0.0591511908817706,0.2,"MC-PLSc",11990,7665117,1000,"ordinal","skewed","skewed","Symmetric","2",1,TRUE,15.5659999999916
"3979","X=~x1",0.269567145805539,0.0711158384436544,0.4,"PLSc",11990,7665117,1000,"ordinal","skewed","skewed","Symmetric","2",1,TRUE,1.37400000001071
"3980","X=~x2",0.586759769705403,0.0544568531851619,0.8,"PLSc",11990,7665117,1000,"ordinal","skewed","skewed","Symmetric","2",1,TRUE,1.37400000001071
"3981","X=~x3",0.607577747418576,0.0538373905111603,0.8,"PLSc",11990,7665117,1000,"ordinal","skewed","skewed","Symmetric","2",1,TRUE,1.37400000001071
"3982","Z=~z1",0.501616018696111,0.047958611142479,0.6,"PLSc",11990,7665117,1000,"ordinal","skewed","skewed","Symmetric","2",1,TRUE,1.37400000001071
"3983","Z=~z2",0.357114522038978,0.05448182812435,0.6,"PLSc",11990,7665117,1000,"ordinal","skewed","skewed","Symmetric","2",1,TRUE,1.37400000001071
"3984","Z=~z3",0.625429934427809,0.0484652981353875,0.8,"PLSc",11990,7665117,1000,"ordinal","skewed","skewed","Symmetric","2",1,TRUE,1.37400000001071
"3985","Y=~y1",0.279304089103825,0.0473316920378172,0.4,"PLSc",11990,7665117,1000,"ordinal","skewed","skewed","Symmetric","2",1,TRUE,1.37400000001071
"3986","Y=~y2",0.521403174283689,0.0385754434780734,0.7,"PLSc",11990,7665117,1000,"ordinal","skewed","skewed","Symmetric","2",1,TRUE,1.37400000001071
"3987","Y=~y3",0.618594344847541,0.0410326749507207,0.9,"PLSc",11990,7665117,1000,"ordinal","skewed","skewed","Symmetric","2",1,TRUE,1.37400000001071
"3988","Y~X",0.372074249825176,0.0636214036985387,0.4,"PLSc",11990,7665117,1000,"ordinal","skewed","skewed","Symmetric","2",1,TRUE,1.37400000001071
"3989","Y~Z",0.567712362752024,0.065217977796763,0.5,"PLSc",11990,7665117,1000,"ordinal","skewed","skewed","Symmetric","2",1,TRUE,1.37400000001071
"3990","Y~X:Z",0.155915814177583,0.0734543931991886,0.3,"PLSc",11990,7665117,1000,"ordinal","skewed","skewed","Symmetric","2",1,TRUE,1.37400000001071
"3991","X~~Z",0.254599846708825,0.059825836405601,0.2,"PLSc",11990,7665117,1000,"ordinal","skewed","skewed","Symmetric","2",1,TRUE,1.37400000001071
"3992","X=~x1",0.44712430861234,0.0695469687214727,0.4,"PLS",11990,7665117,1000,"ordinal","skewed","skewed","Symmetric","2",1,TRUE,0.940999999991618
"3993","X=~x2",0.790405283835012,0.0329474707205853,0.8,"PLS",11990,7665117,1000,"ordinal","skewed","skewed","Symmetric","2",1,TRUE,0.940999999991618
"3994","X=~x3",0.798681191318537,0.0330525571399937,0.8,"PLS",11990,7665117,1000,"ordinal","skewed","skewed","Symmetric","2",1,TRUE,0.940999999991618
"3995","Z=~z1",0.694578033687223,0.039714585690181,0.6,"PLS",11990,7665117,1000,"ordinal","skewed","skewed","Symmetric","2",1,TRUE,0.940999999991618
"3996","Z=~z2",0.589468376058121,0.0475199640639393,0.6,"PLS",11990,7665117,1000,"ordinal","skewed","skewed","Symmetric","2",1,TRUE,0.940999999991618
"3997","Z=~z3",0.806831568150712,0.0271298407980948,0.8,"PLS",11990,7665117,1000,"ordinal","skewed","skewed","Symmetric","2",1,TRUE,0.940999999991618
"3998","Y=~y1",0.44610532678204,0.0561968351308178,0.4,"PLS",11990,7665117,1000,"ordinal","skewed","skewed","Symmetric","2",1,TRUE,0.940999999991618
"3999","Y=~y2",0.740204088610439,0.0291573792229262,0.7,"PLS",11990,7665117,1000,"ordinal","skewed","skewed","Symmetric","2",1,TRUE,0.940999999991618
"4000","Y=~y3",0.82540069429704,0.0214305117159809,0.9,"PLS",11990,7665117,1000,"ordinal","skewed","skewed","Symmetric","2",1,TRUE,0.940999999991618
"4001","Y~X",0.238919936303328,0.0269127584503674,0.4,"PLS",11990,7665117,1000,"ordinal","skewed","skewed","Symmetric","2",1,TRUE,0.940999999991618
"4002","Y~Z",0.31875870762311,0.0278208111133209,0.5,"PLS",11990,7665117,1000,"ordinal","skewed","skewed","Symmetric","2",1,TRUE,0.940999999991618
"4003","Y~X:Z",0.0888707388897472,0.0261593282166741,0.3,"PLS",11990,7665117,1000,"ordinal","skewed","skewed","Symmetric","2",1,TRUE,0.940999999991618
"4004","X~~Z",0.135532676831595,0.0314509385364969,0.2,"PLS",11990,7665117,1000,"ordinal","skewed","skewed","Symmetric","2",1,TRUE,0.940999999991618
"4005","X=~x1",0.335,0.048,0.4,"Mplus",11990,7665117,1000,"ordinal","skewed","skewed","Symmetric","2",1,TRUE,349.61599999998
"4006","X=~x2",0.689,0.055,0.8,"Mplus",11990,7665117,1000,"ordinal","skewed","skewed","Symmetric","2",1,TRUE,349.61599999998
"4007","X=~x3",0.703,0.055,0.8,"Mplus",11990,7665117,1000,"ordinal","skewed","skewed","Symmetric","2",1,TRUE,349.61599999998
"4008","Z=~z1",0.532,0.05,0.6,"Mplus",11990,7665117,1000,"ordinal","skewed","skewed","Symmetric","2",1,TRUE,349.61599999998
"4009","Z=~z2",0.476,0.048,0.6,"Mplus",11990,7665117,1000,"ordinal","skewed","skewed","Symmetric","2",1,TRUE,349.61599999998
"4010","Z=~z3",0.744,0.054,0.8,"Mplus",11990,7665117,1000,"ordinal","skewed","skewed","Symmetric","2",1,TRUE,349.61599999998
"4011","Y=~y1",0.318,0.047,0.4,"Mplus",11990,7665117,1000,"ordinal","skewed","skewed","Symmetric","2",1,TRUE,349.61599999998
"4012","Y=~y2",0.628,0.052,0.7,"Mplus",11990,7665117,1000,"ordinal","skewed","skewed","Symmetric","2",1,TRUE,349.61599999998
"4013","Y=~y3",0.766,0.051,0.9,"Mplus",11990,7665117,1000,"ordinal","skewed","skewed","Symmetric","2",1,TRUE,349.61599999998
"4014","Y~X",0.374,0.069,0.4,"Mplus",11990,7665117,1000,"ordinal","skewed","skewed","Symmetric","2",1,TRUE,349.61599999998
"4015","Y~Z",0.551,0.064,0.5,"Mplus",11990,7665117,1000,"ordinal","skewed","skewed","Symmetric","2",1,TRUE,349.61599999998
"4016","Y~X:Z",0.336,0.118,0.3,"Mplus",11990,7665117,1000,"ordinal","skewed","skewed","Symmetric","2",1,TRUE,349.61599999998
"4017","X~~Z",0.304,0.067,0.2,"Mplus",11990,7665117,1000,"ordinal","skewed","skewed","Symmetric","2",1,TRUE,349.61599999998
"4018","X=~x1",0.313809529233691,0.0408730616716067,0.4,"LSAM",11990,7665117,1000,"ordinal","skewed","skewed","Symmetric","2",1,TRUE,0.564000000013039
"4019","X=~x2",0.611693088224414,0.10332735137086,0.8,"LSAM",11990,7665117,1000,"ordinal","skewed","skewed","Symmetric","2",1,TRUE,0.564000000013039
"4020","X=~x3",0.556726845844345,0.0949634083488878,0.8,"LSAM",11990,7665117,1000,"ordinal","skewed","skewed","Symmetric","2",1,TRUE,0.564000000013039
"4021","Z=~z1",0.435379353124287,0.112448611240277,0.6,"LSAM",11990,7665117,1000,"ordinal","skewed","skewed","Symmetric","2",1,TRUE,0.564000000013039
"4022","Z=~z2",0.447266723638767,0.127441600255346,0.6,"LSAM",11990,7665117,1000,"ordinal","skewed","skewed","Symmetric","2",1,TRUE,0.564000000013039
"4023","Z=~z3",0.615320860714052,0.147082949395828,0.8,"LSAM",11990,7665117,1000,"ordinal","skewed","skewed","Symmetric","2",1,TRUE,0.564000000013039
"4024","Y=~y1",0.309530023672518,0.0111157693512664,0.4,"LSAM",11990,7665117,1000,"ordinal","skewed","skewed","Symmetric","2",1,TRUE,0.564000000013039
"4025","Y=~y2",0.462085694454649,0.0656301459128195,0.7,"LSAM",11990,7665117,1000,"ordinal","skewed","skewed","Symmetric","2",1,TRUE,0.564000000013039
"4026","Y=~y3",0.689425110940669,0.110122784176582,0.9,"LSAM",11990,7665117,1000,"ordinal","skewed","skewed","Symmetric","2",1,TRUE,0.564000000013039
"4027","Y~X",0.379897951001068,0.173197201919382,0.4,"LSAM",11990,7665117,1000,"ordinal","skewed","skewed","Symmetric","2",1,TRUE,0.564000000013039
"4028","Y~Z",0.52389981705211,0.218228680719264,0.5,"LSAM",11990,7665117,1000,"ordinal","skewed","skewed","Symmetric","2",1,TRUE,0.564000000013039
"4029","Y~X:Z",0.130002479600213,0.0688032553206656,0.3,"LSAM",11990,7665117,1000,"ordinal","skewed","skewed","Symmetric","2",1,TRUE,0.564000000013039
"4030","X~~Z",0.249947835210067,0.175539021346639,0.2,"LSAM",11990,7665117,1000,"ordinal","skewed","skewed","Symmetric","2",1,TRUE,0.564000000013039
"4031","X=~x1",0.188264546474737,0.0987381757789756,0.4,"MC-PLSc",11991,5911181,300,"ordinal","skewed","skewed","Symmetric","3",1,TRUE,13.225999999966
"4032","X=~x2",0.721800365669962,0.0759649696677548,0.8,"MC-PLSc",11991,5911181,300,"ordinal","skewed","skewed","Symmetric","3",1,TRUE,13.225999999966
"4033","X=~x3",0.834479977128278,0.0668910056505873,0.8,"MC-PLSc",11991,5911181,300,"ordinal","skewed","skewed","Symmetric","3",1,TRUE,13.225999999966
"4034","Z=~z1",0.507095134588871,0.0738320980753229,0.6,"MC-PLSc",11991,5911181,300,"ordinal","skewed","skewed","Symmetric","3",1,TRUE,13.225999999966
"4035","Z=~z2",0.644003368665604,0.0556644546393238,0.6,"MC-PLSc",11991,5911181,300,"ordinal","skewed","skewed","Symmetric","3",1,TRUE,13.225999999966
"4036","Z=~z3",0.896844255521823,0.0714706459274661,0.8,"MC-PLSc",11991,5911181,300,"ordinal","skewed","skewed","Symmetric","3",1,TRUE,13.225999999966
"4037","Y=~y1",0.398881436319329,0.0684713457800993,0.4,"MC-PLSc",11991,5911181,300,"ordinal","skewed","skewed","Symmetric","3",1,TRUE,13.225999999966
"4038","Y=~y2",0.738240822199038,0.0530041488540282,0.7,"MC-PLSc",11991,5911181,300,"ordinal","skewed","skewed","Symmetric","3",1,TRUE,13.225999999966
"4039","Y=~y3",0.781794450903701,0.0634730901929827,0.9,"MC-PLSc",11991,5911181,300,"ordinal","skewed","skewed","Symmetric","3",1,TRUE,13.225999999966
"4040","Y~X",0.459883029874154,0.0959291891671417,0.4,"MC-PLSc",11991,5911181,300,"ordinal","skewed","skewed","Symmetric","3",1,TRUE,13.225999999966
"4041","Y~Z",0.529374979688223,0.0829110516081481,0.5,"MC-PLSc",11991,5911181,300,"ordinal","skewed","skewed","Symmetric","3",1,TRUE,13.225999999966
"4042","Y~X:Z",0.30299442760664,0.0908367915619739,0.3,"MC-PLSc",11991,5911181,300,"ordinal","skewed","skewed","Symmetric","3",1,TRUE,13.225999999966
"4043","X~~Z",0.254764020689661,0.0888737562590348,0.2,"MC-PLSc",11991,5911181,300,"ordinal","skewed","skewed","Symmetric","3",1,TRUE,13.225999999966
"4044","X=~x1",0.125423517801544,0.1151991082394,0.4,"PLSc",11991,5911181,300,"ordinal","skewed","skewed","Symmetric","3",1,TRUE,1.29399999999441
"4045","X=~x2",0.646821341693782,0.068138321003475,0.8,"PLSc",11991,5911181,300,"ordinal","skewed","skewed","Symmetric","3",1,TRUE,1.29399999999441
"4046","X=~x3",0.734286948047664,0.0716282191043314,0.8,"PLSc",11991,5911181,300,"ordinal","skewed","skewed","Symmetric","3",1,TRUE,1.29399999999441
"4047","Z=~z1",0.44011069083155,0.0841009477906048,0.6,"PLSc",11991,5911181,300,"ordinal","skewed","skewed","Symmetric","3",1,TRUE,1.29399999999441
"4048","Z=~z2",0.557605108241332,0.0780720808440185,0.6,"PLSc",11991,5911181,300,"ordinal","skewed","skewed","Symmetric","3",1,TRUE,1.29399999999441
"4049","Z=~z3",0.805024428895065,0.0793578846954532,0.8,"PLSc",11991,5911181,300,"ordinal","skewed","skewed","Symmetric","3",1,TRUE,1.29399999999441
"4050","Y=~y1",0.37444562502457,0.0623950046379831,0.4,"PLSc",11991,5911181,300,"ordinal","skewed","skewed","Symmetric","3",1,TRUE,1.29399999999441
"4051","Y=~y2",0.660559398892256,0.0500063221026738,0.7,"PLSc",11991,5911181,300,"ordinal","skewed","skewed","Symmetric","3",1,TRUE,1.29399999999441
"4052","Y=~y3",0.636191588398337,0.0562007806089269,0.9,"PLSc",11991,5911181,300,"ordinal","skewed","skewed","Symmetric","3",1,TRUE,1.29399999999441
"4053","Y~X",0.410121056921957,0.180990560999193,0.4,"PLSc",11991,5911181,300,"ordinal","skewed","skewed","Symmetric","3",1,TRUE,1.29399999999441
"4054","Y~Z",0.552977063115871,0.193373379593281,0.5,"PLSc",11991,5911181,300,"ordinal","skewed","skewed","Symmetric","3",1,TRUE,1.29399999999441
"4055","Y~X:Z",0.233991626855074,0.255277593558196,0.3,"PLSc",11991,5911181,300,"ordinal","skewed","skewed","Symmetric","3",1,TRUE,1.29399999999441
"4056","X~~Z",0.252342299506067,0.087244411840923,0.2,"PLSc",11991,5911181,300,"ordinal","skewed","skewed","Symmetric","3",1,TRUE,1.29399999999441
"4057","X=~x1",0.268955380029604,0.126171671781942,0.4,"PLS",11991,5911181,300,"ordinal","skewed","skewed","Symmetric","3",1,TRUE,0.871999999973923
"4058","X=~x2",0.825188555159449,0.0370612011393014,0.8,"PLS",11991,5911181,300,"ordinal","skewed","skewed","Symmetric","3",1,TRUE,0.871999999973923
"4059","X=~x3",0.869651505126131,0.026320120119061,0.8,"PLS",11991,5911181,300,"ordinal","skewed","skewed","Symmetric","3",1,TRUE,0.871999999973923
"4060","Z=~z1",0.628525702694879,0.0641703535909301,0.6,"PLS",11991,5911181,300,"ordinal","skewed","skewed","Symmetric","3",1,TRUE,0.871999999973923
"4061","Z=~z2",0.744476776881562,0.0469301750805523,0.6,"PLS",11991,5911181,300,"ordinal","skewed","skewed","Symmetric","3",1,TRUE,0.871999999973923
"4062","Z=~z3",0.865175447077431,0.0266721150992473,0.8,"PLS",11991,5911181,300,"ordinal","skewed","skewed","Symmetric","3",1,TRUE,0.871999999973923
"4063","Y=~y1",0.519543901672759,0.068951031222278,0.4,"PLS",11991,5911181,300,"ordinal","skewed","skewed","Symmetric","3",1,TRUE,0.871999999973923
"4064","Y=~y2",0.805509143091268,0.0277805859256534,0.7,"PLS",11991,5911181,300,"ordinal","skewed","skewed","Symmetric","3",1,TRUE,0.871999999973923
"4065","Y=~y3",0.827594009538281,0.0265929817195888,0.9,"PLS",11991,5911181,300,"ordinal","skewed","skewed","Symmetric","3",1,TRUE,0.871999999973923
"4066","Y~X",0.315897179404983,0.0521563549755323,0.4,"PLS",11991,5911181,300,"ordinal","skewed","skewed","Symmetric","3",1,TRUE,0.871999999973923
"4067","Y~Z",0.367547548441256,0.0515725082915824,0.5,"PLS",11991,5911181,300,"ordinal","skewed","skewed","Symmetric","3",1,TRUE,0.871999999973923
"4068","Y~X:Z",0.145706104425846,0.0494498555360906,0.3,"PLS",11991,5911181,300,"ordinal","skewed","skewed","Symmetric","3",1,TRUE,0.871999999973923
"4069","X~~Z",0.1690874994268,0.0587441843797453,0.2,"PLS",11991,5911181,300,"ordinal","skewed","skewed","Symmetric","3",1,TRUE,0.871999999973923
"4070","X=~x1",0.238,0.086,0.4,"Mplus",11991,5911181,300,"ordinal","skewed","skewed","Symmetric","3",1,TRUE,167.77999999997
"4071","X=~x2",0.7,0.063,0.8,"Mplus",11991,5911181,300,"ordinal","skewed","skewed","Symmetric","3",1,TRUE,167.77999999997
"4072","X=~x3",0.802,0.063,0.8,"Mplus",11991,5911181,300,"ordinal","skewed","skewed","Symmetric","3",1,TRUE,167.77999999997
"4073","Z=~z1",0.483,0.068,0.6,"Mplus",11991,5911181,300,"ordinal","skewed","skewed","Symmetric","3",1,TRUE,167.77999999997
"4074","Z=~z2",0.641,0.065,0.6,"Mplus",11991,5911181,300,"ordinal","skewed","skewed","Symmetric","3",1,TRUE,167.77999999997
"4075","Z=~z3",0.883,0.063,0.8,"Mplus",11991,5911181,300,"ordinal","skewed","skewed","Symmetric","3",1,TRUE,167.77999999997
"4076","Y=~y1",0.373,0.067,0.4,"Mplus",11991,5911181,300,"ordinal","skewed","skewed","Symmetric","3",1,TRUE,167.77999999997
"4077","Y=~y2",0.752,0.056,0.7,"Mplus",11991,5911181,300,"ordinal","skewed","skewed","Symmetric","3",1,TRUE,167.77999999997
"4078","Y=~y3",0.78,0.058,0.9,"Mplus",11991,5911181,300,"ordinal","skewed","skewed","Symmetric","3",1,TRUE,167.77999999997
"4079","Y~X",0.451,0.083,0.4,"Mplus",11991,5911181,300,"ordinal","skewed","skewed","Symmetric","3",1,TRUE,167.77999999997
"4080","Y~Z",0.497,0.082,0.5,"Mplus",11991,5911181,300,"ordinal","skewed","skewed","Symmetric","3",1,TRUE,167.77999999997
"4081","Y~X:Z",0.418,0.097,0.3,"Mplus",11991,5911181,300,"ordinal","skewed","skewed","Symmetric","3",1,TRUE,167.77999999997
"4082","X~~Z",0.319,0.09,0.2,"Mplus",11991,5911181,300,"ordinal","skewed","skewed","Symmetric","3",1,TRUE,167.77999999997
"4083","X=~x1",0.303017191989756,0.0693937941363744,0.4,"LSAM",11991,5911181,300,"ordinal","skewed","skewed","Symmetric","3",1,TRUE,0.48599999997532
"4084","X=~x2",0.59987881009971,0.151397784312209,0.8,"LSAM",11991,5911181,300,"ordinal","skewed","skewed","Symmetric","3",1,TRUE,0.48599999997532
"4085","X=~x3",0.734649202436383,0.171698596583257,0.8,"LSAM",11991,5911181,300,"ordinal","skewed","skewed","Symmetric","3",1,TRUE,0.48599999997532
"4086","Z=~z1",0.467603287574508,0.109649326493221,0.6,"LSAM",11991,5911181,300,"ordinal","skewed","skewed","Symmetric","3",1,TRUE,0.48599999997532
"4087","Z=~z2",0.596320661493166,0.140514080512316,0.6,"LSAM",11991,5911181,300,"ordinal","skewed","skewed","Symmetric","3",1,TRUE,0.48599999997532
"4088","Z=~z3",0.735711891534942,0.141226358889315,0.8,"LSAM",11991,5911181,300,"ordinal","skewed","skewed","Symmetric","3",1,TRUE,0.48599999997532
"4089","Y=~y1",0.315325785830513,0.0201041350099493,0.4,"LSAM",11991,5911181,300,"ordinal","skewed","skewed","Symmetric","3",1,TRUE,0.48599999997532
"4090","Y=~y2",0.523547939103792,0.0966329947084162,0.7,"LSAM",11991,5911181,300,"ordinal","skewed","skewed","Symmetric","3",1,TRUE,0.48599999997532
"4091","Y=~y3",0.866805295702517,0.164152868751435,0.9,"LSAM",11991,5911181,300,"ordinal","skewed","skewed","Symmetric","3",1,TRUE,0.48599999997532
"4092","Y~X",0.31048153240323,0.191302751124535,0.4,"LSAM",11991,5911181,300,"ordinal","skewed","skewed","Symmetric","3",1,TRUE,0.48599999997532
"4093","Y~Z",0.454441435669031,0.20239165932051,0.5,"LSAM",11991,5911181,300,"ordinal","skewed","skewed","Symmetric","3",1,TRUE,0.48599999997532
"4094","Y~X:Z",0.212357288141568,0.126854350447635,0.3,"LSAM",11991,5911181,300,"ordinal","skewed","skewed","Symmetric","3",1,TRUE,0.48599999997532
"4095","X~~Z",0.263941681246328,0.197725235553967,0.2,"LSAM",11991,5911181,300,"ordinal","skewed","skewed","Symmetric","3",1,TRUE,0.48599999997532
"4096","X=~x1",0.376175118700022,0.0424140782302648,0.4,"MC-PLSc",11992,8328116,1000,"ordinal","skewed","skewed","Symmetric","3",1,TRUE,15.6770000000251
"4097","X=~x2",0.762873799525588,0.04134754351798,0.8,"MC-PLSc",11992,8328116,1000,"ordinal","skewed","skewed","Symmetric","3",1,TRUE,15.6770000000251
"4098","X=~x3",0.744981631608182,0.0387905645627133,0.8,"MC-PLSc",11992,8328116,1000,"ordinal","skewed","skewed","Symmetric","3",1,TRUE,15.6770000000251
"4099","Z=~z1",0.544212659087853,0.0490729110360836,0.6,"MC-PLSc",11992,8328116,1000,"ordinal","skewed","skewed","Symmetric","3",1,TRUE,15.6770000000251
"4100","Z=~z2",0.523290938022075,0.0436155255037387,0.6,"MC-PLSc",11992,8328116,1000,"ordinal","skewed","skewed","Symmetric","3",1,TRUE,15.6770000000251
"4101","Z=~z3",0.74931534612748,0.0426613582683958,0.8,"MC-PLSc",11992,8328116,1000,"ordinal","skewed","skewed","Symmetric","3",1,TRUE,15.6770000000251
"4102","Y=~y1",0.35075295145232,0.0427453723946452,0.4,"MC-PLSc",11992,8328116,1000,"ordinal","skewed","skewed","Symmetric","3",1,TRUE,15.6770000000251
"4103","Y=~y2",0.575321504054104,0.0405774737890882,0.7,"MC-PLSc",11992,8328116,1000,"ordinal","skewed","skewed","Symmetric","3",1,TRUE,15.6770000000251
"4104","Y=~y3",0.862699981904874,0.0295310354582873,0.9,"MC-PLSc",11992,8328116,1000,"ordinal","skewed","skewed","Symmetric","3",1,TRUE,15.6770000000251
"4105","Y~X",0.52344853439936,0.0425367576921177,0.4,"MC-PLSc",11992,8328116,1000,"ordinal","skewed","skewed","Symmetric","3",1,TRUE,15.6770000000251
"4106","Y~Z",0.511744529576397,0.0408720857155652,0.5,"MC-PLSc",11992,8328116,1000,"ordinal","skewed","skewed","Symmetric","3",1,TRUE,15.6770000000251
"4107","Y~X:Z",0.219980426840528,0.0579467129592837,0.3,"MC-PLSc",11992,8328116,1000,"ordinal","skewed","skewed","Symmetric","3",1,TRUE,15.6770000000251
"4108","X~~Z",0.230645413963177,0.0495944065365,0.2,"MC-PLSc",11992,8328116,1000,"ordinal","skewed","skewed","Symmetric","3",1,TRUE,15.6770000000251
"4109","X=~x1",0.356537509670738,0.0494126639472635,0.4,"PLSc",11992,8328116,1000,"ordinal","skewed","skewed","Symmetric","3",1,TRUE,1.37899999995716
"4110","X=~x2",0.650165608289059,0.0391797314598189,0.8,"PLSc",11992,8328116,1000,"ordinal","skewed","skewed","Symmetric","3",1,TRUE,1.37899999995716
"4111","X=~x3",0.648622809684128,0.0391563297127773,0.8,"PLSc",11992,8328116,1000,"ordinal","skewed","skewed","Symmetric","3",1,TRUE,1.37899999995716
"4112","Z=~z1",0.461907516045028,0.0451291941668547,0.6,"PLSc",11992,8328116,1000,"ordinal","skewed","skewed","Symmetric","3",1,TRUE,1.37899999995716
"4113","Z=~z2",0.462924964282262,0.0446780825241715,0.6,"PLSc",11992,8328116,1000,"ordinal","skewed","skewed","Symmetric","3",1,TRUE,1.37899999995716
"4114","Z=~z3",0.666088619429625,0.044052357592733,0.8,"PLSc",11992,8328116,1000,"ordinal","skewed","skewed","Symmetric","3",1,TRUE,1.37899999995716
"4115","Y=~y1",0.296033440217846,0.0439054847769132,0.4,"PLSc",11992,8328116,1000,"ordinal","skewed","skewed","Symmetric","3",1,TRUE,1.37899999995716
"4116","Y=~y2",0.501750484207244,0.032635412390804,0.7,"PLSc",11992,8328116,1000,"ordinal","skewed","skewed","Symmetric","3",1,TRUE,1.37899999995716
"4117","Y=~y3",0.754841812780972,0.0329134792035993,0.9,"PLSc",11992,8328116,1000,"ordinal","skewed","skewed","Symmetric","3",1,TRUE,1.37899999995716
"4118","Y~X",0.512809379798171,0.0531077674790911,0.4,"PLSc",11992,8328116,1000,"ordinal","skewed","skewed","Symmetric","3",1,TRUE,1.37899999995716
"4119","Y~Z",0.4972603645916,0.0538538312894668,0.5,"PLSc",11992,8328116,1000,"ordinal","skewed","skewed","Symmetric","3",1,TRUE,1.37899999995716
"4120","Y~X:Z",0.122741651859689,0.0661602827459484,0.3,"PLSc",11992,8328116,1000,"ordinal","skewed","skewed","Symmetric","3",1,TRUE,1.37899999995716
"4121","X~~Z",0.230623362958736,0.0550167885047922,0.2,"PLSc",11992,8328116,1000,"ordinal","skewed","skewed","Symmetric","3",1,TRUE,1.37899999995716
"4122","X=~x1",0.500376624743028,0.0473852940130247,0.4,"PLS",11992,8328116,1000,"ordinal","skewed","skewed","Symmetric","3",1,TRUE,0.945999999996275
"4123","X=~x2",0.821976528315937,0.0180149008304145,0.8,"PLS",11992,8328116,1000,"ordinal","skewed","skewed","Symmetric","3",1,TRUE,0.945999999996275
"4124","X=~x3",0.814663194994157,0.0192659677542547,0.8,"PLS",11992,8328116,1000,"ordinal","skewed","skewed","Symmetric","3",1,TRUE,0.945999999996275
"4125","Z=~z1",0.680223222810168,0.0332447960848605,0.6,"PLS",11992,8328116,1000,"ordinal","skewed","skewed","Symmetric","3",1,TRUE,0.945999999996275
"4126","Z=~z2",0.656485257684712,0.03527170329361,0.6,"PLS",11992,8328116,1000,"ordinal","skewed","skewed","Symmetric","3",1,TRUE,0.945999999996275
"4127","Z=~z3",0.811386592659605,0.0223249055155772,0.8,"PLS",11992,8328116,1000,"ordinal","skewed","skewed","Symmetric","3",1,TRUE,0.945999999996275
"4128","Y=~y1",0.483902654958081,0.047021298703048,0.4,"PLS",11992,8328116,1000,"ordinal","skewed","skewed","Symmetric","3",1,TRUE,0.945999999996275
"4129","Y=~y2",0.72008264142927,0.0248720776751002,0.7,"PLS",11992,8328116,1000,"ordinal","skewed","skewed","Symmetric","3",1,TRUE,0.945999999996275
"4130","Y=~y3",0.865156355080147,0.0131852761716521,0.9,"PLS",11992,8328116,1000,"ordinal","skewed","skewed","Symmetric","3",1,TRUE,0.945999999996275
"4131","Y~X",0.349706892242326,0.0269725924673524,0.4,"PLS",11992,8328116,1000,"ordinal","skewed","skewed","Symmetric","3",1,TRUE,0.945999999996275
"4132","Y~Z",0.320582223158656,0.0279272473244581,0.5,"PLS",11992,8328116,1000,"ordinal","skewed","skewed","Symmetric","3",1,TRUE,0.945999999996275
"4133","Y~X:Z",0.0945195683489034,0.0237418126741306,0.3,"PLS",11992,8328116,1000,"ordinal","skewed","skewed","Symmetric","3",1,TRUE,0.945999999996275
"4134","X~~Z",0.135622456133182,0.0321851256301159,0.2,"PLS",11992,8328116,1000,"ordinal","skewed","skewed","Symmetric","3",1,TRUE,0.945999999996275
"4135","X=~x1",0.354,0.04,0.4,"Mplus",11992,8328116,1000,"ordinal","skewed","skewed","Symmetric","3",1,TRUE,483.500999999989
"4136","X=~x2",0.753,0.036,0.8,"Mplus",11992,8328116,1000,"ordinal","skewed","skewed","Symmetric","3",1,TRUE,483.500999999989
"4137","X=~x3",0.728,0.035,0.8,"Mplus",11992,8328116,1000,"ordinal","skewed","skewed","Symmetric","3",1,TRUE,483.500999999989
"4138","Z=~z1",0.55,0.041,0.6,"Mplus",11992,8328116,1000,"ordinal","skewed","skewed","Symmetric","3",1,TRUE,483.500999999989
"4139","Z=~z2",0.5,0.04,0.6,"Mplus",11992,8328116,1000,"ordinal","skewed","skewed","Symmetric","3",1,TRUE,483.500999999989
"4140","Z=~z3",0.728,0.038,0.8,"Mplus",11992,8328116,1000,"ordinal","skewed","skewed","Symmetric","3",1,TRUE,483.500999999989
"4141","Y=~y1",0.34,0.037,0.4,"Mplus",11992,8328116,1000,"ordinal","skewed","skewed","Symmetric","3",1,TRUE,483.500999999989
"4142","Y=~y2",0.573,0.035,0.7,"Mplus",11992,8328116,1000,"ordinal","skewed","skewed","Symmetric","3",1,TRUE,483.500999999989
"4143","Y=~y3",0.857,0.03,0.9,"Mplus",11992,8328116,1000,"ordinal","skewed","skewed","Symmetric","3",1,TRUE,483.500999999989
"4144","Y~X",0.529,0.046,0.4,"Mplus",11992,8328116,1000,"ordinal","skewed","skewed","Symmetric","3",1,TRUE,483.500999999989
"4145","Y~Z",0.511,0.048,0.5,"Mplus",11992,8328116,1000,"ordinal","skewed","skewed","Symmetric","3",1,TRUE,483.500999999989
"4146","Y~X:Z",0.326,0.053,0.3,"Mplus",11992,8328116,1000,"ordinal","skewed","skewed","Symmetric","3",1,TRUE,483.500999999989
"4147","X~~Z",0.285,0.056,0.2,"Mplus",11992,8328116,1000,"ordinal","skewed","skewed","Symmetric","3",1,TRUE,483.500999999989
"4148","X=~x1",0.314401202602773,0.0373702397283177,0.4,"LSAM",11992,8328116,1000,"ordinal","skewed","skewed","Symmetric","3",1,TRUE,0.461000000010245
"4149","X=~x2",0.708091247428407,0.0885923598780188,0.8,"LSAM",11992,8328116,1000,"ordinal","skewed","skewed","Symmetric","3",1,TRUE,0.461000000010245
"4150","X=~x3",0.636035795638702,0.0830588319165051,0.8,"LSAM",11992,8328116,1000,"ordinal","skewed","skewed","Symmetric","3",1,TRUE,0.461000000010245
"4151","Z=~z1",0.53483108421035,0.0725040995681669,0.6,"LSAM",11992,8328116,1000,"ordinal","skewed","skewed","Symmetric","3",1,TRUE,0.461000000010245
"4152","Z=~z2",0.463335448634878,0.0862409492187471,0.6,"LSAM",11992,8328116,1000,"ordinal","skewed","skewed","Symmetric","3",1,TRUE,0.461000000010245
"4153","Z=~z3",0.593567924617571,0.0984347482475731,0.8,"LSAM",11992,8328116,1000,"ordinal","skewed","skewed","Symmetric","3",1,TRUE,0.461000000010245
"4154","Y=~y1",0.344982804679379,0.0154479539955012,0.4,"LSAM",11992,8328116,1000,"ordinal","skewed","skewed","Symmetric","3",1,TRUE,0.461000000010245
"4155","Y=~y2",0.570707108063308,0.0714046285824022,0.7,"LSAM",11992,8328116,1000,"ordinal","skewed","skewed","Symmetric","3",1,TRUE,0.461000000010245
"4156","Y=~y3",0.63496683949891,0.0808285451573422,0.9,"LSAM",11992,8328116,1000,"ordinal","skewed","skewed","Symmetric","3",1,TRUE,0.461000000010245
"4157","Y~X",0.513546753637468,0.0857265231137284,0.4,"LSAM",11992,8328116,1000,"ordinal","skewed","skewed","Symmetric","3",1,TRUE,0.461000000010245
"4158","Y~Z",0.533805067998762,0.134408936421239,0.5,"LSAM",11992,8328116,1000,"ordinal","skewed","skewed","Symmetric","3",1,TRUE,0.461000000010245
"4159","Y~X:Z",0.130848430042958,0.0648532724912024,0.3,"LSAM",11992,8328116,1000,"ordinal","skewed","skewed","Symmetric","3",1,TRUE,0.461000000010245
"4160","X~~Z",0.217815233559003,0.0751815882149927,0.2,"LSAM",11992,8328116,1000,"ordinal","skewed","skewed","Symmetric","3",1,TRUE,0.461000000010245
"4161","X=~x1",0.468361715628164,0.0665877342691944,0.4,"MC-PLSc",11993,5862724,300,"ordinal","skewed","skewed","Symmetric","5",1,TRUE,17.4689999999828
"4162","X=~x2",0.798699094215828,0.0426516316768128,0.8,"MC-PLSc",11993,5862724,300,"ordinal","skewed","skewed","Symmetric","5",1,TRUE,17.4689999999828
"4163","X=~x3",0.794159227498787,0.0471326096624434,0.8,"MC-PLSc",11993,5862724,300,"ordinal","skewed","skewed","Symmetric","5",1,TRUE,17.4689999999828
"4164","Z=~z1",0.587863868563627,0.0533428076018098,0.6,"MC-PLSc",11993,5862724,300,"ordinal","skewed","skewed","Symmetric","5",1,TRUE,17.4689999999828
"4165","Z=~z2",0.596833374464916,0.0636258785529935,0.6,"MC-PLSc",11993,5862724,300,"ordinal","skewed","skewed","Symmetric","5",1,TRUE,17.4689999999828
"4166","Z=~z3",0.665335426871458,0.0588674535155281,0.8,"MC-PLSc",11993,5862724,300,"ordinal","skewed","skewed","Symmetric","5",1,TRUE,17.4689999999828
"4167","Y=~y1",0.333994792433791,0.0747064264755935,0.4,"MC-PLSc",11993,5862724,300,"ordinal","skewed","skewed","Symmetric","5",1,TRUE,17.4689999999828
"4168","Y=~y2",0.628698754513834,0.0572427582401331,0.7,"MC-PLSc",11993,5862724,300,"ordinal","skewed","skewed","Symmetric","5",1,TRUE,17.4689999999828
"4169","Y=~y3",0.808045575054137,0.0517899313683612,0.9,"MC-PLSc",11993,5862724,300,"ordinal","skewed","skewed","Symmetric","5",1,TRUE,17.4689999999828
"4170","Y~X",0.484690161161352,0.0776773131896709,0.4,"MC-PLSc",11993,5862724,300,"ordinal","skewed","skewed","Symmetric","5",1,TRUE,17.4689999999828
"4171","Y~Z",0.576690242764457,0.0697726473040685,0.5,"MC-PLSc",11993,5862724,300,"ordinal","skewed","skewed","Symmetric","5",1,TRUE,17.4689999999828
"4172","Y~X:Z",0.205090799098999,0.0791521146206857,0.3,"MC-PLSc",11993,5862724,300,"ordinal","skewed","skewed","Symmetric","5",1,TRUE,17.4689999999828
"4173","X~~Z",0.302848183684951,0.084663360358726,0.2,"MC-PLSc",11993,5862724,300,"ordinal","skewed","skewed","Symmetric","5",1,TRUE,17.4689999999828
"4174","X=~x1",0.457897974319917,0.0826075546468979,0.4,"PLSc",11993,5862724,300,"ordinal","skewed","skewed","Symmetric","5",1,TRUE,1.29899999999907
"4175","X=~x2",0.719854138611172,0.0535986557634942,0.8,"PLSc",11993,5862724,300,"ordinal","skewed","skewed","Symmetric","5",1,TRUE,1.29899999999907
"4176","X=~x3",0.767243897118067,0.0554101414341707,0.8,"PLSc",11993,5862724,300,"ordinal","skewed","skewed","Symmetric","5",1,TRUE,1.29899999999907
"4177","Z=~z1",0.569614538711278,0.06377988452511,0.6,"PLSc",11993,5862724,300,"ordinal","skewed","skewed","Symmetric","5",1,TRUE,1.29899999999907
"4178","Z=~z2",0.585661259416726,0.0672607511399229,0.6,"PLSc",11993,5862724,300,"ordinal","skewed","skewed","Symmetric","5",1,TRUE,1.29899999999907
"4179","Z=~z3",0.601720635643,0.0611190124857402,0.8,"PLSc",11993,5862724,300,"ordinal","skewed","skewed","Symmetric","5",1,TRUE,1.29899999999907
"4180","Y=~y1",0.32883763225257,0.0706574595209511,0.4,"PLSc",11993,5862724,300,"ordinal","skewed","skewed","Symmetric","5",1,TRUE,1.29899999999907
"4181","Y=~y2",0.56697589483131,0.0542828791946032,0.7,"PLSc",11993,5862724,300,"ordinal","skewed","skewed","Symmetric","5",1,TRUE,1.29899999999907
"4182","Y=~y3",0.774453458436142,0.0544524189825605,0.9,"PLSc",11993,5862724,300,"ordinal","skewed","skewed","Symmetric","5",1,TRUE,1.29899999999907
"4183","Y~X",0.465206923498357,0.214853390230066,0.4,"PLSc",11993,5862724,300,"ordinal","skewed","skewed","Symmetric","5",1,TRUE,1.29899999999907
"4184","Y~Z",0.572432691922804,0.183621897049767,0.5,"PLSc",11993,5862724,300,"ordinal","skewed","skewed","Symmetric","5",1,TRUE,1.29899999999907
"4185","Y~X:Z",0.137416768270503,0.4098304178902,0.3,"PLSc",11993,5862724,300,"ordinal","skewed","skewed","Symmetric","5",1,TRUE,1.29899999999907
"4186","X~~Z",0.303495776939936,0.0867168568809872,0.2,"PLSc",11993,5862724,300,"ordinal","skewed","skewed","Symmetric","5",1,TRUE,1.29899999999907
"4187","X=~x1",0.607708337399227,0.0608149009554617,0.4,"PLS",11993,5862724,300,"ordinal","skewed","skewed","Symmetric","5",1,TRUE,0.881999999983236
"4188","X=~x2",0.853770462396079,0.0197252967766857,0.8,"PLS",11993,5862724,300,"ordinal","skewed","skewed","Symmetric","5",1,TRUE,0.881999999983236
"4189","X=~x3",0.851550474237877,0.0232915368047278,0.8,"PLS",11993,5862724,300,"ordinal","skewed","skewed","Symmetric","5",1,TRUE,0.881999999983236
"4190","Z=~z1",0.728430915049165,0.0401234414360295,0.6,"PLS",11993,5862724,300,"ordinal","skewed","skewed","Symmetric","5",1,TRUE,0.881999999983236
"4191","Z=~z2",0.737282686994546,0.0425452216599908,0.6,"PLS",11993,5862724,300,"ordinal","skewed","skewed","Symmetric","5",1,TRUE,0.881999999983236
"4192","Z=~z3",0.782153048217331,0.0316815614281804,0.8,"PLS",11993,5862724,300,"ordinal","skewed","skewed","Symmetric","5",1,TRUE,0.881999999983236
"4193","Y=~y1",0.481477286955925,0.0758724993062816,0.4,"PLS",11993,5862724,300,"ordinal","skewed","skewed","Symmetric","5",1,TRUE,0.881999999983236
"4194","Y=~y2",0.781435433321978,0.0334018175325156,0.7,"PLS",11993,5862724,300,"ordinal","skewed","skewed","Symmetric","5",1,TRUE,0.881999999983236
"4195","Y=~y3",0.864011689972262,0.020792271426596,0.9,"PLS",11993,5862724,300,"ordinal","skewed","skewed","Symmetric","5",1,TRUE,0.881999999983236
"4196","Y~X",0.376062988941723,0.0514302502090305,0.4,"PLS",11993,5862724,300,"ordinal","skewed","skewed","Symmetric","5",1,TRUE,0.881999999983236
"4197","Y~Z",0.380658972176993,0.0437353806251822,0.5,"PLS",11993,5862724,300,"ordinal","skewed","skewed","Symmetric","5",1,TRUE,0.881999999983236
"4198","Y~X:Z",0.111641478981133,0.0421564494172722,0.3,"PLS",11993,5862724,300,"ordinal","skewed","skewed","Symmetric","5",1,TRUE,0.881999999983236
"4199","X~~Z",0.201951695810299,0.0585310258239172,0.2,"PLS",11993,5862724,300,"ordinal","skewed","skewed","Symmetric","5",1,TRUE,0.881999999983236
"4200","X=~x1",0.422,0.06,0.4,"Mplus",11993,5862724,300,"ordinal","skewed","skewed","Symmetric","5",1,TRUE,218.987999999954
"4201","X=~x2",0.78,0.046,0.8,"Mplus",11993,5862724,300,"ordinal","skewed","skewed","Symmetric","5",1,TRUE,218.987999999954
"4202","X=~x3",0.775,0.049,0.8,"Mplus",11993,5862724,300,"ordinal","skewed","skewed","Symmetric","5",1,TRUE,218.987999999954
"4203","Z=~z1",0.566,0.059,0.6,"Mplus",11993,5862724,300,"ordinal","skewed","skewed","Symmetric","5",1,TRUE,218.987999999954
"4204","Z=~z2",0.573,0.064,0.6,"Mplus",11993,5862724,300,"ordinal","skewed","skewed","Symmetric","5",1,TRUE,218.987999999954
"4205","Z=~z3",0.647,0.061,0.8,"Mplus",11993,5862724,300,"ordinal","skewed","skewed","Symmetric","5",1,TRUE,218.987999999954
"4206","Y=~y1",0.305,0.063,0.4,"Mplus",11993,5862724,300,"ordinal","skewed","skewed","Symmetric","5",1,TRUE,218.987999999954
"4207","Y=~y2",0.607,0.054,0.7,"Mplus",11993,5862724,300,"ordinal","skewed","skewed","Symmetric","5",1,TRUE,218.987999999954
"4208","Y=~y3",0.818,0.05,0.9,"Mplus",11993,5862724,300,"ordinal","skewed","skewed","Symmetric","5",1,TRUE,218.987999999954
"4209","Y~X",0.509,0.076,0.4,"Mplus",11993,5862724,300,"ordinal","skewed","skewed","Symmetric","5",1,TRUE,218.987999999954
"4210","Y~Z",0.553,0.076,0.5,"Mplus",11993,5862724,300,"ordinal","skewed","skewed","Symmetric","5",1,TRUE,218.987999999954
"4211","Y~X:Z",0.229,0.103,0.3,"Mplus",11993,5862724,300,"ordinal","skewed","skewed","Symmetric","5",1,TRUE,218.987999999954
"4212","X~~Z",0.311,0.096,0.2,"Mplus",11993,5862724,300,"ordinal","skewed","skewed","Symmetric","5",1,TRUE,218.987999999954
"4213","X=~x1",0.427647369737644,0.057936991647401,0.4,"LSAM",11993,5862724,300,"ordinal","skewed","skewed","Symmetric","5",1,TRUE,0.430999999982305
"4214","X=~x2",0.819861417709885,0.0939709719854665,0.8,"LSAM",11993,5862724,300,"ordinal","skewed","skewed","Symmetric","5",1,TRUE,0.430999999982305
"4215","X=~x3",0.699018435829412,0.0936921860035801,0.8,"LSAM",11993,5862724,300,"ordinal","skewed","skewed","Symmetric","5",1,TRUE,0.430999999982305
"4216","Z=~z1",0.533485175862294,0.0502005021156254,0.6,"LSAM",11993,5862724,300,"ordinal","skewed","skewed","Symmetric","5",1,TRUE,0.430999999982305
"4217","Z=~z2",0.533927505206258,0.0927772541562807,0.6,"LSAM",11993,5862724,300,"ordinal","skewed","skewed","Symmetric","5",1,TRUE,0.430999999982305
"4218","Z=~z3",0.695215073285594,0.110233723878738,0.8,"LSAM",11993,5862724,300,"ordinal","skewed","skewed","Symmetric","5",1,TRUE,0.430999999982305
"4219","Y=~y1",0.31610458388935,0.0267992771109752,0.4,"LSAM",11993,5862724,300,"ordinal","skewed","skewed","Symmetric","5",1,TRUE,0.430999999982305
"4220","Y=~y2",0.715063169120466,0.14139115521526,0.7,"LSAM",11993,5862724,300,"ordinal","skewed","skewed","Symmetric","5",1,TRUE,0.430999999982305
"4221","Y=~y3",0.634886384255348,0.124771304273275,0.9,"LSAM",11993,5862724,300,"ordinal","skewed","skewed","Symmetric","5",1,TRUE,0.430999999982305
"4222","Y~X",0.463629074459102,0.0861690631444127,0.4,"LSAM",11993,5862724,300,"ordinal","skewed","skewed","Symmetric","5",1,TRUE,0.430999999982305
"4223","Y~Z",0.541019953298754,0.096666983813102,0.5,"LSAM",11993,5862724,300,"ordinal","skewed","skewed","Symmetric","5",1,TRUE,0.430999999982305
"4224","Y~X:Z",0.146862654611397,0.0911053294141592,0.3,"LSAM",11993,5862724,300,"ordinal","skewed","skewed","Symmetric","5",1,TRUE,0.430999999982305
"4225","X~~Z",0.251661012058731,0.0860812774809501,0.2,"LSAM",11993,5862724,300,"ordinal","skewed","skewed","Symmetric","5",1,TRUE,0.430999999982305
"4226","X=~x1",0.298705260206149,0.0427184238651451,0.4,"MC-PLSc",11994,2081461,1000,"ordinal","skewed","skewed","Symmetric","5",1,TRUE,20.070000000007
"4227","X=~x2",0.851418939000596,0.032786340458378,0.8,"MC-PLSc",11994,2081461,1000,"ordinal","skewed","skewed","Symmetric","5",1,TRUE,20.070000000007
"4228","X=~x3",0.736130364851831,0.0361363993840988,0.8,"MC-PLSc",11994,2081461,1000,"ordinal","skewed","skewed","Symmetric","5",1,TRUE,20.070000000007
"4229","Z=~z1",0.505618941585131,0.0491399917188742,0.6,"MC-PLSc",11994,2081461,1000,"ordinal","skewed","skewed","Symmetric","5",1,TRUE,20.070000000007
"4230","Z=~z2",0.577679425323755,0.0400376668701765,0.6,"MC-PLSc",11994,2081461,1000,"ordinal","skewed","skewed","Symmetric","5",1,TRUE,20.070000000007
"4231","Z=~z3",0.739157494946989,0.036860197192165,0.8,"MC-PLSc",11994,2081461,1000,"ordinal","skewed","skewed","Symmetric","5",1,TRUE,20.070000000007
"4232","Y=~y1",0.370375780513969,0.0342814592318619,0.4,"MC-PLSc",11994,2081461,1000,"ordinal","skewed","skewed","Symmetric","5",1,TRUE,20.070000000007
"4233","Y=~y2",0.657469570277694,0.028821153464818,0.7,"MC-PLSc",11994,2081461,1000,"ordinal","skewed","skewed","Symmetric","5",1,TRUE,20.070000000007
"4234","Y=~y3",0.822683248193766,0.0289666829168197,0.9,"MC-PLSc",11994,2081461,1000,"ordinal","skewed","skewed","Symmetric","5",1,TRUE,20.070000000007
"4235","Y~X",0.47366749272688,0.0408958430790355,0.4,"MC-PLSc",11994,2081461,1000,"ordinal","skewed","skewed","Symmetric","5",1,TRUE,20.070000000007
"4236","Y~Z",0.505133056978045,0.0422598540981496,0.5,"MC-PLSc",11994,2081461,1000,"ordinal","skewed","skewed","Symmetric","5",1,TRUE,20.070000000007
"4237","Y~X:Z",0.124856669991107,0.0562963247526034,0.3,"MC-PLSc",11994,2081461,1000,"ordinal","skewed","skewed","Symmetric","5",1,TRUE,20.070000000007
"4238","X~~Z",0.124274804844798,0.0455008846315011,0.2,"MC-PLSc",11994,2081461,1000,"ordinal","skewed","skewed","Symmetric","5",1,TRUE,20.070000000007
"4239","X=~x1",0.254614603587873,0.0658779084496531,0.4,"PLSc",11994,2081461,1000,"ordinal","skewed","skewed","Symmetric","5",1,TRUE,1.36600000003818
"4240","X=~x2",0.811844517377423,0.0381121329542711,0.8,"PLSc",11994,2081461,1000,"ordinal","skewed","skewed","Symmetric","5",1,TRUE,1.36600000003818
"4241","X=~x3",0.706471474839826,0.0387448736005841,0.8,"PLSc",11994,2081461,1000,"ordinal","skewed","skewed","Symmetric","5",1,TRUE,1.36600000003818
"4242","Z=~z1",0.462077322077731,0.0562053639194685,0.6,"PLSc",11994,2081461,1000,"ordinal","skewed","skewed","Symmetric","5",1,TRUE,1.36600000003818
"4243","Z=~z2",0.552389941586623,0.0455656619916799,0.6,"PLSc",11994,2081461,1000,"ordinal","skewed","skewed","Symmetric","5",1,TRUE,1.36600000003818
"4244","Z=~z3",0.715382337059502,0.0420251350176497,0.8,"PLSc",11994,2081461,1000,"ordinal","skewed","skewed","Symmetric","5",1,TRUE,1.36600000003818
"4245","Y=~y1",0.366390992031091,0.0414887672121485,0.4,"PLSc",11994,2081461,1000,"ordinal","skewed","skewed","Symmetric","5",1,TRUE,1.36600000003818
"4246","Y=~y2",0.60642293310219,0.0322062918705696,0.7,"PLSc",11994,2081461,1000,"ordinal","skewed","skewed","Symmetric","5",1,TRUE,1.36600000003818
"4247","Y=~y3",0.783413087777288,0.0304073139901597,0.9,"PLSc",11994,2081461,1000,"ordinal","skewed","skewed","Symmetric","5",1,TRUE,1.36600000003818
"4248","Y~X",0.469742840544707,0.0457754542592559,0.4,"PLSc",11994,2081461,1000,"ordinal","skewed","skewed","Symmetric","5",1,TRUE,1.36600000003818
"4249","Y~Z",0.502006091891432,0.0494607681355838,0.5,"PLSc",11994,2081461,1000,"ordinal","skewed","skewed","Symmetric","5",1,TRUE,1.36600000003818
"4250","Y~X:Z",0.0929930781845128,0.0529305825197495,0.3,"PLSc",11994,2081461,1000,"ordinal","skewed","skewed","Symmetric","5",1,TRUE,1.36600000003818
"4251","X~~Z",0.122852534426535,0.0447425939817992,0.2,"PLSc",11994,2081461,1000,"ordinal","skewed","skewed","Symmetric","5",1,TRUE,1.36600000003818
"4252","X=~x1",0.425035577247502,0.0555571688013539,0.4,"PLS",11994,2081461,1000,"ordinal","skewed","skewed","Symmetric","5",1,TRUE,0.927000000025146
"4253","X=~x2",0.886391788241417,0.0113496178554376,0.8,"PLS",11994,2081461,1000,"ordinal","skewed","skewed","Symmetric","5",1,TRUE,0.927000000025146
"4254","X=~x3",0.845516571874558,0.0172688287272053,0.8,"PLS",11994,2081461,1000,"ordinal","skewed","skewed","Symmetric","5",1,TRUE,0.927000000025146
"4255","Z=~z1",0.662371444452048,0.0386933499261368,0.6,"PLS",11994,2081461,1000,"ordinal","skewed","skewed","Symmetric","5",1,TRUE,0.927000000025146
"4256","Z=~z2",0.72957612781074,0.0275536784287484,0.6,"PLS",11994,2081461,1000,"ordinal","skewed","skewed","Symmetric","5",1,TRUE,0.927000000025146
"4257","Z=~z3",0.826875505737031,0.0182549671195758,0.8,"PLS",11994,2081461,1000,"ordinal","skewed","skewed","Symmetric","5",1,TRUE,0.927000000025146
"4258","Y=~y1",0.517509537610152,0.0397206232379408,0.4,"PLS",11994,2081461,1000,"ordinal","skewed","skewed","Symmetric","5",1,TRUE,0.927000000025146
"4259","Y=~y2",0.79672193598925,0.0176914874749447,0.7,"PLS",11994,2081461,1000,"ordinal","skewed","skewed","Symmetric","5",1,TRUE,0.927000000025146
"4260","Y=~y3",0.868317127018171,0.0111650587915747,0.9,"PLS",11994,2081461,1000,"ordinal","skewed","skewed","Symmetric","5",1,TRUE,0.927000000025146
"4261","Y~X",0.350303094715751,0.0279260265257679,0.4,"PLS",11994,2081461,1000,"ordinal","skewed","skewed","Symmetric","5",1,TRUE,0.927000000025146
"4262","Y~Z",0.339115987604487,0.0302714389696878,0.5,"PLS",11994,2081461,1000,"ordinal","skewed","skewed","Symmetric","5",1,TRUE,0.927000000025146
"4263","Y~X:Z",0.0733917258394192,0.0269095989352612,0.3,"PLS",11994,2081461,1000,"ordinal","skewed","skewed","Symmetric","5",1,TRUE,0.927000000025146
"4264","X~~Z",0.0835259048174578,0.0303806995375825,0.2,"PLS",11994,2081461,1000,"ordinal","skewed","skewed","Symmetric","5",1,TRUE,0.927000000025146
"4265","X=~x1",0.299,0.038,0.4,"Mplus",11994,2081461,1000,"ordinal","skewed","skewed","Symmetric","5",1,TRUE,879.048999999999
"4266","X=~x2",0.828,0.031,0.8,"Mplus",11994,2081461,1000,"ordinal","skewed","skewed","Symmetric","5",1,TRUE,879.048999999999
"4267","X=~x3",0.699,0.032,0.8,"Mplus",11994,2081461,1000,"ordinal","skewed","skewed","Symmetric","5",1,TRUE,879.048999999999
"4268","Z=~z1",0.507,0.039,0.6,"Mplus",11994,2081461,1000,"ordinal","skewed","skewed","Symmetric","5",1,TRUE,879.048999999999
"4269","Z=~z2",0.574,0.037,0.6,"Mplus",11994,2081461,1000,"ordinal","skewed","skewed","Symmetric","5",1,TRUE,879.048999999999
"4270","Z=~z3",0.693,0.035,0.8,"Mplus",11994,2081461,1000,"ordinal","skewed","skewed","Symmetric","5",1,TRUE,879.048999999999
"4271","Y=~y1",0.34,0.033,0.4,"Mplus",11994,2081461,1000,"ordinal","skewed","skewed","Symmetric","5",1,TRUE,879.048999999999
"4272","Y=~y2",0.654,0.03,0.7,"Mplus",11994,2081461,1000,"ordinal","skewed","skewed","Symmetric","5",1,TRUE,879.048999999999
"4273","Y=~y3",0.811,0.027,0.9,"Mplus",11994,2081461,1000,"ordinal","skewed","skewed","Symmetric","5",1,TRUE,879.048999999999
"4274","Y~X",0.454,0.042,0.4,"Mplus",11994,2081461,1000,"ordinal","skewed","skewed","Symmetric","5",1,TRUE,879.048999999999
"4275","Y~Z",0.499,0.043,0.5,"Mplus",11994,2081461,1000,"ordinal","skewed","skewed","Symmetric","5",1,TRUE,879.048999999999
"4276","Y~X:Z",0.229,0.061,0.3,"Mplus",11994,2081461,1000,"ordinal","skewed","skewed","Symmetric","5",1,TRUE,879.048999999999
"4277","X~~Z",0.18,0.053,0.2,"Mplus",11994,2081461,1000,"ordinal","skewed","skewed","Symmetric","5",1,TRUE,879.048999999999
"4278","X=~x1",0.315280058326612,0.0358565820660247,0.4,"LSAM",11994,2081461,1000,"ordinal","skewed","skewed","Symmetric","5",1,TRUE,0.445000000006985
"4279","X=~x2",0.809212002338987,0.0752630110868385,0.8,"LSAM",11994,2081461,1000,"ordinal","skewed","skewed","Symmetric","5",1,TRUE,0.445000000006985
"4280","X=~x3",0.67714387658262,0.0723308823223321,0.8,"LSAM",11994,2081461,1000,"ordinal","skewed","skewed","Symmetric","5",1,TRUE,0.445000000006985
"4281","Z=~z1",0.511077467723518,0.0307460530994609,0.6,"LSAM",11994,2081461,1000,"ordinal","skewed","skewed","Symmetric","5",1,TRUE,0.445000000006985
"4282","Z=~z2",0.559605835673069,0.056190631428188,0.6,"LSAM",11994,2081461,1000,"ordinal","skewed","skewed","Symmetric","5",1,TRUE,0.445000000006985
"4283","Z=~z3",0.660323380884528,0.0626296650862257,0.8,"LSAM",11994,2081461,1000,"ordinal","skewed","skewed","Symmetric","5",1,TRUE,0.445000000006985
"4284","Y=~y1",0.339219775014785,0.0134828091716651,0.4,"LSAM",11994,2081461,1000,"ordinal","skewed","skewed","Symmetric","5",1,TRUE,0.445000000006985
"4285","Y=~y2",0.674078092028785,0.0611923642867906,0.7,"LSAM",11994,2081461,1000,"ordinal","skewed","skewed","Symmetric","5",1,TRUE,0.445000000006985
"4286","Y=~y3",0.734304001959178,0.0664098462536691,0.9,"LSAM",11994,2081461,1000,"ordinal","skewed","skewed","Symmetric","5",1,TRUE,0.445000000006985
"4287","Y~X",0.475738060357933,0.0431720500680508,0.4,"LSAM",11994,2081461,1000,"ordinal","skewed","skewed","Symmetric","5",1,TRUE,0.445000000006985
"4288","Y~Z",0.499548082373395,0.0543567377970636,0.5,"LSAM",11994,2081461,1000,"ordinal","skewed","skewed","Symmetric","5",1,TRUE,0.445000000006985
"4289","Y~X:Z",0.0931817927568896,0.0479280898034732,0.3,"LSAM",11994,2081461,1000,"ordinal","skewed","skewed","Symmetric","5",1,TRUE,0.445000000006985
"4290","X~~Z",0.132050269011481,0.0484178726792945,0.2,"LSAM",11994,2081461,1000,"ordinal","skewed","skewed","Symmetric","5",1,TRUE,0.445000000006985
"4291","X=~x1",0.625559129087955,0.130467060530766,0.4,"MC-PLSc",11995,7843834,300,"ordinal","skewed","skewed","Extreme","2",1,TRUE,12.0929999999935
"4292","X=~x2",0.856680819671787,0.106861334248872,0.8,"MC-PLSc",11995,7843834,300,"ordinal","skewed","skewed","Extreme","2",1,TRUE,12.0929999999935
"4293","X=~x3",0.824954866161936,0.0822859210613933,0.8,"MC-PLSc",11995,7843834,300,"ordinal","skewed","skewed","Extreme","2",1,TRUE,12.0929999999935
"4294","Z=~z1",0.661039737751042,0.0941703091474111,0.6,"MC-PLSc",11995,7843834,300,"ordinal","skewed","skewed","Extreme","2",1,TRUE,12.0929999999935
"4295","Z=~z2",0.836367016792103,0.0664896740980431,0.6,"MC-PLSc",11995,7843834,300,"ordinal","skewed","skewed","Extreme","2",1,TRUE,12.0929999999935
"4296","Z=~z3",0.917271078707073,0.0574336347800655,0.8,"MC-PLSc",11995,7843834,300,"ordinal","skewed","skewed","Extreme","2",1,TRUE,12.0929999999935
"4297","Y=~y1",0.569453541770454,0.0973303925510175,0.4,"MC-PLSc",11995,7843834,300,"ordinal","skewed","skewed","Extreme","2",1,TRUE,12.0929999999935
"4298","Y=~y2",0.714257598046047,0.100145432687813,0.7,"MC-PLSc",11995,7843834,300,"ordinal","skewed","skewed","Extreme","2",1,TRUE,12.0929999999935
"4299","Y=~y3",0.933255958954496,0.0729815514083429,0.9,"MC-PLSc",11995,7843834,300,"ordinal","skewed","skewed","Extreme","2",1,TRUE,12.0929999999935
"4300","Y~X",0.606418125263027,0.112983043540134,0.4,"MC-PLSc",11995,7843834,300,"ordinal","skewed","skewed","Extreme","2",1,TRUE,12.0929999999935
"4301","Y~Z",0.638964203818512,0.080992187711953,0.5,"MC-PLSc",11995,7843834,300,"ordinal","skewed","skewed","Extreme","2",1,TRUE,12.0929999999935
"4302","Y~X:Z",-0.0668316895422967,0.210579186970155,0.3,"MC-PLSc",11995,7843834,300,"ordinal","skewed","skewed","Extreme","2",1,TRUE,12.0929999999935
"4303","X~~Z",0.0846279810679655,0.132138243472179,0.2,"MC-PLSc",11995,7843834,300,"ordinal","skewed","skewed","Extreme","2",1,TRUE,12.0929999999935
"4304","X=~x1",0.510431628336112,0.126529525216157,0.4,"PLSc",11995,7843834,300,"ordinal","skewed","skewed","Extreme","2",1,TRUE,1.26400000002468
"4305","X=~x2",0.612314297301305,0.118064586881236,0.8,"PLSc",11995,7843834,300,"ordinal","skewed","skewed","Extreme","2",1,TRUE,1.26400000002468
"4306","X=~x3",0.624107567289508,0.119354930680842,0.8,"PLSc",11995,7843834,300,"ordinal","skewed","skewed","Extreme","2",1,TRUE,1.26400000002468
"4307","Z=~z1",0.501835200182857,0.107951444233037,0.6,"PLSc",11995,7843834,300,"ordinal","skewed","skewed","Extreme","2",1,TRUE,1.26400000002468
"4308","Z=~z2",0.670281010673236,0.104221678555319,0.6,"PLSc",11995,7843834,300,"ordinal","skewed","skewed","Extreme","2",1,TRUE,1.26400000002468
"4309","Z=~z3",0.700852942721399,0.0920513540055147,0.8,"PLSc",11995,7843834,300,"ordinal","skewed","skewed","Extreme","2",1,TRUE,1.26400000002468
"4310","Y=~y1",0.33907872087089,0.0936572583834109,0.4,"PLSc",11995,7843834,300,"ordinal","skewed","skewed","Extreme","2",1,TRUE,1.26400000002468
"4311","Y=~y2",0.562104730407055,0.0771789156807185,0.7,"PLSc",11995,7843834,300,"ordinal","skewed","skewed","Extreme","2",1,TRUE,1.26400000002468
"4312","Y=~y3",0.703783626994627,0.0755494267146224,0.9,"PLSc",11995,7843834,300,"ordinal","skewed","skewed","Extreme","2",1,TRUE,1.26400000002468
"4313","Y~X",0.550022141023846,1.04260209423306,0.4,"PLSc",11995,7843834,300,"ordinal","skewed","skewed","Extreme","2",1,TRUE,1.26400000002468
"4314","Y~Z",0.573602947590821,1.27164118547344,0.5,"PLSc",11995,7843834,300,"ordinal","skewed","skewed","Extreme","2",1,TRUE,1.26400000002468
"4315","Y~X:Z",0.0932543938197236,7.74443071456702,0.3,"PLSc",11995,7843834,300,"ordinal","skewed","skewed","Extreme","2",1,TRUE,1.26400000002468
"4316","X~~Z",0.059003158846554,0.100586390239841,0.2,"PLSc",11995,7843834,300,"ordinal","skewed","skewed","Extreme","2",1,TRUE,1.26400000002468
"4317","X=~x1",0.633890955965438,0.101351779544883,0.4,"PLS",11995,7843834,300,"ordinal","skewed","skewed","Extreme","2",1,TRUE,0.907999999995809
"4318","X=~x2",0.808460067541444,0.0590549512937168,0.8,"PLS",11995,7843834,300,"ordinal","skewed","skewed","Extreme","2",1,TRUE,0.907999999995809
"4319","X=~x3",0.786947403263436,0.0670840087085559,0.8,"PLS",11995,7843834,300,"ordinal","skewed","skewed","Extreme","2",1,TRUE,0.907999999995809
"4320","Z=~z1",0.65129131958454,0.0803870411732459,0.6,"PLS",11995,7843834,300,"ordinal","skewed","skewed","Extreme","2",1,TRUE,0.907999999995809
"4321","Z=~z2",0.795883626400263,0.053447619555618,0.6,"PLS",11995,7843834,300,"ordinal","skewed","skewed","Extreme","2",1,TRUE,0.907999999995809
"4322","Z=~z3",0.843788028165167,0.0356618540981102,0.8,"PLS",11995,7843834,300,"ordinal","skewed","skewed","Extreme","2",1,TRUE,0.907999999995809
"4323","Y=~y1",0.58430537854822,0.0908472794904636,0.4,"PLS",11995,7843834,300,"ordinal","skewed","skewed","Extreme","2",1,TRUE,0.907999999995809
"4324","Y=~y2",0.714541356572738,0.06043444807218,0.7,"PLS",11995,7843834,300,"ordinal","skewed","skewed","Extreme","2",1,TRUE,0.907999999995809
"4325","Y=~y3",0.844428691673471,0.0319686457131007,0.9,"PLS",11995,7843834,300,"ordinal","skewed","skewed","Extreme","2",1,TRUE,0.907999999995809
"4326","Y~X",0.340417669864806,0.0717351150496622,0.4,"PLS",11995,7843834,300,"ordinal","skewed","skewed","Extreme","2",1,TRUE,0.907999999995809
"4327","Y~Z",0.377074048143066,0.0697778114518265,0.5,"PLS",11995,7843834,300,"ordinal","skewed","skewed","Extreme","2",1,TRUE,0.907999999995809
"4328","Y~X:Z",0.0692140616209654,0.0729529959496092,0.3,"PLS",11995,7843834,300,"ordinal","skewed","skewed","Extreme","2",1,TRUE,0.907999999995809
"4329","X~~Z",0.0379251908343996,0.0652999600095878,0.2,"PLS",11995,7843834,300,"ordinal","skewed","skewed","Extreme","2",1,TRUE,0.907999999995809
"4330","X=~x1",0.546,0.107,0.4,"Mplus",11995,7843834,300,"ordinal","skewed","skewed","Extreme","2",1,TRUE,66.6929999999702
"4331","X=~x2",0.854,0.092,0.8,"Mplus",11995,7843834,300,"ordinal","skewed","skewed","Extreme","2",1,TRUE,66.6929999999702
"4332","X=~x3",0.856,0.094,0.8,"Mplus",11995,7843834,300,"ordinal","skewed","skewed","Extreme","2",1,TRUE,66.6929999999702
"4333","Z=~z1",0.639,0.108,0.6,"Mplus",11995,7843834,300,"ordinal","skewed","skewed","Extreme","2",1,TRUE,66.6929999999702
"4334","Z=~z2",0.818,0.067,0.6,"Mplus",11995,7843834,300,"ordinal","skewed","skewed","Extreme","2",1,TRUE,66.6929999999702
"4335","Z=~z3",0.929,0.05,0.8,"Mplus",11995,7843834,300,"ordinal","skewed","skewed","Extreme","2",1,TRUE,66.6929999999702
"4336","Y=~y1",0.594,0.096,0.4,"Mplus",11995,7843834,300,"ordinal","skewed","skewed","Extreme","2",1,TRUE,66.6929999999702
"4337","Y=~y2",0.678,0.098,0.7,"Mplus",11995,7843834,300,"ordinal","skewed","skewed","Extreme","2",1,TRUE,66.6929999999702
"4338","Y=~y3",0.969,0.066,0.9,"Mplus",11995,7843834,300,"ordinal","skewed","skewed","Extreme","2",1,TRUE,66.6929999999702
"4339","Y~X",0.549,0.114,0.4,"Mplus",11995,7843834,300,"ordinal","skewed","skewed","Extreme","2",1,TRUE,66.6929999999702
"4340","Y~Z",0.633,0.082,0.5,"Mplus",11995,7843834,300,"ordinal","skewed","skewed","Extreme","2",1,TRUE,66.6929999999702
"4341","Y~X:Z",-0.123,0.15,0.3,"Mplus",11995,7843834,300,"ordinal","skewed","skewed","Extreme","2",1,TRUE,66.6929999999702
"4342","X~~Z",0.096,0.165,0.2,"Mplus",11995,7843834,300,"ordinal","skewed","skewed","Extreme","2",1,TRUE,66.6929999999702
"4343","X=~x1",0.37209846707516,0.0764149212592839,0.4,"LSAM",11995,7843834,300,"ordinal","skewed","skewed","Extreme","2",1,TRUE,0.460000000020955
"4344","X=~x2",0.786396555404569,0.139701753075698,0.8,"LSAM",11995,7843834,300,"ordinal","skewed","skewed","Extreme","2",1,TRUE,0.460000000020955
"4345","X=~x3",0.605523908633806,0.129012724595244,0.8,"LSAM",11995,7843834,300,"ordinal","skewed","skewed","Extreme","2",1,TRUE,0.460000000020955
"4346","Z=~z1",0.449392321173874,0.0832517277475167,0.6,"LSAM",11995,7843834,300,"ordinal","skewed","skewed","Extreme","2",1,TRUE,0.460000000020955
"4347","Z=~z2",0.596997281681013,0.113785920033309,0.6,"LSAM",11995,7843834,300,"ordinal","skewed","skewed","Extreme","2",1,TRUE,0.460000000020955
"4348","Z=~z3",0.837581778196936,0.111900172926404,0.8,"LSAM",11995,7843834,300,"ordinal","skewed","skewed","Extreme","2",1,TRUE,0.460000000020955
"4349","Y=~y1",0.4552665292041,0.045145472091104,0.4,"LSAM",11995,7843834,300,"ordinal","skewed","skewed","Extreme","2",1,TRUE,0.460000000020955
"4350","Y=~y2",0.408629328200828,0.0869749798337732,0.7,"LSAM",11995,7843834,300,"ordinal","skewed","skewed","Extreme","2",1,TRUE,0.460000000020955
"4351","Y=~y3",0.792892975655119,0.157102543961881,0.9,"LSAM",11995,7843834,300,"ordinal","skewed","skewed","Extreme","2",1,TRUE,0.460000000020955
"4352","Y~X",0.409178113707757,0.118904470802602,0.4,"LSAM",11995,7843834,300,"ordinal","skewed","skewed","Extreme","2",1,TRUE,0.460000000020955
"4353","Y~Z",0.515960120420957,0.108791408388221,0.5,"LSAM",11995,7843834,300,"ordinal","skewed","skewed","Extreme","2",1,TRUE,0.460000000020955
"4354","Y~X:Z",-0.0276735518361026,0.247636882863818,0.3,"LSAM",11995,7843834,300,"ordinal","skewed","skewed","Extreme","2",1,TRUE,0.460000000020955
"4355","X~~Z",0.0769302165633884,0.14987949366154,0.2,"LSAM",11995,7843834,300,"ordinal","skewed","skewed","Extreme","2",1,TRUE,0.460000000020955
"4356","X=~x1",0.500740083723892,0.0652949057972888,0.4,"MC-PLSc",11996,3247300,1000,"ordinal","skewed","skewed","Extreme","2",1,TRUE,12.8399999999674
"4357","X=~x2",0.950076154425548,0.0405574723259776,0.8,"MC-PLSc",11996,3247300,1000,"ordinal","skewed","skewed","Extreme","2",1,TRUE,12.8399999999674
"4358","X=~x3",0.868895865807383,0.0414250394750476,0.8,"MC-PLSc",11996,3247300,1000,"ordinal","skewed","skewed","Extreme","2",1,TRUE,12.8399999999674
"4359","Z=~z1",0.744994932764791,0.0416823564482088,0.6,"MC-PLSc",11996,3247300,1000,"ordinal","skewed","skewed","Extreme","2",1,TRUE,12.8399999999674
"4360","Z=~z2",0.747016458257136,0.0456793284714805,0.6,"MC-PLSc",11996,3247300,1000,"ordinal","skewed","skewed","Extreme","2",1,TRUE,12.8399999999674
"4361","Z=~z3",0.896941853905623,0.0365018989379955,0.8,"MC-PLSc",11996,3247300,1000,"ordinal","skewed","skewed","Extreme","2",1,TRUE,12.8399999999674
"4362","Y=~y1",0.542314190961524,0.0786882076565489,0.4,"MC-PLSc",11996,3247300,1000,"ordinal","skewed","skewed","Extreme","2",1,TRUE,12.8399999999674
"4363","Y=~y2",0.704229144010689,0.0663908282704009,0.7,"MC-PLSc",11996,3247300,1000,"ordinal","skewed","skewed","Extreme","2",1,TRUE,12.8399999999674
"4364","Y=~y3",0.931879180683606,0.0382518739747746,0.9,"MC-PLSc",11996,3247300,1000,"ordinal","skewed","skewed","Extreme","2",1,TRUE,12.8399999999674
"4365","Y~X",0.51963905320104,0.0709053890830659,0.4,"MC-PLSc",11996,3247300,1000,"ordinal","skewed","skewed","Extreme","2",1,TRUE,12.8399999999674
"4366","Y~Z",0.658170633350785,0.0897420643367799,0.5,"MC-PLSc",11996,3247300,1000,"ordinal","skewed","skewed","Extreme","2",1,TRUE,12.8399999999674
"4367","Y~X:Z",0.186008466350967,0.263819583561582,0.3,"MC-PLSc",11996,3247300,1000,"ordinal","skewed","skewed","Extreme","2",1,TRUE,12.8399999999674
"4368","X~~Z",0.251152541133779,0.0766949262030637,0.2,"MC-PLSc",11996,3247300,1000,"ordinal","skewed","skewed","Extreme","2",1,TRUE,12.8399999999674
"4369","X=~x1",0.365876694073856,0.0661864730772949,0.4,"PLSc",11996,3247300,1000,"ordinal","skewed","skewed","Extreme","2",1,TRUE,1.36999999999534
"4370","X=~x2",0.767609060642112,0.0533419516390821,0.8,"PLSc",11996,3247300,1000,"ordinal","skewed","skewed","Extreme","2",1,TRUE,1.36999999999534
"4371","X=~x3",0.689947665059252,0.0536882831396441,0.8,"PLSc",11996,3247300,1000,"ordinal","skewed","skewed","Extreme","2",1,TRUE,1.36999999999534
"4372","Z=~z1",0.589285535636521,0.0501888735483835,0.6,"PLSc",11996,3247300,1000,"ordinal","skewed","skewed","Extreme","2",1,TRUE,1.36999999999534
"4373","Z=~z2",0.514014388463109,0.0486590963437333,0.6,"PLSc",11996,3247300,1000,"ordinal","skewed","skewed","Extreme","2",1,TRUE,1.36999999999534
"4374","Z=~z3",0.726942894442843,0.0479531365480392,0.8,"PLSc",11996,3247300,1000,"ordinal","skewed","skewed","Extreme","2",1,TRUE,1.36999999999534
"4375","Y=~y1",0.396580358225695,0.0510048813971581,0.4,"PLSc",11996,3247300,1000,"ordinal","skewed","skewed","Extreme","2",1,TRUE,1.36999999999534
"4376","Y=~y2",0.582503857726007,0.0420410041256146,0.7,"PLSc",11996,3247300,1000,"ordinal","skewed","skewed","Extreme","2",1,TRUE,1.36999999999534
"4377","Y=~y3",0.785865110480343,0.0344433589926469,0.9,"PLSc",11996,3247300,1000,"ordinal","skewed","skewed","Extreme","2",1,TRUE,1.36999999999534
"4378","Y~X",0.465662439945152,0.0600921911139413,0.4,"PLSc",11996,3247300,1000,"ordinal","skewed","skewed","Extreme","2",1,TRUE,1.36999999999534
"4379","Y~Z",0.595156730565899,0.062682473479103,0.5,"PLSc",11996,3247300,1000,"ordinal","skewed","skewed","Extreme","2",1,TRUE,1.36999999999534
"4380","Y~X:Z",0.0950217862448163,0.0524094403116826,0.3,"PLSc",11996,3247300,1000,"ordinal","skewed","skewed","Extreme","2",1,TRUE,1.36999999999534
"4381","X~~Z",0.181786816868953,0.0559404929291252,0.2,"PLSc",11996,3247300,1000,"ordinal","skewed","skewed","Extreme","2",1,TRUE,1.36999999999534
"4382","X=~x1",0.493267372645471,0.0607753328582724,0.4,"PLS",11996,3247300,1000,"ordinal","skewed","skewed","Extreme","2",1,TRUE,0.922000000020489
"4383","X=~x2",0.8734295519378,0.0185450145373914,0.8,"PLS",11996,3247300,1000,"ordinal","skewed","skewed","Extreme","2",1,TRUE,0.922000000020489
"4384","X=~x3",0.839497982525345,0.025120058651479,0.8,"PLS",11996,3247300,1000,"ordinal","skewed","skewed","Extreme","2",1,TRUE,0.922000000020489
"4385","Z=~z1",0.726365265365401,0.0334196940910872,0.6,"PLS",11996,3247300,1000,"ordinal","skewed","skewed","Extreme","2",1,TRUE,0.922000000020489
"4386","Z=~z2",0.727344199424893,0.0331269957802084,0.6,"PLS",11996,3247300,1000,"ordinal","skewed","skewed","Extreme","2",1,TRUE,0.922000000020489
"4387","Z=~z3",0.827502163683412,0.0204910877406322,0.8,"PLS",11996,3247300,1000,"ordinal","skewed","skewed","Extreme","2",1,TRUE,0.922000000020489
"4388","Y=~y1",0.597164236261886,0.050393270356477,0.4,"PLS",11996,3247300,1000,"ordinal","skewed","skewed","Extreme","2",1,TRUE,0.922000000020489
"4389","Y=~y2",0.754500935377596,0.0319281438587932,0.7,"PLS",11996,3247300,1000,"ordinal","skewed","skewed","Extreme","2",1,TRUE,0.922000000020489
"4390","Y=~y3",0.862780087986406,0.0126771481055519,0.9,"PLS",11996,3247300,1000,"ordinal","skewed","skewed","Extreme","2",1,TRUE,0.922000000020489
"4391","Y~X",0.343196147203905,0.0393805191377826,0.4,"PLS",11996,3247300,1000,"ordinal","skewed","skewed","Extreme","2",1,TRUE,0.922000000020489
"4392","Y~Z",0.409616255986975,0.0395421210447156,0.5,"PLS",11996,3247300,1000,"ordinal","skewed","skewed","Extreme","2",1,TRUE,0.922000000020489
"4393","Y~X:Z",0.123206643895375,0.0275700251793407,0.3,"PLS",11996,3247300,1000,"ordinal","skewed","skewed","Extreme","2",1,TRUE,0.922000000020489
"4394","X~~Z",0.123800369692177,0.0383743332861197,0.2,"PLS",11996,3247300,1000,"ordinal","skewed","skewed","Extreme","2",1,TRUE,0.922000000020489
"4395","X=~x1",0.456,0.353,0.4,"Mplus",11996,3247300,1000,"ordinal","skewed","skewed","Extreme","2",1,TRUE,183.860999999975
"4396","X=~x2",0.943,0.052,0.8,"Mplus",11996,3247300,1000,"ordinal","skewed","skewed","Extreme","2",1,TRUE,183.860999999975
"4397","X=~x3",0.869,0.034,0.8,"Mplus",11996,3247300,1000,"ordinal","skewed","skewed","Extreme","2",1,TRUE,183.860999999975
"4398","Z=~z1",0.723,0.044,0.6,"Mplus",11996,3247300,1000,"ordinal","skewed","skewed","Extreme","2",1,TRUE,183.860999999975
"4399","Z=~z2",0.74,0.042,0.6,"Mplus",11996,3247300,1000,"ordinal","skewed","skewed","Extreme","2",1,TRUE,183.860999999975
"4400","Z=~z3",0.887,0.037,0.8,"Mplus",11996,3247300,1000,"ordinal","skewed","skewed","Extreme","2",1,TRUE,183.860999999975
"4401","Y=~y1",0.49,0.05,0.4,"Mplus",11996,3247300,1000,"ordinal","skewed","skewed","Extreme","2",1,TRUE,183.860999999975
"4402","Y=~y2",0.661,0.048,0.7,"Mplus",11996,3247300,1000,"ordinal","skewed","skewed","Extreme","2",1,TRUE,183.860999999975
"4403","Y=~y3",0.9,0.049,0.9,"Mplus",11996,3247300,1000,"ordinal","skewed","skewed","Extreme","2",1,TRUE,183.860999999975
"4404","Y~X",0.437,0.114,0.4,"Mplus",11996,3247300,1000,"ordinal","skewed","skewed","Extreme","2",1,TRUE,183.860999999975
"4405","Y~Z",0.621,0.093,0.5,"Mplus",11996,3247300,1000,"ordinal","skewed","skewed","Extreme","2",1,TRUE,183.860999999975
"4406","Y~X:Z",0.363,0.196,0.3,"Mplus",11996,3247300,1000,"ordinal","skewed","skewed","Extreme","2",1,TRUE,183.860999999975
"4407","X~~Z",0.312,0.066,0.2,"Mplus",11996,3247300,1000,"ordinal","skewed","skewed","Extreme","2",1,TRUE,183.860999999975
"4408","X=~x1",0.31508703834177,0.0384408928996397,0.4,"LSAM",11996,3247300,1000,"ordinal","skewed","skewed","Extreme","2",1,TRUE,0.48699999996461
"4409","X=~x2",0.816492075404562,0.0741865961153244,0.8,"LSAM",11996,3247300,1000,"ordinal","skewed","skewed","Extreme","2",1,TRUE,0.48699999996461
"4410","X=~x3",0.690244242625594,0.0733637624162172,0.8,"LSAM",11996,3247300,1000,"ordinal","skewed","skewed","Extreme","2",1,TRUE,0.48699999996461
"4411","Z=~z1",0.522417301156542,0.099913226871422,0.6,"LSAM",11996,3247300,1000,"ordinal","skewed","skewed","Extreme","2",1,TRUE,0.48699999996461
"4412","Z=~z2",0.626152682031476,0.108766257031755,0.6,"LSAM",11996,3247300,1000,"ordinal","skewed","skewed","Extreme","2",1,TRUE,0.48699999996461
"4413","Z=~z3",0.689869638296902,0.105776659918291,0.8,"LSAM",11996,3247300,1000,"ordinal","skewed","skewed","Extreme","2",1,TRUE,0.48699999996461
"4414","Y=~y1",0.447050281089199,0.0233041058461408,0.4,"LSAM",11996,3247300,1000,"ordinal","skewed","skewed","Extreme","2",1,TRUE,0.48699999996461
"4415","Y=~y2",0.574630204341643,0.0516063907900664,0.7,"LSAM",11996,3247300,1000,"ordinal","skewed","skewed","Extreme","2",1,TRUE,0.48699999996461
"4416","Y=~y3",0.747326533290634,0.0626210440363055,0.9,"LSAM",11996,3247300,1000,"ordinal","skewed","skewed","Extreme","2",1,TRUE,0.48699999996461
"4417","Y~X",0.461669011020237,0.0912030616391459,0.4,"LSAM",11996,3247300,1000,"ordinal","skewed","skewed","Extreme","2",1,TRUE,0.48699999996461
"4418","Y~Z",0.623928269005158,0.25736519795119,0.5,"LSAM",11996,3247300,1000,"ordinal","skewed","skewed","Extreme","2",1,TRUE,0.48699999996461
"4419","Y~X:Z",0.0660726866692549,0.0640534038762446,0.3,"LSAM",11996,3247300,1000,"ordinal","skewed","skewed","Extreme","2",1,TRUE,0.48699999996461
"4420","X~~Z",0.176914211656077,0.0656599044250339,0.2,"LSAM",11996,3247300,1000,"ordinal","skewed","skewed","Extreme","2",1,TRUE,0.48699999996461
"4421","X=~x1",0.374685821670763,0.119748155008214,0.4,"MC-PLSc",11997,7334963,300,"ordinal","skewed","skewed","Extreme","3",1,TRUE,16.8169999999809
"4422","X=~x2",0.887207540495142,0.0563729021188475,0.8,"MC-PLSc",11997,7334963,300,"ordinal","skewed","skewed","Extreme","3",1,TRUE,16.8169999999809
"4423","X=~x3",0.878694936086377,0.0570996071771839,0.8,"MC-PLSc",11997,7334963,300,"ordinal","skewed","skewed","Extreme","3",1,TRUE,16.8169999999809
"4424","Z=~z1",0.561331045733087,0.0856712996296973,0.6,"MC-PLSc",11997,7334963,300,"ordinal","skewed","skewed","Extreme","3",1,TRUE,16.8169999999809
"4425","Z=~z2",0.743904926857367,0.0622840735144568,0.6,"MC-PLSc",11997,7334963,300,"ordinal","skewed","skewed","Extreme","3",1,TRUE,16.8169999999809
"4426","Z=~z3",0.897290741978352,0.0551580364159442,0.8,"MC-PLSc",11997,7334963,300,"ordinal","skewed","skewed","Extreme","3",1,TRUE,16.8169999999809
"4427","Y=~y1",0.454471927106555,0.0772229459778717,0.4,"MC-PLSc",11997,7334963,300,"ordinal","skewed","skewed","Extreme","3",1,TRUE,16.8169999999809
"4428","Y=~y2",0.676195522075138,0.0779674778607928,0.7,"MC-PLSc",11997,7334963,300,"ordinal","skewed","skewed","Extreme","3",1,TRUE,16.8169999999809
"4429","Y=~y3",0.887803571264411,0.0792697032306947,0.9,"MC-PLSc",11997,7334963,300,"ordinal","skewed","skewed","Extreme","3",1,TRUE,16.8169999999809
"4430","Y~X",0.344732475686684,0.181919471234841,0.4,"MC-PLSc",11997,7334963,300,"ordinal","skewed","skewed","Extreme","3",1,TRUE,16.8169999999809
"4431","Y~Z",0.422141686131764,0.144311223915028,0.5,"MC-PLSc",11997,7334963,300,"ordinal","skewed","skewed","Extreme","3",1,TRUE,16.8169999999809
"4432","Y~X:Z",0.698644655149702,0.254736601666423,0.3,"MC-PLSc",11997,7334963,300,"ordinal","skewed","skewed","Extreme","3",1,TRUE,16.8169999999809
"4433","X~~Z",0.334681898068663,0.100855673697485,0.2,"MC-PLSc",11997,7334963,300,"ordinal","skewed","skewed","Extreme","3",1,TRUE,16.8169999999809
"4434","X=~x1",0.241222500727799,0.122991983056551,0.4,"PLSc",11997,7334963,300,"ordinal","skewed","skewed","Extreme","3",1,TRUE,1.28299999999581
"4435","X=~x2",0.764742986454002,0.0664962013140591,0.8,"PLSc",11997,7334963,300,"ordinal","skewed","skewed","Extreme","3",1,TRUE,1.28299999999581
"4436","X=~x3",0.793638178951451,0.076705383207962,0.8,"PLSc",11997,7334963,300,"ordinal","skewed","skewed","Extreme","3",1,TRUE,1.28299999999581
"4437","Z=~z1",0.436715112442592,0.1007257636433,0.6,"PLSc",11997,7334963,300,"ordinal","skewed","skewed","Extreme","3",1,TRUE,1.28299999999581
"4438","Z=~z2",0.601300781012275,0.0767867949237169,0.6,"PLSc",11997,7334963,300,"ordinal","skewed","skewed","Extreme","3",1,TRUE,1.28299999999581
"4439","Z=~z3",0.824904529110207,0.0714779235445026,0.8,"PLSc",11997,7334963,300,"ordinal","skewed","skewed","Extreme","3",1,TRUE,1.28299999999581
"4440","Y=~y1",0.415173671458482,0.0820861874677064,0.4,"PLSc",11997,7334963,300,"ordinal","skewed","skewed","Extreme","3",1,TRUE,1.28299999999581
"4441","Y=~y2",0.637071610850016,0.0720705597661339,0.7,"PLSc",11997,7334963,300,"ordinal","skewed","skewed","Extreme","3",1,TRUE,1.28299999999581
"4442","Y=~y3",0.816298194877611,0.056784359929248,0.9,"PLSc",11997,7334963,300,"ordinal","skewed","skewed","Extreme","3",1,TRUE,1.28299999999581
"4443","Y~X",0.395081431611685,0.0998466004105238,0.4,"PLSc",11997,7334963,300,"ordinal","skewed","skewed","Extreme","3",1,TRUE,1.28299999999581
"4444","Y~Z",0.444248999181915,0.0983561592995406,0.5,"PLSc",11997,7334963,300,"ordinal","skewed","skewed","Extreme","3",1,TRUE,1.28299999999581
"4445","Y~X:Z",0.260114309697603,0.145381471684628,0.3,"PLSc",11997,7334963,300,"ordinal","skewed","skewed","Extreme","3",1,TRUE,1.28299999999581
"4446","X~~Z",0.269365974228455,0.0971532192165394,0.2,"PLSc",11997,7334963,300,"ordinal","skewed","skewed","Extreme","3",1,TRUE,1.28299999999581
"4447","X=~x1",0.399582813651462,0.116188525411485,0.4,"PLS",11997,7334963,300,"ordinal","skewed","skewed","Extreme","3",1,TRUE,0.884999999951106
"4448","X=~x2",0.882401318579848,0.0249238120182821,0.8,"PLS",11997,7334963,300,"ordinal","skewed","skewed","Extreme","3",1,TRUE,0.884999999951106
"4449","X=~x3",0.876242986949762,0.0309080050975797,0.8,"PLS",11997,7334963,300,"ordinal","skewed","skewed","Extreme","3",1,TRUE,0.884999999951106
"4450","Z=~z1",0.613339152797846,0.0818273671611836,0.6,"PLS",11997,7334963,300,"ordinal","skewed","skewed","Extreme","3",1,TRUE,0.884999999951106
"4451","Z=~z2",0.785385062547676,0.0467604414668757,0.6,"PLS",11997,7334963,300,"ordinal","skewed","skewed","Extreme","3",1,TRUE,0.884999999951106
"4452","Z=~z3",0.868827219219436,0.0234199346973041,0.8,"PLS",11997,7334963,300,"ordinal","skewed","skewed","Extreme","3",1,TRUE,0.884999999951106
"4453","Y=~y1",0.580871915766148,0.0793782046116636,0.4,"PLS",11997,7334963,300,"ordinal","skewed","skewed","Extreme","3",1,TRUE,0.884999999951106
"4454","Y=~y2",0.795618698348067,0.0447421474261333,0.7,"PLS",11997,7334963,300,"ordinal","skewed","skewed","Extreme","3",1,TRUE,0.884999999951106
"4455","Y=~y3",0.882021063677452,0.0190897969025549,0.9,"PLS",11997,7334963,300,"ordinal","skewed","skewed","Extreme","3",1,TRUE,0.884999999951106
"4456","Y~X",0.326857858347555,0.061101677015922,0.4,"PLS",11997,7334963,300,"ordinal","skewed","skewed","Extreme","3",1,TRUE,0.884999999951106
"4457","Y~Z",0.35028588690502,0.0602234215433027,0.5,"PLS",11997,7334963,300,"ordinal","skewed","skewed","Extreme","3",1,TRUE,0.884999999951106
"4458","Y~X:Z",0.231307433826579,0.0470490527280486,0.3,"PLS",11997,7334963,300,"ordinal","skewed","skewed","Extreme","3",1,TRUE,0.884999999951106
"4459","X~~Z",0.197827559926369,0.0720116571469044,0.2,"PLS",11997,7334963,300,"ordinal","skewed","skewed","Extreme","3",1,TRUE,0.884999999951106
"4460","X=~x1",NA,NA,0.4,"Mplus",11997,7334963,300,"ordinal","skewed","skewed","Extreme","3",1,FALSE,404.624000000011
"4461","X=~x2",NA,NA,0.8,"Mplus",11997,7334963,300,"ordinal","skewed","skewed","Extreme","3",1,FALSE,404.624000000011
"4462","X=~x3",NA,NA,0.8,"Mplus",11997,7334963,300,"ordinal","skewed","skewed","Extreme","3",1,FALSE,404.624000000011
"4463","Z=~z1",NA,NA,0.6,"Mplus",11997,7334963,300,"ordinal","skewed","skewed","Extreme","3",1,FALSE,404.624000000011
"4464","Z=~z2",NA,NA,0.6,"Mplus",11997,7334963,300,"ordinal","skewed","skewed","Extreme","3",1,FALSE,404.624000000011
"4465","Z=~z3",NA,NA,0.8,"Mplus",11997,7334963,300,"ordinal","skewed","skewed","Extreme","3",1,FALSE,404.624000000011
"4466","Y=~y1",NA,NA,0.4,"Mplus",11997,7334963,300,"ordinal","skewed","skewed","Extreme","3",1,FALSE,404.624000000011
"4467","Y=~y2",NA,NA,0.7,"Mplus",11997,7334963,300,"ordinal","skewed","skewed","Extreme","3",1,FALSE,404.624000000011
"4468","Y=~y3",NA,NA,0.9,"Mplus",11997,7334963,300,"ordinal","skewed","skewed","Extreme","3",1,FALSE,404.624000000011
"4469","Y~X",NA,NA,0.4,"Mplus",11997,7334963,300,"ordinal","skewed","skewed","Extreme","3",1,FALSE,404.624000000011
"4470","Y~Z",NA,NA,0.5,"Mplus",11997,7334963,300,"ordinal","skewed","skewed","Extreme","3",1,FALSE,404.624000000011
"4471","Y~X:Z",NA,NA,0.3,"Mplus",11997,7334963,300,"ordinal","skewed","skewed","Extreme","3",1,FALSE,404.624000000011
"4472","X~~Z",NA,NA,0.2,"Mplus",11997,7334963,300,"ordinal","skewed","skewed","Extreme","3",1,FALSE,404.624000000011
"4473","X=~x1",0.312517006371902,0.0746772885840087,0.4,"LSAM",11997,7334963,300,"ordinal","skewed","skewed","Extreme","3",1,TRUE,0.459999999962747
"4474","X=~x2",0.911774332159597,0.126392027786543,0.8,"LSAM",11997,7334963,300,"ordinal","skewed","skewed","Extreme","3",1,TRUE,0.459999999962747
"4475","X=~x3",0.641704958317813,0.132654954254272,0.8,"LSAM",11997,7334963,300,"ordinal","skewed","skewed","Extreme","3",1,TRUE,0.459999999962747
"4476","Z=~z1",0.453087668034217,0.0720615953138777,0.6,"LSAM",11997,7334963,300,"ordinal","skewed","skewed","Extreme","3",1,TRUE,0.459999999962747
"4477","Z=~z2",0.681987679906753,0.10954480507063,0.6,"LSAM",11997,7334963,300,"ordinal","skewed","skewed","Extreme","3",1,TRUE,0.459999999962747
"4478","Z=~z3",0.725074026414134,0.110493447381324,0.8,"LSAM",11997,7334963,300,"ordinal","skewed","skewed","Extreme","3",1,TRUE,0.459999999962747
"4479","Y=~y1",0.400494497478292,0.0307331248234699,0.4,"LSAM",11997,7334963,300,"ordinal","skewed","skewed","Extreme","3",1,TRUE,0.459999999962747
"4480","Y=~y2",0.610181133245876,0.0830798014048008,0.7,"LSAM",11997,7334963,300,"ordinal","skewed","skewed","Extreme","3",1,TRUE,0.459999999962747
"4481","Y=~y3",0.8622053078786,0.105465383554166,0.9,"LSAM",11997,7334963,300,"ordinal","skewed","skewed","Extreme","3",1,TRUE,0.459999999962747
"4482","Y~X",0.384079075809491,0.135286991569659,0.4,"LSAM",11997,7334963,300,"ordinal","skewed","skewed","Extreme","3",1,TRUE,0.459999999962747
"4483","Y~Z",0.502857433986742,0.169185127586114,0.5,"LSAM",11997,7334963,300,"ordinal","skewed","skewed","Extreme","3",1,TRUE,0.459999999962747
"4484","Y~X:Z",0.223435750923617,0.145100488247863,0.3,"LSAM",11997,7334963,300,"ordinal","skewed","skewed","Extreme","3",1,TRUE,0.459999999962747
"4485","X~~Z",0.18763377725421,0.137101049077796,0.2,"LSAM",11997,7334963,300,"ordinal","skewed","skewed","Extreme","3",1,TRUE,0.459999999962747
"4486","X=~x1",0.30050304418745,0.061871331097473,0.4,"MC-PLSc",11998,4073535,1000,"ordinal","skewed","skewed","Extreme","3",1,TRUE,17.6370000000461
"4487","X=~x2",0.809698821808349,0.0374007354673241,0.8,"MC-PLSc",11998,4073535,1000,"ordinal","skewed","skewed","Extreme","3",1,TRUE,17.6370000000461
"4488","X=~x3",0.904846486363752,0.0345167900676101,0.8,"MC-PLSc",11998,4073535,1000,"ordinal","skewed","skewed","Extreme","3",1,TRUE,17.6370000000461
"4489","Z=~z1",0.781599341562023,0.029973070935819,0.6,"MC-PLSc",11998,4073535,1000,"ordinal","skewed","skewed","Extreme","3",1,TRUE,17.6370000000461
"4490","Z=~z2",0.666030000446391,0.0416511654674545,0.6,"MC-PLSc",11998,4073535,1000,"ordinal","skewed","skewed","Extreme","3",1,TRUE,17.6370000000461
"4491","Z=~z3",0.861705170406567,0.0324239130298212,0.8,"MC-PLSc",11998,4073535,1000,"ordinal","skewed","skewed","Extreme","3",1,TRUE,17.6370000000461
"4492","Y=~y1",0.381598494652544,0.0452897205657505,0.4,"MC-PLSc",11998,4073535,1000,"ordinal","skewed","skewed","Extreme","3",1,TRUE,17.6370000000461
"4493","Y=~y2",0.678016994575274,0.0399609498317842,0.7,"MC-PLSc",11998,4073535,1000,"ordinal","skewed","skewed","Extreme","3",1,TRUE,17.6370000000461
"4494","Y=~y3",0.909421609054923,0.0356091262975453,0.9,"MC-PLSc",11998,4073535,1000,"ordinal","skewed","skewed","Extreme","3",1,TRUE,17.6370000000461
"4495","Y~X",0.37283465887396,0.0861920089705698,0.4,"MC-PLSc",11998,4073535,1000,"ordinal","skewed","skewed","Extreme","3",1,TRUE,17.6370000000461
"4496","Y~Z",0.543415836989582,0.0612863594017311,0.5,"MC-PLSc",11998,4073535,1000,"ordinal","skewed","skewed","Extreme","3",1,TRUE,17.6370000000461
"4497","Y~X:Z",0.378297763633323,0.11470043379448,0.3,"MC-PLSc",11998,4073535,1000,"ordinal","skewed","skewed","Extreme","3",1,TRUE,17.6370000000461
"4498","X~~Z",0.264370502984934,0.0591997745147573,0.2,"MC-PLSc",11998,4073535,1000,"ordinal","skewed","skewed","Extreme","3",1,TRUE,17.6370000000461
"4499","X=~x1",0.181529920779648,0.0721151422597072,0.4,"PLSc",11998,4073535,1000,"ordinal","skewed","skewed","Extreme","3",1,TRUE,1.34899999998743
"4500","X=~x2",0.706968198554599,0.0460499374874186,0.8,"PLSc",11998,4073535,1000,"ordinal","skewed","skewed","Extreme","3",1,TRUE,1.34899999998743
"4501","X=~x3",0.800900068644617,0.0436663481733566,0.8,"PLSc",11998,4073535,1000,"ordinal","skewed","skewed","Extreme","3",1,TRUE,1.34899999998743
"4502","Z=~z1",0.680116001046588,0.0424087982283764,0.6,"PLSc",11998,4073535,1000,"ordinal","skewed","skewed","Extreme","3",1,TRUE,1.34899999998743
"4503","Z=~z2",0.484130038092645,0.051786979340791,0.6,"PLSc",11998,4073535,1000,"ordinal","skewed","skewed","Extreme","3",1,TRUE,1.34899999998743
"4504","Z=~z3",0.777288528342003,0.0385281971009081,0.8,"PLSc",11998,4073535,1000,"ordinal","skewed","skewed","Extreme","3",1,TRUE,1.34899999998743
"4505","Y=~y1",0.307831577081534,0.0475693840559324,0.4,"PLSc",11998,4073535,1000,"ordinal","skewed","skewed","Extreme","3",1,TRUE,1.34899999998743
"4506","Y=~y2",0.608451240849527,0.0396046824216162,0.7,"PLSc",11998,4073535,1000,"ordinal","skewed","skewed","Extreme","3",1,TRUE,1.34899999998743
"4507","Y=~y3",0.822766484367301,0.0302880684875205,0.9,"PLSc",11998,4073535,1000,"ordinal","skewed","skewed","Extreme","3",1,TRUE,1.34899999998743
"4508","Y~X",0.389051568457286,0.0502024113882105,0.4,"PLSc",11998,4073535,1000,"ordinal","skewed","skewed","Extreme","3",1,TRUE,1.34899999998743
"4509","Y~Z",0.510995933365854,0.0495384644743504,0.5,"PLSc",11998,4073535,1000,"ordinal","skewed","skewed","Extreme","3",1,TRUE,1.34899999998743
"4510","Y~X:Z",0.155025045683127,0.0441530821625894,0.3,"PLSc",11998,4073535,1000,"ordinal","skewed","skewed","Extreme","3",1,TRUE,1.34899999998743
"4511","X~~Z",0.211329595165188,0.053354308514102,0.2,"PLSc",11998,4073535,1000,"ordinal","skewed","skewed","Extreme","3",1,TRUE,1.34899999998743
"4512","X=~x1",0.346839841090931,0.0697500356959626,0.4,"PLS",11998,4073535,1000,"ordinal","skewed","skewed","Extreme","3",1,TRUE,0.940999999991618
"4513","X=~x2",0.850084545928913,0.0219613903807873,0.8,"PLS",11998,4073535,1000,"ordinal","skewed","skewed","Extreme","3",1,TRUE,0.940999999991618
"4514","X=~x3",0.887810328357573,0.0147030828363486,0.8,"PLS",11998,4073535,1000,"ordinal","skewed","skewed","Extreme","3",1,TRUE,0.940999999991618
"4515","Z=~z1",0.797355756630159,0.021444141543394,0.6,"PLS",11998,4073535,1000,"ordinal","skewed","skewed","Extreme","3",1,TRUE,0.940999999991618
"4516","Z=~z2",0.707286418503957,0.033624957677974,0.6,"PLS",11998,4073535,1000,"ordinal","skewed","skewed","Extreme","3",1,TRUE,0.940999999991618
"4517","Z=~z3",0.83823186661649,0.0141166341267297,0.8,"PLS",11998,4073535,1000,"ordinal","skewed","skewed","Extreme","3",1,TRUE,0.940999999991618
"4518","Y=~y1",0.476991433442933,0.0517500590983315,0.4,"PLS",11998,4073535,1000,"ordinal","skewed","skewed","Extreme","3",1,TRUE,0.940999999991618
"4519","Y=~y2",0.791777282153239,0.0251126733251122,0.7,"PLS",11998,4073535,1000,"ordinal","skewed","skewed","Extreme","3",1,TRUE,0.940999999991618
"4520","Y=~y3",0.885385949251008,0.00975263319059196,0.9,"PLS",11998,4073535,1000,"ordinal","skewed","skewed","Extreme","3",1,TRUE,0.940999999991618
"4521","Y~X",0.304402518266599,0.0334288273235277,0.4,"PLS",11998,4073535,1000,"ordinal","skewed","skewed","Extreme","3",1,TRUE,0.940999999991618
"4522","Y~Z",0.38178164035505,0.0332647948148985,0.5,"PLS",11998,4073535,1000,"ordinal","skewed","skewed","Extreme","3",1,TRUE,0.940999999991618
"4523","Y~X:Z",0.160208369436272,0.0243429750408633,0.3,"PLS",11998,4073535,1000,"ordinal","skewed","skewed","Extreme","3",1,TRUE,0.940999999991618
"4524","X~~Z",0.15284559334735,0.0388838654566625,0.2,"PLS",11998,4073535,1000,"ordinal","skewed","skewed","Extreme","3",1,TRUE,0.940999999991618
"4525","X=~x1",0.306,0.043,0.4,"Mplus",11998,4073535,1000,"ordinal","skewed","skewed","Extreme","3",1,TRUE,335.551999999967
"4526","X=~x2",0.752,0.041,0.8,"Mplus",11998,4073535,1000,"ordinal","skewed","skewed","Extreme","3",1,TRUE,335.551999999967
"4527","X=~x3",0.912,0.04,0.8,"Mplus",11998,4073535,1000,"ordinal","skewed","skewed","Extreme","3",1,TRUE,335.551999999967
"4528","Z=~z1",0.724,0.037,0.6,"Mplus",11998,4073535,1000,"ordinal","skewed","skewed","Extreme","3",1,TRUE,335.551999999967
"4529","Z=~z2",0.645,0.041,0.6,"Mplus",11998,4073535,1000,"ordinal","skewed","skewed","Extreme","3",1,TRUE,335.551999999967
"4530","Z=~z3",0.825,0.033,0.8,"Mplus",11998,4073535,1000,"ordinal","skewed","skewed","Extreme","3",1,TRUE,335.551999999967
"4531","Y=~y1",0.342,0.044,0.4,"Mplus",11998,4073535,1000,"ordinal","skewed","skewed","Extreme","3",1,TRUE,335.551999999967
"4532","Y=~y2",0.657,0.038,0.7,"Mplus",11998,4073535,1000,"ordinal","skewed","skewed","Extreme","3",1,TRUE,335.551999999967
"4533","Y=~y3",0.879,0.035,0.9,"Mplus",11998,4073535,1000,"ordinal","skewed","skewed","Extreme","3",1,TRUE,335.551999999967
"4534","Y~X",0.277,0.073,0.4,"Mplus",11998,4073535,1000,"ordinal","skewed","skewed","Extreme","3",1,TRUE,335.551999999967
"4535","Y~Z",0.546,0.061,0.5,"Mplus",11998,4073535,1000,"ordinal","skewed","skewed","Extreme","3",1,TRUE,335.551999999967
"4536","Y~X:Z",0.571,0.071,0.3,"Mplus",11998,4073535,1000,"ordinal","skewed","skewed","Extreme","3",1,TRUE,335.551999999967
"4537","X~~Z",0.256,0.051,0.2,"Mplus",11998,4073535,1000,"ordinal","skewed","skewed","Extreme","3",1,TRUE,335.551999999967
"4538","X=~x1",0.309503103980415,0.0369647560186891,0.4,"LSAM",11998,4073535,1000,"ordinal","skewed","skewed","Extreme","3",1,TRUE,0.450000000011642
"4539","X=~x2",0.66257005335472,0.0749396522020293,0.8,"LSAM",11998,4073535,1000,"ordinal","skewed","skewed","Extreme","3",1,TRUE,0.450000000011642
"4540","X=~x3",0.804887196306489,0.0788826275863353,0.8,"LSAM",11998,4073535,1000,"ordinal","skewed","skewed","Extreme","3",1,TRUE,0.450000000011642
"4541","Z=~z1",0.655234580083085,0.0475645535430752,0.6,"LSAM",11998,4073535,1000,"ordinal","skewed","skewed","Extreme","3",1,TRUE,0.450000000011642
"4542","Z=~z2",0.615169325526653,0.0595369011398317,0.6,"LSAM",11998,4073535,1000,"ordinal","skewed","skewed","Extreme","3",1,TRUE,0.450000000011642
"4543","Z=~z3",0.686595320593563,0.0591491805489462,0.8,"LSAM",11998,4073535,1000,"ordinal","skewed","skewed","Extreme","3",1,TRUE,0.450000000011642
"4544","Y=~y1",0.330090806491909,0.0156876333788766,0.4,"LSAM",11998,4073535,1000,"ordinal","skewed","skewed","Extreme","3",1,TRUE,0.450000000011642
"4545","Y=~y2",0.618148038598939,0.0588662243165944,0.7,"LSAM",11998,4073535,1000,"ordinal","skewed","skewed","Extreme","3",1,TRUE,0.450000000011642
"4546","Y=~y3",0.792824894679769,0.0741064430863464,0.9,"LSAM",11998,4073535,1000,"ordinal","skewed","skewed","Extreme","3",1,TRUE,0.450000000011642
"4547","Y~X",0.408682535061353,0.0666391443889054,0.4,"LSAM",11998,4073535,1000,"ordinal","skewed","skewed","Extreme","3",1,TRUE,0.450000000011642
"4548","Y~Z",0.527365074202379,0.109420397349838,0.5,"LSAM",11998,4073535,1000,"ordinal","skewed","skewed","Extreme","3",1,TRUE,0.450000000011642
"4549","Y~X:Z",0.143893718641924,0.0529732211211787,0.3,"LSAM",11998,4073535,1000,"ordinal","skewed","skewed","Extreme","3",1,TRUE,0.450000000011642
"4550","X~~Z",0.208112179497721,0.0598095103699769,0.2,"LSAM",11998,4073535,1000,"ordinal","skewed","skewed","Extreme","3",1,TRUE,0.450000000011642
"4551","X=~x1",0.298214026942403,0.0764330901715458,0.4,"MC-PLSc",11999,303317,300,"ordinal","skewed","skewed","Extreme","5",1,TRUE,18.4510000000009
"4552","X=~x2",0.821119402201184,0.0616684711493411,0.8,"MC-PLSc",11999,303317,300,"ordinal","skewed","skewed","Extreme","5",1,TRUE,18.4510000000009
"4553","X=~x3",0.811954143398192,0.0485358151044804,0.8,"MC-PLSc",11999,303317,300,"ordinal","skewed","skewed","Extreme","5",1,TRUE,18.4510000000009
"4554","Z=~z1",0.64429861305423,0.0644602296191181,0.6,"MC-PLSc",11999,303317,300,"ordinal","skewed","skewed","Extreme","5",1,TRUE,18.4510000000009
"4555","Z=~z2",0.620198809223535,0.0708254201412492,0.6,"MC-PLSc",11999,303317,300,"ordinal","skewed","skewed","Extreme","5",1,TRUE,18.4510000000009
"4556","Z=~z3",0.824114561737508,0.058159893585036,0.8,"MC-PLSc",11999,303317,300,"ordinal","skewed","skewed","Extreme","5",1,TRUE,18.4510000000009
"4557","Y=~y1",0.342254547340143,0.0792255856728901,0.4,"MC-PLSc",11999,303317,300,"ordinal","skewed","skewed","Extreme","5",1,TRUE,18.4510000000009
"4558","Y=~y2",0.669072286691898,0.0567798140982465,0.7,"MC-PLSc",11999,303317,300,"ordinal","skewed","skewed","Extreme","5",1,TRUE,18.4510000000009
"4559","Y=~y3",0.846049421471199,0.0538327465360014,0.9,"MC-PLSc",11999,303317,300,"ordinal","skewed","skewed","Extreme","5",1,TRUE,18.4510000000009
"4560","Y~X",0.462138178541519,0.099378184626453,0.4,"MC-PLSc",11999,303317,300,"ordinal","skewed","skewed","Extreme","5",1,TRUE,18.4510000000009
"4561","Y~Z",0.448204988101694,0.0914141541904255,0.5,"MC-PLSc",11999,303317,300,"ordinal","skewed","skewed","Extreme","5",1,TRUE,18.4510000000009
"4562","Y~X:Z",0.522535374070103,0.121571811206088,0.3,"MC-PLSc",11999,303317,300,"ordinal","skewed","skewed","Extreme","5",1,TRUE,18.4510000000009
"4563","X~~Z",0.220452704881929,0.0962021426223899,0.2,"MC-PLSc",11999,303317,300,"ordinal","skewed","skewed","Extreme","5",1,TRUE,18.4510000000009
"4564","X=~x1",0.274109956903538,0.0929053214273828,0.4,"PLSc",11999,303317,300,"ordinal","skewed","skewed","Extreme","5",1,TRUE,1.26699999999255
"4565","X=~x2",0.756941302348839,0.0692103187170231,0.8,"PLSc",11999,303317,300,"ordinal","skewed","skewed","Extreme","5",1,TRUE,1.26699999999255
"4566","X=~x3",0.724637165309839,0.0654897282253746,0.8,"PLSc",11999,303317,300,"ordinal","skewed","skewed","Extreme","5",1,TRUE,1.26699999999255
"4567","Z=~z1",0.592360043665803,0.0793608116088608,0.6,"PLSc",11999,303317,300,"ordinal","skewed","skewed","Extreme","5",1,TRUE,1.26699999999255
"4568","Z=~z2",0.57420884904795,0.0876566637760274,0.6,"PLSc",11999,303317,300,"ordinal","skewed","skewed","Extreme","5",1,TRUE,1.26699999999255
"4569","Z=~z3",0.729888980915862,0.0729122260422056,0.8,"PLSc",11999,303317,300,"ordinal","skewed","skewed","Extreme","5",1,TRUE,1.26699999999255
"4570","Y=~y1",0.362908755140554,0.0816077218255087,0.4,"PLSc",11999,303317,300,"ordinal","skewed","skewed","Extreme","5",1,TRUE,1.26699999999255
"4571","Y=~y2",0.630638762307742,0.0579515626518367,0.7,"PLSc",11999,303317,300,"ordinal","skewed","skewed","Extreme","5",1,TRUE,1.26699999999255
"4572","Y=~y3",0.769436854043066,0.0525791593518776,0.9,"PLSc",11999,303317,300,"ordinal","skewed","skewed","Extreme","5",1,TRUE,1.26699999999255
"4573","Y~X",0.461540660576231,0.0898061827571897,0.4,"PLSc",11999,303317,300,"ordinal","skewed","skewed","Extreme","5",1,TRUE,1.26699999999255
"4574","Y~Z",0.45898291293127,0.0800136973786562,0.5,"PLSc",11999,303317,300,"ordinal","skewed","skewed","Extreme","5",1,TRUE,1.26699999999255
"4575","Y~X:Z",0.284808405126079,0.13410496098514,0.3,"PLSc",11999,303317,300,"ordinal","skewed","skewed","Extreme","5",1,TRUE,1.26699999999255
"4576","X~~Z",0.202874439609276,0.0978747436050719,0.2,"PLSc",11999,303317,300,"ordinal","skewed","skewed","Extreme","5",1,TRUE,1.26699999999255
"4577","X=~x1",0.382728372363169,0.0957257301162323,0.4,"PLS",11999,303317,300,"ordinal","skewed","skewed","Extreme","5",1,TRUE,0.902000000001863
"4578","X=~x2",0.871168406193896,0.0253696608037779,0.8,"PLS",11999,303317,300,"ordinal","skewed","skewed","Extreme","5",1,TRUE,0.902000000001863
"4579","X=~x3",0.867301582802154,0.0247134066862244,0.8,"PLS",11999,303317,300,"ordinal","skewed","skewed","Extreme","5",1,TRUE,0.902000000001863
"4580","Z=~z1",0.741549057432108,0.0475228636899091,0.6,"PLS",11999,303317,300,"ordinal","skewed","skewed","Extreme","5",1,TRUE,0.902000000001863
"4581","Z=~z2",0.720230628939149,0.0558179543542184,0.6,"PLS",11999,303317,300,"ordinal","skewed","skewed","Extreme","5",1,TRUE,0.902000000001863
"4582","Z=~z3",0.849761900779299,0.025666037668311,0.8,"PLS",11999,303317,300,"ordinal","skewed","skewed","Extreme","5",1,TRUE,0.902000000001863
"4583","Y=~y1",0.466116757851683,0.0955659743684286,0.4,"PLS",11999,303317,300,"ordinal","skewed","skewed","Extreme","5",1,TRUE,0.902000000001863
"4584","Y=~y2",0.81006912603733,0.0346984533833879,0.7,"PLS",11999,303317,300,"ordinal","skewed","skewed","Extreme","5",1,TRUE,0.902000000001863
"4585","Y=~y3",0.885387837521459,0.0180219629715989,0.9,"PLS",11999,303317,300,"ordinal","skewed","skewed","Extreme","5",1,TRUE,0.902000000001863
"4586","Y~X",0.359119101349453,0.0507527593252407,0.4,"PLS",11999,303317,300,"ordinal","skewed","skewed","Extreme","5",1,TRUE,0.902000000001863
"4587","Y~Z",0.34646937580199,0.0459166240677154,0.5,"PLS",11999,303317,300,"ordinal","skewed","skewed","Extreme","5",1,TRUE,0.902000000001863
"4588","Y~X:Z",0.237319305249933,0.0396288396999636,0.3,"PLS",11999,303317,300,"ordinal","skewed","skewed","Extreme","5",1,TRUE,0.902000000001863
"4589","X~~Z",0.140756726121784,0.0693459498446127,0.2,"PLS",11999,303317,300,"ordinal","skewed","skewed","Extreme","5",1,TRUE,0.902000000001863
"4590","X=~x1",0.281,0.07,0.4,"Mplus",11999,303317,300,"ordinal","skewed","skewed","Extreme","5",1,TRUE,209.877000000037
"4591","X=~x2",0.79,0.061,0.8,"Mplus",11999,303317,300,"ordinal","skewed","skewed","Extreme","5",1,TRUE,209.877000000037
"4592","X=~x3",0.771,0.054,0.8,"Mplus",11999,303317,300,"ordinal","skewed","skewed","Extreme","5",1,TRUE,209.877000000037
"4593","Z=~z1",0.576,0.064,0.6,"Mplus",11999,303317,300,"ordinal","skewed","skewed","Extreme","5",1,TRUE,209.877000000037
"4594","Z=~z2",0.55,0.07,0.6,"Mplus",11999,303317,300,"ordinal","skewed","skewed","Extreme","5",1,TRUE,209.877000000037
"4595","Z=~z3",0.859,0.062,0.8,"Mplus",11999,303317,300,"ordinal","skewed","skewed","Extreme","5",1,TRUE,209.877000000037
"4596","Y=~y1",0.302,0.072,0.4,"Mplus",11999,303317,300,"ordinal","skewed","skewed","Extreme","5",1,TRUE,209.877000000037
"4597","Y=~y2",0.688,0.06,0.7,"Mplus",11999,303317,300,"ordinal","skewed","skewed","Extreme","5",1,TRUE,209.877000000037
"4598","Y=~y3",0.827,0.056,0.9,"Mplus",11999,303317,300,"ordinal","skewed","skewed","Extreme","5",1,TRUE,209.877000000037
"4599","Y~X",0.453,0.096,0.4,"Mplus",11999,303317,300,"ordinal","skewed","skewed","Extreme","5",1,TRUE,209.877000000037
"4600","Y~Z",0.369,0.1,0.5,"Mplus",11999,303317,300,"ordinal","skewed","skewed","Extreme","5",1,TRUE,209.877000000037
"4601","Y~X:Z",0.555,0.087,0.3,"Mplus",11999,303317,300,"ordinal","skewed","skewed","Extreme","5",1,TRUE,209.877000000037
"4602","X~~Z",0.25,0.088,0.2,"Mplus",11999,303317,300,"ordinal","skewed","skewed","Extreme","5",1,TRUE,209.877000000037
"4603","X=~x1",0.305280171647129,0.061876085562126,0.4,"LSAM",11999,303317,300,"ordinal","skewed","skewed","Extreme","5",1,TRUE,0.440000000002328
"4604","X=~x2",0.704715763516083,0.130679764069988,0.8,"LSAM",11999,303317,300,"ordinal","skewed","skewed","Extreme","5",1,TRUE,0.440000000002328
"4605","X=~x3",0.79830356650301,0.134394029372652,0.8,"LSAM",11999,303317,300,"ordinal","skewed","skewed","Extreme","5",1,TRUE,0.440000000002328
"4606","Z=~z1",0.550405182093691,0.0563859590031677,0.6,"LSAM",11999,303317,300,"ordinal","skewed","skewed","Extreme","5",1,TRUE,0.440000000002328
"4607","Z=~z2",0.520147702593854,0.0829415146517479,0.6,"LSAM",11999,303317,300,"ordinal","skewed","skewed","Extreme","5",1,TRUE,0.440000000002328
"4608","Z=~z3",0.835361940415233,0.0970742806737788,0.8,"LSAM",11999,303317,300,"ordinal","skewed","skewed","Extreme","5",1,TRUE,0.440000000002328
"4609","Y=~y1",0.308518155096993,0.0222493698673119,0.4,"LSAM",11999,303317,300,"ordinal","skewed","skewed","Extreme","5",1,TRUE,0.440000000002328
"4610","Y=~y2",0.592024324354695,0.0920551971485579,0.7,"LSAM",11999,303317,300,"ordinal","skewed","skewed","Extreme","5",1,TRUE,0.440000000002328
"4611","Y=~y3",0.926228691154309,0.134253769659485,0.9,"LSAM",11999,303317,300,"ordinal","skewed","skewed","Extreme","5",1,TRUE,0.440000000002328
"4612","Y~X",0.373056899964447,0.0751839127068653,0.4,"LSAM",11999,303317,300,"ordinal","skewed","skewed","Extreme","5",1,TRUE,0.440000000002328
"4613","Y~Z",0.410301852683729,0.0810861940068666,0.5,"LSAM",11999,303317,300,"ordinal","skewed","skewed","Extreme","5",1,TRUE,0.440000000002328
"4614","Y~X:Z",0.253424879177113,0.0618302782747018,0.3,"LSAM",11999,303317,300,"ordinal","skewed","skewed","Extreme","5",1,TRUE,0.440000000002328
"4615","X~~Z",0.187692389745114,0.082509472216499,0.2,"LSAM",11999,303317,300,"ordinal","skewed","skewed","Extreme","5",1,TRUE,0.440000000002328
"4616","X=~x1",0.391314091070137,0.0481877452065417,0.4,"MC-PLSc",12000,9352680,1000,"ordinal","skewed","skewed","Extreme","5",1,TRUE,18.7749999999651
"4617","X=~x2",0.830931145246645,0.0340316001783412,0.8,"MC-PLSc",12000,9352680,1000,"ordinal","skewed","skewed","Extreme","5",1,TRUE,18.7749999999651
"4618","X=~x3",0.827015501986773,0.0337147466172795,0.8,"MC-PLSc",12000,9352680,1000,"ordinal","skewed","skewed","Extreme","5",1,TRUE,18.7749999999651
"4619","Z=~z1",0.644001304621355,0.0378370497555755,0.6,"MC-PLSc",12000,9352680,1000,"ordinal","skewed","skewed","Extreme","5",1,TRUE,18.7749999999651
"4620","Z=~z2",0.695409514726844,0.0343890349625724,0.6,"MC-PLSc",12000,9352680,1000,"ordinal","skewed","skewed","Extreme","5",1,TRUE,18.7749999999651
"4621","Z=~z3",0.832499520723675,0.028280993983322,0.8,"MC-PLSc",12000,9352680,1000,"ordinal","skewed","skewed","Extreme","5",1,TRUE,18.7749999999651
"4622","Y=~y1",0.428320258735685,0.0393141508511797,0.4,"MC-PLSc",12000,9352680,1000,"ordinal","skewed","skewed","Extreme","5",1,TRUE,18.7749999999651
"4623","Y=~y2",0.728899670204221,0.0279334277851261,0.7,"MC-PLSc",12000,9352680,1000,"ordinal","skewed","skewed","Extreme","5",1,TRUE,18.7749999999651
"4624","Y=~y3",0.894118685570031,0.0268516490375162,0.9,"MC-PLSc",12000,9352680,1000,"ordinal","skewed","skewed","Extreme","5",1,TRUE,18.7749999999651
"4625","Y~X",0.468932888371388,0.0489489613505991,0.4,"MC-PLSc",12000,9352680,1000,"ordinal","skewed","skewed","Extreme","5",1,TRUE,18.7749999999651
"4626","Y~Z",0.545620015329827,0.0470921579888531,0.5,"MC-PLSc",12000,9352680,1000,"ordinal","skewed","skewed","Extreme","5",1,TRUE,18.7749999999651
"4627","Y~X:Z",0.204290417652971,0.0703519038656455,0.3,"MC-PLSc",12000,9352680,1000,"ordinal","skewed","skewed","Extreme","5",1,TRUE,18.7749999999651
"4628","X~~Z",0.16081308908536,0.0537757548923162,0.2,"MC-PLSc",12000,9352680,1000,"ordinal","skewed","skewed","Extreme","5",1,TRUE,18.7749999999651
"4629","X=~x1",0.361576598313794,0.0604884376744184,0.4,"PLSc",12000,9352680,1000,"ordinal","skewed","skewed","Extreme","5",1,TRUE,1.38300000003073
"4630","X=~x2",0.762704682899517,0.0413886016077595,0.8,"PLSc",12000,9352680,1000,"ordinal","skewed","skewed","Extreme","5",1,TRUE,1.38300000003073
"4631","X=~x3",0.74709376210769,0.0427429499757875,0.8,"PLSc",12000,9352680,1000,"ordinal","skewed","skewed","Extreme","5",1,TRUE,1.38300000003073
"4632","Z=~z1",0.538027822469084,0.0455338674683888,0.6,"PLSc",12000,9352680,1000,"ordinal","skewed","skewed","Extreme","5",1,TRUE,1.38300000003073
"4633","Z=~z2",0.64708709381981,0.0376629236628547,0.6,"PLSc",12000,9352680,1000,"ordinal","skewed","skewed","Extreme","5",1,TRUE,1.38300000003073
"4634","Z=~z3",0.78450513228071,0.0363477673143362,0.8,"PLSc",12000,9352680,1000,"ordinal","skewed","skewed","Extreme","5",1,TRUE,1.38300000003073
"4635","Y=~y1",0.39135995947386,0.0451244692816169,0.4,"PLSc",12000,9352680,1000,"ordinal","skewed","skewed","Extreme","5",1,TRUE,1.38300000003073
"4636","Y=~y2",0.701337319416286,0.0292206371138956,0.7,"PLSc",12000,9352680,1000,"ordinal","skewed","skewed","Extreme","5",1,TRUE,1.38300000003073
"4637","Y=~y3",0.821666525346062,0.0253401367487359,0.9,"PLSc",12000,9352680,1000,"ordinal","skewed","skewed","Extreme","5",1,TRUE,1.38300000003073
"4638","Y~X",0.453109083438202,0.0451562725935601,0.4,"PLSc",12000,9352680,1000,"ordinal","skewed","skewed","Extreme","5",1,TRUE,1.38300000003073
"4639","Y~Z",0.520290459835711,0.0419032524831821,0.5,"PLSc",12000,9352680,1000,"ordinal","skewed","skewed","Extreme","5",1,TRUE,1.38300000003073
"4640","Y~X:Z",0.163313397268366,0.0487323488296704,0.3,"PLSc",12000,9352680,1000,"ordinal","skewed","skewed","Extreme","5",1,TRUE,1.38300000003073
"4641","X~~Z",0.142950346291079,0.0432308944374282,0.2,"PLSc",12000,9352680,1000,"ordinal","skewed","skewed","Extreme","5",1,TRUE,1.38300000003073
"4642","X=~x1",0.495730135510383,0.051579142283321,0.4,"PLS",12000,9352680,1000,"ordinal","skewed","skewed","Extreme","5",1,TRUE,0.931999999971595
"4643","X=~x2",0.868862606119017,0.0146960140403727,0.8,"PLS",12000,9352680,1000,"ordinal","skewed","skewed","Extreme","5",1,TRUE,0.931999999971595
"4644","X=~x3",0.866521824671194,0.0152706259132527,0.8,"PLS",12000,9352680,1000,"ordinal","skewed","skewed","Extreme","5",1,TRUE,0.931999999971595
"4645","Z=~z1",0.733151398628727,0.0274277493512276,0.6,"PLS",12000,9352680,1000,"ordinal","skewed","skewed","Extreme","5",1,TRUE,0.931999999971595
"4646","Z=~z2",0.775464637120476,0.0203370936334307,0.6,"PLS",12000,9352680,1000,"ordinal","skewed","skewed","Extreme","5",1,TRUE,0.931999999971595
"4647","Z=~z3",0.84778208004049,0.0134661151882629,0.8,"PLS",12000,9352680,1000,"ordinal","skewed","skewed","Extreme","5",1,TRUE,0.931999999971595
"4648","Y=~y1",0.549331789970154,0.0421088549716627,0.4,"PLS",12000,9352680,1000,"ordinal","skewed","skewed","Extreme","5",1,TRUE,0.931999999971595
"4649","Y=~y2",0.831532680913954,0.0153363098374868,0.7,"PLS",12000,9352680,1000,"ordinal","skewed","skewed","Extreme","5",1,TRUE,0.931999999971595
"4650","Y=~y3",0.891029966743575,0.00824401341381219,0.9,"PLS",12000,9352680,1000,"ordinal","skewed","skewed","Extreme","5",1,TRUE,0.931999999971595
"4651","Y~X",0.355657519442745,0.0302153480686031,0.4,"PLS",12000,9352680,1000,"ordinal","skewed","skewed","Extreme","5",1,TRUE,0.931999999971595
"4652","Y~Z",0.396934308069263,0.028891276122745,0.5,"PLS",12000,9352680,1000,"ordinal","skewed","skewed","Extreme","5",1,TRUE,0.931999999971595
"4653","Y~X:Z",0.142061473000283,0.023756063726138,0.3,"PLS",12000,9352680,1000,"ordinal","skewed","skewed","Extreme","5",1,TRUE,0.931999999971595
"4654","X~~Z",0.103391987877702,0.0316031063749122,0.2,"PLS",12000,9352680,1000,"ordinal","skewed","skewed","Extreme","5",1,TRUE,0.931999999971595
"4655","X=~x1",0.313,0.039,0.4,"Mplus",12000,9352680,1000,"ordinal","skewed","skewed","Extreme","5",1,TRUE,574.290999999968
"4656","X=~x2",0.798,0.032,0.8,"Mplus",12000,9352680,1000,"ordinal","skewed","skewed","Extreme","5",1,TRUE,574.290999999968
"4657","X=~x3",0.806,0.033,0.8,"Mplus",12000,9352680,1000,"ordinal","skewed","skewed","Extreme","5",1,TRUE,574.290999999968
"4658","Z=~z1",0.628,0.034,0.6,"Mplus",12000,9352680,1000,"ordinal","skewed","skewed","Extreme","5",1,TRUE,574.290999999968
"4659","Z=~z2",0.644,0.034,0.6,"Mplus",12000,9352680,1000,"ordinal","skewed","skewed","Extreme","5",1,TRUE,574.290999999968
"4660","Z=~z3",0.806,0.029,0.8,"Mplus",12000,9352680,1000,"ordinal","skewed","skewed","Extreme","5",1,TRUE,574.290999999968
"4661","Y=~y1",0.39,0.034,0.4,"Mplus",12000,9352680,1000,"ordinal","skewed","skewed","Extreme","5",1,TRUE,574.290999999968
"4662","Y=~y2",0.704,0.029,0.7,"Mplus",12000,9352680,1000,"ordinal","skewed","skewed","Extreme","5",1,TRUE,574.290999999968
"4663","Y=~y3",0.865,0.026,0.9,"Mplus",12000,9352680,1000,"ordinal","skewed","skewed","Extreme","5",1,TRUE,574.290999999968
"4664","Y~X",0.387,0.047,0.4,"Mplus",12000,9352680,1000,"ordinal","skewed","skewed","Extreme","5",1,TRUE,574.290999999968
"4665","Y~Z",0.498,0.044,0.5,"Mplus",12000,9352680,1000,"ordinal","skewed","skewed","Extreme","5",1,TRUE,574.290999999968
"4666","Y~X:Z",0.389,0.059,0.3,"Mplus",12000,9352680,1000,"ordinal","skewed","skewed","Extreme","5",1,TRUE,574.290999999968
"4667","X~~Z",0.225,0.046,0.2,"Mplus",12000,9352680,1000,"ordinal","skewed","skewed","Extreme","5",1,TRUE,574.290999999968
"4668","X=~x1",0.324221395908415,0.0331507914072498,0.4,"LSAM",12000,9352680,1000,"ordinal","skewed","skewed","Extreme","5",1,TRUE,0.427000000025146
"4669","X=~x2",0.757428895023597,0.0658497000198519,0.8,"LSAM",12000,9352680,1000,"ordinal","skewed","skewed","Extreme","5",1,TRUE,0.427000000025146
"4670","X=~x3",0.781982937195443,0.0660160287322731,0.8,"LSAM",12000,9352680,1000,"ordinal","skewed","skewed","Extreme","5",1,TRUE,0.427000000025146
"4671","Z=~z1",0.621455812445247,0.02962030604122,0.6,"LSAM",12000,9352680,1000,"ordinal","skewed","skewed","Extreme","5",1,TRUE,0.427000000025146
"4672","Z=~z2",0.619732338570625,0.0446345804451653,0.6,"LSAM",12000,9352680,1000,"ordinal","skewed","skewed","Extreme","5",1,TRUE,0.427000000025146
"4673","Z=~z3",0.733183696303929,0.0457900621634669,0.8,"LSAM",12000,9352680,1000,"ordinal","skewed","skewed","Extreme","5",1,TRUE,0.427000000025146
"4674","Y=~y1",0.375392607540555,0.0149220478122044,0.4,"LSAM",12000,9352680,1000,"ordinal","skewed","skewed","Extreme","5",1,TRUE,0.427000000025146
"4675","Y=~y2",0.636491817513751,0.0437910355956587,0.7,"LSAM",12000,9352680,1000,"ordinal","skewed","skewed","Extreme","5",1,TRUE,0.427000000025146
"4676","Y=~y3",0.913313827403193,0.0546619251013016,0.9,"LSAM",12000,9352680,1000,"ordinal","skewed","skewed","Extreme","5",1,TRUE,0.427000000025146
"4677","Y~X",0.412373037709338,0.0434580199262994,0.4,"LSAM",12000,9352680,1000,"ordinal","skewed","skewed","Extreme","5",1,TRUE,0.427000000025146
"4678","Y~Z",0.499633619286845,0.0394759346815958,0.5,"LSAM",12000,9352680,1000,"ordinal","skewed","skewed","Extreme","5",1,TRUE,0.427000000025146
"4679","Y~X:Z",0.147594596903438,0.0397378976254325,0.3,"LSAM",12000,9352680,1000,"ordinal","skewed","skewed","Extreme","5",1,TRUE,0.427000000025146
"4680","X~~Z",0.135306445306875,0.0457162037505566,0.2,"LSAM",12000,9352680,1000,"ordinal","skewed","skewed","Extreme","5",1,TRUE,0.427000000025146
"4681","X=~x1",0.449202102933266,0.0731659512121455,0.4,"MC-PLSc",12001,2600025,300,"ordinal","uniform","skewed","Symmetric","2",1,TRUE,11.0619999999763
"4682","X=~x2",0.794705104820501,0.0663486140841727,0.8,"MC-PLSc",12001,2600025,300,"ordinal","uniform","skewed","Symmetric","2",1,TRUE,11.0619999999763
"4683","X=~x3",0.912573180020733,0.0649363193410112,0.8,"MC-PLSc",12001,2600025,300,"ordinal","uniform","skewed","Symmetric","2",1,TRUE,11.0619999999763
"4684","Z=~z1",0.639130092343303,0.0842735101550664,0.6,"MC-PLSc",12001,2600025,300,"ordinal","uniform","skewed","Symmetric","2",1,TRUE,11.0619999999763
"4685","Z=~z2",0.588107883604518,0.0809292572926917,0.6,"MC-PLSc",12001,2600025,300,"ordinal","uniform","skewed","Symmetric","2",1,TRUE,11.0619999999763
"4686","Z=~z3",0.924232863527189,0.0733199030817692,0.8,"MC-PLSc",12001,2600025,300,"ordinal","uniform","skewed","Symmetric","2",1,TRUE,11.0619999999763
"4687","Y=~y1",0.274257414700287,0.0965120442485829,0.4,"MC-PLSc",12001,2600025,300,"ordinal","uniform","skewed","Symmetric","2",1,TRUE,11.0619999999763
"4688","Y=~y2",0.731524111798228,0.0536392311491043,0.7,"MC-PLSc",12001,2600025,300,"ordinal","uniform","skewed","Symmetric","2",1,TRUE,11.0619999999763
"4689","Y=~y3",0.937768414387778,0.0532068404959451,0.9,"MC-PLSc",12001,2600025,300,"ordinal","uniform","skewed","Symmetric","2",1,TRUE,11.0619999999763
"4690","Y~X",0.609650810514995,0.0761080733471291,0.4,"MC-PLSc",12001,2600025,300,"ordinal","uniform","skewed","Symmetric","2",1,TRUE,11.0619999999763
"4691","Y~Z",0.430939730730463,0.0989213769420979,0.5,"MC-PLSc",12001,2600025,300,"ordinal","uniform","skewed","Symmetric","2",1,TRUE,11.0619999999763
"4692","Y~X:Z",0.25116995279763,0.131634425503423,0.3,"MC-PLSc",12001,2600025,300,"ordinal","uniform","skewed","Symmetric","2",1,TRUE,11.0619999999763
"4693","X~~Z",0.164942751639993,0.103337335984176,0.2,"MC-PLSc",12001,2600025,300,"ordinal","uniform","skewed","Symmetric","2",1,TRUE,11.0619999999763
"4694","X=~x1",0.415471318425469,0.0785511178755014,0.4,"PLSc",12001,2600025,300,"ordinal","uniform","skewed","Symmetric","2",1,TRUE,1.27899999998044
"4695","X=~x2",0.600823429143359,0.0744623000137347,0.8,"PLSc",12001,2600025,300,"ordinal","uniform","skewed","Symmetric","2",1,TRUE,1.27899999998044
"4696","X=~x3",0.773850007190948,0.0763392943745446,0.8,"PLSc",12001,2600025,300,"ordinal","uniform","skewed","Symmetric","2",1,TRUE,1.27899999998044
"4697","Z=~z1",0.480341074494792,0.0968294768691317,0.6,"PLSc",12001,2600025,300,"ordinal","uniform","skewed","Symmetric","2",1,TRUE,1.27899999998044
"4698","Z=~z2",0.508666251299689,0.0947627069244488,0.6,"PLSc",12001,2600025,300,"ordinal","uniform","skewed","Symmetric","2",1,TRUE,1.27899999998044
"4699","Z=~z3",0.772933588082333,0.0874363604217488,0.8,"PLSc",12001,2600025,300,"ordinal","uniform","skewed","Symmetric","2",1,TRUE,1.27899999998044
"4700","Y=~y1",0.146579755820291,0.0886223689091728,0.4,"PLSc",12001,2600025,300,"ordinal","uniform","skewed","Symmetric","2",1,TRUE,1.27899999998044
"4701","Y=~y2",0.614131211678818,0.0550922108981088,0.7,"PLSc",12001,2600025,300,"ordinal","uniform","skewed","Symmetric","2",1,TRUE,1.27899999998044
"4702","Y=~y3",0.792336365950176,0.0566931574769638,0.9,"PLSc",12001,2600025,300,"ordinal","uniform","skewed","Symmetric","2",1,TRUE,1.27899999998044
"4703","Y~X",0.589578157047479,0.0881668422532444,0.4,"PLSc",12001,2600025,300,"ordinal","uniform","skewed","Symmetric","2",1,TRUE,1.27899999998044
"4704","Y~Z",0.416905683500026,0.0874555812875166,0.5,"PLSc",12001,2600025,300,"ordinal","uniform","skewed","Symmetric","2",1,TRUE,1.27899999998044
"4705","Y~X:Z",0.142619791660216,0.0923319030976717,0.3,"PLSc",12001,2600025,300,"ordinal","uniform","skewed","Symmetric","2",1,TRUE,1.27899999998044
"4706","X~~Z",0.155414712416676,0.0865003672335265,0.2,"PLSc",12001,2600025,300,"ordinal","uniform","skewed","Symmetric","2",1,TRUE,1.27899999998044
"4707","X=~x1",0.514325047251894,0.0768341492587775,0.4,"PLS",12001,2600025,300,"ordinal","uniform","skewed","Symmetric","2",1,TRUE,0.872999999963213
"4708","X=~x2",0.819645663550566,0.0362001241909493,0.8,"PLS",12001,2600025,300,"ordinal","uniform","skewed","Symmetric","2",1,TRUE,0.872999999963213
"4709","X=~x3",0.866917393208937,0.0292005698870883,0.8,"PLS",12001,2600025,300,"ordinal","uniform","skewed","Symmetric","2",1,TRUE,0.872999999963213
"4710","Z=~z1",0.702807726727942,0.0617383360145308,0.6,"PLS",12001,2600025,300,"ordinal","uniform","skewed","Symmetric","2",1,TRUE,0.872999999963213
"4711","Z=~z2",0.661077857694494,0.0714918356376626,0.6,"PLS",12001,2600025,300,"ordinal","uniform","skewed","Symmetric","2",1,TRUE,0.872999999963213
"4712","Z=~z3",0.859683002499562,0.0319106371848159,0.8,"PLS",12001,2600025,300,"ordinal","uniform","skewed","Symmetric","2",1,TRUE,0.872999999963213
"4713","Y=~y1",0.337428574056609,0.105889624049317,0.4,"PLS",12001,2600025,300,"ordinal","uniform","skewed","Symmetric","2",1,TRUE,0.872999999963213
"4714","Y=~y2",0.797227975541975,0.0347457550714893,0.7,"PLS",12001,2600025,300,"ordinal","uniform","skewed","Symmetric","2",1,TRUE,0.872999999963213
"4715","Y=~y3",0.887483162156235,0.0177901570525254,0.9,"PLS",12001,2600025,300,"ordinal","uniform","skewed","Symmetric","2",1,TRUE,0.872999999963213
"4716","Y~X",0.417881370783983,0.048679182266141,0.4,"PLS",12001,2600025,300,"ordinal","uniform","skewed","Symmetric","2",1,TRUE,0.872999999963213
"4717","Y~Z",0.302676598529952,0.0461122322699279,0.5,"PLS",12001,2600025,300,"ordinal","uniform","skewed","Symmetric","2",1,TRUE,0.872999999963213
"4718","Y~X:Z",0.101158897911243,0.0467252040669665,0.3,"PLS",12001,2600025,300,"ordinal","uniform","skewed","Symmetric","2",1,TRUE,0.872999999963213
"4719","X~~Z",0.103799666422863,0.0572204249216599,0.2,"PLS",12001,2600025,300,"ordinal","uniform","skewed","Symmetric","2",1,TRUE,0.872999999963213
"4720","X=~x1",0.355,0.079,0.4,"Mplus",12001,2600025,300,"ordinal","uniform","skewed","Symmetric","2",1,TRUE,128.562000000034
"4721","X=~x2",0.809,0.069,0.8,"Mplus",12001,2600025,300,"ordinal","uniform","skewed","Symmetric","2",1,TRUE,128.562000000034
"4722","X=~x3",0.921,0.068,0.8,"Mplus",12001,2600025,300,"ordinal","uniform","skewed","Symmetric","2",1,TRUE,128.562000000034
"4723","Z=~z1",0.637,0.075,0.6,"Mplus",12001,2600025,300,"ordinal","uniform","skewed","Symmetric","2",1,TRUE,128.562000000034
"4724","Z=~z2",0.517,0.081,0.6,"Mplus",12001,2600025,300,"ordinal","uniform","skewed","Symmetric","2",1,TRUE,128.562000000034
"4725","Z=~z3",0.926,0.082,0.8,"Mplus",12001,2600025,300,"ordinal","uniform","skewed","Symmetric","2",1,TRUE,128.562000000034
"4726","Y=~y1",0.289,0.078,0.4,"Mplus",12001,2600025,300,"ordinal","uniform","skewed","Symmetric","2",1,TRUE,128.562000000034
"4727","Y=~y2",0.668,0.073,0.7,"Mplus",12001,2600025,300,"ordinal","uniform","skewed","Symmetric","2",1,TRUE,128.562000000034
"4728","Y=~y3",0.951,0.065,0.9,"Mplus",12001,2600025,300,"ordinal","uniform","skewed","Symmetric","2",1,TRUE,128.562000000034
"4729","Y~X",0.591,0.079,0.4,"Mplus",12001,2600025,300,"ordinal","uniform","skewed","Symmetric","2",1,TRUE,128.562000000034
"4730","Y~Z",0.435,0.09,0.5,"Mplus",12001,2600025,300,"ordinal","uniform","skewed","Symmetric","2",1,TRUE,128.562000000034
"4731","Y~X:Z",0.151,0.16,0.3,"Mplus",12001,2600025,300,"ordinal","uniform","skewed","Symmetric","2",1,TRUE,128.562000000034
"4732","X~~Z",0.171,0.093,0.2,"Mplus",12001,2600025,300,"ordinal","uniform","skewed","Symmetric","2",1,TRUE,128.562000000034
"4733","X=~x1",0.312267726640283,0.061934759367226,0.4,"LSAM",12001,2600025,300,"ordinal","uniform","skewed","Symmetric","2",1,TRUE,0.456999999994878
"4734","X=~x2",0.788919295605555,0.133812214448207,0.8,"LSAM",12001,2600025,300,"ordinal","uniform","skewed","Symmetric","2",1,TRUE,0.456999999994878
"4735","X=~x3",0.70608519731997,0.130227809044636,0.8,"LSAM",12001,2600025,300,"ordinal","uniform","skewed","Symmetric","2",1,TRUE,0.456999999994878
"4736","Z=~z1",0.566120966115422,0.0851705980871232,0.6,"LSAM",12001,2600025,300,"ordinal","uniform","skewed","Symmetric","2",1,TRUE,0.456999999994878
"4737","Z=~z2",0.43560510769854,0.104127980482654,0.6,"LSAM",12001,2600025,300,"ordinal","uniform","skewed","Symmetric","2",1,TRUE,0.456999999994878
"4738","Z=~z3",0.765151100365899,0.132919871809489,0.8,"LSAM",12001,2600025,300,"ordinal","uniform","skewed","Symmetric","2",1,TRUE,0.456999999994878
"4739","Y=~y1",0.311369639256001,0.0156976603457934,0.4,"LSAM",12001,2600025,300,"ordinal","uniform","skewed","Symmetric","2",1,TRUE,0.456999999994878
"4740","Y=~y2",0.538482884393922,0.101370764002791,0.7,"LSAM",12001,2600025,300,"ordinal","uniform","skewed","Symmetric","2",1,TRUE,0.456999999994878
"4741","Y=~y3",0.826415363689182,0.163770462812738,0.9,"LSAM",12001,2600025,300,"ordinal","uniform","skewed","Symmetric","2",1,TRUE,0.456999999994878
"4742","Y~X",0.528290646264911,0.0922074916742512,0.4,"LSAM",12001,2600025,300,"ordinal","uniform","skewed","Symmetric","2",1,TRUE,0.456999999994878
"4743","Y~Z",0.414456449548836,0.151460945364539,0.5,"LSAM",12001,2600025,300,"ordinal","uniform","skewed","Symmetric","2",1,TRUE,0.456999999994878
"4744","Y~X:Z",0.20004476857116,0.139390814909874,0.3,"LSAM",12001,2600025,300,"ordinal","uniform","skewed","Symmetric","2",1,TRUE,0.456999999994878
"4745","X~~Z",0.132922309261016,0.10290329922844,0.2,"LSAM",12001,2600025,300,"ordinal","uniform","skewed","Symmetric","2",1,TRUE,0.456999999994878
"4746","X=~x1",0.416028813047927,0.0533587675885481,0.4,"MC-PLSc",12002,4522689,1000,"ordinal","uniform","skewed","Symmetric","2",1,TRUE,13.9499999999534
"4747","X=~x2",0.949995701538823,0.0352872795336609,0.8,"MC-PLSc",12002,4522689,1000,"ordinal","uniform","skewed","Symmetric","2",1,TRUE,13.9499999999534
"4748","X=~x3",0.841469700145677,0.0330451584154001,0.8,"MC-PLSc",12002,4522689,1000,"ordinal","uniform","skewed","Symmetric","2",1,TRUE,13.9499999999534
"4749","Z=~z1",0.657107914502714,0.0448388214571313,0.6,"MC-PLSc",12002,4522689,1000,"ordinal","uniform","skewed","Symmetric","2",1,TRUE,13.9499999999534
"4750","Z=~z2",0.695718476978206,0.0430115055492527,0.6,"MC-PLSc",12002,4522689,1000,"ordinal","uniform","skewed","Symmetric","2",1,TRUE,13.9499999999534
"4751","Z=~z3",0.820674716608069,0.0381758641112973,0.8,"MC-PLSc",12002,4522689,1000,"ordinal","uniform","skewed","Symmetric","2",1,TRUE,13.9499999999534
"4752","Y=~y1",0.32548419463673,0.0522071082189258,0.4,"MC-PLSc",12002,4522689,1000,"ordinal","uniform","skewed","Symmetric","2",1,TRUE,13.9499999999534
"4753","Y=~y2",0.681209141316641,0.0380318067984572,0.7,"MC-PLSc",12002,4522689,1000,"ordinal","uniform","skewed","Symmetric","2",1,TRUE,13.9499999999534
"4754","Y=~y3",0.953149837718256,0.0341143524690103,0.9,"MC-PLSc",12002,4522689,1000,"ordinal","uniform","skewed","Symmetric","2",1,TRUE,13.9499999999534
"4755","Y~X",0.436851825678941,0.0458896858422413,0.4,"MC-PLSc",12002,4522689,1000,"ordinal","uniform","skewed","Symmetric","2",1,TRUE,13.9499999999534
"4756","Y~Z",0.545870358493951,0.042062731740556,0.5,"MC-PLSc",12002,4522689,1000,"ordinal","uniform","skewed","Symmetric","2",1,TRUE,13.9499999999534
"4757","Y~X:Z",0.323353851812168,0.068900258697787,0.3,"MC-PLSc",12002,4522689,1000,"ordinal","uniform","skewed","Symmetric","2",1,TRUE,13.9499999999534
"4758","X~~Z",0.153133838690981,0.0491303408731707,0.2,"MC-PLSc",12002,4522689,1000,"ordinal","uniform","skewed","Symmetric","2",1,TRUE,13.9499999999534
"4759","X=~x1",0.249696389021692,0.0746306156860531,0.4,"PLSc",12002,4522689,1000,"ordinal","uniform","skewed","Symmetric","2",1,TRUE,1.3859999999986
"4760","X=~x2",0.840036812376703,0.0434743021029748,0.8,"PLSc",12002,4522689,1000,"ordinal","uniform","skewed","Symmetric","2",1,TRUE,1.3859999999986
"4761","X=~x3",0.729745574611691,0.040474992949755,0.8,"PLSc",12002,4522689,1000,"ordinal","uniform","skewed","Symmetric","2",1,TRUE,1.3859999999986
"4762","Z=~z1",0.500537079117407,0.0476882180470419,0.6,"PLSc",12002,4522689,1000,"ordinal","uniform","skewed","Symmetric","2",1,TRUE,1.3859999999986
"4763","Z=~z2",0.572999389944096,0.0457835304858617,0.6,"PLSc",12002,4522689,1000,"ordinal","uniform","skewed","Symmetric","2",1,TRUE,1.3859999999986
"4764","Z=~z3",0.705621213037889,0.0462015571523234,0.8,"PLSc",12002,4522689,1000,"ordinal","uniform","skewed","Symmetric","2",1,TRUE,1.3859999999986
"4765","Y=~y1",0.267407147961857,0.0455521864690809,0.4,"PLSc",12002,4522689,1000,"ordinal","uniform","skewed","Symmetric","2",1,TRUE,1.3859999999986
"4766","Y=~y2",0.54668452682677,0.0370660440401432,0.7,"PLSc",12002,4522689,1000,"ordinal","uniform","skewed","Symmetric","2",1,TRUE,1.3859999999986
"4767","Y=~y3",0.778691370297263,0.0334389356671879,0.9,"PLSc",12002,4522689,1000,"ordinal","uniform","skewed","Symmetric","2",1,TRUE,1.3859999999986
"4768","Y~X",0.4243045660149,0.0457356186689944,0.4,"PLSc",12002,4522689,1000,"ordinal","uniform","skewed","Symmetric","2",1,TRUE,1.3859999999986
"4769","Y~Z",0.536531068398549,0.0421467109356624,0.5,"PLSc",12002,4522689,1000,"ordinal","uniform","skewed","Symmetric","2",1,TRUE,1.3859999999986
"4770","Y~X:Z",0.216523594648638,0.0489487681109425,0.3,"PLSc",12002,4522689,1000,"ordinal","uniform","skewed","Symmetric","2",1,TRUE,1.3859999999986
"4771","X~~Z",0.138257611099367,0.0451079458506534,0.2,"PLSc",12002,4522689,1000,"ordinal","uniform","skewed","Symmetric","2",1,TRUE,1.3859999999986
"4772","X=~x1",0.477014157804175,0.0551194620486638,0.4,"PLS",12002,4522689,1000,"ordinal","uniform","skewed","Symmetric","2",1,TRUE,1.125
"4773","X=~x2",0.8868030040877,0.0135934569399105,0.8,"PLS",12002,4522689,1000,"ordinal","uniform","skewed","Symmetric","2",1,TRUE,1.125
"4774","X=~x3",0.85149640299492,0.017405263488813,0.8,"PLS",12002,4522689,1000,"ordinal","uniform","skewed","Symmetric","2",1,TRUE,1.125
"4775","Z=~z1",0.706906806330977,0.0292304254812692,0.6,"PLS",12002,4522689,1000,"ordinal","uniform","skewed","Symmetric","2",1,TRUE,1.125
"4776","Z=~z2",0.736288717477486,0.0274852849924232,0.6,"PLS",12002,4522689,1000,"ordinal","uniform","skewed","Symmetric","2",1,TRUE,1.125
"4777","Z=~z3",0.811345196296715,0.0209584597612532,0.8,"PLS",12002,4522689,1000,"ordinal","uniform","skewed","Symmetric","2",1,TRUE,1.125
"4778","Y=~y1",0.398144573922126,0.0539020496239517,0.4,"PLS",12002,4522689,1000,"ordinal","uniform","skewed","Symmetric","2",1,TRUE,1.125
"4779","Y=~y2",0.756669466434497,0.0269222482821095,0.7,"PLS",12002,4522689,1000,"ordinal","uniform","skewed","Symmetric","2",1,TRUE,1.125
"4780","Y=~y3",0.888341088711084,0.0105607254627231,0.9,"PLS",12002,4522689,1000,"ordinal","uniform","skewed","Symmetric","2",1,TRUE,1.125
"4781","Y~X",0.315703816629254,0.0280322652388892,0.4,"PLS",12002,4522689,1000,"ordinal","uniform","skewed","Symmetric","2",1,TRUE,1.125
"4782","Y~Z",0.356739284733593,0.025306642621047,0.5,"PLS",12002,4522689,1000,"ordinal","uniform","skewed","Symmetric","2",1,TRUE,1.125
"4783","Y~X:Z",0.126368171957178,0.0266662092945088,0.3,"PLS",12002,4522689,1000,"ordinal","uniform","skewed","Symmetric","2",1,TRUE,1.125
"4784","X~~Z",0.0966758320575879,0.0313185923719224,0.2,"PLS",12002,4522689,1000,"ordinal","uniform","skewed","Symmetric","2",1,TRUE,1.125
"4785","X=~x1",0.44,0.04,0.4,"Mplus",12002,4522689,1000,"ordinal","uniform","skewed","Symmetric","2",1,TRUE,237.614999999991
"4786","X=~x2",0.933,0.037,0.8,"Mplus",12002,4522689,1000,"ordinal","uniform","skewed","Symmetric","2",1,TRUE,237.614999999991
"4787","X=~x3",0.804,0.039,0.8,"Mplus",12002,4522689,1000,"ordinal","uniform","skewed","Symmetric","2",1,TRUE,237.614999999991
"4788","Z=~z1",0.644,0.04,0.6,"Mplus",12002,4522689,1000,"ordinal","uniform","skewed","Symmetric","2",1,TRUE,237.614999999991
"4789","Z=~z2",0.68,0.042,0.6,"Mplus",12002,4522689,1000,"ordinal","uniform","skewed","Symmetric","2",1,TRUE,237.614999999991
"4790","Z=~z3",0.779,0.04,0.8,"Mplus",12002,4522689,1000,"ordinal","uniform","skewed","Symmetric","2",1,TRUE,237.614999999991
"4791","Y=~y1",0.294,0.043,0.4,"Mplus",12002,4522689,1000,"ordinal","uniform","skewed","Symmetric","2",1,TRUE,237.614999999991
"4792","Y=~y2",0.652,0.04,0.7,"Mplus",12002,4522689,1000,"ordinal","uniform","skewed","Symmetric","2",1,TRUE,237.614999999991
"4793","Y=~y3",0.964,0.034,0.9,"Mplus",12002,4522689,1000,"ordinal","uniform","skewed","Symmetric","2",1,TRUE,237.614999999991
"4794","Y~X",0.431,0.044,0.4,"Mplus",12002,4522689,1000,"ordinal","uniform","skewed","Symmetric","2",1,TRUE,237.614999999991
"4795","Y~Z",0.539,0.042,0.5,"Mplus",12002,4522689,1000,"ordinal","uniform","skewed","Symmetric","2",1,TRUE,237.614999999991
"4796","Y~X:Z",0.334,0.069,0.3,"Mplus",12002,4522689,1000,"ordinal","uniform","skewed","Symmetric","2",1,TRUE,237.614999999991
"4797","X~~Z",0.159,0.052,0.2,"Mplus",12002,4522689,1000,"ordinal","uniform","skewed","Symmetric","2",1,TRUE,237.614999999991
"4798","X=~x1",0.392773465386272,0.0313355391342954,0.4,"LSAM",12002,4522689,1000,"ordinal","uniform","skewed","Symmetric","2",1,TRUE,0.476000000024214
"4799","X=~x2",0.758644884408694,0.0580145248097948,0.8,"LSAM",12002,4522689,1000,"ordinal","uniform","skewed","Symmetric","2",1,TRUE,0.476000000024214
"4800","X=~x3",0.727659074343009,0.0574994806659573,0.8,"LSAM",12002,4522689,1000,"ordinal","uniform","skewed","Symmetric","2",1,TRUE,0.476000000024214
"4801","Z=~z1",0.589786017052818,0.1330540712533,0.6,"LSAM",12002,4522689,1000,"ordinal","uniform","skewed","Symmetric","2",1,TRUE,0.476000000024214
"4802","Z=~z2",0.570564103838711,0.140159165143322,0.6,"LSAM",12002,4522689,1000,"ordinal","uniform","skewed","Symmetric","2",1,TRUE,0.476000000024214
"4803","Z=~z3",0.624064994292676,0.140045835005379,0.8,"LSAM",12002,4522689,1000,"ordinal","uniform","skewed","Symmetric","2",1,TRUE,0.476000000024214
"4804","Y=~y1",0.305993133467102,0.0084504642065504,0.4,"LSAM",12002,4522689,1000,"ordinal","uniform","skewed","Symmetric","2",1,TRUE,0.476000000024214
"4805","Y=~y2",0.516015034818631,0.0541115462621308,0.7,"LSAM",12002,4522689,1000,"ordinal","uniform","skewed","Symmetric","2",1,TRUE,0.476000000024214
"4806","Y=~y3",0.843137854453531,0.0946239401178842,0.9,"LSAM",12002,4522689,1000,"ordinal","uniform","skewed","Symmetric","2",1,TRUE,0.476000000024214
"4807","Y~X",0.404086764344553,0.0654231805187664,0.4,"LSAM",12002,4522689,1000,"ordinal","uniform","skewed","Symmetric","2",1,TRUE,0.476000000024214
"4808","Y~Z",0.508536202524267,0.169724910223846,0.5,"LSAM",12002,4522689,1000,"ordinal","uniform","skewed","Symmetric","2",1,TRUE,0.476000000024214
"4809","Y~X:Z",0.210023277635981,0.0656269314670856,0.3,"LSAM",12002,4522689,1000,"ordinal","uniform","skewed","Symmetric","2",1,TRUE,0.476000000024214
"4810","X~~Z",0.144285825260605,0.0729510827905997,0.2,"LSAM",12002,4522689,1000,"ordinal","uniform","skewed","Symmetric","2",1,TRUE,0.476000000024214
"4811","X=~x1",0.490793744882005,0.0795932797872092,0.4,"MC-PLSc",12003,4034462,300,"ordinal","uniform","skewed","Symmetric","3",1,TRUE,12.7949999999837
"4812","X=~x2",0.777343987278291,0.0799429376624186,0.8,"MC-PLSc",12003,4034462,300,"ordinal","uniform","skewed","Symmetric","3",1,TRUE,12.7949999999837
"4813","X=~x3",0.757400734546741,0.0695398071311823,0.8,"MC-PLSc",12003,4034462,300,"ordinal","uniform","skewed","Symmetric","3",1,TRUE,12.7949999999837
"4814","Z=~z1",0.622748865442067,0.076680938057846,0.6,"MC-PLSc",12003,4034462,300,"ordinal","uniform","skewed","Symmetric","3",1,TRUE,12.7949999999837
"4815","Z=~z2",0.537332365829085,0.0900529421300964,0.6,"MC-PLSc",12003,4034462,300,"ordinal","uniform","skewed","Symmetric","3",1,TRUE,12.7949999999837
"4816","Z=~z3",0.790998830819127,0.0674401755785034,0.8,"MC-PLSc",12003,4034462,300,"ordinal","uniform","skewed","Symmetric","3",1,TRUE,12.7949999999837
"4817","Y=~y1",0.517955053307072,0.0712993917591891,0.4,"MC-PLSc",12003,4034462,300,"ordinal","uniform","skewed","Symmetric","3",1,TRUE,12.7949999999837
"4818","Y=~y2",0.723074634950105,0.0583053029676645,0.7,"MC-PLSc",12003,4034462,300,"ordinal","uniform","skewed","Symmetric","3",1,TRUE,12.7949999999837
"4819","Y=~y3",0.920357764925298,0.0561338452720379,0.9,"MC-PLSc",12003,4034462,300,"ordinal","uniform","skewed","Symmetric","3",1,TRUE,12.7949999999837
"4820","Y~X",0.481183754232159,0.0777510609343193,0.4,"MC-PLSc",12003,4034462,300,"ordinal","uniform","skewed","Symmetric","3",1,TRUE,12.7949999999837
"4821","Y~Z",0.446129737632033,0.0869710445736378,0.5,"MC-PLSc",12003,4034462,300,"ordinal","uniform","skewed","Symmetric","3",1,TRUE,12.7949999999837
"4822","Y~X:Z",0.23031209302856,0.118223393017312,0.3,"MC-PLSc",12003,4034462,300,"ordinal","uniform","skewed","Symmetric","3",1,TRUE,12.7949999999837
"4823","X~~Z",0.157931092242803,0.0788629169182906,0.2,"MC-PLSc",12003,4034462,300,"ordinal","uniform","skewed","Symmetric","3",1,TRUE,12.7949999999837
"4824","X=~x1",0.436764005616321,0.0998955969210455,0.4,"PLSc",12003,4034462,300,"ordinal","uniform","skewed","Symmetric","3",1,TRUE,1.28100000001723
"4825","X=~x2",0.713891393471927,0.0798947745221409,0.8,"PLSc",12003,4034462,300,"ordinal","uniform","skewed","Symmetric","3",1,TRUE,1.28100000001723
"4826","X=~x3",0.656881104407469,0.0760297335267622,0.8,"PLSc",12003,4034462,300,"ordinal","uniform","skewed","Symmetric","3",1,TRUE,1.28100000001723
"4827","Z=~z1",0.555174682909439,0.0916593616250797,0.6,"PLSc",12003,4034462,300,"ordinal","uniform","skewed","Symmetric","3",1,TRUE,1.28100000001723
"4828","Z=~z2",0.50011888637685,0.0912368032113598,0.6,"PLSc",12003,4034462,300,"ordinal","uniform","skewed","Symmetric","3",1,TRUE,1.28100000001723
"4829","Z=~z3",0.687922216708425,0.0801167715869213,0.8,"PLSc",12003,4034462,300,"ordinal","uniform","skewed","Symmetric","3",1,TRUE,1.28100000001723
"4830","Y=~y1",0.462565372897847,0.081722667652418,0.4,"PLSc",12003,4034462,300,"ordinal","uniform","skewed","Symmetric","3",1,TRUE,1.28100000001723
"4831","Y=~y2",0.658506833157301,0.0612657766373414,0.7,"PLSc",12003,4034462,300,"ordinal","uniform","skewed","Symmetric","3",1,TRUE,1.28100000001723
"4832","Y=~y3",0.782647174719263,0.0604669487332887,0.9,"PLSc",12003,4034462,300,"ordinal","uniform","skewed","Symmetric","3",1,TRUE,1.28100000001723
"4833","Y~X",0.503355449464302,0.157938515848474,0.4,"PLSc",12003,4034462,300,"ordinal","uniform","skewed","Symmetric","3",1,TRUE,1.28100000001723
"4834","Y~Z",0.498449562490055,0.297757183380192,0.5,"PLSc",12003,4034462,300,"ordinal","uniform","skewed","Symmetric","3",1,TRUE,1.28100000001723
"4835","Y~X:Z",0.334324579700638,0.509954045161653,0.3,"PLSc",12003,4034462,300,"ordinal","uniform","skewed","Symmetric","3",1,TRUE,1.28100000001723
"4836","X~~Z",0.158793484338766,0.0860524532314215,0.2,"PLSc",12003,4034462,300,"ordinal","uniform","skewed","Symmetric","3",1,TRUE,1.28100000001723
"4837","X=~x1",0.609823756560108,0.0738896177196056,0.4,"PLS",12003,4034462,300,"ordinal","uniform","skewed","Symmetric","3",1,TRUE,0.877999999967869
"4838","X=~x2",0.824745095149547,0.0345907391672857,0.8,"PLS",12003,4034462,300,"ordinal","uniform","skewed","Symmetric","3",1,TRUE,0.877999999967869
"4839","X=~x3",0.81353553015939,0.0351783852284795,0.8,"PLS",12003,4034462,300,"ordinal","uniform","skewed","Symmetric","3",1,TRUE,0.877999999967869
"4840","Z=~z1",0.732589234537822,0.0571505023219531,0.6,"PLS",12003,4034462,300,"ordinal","uniform","skewed","Symmetric","3",1,TRUE,0.877999999967869
"4841","Z=~z2",0.660144787242816,0.0684970964104266,0.6,"PLS",12003,4034462,300,"ordinal","uniform","skewed","Symmetric","3",1,TRUE,0.877999999967869
"4842","Z=~z3",0.832088942669129,0.0321396047730104,0.8,"PLS",12003,4034462,300,"ordinal","uniform","skewed","Symmetric","3",1,TRUE,0.877999999967869
"4843","Y=~y1",0.626547335588968,0.0645620841668896,0.4,"PLS",12003,4034462,300,"ordinal","uniform","skewed","Symmetric","3",1,TRUE,0.877999999967869
"4844","Y=~y2",0.794171898601595,0.0324210890264132,0.7,"PLS",12003,4034462,300,"ordinal","uniform","skewed","Symmetric","3",1,TRUE,0.877999999967869
"4845","Y=~y3",0.873395387148153,0.020633452712702,0.9,"PLS",12003,4034462,300,"ordinal","uniform","skewed","Symmetric","3",1,TRUE,0.877999999967869
"4846","Y~X",0.346872972176838,0.0483357512699214,0.4,"PLS",12003,4034462,300,"ordinal","uniform","skewed","Symmetric","3",1,TRUE,0.877999999967869
"4847","Y~Z",0.31492092642132,0.0532574258495254,0.5,"PLS",12003,4034462,300,"ordinal","uniform","skewed","Symmetric","3",1,TRUE,0.877999999967869
"4848","Y~X:Z",0.11367067183764,0.0547016632835793,0.3,"PLS",12003,4034462,300,"ordinal","uniform","skewed","Symmetric","3",1,TRUE,0.877999999967869
"4849","X~~Z",0.101915962253136,0.0558984710108258,0.2,"PLS",12003,4034462,300,"ordinal","uniform","skewed","Symmetric","3",1,TRUE,0.877999999967869
"4850","X=~x1",0.455,0.067,0.4,"Mplus",12003,4034462,300,"ordinal","uniform","skewed","Symmetric","3",1,TRUE,194.611000000034
"4851","X=~x2",0.76,0.062,0.8,"Mplus",12003,4034462,300,"ordinal","uniform","skewed","Symmetric","3",1,TRUE,194.611000000034
"4852","X=~x3",0.754,0.063,0.8,"Mplus",12003,4034462,300,"ordinal","uniform","skewed","Symmetric","3",1,TRUE,194.611000000034
"4853","Z=~z1",0.623,0.066,0.6,"Mplus",12003,4034462,300,"ordinal","uniform","skewed","Symmetric","3",1,TRUE,194.611000000034
"4854","Z=~z2",0.479,0.065,0.6,"Mplus",12003,4034462,300,"ordinal","uniform","skewed","Symmetric","3",1,TRUE,194.611000000034
"4855","Z=~z3",0.805,0.069,0.8,"Mplus",12003,4034462,300,"ordinal","uniform","skewed","Symmetric","3",1,TRUE,194.611000000034
"4856","Y=~y1",0.516,0.061,0.4,"Mplus",12003,4034462,300,"ordinal","uniform","skewed","Symmetric","3",1,TRUE,194.611000000034
"4857","Y=~y2",0.706,0.052,0.7,"Mplus",12003,4034462,300,"ordinal","uniform","skewed","Symmetric","3",1,TRUE,194.611000000034
"4858","Y=~y3",0.951,0.041,0.9,"Mplus",12003,4034462,300,"ordinal","uniform","skewed","Symmetric","3",1,TRUE,194.611000000034
"4859","Y~X",0.481,0.071,0.4,"Mplus",12003,4034462,300,"ordinal","uniform","skewed","Symmetric","3",1,TRUE,194.611000000034
"4860","Y~Z",0.453,0.071,0.5,"Mplus",12003,4034462,300,"ordinal","uniform","skewed","Symmetric","3",1,TRUE,194.611000000034
"4861","Y~X:Z",0.317,0.083,0.3,"Mplus",12003,4034462,300,"ordinal","uniform","skewed","Symmetric","3",1,TRUE,194.611000000034
"4862","X~~Z",0.138,0.084,0.2,"Mplus",12003,4034462,300,"ordinal","uniform","skewed","Symmetric","3",1,TRUE,194.611000000034
"4863","X=~x1",0.437552618762318,0.0599524349074066,0.4,"LSAM",12003,4034462,300,"ordinal","uniform","skewed","Symmetric","3",1,TRUE,0.438000000023749
"4864","X=~x2",0.647779499662423,0.106855231262305,0.8,"LSAM",12003,4034462,300,"ordinal","uniform","skewed","Symmetric","3",1,TRUE,0.438000000023749
"4865","X=~x3",0.724572926186191,0.11215028466656,0.8,"LSAM",12003,4034462,300,"ordinal","uniform","skewed","Symmetric","3",1,TRUE,0.438000000023749
"4866","Z=~z1",0.536006866015035,0.0386189832477571,0.6,"LSAM",12003,4034462,300,"ordinal","uniform","skewed","Symmetric","3",1,TRUE,0.438000000023749
"4867","Z=~z2",0.437477593451458,0.0785688049155056,0.6,"LSAM",12003,4034462,300,"ordinal","uniform","skewed","Symmetric","3",1,TRUE,0.438000000023749
"4868","Z=~z3",0.777572600238099,0.122697175020183,0.8,"LSAM",12003,4034462,300,"ordinal","uniform","skewed","Symmetric","3",1,TRUE,0.438000000023749
"4869","Y=~y1",0.439025922783069,0.0251207814124666,0.4,"LSAM",12003,4034462,300,"ordinal","uniform","skewed","Symmetric","3",1,TRUE,0.438000000023749
"4870","Y=~y2",0.591893873857788,0.0726048791911699,0.7,"LSAM",12003,4034462,300,"ordinal","uniform","skewed","Symmetric","3",1,TRUE,0.438000000023749
"4871","Y=~y3",0.884305500520556,0.0959007793093329,0.9,"LSAM",12003,4034462,300,"ordinal","uniform","skewed","Symmetric","3",1,TRUE,0.438000000023749
"4872","Y~X",0.4479556281514,0.0899366434680538,0.4,"LSAM",12003,4034462,300,"ordinal","uniform","skewed","Symmetric","3",1,TRUE,0.438000000023749
"4873","Y~Z",0.45158810963276,0.153192490608495,0.5,"LSAM",12003,4034462,300,"ordinal","uniform","skewed","Symmetric","3",1,TRUE,0.438000000023749
"4874","Y~X:Z",0.369193827008348,0.138455521168882,0.3,"LSAM",12003,4034462,300,"ordinal","uniform","skewed","Symmetric","3",1,TRUE,0.438000000023749
"4875","X~~Z",0.144524518456287,0.0813395226585417,0.2,"LSAM",12003,4034462,300,"ordinal","uniform","skewed","Symmetric","3",1,TRUE,0.438000000023749
"4876","X=~x1",0.468517561343098,0.0429749460618839,0.4,"MC-PLSc",12004,1398564,1000,"ordinal","uniform","skewed","Symmetric","3",1,TRUE,15.795999999973
"4877","X=~x2",0.834222348397223,0.035491484410371,0.8,"MC-PLSc",12004,1398564,1000,"ordinal","uniform","skewed","Symmetric","3",1,TRUE,15.795999999973
"4878","X=~x3",0.777066461139184,0.0369258205596799,0.8,"MC-PLSc",12004,1398564,1000,"ordinal","uniform","skewed","Symmetric","3",1,TRUE,15.795999999973
"4879","Z=~z1",0.589509069854537,0.0396828296291948,0.6,"MC-PLSc",12004,1398564,1000,"ordinal","uniform","skewed","Symmetric","3",1,TRUE,15.795999999973
"4880","Z=~z2",0.574890384396201,0.0349746107707433,0.6,"MC-PLSc",12004,1398564,1000,"ordinal","uniform","skewed","Symmetric","3",1,TRUE,15.795999999973
"4881","Z=~z3",0.815003069668148,0.034848719002521,0.8,"MC-PLSc",12004,1398564,1000,"ordinal","uniform","skewed","Symmetric","3",1,TRUE,15.795999999973
"4882","Y=~y1",0.48815639563347,0.0363986845459553,0.4,"MC-PLSc",12004,1398564,1000,"ordinal","uniform","skewed","Symmetric","3",1,TRUE,15.795999999973
"4883","Y=~y2",0.702665889132389,0.032824132187922,0.7,"MC-PLSc",12004,1398564,1000,"ordinal","uniform","skewed","Symmetric","3",1,TRUE,15.795999999973
"4884","Y=~y3",0.85465830188659,0.0305980398215125,0.9,"MC-PLSc",12004,1398564,1000,"ordinal","uniform","skewed","Symmetric","3",1,TRUE,15.795999999973
"4885","Y~X",0.420317012018217,0.034482181520966,0.4,"MC-PLSc",12004,1398564,1000,"ordinal","uniform","skewed","Symmetric","3",1,TRUE,15.795999999973
"4886","Y~Z",0.576503686118536,0.0424206282227509,0.5,"MC-PLSc",12004,1398564,1000,"ordinal","uniform","skewed","Symmetric","3",1,TRUE,15.795999999973
"4887","Y~X:Z",0.327638443175919,0.0459636343909605,0.3,"MC-PLSc",12004,1398564,1000,"ordinal","uniform","skewed","Symmetric","3",1,TRUE,15.795999999973
"4888","X~~Z",0.215091847098872,0.0453759683298868,0.2,"MC-PLSc",12004,1398564,1000,"ordinal","uniform","skewed","Symmetric","3",1,TRUE,15.795999999973
"4889","X=~x1",0.413172192929069,0.05479259977021,0.4,"PLSc",12004,1398564,1000,"ordinal","uniform","skewed","Symmetric","3",1,TRUE,1.36200000002282
"4890","X=~x2",0.746554765252063,0.0424512189853925,0.8,"PLSc",12004,1398564,1000,"ordinal","uniform","skewed","Symmetric","3",1,TRUE,1.36200000002282
"4891","X=~x3",0.707078121845233,0.0447584136552028,0.8,"PLSc",12004,1398564,1000,"ordinal","uniform","skewed","Symmetric","3",1,TRUE,1.36200000002282
"4892","Z=~z1",0.520877730108537,0.0411409569358811,0.6,"PLSc",12004,1398564,1000,"ordinal","uniform","skewed","Symmetric","3",1,TRUE,1.36200000002282
"4893","Z=~z2",0.513490761324438,0.0399158440756205,0.6,"PLSc",12004,1398564,1000,"ordinal","uniform","skewed","Symmetric","3",1,TRUE,1.36200000002282
"4894","Z=~z3",0.731644730853486,0.0358571139795936,0.8,"PLSc",12004,1398564,1000,"ordinal","uniform","skewed","Symmetric","3",1,TRUE,1.36200000002282
"4895","Y=~y1",0.44489261574488,0.0353353175134597,0.4,"PLSc",12004,1398564,1000,"ordinal","uniform","skewed","Symmetric","3",1,TRUE,1.36200000002282
"4896","Y=~y2",0.621385733873056,0.0323315347298909,0.7,"PLSc",12004,1398564,1000,"ordinal","uniform","skewed","Symmetric","3",1,TRUE,1.36200000002282
"4897","Y=~y3",0.725738868485817,0.0291200902167219,0.9,"PLSc",12004,1398564,1000,"ordinal","uniform","skewed","Symmetric","3",1,TRUE,1.36200000002282
"4898","Y~X",0.419404265819721,0.0435670615991425,0.4,"PLSc",12004,1398564,1000,"ordinal","uniform","skewed","Symmetric","3",1,TRUE,1.36200000002282
"4899","Y~Z",0.573082918323592,0.0460995759441961,0.5,"PLSc",12004,1398564,1000,"ordinal","uniform","skewed","Symmetric","3",1,TRUE,1.36200000002282
"4900","Y~X:Z",0.276291688988615,0.0572240466197619,0.3,"PLSc",12004,1398564,1000,"ordinal","uniform","skewed","Symmetric","3",1,TRUE,1.36200000002282
"4901","X~~Z",0.212666735131386,0.0446424347709422,0.2,"PLSc",12004,1398564,1000,"ordinal","uniform","skewed","Symmetric","3",1,TRUE,1.36200000002282
"4902","X=~x1",0.583644230494188,0.0385525336682439,0.4,"PLS",12004,1398564,1000,"ordinal","uniform","skewed","Symmetric","3",1,TRUE,0.958999999973457
"4903","X=~x2",0.85267851233483,0.0153070734289885,0.8,"PLS",12004,1398564,1000,"ordinal","uniform","skewed","Symmetric","3",1,TRUE,0.958999999973457
"4904","X=~x3",0.830614161009233,0.0181036537089405,0.8,"PLS",12004,1398564,1000,"ordinal","uniform","skewed","Symmetric","3",1,TRUE,0.958999999973457
"4905","Z=~z1",0.703202403412292,0.0276865050526732,0.6,"PLS",12004,1398564,1000,"ordinal","uniform","skewed","Symmetric","3",1,TRUE,0.958999999973457
"4906","Z=~z2",0.691561783559867,0.0276290374935536,0.6,"PLS",12004,1398564,1000,"ordinal","uniform","skewed","Symmetric","3",1,TRUE,0.958999999973457
"4907","Z=~z3",0.840664298831157,0.0143293515044855,0.8,"PLS",12004,1398564,1000,"ordinal","uniform","skewed","Symmetric","3",1,TRUE,0.958999999973457
"4908","Y=~y1",0.603513054326863,0.0323634421248853,0.4,"PLS",12004,1398564,1000,"ordinal","uniform","skewed","Symmetric","3",1,TRUE,0.958999999973457
"4909","Y=~y2",0.780798718056254,0.0191844341199937,0.7,"PLS",12004,1398564,1000,"ordinal","uniform","skewed","Symmetric","3",1,TRUE,0.958999999973457
"4910","Y=~y3",0.850207341703504,0.0115755363877354,0.9,"PLS",12004,1398564,1000,"ordinal","uniform","skewed","Symmetric","3",1,TRUE,0.958999999973457
"4911","Y~X",0.313923803383885,0.0242551676670394,0.4,"PLS",12004,1398564,1000,"ordinal","uniform","skewed","Symmetric","3",1,TRUE,0.958999999973457
"4912","Y~Z",0.392957368214236,0.0257464932062989,0.5,"PLS",12004,1398564,1000,"ordinal","uniform","skewed","Symmetric","3",1,TRUE,0.958999999973457
"4913","Y~X:Z",0.159569010363417,0.0252177248925659,0.3,"PLS",12004,1398564,1000,"ordinal","uniform","skewed","Symmetric","3",1,TRUE,0.958999999973457
"4914","X~~Z",0.142758933497515,0.0297223453901458,0.2,"PLS",12004,1398564,1000,"ordinal","uniform","skewed","Symmetric","3",1,TRUE,0.958999999973457
"4915","X=~x1",0.44,0.034,0.4,"Mplus",12004,1398564,1000,"ordinal","uniform","skewed","Symmetric","3",1,TRUE,532.396999999997
"4916","X=~x2",0.844,0.031,0.8,"Mplus",12004,1398564,1000,"ordinal","uniform","skewed","Symmetric","3",1,TRUE,532.396999999997
"4917","X=~x3",0.75,0.033,0.8,"Mplus",12004,1398564,1000,"ordinal","uniform","skewed","Symmetric","3",1,TRUE,532.396999999997
"4918","Z=~z1",0.577,0.035,0.6,"Mplus",12004,1398564,1000,"ordinal","uniform","skewed","Symmetric","3",1,TRUE,532.396999999997
"4919","Z=~z2",0.563,0.035,0.6,"Mplus",12004,1398564,1000,"ordinal","uniform","skewed","Symmetric","3",1,TRUE,532.396999999997
"4920","Z=~z3",0.803,0.033,0.8,"Mplus",12004,1398564,1000,"ordinal","uniform","skewed","Symmetric","3",1,TRUE,532.396999999997
"4921","Y=~y1",0.463,0.036,0.4,"Mplus",12004,1398564,1000,"ordinal","uniform","skewed","Symmetric","3",1,TRUE,532.396999999997
"4922","Y=~y2",0.706,0.031,0.7,"Mplus",12004,1398564,1000,"ordinal","uniform","skewed","Symmetric","3",1,TRUE,532.396999999997
"4923","Y=~y3",0.848,0.026,0.9,"Mplus",12004,1398564,1000,"ordinal","uniform","skewed","Symmetric","3",1,TRUE,532.396999999997
"4924","Y~X",0.435,0.037,0.4,"Mplus",12004,1398564,1000,"ordinal","uniform","skewed","Symmetric","3",1,TRUE,532.396999999997
"4925","Y~Z",0.57,0.038,0.5,"Mplus",12004,1398564,1000,"ordinal","uniform","skewed","Symmetric","3",1,TRUE,532.396999999997
"4926","Y~X:Z",0.325,0.044,0.3,"Mplus",12004,1398564,1000,"ordinal","uniform","skewed","Symmetric","3",1,TRUE,532.396999999997
"4927","X~~Z",0.2,0.045,0.2,"Mplus",12004,1398564,1000,"ordinal","uniform","skewed","Symmetric","3",1,TRUE,532.396999999997
"4928","X=~x1",0.418740322071064,0.0319762215186937,0.4,"LSAM",12004,1398564,1000,"ordinal","uniform","skewed","Symmetric","3",1,TRUE,0.435999999986961
"4929","X=~x2",0.763992828725586,0.0579397255857512,0.8,"LSAM",12004,1398564,1000,"ordinal","uniform","skewed","Symmetric","3",1,TRUE,0.435999999986961
"4930","X=~x3",0.685782502047506,0.0562877224860501,0.8,"LSAM",12004,1398564,1000,"ordinal","uniform","skewed","Symmetric","3",1,TRUE,0.435999999986961
"4931","Z=~z1",0.525503509880499,0.0293762896597515,0.6,"LSAM",12004,1398564,1000,"ordinal","uniform","skewed","Symmetric","3",1,TRUE,0.435999999986961
"4932","Z=~z2",0.506627901222269,0.0501788058476573,0.6,"LSAM",12004,1398564,1000,"ordinal","uniform","skewed","Symmetric","3",1,TRUE,0.435999999986961
"4933","Z=~z3",0.734015204760585,0.0633608422949023,0.8,"LSAM",12004,1398564,1000,"ordinal","uniform","skewed","Symmetric","3",1,TRUE,0.435999999986961
"4934","Y=~y1",0.401634704475643,0.0134003962634723,0.4,"LSAM",12004,1398564,1000,"ordinal","uniform","skewed","Symmetric","3",1,TRUE,0.435999999986961
"4935","Y=~y2",0.585192661604812,0.047364652498968,0.7,"LSAM",12004,1398564,1000,"ordinal","uniform","skewed","Symmetric","3",1,TRUE,0.435999999986961
"4936","Y=~y3",0.810680431176848,0.0632529497654608,0.9,"LSAM",12004,1398564,1000,"ordinal","uniform","skewed","Symmetric","3",1,TRUE,0.435999999986961
"4937","Y~X",0.403885644529036,0.0432025132198683,0.4,"LSAM",12004,1398564,1000,"ordinal","uniform","skewed","Symmetric","3",1,TRUE,0.435999999986961
"4938","Y~Z",0.544517140334637,0.0781089602413963,0.5,"LSAM",12004,1398564,1000,"ordinal","uniform","skewed","Symmetric","3",1,TRUE,0.435999999986961
"4939","Y~X:Z",0.284678794028194,0.0487159496109009,0.3,"LSAM",12004,1398564,1000,"ordinal","uniform","skewed","Symmetric","3",1,TRUE,0.435999999986961
"4940","X~~Z",0.200301132331176,0.0462250288278741,0.2,"LSAM",12004,1398564,1000,"ordinal","uniform","skewed","Symmetric","3",1,TRUE,0.435999999986961
"4941","X=~x1",0.402870795988747,0.0662587495577154,0.4,"MC-PLSc",12005,956685,300,"ordinal","uniform","skewed","Symmetric","5",1,TRUE,17.4429999999702
"4942","X=~x2",0.71192866292794,0.0540608847812324,0.8,"MC-PLSc",12005,956685,300,"ordinal","uniform","skewed","Symmetric","5",1,TRUE,17.4429999999702
"4943","X=~x3",0.873187352068363,0.0538841169891516,0.8,"MC-PLSc",12005,956685,300,"ordinal","uniform","skewed","Symmetric","5",1,TRUE,17.4429999999702
"4944","Z=~z1",0.491802334936493,0.0673773435739233,0.6,"MC-PLSc",12005,956685,300,"ordinal","uniform","skewed","Symmetric","5",1,TRUE,17.4429999999702
"4945","Z=~z2",0.67258350507829,0.0565572832044858,0.6,"MC-PLSc",12005,956685,300,"ordinal","uniform","skewed","Symmetric","5",1,TRUE,17.4429999999702
"4946","Z=~z3",0.824948629961143,0.0575376837007038,0.8,"MC-PLSc",12005,956685,300,"ordinal","uniform","skewed","Symmetric","5",1,TRUE,17.4429999999702
"4947","Y=~y1",0.403070469660564,0.0639675864954573,0.4,"MC-PLSc",12005,956685,300,"ordinal","uniform","skewed","Symmetric","5",1,TRUE,17.4429999999702
"4948","Y=~y2",0.731426705190915,0.0472996548466394,0.7,"MC-PLSc",12005,956685,300,"ordinal","uniform","skewed","Symmetric","5",1,TRUE,17.4429999999702
"4949","Y=~y3",0.891118155569113,0.0381429206519295,0.9,"MC-PLSc",12005,956685,300,"ordinal","uniform","skewed","Symmetric","5",1,TRUE,17.4429999999702
"4950","Y~X",0.436148747743508,0.0632765198613042,0.4,"MC-PLSc",12005,956685,300,"ordinal","uniform","skewed","Symmetric","5",1,TRUE,17.4429999999702
"4951","Y~Z",0.489374032850917,0.0662513664033545,0.5,"MC-PLSc",12005,956685,300,"ordinal","uniform","skewed","Symmetric","5",1,TRUE,17.4429999999702
"4952","Y~X:Z",0.301045922730106,0.0694771839805726,0.3,"MC-PLSc",12005,956685,300,"ordinal","uniform","skewed","Symmetric","5",1,TRUE,17.4429999999702
"4953","X~~Z",0.234645672070059,0.0793775689427979,0.2,"MC-PLSc",12005,956685,300,"ordinal","uniform","skewed","Symmetric","5",1,TRUE,17.4429999999702
"4954","X=~x1",0.395745013508074,0.0985187579591873,0.4,"PLSc",12005,956685,300,"ordinal","uniform","skewed","Symmetric","5",1,TRUE,1.28800000000047
"4955","X=~x2",0.67541549527715,0.0726440092482773,0.8,"PLSc",12005,956685,300,"ordinal","uniform","skewed","Symmetric","5",1,TRUE,1.28800000000047
"4956","X=~x3",0.827224941153965,0.068489633935401,0.8,"PLSc",12005,956685,300,"ordinal","uniform","skewed","Symmetric","5",1,TRUE,1.28800000000047
"4957","Z=~z1",0.454713344671846,0.0902957765323359,0.6,"PLSc",12005,956685,300,"ordinal","uniform","skewed","Symmetric","5",1,TRUE,1.28800000000047
"4958","Z=~z2",0.718152070792843,0.0643098343721275,0.6,"PLSc",12005,956685,300,"ordinal","uniform","skewed","Symmetric","5",1,TRUE,1.28800000000047
"4959","Z=~z3",0.716336361821423,0.0602156008141441,0.8,"PLSc",12005,956685,300,"ordinal","uniform","skewed","Symmetric","5",1,TRUE,1.28800000000047
"4960","Y=~y1",0.380989477980477,0.0798133677011198,0.4,"PLSc",12005,956685,300,"ordinal","uniform","skewed","Symmetric","5",1,TRUE,1.28800000000047
"4961","Y=~y2",0.691087426293203,0.0511268979341242,0.7,"PLSc",12005,956685,300,"ordinal","uniform","skewed","Symmetric","5",1,TRUE,1.28800000000047
"4962","Y=~y3",0.849472399737453,0.0450775463485789,0.9,"PLSc",12005,956685,300,"ordinal","uniform","skewed","Symmetric","5",1,TRUE,1.28800000000047
"4963","Y~X",0.454633917152033,0.0768550891772688,0.4,"PLSc",12005,956685,300,"ordinal","uniform","skewed","Symmetric","5",1,TRUE,1.28800000000047
"4964","Y~Z",0.491597731418653,0.084484349489613,0.5,"PLSc",12005,956685,300,"ordinal","uniform","skewed","Symmetric","5",1,TRUE,1.28800000000047
"4965","Y~X:Z",0.305213766439398,0.111314532570511,0.3,"PLSc",12005,956685,300,"ordinal","uniform","skewed","Symmetric","5",1,TRUE,1.28800000000047
"4966","X~~Z",0.237557475488167,0.0802460420713205,0.2,"PLSc",12005,956685,300,"ordinal","uniform","skewed","Symmetric","5",1,TRUE,1.28800000000047
"4967","X=~x1",0.54759757906564,0.0768629791874831,0.4,"PLS",12005,956685,300,"ordinal","uniform","skewed","Symmetric","5",1,TRUE,0.898000000044703
"4968","X=~x2",0.828683772874921,0.0312629879378503,0.8,"PLS",12005,956685,300,"ordinal","uniform","skewed","Symmetric","5",1,TRUE,0.898000000044703
"4969","X=~x3",0.886230536518811,0.0195160560111443,0.8,"PLS",12005,956685,300,"ordinal","uniform","skewed","Symmetric","5",1,TRUE,0.898000000044703
"4970","Z=~z1",0.642149160325844,0.0637112672153977,0.6,"PLS",12005,956685,300,"ordinal","uniform","skewed","Symmetric","5",1,TRUE,0.898000000044703
"4971","Z=~z2",0.793465509155661,0.0347426671607962,0.6,"PLS",12005,956685,300,"ordinal","uniform","skewed","Symmetric","5",1,TRUE,0.898000000044703
"4972","Z=~z3",0.862975183063969,0.020215066141697,0.8,"PLS",12005,956685,300,"ordinal","uniform","skewed","Symmetric","5",1,TRUE,0.898000000044703
"4973","Y=~y1",0.543704947944478,0.070239687794095,0.4,"PLS",12005,956685,300,"ordinal","uniform","skewed","Symmetric","5",1,TRUE,0.898000000044703
"4974","Y=~y2",0.836423385932922,0.0243629189859938,0.7,"PLS",12005,956685,300,"ordinal","uniform","skewed","Symmetric","5",1,TRUE,0.898000000044703
"4975","Y=~y3",0.892450138148598,0.0142514650100993,0.9,"PLS",12005,956685,300,"ordinal","uniform","skewed","Symmetric","5",1,TRUE,0.898000000044703
"4976","Y~X",0.352265682804868,0.0444135619282009,0.4,"PLS",12005,956685,300,"ordinal","uniform","skewed","Symmetric","5",1,TRUE,0.898000000044703
"4977","Y~Z",0.374970404386334,0.0478591742162163,0.5,"PLS",12005,956685,300,"ordinal","uniform","skewed","Symmetric","5",1,TRUE,0.898000000044703
"4978","Y~X:Z",0.184625679349469,0.0435940503230346,0.3,"PLS",12005,956685,300,"ordinal","uniform","skewed","Symmetric","5",1,TRUE,0.898000000044703
"4979","X~~Z",0.170424726033575,0.0581256074524057,0.2,"PLS",12005,956685,300,"ordinal","uniform","skewed","Symmetric","5",1,TRUE,0.898000000044703
"4980","X=~x1",0.371,0.062,0.4,"Mplus",12005,956685,300,"ordinal","uniform","skewed","Symmetric","5",1,TRUE,216.168999999994
"4981","X=~x2",0.71,0.048,0.8,"Mplus",12005,956685,300,"ordinal","uniform","skewed","Symmetric","5",1,TRUE,216.168999999994
"4982","X=~x3",0.853,0.045,0.8,"Mplus",12005,956685,300,"ordinal","uniform","skewed","Symmetric","5",1,TRUE,216.168999999994
"4983","Z=~z1",0.531,0.052,0.6,"Mplus",12005,956685,300,"ordinal","uniform","skewed","Symmetric","5",1,TRUE,216.168999999994
"4984","Z=~z2",0.585,0.057,0.6,"Mplus",12005,956685,300,"ordinal","uniform","skewed","Symmetric","5",1,TRUE,216.168999999994
"4985","Z=~z3",0.88,0.054,0.8,"Mplus",12005,956685,300,"ordinal","uniform","skewed","Symmetric","5",1,TRUE,216.168999999994
"4986","Y=~y1",0.382,0.065,0.4,"Mplus",12005,956685,300,"ordinal","uniform","skewed","Symmetric","5",1,TRUE,216.168999999994
"4987","Y=~y2",0.7,0.047,0.7,"Mplus",12005,956685,300,"ordinal","uniform","skewed","Symmetric","5",1,TRUE,216.168999999994
"4988","Y=~y3",0.899,0.039,0.9,"Mplus",12005,956685,300,"ordinal","uniform","skewed","Symmetric","5",1,TRUE,216.168999999994
"4989","Y~X",0.478,0.058,0.4,"Mplus",12005,956685,300,"ordinal","uniform","skewed","Symmetric","5",1,TRUE,216.168999999994
"4990","Y~Z",0.421,0.07,0.5,"Mplus",12005,956685,300,"ordinal","uniform","skewed","Symmetric","5",1,TRUE,216.168999999994
"4991","Y~X:Z",0.252,0.06,0.3,"Mplus",12005,956685,300,"ordinal","uniform","skewed","Symmetric","5",1,TRUE,216.168999999994
"4992","X~~Z",0.218,0.077,0.2,"Mplus",12005,956685,300,"ordinal","uniform","skewed","Symmetric","5",1,TRUE,216.168999999994
"4993","X=~x1",0.373191518070156,0.0616557739494325,0.4,"LSAM",12005,956685,300,"ordinal","uniform","skewed","Symmetric","5",1,TRUE,0.421999999962281
"4994","X=~x2",0.686045413092989,0.107435103124302,0.8,"LSAM",12005,956685,300,"ordinal","uniform","skewed","Symmetric","5",1,TRUE,0.421999999962281
"4995","X=~x3",0.835545712699005,0.108732815816515,0.8,"LSAM",12005,956685,300,"ordinal","uniform","skewed","Symmetric","5",1,TRUE,0.421999999962281
"4996","Z=~z1",0.466209350402045,0.0302781239848077,0.6,"LSAM",12005,956685,300,"ordinal","uniform","skewed","Symmetric","5",1,TRUE,0.421999999962281
"4997","Z=~z2",0.496650686222046,0.064991091731833,0.6,"LSAM",12005,956685,300,"ordinal","uniform","skewed","Symmetric","5",1,TRUE,0.421999999962281
"4998","Z=~z3",0.986296530852211,0.0978293812937633,0.8,"LSAM",12005,956685,300,"ordinal","uniform","skewed","Symmetric","5",1,TRUE,0.421999999962281
"4999","Y=~y1",0.383002076366526,0.0237791761828976,0.4,"LSAM",12005,956685,300,"ordinal","uniform","skewed","Symmetric","5",1,TRUE,0.421999999962281
"5000","Y=~y2",0.697292587658232,0.0826248323614732,0.7,"LSAM",12005,956685,300,"ordinal","uniform","skewed","Symmetric","5",1,TRUE,0.421999999962281
"5001","Y=~y3",0.840772470225256,0.0936259137844763,0.9,"LSAM",12005,956685,300,"ordinal","uniform","skewed","Symmetric","5",1,TRUE,0.421999999962281
"5002","Y~X",0.522364827436216,0.0595925700422561,0.4,"LSAM",12005,956685,300,"ordinal","uniform","skewed","Symmetric","5",1,TRUE,0.421999999962281
"5003","Y~Z",0.366943004978506,0.0804436938068986,0.5,"LSAM",12005,956685,300,"ordinal","uniform","skewed","Symmetric","5",1,TRUE,0.421999999962281
"5004","Y~X:Z",0.244519259019223,0.0525366274469282,0.3,"LSAM",12005,956685,300,"ordinal","uniform","skewed","Symmetric","5",1,TRUE,0.421999999962281
"5005","X~~Z",0.166367792688534,0.0688788246774978,0.2,"LSAM",12005,956685,300,"ordinal","uniform","skewed","Symmetric","5",1,TRUE,0.421999999962281
"5006","X=~x1",0.415184169685877,0.0423215723484043,0.4,"MC-PLSc",12006,6304354,1000,"ordinal","uniform","skewed","Symmetric","5",1,TRUE,19.2129999999888
"5007","X=~x2",0.777201349607081,0.0336310275974851,0.8,"MC-PLSc",12006,6304354,1000,"ordinal","uniform","skewed","Symmetric","5",1,TRUE,19.2129999999888
"5008","X=~x3",0.802856191312553,0.0328248974102191,0.8,"MC-PLSc",12006,6304354,1000,"ordinal","uniform","skewed","Symmetric","5",1,TRUE,19.2129999999888
"5009","Z=~z1",0.564517812854701,0.0333961792182625,0.6,"MC-PLSc",12006,6304354,1000,"ordinal","uniform","skewed","Symmetric","5",1,TRUE,19.2129999999888
"5010","Z=~z2",0.595086802067551,0.0341128623800213,0.6,"MC-PLSc",12006,6304354,1000,"ordinal","uniform","skewed","Symmetric","5",1,TRUE,19.2129999999888
"5011","Z=~z3",0.797563764968208,0.0283733697511512,0.8,"MC-PLSc",12006,6304354,1000,"ordinal","uniform","skewed","Symmetric","5",1,TRUE,19.2129999999888
"5012","Y=~y1",0.378049392795826,0.0352900712139344,0.4,"MC-PLSc",12006,6304354,1000,"ordinal","uniform","skewed","Symmetric","5",1,TRUE,19.2129999999888
"5013","Y=~y2",0.666637835126854,0.0284246774387369,0.7,"MC-PLSc",12006,6304354,1000,"ordinal","uniform","skewed","Symmetric","5",1,TRUE,19.2129999999888
"5014","Y=~y3",0.90073736121709,0.0239973026010899,0.9,"MC-PLSc",12006,6304354,1000,"ordinal","uniform","skewed","Symmetric","5",1,TRUE,19.2129999999888
"5015","Y~X",0.403263179616812,0.0361728249068238,0.4,"MC-PLSc",12006,6304354,1000,"ordinal","uniform","skewed","Symmetric","5",1,TRUE,19.2129999999888
"5016","Y~Z",0.517496946848722,0.0355291246256916,0.5,"MC-PLSc",12006,6304354,1000,"ordinal","uniform","skewed","Symmetric","5",1,TRUE,19.2129999999888
"5017","Y~X:Z",0.235048718663294,0.045740079537751,0.3,"MC-PLSc",12006,6304354,1000,"ordinal","uniform","skewed","Symmetric","5",1,TRUE,19.2129999999888
"5018","X~~Z",0.154687362777217,0.0430284312658251,0.2,"MC-PLSc",12006,6304354,1000,"ordinal","uniform","skewed","Symmetric","5",1,TRUE,19.2129999999888
"5019","X=~x1",0.407279067146543,0.0596724157630428,0.4,"PLSc",12006,6304354,1000,"ordinal","uniform","skewed","Symmetric","5",1,TRUE,1.36100000003353
"5020","X=~x2",0.739861680051063,0.0456281388523245,0.8,"PLSc",12006,6304354,1000,"ordinal","uniform","skewed","Symmetric","5",1,TRUE,1.36100000003353
"5021","X=~x3",0.761492737171639,0.0401372472406963,0.8,"PLSc",12006,6304354,1000,"ordinal","uniform","skewed","Symmetric","5",1,TRUE,1.36100000003353
"5022","Z=~z1",0.522953194442503,0.0391117906935635,0.6,"PLSc",12006,6304354,1000,"ordinal","uniform","skewed","Symmetric","5",1,TRUE,1.36100000003353
"5023","Z=~z2",0.569476281101336,0.0401904459999597,0.6,"PLSc",12006,6304354,1000,"ordinal","uniform","skewed","Symmetric","5",1,TRUE,1.36100000003353
"5024","Z=~z3",0.772911483862265,0.0364685545150908,0.8,"PLSc",12006,6304354,1000,"ordinal","uniform","skewed","Symmetric","5",1,TRUE,1.36100000003353
"5025","Y=~y1",0.34682363738407,0.0445610416210606,0.4,"PLSc",12006,6304354,1000,"ordinal","uniform","skewed","Symmetric","5",1,TRUE,1.36100000003353
"5026","Y=~y2",0.623342743979383,0.0307739733727008,0.7,"PLSc",12006,6304354,1000,"ordinal","uniform","skewed","Symmetric","5",1,TRUE,1.36100000003353
"5027","Y=~y3",0.87906356410052,0.0303421637399806,0.9,"PLSc",12006,6304354,1000,"ordinal","uniform","skewed","Symmetric","5",1,TRUE,1.36100000003353
"5028","Y~X",0.402502257576747,0.0388347187110832,0.4,"PLSc",12006,6304354,1000,"ordinal","uniform","skewed","Symmetric","5",1,TRUE,1.36100000003353
"5029","Y~Z",0.49935042315242,0.0396363691401141,0.5,"PLSc",12006,6304354,1000,"ordinal","uniform","skewed","Symmetric","5",1,TRUE,1.36100000003353
"5030","Y~X:Z",0.204296641362793,0.0517189448387019,0.3,"PLSc",12006,6304354,1000,"ordinal","uniform","skewed","Symmetric","5",1,TRUE,1.36100000003353
"5031","X~~Z",0.153965268357695,0.0436321047267241,0.2,"PLSc",12006,6304354,1000,"ordinal","uniform","skewed","Symmetric","5",1,TRUE,1.36100000003353
"5032","X=~x1",0.557613690669492,0.0450412607397397,0.4,"PLS",12006,6304354,1000,"ordinal","uniform","skewed","Symmetric","5",1,TRUE,0.920999999972992
"5033","X=~x2",0.854399564656779,0.0163328829444062,0.8,"PLS",12006,6304354,1000,"ordinal","uniform","skewed","Symmetric","5",1,TRUE,0.920999999972992
"5034","X=~x3",0.864062335172111,0.014325651455344,0.8,"PLS",12006,6304354,1000,"ordinal","uniform","skewed","Symmetric","5",1,TRUE,0.920999999972992
"5035","Z=~z1",0.708559473098738,0.0250951098818085,0.6,"PLS",12006,6304354,1000,"ordinal","uniform","skewed","Symmetric","5",1,TRUE,0.920999999972992
"5036","Z=~z2",0.734152973156249,0.0247415227629939,0.6,"PLS",12006,6304354,1000,"ordinal","uniform","skewed","Symmetric","5",1,TRUE,0.920999999972992
"5037","Z=~z3",0.848664399823739,0.0135493762412569,0.8,"PLS",12006,6304354,1000,"ordinal","uniform","skewed","Symmetric","5",1,TRUE,0.920999999972992
"5038","Y=~y1",0.524052857107107,0.0393874080435075,0.4,"PLS",12006,6304354,1000,"ordinal","uniform","skewed","Symmetric","5",1,TRUE,0.920999999972992
"5039","Y=~y2",0.804164550393775,0.0165515877345451,0.7,"PLS",12006,6304354,1000,"ordinal","uniform","skewed","Symmetric","5",1,TRUE,0.920999999972992
"5040","Y=~y3",0.895472223368782,0.00872365236455427,0.9,"PLS",12006,6304354,1000,"ordinal","uniform","skewed","Symmetric","5",1,TRUE,0.920999999972992
"5041","Y~X",0.316930874485066,0.0262992928489985,0.4,"PLS",12006,6304354,1000,"ordinal","uniform","skewed","Symmetric","5",1,TRUE,0.920999999972992
"5042","Y~Z",0.379343108421427,0.0254577760783804,0.5,"PLS",12006,6304354,1000,"ordinal","uniform","skewed","Symmetric","5",1,TRUE,0.920999999972992
"5043","Y~X:Z",0.136691106755992,0.0261272108791948,0.3,"PLS",12006,6304354,1000,"ordinal","uniform","skewed","Symmetric","5",1,TRUE,0.920999999972992
"5044","X~~Z",0.108571145772294,0.0306008884427751,0.2,"PLS",12006,6304354,1000,"ordinal","uniform","skewed","Symmetric","5",1,TRUE,0.920999999972992
"5045","X=~x1",0.389,0.034,0.4,"Mplus",12006,6304354,1000,"ordinal","uniform","skewed","Symmetric","5",1,TRUE,732.840000000026
"5046","X=~x2",0.773,0.028,0.8,"Mplus",12006,6304354,1000,"ordinal","uniform","skewed","Symmetric","5",1,TRUE,732.840000000026
"5047","X=~x3",0.789,0.028,0.8,"Mplus",12006,6304354,1000,"ordinal","uniform","skewed","Symmetric","5",1,TRUE,732.840000000026
"5048","Z=~z1",0.554,0.031,0.6,"Mplus",12006,6304354,1000,"ordinal","uniform","skewed","Symmetric","5",1,TRUE,732.840000000026
"5049","Z=~z2",0.578,0.031,0.6,"Mplus",12006,6304354,1000,"ordinal","uniform","skewed","Symmetric","5",1,TRUE,732.840000000026
"5050","Z=~z3",0.758,0.03,0.8,"Mplus",12006,6304354,1000,"ordinal","uniform","skewed","Symmetric","5",1,TRUE,732.840000000026
"5051","Y=~y1",0.346,0.033,0.4,"Mplus",12006,6304354,1000,"ordinal","uniform","skewed","Symmetric","5",1,TRUE,732.840000000026
"5052","Y=~y2",0.64,0.027,0.7,"Mplus",12006,6304354,1000,"ordinal","uniform","skewed","Symmetric","5",1,TRUE,732.840000000026
"5053","Y=~y3",0.885,0.025,0.9,"Mplus",12006,6304354,1000,"ordinal","uniform","skewed","Symmetric","5",1,TRUE,732.840000000026
"5054","Y~X",0.402,0.036,0.4,"Mplus",12006,6304354,1000,"ordinal","uniform","skewed","Symmetric","5",1,TRUE,732.840000000026
"5055","Y~Z",0.542,0.035,0.5,"Mplus",12006,6304354,1000,"ordinal","uniform","skewed","Symmetric","5",1,TRUE,732.840000000026
"5056","Y~X:Z",0.217,0.042,0.3,"Mplus",12006,6304354,1000,"ordinal","uniform","skewed","Symmetric","5",1,TRUE,732.840000000026
"5057","X~~Z",0.163,0.044,0.2,"Mplus",12006,6304354,1000,"ordinal","uniform","skewed","Symmetric","5",1,TRUE,732.840000000026
"5058","X=~x1",0.384108147845717,0.0312066572008286,0.4,"LSAM",12006,6304354,1000,"ordinal","uniform","skewed","Symmetric","5",1,TRUE,0.510999999998603
"5059","X=~x2",0.742860084789554,0.0562870434538391,0.8,"LSAM",12006,6304354,1000,"ordinal","uniform","skewed","Symmetric","5",1,TRUE,0.510999999998603
"5060","X=~x3",0.778240699121942,0.0565734982628179,0.8,"LSAM",12006,6304354,1000,"ordinal","uniform","skewed","Symmetric","5",1,TRUE,0.510999999998603
"5061","Z=~z1",0.561950155489645,0.0226541073451301,0.6,"LSAM",12006,6304354,1000,"ordinal","uniform","skewed","Symmetric","5",1,TRUE,0.510999999998603
"5062","Z=~z2",0.571481684064675,0.0442156907632861,0.6,"LSAM",12006,6304354,1000,"ordinal","uniform","skewed","Symmetric","5",1,TRUE,0.510999999998603
"5063","Z=~z3",0.731517254682286,0.0507073271668875,0.8,"LSAM",12006,6304354,1000,"ordinal","uniform","skewed","Symmetric","5",1,TRUE,0.510999999998603
"5064","Y=~y1",0.379282621617013,0.0131035977280681,0.4,"LSAM",12006,6304354,1000,"ordinal","uniform","skewed","Symmetric","5",1,TRUE,0.510999999998603
"5065","Y=~y2",0.675536935668295,0.0499773054202928,0.7,"LSAM",12006,6304354,1000,"ordinal","uniform","skewed","Symmetric","5",1,TRUE,0.510999999998603
"5066","Y=~y3",0.791590231014558,0.0568334406847818,0.9,"LSAM",12006,6304354,1000,"ordinal","uniform","skewed","Symmetric","5",1,TRUE,0.510999999998603
"5067","Y~X",0.410802556282035,0.0398006365087144,0.4,"LSAM",12006,6304354,1000,"ordinal","uniform","skewed","Symmetric","5",1,TRUE,0.510999999998603
"5068","Y~Z",0.529105457163744,0.0448943285397576,0.5,"LSAM",12006,6304354,1000,"ordinal","uniform","skewed","Symmetric","5",1,TRUE,0.510999999998603
"5069","Y~X:Z",0.216563784710822,0.0451762507399448,0.3,"LSAM",12006,6304354,1000,"ordinal","uniform","skewed","Symmetric","5",1,TRUE,0.510999999998603
"5070","X~~Z",0.157395182512604,0.044522424239189,0.2,"LSAM",12006,6304354,1000,"ordinal","uniform","skewed","Symmetric","5",1,TRUE,0.510999999998603
"5071","X=~x1",0.217038499629674,0.135030297808213,0.4,"MC-PLSc",12007,8179014,300,"ordinal","uniform","skewed","Extreme","2",1,TRUE,18.4839999999967
"5072","X=~x2",0.800144340158117,0.157032385613147,0.8,"MC-PLSc",12007,8179014,300,"ordinal","uniform","skewed","Extreme","2",1,TRUE,18.4839999999967
"5073","X=~x3",0.835574023781843,0.174715775628249,0.8,"MC-PLSc",12007,8179014,300,"ordinal","uniform","skewed","Extreme","2",1,TRUE,18.4839999999967
"5074","Z=~z1",0.416314034378762,0.164750558562477,0.6,"MC-PLSc",12007,8179014,300,"ordinal","uniform","skewed","Extreme","2",1,TRUE,18.4839999999967
"5075","Z=~z2",0.317338350488503,0.144593914480325,0.6,"MC-PLSc",12007,8179014,300,"ordinal","uniform","skewed","Extreme","2",1,TRUE,18.4839999999967
"5076","Z=~z3",0.559542285840731,0.213224962450077,0.8,"MC-PLSc",12007,8179014,300,"ordinal","uniform","skewed","Extreme","2",1,TRUE,18.4839999999967
"5077","Y=~y1",0.180555788019744,0.195765973393069,0.4,"MC-PLSc",12007,8179014,300,"ordinal","uniform","skewed","Extreme","2",1,TRUE,18.4839999999967
"5078","Y=~y2",0.692229518030385,0.121239239192255,0.7,"MC-PLSc",12007,8179014,300,"ordinal","uniform","skewed","Extreme","2",1,TRUE,18.4839999999967
"5079","Y=~y3",0.999,0.164729677303276,0.9,"MC-PLSc",12007,8179014,300,"ordinal","uniform","skewed","Extreme","2",1,TRUE,18.4839999999967
"5080","Y~X",0.0885156562029952,0.537182524434639,0.4,"MC-PLSc",12007,8179014,300,"ordinal","uniform","skewed","Extreme","2",1,TRUE,18.4839999999967
"5081","Y~Z",0.77046361626896,0.389492929254018,0.5,"MC-PLSc",12007,8179014,300,"ordinal","uniform","skewed","Extreme","2",1,TRUE,18.4839999999967
"5082","Y~X:Z",0.232708195037755,0.719257952659941,0.3,"MC-PLSc",12007,8179014,300,"ordinal","uniform","skewed","Extreme","2",1,TRUE,18.4839999999967
"5083","X~~Z",0.418475020710992,0.224707570445695,0.2,"MC-PLSc",12007,8179014,300,"ordinal","uniform","skewed","Extreme","2",1,TRUE,18.4839999999967
"5084","X=~x1",0.183384777561882,0.157888251512302,0.4,"PLSc",12007,8179014,300,"ordinal","uniform","skewed","Extreme","2",1,FALSE,1.29900000005728
"5085","X=~x2",0.609077151336987,0.142464031411222,0.8,"PLSc",12007,8179014,300,"ordinal","uniform","skewed","Extreme","2",1,FALSE,1.29900000005728
"5086","X=~x3",0.65283828004548,0.139984471800866,0.8,"PLSc",12007,8179014,300,"ordinal","uniform","skewed","Extreme","2",1,FALSE,1.29900000005728
"5087","Z=~z1",0.28883503391013,0.124506269726055,0.6,"PLSc",12007,8179014,300,"ordinal","uniform","skewed","Extreme","2",1,FALSE,1.29900000005728
"5088","Z=~z2",0.210631004077527,0.103657512986856,0.6,"PLSc",12007,8179014,300,"ordinal","uniform","skewed","Extreme","2",1,FALSE,1.29900000005728
"5089","Z=~z3",0.389059705888216,0.13682351906075,0.8,"PLSc",12007,8179014,300,"ordinal","uniform","skewed","Extreme","2",1,FALSE,1.29900000005728
"5090","Y=~y1",0.0510820238565245,0.135089626979124,0.4,"PLSc",12007,8179014,300,"ordinal","uniform","skewed","Extreme","2",1,FALSE,1.29900000005728
"5091","Y=~y2",0.557904205875752,0.103953298784076,0.7,"PLSc",12007,8179014,300,"ordinal","uniform","skewed","Extreme","2",1,FALSE,1.29900000005728
"5092","Y=~y3",0.866929923204494,0.118186680026002,0.9,"PLSc",12007,8179014,300,"ordinal","uniform","skewed","Extreme","2",1,FALSE,1.29900000005728
"5093","Y~X",0.266137126682124,9.97085001697703,0.4,"PLSc",12007,8179014,300,"ordinal","uniform","skewed","Extreme","2",1,FALSE,1.29900000005728
"5094","Y~Z",0.972513359914514,13.7907273736262,0.5,"PLSc",12007,8179014,300,"ordinal","uniform","skewed","Extreme","2",1,FALSE,1.29900000005728
"5095","Y~X:Z",-0.289115720387117,11.2439745473383,0.3,"PLSc",12007,8179014,300,"ordinal","uniform","skewed","Extreme","2",1,FALSE,1.29900000005728
"5096","X~~Z",0.380567572898992,0.211547331788625,0.2,"PLSc",12007,8179014,300,"ordinal","uniform","skewed","Extreme","2",1,FALSE,1.29900000005728
"5097","X=~x1",0.223274500883098,0.18743412282328,0.4,"PLS",12007,8179014,300,"ordinal","uniform","skewed","Extreme","2",1,TRUE,0.907000000006519
"5098","X=~x2",0.824064381598188,0.0803884810572423,0.8,"PLS",12007,8179014,300,"ordinal","uniform","skewed","Extreme","2",1,TRUE,0.907000000006519
"5099","X=~x3",0.846874918384799,0.0689823145939431,0.8,"PLS",12007,8179014,300,"ordinal","uniform","skewed","Extreme","2",1,TRUE,0.907000000006519
"5100","Z=~z1",0.589513720946011,0.180257140841557,0.6,"PLS",12007,8179014,300,"ordinal","uniform","skewed","Extreme","2",1,TRUE,0.907000000006519
"5101","Z=~z2",0.44120513180234,0.178984143243591,0.6,"PLS",12007,8179014,300,"ordinal","uniform","skewed","Extreme","2",1,TRUE,0.907000000006519
"5102","Z=~z3",0.789342388557583,0.106250144577924,0.8,"PLS",12007,8179014,300,"ordinal","uniform","skewed","Extreme","2",1,TRUE,0.907000000006519
"5103","Y=~y1",0.19413625991858,0.148983786082157,0.4,"PLS",12007,8179014,300,"ordinal","uniform","skewed","Extreme","2",1,TRUE,0.907000000006519
"5104","Y=~y2",0.784284436866244,0.0683435990881169,0.7,"PLS",12007,8179014,300,"ordinal","uniform","skewed","Extreme","2",1,TRUE,0.907000000006519
"5105","Y=~y3",0.914754737645886,0.034116109576342,0.9,"PLS",12007,8179014,300,"ordinal","uniform","skewed","Extreme","2",1,TRUE,0.907000000006519
"5106","Y~X",0.244835258584846,0.0681706510099789,0.4,"PLS",12007,8179014,300,"ordinal","uniform","skewed","Extreme","2",1,TRUE,0.907000000006519
"5107","Y~Z",0.279269158572907,0.0613367904316451,0.5,"PLS",12007,8179014,300,"ordinal","uniform","skewed","Extreme","2",1,TRUE,0.907000000006519
"5108","Y~X:Z",0.0731399286008539,0.0654317966704869,0.3,"PLS",12007,8179014,300,"ordinal","uniform","skewed","Extreme","2",1,TRUE,0.907000000006519
"5109","X~~Z",0.141243157311627,0.0680580032667014,0.2,"PLS",12007,8179014,300,"ordinal","uniform","skewed","Extreme","2",1,TRUE,0.907000000006519
"5110","X=~x1",0.169,0.119,0.4,"Mplus",12007,8179014,300,"ordinal","uniform","skewed","Extreme","2",1,TRUE,92.9510000000009
"5111","X=~x2",0.847,0.127,0.8,"Mplus",12007,8179014,300,"ordinal","uniform","skewed","Extreme","2",1,TRUE,92.9510000000009
"5112","X=~x3",0.796,0.125,0.8,"Mplus",12007,8179014,300,"ordinal","uniform","skewed","Extreme","2",1,TRUE,92.9510000000009
"5113","Z=~z1",0.42,0.15,0.6,"Mplus",12007,8179014,300,"ordinal","uniform","skewed","Extreme","2",1,TRUE,92.9510000000009
"5114","Z=~z2",0.302,0.153,0.6,"Mplus",12007,8179014,300,"ordinal","uniform","skewed","Extreme","2",1,TRUE,92.9510000000009
"5115","Z=~z3",0.541,0.231,0.8,"Mplus",12007,8179014,300,"ordinal","uniform","skewed","Extreme","2",1,TRUE,92.9510000000009
"5116","Y=~y1",0.242,0.122,0.4,"Mplus",12007,8179014,300,"ordinal","uniform","skewed","Extreme","2",1,TRUE,92.9510000000009
"5117","Y=~y2",0.752,0.211,0.7,"Mplus",12007,8179014,300,"ordinal","uniform","skewed","Extreme","2",1,TRUE,92.9510000000009
"5118","Y=~y3",0.992,0.026,0.9,"Mplus",12007,8179014,300,"ordinal","uniform","skewed","Extreme","2",1,TRUE,92.9510000000009
"5119","Y~X",0.242,0.241,0.4,"Mplus",12007,8179014,300,"ordinal","uniform","skewed","Extreme","2",1,TRUE,92.9510000000009
"5120","Y~Z",0.758,0.315,0.5,"Mplus",12007,8179014,300,"ordinal","uniform","skewed","Extreme","2",1,TRUE,92.9510000000009
"5121","Y~X:Z",-0.08,0.571,0.3,"Mplus",12007,8179014,300,"ordinal","uniform","skewed","Extreme","2",1,TRUE,92.9510000000009
"5122","X~~Z",0.456,0.264,0.2,"Mplus",12007,8179014,300,"ordinal","uniform","skewed","Extreme","2",1,TRUE,92.9510000000009
"5123","X=~x1",0.286185407760502,0.0673344485312455,0.4,"LSAM",12007,8179014,300,"ordinal","uniform","skewed","Extreme","2",1,TRUE,0.580000000016298
"5124","X=~x2",0.630976489354147,0.17044887785359,0.8,"LSAM",12007,8179014,300,"ordinal","uniform","skewed","Extreme","2",1,TRUE,0.580000000016298
"5125","X=~x3",0.635807941952287,0.17146833799828,0.8,"LSAM",12007,8179014,300,"ordinal","uniform","skewed","Extreme","2",1,TRUE,0.580000000016298
"5126","Z=~z1",0.303386179416609,0.465479291256019,0.6,"LSAM",12007,8179014,300,"ordinal","uniform","skewed","Extreme","2",1,TRUE,0.580000000016298
"5127","Z=~z2",0.161047405493865,0.29215492749312,0.6,"LSAM",12007,8179014,300,"ordinal","uniform","skewed","Extreme","2",1,TRUE,0.580000000016298
"5128","Z=~z3",0.478219657097998,0.808834058927134,0.8,"LSAM",12007,8179014,300,"ordinal","uniform","skewed","Extreme","2",1,TRUE,0.580000000016298
"5129","Y=~y1",0.301677286857089,0.0304870928513967,0.4,"LSAM",12007,8179014,300,"ordinal","uniform","skewed","Extreme","2",1,TRUE,0.580000000016298
"5130","Y=~y2",0.737192704368285,0.148876595897876,0.7,"LSAM",12007,8179014,300,"ordinal","uniform","skewed","Extreme","2",1,TRUE,0.580000000016298
"5131","Y=~y3",0.617490428747084,0.123929195074813,0.9,"LSAM",12007,8179014,300,"ordinal","uniform","skewed","Extreme","2",1,TRUE,0.580000000016298
"5132","Y~X",0.243336372501086,0.530784856506725,0.4,"LSAM",12007,8179014,300,"ordinal","uniform","skewed","Extreme","2",1,TRUE,0.580000000016298
"5133","Y~Z",0.677470258397715,3.47811218222145,0.5,"LSAM",12007,8179014,300,"ordinal","uniform","skewed","Extreme","2",1,TRUE,0.580000000016298
"5134","Y~X:Z",-0.11189144904412,1.91285294350532,0.3,"LSAM",12007,8179014,300,"ordinal","uniform","skewed","Extreme","2",1,TRUE,0.580000000016298
"5135","X~~Z",0.360956924293455,0.857364842630786,0.2,"LSAM",12007,8179014,300,"ordinal","uniform","skewed","Extreme","2",1,TRUE,0.580000000016298
"5136","X=~x1",0.378125398346274,0.0834222113705396,0.4,"MC-PLSc",12008,9713913,1000,"ordinal","uniform","skewed","Extreme","2",1,TRUE,15.6760000000359
"5137","X=~x2",0.750211124925673,0.0650233121732399,0.8,"MC-PLSc",12008,9713913,1000,"ordinal","uniform","skewed","Extreme","2",1,TRUE,15.6760000000359
"5138","X=~x3",0.836947611735281,0.0655768193289892,0.8,"MC-PLSc",12008,9713913,1000,"ordinal","uniform","skewed","Extreme","2",1,TRUE,15.6760000000359
"5139","Z=~z1",0.546013583010133,0.09867191062306,0.6,"MC-PLSc",12008,9713913,1000,"ordinal","uniform","skewed","Extreme","2",1,TRUE,15.6760000000359
"5140","Z=~z2",0.647008216660721,0.0905994556555881,0.6,"MC-PLSc",12008,9713913,1000,"ordinal","uniform","skewed","Extreme","2",1,TRUE,15.6760000000359
"5141","Z=~z3",0.730278056670022,0.116325726385601,0.8,"MC-PLSc",12008,9713913,1000,"ordinal","uniform","skewed","Extreme","2",1,TRUE,15.6760000000359
"5142","Y=~y1",0.362124590481807,0.0864958112601603,0.4,"MC-PLSc",12008,9713913,1000,"ordinal","uniform","skewed","Extreme","2",1,TRUE,15.6760000000359
"5143","Y=~y2",0.70306175690032,0.0527040621714664,0.7,"MC-PLSc",12008,9713913,1000,"ordinal","uniform","skewed","Extreme","2",1,TRUE,15.6760000000359
"5144","Y=~y3",0.918165030456315,0.0649814373020747,0.9,"MC-PLSc",12008,9713913,1000,"ordinal","uniform","skewed","Extreme","2",1,TRUE,15.6760000000359
"5145","Y~X",0.349610056504315,0.127445348829138,0.4,"MC-PLSc",12008,9713913,1000,"ordinal","uniform","skewed","Extreme","2",1,TRUE,15.6760000000359
"5146","Y~Z",0.410656045896126,0.0917525274619924,0.5,"MC-PLSc",12008,9713913,1000,"ordinal","uniform","skewed","Extreme","2",1,TRUE,15.6760000000359
"5147","Y~X:Z",0.372520633224887,0.261412250058818,0.3,"MC-PLSc",12008,9713913,1000,"ordinal","uniform","skewed","Extreme","2",1,TRUE,15.6760000000359
"5148","X~~Z",0.172661576493883,0.0795731481265823,0.2,"MC-PLSc",12008,9713913,1000,"ordinal","uniform","skewed","Extreme","2",1,TRUE,15.6760000000359
"5149","X=~x1",0.234770134301593,0.0836466885198999,0.4,"PLSc",12008,9713913,1000,"ordinal","uniform","skewed","Extreme","2",1,TRUE,1.37099999998463
"5150","X=~x2",0.573941501047628,0.0675487854288832,0.8,"PLSc",12008,9713913,1000,"ordinal","uniform","skewed","Extreme","2",1,TRUE,1.37099999998463
"5151","X=~x3",0.667216606020262,0.0744324809418375,0.8,"PLSc",12008,9713913,1000,"ordinal","uniform","skewed","Extreme","2",1,TRUE,1.37099999998463
"5152","Z=~z1",0.374317463424757,0.0838304228902752,0.6,"PLSc",12008,9713913,1000,"ordinal","uniform","skewed","Extreme","2",1,TRUE,1.37099999998463
"5153","Z=~z2",0.49828340317495,0.0812576381451269,0.6,"PLSc",12008,9713913,1000,"ordinal","uniform","skewed","Extreme","2",1,TRUE,1.37099999998463
"5154","Z=~z3",0.535499643246536,0.0803886511324915,0.8,"PLSc",12008,9713913,1000,"ordinal","uniform","skewed","Extreme","2",1,TRUE,1.37099999998463
"5155","Y=~y1",0.267749401600053,0.0702410155130424,0.4,"PLSc",12008,9713913,1000,"ordinal","uniform","skewed","Extreme","2",1,TRUE,1.37099999998463
"5156","Y=~y2",0.553440851327151,0.0583170304196885,0.7,"PLSc",12008,9713913,1000,"ordinal","uniform","skewed","Extreme","2",1,TRUE,1.37099999998463
"5157","Y=~y3",0.758694090055728,0.05916476192727,0.9,"PLSc",12008,9713913,1000,"ordinal","uniform","skewed","Extreme","2",1,TRUE,1.37099999998463
"5158","Y~X",0.343862052376491,0.0844792639385161,0.4,"PLSc",12008,9713913,1000,"ordinal","uniform","skewed","Extreme","2",1,TRUE,1.37099999998463
"5159","Y~Z",0.409381199281359,0.103540049674034,0.5,"PLSc",12008,9713913,1000,"ordinal","uniform","skewed","Extreme","2",1,TRUE,1.37099999998463
"5160","Y~X:Z",0.19639241855502,0.313696011879546,0.3,"PLSc",12008,9713913,1000,"ordinal","uniform","skewed","Extreme","2",1,TRUE,1.37099999998463
"5161","X~~Z",0.142289923643906,0.068544385767678,0.2,"PLSc",12008,9713913,1000,"ordinal","uniform","skewed","Extreme","2",1,TRUE,1.37099999998463
"5162","X=~x1",0.401858216498818,0.0844547807478748,0.4,"PLS",12008,9713913,1000,"ordinal","uniform","skewed","Extreme","2",1,TRUE,0.936000000045169
"5163","X=~x2",0.784131768462685,0.0423065956997989,0.8,"PLS",12008,9713913,1000,"ordinal","uniform","skewed","Extreme","2",1,TRUE,0.936000000045169
"5164","X=~x3",0.831624532651497,0.0382356107753327,0.8,"PLS",12008,9713913,1000,"ordinal","uniform","skewed","Extreme","2",1,TRUE,0.936000000045169
"5165","Z=~z1",0.60299193251531,0.0768386598549886,0.6,"PLS",12008,9713913,1000,"ordinal","uniform","skewed","Extreme","2",1,TRUE,0.936000000045169
"5166","Z=~z2",0.699316368393217,0.070659574475057,0.6,"PLS",12008,9713913,1000,"ordinal","uniform","skewed","Extreme","2",1,TRUE,0.936000000045169
"5167","Z=~z3",0.764600397028009,0.0518455225537431,0.8,"PLS",12008,9713913,1000,"ordinal","uniform","skewed","Extreme","2",1,TRUE,0.936000000045169
"5168","Y=~y1",0.402740153756781,0.0734334302207766,0.4,"PLS",12008,9713913,1000,"ordinal","uniform","skewed","Extreme","2",1,TRUE,0.936000000045169
"5169","Y=~y2",0.770609066223398,0.0354806266104133,0.7,"PLS",12008,9713913,1000,"ordinal","uniform","skewed","Extreme","2",1,TRUE,0.936000000045169
"5170","Y=~y3",0.873372071725717,0.0211707496755884,0.9,"PLS",12008,9713913,1000,"ordinal","uniform","skewed","Extreme","2",1,TRUE,0.936000000045169
"5171","Y~X",0.243749826914683,0.0360156617932442,0.4,"PLS",12008,9713913,1000,"ordinal","uniform","skewed","Extreme","2",1,TRUE,0.936000000045169
"5172","Y~Z",0.241334666019605,0.0333837635788135,0.5,"PLS",12008,9713913,1000,"ordinal","uniform","skewed","Extreme","2",1,TRUE,0.936000000045169
"5173","Y~X:Z",0.126425957972042,0.038764467904845,0.3,"PLS",12008,9713913,1000,"ordinal","uniform","skewed","Extreme","2",1,TRUE,0.936000000045169
"5174","X~~Z",0.0737188171005482,0.0353298736533105,0.2,"PLS",12008,9713913,1000,"ordinal","uniform","skewed","Extreme","2",1,TRUE,0.936000000045169
"5175","X=~x1",0.392,0.064,0.4,"Mplus",12008,9713913,1000,"ordinal","uniform","skewed","Extreme","2",1,TRUE,145.532999999996
"5176","X=~x2",0.759,0.063,0.8,"Mplus",12008,9713913,1000,"ordinal","uniform","skewed","Extreme","2",1,TRUE,145.532999999996
"5177","X=~x3",0.794,0.064,0.8,"Mplus",12008,9713913,1000,"ordinal","uniform","skewed","Extreme","2",1,TRUE,145.532999999996
"5178","Z=~z1",0.567,0.059,0.6,"Mplus",12008,9713913,1000,"ordinal","uniform","skewed","Extreme","2",1,TRUE,145.532999999996
"5179","Z=~z2",0.587,0.064,0.6,"Mplus",12008,9713913,1000,"ordinal","uniform","skewed","Extreme","2",1,TRUE,145.532999999996
"5180","Z=~z3",0.76,0.064,0.8,"Mplus",12008,9713913,1000,"ordinal","uniform","skewed","Extreme","2",1,TRUE,145.532999999996
"5181","Y=~y1",0.356,0.057,0.4,"Mplus",12008,9713913,1000,"ordinal","uniform","skewed","Extreme","2",1,TRUE,145.532999999996
"5182","Y=~y2",0.704,0.05,0.7,"Mplus",12008,9713913,1000,"ordinal","uniform","skewed","Extreme","2",1,TRUE,145.532999999996
"5183","Y=~y3",0.915,0.054,0.9,"Mplus",12008,9713913,1000,"ordinal","uniform","skewed","Extreme","2",1,TRUE,145.532999999996
"5184","Y~X",0.409,0.082,0.4,"Mplus",12008,9713913,1000,"ordinal","uniform","skewed","Extreme","2",1,TRUE,145.532999999996
"5185","Y~Z",0.432,0.082,0.5,"Mplus",12008,9713913,1000,"ordinal","uniform","skewed","Extreme","2",1,TRUE,145.532999999996
"5186","Y~X:Z",0.242,0.138,0.3,"Mplus",12008,9713913,1000,"ordinal","uniform","skewed","Extreme","2",1,TRUE,145.532999999996
"5187","X~~Z",0.174,0.077,0.2,"Mplus",12008,9713913,1000,"ordinal","uniform","skewed","Extreme","2",1,TRUE,145.532999999996
"5188","X=~x1",0.311044957329544,0.0431429371256108,0.4,"LSAM",12008,9713913,1000,"ordinal","uniform","skewed","Extreme","2",1,TRUE,0.538000000000466
"5189","X=~x2",0.645363014361978,0.105105237323719,0.8,"LSAM",12008,9713913,1000,"ordinal","uniform","skewed","Extreme","2",1,TRUE,0.538000000000466
"5190","X=~x3",0.558357597474109,0.0935800335713753,0.8,"LSAM",12008,9713913,1000,"ordinal","uniform","skewed","Extreme","2",1,TRUE,0.538000000000466
"5191","Z=~z1",0.416370328271156,0.167042080425331,0.6,"LSAM",12008,9713913,1000,"ordinal","uniform","skewed","Extreme","2",1,TRUE,0.538000000000466
"5192","Z=~z2",0.388780692138973,0.170024295815874,0.6,"LSAM",12008,9713913,1000,"ordinal","uniform","skewed","Extreme","2",1,TRUE,0.538000000000466
"5193","Z=~z3",0.619519049634824,0.210389282875454,0.8,"LSAM",12008,9713913,1000,"ordinal","uniform","skewed","Extreme","2",1,TRUE,0.538000000000466
"5194","Y=~y1",0.306966149520008,0.0168502558792871,0.4,"LSAM",12008,9713913,1000,"ordinal","uniform","skewed","Extreme","2",1,TRUE,0.538000000000466
"5195","Y=~y2",0.614327052740092,0.0725049590315941,0.7,"LSAM",12008,9713913,1000,"ordinal","uniform","skewed","Extreme","2",1,TRUE,0.538000000000466
"5196","Y=~y3",0.689044118874767,0.082198337010503,0.9,"LSAM",12008,9713913,1000,"ordinal","uniform","skewed","Extreme","2",1,TRUE,0.538000000000466
"5197","Y~X",0.364366008546669,0.0640520745914686,0.4,"LSAM",12008,9713913,1000,"ordinal","uniform","skewed","Extreme","2",1,TRUE,0.538000000000466
"5198","Y~Z",0.387505310490128,0.19589423236796,0.5,"LSAM",12008,9713913,1000,"ordinal","uniform","skewed","Extreme","2",1,TRUE,0.538000000000466
"5199","Y~X:Z",0.172696671443683,0.154485983810528,0.3,"LSAM",12008,9713913,1000,"ordinal","uniform","skewed","Extreme","2",1,TRUE,0.538000000000466
"5200","X~~Z",0.137040906412567,0.0740388397513999,0.2,"LSAM",12008,9713913,1000,"ordinal","uniform","skewed","Extreme","2",1,TRUE,0.538000000000466
"5201","X=~x1",0.31764737090239,0.104335977835219,0.4,"MC-PLSc",12009,6144630,300,"ordinal","uniform","skewed","Extreme","3",1,TRUE,14.9419999999809
"5202","X=~x2",0.783411510419333,0.0707417332259734,0.8,"MC-PLSc",12009,6144630,300,"ordinal","uniform","skewed","Extreme","3",1,TRUE,14.9419999999809
"5203","X=~x3",0.816093417150077,0.0711407961122039,0.8,"MC-PLSc",12009,6144630,300,"ordinal","uniform","skewed","Extreme","3",1,TRUE,14.9419999999809
"5204","Z=~z1",0.579852795774011,0.0933505744578879,0.6,"MC-PLSc",12009,6144630,300,"ordinal","uniform","skewed","Extreme","3",1,TRUE,14.9419999999809
"5205","Z=~z2",0.572136802790564,0.0936755674117442,0.6,"MC-PLSc",12009,6144630,300,"ordinal","uniform","skewed","Extreme","3",1,TRUE,14.9419999999809
"5206","Z=~z3",0.781563859688784,0.115341008580329,0.8,"MC-PLSc",12009,6144630,300,"ordinal","uniform","skewed","Extreme","3",1,TRUE,14.9419999999809
"5207","Y=~y1",0.496050038039681,0.0763194974410989,0.4,"MC-PLSc",12009,6144630,300,"ordinal","uniform","skewed","Extreme","3",1,TRUE,14.9419999999809
"5208","Y=~y2",0.766344657299682,0.0723468545033748,0.7,"MC-PLSc",12009,6144630,300,"ordinal","uniform","skewed","Extreme","3",1,TRUE,14.9419999999809
"5209","Y=~y3",0.920833005515247,0.064668369120395,0.9,"MC-PLSc",12009,6144630,300,"ordinal","uniform","skewed","Extreme","3",1,TRUE,14.9419999999809
"5210","Y~X",0.360921588411195,0.147773794736269,0.4,"MC-PLSc",12009,6144630,300,"ordinal","uniform","skewed","Extreme","3",1,TRUE,14.9419999999809
"5211","Y~Z",0.342031363266945,0.120721162812718,0.5,"MC-PLSc",12009,6144630,300,"ordinal","uniform","skewed","Extreme","3",1,TRUE,14.9419999999809
"5212","Y~X:Z",0.599592508070467,0.229296658906846,0.3,"MC-PLSc",12009,6144630,300,"ordinal","uniform","skewed","Extreme","3",1,TRUE,14.9419999999809
"5213","X~~Z",0.368957543683562,0.106375497215409,0.2,"MC-PLSc",12009,6144630,300,"ordinal","uniform","skewed","Extreme","3",1,TRUE,14.9419999999809
"5214","X=~x1",0.140293504593995,0.115780266926251,0.4,"PLSc",12009,6144630,300,"ordinal","uniform","skewed","Extreme","3",1,TRUE,1.29100000002654
"5215","X=~x2",0.691957520620885,0.0842526001485531,0.8,"PLSc",12009,6144630,300,"ordinal","uniform","skewed","Extreme","3",1,TRUE,1.29100000002654
"5216","X=~x3",0.717731264310662,0.0887869201735818,0.8,"PLSc",12009,6144630,300,"ordinal","uniform","skewed","Extreme","3",1,TRUE,1.29100000002654
"5217","Z=~z1",0.413304409679919,0.112144332673769,0.6,"PLSc",12009,6144630,300,"ordinal","uniform","skewed","Extreme","3",1,TRUE,1.29100000002654
"5218","Z=~z2",0.499979620624048,0.102754403538683,0.6,"PLSc",12009,6144630,300,"ordinal","uniform","skewed","Extreme","3",1,TRUE,1.29100000002654
"5219","Z=~z3",0.669736394088321,0.111864518780728,0.8,"PLSc",12009,6144630,300,"ordinal","uniform","skewed","Extreme","3",1,TRUE,1.29100000002654
"5220","Y=~y1",0.45990312777122,0.0930234531583872,0.4,"PLSc",12009,6144630,300,"ordinal","uniform","skewed","Extreme","3",1,TRUE,1.29100000002654
"5221","Y=~y2",0.653966837690542,0.0757126541043797,0.7,"PLSc",12009,6144630,300,"ordinal","uniform","skewed","Extreme","3",1,TRUE,1.29100000002654
"5222","Y=~y3",0.8479294362765,0.0695458652856694,0.9,"PLSc",12009,6144630,300,"ordinal","uniform","skewed","Extreme","3",1,TRUE,1.29100000002654
"5223","Y~X",0.334910326527337,0.549666912654596,0.4,"PLSc",12009,6144630,300,"ordinal","uniform","skewed","Extreme","3",1,TRUE,1.29100000002654
"5224","Y~Z",0.385333793895354,0.830785174999286,0.5,"PLSc",12009,6144630,300,"ordinal","uniform","skewed","Extreme","3",1,TRUE,1.29100000002654
"5225","Y~X:Z",0.430642278830945,2.33961333177661,0.3,"PLSc",12009,6144630,300,"ordinal","uniform","skewed","Extreme","3",1,TRUE,1.29100000002654
"5226","X~~Z",0.326828598679732,0.0991796969625254,0.2,"PLSc",12009,6144630,300,"ordinal","uniform","skewed","Extreme","3",1,TRUE,1.29100000002654
"5227","X=~x1",0.365807822986752,0.114572573504343,0.4,"PLS",12009,6144630,300,"ordinal","uniform","skewed","Extreme","3",1,TRUE,0.881000000052154
"5228","X=~x2",0.83714123089417,0.044333337267142,0.8,"PLS",12009,6144630,300,"ordinal","uniform","skewed","Extreme","3",1,TRUE,0.881000000052154
"5229","X=~x3",0.853825619914692,0.0350044057682245,0.8,"PLS",12009,6144630,300,"ordinal","uniform","skewed","Extreme","3",1,TRUE,0.881000000052154
"5230","Z=~z1",0.667233532634347,0.083430944719203,0.6,"PLS",12009,6144630,300,"ordinal","uniform","skewed","Extreme","3",1,TRUE,0.881000000052154
"5231","Z=~z2",0.653510827049005,0.0900531149119604,0.6,"PLS",12009,6144630,300,"ordinal","uniform","skewed","Extreme","3",1,TRUE,0.881000000052154
"5232","Z=~z3",0.823783196966207,0.0534579022399492,0.8,"PLS",12009,6144630,300,"ordinal","uniform","skewed","Extreme","3",1,TRUE,0.881000000052154
"5233","Y=~y1",0.599913368786798,0.0825735543894042,0.4,"PLS",12009,6144630,300,"ordinal","uniform","skewed","Extreme","3",1,TRUE,0.881000000052154
"5234","Y=~y2",0.825824576055971,0.0354053427254934,0.7,"PLS",12009,6144630,300,"ordinal","uniform","skewed","Extreme","3",1,TRUE,0.881000000052154
"5235","Y=~y3",0.886752549001122,0.0203630941165098,0.9,"PLS",12009,6144630,300,"ordinal","uniform","skewed","Extreme","3",1,TRUE,0.881000000052154
"5236","Y~X",0.32251287183806,0.0549932422758857,0.4,"PLS",12009,6144630,300,"ordinal","uniform","skewed","Extreme","3",1,TRUE,0.881000000052154
"5237","Y~Z",0.278159315326467,0.0496744222763991,0.5,"PLS",12009,6144630,300,"ordinal","uniform","skewed","Extreme","3",1,TRUE,0.881000000052154
"5238","Y~X:Z",0.200569292749902,0.0518515187455486,0.3,"PLS",12009,6144630,300,"ordinal","uniform","skewed","Extreme","3",1,TRUE,0.881000000052154
"5239","X~~Z",0.200671685044735,0.0566395584902069,0.2,"PLS",12009,6144630,300,"ordinal","uniform","skewed","Extreme","3",1,TRUE,0.881000000052154
"5240","X=~x1",0.388,0.079,0.4,"Mplus",12009,6144630,300,"ordinal","uniform","skewed","Extreme","3",1,TRUE,156.554000000004
"5241","X=~x2",0.771,0.077,0.8,"Mplus",12009,6144630,300,"ordinal","uniform","skewed","Extreme","3",1,TRUE,156.554000000004
"5242","X=~x3",0.79,0.079,0.8,"Mplus",12009,6144630,300,"ordinal","uniform","skewed","Extreme","3",1,TRUE,156.554000000004
"5243","Z=~z1",0.635,0.077,0.6,"Mplus",12009,6144630,300,"ordinal","uniform","skewed","Extreme","3",1,TRUE,156.554000000004
"5244","Z=~z2",0.502,0.076,0.6,"Mplus",12009,6144630,300,"ordinal","uniform","skewed","Extreme","3",1,TRUE,156.554000000004
"5245","Z=~z3",0.815,0.075,0.8,"Mplus",12009,6144630,300,"ordinal","uniform","skewed","Extreme","3",1,TRUE,156.554000000004
"5246","Y=~y1",0.484,0.081,0.4,"Mplus",12009,6144630,300,"ordinal","uniform","skewed","Extreme","3",1,TRUE,156.554000000004
"5247","Y=~y2",0.765,0.063,0.7,"Mplus",12009,6144630,300,"ordinal","uniform","skewed","Extreme","3",1,TRUE,156.554000000004
"5248","Y=~y3",0.947,0.061,0.9,"Mplus",12009,6144630,300,"ordinal","uniform","skewed","Extreme","3",1,TRUE,156.554000000004
"5249","Y~X",0.47,0.094,0.4,"Mplus",12009,6144630,300,"ordinal","uniform","skewed","Extreme","3",1,TRUE,156.554000000004
"5250","Y~Z",0.398,0.091,0.5,"Mplus",12009,6144630,300,"ordinal","uniform","skewed","Extreme","3",1,TRUE,156.554000000004
"5251","Y~X:Z",0.133,0.13,0.3,"Mplus",12009,6144630,300,"ordinal","uniform","skewed","Extreme","3",1,TRUE,156.554000000004
"5252","X~~Z",0.379,0.104,0.2,"Mplus",12009,6144630,300,"ordinal","uniform","skewed","Extreme","3",1,TRUE,156.554000000004
"5253","X=~x1",0.331244179753689,0.0711987352414683,0.4,"LSAM",12009,6144630,300,"ordinal","uniform","skewed","Extreme","3",1,TRUE,0.463999999978114
"5254","X=~x2",0.602450624375833,0.14310006346537,0.8,"LSAM",12009,6144630,300,"ordinal","uniform","skewed","Extreme","3",1,TRUE,0.463999999978114
"5255","X=~x3",0.742257681920053,0.160566707550403,0.8,"LSAM",12009,6144630,300,"ordinal","uniform","skewed","Extreme","3",1,TRUE,0.463999999978114
"5256","Z=~z1",0.560382257400881,0.067754329502662,0.6,"LSAM",12009,6144630,300,"ordinal","uniform","skewed","Extreme","3",1,TRUE,0.463999999978114
"5257","Z=~z2",0.372954457498691,0.0987846572612261,0.6,"LSAM",12009,6144630,300,"ordinal","uniform","skewed","Extreme","3",1,TRUE,0.463999999978114
"5258","Z=~z3",0.672360249885874,0.156114251790001,0.8,"LSAM",12009,6144630,300,"ordinal","uniform","skewed","Extreme","3",1,TRUE,0.463999999978114
"5259","Y=~y1",0.411836022758174,0.0272767474434988,0.4,"LSAM",12009,6144630,300,"ordinal","uniform","skewed","Extreme","3",1,TRUE,0.463999999978114
"5260","Y=~y2",0.727565643799423,0.0793621135048455,0.7,"LSAM",12009,6144630,300,"ordinal","uniform","skewed","Extreme","3",1,TRUE,0.463999999978114
"5261","Y=~y3",0.815355021456539,0.08454127296466,0.9,"LSAM",12009,6144630,300,"ordinal","uniform","skewed","Extreme","3",1,TRUE,0.463999999978114
"5262","Y~X",0.309109686744711,0.127560007185226,0.4,"LSAM",12009,6144630,300,"ordinal","uniform","skewed","Extreme","3",1,TRUE,0.463999999978114
"5263","Y~Z",0.408712864175603,0.171732824895736,0.5,"LSAM",12009,6144630,300,"ordinal","uniform","skewed","Extreme","3",1,TRUE,0.463999999978114
"5264","Y~X:Z",0.434947373595867,0.268621898288315,0.3,"LSAM",12009,6144630,300,"ordinal","uniform","skewed","Extreme","3",1,TRUE,0.463999999978114
"5265","X~~Z",0.3017140039076,0.111524078661401,0.2,"LSAM",12009,6144630,300,"ordinal","uniform","skewed","Extreme","3",1,TRUE,0.463999999978114
"5266","X=~x1",0.371073384979106,0.0568550202995727,0.4,"MC-PLSc",12010,4106264,1000,"ordinal","uniform","skewed","Extreme","3",1,TRUE,18.4560000000056
"5267","X=~x2",0.770641421240021,0.0495669753220402,0.8,"MC-PLSc",12010,4106264,1000,"ordinal","uniform","skewed","Extreme","3",1,TRUE,18.4560000000056
"5268","X=~x3",0.775229624940494,0.0425286545073401,0.8,"MC-PLSc",12010,4106264,1000,"ordinal","uniform","skewed","Extreme","3",1,TRUE,18.4560000000056
"5269","Z=~z1",0.567184445233063,0.0407469782385909,0.6,"MC-PLSc",12010,4106264,1000,"ordinal","uniform","skewed","Extreme","3",1,TRUE,18.4560000000056
"5270","Z=~z2",0.582914499440504,0.0544668748485619,0.6,"MC-PLSc",12010,4106264,1000,"ordinal","uniform","skewed","Extreme","3",1,TRUE,18.4560000000056
"5271","Z=~z3",0.851372247518902,0.0461709428378753,0.8,"MC-PLSc",12010,4106264,1000,"ordinal","uniform","skewed","Extreme","3",1,TRUE,18.4560000000056
"5272","Y=~y1",0.466174400715857,0.0496726441512938,0.4,"MC-PLSc",12010,4106264,1000,"ordinal","uniform","skewed","Extreme","3",1,TRUE,18.4560000000056
"5273","Y=~y2",0.721912653360104,0.0380549803291044,0.7,"MC-PLSc",12010,4106264,1000,"ordinal","uniform","skewed","Extreme","3",1,TRUE,18.4560000000056
"5274","Y=~y3",0.940695806885557,0.0343540531929827,0.9,"MC-PLSc",12010,4106264,1000,"ordinal","uniform","skewed","Extreme","3",1,TRUE,18.4560000000056
"5275","Y~X",0.370649135449221,0.0739745619504299,0.4,"MC-PLSc",12010,4106264,1000,"ordinal","uniform","skewed","Extreme","3",1,TRUE,18.4560000000056
"5276","Y~Z",0.448606338765556,0.0689787801937745,0.5,"MC-PLSc",12010,4106264,1000,"ordinal","uniform","skewed","Extreme","3",1,TRUE,18.4560000000056
"5277","Y~X:Z",0.600375474638507,0.128191952207561,0.3,"MC-PLSc",12010,4106264,1000,"ordinal","uniform","skewed","Extreme","3",1,TRUE,18.4560000000056
"5278","X~~Z",0.182449311211371,0.0622076332724001,0.2,"MC-PLSc",12010,4106264,1000,"ordinal","uniform","skewed","Extreme","3",1,TRUE,18.4560000000056
"5279","X=~x1",0.307533676513691,0.0640831890964353,0.4,"PLSc",12010,4106264,1000,"ordinal","uniform","skewed","Extreme","3",1,TRUE,1.38500000000931
"5280","X=~x2",0.647521532865773,0.0510018506895147,0.8,"PLSc",12010,4106264,1000,"ordinal","uniform","skewed","Extreme","3",1,TRUE,1.38500000000931
"5281","X=~x3",0.670006231418981,0.0567862584815539,0.8,"PLSc",12010,4106264,1000,"ordinal","uniform","skewed","Extreme","3",1,TRUE,1.38500000000931
"5282","Z=~z1",0.433976612845688,0.0625988218236723,0.6,"PLSc",12010,4106264,1000,"ordinal","uniform","skewed","Extreme","3",1,TRUE,1.38500000000931
"5283","Z=~z2",0.484974960598831,0.0605921385356939,0.6,"PLSc",12010,4106264,1000,"ordinal","uniform","skewed","Extreme","3",1,TRUE,1.38500000000931
"5284","Z=~z3",0.755827824061064,0.0580831803803253,0.8,"PLSc",12010,4106264,1000,"ordinal","uniform","skewed","Extreme","3",1,TRUE,1.38500000000931
"5285","Y=~y1",0.398874817186526,0.0469150909985514,0.4,"PLSc",12010,4106264,1000,"ordinal","uniform","skewed","Extreme","3",1,TRUE,1.38500000000931
"5286","Y=~y2",0.639718114201031,0.0377278598255497,0.7,"PLSc",12010,4106264,1000,"ordinal","uniform","skewed","Extreme","3",1,TRUE,1.38500000000931
"5287","Y=~y3",0.857970112437837,0.0318308420522899,0.9,"PLSc",12010,4106264,1000,"ordinal","uniform","skewed","Extreme","3",1,TRUE,1.38500000000931
"5288","Y~X",0.396703158502941,0.0533710046167699,0.4,"PLSc",12010,4106264,1000,"ordinal","uniform","skewed","Extreme","3",1,TRUE,1.38500000000931
"5289","Y~Z",0.475316523499832,0.0608718641002291,0.5,"PLSc",12010,4106264,1000,"ordinal","uniform","skewed","Extreme","3",1,TRUE,1.38500000000931
"5290","Y~X:Z",0.374019585255692,0.099886639305607,0.3,"PLSc",12010,4106264,1000,"ordinal","uniform","skewed","Extreme","3",1,TRUE,1.38500000000931
"5291","X~~Z",0.159728142541183,0.0512117002930007,0.2,"PLSc",12010,4106264,1000,"ordinal","uniform","skewed","Extreme","3",1,TRUE,1.38500000000931
"5292","X=~x1",0.440864024053161,0.0632372797707419,0.4,"PLS",12010,4106264,1000,"ordinal","uniform","skewed","Extreme","3",1,TRUE,0.940000000002328
"5293","X=~x2",0.826186254464694,0.0243891090682234,0.8,"PLS",12010,4106264,1000,"ordinal","uniform","skewed","Extreme","3",1,TRUE,0.940000000002328
"5294","X=~x3",0.8292328221611,0.0264098347987971,0.8,"PLS",12010,4106264,1000,"ordinal","uniform","skewed","Extreme","3",1,TRUE,0.940000000002328
"5295","Z=~z1",0.645639867248545,0.0468244203194509,0.6,"PLS",12010,4106264,1000,"ordinal","uniform","skewed","Extreme","3",1,TRUE,0.940000000002328
"5296","Z=~z2",0.6699639976787,0.0471295330357661,0.6,"PLS",12010,4106264,1000,"ordinal","uniform","skewed","Extreme","3",1,TRUE,0.940000000002328
"5297","Z=~z3",0.855773201835494,0.0227473737052606,0.8,"PLS",12010,4106264,1000,"ordinal","uniform","skewed","Extreme","3",1,TRUE,0.940000000002328
"5298","Y=~y1",0.561773814002174,0.0416158533224201,0.4,"PLS",12010,4106264,1000,"ordinal","uniform","skewed","Extreme","3",1,TRUE,0.940000000002328
"5299","Y=~y2",0.808181012429971,0.0204386878734619,0.7,"PLS",12010,4106264,1000,"ordinal","uniform","skewed","Extreme","3",1,TRUE,0.940000000002328
"5300","Y=~y3",0.892840773187347,0.00911310110206035,0.9,"PLS",12010,4106264,1000,"ordinal","uniform","skewed","Extreme","3",1,TRUE,0.940000000002328
"5301","Y~X",0.31498393752539,0.0275700502331012,0.4,"PLS",12010,4106264,1000,"ordinal","uniform","skewed","Extreme","3",1,TRUE,0.940000000002328
"5302","Y~Z",0.345771357339039,0.0282436127052451,0.5,"PLS",12010,4106264,1000,"ordinal","uniform","skewed","Extreme","3",1,TRUE,0.940000000002328
"5303","Y~X:Z",0.220690329037619,0.0293776216997597,0.3,"PLS",12010,4106264,1000,"ordinal","uniform","skewed","Extreme","3",1,TRUE,0.940000000002328
"5304","X~~Z",0.099660815797139,0.0312594151875274,0.2,"PLS",12010,4106264,1000,"ordinal","uniform","skewed","Extreme","3",1,TRUE,0.940000000002328
"5305","X=~x1",0.338,0.046,0.4,"Mplus",12010,4106264,1000,"ordinal","uniform","skewed","Extreme","3",1,TRUE,307.863000000012
"5306","X=~x2",0.79,0.042,0.8,"Mplus",12010,4106264,1000,"ordinal","uniform","skewed","Extreme","3",1,TRUE,307.863000000012
"5307","X=~x3",0.759,0.042,0.8,"Mplus",12010,4106264,1000,"ordinal","uniform","skewed","Extreme","3",1,TRUE,307.863000000012
"5308","Z=~z1",0.579,0.04,0.6,"Mplus",12010,4106264,1000,"ordinal","uniform","skewed","Extreme","3",1,TRUE,307.863000000012
"5309","Z=~z2",0.567,0.045,0.6,"Mplus",12010,4106264,1000,"ordinal","uniform","skewed","Extreme","3",1,TRUE,307.863000000012
"5310","Z=~z3",0.833,0.039,0.8,"Mplus",12010,4106264,1000,"ordinal","uniform","skewed","Extreme","3",1,TRUE,307.863000000012
"5311","Y=~y1",0.438,0.04,0.4,"Mplus",12010,4106264,1000,"ordinal","uniform","skewed","Extreme","3",1,TRUE,307.863000000012
"5312","Y=~y2",0.712,0.031,0.7,"Mplus",12010,4106264,1000,"ordinal","uniform","skewed","Extreme","3",1,TRUE,307.863000000012
"5313","Y=~y3",0.939,0.027,0.9,"Mplus",12010,4106264,1000,"ordinal","uniform","skewed","Extreme","3",1,TRUE,307.863000000012
"5314","Y~X",0.452,0.052,0.4,"Mplus",12010,4106264,1000,"ordinal","uniform","skewed","Extreme","3",1,TRUE,307.863000000012
"5315","Y~Z",0.503,0.054,0.5,"Mplus",12010,4106264,1000,"ordinal","uniform","skewed","Extreme","3",1,TRUE,307.863000000012
"5316","Y~X:Z",0.332,0.067,0.3,"Mplus",12010,4106264,1000,"ordinal","uniform","skewed","Extreme","3",1,TRUE,307.863000000012
"5317","X~~Z",0.179,0.057,0.2,"Mplus",12010,4106264,1000,"ordinal","uniform","skewed","Extreme","3",1,TRUE,307.863000000012
"5318","X=~x1",0.309080836888254,0.0369073698775003,0.4,"LSAM",12010,4106264,1000,"ordinal","uniform","skewed","Extreme","3",1,TRUE,0.446999999985565
"5319","X=~x2",0.713820133033332,0.0893156211613945,0.8,"LSAM",12010,4106264,1000,"ordinal","uniform","skewed","Extreme","3",1,TRUE,0.446999999985565
"5320","X=~x3",0.631178445925449,0.0828470510333349,0.8,"LSAM",12010,4106264,1000,"ordinal","uniform","skewed","Extreme","3",1,TRUE,0.446999999985565
"5321","Z=~z1",0.484671610923896,0.0279353394867728,0.6,"LSAM",12010,4106264,1000,"ordinal","uniform","skewed","Extreme","3",1,TRUE,0.446999999985565
"5322","Z=~z2",0.468214032858821,0.0523079715221995,0.6,"LSAM",12010,4106264,1000,"ordinal","uniform","skewed","Extreme","3",1,TRUE,0.446999999985565
"5323","Z=~z3",0.721377672105651,0.0739837795680388,0.8,"LSAM",12010,4106264,1000,"ordinal","uniform","skewed","Extreme","3",1,TRUE,0.446999999985565
"5324","Y=~y1",0.390302308303374,0.0145611760171642,0.4,"LSAM",12010,4106264,1000,"ordinal","uniform","skewed","Extreme","3",1,TRUE,0.446999999985565
"5325","Y=~y2",0.653548379160697,0.0455495087887965,0.7,"LSAM",12010,4106264,1000,"ordinal","uniform","skewed","Extreme","3",1,TRUE,0.446999999985565
"5326","Y=~y3",0.84989790994679,0.0546649482329834,0.9,"LSAM",12010,4106264,1000,"ordinal","uniform","skewed","Extreme","3",1,TRUE,0.446999999985565
"5327","Y~X",0.394100879962789,0.0537335072823112,0.4,"LSAM",12010,4106264,1000,"ordinal","uniform","skewed","Extreme","3",1,TRUE,0.446999999985565
"5328","Y~Z",0.482454582517101,0.108379989941286,0.5,"LSAM",12010,4106264,1000,"ordinal","uniform","skewed","Extreme","3",1,TRUE,0.446999999985565
"5329","Y~X:Z",0.387864598332595,0.0828406656943283,0.3,"LSAM",12010,4106264,1000,"ordinal","uniform","skewed","Extreme","3",1,TRUE,0.446999999985565
"5330","X~~Z",0.154858971666421,0.0539096649565339,0.2,"LSAM",12010,4106264,1000,"ordinal","uniform","skewed","Extreme","3",1,TRUE,0.446999999985565
"5331","X=~x1",0.307718179814054,0.0971525438790821,0.4,"MC-PLSc",12011,9183229,300,"ordinal","uniform","skewed","Extreme","5",1,TRUE,15.9679999999935
"5332","X=~x2",0.798138772842157,0.0838043312452455,0.8,"MC-PLSc",12011,9183229,300,"ordinal","uniform","skewed","Extreme","5",1,TRUE,15.9679999999935
"5333","X=~x3",0.803812785186705,0.0785626119644515,0.8,"MC-PLSc",12011,9183229,300,"ordinal","uniform","skewed","Extreme","5",1,TRUE,15.9679999999935
"5334","Z=~z1",0.591731732760618,0.0745575472870475,0.6,"MC-PLSc",12011,9183229,300,"ordinal","uniform","skewed","Extreme","5",1,TRUE,15.9679999999935
"5335","Z=~z2",0.611695239375097,0.0772458530907902,0.6,"MC-PLSc",12011,9183229,300,"ordinal","uniform","skewed","Extreme","5",1,TRUE,15.9679999999935
"5336","Z=~z3",0.897373588678487,0.0551797009775835,0.8,"MC-PLSc",12011,9183229,300,"ordinal","uniform","skewed","Extreme","5",1,TRUE,15.9679999999935
"5337","Y=~y1",0.377118290352902,0.0847484166148653,0.4,"MC-PLSc",12011,9183229,300,"ordinal","uniform","skewed","Extreme","5",1,TRUE,15.9679999999935
"5338","Y=~y2",0.694709883569225,0.0628742354506102,0.7,"MC-PLSc",12011,9183229,300,"ordinal","uniform","skewed","Extreme","5",1,TRUE,15.9679999999935
"5339","Y=~y3",0.918076398567066,0.0530392655693267,0.9,"MC-PLSc",12011,9183229,300,"ordinal","uniform","skewed","Extreme","5",1,TRUE,15.9679999999935
"5340","Y~X",0.385320435005038,0.0882012702631588,0.4,"MC-PLSc",12011,9183229,300,"ordinal","uniform","skewed","Extreme","5",1,TRUE,15.9679999999935
"5341","Y~Z",0.49998101648928,0.0807015384870733,0.5,"MC-PLSc",12011,9183229,300,"ordinal","uniform","skewed","Extreme","5",1,TRUE,15.9679999999935
"5342","Y~X:Z",0.154841448055206,0.12854669960515,0.3,"MC-PLSc",12011,9183229,300,"ordinal","uniform","skewed","Extreme","5",1,TRUE,15.9679999999935
"5343","X~~Z",0.162070714855508,0.0899251520836825,0.2,"MC-PLSc",12011,9183229,300,"ordinal","uniform","skewed","Extreme","5",1,TRUE,15.9679999999935
"5344","X=~x1",0.235156960705287,0.138293790393695,0.4,"PLSc",12011,9183229,300,"ordinal","uniform","skewed","Extreme","5",1,TRUE,1.27600000001257
"5345","X=~x2",0.748344132441901,0.0870718113845326,0.8,"PLSc",12011,9183229,300,"ordinal","uniform","skewed","Extreme","5",1,TRUE,1.27600000001257
"5346","X=~x3",0.75922429734217,0.0798888802885301,0.8,"PLSc",12011,9183229,300,"ordinal","uniform","skewed","Extreme","5",1,TRUE,1.27600000001257
"5347","Z=~z1",0.529824140868845,0.0987364876874061,0.6,"PLSc",12011,9183229,300,"ordinal","uniform","skewed","Extreme","5",1,TRUE,1.27600000001257
"5348","Z=~z2",0.547322097002704,0.0908280801047315,0.6,"PLSc",12011,9183229,300,"ordinal","uniform","skewed","Extreme","5",1,TRUE,1.27600000001257
"5349","Z=~z3",0.839154774273342,0.0757181762808576,0.8,"PLSc",12011,9183229,300,"ordinal","uniform","skewed","Extreme","5",1,TRUE,1.27600000001257
"5350","Y=~y1",0.330460710162509,0.0972277088366711,0.4,"PLSc",12011,9183229,300,"ordinal","uniform","skewed","Extreme","5",1,TRUE,1.27600000001257
"5351","Y=~y2",0.621553715963038,0.0635049413666313,0.7,"PLSc",12011,9183229,300,"ordinal","uniform","skewed","Extreme","5",1,TRUE,1.27600000001257
"5352","Y=~y3",0.884568926381089,0.0579512666075884,0.9,"PLSc",12011,9183229,300,"ordinal","uniform","skewed","Extreme","5",1,TRUE,1.27600000001257
"5353","Y~X",0.369639145185004,0.0782987743513912,0.4,"PLSc",12011,9183229,300,"ordinal","uniform","skewed","Extreme","5",1,TRUE,1.27600000001257
"5354","Y~Z",0.474008758158539,0.0784757951451197,0.5,"PLSc",12011,9183229,300,"ordinal","uniform","skewed","Extreme","5",1,TRUE,1.27600000001257
"5355","Y~X:Z",0.151182438891583,0.0944608564773591,0.3,"PLSc",12011,9183229,300,"ordinal","uniform","skewed","Extreme","5",1,TRUE,1.27600000001257
"5356","X~~Z",0.147195609813699,0.0819555773244954,0.2,"PLSc",12011,9183229,300,"ordinal","uniform","skewed","Extreme","5",1,TRUE,1.27600000001257
"5357","X=~x1",0.40160658967774,0.11447707422384,0.4,"PLS",12011,9183229,300,"ordinal","uniform","skewed","Extreme","5",1,TRUE,0.893999999971129
"5358","X=~x2",0.866751193910253,0.0324953772411942,0.8,"PLS",12011,9183229,300,"ordinal","uniform","skewed","Extreme","5",1,TRUE,0.893999999971129
"5359","X=~x3",0.866696215505667,0.0325290184289296,0.8,"PLS",12011,9183229,300,"ordinal","uniform","skewed","Extreme","5",1,TRUE,0.893999999971129
"5360","Z=~z1",0.710346543840808,0.0593233645100558,0.6,"PLS",12011,9183229,300,"ordinal","uniform","skewed","Extreme","5",1,TRUE,0.893999999971129
"5361","Z=~z2",0.721437361207309,0.0549184666392867,0.6,"PLS",12011,9183229,300,"ordinal","uniform","skewed","Extreme","5",1,TRUE,0.893999999971129
"5362","Z=~z3",0.876349710336248,0.0229072815374634,0.8,"PLS",12011,9183229,300,"ordinal","uniform","skewed","Extreme","5",1,TRUE,0.893999999971129
"5363","Y=~y1",0.497583036317502,0.0909912257319124,0.4,"PLS",12011,9183229,300,"ordinal","uniform","skewed","Extreme","5",1,TRUE,0.893999999971129
"5364","Y=~y2",0.811019170199243,0.0353388476818915,0.7,"PLS",12011,9183229,300,"ordinal","uniform","skewed","Extreme","5",1,TRUE,0.893999999971129
"5365","Y=~y3",0.897175511741792,0.0180100825081721,0.9,"PLS",12011,9183229,300,"ordinal","uniform","skewed","Extreme","5",1,TRUE,0.893999999971129
"5366","Y~X",0.291521329779418,0.0511849267018637,0.4,"PLS",12011,9183229,300,"ordinal","uniform","skewed","Extreme","5",1,TRUE,0.893999999971129
"5367","Y~Z",0.365830272882981,0.0501752126344982,0.5,"PLS",12011,9183229,300,"ordinal","uniform","skewed","Extreme","5",1,TRUE,0.893999999971129
"5368","Y~X:Z",0.106721739646269,0.0509669153174415,0.3,"PLS",12011,9183229,300,"ordinal","uniform","skewed","Extreme","5",1,TRUE,0.893999999971129
"5369","X~~Z",0.106740604640285,0.0584350970092843,0.2,"PLS",12011,9183229,300,"ordinal","uniform","skewed","Extreme","5",1,TRUE,0.893999999971129
"5370","X=~x1",0.274,0.076,0.4,"Mplus",12011,9183229,300,"ordinal","uniform","skewed","Extreme","5",1,TRUE,228.840999999957
"5371","X=~x2",0.757,0.08,0.8,"Mplus",12011,9183229,300,"ordinal","uniform","skewed","Extreme","5",1,TRUE,228.840999999957
"5372","X=~x3",0.815,0.081,0.8,"Mplus",12011,9183229,300,"ordinal","uniform","skewed","Extreme","5",1,TRUE,228.840999999957
"5373","Z=~z1",0.574,0.062,0.6,"Mplus",12011,9183229,300,"ordinal","uniform","skewed","Extreme","5",1,TRUE,228.840999999957
"5374","Z=~z2",0.588,0.061,0.6,"Mplus",12011,9183229,300,"ordinal","uniform","skewed","Extreme","5",1,TRUE,228.840999999957
"5375","Z=~z3",0.881,0.061,0.8,"Mplus",12011,9183229,300,"ordinal","uniform","skewed","Extreme","5",1,TRUE,228.840999999957
"5376","Y=~y1",0.29,0.076,0.4,"Mplus",12011,9183229,300,"ordinal","uniform","skewed","Extreme","5",1,TRUE,228.840999999957
"5377","Y=~y2",0.663,0.058,0.7,"Mplus",12011,9183229,300,"ordinal","uniform","skewed","Extreme","5",1,TRUE,228.840999999957
"5378","Y=~y3",0.904,0.056,0.9,"Mplus",12011,9183229,300,"ordinal","uniform","skewed","Extreme","5",1,TRUE,228.840999999957
"5379","Y~X",0.423,0.08,0.4,"Mplus",12011,9183229,300,"ordinal","uniform","skewed","Extreme","5",1,TRUE,228.840999999957
"5380","Y~Z",0.496,0.074,0.5,"Mplus",12011,9183229,300,"ordinal","uniform","skewed","Extreme","5",1,TRUE,228.840999999957
"5381","Y~X:Z",0.103,0.111,0.3,"Mplus",12011,9183229,300,"ordinal","uniform","skewed","Extreme","5",1,TRUE,228.840999999957
"5382","X~~Z",0.117,0.093,0.2,"Mplus",12011,9183229,300,"ordinal","uniform","skewed","Extreme","5",1,TRUE,228.840999999957
"5383","X=~x1",0.313330159240661,0.0620845891556815,0.4,"LSAM",12011,9183229,300,"ordinal","uniform","skewed","Extreme","5",1,TRUE,0.442999999970198
"5384","X=~x2",0.769784788772192,0.137154628975039,0.8,"LSAM",12011,9183229,300,"ordinal","uniform","skewed","Extreme","5",1,TRUE,0.442999999970198
"5385","X=~x3",0.702918656117862,0.133270138325069,0.8,"LSAM",12011,9183229,300,"ordinal","uniform","skewed","Extreme","5",1,TRUE,0.442999999970198
"5386","Z=~z1",0.550436782453943,0.0537386389046308,0.6,"LSAM",12011,9183229,300,"ordinal","uniform","skewed","Extreme","5",1,TRUE,0.442999999970198
"5387","Z=~z2",0.557201597272369,0.0828700166336336,0.6,"LSAM",12011,9183229,300,"ordinal","uniform","skewed","Extreme","5",1,TRUE,0.442999999970198
"5388","Z=~z3",0.806503572012937,0.093393605470461,0.8,"LSAM",12011,9183229,300,"ordinal","uniform","skewed","Extreme","5",1,TRUE,0.442999999970198
"5389","Y=~y1",0.355378013110921,0.0263780153505643,0.4,"LSAM",12011,9183229,300,"ordinal","uniform","skewed","Extreme","5",1,TRUE,0.442999999970198
"5390","Y=~y2",0.712591126120564,0.10089983536932,0.7,"LSAM",12011,9183229,300,"ordinal","uniform","skewed","Extreme","5",1,TRUE,0.442999999970198
"5391","Y=~y3",0.762421954847634,0.106503105803806,0.9,"LSAM",12011,9183229,300,"ordinal","uniform","skewed","Extreme","5",1,TRUE,0.442999999970198
"5392","Y~X",0.377897916102924,0.0794003513293114,0.4,"LSAM",12011,9183229,300,"ordinal","uniform","skewed","Extreme","5",1,TRUE,0.442999999970198
"5393","Y~Z",0.515667489076621,0.0846119117731357,0.5,"LSAM",12011,9183229,300,"ordinal","uniform","skewed","Extreme","5",1,TRUE,0.442999999970198
"5394","Y~X:Z",0.185483029064667,0.0824573144772967,0.3,"LSAM",12011,9183229,300,"ordinal","uniform","skewed","Extreme","5",1,TRUE,0.442999999970198
"5395","X~~Z",0.136591214048113,0.0807593449181285,0.2,"LSAM",12011,9183229,300,"ordinal","uniform","skewed","Extreme","5",1,TRUE,0.442999999970198
"5396","X=~x1",0.40569685172664,0.0421821565918985,0.4,"MC-PLSc",12012,8827752,1000,"ordinal","uniform","skewed","Extreme","5",1,TRUE,19.8040000000037
"5397","X=~x2",0.784535317941516,0.0358025170216703,0.8,"MC-PLSc",12012,8827752,1000,"ordinal","uniform","skewed","Extreme","5",1,TRUE,19.8040000000037
"5398","X=~x3",0.855507541968,0.0350564492360597,0.8,"MC-PLSc",12012,8827752,1000,"ordinal","uniform","skewed","Extreme","5",1,TRUE,19.8040000000037
"5399","Z=~z1",0.614010266378817,0.0384930736653985,0.6,"MC-PLSc",12012,8827752,1000,"ordinal","uniform","skewed","Extreme","5",1,TRUE,19.8040000000037
"5400","Z=~z2",0.630839359482564,0.0356436559184722,0.6,"MC-PLSc",12012,8827752,1000,"ordinal","uniform","skewed","Extreme","5",1,TRUE,19.8040000000037
"5401","Z=~z3",0.852324386084279,0.0327052082208952,0.8,"MC-PLSc",12012,8827752,1000,"ordinal","uniform","skewed","Extreme","5",1,TRUE,19.8040000000037
"5402","Y=~y1",0.442062516390011,0.0378339044987296,0.4,"MC-PLSc",12012,8827752,1000,"ordinal","uniform","skewed","Extreme","5",1,TRUE,19.8040000000037
"5403","Y=~y2",0.732829759284756,0.0262506564723276,0.7,"MC-PLSc",12012,8827752,1000,"ordinal","uniform","skewed","Extreme","5",1,TRUE,19.8040000000037
"5404","Y=~y3",0.938657910438236,0.0212720115729593,0.9,"MC-PLSc",12012,8827752,1000,"ordinal","uniform","skewed","Extreme","5",1,TRUE,19.8040000000037
"5405","Y~X",0.372511003746633,0.0515698794371072,0.4,"MC-PLSc",12012,8827752,1000,"ordinal","uniform","skewed","Extreme","5",1,TRUE,19.8040000000037
"5406","Y~Z",0.526009267060088,0.0422705449347989,0.5,"MC-PLSc",12012,8827752,1000,"ordinal","uniform","skewed","Extreme","5",1,TRUE,19.8040000000037
"5407","Y~X:Z",0.318939267200908,0.0682159290630949,0.3,"MC-PLSc",12012,8827752,1000,"ordinal","uniform","skewed","Extreme","5",1,TRUE,19.8040000000037
"5408","X~~Z",0.184262115982529,0.0499607207705547,0.2,"MC-PLSc",12012,8827752,1000,"ordinal","uniform","skewed","Extreme","5",1,TRUE,19.8040000000037
"5409","X=~x1",0.348409569724931,0.0643211761626529,0.4,"PLSc",12012,8827752,1000,"ordinal","uniform","skewed","Extreme","5",1,TRUE,1.3760000000475
"5410","X=~x2",0.721011303118871,0.0423445974056019,0.8,"PLSc",12012,8827752,1000,"ordinal","uniform","skewed","Extreme","5",1,TRUE,1.3760000000475
"5411","X=~x3",0.803074573934399,0.0463371694482342,0.8,"PLSc",12012,8827752,1000,"ordinal","uniform","skewed","Extreme","5",1,TRUE,1.3760000000475
"5412","Z=~z1",0.578780905126484,0.0447523036892328,0.6,"PLSc",12012,8827752,1000,"ordinal","uniform","skewed","Extreme","5",1,TRUE,1.3760000000475
"5413","Z=~z2",0.536895151903278,0.0456922205922014,0.6,"PLSc",12012,8827752,1000,"ordinal","uniform","skewed","Extreme","5",1,TRUE,1.3760000000475
"5414","Z=~z3",0.7881609600341,0.0385008591318202,0.8,"PLSc",12012,8827752,1000,"ordinal","uniform","skewed","Extreme","5",1,TRUE,1.3760000000475
"5415","Y=~y1",0.409546488255223,0.0443739098332183,0.4,"PLSc",12012,8827752,1000,"ordinal","uniform","skewed","Extreme","5",1,TRUE,1.3760000000475
"5416","Y=~y2",0.679078899968245,0.034436044766687,0.7,"PLSc",12012,8827752,1000,"ordinal","uniform","skewed","Extreme","5",1,TRUE,1.3760000000475
"5417","Y=~y3",0.88812891151605,0.0275689933804874,0.9,"PLSc",12012,8827752,1000,"ordinal","uniform","skewed","Extreme","5",1,TRUE,1.3760000000475
"5418","Y~X",0.374213303475408,0.0395572664020221,0.4,"PLSc",12012,8827752,1000,"ordinal","uniform","skewed","Extreme","5",1,TRUE,1.3760000000475
"5419","Y~Z",0.500696131407862,0.0362391173146725,0.5,"PLSc",12012,8827752,1000,"ordinal","uniform","skewed","Extreme","5",1,TRUE,1.3760000000475
"5420","Y~X:Z",0.23102372913296,0.0499465428961181,0.3,"PLSc",12012,8827752,1000,"ordinal","uniform","skewed","Extreme","5",1,TRUE,1.3760000000475
"5421","X~~Z",0.169166146428979,0.045589132976734,0.2,"PLSc",12012,8827752,1000,"ordinal","uniform","skewed","Extreme","5",1,TRUE,1.3760000000475
"5422","X=~x1",0.512567679040851,0.050077072605804,0.4,"PLS",12012,8827752,1000,"ordinal","uniform","skewed","Extreme","5",1,TRUE,0.942999999970198
"5423","X=~x2",0.851009945242634,0.0164161174445694,0.8,"PLS",12012,8827752,1000,"ordinal","uniform","skewed","Extreme","5",1,TRUE,0.942999999970198
"5424","X=~x3",0.877036037204659,0.015088840943721,0.8,"PLS",12012,8827752,1000,"ordinal","uniform","skewed","Extreme","5",1,TRUE,0.942999999970198
"5425","Z=~z1",0.718996218463667,0.0279856939484116,0.6,"PLS",12012,8827752,1000,"ordinal","uniform","skewed","Extreme","5",1,TRUE,0.942999999970198
"5426","Z=~z2",0.733025848800384,0.026179231469812,0.6,"PLS",12012,8827752,1000,"ordinal","uniform","skewed","Extreme","5",1,TRUE,0.942999999970198
"5427","Z=~z3",0.859646880397452,0.0131607234564275,0.8,"PLS",12012,8827752,1000,"ordinal","uniform","skewed","Extreme","5",1,TRUE,0.942999999970198
"5428","Y=~y1",0.563575157272889,0.0390834593551594,0.4,"PLS",12012,8827752,1000,"ordinal","uniform","skewed","Extreme","5",1,TRUE,0.942999999970198
"5429","Y=~y2",0.836269441374764,0.0163731088269294,0.7,"PLS",12012,8827752,1000,"ordinal","uniform","skewed","Extreme","5",1,TRUE,0.942999999970198
"5430","Y=~y3",0.903787069616316,0.00784569065818695,0.9,"PLS",12012,8827752,1000,"ordinal","uniform","skewed","Extreme","5",1,TRUE,0.942999999970198
"5431","Y~X",0.31295413615605,0.0268429364561745,0.4,"PLS",12012,8827752,1000,"ordinal","uniform","skewed","Extreme","5",1,TRUE,0.942999999970198
"5432","Y~Z",0.391841364130326,0.0254182555931735,0.5,"PLS",12012,8827752,1000,"ordinal","uniform","skewed","Extreme","5",1,TRUE,0.942999999970198
"5433","Y~X:Z",0.174460734732717,0.0253977563670472,0.3,"PLS",12012,8827752,1000,"ordinal","uniform","skewed","Extreme","5",1,TRUE,0.942999999970198
"5434","X~~Z",0.121655419039394,0.0332220920178081,0.2,"PLS",12012,8827752,1000,"ordinal","uniform","skewed","Extreme","5",1,TRUE,0.942999999970198
"5435","X=~x1",0.403,0.035,0.4,"Mplus",12012,8827752,1000,"ordinal","uniform","skewed","Extreme","5",1,TRUE,745.529000000039
"5436","X=~x2",0.764,0.03,0.8,"Mplus",12012,8827752,1000,"ordinal","uniform","skewed","Extreme","5",1,TRUE,745.529000000039
"5437","X=~x3",0.841,0.031,0.8,"Mplus",12012,8827752,1000,"ordinal","uniform","skewed","Extreme","5",1,TRUE,745.529000000039
"5438","Z=~z1",0.58,0.035,0.6,"Mplus",12012,8827752,1000,"ordinal","uniform","skewed","Extreme","5",1,TRUE,745.529000000039
"5439","Z=~z2",0.619,0.033,0.6,"Mplus",12012,8827752,1000,"ordinal","uniform","skewed","Extreme","5",1,TRUE,745.529000000039
"5440","Z=~z3",0.824,0.03,0.8,"Mplus",12012,8827752,1000,"ordinal","uniform","skewed","Extreme","5",1,TRUE,745.529000000039
"5441","Y=~y1",0.418,0.034,0.4,"Mplus",12012,8827752,1000,"ordinal","uniform","skewed","Extreme","5",1,TRUE,745.529000000039
"5442","Y=~y2",0.716,0.026,0.7,"Mplus",12012,8827752,1000,"ordinal","uniform","skewed","Extreme","5",1,TRUE,745.529000000039
"5443","Y=~y3",0.922,0.023,0.9,"Mplus",12012,8827752,1000,"ordinal","uniform","skewed","Extreme","5",1,TRUE,745.529000000039
"5444","Y~X",0.384,0.042,0.4,"Mplus",12012,8827752,1000,"ordinal","uniform","skewed","Extreme","5",1,TRUE,745.529000000039
"5445","Y~Z",0.538,0.039,0.5,"Mplus",12012,8827752,1000,"ordinal","uniform","skewed","Extreme","5",1,TRUE,745.529000000039
"5446","Y~X:Z",0.275,0.062,0.3,"Mplus",12012,8827752,1000,"ordinal","uniform","skewed","Extreme","5",1,TRUE,745.529000000039
"5447","X~~Z",0.191,0.045,0.2,"Mplus",12012,8827752,1000,"ordinal","uniform","skewed","Extreme","5",1,TRUE,745.529000000039
"5448","X=~x1",0.36295851749263,0.0319278448033417,0.4,"LSAM",12012,8827752,1000,"ordinal","uniform","skewed","Extreme","5",1,TRUE,0.429999999993015
"5449","X=~x2",0.741098027277497,0.0604337012408935,0.8,"LSAM",12012,8827752,1000,"ordinal","uniform","skewed","Extreme","5",1,TRUE,0.429999999993015
"5450","X=~x3",0.770896213055136,0.0608142678733053,0.8,"LSAM",12012,8827752,1000,"ordinal","uniform","skewed","Extreme","5",1,TRUE,0.429999999993015
"5451","Z=~z1",0.520788134098899,0.0251264453620428,0.6,"LSAM",12012,8827752,1000,"ordinal","uniform","skewed","Extreme","5",1,TRUE,0.429999999993015
"5452","Z=~z2",0.60095090991721,0.0446116232038806,0.6,"LSAM",12012,8827752,1000,"ordinal","uniform","skewed","Extreme","5",1,TRUE,0.429999999993015
"5453","Z=~z3",0.785712959257946,0.0499554251116424,0.8,"LSAM",12012,8827752,1000,"ordinal","uniform","skewed","Extreme","5",1,TRUE,0.429999999993015
"5454","Y=~y1",0.392613122638258,0.0146925075119022,0.4,"LSAM",12012,8827752,1000,"ordinal","uniform","skewed","Extreme","5",1,TRUE,0.429999999993015
"5455","Y=~y2",0.703027072707862,0.0422377308049759,0.7,"LSAM",12012,8827752,1000,"ordinal","uniform","skewed","Extreme","5",1,TRUE,0.429999999993015
"5456","Y=~y3",0.876177225729677,0.0472545449038686,0.9,"LSAM",12012,8827752,1000,"ordinal","uniform","skewed","Extreme","5",1,TRUE,0.429999999993015
"5457","Y~X",0.376935025052268,0.0401476671051491,0.4,"LSAM",12012,8827752,1000,"ordinal","uniform","skewed","Extreme","5",1,TRUE,0.429999999993015
"5458","Y~Z",0.494331193313136,0.0395622575338579,0.5,"LSAM",12012,8827752,1000,"ordinal","uniform","skewed","Extreme","5",1,TRUE,0.429999999993015
"5459","Y~X:Z",0.193301858426467,0.0433451488438973,0.3,"LSAM",12012,8827752,1000,"ordinal","uniform","skewed","Extreme","5",1,TRUE,0.429999999993015
"5460","X~~Z",0.187215698771909,0.04372437198053,0.2,"LSAM",12012,8827752,1000,"ordinal","uniform","skewed","Extreme","5",1,TRUE,0.429999999993015
