"","par","est","se","true","method","id","seed","n","type","dist.exo","dist.zeta","skew","ncat","model.id","admissible","time"
"1","X=~x1",0.49426376940981,0.0640394996815353,0.4,"MC-PLSc",7393,3150281,300,"continuous","normal","normal","Symmetric",NA,1,TRUE,6.52800000004936
"2","X=~x2",0.717453486948645,0.0601436406252664,0.8,"MC-PLSc",7393,3150281,300,"continuous","normal","normal","Symmetric",NA,1,TRUE,6.52800000004936
"3","X=~x3",0.699351883451239,0.0654376537826639,0.8,"MC-PLSc",7393,3150281,300,"continuous","normal","normal","Symmetric",NA,1,TRUE,6.52800000004936
"4","Z=~z1",0.643985463995768,0.0519419076272525,0.6,"MC-PLSc",7393,3150281,300,"continuous","normal","normal","Symmetric",NA,1,TRUE,6.52800000004936
"5","Z=~z2",0.542504422124512,0.0804084371925301,0.6,"MC-PLSc",7393,3150281,300,"continuous","normal","normal","Symmetric",NA,1,TRUE,6.52800000004936
"6","Z=~z3",0.796956932278936,0.0607621410460195,0.8,"MC-PLSc",7393,3150281,300,"continuous","normal","normal","Symmetric",NA,1,TRUE,6.52800000004936
"7","Y=~y1",0.403725249558702,0.0599975438237218,0.4,"MC-PLSc",7393,3150281,300,"continuous","normal","normal","Symmetric",NA,1,TRUE,6.52800000004936
"8","Y=~y2",0.652715285449559,0.0478523375202115,0.7,"MC-PLSc",7393,3150281,300,"continuous","normal","normal","Symmetric",NA,1,TRUE,6.52800000004936
"9","Y=~y3",0.909189956250606,0.0444589180532569,0.9,"MC-PLSc",7393,3150281,300,"continuous","normal","normal","Symmetric",NA,1,TRUE,6.52800000004936
"10","Y~X",0.462894627289105,0.0699871919385987,0.4,"MC-PLSc",7393,3150281,300,"continuous","normal","normal","Symmetric",NA,1,TRUE,6.52800000004936
"11","Y~Z",0.381743711527854,0.0675514047779913,0.5,"MC-PLSc",7393,3150281,300,"continuous","normal","normal","Symmetric",NA,1,TRUE,6.52800000004936
"12","Y~X:Z",0.240723375417475,0.0879984436628138,0.3,"MC-PLSc",7393,3150281,300,"continuous","normal","normal","Symmetric",NA,1,TRUE,6.52800000004936
"13","X~~Z",0.210702781998958,0.0856897194350422,0.2,"MC-PLSc",7393,3150281,300,"continuous","normal","normal","Symmetric",NA,1,TRUE,6.52800000004936
"14","X=~x1",0.570138012020167,0.0808556238774924,0.4,"PLSc",7393,3150281,300,"continuous","normal","normal","Symmetric",NA,1,TRUE,1.3179999999702
"15","X=~x2",0.68333588936404,0.0877528333056737,0.8,"PLSc",7393,3150281,300,"continuous","normal","normal","Symmetric",NA,1,TRUE,1.3179999999702
"16","X=~x3",0.647095031376803,0.0787445490754595,0.8,"PLSc",7393,3150281,300,"continuous","normal","normal","Symmetric",NA,1,TRUE,1.3179999999702
"17","Z=~z1",0.648751178537481,0.0802048265772255,0.6,"PLSc",7393,3150281,300,"continuous","normal","normal","Symmetric",NA,1,TRUE,1.3179999999702
"18","Z=~z2",0.539026293500965,0.110959245098241,0.6,"PLSc",7393,3150281,300,"continuous","normal","normal","Symmetric",NA,1,TRUE,1.3179999999702
"19","Z=~z3",0.79204086257439,0.0732216907533352,0.8,"PLSc",7393,3150281,300,"continuous","normal","normal","Symmetric",NA,1,TRUE,1.3179999999702
"20","Y=~y1",0.437343361077393,0.0882470589122692,0.4,"PLSc",7393,3150281,300,"continuous","normal","normal","Symmetric",NA,1,TRUE,1.3179999999702
"21","Y=~y2",0.657106228093593,0.065259483326328,0.7,"PLSc",7393,3150281,300,"continuous","normal","normal","Symmetric",NA,1,TRUE,1.3179999999702
"22","Y=~y3",0.865168068939131,0.051161164938427,0.9,"PLSc",7393,3150281,300,"continuous","normal","normal","Symmetric",NA,1,TRUE,1.3179999999702
"23","Y~X",0.485503633946415,0.0892275372985581,0.4,"PLSc",7393,3150281,300,"continuous","normal","normal","Symmetric",NA,1,TRUE,1.3179999999702
"24","Y~Z",0.370946702695772,0.0807947989468853,0.5,"PLSc",7393,3150281,300,"continuous","normal","normal","Symmetric",NA,1,TRUE,1.3179999999702
"25","Y~X:Z",0.236450197128809,0.138631512127073,0.3,"PLSc",7393,3150281,300,"continuous","normal","normal","Symmetric",NA,1,TRUE,1.3179999999702
"26","X~~Z",0.215037775938992,0.0832251658327151,0.2,"PLSc",7393,3150281,300,"continuous","normal","normal","Symmetric",NA,1,TRUE,1.3179999999702
"27","X=~x1",0.661727024796567,0.0558487941952614,0.4,"PLS",7393,3150281,300,"continuous","normal","normal","Symmetric",NA,1,TRUE,0.89100000000326
"28","X=~x2",0.830021893351405,0.0336952066168096,0.8,"PLS",7393,3150281,300,"continuous","normal","normal","Symmetric",NA,1,TRUE,0.89100000000326
"29","X=~x3",0.820905791475341,0.0355482204494081,0.8,"PLS",7393,3150281,300,"continuous","normal","normal","Symmetric",NA,1,TRUE,0.89100000000326
"30","Z=~z1",0.787048611241976,0.0377847078544366,0.6,"PLS",7393,3150281,300,"continuous","normal","normal","Symmetric",NA,1,TRUE,0.89100000000326
"31","Z=~z2",0.703590458807989,0.064240597377655,0.6,"PLS",7393,3150281,300,"continuous","normal","normal","Symmetric",NA,1,TRUE,0.89100000000326
"32","Z=~z3",0.863156162885387,0.0239046565483211,0.8,"PLS",7393,3150281,300,"continuous","normal","normal","Symmetric",NA,1,TRUE,0.89100000000326
"33","Y=~y1",0.569307421983975,0.0709844029378307,0.4,"PLS",7393,3150281,300,"continuous","normal","normal","Symmetric",NA,1,TRUE,0.89100000000326
"34","Y=~y2",0.816044566297654,0.0320871917582738,0.7,"PLS",7393,3150281,300,"continuous","normal","normal","Symmetric",NA,1,TRUE,0.89100000000326
"35","Y=~y3",0.90878205536092,0.0120590038922643,0.9,"PLS",7393,3150281,300,"continuous","normal","normal","Symmetric",NA,1,TRUE,0.89100000000326
"36","Y~X",0.356100233653697,0.0522744694354592,0.4,"PLS",7393,3150281,300,"continuous","normal","normal","Symmetric",NA,1,TRUE,0.89100000000326
"37","Y~Z",0.310241682928252,0.0519944980621288,0.5,"PLS",7393,3150281,300,"continuous","normal","normal","Symmetric",NA,1,TRUE,0.89100000000326
"38","Y~X:Z",0.155342514381172,0.0548206902426112,0.3,"PLS",7393,3150281,300,"continuous","normal","normal","Symmetric",NA,1,TRUE,0.89100000000326
"39","X~~Z",0.150110133879885,0.0591397952347902,0.2,"PLS",7393,3150281,300,"continuous","normal","normal","Symmetric",NA,1,TRUE,0.89100000000326
"40","X=~x1",0.411,0.059,0.4,"Mplus",7393,3150281,300,"continuous","normal","normal","Symmetric",NA,1,TRUE,2.40999999997439
"41","X=~x2",0.751,0.051,0.8,"Mplus",7393,3150281,300,"continuous","normal","normal","Symmetric",NA,1,TRUE,2.40999999997439
"42","X=~x3",0.756,0.059,0.8,"Mplus",7393,3150281,300,"continuous","normal","normal","Symmetric",NA,1,TRUE,2.40999999997439
"43","Z=~z1",0.632,0.048,0.6,"Mplus",7393,3150281,300,"continuous","normal","normal","Symmetric",NA,1,TRUE,2.40999999997439
"44","Z=~z2",0.536,0.057,0.6,"Mplus",7393,3150281,300,"continuous","normal","normal","Symmetric",NA,1,TRUE,2.40999999997439
"45","Z=~z3",0.808,0.048,0.8,"Mplus",7393,3150281,300,"continuous","normal","normal","Symmetric",NA,1,TRUE,2.40999999997439
"46","Y=~y1",0.391,0.056,0.4,"Mplus",7393,3150281,300,"continuous","normal","normal","Symmetric",NA,1,TRUE,2.40999999997439
"47","Y=~y2",0.668,0.047,0.7,"Mplus",7393,3150281,300,"continuous","normal","normal","Symmetric",NA,1,TRUE,2.40999999997439
"48","Y=~y3",0.917,0.041,0.9,"Mplus",7393,3150281,300,"continuous","normal","normal","Symmetric",NA,1,TRUE,2.40999999997439
"49","Y~X",0.42,0.064,0.4,"Mplus",7393,3150281,300,"continuous","normal","normal","Symmetric",NA,1,TRUE,2.40999999997439
"50","Y~Z",0.4,0.068,0.5,"Mplus",7393,3150281,300,"continuous","normal","normal","Symmetric",NA,1,TRUE,2.40999999997439
"51","Y~X:Z",0.254,0.096,0.3,"Mplus",7393,3150281,300,"continuous","normal","normal","Symmetric",NA,1,TRUE,2.40999999997439
"52","X~~Z",0.191,0.081,0.2,"Mplus",7393,3150281,300,"continuous","normal","normal","Symmetric",NA,1,TRUE,2.40999999997439
"53","X=~x1",0.404845377581446,0.0565767346292006,0.4,"LSAM",7393,3150281,300,"continuous","normal","normal","Symmetric",NA,1,TRUE,0.610000000044238
"54","X=~x2",0.749884535062071,0.0993226325551617,0.8,"LSAM",7393,3150281,300,"continuous","normal","normal","Symmetric",NA,1,TRUE,0.610000000044238
"55","X=~x3",0.759223318086917,0.0994683088911738,0.8,"LSAM",7393,3150281,300,"continuous","normal","normal","Symmetric",NA,1,TRUE,0.610000000044238
"56","Z=~z1",0.634601246625158,0.0401975625232616,0.6,"LSAM",7393,3150281,300,"continuous","normal","normal","Symmetric",NA,1,TRUE,0.610000000044238
"57","Z=~z2",0.541543620187881,0.0694016259794593,0.6,"LSAM",7393,3150281,300,"continuous","normal","normal","Symmetric",NA,1,TRUE,0.610000000044238
"58","Z=~z3",0.804630615426233,0.0792539007530481,0.8,"LSAM",7393,3150281,300,"continuous","normal","normal","Symmetric",NA,1,TRUE,0.610000000044238
"59","Y=~y1",0.364939757242686,0.0212408006685613,0.4,"LSAM",7393,3150281,300,"continuous","normal","normal","Symmetric",NA,1,TRUE,0.610000000044238
"60","Y=~y2",0.613816439691686,0.0713479016709618,0.7,"LSAM",7393,3150281,300,"continuous","normal","normal","Symmetric",NA,1,TRUE,0.610000000044238
"61","Y=~y3",1,0.0947191601195884,0.9,"LSAM",7393,3150281,300,"continuous","normal","normal","Symmetric",NA,1,TRUE,0.610000000044238
"62","Y~X",0.397259759622741,0.0685196299450676,0.4,"LSAM",7393,3150281,300,"continuous","normal","normal","Symmetric",NA,1,TRUE,0.610000000044238
"63","Y~Z",0.349143391087244,0.070727361356448,0.5,"LSAM",7393,3150281,300,"continuous","normal","normal","Symmetric",NA,1,TRUE,0.610000000044238
"64","Y~X:Z",0.205371354543142,0.0790487022880622,0.3,"LSAM",7393,3150281,300,"continuous","normal","normal","Symmetric",NA,1,TRUE,0.610000000044238
"65","X~~Z",0.197536681182918,0.0797610112043359,0.2,"LSAM",7393,3150281,300,"continuous","normal","normal","Symmetric",NA,1,TRUE,0.610000000044238
"66","X=~x1",0.399844920810762,0.0353024632568874,0.4,"MC-PLSc",7394,2957594,1000,"continuous","normal","normal","Symmetric",NA,1,TRUE,6.94000000000233
"67","X=~x2",0.815245700739686,0.0252188846563928,0.8,"MC-PLSc",7394,2957594,1000,"continuous","normal","normal","Symmetric",NA,1,TRUE,6.94000000000233
"68","X=~x3",0.790011339052376,0.0261207275502132,0.8,"MC-PLSc",7394,2957594,1000,"continuous","normal","normal","Symmetric",NA,1,TRUE,6.94000000000233
"69","Z=~z1",0.571950245478156,0.0309494901096443,0.6,"MC-PLSc",7394,2957594,1000,"continuous","normal","normal","Symmetric",NA,1,TRUE,6.94000000000233
"70","Z=~z2",0.630849059710318,0.0288094588222144,0.6,"MC-PLSc",7394,2957594,1000,"continuous","normal","normal","Symmetric",NA,1,TRUE,6.94000000000233
"71","Z=~z3",0.793096805135494,0.0281816638409154,0.8,"MC-PLSc",7394,2957594,1000,"continuous","normal","normal","Symmetric",NA,1,TRUE,6.94000000000233
"72","Y=~y1",0.400950829513735,0.032159224779146,0.4,"MC-PLSc",7394,2957594,1000,"continuous","normal","normal","Symmetric",NA,1,TRUE,6.94000000000233
"73","Y=~y2",0.706047209924386,0.0214085881222434,0.7,"MC-PLSc",7394,2957594,1000,"continuous","normal","normal","Symmetric",NA,1,TRUE,6.94000000000233
"74","Y=~y3",0.906231657462141,0.0204535328449299,0.9,"MC-PLSc",7394,2957594,1000,"continuous","normal","normal","Symmetric",NA,1,TRUE,6.94000000000233
"75","Y~X",0.426067175659024,0.0332363800278207,0.4,"MC-PLSc",7394,2957594,1000,"continuous","normal","normal","Symmetric",NA,1,TRUE,6.94000000000233
"76","Y~Z",0.441945475996038,0.0339129478332515,0.5,"MC-PLSc",7394,2957594,1000,"continuous","normal","normal","Symmetric",NA,1,TRUE,6.94000000000233
"77","Y~X:Z",0.251929960335495,0.0325544862605468,0.3,"MC-PLSc",7394,2957594,1000,"continuous","normal","normal","Symmetric",NA,1,TRUE,6.94000000000233
"78","X~~Z",0.204108367564894,0.0441031353363708,0.2,"MC-PLSc",7394,2957594,1000,"continuous","normal","normal","Symmetric",NA,1,TRUE,6.94000000000233
"79","X=~x1",0.401208926087698,0.0574069915694527,0.4,"PLSc",7394,2957594,1000,"continuous","normal","normal","Symmetric",NA,1,TRUE,1.35499999998137
"80","X=~x2",0.802482628853583,0.0341747217679213,0.8,"PLSc",7394,2957594,1000,"continuous","normal","normal","Symmetric",NA,1,TRUE,1.35499999998137
"81","X=~x3",0.79887235985492,0.0350541837440746,0.8,"PLSc",7394,2957594,1000,"continuous","normal","normal","Symmetric",NA,1,TRUE,1.35499999998137
"82","Z=~z1",0.570095272111565,0.047624631525167,0.6,"PLSc",7394,2957594,1000,"continuous","normal","normal","Symmetric",NA,1,TRUE,1.35499999998137
"83","Z=~z2",0.629205275392445,0.04042806179118,0.6,"PLSc",7394,2957594,1000,"continuous","normal","normal","Symmetric",NA,1,TRUE,1.35499999998137
"84","Z=~z3",0.795254423855231,0.0368964536567209,0.8,"PLSc",7394,2957594,1000,"continuous","normal","normal","Symmetric",NA,1,TRUE,1.35499999998137
"85","Y=~y1",0.385263002153501,0.0454328068782533,0.4,"PLSc",7394,2957594,1000,"continuous","normal","normal","Symmetric",NA,1,TRUE,1.35499999998137
"86","Y=~y2",0.701446096233758,0.0251502971086748,0.7,"PLSc",7394,2957594,1000,"continuous","normal","normal","Symmetric",NA,1,TRUE,1.35499999998137
"87","Y=~y3",0.920839101703335,0.0264772462743855,0.9,"PLSc",7394,2957594,1000,"continuous","normal","normal","Symmetric",NA,1,TRUE,1.35499999998137
"88","Y~X",0.42439147303484,0.0354083800116076,0.4,"PLSc",7394,2957594,1000,"continuous","normal","normal","Symmetric",NA,1,TRUE,1.35499999998137
"89","Y~Z",0.440122839363273,0.0365614340068757,0.5,"PLSc",7394,2957594,1000,"continuous","normal","normal","Symmetric",NA,1,TRUE,1.35499999998137
"90","Y~X:Z",0.2298452283911,0.0356819430926557,0.3,"PLSc",7394,2957594,1000,"continuous","normal","normal","Symmetric",NA,1,TRUE,1.35499999998137
"91","X~~Z",0.205949803482641,0.0443602552150076,0.2,"PLSc",7394,2957594,1000,"continuous","normal","normal","Symmetric",NA,1,TRUE,1.35499999998137
"92","X=~x1",0.55822997655295,0.0412892249570075,0.4,"PLS",7394,2957594,1000,"continuous","normal","normal","Symmetric",NA,1,TRUE,0.97199999995064
"93","X=~x2",0.886121540822233,0.010043465609986,0.8,"PLS",7394,2957594,1000,"continuous","normal","normal","Symmetric",NA,1,TRUE,0.97199999995064
"94","X=~x3",0.877941586459552,0.0115469406086591,0.8,"PLS",7394,2957594,1000,"continuous","normal","normal","Symmetric",NA,1,TRUE,0.97199999995064
"95","Z=~z1",0.729977814524183,0.0253468275979499,0.6,"PLS",7394,2957594,1000,"continuous","normal","normal","Symmetric",NA,1,TRUE,0.97199999995064
"96","Z=~z2",0.776022936607903,0.0187011662068019,0.6,"PLS",7394,2957594,1000,"continuous","normal","normal","Symmetric",NA,1,TRUE,0.97199999995064
"97","Z=~z3",0.859865100430576,0.012166272367671,0.8,"PLS",7394,2957594,1000,"continuous","normal","normal","Symmetric",NA,1,TRUE,0.97199999995064
"98","Y=~y1",0.563714635216948,0.0363402563215098,0.4,"PLS",7394,2957594,1000,"continuous","normal","normal","Symmetric",NA,1,TRUE,0.97199999995064
"99","Y=~y2",0.846341287752552,0.0113594814164484,0.7,"PLS",7394,2957594,1000,"continuous","normal","normal","Symmetric",NA,1,TRUE,0.97199999995064
"100","Y=~y3",0.910672270333226,0.00647745785971264,0.9,"PLS",7394,2957594,1000,"continuous","normal","normal","Symmetric",NA,1,TRUE,0.97199999995064
"101","Y~X",0.355100903409743,0.0242639377191905,0.4,"PLS",7394,2957594,1000,"continuous","normal","normal","Symmetric",NA,1,TRUE,0.97199999995064
"102","Y~Z",0.350995535856799,0.0249974318257347,0.5,"PLS",7394,2957594,1000,"continuous","normal","normal","Symmetric",NA,1,TRUE,0.97199999995064
"103","Y~X:Z",0.172554792853728,0.0229454643980699,0.3,"PLS",7394,2957594,1000,"continuous","normal","normal","Symmetric",NA,1,TRUE,0.97199999995064
"104","X~~Z",0.154761401348785,0.033610569786871,0.2,"PLS",7394,2957594,1000,"continuous","normal","normal","Symmetric",NA,1,TRUE,0.97199999995064
"105","X=~x1",0.397,0.032,0.4,"Mplus",7394,2957594,1000,"continuous","normal","normal","Symmetric",NA,1,TRUE,7.56699999998091
"106","X=~x2",0.823,0.023,0.8,"Mplus",7394,2957594,1000,"continuous","normal","normal","Symmetric",NA,1,TRUE,7.56699999998091
"107","X=~x3",0.781,0.023,0.8,"Mplus",7394,2957594,1000,"continuous","normal","normal","Symmetric",NA,1,TRUE,7.56699999998091
"108","Z=~z1",0.565,0.027,0.6,"Mplus",7394,2957594,1000,"continuous","normal","normal","Symmetric",NA,1,TRUE,7.56699999998091
"109","Z=~z2",0.62,0.025,0.6,"Mplus",7394,2957594,1000,"continuous","normal","normal","Symmetric",NA,1,TRUE,7.56699999998091
"110","Z=~z3",0.805,0.025,0.8,"Mplus",7394,2957594,1000,"continuous","normal","normal","Symmetric",NA,1,TRUE,7.56699999998091
"111","Y=~y1",0.404,0.03,0.4,"Mplus",7394,2957594,1000,"continuous","normal","normal","Symmetric",NA,1,TRUE,7.56699999998091
"112","Y=~y2",0.695,0.02,0.7,"Mplus",7394,2957594,1000,"continuous","normal","normal","Symmetric",NA,1,TRUE,7.56699999998091
"113","Y=~y3",0.909,0.018,0.9,"Mplus",7394,2957594,1000,"continuous","normal","normal","Symmetric",NA,1,TRUE,7.56699999998091
"114","Y~X",0.421,0.032,0.4,"Mplus",7394,2957594,1000,"continuous","normal","normal","Symmetric",NA,1,TRUE,7.56699999998091
"115","Y~Z",0.462,0.03,0.5,"Mplus",7394,2957594,1000,"continuous","normal","normal","Symmetric",NA,1,TRUE,7.56699999998091
"116","Y~X:Z",0.267,0.029,0.3,"Mplus",7394,2957594,1000,"continuous","normal","normal","Symmetric",NA,1,TRUE,7.56699999998091
"117","X~~Z",0.205,0.043,0.2,"Mplus",7394,2957594,1000,"continuous","normal","normal","Symmetric",NA,1,TRUE,7.56699999998091
"118","X=~x1",0.398653765698513,0.0309777588358617,0.4,"LSAM",7394,2957594,1000,"continuous","normal","normal","Symmetric",NA,1,TRUE,0.458999999973457
"119","X=~x2",0.840207333751252,0.0475275442031727,0.8,"LSAM",7394,2957594,1000,"continuous","normal","normal","Symmetric",NA,1,TRUE,0.458999999973457
"120","X=~x3",0.764587414792774,0.0487946491096952,0.8,"LSAM",7394,2957594,1000,"continuous","normal","normal","Symmetric",NA,1,TRUE,0.458999999973457
"121","Z=~z1",0.576371670957305,0.0210943074637115,0.6,"LSAM",7394,2957594,1000,"continuous","normal","normal","Symmetric",NA,1,TRUE,0.458999999973457
"122","Z=~z2",0.633439820952708,0.0387222735413553,0.6,"LSAM",7394,2957594,1000,"continuous","normal","normal","Symmetric",NA,1,TRUE,0.458999999973457
"123","Z=~z3",0.784463551210756,0.0414382413266241,0.8,"LSAM",7394,2957594,1000,"continuous","normal","normal","Symmetric",NA,1,TRUE,0.458999999973457
"124","Y=~y1",0.415784157100643,0.0138605044972056,0.4,"LSAM",7394,2957594,1000,"continuous","normal","normal","Symmetric",NA,1,TRUE,0.458999999973457
"125","Y=~y2",0.719696212347456,0.0391425105066651,0.7,"LSAM",7394,2957594,1000,"continuous","normal","normal","Symmetric",NA,1,TRUE,0.458999999973457
"126","Y=~y3",0.874034419113217,0.0427908065527049,0.9,"LSAM",7394,2957594,1000,"continuous","normal","normal","Symmetric",NA,1,TRUE,0.458999999973457
"127","Y~X",0.423839398152332,0.0338946620489999,0.4,"LSAM",7394,2957594,1000,"continuous","normal","normal","Symmetric",NA,1,TRUE,0.458999999973457
"128","Y~Z",0.46745817325047,0.0413108440830424,0.5,"LSAM",7394,2957594,1000,"continuous","normal","normal","Symmetric",NA,1,TRUE,0.458999999973457
"129","Y~X:Z",0.251970131880308,0.0351698501146202,0.3,"LSAM",7394,2957594,1000,"continuous","normal","normal","Symmetric",NA,1,TRUE,0.458999999973457
"130","X~~Z",0.208716618969493,0.0426820290575601,0.2,"LSAM",7394,2957594,1000,"continuous","normal","normal","Symmetric",NA,1,TRUE,0.458999999973457
"131","X=~x1",0.390437953746647,0.0787697906709869,0.4,"MC-PLSc",7395,5815470,300,"continuous","skewed","normal","Symmetric",NA,1,TRUE,6.27899999998044
"132","X=~x2",0.770548221453985,0.068033047863929,0.8,"MC-PLSc",7395,5815470,300,"continuous","skewed","normal","Symmetric",NA,1,TRUE,6.27899999998044
"133","X=~x3",0.735156962704415,0.0588270848419237,0.8,"MC-PLSc",7395,5815470,300,"continuous","skewed","normal","Symmetric",NA,1,TRUE,6.27899999998044
"134","Z=~z1",0.6518760353058,0.0547360325413348,0.6,"MC-PLSc",7395,5815470,300,"continuous","skewed","normal","Symmetric",NA,1,TRUE,6.27899999998044
"135","Z=~z2",0.64531470482944,0.0471110039532627,0.6,"MC-PLSc",7395,5815470,300,"continuous","skewed","normal","Symmetric",NA,1,TRUE,6.27899999998044
"136","Z=~z3",0.825729037131282,0.0365191293951207,0.8,"MC-PLSc",7395,5815470,300,"continuous","skewed","normal","Symmetric",NA,1,TRUE,6.27899999998044
"137","Y=~y1",0.44877752384355,0.0642249084892244,0.4,"MC-PLSc",7395,5815470,300,"continuous","skewed","normal","Symmetric",NA,1,TRUE,6.27899999998044
"138","Y=~y2",0.577780743202339,0.0584478540193157,0.7,"MC-PLSc",7395,5815470,300,"continuous","skewed","normal","Symmetric",NA,1,TRUE,6.27899999998044
"139","Y=~y3",0.904071478463972,0.0372384319633868,0.9,"MC-PLSc",7395,5815470,300,"continuous","skewed","normal","Symmetric",NA,1,TRUE,6.27899999998044
"140","Y~X",0.435117200930758,0.0540197261861967,0.4,"MC-PLSc",7395,5815470,300,"continuous","skewed","normal","Symmetric",NA,1,TRUE,6.27899999998044
"141","Y~Z",0.586217735607001,0.0684138039174509,0.5,"MC-PLSc",7395,5815470,300,"continuous","skewed","normal","Symmetric",NA,1,TRUE,6.27899999998044
"142","Y~X:Z",0.45025227426471,0.0872342083085525,0.3,"MC-PLSc",7395,5815470,300,"continuous","skewed","normal","Symmetric",NA,1,TRUE,6.27899999998044
"143","X~~Z",0.107513627242743,0.0704741443839236,0.2,"MC-PLSc",7395,5815470,300,"continuous","skewed","normal","Symmetric",NA,1,TRUE,6.27899999998044
"144","X=~x1",0.349480533263687,0.123217623614598,0.4,"PLSc",7395,5815470,300,"continuous","skewed","normal","Symmetric",NA,1,TRUE,1.26600000000326
"145","X=~x2",0.804095014837144,0.0790724994571905,0.8,"PLSc",7395,5815470,300,"continuous","skewed","normal","Symmetric",NA,1,TRUE,1.26600000000326
"146","X=~x3",0.728968214425449,0.0752317962862592,0.8,"PLSc",7395,5815470,300,"continuous","skewed","normal","Symmetric",NA,1,TRUE,1.26600000000326
"147","Z=~z1",0.673808090992588,0.0696135596823992,0.6,"PLSc",7395,5815470,300,"continuous","skewed","normal","Symmetric",NA,1,TRUE,1.26600000000326
"148","Z=~z2",0.623528201702181,0.0612409287354961,0.6,"PLSc",7395,5815470,300,"continuous","skewed","normal","Symmetric",NA,1,TRUE,1.26600000000326
"149","Z=~z3",0.82169836131239,0.0478176340600747,0.8,"PLSc",7395,5815470,300,"continuous","skewed","normal","Symmetric",NA,1,TRUE,1.26600000000326
"150","Y=~y1",0.454613250154819,0.0671708687685311,0.4,"PLSc",7395,5815470,300,"continuous","skewed","normal","Symmetric",NA,1,TRUE,1.26600000000326
"151","Y=~y2",0.548383732724948,0.0648388362868999,0.7,"PLSc",7395,5815470,300,"continuous","skewed","normal","Symmetric",NA,1,TRUE,1.26600000000326
"152","Y=~y3",0.932832223994057,0.0473378468608828,0.9,"PLSc",7395,5815470,300,"continuous","skewed","normal","Symmetric",NA,1,TRUE,1.26600000000326
"153","Y~X",0.412970643000108,0.0903032422284997,0.4,"PLSc",7395,5815470,300,"continuous","skewed","normal","Symmetric",NA,1,TRUE,1.26600000000326
"154","Y~Z",0.581827790697027,0.278871187645971,0.5,"PLSc",7395,5815470,300,"continuous","skewed","normal","Symmetric",NA,1,TRUE,1.26600000000326
"155","Y~X:Z",0.514041959417214,0.668507572130374,0.3,"PLSc",7395,5815470,300,"continuous","skewed","normal","Symmetric",NA,1,TRUE,1.26600000000326
"156","X~~Z",0.105675950490149,0.0707380935995768,0.2,"PLSc",7395,5815470,300,"continuous","skewed","normal","Symmetric",NA,1,TRUE,1.26600000000326
"157","X=~x1",0.551632283224409,0.0906328325968932,0.4,"PLS",7395,5815470,300,"continuous","skewed","normal","Symmetric",NA,1,TRUE,0.912000000011176
"158","X=~x2",0.864376336720831,0.0294168294266607,0.8,"PLS",7395,5815470,300,"continuous","skewed","normal","Symmetric",NA,1,TRUE,0.912000000011176
"159","X=~x3",0.851187562799077,0.0306494076167172,0.8,"PLS",7395,5815470,300,"continuous","skewed","normal","Symmetric",NA,1,TRUE,0.912000000011176
"160","Z=~z1",0.785392600828049,0.0326121120386586,0.6,"PLS",7395,5815470,300,"continuous","skewed","normal","Symmetric",NA,1,TRUE,0.912000000011176
"161","Z=~z2",0.781226842444697,0.0315348386018589,0.6,"PLS",7395,5815470,300,"continuous","skewed","normal","Symmetric",NA,1,TRUE,0.912000000011176
"162","Z=~z3",0.874242081356709,0.015248209549707,0.8,"PLS",7395,5815470,300,"continuous","skewed","normal","Symmetric",NA,1,TRUE,0.912000000011176
"163","Y=~y1",0.627475037349954,0.0594663879600884,0.4,"PLS",7395,5815470,300,"continuous","skewed","normal","Symmetric",NA,1,TRUE,0.912000000011176
"164","Y=~y2",0.759346821373329,0.0411879750828189,0.7,"PLS",7395,5815470,300,"continuous","skewed","normal","Symmetric",NA,1,TRUE,0.912000000011176
"165","Y=~y3",0.903323643296431,0.0113079666670601,0.9,"PLS",7395,5815470,300,"continuous","skewed","normal","Symmetric",NA,1,TRUE,0.912000000011176
"166","Y~X",0.337331960433028,0.0387154294985123,0.4,"PLS",7395,5815470,300,"continuous","skewed","normal","Symmetric",NA,1,TRUE,0.912000000011176
"167","Y~Z",0.460708247806313,0.0478878221268745,0.5,"PLS",7395,5815470,300,"continuous","skewed","normal","Symmetric",NA,1,TRUE,0.912000000011176
"168","Y~X:Z",0.29651399774029,0.0570226855940519,0.3,"PLS",7395,5815470,300,"continuous","skewed","normal","Symmetric",NA,1,TRUE,0.912000000011176
"169","X~~Z",0.0797095766567023,0.0528128213027159,0.2,"PLS",7395,5815470,300,"continuous","skewed","normal","Symmetric",NA,1,TRUE,0.912000000011176
"170","X=~x1",0.409,0.069,0.4,"Mplus",7395,5815470,300,"continuous","skewed","normal","Symmetric",NA,1,TRUE,2.43599999998696
"171","X=~x2",0.712,0.054,0.8,"Mplus",7395,5815470,300,"continuous","skewed","normal","Symmetric",NA,1,TRUE,2.43599999998696
"172","X=~x3",0.726,0.05,0.8,"Mplus",7395,5815470,300,"continuous","skewed","normal","Symmetric",NA,1,TRUE,2.43599999998696
"173","Z=~z1",0.643,0.044,0.6,"Mplus",7395,5815470,300,"continuous","skewed","normal","Symmetric",NA,1,TRUE,2.43599999998696
"174","Z=~z2",0.674,0.044,0.6,"Mplus",7395,5815470,300,"continuous","skewed","normal","Symmetric",NA,1,TRUE,2.43599999998696
"175","Z=~z3",0.81,0.037,0.8,"Mplus",7395,5815470,300,"continuous","skewed","normal","Symmetric",NA,1,TRUE,2.43599999998696
"176","Y=~y1",0.443,0.055,0.4,"Mplus",7395,5815470,300,"continuous","skewed","normal","Symmetric",NA,1,TRUE,2.43599999998696
"177","Y=~y2",0.593,0.048,0.7,"Mplus",7395,5815470,300,"continuous","skewed","normal","Symmetric",NA,1,TRUE,2.43599999998696
"178","Y=~y3",0.855,0.034,0.9,"Mplus",7395,5815470,300,"continuous","skewed","normal","Symmetric",NA,1,TRUE,2.43599999998696
"179","Y~X",0.48,0.058,0.4,"Mplus",7395,5815470,300,"continuous","skewed","normal","Symmetric",NA,1,TRUE,2.43599999998696
"180","Y~Z",0.505,0.067,0.5,"Mplus",7395,5815470,300,"continuous","skewed","normal","Symmetric",NA,1,TRUE,2.43599999998696
"181","Y~X:Z",0.505,0.068,0.3,"Mplus",7395,5815470,300,"continuous","skewed","normal","Symmetric",NA,1,TRUE,2.43599999998696
"182","X~~Z",0.195,0.072,0.2,"Mplus",7395,5815470,300,"continuous","skewed","normal","Symmetric",NA,1,TRUE,2.43599999998696
"183","X=~x1",0.427259573066438,0.0623744985212924,0.4,"LSAM",7395,5815470,300,"continuous","skewed","normal","Symmetric",NA,1,TRUE,0.429000000003725
"184","X=~x2",0.690937676146316,0.100669149187969,0.8,"LSAM",7395,5815470,300,"continuous","skewed","normal","Symmetric",NA,1,TRUE,0.429000000003725
"185","X=~x3",0.78719142522292,0.101873499342596,0.8,"LSAM",7395,5815470,300,"continuous","skewed","normal","Symmetric",NA,1,TRUE,0.429000000003725
"186","Z=~z1",0.628681642036549,0.0370502574871401,0.6,"LSAM",7395,5815470,300,"continuous","skewed","normal","Symmetric",NA,1,TRUE,0.429000000003725
"187","Z=~z2",0.661116492407792,0.0609505091227122,0.6,"LSAM",7395,5815470,300,"continuous","skewed","normal","Symmetric",NA,1,TRUE,0.429000000003725
"188","Z=~z3",0.831306466605427,0.0607105056906706,0.8,"LSAM",7395,5815470,300,"continuous","skewed","normal","Symmetric",NA,1,TRUE,0.429000000003725
"189","Y=~y1",0.458075462998423,0.0402558080689481,0.4,"LSAM",7395,5815470,300,"continuous","skewed","normal","Symmetric",NA,1,TRUE,0.429000000003725
"190","Y=~y2",0.635132640685652,0.0809086696051882,0.7,"LSAM",7395,5815470,300,"continuous","skewed","normal","Symmetric",NA,1,TRUE,0.429000000003725
"191","Y=~y3",0.830464579679968,0.0913210472445347,0.9,"LSAM",7395,5815470,300,"continuous","skewed","normal","Symmetric",NA,1,TRUE,0.429000000003725
"192","Y~X",0.422409925153791,0.0914852839738054,0.4,"LSAM",7395,5815470,300,"continuous","skewed","normal","Symmetric",NA,1,TRUE,0.429000000003725
"193","Y~Z",0.589485275929796,0.109435669304648,0.5,"LSAM",7395,5815470,300,"continuous","skewed","normal","Symmetric",NA,1,TRUE,0.429000000003725
"194","Y~X:Z",0.517368825710022,0.133482438983076,0.3,"LSAM",7395,5815470,300,"continuous","skewed","normal","Symmetric",NA,1,TRUE,0.429000000003725
"195","X~~Z",0.121581876218339,0.0700282086160654,0.2,"LSAM",7395,5815470,300,"continuous","skewed","normal","Symmetric",NA,1,TRUE,0.429000000003725
"196","X=~x1",0.351729246194106,0.0379204215158117,0.4,"MC-PLSc",7396,995086,1000,"continuous","skewed","normal","Symmetric",NA,1,TRUE,6.16200000001118
"197","X=~x2",0.828175792746248,0.0241754032299882,0.8,"MC-PLSc",7396,995086,1000,"continuous","skewed","normal","Symmetric",NA,1,TRUE,6.16200000001118
"198","X=~x3",0.82606746128062,0.0241813204556198,0.8,"MC-PLSc",7396,995086,1000,"continuous","skewed","normal","Symmetric",NA,1,TRUE,6.16200000001118
"199","Z=~z1",0.579175592515514,0.0326685470052071,0.6,"MC-PLSc",7396,995086,1000,"continuous","skewed","normal","Symmetric",NA,1,TRUE,6.16200000001118
"200","Z=~z2",0.606699370533695,0.0306145647149152,0.6,"MC-PLSc",7396,995086,1000,"continuous","skewed","normal","Symmetric",NA,1,TRUE,6.16200000001118
"201","Z=~z3",0.752770376502652,0.0276710700300677,0.8,"MC-PLSc",7396,995086,1000,"continuous","skewed","normal","Symmetric",NA,1,TRUE,6.16200000001118
"202","Y=~y1",0.358847664919615,0.0327017944776583,0.4,"MC-PLSc",7396,995086,1000,"continuous","skewed","normal","Symmetric",NA,1,TRUE,6.16200000001118
"203","Y=~y2",0.684299731431355,0.0282924041474613,0.7,"MC-PLSc",7396,995086,1000,"continuous","skewed","normal","Symmetric",NA,1,TRUE,6.16200000001118
"204","Y=~y3",0.869686988826745,0.0211696526805425,0.9,"MC-PLSc",7396,995086,1000,"continuous","skewed","normal","Symmetric",NA,1,TRUE,6.16200000001118
"205","Y~X",0.465643971626845,0.0356895226801353,0.4,"MC-PLSc",7396,995086,1000,"continuous","skewed","normal","Symmetric",NA,1,TRUE,6.16200000001118
"206","Y~Z",0.50444133235888,0.037210327648037,0.5,"MC-PLSc",7396,995086,1000,"continuous","skewed","normal","Symmetric",NA,1,TRUE,6.16200000001118
"207","Y~X:Z",0.319057632276351,0.0482208340229976,0.3,"MC-PLSc",7396,995086,1000,"continuous","skewed","normal","Symmetric",NA,1,TRUE,6.16200000001118
"208","X~~Z",0.18469256280026,0.0373717570026783,0.2,"MC-PLSc",7396,995086,1000,"continuous","skewed","normal","Symmetric",NA,1,TRUE,6.16200000001118
"209","X=~x1",0.309194460255018,0.0585758391228691,0.4,"PLSc",7396,995086,1000,"continuous","skewed","normal","Symmetric",NA,1,TRUE,1.34699999995064
"210","X=~x2",0.849974221580049,0.0299207694010861,0.8,"PLSc",7396,995086,1000,"continuous","skewed","normal","Symmetric",NA,1,TRUE,1.34699999995064
"211","X=~x3",0.828717830900977,0.0277722109882316,0.8,"PLSc",7396,995086,1000,"continuous","skewed","normal","Symmetric",NA,1,TRUE,1.34699999995064
"212","Z=~z1",0.576564205193036,0.041101480679257,0.6,"PLSc",7396,995086,1000,"continuous","skewed","normal","Symmetric",NA,1,TRUE,1.34699999995064
"213","Z=~z2",0.619762963552506,0.0398907100180721,0.6,"PLSc",7396,995086,1000,"continuous","skewed","normal","Symmetric",NA,1,TRUE,1.34699999995064
"214","Z=~z3",0.737977374613821,0.0343217081417034,0.8,"PLSc",7396,995086,1000,"continuous","skewed","normal","Symmetric",NA,1,TRUE,1.34699999995064
"215","Y=~y1",0.362052835954155,0.0384804620618362,0.4,"PLSc",7396,995086,1000,"continuous","skewed","normal","Symmetric",NA,1,TRUE,1.34699999995064
"216","Y=~y2",0.674578770746168,0.0289655646110387,0.7,"PLSc",7396,995086,1000,"continuous","skewed","normal","Symmetric",NA,1,TRUE,1.34699999995064
"217","Y=~y3",0.878171959255302,0.0244236298625727,0.9,"PLSc",7396,995086,1000,"continuous","skewed","normal","Symmetric",NA,1,TRUE,1.34699999995064
"218","Y~X",0.438291081104606,0.0416128302380681,0.4,"PLSc",7396,995086,1000,"continuous","skewed","normal","Symmetric",NA,1,TRUE,1.34699999995064
"219","Y~Z",0.503553225614395,0.0444974261092649,0.5,"PLSc",7396,995086,1000,"continuous","skewed","normal","Symmetric",NA,1,TRUE,1.34699999995064
"220","Y~X:Z",0.34178843649955,0.0673823883953097,0.3,"PLSc",7396,995086,1000,"continuous","skewed","normal","Symmetric",NA,1,TRUE,1.34699999995064
"221","X~~Z",0.183033203266798,0.0399314236635215,0.2,"PLSc",7396,995086,1000,"continuous","skewed","normal","Symmetric",NA,1,TRUE,1.34699999995064
"222","X=~x1",0.501914939866629,0.0460002861809901,0.4,"PLS",7396,995086,1000,"continuous","skewed","normal","Symmetric",NA,1,TRUE,0.945999999996275
"223","X=~x2",0.898937939971407,0.00969653588302578,0.8,"PLS",7396,995086,1000,"continuous","skewed","normal","Symmetric",NA,1,TRUE,0.945999999996275
"224","X=~x3",0.897830714044906,0.00932384624207619,0.8,"PLS",7396,995086,1000,"continuous","skewed","normal","Symmetric",NA,1,TRUE,0.945999999996275
"225","Z=~z1",0.73569206818086,0.0239728670055709,0.6,"PLS",7396,995086,1000,"continuous","skewed","normal","Symmetric",NA,1,TRUE,0.945999999996275
"226","Z=~z2",0.757734877309796,0.0226549359995102,0.6,"PLS",7396,995086,1000,"continuous","skewed","normal","Symmetric",NA,1,TRUE,0.945999999996275
"227","Z=~z3",0.842558527902578,0.0128843829803587,0.8,"PLS",7396,995086,1000,"continuous","skewed","normal","Symmetric",NA,1,TRUE,0.945999999996275
"228","Y=~y1",0.518598244542893,0.0376028970474283,0.4,"PLS",7396,995086,1000,"continuous","skewed","normal","Symmetric",NA,1,TRUE,0.945999999996275
"229","Y=~y2",0.836085122929268,0.0142296257004509,0.7,"PLS",7396,995086,1000,"continuous","skewed","normal","Symmetric",NA,1,TRUE,0.945999999996275
"230","Y=~y3",0.900935456325019,0.00738640841565908,0.9,"PLS",7396,995086,1000,"continuous","skewed","normal","Symmetric",NA,1,TRUE,0.945999999996275
"231","Y~X",0.387096415622296,0.029045327190994,0.4,"PLS",7396,995086,1000,"continuous","skewed","normal","Symmetric",NA,1,TRUE,0.945999999996275
"232","Y~Z",0.380214113257317,0.0286156565416474,0.5,"PLS",7396,995086,1000,"continuous","skewed","normal","Symmetric",NA,1,TRUE,0.945999999996275
"233","Y~X:Z",0.213479127090118,0.0336133522099765,0.3,"PLS",7396,995086,1000,"continuous","skewed","normal","Symmetric",NA,1,TRUE,0.945999999996275
"234","X~~Z",0.137793794583595,0.0299127908334533,0.2,"PLS",7396,995086,1000,"continuous","skewed","normal","Symmetric",NA,1,TRUE,0.945999999996275
"235","X=~x1",0.376,0.031,0.4,"Mplus",7396,995086,1000,"continuous","skewed","normal","Symmetric",NA,1,TRUE,20.8499999999767
"236","X=~x2",0.804,0.023,0.8,"Mplus",7396,995086,1000,"continuous","skewed","normal","Symmetric",NA,1,TRUE,20.8499999999767
"237","X=~x3",0.823,0.023,0.8,"Mplus",7396,995086,1000,"continuous","skewed","normal","Symmetric",NA,1,TRUE,20.8499999999767
"238","Z=~z1",0.58,0.029,0.6,"Mplus",7396,995086,1000,"continuous","skewed","normal","Symmetric",NA,1,TRUE,20.8499999999767
"239","Z=~z2",0.591,0.029,0.6,"Mplus",7396,995086,1000,"continuous","skewed","normal","Symmetric",NA,1,TRUE,20.8499999999767
"240","Z=~z3",0.767,0.026,0.8,"Mplus",7396,995086,1000,"continuous","skewed","normal","Symmetric",NA,1,TRUE,20.8499999999767
"241","Y=~y1",0.341,0.03,0.4,"Mplus",7396,995086,1000,"continuous","skewed","normal","Symmetric",NA,1,TRUE,20.8499999999767
"242","Y=~y2",0.664,0.023,0.7,"Mplus",7396,995086,1000,"continuous","skewed","normal","Symmetric",NA,1,TRUE,20.8499999999767
"243","Y=~y3",0.871,0.019,0.9,"Mplus",7396,995086,1000,"continuous","skewed","normal","Symmetric",NA,1,TRUE,20.8499999999767
"244","Y~X",0.464,0.035,0.4,"Mplus",7396,995086,1000,"continuous","skewed","normal","Symmetric",NA,1,TRUE,20.8499999999767
"245","Y~Z",0.469,0.036,0.5,"Mplus",7396,995086,1000,"continuous","skewed","normal","Symmetric",NA,1,TRUE,20.8499999999767
"246","Y~X:Z",0.366,0.036,0.3,"Mplus",7396,995086,1000,"continuous","skewed","normal","Symmetric",NA,1,TRUE,20.8499999999767
"247","X~~Z",0.215,0.038,0.2,"Mplus",7396,995086,1000,"continuous","skewed","normal","Symmetric",NA,1,TRUE,20.8499999999767
"248","X=~x1",0.383996530742939,0.033483180315073,0.4,"LSAM",7396,995086,1000,"continuous","skewed","normal","Symmetric",NA,1,TRUE,0.461000000010245
"249","X=~x2",0.793488601592942,0.0496042080918317,0.8,"LSAM",7396,995086,1000,"continuous","skewed","normal","Symmetric",NA,1,TRUE,0.461000000010245
"250","X=~x3",0.837967624890341,0.0482367037525185,0.8,"LSAM",7396,995086,1000,"continuous","skewed","normal","Symmetric",NA,1,TRUE,0.461000000010245
"251","Z=~z1",0.575767089842005,0.0251325811767721,0.6,"LSAM",7396,995086,1000,"continuous","skewed","normal","Symmetric",NA,1,TRUE,0.461000000010245
"252","Z=~z2",0.584027799224146,0.0424841923212494,0.6,"LSAM",7396,995086,1000,"continuous","skewed","normal","Symmetric",NA,1,TRUE,0.461000000010245
"253","Z=~z3",0.776721010870018,0.0470477474458733,0.8,"LSAM",7396,995086,1000,"continuous","skewed","normal","Symmetric",NA,1,TRUE,0.461000000010245
"254","Y=~y1",0.359905288896124,0.0174400156310155,0.4,"LSAM",7396,995086,1000,"continuous","skewed","normal","Symmetric",NA,1,TRUE,0.461000000010245
"255","Y=~y2",0.70669612587252,0.0493844487379152,0.7,"LSAM",7396,995086,1000,"continuous","skewed","normal","Symmetric",NA,1,TRUE,0.461000000010245
"256","Y=~y3",0.843321306338803,0.0543892570515194,0.9,"LSAM",7396,995086,1000,"continuous","skewed","normal","Symmetric",NA,1,TRUE,0.461000000010245
"257","Y~X",0.476353114945421,0.0489531121681919,0.4,"LSAM",7396,995086,1000,"continuous","skewed","normal","Symmetric",NA,1,TRUE,0.461000000010245
"258","Y~Z",0.494019020144726,0.0516537424042594,0.5,"LSAM",7396,995086,1000,"continuous","skewed","normal","Symmetric",NA,1,TRUE,0.461000000010245
"259","Y~X:Z",0.37129841496966,0.0602985524713013,0.3,"LSAM",7396,995086,1000,"continuous","skewed","normal","Symmetric",NA,1,TRUE,0.461000000010245
"260","X~~Z",0.179696187946859,0.0390924052068113,0.2,"LSAM",7396,995086,1000,"continuous","skewed","normal","Symmetric",NA,1,TRUE,0.461000000010245
"261","X=~x1",0.453753641562692,0.0709925608406597,0.4,"MC-PLSc",7397,791566,300,"continuous","uniform","normal","Symmetric",NA,1,TRUE,6.18599999998696
"262","X=~x2",0.843273651100574,0.0461053223257052,0.8,"MC-PLSc",7397,791566,300,"continuous","uniform","normal","Symmetric",NA,1,TRUE,6.18599999998696
"263","X=~x3",0.792845393977181,0.0426216630281077,0.8,"MC-PLSc",7397,791566,300,"continuous","uniform","normal","Symmetric",NA,1,TRUE,6.18599999998696
"264","Z=~z1",0.617816565896678,0.0491411488217745,0.6,"MC-PLSc",7397,791566,300,"continuous","uniform","normal","Symmetric",NA,1,TRUE,6.18599999998696
"265","Z=~z2",0.558898756738765,0.0577893898772822,0.6,"MC-PLSc",7397,791566,300,"continuous","uniform","normal","Symmetric",NA,1,TRUE,6.18599999998696
"266","Z=~z3",0.873430136593253,0.0461418015867865,0.8,"MC-PLSc",7397,791566,300,"continuous","uniform","normal","Symmetric",NA,1,TRUE,6.18599999998696
"267","Y=~y1",0.431798061855728,0.0609175775607081,0.4,"MC-PLSc",7397,791566,300,"continuous","uniform","normal","Symmetric",NA,1,TRUE,6.18599999998696
"268","Y=~y2",0.62736141792727,0.0432305831661158,0.7,"MC-PLSc",7397,791566,300,"continuous","uniform","normal","Symmetric",NA,1,TRUE,6.18599999998696
"269","Y=~y3",0.94429992293501,0.0430608030478199,0.9,"MC-PLSc",7397,791566,300,"continuous","uniform","normal","Symmetric",NA,1,TRUE,6.18599999998696
"270","Y~X",0.386302635321389,0.0503378654618205,0.4,"MC-PLSc",7397,791566,300,"continuous","uniform","normal","Symmetric",NA,1,TRUE,6.18599999998696
"271","Y~Z",0.498420951455068,0.063385152082724,0.5,"MC-PLSc",7397,791566,300,"continuous","uniform","normal","Symmetric",NA,1,TRUE,6.18599999998696
"272","Y~X:Z",0.425623548519966,0.0630647728511356,0.3,"MC-PLSc",7397,791566,300,"continuous","uniform","normal","Symmetric",NA,1,TRUE,6.18599999998696
"273","X~~Z",0.16544768544613,0.074159764508405,0.2,"MC-PLSc",7397,791566,300,"continuous","uniform","normal","Symmetric",NA,1,TRUE,6.18599999998696
"274","X=~x1",0.428363781886773,0.123583637177495,0.4,"PLSc",7397,791566,300,"continuous","uniform","normal","Symmetric",NA,1,TRUE,1.29700000002049
"275","X=~x2",0.863861584358961,0.0703205618970755,0.8,"PLSc",7397,791566,300,"continuous","uniform","normal","Symmetric",NA,1,TRUE,1.29700000002049
"276","X=~x3",0.789970409066864,0.0628782596953671,0.8,"PLSc",7397,791566,300,"continuous","uniform","normal","Symmetric",NA,1,TRUE,1.29700000002049
"277","Z=~z1",0.618337078664589,0.0739373481295491,0.6,"PLSc",7397,791566,300,"continuous","uniform","normal","Symmetric",NA,1,TRUE,1.29700000002049
"278","Z=~z2",0.554521382525235,0.0850469245663307,0.6,"PLSc",7397,791566,300,"continuous","uniform","normal","Symmetric",NA,1,TRUE,1.29700000002049
"279","Z=~z3",0.87677548585427,0.0667559201299347,0.8,"PLSc",7397,791566,300,"continuous","uniform","normal","Symmetric",NA,1,TRUE,1.29700000002049
"280","Y=~y1",0.442926059588412,0.0827961274296401,0.4,"PLSc",7397,791566,300,"continuous","uniform","normal","Symmetric",NA,1,TRUE,1.29700000002049
"281","Y=~y2",0.612643809086872,0.0556958582359789,0.7,"PLSc",7397,791566,300,"continuous","uniform","normal","Symmetric",NA,1,TRUE,1.29700000002049
"282","Y=~y3",0.950415298739056,0.0535050550584751,0.9,"PLSc",7397,791566,300,"continuous","uniform","normal","Symmetric",NA,1,TRUE,1.29700000002049
"283","Y~X",0.405266157570923,0.0620895613333194,0.4,"PLSc",7397,791566,300,"continuous","uniform","normal","Symmetric",NA,1,TRUE,1.29700000002049
"284","Y~Z",0.520899974981474,0.0732149536342934,0.5,"PLSc",7397,791566,300,"continuous","uniform","normal","Symmetric",NA,1,TRUE,1.29700000002049
"285","Y~X:Z",0.466696691131538,0.0919881198298192,0.3,"PLSc",7397,791566,300,"continuous","uniform","normal","Symmetric",NA,1,TRUE,1.29700000002049
"286","X~~Z",0.163853254739268,0.0709329017237367,0.2,"PLSc",7397,791566,300,"continuous","uniform","normal","Symmetric",NA,1,TRUE,1.29700000002049
"287","X=~x1",0.612447046726239,0.0727377239529817,0.4,"PLS",7397,791566,300,"continuous","uniform","normal","Symmetric",NA,1,TRUE,0.883999999961816
"288","X=~x2",0.894383123051884,0.0189673640456608,0.8,"PLS",7397,791566,300,"continuous","uniform","normal","Symmetric",NA,1,TRUE,0.883999999961816
"289","X=~x3",0.878058585539946,0.0196488976678511,0.8,"PLS",7397,791566,300,"continuous","uniform","normal","Symmetric",NA,1,TRUE,0.883999999961816
"290","Z=~z1",0.772428702674521,0.0362320347718275,0.6,"PLS",7397,791566,300,"continuous","uniform","normal","Symmetric",NA,1,TRUE,0.883999999961816
"291","Z=~z2",0.72225453381188,0.0457221908991113,0.6,"PLS",7397,791566,300,"continuous","uniform","normal","Symmetric",NA,1,TRUE,0.883999999961816
"292","Z=~z3",0.891314984740207,0.0152565451630193,0.8,"PLS",7397,791566,300,"continuous","uniform","normal","Symmetric",NA,1,TRUE,0.883999999961816
"293","Y=~y1",0.605738418025539,0.0633637860670961,0.4,"PLS",7397,791566,300,"continuous","uniform","normal","Symmetric",NA,1,TRUE,0.883999999961816
"294","Y=~y2",0.799771504922856,0.0282024544322993,0.7,"PLS",7397,791566,300,"continuous","uniform","normal","Symmetric",NA,1,TRUE,0.883999999961816
"295","Y=~y3",0.916452159678879,0.0107558874874818,0.9,"PLS",7397,791566,300,"continuous","uniform","normal","Symmetric",NA,1,TRUE,0.883999999961816
"296","Y~X",0.326517573351887,0.0394111540705489,0.4,"PLS",7397,791566,300,"continuous","uniform","normal","Symmetric",NA,1,TRUE,0.883999999961816
"297","Y~Z",0.403624380342852,0.0453518221520673,0.5,"PLS",7397,791566,300,"continuous","uniform","normal","Symmetric",NA,1,TRUE,0.883999999961816
"298","Y~X:Z",0.305821625262822,0.0409221492976835,0.3,"PLS",7397,791566,300,"continuous","uniform","normal","Symmetric",NA,1,TRUE,0.883999999961816
"299","X~~Z",0.129441946769179,0.0557114511890538,0.2,"PLS",7397,791566,300,"continuous","uniform","normal","Symmetric",NA,1,TRUE,0.883999999961816
"300","X=~x1",0.469,0.05,0.4,"Mplus",7397,791566,300,"continuous","uniform","normal","Symmetric",NA,1,TRUE,2.37299999996321
"301","X=~x2",0.837,0.032,0.8,"Mplus",7397,791566,300,"continuous","uniform","normal","Symmetric",NA,1,TRUE,2.37299999996321
"302","X=~x3",0.775,0.036,0.8,"Mplus",7397,791566,300,"continuous","uniform","normal","Symmetric",NA,1,TRUE,2.37299999996321
"303","Z=~z1",0.61,0.039,0.6,"Mplus",7397,791566,300,"continuous","uniform","normal","Symmetric",NA,1,TRUE,2.37299999996321
"304","Z=~z2",0.566,0.046,0.6,"Mplus",7397,791566,300,"continuous","uniform","normal","Symmetric",NA,1,TRUE,2.37299999996321
"305","Z=~z3",0.872,0.036,0.8,"Mplus",7397,791566,300,"continuous","uniform","normal","Symmetric",NA,1,TRUE,2.37299999996321
"306","Y=~y1",0.426,0.051,0.4,"Mplus",7397,791566,300,"continuous","uniform","normal","Symmetric",NA,1,TRUE,2.37299999996321
"307","Y=~y2",0.636,0.038,0.7,"Mplus",7397,791566,300,"continuous","uniform","normal","Symmetric",NA,1,TRUE,2.37299999996321
"308","Y=~y3",0.956,0.033,0.9,"Mplus",7397,791566,300,"continuous","uniform","normal","Symmetric",NA,1,TRUE,2.37299999996321
"309","Y~X",0.4,0.048,0.4,"Mplus",7397,791566,300,"continuous","uniform","normal","Symmetric",NA,1,TRUE,2.37299999996321
"310","Y~Z",0.46,0.058,0.5,"Mplus",7397,791566,300,"continuous","uniform","normal","Symmetric",NA,1,TRUE,2.37299999996321
"311","Y~X:Z",0.396,0.05,0.3,"Mplus",7397,791566,300,"continuous","uniform","normal","Symmetric",NA,1,TRUE,2.37299999996321
"312","X~~Z",0.183,0.067,0.2,"Mplus",7397,791566,300,"continuous","uniform","normal","Symmetric",NA,1,TRUE,2.37299999996321
"313","X=~x1",0.470647573171607,0.0496701753355824,0.4,"LSAM",7397,791566,300,"continuous","uniform","normal","Symmetric",NA,1,TRUE,0.445000000006985
"314","X=~x2",0.816292578313678,0.070423885139754,0.8,"LSAM",7397,791566,300,"continuous","uniform","normal","Symmetric",NA,1,TRUE,0.445000000006985
"315","X=~x3",0.802686367577671,0.0708739452538305,0.8,"LSAM",7397,791566,300,"continuous","uniform","normal","Symmetric",NA,1,TRUE,0.445000000006985
"316","Z=~z1",0.618811605399624,0.031985907725732,0.6,"LSAM",7397,791566,300,"continuous","uniform","normal","Symmetric",NA,1,TRUE,0.445000000006985
"317","Z=~z2",0.56389112070112,0.0607800768243275,0.6,"LSAM",7397,791566,300,"continuous","uniform","normal","Symmetric",NA,1,TRUE,0.445000000006985
"318","Z=~z3",0.866444889681471,0.0694112093944787,0.8,"LSAM",7397,791566,300,"continuous","uniform","normal","Symmetric",NA,1,TRUE,0.445000000006985
"319","Y=~y1",0.424895405089802,0.0257921917134917,0.4,"LSAM",7397,791566,300,"continuous","uniform","normal","Symmetric",NA,1,TRUE,0.445000000006985
"320","Y=~y2",0.642213218734929,0.068662667744493,0.7,"LSAM",7397,791566,300,"continuous","uniform","normal","Symmetric",NA,1,TRUE,0.445000000006985
"321","Y=~y3",0.933119034953918,0.0827833041079242,0.9,"LSAM",7397,791566,300,"continuous","uniform","normal","Symmetric",NA,1,TRUE,0.445000000006985
"322","Y~X",0.416094799856439,0.0650131301720387,0.4,"LSAM",7397,791566,300,"continuous","uniform","normal","Symmetric",NA,1,TRUE,0.445000000006985
"323","Y~Z",0.508512691432149,0.0915410092051962,0.5,"LSAM",7397,791566,300,"continuous","uniform","normal","Symmetric",NA,1,TRUE,0.445000000006985
"324","Y~X:Z",0.434300029147107,0.0645208447854355,0.3,"LSAM",7397,791566,300,"continuous","uniform","normal","Symmetric",NA,1,TRUE,0.445000000006985
"325","X~~Z",0.17623567398025,0.0704879782450515,0.2,"LSAM",7397,791566,300,"continuous","uniform","normal","Symmetric",NA,1,TRUE,0.445000000006985
"326","X=~x1",0.375647335690861,0.0338589287531303,0.4,"MC-PLSc",7398,2210283,1000,"continuous","uniform","normal","Symmetric",NA,1,TRUE,6.27700000000186
"327","X=~x2",0.796518055281632,0.0246306130888795,0.8,"MC-PLSc",7398,2210283,1000,"continuous","uniform","normal","Symmetric",NA,1,TRUE,6.27700000000186
"328","X=~x3",0.820625536656268,0.022568964607656,0.8,"MC-PLSc",7398,2210283,1000,"continuous","uniform","normal","Symmetric",NA,1,TRUE,6.27700000000186
"329","Z=~z1",0.641944587364236,0.0258145921271672,0.6,"MC-PLSc",7398,2210283,1000,"continuous","uniform","normal","Symmetric",NA,1,TRUE,6.27700000000186
"330","Z=~z2",0.55774123480825,0.027673250101191,0.6,"MC-PLSc",7398,2210283,1000,"continuous","uniform","normal","Symmetric",NA,1,TRUE,6.27700000000186
"331","Z=~z3",0.77805683354903,0.0236460372218272,0.8,"MC-PLSc",7398,2210283,1000,"continuous","uniform","normal","Symmetric",NA,1,TRUE,6.27700000000186
"332","Y=~y1",0.4184750435694,0.0277163330401293,0.4,"MC-PLSc",7398,2210283,1000,"continuous","uniform","normal","Symmetric",NA,1,TRUE,6.27700000000186
"333","Y=~y2",0.735246425207051,0.0223847164686446,0.7,"MC-PLSc",7398,2210283,1000,"continuous","uniform","normal","Symmetric",NA,1,TRUE,6.27700000000186
"334","Y=~y3",0.879191394621753,0.0182989808692787,0.9,"MC-PLSc",7398,2210283,1000,"continuous","uniform","normal","Symmetric",NA,1,TRUE,6.27700000000186
"335","Y~X",0.386839415446868,0.0334877195976093,0.4,"MC-PLSc",7398,2210283,1000,"continuous","uniform","normal","Symmetric",NA,1,TRUE,6.27700000000186
"336","Y~Z",0.544990066667505,0.0319718228016397,0.5,"MC-PLSc",7398,2210283,1000,"continuous","uniform","normal","Symmetric",NA,1,TRUE,6.27700000000186
"337","Y~X:Z",0.233984048162313,0.0351102747902865,0.3,"MC-PLSc",7398,2210283,1000,"continuous","uniform","normal","Symmetric",NA,1,TRUE,6.27700000000186
"338","X~~Z",0.290107783926743,0.0393995539791823,0.2,"MC-PLSc",7398,2210283,1000,"continuous","uniform","normal","Symmetric",NA,1,TRUE,6.27700000000186
"339","X=~x1",0.38434149237681,0.0516184521400823,0.4,"PLSc",7398,2210283,1000,"continuous","uniform","normal","Symmetric",NA,1,TRUE,1.37200000003213
"340","X=~x2",0.78802465089283,0.0318714403837037,0.8,"PLSc",7398,2210283,1000,"continuous","uniform","normal","Symmetric",NA,1,TRUE,1.37200000003213
"341","X=~x3",0.821580004824833,0.0303542208691909,0.8,"PLSc",7398,2210283,1000,"continuous","uniform","normal","Symmetric",NA,1,TRUE,1.37200000003213
"342","Z=~z1",0.635083928616809,0.0343152811918725,0.6,"PLSc",7398,2210283,1000,"continuous","uniform","normal","Symmetric",NA,1,TRUE,1.37200000003213
"343","Z=~z2",0.575792351968364,0.0335960463670742,0.6,"PLSc",7398,2210283,1000,"continuous","uniform","normal","Symmetric",NA,1,TRUE,1.37200000003213
"344","Z=~z3",0.764534360401927,0.0278872332175137,0.8,"PLSc",7398,2210283,1000,"continuous","uniform","normal","Symmetric",NA,1,TRUE,1.37200000003213
"345","Y=~y1",0.443226905141577,0.0349434480912937,0.4,"PLSc",7398,2210283,1000,"continuous","uniform","normal","Symmetric",NA,1,TRUE,1.37200000003213
"346","Y=~y2",0.712131989075367,0.0259182240174043,0.7,"PLSc",7398,2210283,1000,"continuous","uniform","normal","Symmetric",NA,1,TRUE,1.37200000003213
"347","Y=~y3",0.881472129430202,0.0206607693818842,0.9,"PLSc",7398,2210283,1000,"continuous","uniform","normal","Symmetric",NA,1,TRUE,1.37200000003213
"348","Y~X",0.390130085331856,0.0359571592409075,0.4,"PLSc",7398,2210283,1000,"continuous","uniform","normal","Symmetric",NA,1,TRUE,1.37200000003213
"349","Y~Z",0.543685340657249,0.0352643345663588,0.5,"PLSc",7398,2210283,1000,"continuous","uniform","normal","Symmetric",NA,1,TRUE,1.37200000003213
"350","Y~X:Z",0.229423594746759,0.0407401247941552,0.3,"PLSc",7398,2210283,1000,"continuous","uniform","normal","Symmetric",NA,1,TRUE,1.37200000003213
"351","X~~Z",0.291549400270396,0.0437766943911137,0.2,"PLSc",7398,2210283,1000,"continuous","uniform","normal","Symmetric",NA,1,TRUE,1.37200000003213
"352","X=~x1",0.53072951693355,0.0388400015670791,0.4,"PLS",7398,2210283,1000,"continuous","uniform","normal","Symmetric",NA,1,TRUE,0.940000000002328
"353","X=~x2",0.883593470171942,0.00977469244851275,0.8,"PLS",7398,2210283,1000,"continuous","uniform","normal","Symmetric",NA,1,TRUE,0.940000000002328
"354","X=~x3",0.891179448701257,0.00897510171758452,0.8,"PLS",7398,2210283,1000,"continuous","uniform","normal","Symmetric",NA,1,TRUE,0.940000000002328
"355","Z=~z1",0.783391125853647,0.0173961074804997,0.6,"PLS",7398,2210283,1000,"continuous","uniform","normal","Symmetric",NA,1,TRUE,0.940000000002328
"356","Z=~z2",0.717658699256882,0.0208119093648386,0.6,"PLS",7398,2210283,1000,"continuous","uniform","normal","Symmetric",NA,1,TRUE,0.940000000002328
"357","Z=~z3",0.854370704162295,0.0102772113512433,0.8,"PLS",7398,2210283,1000,"continuous","uniform","normal","Symmetric",NA,1,TRUE,0.940000000002328
"358","Y=~y1",0.580990899247501,0.0311639999753159,0.4,"PLS",7398,2210283,1000,"continuous","uniform","normal","Symmetric",NA,1,TRUE,0.940000000002328
"359","Y=~y2",0.857650180194647,0.0105990333362454,0.7,"PLS",7398,2210283,1000,"continuous","uniform","normal","Symmetric",NA,1,TRUE,0.940000000002328
"360","Y=~y3",0.904188667927211,0.00593506068193441,0.9,"PLS",7398,2210283,1000,"continuous","uniform","normal","Symmetric",NA,1,TRUE,0.940000000002328
"361","Y~X",0.339376161400069,0.0239132325496519,0.4,"PLS",7398,2210283,1000,"continuous","uniform","normal","Symmetric",NA,1,TRUE,0.940000000002328
"362","Y~Z",0.422331767523888,0.023222350165956,0.5,"PLS",7398,2210283,1000,"continuous","uniform","normal","Symmetric",NA,1,TRUE,0.940000000002328
"363","Y~X:Z",0.163381108282348,0.022769733658474,0.3,"PLS",7398,2210283,1000,"continuous","uniform","normal","Symmetric",NA,1,TRUE,0.940000000002328
"364","X~~Z",0.217519732336425,0.0328245039255799,0.2,"PLS",7398,2210283,1000,"continuous","uniform","normal","Symmetric",NA,1,TRUE,0.940000000002328
"365","X=~x1",0.372,0.03,0.4,"Mplus",7398,2210283,1000,"continuous","uniform","normal","Symmetric",NA,1,TRUE,22.3139999999548
"366","X=~x2",0.806,0.02,0.8,"Mplus",7398,2210283,1000,"continuous","uniform","normal","Symmetric",NA,1,TRUE,22.3139999999548
"367","X=~x3",0.813,0.02,0.8,"Mplus",7398,2210283,1000,"continuous","uniform","normal","Symmetric",NA,1,TRUE,22.3139999999548
"368","Z=~z1",0.648,0.025,0.6,"Mplus",7398,2210283,1000,"continuous","uniform","normal","Symmetric",NA,1,TRUE,22.3139999999548
"369","Z=~z2",0.549,0.026,0.6,"Mplus",7398,2210283,1000,"continuous","uniform","normal","Symmetric",NA,1,TRUE,22.3139999999548
"370","Z=~z3",0.784,0.022,0.8,"Mplus",7398,2210283,1000,"continuous","uniform","normal","Symmetric",NA,1,TRUE,22.3139999999548
"371","Y=~y1",0.401,0.029,0.4,"Mplus",7398,2210283,1000,"continuous","uniform","normal","Symmetric",NA,1,TRUE,22.3139999999548
"372","Y=~y2",0.735,0.02,0.7,"Mplus",7398,2210283,1000,"continuous","uniform","normal","Symmetric",NA,1,TRUE,22.3139999999548
"373","Y=~y3",0.894,0.017,0.9,"Mplus",7398,2210283,1000,"continuous","uniform","normal","Symmetric",NA,1,TRUE,22.3139999999548
"374","Y~X",0.378,0.032,0.4,"Mplus",7398,2210283,1000,"continuous","uniform","normal","Symmetric",NA,1,TRUE,22.3139999999548
"375","Y~Z",0.537,0.029,0.5,"Mplus",7398,2210283,1000,"continuous","uniform","normal","Symmetric",NA,1,TRUE,22.3139999999548
"376","Y~X:Z",0.236,0.033,0.3,"Mplus",7398,2210283,1000,"continuous","uniform","normal","Symmetric",NA,1,TRUE,22.3139999999548
"377","X~~Z",0.29,0.04,0.2,"Mplus",7398,2210283,1000,"continuous","uniform","normal","Symmetric",NA,1,TRUE,22.3139999999548
"378","X=~x1",0.369459092253466,0.0301744431890074,0.4,"LSAM",7398,2210283,1000,"continuous","uniform","normal","Symmetric",NA,1,TRUE,0.451000000000931
"379","X=~x2",0.807459474297532,0.0501618850622799,0.8,"LSAM",7398,2210283,1000,"continuous","uniform","normal","Symmetric",NA,1,TRUE,0.451000000000931
"380","X=~x3",0.813605061076085,0.0500607492626924,0.8,"LSAM",7398,2210283,1000,"continuous","uniform","normal","Symmetric",NA,1,TRUE,0.451000000000931
"381","Z=~z1",0.642341564954665,0.0215926690123949,0.6,"LSAM",7398,2210283,1000,"continuous","uniform","normal","Symmetric",NA,1,TRUE,0.451000000000931
"382","Z=~z2",0.5373379322085,0.03789479194163,0.6,"LSAM",7398,2210283,1000,"continuous","uniform","normal","Symmetric",NA,1,TRUE,0.451000000000931
"383","Z=~z3",0.796904006854514,0.0435266961614644,0.8,"LSAM",7398,2210283,1000,"continuous","uniform","normal","Symmetric",NA,1,TRUE,0.451000000000931
"384","Y=~y1",0.401279045276404,0.0135742135517209,0.4,"LSAM",7398,2210283,1000,"continuous","uniform","normal","Symmetric",NA,1,TRUE,0.451000000000931
"385","Y=~y2",0.758218896999835,0.039038262137866,0.7,"LSAM",7398,2210283,1000,"continuous","uniform","normal","Symmetric",NA,1,TRUE,0.451000000000931
"386","Y=~y3",0.869676929905537,0.0411947801834626,0.9,"LSAM",7398,2210283,1000,"continuous","uniform","normal","Symmetric",NA,1,TRUE,0.451000000000931
"387","Y~X",0.382396744575216,0.03493460660356,0.4,"LSAM",7398,2210283,1000,"continuous","uniform","normal","Symmetric",NA,1,TRUE,0.451000000000931
"388","Y~Z",0.533361460620453,0.0362242018989262,0.5,"LSAM",7398,2210283,1000,"continuous","uniform","normal","Symmetric",NA,1,TRUE,0.451000000000931
"389","Y~X:Z",0.222473984976622,0.0340139355242253,0.3,"LSAM",7398,2210283,1000,"continuous","uniform","normal","Symmetric",NA,1,TRUE,0.451000000000931
"390","X~~Z",0.29289857299644,0.0404129364230824,0.2,"LSAM",7398,2210283,1000,"continuous","uniform","normal","Symmetric",NA,1,TRUE,0.451000000000931
"391","X=~x1",0.471860971692186,0.0544961307235861,0.4,"MC-PLSc",7399,5367708,300,"continuous","normal","skewed","Symmetric",NA,1,TRUE,6.44300000002841
"392","X=~x2",0.839034944731455,0.0406291290526863,0.8,"MC-PLSc",7399,5367708,300,"continuous","normal","skewed","Symmetric",NA,1,TRUE,6.44300000002841
"393","X=~x3",0.777988657357249,0.0474279998555759,0.8,"MC-PLSc",7399,5367708,300,"continuous","normal","skewed","Symmetric",NA,1,TRUE,6.44300000002841
"394","Z=~z1",0.512583416104911,0.0666514572004773,0.6,"MC-PLSc",7399,5367708,300,"continuous","normal","skewed","Symmetric",NA,1,TRUE,6.44300000002841
"395","Z=~z2",0.624842676506495,0.0582320707991583,0.6,"MC-PLSc",7399,5367708,300,"continuous","normal","skewed","Symmetric",NA,1,TRUE,6.44300000002841
"396","Z=~z3",0.800730002895545,0.0489203096103517,0.8,"MC-PLSc",7399,5367708,300,"continuous","normal","skewed","Symmetric",NA,1,TRUE,6.44300000002841
"397","Y=~y1",0.322242417123101,0.0652226456460716,0.4,"MC-PLSc",7399,5367708,300,"continuous","normal","skewed","Symmetric",NA,1,TRUE,6.44300000002841
"398","Y=~y2",0.715718550321915,0.0480151495366207,0.7,"MC-PLSc",7399,5367708,300,"continuous","normal","skewed","Symmetric",NA,1,TRUE,6.44300000002841
"399","Y=~y3",0.893236864466901,0.0395365240604704,0.9,"MC-PLSc",7399,5367708,300,"continuous","normal","skewed","Symmetric",NA,1,TRUE,6.44300000002841
"400","Y~X",0.457242955560699,0.0621692262951369,0.4,"MC-PLSc",7399,5367708,300,"continuous","normal","skewed","Symmetric",NA,1,TRUE,6.44300000002841
"401","Y~Z",0.468422390605864,0.0574405807145949,0.5,"MC-PLSc",7399,5367708,300,"continuous","normal","skewed","Symmetric",NA,1,TRUE,6.44300000002841
"402","Y~X:Z",0.248154907046247,0.0575547016174503,0.3,"MC-PLSc",7399,5367708,300,"continuous","normal","skewed","Symmetric",NA,1,TRUE,6.44300000002841
"403","X~~Z",0.232773983981142,0.0779033293078183,0.2,"MC-PLSc",7399,5367708,300,"continuous","normal","skewed","Symmetric",NA,1,TRUE,6.44300000002841
"404","X=~x1",0.495321706766954,0.0899363907056318,0.4,"PLSc",7399,5367708,300,"continuous","normal","skewed","Symmetric",NA,1,TRUE,1.34200000000419
"405","X=~x2",0.837124944094925,0.0636503572482977,0.8,"PLSc",7399,5367708,300,"continuous","normal","skewed","Symmetric",NA,1,TRUE,1.34200000000419
"406","X=~x3",0.757593427238576,0.0598755097923061,0.8,"PLSc",7399,5367708,300,"continuous","normal","skewed","Symmetric",NA,1,TRUE,1.34200000000419
"407","Z=~z1",0.500166420603082,0.0845818481821008,0.6,"PLSc",7399,5367708,300,"continuous","normal","skewed","Symmetric",NA,1,TRUE,1.34200000000419
"408","Z=~z2",0.603155091515196,0.0802493266070298,0.6,"PLSc",7399,5367708,300,"continuous","normal","skewed","Symmetric",NA,1,TRUE,1.34200000000419
"409","Z=~z3",0.833387839082201,0.0710422688172559,0.8,"PLSc",7399,5367708,300,"continuous","normal","skewed","Symmetric",NA,1,TRUE,1.34200000000419
"410","Y=~y1",0.273782427693369,0.086480361865877,0.4,"PLSc",7399,5367708,300,"continuous","normal","skewed","Symmetric",NA,1,TRUE,1.34200000000419
"411","Y=~y2",0.724425091478343,0.0504481771743831,0.7,"PLSc",7399,5367708,300,"continuous","normal","skewed","Symmetric",NA,1,TRUE,1.34200000000419
"412","Y=~y3",0.91232121552718,0.0419770477189249,0.9,"PLSc",7399,5367708,300,"continuous","normal","skewed","Symmetric",NA,1,TRUE,1.34200000000419
"413","Y~X",0.460720186928752,0.071479559038051,0.4,"PLSc",7399,5367708,300,"continuous","normal","skewed","Symmetric",NA,1,TRUE,1.34200000000419
"414","Y~Z",0.473439044000733,0.0692765647919743,0.5,"PLSc",7399,5367708,300,"continuous","normal","skewed","Symmetric",NA,1,TRUE,1.34200000000419
"415","Y~X:Z",0.247477267056512,0.0767054556186102,0.3,"PLSc",7399,5367708,300,"continuous","normal","skewed","Symmetric",NA,1,TRUE,1.34200000000419
"416","X~~Z",0.232284008241514,0.0796509798661332,0.2,"PLSc",7399,5367708,300,"continuous","normal","skewed","Symmetric",NA,1,TRUE,1.34200000000419
"417","X=~x1",0.632559612076258,0.0608707352444949,0.4,"PLS",7399,5367708,300,"continuous","normal","skewed","Symmetric",NA,1,TRUE,0.887999999977183
"418","X=~x2",0.890419442443579,0.0179832430777082,0.8,"PLS",7399,5367708,300,"continuous","normal","skewed","Symmetric",NA,1,TRUE,0.887999999977183
"419","X=~x3",0.869646101669713,0.0203152451816991,0.8,"PLS",7399,5367708,300,"continuous","normal","skewed","Symmetric",NA,1,TRUE,0.887999999977183
"420","Z=~z1",0.679622160602504,0.0603424015228056,0.6,"PLS",7399,5367708,300,"continuous","normal","skewed","Symmetric",NA,1,TRUE,0.887999999977183
"421","Z=~z2",0.778616129662174,0.0408874465850745,0.6,"PLS",7399,5367708,300,"continuous","normal","skewed","Symmetric",NA,1,TRUE,0.887999999977183
"422","Z=~z3",0.865445015794907,0.0224520829490938,0.8,"PLS",7399,5367708,300,"continuous","normal","skewed","Symmetric",NA,1,TRUE,0.887999999977183
"423","Y=~y1",0.469716562381586,0.0820160034640153,0.4,"PLS",7399,5367708,300,"continuous","normal","skewed","Symmetric",NA,1,TRUE,0.887999999977183
"424","Y=~y2",0.859351543339882,0.0243327489776316,0.7,"PLS",7399,5367708,300,"continuous","normal","skewed","Symmetric",NA,1,TRUE,0.887999999977183
"425","Y=~y3",0.912931957863079,0.0111702661431701,0.9,"PLS",7399,5367708,300,"continuous","normal","skewed","Symmetric",NA,1,TRUE,0.887999999977183
"426","Y~X",0.38502360631229,0.0473784926751738,0.4,"PLS",7399,5367708,300,"continuous","normal","skewed","Symmetric",NA,1,TRUE,0.887999999977183
"427","Y~Z",0.368010047948976,0.0430823445150649,0.5,"PLS",7399,5367708,300,"continuous","normal","skewed","Symmetric",NA,1,TRUE,0.887999999977183
"428","Y~X:Z",0.171738507680404,0.0409329327605507,0.3,"PLS",7399,5367708,300,"continuous","normal","skewed","Symmetric",NA,1,TRUE,0.887999999977183
"429","X~~Z",0.175722414290455,0.0605236370852246,0.2,"PLS",7399,5367708,300,"continuous","normal","skewed","Symmetric",NA,1,TRUE,0.887999999977183
"430","X=~x1",0.454,0.05,0.4,"Mplus",7399,5367708,300,"continuous","normal","skewed","Symmetric",NA,1,TRUE,2.47800000000279
"431","X=~x2",0.834,0.038,0.8,"Mplus",7399,5367708,300,"continuous","normal","skewed","Symmetric",NA,1,TRUE,2.47800000000279
"432","X=~x3",0.794,0.039,0.8,"Mplus",7399,5367708,300,"continuous","normal","skewed","Symmetric",NA,1,TRUE,2.47800000000279
"433","Z=~z1",0.515,0.062,0.6,"Mplus",7399,5367708,300,"continuous","normal","skewed","Symmetric",NA,1,TRUE,2.47800000000279
"434","Z=~z2",0.624,0.051,0.6,"Mplus",7399,5367708,300,"continuous","normal","skewed","Symmetric",NA,1,TRUE,2.47800000000279
"435","Z=~z3",0.79,0.047,0.8,"Mplus",7399,5367708,300,"continuous","normal","skewed","Symmetric",NA,1,TRUE,2.47800000000279
"436","Y=~y1",0.344,0.057,0.4,"Mplus",7399,5367708,300,"continuous","normal","skewed","Symmetric",NA,1,TRUE,2.47800000000279
"437","Y=~y2",0.707,0.047,0.7,"Mplus",7399,5367708,300,"continuous","normal","skewed","Symmetric",NA,1,TRUE,2.47800000000279
"438","Y=~y3",0.894,0.034,0.9,"Mplus",7399,5367708,300,"continuous","normal","skewed","Symmetric",NA,1,TRUE,2.47800000000279
"439","Y~X",0.442,0.057,0.4,"Mplus",7399,5367708,300,"continuous","normal","skewed","Symmetric",NA,1,TRUE,2.47800000000279
"440","Y~Z",0.497,0.053,0.5,"Mplus",7399,5367708,300,"continuous","normal","skewed","Symmetric",NA,1,TRUE,2.47800000000279
"441","Y~X:Z",0.255,0.052,0.3,"Mplus",7399,5367708,300,"continuous","normal","skewed","Symmetric",NA,1,TRUE,2.47800000000279
"442","X~~Z",0.224,0.077,0.2,"Mplus",7399,5367708,300,"continuous","normal","skewed","Symmetric",NA,1,TRUE,2.47800000000279
"443","X=~x1",0.453635976675885,0.0517959395053081,0.4,"LSAM",7399,5367708,300,"continuous","normal","skewed","Symmetric",NA,1,TRUE,0.424999999988358
"444","X=~x2",0.83634720737929,0.0715113630146508,0.8,"LSAM",7399,5367708,300,"continuous","normal","skewed","Symmetric",NA,1,TRUE,0.424999999988358
"445","X=~x3",0.795901726525939,0.0731506262293921,0.8,"LSAM",7399,5367708,300,"continuous","normal","skewed","Symmetric",NA,1,TRUE,0.424999999988358
"446","Z=~z1",0.532064997056408,0.0442557985816219,0.6,"LSAM",7399,5367708,300,"continuous","normal","skewed","Symmetric",NA,1,TRUE,0.424999999988358
"447","Z=~z2",0.672039678056591,0.08111184317404,0.6,"LSAM",7399,5367708,300,"continuous","normal","skewed","Symmetric",NA,1,TRUE,0.424999999988358
"448","Z=~z3",0.731887474894999,0.0836669962634436,0.8,"LSAM",7399,5367708,300,"continuous","normal","skewed","Symmetric",NA,1,TRUE,0.424999999988358
"449","Y=~y1",0.359940187681276,0.0218093791929918,0.4,"LSAM",7399,5367708,300,"continuous","normal","skewed","Symmetric",NA,1,TRUE,0.424999999988358
"450","Y=~y2",0.722002503165279,0.0831338254681699,0.7,"LSAM",7399,5367708,300,"continuous","normal","skewed","Symmetric",NA,1,TRUE,0.424999999988358
"451","Y=~y3",0.858750932129017,0.092738500601447,0.9,"LSAM",7399,5367708,300,"continuous","normal","skewed","Symmetric",NA,1,TRUE,0.424999999988358
"452","Y~X",0.451497656747821,0.0708803224799677,0.4,"LSAM",7399,5367708,300,"continuous","normal","skewed","Symmetric",NA,1,TRUE,0.424999999988358
"453","Y~Z",0.526101338929661,0.113824167760551,0.5,"LSAM",7399,5367708,300,"continuous","normal","skewed","Symmetric",NA,1,TRUE,0.424999999988358
"454","Y~X:Z",0.263817041906533,0.0861791302938354,0.3,"LSAM",7399,5367708,300,"continuous","normal","skewed","Symmetric",NA,1,TRUE,0.424999999988358
"455","X~~Z",0.230284010735966,0.0790830282283707,0.2,"LSAM",7399,5367708,300,"continuous","normal","skewed","Symmetric",NA,1,TRUE,0.424999999988358
"456","X=~x1",0.36809055566062,0.0386877983900861,0.4,"MC-PLSc",7400,2003120,1000,"continuous","normal","skewed","Symmetric",NA,1,TRUE,6.31899999995949
"457","X=~x2",0.755098940531067,0.0288476330725996,0.8,"MC-PLSc",7400,2003120,1000,"continuous","normal","skewed","Symmetric",NA,1,TRUE,6.31899999995949
"458","X=~x3",0.817602954127123,0.0302327728274491,0.8,"MC-PLSc",7400,2003120,1000,"continuous","normal","skewed","Symmetric",NA,1,TRUE,6.31899999995949
"459","Z=~z1",0.540627797163928,0.0356229063376576,0.6,"MC-PLSc",7400,2003120,1000,"continuous","normal","skewed","Symmetric",NA,1,TRUE,6.31899999995949
"460","Z=~z2",0.635728825129783,0.0323998940563048,0.6,"MC-PLSc",7400,2003120,1000,"continuous","normal","skewed","Symmetric",NA,1,TRUE,6.31899999995949
"461","Z=~z3",0.791434497856562,0.0316566794692535,0.8,"MC-PLSc",7400,2003120,1000,"continuous","normal","skewed","Symmetric",NA,1,TRUE,6.31899999995949
"462","Y=~y1",0.424175862029173,0.0362917716640996,0.4,"MC-PLSc",7400,2003120,1000,"continuous","normal","skewed","Symmetric",NA,1,TRUE,6.31899999995949
"463","Y=~y2",0.716883716882511,0.0225430239349643,0.7,"MC-PLSc",7400,2003120,1000,"continuous","normal","skewed","Symmetric",NA,1,TRUE,6.31899999995949
"464","Y=~y3",0.907294715786209,0.0209846105316754,0.9,"MC-PLSc",7400,2003120,1000,"continuous","normal","skewed","Symmetric",NA,1,TRUE,6.31899999995949
"465","Y~X",0.376744729858674,0.0334646163161679,0.4,"MC-PLSc",7400,2003120,1000,"continuous","normal","skewed","Symmetric",NA,1,TRUE,6.31899999995949
"466","Y~Z",0.420844792036318,0.0374198457580799,0.5,"MC-PLSc",7400,2003120,1000,"continuous","normal","skewed","Symmetric",NA,1,TRUE,6.31899999995949
"467","Y~X:Z",0.295374707473579,0.0379412025748314,0.3,"MC-PLSc",7400,2003120,1000,"continuous","normal","skewed","Symmetric",NA,1,TRUE,6.31899999995949
"468","X~~Z",0.233526261030711,0.0421035454016977,0.2,"MC-PLSc",7400,2003120,1000,"continuous","normal","skewed","Symmetric",NA,1,TRUE,6.31899999995949
"469","X=~x1",0.355853766649982,0.0578611846859157,0.4,"PLSc",7400,2003120,1000,"continuous","normal","skewed","Symmetric",NA,1,TRUE,1.38900000002468
"470","X=~x2",0.745942521453789,0.0379920060400771,0.8,"PLSc",7400,2003120,1000,"continuous","normal","skewed","Symmetric",NA,1,TRUE,1.38900000002468
"471","X=~x3",0.834053735288995,0.0379580829648378,0.8,"PLSc",7400,2003120,1000,"continuous","normal","skewed","Symmetric",NA,1,TRUE,1.38900000002468
"472","Z=~z1",0.464391827670425,0.0502239102780636,0.6,"PLSc",7400,2003120,1000,"continuous","normal","skewed","Symmetric",NA,1,TRUE,1.38900000002468
"473","Z=~z2",0.673199260242405,0.040047297255369,0.6,"PLSc",7400,2003120,1000,"continuous","normal","skewed","Symmetric",NA,1,TRUE,1.38900000002468
"474","Z=~z3",0.814462099404488,0.0378907829477185,0.8,"PLSc",7400,2003120,1000,"continuous","normal","skewed","Symmetric",NA,1,TRUE,1.38900000002468
"475","Y=~y1",0.379575721217464,0.0487774152595175,0.4,"PLSc",7400,2003120,1000,"continuous","normal","skewed","Symmetric",NA,1,TRUE,1.38900000002468
"476","Y=~y2",0.739898366038823,0.0273488876380195,0.7,"PLSc",7400,2003120,1000,"continuous","normal","skewed","Symmetric",NA,1,TRUE,1.38900000002468
"477","Y=~y3",0.915823864206338,0.0255942090534779,0.9,"PLSc",7400,2003120,1000,"continuous","normal","skewed","Symmetric",NA,1,TRUE,1.38900000002468
"478","Y~X",0.38373029799885,0.0375373243216781,0.4,"PLSc",7400,2003120,1000,"continuous","normal","skewed","Symmetric",NA,1,TRUE,1.38900000002468
"479","Y~Z",0.406229561647009,0.0384192735568966,0.5,"PLSc",7400,2003120,1000,"continuous","normal","skewed","Symmetric",NA,1,TRUE,1.38900000002468
"480","Y~X:Z",0.295537701054472,0.0461159766374842,0.3,"PLSc",7400,2003120,1000,"continuous","normal","skewed","Symmetric",NA,1,TRUE,1.38900000002468
"481","X~~Z",0.230762061161357,0.040285476620822,0.2,"PLSc",7400,2003120,1000,"continuous","normal","skewed","Symmetric",NA,1,TRUE,1.38900000002468
"482","X=~x1",0.5236046033368,0.0422778501499468,0.4,"PLS",7400,2003120,1000,"continuous","normal","skewed","Symmetric",NA,1,TRUE,0.958999999973457
"483","X=~x2",0.86512126290762,0.0136037155879749,0.8,"PLS",7400,2003120,1000,"continuous","normal","skewed","Symmetric",NA,1,TRUE,0.958999999973457
"484","X=~x3",0.887180677886565,0.0113398634666014,0.8,"PLS",7400,2003120,1000,"continuous","normal","skewed","Symmetric",NA,1,TRUE,0.958999999973457
"485","Z=~z1",0.703549346605848,0.0274052893769848,0.6,"PLS",7400,2003120,1000,"continuous","normal","skewed","Symmetric",NA,1,TRUE,0.958999999973457
"486","Z=~z2",0.781547244713545,0.020940541139141,0.6,"PLS",7400,2003120,1000,"continuous","normal","skewed","Symmetric",NA,1,TRUE,0.958999999973457
"487","Z=~z3",0.860915671743546,0.0121922868846085,0.8,"PLS",7400,2003120,1000,"continuous","normal","skewed","Symmetric",NA,1,TRUE,0.958999999973457
"488","Y=~y1",0.586867692604999,0.037305865915344,0.4,"PLS",7400,2003120,1000,"continuous","normal","skewed","Symmetric",NA,1,TRUE,0.958999999973457
"489","Y=~y2",0.851355843538908,0.0111677538291827,0.7,"PLS",7400,2003120,1000,"continuous","normal","skewed","Symmetric",NA,1,TRUE,0.958999999973457
"490","Y=~y3",0.911672926249541,0.00616890458440997,0.9,"PLS",7400,2003120,1000,"continuous","normal","skewed","Symmetric",NA,1,TRUE,0.958999999973457
"491","Y~X",0.315972991041817,0.0255965946394912,0.4,"PLS",7400,2003120,1000,"continuous","normal","skewed","Symmetric",NA,1,TRUE,0.958999999973457
"492","Y~Z",0.3338414327089,0.0256787805170486,0.5,"PLS",7400,2003120,1000,"continuous","normal","skewed","Symmetric",NA,1,TRUE,0.958999999973457
"493","Y~X:Z",0.201180819014091,0.0264565993326432,0.3,"PLS",7400,2003120,1000,"continuous","normal","skewed","Symmetric",NA,1,TRUE,0.958999999973457
"494","X~~Z",0.17353979220363,0.0303581196511328,0.2,"PLS",7400,2003120,1000,"continuous","normal","skewed","Symmetric",NA,1,TRUE,0.958999999973457
"495","X=~x1",0.377,0.032,0.4,"Mplus",7400,2003120,1000,"continuous","normal","skewed","Symmetric",NA,1,TRUE,7.31599999999162
"496","X=~x2",0.773,0.023,0.8,"Mplus",7400,2003120,1000,"continuous","normal","skewed","Symmetric",NA,1,TRUE,7.31599999999162
"497","X=~x3",0.783,0.025,0.8,"Mplus",7400,2003120,1000,"continuous","normal","skewed","Symmetric",NA,1,TRUE,7.31599999999162
"498","Z=~z1",0.577,0.028,0.6,"Mplus",7400,2003120,1000,"continuous","normal","skewed","Symmetric",NA,1,TRUE,7.31599999999162
"499","Z=~z2",0.6,0.028,0.6,"Mplus",7400,2003120,1000,"continuous","normal","skewed","Symmetric",NA,1,TRUE,7.31599999999162
"500","Z=~z3",0.783,0.025,0.8,"Mplus",7400,2003120,1000,"continuous","normal","skewed","Symmetric",NA,1,TRUE,7.31599999999162
"501","Y=~y1",0.453,0.03,0.4,"Mplus",7400,2003120,1000,"continuous","normal","skewed","Symmetric",NA,1,TRUE,7.31599999999162
"502","Y=~y2",0.704,0.02,0.7,"Mplus",7400,2003120,1000,"continuous","normal","skewed","Symmetric",NA,1,TRUE,7.31599999999162
"503","Y=~y3",0.901,0.02,0.9,"Mplus",7400,2003120,1000,"continuous","normal","skewed","Symmetric",NA,1,TRUE,7.31599999999162
"504","Y~X",0.399,0.031,0.4,"Mplus",7400,2003120,1000,"continuous","normal","skewed","Symmetric",NA,1,TRUE,7.31599999999162
"505","Y~Z",0.431,0.033,0.5,"Mplus",7400,2003120,1000,"continuous","normal","skewed","Symmetric",NA,1,TRUE,7.31599999999162
"506","Y~X:Z",0.309,0.035,0.3,"Mplus",7400,2003120,1000,"continuous","normal","skewed","Symmetric",NA,1,TRUE,7.31599999999162
"507","X~~Z",0.229,0.041,0.2,"Mplus",7400,2003120,1000,"continuous","normal","skewed","Symmetric",NA,1,TRUE,7.31599999999162
"508","X=~x1",0.378492899010429,0.0310765425437576,0.4,"LSAM",7400,2003120,1000,"continuous","normal","skewed","Symmetric",NA,1,TRUE,0.441000000049826
"509","X=~x2",0.77984842504587,0.0541009409565947,0.8,"LSAM",7400,2003120,1000,"continuous","normal","skewed","Symmetric",NA,1,TRUE,0.441000000049826
"510","X=~x3",0.782026276747153,0.0540945669217456,0.8,"LSAM",7400,2003120,1000,"continuous","normal","skewed","Symmetric",NA,1,TRUE,0.441000000049826
"511","Z=~z1",0.615490027640262,0.0212200966535299,0.6,"LSAM",7400,2003120,1000,"continuous","normal","skewed","Symmetric",NA,1,TRUE,0.441000000049826
"512","Z=~z2",0.59818019625358,0.039055138939127,0.6,"LSAM",7400,2003120,1000,"continuous","normal","skewed","Symmetric",NA,1,TRUE,0.441000000049826
"513","Z=~z3",0.760232668139857,0.0425383416993955,0.8,"LSAM",7400,2003120,1000,"continuous","normal","skewed","Symmetric",NA,1,TRUE,0.441000000049826
"514","Y=~y1",0.454176470605628,0.0154155423518141,0.4,"LSAM",7400,2003120,1000,"continuous","normal","skewed","Symmetric",NA,1,TRUE,0.441000000049826
"515","Y=~y2",0.694425172338615,0.0356372573952007,0.7,"LSAM",7400,2003120,1000,"continuous","normal","skewed","Symmetric",NA,1,TRUE,0.441000000049826
"516","Y=~y3",0.907498294282734,0.0388170554309365,0.9,"LSAM",7400,2003120,1000,"continuous","normal","skewed","Symmetric",NA,1,TRUE,0.441000000049826
"517","Y~X",0.391057285594932,0.0368217499138534,0.4,"LSAM",7400,2003120,1000,"continuous","normal","skewed","Symmetric",NA,1,TRUE,0.441000000049826
"518","Y~Z",0.411313295220568,0.0434879635643571,0.5,"LSAM",7400,2003120,1000,"continuous","normal","skewed","Symmetric",NA,1,TRUE,0.441000000049826
"519","Y~X:Z",0.297005079401397,0.0389254854943216,0.3,"LSAM",7400,2003120,1000,"continuous","normal","skewed","Symmetric",NA,1,TRUE,0.441000000049826
"520","X~~Z",0.233062164793219,0.0414900585021519,0.2,"LSAM",7400,2003120,1000,"continuous","normal","skewed","Symmetric",NA,1,TRUE,0.441000000049826
"521","X=~x1",0.370999261249181,0.0821810007229317,0.4,"MC-PLSc",7401,7108735,300,"continuous","skewed","skewed","Symmetric",NA,1,TRUE,6.40500000002794
"522","X=~x2",0.908080266610793,0.039648186460023,0.8,"MC-PLSc",7401,7108735,300,"continuous","skewed","skewed","Symmetric",NA,1,TRUE,6.40500000002794
"523","X=~x3",0.798759850907689,0.0629853354555119,0.8,"MC-PLSc",7401,7108735,300,"continuous","skewed","skewed","Symmetric",NA,1,TRUE,6.40500000002794
"524","Z=~z1",0.538676557854723,0.0644353649672105,0.6,"MC-PLSc",7401,7108735,300,"continuous","skewed","skewed","Symmetric",NA,1,TRUE,6.40500000002794
"525","Z=~z2",0.569373076085771,0.0608412365993778,0.6,"MC-PLSc",7401,7108735,300,"continuous","skewed","skewed","Symmetric",NA,1,TRUE,6.40500000002794
"526","Z=~z3",0.717869576398949,0.064996500869778,0.8,"MC-PLSc",7401,7108735,300,"continuous","skewed","skewed","Symmetric",NA,1,TRUE,6.40500000002794
"527","Y=~y1",0.440912467402486,0.0668928133944715,0.4,"MC-PLSc",7401,7108735,300,"continuous","skewed","skewed","Symmetric",NA,1,TRUE,6.40500000002794
"528","Y=~y2",0.686633776189823,0.0520527834668148,0.7,"MC-PLSc",7401,7108735,300,"continuous","skewed","skewed","Symmetric",NA,1,TRUE,6.40500000002794
"529","Y=~y3",0.954280505444913,0.0319927094483074,0.9,"MC-PLSc",7401,7108735,300,"continuous","skewed","skewed","Symmetric",NA,1,TRUE,6.40500000002794
"530","Y~X",0.480368207468194,0.064335804562715,0.4,"MC-PLSc",7401,7108735,300,"continuous","skewed","skewed","Symmetric",NA,1,TRUE,6.40500000002794
"531","Y~Z",0.459367832569494,0.0586455141951067,0.5,"MC-PLSc",7401,7108735,300,"continuous","skewed","skewed","Symmetric",NA,1,TRUE,6.40500000002794
"532","Y~X:Z",0.433889861960304,0.088558696574454,0.3,"MC-PLSc",7401,7108735,300,"continuous","skewed","skewed","Symmetric",NA,1,TRUE,6.40500000002794
"533","X~~Z",0.216639777744924,0.0695517968899459,0.2,"MC-PLSc",7401,7108735,300,"continuous","skewed","skewed","Symmetric",NA,1,TRUE,6.40500000002794
"534","X=~x1",0.258544548574024,0.111038369483509,0.4,"PLSc",7401,7108735,300,"continuous","skewed","skewed","Symmetric",NA,1,TRUE,1.26500000001397
"535","X=~x2",0.980344311244618,0.0450311279135067,0.8,"PLSc",7401,7108735,300,"continuous","skewed","skewed","Symmetric",NA,1,TRUE,1.26500000001397
"536","X=~x3",0.786141207811383,0.0562232553071968,0.8,"PLSc",7401,7108735,300,"continuous","skewed","skewed","Symmetric",NA,1,TRUE,1.26500000001397
"537","Z=~z1",0.546658679040792,0.0706076727203106,0.6,"PLSc",7401,7108735,300,"continuous","skewed","skewed","Symmetric",NA,1,TRUE,1.26500000001397
"538","Z=~z2",0.569174862089962,0.0714954115916702,0.6,"PLSc",7401,7108735,300,"continuous","skewed","skewed","Symmetric",NA,1,TRUE,1.26500000001397
"539","Z=~z3",0.709138993952456,0.0691676657471739,0.8,"PLSc",7401,7108735,300,"continuous","skewed","skewed","Symmetric",NA,1,TRUE,1.26500000001397
"540","Y=~y1",0.417697859056189,0.0821365522020652,0.4,"PLSc",7401,7108735,300,"continuous","skewed","skewed","Symmetric",NA,1,TRUE,1.26500000001397
"541","Y=~y2",0.683972048442595,0.0509115976576711,0.7,"PLSc",7401,7108735,300,"continuous","skewed","skewed","Symmetric",NA,1,TRUE,1.26500000001397
"542","Y=~y3",0.977554420282747,0.0351740226998011,0.9,"PLSc",7401,7108735,300,"continuous","skewed","skewed","Symmetric",NA,1,TRUE,1.26500000001397
"543","Y~X",0.447349944436263,0.114121337683077,0.4,"PLSc",7401,7108735,300,"continuous","skewed","skewed","Symmetric",NA,1,TRUE,1.26500000001397
"544","Y~Z",0.401955616725759,0.234408718381866,0.5,"PLSc",7401,7108735,300,"continuous","skewed","skewed","Symmetric",NA,1,TRUE,1.26500000001397
"545","Y~X:Z",0.489235097997046,0.823386542894029,0.3,"PLSc",7401,7108735,300,"continuous","skewed","skewed","Symmetric",NA,1,TRUE,1.26500000001397
"546","X~~Z",0.21269464480485,0.0708786890552251,0.2,"PLSc",7401,7108735,300,"continuous","skewed","skewed","Symmetric",NA,1,TRUE,1.26500000001397
"547","X=~x1",0.521395872060203,0.0910915603203422,0.4,"PLS",7401,7108735,300,"continuous","skewed","skewed","Symmetric",NA,1,TRUE,0.905999999959022
"548","X=~x2",0.92356022900994,0.0113754694594326,0.8,"PLS",7401,7108735,300,"continuous","skewed","skewed","Symmetric",NA,1,TRUE,0.905999999959022
"549","X=~x3",0.896497399330107,0.0217396326482721,0.8,"PLS",7401,7108735,300,"continuous","skewed","skewed","Symmetric",NA,1,TRUE,0.905999999959022
"550","Z=~z1",0.71015429222923,0.0488004925009386,0.6,"PLS",7401,7108735,300,"continuous","skewed","skewed","Symmetric",NA,1,TRUE,0.905999999959022
"551","Z=~z2",0.736002768409912,0.0439155492513098,0.6,"PLS",7401,7108735,300,"continuous","skewed","skewed","Symmetric",NA,1,TRUE,0.905999999959022
"552","Z=~z3",0.82882015250135,0.0291799308461564,0.8,"PLS",7401,7108735,300,"continuous","skewed","skewed","Symmetric",NA,1,TRUE,0.905999999959022
"553","Y=~y1",0.609066077613355,0.0729292348655659,0.4,"PLS",7401,7108735,300,"continuous","skewed","skewed","Symmetric",NA,1,TRUE,0.905999999959022
"554","Y=~y2",0.837424097190613,0.027281572391319,0.7,"PLS",7401,7108735,300,"continuous","skewed","skewed","Symmetric",NA,1,TRUE,0.905999999959022
"555","Y=~y3",0.922308073703583,0.00910965635914319,0.9,"PLS",7401,7108735,300,"continuous","skewed","skewed","Symmetric",NA,1,TRUE,0.905999999959022
"556","Y~X",0.429725369360283,0.0587613117440336,0.4,"PLS",7401,7108735,300,"continuous","skewed","skewed","Symmetric",NA,1,TRUE,0.905999999959022
"557","Y~Z",0.346375509564154,0.048476353509166,0.5,"PLS",7401,7108735,300,"continuous","skewed","skewed","Symmetric",NA,1,TRUE,0.905999999959022
"558","Y~X:Z",0.299886402033483,0.0662802504030942,0.3,"PLS",7401,7108735,300,"continuous","skewed","skewed","Symmetric",NA,1,TRUE,0.905999999959022
"559","X~~Z",0.161903330900545,0.0533947322639202,0.2,"PLS",7401,7108735,300,"continuous","skewed","skewed","Symmetric",NA,1,TRUE,0.905999999959022
"560","X=~x1",0.402,0.068,0.4,"Mplus",7401,7108735,300,"continuous","skewed","skewed","Symmetric",NA,1,TRUE,2.4660000000149
"561","X=~x2",0.874,0.037,0.8,"Mplus",7401,7108735,300,"continuous","skewed","skewed","Symmetric",NA,1,TRUE,2.4660000000149
"562","X=~x3",0.781,0.042,0.8,"Mplus",7401,7108735,300,"continuous","skewed","skewed","Symmetric",NA,1,TRUE,2.4660000000149
"563","Z=~z1",0.531,0.062,0.6,"Mplus",7401,7108735,300,"continuous","skewed","skewed","Symmetric",NA,1,TRUE,2.4660000000149
"564","Z=~z2",0.569,0.056,0.6,"Mplus",7401,7108735,300,"continuous","skewed","skewed","Symmetric",NA,1,TRUE,2.4660000000149
"565","Z=~z3",0.693,0.058,0.8,"Mplus",7401,7108735,300,"continuous","skewed","skewed","Symmetric",NA,1,TRUE,2.4660000000149
"566","Y=~y1",0.427,0.059,0.4,"Mplus",7401,7108735,300,"continuous","skewed","skewed","Symmetric",NA,1,TRUE,2.4660000000149
"567","Y=~y2",0.655,0.042,0.7,"Mplus",7401,7108735,300,"continuous","skewed","skewed","Symmetric",NA,1,TRUE,2.4660000000149
"568","Y=~y3",0.93,0.028,0.9,"Mplus",7401,7108735,300,"continuous","skewed","skewed","Symmetric",NA,1,TRUE,2.4660000000149
"569","Y~X",0.454,0.062,0.4,"Mplus",7401,7108735,300,"continuous","skewed","skewed","Symmetric",NA,1,TRUE,2.4660000000149
"570","Y~Z",0.47,0.055,0.5,"Mplus",7401,7108735,300,"continuous","skewed","skewed","Symmetric",NA,1,TRUE,2.4660000000149
"571","Y~X:Z",0.481,0.062,0.3,"Mplus",7401,7108735,300,"continuous","skewed","skewed","Symmetric",NA,1,TRUE,2.4660000000149
"572","X~~Z",0.28,0.061,0.2,"Mplus",7401,7108735,300,"continuous","skewed","skewed","Symmetric",NA,1,TRUE,2.4660000000149
"573","X=~x1",0.446435451090093,0.0605704059029193,0.4,"LSAM",7401,7108735,300,"continuous","skewed","skewed","Symmetric",NA,1,TRUE,0.433000000019092
"574","X=~x2",0.775182286138361,0.0769531970666018,0.8,"LSAM",7401,7108735,300,"continuous","skewed","skewed","Symmetric",NA,1,TRUE,0.433000000019092
"575","X=~x3",0.88903419255322,0.0683042209128523,0.8,"LSAM",7401,7108735,300,"continuous","skewed","skewed","Symmetric",NA,1,TRUE,0.433000000019092
"576","Z=~z1",0.527650790516241,0.0475139063374541,0.6,"LSAM",7401,7108735,300,"continuous","skewed","skewed","Symmetric",NA,1,TRUE,0.433000000019092
"577","Z=~z2",0.566730717113403,0.08766627846491,0.6,"LSAM",7401,7108735,300,"continuous","skewed","skewed","Symmetric",NA,1,TRUE,0.433000000019092
"578","Z=~z3",0.731508052329801,0.101410121224619,0.8,"LSAM",7401,7108735,300,"continuous","skewed","skewed","Symmetric",NA,1,TRUE,0.433000000019092
"579","Y=~y1",0.461403287277859,0.0391508115806135,0.4,"LSAM",7401,7108735,300,"continuous","skewed","skewed","Symmetric",NA,1,TRUE,0.433000000019092
"580","Y=~y2",0.700411951497293,0.0681892271301986,0.7,"LSAM",7401,7108735,300,"continuous","skewed","skewed","Symmetric",NA,1,TRUE,0.433000000019092
"581","Y=~y3",0.91832270068349,0.068096402194542,0.9,"LSAM",7401,7108735,300,"continuous","skewed","skewed","Symmetric",NA,1,TRUE,0.433000000019092
"582","Y~X",0.479578220960582,0.0914706403317052,0.4,"LSAM",7401,7108735,300,"continuous","skewed","skewed","Symmetric",NA,1,TRUE,0.433000000019092
"583","Y~Z",0.458608876039533,0.104371631875776,0.5,"LSAM",7401,7108735,300,"continuous","skewed","skewed","Symmetric",NA,1,TRUE,0.433000000019092
"584","Y~X:Z",0.468575121892502,0.21745954331499,0.3,"LSAM",7401,7108735,300,"continuous","skewed","skewed","Symmetric",NA,1,TRUE,0.433000000019092
"585","X~~Z",0.181096327280385,0.0672316648720395,0.2,"LSAM",7401,7108735,300,"continuous","skewed","skewed","Symmetric",NA,1,TRUE,0.433000000019092
"586","X=~x1",0.387457735893101,0.03690696639029,0.4,"MC-PLSc",7402,3590665,1000,"continuous","skewed","skewed","Symmetric",NA,1,TRUE,6.62199999997392
"587","X=~x2",0.812646164437305,0.035167703237691,0.8,"MC-PLSc",7402,3590665,1000,"continuous","skewed","skewed","Symmetric",NA,1,TRUE,6.62199999997392
"588","X=~x3",0.812941740763556,0.0301397349053593,0.8,"MC-PLSc",7402,3590665,1000,"continuous","skewed","skewed","Symmetric",NA,1,TRUE,6.62199999997392
"589","Z=~z1",0.622415360151085,0.0284133843809843,0.6,"MC-PLSc",7402,3590665,1000,"continuous","skewed","skewed","Symmetric",NA,1,TRUE,6.62199999997392
"590","Z=~z2",0.631099813226723,0.0326157822913376,0.6,"MC-PLSc",7402,3590665,1000,"continuous","skewed","skewed","Symmetric",NA,1,TRUE,6.62199999997392
"591","Z=~z3",0.829471005295532,0.0237423171282637,0.8,"MC-PLSc",7402,3590665,1000,"continuous","skewed","skewed","Symmetric",NA,1,TRUE,6.62199999997392
"592","Y=~y1",0.408186971138656,0.0503042377908848,0.4,"MC-PLSc",7402,3590665,1000,"continuous","skewed","skewed","Symmetric",NA,1,TRUE,6.62199999997392
"593","Y=~y2",0.730284524650578,0.0424674548061697,0.7,"MC-PLSc",7402,3590665,1000,"continuous","skewed","skewed","Symmetric",NA,1,TRUE,6.62199999997392
"594","Y=~y3",0.920670585476007,0.0217684344467226,0.9,"MC-PLSc",7402,3590665,1000,"continuous","skewed","skewed","Symmetric",NA,1,TRUE,6.62199999997392
"595","Y~X",0.383316342383945,0.0348085040411057,0.4,"MC-PLSc",7402,3590665,1000,"continuous","skewed","skewed","Symmetric",NA,1,TRUE,6.62199999997392
"596","Y~Z",0.574149502095562,0.0338013637182528,0.5,"MC-PLSc",7402,3590665,1000,"continuous","skewed","skewed","Symmetric",NA,1,TRUE,6.62199999997392
"597","Y~X:Z",0.416577965545515,0.0571993793701591,0.3,"MC-PLSc",7402,3590665,1000,"continuous","skewed","skewed","Symmetric",NA,1,TRUE,6.62199999997392
"598","X~~Z",0.143735858858784,0.0455438372118665,0.2,"MC-PLSc",7402,3590665,1000,"continuous","skewed","skewed","Symmetric",NA,1,TRUE,6.62199999997392
"599","X=~x1",0.382878605770026,0.0553572352412742,0.4,"PLSc",7402,3590665,1000,"continuous","skewed","skewed","Symmetric",NA,1,TRUE,1.3300000000163
"600","X=~x2",0.787332535712618,0.0450903330054216,0.8,"PLSc",7402,3590665,1000,"continuous","skewed","skewed","Symmetric",NA,1,TRUE,1.3300000000163
"601","X=~x3",0.84078044518393,0.0359136283224927,0.8,"PLSc",7402,3590665,1000,"continuous","skewed","skewed","Symmetric",NA,1,TRUE,1.3300000000163
"602","Z=~z1",0.615005284577117,0.0359932251823499,0.6,"PLSc",7402,3590665,1000,"continuous","skewed","skewed","Symmetric",NA,1,TRUE,1.3300000000163
"603","Z=~z2",0.634115988126281,0.0345923876228935,0.6,"PLSc",7402,3590665,1000,"continuous","skewed","skewed","Symmetric",NA,1,TRUE,1.3300000000163
"604","Z=~z3",0.832624321886697,0.0252980806227537,0.8,"PLSc",7402,3590665,1000,"continuous","skewed","skewed","Symmetric",NA,1,TRUE,1.3300000000163
"605","Y=~y1",0.404834171307703,0.0482817211385234,0.4,"PLSc",7402,3590665,1000,"continuous","skewed","skewed","Symmetric",NA,1,TRUE,1.3300000000163
"606","Y=~y2",0.73295701486916,0.0404168186176595,0.7,"PLSc",7402,3590665,1000,"continuous","skewed","skewed","Symmetric",NA,1,TRUE,1.3300000000163
"607","Y=~y3",0.917541469489154,0.0243504506259341,0.9,"PLSc",7402,3590665,1000,"continuous","skewed","skewed","Symmetric",NA,1,TRUE,1.3300000000163
"608","Y~X",0.364761224009528,0.0393813504089076,0.4,"PLSc",7402,3590665,1000,"continuous","skewed","skewed","Symmetric",NA,1,TRUE,1.3300000000163
"609","Y~Z",0.558488080644194,0.0444399439675889,0.5,"PLSc",7402,3590665,1000,"continuous","skewed","skewed","Symmetric",NA,1,TRUE,1.3300000000163
"610","Y~X:Z",0.331002531685038,0.0494243612541058,0.3,"PLSc",7402,3590665,1000,"continuous","skewed","skewed","Symmetric",NA,1,TRUE,1.3300000000163
"611","X~~Z",0.143108045169075,0.0455098385844344,0.2,"PLSc",7402,3590665,1000,"continuous","skewed","skewed","Symmetric",NA,1,TRUE,1.3300000000163
"612","X=~x1",0.544446787525765,0.0411689531703068,0.4,"PLS",7402,3590665,1000,"continuous","skewed","skewed","Symmetric",NA,1,TRUE,0.969000000040978
"613","X=~x2",0.88816250684545,0.0125352075145068,0.8,"PLS",7402,3590665,1000,"continuous","skewed","skewed","Symmetric",NA,1,TRUE,0.969000000040978
"614","X=~x3",0.888702918572115,0.0104818526500066,0.8,"PLS",7402,3590665,1000,"continuous","skewed","skewed","Symmetric",NA,1,TRUE,0.969000000040978
"615","Z=~z1",0.766830656681993,0.0208319758934528,0.6,"PLS",7402,3590665,1000,"continuous","skewed","skewed","Symmetric",NA,1,TRUE,0.969000000040978
"616","Z=~z2",0.773945129262394,0.0202932685680678,0.6,"PLS",7402,3590665,1000,"continuous","skewed","skewed","Symmetric",NA,1,TRUE,0.969000000040978
"617","Z=~z3",0.875181388115155,0.00903222181979124,0.8,"PLS",7402,3590665,1000,"continuous","skewed","skewed","Symmetric",NA,1,TRUE,0.969000000040978
"618","Y=~y1",0.569736411128723,0.0465339918427929,0.4,"PLS",7402,3590665,1000,"continuous","skewed","skewed","Symmetric",NA,1,TRUE,0.969000000040978
"619","Y=~y2",0.860861916659675,0.0192192495550402,0.7,"PLS",7402,3590665,1000,"continuous","skewed","skewed","Symmetric",NA,1,TRUE,0.969000000040978
"620","Y=~y3",0.916797552608848,0.00778842944263334,0.9,"PLS",7402,3590665,1000,"continuous","skewed","skewed","Symmetric",NA,1,TRUE,0.969000000040978
"621","Y~X",0.324463673459898,0.02721339874494,0.4,"PLS",7402,3590665,1000,"continuous","skewed","skewed","Symmetric",NA,1,TRUE,0.969000000040978
"622","Y~Z",0.459446276597386,0.0291985542389628,0.5,"PLS",7402,3590665,1000,"continuous","skewed","skewed","Symmetric",NA,1,TRUE,0.969000000040978
"623","Y~X:Z",0.294547992648226,0.0433889358705644,0.3,"PLS",7402,3590665,1000,"continuous","skewed","skewed","Symmetric",NA,1,TRUE,0.969000000040978
"624","X~~Z",0.111024556113504,0.0353611489640397,0.2,"PLS",7402,3590665,1000,"continuous","skewed","skewed","Symmetric",NA,1,TRUE,0.969000000040978
"625","X=~x1",0.39,0.033,0.4,"Mplus",7402,3590665,1000,"continuous","skewed","skewed","Symmetric",NA,1,TRUE,8.59700000000885
"626","X=~x2",0.82,0.022,0.8,"Mplus",7402,3590665,1000,"continuous","skewed","skewed","Symmetric",NA,1,TRUE,8.59700000000885
"627","X=~x3",0.791,0.023,0.8,"Mplus",7402,3590665,1000,"continuous","skewed","skewed","Symmetric",NA,1,TRUE,8.59700000000885
"628","Z=~z1",0.632,0.028,0.6,"Mplus",7402,3590665,1000,"continuous","skewed","skewed","Symmetric",NA,1,TRUE,8.59700000000885
"629","Z=~z2",0.632,0.031,0.6,"Mplus",7402,3590665,1000,"continuous","skewed","skewed","Symmetric",NA,1,TRUE,8.59700000000885
"630","Z=~z3",0.813,0.023,0.8,"Mplus",7402,3590665,1000,"continuous","skewed","skewed","Symmetric",NA,1,TRUE,8.59700000000885
"631","Y=~y1",0.368,0.028,0.4,"Mplus",7402,3590665,1000,"continuous","skewed","skewed","Symmetric",NA,1,TRUE,8.59700000000885
"632","Y=~y2",0.686,0.024,0.7,"Mplus",7402,3590665,1000,"continuous","skewed","skewed","Symmetric",NA,1,TRUE,8.59700000000885
"633","Y=~y3",0.897,0.016,0.9,"Mplus",7402,3590665,1000,"continuous","skewed","skewed","Symmetric",NA,1,TRUE,8.59700000000885
"634","Y~X",0.44,0.03,0.4,"Mplus",7402,3590665,1000,"continuous","skewed","skewed","Symmetric",NA,1,TRUE,8.59700000000885
"635","Y~Z",0.576,0.031,0.5,"Mplus",7402,3590665,1000,"continuous","skewed","skewed","Symmetric",NA,1,TRUE,8.59700000000885
"636","Y~X:Z",0.425,0.034,0.3,"Mplus",7402,3590665,1000,"continuous","skewed","skewed","Symmetric",NA,1,TRUE,8.59700000000885
"637","X~~Z",0.177,0.043,0.2,"Mplus",7402,3590665,1000,"continuous","skewed","skewed","Symmetric",NA,1,TRUE,8.59700000000885
"638","X=~x1",0.392815342671073,0.0335236971775158,0.4,"LSAM",7402,3590665,1000,"continuous","skewed","skewed","Symmetric",NA,1,TRUE,0.438999999954831
"639","X=~x2",0.870219075515659,0.0467891776059856,0.8,"LSAM",7402,3590665,1000,"continuous","skewed","skewed","Symmetric",NA,1,TRUE,0.438999999954831
"640","X=~x3",0.753956114654754,0.0500677448433147,0.8,"LSAM",7402,3590665,1000,"continuous","skewed","skewed","Symmetric",NA,1,TRUE,0.438999999954831
"641","Z=~z1",0.628157078143379,0.0273264119275266,0.6,"LSAM",7402,3590665,1000,"continuous","skewed","skewed","Symmetric",NA,1,TRUE,0.438999999954831
"642","Z=~z2",0.62884064721106,0.0391670089975746,0.6,"LSAM",7402,3590665,1000,"continuous","skewed","skewed","Symmetric",NA,1,TRUE,0.438999999954831
"643","Z=~z3",0.824595273586394,0.0378939984633739,0.8,"LSAM",7402,3590665,1000,"continuous","skewed","skewed","Symmetric",NA,1,TRUE,0.438999999954831
"644","Y=~y1",0.410029198634485,0.038711291497544,0.4,"LSAM",7402,3590665,1000,"continuous","skewed","skewed","Symmetric",NA,1,TRUE,0.438999999954831
"645","Y=~y2",0.721414580460941,0.051714648618186,0.7,"LSAM",7402,3590665,1000,"continuous","skewed","skewed","Symmetric",NA,1,TRUE,0.438999999954831
"646","Y=~y3",0.926367463886774,0.0419147435048578,0.9,"LSAM",7402,3590665,1000,"continuous","skewed","skewed","Symmetric",NA,1,TRUE,0.438999999954831
"647","Y~X",0.369764796062855,0.0538118395070019,0.4,"LSAM",7402,3590665,1000,"continuous","skewed","skewed","Symmetric",NA,1,TRUE,0.438999999954831
"648","Y~Z",0.552142817400021,0.0643308563299368,0.5,"LSAM",7402,3590665,1000,"continuous","skewed","skewed","Symmetric",NA,1,TRUE,0.438999999954831
"649","Y~X:Z",0.342047615020818,0.0341447042197433,0.3,"LSAM",7402,3590665,1000,"continuous","skewed","skewed","Symmetric",NA,1,TRUE,0.438999999954831
"650","X~~Z",0.14124908158967,0.0425132711251208,0.2,"LSAM",7402,3590665,1000,"continuous","skewed","skewed","Symmetric",NA,1,TRUE,0.438999999954831
"651","X=~x1",0.392303428776654,0.0724371126511417,0.4,"MC-PLSc",7403,5861728,300,"continuous","uniform","skewed","Symmetric",NA,1,TRUE,6.19900000002235
"652","X=~x2",0.858645655103116,0.0472249055801038,0.8,"MC-PLSc",7403,5861728,300,"continuous","uniform","skewed","Symmetric",NA,1,TRUE,6.19900000002235
"653","X=~x3",0.742287457044018,0.0490973002884895,0.8,"MC-PLSc",7403,5861728,300,"continuous","uniform","skewed","Symmetric",NA,1,TRUE,6.19900000002235
"654","Z=~z1",0.579303710542762,0.0448437995452538,0.6,"MC-PLSc",7403,5861728,300,"continuous","uniform","skewed","Symmetric",NA,1,TRUE,6.19900000002235
"655","Z=~z2",0.640407055649705,0.0424975824715736,0.6,"MC-PLSc",7403,5861728,300,"continuous","uniform","skewed","Symmetric",NA,1,TRUE,6.19900000002235
"656","Z=~z3",0.78607061911962,0.0432888260182501,0.8,"MC-PLSc",7403,5861728,300,"continuous","uniform","skewed","Symmetric",NA,1,TRUE,6.19900000002235
"657","Y=~y1",0.460097965447414,0.0558722265601205,0.4,"MC-PLSc",7403,5861728,300,"continuous","uniform","skewed","Symmetric",NA,1,TRUE,6.19900000002235
"658","Y=~y2",0.619668831535881,0.0485870063548122,0.7,"MC-PLSc",7403,5861728,300,"continuous","uniform","skewed","Symmetric",NA,1,TRUE,6.19900000002235
"659","Y=~y3",0.873250267089689,0.0411388470971679,0.9,"MC-PLSc",7403,5861728,300,"continuous","uniform","skewed","Symmetric",NA,1,TRUE,6.19900000002235
"660","Y~X",0.331502959597291,0.0693375842650943,0.4,"MC-PLSc",7403,5861728,300,"continuous","uniform","skewed","Symmetric",NA,1,TRUE,6.19900000002235
"661","Y~Z",0.592303539850335,0.0638751356157729,0.5,"MC-PLSc",7403,5861728,300,"continuous","uniform","skewed","Symmetric",NA,1,TRUE,6.19900000002235
"662","Y~X:Z",0.187439988900935,0.0708789013969792,0.3,"MC-PLSc",7403,5861728,300,"continuous","uniform","skewed","Symmetric",NA,1,TRUE,6.19900000002235
"663","X~~Z",0.274931746933966,0.0794031569791481,0.2,"MC-PLSc",7403,5861728,300,"continuous","uniform","skewed","Symmetric",NA,1,TRUE,6.19900000002235
"664","X=~x1",0.412474400342367,0.104300051557416,0.4,"PLSc",7403,5861728,300,"continuous","uniform","skewed","Symmetric",NA,1,TRUE,1.2960000000312
"665","X=~x2",0.863842225476369,0.066969323889633,0.8,"PLSc",7403,5861728,300,"continuous","uniform","skewed","Symmetric",NA,1,TRUE,1.2960000000312
"666","X=~x3",0.719601485601998,0.0646327635457807,0.8,"PLSc",7403,5861728,300,"continuous","uniform","skewed","Symmetric",NA,1,TRUE,1.2960000000312
"667","Z=~z1",0.569370563002748,0.0602282089061709,0.6,"PLSc",7403,5861728,300,"continuous","uniform","skewed","Symmetric",NA,1,TRUE,1.2960000000312
"668","Z=~z2",0.655002241522726,0.0534033014909307,0.6,"PLSc",7403,5861728,300,"continuous","uniform","skewed","Symmetric",NA,1,TRUE,1.2960000000312
"669","Z=~z3",0.777850737185889,0.0580486401043236,0.8,"PLSc",7403,5861728,300,"continuous","uniform","skewed","Symmetric",NA,1,TRUE,1.2960000000312
"670","Y=~y1",0.460466942639292,0.0707885342298367,0.4,"PLSc",7403,5861728,300,"continuous","uniform","skewed","Symmetric",NA,1,TRUE,1.2960000000312
"671","Y=~y2",0.648786248654481,0.0561742611693311,0.7,"PLSc",7403,5861728,300,"continuous","uniform","skewed","Symmetric",NA,1,TRUE,1.2960000000312
"672","Y=~y3",0.838557807601339,0.0465660801703318,0.9,"PLSc",7403,5861728,300,"continuous","uniform","skewed","Symmetric",NA,1,TRUE,1.2960000000312
"673","Y~X",0.307570140594916,0.0727219386666626,0.4,"PLSc",7403,5861728,300,"continuous","uniform","skewed","Symmetric",NA,1,TRUE,1.2960000000312
"674","Y~Z",0.619264457235778,0.0714255223706414,0.5,"PLSc",7403,5861728,300,"continuous","uniform","skewed","Symmetric",NA,1,TRUE,1.2960000000312
"675","Y~X:Z",0.208753553479431,0.0868852628128325,0.3,"PLSc",7403,5861728,300,"continuous","uniform","skewed","Symmetric",NA,1,TRUE,1.2960000000312
"676","X~~Z",0.275834532029513,0.0793077050065384,0.2,"PLSc",7403,5861728,300,"continuous","uniform","skewed","Symmetric",NA,1,TRUE,1.2960000000312
"677","X=~x1",0.551166704478454,0.075770438315078,0.4,"PLS",7403,5861728,300,"continuous","uniform","skewed","Symmetric",NA,1,TRUE,0.893999999971129
"678","X=~x2",0.899305957080535,0.0170593252829286,0.8,"PLS",7403,5861728,300,"continuous","uniform","skewed","Symmetric",NA,1,TRUE,0.893999999971129
"679","X=~x3",0.861204607647226,0.0233708745986902,0.8,"PLS",7403,5861728,300,"continuous","uniform","skewed","Symmetric",NA,1,TRUE,0.893999999971129
"680","Z=~z1",0.733375798938177,0.0338431755734248,0.6,"PLS",7403,5861728,300,"continuous","uniform","skewed","Symmetric",NA,1,TRUE,0.893999999971129
"681","Z=~z2",0.781106764329449,0.0284059459757696,0.6,"PLS",7403,5861728,300,"continuous","uniform","skewed","Symmetric",NA,1,TRUE,0.893999999971129
"682","Z=~z3",0.857520131312423,0.0193186207513838,0.8,"PLS",7403,5861728,300,"continuous","uniform","skewed","Symmetric",NA,1,TRUE,0.893999999971129
"683","Y=~y1",0.63337090081588,0.0554620909964479,0.4,"PLS",7403,5861728,300,"continuous","uniform","skewed","Symmetric",NA,1,TRUE,0.893999999971129
"684","Y=~y2",0.784874638341137,0.0341957856553169,0.7,"PLS",7403,5861728,300,"continuous","uniform","skewed","Symmetric",NA,1,TRUE,0.893999999971129
"685","Y=~y3",0.894244676639749,0.0124605807888541,0.9,"PLS",7403,5861728,300,"continuous","uniform","skewed","Symmetric",NA,1,TRUE,0.893999999971129
"686","Y~X",0.287974389586976,0.0482125705517074,0.4,"PLS",7403,5861728,300,"continuous","uniform","skewed","Symmetric",NA,1,TRUE,0.893999999971129
"687","Y~Z",0.448832686632207,0.0419535139111237,0.5,"PLS",7403,5861728,300,"continuous","uniform","skewed","Symmetric",NA,1,TRUE,0.893999999971129
"688","Y~X:Z",0.126858226062831,0.0449097324841915,0.3,"PLS",7403,5861728,300,"continuous","uniform","skewed","Symmetric",NA,1,TRUE,0.893999999971129
"689","X~~Z",0.20729127858653,0.0596518445812954,0.2,"PLS",7403,5861728,300,"continuous","uniform","skewed","Symmetric",NA,1,TRUE,0.893999999971129
"690","X=~x1",0.376,0.055,0.4,"Mplus",7403,5861728,300,"continuous","uniform","skewed","Symmetric",NA,1,TRUE,2.36200000002282
"691","X=~x2",0.837,0.042,0.8,"Mplus",7403,5861728,300,"continuous","uniform","skewed","Symmetric",NA,1,TRUE,2.36200000002282
"692","X=~x3",0.759,0.034,0.8,"Mplus",7403,5861728,300,"continuous","uniform","skewed","Symmetric",NA,1,TRUE,2.36200000002282
"693","Z=~z1",0.595,0.043,0.6,"Mplus",7403,5861728,300,"continuous","uniform","skewed","Symmetric",NA,1,TRUE,2.36200000002282
"694","Z=~z2",0.63,0.042,0.6,"Mplus",7403,5861728,300,"continuous","uniform","skewed","Symmetric",NA,1,TRUE,2.36200000002282
"695","Z=~z3",0.775,0.041,0.8,"Mplus",7403,5861728,300,"continuous","uniform","skewed","Symmetric",NA,1,TRUE,2.36200000002282
"696","Y=~y1",0.471,0.051,0.4,"Mplus",7403,5861728,300,"continuous","uniform","skewed","Symmetric",NA,1,TRUE,2.36200000002282
"697","Y=~y2",0.631,0.051,0.7,"Mplus",7403,5861728,300,"continuous","uniform","skewed","Symmetric",NA,1,TRUE,2.36200000002282
"698","Y=~y3",0.858,0.04,0.9,"Mplus",7403,5861728,300,"continuous","uniform","skewed","Symmetric",NA,1,TRUE,2.36200000002282
"699","Y~X",0.361,0.068,0.4,"Mplus",7403,5861728,300,"continuous","uniform","skewed","Symmetric",NA,1,TRUE,2.36200000002282
"700","Y~Z",0.589,0.05,0.5,"Mplus",7403,5861728,300,"continuous","uniform","skewed","Symmetric",NA,1,TRUE,2.36200000002282
"701","Y~X:Z",0.233,0.088,0.3,"Mplus",7403,5861728,300,"continuous","uniform","skewed","Symmetric",NA,1,TRUE,2.36200000002282
"702","X~~Z",0.267,0.073,0.2,"Mplus",7403,5861728,300,"continuous","uniform","skewed","Symmetric",NA,1,TRUE,2.36200000002282
"703","X=~x1",0.376904922682265,0.0560340679580016,0.4,"LSAM",7403,5861728,300,"continuous","uniform","skewed","Symmetric",NA,1,TRUE,0.430999999982305
"704","X=~x2",0.840786755778742,0.0906819221229053,0.8,"LSAM",7403,5861728,300,"continuous","uniform","skewed","Symmetric",NA,1,TRUE,0.430999999982305
"705","X=~x3",0.769962025858492,0.0926668548049037,0.8,"LSAM",7403,5861728,300,"continuous","uniform","skewed","Symmetric",NA,1,TRUE,0.430999999982305
"706","Z=~z1",0.584902901982524,0.0379143353724033,0.6,"LSAM",7403,5861728,300,"continuous","uniform","skewed","Symmetric",NA,1,TRUE,0.430999999982305
"707","Z=~z2",0.619609002829863,0.0690489527354751,0.6,"LSAM",7403,5861728,300,"continuous","uniform","skewed","Symmetric",NA,1,TRUE,0.430999999982305
"708","Z=~z3",0.799777651518084,0.0746453887365087,0.8,"LSAM",7403,5861728,300,"continuous","uniform","skewed","Symmetric",NA,1,TRUE,0.430999999982305
"709","Y=~y1",0.445228763623613,0.0292218608171111,0.4,"LSAM",7403,5861728,300,"continuous","uniform","skewed","Symmetric",NA,1,TRUE,0.430999999982305
"710","Y=~y2",0.561208403844471,0.0676370423695803,0.7,"LSAM",7403,5861728,300,"continuous","uniform","skewed","Symmetric",NA,1,TRUE,0.430999999982305
"711","Y=~y3",0.963213315251464,0.0909741603106988,0.9,"LSAM",7403,5861728,300,"continuous","uniform","skewed","Symmetric",NA,1,TRUE,0.430999999982305
"712","Y~X",0.289837612747426,0.0690295574690709,0.4,"LSAM",7403,5861728,300,"continuous","uniform","skewed","Symmetric",NA,1,TRUE,0.430999999982305
"713","Y~Z",0.526511638587004,0.0624714628025971,0.5,"LSAM",7403,5861728,300,"continuous","uniform","skewed","Symmetric",NA,1,TRUE,0.430999999982305
"714","Y~X:Z",0.164042516403341,0.0673054876056009,0.3,"LSAM",7403,5861728,300,"continuous","uniform","skewed","Symmetric",NA,1,TRUE,0.430999999982305
"715","X~~Z",0.256446685336594,0.0721353055885099,0.2,"LSAM",7403,5861728,300,"continuous","uniform","skewed","Symmetric",NA,1,TRUE,0.430999999982305
"716","X=~x1",0.463609584585231,0.0341352337985217,0.4,"MC-PLSc",7404,8476024,1000,"continuous","uniform","skewed","Symmetric",NA,1,TRUE,6.27899999998044
"717","X=~x2",0.767466101619007,0.0247346168798983,0.8,"MC-PLSc",7404,8476024,1000,"continuous","uniform","skewed","Symmetric",NA,1,TRUE,6.27899999998044
"718","X=~x3",0.753713793707464,0.0264108019751814,0.8,"MC-PLSc",7404,8476024,1000,"continuous","uniform","skewed","Symmetric",NA,1,TRUE,6.27899999998044
"719","Z=~z1",0.581717252014455,0.0276714022995882,0.6,"MC-PLSc",7404,8476024,1000,"continuous","uniform","skewed","Symmetric",NA,1,TRUE,6.27899999998044
"720","Z=~z2",0.579460915808636,0.0289678327984582,0.6,"MC-PLSc",7404,8476024,1000,"continuous","uniform","skewed","Symmetric",NA,1,TRUE,6.27899999998044
"721","Z=~z3",0.832139637360265,0.0232308785563674,0.8,"MC-PLSc",7404,8476024,1000,"continuous","uniform","skewed","Symmetric",NA,1,TRUE,6.27899999998044
"722","Y=~y1",0.410352659923301,0.0293127644825773,0.4,"MC-PLSc",7404,8476024,1000,"continuous","uniform","skewed","Symmetric",NA,1,TRUE,6.27899999998044
"723","Y=~y2",0.707018029969279,0.0225073073800447,0.7,"MC-PLSc",7404,8476024,1000,"continuous","uniform","skewed","Symmetric",NA,1,TRUE,6.27899999998044
"724","Y=~y3",0.914212733998416,0.0175160392353305,0.9,"MC-PLSc",7404,8476024,1000,"continuous","uniform","skewed","Symmetric",NA,1,TRUE,6.27899999998044
"725","Y~X",0.425500746677804,0.0320590677720405,0.4,"MC-PLSc",7404,8476024,1000,"continuous","uniform","skewed","Symmetric",NA,1,TRUE,6.27899999998044
"726","Y~Z",0.517271995385383,0.0329171964837918,0.5,"MC-PLSc",7404,8476024,1000,"continuous","uniform","skewed","Symmetric",NA,1,TRUE,6.27899999998044
"727","Y~X:Z",0.27705845479599,0.0383362278253784,0.3,"MC-PLSc",7404,8476024,1000,"continuous","uniform","skewed","Symmetric",NA,1,TRUE,6.27899999998044
"728","X~~Z",0.241720692404159,0.0417236635810878,0.2,"MC-PLSc",7404,8476024,1000,"continuous","uniform","skewed","Symmetric",NA,1,TRUE,6.27899999998044
"729","X=~x1",0.494936710811935,0.0435890556839223,0.4,"PLSc",7404,8476024,1000,"continuous","uniform","skewed","Symmetric",NA,1,TRUE,1.38000000000466
"730","X=~x2",0.751197372496115,0.0356194257660954,0.8,"PLSc",7404,8476024,1000,"continuous","uniform","skewed","Symmetric",NA,1,TRUE,1.38000000000466
"731","X=~x3",0.736890209036608,0.0367681048636747,0.8,"PLSc",7404,8476024,1000,"continuous","uniform","skewed","Symmetric",NA,1,TRUE,1.38000000000466
"732","Z=~z1",0.581453130833623,0.037377722299404,0.6,"PLSc",7404,8476024,1000,"continuous","uniform","skewed","Symmetric",NA,1,TRUE,1.38000000000466
"733","Z=~z2",0.56189970533633,0.0395025282197506,0.6,"PLSc",7404,8476024,1000,"continuous","uniform","skewed","Symmetric",NA,1,TRUE,1.38000000000466
"734","Z=~z3",0.850437774838567,0.0335581653012791,0.8,"PLSc",7404,8476024,1000,"continuous","uniform","skewed","Symmetric",NA,1,TRUE,1.38000000000466
"735","Y=~y1",0.408839009848819,0.0403376258336015,0.4,"PLSc",7404,8476024,1000,"continuous","uniform","skewed","Symmetric",NA,1,TRUE,1.38000000000466
"736","Y=~y2",0.710166280760341,0.0262419802873143,0.7,"PLSc",7404,8476024,1000,"continuous","uniform","skewed","Symmetric",NA,1,TRUE,1.38000000000466
"737","Y=~y3",0.909471743408249,0.020672985911218,0.9,"PLSc",7404,8476024,1000,"continuous","uniform","skewed","Symmetric",NA,1,TRUE,1.38000000000466
"738","Y~X",0.436064501068708,0.0361657649787501,0.4,"PLSc",7404,8476024,1000,"continuous","uniform","skewed","Symmetric",NA,1,TRUE,1.38000000000466
"739","Y~Z",0.520359002111828,0.0366752617482227,0.5,"PLSc",7404,8476024,1000,"continuous","uniform","skewed","Symmetric",NA,1,TRUE,1.38000000000466
"740","Y~X:Z",0.291636198868,0.0508140045544832,0.3,"PLSc",7404,8476024,1000,"continuous","uniform","skewed","Symmetric",NA,1,TRUE,1.38000000000466
"741","X~~Z",0.241560603418565,0.0430194127148449,0.2,"PLSc",7404,8476024,1000,"continuous","uniform","skewed","Symmetric",NA,1,TRUE,1.38000000000466
"742","X=~x1",0.627529482755881,0.0309672369191461,0.4,"PLS",7404,8476024,1000,"continuous","uniform","skewed","Symmetric",NA,1,TRUE,0.933000000019092
"743","X=~x2",0.85782085347627,0.0119609611119923,0.8,"PLS",7404,8476024,1000,"continuous","uniform","skewed","Symmetric",NA,1,TRUE,0.933000000019092
"744","X=~x3",0.852989471144656,0.0130714702284844,0.8,"PLS",7404,8476024,1000,"continuous","uniform","skewed","Symmetric",NA,1,TRUE,0.933000000019092
"745","Z=~z1",0.742091493353895,0.0208582529690757,0.6,"PLS",7404,8476024,1000,"continuous","uniform","skewed","Symmetric",NA,1,TRUE,0.933000000019092
"746","Z=~z2",0.739967801800211,0.0222876123477042,0.6,"PLS",7404,8476024,1000,"continuous","uniform","skewed","Symmetric",NA,1,TRUE,0.933000000019092
"747","Z=~z3",0.876367320800854,0.00939482304481549,0.8,"PLS",7404,8476024,1000,"continuous","uniform","skewed","Symmetric",NA,1,TRUE,0.933000000019092
"748","Y=~y1",0.57371710096874,0.0348470564546959,0.4,"PLS",7404,8476024,1000,"continuous","uniform","skewed","Symmetric",NA,1,TRUE,0.933000000019092
"749","Y=~y2",0.847614972541905,0.0121392624408792,0.7,"PLS",7404,8476024,1000,"continuous","uniform","skewed","Symmetric",NA,1,TRUE,0.933000000019092
"750","Y=~y3",0.912883598011606,0.00558038470193075,0.9,"PLS",7404,8476024,1000,"continuous","uniform","skewed","Symmetric",NA,1,TRUE,0.933000000019092
"751","Y~X",0.352407035746436,0.0228913579395366,0.4,"PLS",7404,8476024,1000,"continuous","uniform","skewed","Symmetric",NA,1,TRUE,0.933000000019092
"752","Y~Z",0.417163942696999,0.0224814693396091,0.5,"PLS",7404,8476024,1000,"continuous","uniform","skewed","Symmetric",NA,1,TRUE,0.933000000019092
"753","Y~X:Z",0.189099942568887,0.0233457507369168,0.3,"PLS",7404,8476024,1000,"continuous","uniform","skewed","Symmetric",NA,1,TRUE,0.933000000019092
"754","X~~Z",0.178366648063784,0.0320680377877765,0.2,"PLS",7404,8476024,1000,"continuous","uniform","skewed","Symmetric",NA,1,TRUE,0.933000000019092
"755","X=~x1",0.452,0.028,0.4,"Mplus",7404,8476024,1000,"continuous","uniform","skewed","Symmetric",NA,1,TRUE,29.3250000000116
"756","X=~x2",0.762,0.021,0.8,"Mplus",7404,8476024,1000,"continuous","uniform","skewed","Symmetric",NA,1,TRUE,29.3250000000116
"757","X=~x3",0.758,0.022,0.8,"Mplus",7404,8476024,1000,"continuous","uniform","skewed","Symmetric",NA,1,TRUE,29.3250000000116
"758","Z=~z1",0.579,0.025,0.6,"Mplus",7404,8476024,1000,"continuous","uniform","skewed","Symmetric",NA,1,TRUE,29.3250000000116
"759","Z=~z2",0.575,0.027,0.6,"Mplus",7404,8476024,1000,"continuous","uniform","skewed","Symmetric",NA,1,TRUE,29.3250000000116
"760","Z=~z3",0.812,0.02,0.8,"Mplus",7404,8476024,1000,"continuous","uniform","skewed","Symmetric",NA,1,TRUE,29.3250000000116
"761","Y=~y1",0.422,0.029,0.4,"Mplus",7404,8476024,1000,"continuous","uniform","skewed","Symmetric",NA,1,TRUE,29.3250000000116
"762","Y=~y2",0.718,0.02,0.7,"Mplus",7404,8476024,1000,"continuous","uniform","skewed","Symmetric",NA,1,TRUE,29.3250000000116
"763","Y=~y3",0.909,0.015,0.9,"Mplus",7404,8476024,1000,"continuous","uniform","skewed","Symmetric",NA,1,TRUE,29.3250000000116
"764","Y~X",0.43,0.028,0.4,"Mplus",7404,8476024,1000,"continuous","uniform","skewed","Symmetric",NA,1,TRUE,29.3250000000116
"765","Y~Z",0.545,0.027,0.5,"Mplus",7404,8476024,1000,"continuous","uniform","skewed","Symmetric",NA,1,TRUE,29.3250000000116
"766","Y~X:Z",0.328,0.034,0.3,"Mplus",7404,8476024,1000,"continuous","uniform","skewed","Symmetric",NA,1,TRUE,29.3250000000116
"767","X~~Z",0.251,0.04,0.2,"Mplus",7404,8476024,1000,"continuous","uniform","skewed","Symmetric",NA,1,TRUE,29.3250000000116
"768","X=~x1",0.433556828626837,0.0292409884303097,0.4,"LSAM",7404,8476024,1000,"continuous","uniform","skewed","Symmetric",NA,1,TRUE,0.487000000022817
"769","X=~x2",0.777469250886244,0.0477998724756095,0.8,"LSAM",7404,8476024,1000,"continuous","uniform","skewed","Symmetric",NA,1,TRUE,0.487000000022817
"770","X=~x3",0.768645347040522,0.047814951474828,0.8,"LSAM",7404,8476024,1000,"continuous","uniform","skewed","Symmetric",NA,1,TRUE,0.487000000022817
"771","Z=~z1",0.588912062988733,0.0193531892948238,0.6,"LSAM",7404,8476024,1000,"continuous","uniform","skewed","Symmetric",NA,1,TRUE,0.487000000022817
"772","Z=~z2",0.602472051704278,0.0372568893246901,0.6,"LSAM",7404,8476024,1000,"continuous","uniform","skewed","Symmetric",NA,1,TRUE,0.487000000022817
"773","Z=~z3",0.800704885409067,0.0414502564840399,0.8,"LSAM",7404,8476024,1000,"continuous","uniform","skewed","Symmetric",NA,1,TRUE,0.487000000022817
"774","Y=~y1",0.410049909344355,0.0144046255520697,0.4,"LSAM",7404,8476024,1000,"continuous","uniform","skewed","Symmetric",NA,1,TRUE,0.487000000022817
"775","Y=~y2",0.697546326103169,0.037825701804608,0.7,"LSAM",7404,8476024,1000,"continuous","uniform","skewed","Symmetric",NA,1,TRUE,0.487000000022817
"776","Y=~y3",0.923163945486356,0.0421503412068827,0.9,"LSAM",7404,8476024,1000,"continuous","uniform","skewed","Symmetric",NA,1,TRUE,0.487000000022817
"777","Y~X",0.412557558732965,0.0351823554293864,0.4,"LSAM",7404,8476024,1000,"continuous","uniform","skewed","Symmetric",NA,1,TRUE,0.487000000022817
"778","Y~Z",0.534746241352898,0.0410600323962125,0.5,"LSAM",7404,8476024,1000,"continuous","uniform","skewed","Symmetric",NA,1,TRUE,0.487000000022817
"779","Y~X:Z",0.277088920792043,0.0397314660295817,0.3,"LSAM",7404,8476024,1000,"continuous","uniform","skewed","Symmetric",NA,1,TRUE,0.487000000022817
"780","X~~Z",0.248742783515699,0.0419570046026193,0.2,"LSAM",7404,8476024,1000,"continuous","uniform","skewed","Symmetric",NA,1,TRUE,0.487000000022817
"781","X=~x1",0.498140898024075,0.099051530350122,0.4,"MC-PLSc",7405,272117,300,"ordinal","normal","normal","Symmetric","2",1,TRUE,11.320000000007
"782","X=~x2",0.799285587031812,0.0980448585017892,0.8,"MC-PLSc",7405,272117,300,"ordinal","normal","normal","Symmetric","2",1,TRUE,11.320000000007
"783","X=~x3",0.738187063291664,0.100214787240225,0.8,"MC-PLSc",7405,272117,300,"ordinal","normal","normal","Symmetric","2",1,TRUE,11.320000000007
"784","Z=~z1",0.347722077922056,0.132235253153251,0.6,"MC-PLSc",7405,272117,300,"ordinal","normal","normal","Symmetric","2",1,TRUE,11.320000000007
"785","Z=~z2",0.47870862317763,0.134392579382336,0.6,"MC-PLSc",7405,272117,300,"ordinal","normal","normal","Symmetric","2",1,TRUE,11.320000000007
"786","Z=~z3",0.860065283098153,0.121338536338062,0.8,"MC-PLSc",7405,272117,300,"ordinal","normal","normal","Symmetric","2",1,TRUE,11.320000000007
"787","Y=~y1",0.355224299938101,0.0853667731221793,0.4,"MC-PLSc",7405,272117,300,"ordinal","normal","normal","Symmetric","2",1,TRUE,11.320000000007
"788","Y=~y2",0.837907896464316,0.0732316947308987,0.7,"MC-PLSc",7405,272117,300,"ordinal","normal","normal","Symmetric","2",1,TRUE,11.320000000007
"789","Y=~y3",0.879896338885569,0.0637885239753663,0.9,"MC-PLSc",7405,272117,300,"ordinal","normal","normal","Symmetric","2",1,TRUE,11.320000000007
"790","Y~X",0.40195832433302,0.0983553167042781,0.4,"MC-PLSc",7405,272117,300,"ordinal","normal","normal","Symmetric","2",1,TRUE,11.320000000007
"791","Y~Z",0.481928957878197,0.116100764253544,0.5,"MC-PLSc",7405,272117,300,"ordinal","normal","normal","Symmetric","2",1,TRUE,11.320000000007
"792","Y~X:Z",0.0749537311077592,0.16482774160043,0.3,"MC-PLSc",7405,272117,300,"ordinal","normal","normal","Symmetric","2",1,TRUE,11.320000000007
"793","X~~Z",0.246660679569233,0.111432953129424,0.2,"MC-PLSc",7405,272117,300,"ordinal","normal","normal","Symmetric","2",1,TRUE,11.320000000007
"794","X=~x1",0.42543509805781,0.100093475810629,0.4,"PLSc",7405,272117,300,"ordinal","normal","normal","Symmetric","2",1,TRUE,1.35099999996601
"795","X=~x2",0.673405127057659,0.103523441939156,0.8,"PLSc",7405,272117,300,"ordinal","normal","normal","Symmetric","2",1,TRUE,1.35099999996601
"796","X=~x3",0.560679871247773,0.109448221991818,0.8,"PLSc",7405,272117,300,"ordinal","normal","normal","Symmetric","2",1,TRUE,1.35099999996601
"797","Z=~z1",0.226859017809588,0.114327824907048,0.6,"PLSc",7405,272117,300,"ordinal","normal","normal","Symmetric","2",1,TRUE,1.35099999996601
"798","Z=~z2",0.382767875970963,0.102071220714173,0.6,"PLSc",7405,272117,300,"ordinal","normal","normal","Symmetric","2",1,TRUE,1.35099999996601
"799","Z=~z3",0.740716170549004,0.125675072476214,0.8,"PLSc",7405,272117,300,"ordinal","normal","normal","Symmetric","2",1,TRUE,1.35099999996601
"800","Y=~y1",0.315415434484842,0.0954552828440074,0.4,"PLSc",7405,272117,300,"ordinal","normal","normal","Symmetric","2",1,TRUE,1.35099999996601
"801","Y=~y2",0.71767363596042,0.0705593744775286,0.7,"PLSc",7405,272117,300,"ordinal","normal","normal","Symmetric","2",1,TRUE,1.35099999996601
"802","Y=~y3",0.700550217112561,0.066489448298455,0.9,"PLSc",7405,272117,300,"ordinal","normal","normal","Symmetric","2",1,TRUE,1.35099999996601
"803","Y~X",0.395059578826439,0.157210598852614,0.4,"PLSc",7405,272117,300,"ordinal","normal","normal","Symmetric","2",1,TRUE,1.35099999996601
"804","Y~Z",0.454888345189508,0.20454813207799,0.5,"PLSc",7405,272117,300,"ordinal","normal","normal","Symmetric","2",1,TRUE,1.35099999996601
"805","Y~X:Z",0.0454240271598262,0.224487690307329,0.3,"PLSc",7405,272117,300,"ordinal","normal","normal","Symmetric","2",1,TRUE,1.35099999996601
"806","X~~Z",0.232329763737515,0.117953088973876,0.2,"PLSc",7405,272117,300,"ordinal","normal","normal","Symmetric","2",1,TRUE,1.35099999996601
"807","X=~x1",0.580940873005046,0.0858702139647035,0.4,"PLS",7405,272117,300,"ordinal","normal","normal","Symmetric","2",1,TRUE,0.896999999997206
"808","X=~x2",0.810715591212294,0.0510651152826676,0.8,"PLS",7405,272117,300,"ordinal","normal","normal","Symmetric","2",1,TRUE,0.896999999997206
"809","X=~x3",0.778513750808707,0.05932683819362,0.8,"PLS",7405,272117,300,"ordinal","normal","normal","Symmetric","2",1,TRUE,0.896999999997206
"810","Z=~z1",0.459853322988691,0.12905202310559,0.6,"PLS",7405,272117,300,"ordinal","normal","normal","Symmetric","2",1,TRUE,0.896999999997206
"811","Z=~z2",0.613713923296736,0.103523279746012,0.6,"PLS",7405,272117,300,"ordinal","normal","normal","Symmetric","2",1,TRUE,0.896999999997206
"812","Z=~z3",0.877789031440554,0.0529086526418076,0.8,"PLS",7405,272117,300,"ordinal","normal","normal","Symmetric","2",1,TRUE,0.896999999997206
"813","Y=~y1",0.426010909799658,0.0941838889146309,0.4,"PLS",7405,272117,300,"ordinal","normal","normal","Symmetric","2",1,TRUE,0.896999999997206
"814","Y=~y2",0.846849596645606,0.0325373466990744,0.7,"PLS",7405,272117,300,"ordinal","normal","normal","Symmetric","2",1,TRUE,0.896999999997206
"815","Y=~y3",0.861608143755008,0.0252776851023632,0.9,"PLS",7405,272117,300,"ordinal","normal","normal","Symmetric","2",1,TRUE,0.896999999997206
"816","Y~X",0.275715253306999,0.05764185513213,0.4,"PLS",7405,272117,300,"ordinal","normal","normal","Symmetric","2",1,TRUE,0.896999999997206
"817","Y~Z",0.303292669689709,0.0546821291828535,0.5,"PLS",7405,272117,300,"ordinal","normal","normal","Symmetric","2",1,TRUE,0.896999999997206
"818","Y~X:Z",0.0295454203026523,0.0521995502580067,0.3,"PLS",7405,272117,300,"ordinal","normal","normal","Symmetric","2",1,TRUE,0.896999999997206
"819","X~~Z",0.135288359014331,0.060307462545377,0.2,"PLS",7405,272117,300,"ordinal","normal","normal","Symmetric","2",1,TRUE,0.896999999997206
"820","X=~x1",0.431,0.084,0.4,"Mplus",7405,272117,300,"ordinal","normal","normal","Symmetric","2",1,TRUE,132.825000000012
"821","X=~x2",0.769,0.098,0.8,"Mplus",7405,272117,300,"ordinal","normal","normal","Symmetric","2",1,TRUE,132.825000000012
"822","X=~x3",0.755,0.101,0.8,"Mplus",7405,272117,300,"ordinal","normal","normal","Symmetric","2",1,TRUE,132.825000000012
"823","Z=~z1",0.356,0.107,0.6,"Mplus",7405,272117,300,"ordinal","normal","normal","Symmetric","2",1,TRUE,132.825000000012
"824","Z=~z2",0.449,0.125,0.6,"Mplus",7405,272117,300,"ordinal","normal","normal","Symmetric","2",1,TRUE,132.825000000012
"825","Z=~z3",0.768,0.144,0.8,"Mplus",7405,272117,300,"ordinal","normal","normal","Symmetric","2",1,TRUE,132.825000000012
"826","Y=~y1",0.31,0.081,0.4,"Mplus",7405,272117,300,"ordinal","normal","normal","Symmetric","2",1,TRUE,132.825000000012
"827","Y=~y2",0.827,0.071,0.7,"Mplus",7405,272117,300,"ordinal","normal","normal","Symmetric","2",1,TRUE,132.825000000012
"828","Y=~y3",0.891,0.07,0.9,"Mplus",7405,272117,300,"ordinal","normal","normal","Symmetric","2",1,TRUE,132.825000000012
"829","Y~X",0.386,0.107,0.4,"Mplus",7405,272117,300,"ordinal","normal","normal","Symmetric","2",1,TRUE,132.825000000012
"830","Y~Z",0.515,0.105,0.5,"Mplus",7405,272117,300,"ordinal","normal","normal","Symmetric","2",1,TRUE,132.825000000012
"831","Y~X:Z",0.195,0.216,0.3,"Mplus",7405,272117,300,"ordinal","normal","normal","Symmetric","2",1,TRUE,132.825000000012
"832","X~~Z",0.237,0.149,0.2,"Mplus",7405,272117,300,"ordinal","normal","normal","Symmetric","2",1,TRUE,132.825000000012
"833","X=~x1",0.362414794699527,0.0714862317800123,0.4,"LSAM",7405,272117,300,"ordinal","normal","normal","Symmetric","2",1,TRUE,0.464000000036322
"834","X=~x2",0.569973793423346,0.133447428475351,0.8,"LSAM",7405,272117,300,"ordinal","normal","normal","Symmetric","2",1,TRUE,0.464000000036322
"835","X=~x3",0.737113855124662,0.155685269388722,0.8,"LSAM",7405,272117,300,"ordinal","normal","normal","Symmetric","2",1,TRUE,0.464000000036322
"836","Z=~z1",0.442994377193044,0.548021078252481,0.6,"LSAM",7405,272117,300,"ordinal","normal","normal","Symmetric","2",1,TRUE,0.464000000036322
"837","Z=~z2",0.559076141325152,0.613632935888233,0.6,"LSAM",7405,272117,300,"ordinal","normal","normal","Symmetric","2",1,TRUE,0.464000000036322
"838","Z=~z3",0.406334738207328,0.534146727476337,0.8,"LSAM",7405,272117,300,"ordinal","normal","normal","Symmetric","2",1,TRUE,0.464000000036322
"839","Y=~y1",0.307712960507252,0.0141671755755265,0.4,"LSAM",7405,272117,300,"ordinal","normal","normal","Symmetric","2",1,TRUE,0.464000000036322
"840","Y=~y2",0.611510295622426,0.0953708436757179,0.7,"LSAM",7405,272117,300,"ordinal","normal","normal","Symmetric","2",1,TRUE,0.464000000036322
"841","Y=~y3",0.876156930077512,0.135125941783888,0.9,"LSAM",7405,272117,300,"ordinal","normal","normal","Symmetric","2",1,TRUE,0.464000000036322
"842","Y~X",0.356113792258173,0.241683508991503,0.4,"LSAM",7405,272117,300,"ordinal","normal","normal","Symmetric","2",1,TRUE,0.464000000036322
"843","Y~Z",0.312243851123177,0.922112150310092,0.5,"LSAM",7405,272117,300,"ordinal","normal","normal","Symmetric","2",1,TRUE,0.464000000036322
"844","Y~X:Z",0.032348075182109,0.129116278487551,0.3,"LSAM",7405,272117,300,"ordinal","normal","normal","Symmetric","2",1,TRUE,0.464000000036322
"845","X~~Z",0.201867547309148,0.210629819325462,0.2,"LSAM",7405,272117,300,"ordinal","normal","normal","Symmetric","2",1,TRUE,0.464000000036322
"846","X=~x1",0.437568449504442,0.0677790890138011,0.4,"MC-PLSc",7406,4586114,1000,"ordinal","normal","normal","Symmetric","2",1,TRUE,14.7860000000219
"847","X=~x2",0.771536118118813,0.0506101673580247,0.8,"MC-PLSc",7406,4586114,1000,"ordinal","normal","normal","Symmetric","2",1,TRUE,14.7860000000219
"848","X=~x3",0.852535590866426,0.0604232880340391,0.8,"MC-PLSc",7406,4586114,1000,"ordinal","normal","normal","Symmetric","2",1,TRUE,14.7860000000219
"849","Z=~z1",0.561275172618039,0.044769804798519,0.6,"MC-PLSc",7406,4586114,1000,"ordinal","normal","normal","Symmetric","2",1,TRUE,14.7860000000219
"850","Z=~z2",0.554152352530495,0.0471098340719587,0.6,"MC-PLSc",7406,4586114,1000,"ordinal","normal","normal","Symmetric","2",1,TRUE,14.7860000000219
"851","Z=~z3",0.739324814968209,0.0474884131326515,0.8,"MC-PLSc",7406,4586114,1000,"ordinal","normal","normal","Symmetric","2",1,TRUE,14.7860000000219
"852","Y=~y1",0.455530512117054,0.0484412172213549,0.4,"MC-PLSc",7406,4586114,1000,"ordinal","normal","normal","Symmetric","2",1,TRUE,14.7860000000219
"853","Y=~y2",0.684754921369257,0.0390158611558711,0.7,"MC-PLSc",7406,4586114,1000,"ordinal","normal","normal","Symmetric","2",1,TRUE,14.7860000000219
"854","Y=~y3",0.888975265749921,0.039416585216933,0.9,"MC-PLSc",7406,4586114,1000,"ordinal","normal","normal","Symmetric","2",1,TRUE,14.7860000000219
"855","Y~X",0.346387742836297,0.0495870193120292,0.4,"MC-PLSc",7406,4586114,1000,"ordinal","normal","normal","Symmetric","2",1,TRUE,14.7860000000219
"856","Y~Z",0.617738687782421,0.0493117836596938,0.5,"MC-PLSc",7406,4586114,1000,"ordinal","normal","normal","Symmetric","2",1,TRUE,14.7860000000219
"857","Y~X:Z",0.291614995541208,0.0859699623749815,0.3,"MC-PLSc",7406,4586114,1000,"ordinal","normal","normal","Symmetric","2",1,TRUE,14.7860000000219
"858","X~~Z",0.229525214059606,0.0578116427002469,0.2,"MC-PLSc",7406,4586114,1000,"ordinal","normal","normal","Symmetric","2",1,TRUE,14.7860000000219
"859","X=~x1",0.318598435335484,0.0744029775893453,0.4,"PLSc",7406,4586114,1000,"ordinal","normal","normal","Symmetric","2",1,TRUE,1.43800000002375
"860","X=~x2",0.647430394330669,0.0521617816235197,0.8,"PLSc",7406,4586114,1000,"ordinal","normal","normal","Symmetric","2",1,TRUE,1.43800000002375
"861","X=~x3",0.72109216500933,0.0533634762543348,0.8,"PLSc",7406,4586114,1000,"ordinal","normal","normal","Symmetric","2",1,TRUE,1.43800000002375
"862","Z=~z1",0.461204719123118,0.045763916530928,0.6,"PLSc",7406,4586114,1000,"ordinal","normal","normal","Symmetric","2",1,TRUE,1.43800000002375
"863","Z=~z2",0.4150497531188,0.0508853628316987,0.6,"PLSc",7406,4586114,1000,"ordinal","normal","normal","Symmetric","2",1,TRUE,1.43800000002375
"864","Z=~z3",0.617976051342158,0.0471285820319008,0.8,"PLSc",7406,4586114,1000,"ordinal","normal","normal","Symmetric","2",1,TRUE,1.43800000002375
"865","Y=~y1",0.372677092495288,0.0445360628543086,0.4,"PLSc",7406,4586114,1000,"ordinal","normal","normal","Symmetric","2",1,TRUE,1.43800000002375
"866","Y=~y2",0.53410200958121,0.0400053197827756,0.7,"PLSc",7406,4586114,1000,"ordinal","normal","normal","Symmetric","2",1,TRUE,1.43800000002375
"867","Y=~y3",0.722352625013763,0.0364266118216019,0.9,"PLSc",7406,4586114,1000,"ordinal","normal","normal","Symmetric","2",1,TRUE,1.43800000002375
"868","Y~X",0.344457010424269,0.0581795075732162,0.4,"PLSc",7406,4586114,1000,"ordinal","normal","normal","Symmetric","2",1,TRUE,1.43800000002375
"869","Y~Z",0.617319843706617,0.0581460486663155,0.5,"PLSc",7406,4586114,1000,"ordinal","normal","normal","Symmetric","2",1,TRUE,1.43800000002375
"870","Y~X:Z",0.209311482935637,0.0697832482128246,0.3,"PLSc",7406,4586114,1000,"ordinal","normal","normal","Symmetric","2",1,TRUE,1.43800000002375
"871","X~~Z",0.217795207936803,0.0544223307634663,0.2,"PLSc",7406,4586114,1000,"ordinal","normal","normal","Symmetric","2",1,TRUE,1.43800000002375
"872","X=~x1",0.515426669473899,0.0579488411582721,0.4,"PLS",7406,4586114,1000,"ordinal","normal","normal","Symmetric","2",1,TRUE,0.938999999954831
"873","X=~x2",0.804737439852399,0.0269916539369826,0.8,"PLS",7406,4586114,1000,"ordinal","normal","normal","Symmetric","2",1,TRUE,0.938999999954831
"874","X=~x3",0.840363446559426,0.0230955406281942,0.8,"PLS",7406,4586114,1000,"ordinal","normal","normal","Symmetric","2",1,TRUE,0.938999999954831
"875","Z=~z1",0.660591753968264,0.0392136191177687,0.6,"PLS",7406,4586114,1000,"ordinal","normal","normal","Symmetric","2",1,TRUE,0.938999999954831
"876","Z=~z2",0.653677879024477,0.0404128736877699,0.6,"PLS",7406,4586114,1000,"ordinal","normal","normal","Symmetric","2",1,TRUE,0.938999999954831
"877","Z=~z3",0.791308470024688,0.0271554144003305,0.8,"PLS",7406,4586114,1000,"ordinal","normal","normal","Symmetric","2",1,TRUE,0.938999999954831
"878","Y=~y1",0.533538700841847,0.0439185194831616,0.4,"PLS",7406,4586114,1000,"ordinal","normal","normal","Symmetric","2",1,TRUE,0.938999999954831
"879","Y=~y2",0.744940354051795,0.0257741233774637,0.7,"PLS",7406,4586114,1000,"ordinal","normal","normal","Symmetric","2",1,TRUE,0.938999999954831
"880","Y=~y3",0.851145643948608,0.0148223977916476,0.9,"PLS",7406,4586114,1000,"ordinal","normal","normal","Symmetric","2",1,TRUE,0.938999999954831
"881","Y~X",0.250475116438791,0.0302455282134435,0.4,"PLS",7406,4586114,1000,"ordinal","normal","normal","Symmetric","2",1,TRUE,0.938999999954831
"882","Y~Z",0.355093294859708,0.0275955336722775,0.5,"PLS",7406,4586114,1000,"ordinal","normal","normal","Symmetric","2",1,TRUE,0.938999999954831
"883","Y~X:Z",0.0900849776607722,0.0267783062103431,0.3,"PLS",7406,4586114,1000,"ordinal","normal","normal","Symmetric","2",1,TRUE,0.938999999954831
"884","X~~Z",0.126396073174678,0.0312421780182153,0.2,"PLS",7406,4586114,1000,"ordinal","normal","normal","Symmetric","2",1,TRUE,0.938999999954831
"885","X=~x1",0.436,0.044,0.4,"Mplus",7406,4586114,1000,"ordinal","normal","normal","Symmetric","2",1,TRUE,203.159000000043
"886","X=~x2",0.755,0.048,0.8,"Mplus",7406,4586114,1000,"ordinal","normal","normal","Symmetric","2",1,TRUE,203.159000000043
"887","X=~x3",0.806,0.048,0.8,"Mplus",7406,4586114,1000,"ordinal","normal","normal","Symmetric","2",1,TRUE,203.159000000043
"888","Z=~z1",0.51,0.048,0.6,"Mplus",7406,4586114,1000,"ordinal","normal","normal","Symmetric","2",1,TRUE,203.159000000043
"889","Z=~z2",0.541,0.048,0.6,"Mplus",7406,4586114,1000,"ordinal","normal","normal","Symmetric","2",1,TRUE,203.159000000043
"890","Z=~z3",0.716,0.048,0.8,"Mplus",7406,4586114,1000,"ordinal","normal","normal","Symmetric","2",1,TRUE,203.159000000043
"891","Y=~y1",0.407,0.044,0.4,"Mplus",7406,4586114,1000,"ordinal","normal","normal","Symmetric","2",1,TRUE,203.159000000043
"892","Y=~y2",0.659,0.041,0.7,"Mplus",7406,4586114,1000,"ordinal","normal","normal","Symmetric","2",1,TRUE,203.159000000043
"893","Y=~y3",0.883,0.04,0.9,"Mplus",7406,4586114,1000,"ordinal","normal","normal","Symmetric","2",1,TRUE,203.159000000043
"894","Y~X",0.356,0.052,0.4,"Mplus",7406,4586114,1000,"ordinal","normal","normal","Symmetric","2",1,TRUE,203.159000000043
"895","Y~Z",0.611,0.05,0.5,"Mplus",7406,4586114,1000,"ordinal","normal","normal","Symmetric","2",1,TRUE,203.159000000043
"896","Y~X:Z",0.25,0.084,0.3,"Mplus",7406,4586114,1000,"ordinal","normal","normal","Symmetric","2",1,TRUE,203.159000000043
"897","X~~Z",0.222,0.06,0.2,"Mplus",7406,4586114,1000,"ordinal","normal","normal","Symmetric","2",1,TRUE,203.159000000043
"898","X=~x1",0.383977086624733,0.034793819019338,0.4,"LSAM",7406,4586114,1000,"ordinal","normal","normal","Symmetric","2",1,TRUE,0.477000000013504
"899","X=~x2",0.641552222404718,0.0705496397837768,0.8,"LSAM",7406,4586114,1000,"ordinal","normal","normal","Symmetric","2",1,TRUE,0.477000000013504
"900","X=~x3",0.676944120820401,0.0729036370453909,0.8,"LSAM",7406,4586114,1000,"ordinal","normal","normal","Symmetric","2",1,TRUE,0.477000000013504
"901","Z=~z1",0.442806524693067,0.161000397660579,0.6,"LSAM",7406,4586114,1000,"ordinal","normal","normal","Symmetric","2",1,TRUE,0.477000000013504
"902","Z=~z2",0.528160181528024,0.184806685510049,0.6,"LSAM",7406,4586114,1000,"ordinal","normal","normal","Symmetric","2",1,TRUE,0.477000000013504
"903","Z=~z3",0.530791390567346,0.185122589184349,0.8,"LSAM",7406,4586114,1000,"ordinal","normal","normal","Symmetric","2",1,TRUE,0.477000000013504
"904","Y=~y1",0.331685787788436,0.0100057684861676,0.4,"LSAM",7406,4586114,1000,"ordinal","normal","normal","Symmetric","2",1,TRUE,0.477000000013504
"905","Y=~y2",0.573243488294517,0.0630935192640716,0.7,"LSAM",7406,4586114,1000,"ordinal","normal","normal","Symmetric","2",1,TRUE,0.477000000013504
"906","Y=~y3",0.718604893240497,0.081963319035043,0.9,"LSAM",7406,4586114,1000,"ordinal","normal","normal","Symmetric","2",1,TRUE,0.477000000013504
"907","Y~X",0.343717389134274,0.179061619818342,0.4,"LSAM",7406,4586114,1000,"ordinal","normal","normal","Symmetric","2",1,TRUE,0.477000000013504
"908","Y~Z",0.612338102333158,0.40079806470029,0.5,"LSAM",7406,4586114,1000,"ordinal","normal","normal","Symmetric","2",1,TRUE,0.477000000013504
"909","Y~X:Z",0.204158725865543,0.128984415065495,0.3,"LSAM",7406,4586114,1000,"ordinal","normal","normal","Symmetric","2",1,TRUE,0.477000000013504
"910","X~~Z",0.217334491655813,0.159551604329226,0.2,"LSAM",7406,4586114,1000,"ordinal","normal","normal","Symmetric","2",1,TRUE,0.477000000013504
"911","X=~x1",0.350624595484277,0.103488300908857,0.4,"MC-PLSc",7407,3762896,300,"ordinal","normal","normal","Symmetric","3",1,TRUE,13.3090000000084
"912","X=~x2",0.773338314900197,0.101779632859496,0.8,"MC-PLSc",7407,3762896,300,"ordinal","normal","normal","Symmetric","3",1,TRUE,13.3090000000084
"913","X=~x3",0.782558331019952,0.100171295678957,0.8,"MC-PLSc",7407,3762896,300,"ordinal","normal","normal","Symmetric","3",1,TRUE,13.3090000000084
"914","Z=~z1",0.497799937258275,0.0829221353306718,0.6,"MC-PLSc",7407,3762896,300,"ordinal","normal","normal","Symmetric","3",1,TRUE,13.3090000000084
"915","Z=~z2",0.644457048987146,0.0727825839259049,0.6,"MC-PLSc",7407,3762896,300,"ordinal","normal","normal","Symmetric","3",1,TRUE,13.3090000000084
"916","Z=~z3",0.69673138646642,0.0763966483963456,0.8,"MC-PLSc",7407,3762896,300,"ordinal","normal","normal","Symmetric","3",1,TRUE,13.3090000000084
"917","Y=~y1",0.493601740899897,0.0703725574184675,0.4,"MC-PLSc",7407,3762896,300,"ordinal","normal","normal","Symmetric","3",1,TRUE,13.3090000000084
"918","Y=~y2",0.654031193959081,0.0587044456204055,0.7,"MC-PLSc",7407,3762896,300,"ordinal","normal","normal","Symmetric","3",1,TRUE,13.3090000000084
"919","Y=~y3",0.780280248108104,0.0538240761496568,0.9,"MC-PLSc",7407,3762896,300,"ordinal","normal","normal","Symmetric","3",1,TRUE,13.3090000000084
"920","Y~X",0.401038206318385,0.0892464460329823,0.4,"MC-PLSc",7407,3762896,300,"ordinal","normal","normal","Symmetric","3",1,TRUE,13.3090000000084
"921","Y~Z",0.544476588949102,0.0932906994009892,0.5,"MC-PLSc",7407,3762896,300,"ordinal","normal","normal","Symmetric","3",1,TRUE,13.3090000000084
"922","Y~X:Z",0.121349967906992,0.124158502693885,0.3,"MC-PLSc",7407,3762896,300,"ordinal","normal","normal","Symmetric","3",1,TRUE,13.3090000000084
"923","X~~Z",0.230574904124226,0.0879436519076306,0.2,"MC-PLSc",7407,3762896,300,"ordinal","normal","normal","Symmetric","3",1,TRUE,13.3090000000084
"924","X=~x1",0.25865269441795,0.121023509847019,0.4,"PLSc",7407,3762896,300,"ordinal","normal","normal","Symmetric","3",1,TRUE,1.28999999997905
"925","X=~x2",0.703143841553431,0.0889963878538688,0.8,"PLSc",7407,3762896,300,"ordinal","normal","normal","Symmetric","3",1,TRUE,1.28999999997905
"926","X=~x3",0.708291395588375,0.0871845680584838,0.8,"PLSc",7407,3762896,300,"ordinal","normal","normal","Symmetric","3",1,TRUE,1.28999999997905
"927","Z=~z1",0.409275896685582,0.0903246328460804,0.6,"PLSc",7407,3762896,300,"ordinal","normal","normal","Symmetric","3",1,TRUE,1.28999999997905
"928","Z=~z2",0.615115313964783,0.0842060791322489,0.6,"PLSc",7407,3762896,300,"ordinal","normal","normal","Symmetric","3",1,TRUE,1.28999999997905
"929","Z=~z3",0.59136505619856,0.0786207378105646,0.8,"PLSc",7407,3762896,300,"ordinal","normal","normal","Symmetric","3",1,TRUE,1.28999999997905
"930","Y=~y1",0.430613374694802,0.0810663960698407,0.4,"PLSc",7407,3762896,300,"ordinal","normal","normal","Symmetric","3",1,TRUE,1.28999999997905
"931","Y=~y2",0.596539993246323,0.0593750205899566,0.7,"PLSc",7407,3762896,300,"ordinal","normal","normal","Symmetric","3",1,TRUE,1.28999999997905
"932","Y=~y3",0.674452076226432,0.0591124352719244,0.9,"PLSc",7407,3762896,300,"ordinal","normal","normal","Symmetric","3",1,TRUE,1.28999999997905
"933","Y~X",0.3960569147437,0.102891628494545,0.4,"PLSc",7407,3762896,300,"ordinal","normal","normal","Symmetric","3",1,TRUE,1.28999999997905
"934","Y~Z",0.543498277287513,0.143401726745347,0.5,"PLSc",7407,3762896,300,"ordinal","normal","normal","Symmetric","3",1,TRUE,1.28999999997905
"935","Y~X:Z",0.0671867027488463,0.229981182369669,0.3,"PLSc",7407,3762896,300,"ordinal","normal","normal","Symmetric","3",1,TRUE,1.28999999997905
"936","X~~Z",0.227666223518319,0.0882733525334569,0.2,"PLSc",7407,3762896,300,"ordinal","normal","normal","Symmetric","3",1,TRUE,1.28999999997905
"937","X=~x1",0.470579211523665,0.10748283637476,0.4,"PLS",7407,3762896,300,"ordinal","normal","normal","Symmetric","3",1,TRUE,0.902000000001863
"938","X=~x2",0.83469449452424,0.0381873176934767,0.8,"PLS",7407,3762896,300,"ordinal","normal","normal","Symmetric","3",1,TRUE,0.902000000001863
"939","X=~x3",0.83619794930861,0.040123216132549,0.8,"PLS",7407,3762896,300,"ordinal","normal","normal","Symmetric","3",1,TRUE,0.902000000001863
"940","Z=~z1",0.630561843108802,0.0717825558596173,0.6,"PLS",7407,3762896,300,"ordinal","normal","normal","Symmetric","3",1,TRUE,0.902000000001863
"941","Z=~z2",0.753931251170467,0.0568388719668767,0.6,"PLS",7407,3762896,300,"ordinal","normal","normal","Symmetric","3",1,TRUE,0.902000000001863
"942","Z=~z3",0.783165268295363,0.0460743541409323,0.8,"PLS",7407,3762896,300,"ordinal","normal","normal","Symmetric","3",1,TRUE,0.902000000001863
"943","Y=~y1",0.61672568320266,0.0673863817201072,0.4,"PLS",7407,3762896,300,"ordinal","normal","normal","Symmetric","3",1,TRUE,0.902000000001863
"944","Y=~y2",0.758932593605142,0.0381302103508749,0.7,"PLS",7407,3762896,300,"ordinal","normal","normal","Symmetric","3",1,TRUE,0.902000000001863
"945","Y=~y3",0.822477500514455,0.0281616271077064,0.9,"PLS",7407,3762896,300,"ordinal","normal","normal","Symmetric","3",1,TRUE,0.902000000001863
"946","Y~X",0.286459049617089,0.0535840720521509,0.4,"PLS",7407,3762896,300,"ordinal","normal","normal","Symmetric","3",1,TRUE,0.902000000001863
"947","Y~Z",0.336783247864316,0.0534243831089494,0.5,"PLS",7407,3762896,300,"ordinal","normal","normal","Symmetric","3",1,TRUE,0.902000000001863
"948","Y~X:Z",0.0543150806154627,0.0482317941256318,0.3,"PLS",7407,3762896,300,"ordinal","normal","normal","Symmetric","3",1,TRUE,0.902000000001863
"949","X~~Z",0.140600175464026,0.0559182215808216,0.2,"PLS",7407,3762896,300,"ordinal","normal","normal","Symmetric","3",1,TRUE,0.902000000001863
"950","X=~x1",0.391,0.072,0.4,"Mplus",7407,3762896,300,"ordinal","normal","normal","Symmetric","3",1,TRUE,211.679999999993
"951","X=~x2",0.783,0.077,0.8,"Mplus",7407,3762896,300,"ordinal","normal","normal","Symmetric","3",1,TRUE,211.679999999993
"952","X=~x3",0.717,0.074,0.8,"Mplus",7407,3762896,300,"ordinal","normal","normal","Symmetric","3",1,TRUE,211.679999999993
"953","Z=~z1",0.507,0.073,0.6,"Mplus",7407,3762896,300,"ordinal","normal","normal","Symmetric","3",1,TRUE,211.679999999993
"954","Z=~z2",0.585,0.082,0.6,"Mplus",7407,3762896,300,"ordinal","normal","normal","Symmetric","3",1,TRUE,211.679999999993
"955","Z=~z3",0.713,0.081,0.8,"Mplus",7407,3762896,300,"ordinal","normal","normal","Symmetric","3",1,TRUE,211.679999999993
"956","Y=~y1",0.474,0.071,0.4,"Mplus",7407,3762896,300,"ordinal","normal","normal","Symmetric","3",1,TRUE,211.679999999993
"957","Y=~y2",0.64,0.061,0.7,"Mplus",7407,3762896,300,"ordinal","normal","normal","Symmetric","3",1,TRUE,211.679999999993
"958","Y=~y3",0.784,0.065,0.9,"Mplus",7407,3762896,300,"ordinal","normal","normal","Symmetric","3",1,TRUE,211.679999999993
"959","Y~X",0.395,0.09,0.4,"Mplus",7407,3762896,300,"ordinal","normal","normal","Symmetric","3",1,TRUE,211.679999999993
"960","Y~Z",0.547,0.09,0.5,"Mplus",7407,3762896,300,"ordinal","normal","normal","Symmetric","3",1,TRUE,211.679999999993
"961","Y~X:Z",0.182,0.106,0.3,"Mplus",7407,3762896,300,"ordinal","normal","normal","Symmetric","3",1,TRUE,211.679999999993
"962","X~~Z",0.239,0.099,0.2,"Mplus",7407,3762896,300,"ordinal","normal","normal","Symmetric","3",1,TRUE,211.679999999993
"963","X=~x1",0.374115036199473,0.0640733868996535,0.4,"LSAM",7407,3762896,300,"ordinal","normal","normal","Symmetric","3",1,TRUE,0.450000000011642
"964","X=~x2",0.674088294801082,0.132614016177719,0.8,"LSAM",7407,3762896,300,"ordinal","normal","normal","Symmetric","3",1,TRUE,0.450000000011642
"965","X=~x3",0.664948724745978,0.131581440243456,0.8,"LSAM",7407,3762896,300,"ordinal","normal","normal","Symmetric","3",1,TRUE,0.450000000011642
"966","Z=~z1",0.485914820186187,0.0546154611750776,0.6,"LSAM",7407,3762896,300,"ordinal","normal","normal","Symmetric","3",1,TRUE,0.450000000011642
"967","Z=~z2",0.451156061078236,0.0983827272565628,0.6,"LSAM",7407,3762896,300,"ordinal","normal","normal","Symmetric","3",1,TRUE,0.450000000011642
"968","Z=~z3",0.706692091329026,0.141970033006645,0.8,"LSAM",7407,3762896,300,"ordinal","normal","normal","Symmetric","3",1,TRUE,0.450000000011642
"969","Y=~y1",0.434597027524821,0.0288354058546806,0.4,"LSAM",7407,3762896,300,"ordinal","normal","normal","Symmetric","3",1,TRUE,0.450000000011642
"970","Y=~y2",0.545700156476196,0.0928896698257101,0.7,"LSAM",7407,3762896,300,"ordinal","normal","normal","Symmetric","3",1,TRUE,0.450000000011642
"971","Y=~y3",0.726742422053291,0.121943076647425,0.9,"LSAM",7407,3762896,300,"ordinal","normal","normal","Symmetric","3",1,TRUE,0.450000000011642
"972","Y~X",0.41835692013849,0.0847474123324606,0.4,"LSAM",7407,3762896,300,"ordinal","normal","normal","Symmetric","3",1,TRUE,0.450000000011642
"973","Y~Z",0.498257677068698,0.100722626618106,0.5,"LSAM",7407,3762896,300,"ordinal","normal","normal","Symmetric","3",1,TRUE,0.450000000011642
"974","Y~X:Z",0.0773496293457359,0.101474642190301,0.3,"LSAM",7407,3762896,300,"ordinal","normal","normal","Symmetric","3",1,TRUE,0.450000000011642
"975","X~~Z",0.185244244417537,0.0992227419861849,0.2,"LSAM",7407,3762896,300,"ordinal","normal","normal","Symmetric","3",1,TRUE,0.450000000011642
"976","X=~x1",0.387518719444772,0.0425293326244322,0.4,"MC-PLSc",7408,5216522,1000,"ordinal","normal","normal","Symmetric","3",1,TRUE,15.3589999999967
"977","X=~x2",0.805696356823658,0.03969439963862,0.8,"MC-PLSc",7408,5216522,1000,"ordinal","normal","normal","Symmetric","3",1,TRUE,15.3589999999967
"978","X=~x3",0.792908879006681,0.0409063182319247,0.8,"MC-PLSc",7408,5216522,1000,"ordinal","normal","normal","Symmetric","3",1,TRUE,15.3589999999967
"979","Z=~z1",0.565147244019583,0.0441019631391613,0.6,"MC-PLSc",7408,5216522,1000,"ordinal","normal","normal","Symmetric","3",1,TRUE,15.3589999999967
"980","Z=~z2",0.566820072836854,0.0411811175183961,0.6,"MC-PLSc",7408,5216522,1000,"ordinal","normal","normal","Symmetric","3",1,TRUE,15.3589999999967
"981","Z=~z3",0.852278956188544,0.0353451243163212,0.8,"MC-PLSc",7408,5216522,1000,"ordinal","normal","normal","Symmetric","3",1,TRUE,15.3589999999967
"982","Y=~y1",0.403148905551425,0.0427432584298257,0.4,"MC-PLSc",7408,5216522,1000,"ordinal","normal","normal","Symmetric","3",1,TRUE,15.3589999999967
"983","Y=~y2",0.64646502891181,0.0307779591313306,0.7,"MC-PLSc",7408,5216522,1000,"ordinal","normal","normal","Symmetric","3",1,TRUE,15.3589999999967
"984","Y=~y3",0.965315831968343,0.0392946841926371,0.9,"MC-PLSc",7408,5216522,1000,"ordinal","normal","normal","Symmetric","3",1,TRUE,15.3589999999967
"985","Y~X",0.43136343696029,0.0397774127197791,0.4,"MC-PLSc",7408,5216522,1000,"ordinal","normal","normal","Symmetric","3",1,TRUE,15.3589999999967
"986","Y~Z",0.501735492496309,0.0432784646157874,0.5,"MC-PLSc",7408,5216522,1000,"ordinal","normal","normal","Symmetric","3",1,TRUE,15.3589999999967
"987","Y~X:Z",0.29469715249723,0.0582506313447899,0.3,"MC-PLSc",7408,5216522,1000,"ordinal","normal","normal","Symmetric","3",1,TRUE,15.3589999999967
"988","X~~Z",0.17755184368791,0.0516737829446812,0.2,"MC-PLSc",7408,5216522,1000,"ordinal","normal","normal","Symmetric","3",1,TRUE,15.3589999999967
"989","X=~x1",0.367229837160812,0.0539532301746467,0.4,"PLSc",7408,5216522,1000,"ordinal","normal","normal","Symmetric","3",1,TRUE,1.38400000002002
"990","X=~x2",0.678731325182187,0.0429548876686147,0.8,"PLSc",7408,5216522,1000,"ordinal","normal","normal","Symmetric","3",1,TRUE,1.38400000002002
"991","X=~x3",0.715025420881834,0.0466632223027172,0.8,"PLSc",7408,5216522,1000,"ordinal","normal","normal","Symmetric","3",1,TRUE,1.38400000002002
"992","Z=~z1",0.505041223075107,0.0496387813798551,0.6,"PLSc",7408,5216522,1000,"ordinal","normal","normal","Symmetric","3",1,TRUE,1.38400000002002
"993","Z=~z2",0.479807719560204,0.0472057658161861,0.6,"PLSc",7408,5216522,1000,"ordinal","normal","normal","Symmetric","3",1,TRUE,1.38400000002002
"994","Z=~z3",0.776891026952489,0.0412277543646131,0.8,"PLSc",7408,5216522,1000,"ordinal","normal","normal","Symmetric","3",1,TRUE,1.38400000002002
"995","Y=~y1",0.372998332341409,0.0446665193923455,0.4,"PLSc",7408,5216522,1000,"ordinal","normal","normal","Symmetric","3",1,TRUE,1.38400000002002
"996","Y=~y2",0.565295299602443,0.0351068239667971,0.7,"PLSc",7408,5216522,1000,"ordinal","normal","normal","Symmetric","3",1,TRUE,1.38400000002002
"997","Y=~y3",0.840858274491003,0.0348634625951595,0.9,"PLSc",7408,5216522,1000,"ordinal","normal","normal","Symmetric","3",1,TRUE,1.38400000002002
"998","Y~X",0.440190919710691,0.0456795586888452,0.4,"PLSc",7408,5216522,1000,"ordinal","normal","normal","Symmetric","3",1,TRUE,1.38400000002002
"999","Y~Z",0.500996573519329,0.0488515960048885,0.5,"PLSc",7408,5216522,1000,"ordinal","normal","normal","Symmetric","3",1,TRUE,1.38400000002002
"1000","Y~X:Z",0.269204207010469,0.0679927147099151,0.3,"PLSc",7408,5216522,1000,"ordinal","normal","normal","Symmetric","3",1,TRUE,1.38400000002002
"1001","X~~Z",0.177147833944273,0.0471145892475896,0.2,"PLSc",7408,5216522,1000,"ordinal","normal","normal","Symmetric","3",1,TRUE,1.38400000002002
"1002","X=~x1",0.502970342567824,0.0482948796050272,0.4,"PLS",7408,5216522,1000,"ordinal","normal","normal","Symmetric","3",1,TRUE,0.942999999970198
"1003","X=~x2",0.841665482262474,0.0170556365006105,0.8,"PLS",7408,5216522,1000,"ordinal","normal","normal","Symmetric","3",1,TRUE,0.942999999970198
"1004","X=~x3",0.839820881882853,0.0194776380845139,0.8,"PLS",7408,5216522,1000,"ordinal","normal","normal","Symmetric","3",1,TRUE,0.942999999970198
"1005","Z=~z1",0.685214381473369,0.0341565565195115,0.6,"PLS",7408,5216522,1000,"ordinal","normal","normal","Symmetric","3",1,TRUE,0.942999999970198
"1006","Z=~z2",0.687919788853729,0.0311591793224986,0.6,"PLS",7408,5216522,1000,"ordinal","normal","normal","Symmetric","3",1,TRUE,0.942999999970198
"1007","Z=~z3",0.852826921005933,0.0150648070836209,0.8,"PLS",7408,5216522,1000,"ordinal","normal","normal","Symmetric","3",1,TRUE,0.942999999970198
"1008","Y=~y1",0.528600073102869,0.040719855253371,0.4,"PLS",7408,5216522,1000,"ordinal","normal","normal","Symmetric","3",1,TRUE,0.942999999970198
"1009","Y=~y2",0.763418807785705,0.0212285226096506,0.7,"PLS",7408,5216522,1000,"ordinal","normal","normal","Symmetric","3",1,TRUE,0.942999999970198
"1010","Y=~y3",0.892976311777532,0.00942015556751132,0.9,"PLS",7408,5216522,1000,"ordinal","normal","normal","Symmetric","3",1,TRUE,0.942999999970198
"1011","Y~X",0.317043647032487,0.0244492287518933,0.4,"PLS",7408,5216522,1000,"ordinal","normal","normal","Symmetric","3",1,TRUE,0.942999999970198
"1012","Y~Z",0.357285491427547,0.0273347615473231,0.5,"PLS",7408,5216522,1000,"ordinal","normal","normal","Symmetric","3",1,TRUE,0.942999999970198
"1013","Y~X:Z",0.144479476548781,0.0276352727476359,0.3,"PLS",7408,5216522,1000,"ordinal","normal","normal","Symmetric","3",1,TRUE,0.942999999970198
"1014","X~~Z",0.117565952239084,0.0311892098658899,0.2,"PLS",7408,5216522,1000,"ordinal","normal","normal","Symmetric","3",1,TRUE,0.942999999970198
"1015","X=~x1",0.356,0.037,0.4,"Mplus",7408,5216522,1000,"ordinal","normal","normal","Symmetric","3",1,TRUE,540.65499999997
"1016","X=~x2",0.83,0.035,0.8,"Mplus",7408,5216522,1000,"ordinal","normal","normal","Symmetric","3",1,TRUE,540.65499999997
"1017","X=~x3",0.776,0.035,0.8,"Mplus",7408,5216522,1000,"ordinal","normal","normal","Symmetric","3",1,TRUE,540.65499999997
"1018","Z=~z1",0.549,0.036,0.6,"Mplus",7408,5216522,1000,"ordinal","normal","normal","Symmetric","3",1,TRUE,540.65499999997
"1019","Z=~z2",0.558,0.035,0.6,"Mplus",7408,5216522,1000,"ordinal","normal","normal","Symmetric","3",1,TRUE,540.65499999997
"1020","Z=~z3",0.828,0.034,0.8,"Mplus",7408,5216522,1000,"ordinal","normal","normal","Symmetric","3",1,TRUE,540.65499999997
"1021","Y=~y1",0.395,0.037,0.4,"Mplus",7408,5216522,1000,"ordinal","normal","normal","Symmetric","3",1,TRUE,540.65499999997
"1022","Y=~y2",0.649,0.031,0.7,"Mplus",7408,5216522,1000,"ordinal","normal","normal","Symmetric","3",1,TRUE,540.65499999997
"1023","Y=~y3",0.964,0.029,0.9,"Mplus",7408,5216522,1000,"ordinal","normal","normal","Symmetric","3",1,TRUE,540.65499999997
"1024","Y~X",0.418,0.037,0.4,"Mplus",7408,5216522,1000,"ordinal","normal","normal","Symmetric","3",1,TRUE,540.65499999997
"1025","Y~Z",0.522,0.038,0.5,"Mplus",7408,5216522,1000,"ordinal","normal","normal","Symmetric","3",1,TRUE,540.65499999997
"1026","Y~X:Z",0.312,0.044,0.3,"Mplus",7408,5216522,1000,"ordinal","normal","normal","Symmetric","3",1,TRUE,540.65499999997
"1027","X~~Z",0.172,0.046,0.2,"Mplus",7408,5216522,1000,"ordinal","normal","normal","Symmetric","3",1,TRUE,540.65499999997
"1028","X=~x1",0.315825462023466,0.0381184714558952,0.4,"LSAM",7408,5216522,1000,"ordinal","normal","normal","Symmetric","3",1,TRUE,0.46999999997206
"1029","X=~x2",0.810001464717071,0.0811258150812546,0.8,"LSAM",7408,5216522,1000,"ordinal","normal","normal","Symmetric","3",1,TRUE,0.46999999997206
"1030","X=~x3",0.637925251687162,0.0754998726840428,0.8,"LSAM",7408,5216522,1000,"ordinal","normal","normal","Symmetric","3",1,TRUE,0.46999999997206
"1031","Z=~z1",0.510944713478725,0.0513759799205107,0.6,"LSAM",7408,5216522,1000,"ordinal","normal","normal","Symmetric","3",1,TRUE,0.46999999997206
"1032","Z=~z2",0.551042918230354,0.0681787368673198,0.6,"LSAM",7408,5216522,1000,"ordinal","normal","normal","Symmetric","3",1,TRUE,0.46999999997206
"1033","Z=~z3",0.698210423100326,0.0734075356717639,0.8,"LSAM",7408,5216522,1000,"ordinal","normal","normal","Symmetric","3",1,TRUE,0.46999999997206
"1034","Y=~y1",0.336280838615523,0.0111071876817346,0.4,"LSAM",7408,5216522,1000,"ordinal","normal","normal","Symmetric","3",1,TRUE,0.46999999997206
"1035","Y=~y2",0.563063755743091,0.0495082011312963,0.7,"LSAM",7408,5216522,1000,"ordinal","normal","normal","Symmetric","3",1,TRUE,0.46999999997206
"1036","Y=~y3",0.881355423585533,0.0756194032963898,0.9,"LSAM",7408,5216522,1000,"ordinal","normal","normal","Symmetric","3",1,TRUE,0.46999999997206
"1037","Y~X",0.385458128147982,0.044515647524632,0.4,"LSAM",7408,5216522,1000,"ordinal","normal","normal","Symmetric","3",1,TRUE,0.46999999997206
"1038","Y~Z",0.508790793567101,0.111675930547613,0.5,"LSAM",7408,5216522,1000,"ordinal","normal","normal","Symmetric","3",1,TRUE,0.46999999997206
"1039","Y~X:Z",0.23515656309784,0.0613301625005158,0.3,"LSAM",7408,5216522,1000,"ordinal","normal","normal","Symmetric","3",1,TRUE,0.46999999997206
"1040","X~~Z",0.16915185849515,0.0472230446564204,0.2,"LSAM",7408,5216522,1000,"ordinal","normal","normal","Symmetric","3",1,TRUE,0.46999999997206
"1041","X=~x1",0.243851921946699,0.0710118806563753,0.4,"MC-PLSc",7409,2310575,300,"ordinal","normal","normal","Symmetric","5",1,TRUE,17.1769999999669
"1042","X=~x2",0.834790106623053,0.0597560297671818,0.8,"MC-PLSc",7409,2310575,300,"ordinal","normal","normal","Symmetric","5",1,TRUE,17.1769999999669
"1043","X=~x3",0.778498295605507,0.0622562744268969,0.8,"MC-PLSc",7409,2310575,300,"ordinal","normal","normal","Symmetric","5",1,TRUE,17.1769999999669
"1044","Z=~z1",0.618055753426724,0.0739226571851137,0.6,"MC-PLSc",7409,2310575,300,"ordinal","normal","normal","Symmetric","5",1,TRUE,17.1769999999669
"1045","Z=~z2",0.587783749404736,0.0741082969634383,0.6,"MC-PLSc",7409,2310575,300,"ordinal","normal","normal","Symmetric","5",1,TRUE,17.1769999999669
"1046","Z=~z3",0.6814702953501,0.0743640718918486,0.8,"MC-PLSc",7409,2310575,300,"ordinal","normal","normal","Symmetric","5",1,TRUE,17.1769999999669
"1047","Y=~y1",0.392237041341485,0.0702919760186478,0.4,"MC-PLSc",7409,2310575,300,"ordinal","normal","normal","Symmetric","5",1,TRUE,17.1769999999669
"1048","Y=~y2",0.691706871243454,0.0519858982921237,0.7,"MC-PLSc",7409,2310575,300,"ordinal","normal","normal","Symmetric","5",1,TRUE,17.1769999999669
"1049","Y=~y3",0.874568004998601,0.054397696165853,0.9,"MC-PLSc",7409,2310575,300,"ordinal","normal","normal","Symmetric","5",1,TRUE,17.1769999999669
"1050","Y~X",0.458331352328877,0.0653812248601949,0.4,"MC-PLSc",7409,2310575,300,"ordinal","normal","normal","Symmetric","5",1,TRUE,17.1769999999669
"1051","Y~Z",0.428875030897453,0.0668640460929928,0.5,"MC-PLSc",7409,2310575,300,"ordinal","normal","normal","Symmetric","5",1,TRUE,17.1769999999669
"1052","Y~X:Z",0.262342928946576,0.078536014440913,0.3,"MC-PLSc",7409,2310575,300,"ordinal","normal","normal","Symmetric","5",1,TRUE,17.1769999999669
"1053","X~~Z",0.174294249976725,0.0882788473294254,0.2,"MC-PLSc",7409,2310575,300,"ordinal","normal","normal","Symmetric","5",1,TRUE,17.1769999999669
"1054","X=~x1",0.191768229497732,0.10798772193567,0.4,"PLSc",7409,2310575,300,"ordinal","normal","normal","Symmetric","5",1,TRUE,1.31500000000233
"1055","X=~x2",0.816544803309095,0.0598767190894595,0.8,"PLSc",7409,2310575,300,"ordinal","normal","normal","Symmetric","5",1,TRUE,1.31500000000233
"1056","X=~x3",0.743132106647455,0.0568218122929687,0.8,"PLSc",7409,2310575,300,"ordinal","normal","normal","Symmetric","5",1,TRUE,1.31500000000233
"1057","Z=~z1",0.591532890385506,0.0881566517692267,0.6,"PLSc",7409,2310575,300,"ordinal","normal","normal","Symmetric","5",1,TRUE,1.31500000000233
"1058","Z=~z2",0.577003713415135,0.088034430193085,0.6,"PLSc",7409,2310575,300,"ordinal","normal","normal","Symmetric","5",1,TRUE,1.31500000000233
"1059","Z=~z3",0.625270638031185,0.075865938387665,0.8,"PLSc",7409,2310575,300,"ordinal","normal","normal","Symmetric","5",1,TRUE,1.31500000000233
"1060","Y=~y1",0.42208357287273,0.0817238981684015,0.4,"PLSc",7409,2310575,300,"ordinal","normal","normal","Symmetric","5",1,TRUE,1.31500000000233
"1061","Y=~y2",0.59964929507575,0.0626260980613729,0.7,"PLSc",7409,2310575,300,"ordinal","normal","normal","Symmetric","5",1,TRUE,1.31500000000233
"1062","Y=~y3",0.832237104986139,0.0586821050724959,0.9,"PLSc",7409,2310575,300,"ordinal","normal","normal","Symmetric","5",1,TRUE,1.31500000000233
"1063","Y~X",0.445331566127895,0.0764388850977929,0.4,"PLSc",7409,2310575,300,"ordinal","normal","normal","Symmetric","5",1,TRUE,1.31500000000233
"1064","Y~Z",0.430638268577686,0.0828167796132142,0.5,"PLSc",7409,2310575,300,"ordinal","normal","normal","Symmetric","5",1,TRUE,1.31500000000233
"1065","Y~X:Z",0.193334213384554,0.0874195974279969,0.3,"PLSc",7409,2310575,300,"ordinal","normal","normal","Symmetric","5",1,TRUE,1.31500000000233
"1066","X~~Z",0.173921822144698,0.0856272944601661,0.2,"PLSc",7409,2310575,300,"ordinal","normal","normal","Symmetric","5",1,TRUE,1.31500000000233
"1067","X=~x1",0.351179421716182,0.0948231163800788,0.4,"PLS",7409,2310575,300,"ordinal","normal","normal","Symmetric","5",1,TRUE,0.901000000012573
"1068","X=~x2",0.890219139741906,0.0186857742843604,0.8,"PLS",7409,2310575,300,"ordinal","normal","normal","Symmetric","5",1,TRUE,0.901000000012573
"1069","X=~x3",0.872803481826555,0.0214232330028187,0.8,"PLS",7409,2310575,300,"ordinal","normal","normal","Symmetric","5",1,TRUE,0.901000000012573
"1070","Z=~z1",0.750183529983276,0.049876657329114,0.6,"PLS",7409,2310575,300,"ordinal","normal","normal","Symmetric","5",1,TRUE,0.901000000012573
"1071","Z=~z2",0.726048922793554,0.0507075050826747,0.6,"PLS",7409,2310575,300,"ordinal","normal","normal","Symmetric","5",1,TRUE,0.901000000012573
"1072","Z=~z3",0.790131799510675,0.0343991858939554,0.8,"PLS",7409,2310575,300,"ordinal","normal","normal","Symmetric","5",1,TRUE,0.901000000012573
"1073","Y=~y1",0.538922593487276,0.0784692890535342,0.4,"PLS",7409,2310575,300,"ordinal","normal","normal","Symmetric","5",1,TRUE,0.901000000012573
"1074","Y=~y2",0.809763461113576,0.0305724286018319,0.7,"PLS",7409,2310575,300,"ordinal","normal","normal","Symmetric","5",1,TRUE,0.901000000012573
"1075","Y=~y3",0.885868913401441,0.0186492278582286,0.9,"PLS",7409,2310575,300,"ordinal","normal","normal","Symmetric","5",1,TRUE,0.901000000012573
"1076","Y~X",0.357489851203443,0.0466490650525785,0.4,"PLS",7409,2310575,300,"ordinal","normal","normal","Symmetric","5",1,TRUE,0.901000000012573
"1077","Y~Z",0.302945397108196,0.0488465086352772,0.5,"PLS",7409,2310575,300,"ordinal","normal","normal","Symmetric","5",1,TRUE,0.901000000012573
"1078","Y~X:Z",0.147582518367351,0.0413513074758341,0.3,"PLS",7409,2310575,300,"ordinal","normal","normal","Symmetric","5",1,TRUE,0.901000000012573
"1079","X~~Z",0.119803680970348,0.0599945063980065,0.2,"PLS",7409,2310575,300,"ordinal","normal","normal","Symmetric","5",1,TRUE,0.901000000012573
"1080","X=~x1",0.236,0.058,0.4,"Mplus",7409,2310575,300,"ordinal","normal","normal","Symmetric","5",1,TRUE,219.222999999998
"1081","X=~x2",0.871,0.058,0.8,"Mplus",7409,2310575,300,"ordinal","normal","normal","Symmetric","5",1,TRUE,219.222999999998
"1082","X=~x3",0.73,0.058,0.8,"Mplus",7409,2310575,300,"ordinal","normal","normal","Symmetric","5",1,TRUE,219.222999999998
"1083","Z=~z1",0.583,0.06,0.6,"Mplus",7409,2310575,300,"ordinal","normal","normal","Symmetric","5",1,TRUE,219.222999999998
"1084","Z=~z2",0.533,0.059,0.6,"Mplus",7409,2310575,300,"ordinal","normal","normal","Symmetric","5",1,TRUE,219.222999999998
"1085","Z=~z3",0.744,0.056,0.8,"Mplus",7409,2310575,300,"ordinal","normal","normal","Symmetric","5",1,TRUE,219.222999999998
"1086","Y=~y1",0.351,0.065,0.4,"Mplus",7409,2310575,300,"ordinal","normal","normal","Symmetric","5",1,TRUE,219.222999999998
"1087","Y=~y2",0.697,0.052,0.7,"Mplus",7409,2310575,300,"ordinal","normal","normal","Symmetric","5",1,TRUE,219.222999999998
"1088","Y=~y3",0.897,0.049,0.9,"Mplus",7409,2310575,300,"ordinal","normal","normal","Symmetric","5",1,TRUE,219.222999999998
"1089","Y~X",0.445,0.063,0.4,"Mplus",7409,2310575,300,"ordinal","normal","normal","Symmetric","5",1,TRUE,219.222999999998
"1090","Y~Z",0.423,0.071,0.5,"Mplus",7409,2310575,300,"ordinal","normal","normal","Symmetric","5",1,TRUE,219.222999999998
"1091","Y~X:Z",0.298,0.072,0.3,"Mplus",7409,2310575,300,"ordinal","normal","normal","Symmetric","5",1,TRUE,219.222999999998
"1092","X~~Z",0.203,0.087,0.2,"Mplus",7409,2310575,300,"ordinal","normal","normal","Symmetric","5",1,TRUE,219.222999999998
"1093","X=~x1",0.309514515796252,0.0614547655078004,0.4,"LSAM",7409,2310575,300,"ordinal","normal","normal","Symmetric","5",1,TRUE,0.461999999999534
"1094","X=~x2",0.716013987735887,0.127021638730886,0.8,"LSAM",7409,2310575,300,"ordinal","normal","normal","Symmetric","5",1,TRUE,0.461999999999534
"1095","X=~x3",0.806045563424354,0.12941150201839,0.8,"LSAM",7409,2310575,300,"ordinal","normal","normal","Symmetric","5",1,TRUE,0.461999999999534
"1096","Z=~z1",0.579194397565693,0.0533011817839132,0.6,"LSAM",7409,2310575,300,"ordinal","normal","normal","Symmetric","5",1,TRUE,0.461999999999534
"1097","Z=~z2",0.526770848563731,0.090631004816331,0.6,"LSAM",7409,2310575,300,"ordinal","normal","normal","Symmetric","5",1,TRUE,0.461999999999534
"1098","Z=~z3",0.690933281155133,0.105536769985097,0.8,"LSAM",7409,2310575,300,"ordinal","normal","normal","Symmetric","5",1,TRUE,0.461999999999534
"1099","Y=~y1",0.329297174216779,0.0227436314397432,0.4,"LSAM",7409,2310575,300,"ordinal","normal","normal","Symmetric","5",1,TRUE,0.461999999999534
"1100","Y=~y2",0.718543770459121,0.101774184719521,0.7,"LSAM",7409,2310575,300,"ordinal","normal","normal","Symmetric","5",1,TRUE,0.461999999999534
"1101","Y=~y3",0.794111169168222,0.110302148652312,0.9,"LSAM",7409,2310575,300,"ordinal","normal","normal","Symmetric","5",1,TRUE,0.461999999999534
"1102","Y~X",0.44112811481593,0.0713553758672169,0.4,"LSAM",7409,2310575,300,"ordinal","normal","normal","Symmetric","5",1,TRUE,0.461999999999534
"1103","Y~Z",0.415603203443178,0.0898919362054245,0.5,"LSAM",7409,2310575,300,"ordinal","normal","normal","Symmetric","5",1,TRUE,0.461999999999534
"1104","Y~X:Z",0.181769962831368,0.0631394952489605,0.3,"LSAM",7409,2310575,300,"ordinal","normal","normal","Symmetric","5",1,TRUE,0.461999999999534
"1105","X~~Z",0.160092106651462,0.0905172198077037,0.2,"LSAM",7409,2310575,300,"ordinal","normal","normal","Symmetric","5",1,TRUE,0.461999999999534
"1106","X=~x1",0.384570988340631,0.0437204084988163,0.4,"MC-PLSc",7410,7067142,1000,"ordinal","normal","normal","Symmetric","5",1,TRUE,19.6599999999744
"1107","X=~x2",0.778106582951056,0.0282069560977246,0.8,"MC-PLSc",7410,7067142,1000,"ordinal","normal","normal","Symmetric","5",1,TRUE,19.6599999999744
"1108","X=~x3",0.859771567732839,0.0285980231947811,0.8,"MC-PLSc",7410,7067142,1000,"ordinal","normal","normal","Symmetric","5",1,TRUE,19.6599999999744
"1109","Z=~z1",0.609669892370821,0.0331850205821194,0.6,"MC-PLSc",7410,7067142,1000,"ordinal","normal","normal","Symmetric","5",1,TRUE,19.6599999999744
"1110","Z=~z2",0.602929720576093,0.0373253408795582,0.6,"MC-PLSc",7410,7067142,1000,"ordinal","normal","normal","Symmetric","5",1,TRUE,19.6599999999744
"1111","Z=~z3",0.81175101910087,0.0275536958530333,0.8,"MC-PLSc",7410,7067142,1000,"ordinal","normal","normal","Symmetric","5",1,TRUE,19.6599999999744
"1112","Y=~y1",0.39340517009914,0.0402587735949013,0.4,"MC-PLSc",7410,7067142,1000,"ordinal","normal","normal","Symmetric","5",1,TRUE,19.6599999999744
"1113","Y=~y2",0.690461356954459,0.0312894393311639,0.7,"MC-PLSc",7410,7067142,1000,"ordinal","normal","normal","Symmetric","5",1,TRUE,19.6599999999744
"1114","Y=~y3",0.909628684457789,0.0271684821561448,0.9,"MC-PLSc",7410,7067142,1000,"ordinal","normal","normal","Symmetric","5",1,TRUE,19.6599999999744
"1115","Y~X",0.380439262864603,0.0390071637526833,0.4,"MC-PLSc",7410,7067142,1000,"ordinal","normal","normal","Symmetric","5",1,TRUE,19.6599999999744
"1116","Y~Z",0.527649094406763,0.0377839687706073,0.5,"MC-PLSc",7410,7067142,1000,"ordinal","normal","normal","Symmetric","5",1,TRUE,19.6599999999744
"1117","Y~X:Z",0.320853938411839,0.0438933760798705,0.3,"MC-PLSc",7410,7067142,1000,"ordinal","normal","normal","Symmetric","5",1,TRUE,19.6599999999744
"1118","X~~Z",0.204167807362497,0.0419473067983197,0.2,"MC-PLSc",7410,7067142,1000,"ordinal","normal","normal","Symmetric","5",1,TRUE,19.6599999999744
"1119","X=~x1",0.356728918508951,0.0673863744512955,0.4,"PLSc",7410,7067142,1000,"ordinal","normal","normal","Symmetric","5",1,TRUE,1.38199999998324
"1120","X=~x2",0.742058332166046,0.0383541844887488,0.8,"PLSc",7410,7067142,1000,"ordinal","normal","normal","Symmetric","5",1,TRUE,1.38199999998324
"1121","X=~x3",0.830267269168814,0.0400884303252366,0.8,"PLSc",7410,7067142,1000,"ordinal","normal","normal","Symmetric","5",1,TRUE,1.38199999998324
"1122","Z=~z1",0.58815145284547,0.0382006497952942,0.6,"PLSc",7410,7067142,1000,"ordinal","normal","normal","Symmetric","5",1,TRUE,1.38199999998324
"1123","Z=~z2",0.56617788226811,0.0415470259407986,0.6,"PLSc",7410,7067142,1000,"ordinal","normal","normal","Symmetric","5",1,TRUE,1.38199999998324
"1124","Z=~z3",0.777493793942948,0.0344478232427403,0.8,"PLSc",7410,7067142,1000,"ordinal","normal","normal","Symmetric","5",1,TRUE,1.38199999998324
"1125","Y=~y1",0.380441043519939,0.0416752212544805,0.4,"PLSc",7410,7067142,1000,"ordinal","normal","normal","Symmetric","5",1,TRUE,1.38199999998324
"1126","Y=~y2",0.648218417512437,0.0314472050640902,0.7,"PLSc",7410,7067142,1000,"ordinal","normal","normal","Symmetric","5",1,TRUE,1.38199999998324
"1127","Y=~y3",0.857972804635795,0.0281219114838305,0.9,"PLSc",7410,7067142,1000,"ordinal","normal","normal","Symmetric","5",1,TRUE,1.38199999998324
"1128","Y~X",0.387581930411566,0.0409665693720479,0.4,"PLSc",7410,7067142,1000,"ordinal","normal","normal","Symmetric","5",1,TRUE,1.38199999998324
"1129","Y~Z",0.527454216716779,0.0407219634174681,0.5,"PLSc",7410,7067142,1000,"ordinal","normal","normal","Symmetric","5",1,TRUE,1.38199999998324
"1130","Y~X:Z",0.277658460450573,0.0403004989507229,0.3,"PLSc",7410,7067142,1000,"ordinal","normal","normal","Symmetric","5",1,TRUE,1.38199999998324
"1131","X~~Z",0.204469720850095,0.0452929364928242,0.2,"PLSc",7410,7067142,1000,"ordinal","normal","normal","Symmetric","5",1,TRUE,1.38199999998324
"1132","X=~x1",0.523811232786812,0.0486396426888538,0.4,"PLS",7410,7067142,1000,"ordinal","normal","normal","Symmetric","5",1,TRUE,0.988000000012107
"1133","X=~x2",0.861130330555206,0.0136751457841648,0.8,"PLS",7410,7067142,1000,"ordinal","normal","normal","Symmetric","5",1,TRUE,0.988000000012107
"1134","X=~x3",0.887458701827661,0.0114094759928828,0.8,"PLS",7410,7067142,1000,"ordinal","normal","normal","Symmetric","5",1,TRUE,0.988000000012107
"1135","Z=~z1",0.741596285003972,0.0221041091003189,0.6,"PLS",7410,7067142,1000,"ordinal","normal","normal","Symmetric","5",1,TRUE,0.988000000012107
"1136","Z=~z2",0.735164349291875,0.0237160588894059,0.6,"PLS",7410,7067142,1000,"ordinal","normal","normal","Symmetric","5",1,TRUE,0.988000000012107
"1137","Z=~z3",0.853618023730347,0.0117119507836036,0.8,"PLS",7410,7067142,1000,"ordinal","normal","normal","Symmetric","5",1,TRUE,0.988000000012107
"1138","Y=~y1",0.537358428183399,0.0371283117470741,0.4,"PLS",7410,7067142,1000,"ordinal","normal","normal","Symmetric","5",1,TRUE,0.988000000012107
"1139","Y=~y2",0.815273040618166,0.0154707165486615,0.7,"PLS",7410,7067142,1000,"ordinal","normal","normal","Symmetric","5",1,TRUE,0.988000000012107
"1140","Y=~y3",0.895771787785024,0.00750806371047475,0.9,"PLS",7410,7067142,1000,"ordinal","normal","normal","Symmetric","5",1,TRUE,0.988000000012107
"1141","Y~X",0.308644938654395,0.025362675840384,0.4,"PLS",7410,7067142,1000,"ordinal","normal","normal","Symmetric","5",1,TRUE,0.988000000012107
"1142","Y~Z",0.394078467259589,0.0260416419263185,0.5,"PLS",7410,7067142,1000,"ordinal","normal","normal","Symmetric","5",1,TRUE,0.988000000012107
"1143","Y~X:Z",0.19163237098997,0.0248832013358062,0.3,"PLS",7410,7067142,1000,"ordinal","normal","normal","Symmetric","5",1,TRUE,0.988000000012107
"1144","X~~Z",0.149973895381831,0.0333988622289268,0.2,"PLS",7410,7067142,1000,"ordinal","normal","normal","Symmetric","5",1,TRUE,0.988000000012107
"1145","X=~x1",0.38,0.036,0.4,"Mplus",7410,7067142,1000,"ordinal","normal","normal","Symmetric","5",1,TRUE,712.429000000004
"1146","X=~x2",0.792,0.026,0.8,"Mplus",7410,7067142,1000,"ordinal","normal","normal","Symmetric","5",1,TRUE,712.429000000004
"1147","X=~x3",0.828,0.026,0.8,"Mplus",7410,7067142,1000,"ordinal","normal","normal","Symmetric","5",1,TRUE,712.429000000004
"1148","Z=~z1",0.576,0.029,0.6,"Mplus",7410,7067142,1000,"ordinal","normal","normal","Symmetric","5",1,TRUE,712.429000000004
"1149","Z=~z2",0.59,0.029,0.6,"Mplus",7410,7067142,1000,"ordinal","normal","normal","Symmetric","5",1,TRUE,712.429000000004
"1150","Z=~z3",0.818,0.025,0.8,"Mplus",7410,7067142,1000,"ordinal","normal","normal","Symmetric","5",1,TRUE,712.429000000004
"1151","Y=~y1",0.374,0.034,0.4,"Mplus",7410,7067142,1000,"ordinal","normal","normal","Symmetric","5",1,TRUE,712.429000000004
"1152","Y=~y2",0.686,0.026,0.7,"Mplus",7410,7067142,1000,"ordinal","normal","normal","Symmetric","5",1,TRUE,712.429000000004
"1153","Y=~y3",0.909,0.021,0.9,"Mplus",7410,7067142,1000,"ordinal","normal","normal","Symmetric","5",1,TRUE,712.429000000004
"1154","Y~X",0.379,0.034,0.4,"Mplus",7410,7067142,1000,"ordinal","normal","normal","Symmetric","5",1,TRUE,712.429000000004
"1155","Y~Z",0.526,0.033,0.5,"Mplus",7410,7067142,1000,"ordinal","normal","normal","Symmetric","5",1,TRUE,712.429000000004
"1156","Y~X:Z",0.322,0.035,0.3,"Mplus",7410,7067142,1000,"ordinal","normal","normal","Symmetric","5",1,TRUE,712.429000000004
"1157","X~~Z",0.223,0.044,0.2,"Mplus",7410,7067142,1000,"ordinal","normal","normal","Symmetric","5",1,TRUE,712.429000000004
"1158","X=~x1",0.376874162153281,0.031360298647198,0.4,"LSAM",7410,7067142,1000,"ordinal","normal","normal","Symmetric","5",1,TRUE,0.467000000004191
"1159","X=~x2",0.754680422567364,0.0549321224438907,0.8,"LSAM",7410,7067142,1000,"ordinal","normal","normal","Symmetric","5",1,TRUE,0.467000000004191
"1160","X=~x3",0.801430420388931,0.0548577230660272,0.8,"LSAM",7410,7067142,1000,"ordinal","normal","normal","Symmetric","5",1,TRUE,0.467000000004191
"1161","Z=~z1",0.576113633766881,0.0221433657150694,0.6,"LSAM",7410,7067142,1000,"ordinal","normal","normal","Symmetric","5",1,TRUE,0.467000000004191
"1162","Z=~z2",0.584159776303195,0.041008336205387,0.6,"LSAM",7410,7067142,1000,"ordinal","normal","normal","Symmetric","5",1,TRUE,0.467000000004191
"1163","Z=~z3",0.771626148709945,0.0463040906028218,0.8,"LSAM",7410,7067142,1000,"ordinal","normal","normal","Symmetric","5",1,TRUE,0.467000000004191
"1164","Y=~y1",0.365574079047534,0.0125227684520352,0.4,"LSAM",7410,7067142,1000,"ordinal","normal","normal","Symmetric","5",1,TRUE,0.467000000004191
"1165","Y=~y2",0.652681626340234,0.0465272728255688,0.7,"LSAM",7410,7067142,1000,"ordinal","normal","normal","Symmetric","5",1,TRUE,0.467000000004191
"1166","Y=~y3",0.866282666058229,0.0574995901430543,0.9,"LSAM",7410,7067142,1000,"ordinal","normal","normal","Symmetric","5",1,TRUE,0.467000000004191
"1167","Y~X",0.382137455448617,0.0402041254969445,0.4,"LSAM",7410,7067142,1000,"ordinal","normal","normal","Symmetric","5",1,TRUE,0.467000000004191
"1168","Y~Z",0.521027699789761,0.0428026175817465,0.5,"LSAM",7410,7067142,1000,"ordinal","normal","normal","Symmetric","5",1,TRUE,0.467000000004191
"1169","Y~X:Z",0.263260846173443,0.0361196420636718,0.3,"LSAM",7410,7067142,1000,"ordinal","normal","normal","Symmetric","5",1,TRUE,0.467000000004191
"1170","X~~Z",0.219856207989331,0.046135253841885,0.2,"LSAM",7410,7067142,1000,"ordinal","normal","normal","Symmetric","5",1,TRUE,0.467000000004191
"1171","X=~x1",0.150965869960407,0.17019332794681,0.4,"MC-PLSc",7411,3450623,300,"ordinal","normal","normal","Extreme","2",1,FALSE,15.0520000000251
"1172","X=~x2",0.835916433586279,0.170540706602171,0.8,"MC-PLSc",7411,3450623,300,"ordinal","normal","normal","Extreme","2",1,FALSE,15.0520000000251
"1173","X=~x3",0.799024563111273,0.134465029598146,0.8,"MC-PLSc",7411,3450623,300,"ordinal","normal","normal","Extreme","2",1,FALSE,15.0520000000251
"1174","Z=~z1",0.612437209633708,0.125595499982618,0.6,"MC-PLSc",7411,3450623,300,"ordinal","normal","normal","Extreme","2",1,FALSE,15.0520000000251
"1175","Z=~z2",0.595129574475164,0.119940889068042,0.6,"MC-PLSc",7411,3450623,300,"ordinal","normal","normal","Extreme","2",1,FALSE,15.0520000000251
"1176","Z=~z3",0.799378705948367,0.102847970380477,0.8,"MC-PLSc",7411,3450623,300,"ordinal","normal","normal","Extreme","2",1,FALSE,15.0520000000251
"1177","Y=~y1",0.285556180129209,0.151245602675357,0.4,"MC-PLSc",7411,3450623,300,"ordinal","normal","normal","Extreme","2",1,FALSE,15.0520000000251
"1178","Y=~y2",0.640085618642765,0.116799205012263,0.7,"MC-PLSc",7411,3450623,300,"ordinal","normal","normal","Extreme","2",1,FALSE,15.0520000000251
"1179","Y=~y3",0.90669775203057,0.104867165022941,0.9,"MC-PLSc",7411,3450623,300,"ordinal","normal","normal","Extreme","2",1,FALSE,15.0520000000251
"1180","Y~X",0.0118953548403625,0.502652566216037,0.4,"MC-PLSc",7411,3450623,300,"ordinal","normal","normal","Extreme","2",1,FALSE,15.0520000000251
"1181","Y~Z",0.491956441892294,0.326429012974912,0.5,"MC-PLSc",7411,3450623,300,"ordinal","normal","normal","Extreme","2",1,FALSE,15.0520000000251
"1182","Y~X:Z",0.823681658115099,0.400489026676312,0.3,"MC-PLSc",7411,3450623,300,"ordinal","normal","normal","Extreme","2",1,FALSE,15.0520000000251
"1183","X~~Z",0.281448001461637,0.119972628598606,0.2,"MC-PLSc",7411,3450623,300,"ordinal","normal","normal","Extreme","2",1,FALSE,15.0520000000251
"1184","X=~x1",-0.0597064989181489,0.136406919165019,0.4,"PLSc",7411,3450623,300,"ordinal","normal","normal","Extreme","2",1,TRUE,1.27699999994365
"1185","X=~x2",0.626996383311281,0.182510567630206,0.8,"PLSc",7411,3450623,300,"ordinal","normal","normal","Extreme","2",1,TRUE,1.27699999994365
"1186","X=~x3",0.58059175301067,0.151768852483065,0.8,"PLSc",7411,3450623,300,"ordinal","normal","normal","Extreme","2",1,TRUE,1.27699999994365
"1187","Z=~z1",0.433868773655998,0.110223023208661,0.6,"PLSc",7411,3450623,300,"ordinal","normal","normal","Extreme","2",1,TRUE,1.27699999994365
"1188","Z=~z2",0.393927846033607,0.107714144128343,0.6,"PLSc",7411,3450623,300,"ordinal","normal","normal","Extreme","2",1,TRUE,1.27699999994365
"1189","Z=~z3",0.640722313588205,0.103568720821461,0.8,"PLSc",7411,3450623,300,"ordinal","normal","normal","Extreme","2",1,TRUE,1.27699999994365
"1190","Y=~y1",0.228574838635345,0.10887043799164,0.4,"PLSc",7411,3450623,300,"ordinal","normal","normal","Extreme","2",1,TRUE,1.27699999994365
"1191","Y=~y2",0.524973305880225,0.0967827878247204,0.7,"PLSc",7411,3450623,300,"ordinal","normal","normal","Extreme","2",1,TRUE,1.27699999994365
"1192","Y=~y3",0.782101531375658,0.089855653286517,0.9,"PLSc",7411,3450623,300,"ordinal","normal","normal","Extreme","2",1,TRUE,1.27699999994365
"1193","Y~X",0.260696389295062,0.862702127158886,0.4,"PLSc",7411,3450623,300,"ordinal","normal","normal","Extreme","2",1,TRUE,1.27699999994365
"1194","Y~Z",0.460322023933281,1.38293973027103,0.5,"PLSc",7411,3450623,300,"ordinal","normal","normal","Extreme","2",1,TRUE,1.27699999994365
"1195","Y~X:Z",0.563460491701799,3.33182218961736,0.3,"PLSc",7411,3450623,300,"ordinal","normal","normal","Extreme","2",1,TRUE,1.27699999994365
"1196","X~~Z",0.233721392118625,0.132677501984612,0.2,"PLSc",7411,3450623,300,"ordinal","normal","normal","Extreme","2",1,TRUE,1.27699999994365
"1197","X=~x1",0.132626123422916,0.180380994061524,0.4,"PLS",7411,3450623,300,"ordinal","normal","normal","Extreme","2",1,TRUE,0.954000000027008
"1198","X=~x2",0.848058175835017,0.0877857031560269,0.8,"PLS",7411,3450623,300,"ordinal","normal","normal","Extreme","2",1,TRUE,0.954000000027008
"1199","X=~x3",0.823634578531459,0.0852541783773704,0.8,"PLS",7411,3450623,300,"ordinal","normal","normal","Extreme","2",1,TRUE,0.954000000027008
"1200","Z=~z1",0.644209635553724,0.103855702973531,0.6,"PLS",7411,3450623,300,"ordinal","normal","normal","Extreme","2",1,TRUE,0.954000000027008
"1201","Z=~z2",0.617943028693552,0.101310472099928,0.6,"PLS",7411,3450623,300,"ordinal","normal","normal","Extreme","2",1,TRUE,0.954000000027008
"1202","Z=~z3",0.816542865834927,0.0553740454571327,0.8,"PLS",7411,3450623,300,"ordinal","normal","normal","Extreme","2",1,TRUE,0.954000000027008
"1203","Y=~y1",0.335745985876728,0.135954557658515,0.4,"PLS",7411,3450623,300,"ordinal","normal","normal","Extreme","2",1,TRUE,0.954000000027008
"1204","Y=~y2",0.757195173347561,0.069913486598105,0.7,"PLS",7411,3450623,300,"ordinal","normal","normal","Extreme","2",1,TRUE,0.954000000027008
"1205","Y=~y3",0.889861241830657,0.0290159314221861,0.9,"PLS",7411,3450623,300,"ordinal","normal","normal","Extreme","2",1,TRUE,0.954000000027008
"1206","Y~X",0.227722984200802,0.0580958216435569,0.4,"PLS",7411,3450623,300,"ordinal","normal","normal","Extreme","2",1,TRUE,0.954000000027008
"1207","Y~Z",0.349042412940448,0.0647050981285137,0.5,"PLS",7411,3450623,300,"ordinal","normal","normal","Extreme","2",1,TRUE,0.954000000027008
"1208","Y~X:Z",0.285522508882415,0.0626913015538802,0.3,"PLS",7411,3450623,300,"ordinal","normal","normal","Extreme","2",1,TRUE,0.954000000027008
"1209","X~~Z",0.123355049062114,0.0595545381146397,0.2,"PLS",7411,3450623,300,"ordinal","normal","normal","Extreme","2",1,TRUE,0.954000000027008
"1210","X=~x1",NA,NA,0.4,"Mplus",7411,3450623,300,"ordinal","normal","normal","Extreme","2",1,FALSE,397.508000000031
"1211","X=~x2",NA,NA,0.8,"Mplus",7411,3450623,300,"ordinal","normal","normal","Extreme","2",1,FALSE,397.508000000031
"1212","X=~x3",NA,NA,0.8,"Mplus",7411,3450623,300,"ordinal","normal","normal","Extreme","2",1,FALSE,397.508000000031
"1213","Z=~z1",NA,NA,0.6,"Mplus",7411,3450623,300,"ordinal","normal","normal","Extreme","2",1,FALSE,397.508000000031
"1214","Z=~z2",NA,NA,0.6,"Mplus",7411,3450623,300,"ordinal","normal","normal","Extreme","2",1,FALSE,397.508000000031
"1215","Z=~z3",NA,NA,0.8,"Mplus",7411,3450623,300,"ordinal","normal","normal","Extreme","2",1,FALSE,397.508000000031
"1216","Y=~y1",NA,NA,0.4,"Mplus",7411,3450623,300,"ordinal","normal","normal","Extreme","2",1,FALSE,397.508000000031
"1217","Y=~y2",NA,NA,0.7,"Mplus",7411,3450623,300,"ordinal","normal","normal","Extreme","2",1,FALSE,397.508000000031
"1218","Y=~y3",NA,NA,0.9,"Mplus",7411,3450623,300,"ordinal","normal","normal","Extreme","2",1,FALSE,397.508000000031
"1219","Y~X",NA,NA,0.4,"Mplus",7411,3450623,300,"ordinal","normal","normal","Extreme","2",1,FALSE,397.508000000031
"1220","Y~Z",NA,NA,0.5,"Mplus",7411,3450623,300,"ordinal","normal","normal","Extreme","2",1,FALSE,397.508000000031
"1221","Y~X:Z",NA,NA,0.3,"Mplus",7411,3450623,300,"ordinal","normal","normal","Extreme","2",1,FALSE,397.508000000031
"1222","X~~Z",NA,NA,0.2,"Mplus",7411,3450623,300,"ordinal","normal","normal","Extreme","2",1,FALSE,397.508000000031
"1223","X=~x1",0.307711150701718,0.0806931949313928,0.4,"LSAM",7411,3450623,300,"ordinal","normal","normal","Extreme","2",1,TRUE,0.546999999962281
"1224","X=~x2",0.711281702684742,0.192835728680642,0.8,"LSAM",7411,3450623,300,"ordinal","normal","normal","Extreme","2",1,TRUE,0.546999999962281
"1225","X=~x3",0.551960886389259,0.162609202690752,0.8,"LSAM",7411,3450623,300,"ordinal","normal","normal","Extreme","2",1,TRUE,0.546999999962281
"1226","Z=~z1",0.436025836755805,0.431290267021352,0.6,"LSAM",7411,3450623,300,"ordinal","normal","normal","Extreme","2",1,TRUE,0.546999999962281
"1227","Z=~z2",0.448471901624247,0.451176936575482,0.6,"LSAM",7411,3450623,300,"ordinal","normal","normal","Extreme","2",1,TRUE,0.546999999962281
"1228","Z=~z3",0.583492490383813,0.493206709409108,0.8,"LSAM",7411,3450623,300,"ordinal","normal","normal","Extreme","2",1,TRUE,0.546999999962281
"1229","Y=~y1",0.299761512367043,0.0335341754173961,0.4,"LSAM",7411,3450623,300,"ordinal","normal","normal","Extreme","2",1,TRUE,0.546999999962281
"1230","Y=~y2",0.589271485992296,0.131414180772907,0.7,"LSAM",7411,3450623,300,"ordinal","normal","normal","Extreme","2",1,TRUE,0.546999999962281
"1231","Y=~y3",0.701479436411661,0.159069666003024,0.9,"LSAM",7411,3450623,300,"ordinal","normal","normal","Extreme","2",1,TRUE,0.546999999962281
"1232","Y~X",0.236886300494336,0.408435077306626,0.4,"LSAM",7411,3450623,300,"ordinal","normal","normal","Extreme","2",1,TRUE,0.546999999962281
"1233","Y~Z",0.505942168045059,0.751490884775823,0.5,"LSAM",7411,3450623,300,"ordinal","normal","normal","Extreme","2",1,TRUE,0.546999999962281
"1234","Y~X:Z",0.55069854172195,0.626685361672781,0.3,"LSAM",7411,3450623,300,"ordinal","normal","normal","Extreme","2",1,TRUE,0.546999999962281
"1235","X~~Z",0.212860969985995,0.280153696258942,0.2,"LSAM",7411,3450623,300,"ordinal","normal","normal","Extreme","2",1,TRUE,0.546999999962281
"1236","X=~x1",0.480388758289983,0.0807249615458021,0.4,"MC-PLSc",7412,2657913,1000,"ordinal","normal","normal","Extreme","2",1,TRUE,14.6039999999921
"1237","X=~x2",0.806923823326764,0.085158215318718,0.8,"MC-PLSc",7412,2657913,1000,"ordinal","normal","normal","Extreme","2",1,TRUE,14.6039999999921
"1238","X=~x3",0.698279903524874,0.0696290593439289,0.8,"MC-PLSc",7412,2657913,1000,"ordinal","normal","normal","Extreme","2",1,TRUE,14.6039999999921
"1239","Z=~z1",0.683468696383546,0.0733900197074259,0.6,"MC-PLSc",7412,2657913,1000,"ordinal","normal","normal","Extreme","2",1,TRUE,14.6039999999921
"1240","Z=~z2",0.540740448916519,0.089210754252634,0.6,"MC-PLSc",7412,2657913,1000,"ordinal","normal","normal","Extreme","2",1,TRUE,14.6039999999921
"1241","Z=~z3",0.823888876834326,0.0508965380346244,0.8,"MC-PLSc",7412,2657913,1000,"ordinal","normal","normal","Extreme","2",1,TRUE,14.6039999999921
"1242","Y=~y1",0.3420444636839,0.0709346239865104,0.4,"MC-PLSc",7412,2657913,1000,"ordinal","normal","normal","Extreme","2",1,TRUE,14.6039999999921
"1243","Y=~y2",0.691232881707555,0.0639633027615269,0.7,"MC-PLSc",7412,2657913,1000,"ordinal","normal","normal","Extreme","2",1,TRUE,14.6039999999921
"1244","Y=~y3",0.806716322506549,0.0776445458172281,0.9,"MC-PLSc",7412,2657913,1000,"ordinal","normal","normal","Extreme","2",1,TRUE,14.6039999999921
"1245","Y~X",0.456691750157212,0.119461391962726,0.4,"MC-PLSc",7412,2657913,1000,"ordinal","normal","normal","Extreme","2",1,TRUE,14.6039999999921
"1246","Y~Z",0.575340485027411,0.0942820519950994,0.5,"MC-PLSc",7412,2657913,1000,"ordinal","normal","normal","Extreme","2",1,TRUE,14.6039999999921
"1247","Y~X:Z",0.256514392981516,0.218758376458926,0.3,"MC-PLSc",7412,2657913,1000,"ordinal","normal","normal","Extreme","2",1,TRUE,14.6039999999921
"1248","X~~Z",0.204543080516498,0.0657677894561088,0.2,"MC-PLSc",7412,2657913,1000,"ordinal","normal","normal","Extreme","2",1,TRUE,14.6039999999921
"1249","X=~x1",0.390308313193131,0.0640005955169094,0.4,"PLSc",7412,2657913,1000,"ordinal","normal","normal","Extreme","2",1,TRUE,1.37400000001071
"1250","X=~x2",0.611656306859812,0.0727523162501167,0.8,"PLSc",7412,2657913,1000,"ordinal","normal","normal","Extreme","2",1,TRUE,1.37400000001071
"1251","X=~x3",0.454028533588151,0.0712208663595013,0.8,"PLSc",7412,2657913,1000,"ordinal","normal","normal","Extreme","2",1,TRUE,1.37400000001071
"1252","Z=~z1",0.5170505578359,0.0606482664322826,0.6,"PLSc",7412,2657913,1000,"ordinal","normal","normal","Extreme","2",1,TRUE,1.37400000001071
"1253","Z=~z2",0.366808200402735,0.0647707282360684,0.6,"PLSc",7412,2657913,1000,"ordinal","normal","normal","Extreme","2",1,TRUE,1.37400000001071
"1254","Z=~z3",0.629317211650664,0.0586223311267863,0.8,"PLSc",7412,2657913,1000,"ordinal","normal","normal","Extreme","2",1,TRUE,1.37400000001071
"1255","Y=~y1",0.189978746898591,0.0607800865099099,0.4,"PLSc",7412,2657913,1000,"ordinal","normal","normal","Extreme","2",1,TRUE,1.37400000001071
"1256","Y=~y2",0.584435120118069,0.0486581585074984,0.7,"PLSc",7412,2657913,1000,"ordinal","normal","normal","Extreme","2",1,TRUE,1.37400000001071
"1257","Y=~y3",0.660678189864407,0.0498048659179143,0.9,"PLSc",7412,2657913,1000,"ordinal","normal","normal","Extreme","2",1,TRUE,1.37400000001071
"1258","Y~X",0.433897374036007,0.266103121753773,0.4,"PLSc",7412,2657913,1000,"ordinal","normal","normal","Extreme","2",1,TRUE,1.37400000001071
"1259","Y~Z",0.512420436032983,0.163688844744186,0.5,"PLSc",7412,2657913,1000,"ordinal","normal","normal","Extreme","2",1,TRUE,1.37400000001071
"1260","Y~X:Z",0.167991518853232,1.12039772094955,0.3,"PLSc",7412,2657913,1000,"ordinal","normal","normal","Extreme","2",1,TRUE,1.37400000001071
"1261","X~~Z",0.169304034620865,0.0626416093897955,0.2,"PLSc",7412,2657913,1000,"ordinal","normal","normal","Extreme","2",1,TRUE,1.37400000001071
"1262","X=~x1",0.518638011409123,0.0733543835975787,0.4,"PLS",7412,2657913,1000,"ordinal","normal","normal","Extreme","2",1,TRUE,1.14600000000792
"1263","X=~x2",0.813785668814371,0.0370472327173658,0.8,"PLS",7412,2657913,1000,"ordinal","normal","normal","Extreme","2",1,TRUE,1.14600000000792
"1264","X=~x3",0.729352206446047,0.0474454797884394,0.8,"PLS",7412,2657913,1000,"ordinal","normal","normal","Extreme","2",1,TRUE,1.14600000000792
"1265","Z=~z1",0.711251640511796,0.0464730422427234,0.6,"PLS",7412,2657913,1000,"ordinal","normal","normal","Extreme","2",1,TRUE,1.14600000000792
"1266","Z=~z2",0.576848338594455,0.0620334188319247,0.6,"PLS",7412,2657913,1000,"ordinal","normal","normal","Extreme","2",1,TRUE,1.14600000000792
"1267","Z=~z3",0.81151394014818,0.0308684024495245,0.8,"PLS",7412,2657913,1000,"ordinal","normal","normal","Extreme","2",1,TRUE,1.14600000000792
"1268","Y=~y1",0.397493843913108,0.0711230713201434,0.4,"PLS",7412,2657913,1000,"ordinal","normal","normal","Extreme","2",1,TRUE,1.14600000000792
"1269","Y=~y2",0.773913095204462,0.0339544197785294,0.7,"PLS",7412,2657913,1000,"ordinal","normal","normal","Extreme","2",1,TRUE,1.14600000000792
"1270","Y=~y3",0.837251117876803,0.0237710460911572,0.9,"PLS",7412,2657913,1000,"ordinal","normal","normal","Extreme","2",1,TRUE,1.14600000000792
"1271","Y~X",0.264145234239729,0.0349521128405595,0.4,"PLS",7412,2657913,1000,"ordinal","normal","normal","Extreme","2",1,TRUE,1.14600000000792
"1272","Y~Z",0.313438588008765,0.0351894847096279,0.5,"PLS",7412,2657913,1000,"ordinal","normal","normal","Extreme","2",1,TRUE,1.14600000000792
"1273","Y~X:Z",0.113728780209328,0.0352172494458555,0.3,"PLS",7412,2657913,1000,"ordinal","normal","normal","Extreme","2",1,TRUE,1.14600000000792
"1274","X~~Z",0.0880357396192257,0.0321246681483279,0.2,"PLS",7412,2657913,1000,"ordinal","normal","normal","Extreme","2",1,TRUE,1.14600000000792
"1275","X=~x1",0.379,0.065,0.4,"Mplus",7412,2657913,1000,"ordinal","normal","normal","Extreme","2",1,TRUE,145.244999999995
"1276","X=~x2",0.825,0.06,0.8,"Mplus",7412,2657913,1000,"ordinal","normal","normal","Extreme","2",1,TRUE,145.244999999995
"1277","X=~x3",0.757,0.055,0.8,"Mplus",7412,2657913,1000,"ordinal","normal","normal","Extreme","2",1,TRUE,145.244999999995
"1278","Z=~z1",0.657,0.056,0.6,"Mplus",7412,2657913,1000,"ordinal","normal","normal","Extreme","2",1,TRUE,145.244999999995
"1279","Z=~z2",0.545,0.058,0.6,"Mplus",7412,2657913,1000,"ordinal","normal","normal","Extreme","2",1,TRUE,145.244999999995
"1280","Z=~z3",0.824,0.059,0.8,"Mplus",7412,2657913,1000,"ordinal","normal","normal","Extreme","2",1,TRUE,145.244999999995
"1281","Y=~y1",0.41,0.064,0.4,"Mplus",7412,2657913,1000,"ordinal","normal","normal","Extreme","2",1,TRUE,145.244999999995
"1282","Y=~y2",0.717,0.055,0.7,"Mplus",7412,2657913,1000,"ordinal","normal","normal","Extreme","2",1,TRUE,145.244999999995
"1283","Y=~y3",0.858,0.057,0.9,"Mplus",7412,2657913,1000,"ordinal","normal","normal","Extreme","2",1,TRUE,145.244999999995
"1284","Y~X",0.482,0.077,0.4,"Mplus",7412,2657913,1000,"ordinal","normal","normal","Extreme","2",1,TRUE,145.244999999995
"1285","Y~Z",0.6,0.068,0.5,"Mplus",7412,2657913,1000,"ordinal","normal","normal","Extreme","2",1,TRUE,145.244999999995
"1286","Y~X:Z",0.027,0.105,0.3,"Mplus",7412,2657913,1000,"ordinal","normal","normal","Extreme","2",1,TRUE,145.244999999995
"1287","X~~Z",0.188,0.075,0.2,"Mplus",7412,2657913,1000,"ordinal","normal","normal","Extreme","2",1,TRUE,145.244999999995
"1288","X=~x1",0.303696537359029,0.0414933396682866,0.4,"LSAM",7412,2657913,1000,"ordinal","normal","normal","Extreme","2",1,TRUE,0.492999999958556
"1289","X=~x2",0.582899329568483,0.0934851259464089,0.8,"LSAM",7412,2657913,1000,"ordinal","normal","normal","Extreme","2",1,TRUE,0.492999999958556
"1290","X=~x3",0.645650680873475,0.101219881944723,0.8,"LSAM",7412,2657913,1000,"ordinal","normal","normal","Extreme","2",1,TRUE,0.492999999958556
"1291","Z=~z1",0.455393105468251,0.142022700821338,0.6,"LSAM",7412,2657913,1000,"ordinal","normal","normal","Extreme","2",1,TRUE,0.492999999958556
"1292","Z=~z2",0.399320683437434,0.141232535981624,0.6,"LSAM",7412,2657913,1000,"ordinal","normal","normal","Extreme","2",1,TRUE,0.492999999958556
"1293","Z=~z3",0.668358816908168,0.170537869825769,0.8,"LSAM",7412,2657913,1000,"ordinal","normal","normal","Extreme","2",1,TRUE,0.492999999958556
"1294","Y=~y1",0.316016384850247,0.0179857474116116,0.4,"LSAM",7412,2657913,1000,"ordinal","normal","normal","Extreme","2",1,TRUE,0.492999999958556
"1295","Y=~y2",0.451710084967865,0.0620539413978623,0.7,"LSAM",7412,2657913,1000,"ordinal","normal","normal","Extreme","2",1,TRUE,0.492999999958556
"1296","Y=~y3",0.754135909117576,0.11334597203001,0.9,"LSAM",7412,2657913,1000,"ordinal","normal","normal","Extreme","2",1,TRUE,0.492999999958556
"1297","Y~X",0.338028899597386,0.0700030656559977,0.4,"LSAM",7412,2657913,1000,"ordinal","normal","normal","Extreme","2",1,TRUE,0.492999999958556
"1298","Y~Z",0.521273461490744,0.238954461681043,0.5,"LSAM",7412,2657913,1000,"ordinal","normal","normal","Extreme","2",1,TRUE,0.492999999958556
"1299","Y~X:Z",0.163551091125713,0.308576961167239,0.3,"LSAM",7412,2657913,1000,"ordinal","normal","normal","Extreme","2",1,TRUE,0.492999999958556
"1300","X~~Z",0.119160086676075,0.118458256222437,0.2,"LSAM",7412,2657913,1000,"ordinal","normal","normal","Extreme","2",1,TRUE,0.492999999958556
"1301","X=~x1",0.545732242066416,0.098104209149111,0.4,"MC-PLSc",7413,1352771,300,"ordinal","normal","normal","Extreme","3",1,TRUE,12.4990000000107
"1302","X=~x2",0.640756039917374,0.102300476122651,0.8,"MC-PLSc",7413,1352771,300,"ordinal","normal","normal","Extreme","3",1,TRUE,12.4990000000107
"1303","X=~x3",0.789952495052014,0.113002743985856,0.8,"MC-PLSc",7413,1352771,300,"ordinal","normal","normal","Extreme","3",1,TRUE,12.4990000000107
"1304","Z=~z1",0.613486300438818,0.107927732948721,0.6,"MC-PLSc",7413,1352771,300,"ordinal","normal","normal","Extreme","3",1,TRUE,12.4990000000107
"1305","Z=~z2",0.645747900482157,0.102313382373585,0.6,"MC-PLSc",7413,1352771,300,"ordinal","normal","normal","Extreme","3",1,TRUE,12.4990000000107
"1306","Z=~z3",0.82351173225762,0.0813456406983412,0.8,"MC-PLSc",7413,1352771,300,"ordinal","normal","normal","Extreme","3",1,TRUE,12.4990000000107
"1307","Y=~y1",0.490128699044061,0.0822873087366989,0.4,"MC-PLSc",7413,1352771,300,"ordinal","normal","normal","Extreme","3",1,TRUE,12.4990000000107
"1308","Y=~y2",0.587397365486363,0.0710030674373372,0.7,"MC-PLSc",7413,1352771,300,"ordinal","normal","normal","Extreme","3",1,TRUE,12.4990000000107
"1309","Y=~y3",0.854950352167826,0.103510302201267,0.9,"MC-PLSc",7413,1352771,300,"ordinal","normal","normal","Extreme","3",1,TRUE,12.4990000000107
"1310","Y~X",0.508285446539501,0.112323663762778,0.4,"MC-PLSc",7413,1352771,300,"ordinal","normal","normal","Extreme","3",1,TRUE,12.4990000000107
"1311","Y~Z",0.619002719712966,0.10583883016116,0.5,"MC-PLSc",7413,1352771,300,"ordinal","normal","normal","Extreme","3",1,TRUE,12.4990000000107
"1312","Y~X:Z",0.149661428145682,0.235289882522982,0.3,"MC-PLSc",7413,1352771,300,"ordinal","normal","normal","Extreme","3",1,TRUE,12.4990000000107
"1313","X~~Z",0.087098638752058,0.104581033179229,0.2,"MC-PLSc",7413,1352771,300,"ordinal","normal","normal","Extreme","3",1,TRUE,12.4990000000107
"1314","X=~x1",0.488488913634057,0.110575457474358,0.4,"PLSc",7413,1352771,300,"ordinal","normal","normal","Extreme","3",1,TRUE,1.28100000001723
"1315","X=~x2",0.460519620646447,0.115514031556259,0.8,"PLSc",7413,1352771,300,"ordinal","normal","normal","Extreme","3",1,TRUE,1.28100000001723
"1316","X=~x3",0.689753921755576,0.123021216331035,0.8,"PLSc",7413,1352771,300,"ordinal","normal","normal","Extreme","3",1,TRUE,1.28100000001723
"1317","Z=~z1",0.520114861147331,0.0937039965180623,0.6,"PLSc",7413,1352771,300,"ordinal","normal","normal","Extreme","3",1,TRUE,1.28100000001723
"1318","Z=~z2",0.48923719135684,0.103511863126018,0.6,"PLSc",7413,1352771,300,"ordinal","normal","normal","Extreme","3",1,TRUE,1.28100000001723
"1319","Z=~z3",0.717844891524587,0.0949083243864036,0.8,"PLSc",7413,1352771,300,"ordinal","normal","normal","Extreme","3",1,TRUE,1.28100000001723
"1320","Y=~y1",0.398728709864029,0.0910089243973957,0.4,"PLSc",7413,1352771,300,"ordinal","normal","normal","Extreme","3",1,TRUE,1.28100000001723
"1321","Y=~y2",0.503078016541674,0.0818951051393733,0.7,"PLSc",7413,1352771,300,"ordinal","normal","normal","Extreme","3",1,TRUE,1.28100000001723
"1322","Y=~y3",0.754484331617662,0.0757236118958866,0.9,"PLSc",7413,1352771,300,"ordinal","normal","normal","Extreme","3",1,TRUE,1.28100000001723
"1323","Y~X",0.499753323423375,0.539858970876668,0.4,"PLSc",7413,1352771,300,"ordinal","normal","normal","Extreme","3",1,TRUE,1.28100000001723
"1324","Y~Z",0.612126366346386,0.526273325332928,0.5,"PLSc",7413,1352771,300,"ordinal","normal","normal","Extreme","3",1,TRUE,1.28100000001723
"1325","Y~X:Z",0.347825767167235,1.42135293928623,0.3,"PLSc",7413,1352771,300,"ordinal","normal","normal","Extreme","3",1,TRUE,1.28100000001723
"1326","X~~Z",0.0742747142679985,0.0878583311280206,0.2,"PLSc",7413,1352771,300,"ordinal","normal","normal","Extreme","3",1,TRUE,1.28100000001723
"1327","X=~x1",0.640250311677685,0.0918699675334885,0.4,"PLS",7413,1352771,300,"ordinal","normal","normal","Extreme","3",1,TRUE,0.898999999975786
"1328","X=~x2",0.721161942027535,0.0730415792470107,0.8,"PLS",7413,1352771,300,"ordinal","normal","normal","Extreme","3",1,TRUE,0.898999999975786
"1329","X=~x3",0.81478431105769,0.0615733043096717,0.8,"PLS",7413,1352771,300,"ordinal","normal","normal","Extreme","3",1,TRUE,0.898999999975786
"1330","Z=~z1",0.680598566730644,0.0687061951417196,0.6,"PLS",7413,1352771,300,"ordinal","normal","normal","Extreme","3",1,TRUE,0.898999999975786
"1331","Z=~z2",0.713686794689394,0.0666452659248779,0.6,"PLS",7413,1352771,300,"ordinal","normal","normal","Extreme","3",1,TRUE,0.898999999975786
"1332","Z=~z3",0.826159068044676,0.0400091923280432,0.8,"PLS",7413,1352771,300,"ordinal","normal","normal","Extreme","3",1,TRUE,0.898999999975786
"1333","Y=~y1",0.601121868481318,0.0783137710826884,0.4,"PLS",7413,1352771,300,"ordinal","normal","normal","Extreme","3",1,TRUE,0.898999999975786
"1334","Y=~y2",0.697045461503802,0.0630695110569176,0.7,"PLS",7413,1352771,300,"ordinal","normal","normal","Extreme","3",1,TRUE,0.898999999975786
"1335","Y=~y3",0.857481512857602,0.0294154635371334,0.9,"PLS",7413,1352771,300,"ordinal","normal","normal","Extreme","3",1,TRUE,0.898999999975786
"1336","Y~X",0.30807515351787,0.0526184174312694,0.4,"PLS",7413,1352771,300,"ordinal","normal","normal","Extreme","3",1,TRUE,0.898999999975786
"1337","Y~Z",0.37565194784207,0.0578074220386623,0.5,"PLS",7413,1352771,300,"ordinal","normal","normal","Extreme","3",1,TRUE,0.898999999975786
"1338","Y~X:Z",0.11127991045899,0.0604193612115862,0.3,"PLS",7413,1352771,300,"ordinal","normal","normal","Extreme","3",1,TRUE,0.898999999975786
"1339","X~~Z",0.0450954407019991,0.0531554865800652,0.2,"PLS",7413,1352771,300,"ordinal","normal","normal","Extreme","3",1,TRUE,0.898999999975786
"1340","X=~x1",0.463,0.098,0.4,"Mplus",7413,1352771,300,"ordinal","normal","normal","Extreme","3",1,TRUE,143.700000000012
"1341","X=~x2",0.643,0.092,0.8,"Mplus",7413,1352771,300,"ordinal","normal","normal","Extreme","3",1,TRUE,143.700000000012
"1342","X=~x3",0.797,0.11,0.8,"Mplus",7413,1352771,300,"ordinal","normal","normal","Extreme","3",1,TRUE,143.700000000012
"1343","Z=~z1",0.577,0.077,0.6,"Mplus",7413,1352771,300,"ordinal","normal","normal","Extreme","3",1,TRUE,143.700000000012
"1344","Z=~z2",0.642,0.08,0.6,"Mplus",7413,1352771,300,"ordinal","normal","normal","Extreme","3",1,TRUE,143.700000000012
"1345","Z=~z3",0.789,0.072,0.8,"Mplus",7413,1352771,300,"ordinal","normal","normal","Extreme","3",1,TRUE,143.700000000012
"1346","Y=~y1",0.495,0.075,0.4,"Mplus",7413,1352771,300,"ordinal","normal","normal","Extreme","3",1,TRUE,143.700000000012
"1347","Y=~y2",0.605,0.078,0.7,"Mplus",7413,1352771,300,"ordinal","normal","normal","Extreme","3",1,TRUE,143.700000000012
"1348","Y=~y3",0.874,0.062,0.9,"Mplus",7413,1352771,300,"ordinal","normal","normal","Extreme","3",1,TRUE,143.700000000012
"1349","Y~X",0.525,0.089,0.4,"Mplus",7413,1352771,300,"ordinal","normal","normal","Extreme","3",1,TRUE,143.700000000012
"1350","Y~Z",0.599,0.09,0.5,"Mplus",7413,1352771,300,"ordinal","normal","normal","Extreme","3",1,TRUE,143.700000000012
"1351","Y~X:Z",-0.041,0.115,0.3,"Mplus",7413,1352771,300,"ordinal","normal","normal","Extreme","3",1,TRUE,143.700000000012
"1352","X~~Z",0.112,0.126,0.2,"Mplus",7413,1352771,300,"ordinal","normal","normal","Extreme","3",1,TRUE,143.700000000012
"1353","X=~x1",0.398042950074212,0.0712635499669816,0.4,"LSAM",7413,1352771,300,"ordinal","normal","normal","Extreme","3",1,TRUE,0.636999999987893
"1354","X=~x2",0.698355788378453,0.146058490742962,0.8,"LSAM",7413,1352771,300,"ordinal","normal","normal","Extreme","3",1,TRUE,0.636999999987893
"1355","X=~x3",0.568904222834618,0.128362864888421,0.8,"LSAM",7413,1352771,300,"ordinal","normal","normal","Extreme","3",1,TRUE,0.636999999987893
"1356","Z=~z1",0.474124394778201,0.0724853975658963,0.6,"LSAM",7413,1352771,300,"ordinal","normal","normal","Extreme","3",1,TRUE,0.636999999987893
"1357","Z=~z2",0.613938368982245,0.119224089427481,0.6,"LSAM",7413,1352771,300,"ordinal","normal","normal","Extreme","3",1,TRUE,0.636999999987893
"1358","Z=~z3",0.645434271873554,0.122257701303047,0.8,"LSAM",7413,1352771,300,"ordinal","normal","normal","Extreme","3",1,TRUE,0.636999999987893
"1359","Y=~y1",0.433289019404108,0.0358591075275327,0.4,"LSAM",7413,1352771,300,"ordinal","normal","normal","Extreme","3",1,TRUE,0.636999999987893
"1360","Y=~y2",0.501290132413759,0.0962086298968876,0.7,"LSAM",7413,1352771,300,"ordinal","normal","normal","Extreme","3",1,TRUE,0.636999999987893
"1361","Y=~y3",0.72122219615898,0.136190389987799,0.9,"LSAM",7413,1352771,300,"ordinal","normal","normal","Extreme","3",1,TRUE,0.636999999987893
"1362","Y~X",0.428012410470961,0.118966115422293,0.4,"LSAM",7413,1352771,300,"ordinal","normal","normal","Extreme","3",1,TRUE,0.636999999987893
"1363","Y~Z",0.558680476530854,0.213208176022239,0.5,"LSAM",7413,1352771,300,"ordinal","normal","normal","Extreme","3",1,TRUE,0.636999999987893
"1364","Y~X:Z",0.220280618071973,0.184576647551244,0.3,"LSAM",7413,1352771,300,"ordinal","normal","normal","Extreme","3",1,TRUE,0.636999999987893
"1365","X~~Z",0.11298354926722,0.0922802564736101,0.2,"LSAM",7413,1352771,300,"ordinal","normal","normal","Extreme","3",1,TRUE,0.636999999987893
"1366","X=~x1",0.459463494788701,0.0532694139713712,0.4,"MC-PLSc",7414,1017423,1000,"ordinal","normal","normal","Extreme","3",1,TRUE,16.8979999999865
"1367","X=~x2",0.765182747539941,0.0494779730604009,0.8,"MC-PLSc",7414,1017423,1000,"ordinal","normal","normal","Extreme","3",1,TRUE,16.8979999999865
"1368","X=~x3",0.773590038410406,0.0429271476129633,0.8,"MC-PLSc",7414,1017423,1000,"ordinal","normal","normal","Extreme","3",1,TRUE,16.8979999999865
"1369","Z=~z1",0.599895547324408,0.0484827015700051,0.6,"MC-PLSc",7414,1017423,1000,"ordinal","normal","normal","Extreme","3",1,TRUE,16.8979999999865
"1370","Z=~z2",0.62369883812537,0.0561245560535181,0.6,"MC-PLSc",7414,1017423,1000,"ordinal","normal","normal","Extreme","3",1,TRUE,16.8979999999865
"1371","Z=~z3",0.77506109621434,0.04571851237288,0.8,"MC-PLSc",7414,1017423,1000,"ordinal","normal","normal","Extreme","3",1,TRUE,16.8979999999865
"1372","Y=~y1",0.425123021081932,0.0460725067923275,0.4,"MC-PLSc",7414,1017423,1000,"ordinal","normal","normal","Extreme","3",1,TRUE,16.8979999999865
"1373","Y=~y2",0.724642561680626,0.0370069725387719,0.7,"MC-PLSc",7414,1017423,1000,"ordinal","normal","normal","Extreme","3",1,TRUE,16.8979999999865
"1374","Y=~y3",0.865113079819584,0.0348044637416112,0.9,"MC-PLSc",7414,1017423,1000,"ordinal","normal","normal","Extreme","3",1,TRUE,16.8979999999865
"1375","Y~X",0.390575078941471,0.0671181951286069,0.4,"MC-PLSc",7414,1017423,1000,"ordinal","normal","normal","Extreme","3",1,TRUE,16.8979999999865
"1376","Y~Z",0.491439536691067,0.0725881639843624,0.5,"MC-PLSc",7414,1017423,1000,"ordinal","normal","normal","Extreme","3",1,TRUE,16.8979999999865
"1377","Y~X:Z",0.358458176283067,0.121415658075378,0.3,"MC-PLSc",7414,1017423,1000,"ordinal","normal","normal","Extreme","3",1,TRUE,16.8979999999865
"1378","X~~Z",0.263128140746245,0.0639836774576418,0.2,"MC-PLSc",7414,1017423,1000,"ordinal","normal","normal","Extreme","3",1,TRUE,16.8979999999865
"1379","X=~x1",0.361321880899935,0.0650022315919466,0.4,"PLSc",7414,1017423,1000,"ordinal","normal","normal","Extreme","3",1,TRUE,1.36999999999534
"1380","X=~x2",0.652243449648817,0.0526830284026048,0.8,"PLSc",7414,1017423,1000,"ordinal","normal","normal","Extreme","3",1,TRUE,1.36999999999534
"1381","X=~x3",0.655519680505336,0.0543767278391104,0.8,"PLSc",7414,1017423,1000,"ordinal","normal","normal","Extreme","3",1,TRUE,1.36999999999534
"1382","Z=~z1",0.504862293867044,0.0510228571896833,0.6,"PLSc",7414,1017423,1000,"ordinal","normal","normal","Extreme","3",1,TRUE,1.36999999999534
"1383","Z=~z2",0.510875751072956,0.0570134833050173,0.6,"PLSc",7414,1017423,1000,"ordinal","normal","normal","Extreme","3",1,TRUE,1.36999999999534
"1384","Z=~z3",0.651559974166507,0.0471872956305887,0.8,"PLSc",7414,1017423,1000,"ordinal","normal","normal","Extreme","3",1,TRUE,1.36999999999534
"1385","Y=~y1",0.362766605378819,0.0519233358719436,0.4,"PLSc",7414,1017423,1000,"ordinal","normal","normal","Extreme","3",1,TRUE,1.36999999999534
"1386","Y=~y2",0.643621660937527,0.0393904258121259,0.7,"PLSc",7414,1017423,1000,"ordinal","normal","normal","Extreme","3",1,TRUE,1.36999999999534
"1387","Y=~y3",0.783966101238365,0.033423526245208,0.9,"PLSc",7414,1017423,1000,"ordinal","normal","normal","Extreme","3",1,TRUE,1.36999999999534
"1388","Y~X",0.399587368829379,0.0504481450169331,0.4,"PLSc",7414,1017423,1000,"ordinal","normal","normal","Extreme","3",1,TRUE,1.36999999999534
"1389","Y~Z",0.471723407822268,0.0559964945192206,0.5,"PLSc",7414,1017423,1000,"ordinal","normal","normal","Extreme","3",1,TRUE,1.36999999999534
"1390","Y~X:Z",0.155747931367843,0.0794530498561139,0.3,"PLSc",7414,1017423,1000,"ordinal","normal","normal","Extreme","3",1,TRUE,1.36999999999534
"1391","X~~Z",0.235126837419563,0.0596508850366567,0.2,"PLSc",7414,1017423,1000,"ordinal","normal","normal","Extreme","3",1,TRUE,1.36999999999534
"1392","X=~x1",0.534989062576707,0.0538354115303002,0.4,"PLS",7414,1017423,1000,"ordinal","normal","normal","Extreme","3",1,TRUE,0.941999999980908
"1393","X=~x2",0.807698471895822,0.0255883419034358,0.8,"PLS",7414,1017423,1000,"ordinal","normal","normal","Extreme","3",1,TRUE,0.941999999980908
"1394","X=~x3",0.815689808392415,0.0263616776835764,0.8,"PLS",7414,1017423,1000,"ordinal","normal","normal","Extreme","3",1,TRUE,0.941999999980908
"1395","Z=~z1",0.683381603589285,0.0389307576919218,0.6,"PLS",7414,1017423,1000,"ordinal","normal","normal","Extreme","3",1,TRUE,0.941999999980908
"1396","Z=~z2",0.699579390288235,0.0396387452048893,0.6,"PLS",7414,1017423,1000,"ordinal","normal","normal","Extreme","3",1,TRUE,0.941999999980908
"1397","Z=~z3",0.808839306145072,0.0233638552208739,0.8,"PLS",7414,1017423,1000,"ordinal","normal","normal","Extreme","3",1,TRUE,0.941999999980908
"1398","Y=~y1",0.524032302860287,0.049925869679047,0.4,"PLS",7414,1017423,1000,"ordinal","normal","normal","Extreme","3",1,TRUE,0.941999999980908
"1399","Y=~y2",0.809027821067769,0.0203581319149335,0.7,"PLS",7414,1017423,1000,"ordinal","normal","normal","Extreme","3",1,TRUE,0.941999999980908
"1400","Y=~y3",0.870175362511031,0.0117340969047993,0.9,"PLS",7414,1017423,1000,"ordinal","normal","normal","Extreme","3",1,TRUE,0.941999999980908
"1401","Y~X",0.297196390645569,0.0289806106734171,0.4,"PLS",7414,1017423,1000,"ordinal","normal","normal","Extreme","3",1,TRUE,0.941999999980908
"1402","Y~Z",0.331711161548726,0.0307818000891279,0.5,"PLS",7414,1017423,1000,"ordinal","normal","normal","Extreme","3",1,TRUE,0.941999999980908
"1403","Y~X:Z",0.139998399374146,0.0274319838040144,0.3,"PLS",7414,1017423,1000,"ordinal","normal","normal","Extreme","3",1,TRUE,0.941999999980908
"1404","X~~Z",0.141278035050795,0.0360311570430556,0.2,"PLS",7414,1017423,1000,"ordinal","normal","normal","Extreme","3",1,TRUE,0.941999999980908
"1405","X=~x1",0.451,0.045,0.4,"Mplus",7414,1017423,1000,"ordinal","normal","normal","Extreme","3",1,TRUE,456.380000000005
"1406","X=~x2",0.752,0.041,0.8,"Mplus",7414,1017423,1000,"ordinal","normal","normal","Extreme","3",1,TRUE,456.380000000005
"1407","X=~x3",0.762,0.043,0.8,"Mplus",7414,1017423,1000,"ordinal","normal","normal","Extreme","3",1,TRUE,456.380000000005
"1408","Z=~z1",0.573,0.047,0.6,"Mplus",7414,1017423,1000,"ordinal","normal","normal","Extreme","3",1,TRUE,456.380000000005
"1409","Z=~z2",0.604,0.046,0.6,"Mplus",7414,1017423,1000,"ordinal","normal","normal","Extreme","3",1,TRUE,456.380000000005
"1410","Z=~z3",0.767,0.044,0.8,"Mplus",7414,1017423,1000,"ordinal","normal","normal","Extreme","3",1,TRUE,456.380000000005
"1411","Y=~y1",0.413,0.041,0.4,"Mplus",7414,1017423,1000,"ordinal","normal","normal","Extreme","3",1,TRUE,456.380000000005
"1412","Y=~y2",0.709,0.037,0.7,"Mplus",7414,1017423,1000,"ordinal","normal","normal","Extreme","3",1,TRUE,456.380000000005
"1413","Y=~y3",0.877,0.033,0.9,"Mplus",7414,1017423,1000,"ordinal","normal","normal","Extreme","3",1,TRUE,456.380000000005
"1414","Y~X",0.427,0.06,0.4,"Mplus",7414,1017423,1000,"ordinal","normal","normal","Extreme","3",1,TRUE,456.380000000005
"1415","Y~Z",0.47,0.062,0.5,"Mplus",7414,1017423,1000,"ordinal","normal","normal","Extreme","3",1,TRUE,456.380000000005
"1416","Y~X:Z",0.32,0.079,0.3,"Mplus",7414,1017423,1000,"ordinal","normal","normal","Extreme","3",1,TRUE,456.380000000005
"1417","X~~Z",0.25,0.061,0.2,"Mplus",7414,1017423,1000,"ordinal","normal","normal","Extreme","3",1,TRUE,456.380000000005
"1418","X=~x1",0.362425009142783,0.0374943173089718,0.4,"LSAM",7414,1017423,1000,"ordinal","normal","normal","Extreme","3",1,TRUE,0.451000000000931
"1419","X=~x2",0.622846763544086,0.0756431179806576,0.8,"LSAM",7414,1017423,1000,"ordinal","normal","normal","Extreme","3",1,TRUE,0.451000000000931
"1420","X=~x3",0.685078848291443,0.0802200426988039,0.8,"LSAM",7414,1017423,1000,"ordinal","normal","normal","Extreme","3",1,TRUE,0.451000000000931
"1421","Z=~z1",0.474028395505816,0.037464910135737,0.6,"LSAM",7414,1017423,1000,"ordinal","normal","normal","Extreme","3",1,TRUE,0.451000000000931
"1422","Z=~z2",0.508316839886188,0.0612552925741874,0.6,"LSAM",7414,1017423,1000,"ordinal","normal","normal","Extreme","3",1,TRUE,0.451000000000931
"1423","Z=~z3",0.687051079358031,0.0750730792730996,0.8,"LSAM",7414,1017423,1000,"ordinal","normal","normal","Extreme","3",1,TRUE,0.451000000000931
"1424","Y=~y1",0.356100605077024,0.0145339396965179,0.4,"LSAM",7414,1017423,1000,"ordinal","normal","normal","Extreme","3",1,TRUE,0.451000000000931
"1425","Y=~y2",0.653226908904619,0.0551059230874657,0.7,"LSAM",7414,1017423,1000,"ordinal","normal","normal","Extreme","3",1,TRUE,0.451000000000931
"1426","Y=~y3",0.779068622150343,0.064294003246475,0.9,"LSAM",7414,1017423,1000,"ordinal","normal","normal","Extreme","3",1,TRUE,0.451000000000931
"1427","Y~X",0.412034377536585,0.0485123061803701,0.4,"LSAM",7414,1017423,1000,"ordinal","normal","normal","Extreme","3",1,TRUE,0.451000000000931
"1428","Y~Z",0.476012056454088,0.0745417930583802,0.5,"LSAM",7414,1017423,1000,"ordinal","normal","normal","Extreme","3",1,TRUE,0.451000000000931
"1429","Y~X:Z",0.14431525257,0.0609227467905388,0.3,"LSAM",7414,1017423,1000,"ordinal","normal","normal","Extreme","3",1,TRUE,0.451000000000931
"1430","X~~Z",0.211124852839614,0.0558292537051623,0.2,"LSAM",7414,1017423,1000,"ordinal","normal","normal","Extreme","3",1,TRUE,0.451000000000931
"1431","X=~x1",0.418327729508326,0.0956833397589467,0.4,"MC-PLSc",7415,9405273,300,"ordinal","normal","normal","Extreme","5",1,TRUE,16.6140000000014
"1432","X=~x2",0.688672532867269,0.0908501998919556,0.8,"MC-PLSc",7415,9405273,300,"ordinal","normal","normal","Extreme","5",1,TRUE,16.6140000000014
"1433","X=~x3",0.787683752747115,0.0744322640570043,0.8,"MC-PLSc",7415,9405273,300,"ordinal","normal","normal","Extreme","5",1,TRUE,16.6140000000014
"1434","Z=~z1",0.661156831880954,0.0646454463287294,0.6,"MC-PLSc",7415,9405273,300,"ordinal","normal","normal","Extreme","5",1,TRUE,16.6140000000014
"1435","Z=~z2",0.520776110955832,0.0747070821212436,0.6,"MC-PLSc",7415,9405273,300,"ordinal","normal","normal","Extreme","5",1,TRUE,16.6140000000014
"1436","Z=~z3",0.785450246501254,0.0545105908017734,0.8,"MC-PLSc",7415,9405273,300,"ordinal","normal","normal","Extreme","5",1,TRUE,16.6140000000014
"1437","Y=~y1",0.433253714766929,0.0716983798464893,0.4,"MC-PLSc",7415,9405273,300,"ordinal","normal","normal","Extreme","5",1,TRUE,16.6140000000014
"1438","Y=~y2",0.645388280399436,0.0546998796063054,0.7,"MC-PLSc",7415,9405273,300,"ordinal","normal","normal","Extreme","5",1,TRUE,16.6140000000014
"1439","Y=~y3",0.933580571083962,0.0511908758492324,0.9,"MC-PLSc",7415,9405273,300,"ordinal","normal","normal","Extreme","5",1,TRUE,16.6140000000014
"1440","Y~X",0.379018907918118,0.0857592837013378,0.4,"MC-PLSc",7415,9405273,300,"ordinal","normal","normal","Extreme","5",1,TRUE,16.6140000000014
"1441","Y~Z",0.539595179519205,0.0850424957557418,0.5,"MC-PLSc",7415,9405273,300,"ordinal","normal","normal","Extreme","5",1,TRUE,16.6140000000014
"1442","Y~X:Z",0.1476856619045,0.135695039015977,0.3,"MC-PLSc",7415,9405273,300,"ordinal","normal","normal","Extreme","5",1,TRUE,16.6140000000014
"1443","X~~Z",0.179078101868213,0.104630320421256,0.2,"MC-PLSc",7415,9405273,300,"ordinal","normal","normal","Extreme","5",1,TRUE,16.6140000000014
"1444","X=~x1",0.392658230562926,0.116832743501992,0.4,"PLSc",7415,9405273,300,"ordinal","normal","normal","Extreme","5",1,TRUE,1.30300000001444
"1445","X=~x2",0.615638878320206,0.108064040426388,0.8,"PLSc",7415,9405273,300,"ordinal","normal","normal","Extreme","5",1,TRUE,1.30300000001444
"1446","X=~x3",0.707213116878757,0.0894694012279029,0.8,"PLSc",7415,9405273,300,"ordinal","normal","normal","Extreme","5",1,TRUE,1.30300000001444
"1447","Z=~z1",0.631801327100563,0.0765656822734247,0.6,"PLSc",7415,9405273,300,"ordinal","normal","normal","Extreme","5",1,TRUE,1.30300000001444
"1448","Z=~z2",0.407863125649863,0.0992184028522007,0.6,"PLSc",7415,9405273,300,"ordinal","normal","normal","Extreme","5",1,TRUE,1.30300000001444
"1449","Z=~z3",0.724780170361289,0.0717624987310727,0.8,"PLSc",7415,9405273,300,"ordinal","normal","normal","Extreme","5",1,TRUE,1.30300000001444
"1450","Y=~y1",0.409198823696108,0.0849459258097767,0.4,"PLSc",7415,9405273,300,"ordinal","normal","normal","Extreme","5",1,TRUE,1.30300000001444
"1451","Y=~y2",0.583001897341233,0.0660960840217126,0.7,"PLSc",7415,9405273,300,"ordinal","normal","normal","Extreme","5",1,TRUE,1.30300000001444
"1452","Y=~y3",0.870625236532551,0.0616138481970514,0.9,"PLSc",7415,9405273,300,"ordinal","normal","normal","Extreme","5",1,TRUE,1.30300000001444
"1453","Y~X",0.381787578204858,0.0851752642640918,0.4,"PLSc",7415,9405273,300,"ordinal","normal","normal","Extreme","5",1,TRUE,1.30300000001444
"1454","Y~Z",0.519722848141525,0.0869327644755725,0.5,"PLSc",7415,9405273,300,"ordinal","normal","normal","Extreme","5",1,TRUE,1.30300000001444
"1455","Y~X:Z",0.076582440480585,0.092638648089082,0.3,"PLSc",7415,9405273,300,"ordinal","normal","normal","Extreme","5",1,TRUE,1.30300000001444
"1456","X~~Z",0.16935475650643,0.101408951171664,0.2,"PLSc",7415,9405273,300,"ordinal","normal","normal","Extreme","5",1,TRUE,1.30300000001444
"1457","X=~x1",0.536018864020837,0.100098506111065,0.4,"PLS",7415,9405273,300,"ordinal","normal","normal","Extreme","5",1,TRUE,0.896000000007916
"1458","X=~x2",0.798210213471681,0.0546480032748353,0.8,"PLS",7415,9405273,300,"ordinal","normal","normal","Extreme","5",1,TRUE,0.896000000007916
"1459","X=~x3",0.842237979074354,0.0369268396175141,0.8,"PLS",7415,9405273,300,"ordinal","normal","normal","Extreme","5",1,TRUE,0.896000000007916
"1460","Z=~z1",0.764137730576876,0.0465508288221824,0.6,"PLS",7415,9405273,300,"ordinal","normal","normal","Extreme","5",1,TRUE,0.896000000007916
"1461","Z=~z2",0.643165152701845,0.0664486923059839,0.6,"PLS",7415,9405273,300,"ordinal","normal","normal","Extreme","5",1,TRUE,0.896000000007916
"1462","Z=~z3",0.832178433232225,0.0307199507476446,0.8,"PLS",7415,9405273,300,"ordinal","normal","normal","Extreme","5",1,TRUE,0.896000000007916
"1463","Y=~y1",0.56001800056516,0.0758513902518882,0.4,"PLS",7415,9405273,300,"ordinal","normal","normal","Extreme","5",1,TRUE,0.896000000007916
"1464","Y=~y2",0.780212003318297,0.0383879324973774,0.7,"PLS",7415,9405273,300,"ordinal","normal","normal","Extreme","5",1,TRUE,0.896000000007916
"1465","Y=~y3",0.897825251433742,0.0156719887651606,0.9,"PLS",7415,9405273,300,"ordinal","normal","normal","Extreme","5",1,TRUE,0.896000000007916
"1466","Y~X",0.283234269262339,0.0495577927362554,0.4,"PLS",7415,9405273,300,"ordinal","normal","normal","Extreme","5",1,TRUE,0.896000000007916
"1467","Y~Z",0.378860663173903,0.0549991052327199,0.5,"PLS",7415,9405273,300,"ordinal","normal","normal","Extreme","5",1,TRUE,0.896000000007916
"1468","Y~X:Z",0.0919243195289817,0.0495029347160032,0.3,"PLS",7415,9405273,300,"ordinal","normal","normal","Extreme","5",1,TRUE,0.896000000007916
"1469","X~~Z",0.109122091366236,0.0656210338725336,0.2,"PLS",7415,9405273,300,"ordinal","normal","normal","Extreme","5",1,TRUE,0.896000000007916
"1470","X=~x1",0.342,0.075,0.4,"Mplus",7415,9405273,300,"ordinal","normal","normal","Extreme","5",1,TRUE,180.342999999993
"1471","X=~x2",0.684,0.065,0.8,"Mplus",7415,9405273,300,"ordinal","normal","normal","Extreme","5",1,TRUE,180.342999999993
"1472","X=~x3",0.795,0.072,0.8,"Mplus",7415,9405273,300,"ordinal","normal","normal","Extreme","5",1,TRUE,180.342999999993
"1473","Z=~z1",0.57,0.066,0.6,"Mplus",7415,9405273,300,"ordinal","normal","normal","Extreme","5",1,TRUE,180.342999999993
"1474","Z=~z2",0.541,0.067,0.6,"Mplus",7415,9405273,300,"ordinal","normal","normal","Extreme","5",1,TRUE,180.342999999993
"1475","Z=~z3",0.779,0.062,0.8,"Mplus",7415,9405273,300,"ordinal","normal","normal","Extreme","5",1,TRUE,180.342999999993
"1476","Y=~y1",0.387,0.067,0.4,"Mplus",7415,9405273,300,"ordinal","normal","normal","Extreme","5",1,TRUE,180.342999999993
"1477","Y=~y2",0.603,0.052,0.7,"Mplus",7415,9405273,300,"ordinal","normal","normal","Extreme","5",1,TRUE,180.342999999993
"1478","Y=~y3",0.948,0.05,0.9,"Mplus",7415,9405273,300,"ordinal","normal","normal","Extreme","5",1,TRUE,180.342999999993
"1479","Y~X",0.361,0.079,0.4,"Mplus",7415,9405273,300,"ordinal","normal","normal","Extreme","5",1,TRUE,180.342999999993
"1480","Y~Z",0.548,0.076,0.5,"Mplus",7415,9405273,300,"ordinal","normal","normal","Extreme","5",1,TRUE,180.342999999993
"1481","Y~X:Z",0.224,0.111,0.3,"Mplus",7415,9405273,300,"ordinal","normal","normal","Extreme","5",1,TRUE,180.342999999993
"1482","X~~Z",0.136,0.103,0.2,"Mplus",7415,9405273,300,"ordinal","normal","normal","Extreme","5",1,TRUE,180.342999999993
"1483","X=~x1",0.331100633312078,0.0654467717677726,0.4,"LSAM",7415,9405273,300,"ordinal","normal","normal","Extreme","5",1,TRUE,0.432999999960884
"1484","X=~x2",0.654726990356701,0.139930073894268,0.8,"LSAM",7415,9405273,300,"ordinal","normal","normal","Extreme","5",1,TRUE,0.432999999960884
"1485","X=~x3",0.723356238818542,0.147461741342799,0.8,"LSAM",7415,9405273,300,"ordinal","normal","normal","Extreme","5",1,TRUE,0.432999999960884
"1486","Z=~z1",0.54638214225481,0.0511890334618924,0.6,"LSAM",7415,9405273,300,"ordinal","normal","normal","Extreme","5",1,TRUE,0.432999999960884
"1487","Z=~z2",0.536871964976928,0.0910001824218805,0.6,"LSAM",7415,9405273,300,"ordinal","normal","normal","Extreme","5",1,TRUE,0.432999999960884
"1488","Z=~z3",0.704048809976943,0.107122227829268,0.8,"LSAM",7415,9405273,300,"ordinal","normal","normal","Extreme","5",1,TRUE,0.432999999960884
"1489","Y=~y1",0.367225674892675,0.0252378059274545,0.4,"LSAM",7415,9405273,300,"ordinal","normal","normal","Extreme","5",1,TRUE,0.432999999960884
"1490","Y=~y2",0.613737354765855,0.0854931348000764,0.7,"LSAM",7415,9405273,300,"ordinal","normal","normal","Extreme","5",1,TRUE,0.432999999960884
"1491","Y=~y3",0.876461353989513,0.11270511283194,0.9,"LSAM",7415,9405273,300,"ordinal","normal","normal","Extreme","5",1,TRUE,0.432999999960884
"1492","Y~X",0.34968275362339,0.0760624068713784,0.4,"LSAM",7415,9405273,300,"ordinal","normal","normal","Extreme","5",1,TRUE,0.432999999960884
"1493","Y~Z",0.524814957306433,0.0787854749906441,0.5,"LSAM",7415,9405273,300,"ordinal","normal","normal","Extreme","5",1,TRUE,0.432999999960884
"1494","Y~X:Z",0.126883919209818,0.0752840104306459,0.3,"LSAM",7415,9405273,300,"ordinal","normal","normal","Extreme","5",1,TRUE,0.432999999960884
"1495","X~~Z",0.159098269269139,0.0989894011232582,0.2,"LSAM",7415,9405273,300,"ordinal","normal","normal","Extreme","5",1,TRUE,0.432999999960884
"1496","X=~x1",0.390344874888644,0.0478380456695715,0.4,"MC-PLSc",7416,9899226,1000,"ordinal","normal","normal","Extreme","5",1,TRUE,20.01800000004
"1497","X=~x2",0.831304721616195,0.0366419208728332,0.8,"MC-PLSc",7416,9899226,1000,"ordinal","normal","normal","Extreme","5",1,TRUE,20.01800000004
"1498","X=~x3",0.789084044465603,0.0362851377786597,0.8,"MC-PLSc",7416,9899226,1000,"ordinal","normal","normal","Extreme","5",1,TRUE,20.01800000004
"1499","Z=~z1",0.606056180652886,0.036916033564604,0.6,"MC-PLSc",7416,9899226,1000,"ordinal","normal","normal","Extreme","5",1,TRUE,20.01800000004
"1500","Z=~z2",0.558018534107913,0.0397789671805263,0.6,"MC-PLSc",7416,9899226,1000,"ordinal","normal","normal","Extreme","5",1,TRUE,20.01800000004
"1501","Z=~z3",0.826403779447482,0.0342058574006448,0.8,"MC-PLSc",7416,9899226,1000,"ordinal","normal","normal","Extreme","5",1,TRUE,20.01800000004
"1502","Y=~y1",0.451422243824932,0.0392013458462358,0.4,"MC-PLSc",7416,9899226,1000,"ordinal","normal","normal","Extreme","5",1,TRUE,20.01800000004
"1503","Y=~y2",0.71627224373752,0.0268170612950415,0.7,"MC-PLSc",7416,9899226,1000,"ordinal","normal","normal","Extreme","5",1,TRUE,20.01800000004
"1504","Y=~y3",0.882242777138537,0.0265393678061063,0.9,"MC-PLSc",7416,9899226,1000,"ordinal","normal","normal","Extreme","5",1,TRUE,20.01800000004
"1505","Y~X",0.376217209853798,0.051906826614931,0.4,"MC-PLSc",7416,9899226,1000,"ordinal","normal","normal","Extreme","5",1,TRUE,20.01800000004
"1506","Y~Z",0.560273844941073,0.0496208578374446,0.5,"MC-PLSc",7416,9899226,1000,"ordinal","normal","normal","Extreme","5",1,TRUE,20.01800000004
"1507","Y~X:Z",0.254766795930191,0.078939225128125,0.3,"MC-PLSc",7416,9899226,1000,"ordinal","normal","normal","Extreme","5",1,TRUE,20.01800000004
"1508","X~~Z",0.17564596158339,0.048277542283,0.2,"MC-PLSc",7416,9899226,1000,"ordinal","normal","normal","Extreme","5",1,TRUE,20.01800000004
"1509","X=~x1",0.298554074883322,0.0725022979081961,0.4,"PLSc",7416,9899226,1000,"ordinal","normal","normal","Extreme","5",1,TRUE,1.3979999999865
"1510","X=~x2",0.795043625094679,0.0440384392340808,0.8,"PLSc",7416,9899226,1000,"ordinal","normal","normal","Extreme","5",1,TRUE,1.3979999999865
"1511","X=~x3",0.733478236457935,0.0456520819937512,0.8,"PLSc",7416,9899226,1000,"ordinal","normal","normal","Extreme","5",1,TRUE,1.3979999999865
"1512","Z=~z1",0.550023054290569,0.0452285364527902,0.6,"PLSc",7416,9899226,1000,"ordinal","normal","normal","Extreme","5",1,TRUE,1.3979999999865
"1513","Z=~z2",0.483625091141059,0.0483619595902062,0.6,"PLSc",7416,9899226,1000,"ordinal","normal","normal","Extreme","5",1,TRUE,1.3979999999865
"1514","Z=~z3",0.774125564746684,0.0425038860267755,0.8,"PLSc",7416,9899226,1000,"ordinal","normal","normal","Extreme","5",1,TRUE,1.3979999999865
"1515","Y=~y1",0.410828829164995,0.0441291380043952,0.4,"PLSc",7416,9899226,1000,"ordinal","normal","normal","Extreme","5",1,TRUE,1.3979999999865
"1516","Y=~y2",0.689122179222981,0.0332348054329171,0.7,"PLSc",7416,9899226,1000,"ordinal","normal","normal","Extreme","5",1,TRUE,1.3979999999865
"1517","Y=~y3",0.80687436574415,0.0318974181158075,0.9,"PLSc",7416,9899226,1000,"ordinal","normal","normal","Extreme","5",1,TRUE,1.3979999999865
"1518","Y~X",0.37264527423561,0.0435952400207687,0.4,"PLSc",7416,9899226,1000,"ordinal","normal","normal","Extreme","5",1,TRUE,1.3979999999865
"1519","Y~Z",0.537464376036955,0.0410282590034196,0.5,"PLSc",7416,9899226,1000,"ordinal","normal","normal","Extreme","5",1,TRUE,1.3979999999865
"1520","Y~X:Z",0.179534489982655,0.0544161205342295,0.3,"PLSc",7416,9899226,1000,"ordinal","normal","normal","Extreme","5",1,TRUE,1.3979999999865
"1521","X~~Z",0.161080971980103,0.0481853911374086,0.2,"PLSc",7416,9899226,1000,"ordinal","normal","normal","Extreme","5",1,TRUE,1.3979999999865
"1522","X=~x1",0.496001978335683,0.0543666208858299,0.4,"PLS",7416,9899226,1000,"ordinal","normal","normal","Extreme","5",1,TRUE,0.962999999988824
"1523","X=~x2",0.869368537869369,0.015520334382623,0.8,"PLS",7416,9899226,1000,"ordinal","normal","normal","Extreme","5",1,TRUE,0.962999999988824
"1524","X=~x3",0.853893938616451,0.0175093410659185,0.8,"PLS",7416,9899226,1000,"ordinal","normal","normal","Extreme","5",1,TRUE,0.962999999988824
"1525","Z=~z1",0.721792213492876,0.0298675857493996,0.6,"PLS",7416,9899226,1000,"ordinal","normal","normal","Extreme","5",1,TRUE,0.962999999988824
"1526","Z=~z2",0.679506834587202,0.0327656447232201,0.6,"PLS",7416,9899226,1000,"ordinal","normal","normal","Extreme","5",1,TRUE,0.962999999988824
"1527","Z=~z3",0.852648661661169,0.0153171363630167,0.8,"PLS",7416,9899226,1000,"ordinal","normal","normal","Extreme","5",1,TRUE,0.962999999988824
"1528","Y=~y1",0.575288869414806,0.0397569124965833,0.4,"PLS",7416,9899226,1000,"ordinal","normal","normal","Extreme","5",1,TRUE,0.962999999988824
"1529","Y=~y2",0.819718477813977,0.017365056101234,0.7,"PLS",7416,9899226,1000,"ordinal","normal","normal","Extreme","5",1,TRUE,0.962999999988824
"1530","Y=~y3",0.883755216931335,0.00976052458209207,0.9,"PLS",7416,9899226,1000,"ordinal","normal","normal","Extreme","5",1,TRUE,0.962999999988824
"1531","Y~X",0.301941791014279,0.0276513841757629,0.4,"PLS",7416,9899226,1000,"ordinal","normal","normal","Extreme","5",1,TRUE,0.962999999988824
"1532","Y~Z",0.392254001203308,0.0279904264215078,0.5,"PLS",7416,9899226,1000,"ordinal","normal","normal","Extreme","5",1,TRUE,0.962999999988824
"1533","Y~X:Z",0.13735825557421,0.0286730713310323,0.3,"PLS",7416,9899226,1000,"ordinal","normal","normal","Extreme","5",1,TRUE,0.962999999988824
"1534","X~~Z",0.113430553283183,0.033776919293205,0.2,"PLS",7416,9899226,1000,"ordinal","normal","normal","Extreme","5",1,TRUE,0.962999999988824
"1535","X=~x1",0.402,0.039,0.4,"Mplus",7416,9899226,1000,"ordinal","normal","normal","Extreme","5",1,TRUE,562.362999999954
"1536","X=~x2",0.79,0.032,0.8,"Mplus",7416,9899226,1000,"ordinal","normal","normal","Extreme","5",1,TRUE,562.362999999954
"1537","X=~x3",0.785,0.033,0.8,"Mplus",7416,9899226,1000,"ordinal","normal","normal","Extreme","5",1,TRUE,562.362999999954
"1538","Z=~z1",0.584,0.036,0.6,"Mplus",7416,9899226,1000,"ordinal","normal","normal","Extreme","5",1,TRUE,562.362999999954
"1539","Z=~z2",0.549,0.035,0.6,"Mplus",7416,9899226,1000,"ordinal","normal","normal","Extreme","5",1,TRUE,562.362999999954
"1540","Z=~z3",0.808,0.032,0.8,"Mplus",7416,9899226,1000,"ordinal","normal","normal","Extreme","5",1,TRUE,562.362999999954
"1541","Y=~y1",0.429,0.035,0.4,"Mplus",7416,9899226,1000,"ordinal","normal","normal","Extreme","5",1,TRUE,562.362999999954
"1542","Y=~y2",0.692,0.028,0.7,"Mplus",7416,9899226,1000,"ordinal","normal","normal","Extreme","5",1,TRUE,562.362999999954
"1543","Y=~y3",0.87,0.025,0.9,"Mplus",7416,9899226,1000,"ordinal","normal","normal","Extreme","5",1,TRUE,562.362999999954
"1544","Y~X",0.407,0.043,0.4,"Mplus",7416,9899226,1000,"ordinal","normal","normal","Extreme","5",1,TRUE,562.362999999954
"1545","Y~Z",0.555,0.04,0.5,"Mplus",7416,9899226,1000,"ordinal","normal","normal","Extreme","5",1,TRUE,562.362999999954
"1546","Y~X:Z",0.272,0.058,0.3,"Mplus",7416,9899226,1000,"ordinal","normal","normal","Extreme","5",1,TRUE,562.362999999954
"1547","X~~Z",0.165,0.047,0.2,"Mplus",7416,9899226,1000,"ordinal","normal","normal","Extreme","5",1,TRUE,562.362999999954
"1548","X=~x1",0.380735538496809,0.0323247058401584,0.4,"LSAM",7416,9899226,1000,"ordinal","normal","normal","Extreme","5",1,TRUE,0.445000000006985
"1549","X=~x2",0.71297466589419,0.0603552150614693,0.8,"LSAM",7416,9899226,1000,"ordinal","normal","normal","Extreme","5",1,TRUE,0.445000000006985
"1550","X=~x3",0.761147744811806,0.0613446392179868,0.8,"LSAM",7416,9899226,1000,"ordinal","normal","normal","Extreme","5",1,TRUE,0.445000000006985
"1551","Z=~z1",0.547655085655113,0.0268916136954403,0.6,"LSAM",7416,9899226,1000,"ordinal","normal","normal","Extreme","5",1,TRUE,0.445000000006985
"1552","Z=~z2",0.527576893143506,0.0476509579865353,0.6,"LSAM",7416,9899226,1000,"ordinal","normal","normal","Extreme","5",1,TRUE,0.445000000006985
"1553","Z=~z3",0.732203513051019,0.0578135910572792,0.8,"LSAM",7416,9899226,1000,"ordinal","normal","normal","Extreme","5",1,TRUE,0.445000000006985
"1554","Y=~y1",0.399653954146122,0.0145607363202498,0.4,"LSAM",7416,9899226,1000,"ordinal","normal","normal","Extreme","5",1,TRUE,0.445000000006985
"1555","Y=~y2",0.622494096379093,0.0424207975846976,0.7,"LSAM",7416,9899226,1000,"ordinal","normal","normal","Extreme","5",1,TRUE,0.445000000006985
"1556","Y=~y3",0.895883604064674,0.0538470276608418,0.9,"LSAM",7416,9899226,1000,"ordinal","normal","normal","Extreme","5",1,TRUE,0.445000000006985
"1557","Y~X",0.344421519598618,0.041945541569787,0.4,"LSAM",7416,9899226,1000,"ordinal","normal","normal","Extreme","5",1,TRUE,0.445000000006985
"1558","Y~Z",0.503433698287925,0.042690376987712,0.5,"LSAM",7416,9899226,1000,"ordinal","normal","normal","Extreme","5",1,TRUE,0.445000000006985
"1559","Y~X:Z",0.188230721387728,0.0465680442599409,0.3,"LSAM",7416,9899226,1000,"ordinal","normal","normal","Extreme","5",1,TRUE,0.445000000006985
"1560","X~~Z",0.168498495926784,0.0467268799554193,0.2,"LSAM",7416,9899226,1000,"ordinal","normal","normal","Extreme","5",1,TRUE,0.445000000006985
"1561","X=~x1",0.315964002132472,0.0902520692148142,0.4,"MC-PLSc",7417,965965,300,"ordinal","skewed","normal","Symmetric","2",1,TRUE,11.2670000000508
"1562","X=~x2",0.746381024131826,0.102158937281462,0.8,"MC-PLSc",7417,965965,300,"ordinal","skewed","normal","Symmetric","2",1,TRUE,11.2670000000508
"1563","X=~x3",0.759065549181235,0.0878212435882096,0.8,"MC-PLSc",7417,965965,300,"ordinal","skewed","normal","Symmetric","2",1,TRUE,11.2670000000508
"1564","Z=~z1",0.580574829020368,0.117995856303109,0.6,"MC-PLSc",7417,965965,300,"ordinal","skewed","normal","Symmetric","2",1,TRUE,11.2670000000508
"1565","Z=~z2",0.611107156009031,0.102753015585644,0.6,"MC-PLSc",7417,965965,300,"ordinal","skewed","normal","Symmetric","2",1,TRUE,11.2670000000508
"1566","Z=~z3",0.558305653092131,0.115839442347802,0.8,"MC-PLSc",7417,965965,300,"ordinal","skewed","normal","Symmetric","2",1,TRUE,11.2670000000508
"1567","Y=~y1",0.355623646458913,0.0885932853102735,0.4,"MC-PLSc",7417,965965,300,"ordinal","skewed","normal","Symmetric","2",1,TRUE,11.2670000000508
"1568","Y=~y2",0.595124329917253,0.0770198885644329,0.7,"MC-PLSc",7417,965965,300,"ordinal","skewed","normal","Symmetric","2",1,TRUE,11.2670000000508
"1569","Y=~y3",0.778128615311037,0.10059656245806,0.9,"MC-PLSc",7417,965965,300,"ordinal","skewed","normal","Symmetric","2",1,TRUE,11.2670000000508
"1570","Y~X",0.576036749118821,0.138400889976516,0.4,"MC-PLSc",7417,965965,300,"ordinal","skewed","normal","Symmetric","2",1,TRUE,11.2670000000508
"1571","Y~Z",0.42855342489332,0.145088092499937,0.5,"MC-PLSc",7417,965965,300,"ordinal","skewed","normal","Symmetric","2",1,TRUE,11.2670000000508
"1572","Y~X:Z",0.0346738935011624,0.235390515292306,0.3,"MC-PLSc",7417,965965,300,"ordinal","skewed","normal","Symmetric","2",1,TRUE,11.2670000000508
"1573","X~~Z",0.361633656091346,0.103561973377499,0.2,"MC-PLSc",7417,965965,300,"ordinal","skewed","normal","Symmetric","2",1,TRUE,11.2670000000508
"1574","X=~x1",0.307478910934138,0.0996512527478322,0.4,"PLSc",7417,965965,300,"ordinal","skewed","normal","Symmetric","2",1,TRUE,1.2609999999986
"1575","X=~x2",0.585619612718447,0.0837935922342662,0.8,"PLSc",7417,965965,300,"ordinal","skewed","normal","Symmetric","2",1,TRUE,1.2609999999986
"1576","X=~x3",0.589754089313583,0.0888687014128691,0.8,"PLSc",7417,965965,300,"ordinal","skewed","normal","Symmetric","2",1,TRUE,1.2609999999986
"1577","Z=~z1",0.469672012242907,0.104688197203643,0.6,"PLSc",7417,965965,300,"ordinal","skewed","normal","Symmetric","2",1,TRUE,1.2609999999986
"1578","Z=~z2",0.515306735484026,0.101276318954786,0.6,"PLSc",7417,965965,300,"ordinal","skewed","normal","Symmetric","2",1,TRUE,1.2609999999986
"1579","Z=~z3",0.418579174185139,0.112875643001876,0.8,"PLSc",7417,965965,300,"ordinal","skewed","normal","Symmetric","2",1,TRUE,1.2609999999986
"1580","Y=~y1",0.311373495049073,0.0829667880164632,0.4,"PLSc",7417,965965,300,"ordinal","skewed","normal","Symmetric","2",1,TRUE,1.2609999999986
"1581","Y=~y2",0.489111522256695,0.0803296611734037,0.7,"PLSc",7417,965965,300,"ordinal","skewed","normal","Symmetric","2",1,TRUE,1.2609999999986
"1582","Y=~y3",0.584391671521549,0.0725841648262485,0.9,"PLSc",7417,965965,300,"ordinal","skewed","normal","Symmetric","2",1,TRUE,1.2609999999986
"1583","Y~X",0.620597529827896,6.7471809222196,0.4,"PLSc",7417,965965,300,"ordinal","skewed","normal","Symmetric","2",1,TRUE,1.2609999999986
"1584","Y~Z",0.490202199096003,23.9598972760811,0.5,"PLSc",7417,965965,300,"ordinal","skewed","normal","Symmetric","2",1,TRUE,1.2609999999986
"1585","Y~X:Z",-0.15780454590398,23.9391647208976,0.3,"PLSc",7417,965965,300,"ordinal","skewed","normal","Symmetric","2",1,TRUE,1.2609999999986
"1586","X~~Z",0.359179674458832,0.118166079270942,0.2,"PLSc",7417,965965,300,"ordinal","skewed","normal","Symmetric","2",1,TRUE,1.2609999999986
"1587","X=~x1",0.399127142977258,0.120038395487317,0.4,"PLS",7417,965965,300,"ordinal","skewed","normal","Symmetric","2",1,TRUE,1.11099999997532
"1588","X=~x2",0.805745236278108,0.047291277453119,0.8,"PLS",7417,965965,300,"ordinal","skewed","normal","Symmetric","2",1,TRUE,1.11099999997532
"1589","X=~x3",0.813701722716382,0.0461140922807764,0.8,"PLS",7417,965965,300,"ordinal","skewed","normal","Symmetric","2",1,TRUE,1.11099999997532
"1590","Z=~z1",0.693568327439652,0.0871850846683335,0.6,"PLS",7417,965965,300,"ordinal","skewed","normal","Symmetric","2",1,TRUE,1.11099999997532
"1591","Z=~z2",0.713203092173265,0.0857190809391045,0.6,"PLS",7417,965965,300,"ordinal","skewed","normal","Symmetric","2",1,TRUE,1.11099999997532
"1592","Z=~z3",0.670883122122183,0.0927371948072876,0.8,"PLS",7417,965965,300,"ordinal","skewed","normal","Symmetric","2",1,TRUE,1.11099999997532
"1593","Y=~y1",0.460220532370918,0.105769088911404,0.4,"PLS",7417,965965,300,"ordinal","skewed","normal","Symmetric","2",1,TRUE,1.11099999997532
"1594","Y=~y2",0.710448279678417,0.069611451582943,0.7,"PLS",7417,965965,300,"ordinal","skewed","normal","Symmetric","2",1,TRUE,1.11099999997532
"1595","Y=~y3",0.831276137803766,0.0363124267411672,0.9,"PLS",7417,965965,300,"ordinal","skewed","normal","Symmetric","2",1,TRUE,1.11099999997532
"1596","Y~X",0.341138106582502,0.0526196922938663,0.4,"PLS",7417,965965,300,"ordinal","skewed","normal","Symmetric","2",1,TRUE,1.11099999997532
"1597","Y~Z",0.244026270029233,0.0538227037045984,0.5,"PLS",7417,965965,300,"ordinal","skewed","normal","Symmetric","2",1,TRUE,1.11099999997532
"1598","Y~X:Z",0.011310520685266,0.05548493029892,0.3,"PLS",7417,965965,300,"ordinal","skewed","normal","Symmetric","2",1,TRUE,1.11099999997532
"1599","X~~Z",0.178231554039192,0.059372357629194,0.2,"PLS",7417,965965,300,"ordinal","skewed","normal","Symmetric","2",1,TRUE,1.11099999997532
"1600","X=~x1",0.212,0.084,0.4,"Mplus",7417,965965,300,"ordinal","skewed","normal","Symmetric","2",1,TRUE,119.536999999953
"1601","X=~x2",0.761,0.087,0.8,"Mplus",7417,965965,300,"ordinal","skewed","normal","Symmetric","2",1,TRUE,119.536999999953
"1602","X=~x3",0.75,0.086,0.8,"Mplus",7417,965965,300,"ordinal","skewed","normal","Symmetric","2",1,TRUE,119.536999999953
"1603","Z=~z1",0.56,0.1,0.6,"Mplus",7417,965965,300,"ordinal","skewed","normal","Symmetric","2",1,TRUE,119.536999999953
"1604","Z=~z2",0.52,0.101,0.6,"Mplus",7417,965965,300,"ordinal","skewed","normal","Symmetric","2",1,TRUE,119.536999999953
"1605","Z=~z3",0.585,0.106,0.8,"Mplus",7417,965965,300,"ordinal","skewed","normal","Symmetric","2",1,TRUE,119.536999999953
"1606","Y=~y1",0.322,0.092,0.4,"Mplus",7417,965965,300,"ordinal","skewed","normal","Symmetric","2",1,TRUE,119.536999999953
"1607","Y=~y2",0.591,0.092,0.7,"Mplus",7417,965965,300,"ordinal","skewed","normal","Symmetric","2",1,TRUE,119.536999999953
"1608","Y=~y3",0.755,0.101,0.9,"Mplus",7417,965965,300,"ordinal","skewed","normal","Symmetric","2",1,TRUE,119.536999999953
"1609","Y~X",0.551,0.133,0.4,"Mplus",7417,965965,300,"ordinal","skewed","normal","Symmetric","2",1,TRUE,119.536999999953
"1610","Y~Z",0.404,0.137,0.5,"Mplus",7417,965965,300,"ordinal","skewed","normal","Symmetric","2",1,TRUE,119.536999999953
"1611","Y~X:Z",0.212,0.164,0.3,"Mplus",7417,965965,300,"ordinal","skewed","normal","Symmetric","2",1,TRUE,119.536999999953
"1612","X~~Z",0.365,0.116,0.2,"Mplus",7417,965965,300,"ordinal","skewed","normal","Symmetric","2",1,TRUE,119.536999999953
"1613","X=~x1",0.296219244177899,0.0655829286382337,0.4,"LSAM",7417,965965,300,"ordinal","skewed","normal","Symmetric","2",1,TRUE,0.673000000009779
"1614","X=~x2",0.607718665942559,0.161336918850001,0.8,"LSAM",7417,965965,300,"ordinal","skewed","normal","Symmetric","2",1,TRUE,0.673000000009779
"1615","X=~x3",0.662262591400721,0.172754304777494,0.8,"LSAM",7417,965965,300,"ordinal","skewed","normal","Symmetric","2",1,TRUE,0.673000000009779
"1616","Z=~z1",0.473873787284412,0.306075138799515,0.6,"LSAM",7417,965965,300,"ordinal","skewed","normal","Symmetric","2",1,TRUE,0.673000000009779
"1617","Z=~z2",0.39601582441596,0.299003105151682,0.6,"LSAM",7417,965965,300,"ordinal","skewed","normal","Symmetric","2",1,TRUE,0.673000000009779
"1618","Z=~z3",0.550631225250528,0.356701741824862,0.8,"LSAM",7417,965965,300,"ordinal","skewed","normal","Symmetric","2",1,TRUE,0.673000000009779
"1619","Y=~y1",0.305424465234469,0.0172508250156483,0.4,"LSAM",7417,965965,300,"ordinal","skewed","normal","Symmetric","2",1,TRUE,0.673000000009779
"1620","Y=~y2",0.379361507326335,0.0901525501753115,0.7,"LSAM",7417,965965,300,"ordinal","skewed","normal","Symmetric","2",1,TRUE,0.673000000009779
"1621","Y=~y3",0.850744812940045,0.24582124451018,0.9,"LSAM",7417,965965,300,"ordinal","skewed","normal","Symmetric","2",1,TRUE,0.673000000009779
"1622","Y~X",0.433499210629378,0.147850414796148,0.4,"LSAM",7417,965965,300,"ordinal","skewed","normal","Symmetric","2",1,TRUE,0.673000000009779
"1623","Y~Z",0.31629230373397,0.219749382837819,0.5,"LSAM",7417,965965,300,"ordinal","skewed","normal","Symmetric","2",1,TRUE,0.673000000009779
"1624","Y~X:Z",-0.0266028575338197,0.332749173098207,0.3,"LSAM",7417,965965,300,"ordinal","skewed","normal","Symmetric","2",1,TRUE,0.673000000009779
"1625","X~~Z",0.311578915599637,0.132838215261751,0.2,"LSAM",7417,965965,300,"ordinal","skewed","normal","Symmetric","2",1,TRUE,0.673000000009779
"1626","X=~x1",0.212868234337356,0.0840911480146921,0.4,"MC-PLSc",7418,8301513,1000,"ordinal","skewed","normal","Symmetric","2",1,TRUE,13.6749999999884
"1627","X=~x2",0.854888440593716,0.0872417323685709,0.8,"MC-PLSc",7418,8301513,1000,"ordinal","skewed","normal","Symmetric","2",1,TRUE,13.6749999999884
"1628","X=~x3",0.61563168820382,0.0649119820060821,0.8,"MC-PLSc",7418,8301513,1000,"ordinal","skewed","normal","Symmetric","2",1,TRUE,13.6749999999884
"1629","Z=~z1",0.532940404519929,0.0562450352143725,0.6,"MC-PLSc",7418,8301513,1000,"ordinal","skewed","normal","Symmetric","2",1,TRUE,13.6749999999884
"1630","Z=~z2",0.563068823027782,0.0622879680273437,0.6,"MC-PLSc",7418,8301513,1000,"ordinal","skewed","normal","Symmetric","2",1,TRUE,13.6749999999884
"1631","Z=~z3",0.747589850276751,0.0529767996985249,0.8,"MC-PLSc",7418,8301513,1000,"ordinal","skewed","normal","Symmetric","2",1,TRUE,13.6749999999884
"1632","Y=~y1",0.354722674913913,0.0552401634293298,0.4,"MC-PLSc",7418,8301513,1000,"ordinal","skewed","normal","Symmetric","2",1,TRUE,13.6749999999884
"1633","Y=~y2",0.657372919509106,0.0408250956060542,0.7,"MC-PLSc",7418,8301513,1000,"ordinal","skewed","normal","Symmetric","2",1,TRUE,13.6749999999884
"1634","Y=~y3",0.788474813672345,0.0409957433060106,0.9,"MC-PLSc",7418,8301513,1000,"ordinal","skewed","normal","Symmetric","2",1,TRUE,13.6749999999884
"1635","Y~X",0.330500320370064,0.0644319663901229,0.4,"MC-PLSc",7418,8301513,1000,"ordinal","skewed","normal","Symmetric","2",1,TRUE,13.6749999999884
"1636","Y~Z",0.574564396274342,0.0596241233785985,0.5,"MC-PLSc",7418,8301513,1000,"ordinal","skewed","normal","Symmetric","2",1,TRUE,13.6749999999884
"1637","Y~X:Z",0.0851934334536978,0.115869873168827,0.3,"MC-PLSc",7418,8301513,1000,"ordinal","skewed","normal","Symmetric","2",1,TRUE,13.6749999999884
"1638","X~~Z",0.227746173070293,0.0621002766378143,0.2,"MC-PLSc",7418,8301513,1000,"ordinal","skewed","normal","Symmetric","2",1,TRUE,13.6749999999884
"1639","X=~x1",0.110161356052163,0.0912694806127736,0.4,"PLSc",7418,8301513,1000,"ordinal","skewed","normal","Symmetric","2",1,TRUE,1.37300000002142
"1640","X=~x2",0.70203946344155,0.0738527829284589,0.8,"PLSc",7418,8301513,1000,"ordinal","skewed","normal","Symmetric","2",1,TRUE,1.37300000002142
"1641","X=~x3",0.508822048097414,0.0598300213562064,0.8,"PLSc",7418,8301513,1000,"ordinal","skewed","normal","Symmetric","2",1,TRUE,1.37300000002142
"1642","Z=~z1",0.415909447193938,0.0539738317836268,0.6,"PLSc",7418,8301513,1000,"ordinal","skewed","normal","Symmetric","2",1,TRUE,1.37300000002142
"1643","Z=~z2",0.461113341081798,0.0525259974769884,0.6,"PLSc",7418,8301513,1000,"ordinal","skewed","normal","Symmetric","2",1,TRUE,1.37300000002142
"1644","Z=~z3",0.606214381734987,0.0512840703474574,0.8,"PLSc",7418,8301513,1000,"ordinal","skewed","normal","Symmetric","2",1,TRUE,1.37300000002142
"1645","Y=~y1",0.282251066269339,0.0539798612887441,0.4,"PLSc",7418,8301513,1000,"ordinal","skewed","normal","Symmetric","2",1,TRUE,1.37300000002142
"1646","Y=~y2",0.537712947979064,0.040569683364596,0.7,"PLSc",7418,8301513,1000,"ordinal","skewed","normal","Symmetric","2",1,TRUE,1.37300000002142
"1647","Y=~y3",0.638674353999697,0.0444544582628293,0.9,"PLSc",7418,8301513,1000,"ordinal","skewed","normal","Symmetric","2",1,TRUE,1.37300000002142
"1648","Y~X",0.322764817956585,0.0674393343890573,0.4,"PLSc",7418,8301513,1000,"ordinal","skewed","normal","Symmetric","2",1,TRUE,1.37300000002142
"1649","Y~Z",0.57137114412058,0.0656871777766191,0.5,"PLSc",7418,8301513,1000,"ordinal","skewed","normal","Symmetric","2",1,TRUE,1.37300000002142
"1650","Y~X:Z",0.0233003661385413,0.0793464127608704,0.3,"PLSc",7418,8301513,1000,"ordinal","skewed","normal","Symmetric","2",1,TRUE,1.37300000002142
"1651","X~~Z",0.22022163857506,0.0619524520748515,0.2,"PLSc",7418,8301513,1000,"ordinal","skewed","normal","Symmetric","2",1,TRUE,1.37300000002142
"1652","X=~x1",0.287402091672822,0.0995333097563251,0.4,"PLS",7418,8301513,1000,"ordinal","skewed","normal","Symmetric","2",1,TRUE,0.970000000030268
"1653","X=~x2",0.869142733666712,0.0317083656345398,0.8,"PLS",7418,8301513,1000,"ordinal","skewed","normal","Symmetric","2",1,TRUE,0.970000000030268
"1654","X=~x3",0.740273347561142,0.0469337920502255,0.8,"PLS",7418,8301513,1000,"ordinal","skewed","normal","Symmetric","2",1,TRUE,0.970000000030268
"1655","Z=~z1",0.635270987948805,0.0455548609050985,0.6,"PLS",7418,8301513,1000,"ordinal","skewed","normal","Symmetric","2",1,TRUE,0.970000000030268
"1656","Z=~z2",0.66354493339569,0.0446516910258539,0.6,"PLS",7418,8301513,1000,"ordinal","skewed","normal","Symmetric","2",1,TRUE,0.970000000030268
"1657","Z=~z3",0.797438253776477,0.0291432423860459,0.8,"PLS",7418,8301513,1000,"ordinal","skewed","normal","Symmetric","2",1,TRUE,0.970000000030268
"1658","Y=~y1",0.451848411164558,0.059474220035833,0.4,"PLS",7418,8301513,1000,"ordinal","skewed","normal","Symmetric","2",1,TRUE,0.970000000030268
"1659","Y=~y2",0.75087921722447,0.028652558670129,0.7,"PLS",7418,8301513,1000,"ordinal","skewed","normal","Symmetric","2",1,TRUE,0.970000000030268
"1660","Y=~y3",0.827854266948623,0.0214326719257962,0.9,"PLS",7418,8301513,1000,"ordinal","skewed","normal","Symmetric","2",1,TRUE,0.970000000030268
"1661","Y~X",0.210122435256101,0.0294119566341038,0.4,"PLS",7418,8301513,1000,"ordinal","skewed","normal","Symmetric","2",1,TRUE,0.970000000030268
"1662","Y~Z",0.311888284965503,0.0295184524736601,0.5,"PLS",7418,8301513,1000,"ordinal","skewed","normal","Symmetric","2",1,TRUE,0.970000000030268
"1663","Y~X:Z",0.0254757361428671,0.0286829267355347,0.3,"PLS",7418,8301513,1000,"ordinal","skewed","normal","Symmetric","2",1,TRUE,0.970000000030268
"1664","X~~Z",0.118061709879239,0.0319770218003596,0.2,"PLS",7418,8301513,1000,"ordinal","skewed","normal","Symmetric","2",1,TRUE,0.970000000030268
"1665","X=~x1",0.274,0.049,0.4,"Mplus",7418,8301513,1000,"ordinal","skewed","normal","Symmetric","2",1,TRUE,226.039999999979
"1666","X=~x2",0.766,0.075,0.8,"Mplus",7418,8301513,1000,"ordinal","skewed","normal","Symmetric","2",1,TRUE,226.039999999979
"1667","X=~x3",0.604,0.066,0.8,"Mplus",7418,8301513,1000,"ordinal","skewed","normal","Symmetric","2",1,TRUE,226.039999999979
"1668","Z=~z1",0.496,0.049,0.6,"Mplus",7418,8301513,1000,"ordinal","skewed","normal","Symmetric","2",1,TRUE,226.039999999979
"1669","Z=~z2",0.506,0.05,0.6,"Mplus",7418,8301513,1000,"ordinal","skewed","normal","Symmetric","2",1,TRUE,226.039999999979
"1670","Z=~z3",0.735,0.055,0.8,"Mplus",7418,8301513,1000,"ordinal","skewed","normal","Symmetric","2",1,TRUE,226.039999999979
"1671","Y=~y1",0.327,0.046,0.4,"Mplus",7418,8301513,1000,"ordinal","skewed","normal","Symmetric","2",1,TRUE,226.039999999979
"1672","Y=~y2",0.624,0.047,0.7,"Mplus",7418,8301513,1000,"ordinal","skewed","normal","Symmetric","2",1,TRUE,226.039999999979
"1673","Y=~y3",0.779,0.049,0.9,"Mplus",7418,8301513,1000,"ordinal","skewed","normal","Symmetric","2",1,TRUE,226.039999999979
"1674","Y~X",0.329,0.065,0.4,"Mplus",7418,8301513,1000,"ordinal","skewed","normal","Symmetric","2",1,TRUE,226.039999999979
"1675","Y~Z",0.566,0.062,0.5,"Mplus",7418,8301513,1000,"ordinal","skewed","normal","Symmetric","2",1,TRUE,226.039999999979
"1676","Y~X:Z",0.152,0.105,0.3,"Mplus",7418,8301513,1000,"ordinal","skewed","normal","Symmetric","2",1,TRUE,226.039999999979
"1677","X~~Z",0.259,0.066,0.2,"Mplus",7418,8301513,1000,"ordinal","skewed","normal","Symmetric","2",1,TRUE,226.039999999979
"1678","X=~x1",0.30918266679568,0.0411310740639807,0.4,"LSAM",7418,8301513,1000,"ordinal","skewed","normal","Symmetric","2",1,TRUE,0.48499999998603
"1679","X=~x2",0.576578068910439,0.104435993814168,0.8,"LSAM",7418,8301513,1000,"ordinal","skewed","normal","Symmetric","2",1,TRUE,0.48499999998603
"1680","X=~x3",0.54692104258821,0.0992614579539403,0.8,"LSAM",7418,8301513,1000,"ordinal","skewed","normal","Symmetric","2",1,TRUE,0.48499999998603
"1681","Z=~z1",0.446418308461681,0.107605809748873,0.6,"LSAM",7418,8301513,1000,"ordinal","skewed","normal","Symmetric","2",1,TRUE,0.48499999998603
"1682","Z=~z2",0.428119820094804,0.119313732963754,0.6,"LSAM",7418,8301513,1000,"ordinal","skewed","normal","Symmetric","2",1,TRUE,0.48499999998603
"1683","Z=~z3",0.610755625640519,0.142853068923331,0.8,"LSAM",7418,8301513,1000,"ordinal","skewed","normal","Symmetric","2",1,TRUE,0.48499999998603
"1684","Y=~y1",0.311572533042629,0.0109300278785365,0.4,"LSAM",7418,8301513,1000,"ordinal","skewed","normal","Symmetric","2",1,TRUE,0.48499999998603
"1685","Y=~y2",0.504411931072761,0.0696724444699584,0.7,"LSAM",7418,8301513,1000,"ordinal","skewed","normal","Symmetric","2",1,TRUE,0.48499999998603
"1686","Y=~y3",0.667634260014773,0.0997417924203585,0.9,"LSAM",7418,8301513,1000,"ordinal","skewed","normal","Symmetric","2",1,TRUE,0.48499999998603
"1687","Y~X",0.319890629214137,0.136215148582551,0.4,"LSAM",7418,8301513,1000,"ordinal","skewed","normal","Symmetric","2",1,TRUE,0.48499999998603
"1688","Y~Z",0.551458472314719,0.173963376598011,0.5,"LSAM",7418,8301513,1000,"ordinal","skewed","normal","Symmetric","2",1,TRUE,0.48499999998603
"1689","Y~X:Z",0.0349237872518694,0.116966455934761,0.3,"LSAM",7418,8301513,1000,"ordinal","skewed","normal","Symmetric","2",1,TRUE,0.48499999998603
"1690","X~~Z",0.2347896150932,0.113715266126728,0.2,"LSAM",7418,8301513,1000,"ordinal","skewed","normal","Symmetric","2",1,TRUE,0.48499999998603
"1691","X=~x1",0.454655345931908,0.087597138816698,0.4,"MC-PLSc",7419,852911,300,"ordinal","skewed","normal","Symmetric","3",1,TRUE,12.804999999993
"1692","X=~x2",0.740344303484376,0.0889812115987266,0.8,"MC-PLSc",7419,852911,300,"ordinal","skewed","normal","Symmetric","3",1,TRUE,12.804999999993
"1693","X=~x3",0.73639201533004,0.0729182251660662,0.8,"MC-PLSc",7419,852911,300,"ordinal","skewed","normal","Symmetric","3",1,TRUE,12.804999999993
"1694","Z=~z1",0.706513879549742,0.0635886651589494,0.6,"MC-PLSc",7419,852911,300,"ordinal","skewed","normal","Symmetric","3",1,TRUE,12.804999999993
"1695","Z=~z2",0.64755394612027,0.0695910226792213,0.6,"MC-PLSc",7419,852911,300,"ordinal","skewed","normal","Symmetric","3",1,TRUE,12.804999999993
"1696","Z=~z3",0.712190818276602,0.053978760061062,0.8,"MC-PLSc",7419,852911,300,"ordinal","skewed","normal","Symmetric","3",1,TRUE,12.804999999993
"1697","Y=~y1",0.377459786606873,0.0636517255447551,0.4,"MC-PLSc",7419,852911,300,"ordinal","skewed","normal","Symmetric","3",1,TRUE,12.804999999993
"1698","Y=~y2",0.740479467372045,0.0657740420482289,0.7,"MC-PLSc",7419,852911,300,"ordinal","skewed","normal","Symmetric","3",1,TRUE,12.804999999993
"1699","Y=~y3",0.938309771059557,0.0559063507655877,0.9,"MC-PLSc",7419,852911,300,"ordinal","skewed","normal","Symmetric","3",1,TRUE,12.804999999993
"1700","Y~X",0.41095067149199,0.0774636982229336,0.4,"MC-PLSc",7419,852911,300,"ordinal","skewed","normal","Symmetric","3",1,TRUE,12.804999999993
"1701","Y~Z",0.596085697309023,0.069822405831209,0.5,"MC-PLSc",7419,852911,300,"ordinal","skewed","normal","Symmetric","3",1,TRUE,12.804999999993
"1702","Y~X:Z",0.345803594608489,0.0655681153468913,0.3,"MC-PLSc",7419,852911,300,"ordinal","skewed","normal","Symmetric","3",1,TRUE,12.804999999993
"1703","X~~Z",0.263794695867473,0.0987128727091598,0.2,"MC-PLSc",7419,852911,300,"ordinal","skewed","normal","Symmetric","3",1,TRUE,12.804999999993
"1704","X=~x1",0.422717992516467,0.105692987688222,0.4,"PLSc",7419,852911,300,"ordinal","skewed","normal","Symmetric","3",1,TRUE,1.29799999995157
"1705","X=~x2",0.62903268703197,0.0763048849633918,0.8,"PLSc",7419,852911,300,"ordinal","skewed","normal","Symmetric","3",1,TRUE,1.29799999995157
"1706","X=~x3",0.620761319982421,0.079502962445919,0.8,"PLSc",7419,852911,300,"ordinal","skewed","normal","Symmetric","3",1,TRUE,1.29799999995157
"1707","Z=~z1",0.605904355261891,0.0662363501968199,0.6,"PLSc",7419,852911,300,"ordinal","skewed","normal","Symmetric","3",1,TRUE,1.29799999995157
"1708","Z=~z2",0.578468507140395,0.0725930224930765,0.6,"PLSc",7419,852911,300,"ordinal","skewed","normal","Symmetric","3",1,TRUE,1.29799999995157
"1709","Z=~z3",0.628413618560945,0.0613855095362646,0.8,"PLSc",7419,852911,300,"ordinal","skewed","normal","Symmetric","3",1,TRUE,1.29799999995157
"1710","Y=~y1",0.398834703717204,0.0632570164804809,0.4,"PLSc",7419,852911,300,"ordinal","skewed","normal","Symmetric","3",1,TRUE,1.29799999995157
"1711","Y=~y2",0.588119993244858,0.0613985572696838,0.7,"PLSc",7419,852911,300,"ordinal","skewed","normal","Symmetric","3",1,TRUE,1.29799999995157
"1712","Y=~y3",0.713034952555403,0.0547639305460125,0.9,"PLSc",7419,852911,300,"ordinal","skewed","normal","Symmetric","3",1,TRUE,1.29799999995157
"1713","Y~X",0.358353078410997,0.177685461775922,0.4,"PLSc",7419,852911,300,"ordinal","skewed","normal","Symmetric","3",1,TRUE,1.29799999995157
"1714","Y~Z",0.582631119379839,0.102149431398543,0.5,"PLSc",7419,852911,300,"ordinal","skewed","normal","Symmetric","3",1,TRUE,1.29799999995157
"1715","Y~X:Z",0.249525030786124,0.250759829630846,0.3,"PLSc",7419,852911,300,"ordinal","skewed","normal","Symmetric","3",1,TRUE,1.29799999995157
"1716","X~~Z",0.267466556229692,0.0951041925158068,0.2,"PLSc",7419,852911,300,"ordinal","skewed","normal","Symmetric","3",1,TRUE,1.29799999995157
"1717","X=~x1",0.578303622865903,0.0891998435450948,0.4,"PLS",7419,852911,300,"ordinal","skewed","normal","Symmetric","3",1,TRUE,0.944000000017695
"1718","X=~x2",0.796235029820738,0.0398596519388991,0.8,"PLS",7419,852911,300,"ordinal","skewed","normal","Symmetric","3",1,TRUE,0.944000000017695
"1719","X=~x3",0.800913264711573,0.0386023842635731,0.8,"PLS",7419,852911,300,"ordinal","skewed","normal","Symmetric","3",1,TRUE,0.944000000017695
"1720","Z=~z1",0.771875490223345,0.0365419704093621,0.6,"PLS",7419,852911,300,"ordinal","skewed","normal","Symmetric","3",1,TRUE,0.944000000017695
"1721","Z=~z2",0.737379609080879,0.0453105313385997,0.6,"PLS",7419,852911,300,"ordinal","skewed","normal","Symmetric","3",1,TRUE,0.944000000017695
"1722","Z=~z3",0.768496314075085,0.0331710641919229,0.8,"PLS",7419,852911,300,"ordinal","skewed","normal","Symmetric","3",1,TRUE,0.944000000017695
"1723","Y=~y1",0.491336163197333,0.0743105323733616,0.4,"PLS",7419,852911,300,"ordinal","skewed","normal","Symmetric","3",1,TRUE,0.944000000017695
"1724","Y=~y2",0.798335866341838,0.0378604919239261,0.7,"PLS",7419,852911,300,"ordinal","skewed","normal","Symmetric","3",1,TRUE,0.944000000017695
"1725","Y=~y3",0.860999266799234,0.0222403613193134,0.9,"PLS",7419,852911,300,"ordinal","skewed","normal","Symmetric","3",1,TRUE,0.944000000017695
"1726","Y~X",0.275719132484311,0.0476967769271352,0.4,"PLS",7419,852911,300,"ordinal","skewed","normal","Symmetric","3",1,TRUE,0.944000000017695
"1727","Y~Z",0.400209527101129,0.0463763637324655,0.5,"PLS",7419,852911,300,"ordinal","skewed","normal","Symmetric","3",1,TRUE,0.944000000017695
"1728","Y~X:Z",0.187075631011047,0.0409069248985428,0.3,"PLS",7419,852911,300,"ordinal","skewed","normal","Symmetric","3",1,TRUE,0.944000000017695
"1729","X~~Z",0.164512911163154,0.060684844137159,0.2,"PLS",7419,852911,300,"ordinal","skewed","normal","Symmetric","3",1,TRUE,0.944000000017695
"1730","X=~x1",0.41,0.074,0.4,"Mplus",7419,852911,300,"ordinal","skewed","normal","Symmetric","3",1,TRUE,166.195999999996
"1731","X=~x2",0.745,0.067,0.8,"Mplus",7419,852911,300,"ordinal","skewed","normal","Symmetric","3",1,TRUE,166.195999999996
"1732","X=~x3",0.753,0.066,0.8,"Mplus",7419,852911,300,"ordinal","skewed","normal","Symmetric","3",1,TRUE,166.195999999996
"1733","Z=~z1",0.696,0.06,0.6,"Mplus",7419,852911,300,"ordinal","skewed","normal","Symmetric","3",1,TRUE,166.195999999996
"1734","Z=~z2",0.644,0.066,0.6,"Mplus",7419,852911,300,"ordinal","skewed","normal","Symmetric","3",1,TRUE,166.195999999996
"1735","Z=~z3",0.707,0.061,0.8,"Mplus",7419,852911,300,"ordinal","skewed","normal","Symmetric","3",1,TRUE,166.195999999996
"1736","Y=~y1",0.333,0.066,0.4,"Mplus",7419,852911,300,"ordinal","skewed","normal","Symmetric","3",1,TRUE,166.195999999996
"1737","Y=~y2",0.764,0.059,0.7,"Mplus",7419,852911,300,"ordinal","skewed","normal","Symmetric","3",1,TRUE,166.195999999996
"1738","Y=~y3",0.922,0.055,0.9,"Mplus",7419,852911,300,"ordinal","skewed","normal","Symmetric","3",1,TRUE,166.195999999996
"1739","Y~X",0.371,0.084,0.4,"Mplus",7419,852911,300,"ordinal","skewed","normal","Symmetric","3",1,TRUE,166.195999999996
"1740","Y~Z",0.57,0.077,0.5,"Mplus",7419,852911,300,"ordinal","skewed","normal","Symmetric","3",1,TRUE,166.195999999996
"1741","Y~X:Z",0.286,0.078,0.3,"Mplus",7419,852911,300,"ordinal","skewed","normal","Symmetric","3",1,TRUE,166.195999999996
"1742","X~~Z",0.306,0.093,0.2,"Mplus",7419,852911,300,"ordinal","skewed","normal","Symmetric","3",1,TRUE,166.195999999996
"1743","X=~x1",0.361571677806636,0.0679200045015842,0.4,"LSAM",7419,852911,300,"ordinal","skewed","normal","Symmetric","3",1,TRUE,0.461999999999534
"1744","X=~x2",0.620355070962747,0.137386166494133,0.8,"LSAM",7419,852911,300,"ordinal","skewed","normal","Symmetric","3",1,TRUE,0.461999999999534
"1745","X=~x3",0.689359350618083,0.146673231074658,0.8,"LSAM",7419,852911,300,"ordinal","skewed","normal","Symmetric","3",1,TRUE,0.461999999999534
"1746","Z=~z1",0.650350872592862,0.131593079837971,0.6,"LSAM",7419,852911,300,"ordinal","skewed","normal","Symmetric","3",1,TRUE,0.461999999999534
"1747","Z=~z2",0.569404491221677,0.155477093169893,0.6,"LSAM",7419,852911,300,"ordinal","skewed","normal","Symmetric","3",1,TRUE,0.461999999999534
"1748","Z=~z3",0.594297287802633,0.156667664895762,0.8,"LSAM",7419,852911,300,"ordinal","skewed","normal","Symmetric","3",1,TRUE,0.461999999999534
"1749","Y=~y1",0.3064931453906,0.02595498413578,0.4,"LSAM",7419,852911,300,"ordinal","skewed","normal","Symmetric","3",1,TRUE,0.461999999999534
"1750","Y=~y2",0.645712716767265,0.110295983766685,0.7,"LSAM",7419,852911,300,"ordinal","skewed","normal","Symmetric","3",1,TRUE,0.461999999999534
"1751","Y=~y3",0.801967212393124,0.134858735880098,0.9,"LSAM",7419,852911,300,"ordinal","skewed","normal","Symmetric","3",1,TRUE,0.461999999999534
"1752","Y~X",0.320174327895319,0.155107210694539,0.4,"LSAM",7419,852911,300,"ordinal","skewed","normal","Symmetric","3",1,TRUE,0.461999999999534
"1753","Y~Z",0.53343660590104,0.208114237497535,0.5,"LSAM",7419,852911,300,"ordinal","skewed","normal","Symmetric","3",1,TRUE,0.461999999999534
"1754","Y~X:Z",0.230439645332902,0.080394286893679,0.3,"LSAM",7419,852911,300,"ordinal","skewed","normal","Symmetric","3",1,TRUE,0.461999999999534
"1755","X~~Z",0.2598560719447,0.136475829069273,0.2,"LSAM",7419,852911,300,"ordinal","skewed","normal","Symmetric","3",1,TRUE,0.461999999999534
"1756","X=~x1",0.341394771954298,0.0654068683003485,0.4,"MC-PLSc",7420,4587060,1000,"ordinal","skewed","normal","Symmetric","3",1,TRUE,15.9670000000042
"1757","X=~x2",0.703493308444499,0.0416491344005068,0.8,"MC-PLSc",7420,4587060,1000,"ordinal","skewed","normal","Symmetric","3",1,TRUE,15.9670000000042
"1758","X=~x3",0.777611766905251,0.0442864398614867,0.8,"MC-PLSc",7420,4587060,1000,"ordinal","skewed","normal","Symmetric","3",1,TRUE,15.9670000000042
"1759","Z=~z1",0.588593148694839,0.0425821273190366,0.6,"MC-PLSc",7420,4587060,1000,"ordinal","skewed","normal","Symmetric","3",1,TRUE,15.9670000000042
"1760","Z=~z2",0.507839922007688,0.0388444462357737,0.6,"MC-PLSc",7420,4587060,1000,"ordinal","skewed","normal","Symmetric","3",1,TRUE,15.9670000000042
"1761","Z=~z3",0.676105001729772,0.0383960397157003,0.8,"MC-PLSc",7420,4587060,1000,"ordinal","skewed","normal","Symmetric","3",1,TRUE,15.9670000000042
"1762","Y=~y1",0.387381676200939,0.0440354968835063,0.4,"MC-PLSc",7420,4587060,1000,"ordinal","skewed","normal","Symmetric","3",1,TRUE,15.9670000000042
"1763","Y=~y2",0.651351926578254,0.0382823574521396,0.7,"MC-PLSc",7420,4587060,1000,"ordinal","skewed","normal","Symmetric","3",1,TRUE,15.9670000000042
"1764","Y=~y3",0.864735981826372,0.0374562003719774,0.9,"MC-PLSc",7420,4587060,1000,"ordinal","skewed","normal","Symmetric","3",1,TRUE,15.9670000000042
"1765","Y~X",0.359394985477298,0.0506605134275784,0.4,"MC-PLSc",7420,4587060,1000,"ordinal","skewed","normal","Symmetric","3",1,TRUE,15.9670000000042
"1766","Y~Z",0.553908503634584,0.0433370914623578,0.5,"MC-PLSc",7420,4587060,1000,"ordinal","skewed","normal","Symmetric","3",1,TRUE,15.9670000000042
"1767","Y~X:Z",0.271814301645334,0.0624216135758177,0.3,"MC-PLSc",7420,4587060,1000,"ordinal","skewed","normal","Symmetric","3",1,TRUE,15.9670000000042
"1768","X~~Z",0.251987755302965,0.0567462838455636,0.2,"MC-PLSc",7420,4587060,1000,"ordinal","skewed","normal","Symmetric","3",1,TRUE,15.9670000000042
"1769","X=~x1",0.30262810011154,0.0695168798453882,0.4,"PLSc",7420,4587060,1000,"ordinal","skewed","normal","Symmetric","3",1,TRUE,1.39699999999721
"1770","X=~x2",0.614639150160184,0.0519524645602606,0.8,"PLSc",7420,4587060,1000,"ordinal","skewed","normal","Symmetric","3",1,TRUE,1.39699999999721
"1771","X=~x3",0.689532757448381,0.0490452285794683,0.8,"PLSc",7420,4587060,1000,"ordinal","skewed","normal","Symmetric","3",1,TRUE,1.39699999999721
"1772","Z=~z1",0.51415809016235,0.0427793699440132,0.6,"PLSc",7420,4587060,1000,"ordinal","skewed","normal","Symmetric","3",1,TRUE,1.39699999999721
"1773","Z=~z2",0.449685199798128,0.0454462405987872,0.6,"PLSc",7420,4587060,1000,"ordinal","skewed","normal","Symmetric","3",1,TRUE,1.39699999999721
"1774","Z=~z3",0.595092490648106,0.0402141544912229,0.8,"PLSc",7420,4587060,1000,"ordinal","skewed","normal","Symmetric","3",1,TRUE,1.39699999999721
"1775","Y=~y1",0.354649949639245,0.0487476618538559,0.4,"PLSc",7420,4587060,1000,"ordinal","skewed","normal","Symmetric","3",1,TRUE,1.39699999999721
"1776","Y=~y2",0.565891646422747,0.0350661596006097,0.7,"PLSc",7420,4587060,1000,"ordinal","skewed","normal","Symmetric","3",1,TRUE,1.39699999999721
"1777","Y=~y3",0.731925153716934,0.0324065061306349,0.9,"PLSc",7420,4587060,1000,"ordinal","skewed","normal","Symmetric","3",1,TRUE,1.39699999999721
"1778","Y~X",0.353192000667691,0.0551670764841282,0.4,"PLSc",7420,4587060,1000,"ordinal","skewed","normal","Symmetric","3",1,TRUE,1.39699999999721
"1779","Y~Z",0.529877913421539,0.0612297654328281,0.5,"PLSc",7420,4587060,1000,"ordinal","skewed","normal","Symmetric","3",1,TRUE,1.39699999999721
"1780","Y~X:Z",0.19217220042496,0.115090376550811,0.3,"PLSc",7420,4587060,1000,"ordinal","skewed","normal","Symmetric","3",1,TRUE,1.39699999999721
"1781","X~~Z",0.252447979708189,0.0497056275908861,0.2,"PLSc",7420,4587060,1000,"ordinal","skewed","normal","Symmetric","3",1,TRUE,1.39699999999721
"1782","X=~x1",0.463542801362109,0.062877281889472,0.4,"PLS",7420,4587060,1000,"ordinal","skewed","normal","Symmetric","3",1,TRUE,0.930999999982305
"1783","X=~x2",0.799314682306481,0.0275296410190052,0.8,"PLS",7420,4587060,1000,"ordinal","skewed","normal","Symmetric","3",1,TRUE,0.930999999982305
"1784","X=~x3",0.836617193778657,0.0224438404045911,0.8,"PLS",7420,4587060,1000,"ordinal","skewed","normal","Symmetric","3",1,TRUE,0.930999999982305
"1785","Z=~z1",0.716471529151445,0.0284126348157379,0.6,"PLS",7420,4587060,1000,"ordinal","skewed","normal","Symmetric","3",1,TRUE,0.930999999982305
"1786","Z=~z2",0.644019640993282,0.0361374723615933,0.6,"PLS",7420,4587060,1000,"ordinal","skewed","normal","Symmetric","3",1,TRUE,0.930999999982305
"1787","Z=~z3",0.779137948380371,0.0226922864000293,0.8,"PLS",7420,4587060,1000,"ordinal","skewed","normal","Symmetric","3",1,TRUE,0.930999999982305
"1788","Y=~y1",0.511775468723681,0.0488833265484418,0.4,"PLS",7420,4587060,1000,"ordinal","skewed","normal","Symmetric","3",1,TRUE,0.930999999982305
"1789","Y=~y2",0.761990818270045,0.0218550273535957,0.7,"PLS",7420,4587060,1000,"ordinal","skewed","normal","Symmetric","3",1,TRUE,0.930999999982305
"1790","Y=~y3",0.858450640385202,0.0129262942941388,0.9,"PLS",7420,4587060,1000,"ordinal","skewed","normal","Symmetric","3",1,TRUE,0.930999999982305
"1791","Y~X",0.25952041134656,0.0267083193520321,0.4,"PLS",7420,4587060,1000,"ordinal","skewed","normal","Symmetric","3",1,TRUE,0.930999999982305
"1792","Y~Z",0.340284982415952,0.0262411495629175,0.5,"PLS",7420,4587060,1000,"ordinal","skewed","normal","Symmetric","3",1,TRUE,0.930999999982305
"1793","Y~X:Z",0.117817234491083,0.0269453754267563,0.3,"PLS",7420,4587060,1000,"ordinal","skewed","normal","Symmetric","3",1,TRUE,0.930999999982305
"1794","X~~Z",0.144420370636506,0.0289717106150488,0.2,"PLS",7420,4587060,1000,"ordinal","skewed","normal","Symmetric","3",1,TRUE,0.930999999982305
"1795","X=~x1",0.318,0.041,0.4,"Mplus",7420,4587060,1000,"ordinal","skewed","normal","Symmetric","3",1,TRUE,648.460000000021
"1796","X=~x2",0.719,0.042,0.8,"Mplus",7420,4587060,1000,"ordinal","skewed","normal","Symmetric","3",1,TRUE,648.460000000021
"1797","X=~x3",0.738,0.042,0.8,"Mplus",7420,4587060,1000,"ordinal","skewed","normal","Symmetric","3",1,TRUE,648.460000000021
"1798","Z=~z1",0.585,0.041,0.6,"Mplus",7420,4587060,1000,"ordinal","skewed","normal","Symmetric","3",1,TRUE,648.460000000021
"1799","Z=~z2",0.49,0.041,0.6,"Mplus",7420,4587060,1000,"ordinal","skewed","normal","Symmetric","3",1,TRUE,648.460000000021
"1800","Z=~z3",0.679,0.04,0.8,"Mplus",7420,4587060,1000,"ordinal","skewed","normal","Symmetric","3",1,TRUE,648.460000000021
"1801","Y=~y1",0.375,0.039,0.4,"Mplus",7420,4587060,1000,"ordinal","skewed","normal","Symmetric","3",1,TRUE,648.460000000021
"1802","Y=~y2",0.645,0.034,0.7,"Mplus",7420,4587060,1000,"ordinal","skewed","normal","Symmetric","3",1,TRUE,648.460000000021
"1803","Y=~y3",0.863,0.033,0.9,"Mplus",7420,4587060,1000,"ordinal","skewed","normal","Symmetric","3",1,TRUE,648.460000000021
"1804","Y~X",0.359,0.049,0.4,"Mplus",7420,4587060,1000,"ordinal","skewed","normal","Symmetric","3",1,TRUE,648.460000000021
"1805","Y~Z",0.526,0.049,0.5,"Mplus",7420,4587060,1000,"ordinal","skewed","normal","Symmetric","3",1,TRUE,648.460000000021
"1806","Y~X:Z",0.297,0.058,0.3,"Mplus",7420,4587060,1000,"ordinal","skewed","normal","Symmetric","3",1,TRUE,648.460000000021
"1807","X~~Z",0.296,0.052,0.2,"Mplus",7420,4587060,1000,"ordinal","skewed","normal","Symmetric","3",1,TRUE,648.460000000021
"1808","X=~x1",0.314447760882082,0.0375556916802298,0.4,"LSAM",7420,4587060,1000,"ordinal","skewed","normal","Symmetric","3",1,TRUE,0.447999999974854
"1809","X=~x2",0.639746220959054,0.0878957717654252,0.8,"LSAM",7420,4587060,1000,"ordinal","skewed","normal","Symmetric","3",1,TRUE,0.447999999974854
"1810","X=~x3",0.659956594266396,0.089826413076932,0.8,"LSAM",7420,4587060,1000,"ordinal","skewed","normal","Symmetric","3",1,TRUE,0.447999999974854
"1811","Z=~z1",0.523912704734429,0.0774356918145615,0.6,"LSAM",7420,4587060,1000,"ordinal","skewed","normal","Symmetric","3",1,TRUE,0.447999999974854
"1812","Z=~z2",0.435573948492331,0.0886697278618009,0.6,"LSAM",7420,4587060,1000,"ordinal","skewed","normal","Symmetric","3",1,TRUE,0.447999999974854
"1813","Z=~z3",0.599304730525659,0.106186632926044,0.8,"LSAM",7420,4587060,1000,"ordinal","skewed","normal","Symmetric","3",1,TRUE,0.447999999974854
"1814","Y=~y1",0.316264835309594,0.0126685662622169,0.4,"LSAM",7420,4587060,1000,"ordinal","skewed","normal","Symmetric","3",1,TRUE,0.447999999974854
"1815","Y=~y2",0.553976605876639,0.0603709962930482,0.7,"LSAM",7420,4587060,1000,"ordinal","skewed","normal","Symmetric","3",1,TRUE,0.447999999974854
"1816","Y=~y3",0.783348053055281,0.0882830353935108,0.9,"LSAM",7420,4587060,1000,"ordinal","skewed","normal","Symmetric","3",1,TRUE,0.447999999974854
"1817","Y~X",0.342390748356907,0.0882092075099522,0.4,"LSAM",7420,4587060,1000,"ordinal","skewed","normal","Symmetric","3",1,TRUE,0.447999999974854
"1818","Y~Z",0.512534141614402,0.147661810258063,0.5,"LSAM",7420,4587060,1000,"ordinal","skewed","normal","Symmetric","3",1,TRUE,0.447999999974854
"1819","Y~X:Z",0.182325062063757,0.085334370497225,0.3,"LSAM",7420,4587060,1000,"ordinal","skewed","normal","Symmetric","3",1,TRUE,0.447999999974854
"1820","X~~Z",0.252053468805339,0.0758595399048964,0.2,"LSAM",7420,4587060,1000,"ordinal","skewed","normal","Symmetric","3",1,TRUE,0.447999999974854
"1821","X=~x1",0.295769178818642,0.0763609670504775,0.4,"MC-PLSc",7421,5213784,300,"ordinal","skewed","normal","Symmetric","5",1,TRUE,17.2270000000135
"1822","X=~x2",0.878773318300426,0.0732112557099468,0.8,"MC-PLSc",7421,5213784,300,"ordinal","skewed","normal","Symmetric","5",1,TRUE,17.2270000000135
"1823","X=~x3",0.662248005069971,0.0754489179078242,0.8,"MC-PLSc",7421,5213784,300,"ordinal","skewed","normal","Symmetric","5",1,TRUE,17.2270000000135
"1824","Z=~z1",0.561875033037073,0.0722935200216268,0.6,"MC-PLSc",7421,5213784,300,"ordinal","skewed","normal","Symmetric","5",1,TRUE,17.2270000000135
"1825","Z=~z2",0.537173986838577,0.06685641279501,0.6,"MC-PLSc",7421,5213784,300,"ordinal","skewed","normal","Symmetric","5",1,TRUE,17.2270000000135
"1826","Z=~z3",0.816538622622274,0.0561533332675105,0.8,"MC-PLSc",7421,5213784,300,"ordinal","skewed","normal","Symmetric","5",1,TRUE,17.2270000000135
"1827","Y=~y1",0.399999187809202,0.0721237380167644,0.4,"MC-PLSc",7421,5213784,300,"ordinal","skewed","normal","Symmetric","5",1,TRUE,17.2270000000135
"1828","Y=~y2",0.637928951282992,0.0647455614726786,0.7,"MC-PLSc",7421,5213784,300,"ordinal","skewed","normal","Symmetric","5",1,TRUE,17.2270000000135
"1829","Y=~y3",0.802681885073081,0.0576456853197783,0.9,"MC-PLSc",7421,5213784,300,"ordinal","skewed","normal","Symmetric","5",1,TRUE,17.2270000000135
"1830","Y~X",0.481227656269422,0.0797510713391215,0.4,"MC-PLSc",7421,5213784,300,"ordinal","skewed","normal","Symmetric","5",1,TRUE,17.2270000000135
"1831","Y~Z",0.479998010205557,0.0808569957800804,0.5,"MC-PLSc",7421,5213784,300,"ordinal","skewed","normal","Symmetric","5",1,TRUE,17.2270000000135
"1832","Y~X:Z",0.326759278293977,0.0857994186216133,0.3,"MC-PLSc",7421,5213784,300,"ordinal","skewed","normal","Symmetric","5",1,TRUE,17.2270000000135
"1833","X~~Z",0.283697936102196,0.0825851693261508,0.2,"MC-PLSc",7421,5213784,300,"ordinal","skewed","normal","Symmetric","5",1,TRUE,17.2270000000135
"1834","X=~x1",0.203213212594074,0.103290818219643,0.4,"PLSc",7421,5213784,300,"ordinal","skewed","normal","Symmetric","5",1,TRUE,1.28700000001118
"1835","X=~x2",0.873704536610579,0.061040840997919,0.8,"PLSc",7421,5213784,300,"ordinal","skewed","normal","Symmetric","5",1,TRUE,1.28700000001118
"1836","X=~x3",0.6218795597735,0.066569142336075,0.8,"PLSc",7421,5213784,300,"ordinal","skewed","normal","Symmetric","5",1,TRUE,1.28700000001118
"1837","Z=~z1",0.535587603900332,0.0766666023587104,0.6,"PLSc",7421,5213784,300,"ordinal","skewed","normal","Symmetric","5",1,TRUE,1.28700000001118
"1838","Z=~z2",0.510686527840293,0.0833238815042299,0.6,"PLSc",7421,5213784,300,"ordinal","skewed","normal","Symmetric","5",1,TRUE,1.28700000001118
"1839","Z=~z3",0.769269835018574,0.0635868760519708,0.8,"PLSc",7421,5213784,300,"ordinal","skewed","normal","Symmetric","5",1,TRUE,1.28700000001118
"1840","Y=~y1",0.410628670846012,0.0658605041762165,0.4,"PLSc",7421,5213784,300,"ordinal","skewed","normal","Symmetric","5",1,TRUE,1.28700000001118
"1841","Y=~y2",0.539258722730104,0.0643770829364752,0.7,"PLSc",7421,5213784,300,"ordinal","skewed","normal","Symmetric","5",1,TRUE,1.28700000001118
"1842","Y=~y3",0.774936055816372,0.0547573415789325,0.9,"PLSc",7421,5213784,300,"ordinal","skewed","normal","Symmetric","5",1,TRUE,1.28700000001118
"1843","Y~X",0.45242442255686,0.0927782184218099,0.4,"PLSc",7421,5213784,300,"ordinal","skewed","normal","Symmetric","5",1,TRUE,1.28700000001118
"1844","Y~Z",0.473183017327866,0.0923065698187688,0.5,"PLSc",7421,5213784,300,"ordinal","skewed","normal","Symmetric","5",1,TRUE,1.28700000001118
"1845","Y~X:Z",0.220355555599697,0.0951747897399803,0.3,"PLSc",7421,5213784,300,"ordinal","skewed","normal","Symmetric","5",1,TRUE,1.28700000001118
"1846","X~~Z",0.276394962229147,0.0891091128081343,0.2,"PLSc",7421,5213784,300,"ordinal","skewed","normal","Symmetric","5",1,TRUE,1.28700000001118
"1847","X=~x1",0.424529911703116,0.100824537856638,0.4,"PLS",7421,5213784,300,"ordinal","skewed","normal","Symmetric","5",1,TRUE,0.90500000002794
"1848","X=~x2",0.893609279616011,0.0197917661910901,0.8,"PLS",7421,5213784,300,"ordinal","skewed","normal","Symmetric","5",1,TRUE,0.90500000002794
"1849","X=~x3",0.808753326776512,0.0369536845183419,0.8,"PLS",7421,5213784,300,"ordinal","skewed","normal","Symmetric","5",1,TRUE,0.90500000002794
"1850","Z=~z1",0.710629678594079,0.0495420948144785,0.6,"PLS",7421,5213784,300,"ordinal","skewed","normal","Symmetric","5",1,TRUE,0.90500000002794
"1851","Z=~z2",0.68948144104262,0.0569531790857566,0.6,"PLS",7421,5213784,300,"ordinal","skewed","normal","Symmetric","5",1,TRUE,0.90500000002794
"1852","Z=~z3",0.856827622722531,0.0217405060182428,0.8,"PLS",7421,5213784,300,"ordinal","skewed","normal","Symmetric","5",1,TRUE,0.90500000002794
"1853","Y=~y1",0.552164897174997,0.0671945685089907,0.4,"PLS",7421,5213784,300,"ordinal","skewed","normal","Symmetric","5",1,TRUE,0.90500000002794
"1854","Y=~y2",0.776606486509257,0.0377236361808298,0.7,"PLS",7421,5213784,300,"ordinal","skewed","normal","Symmetric","5",1,TRUE,0.90500000002794
"1855","Y=~y3",0.854345608326922,0.0220110965488237,0.9,"PLS",7421,5213784,300,"ordinal","skewed","normal","Symmetric","5",1,TRUE,0.90500000002794
"1856","Y~X",0.356780786433304,0.0487699396047398,0.4,"PLS",7421,5213784,300,"ordinal","skewed","normal","Symmetric","5",1,TRUE,0.90500000002794
"1857","Y~Z",0.337145095017238,0.053081450358088,0.5,"PLS",7421,5213784,300,"ordinal","skewed","normal","Symmetric","5",1,TRUE,0.90500000002794
"1858","Y~X:Z",0.175668077377682,0.0456029861217555,0.3,"PLS",7421,5213784,300,"ordinal","skewed","normal","Symmetric","5",1,TRUE,0.90500000002794
"1859","X~~Z",0.196775328296269,0.0628579332178054,0.2,"PLS",7421,5213784,300,"ordinal","skewed","normal","Symmetric","5",1,TRUE,0.90500000002794
"1860","X=~x1",0.356,0.067,0.4,"Mplus",7421,5213784,300,"ordinal","skewed","normal","Symmetric","5",1,TRUE,234.484999999986
"1861","X=~x2",0.721,0.054,0.8,"Mplus",7421,5213784,300,"ordinal","skewed","normal","Symmetric","5",1,TRUE,234.484999999986
"1862","X=~x3",0.686,0.056,0.8,"Mplus",7421,5213784,300,"ordinal","skewed","normal","Symmetric","5",1,TRUE,234.484999999986
"1863","Z=~z1",0.56,0.063,0.6,"Mplus",7421,5213784,300,"ordinal","skewed","normal","Symmetric","5",1,TRUE,234.484999999986
"1864","Z=~z2",0.555,0.062,0.6,"Mplus",7421,5213784,300,"ordinal","skewed","normal","Symmetric","5",1,TRUE,234.484999999986
"1865","Z=~z3",0.783,0.052,0.8,"Mplus",7421,5213784,300,"ordinal","skewed","normal","Symmetric","5",1,TRUE,234.484999999986
"1866","Y=~y1",0.34,0.07,0.4,"Mplus",7421,5213784,300,"ordinal","skewed","normal","Symmetric","5",1,TRUE,234.484999999986
"1867","Y=~y2",0.616,0.056,0.7,"Mplus",7421,5213784,300,"ordinal","skewed","normal","Symmetric","5",1,TRUE,234.484999999986
"1868","Y=~y3",0.864,0.055,0.9,"Mplus",7421,5213784,300,"ordinal","skewed","normal","Symmetric","5",1,TRUE,234.484999999986
"1869","Y~X",0.5,0.079,0.4,"Mplus",7421,5213784,300,"ordinal","skewed","normal","Symmetric","5",1,TRUE,234.484999999986
"1870","Y~Z",0.377,0.092,0.5,"Mplus",7421,5213784,300,"ordinal","skewed","normal","Symmetric","5",1,TRUE,234.484999999986
"1871","Y~X:Z",0.451,0.084,0.3,"Mplus",7421,5213784,300,"ordinal","skewed","normal","Symmetric","5",1,TRUE,234.484999999986
"1872","X~~Z",0.372,0.091,0.2,"Mplus",7421,5213784,300,"ordinal","skewed","normal","Symmetric","5",1,TRUE,234.484999999986
"1873","X=~x1",0.366461314664546,0.0673403240440492,0.4,"LSAM",7421,5213784,300,"ordinal","skewed","normal","Symmetric","5",1,TRUE,0.418000000005122
"1874","X=~x2",0.621288680133657,0.122590926363107,0.8,"LSAM",7421,5213784,300,"ordinal","skewed","normal","Symmetric","5",1,TRUE,0.418000000005122
"1875","X=~x3",0.787449045728303,0.133957661145086,0.8,"LSAM",7421,5213784,300,"ordinal","skewed","normal","Symmetric","5",1,TRUE,0.418000000005122
"1876","Z=~z1",0.526969586877718,0.0415158164546425,0.6,"LSAM",7421,5213784,300,"ordinal","skewed","normal","Symmetric","5",1,TRUE,0.418000000005122
"1877","Z=~z2",0.508326306715953,0.0804935911848206,0.6,"LSAM",7421,5213784,300,"ordinal","skewed","normal","Symmetric","5",1,TRUE,0.418000000005122
"1878","Z=~z3",0.78123848505152,0.106887104827506,0.8,"LSAM",7421,5213784,300,"ordinal","skewed","normal","Symmetric","5",1,TRUE,0.418000000005122
"1879","Y=~y1",0.349959987834045,0.0299931201865876,0.4,"LSAM",7421,5213784,300,"ordinal","skewed","normal","Symmetric","5",1,TRUE,0.418000000005122
"1880","Y=~y2",0.770948357707555,0.131014207247576,0.7,"LSAM",7421,5213784,300,"ordinal","skewed","normal","Symmetric","5",1,TRUE,0.418000000005122
"1881","Y=~y3",0.611674076823002,0.105672373720105,0.9,"LSAM",7421,5213784,300,"ordinal","skewed","normal","Symmetric","5",1,TRUE,0.418000000005122
"1882","Y~X",0.33911762512895,0.0982834587503484,0.4,"LSAM",7421,5213784,300,"ordinal","skewed","normal","Symmetric","5",1,TRUE,0.418000000005122
"1883","Y~Z",0.464264489580333,0.104482209124549,0.5,"LSAM",7421,5213784,300,"ordinal","skewed","normal","Symmetric","5",1,TRUE,0.418000000005122
"1884","Y~X:Z",0.196325672374083,0.0773384943008365,0.3,"LSAM",7421,5213784,300,"ordinal","skewed","normal","Symmetric","5",1,TRUE,0.418000000005122
"1885","X~~Z",0.252236930678574,0.092121790736107,0.2,"LSAM",7421,5213784,300,"ordinal","skewed","normal","Symmetric","5",1,TRUE,0.418000000005122
"1886","X=~x1",0.331443330853621,0.0454393376275714,0.4,"MC-PLSc",7422,574012,1000,"ordinal","skewed","normal","Symmetric","5",1,TRUE,19.9070000000065
"1887","X=~x2",0.760879382057732,0.0389598486071639,0.8,"MC-PLSc",7422,574012,1000,"ordinal","skewed","normal","Symmetric","5",1,TRUE,19.9070000000065
"1888","X=~x3",0.755381794122638,0.0355018310626147,0.8,"MC-PLSc",7422,574012,1000,"ordinal","skewed","normal","Symmetric","5",1,TRUE,19.9070000000065
"1889","Z=~z1",0.564122914866889,0.0330087362671469,0.6,"MC-PLSc",7422,574012,1000,"ordinal","skewed","normal","Symmetric","5",1,TRUE,19.9070000000065
"1890","Z=~z2",0.597046101903018,0.0314050317909389,0.6,"MC-PLSc",7422,574012,1000,"ordinal","skewed","normal","Symmetric","5",1,TRUE,19.9070000000065
"1891","Z=~z3",0.804230711237622,0.0295872120547284,0.8,"MC-PLSc",7422,574012,1000,"ordinal","skewed","normal","Symmetric","5",1,TRUE,19.9070000000065
"1892","Y=~y1",0.342370353121084,0.0353404071637311,0.4,"MC-PLSc",7422,574012,1000,"ordinal","skewed","normal","Symmetric","5",1,TRUE,19.9070000000065
"1893","Y=~y2",0.645180062818851,0.0320399143074384,0.7,"MC-PLSc",7422,574012,1000,"ordinal","skewed","normal","Symmetric","5",1,TRUE,19.9070000000065
"1894","Y=~y3",0.879240092950955,0.0248427243271924,0.9,"MC-PLSc",7422,574012,1000,"ordinal","skewed","normal","Symmetric","5",1,TRUE,19.9070000000065
"1895","Y~X",0.362165758347299,0.0387971167817778,0.4,"MC-PLSc",7422,574012,1000,"ordinal","skewed","normal","Symmetric","5",1,TRUE,19.9070000000065
"1896","Y~Z",0.538499149610752,0.0417027696144696,0.5,"MC-PLSc",7422,574012,1000,"ordinal","skewed","normal","Symmetric","5",1,TRUE,19.9070000000065
"1897","Y~X:Z",0.270638961448945,0.053744910109568,0.3,"MC-PLSc",7422,574012,1000,"ordinal","skewed","normal","Symmetric","5",1,TRUE,19.9070000000065
"1898","X~~Z",0.191929812073041,0.043553421235178,0.2,"MC-PLSc",7422,574012,1000,"ordinal","skewed","normal","Symmetric","5",1,TRUE,19.9070000000065
"1899","X=~x1",0.325507173483159,0.0671084527862175,0.4,"PLSc",7422,574012,1000,"ordinal","skewed","normal","Symmetric","5",1,TRUE,1.37700000003679
"1900","X=~x2",0.724163827822195,0.043638510078304,0.8,"PLSc",7422,574012,1000,"ordinal","skewed","normal","Symmetric","5",1,TRUE,1.37700000003679
"1901","X=~x3",0.702886879065025,0.0411958274719356,0.8,"PLSc",7422,574012,1000,"ordinal","skewed","normal","Symmetric","5",1,TRUE,1.37700000003679
"1902","Z=~z1",0.520883753257466,0.0423071714626119,0.6,"PLSc",7422,574012,1000,"ordinal","skewed","normal","Symmetric","5",1,TRUE,1.37700000003679
"1903","Z=~z2",0.574774146280146,0.0387478655576125,0.6,"PLSc",7422,574012,1000,"ordinal","skewed","normal","Symmetric","5",1,TRUE,1.37700000003679
"1904","Z=~z3",0.770151853339857,0.0355576680657265,0.8,"PLSc",7422,574012,1000,"ordinal","skewed","normal","Symmetric","5",1,TRUE,1.37700000003679
"1905","Y=~y1",0.301771583814682,0.0465606745441474,0.4,"PLSc",7422,574012,1000,"ordinal","skewed","normal","Symmetric","5",1,TRUE,1.37700000003679
"1906","Y=~y2",0.609347492558035,0.0292574425993689,0.7,"PLSc",7422,574012,1000,"ordinal","skewed","normal","Symmetric","5",1,TRUE,1.37700000003679
"1907","Y=~y3",0.855078298675119,0.0285713642929606,0.9,"PLSc",7422,574012,1000,"ordinal","skewed","normal","Symmetric","5",1,TRUE,1.37700000003679
"1908","Y~X",0.344766619169269,0.0434209653604013,0.4,"PLSc",7422,574012,1000,"ordinal","skewed","normal","Symmetric","5",1,TRUE,1.37700000003679
"1909","Y~Z",0.52004650417588,0.0457615102879279,0.5,"PLSc",7422,574012,1000,"ordinal","skewed","normal","Symmetric","5",1,TRUE,1.37700000003679
"1910","Y~X:Z",0.213150394735504,0.0604302689593861,0.3,"PLSc",7422,574012,1000,"ordinal","skewed","normal","Symmetric","5",1,TRUE,1.37700000003679
"1911","X~~Z",0.190329722608411,0.0456026043488208,0.2,"PLSc",7422,574012,1000,"ordinal","skewed","normal","Symmetric","5",1,TRUE,1.37700000003679
"1912","X=~x1",0.467126774208508,0.0583178681258042,0.4,"PLS",7422,574012,1000,"ordinal","skewed","normal","Symmetric","5",1,TRUE,0.964000000036322
"1913","X=~x2",0.849674961471156,0.0178840141729017,0.8,"PLS",7422,574012,1000,"ordinal","skewed","normal","Symmetric","5",1,TRUE,0.964000000036322
"1914","X=~x3",0.847759899859198,0.0164910564622747,0.8,"PLS",7422,574012,1000,"ordinal","skewed","normal","Symmetric","5",1,TRUE,0.964000000036322
"1915","Z=~z1",0.706644095673802,0.0264618521675729,0.6,"PLS",7422,574012,1000,"ordinal","skewed","normal","Symmetric","5",1,TRUE,0.964000000036322
"1916","Z=~z2",0.73375493607823,0.0225568705245126,0.6,"PLS",7422,574012,1000,"ordinal","skewed","normal","Symmetric","5",1,TRUE,0.964000000036322
"1917","Z=~z3",0.850632277917757,0.0125807859710161,0.8,"PLS",7422,574012,1000,"ordinal","skewed","normal","Symmetric","5",1,TRUE,0.964000000036322
"1918","Y=~y1",0.485501504256029,0.042642446903593,0.4,"PLS",7422,574012,1000,"ordinal","skewed","normal","Symmetric","5",1,TRUE,0.964000000036322
"1919","Y=~y2",0.794156926585481,0.0172180685965604,0.7,"PLS",7422,574012,1000,"ordinal","skewed","normal","Symmetric","5",1,TRUE,0.964000000036322
"1920","Y=~y3",0.890488017431254,0.00877713440836246,0.9,"PLS",7422,574012,1000,"ordinal","skewed","normal","Symmetric","5",1,TRUE,0.964000000036322
"1921","Y~X",0.277643602524705,0.0266820250839745,0.4,"PLS",7422,574012,1000,"ordinal","skewed","normal","Symmetric","5",1,TRUE,0.964000000036322
"1922","Y~Z",0.389194468957406,0.0280424049408146,0.5,"PLS",7422,574012,1000,"ordinal","skewed","normal","Symmetric","5",1,TRUE,0.964000000036322
"1923","Y~X:Z",0.14847306234947,0.0271618202750261,0.3,"PLS",7422,574012,1000,"ordinal","skewed","normal","Symmetric","5",1,TRUE,0.964000000036322
"1924","X~~Z",0.129812347739378,0.0312591577595682,0.2,"PLS",7422,574012,1000,"ordinal","skewed","normal","Symmetric","5",1,TRUE,0.964000000036322
"1925","X=~x1",0.301,0.04,0.4,"Mplus",7422,574012,1000,"ordinal","skewed","normal","Symmetric","5",1,TRUE,870.98000000004
"1926","X=~x2",0.742,0.032,0.8,"Mplus",7422,574012,1000,"ordinal","skewed","normal","Symmetric","5",1,TRUE,870.98000000004
"1927","X=~x3",0.733,0.032,0.8,"Mplus",7422,574012,1000,"ordinal","skewed","normal","Symmetric","5",1,TRUE,870.98000000004
"1928","Z=~z1",0.547,0.032,0.6,"Mplus",7422,574012,1000,"ordinal","skewed","normal","Symmetric","5",1,TRUE,870.98000000004
"1929","Z=~z2",0.563,0.032,0.6,"Mplus",7422,574012,1000,"ordinal","skewed","normal","Symmetric","5",1,TRUE,870.98000000004
"1930","Z=~z3",0.785,0.029,0.8,"Mplus",7422,574012,1000,"ordinal","skewed","normal","Symmetric","5",1,TRUE,870.98000000004
"1931","Y=~y1",0.326,0.033,0.4,"Mplus",7422,574012,1000,"ordinal","skewed","normal","Symmetric","5",1,TRUE,870.98000000004
"1932","Y=~y2",0.637,0.031,0.7,"Mplus",7422,574012,1000,"ordinal","skewed","normal","Symmetric","5",1,TRUE,870.98000000004
"1933","Y=~y3",0.86,0.025,0.9,"Mplus",7422,574012,1000,"ordinal","skewed","normal","Symmetric","5",1,TRUE,870.98000000004
"1934","Y~X",0.355,0.039,0.4,"Mplus",7422,574012,1000,"ordinal","skewed","normal","Symmetric","5",1,TRUE,870.98000000004
"1935","Y~Z",0.534,0.04,0.5,"Mplus",7422,574012,1000,"ordinal","skewed","normal","Symmetric","5",1,TRUE,870.98000000004
"1936","Y~X:Z",0.374,0.046,0.3,"Mplus",7422,574012,1000,"ordinal","skewed","normal","Symmetric","5",1,TRUE,870.98000000004
"1937","X~~Z",0.244,0.045,0.2,"Mplus",7422,574012,1000,"ordinal","skewed","normal","Symmetric","5",1,TRUE,870.98000000004
"1938","X=~x1",0.314300100597681,0.035171734665386,0.4,"LSAM",7422,574012,1000,"ordinal","skewed","normal","Symmetric","5",1,TRUE,0.446999999985565
"1939","X=~x2",0.685970483846995,0.0754836456407338,0.8,"LSAM",7422,574012,1000,"ordinal","skewed","normal","Symmetric","5",1,TRUE,0.446999999985565
"1940","X=~x3",0.758633174465955,0.0783793863104008,0.8,"LSAM",7422,574012,1000,"ordinal","skewed","normal","Symmetric","5",1,TRUE,0.446999999985565
"1941","Z=~z1",0.555727583931394,0.0244306556331633,0.6,"LSAM",7422,574012,1000,"ordinal","skewed","normal","Symmetric","5",1,TRUE,0.446999999985565
"1942","Z=~z2",0.559238480862906,0.0446183650005119,0.6,"LSAM",7422,574012,1000,"ordinal","skewed","normal","Symmetric","5",1,TRUE,0.446999999985565
"1943","Z=~z3",0.751278070621521,0.0520757904176532,0.8,"LSAM",7422,574012,1000,"ordinal","skewed","normal","Symmetric","5",1,TRUE,0.446999999985565
"1944","Y=~y1",0.357203996133185,0.0141660081851698,0.4,"LSAM",7422,574012,1000,"ordinal","skewed","normal","Symmetric","5",1,TRUE,0.446999999985565
"1945","Y=~y2",0.658012012253194,0.0567509973249785,0.7,"LSAM",7422,574012,1000,"ordinal","skewed","normal","Symmetric","5",1,TRUE,0.446999999985565
"1946","Y=~y3",0.755497539665046,0.0643649420435134,0.9,"LSAM",7422,574012,1000,"ordinal","skewed","normal","Symmetric","5",1,TRUE,0.446999999985565
"1947","Y~X",0.34686830276071,0.0445543906764557,0.4,"LSAM",7422,574012,1000,"ordinal","skewed","normal","Symmetric","5",1,TRUE,0.446999999985565
"1948","Y~Z",0.550743938085818,0.0508310777196996,0.5,"LSAM",7422,574012,1000,"ordinal","skewed","normal","Symmetric","5",1,TRUE,0.446999999985565
"1949","Y~X:Z",0.208299399817959,0.0483601847181862,0.3,"LSAM",7422,574012,1000,"ordinal","skewed","normal","Symmetric","5",1,TRUE,0.446999999985565
"1950","X~~Z",0.196447251657267,0.0457704554713404,0.2,"LSAM",7422,574012,1000,"ordinal","skewed","normal","Symmetric","5",1,TRUE,0.446999999985565
"1951","X=~x1",0.474473130717058,0.139825982975686,0.4,"MC-PLSc",7423,6834482,300,"ordinal","skewed","normal","Extreme","2",1,TRUE,12.4179999999469
"1952","X=~x2",0.959320547971957,0.247193221057905,0.8,"MC-PLSc",7423,6834482,300,"ordinal","skewed","normal","Extreme","2",1,TRUE,12.4179999999469
"1953","X=~x3",0.755343110763055,0.16714862148374,0.8,"MC-PLSc",7423,6834482,300,"ordinal","skewed","normal","Extreme","2",1,TRUE,12.4179999999469
"1954","Z=~z1",0.584605924663897,0.148357228667828,0.6,"MC-PLSc",7423,6834482,300,"ordinal","skewed","normal","Extreme","2",1,TRUE,12.4179999999469
"1955","Z=~z2",0.457084194532471,0.118340585709542,0.6,"MC-PLSc",7423,6834482,300,"ordinal","skewed","normal","Extreme","2",1,TRUE,12.4179999999469
"1956","Z=~z3",0.836192267722061,0.152301162677617,0.8,"MC-PLSc",7423,6834482,300,"ordinal","skewed","normal","Extreme","2",1,TRUE,12.4179999999469
"1957","Y=~y1",0.23134006849367,0.128528763294337,0.4,"MC-PLSc",7423,6834482,300,"ordinal","skewed","normal","Extreme","2",1,TRUE,12.4179999999469
"1958","Y=~y2",0.798102730142746,0.123536248839503,0.7,"MC-PLSc",7423,6834482,300,"ordinal","skewed","normal","Extreme","2",1,TRUE,12.4179999999469
"1959","Y=~y3",0.937093411833026,0.0785947266256488,0.9,"MC-PLSc",7423,6834482,300,"ordinal","skewed","normal","Extreme","2",1,TRUE,12.4179999999469
"1960","Y~X",0.489788519575881,0.156303893803741,0.4,"MC-PLSc",7423,6834482,300,"ordinal","skewed","normal","Extreme","2",1,TRUE,12.4179999999469
"1961","Y~Z",0.707071561254546,0.121694450108508,0.5,"MC-PLSc",7423,6834482,300,"ordinal","skewed","normal","Extreme","2",1,TRUE,12.4179999999469
"1962","Y~X:Z",-0.048619858651455,0.336748545952051,0.3,"MC-PLSc",7423,6834482,300,"ordinal","skewed","normal","Extreme","2",1,TRUE,12.4179999999469
"1963","X~~Z",0.090380769442718,0.141732189500497,0.2,"MC-PLSc",7423,6834482,300,"ordinal","skewed","normal","Extreme","2",1,TRUE,12.4179999999469
"1964","X=~x1",0.347856937363207,0.151653675878002,0.4,"PLSc",7423,6834482,300,"ordinal","skewed","normal","Extreme","2",1,TRUE,1.26600000000326
"1965","X=~x2",0.792311531466237,0.124963874555412,0.8,"PLSc",7423,6834482,300,"ordinal","skewed","normal","Extreme","2",1,TRUE,1.26600000000326
"1966","X=~x3",0.543498921897423,0.147892725527862,0.8,"PLSc",7423,6834482,300,"ordinal","skewed","normal","Extreme","2",1,TRUE,1.26600000000326
"1967","Z=~z1",0.371734803711735,0.121557614332289,0.6,"PLSc",7423,6834482,300,"ordinal","skewed","normal","Extreme","2",1,TRUE,1.26600000000326
"1968","Z=~z2",0.340473856912253,0.116089856982715,0.6,"PLSc",7423,6834482,300,"ordinal","skewed","normal","Extreme","2",1,TRUE,1.26600000000326
"1969","Z=~z3",0.640247106491173,0.123858288664975,0.8,"PLSc",7423,6834482,300,"ordinal","skewed","normal","Extreme","2",1,TRUE,1.26600000000326
"1970","Y=~y1",0.114639705072306,0.112370621203825,0.4,"PLSc",7423,6834482,300,"ordinal","skewed","normal","Extreme","2",1,TRUE,1.26600000000326
"1971","Y=~y2",0.625162942730714,0.0846225020077647,0.7,"PLSc",7423,6834482,300,"ordinal","skewed","normal","Extreme","2",1,TRUE,1.26600000000326
"1972","Y=~y3",0.739401152504877,0.0806146255589873,0.9,"PLSc",7423,6834482,300,"ordinal","skewed","normal","Extreme","2",1,TRUE,1.26600000000326
"1973","Y~X",0.387972509170759,0.27307904469517,0.4,"PLSc",7423,6834482,300,"ordinal","skewed","normal","Extreme","2",1,TRUE,1.26600000000326
"1974","Y~Z",0.654797661440521,0.324285956207815,0.5,"PLSc",7423,6834482,300,"ordinal","skewed","normal","Extreme","2",1,TRUE,1.26600000000326
"1975","Y~X:Z",0.0887438967044048,0.818352323500391,0.3,"PLSc",7423,6834482,300,"ordinal","skewed","normal","Extreme","2",1,TRUE,1.26600000000326
"1976","X~~Z",0.0673115905029092,0.128667588370859,0.2,"PLSc",7423,6834482,300,"ordinal","skewed","normal","Extreme","2",1,TRUE,1.26600000000326
"1977","X=~x1",0.495163770486863,0.136878645798836,0.4,"PLS",7423,6834482,300,"ordinal","skewed","normal","Extreme","2",1,TRUE,0.929000000003725
"1978","X=~x2",0.867717206170332,0.0504274364842517,0.8,"PLS",7423,6834482,300,"ordinal","skewed","normal","Extreme","2",1,TRUE,0.929000000003725
"1979","X=~x3",0.773255816213083,0.084737773273165,0.8,"PLS",7423,6834482,300,"ordinal","skewed","normal","Extreme","2",1,TRUE,0.929000000003725
"1980","Z=~z1",0.639047488333502,0.120313815500206,0.6,"PLS",7423,6834482,300,"ordinal","skewed","normal","Extreme","2",1,TRUE,0.929000000003725
"1981","Z=~z2",0.508166100186647,0.144197776415818,0.6,"PLS",7423,6834482,300,"ordinal","skewed","normal","Extreme","2",1,TRUE,0.929000000003725
"1982","Z=~z3",0.844081939974248,0.0666361058068283,0.8,"PLS",7423,6834482,300,"ordinal","skewed","normal","Extreme","2",1,TRUE,0.929000000003725
"1983","Y=~y1",0.233330318925509,0.138294279067158,0.4,"PLS",7423,6834482,300,"ordinal","skewed","normal","Extreme","2",1,TRUE,0.929000000003725
"1984","Y=~y2",0.813425097803493,0.0541310961763424,0.7,"PLS",7423,6834482,300,"ordinal","skewed","normal","Extreme","2",1,TRUE,0.929000000003725
"1985","Y=~y3",0.877834679701124,0.0298530736208502,0.9,"PLS",7423,6834482,300,"ordinal","skewed","normal","Extreme","2",1,TRUE,0.929000000003725
"1986","Y~X",0.273719735865756,0.0728928518402968,0.4,"PLS",7423,6834482,300,"ordinal","skewed","normal","Extreme","2",1,TRUE,0.929000000003725
"1987","Y~Z",0.373011732396393,0.0766121989147132,0.5,"PLS",7423,6834482,300,"ordinal","skewed","normal","Extreme","2",1,TRUE,0.929000000003725
"1988","Y~X:Z",0.0745461279133773,0.0747289003076541,0.3,"PLS",7423,6834482,300,"ordinal","skewed","normal","Extreme","2",1,TRUE,0.929000000003725
"1989","X~~Z",0.0383395247216419,0.0696567273705389,0.2,"PLS",7423,6834482,300,"ordinal","skewed","normal","Extreme","2",1,TRUE,0.929000000003725
"1990","X=~x1",0.437,0.134,0.4,"Mplus",7423,6834482,300,"ordinal","skewed","normal","Extreme","2",1,TRUE,112.294999999984
"1991","X=~x2",0.887,0.117,0.8,"Mplus",7423,6834482,300,"ordinal","skewed","normal","Extreme","2",1,TRUE,112.294999999984
"1992","X=~x3",0.816,0.115,0.8,"Mplus",7423,6834482,300,"ordinal","skewed","normal","Extreme","2",1,TRUE,112.294999999984
"1993","Z=~z1",0.594,0.114,0.6,"Mplus",7423,6834482,300,"ordinal","skewed","normal","Extreme","2",1,TRUE,112.294999999984
"1994","Z=~z2",0.396,0.122,0.6,"Mplus",7423,6834482,300,"ordinal","skewed","normal","Extreme","2",1,TRUE,112.294999999984
"1995","Z=~z3",0.842,0.126,0.8,"Mplus",7423,6834482,300,"ordinal","skewed","normal","Extreme","2",1,TRUE,112.294999999984
"1996","Y=~y1",0.27,0.119,0.4,"Mplus",7423,6834482,300,"ordinal","skewed","normal","Extreme","2",1,TRUE,112.294999999984
"1997","Y=~y2",0.76,0.107,0.7,"Mplus",7423,6834482,300,"ordinal","skewed","normal","Extreme","2",1,TRUE,112.294999999984
"1998","Y=~y3",0.931,0.099,0.9,"Mplus",7423,6834482,300,"ordinal","skewed","normal","Extreme","2",1,TRUE,112.294999999984
"1999","Y~X",0.478,0.194,0.4,"Mplus",7423,6834482,300,"ordinal","skewed","normal","Extreme","2",1,TRUE,112.294999999984
"2000","Y~Z",0.703,0.163,0.5,"Mplus",7423,6834482,300,"ordinal","skewed","normal","Extreme","2",1,TRUE,112.294999999984
"2001","Y~X:Z",0.038,0.391,0.3,"Mplus",7423,6834482,300,"ordinal","skewed","normal","Extreme","2",1,TRUE,112.294999999984
"2002","X~~Z",0.087,0.185,0.2,"Mplus",7423,6834482,300,"ordinal","skewed","normal","Extreme","2",1,TRUE,112.294999999984
"2003","X=~x1",0.32005992801845,0.0743361595715932,0.4,"LSAM",7423,6834482,300,"ordinal","skewed","normal","Extreme","2",1,TRUE,0.554000000003725
"2004","X=~x2",0.618821156263309,0.150018537012954,0.8,"LSAM",7423,6834482,300,"ordinal","skewed","normal","Extreme","2",1,TRUE,0.554000000003725
"2005","X=~x3",0.74177625452136,0.163861223546844,0.8,"LSAM",7423,6834482,300,"ordinal","skewed","normal","Extreme","2",1,TRUE,0.554000000003725
"2006","Z=~z1",0.507835464743782,0.372678284031599,0.6,"LSAM",7423,6834482,300,"ordinal","skewed","normal","Extreme","2",1,TRUE,0.554000000003725
"2007","Z=~z2",0.251442865910333,0.252176834681746,0.6,"LSAM",7423,6834482,300,"ordinal","skewed","normal","Extreme","2",1,TRUE,0.554000000003725
"2008","Z=~z3",0.592114364026931,0.449100028293342,0.8,"LSAM",7423,6834482,300,"ordinal","skewed","normal","Extreme","2",1,TRUE,0.554000000003725
"2009","Y=~y1",0.299947734228621,0.0285006976384002,0.4,"LSAM",7423,6834482,300,"ordinal","skewed","normal","Extreme","2",1,TRUE,0.554000000003725
"2010","Y=~y2",0.519800134815592,0.105331670287015,0.7,"LSAM",7423,6834482,300,"ordinal","skewed","normal","Extreme","2",1,TRUE,0.554000000003725
"2011","Y=~y3",0.840332897095132,0.175018137927721,0.9,"LSAM",7423,6834482,300,"ordinal","skewed","normal","Extreme","2",1,TRUE,0.554000000003725
"2012","Y~X",0.37950427630533,0.164193434324613,0.4,"LSAM",7423,6834482,300,"ordinal","skewed","normal","Extreme","2",1,TRUE,0.554000000003725
"2013","Y~Z",0.608747461059921,0.724494464539848,0.5,"LSAM",7423,6834482,300,"ordinal","skewed","normal","Extreme","2",1,TRUE,0.554000000003725
"2014","Y~X:Z",0.095601230799223,0.494702189923119,0.3,"LSAM",7423,6834482,300,"ordinal","skewed","normal","Extreme","2",1,TRUE,0.554000000003725
"2015","X~~Z",-0.000188290875346579,0.17732333453078,0.2,"LSAM",7423,6834482,300,"ordinal","skewed","normal","Extreme","2",1,TRUE,0.554000000003725
"2016","X=~x1",0.416086800834605,0.0757755837646649,0.4,"MC-PLSc",7424,3405548,1000,"ordinal","skewed","normal","Extreme","2",1,TRUE,14.9090000000433
"2017","X=~x2",0.858665868947599,0.0522084545827336,0.8,"MC-PLSc",7424,3405548,1000,"ordinal","skewed","normal","Extreme","2",1,TRUE,14.9090000000433
"2018","X=~x3",0.890739182760614,0.0465093590322916,0.8,"MC-PLSc",7424,3405548,1000,"ordinal","skewed","normal","Extreme","2",1,TRUE,14.9090000000433
"2019","Z=~z1",0.720344269353605,0.0472407154483263,0.6,"MC-PLSc",7424,3405548,1000,"ordinal","skewed","normal","Extreme","2",1,TRUE,14.9090000000433
"2020","Z=~z2",0.75472465646228,0.0453152552016642,0.6,"MC-PLSc",7424,3405548,1000,"ordinal","skewed","normal","Extreme","2",1,TRUE,14.9090000000433
"2021","Z=~z3",0.938038291790356,0.0413087801671179,0.8,"MC-PLSc",7424,3405548,1000,"ordinal","skewed","normal","Extreme","2",1,TRUE,14.9090000000433
"2022","Y=~y1",0.369232397570466,0.0785042934982747,0.4,"MC-PLSc",7424,3405548,1000,"ordinal","skewed","normal","Extreme","2",1,TRUE,14.9090000000433
"2023","Y=~y2",0.661343708311364,0.0805540226466606,0.7,"MC-PLSc",7424,3405548,1000,"ordinal","skewed","normal","Extreme","2",1,TRUE,14.9090000000433
"2024","Y=~y3",0.966699584480802,0.0700105974457815,0.9,"MC-PLSc",7424,3405548,1000,"ordinal","skewed","normal","Extreme","2",1,TRUE,14.9090000000433
"2025","Y~X",0.570558037511237,0.165683556065377,0.4,"MC-PLSc",7424,3405548,1000,"ordinal","skewed","normal","Extreme","2",1,TRUE,14.9090000000433
"2026","Y~Z",0.653781701960509,0.0827603597942397,0.5,"MC-PLSc",7424,3405548,1000,"ordinal","skewed","normal","Extreme","2",1,TRUE,14.9090000000433
"2027","Y~X:Z",0.343926071668347,0.37884198505945,0.3,"MC-PLSc",7424,3405548,1000,"ordinal","skewed","normal","Extreme","2",1,TRUE,14.9090000000433
"2028","X~~Z",0.158543624007926,0.0677140604335175,0.2,"MC-PLSc",7424,3405548,1000,"ordinal","skewed","normal","Extreme","2",1,TRUE,14.9090000000433
"2029","X=~x1",0.266279182312805,0.0709286690030705,0.4,"PLSc",7424,3405548,1000,"ordinal","skewed","normal","Extreme","2",1,TRUE,1.41700000001583
"2030","X=~x2",0.672896133495274,0.0578949014486706,0.8,"PLSc",7424,3405548,1000,"ordinal","skewed","normal","Extreme","2",1,TRUE,1.41700000001583
"2031","X=~x3",0.720599273674007,0.056205478238848,0.8,"PLSc",7424,3405548,1000,"ordinal","skewed","normal","Extreme","2",1,TRUE,1.41700000001583
"2032","Z=~z1",0.542127412511149,0.0550408177827029,0.6,"PLSc",7424,3405548,1000,"ordinal","skewed","normal","Extreme","2",1,TRUE,1.41700000001583
"2033","Z=~z2",0.573853584029694,0.0503117461412868,0.6,"PLSc",7424,3405548,1000,"ordinal","skewed","normal","Extreme","2",1,TRUE,1.41700000001583
"2034","Z=~z3",0.752659960957769,0.0479310988931648,0.8,"PLSc",7424,3405548,1000,"ordinal","skewed","normal","Extreme","2",1,TRUE,1.41700000001583
"2035","Y=~y1",0.297470976961892,0.050441745613512,0.4,"PLSc",7424,3405548,1000,"ordinal","skewed","normal","Extreme","2",1,TRUE,1.41700000001583
"2036","Y=~y2",0.568471839450052,0.0438327792926559,0.7,"PLSc",7424,3405548,1000,"ordinal","skewed","normal","Extreme","2",1,TRUE,1.41700000001583
"2037","Y=~y3",0.798056838104812,0.0389757731592881,0.9,"PLSc",7424,3405548,1000,"ordinal","skewed","normal","Extreme","2",1,TRUE,1.41700000001583
"2038","Y~X",0.510328227444592,0.0725056955872228,0.4,"PLSc",7424,3405548,1000,"ordinal","skewed","normal","Extreme","2",1,TRUE,1.41700000001583
"2039","Y~Z",0.567253315717816,0.0611373952573674,0.5,"PLSc",7424,3405548,1000,"ordinal","skewed","normal","Extreme","2",1,TRUE,1.41700000001583
"2040","Y~X:Z",0.246450002782381,0.125824891911785,0.3,"PLSc",7424,3405548,1000,"ordinal","skewed","normal","Extreme","2",1,TRUE,1.41700000001583
"2041","X~~Z",0.11136012872691,0.0513680865237795,0.2,"PLSc",7424,3405548,1000,"ordinal","skewed","normal","Extreme","2",1,TRUE,1.41700000001583
"2042","X=~x1",0.417845641633348,0.0721207890943988,0.4,"PLS",7424,3405548,1000,"ordinal","skewed","normal","Extreme","2",1,TRUE,0.963999999978114
"2043","X=~x2",0.83104771444692,0.0272022039147649,0.8,"PLS",7424,3405548,1000,"ordinal","skewed","normal","Extreme","2",1,TRUE,0.963999999978114
"2044","X=~x3",0.8526991183741,0.0229751891707244,0.8,"PLS",7424,3405548,1000,"ordinal","skewed","normal","Extreme","2",1,TRUE,0.963999999978114
"2045","Z=~z1",0.704872270708138,0.0368836229816543,0.6,"PLS",7424,3405548,1000,"ordinal","skewed","normal","Extreme","2",1,TRUE,0.963999999978114
"2046","Z=~z2",0.738831848826569,0.031752792013931,0.6,"PLS",7424,3405548,1000,"ordinal","skewed","normal","Extreme","2",1,TRUE,0.963999999978114
"2047","Z=~z3",0.849458080446188,0.018081470287498,0.8,"PLS",7424,3405548,1000,"ordinal","skewed","normal","Extreme","2",1,TRUE,0.963999999978114
"2048","Y=~y1",0.437675297342746,0.0614388470256944,0.4,"PLS",7424,3405548,1000,"ordinal","skewed","normal","Extreme","2",1,TRUE,0.963999999978114
"2049","Y=~y2",0.770424923906896,0.0298704771800386,0.7,"PLS",7424,3405548,1000,"ordinal","skewed","normal","Extreme","2",1,TRUE,0.963999999978114
"2050","Y=~y3",0.887893449886478,0.012570348797199,0.9,"PLS",7424,3405548,1000,"ordinal","skewed","normal","Extreme","2",1,TRUE,0.963999999978114
"2051","Y~X",0.358871607876488,0.0410403367296782,0.4,"PLS",7424,3405548,1000,"ordinal","skewed","normal","Extreme","2",1,TRUE,0.963999999978114
"2052","Y~Z",0.414548858544383,0.0363068100698215,0.5,"PLS",7424,3405548,1000,"ordinal","skewed","normal","Extreme","2",1,TRUE,0.963999999978114
"2053","Y~X:Z",0.181011973353937,0.0323665901049127,0.3,"PLS",7424,3405548,1000,"ordinal","skewed","normal","Extreme","2",1,TRUE,0.963999999978114
"2054","X~~Z",0.0743961193934122,0.0345722915682318,0.2,"PLS",7424,3405548,1000,"ordinal","skewed","normal","Extreme","2",1,TRUE,0.963999999978114
"2055","X=~x1",0.395,0.074,0.4,"Mplus",7424,3405548,1000,"ordinal","skewed","normal","Extreme","2",1,TRUE,144.150000000023
"2056","X=~x2",0.877,0.044,0.8,"Mplus",7424,3405548,1000,"ordinal","skewed","normal","Extreme","2",1,TRUE,144.150000000023
"2057","X=~x3",0.858,0.042,0.8,"Mplus",7424,3405548,1000,"ordinal","skewed","normal","Extreme","2",1,TRUE,144.150000000023
"2058","Z=~z1",0.684,0.052,0.6,"Mplus",7424,3405548,1000,"ordinal","skewed","normal","Extreme","2",1,TRUE,144.150000000023
"2059","Z=~z2",0.73,0.043,0.6,"Mplus",7424,3405548,1000,"ordinal","skewed","normal","Extreme","2",1,TRUE,144.150000000023
"2060","Z=~z3",0.937,0.035,0.8,"Mplus",7424,3405548,1000,"ordinal","skewed","normal","Extreme","2",1,TRUE,144.150000000023
"2061","Y=~y1",0.374,0.054,0.4,"Mplus",7424,3405548,1000,"ordinal","skewed","normal","Extreme","2",1,TRUE,144.150000000023
"2062","Y=~y2",0.682,0.061,0.7,"Mplus",7424,3405548,1000,"ordinal","skewed","normal","Extreme","2",1,TRUE,144.150000000023
"2063","Y=~y3",0.964,0.056,0.9,"Mplus",7424,3405548,1000,"ordinal","skewed","normal","Extreme","2",1,TRUE,144.150000000023
"2064","Y~X",0.572,0.086,0.4,"Mplus",7424,3405548,1000,"ordinal","skewed","normal","Extreme","2",1,TRUE,144.150000000023
"2065","Y~Z",0.64,0.079,0.5,"Mplus",7424,3405548,1000,"ordinal","skewed","normal","Extreme","2",1,TRUE,144.150000000023
"2066","Y~X:Z",0.221,0.207,0.3,"Mplus",7424,3405548,1000,"ordinal","skewed","normal","Extreme","2",1,TRUE,144.150000000023
"2067","X~~Z",0.175,0.075,0.2,"Mplus",7424,3405548,1000,"ordinal","skewed","normal","Extreme","2",1,TRUE,144.150000000023
"2068","X=~x1",0.311480263704073,0.0391097657601603,0.4,"LSAM",7424,3405548,1000,"ordinal","skewed","normal","Extreme","2",1,TRUE,0.619999999995343
"2069","X=~x2",0.671622611247076,0.0841943362424339,0.8,"LSAM",7424,3405548,1000,"ordinal","skewed","normal","Extreme","2",1,TRUE,0.619999999995343
"2070","X=~x3",0.705465155265347,0.086179891919357,0.8,"LSAM",7424,3405548,1000,"ordinal","skewed","normal","Extreme","2",1,TRUE,0.619999999995343
"2071","Z=~z1",0.521998965875546,0.0957607583094027,0.6,"LSAM",7424,3405548,1000,"ordinal","skewed","normal","Extreme","2",1,TRUE,0.619999999995343
"2072","Z=~z2",0.567539561182624,0.103989684793187,0.6,"LSAM",7424,3405548,1000,"ordinal","skewed","normal","Extreme","2",1,TRUE,0.619999999995343
"2073","Z=~z3",0.780715945572555,0.0913143705392563,0.8,"LSAM",7424,3405548,1000,"ordinal","skewed","normal","Extreme","2",1,TRUE,0.619999999995343
"2074","Y=~y1",0.30994294693682,0.0174444072487141,0.4,"LSAM",7424,3405548,1000,"ordinal","skewed","normal","Extreme","2",1,TRUE,0.619999999995343
"2075","Y=~y2",0.554006060696113,0.0586493696064195,0.7,"LSAM",7424,3405548,1000,"ordinal","skewed","normal","Extreme","2",1,TRUE,0.619999999995343
"2076","Y=~y3",0.839501435735384,0.0872386909651371,0.9,"LSAM",7424,3405548,1000,"ordinal","skewed","normal","Extreme","2",1,TRUE,0.619999999995343
"2077","Y~X",0.468320787691958,0.116247189630305,0.4,"LSAM",7424,3405548,1000,"ordinal","skewed","normal","Extreme","2",1,TRUE,0.619999999995343
"2078","Y~Z",0.544996148395344,0.114831124644263,0.5,"LSAM",7424,3405548,1000,"ordinal","skewed","normal","Extreme","2",1,TRUE,0.619999999995343
"2079","Y~X:Z",0.242490618455884,0.0883069085311985,0.3,"LSAM",7424,3405548,1000,"ordinal","skewed","normal","Extreme","2",1,TRUE,0.619999999995343
"2080","X~~Z",0.114554970737681,0.0750348072449756,0.2,"LSAM",7424,3405548,1000,"ordinal","skewed","normal","Extreme","2",1,TRUE,0.619999999995343
"2081","X=~x1",0.537855082505557,0.0834984068156443,0.4,"MC-PLSc",7425,2117757,300,"ordinal","skewed","normal","Extreme","3",1,TRUE,14.5750000000116
"2082","X=~x2",0.889608688131561,0.0592149007674541,0.8,"MC-PLSc",7425,2117757,300,"ordinal","skewed","normal","Extreme","3",1,TRUE,14.5750000000116
"2083","X=~x3",0.912105340686438,0.0452397351162253,0.8,"MC-PLSc",7425,2117757,300,"ordinal","skewed","normal","Extreme","3",1,TRUE,14.5750000000116
"2084","Z=~z1",0.566418969462576,0.0822309766059164,0.6,"MC-PLSc",7425,2117757,300,"ordinal","skewed","normal","Extreme","3",1,TRUE,14.5750000000116
"2085","Z=~z2",0.732088154327521,0.102047435582829,0.6,"MC-PLSc",7425,2117757,300,"ordinal","skewed","normal","Extreme","3",1,TRUE,14.5750000000116
"2086","Z=~z3",0.861194150687464,0.0979348327281749,0.8,"MC-PLSc",7425,2117757,300,"ordinal","skewed","normal","Extreme","3",1,TRUE,14.5750000000116
"2087","Y=~y1",0.315931080619864,0.0840245853837505,0.4,"MC-PLSc",7425,2117757,300,"ordinal","skewed","normal","Extreme","3",1,TRUE,14.5750000000116
"2088","Y=~y2",0.629116874775978,0.0801865753928625,0.7,"MC-PLSc",7425,2117757,300,"ordinal","skewed","normal","Extreme","3",1,TRUE,14.5750000000116
"2089","Y=~y3",0.890888460260608,0.0644493452993234,0.9,"MC-PLSc",7425,2117757,300,"ordinal","skewed","normal","Extreme","3",1,TRUE,14.5750000000116
"2090","Y~X",0.680394054651065,0.126172696295813,0.4,"MC-PLSc",7425,2117757,300,"ordinal","skewed","normal","Extreme","3",1,TRUE,14.5750000000116
"2091","Y~Z",0.275615369102005,0.117531004276987,0.5,"MC-PLSc",7425,2117757,300,"ordinal","skewed","normal","Extreme","3",1,TRUE,14.5750000000116
"2092","Y~X:Z",0.475484677638338,0.19741600398447,0.3,"MC-PLSc",7425,2117757,300,"ordinal","skewed","normal","Extreme","3",1,TRUE,14.5750000000116
"2093","X~~Z",0.153828718451896,0.100918125251805,0.2,"MC-PLSc",7425,2117757,300,"ordinal","skewed","normal","Extreme","3",1,TRUE,14.5750000000116
"2094","X=~x1",0.397388674262177,0.0958465315633643,0.4,"PLSc",7425,2117757,300,"ordinal","skewed","normal","Extreme","3",1,TRUE,1.26799999998184
"2095","X=~x2",0.774684234817317,0.0727096395698729,0.8,"PLSc",7425,2117757,300,"ordinal","skewed","normal","Extreme","3",1,TRUE,1.26799999998184
"2096","X=~x3",0.811810315289485,0.0693165437626422,0.8,"PLSc",7425,2117757,300,"ordinal","skewed","normal","Extreme","3",1,TRUE,1.26799999998184
"2097","Z=~z1",0.398727295793504,0.127566149322753,0.6,"PLSc",7425,2117757,300,"ordinal","skewed","normal","Extreme","3",1,TRUE,1.26799999998184
"2098","Z=~z2",0.655030250244105,0.108168450847867,0.6,"PLSc",7425,2117757,300,"ordinal","skewed","normal","Extreme","3",1,TRUE,1.26799999998184
"2099","Z=~z3",0.758647951184824,0.107001847200877,0.8,"PLSc",7425,2117757,300,"ordinal","skewed","normal","Extreme","3",1,TRUE,1.26799999998184
"2100","Y=~y1",0.250053849916025,0.0849847136294213,0.4,"PLSc",7425,2117757,300,"ordinal","skewed","normal","Extreme","3",1,TRUE,1.26799999998184
"2101","Y=~y2",0.560368418474111,0.0727413181149908,0.7,"PLSc",7425,2117757,300,"ordinal","skewed","normal","Extreme","3",1,TRUE,1.26799999998184
"2102","Y=~y3",0.82805621823784,0.0614159252530937,0.9,"PLSc",7425,2117757,300,"ordinal","skewed","normal","Extreme","3",1,TRUE,1.26799999998184
"2103","Y~X",0.595560595900132,0.249483327791823,0.4,"PLSc",7425,2117757,300,"ordinal","skewed","normal","Extreme","3",1,TRUE,1.26799999998184
"2104","Y~Z",0.353973428447694,0.256633366557838,0.5,"PLSc",7425,2117757,300,"ordinal","skewed","normal","Extreme","3",1,TRUE,1.26799999998184
"2105","Y~X:Z",0.299347204539754,0.886534031292203,0.3,"PLSc",7425,2117757,300,"ordinal","skewed","normal","Extreme","3",1,TRUE,1.26799999998184
"2106","X~~Z",0.120279608397227,0.0828493888785735,0.2,"PLSc",7425,2117757,300,"ordinal","skewed","normal","Extreme","3",1,TRUE,1.26799999998184
"2107","X=~x1",0.576423115161866,0.0748165493390398,0.4,"PLS",7425,2117757,300,"ordinal","skewed","normal","Extreme","3",1,TRUE,0.921000000031199
"2108","X=~x2",0.867285173594789,0.0284183130388343,0.8,"PLS",7425,2117757,300,"ordinal","skewed","normal","Extreme","3",1,TRUE,0.921000000031199
"2109","X=~x3",0.878670369165523,0.0214989276188471,0.8,"PLS",7425,2117757,300,"ordinal","skewed","normal","Extreme","3",1,TRUE,0.921000000031199
"2110","Z=~z1",0.637350632940893,0.0836228250488348,0.6,"PLS",7425,2117757,300,"ordinal","skewed","normal","Extreme","3",1,TRUE,0.921000000031199
"2111","Z=~z2",0.777109498222228,0.0602268993440706,0.6,"PLS",7425,2117757,300,"ordinal","skewed","normal","Extreme","3",1,TRUE,0.921000000031199
"2112","Z=~z3",0.847390491766253,0.0403121077270333,0.8,"PLS",7425,2117757,300,"ordinal","skewed","normal","Extreme","3",1,TRUE,0.921000000031199
"2113","Y=~y1",0.40583719019855,0.101747346427724,0.4,"PLS",7425,2117757,300,"ordinal","skewed","normal","Extreme","3",1,TRUE,0.921000000031199
"2114","Y=~y2",0.769136480000591,0.051629448676626,0.7,"PLS",7425,2117757,300,"ordinal","skewed","normal","Extreme","3",1,TRUE,0.921000000031199
"2115","Y=~y3",0.893016885482994,0.0194226514811502,0.9,"PLS",7425,2117757,300,"ordinal","skewed","normal","Extreme","3",1,TRUE,0.921000000031199
"2116","Y~X",0.461172040765152,0.0707837229168571,0.4,"PLS",7425,2117757,300,"ordinal","skewed","normal","Extreme","3",1,TRUE,0.921000000031199
"2117","Y~Z",0.266151558283698,0.0538981523057087,0.5,"PLS",7425,2117757,300,"ordinal","skewed","normal","Extreme","3",1,TRUE,0.921000000031199
"2118","Y~X:Z",0.215109550168058,0.0531075785768064,0.3,"PLS",7425,2117757,300,"ordinal","skewed","normal","Extreme","3",1,TRUE,0.921000000031199
"2119","X~~Z",0.0873827226364859,0.0611437020710297,0.2,"PLS",7425,2117757,300,"ordinal","skewed","normal","Extreme","3",1,TRUE,0.921000000031199
"2120","X=~x1",0.494,0.083,0.4,"Mplus",7425,2117757,300,"ordinal","skewed","normal","Extreme","3",1,TRUE,141.662000000011
"2121","X=~x2",0.857,0.055,0.8,"Mplus",7425,2117757,300,"ordinal","skewed","normal","Extreme","3",1,TRUE,141.662000000011
"2122","X=~x3",0.922,0.054,0.8,"Mplus",7425,2117757,300,"ordinal","skewed","normal","Extreme","3",1,TRUE,141.662000000011
"2123","Z=~z1",0.582,0.08,0.6,"Mplus",7425,2117757,300,"ordinal","skewed","normal","Extreme","3",1,TRUE,141.662000000011
"2124","Z=~z2",0.704,0.078,0.6,"Mplus",7425,2117757,300,"ordinal","skewed","normal","Extreme","3",1,TRUE,141.662000000011
"2125","Z=~z3",0.778,0.074,0.8,"Mplus",7425,2117757,300,"ordinal","skewed","normal","Extreme","3",1,TRUE,141.662000000011
"2126","Y=~y1",0.295,0.078,0.4,"Mplus",7425,2117757,300,"ordinal","skewed","normal","Extreme","3",1,TRUE,141.662000000011
"2127","Y=~y2",0.598,0.076,0.7,"Mplus",7425,2117757,300,"ordinal","skewed","normal","Extreme","3",1,TRUE,141.662000000011
"2128","Y=~y3",0.879,0.064,0.9,"Mplus",7425,2117757,300,"ordinal","skewed","normal","Extreme","3",1,TRUE,141.662000000011
"2129","Y~X",0.574,0.123,0.4,"Mplus",7425,2117757,300,"ordinal","skewed","normal","Extreme","3",1,TRUE,141.662000000011
"2130","Y~Z",0.301,0.136,0.5,"Mplus",7425,2117757,300,"ordinal","skewed","normal","Extreme","3",1,TRUE,141.662000000011
"2131","Y~X:Z",0.572,0.188,0.3,"Mplus",7425,2117757,300,"ordinal","skewed","normal","Extreme","3",1,TRUE,141.662000000011
"2132","X~~Z",0.217,0.098,0.2,"Mplus",7425,2117757,300,"ordinal","skewed","normal","Extreme","3",1,TRUE,141.662000000011
"2133","X=~x1",0.430676090124487,0.0574975604188592,0.4,"LSAM",7425,2117757,300,"ordinal","skewed","normal","Extreme","3",1,TRUE,0.518999999971129
"2134","X=~x2",0.76876631658891,0.0883076318079821,0.8,"LSAM",7425,2117757,300,"ordinal","skewed","normal","Extreme","3",1,TRUE,0.518999999971129
"2135","X=~x3",0.791164209192928,0.0878802401842037,0.8,"LSAM",7425,2117757,300,"ordinal","skewed","normal","Extreme","3",1,TRUE,0.518999999971129
"2136","Z=~z1",0.532700494482878,0.0651658922141501,0.6,"LSAM",7425,2117757,300,"ordinal","skewed","normal","Extreme","3",1,TRUE,0.518999999971129
"2137","Z=~z2",0.562882605052229,0.0969381018406885,0.6,"LSAM",7425,2117757,300,"ordinal","skewed","normal","Extreme","3",1,TRUE,0.518999999971129
"2138","Z=~z3",0.744800123599313,0.107285481050398,0.8,"LSAM",7425,2117757,300,"ordinal","skewed","normal","Extreme","3",1,TRUE,0.518999999971129
"2139","Y=~y1",0.311077837103176,0.0311551921777033,0.4,"LSAM",7425,2117757,300,"ordinal","skewed","normal","Extreme","3",1,TRUE,0.518999999971129
"2140","Y=~y2",0.603183481219714,0.121296625059406,0.7,"LSAM",7425,2117757,300,"ordinal","skewed","normal","Extreme","3",1,TRUE,0.518999999971129
"2141","Y=~y3",0.74637885521514,0.150779926033322,0.9,"LSAM",7425,2117757,300,"ordinal","skewed","normal","Extreme","3",1,TRUE,0.518999999971129
"2142","Y~X",0.630343864387997,0.114199098987586,0.4,"LSAM",7425,2117757,300,"ordinal","skewed","normal","Extreme","3",1,TRUE,0.518999999971129
"2143","Y~Z",0.362142849333997,0.116496624759143,0.5,"LSAM",7425,2117757,300,"ordinal","skewed","normal","Extreme","3",1,TRUE,0.518999999971129
"2144","Y~X:Z",0.303793817340614,0.146538941635633,0.3,"LSAM",7425,2117757,300,"ordinal","skewed","normal","Extreme","3",1,TRUE,0.518999999971129
"2145","X~~Z",0.1170098613327,0.10161327225388,0.2,"LSAM",7425,2117757,300,"ordinal","skewed","normal","Extreme","3",1,TRUE,0.518999999971129
"2146","X=~x1",0.419928417663618,0.0517799251703349,0.4,"MC-PLSc",7426,4740159,1000,"ordinal","skewed","normal","Extreme","3",1,TRUE,15.3979999999865
"2147","X=~x2",0.874029738912327,0.0313266100216386,0.8,"MC-PLSc",7426,4740159,1000,"ordinal","skewed","normal","Extreme","3",1,TRUE,15.3979999999865
"2148","X=~x3",0.927940282514597,0.0284206948936979,0.8,"MC-PLSc",7426,4740159,1000,"ordinal","skewed","normal","Extreme","3",1,TRUE,15.3979999999865
"2149","Z=~z1",0.712338615319509,0.0347227303994614,0.6,"MC-PLSc",7426,4740159,1000,"ordinal","skewed","normal","Extreme","3",1,TRUE,15.3979999999865
"2150","Z=~z2",0.734733907832788,0.0361130341938211,0.6,"MC-PLSc",7426,4740159,1000,"ordinal","skewed","normal","Extreme","3",1,TRUE,15.3979999999865
"2151","Z=~z3",0.890381461545278,0.0342456298347349,0.8,"MC-PLSc",7426,4740159,1000,"ordinal","skewed","normal","Extreme","3",1,TRUE,15.3979999999865
"2152","Y=~y1",0.427969437126958,0.0451808919213871,0.4,"MC-PLSc",7426,4740159,1000,"ordinal","skewed","normal","Extreme","3",1,TRUE,15.3979999999865
"2153","Y=~y2",0.651946387205195,0.0365528611150673,0.7,"MC-PLSc",7426,4740159,1000,"ordinal","skewed","normal","Extreme","3",1,TRUE,15.3979999999865
"2154","Y=~y3",0.875531851062727,0.0382160319950229,0.9,"MC-PLSc",7426,4740159,1000,"ordinal","skewed","normal","Extreme","3",1,TRUE,15.3979999999865
"2155","Y~X",0.508821441391898,0.0638223920831326,0.4,"MC-PLSc",7426,4740159,1000,"ordinal","skewed","normal","Extreme","3",1,TRUE,15.3979999999865
"2156","Y~Z",0.518182462674046,0.0593622374233344,0.5,"MC-PLSc",7426,4740159,1000,"ordinal","skewed","normal","Extreme","3",1,TRUE,15.3979999999865
"2157","Y~X:Z",0.254617761424942,0.118203357551381,0.3,"MC-PLSc",7426,4740159,1000,"ordinal","skewed","normal","Extreme","3",1,TRUE,15.3979999999865
"2158","X~~Z",0.20453653056725,0.0586868256399439,0.2,"MC-PLSc",7426,4740159,1000,"ordinal","skewed","normal","Extreme","3",1,TRUE,15.3979999999865
"2159","X=~x1",0.30297306638572,0.0610047922907842,0.4,"PLSc",7426,4740159,1000,"ordinal","skewed","normal","Extreme","3",1,TRUE,1.375
"2160","X=~x2",0.792207353619939,0.0395760556671985,0.8,"PLSc",7426,4740159,1000,"ordinal","skewed","normal","Extreme","3",1,TRUE,1.375
"2161","X=~x3",0.81323136938719,0.0409969414923249,0.8,"PLSc",7426,4740159,1000,"ordinal","skewed","normal","Extreme","3",1,TRUE,1.375
"2162","Z=~z1",0.59914915674259,0.0538041651328164,0.6,"PLSc",7426,4740159,1000,"ordinal","skewed","normal","Extreme","3",1,TRUE,1.375
"2163","Z=~z2",0.643948237902354,0.0484941103164471,0.6,"PLSc",7426,4740159,1000,"ordinal","skewed","normal","Extreme","3",1,TRUE,1.375
"2164","Z=~z3",0.738235798052476,0.0409735406556149,0.8,"PLSc",7426,4740159,1000,"ordinal","skewed","normal","Extreme","3",1,TRUE,1.375
"2165","Y=~y1",0.373415956745745,0.0462220005871165,0.4,"PLSc",7426,4740159,1000,"ordinal","skewed","normal","Extreme","3",1,TRUE,1.375
"2166","Y=~y2",0.543477119344491,0.040784679502026,0.7,"PLSc",7426,4740159,1000,"ordinal","skewed","normal","Extreme","3",1,TRUE,1.375
"2167","Y=~y3",0.805899717457708,0.0351130500187165,0.9,"PLSc",7426,4740159,1000,"ordinal","skewed","normal","Extreme","3",1,TRUE,1.375
"2168","Y~X",0.457862551585472,0.0477081296520144,0.4,"PLSc",7426,4740159,1000,"ordinal","skewed","normal","Extreme","3",1,TRUE,1.375
"2169","Y~Z",0.493788180041566,0.0491815563791298,0.5,"PLSc",7426,4740159,1000,"ordinal","skewed","normal","Extreme","3",1,TRUE,1.375
"2170","Y~X:Z",0.167291222009026,0.054754048377624,0.3,"PLSc",7426,4740159,1000,"ordinal","skewed","normal","Extreme","3",1,TRUE,1.375
"2171","X~~Z",0.162504808081963,0.0491263419327937,0.2,"PLSc",7426,4740159,1000,"ordinal","skewed","normal","Extreme","3",1,TRUE,1.375
"2172","X=~x1",0.470038248543403,0.0533431234014062,0.4,"PLS",7426,4740159,1000,"ordinal","skewed","normal","Extreme","3",1,TRUE,0.964000000036322
"2173","X=~x2",0.878226596753387,0.0139506773841838,0.8,"PLS",7426,4740159,1000,"ordinal","skewed","normal","Extreme","3",1,TRUE,0.964000000036322
"2174","X=~x3",0.893095248752093,0.0119242577505778,0.8,"PLS",7426,4740159,1000,"ordinal","skewed","normal","Extreme","3",1,TRUE,0.964000000036322
"2175","Z=~z1",0.751919301592081,0.0303116800769335,0.6,"PLS",7426,4740159,1000,"ordinal","skewed","normal","Extreme","3",1,TRUE,0.964000000036322
"2176","Z=~z2",0.760763678841996,0.0269273985644285,0.6,"PLS",7426,4740159,1000,"ordinal","skewed","normal","Extreme","3",1,TRUE,0.964000000036322
"2177","Z=~z3",0.850560215849333,0.0147684639899112,0.8,"PLS",7426,4740159,1000,"ordinal","skewed","normal","Extreme","3",1,TRUE,0.964000000036322
"2178","Y=~y1",0.529195498340152,0.0484584085125664,0.4,"PLS",7426,4740159,1000,"ordinal","skewed","normal","Extreme","3",1,TRUE,0.964000000036322
"2179","Y=~y2",0.762267348382272,0.0266189188440696,0.7,"PLS",7426,4740159,1000,"ordinal","skewed","normal","Extreme","3",1,TRUE,0.964000000036322
"2180","Y=~y3",0.873506744706897,0.0124472087830613,0.9,"PLS",7426,4740159,1000,"ordinal","skewed","normal","Extreme","3",1,TRUE,0.964000000036322
"2181","Y~X",0.35465582842537,0.0312158783510707,0.4,"PLS",7426,4740159,1000,"ordinal","skewed","normal","Extreme","3",1,TRUE,0.964000000036322
"2182","Y~Z",0.357645660086335,0.0324703924397335,0.5,"PLS",7426,4740159,1000,"ordinal","skewed","normal","Extreme","3",1,TRUE,0.964000000036322
"2183","Y~X:Z",0.148692734638786,0.0312422933446223,0.3,"PLS",7426,4740159,1000,"ordinal","skewed","normal","Extreme","3",1,TRUE,0.964000000036322
"2184","X~~Z",0.120589291921597,0.0367443893030884,0.2,"PLS",7426,4740159,1000,"ordinal","skewed","normal","Extreme","3",1,TRUE,0.964000000036322
"2185","X=~x1",0.394,0.046,0.4,"Mplus",7426,4740159,1000,"ordinal","skewed","normal","Extreme","3",1,TRUE,347.949000000022
"2186","X=~x2",0.839,0.033,0.8,"Mplus",7426,4740159,1000,"ordinal","skewed","normal","Extreme","3",1,TRUE,347.949000000022
"2187","X=~x3",0.908,0.032,0.8,"Mplus",7426,4740159,1000,"ordinal","skewed","normal","Extreme","3",1,TRUE,347.949000000022
"2188","Z=~z1",0.665,0.039,0.6,"Mplus",7426,4740159,1000,"ordinal","skewed","normal","Extreme","3",1,TRUE,347.949000000022
"2189","Z=~z2",0.677,0.039,0.6,"Mplus",7426,4740159,1000,"ordinal","skewed","normal","Extreme","3",1,TRUE,347.949000000022
"2190","Z=~z3",0.883,0.031,0.8,"Mplus",7426,4740159,1000,"ordinal","skewed","normal","Extreme","3",1,TRUE,347.949000000022
"2191","Y=~y1",0.386,0.042,0.4,"Mplus",7426,4740159,1000,"ordinal","skewed","normal","Extreme","3",1,TRUE,347.949000000022
"2192","Y=~y2",0.634,0.037,0.7,"Mplus",7426,4740159,1000,"ordinal","skewed","normal","Extreme","3",1,TRUE,347.949000000022
"2193","Y=~y3",0.877,0.038,0.9,"Mplus",7426,4740159,1000,"ordinal","skewed","normal","Extreme","3",1,TRUE,347.949000000022
"2194","Y~X",0.465,0.065,0.4,"Mplus",7426,4740159,1000,"ordinal","skewed","normal","Extreme","3",1,TRUE,347.949000000022
"2195","Y~Z",0.482,0.065,0.5,"Mplus",7426,4740159,1000,"ordinal","skewed","normal","Extreme","3",1,TRUE,347.949000000022
"2196","Y~X:Z",0.296,0.123,0.3,"Mplus",7426,4740159,1000,"ordinal","skewed","normal","Extreme","3",1,TRUE,347.949000000022
"2197","X~~Z",0.243,0.056,0.2,"Mplus",7426,4740159,1000,"ordinal","skewed","normal","Extreme","3",1,TRUE,347.949000000022
"2198","X=~x1",0.338846004217068,0.0354145867628949,0.4,"LSAM",7426,4740159,1000,"ordinal","skewed","normal","Extreme","3",1,TRUE,0.478999999992084
"2199","X=~x2",0.718981307767268,0.0613770603983039,0.8,"LSAM",7426,4740159,1000,"ordinal","skewed","normal","Extreme","3",1,TRUE,0.478999999992084
"2200","X=~x3",0.86867658072289,0.0588472369689652,0.8,"LSAM",7426,4740159,1000,"ordinal","skewed","normal","Extreme","3",1,TRUE,0.478999999992084
"2201","Z=~z1",0.595153556253256,0.0250438499539876,0.6,"LSAM",7426,4740159,1000,"ordinal","skewed","normal","Extreme","3",1,TRUE,0.478999999992084
"2202","Z=~z2",0.569253667144122,0.0399765000278769,0.6,"LSAM",7426,4740159,1000,"ordinal","skewed","normal","Extreme","3",1,TRUE,0.478999999992084
"2203","Z=~z3",0.823769141493144,0.0437666617115856,0.8,"LSAM",7426,4740159,1000,"ordinal","skewed","normal","Extreme","3",1,TRUE,0.478999999992084
"2204","Y=~y1",0.349215147708336,0.0178465066345393,0.4,"LSAM",7426,4740159,1000,"ordinal","skewed","normal","Extreme","3",1,TRUE,0.478999999992084
"2205","Y=~y2",0.659740106959039,0.0644489897797588,0.7,"LSAM",7426,4740159,1000,"ordinal","skewed","normal","Extreme","3",1,TRUE,0.478999999992084
"2206","Y=~y3",0.702514252329363,0.0683372009417337,0.9,"LSAM",7426,4740159,1000,"ordinal","skewed","normal","Extreme","3",1,TRUE,0.478999999992084
"2207","Y~X",0.458935524285867,0.0482004728911185,0.4,"LSAM",7426,4740159,1000,"ordinal","skewed","normal","Extreme","3",1,TRUE,0.478999999992084
"2208","Y~Z",0.47137061556991,0.0530918529228038,0.5,"LSAM",7426,4740159,1000,"ordinal","skewed","normal","Extreme","3",1,TRUE,0.478999999992084
"2209","Y~X:Z",0.166210874485806,0.0525132225715495,0.3,"LSAM",7426,4740159,1000,"ordinal","skewed","normal","Extreme","3",1,TRUE,0.478999999992084
"2210","X~~Z",0.159629214569347,0.0454379501928096,0.2,"LSAM",7426,4740159,1000,"ordinal","skewed","normal","Extreme","3",1,TRUE,0.478999999992084
"2211","X=~x1",0.29362760094847,0.103792525142779,0.4,"MC-PLSc",7427,2027348,300,"ordinal","skewed","normal","Extreme","5",1,TRUE,16.9039999999804
"2212","X=~x2",0.913656886411434,0.0810469510737222,0.8,"MC-PLSc",7427,2027348,300,"ordinal","skewed","normal","Extreme","5",1,TRUE,16.9039999999804
"2213","X=~x3",0.773537898790973,0.0725497234963551,0.8,"MC-PLSc",7427,2027348,300,"ordinal","skewed","normal","Extreme","5",1,TRUE,16.9039999999804
"2214","Z=~z1",0.688261398328835,0.0696200028664268,0.6,"MC-PLSc",7427,2027348,300,"ordinal","skewed","normal","Extreme","5",1,TRUE,16.9039999999804
"2215","Z=~z2",0.671228849665772,0.0763754329092322,0.6,"MC-PLSc",7427,2027348,300,"ordinal","skewed","normal","Extreme","5",1,TRUE,16.9039999999804
"2216","Z=~z3",0.767364541686381,0.0660158331901836,0.8,"MC-PLSc",7427,2027348,300,"ordinal","skewed","normal","Extreme","5",1,TRUE,16.9039999999804
"2217","Y=~y1",0.309125849294662,0.0753462101328582,0.4,"MC-PLSc",7427,2027348,300,"ordinal","skewed","normal","Extreme","5",1,TRUE,16.9039999999804
"2218","Y=~y2",0.73640471323785,0.059464900706583,0.7,"MC-PLSc",7427,2027348,300,"ordinal","skewed","normal","Extreme","5",1,TRUE,16.9039999999804
"2219","Y=~y3",0.865025853706338,0.0553150968508642,0.9,"MC-PLSc",7427,2027348,300,"ordinal","skewed","normal","Extreme","5",1,TRUE,16.9039999999804
"2220","Y~X",0.436861492952695,0.0896236981768896,0.4,"MC-PLSc",7427,2027348,300,"ordinal","skewed","normal","Extreme","5",1,TRUE,16.9039999999804
"2221","Y~Z",0.521617713938257,0.0916128808839167,0.5,"MC-PLSc",7427,2027348,300,"ordinal","skewed","normal","Extreme","5",1,TRUE,16.9039999999804
"2222","Y~X:Z",0.151757642064686,0.152722170392327,0.3,"MC-PLSc",7427,2027348,300,"ordinal","skewed","normal","Extreme","5",1,TRUE,16.9039999999804
"2223","X~~Z",0.101669118539113,0.0845012126771757,0.2,"MC-PLSc",7427,2027348,300,"ordinal","skewed","normal","Extreme","5",1,TRUE,16.9039999999804
"2224","X=~x1",0.245759904137098,0.141795289509121,0.4,"PLSc",7427,2027348,300,"ordinal","skewed","normal","Extreme","5",1,TRUE,1.27700000000186
"2225","X=~x2",0.873612865516473,0.0886175966138854,0.8,"PLSc",7427,2027348,300,"ordinal","skewed","normal","Extreme","5",1,TRUE,1.27700000000186
"2226","X=~x3",0.689390112545693,0.0736551686502302,0.8,"PLSc",7427,2027348,300,"ordinal","skewed","normal","Extreme","5",1,TRUE,1.27700000000186
"2227","Z=~z1",0.614030106422412,0.0854059210560671,0.6,"PLSc",7427,2027348,300,"ordinal","skewed","normal","Extreme","5",1,TRUE,1.27700000000186
"2228","Z=~z2",0.638122834369379,0.0869141866817816,0.6,"PLSc",7427,2027348,300,"ordinal","skewed","normal","Extreme","5",1,TRUE,1.27700000000186
"2229","Z=~z3",0.670274841091846,0.0943242321090173,0.8,"PLSc",7427,2027348,300,"ordinal","skewed","normal","Extreme","5",1,TRUE,1.27700000000186
"2230","Y=~y1",0.302423107101609,0.0955083528157858,0.4,"PLSc",7427,2027348,300,"ordinal","skewed","normal","Extreme","5",1,TRUE,1.27700000000186
"2231","Y=~y2",0.673749642544931,0.0654649948419082,0.7,"PLSc",7427,2027348,300,"ordinal","skewed","normal","Extreme","5",1,TRUE,1.27700000000186
"2232","Y=~y3",0.810946729193403,0.0554511901711085,0.9,"PLSc",7427,2027348,300,"ordinal","skewed","normal","Extreme","5",1,TRUE,1.27700000000186
"2233","Y~X",0.413869375604981,0.116923066049861,0.4,"PLSc",7427,2027348,300,"ordinal","skewed","normal","Extreme","5",1,TRUE,1.27700000000186
"2234","Y~Z",0.507367841182764,0.184616581013003,0.5,"PLSc",7427,2027348,300,"ordinal","skewed","normal","Extreme","5",1,TRUE,1.27700000000186
"2235","Y~X:Z",0.150206008854299,0.575604834748551,0.3,"PLSc",7427,2027348,300,"ordinal","skewed","normal","Extreme","5",1,TRUE,1.27700000000186
"2236","X~~Z",0.0876389583960721,0.0767441726656824,0.2,"PLSc",7427,2027348,300,"ordinal","skewed","normal","Extreme","5",1,TRUE,1.27700000000186
"2237","X=~x1",0.385260781481887,0.127876142592033,0.4,"PLS",7427,2027348,300,"ordinal","skewed","normal","Extreme","5",1,TRUE,0.897999999986496
"2238","X=~x2",0.901080048485774,0.0240337462365806,0.8,"PLS",7427,2027348,300,"ordinal","skewed","normal","Extreme","5",1,TRUE,0.897999999986496
"2239","X=~x3",0.859506591494202,0.030204875564116,0.8,"PLS",7427,2027348,300,"ordinal","skewed","normal","Extreme","5",1,TRUE,0.897999999986496
"2240","Z=~z1",0.769665446426561,0.0419539053276245,0.6,"PLS",7427,2027348,300,"ordinal","skewed","normal","Extreme","5",1,TRUE,0.897999999986496
"2241","Z=~z2",0.756956886997637,0.0471870538304935,0.6,"PLS",7427,2027348,300,"ordinal","skewed","normal","Extreme","5",1,TRUE,0.897999999986496
"2242","Z=~z3",0.809782682043205,0.0397264827841925,0.8,"PLS",7427,2027348,300,"ordinal","skewed","normal","Extreme","5",1,TRUE,0.897999999986496
"2243","Y=~y1",0.410335950903112,0.096124706982194,0.4,"PLS",7427,2027348,300,"ordinal","skewed","normal","Extreme","5",1,TRUE,0.897999999986496
"2244","Y=~y2",0.844483087561944,0.0292172315099923,0.7,"PLS",7427,2027348,300,"ordinal","skewed","normal","Extreme","5",1,TRUE,0.897999999986496
"2245","Y=~y3",0.890754411737062,0.0179513247709255,0.9,"PLS",7427,2027348,300,"ordinal","skewed","normal","Extreme","5",1,TRUE,0.897999999986496
"2246","Y~X",0.324076632492634,0.0529160736423806,0.4,"PLS",7427,2027348,300,"ordinal","skewed","normal","Extreme","5",1,TRUE,0.897999999986496
"2247","Y~Z",0.363018750343396,0.0552357277119017,0.5,"PLS",7427,2027348,300,"ordinal","skewed","normal","Extreme","5",1,TRUE,0.897999999986496
"2248","Y~X:Z",0.107822081515817,0.0531637668353543,0.3,"PLS",7427,2027348,300,"ordinal","skewed","normal","Extreme","5",1,TRUE,0.897999999986496
"2249","X~~Z",0.0635549939690737,0.0560377244009453,0.2,"PLS",7427,2027348,300,"ordinal","skewed","normal","Extreme","5",1,TRUE,0.897999999986496
"2250","X=~x1",0.276,0.081,0.4,"Mplus",7427,2027348,300,"ordinal","skewed","normal","Extreme","5",1,TRUE,220.512999999977
"2251","X=~x2",0.834,0.066,0.8,"Mplus",7427,2027348,300,"ordinal","skewed","normal","Extreme","5",1,TRUE,220.512999999977
"2252","X=~x3",0.789,0.067,0.8,"Mplus",7427,2027348,300,"ordinal","skewed","normal","Extreme","5",1,TRUE,220.512999999977
"2253","Z=~z1",0.67,0.065,0.6,"Mplus",7427,2027348,300,"ordinal","skewed","normal","Extreme","5",1,TRUE,220.512999999977
"2254","Z=~z2",0.664,0.065,0.6,"Mplus",7427,2027348,300,"ordinal","skewed","normal","Extreme","5",1,TRUE,220.512999999977
"2255","Z=~z3",0.718,0.061,0.8,"Mplus",7427,2027348,300,"ordinal","skewed","normal","Extreme","5",1,TRUE,220.512999999977
"2256","Y=~y1",0.269,0.074,0.4,"Mplus",7427,2027348,300,"ordinal","skewed","normal","Extreme","5",1,TRUE,220.512999999977
"2257","Y=~y2",0.733,0.058,0.7,"Mplus",7427,2027348,300,"ordinal","skewed","normal","Extreme","5",1,TRUE,220.512999999977
"2258","Y=~y3",0.858,0.057,0.9,"Mplus",7427,2027348,300,"ordinal","skewed","normal","Extreme","5",1,TRUE,220.512999999977
"2259","Y~X",0.405,0.08,0.4,"Mplus",7427,2027348,300,"ordinal","skewed","normal","Extreme","5",1,TRUE,220.512999999977
"2260","Y~Z",0.479,0.081,0.5,"Mplus",7427,2027348,300,"ordinal","skewed","normal","Extreme","5",1,TRUE,220.512999999977
"2261","Y~X:Z",0.206,0.129,0.3,"Mplus",7427,2027348,300,"ordinal","skewed","normal","Extreme","5",1,TRUE,220.512999999977
"2262","X~~Z",0.144,0.101,0.2,"Mplus",7427,2027348,300,"ordinal","skewed","normal","Extreme","5",1,TRUE,220.512999999977
"2263","X=~x1",0.310280698304355,0.0655571054666989,0.4,"LSAM",7427,2027348,300,"ordinal","skewed","normal","Extreme","5",1,TRUE,0.413000000000466
"2264","X=~x2",0.690446280228276,0.126177374995523,0.8,"LSAM",7427,2027348,300,"ordinal","skewed","normal","Extreme","5",1,TRUE,0.413000000000466
"2265","X=~x3",0.857565358827448,0.126088616694543,0.8,"LSAM",7427,2027348,300,"ordinal","skewed","normal","Extreme","5",1,TRUE,0.413000000000466
"2266","Z=~z1",0.638320584136509,0.0548970482049779,0.6,"LSAM",7427,2027348,300,"ordinal","skewed","normal","Extreme","5",1,TRUE,0.413000000000466
"2267","Z=~z2",0.567058292732696,0.0841562635320998,0.6,"LSAM",7427,2027348,300,"ordinal","skewed","normal","Extreme","5",1,TRUE,0.413000000000466
"2268","Z=~z3",0.720493367790431,0.0900131854795915,0.8,"LSAM",7427,2027348,300,"ordinal","skewed","normal","Extreme","5",1,TRUE,0.413000000000466
"2269","Y=~y1",0.306859987734393,0.0254245452121413,0.4,"LSAM",7427,2027348,300,"ordinal","skewed","normal","Extreme","5",1,TRUE,0.413000000000466
"2270","Y=~y2",0.71927909242735,0.108150504068959,0.7,"LSAM",7427,2027348,300,"ordinal","skewed","normal","Extreme","5",1,TRUE,0.413000000000466
"2271","Y=~y3",0.79606639069622,0.117310256277834,0.9,"LSAM",7427,2027348,300,"ordinal","skewed","normal","Extreme","5",1,TRUE,0.413000000000466
"2272","Y~X",0.396627266745326,0.0764364220546293,0.4,"LSAM",7427,2027348,300,"ordinal","skewed","normal","Extreme","5",1,TRUE,0.413000000000466
"2273","Y~Z",0.50044157524436,0.0788385041537625,0.5,"LSAM",7427,2027348,300,"ordinal","skewed","normal","Extreme","5",1,TRUE,0.413000000000466
"2274","Y~X:Z",0.117696491563995,0.0837266852959185,0.3,"LSAM",7427,2027348,300,"ordinal","skewed","normal","Extreme","5",1,TRUE,0.413000000000466
"2275","X~~Z",0.0703142884722841,0.0804632146766182,0.2,"LSAM",7427,2027348,300,"ordinal","skewed","normal","Extreme","5",1,TRUE,0.413000000000466
"2276","X=~x1",0.443498896404235,0.0455030703420161,0.4,"MC-PLSc",7428,8430499,1000,"ordinal","skewed","normal","Extreme","5",1,TRUE,19.0629999999655
"2277","X=~x2",0.853005504176759,0.03028277105277,0.8,"MC-PLSc",7428,8430499,1000,"ordinal","skewed","normal","Extreme","5",1,TRUE,19.0629999999655
"2278","X=~x3",0.8140405387089,0.0322290920465383,0.8,"MC-PLSc",7428,8430499,1000,"ordinal","skewed","normal","Extreme","5",1,TRUE,19.0629999999655
"2279","Z=~z1",0.643193008254017,0.0343714024060406,0.6,"MC-PLSc",7428,8430499,1000,"ordinal","skewed","normal","Extreme","5",1,TRUE,19.0629999999655
"2280","Z=~z2",0.638561500591895,0.0352066147614863,0.6,"MC-PLSc",7428,8430499,1000,"ordinal","skewed","normal","Extreme","5",1,TRUE,19.0629999999655
"2281","Z=~z3",0.861007999243149,0.0272376467670651,0.8,"MC-PLSc",7428,8430499,1000,"ordinal","skewed","normal","Extreme","5",1,TRUE,19.0629999999655
"2282","Y=~y1",0.371178460005876,0.041525234067312,0.4,"MC-PLSc",7428,8430499,1000,"ordinal","skewed","normal","Extreme","5",1,TRUE,19.0629999999655
"2283","Y=~y2",0.67394439293929,0.030147333639925,0.7,"MC-PLSc",7428,8430499,1000,"ordinal","skewed","normal","Extreme","5",1,TRUE,19.0629999999655
"2284","Y=~y3",0.836170488240387,0.0283735239869922,0.9,"MC-PLSc",7428,8430499,1000,"ordinal","skewed","normal","Extreme","5",1,TRUE,19.0629999999655
"2285","Y~X",0.458699374931764,0.0567816282847295,0.4,"MC-PLSc",7428,8430499,1000,"ordinal","skewed","normal","Extreme","5",1,TRUE,19.0629999999655
"2286","Y~Z",0.543802196897383,0.0512709036258207,0.5,"MC-PLSc",7428,8430499,1000,"ordinal","skewed","normal","Extreme","5",1,TRUE,19.0629999999655
"2287","Y~X:Z",0.283853388068809,0.0804786413259796,0.3,"MC-PLSc",7428,8430499,1000,"ordinal","skewed","normal","Extreme","5",1,TRUE,19.0629999999655
"2288","X~~Z",0.218176742731874,0.0466326465028924,0.2,"MC-PLSc",7428,8430499,1000,"ordinal","skewed","normal","Extreme","5",1,TRUE,19.0629999999655
"2289","X=~x1",0.366954496758938,0.0617244408809635,0.4,"PLSc",7428,8430499,1000,"ordinal","skewed","normal","Extreme","5",1,TRUE,1.33699999999953
"2290","X=~x2",0.789950417570165,0.0379008587127985,0.8,"PLSc",7428,8430499,1000,"ordinal","skewed","normal","Extreme","5",1,TRUE,1.33699999999953
"2291","X=~x3",0.766639256671775,0.039565769656257,0.8,"PLSc",7428,8430499,1000,"ordinal","skewed","normal","Extreme","5",1,TRUE,1.33699999999953
"2292","Z=~z1",0.588651147761586,0.0416266320453733,0.6,"PLSc",7428,8430499,1000,"ordinal","skewed","normal","Extreme","5",1,TRUE,1.33699999999953
"2293","Z=~z2",0.569281392099636,0.0427744281710065,0.6,"PLSc",7428,8430499,1000,"ordinal","skewed","normal","Extreme","5",1,TRUE,1.33699999999953
"2294","Z=~z3",0.783574809220317,0.0359634761531284,0.8,"PLSc",7428,8430499,1000,"ordinal","skewed","normal","Extreme","5",1,TRUE,1.33699999999953
"2295","Y=~y1",0.337059023887243,0.0415623594808875,0.4,"PLSc",7428,8430499,1000,"ordinal","skewed","normal","Extreme","5",1,TRUE,1.33699999999953
"2296","Y=~y2",0.635614057693856,0.0318530988325004,0.7,"PLSc",7428,8430499,1000,"ordinal","skewed","normal","Extreme","5",1,TRUE,1.33699999999953
"2297","Y=~y3",0.808296528515864,0.0298207412703532,0.9,"PLSc",7428,8430499,1000,"ordinal","skewed","normal","Extreme","5",1,TRUE,1.33699999999953
"2298","Y~X",0.444939931100447,0.0495905850629351,0.4,"PLSc",7428,8430499,1000,"ordinal","skewed","normal","Extreme","5",1,TRUE,1.33699999999953
"2299","Y~Z",0.519363607180859,0.0450285203263144,0.5,"PLSc",7428,8430499,1000,"ordinal","skewed","normal","Extreme","5",1,TRUE,1.33699999999953
"2300","Y~X:Z",0.203865286167572,0.0565795892874678,0.3,"PLSc",7428,8430499,1000,"ordinal","skewed","normal","Extreme","5",1,TRUE,1.33699999999953
"2301","X~~Z",0.194787172949312,0.044759105036069,0.2,"PLSc",7428,8430499,1000,"ordinal","skewed","normal","Extreme","5",1,TRUE,1.33699999999953
"2302","X=~x1",0.545359984700014,0.0477698225749766,0.4,"PLS",7428,8430499,1000,"ordinal","skewed","normal","Extreme","5",1,TRUE,0.958999999973457
"2303","X=~x2",0.875424345910129,0.0120975131766929,0.8,"PLS",7428,8430499,1000,"ordinal","skewed","normal","Extreme","5",1,TRUE,0.958999999973457
"2304","X=~x3",0.860316426519627,0.0147814776637236,0.8,"PLS",7428,8430499,1000,"ordinal","skewed","normal","Extreme","5",1,TRUE,0.958999999973457
"2305","Z=~z1",0.737927984510047,0.0250785626395998,0.6,"PLS",7428,8430499,1000,"ordinal","skewed","normal","Extreme","5",1,TRUE,0.958999999973457
"2306","Z=~z2",0.73652372655304,0.0253211936391787,0.6,"PLS",7428,8430499,1000,"ordinal","skewed","normal","Extreme","5",1,TRUE,0.958999999973457
"2307","Z=~z3",0.859687565474352,0.011641410559357,0.8,"PLS",7428,8430499,1000,"ordinal","skewed","normal","Extreme","5",1,TRUE,0.958999999973457
"2308","Y=~y1",0.499011691893779,0.0435682246670288,0.4,"PLS",7428,8430499,1000,"ordinal","skewed","normal","Extreme","5",1,TRUE,0.958999999973457
"2309","Y=~y2",0.808832455110355,0.0174340734121119,0.7,"PLS",7428,8430499,1000,"ordinal","skewed","normal","Extreme","5",1,TRUE,0.958999999973457
"2310","Y=~y3",0.878661376270983,0.0101929126290001,0.9,"PLS",7428,8430499,1000,"ordinal","skewed","normal","Extreme","5",1,TRUE,0.958999999973457
"2311","Y~X",0.350269480471031,0.0316098734275991,0.4,"PLS",7428,8430499,1000,"ordinal","skewed","normal","Extreme","5",1,TRUE,0.958999999973457
"2312","Y~Z",0.389488366478746,0.0287230308945467,0.5,"PLS",7428,8430499,1000,"ordinal","skewed","normal","Extreme","5",1,TRUE,0.958999999973457
"2313","Y~X:Z",0.15835122134541,0.0247805574980023,0.3,"PLS",7428,8430499,1000,"ordinal","skewed","normal","Extreme","5",1,TRUE,0.958999999973457
"2314","X~~Z",0.142201151249274,0.0326887702351175,0.2,"PLS",7428,8430499,1000,"ordinal","skewed","normal","Extreme","5",1,TRUE,0.958999999973457
"2315","X=~x1",0.393,0.039,0.4,"Mplus",7428,8430499,1000,"ordinal","skewed","normal","Extreme","5",1,TRUE,663.763000000035
"2316","X=~x2",0.823,0.03,0.8,"Mplus",7428,8430499,1000,"ordinal","skewed","normal","Extreme","5",1,TRUE,663.763000000035
"2317","X=~x3",0.76,0.032,0.8,"Mplus",7428,8430499,1000,"ordinal","skewed","normal","Extreme","5",1,TRUE,663.763000000035
"2318","Z=~z1",0.6,0.036,0.6,"Mplus",7428,8430499,1000,"ordinal","skewed","normal","Extreme","5",1,TRUE,663.763000000035
"2319","Z=~z2",0.606,0.035,0.6,"Mplus",7428,8430499,1000,"ordinal","skewed","normal","Extreme","5",1,TRUE,663.763000000035
"2320","Z=~z3",0.803,0.03,0.8,"Mplus",7428,8430499,1000,"ordinal","skewed","normal","Extreme","5",1,TRUE,663.763000000035
"2321","Y=~y1",0.343,0.036,0.4,"Mplus",7428,8430499,1000,"ordinal","skewed","normal","Extreme","5",1,TRUE,663.763000000035
"2322","Y=~y2",0.654,0.03,0.7,"Mplus",7428,8430499,1000,"ordinal","skewed","normal","Extreme","5",1,TRUE,663.763000000035
"2323","Y=~y3",0.827,0.029,0.9,"Mplus",7428,8430499,1000,"ordinal","skewed","normal","Extreme","5",1,TRUE,663.763000000035
"2324","Y~X",0.395,0.051,0.4,"Mplus",7428,8430499,1000,"ordinal","skewed","normal","Extreme","5",1,TRUE,663.763000000035
"2325","Y~Z",0.513,0.048,0.5,"Mplus",7428,8430499,1000,"ordinal","skewed","normal","Extreme","5",1,TRUE,663.763000000035
"2326","Y~X:Z",0.406,0.069,0.3,"Mplus",7428,8430499,1000,"ordinal","skewed","normal","Extreme","5",1,TRUE,663.763000000035
"2327","X~~Z",0.287,0.046,0.2,"Mplus",7428,8430499,1000,"ordinal","skewed","normal","Extreme","5",1,TRUE,663.763000000035
"2328","X=~x1",0.401302722410852,0.0322827510624516,0.4,"LSAM",7428,8430499,1000,"ordinal","skewed","normal","Extreme","5",1,TRUE,0.467999999993481
"2329","X=~x2",0.81284878285436,0.0538722723172384,0.8,"LSAM",7428,8430499,1000,"ordinal","skewed","normal","Extreme","5",1,TRUE,0.467999999993481
"2330","X=~x3",0.719431566836853,0.0538838065418941,0.8,"LSAM",7428,8430499,1000,"ordinal","skewed","normal","Extreme","5",1,TRUE,0.467999999993481
"2331","Z=~z1",0.562187681587247,0.0260007452003122,0.6,"LSAM",7428,8430499,1000,"ordinal","skewed","normal","Extreme","5",1,TRUE,0.467999999993481
"2332","Z=~z2",0.579573993929864,0.0426241996449233,0.6,"LSAM",7428,8430499,1000,"ordinal","skewed","normal","Extreme","5",1,TRUE,0.467999999993481
"2333","Z=~z3",0.801102046884475,0.0473770561798758,0.8,"LSAM",7428,8430499,1000,"ordinal","skewed","normal","Extreme","5",1,TRUE,0.467999999993481
"2334","Y=~y1",0.341730753144178,0.0155582265095381,0.4,"LSAM",7428,8430499,1000,"ordinal","skewed","normal","Extreme","5",1,TRUE,0.467999999993481
"2335","Y=~y2",0.66145996288397,0.0579229909726307,0.7,"LSAM",7428,8430499,1000,"ordinal","skewed","normal","Extreme","5",1,TRUE,0.467999999993481
"2336","Y=~y3",0.775288667054213,0.0664625152925036,0.9,"LSAM",7428,8430499,1000,"ordinal","skewed","normal","Extreme","5",1,TRUE,0.467999999993481
"2337","Y~X",0.457729562567245,0.0452981428428043,0.4,"LSAM",7428,8430499,1000,"ordinal","skewed","normal","Extreme","5",1,TRUE,0.467999999993481
"2338","Y~Z",0.515840474223513,0.046112729677745,0.5,"LSAM",7428,8430499,1000,"ordinal","skewed","normal","Extreme","5",1,TRUE,0.467999999993481
"2339","Y~X:Z",0.186440195188227,0.0436547426333693,0.3,"LSAM",7428,8430499,1000,"ordinal","skewed","normal","Extreme","5",1,TRUE,0.467999999993481
"2340","X~~Z",0.199922037229457,0.0435240944134591,0.2,"LSAM",7428,8430499,1000,"ordinal","skewed","normal","Extreme","5",1,TRUE,0.467999999993481
"2341","X=~x1",0.548938225533604,0.0775050330462707,0.4,"MC-PLSc",7429,3360754,300,"ordinal","uniform","normal","Symmetric","2",1,TRUE,12.2799999999697
"2342","X=~x2",0.834110228894145,0.0671620793072985,0.8,"MC-PLSc",7429,3360754,300,"ordinal","uniform","normal","Symmetric","2",1,TRUE,12.2799999999697
"2343","X=~x3",0.771753344548174,0.0718887563749287,0.8,"MC-PLSc",7429,3360754,300,"ordinal","uniform","normal","Symmetric","2",1,TRUE,12.2799999999697
"2344","Z=~z1",0.702116736988212,0.0690493369789069,0.6,"MC-PLSc",7429,3360754,300,"ordinal","uniform","normal","Symmetric","2",1,TRUE,12.2799999999697
"2345","Z=~z2",0.593437602270175,0.0821859454749306,0.6,"MC-PLSc",7429,3360754,300,"ordinal","uniform","normal","Symmetric","2",1,TRUE,12.2799999999697
"2346","Z=~z3",0.864448883646078,0.0636831384203808,0.8,"MC-PLSc",7429,3360754,300,"ordinal","uniform","normal","Symmetric","2",1,TRUE,12.2799999999697
"2347","Y=~y1",0.511867095053065,0.0765127158200216,0.4,"MC-PLSc",7429,3360754,300,"ordinal","uniform","normal","Symmetric","2",1,TRUE,12.2799999999697
"2348","Y=~y2",0.718567733047853,0.0723585268413255,0.7,"MC-PLSc",7429,3360754,300,"ordinal","uniform","normal","Symmetric","2",1,TRUE,12.2799999999697
"2349","Y=~y3",0.882028393087793,0.053493317902329,0.9,"MC-PLSc",7429,3360754,300,"ordinal","uniform","normal","Symmetric","2",1,TRUE,12.2799999999697
"2350","Y~X",0.516323481772758,0.0873600237270891,0.4,"MC-PLSc",7429,3360754,300,"ordinal","uniform","normal","Symmetric","2",1,TRUE,12.2799999999697
"2351","Y~Z",0.581383308126832,0.0884940579679689,0.5,"MC-PLSc",7429,3360754,300,"ordinal","uniform","normal","Symmetric","2",1,TRUE,12.2799999999697
"2352","Y~X:Z",0.325361257746637,0.146735158032221,0.3,"MC-PLSc",7429,3360754,300,"ordinal","uniform","normal","Symmetric","2",1,TRUE,12.2799999999697
"2353","X~~Z",0.249222698073573,0.094120747321905,0.2,"MC-PLSc",7429,3360754,300,"ordinal","uniform","normal","Symmetric","2",1,TRUE,12.2799999999697
"2354","X=~x1",0.467682620408266,0.0874823280590233,0.4,"PLSc",7429,3360754,300,"ordinal","uniform","normal","Symmetric","2",1,TRUE,1.29899999999907
"2355","X=~x2",0.678019294109566,0.0745654559674245,0.8,"PLSc",7429,3360754,300,"ordinal","uniform","normal","Symmetric","2",1,TRUE,1.29899999999907
"2356","X=~x3",0.623676607283315,0.0744200243988926,0.8,"PLSc",7429,3360754,300,"ordinal","uniform","normal","Symmetric","2",1,TRUE,1.29899999999907
"2357","Z=~z1",0.583038483909789,0.0793862452091423,0.6,"PLSc",7429,3360754,300,"ordinal","uniform","normal","Symmetric","2",1,TRUE,1.29899999999907
"2358","Z=~z2",0.472517771806002,0.0888721707838582,0.6,"PLSc",7429,3360754,300,"ordinal","uniform","normal","Symmetric","2",1,TRUE,1.29899999999907
"2359","Z=~z3",0.713220296559079,0.0691456056964165,0.8,"PLSc",7429,3360754,300,"ordinal","uniform","normal","Symmetric","2",1,TRUE,1.29899999999907
"2360","Y=~y1",0.417135121897564,0.0696036749499997,0.4,"PLSc",7429,3360754,300,"ordinal","uniform","normal","Symmetric","2",1,TRUE,1.29899999999907
"2361","Y=~y2",0.560409210633267,0.0638125582438487,0.7,"PLSc",7429,3360754,300,"ordinal","uniform","normal","Symmetric","2",1,TRUE,1.29899999999907
"2362","Y=~y3",0.702144978348772,0.0581443946465431,0.9,"PLSc",7429,3360754,300,"ordinal","uniform","normal","Symmetric","2",1,TRUE,1.29899999999907
"2363","Y~X",0.523227580228995,0.101326727687248,0.4,"PLSc",7429,3360754,300,"ordinal","uniform","normal","Symmetric","2",1,TRUE,1.29899999999907
"2364","Y~Z",0.616845808327569,0.0954646767536606,0.5,"PLSc",7429,3360754,300,"ordinal","uniform","normal","Symmetric","2",1,TRUE,1.29899999999907
"2365","Y~X:Z",0.246916280587618,0.112805539705595,0.3,"PLSc",7429,3360754,300,"ordinal","uniform","normal","Symmetric","2",1,TRUE,1.29899999999907
"2366","X~~Z",0.235869347905502,0.0878304595323665,0.2,"PLSc",7429,3360754,300,"ordinal","uniform","normal","Symmetric","2",1,TRUE,1.29899999999907
"2367","X=~x1",0.615214169946097,0.0690047780998765,0.4,"PLS",7429,3360754,300,"ordinal","uniform","normal","Symmetric","2",1,TRUE,0.913000000000466
"2368","X=~x2",0.823285894155852,0.0341772318411529,0.8,"PLS",7429,3360754,300,"ordinal","uniform","normal","Symmetric","2",1,TRUE,0.913000000000466
"2369","X=~x3",0.792609430201543,0.0396315091419665,0.8,"PLS",7429,3360754,300,"ordinal","uniform","normal","Symmetric","2",1,TRUE,0.913000000000466
"2370","Z=~z1",0.745532650220788,0.0506177199360804,0.6,"PLS",7429,3360754,300,"ordinal","uniform","normal","Symmetric","2",1,TRUE,0.913000000000466
"2371","Z=~z2",0.657648924187849,0.0655083329307641,0.6,"PLS",7429,3360754,300,"ordinal","uniform","normal","Symmetric","2",1,TRUE,0.913000000000466
"2372","Z=~z3",0.83421023308196,0.0292028701504443,0.8,"PLS",7429,3360754,300,"ordinal","uniform","normal","Symmetric","2",1,TRUE,0.913000000000466
"2373","Y=~y1",0.570449821177107,0.0729850022945195,0.4,"PLS",7429,3360754,300,"ordinal","uniform","normal","Symmetric","2",1,TRUE,0.913000000000466
"2374","Y=~y2",0.752357466161786,0.0432499591789453,0.7,"PLS",7429,3360754,300,"ordinal","uniform","normal","Symmetric","2",1,TRUE,0.913000000000466
"2375","Y=~y3",0.846050888887408,0.0254906567203412,0.9,"PLS",7429,3360754,300,"ordinal","uniform","normal","Symmetric","2",1,TRUE,0.913000000000466
"2376","Y~X",0.357805271211464,0.0498739720333467,0.4,"PLS",7429,3360754,300,"ordinal","uniform","normal","Symmetric","2",1,TRUE,0.913000000000466
"2377","Y~Z",0.396277104109979,0.0485751200351192,0.5,"PLS",7429,3360754,300,"ordinal","uniform","normal","Symmetric","2",1,TRUE,0.913000000000466
"2378","Y~X:Z",0.105599804076818,0.0465105369727586,0.3,"PLS",7429,3360754,300,"ordinal","uniform","normal","Symmetric","2",1,TRUE,0.913000000000466
"2379","X~~Z",0.150220430818116,0.0560073075010529,0.2,"PLS",7429,3360754,300,"ordinal","uniform","normal","Symmetric","2",1,TRUE,0.913000000000466
"2380","X=~x1",0.494,0.075,0.4,"Mplus",7429,3360754,300,"ordinal","uniform","normal","Symmetric","2",1,TRUE,87.9510000000009
"2381","X=~x2",0.867,0.073,0.8,"Mplus",7429,3360754,300,"ordinal","uniform","normal","Symmetric","2",1,TRUE,87.9510000000009
"2382","X=~x3",0.733,0.074,0.8,"Mplus",7429,3360754,300,"ordinal","uniform","normal","Symmetric","2",1,TRUE,87.9510000000009
"2383","Z=~z1",0.676,0.068,0.6,"Mplus",7429,3360754,300,"ordinal","uniform","normal","Symmetric","2",1,TRUE,87.9510000000009
"2384","Z=~z2",0.568,0.076,0.6,"Mplus",7429,3360754,300,"ordinal","uniform","normal","Symmetric","2",1,TRUE,87.9510000000009
"2385","Z=~z3",0.837,0.066,0.8,"Mplus",7429,3360754,300,"ordinal","uniform","normal","Symmetric","2",1,TRUE,87.9510000000009
"2386","Y=~y1",0.454,0.084,0.4,"Mplus",7429,3360754,300,"ordinal","uniform","normal","Symmetric","2",1,TRUE,87.9510000000009
"2387","Y=~y2",0.719,0.071,0.7,"Mplus",7429,3360754,300,"ordinal","uniform","normal","Symmetric","2",1,TRUE,87.9510000000009
"2388","Y=~y3",0.879,0.058,0.9,"Mplus",7429,3360754,300,"ordinal","uniform","normal","Symmetric","2",1,TRUE,87.9510000000009
"2389","Y~X",0.482,0.085,0.4,"Mplus",7429,3360754,300,"ordinal","uniform","normal","Symmetric","2",1,TRUE,87.9510000000009
"2390","Y~Z",0.596,0.077,0.5,"Mplus",7429,3360754,300,"ordinal","uniform","normal","Symmetric","2",1,TRUE,87.9510000000009
"2391","Y~X:Z",0.363,0.126,0.3,"Mplus",7429,3360754,300,"ordinal","uniform","normal","Symmetric","2",1,TRUE,87.9510000000009
"2392","X~~Z",0.238,0.098,0.2,"Mplus",7429,3360754,300,"ordinal","uniform","normal","Symmetric","2",1,TRUE,87.9510000000009
"2393","X=~x1",0.399862463255974,0.0612585426039909,0.4,"LSAM",7429,3360754,300,"ordinal","uniform","normal","Symmetric","2",1,TRUE,0.554000000003725
"2394","X=~x2",0.716770494445878,0.122489097862698,0.8,"LSAM",7429,3360754,300,"ordinal","uniform","normal","Symmetric","2",1,TRUE,0.554000000003725
"2395","X=~x3",0.651755164512006,0.116881026545893,0.8,"LSAM",7429,3360754,300,"ordinal","uniform","normal","Symmetric","2",1,TRUE,0.554000000003725
"2396","Z=~z1",0.553020905747675,0.0960036426830498,0.6,"LSAM",7429,3360754,300,"ordinal","uniform","normal","Symmetric","2",1,TRUE,0.554000000003725
"2397","Z=~z2",0.482880878787695,0.11741191720755,0.6,"LSAM",7429,3360754,300,"ordinal","uniform","normal","Symmetric","2",1,TRUE,0.554000000003725
"2398","Z=~z3",0.735477684840213,0.13485420470728,0.8,"LSAM",7429,3360754,300,"ordinal","uniform","normal","Symmetric","2",1,TRUE,0.554000000003725
"2399","Y=~y1",0.343843940823654,0.0172919969482845,0.4,"LSAM",7429,3360754,300,"ordinal","uniform","normal","Symmetric","2",1,TRUE,0.554000000003725
"2400","Y=~y2",0.541812589136671,0.0975820637492297,0.7,"LSAM",7429,3360754,300,"ordinal","uniform","normal","Symmetric","2",1,TRUE,0.554000000003725
"2401","Y=~y3",0.801877779035643,0.149571314814776,0.9,"LSAM",7429,3360754,300,"ordinal","uniform","normal","Symmetric","2",1,TRUE,0.554000000003725
"2402","Y~X",0.429885878556668,0.187592432104185,0.4,"LSAM",7429,3360754,300,"ordinal","uniform","normal","Symmetric","2",1,TRUE,0.554000000003725
"2403","Y~Z",0.588093742108832,0.203855283162761,0.5,"LSAM",7429,3360754,300,"ordinal","uniform","normal","Symmetric","2",1,TRUE,0.554000000003725
"2404","Y~X:Z",0.219045480524791,0.125405243248712,0.3,"LSAM",7429,3360754,300,"ordinal","uniform","normal","Symmetric","2",1,TRUE,0.554000000003725
"2405","X~~Z",0.238220476960307,0.152416994900857,0.2,"LSAM",7429,3360754,300,"ordinal","uniform","normal","Symmetric","2",1,TRUE,0.554000000003725
"2406","X=~x1",0.405926393991934,0.0544279299477546,0.4,"MC-PLSc",7430,819808,1000,"ordinal","uniform","normal","Symmetric","2",1,TRUE,14.5160000000033
"2407","X=~x2",0.906263111935625,0.0394157448010094,0.8,"MC-PLSc",7430,819808,1000,"ordinal","uniform","normal","Symmetric","2",1,TRUE,14.5160000000033
"2408","X=~x3",0.813714456233978,0.0377330204061504,0.8,"MC-PLSc",7430,819808,1000,"ordinal","uniform","normal","Symmetric","2",1,TRUE,14.5160000000033
"2409","Z=~z1",0.64681793859072,0.0376656024720728,0.6,"MC-PLSc",7430,819808,1000,"ordinal","uniform","normal","Symmetric","2",1,TRUE,14.5160000000033
"2410","Z=~z2",0.60887555152208,0.0385458211107672,0.6,"MC-PLSc",7430,819808,1000,"ordinal","uniform","normal","Symmetric","2",1,TRUE,14.5160000000033
"2411","Z=~z3",0.846310917226053,0.0389566604986929,0.8,"MC-PLSc",7430,819808,1000,"ordinal","uniform","normal","Symmetric","2",1,TRUE,14.5160000000033
"2412","Y=~y1",0.381834579524149,0.0502135423594824,0.4,"MC-PLSc",7430,819808,1000,"ordinal","uniform","normal","Symmetric","2",1,TRUE,14.5160000000033
"2413","Y=~y2",0.746068405456011,0.0380574477560108,0.7,"MC-PLSc",7430,819808,1000,"ordinal","uniform","normal","Symmetric","2",1,TRUE,14.5160000000033
"2414","Y=~y3",0.935866933602044,0.0282849138410816,0.9,"MC-PLSc",7430,819808,1000,"ordinal","uniform","normal","Symmetric","2",1,TRUE,14.5160000000033
"2415","Y~X",0.442791432816868,0.0434209798397336,0.4,"MC-PLSc",7430,819808,1000,"ordinal","uniform","normal","Symmetric","2",1,TRUE,14.5160000000033
"2416","Y~Z",0.538356755252823,0.0417470589743043,0.5,"MC-PLSc",7430,819808,1000,"ordinal","uniform","normal","Symmetric","2",1,TRUE,14.5160000000033
"2417","Y~X:Z",0.350597126262814,0.0736582787730239,0.3,"MC-PLSc",7430,819808,1000,"ordinal","uniform","normal","Symmetric","2",1,TRUE,14.5160000000033
"2418","X~~Z",0.239669932089942,0.0488192575660511,0.2,"MC-PLSc",7430,819808,1000,"ordinal","uniform","normal","Symmetric","2",1,TRUE,14.5160000000033
"2419","X=~x1",0.323029494726973,0.0606612225346594,0.4,"PLSc",7430,819808,1000,"ordinal","uniform","normal","Symmetric","2",1,TRUE,1.375
"2420","X=~x2",0.790551605460688,0.0445912679735618,0.8,"PLSc",7430,819808,1000,"ordinal","uniform","normal","Symmetric","2",1,TRUE,1.375
"2421","X=~x3",0.658058644193479,0.0440061098940088,0.8,"PLSc",7430,819808,1000,"ordinal","uniform","normal","Symmetric","2",1,TRUE,1.375
"2422","Z=~z1",0.528953310176836,0.0433188762618388,0.6,"PLSc",7430,819808,1000,"ordinal","uniform","normal","Symmetric","2",1,TRUE,1.375
"2423","Z=~z2",0.503273697658924,0.0448695018691737,0.6,"PLSc",7430,819808,1000,"ordinal","uniform","normal","Symmetric","2",1,TRUE,1.375
"2424","Z=~z3",0.683823106423677,0.040640996376669,0.8,"PLSc",7430,819808,1000,"ordinal","uniform","normal","Symmetric","2",1,TRUE,1.375
"2425","Y=~y1",0.277348395176119,0.0449357737802403,0.4,"PLSc",7430,819808,1000,"ordinal","uniform","normal","Symmetric","2",1,TRUE,1.375
"2426","Y=~y2",0.600130163638845,0.0338937099275468,0.7,"PLSc",7430,819808,1000,"ordinal","uniform","normal","Symmetric","2",1,TRUE,1.375
"2427","Y=~y3",0.783767991344819,0.033228887448265,0.9,"PLSc",7430,819808,1000,"ordinal","uniform","normal","Symmetric","2",1,TRUE,1.375
"2428","Y~X",0.424985771890729,0.048106859816567,0.4,"PLSc",7430,819808,1000,"ordinal","uniform","normal","Symmetric","2",1,TRUE,1.375
"2429","Y~Z",0.537458583408381,0.0457022674707605,0.5,"PLSc",7430,819808,1000,"ordinal","uniform","normal","Symmetric","2",1,TRUE,1.375
"2430","Y~X:Z",0.233553515252445,0.0530356325717269,0.3,"PLSc",7430,819808,1000,"ordinal","uniform","normal","Symmetric","2",1,TRUE,1.375
"2431","X~~Z",0.225115270971453,0.0496100588992212,0.2,"PLSc",7430,819808,1000,"ordinal","uniform","normal","Symmetric","2",1,TRUE,1.375
"2432","X=~x1",0.474787903298703,0.051772330065404,0.4,"PLS",7430,819808,1000,"ordinal","uniform","normal","Symmetric","2",1,TRUE,0.954000000027008
"2433","X=~x2",0.867310611593946,0.0161047734431341,0.8,"PLS",7430,819808,1000,"ordinal","uniform","normal","Symmetric","2",1,TRUE,0.954000000027008
"2434","X=~x3",0.833083905673002,0.018675941504291,0.8,"PLS",7430,819808,1000,"ordinal","uniform","normal","Symmetric","2",1,TRUE,0.954000000027008
"2435","Z=~z1",0.706797442701418,0.0295814510583625,0.6,"PLS",7430,819808,1000,"ordinal","uniform","normal","Symmetric","2",1,TRUE,0.954000000027008
"2436","Z=~z2",0.677218319025696,0.0324642600447008,0.6,"PLS",7430,819808,1000,"ordinal","uniform","normal","Symmetric","2",1,TRUE,0.954000000027008
"2437","Z=~z3",0.828160163878799,0.0173868578780313,0.8,"PLS",7430,819808,1000,"ordinal","uniform","normal","Symmetric","2",1,TRUE,0.954000000027008
"2438","Y=~y1",0.44673451387547,0.0469292955918538,0.4,"PLS",7430,819808,1000,"ordinal","uniform","normal","Symmetric","2",1,TRUE,0.954000000027008
"2439","Y=~y2",0.787309082110166,0.0209791612218988,0.7,"PLS",7430,819808,1000,"ordinal","uniform","normal","Symmetric","2",1,TRUE,0.954000000027008
"2440","Y=~y3",0.874883211254202,0.011429097651398,0.9,"PLS",7430,819808,1000,"ordinal","uniform","normal","Symmetric","2",1,TRUE,0.954000000027008
"2441","Y~X",0.323569318242577,0.0271918127736536,0.4,"PLS",7430,819808,1000,"ordinal","uniform","normal","Symmetric","2",1,TRUE,0.954000000027008
"2442","Y~Z",0.358261331689869,0.0252940596317677,0.5,"PLS",7430,819808,1000,"ordinal","uniform","normal","Symmetric","2",1,TRUE,0.954000000027008
"2443","Y~X:Z",0.124490255568535,0.0247640385419281,0.3,"PLS",7430,819808,1000,"ordinal","uniform","normal","Symmetric","2",1,TRUE,0.954000000027008
"2444","X~~Z",0.147347492520492,0.0323081621202832,0.2,"PLS",7430,819808,1000,"ordinal","uniform","normal","Symmetric","2",1,TRUE,0.954000000027008
"2445","X=~x1",0.381,0.042,0.4,"Mplus",7430,819808,1000,"ordinal","uniform","normal","Symmetric","2",1,TRUE,175.448999999964
"2446","X=~x2",0.862,0.038,0.8,"Mplus",7430,819808,1000,"ordinal","uniform","normal","Symmetric","2",1,TRUE,175.448999999964
"2447","X=~x3",0.824,0.039,0.8,"Mplus",7430,819808,1000,"ordinal","uniform","normal","Symmetric","2",1,TRUE,175.448999999964
"2448","Z=~z1",0.625,0.041,0.6,"Mplus",7430,819808,1000,"ordinal","uniform","normal","Symmetric","2",1,TRUE,175.448999999964
"2449","Z=~z2",0.573,0.042,0.6,"Mplus",7430,819808,1000,"ordinal","uniform","normal","Symmetric","2",1,TRUE,175.448999999964
"2450","Z=~z3",0.828,0.04,0.8,"Mplus",7430,819808,1000,"ordinal","uniform","normal","Symmetric","2",1,TRUE,175.448999999964
"2451","Y=~y1",0.362,0.044,0.4,"Mplus",7430,819808,1000,"ordinal","uniform","normal","Symmetric","2",1,TRUE,175.448999999964
"2452","Y=~y2",0.717,0.039,0.7,"Mplus",7430,819808,1000,"ordinal","uniform","normal","Symmetric","2",1,TRUE,175.448999999964
"2453","Y=~y3",0.921,0.031,0.9,"Mplus",7430,819808,1000,"ordinal","uniform","normal","Symmetric","2",1,TRUE,175.448999999964
"2454","Y~X",0.451,0.044,0.4,"Mplus",7430,819808,1000,"ordinal","uniform","normal","Symmetric","2",1,TRUE,175.448999999964
"2455","Y~Z",0.539,0.042,0.5,"Mplus",7430,819808,1000,"ordinal","uniform","normal","Symmetric","2",1,TRUE,175.448999999964
"2456","Y~X:Z",0.347,0.064,0.3,"Mplus",7430,819808,1000,"ordinal","uniform","normal","Symmetric","2",1,TRUE,175.448999999964
"2457","X~~Z",0.246,0.054,0.2,"Mplus",7430,819808,1000,"ordinal","uniform","normal","Symmetric","2",1,TRUE,175.448999999964
"2458","X=~x1",0.321365617530947,0.0365905926777866,0.4,"LSAM",7430,819808,1000,"ordinal","uniform","normal","Symmetric","2",1,TRUE,0.477000000013504
"2459","X=~x2",0.652754415961995,0.0731300800553049,0.8,"LSAM",7430,819808,1000,"ordinal","uniform","normal","Symmetric","2",1,TRUE,0.477000000013504
"2460","X=~x3",0.802828630689064,0.0778664981818353,0.8,"LSAM",7430,819808,1000,"ordinal","uniform","normal","Symmetric","2",1,TRUE,0.477000000013504
"2461","Z=~z1",0.501770190004883,0.0479506927698182,0.6,"LSAM",7430,819808,1000,"ordinal","uniform","normal","Symmetric","2",1,TRUE,0.477000000013504
"2462","Z=~z2",0.466424519478723,0.0622734228749498,0.6,"LSAM",7430,819808,1000,"ordinal","uniform","normal","Symmetric","2",1,TRUE,0.477000000013504
"2463","Z=~z3",0.753877388525091,0.0780226712482922,0.8,"LSAM",7430,819808,1000,"ordinal","uniform","normal","Symmetric","2",1,TRUE,0.477000000013504
"2464","Y=~y1",0.315456010896685,0.00912038687648139,0.4,"LSAM",7430,819808,1000,"ordinal","uniform","normal","Symmetric","2",1,TRUE,0.477000000013504
"2465","Y=~y2",0.608273815967392,0.0631346488007819,0.7,"LSAM",7430,819808,1000,"ordinal","uniform","normal","Symmetric","2",1,TRUE,0.477000000013504
"2466","Y=~y3",0.747648770328107,0.079540959418925,0.9,"LSAM",7430,819808,1000,"ordinal","uniform","normal","Symmetric","2",1,TRUE,0.477000000013504
"2467","Y~X",0.433355349275614,0.0459592242171165,0.4,"LSAM",7430,819808,1000,"ordinal","uniform","normal","Symmetric","2",1,TRUE,0.477000000013504
"2468","Y~Z",0.541634529420881,0.0688511394755429,0.5,"LSAM",7430,819808,1000,"ordinal","uniform","normal","Symmetric","2",1,TRUE,0.477000000013504
"2469","Y~X:Z",0.187141043030891,0.0505551192358549,0.3,"LSAM",7430,819808,1000,"ordinal","uniform","normal","Symmetric","2",1,TRUE,0.477000000013504
"2470","X~~Z",0.16957969752342,0.049969953164348,0.2,"LSAM",7430,819808,1000,"ordinal","uniform","normal","Symmetric","2",1,TRUE,0.477000000013504
"2471","X=~x1",0.379280339448359,0.104535785804304,0.4,"MC-PLSc",7431,9378972,300,"ordinal","uniform","normal","Symmetric","3",1,TRUE,13
"2472","X=~x2",0.699342743133263,0.0743171952847671,0.8,"MC-PLSc",7431,9378972,300,"ordinal","uniform","normal","Symmetric","3",1,TRUE,13
"2473","X=~x3",0.834060389888567,0.0987630732421486,0.8,"MC-PLSc",7431,9378972,300,"ordinal","uniform","normal","Symmetric","3",1,TRUE,13
"2474","Z=~z1",0.61817746701194,0.0659648947732877,0.6,"MC-PLSc",7431,9378972,300,"ordinal","uniform","normal","Symmetric","3",1,TRUE,13
"2475","Z=~z2",0.647103873149667,0.0678180630488439,0.6,"MC-PLSc",7431,9378972,300,"ordinal","uniform","normal","Symmetric","3",1,TRUE,13
"2476","Z=~z3",0.869397533350107,0.0590975305521559,0.8,"MC-PLSc",7431,9378972,300,"ordinal","uniform","normal","Symmetric","3",1,TRUE,13
"2477","Y=~y1",0.310274464149923,0.0825664624391084,0.4,"MC-PLSc",7431,9378972,300,"ordinal","uniform","normal","Symmetric","3",1,TRUE,13
"2478","Y=~y2",0.736847277958195,0.0651496046636842,0.7,"MC-PLSc",7431,9378972,300,"ordinal","uniform","normal","Symmetric","3",1,TRUE,13
"2479","Y=~y3",0.922582152499102,0.0631950733066092,0.9,"MC-PLSc",7431,9378972,300,"ordinal","uniform","normal","Symmetric","3",1,TRUE,13
"2480","Y~X",0.364761473069226,0.0681593944227234,0.4,"MC-PLSc",7431,9378972,300,"ordinal","uniform","normal","Symmetric","3",1,TRUE,13
"2481","Y~Z",0.499444306744347,0.0617052505659033,0.5,"MC-PLSc",7431,9378972,300,"ordinal","uniform","normal","Symmetric","3",1,TRUE,13
"2482","Y~X:Z",0.298629407409734,0.0895949934603951,0.3,"MC-PLSc",7431,9378972,300,"ordinal","uniform","normal","Symmetric","3",1,TRUE,13
"2483","X~~Z",0.168905418503647,0.0804699717093072,0.2,"MC-PLSc",7431,9378972,300,"ordinal","uniform","normal","Symmetric","3",1,TRUE,13
"2484","X=~x1",0.315291852157627,0.125310510458586,0.4,"PLSc",7431,9378972,300,"ordinal","uniform","normal","Symmetric","3",1,TRUE,1.32600000000093
"2485","X=~x2",0.613079536581272,0.0918286038545166,0.8,"PLSc",7431,9378972,300,"ordinal","uniform","normal","Symmetric","3",1,TRUE,1.32600000000093
"2486","X=~x3",0.777409178351325,0.106305452128625,0.8,"PLSc",7431,9378972,300,"ordinal","uniform","normal","Symmetric","3",1,TRUE,1.32600000000093
"2487","Z=~z1",0.548578031033058,0.08148835983745,0.6,"PLSc",7431,9378972,300,"ordinal","uniform","normal","Symmetric","3",1,TRUE,1.32600000000093
"2488","Z=~z2",0.592932052223799,0.077556231157403,0.6,"PLSc",7431,9378972,300,"ordinal","uniform","normal","Symmetric","3",1,TRUE,1.32600000000093
"2489","Z=~z3",0.765086049596121,0.0730896902620606,0.8,"PLSc",7431,9378972,300,"ordinal","uniform","normal","Symmetric","3",1,TRUE,1.32600000000093
"2490","Y=~y1",0.203713593167077,0.0949004119515619,0.4,"PLSc",7431,9378972,300,"ordinal","uniform","normal","Symmetric","3",1,TRUE,1.32600000000093
"2491","Y=~y2",0.675755912012927,0.055806662575477,0.7,"PLSc",7431,9378972,300,"ordinal","uniform","normal","Symmetric","3",1,TRUE,1.32600000000093
"2492","Y=~y3",0.821905265672867,0.0575257403970817,0.9,"PLSc",7431,9378972,300,"ordinal","uniform","normal","Symmetric","3",1,TRUE,1.32600000000093
"2493","Y~X",0.338466787161005,0.0828250318987651,0.4,"PLSc",7431,9378972,300,"ordinal","uniform","normal","Symmetric","3",1,TRUE,1.32600000000093
"2494","Y~Z",0.479763496091726,0.0682591989911617,0.5,"PLSc",7431,9378972,300,"ordinal","uniform","normal","Symmetric","3",1,TRUE,1.32600000000093
"2495","Y~X:Z",0.248581018182043,0.124701509812745,0.3,"PLSc",7431,9378972,300,"ordinal","uniform","normal","Symmetric","3",1,TRUE,1.32600000000093
"2496","X~~Z",0.166043225990078,0.0816795580832352,0.2,"PLSc",7431,9378972,300,"ordinal","uniform","normal","Symmetric","3",1,TRUE,1.32600000000093
"2497","X=~x1",0.500475459569572,0.108861043500928,0.4,"PLS",7431,9378972,300,"ordinal","uniform","normal","Symmetric","3",1,TRUE,0.895000000018626
"2498","X=~x2",0.797923985050435,0.0467932757879909,0.8,"PLS",7431,9378972,300,"ordinal","uniform","normal","Symmetric","3",1,TRUE,0.895000000018626
"2499","X=~x3",0.859097674184207,0.0415812125066727,0.8,"PLS",7431,9378972,300,"ordinal","uniform","normal","Symmetric","3",1,TRUE,0.895000000018626
"2500","Z=~z1",0.717744353003607,0.0495930904557032,0.6,"PLS",7431,9378972,300,"ordinal","uniform","normal","Symmetric","3",1,TRUE,0.895000000018626
"2501","Z=~z2",0.736572258167075,0.0438099748968293,0.6,"PLS",7431,9378972,300,"ordinal","uniform","normal","Symmetric","3",1,TRUE,0.895000000018626
"2502","Z=~z3",0.859067894607001,0.0235855666924112,0.8,"PLS",7431,9378972,300,"ordinal","uniform","normal","Symmetric","3",1,TRUE,0.895000000018626
"2503","Y=~y1",0.4143432206152,0.091329211706762,0.4,"PLS",7431,9378972,300,"ordinal","uniform","normal","Symmetric","3",1,TRUE,0.895000000018626
"2504","Y=~y2",0.82429475047365,0.0297722536869378,0.7,"PLS",7431,9378972,300,"ordinal","uniform","normal","Symmetric","3",1,TRUE,0.895000000018626
"2505","Y=~y3",0.889855372056979,0.0159124097158826,0.9,"PLS",7431,9378972,300,"ordinal","uniform","normal","Symmetric","3",1,TRUE,0.895000000018626
"2506","Y~X",0.26473485703689,0.049298874315145,0.4,"PLS",7431,9378972,300,"ordinal","uniform","normal","Symmetric","3",1,TRUE,0.895000000018626
"2507","Y~Z",0.36317944625704,0.0404425602561259,0.5,"PLS",7431,9378972,300,"ordinal","uniform","normal","Symmetric","3",1,TRUE,0.895000000018626
"2508","Y~X:Z",0.154061815049177,0.0444065584262035,0.3,"PLS",7431,9378972,300,"ordinal","uniform","normal","Symmetric","3",1,TRUE,0.895000000018626
"2509","X~~Z",0.113440512617732,0.0551125091651996,0.2,"PLS",7431,9378972,300,"ordinal","uniform","normal","Symmetric","3",1,TRUE,0.895000000018626
"2510","X=~x1",0.373,0.073,0.4,"Mplus",7431,9378972,300,"ordinal","uniform","normal","Symmetric","3",1,TRUE,183.340000000026
"2511","X=~x2",0.697,0.078,0.8,"Mplus",7431,9378972,300,"ordinal","uniform","normal","Symmetric","3",1,TRUE,183.340000000026
"2512","X=~x3",0.796,0.085,0.8,"Mplus",7431,9378972,300,"ordinal","uniform","normal","Symmetric","3",1,TRUE,183.340000000026
"2513","Z=~z1",0.609,0.057,0.6,"Mplus",7431,9378972,300,"ordinal","uniform","normal","Symmetric","3",1,TRUE,183.340000000026
"2514","Z=~z2",0.62,0.059,0.6,"Mplus",7431,9378972,300,"ordinal","uniform","normal","Symmetric","3",1,TRUE,183.340000000026
"2515","Z=~z3",0.862,0.057,0.8,"Mplus",7431,9378972,300,"ordinal","uniform","normal","Symmetric","3",1,TRUE,183.340000000026
"2516","Y=~y1",0.344,0.065,0.4,"Mplus",7431,9378972,300,"ordinal","uniform","normal","Symmetric","3",1,TRUE,183.340000000026
"2517","Y=~y2",0.681,0.063,0.7,"Mplus",7431,9378972,300,"ordinal","uniform","normal","Symmetric","3",1,TRUE,183.340000000026
"2518","Y=~y3",0.943,0.053,0.9,"Mplus",7431,9378972,300,"ordinal","uniform","normal","Symmetric","3",1,TRUE,183.340000000026
"2519","Y~X",0.36,0.077,0.4,"Mplus",7431,9378972,300,"ordinal","uniform","normal","Symmetric","3",1,TRUE,183.340000000026
"2520","Y~Z",0.486,0.066,0.5,"Mplus",7431,9378972,300,"ordinal","uniform","normal","Symmetric","3",1,TRUE,183.340000000026
"2521","Y~X:Z",0.315,0.078,0.3,"Mplus",7431,9378972,300,"ordinal","uniform","normal","Symmetric","3",1,TRUE,183.340000000026
"2522","X~~Z",0.2,0.082,0.2,"Mplus",7431,9378972,300,"ordinal","uniform","normal","Symmetric","3",1,TRUE,183.340000000026
"2523","X=~x1",0.367643386568782,0.0650876013951178,0.4,"LSAM",7431,9378972,300,"ordinal","uniform","normal","Symmetric","3",1,TRUE,0.4879999999539
"2524","X=~x2",0.715051929455508,0.137870314724543,0.8,"LSAM",7431,9378972,300,"ordinal","uniform","normal","Symmetric","3",1,TRUE,0.4879999999539
"2525","X=~x3",0.635364171734517,0.129249185900952,0.8,"LSAM",7431,9378972,300,"ordinal","uniform","normal","Symmetric","3",1,TRUE,0.4879999999539
"2526","Z=~z1",0.54385482048024,0.042408052017232,0.6,"LSAM",7431,9378972,300,"ordinal","uniform","normal","Symmetric","3",1,TRUE,0.4879999999539
"2527","Z=~z2",0.538580352829732,0.075015145461695,0.6,"LSAM",7431,9378972,300,"ordinal","uniform","normal","Symmetric","3",1,TRUE,0.4879999999539
"2528","Z=~z3",0.830485142690154,0.0921534596090463,0.8,"LSAM",7431,9378972,300,"ordinal","uniform","normal","Symmetric","3",1,TRUE,0.4879999999539
"2529","Y=~y1",0.331017689961929,0.0199407783284414,0.4,"LSAM",7431,9378972,300,"ordinal","uniform","normal","Symmetric","3",1,TRUE,0.4879999999539
"2530","Y=~y2",0.591450926932148,0.0948786594772973,0.7,"LSAM",7431,9378972,300,"ordinal","uniform","normal","Symmetric","3",1,TRUE,0.4879999999539
"2531","Y=~y3",0.855675024371941,0.134784242615921,0.9,"LSAM",7431,9378972,300,"ordinal","uniform","normal","Symmetric","3",1,TRUE,0.4879999999539
"2532","Y~X",0.330141461697928,0.079440091394221,0.4,"LSAM",7431,9378972,300,"ordinal","uniform","normal","Symmetric","3",1,TRUE,0.4879999999539
"2533","Y~Z",0.438655510861575,0.122456106577614,0.5,"LSAM",7431,9378972,300,"ordinal","uniform","normal","Symmetric","3",1,TRUE,0.4879999999539
"2534","Y~X:Z",0.265819143298566,0.10518730155644,0.3,"LSAM",7431,9378972,300,"ordinal","uniform","normal","Symmetric","3",1,TRUE,0.4879999999539
"2535","X~~Z",0.190178403661174,0.0914984300964764,0.2,"LSAM",7431,9378972,300,"ordinal","uniform","normal","Symmetric","3",1,TRUE,0.4879999999539
"2536","X=~x1",0.391747956119791,0.0447988481822326,0.4,"MC-PLSc",7432,4908257,1000,"ordinal","uniform","normal","Symmetric","3",1,TRUE,16.1689999999944
"2537","X=~x2",0.754033019458751,0.0356737413915675,0.8,"MC-PLSc",7432,4908257,1000,"ordinal","uniform","normal","Symmetric","3",1,TRUE,16.1689999999944
"2538","X=~x3",0.831972137975861,0.0370216213606107,0.8,"MC-PLSc",7432,4908257,1000,"ordinal","uniform","normal","Symmetric","3",1,TRUE,16.1689999999944
"2539","Z=~z1",0.572085918076779,0.0454394207236022,0.6,"MC-PLSc",7432,4908257,1000,"ordinal","uniform","normal","Symmetric","3",1,TRUE,16.1689999999944
"2540","Z=~z2",0.588521987242234,0.0426410576362392,0.6,"MC-PLSc",7432,4908257,1000,"ordinal","uniform","normal","Symmetric","3",1,TRUE,16.1689999999944
"2541","Z=~z3",0.783997030188957,0.0433474991964712,0.8,"MC-PLSc",7432,4908257,1000,"ordinal","uniform","normal","Symmetric","3",1,TRUE,16.1689999999944
"2542","Y=~y1",0.409397592735291,0.0382539540871362,0.4,"MC-PLSc",7432,4908257,1000,"ordinal","uniform","normal","Symmetric","3",1,TRUE,16.1689999999944
"2543","Y=~y2",0.73272851062678,0.0361881849321037,0.7,"MC-PLSc",7432,4908257,1000,"ordinal","uniform","normal","Symmetric","3",1,TRUE,16.1689999999944
"2544","Y=~y3",0.872891946557636,0.0279323274265685,0.9,"MC-PLSc",7432,4908257,1000,"ordinal","uniform","normal","Symmetric","3",1,TRUE,16.1689999999944
"2545","Y~X",0.466056982581293,0.0377297533124468,0.4,"MC-PLSc",7432,4908257,1000,"ordinal","uniform","normal","Symmetric","3",1,TRUE,16.1689999999944
"2546","Y~Z",0.506227283896683,0.040966476976018,0.5,"MC-PLSc",7432,4908257,1000,"ordinal","uniform","normal","Symmetric","3",1,TRUE,16.1689999999944
"2547","Y~X:Z",0.34866607078042,0.0498697769870169,0.3,"MC-PLSc",7432,4908257,1000,"ordinal","uniform","normal","Symmetric","3",1,TRUE,16.1689999999944
"2548","X~~Z",0.172890967679438,0.0489847766672797,0.2,"MC-PLSc",7432,4908257,1000,"ordinal","uniform","normal","Symmetric","3",1,TRUE,16.1689999999944
"2549","X=~x1",0.309481752827633,0.0592837931681242,0.4,"PLSc",7432,4908257,1000,"ordinal","uniform","normal","Symmetric","3",1,TRUE,1.3760000000475
"2550","X=~x2",0.690237435177159,0.0401422733685542,0.8,"PLSc",7432,4908257,1000,"ordinal","uniform","normal","Symmetric","3",1,TRUE,1.3760000000475
"2551","X=~x3",0.758480995206907,0.0404601344645262,0.8,"PLSc",7432,4908257,1000,"ordinal","uniform","normal","Symmetric","3",1,TRUE,1.3760000000475
"2552","Z=~z1",0.489196029385996,0.0508567860018459,0.6,"PLSc",7432,4908257,1000,"ordinal","uniform","normal","Symmetric","3",1,TRUE,1.3760000000475
"2553","Z=~z2",0.541563222452542,0.0415205826142222,0.6,"PLSc",7432,4908257,1000,"ordinal","uniform","normal","Symmetric","3",1,TRUE,1.3760000000475
"2554","Z=~z3",0.700500665171782,0.0425671662135301,0.8,"PLSc",7432,4908257,1000,"ordinal","uniform","normal","Symmetric","3",1,TRUE,1.3760000000475
"2555","Y=~y1",0.386459317337543,0.0420585577497223,0.4,"PLSc",7432,4908257,1000,"ordinal","uniform","normal","Symmetric","3",1,TRUE,1.3760000000475
"2556","Y=~y2",0.628322716443704,0.0332296863333679,0.7,"PLSc",7432,4908257,1000,"ordinal","uniform","normal","Symmetric","3",1,TRUE,1.3760000000475
"2557","Y=~y3",0.756005549689951,0.0314088315633909,0.9,"PLSc",7432,4908257,1000,"ordinal","uniform","normal","Symmetric","3",1,TRUE,1.3760000000475
"2558","Y~X",0.470632191478352,0.0490425425017696,0.4,"PLSc",7432,4908257,1000,"ordinal","uniform","normal","Symmetric","3",1,TRUE,1.3760000000475
"2559","Y~Z",0.518560672409222,0.0504787577237981,0.5,"PLSc",7432,4908257,1000,"ordinal","uniform","normal","Symmetric","3",1,TRUE,1.3760000000475
"2560","Y~X:Z",0.321264339094414,0.0617423257520638,0.3,"PLSc",7432,4908257,1000,"ordinal","uniform","normal","Symmetric","3",1,TRUE,1.3760000000475
"2561","X~~Z",0.171001627860047,0.0507111102733594,0.2,"PLSc",7432,4908257,1000,"ordinal","uniform","normal","Symmetric","3",1,TRUE,1.3760000000475
"2562","X=~x1",0.509289201638628,0.0478889506151738,0.4,"PLS",7432,4908257,1000,"ordinal","uniform","normal","Symmetric","3",1,TRUE,0.976000000024214
"2563","X=~x2",0.825626671118411,0.0188161926006971,0.8,"PLS",7432,4908257,1000,"ordinal","uniform","normal","Symmetric","3",1,TRUE,0.976000000024214
"2564","X=~x3",0.856807011192059,0.0155581093710838,0.8,"PLS",7432,4908257,1000,"ordinal","uniform","normal","Symmetric","3",1,TRUE,0.976000000024214
"2565","Z=~z1",0.689802676383033,0.0341800595013235,0.6,"PLS",7432,4908257,1000,"ordinal","uniform","normal","Symmetric","3",1,TRUE,0.976000000024214
"2566","Z=~z2",0.70325855111736,0.0284977686435222,0.6,"PLS",7432,4908257,1000,"ordinal","uniform","normal","Symmetric","3",1,TRUE,0.976000000024214
"2567","Z=~z3",0.82840608866781,0.0184053264033546,0.8,"PLS",7432,4908257,1000,"ordinal","uniform","normal","Symmetric","3",1,TRUE,0.976000000024214
"2568","Y=~y1",0.524906892596069,0.0399517912481497,0.4,"PLS",7432,4908257,1000,"ordinal","uniform","normal","Symmetric","3",1,TRUE,0.976000000024214
"2569","Y=~y2",0.807995514083782,0.017187284492038,0.7,"PLS",7432,4908257,1000,"ordinal","uniform","normal","Symmetric","3",1,TRUE,0.976000000024214
"2570","Y=~y3",0.861991659499028,0.0117496862983601,0.9,"PLS",7432,4908257,1000,"ordinal","uniform","normal","Symmetric","3",1,TRUE,0.976000000024214
"2571","Y~X",0.336580635472745,0.0267565213074122,0.4,"PLS",7432,4908257,1000,"ordinal","uniform","normal","Symmetric","3",1,TRUE,0.976000000024214
"2572","Y~Z",0.342266693527837,0.0268960929522602,0.5,"PLS",7432,4908257,1000,"ordinal","uniform","normal","Symmetric","3",1,TRUE,0.976000000024214
"2573","Y~X:Z",0.165558638630865,0.0243312504616472,0.3,"PLS",7432,4908257,1000,"ordinal","uniform","normal","Symmetric","3",1,TRUE,0.976000000024214
"2574","X~~Z",0.112261522710862,0.0332012217206985,0.2,"PLS",7432,4908257,1000,"ordinal","uniform","normal","Symmetric","3",1,TRUE,0.976000000024214
"2575","X=~x1",0.407,0.037,0.4,"Mplus",7432,4908257,1000,"ordinal","uniform","normal","Symmetric","3",1,TRUE,660.987999999954
"2576","X=~x2",0.74,0.035,0.8,"Mplus",7432,4908257,1000,"ordinal","uniform","normal","Symmetric","3",1,TRUE,660.987999999954
"2577","X=~x3",0.799,0.034,0.8,"Mplus",7432,4908257,1000,"ordinal","uniform","normal","Symmetric","3",1,TRUE,660.987999999954
"2578","Z=~z1",0.576,0.037,0.6,"Mplus",7432,4908257,1000,"ordinal","uniform","normal","Symmetric","3",1,TRUE,660.987999999954
"2579","Z=~z2",0.555,0.037,0.6,"Mplus",7432,4908257,1000,"ordinal","uniform","normal","Symmetric","3",1,TRUE,660.987999999954
"2580","Z=~z3",0.773,0.036,0.8,"Mplus",7432,4908257,1000,"ordinal","uniform","normal","Symmetric","3",1,TRUE,660.987999999954
"2581","Y=~y1",0.373,0.037,0.4,"Mplus",7432,4908257,1000,"ordinal","uniform","normal","Symmetric","3",1,TRUE,660.987999999954
"2582","Y=~y2",0.723,0.031,0.7,"Mplus",7432,4908257,1000,"ordinal","uniform","normal","Symmetric","3",1,TRUE,660.987999999954
"2583","Y=~y3",0.891,0.027,0.9,"Mplus",7432,4908257,1000,"ordinal","uniform","normal","Symmetric","3",1,TRUE,660.987999999954
"2584","Y~X",0.461,0.037,0.4,"Mplus",7432,4908257,1000,"ordinal","uniform","normal","Symmetric","3",1,TRUE,660.987999999954
"2585","Y~Z",0.483,0.039,0.5,"Mplus",7432,4908257,1000,"ordinal","uniform","normal","Symmetric","3",1,TRUE,660.987999999954
"2586","Y~X:Z",0.332,0.046,0.3,"Mplus",7432,4908257,1000,"ordinal","uniform","normal","Symmetric","3",1,TRUE,660.987999999954
"2587","X~~Z",0.188,0.047,0.2,"Mplus",7432,4908257,1000,"ordinal","uniform","normal","Symmetric","3",1,TRUE,660.987999999954
"2588","X=~x1",0.387581423641041,0.033819530988532,0.4,"LSAM",7432,4908257,1000,"ordinal","uniform","normal","Symmetric","3",1,TRUE,0.472999999998137
"2589","X=~x2",0.664309538594822,0.0646731346686757,0.8,"LSAM",7432,4908257,1000,"ordinal","uniform","normal","Symmetric","3",1,TRUE,0.472999999998137
"2590","X=~x3",0.72890218615286,0.0673851640920621,0.8,"LSAM",7432,4908257,1000,"ordinal","uniform","normal","Symmetric","3",1,TRUE,0.472999999998137
"2591","Z=~z1",0.530770996670543,0.0419016333920151,0.6,"LSAM",7432,4908257,1000,"ordinal","uniform","normal","Symmetric","3",1,TRUE,0.472999999998137
"2592","Z=~z2",0.488263320983522,0.0585623139817161,0.6,"LSAM",7432,4908257,1000,"ordinal","uniform","normal","Symmetric","3",1,TRUE,0.472999999998137
"2593","Z=~z3",0.716065360103291,0.0713074752120136,0.8,"LSAM",7432,4908257,1000,"ordinal","uniform","normal","Symmetric","3",1,TRUE,0.472999999998137
"2594","Y=~y1",0.329376284247927,0.0116394181420741,0.4,"LSAM",7432,4908257,1000,"ordinal","uniform","normal","Symmetric","3",1,TRUE,0.472999999998137
"2595","Y=~y2",0.672626441164392,0.0597984815344419,0.7,"LSAM",7432,4908257,1000,"ordinal","uniform","normal","Symmetric","3",1,TRUE,0.472999999998137
"2596","Y=~y3",0.760489326833323,0.0672984379295996,0.9,"LSAM",7432,4908257,1000,"ordinal","uniform","normal","Symmetric","3",1,TRUE,0.472999999998137
"2597","Y~X",0.473033601458947,0.0476620031755812,0.4,"LSAM",7432,4908257,1000,"ordinal","uniform","normal","Symmetric","3",1,TRUE,0.472999999998137
"2598","Y~Z",0.497633954854124,0.0877989282762313,0.5,"LSAM",7432,4908257,1000,"ordinal","uniform","normal","Symmetric","3",1,TRUE,0.472999999998137
"2599","Y~X:Z",0.322124404319871,0.0695555033870912,0.3,"LSAM",7432,4908257,1000,"ordinal","uniform","normal","Symmetric","3",1,TRUE,0.472999999998137
"2600","X~~Z",0.179307555813519,0.0538082071750867,0.2,"LSAM",7432,4908257,1000,"ordinal","uniform","normal","Symmetric","3",1,TRUE,0.472999999998137
"2601","X=~x1",0.223709543458056,0.0886620553808502,0.4,"MC-PLSc",7433,8930549,300,"ordinal","uniform","normal","Symmetric","5",1,TRUE,16.7299999999814
"2602","X=~x2",0.866466757461258,0.0775043317515233,0.8,"MC-PLSc",7433,8930549,300,"ordinal","uniform","normal","Symmetric","5",1,TRUE,16.7299999999814
"2603","X=~x3",0.784028542352692,0.0611494858408265,0.8,"MC-PLSc",7433,8930549,300,"ordinal","uniform","normal","Symmetric","5",1,TRUE,16.7299999999814
"2604","Z=~z1",0.618522228473424,0.0566254843232925,0.6,"MC-PLSc",7433,8930549,300,"ordinal","uniform","normal","Symmetric","5",1,TRUE,16.7299999999814
"2605","Z=~z2",0.628938081084858,0.0572851558742643,0.6,"MC-PLSc",7433,8930549,300,"ordinal","uniform","normal","Symmetric","5",1,TRUE,16.7299999999814
"2606","Z=~z3",0.804064113008673,0.0477468504874602,0.8,"MC-PLSc",7433,8930549,300,"ordinal","uniform","normal","Symmetric","5",1,TRUE,16.7299999999814
"2607","Y=~y1",0.444682709586787,0.0620322743649788,0.4,"MC-PLSc",7433,8930549,300,"ordinal","uniform","normal","Symmetric","5",1,TRUE,16.7299999999814
"2608","Y=~y2",0.669794551122286,0.0462363293244606,0.7,"MC-PLSc",7433,8930549,300,"ordinal","uniform","normal","Symmetric","5",1,TRUE,16.7299999999814
"2609","Y=~y3",0.945631938411062,0.0428022177753689,0.9,"MC-PLSc",7433,8930549,300,"ordinal","uniform","normal","Symmetric","5",1,TRUE,16.7299999999814
"2610","Y~X",0.375723861084592,0.0607462410127065,0.4,"MC-PLSc",7433,8930549,300,"ordinal","uniform","normal","Symmetric","5",1,TRUE,16.7299999999814
"2611","Y~Z",0.539011976355591,0.0665044085349698,0.5,"MC-PLSc",7433,8930549,300,"ordinal","uniform","normal","Symmetric","5",1,TRUE,16.7299999999814
"2612","Y~X:Z",0.202109856589361,0.0835790475517642,0.3,"MC-PLSc",7433,8930549,300,"ordinal","uniform","normal","Symmetric","5",1,TRUE,16.7299999999814
"2613","X~~Z",0.154266594247448,0.0797329997523776,0.2,"MC-PLSc",7433,8930549,300,"ordinal","uniform","normal","Symmetric","5",1,TRUE,16.7299999999814
"2614","X=~x1",0.139162461240713,0.145343542849685,0.4,"PLSc",7433,8930549,300,"ordinal","uniform","normal","Symmetric","5",1,TRUE,1.31200000003446
"2615","X=~x2",0.828549878166273,0.0812027338882551,0.8,"PLSc",7433,8930549,300,"ordinal","uniform","normal","Symmetric","5",1,TRUE,1.31200000003446
"2616","X=~x3",0.766598853923669,0.0680401495003374,0.8,"PLSc",7433,8930549,300,"ordinal","uniform","normal","Symmetric","5",1,TRUE,1.31200000003446
"2617","Z=~z1",0.609457330978021,0.0680281307633968,0.6,"PLSc",7433,8930549,300,"ordinal","uniform","normal","Symmetric","5",1,TRUE,1.31200000003446
"2618","Z=~z2",0.574579428163906,0.0761944619957149,0.6,"PLSc",7433,8930549,300,"ordinal","uniform","normal","Symmetric","5",1,TRUE,1.31200000003446
"2619","Z=~z3",0.77298200948711,0.0614125972451649,0.8,"PLSc",7433,8930549,300,"ordinal","uniform","normal","Symmetric","5",1,TRUE,1.31200000003446
"2620","Y=~y1",0.450811213042946,0.0792108274628394,0.4,"PLSc",7433,8930549,300,"ordinal","uniform","normal","Symmetric","5",1,TRUE,1.31200000003446
"2621","Y=~y2",0.618977850057663,0.0508796764917905,0.7,"PLSc",7433,8930549,300,"ordinal","uniform","normal","Symmetric","5",1,TRUE,1.31200000003446
"2622","Y=~y3",0.898115057702468,0.048215067883024,0.9,"PLSc",7433,8930549,300,"ordinal","uniform","normal","Symmetric","5",1,TRUE,1.31200000003446
"2623","Y~X",0.368948540278632,0.0684624094269429,0.4,"PLSc",7433,8930549,300,"ordinal","uniform","normal","Symmetric","5",1,TRUE,1.31200000003446
"2624","Y~Z",0.543567275719237,0.0706559804042755,0.5,"PLSc",7433,8930549,300,"ordinal","uniform","normal","Symmetric","5",1,TRUE,1.31200000003446
"2625","Y~X:Z",0.18438710034468,0.0830444154211554,0.3,"PLSc",7433,8930549,300,"ordinal","uniform","normal","Symmetric","5",1,TRUE,1.31200000003446
"2626","X~~Z",0.154843750649323,0.0781621242020442,0.2,"PLSc",7433,8930549,300,"ordinal","uniform","normal","Symmetric","5",1,TRUE,1.31200000003446
"2627","X=~x1",0.326083851539012,0.122360035134518,0.4,"PLS",7433,8930549,300,"ordinal","uniform","normal","Symmetric","5",1,TRUE,0.978999999992084
"2628","X=~x2",0.901474018538071,0.0216734001350996,0.8,"PLS",7433,8930549,300,"ordinal","uniform","normal","Symmetric","5",1,TRUE,0.978999999992084
"2629","X=~x3",0.879090821123097,0.0234399677654887,0.8,"PLS",7433,8930549,300,"ordinal","uniform","normal","Symmetric","5",1,TRUE,0.978999999992084
"2630","Z=~z1",0.744943224038187,0.0409083435950386,0.6,"PLS",7433,8930549,300,"ordinal","uniform","normal","Symmetric","5",1,TRUE,0.978999999992084
"2631","Z=~z2",0.754127238880103,0.0423635634017234,0.6,"PLS",7433,8930549,300,"ordinal","uniform","normal","Symmetric","5",1,TRUE,0.978999999992084
"2632","Z=~z3",0.849037369338108,0.0214733438699114,0.8,"PLS",7433,8930549,300,"ordinal","uniform","normal","Symmetric","5",1,TRUE,0.978999999992084
"2633","Y=~y1",0.593631112879037,0.0670807067610726,0.4,"PLS",7433,8930549,300,"ordinal","uniform","normal","Symmetric","5",1,TRUE,0.978999999992084
"2634","Y=~y2",0.804555164436038,0.0294733091040487,0.7,"PLS",7433,8930549,300,"ordinal","uniform","normal","Symmetric","5",1,TRUE,0.978999999992084
"2635","Y=~y3",0.906148244690767,0.012442956479561,0.9,"PLS",7433,8930549,300,"ordinal","uniform","normal","Symmetric","5",1,TRUE,0.978999999992084
"2636","Y~X",0.309506386594093,0.0461982212055206,0.4,"PLS",7433,8930549,300,"ordinal","uniform","normal","Symmetric","5",1,TRUE,0.978999999992084
"2637","Y~Z",0.409244568093084,0.0460575739824311,0.5,"PLS",7433,8930549,300,"ordinal","uniform","normal","Symmetric","5",1,TRUE,0.978999999992084
"2638","Y~X:Z",0.123104461566059,0.0448488455451836,0.3,"PLS",7433,8930549,300,"ordinal","uniform","normal","Symmetric","5",1,TRUE,0.978999999992084
"2639","X~~Z",0.11496786180492,0.0571610224024543,0.2,"PLS",7433,8930549,300,"ordinal","uniform","normal","Symmetric","5",1,TRUE,0.978999999992084
"2640","X=~x1",0.27,0.065,0.4,"Mplus",7433,8930549,300,"ordinal","uniform","normal","Symmetric","5",1,TRUE,220.043000000005
"2641","X=~x2",0.835,0.065,0.8,"Mplus",7433,8930549,300,"ordinal","uniform","normal","Symmetric","5",1,TRUE,220.043000000005
"2642","X=~x3",0.758,0.059,0.8,"Mplus",7433,8930549,300,"ordinal","uniform","normal","Symmetric","5",1,TRUE,220.043000000005
"2643","Z=~z1",0.583,0.055,0.6,"Mplus",7433,8930549,300,"ordinal","uniform","normal","Symmetric","5",1,TRUE,220.043000000005
"2644","Z=~z2",0.648,0.056,0.6,"Mplus",7433,8930549,300,"ordinal","uniform","normal","Symmetric","5",1,TRUE,220.043000000005
"2645","Z=~z3",0.765,0.047,0.8,"Mplus",7433,8930549,300,"ordinal","uniform","normal","Symmetric","5",1,TRUE,220.043000000005
"2646","Y=~y1",0.407,0.059,0.4,"Mplus",7433,8930549,300,"ordinal","uniform","normal","Symmetric","5",1,TRUE,220.043000000005
"2647","Y=~y2",0.669,0.051,0.7,"Mplus",7433,8930549,300,"ordinal","uniform","normal","Symmetric","5",1,TRUE,220.043000000005
"2648","Y=~y3",0.955,0.045,0.9,"Mplus",7433,8930549,300,"ordinal","uniform","normal","Symmetric","5",1,TRUE,220.043000000005
"2649","Y~X",0.347,0.066,0.4,"Mplus",7433,8930549,300,"ordinal","uniform","normal","Symmetric","5",1,TRUE,220.043000000005
"2650","Y~Z",0.552,0.062,0.5,"Mplus",7433,8930549,300,"ordinal","uniform","normal","Symmetric","5",1,TRUE,220.043000000005
"2651","Y~X:Z",0.163,0.078,0.3,"Mplus",7433,8930549,300,"ordinal","uniform","normal","Symmetric","5",1,TRUE,220.043000000005
"2652","X~~Z",0.154,0.081,0.2,"Mplus",7433,8930549,300,"ordinal","uniform","normal","Symmetric","5",1,TRUE,220.043000000005
"2653","X=~x1",0.310468010109456,0.0651601337970306,0.4,"LSAM",7433,8930549,300,"ordinal","uniform","normal","Symmetric","5",1,TRUE,0.429999999993015
"2654","X=~x2",0.866821639766289,0.124175877687057,0.8,"LSAM",7433,8930549,300,"ordinal","uniform","normal","Symmetric","5",1,TRUE,0.429999999993015
"2655","X=~x3",0.688904379933805,0.124865345877247,0.8,"LSAM",7433,8930549,300,"ordinal","uniform","normal","Symmetric","5",1,TRUE,0.429999999993015
"2656","Z=~z1",0.570091115022652,0.0443351793373799,0.6,"LSAM",7433,8930549,300,"ordinal","uniform","normal","Symmetric","5",1,TRUE,0.429999999993015
"2657","Z=~z2",0.632492206400174,0.0769260301264459,0.6,"LSAM",7433,8930549,300,"ordinal","uniform","normal","Symmetric","5",1,TRUE,0.429999999993015
"2658","Z=~z3",0.756261701760341,0.081374154208365,0.8,"LSAM",7433,8930549,300,"ordinal","uniform","normal","Symmetric","5",1,TRUE,0.429999999993015
"2659","Y=~y1",0.39711445854447,0.0216269510006976,0.4,"LSAM",7433,8930549,300,"ordinal","uniform","normal","Symmetric","5",1,TRUE,0.429999999993015
"2660","Y=~y2",0.650222822434348,0.0726470129269535,0.7,"LSAM",7433,8930549,300,"ordinal","uniform","normal","Symmetric","5",1,TRUE,0.429999999993015
"2661","Y=~y3",0.916761528172271,0.0899499816391149,0.9,"LSAM",7433,8930549,300,"ordinal","uniform","normal","Symmetric","5",1,TRUE,0.429999999993015
"2662","Y~X",0.317519746906033,0.0646906013856081,0.4,"LSAM",7433,8930549,300,"ordinal","uniform","normal","Symmetric","5",1,TRUE,0.429999999993015
"2663","Y~Z",0.567623576568238,0.0702293149746442,0.5,"LSAM",7433,8930549,300,"ordinal","uniform","normal","Symmetric","5",1,TRUE,0.429999999993015
"2664","Y~X:Z",0.153559187163926,0.0705081399794891,0.3,"LSAM",7433,8930549,300,"ordinal","uniform","normal","Symmetric","5",1,TRUE,0.429999999993015
"2665","X~~Z",0.153767285771877,0.0794192865672184,0.2,"LSAM",7433,8930549,300,"ordinal","uniform","normal","Symmetric","5",1,TRUE,0.429999999993015
"2666","X=~x1",0.431196597651029,0.0356021726583522,0.4,"MC-PLSc",7434,9790899,1000,"ordinal","uniform","normal","Symmetric","5",1,TRUE,19.8699999999953
"2667","X=~x2",0.828667685560007,0.0283637401129896,0.8,"MC-PLSc",7434,9790899,1000,"ordinal","uniform","normal","Symmetric","5",1,TRUE,19.8699999999953
"2668","X=~x3",0.776944888175813,0.0310158042661107,0.8,"MC-PLSc",7434,9790899,1000,"ordinal","uniform","normal","Symmetric","5",1,TRUE,19.8699999999953
"2669","Z=~z1",0.616315599667687,0.0330811145957402,0.6,"MC-PLSc",7434,9790899,1000,"ordinal","uniform","normal","Symmetric","5",1,TRUE,19.8699999999953
"2670","Z=~z2",0.660229729422318,0.0313557556419334,0.6,"MC-PLSc",7434,9790899,1000,"ordinal","uniform","normal","Symmetric","5",1,TRUE,19.8699999999953
"2671","Z=~z3",0.781708870684978,0.0290781900813832,0.8,"MC-PLSc",7434,9790899,1000,"ordinal","uniform","normal","Symmetric","5",1,TRUE,19.8699999999953
"2672","Y=~y1",0.397331164731885,0.0358796972995459,0.4,"MC-PLSc",7434,9790899,1000,"ordinal","uniform","normal","Symmetric","5",1,TRUE,19.8699999999953
"2673","Y=~y2",0.760768788072378,0.0236863376445383,0.7,"MC-PLSc",7434,9790899,1000,"ordinal","uniform","normal","Symmetric","5",1,TRUE,19.8699999999953
"2674","Y=~y3",0.893099044759059,0.0223118982306225,0.9,"MC-PLSc",7434,9790899,1000,"ordinal","uniform","normal","Symmetric","5",1,TRUE,19.8699999999953
"2675","Y~X",0.45639147109912,0.0320817011327266,0.4,"MC-PLSc",7434,9790899,1000,"ordinal","uniform","normal","Symmetric","5",1,TRUE,19.8699999999953
"2676","Y~Z",0.475118132822757,0.0313749398749126,0.5,"MC-PLSc",7434,9790899,1000,"ordinal","uniform","normal","Symmetric","5",1,TRUE,19.8699999999953
"2677","Y~X:Z",0.332610231607231,0.0397496041140835,0.3,"MC-PLSc",7434,9790899,1000,"ordinal","uniform","normal","Symmetric","5",1,TRUE,19.8699999999953
"2678","X~~Z",0.227261161678281,0.0457441049880018,0.2,"MC-PLSc",7434,9790899,1000,"ordinal","uniform","normal","Symmetric","5",1,TRUE,19.8699999999953
"2679","X=~x1",0.405420574196904,0.0492229221624978,0.4,"PLSc",7434,9790899,1000,"ordinal","uniform","normal","Symmetric","5",1,TRUE,1.38500000000931
"2680","X=~x2",0.78611676290443,0.0323424986725099,0.8,"PLSc",7434,9790899,1000,"ordinal","uniform","normal","Symmetric","5",1,TRUE,1.38500000000931
"2681","X=~x3",0.754516857082081,0.034658781801895,0.8,"PLSc",7434,9790899,1000,"ordinal","uniform","normal","Symmetric","5",1,TRUE,1.38500000000931
"2682","Z=~z1",0.59982501970546,0.0416259600476426,0.6,"PLSc",7434,9790899,1000,"ordinal","uniform","normal","Symmetric","5",1,TRUE,1.38500000000931
"2683","Z=~z2",0.645864950594342,0.039886405087408,0.6,"PLSc",7434,9790899,1000,"ordinal","uniform","normal","Symmetric","5",1,TRUE,1.38500000000931
"2684","Z=~z3",0.718439819561584,0.0367467035411882,0.8,"PLSc",7434,9790899,1000,"ordinal","uniform","normal","Symmetric","5",1,TRUE,1.38500000000931
"2685","Y=~y1",0.368550182529471,0.0435393057637036,0.4,"PLSc",7434,9790899,1000,"ordinal","uniform","normal","Symmetric","5",1,TRUE,1.38500000000931
"2686","Y=~y2",0.707649750747423,0.029886764669473,0.7,"PLSc",7434,9790899,1000,"ordinal","uniform","normal","Symmetric","5",1,TRUE,1.38500000000931
"2687","Y=~y3",0.86322475250505,0.0253592716592229,0.9,"PLSc",7434,9790899,1000,"ordinal","uniform","normal","Symmetric","5",1,TRUE,1.38500000000931
"2688","Y~X",0.442079296527869,0.0369563522212373,0.4,"PLSc",7434,9790899,1000,"ordinal","uniform","normal","Symmetric","5",1,TRUE,1.38500000000931
"2689","Y~Z",0.482809406117838,0.0376459235528457,0.5,"PLSc",7434,9790899,1000,"ordinal","uniform","normal","Symmetric","5",1,TRUE,1.38500000000931
"2690","Y~X:Z",0.310637978267382,0.0463394645457026,0.3,"PLSc",7434,9790899,1000,"ordinal","uniform","normal","Symmetric","5",1,TRUE,1.38500000000931
"2691","X~~Z",0.228069151916633,0.0435657993765819,0.2,"PLSc",7434,9790899,1000,"ordinal","uniform","normal","Symmetric","5",1,TRUE,1.38500000000931
"2692","X=~x1",0.574930647201991,0.0359886641097858,0.4,"PLS",7434,9790899,1000,"ordinal","uniform","normal","Symmetric","5",1,TRUE,0.948000000033062
"2693","X=~x2",0.872475944232077,0.0107919524550607,0.8,"PLS",7434,9790899,1000,"ordinal","uniform","normal","Symmetric","5",1,TRUE,0.948000000033062
"2694","X=~x3",0.854682944766035,0.012510502125985,0.8,"PLS",7434,9790899,1000,"ordinal","uniform","normal","Symmetric","5",1,TRUE,0.948000000033062
"2695","Z=~z1",0.741540710546045,0.0229446166047115,0.6,"PLS",7434,9790899,1000,"ordinal","uniform","normal","Symmetric","5",1,TRUE,0.948000000033062
"2696","Z=~z2",0.7734449307499,0.019240105016405,0.6,"PLS",7434,9790899,1000,"ordinal","uniform","normal","Symmetric","5",1,TRUE,0.948000000033062
"2697","Z=~z3",0.839787336026415,0.0141561258705769,0.8,"PLS",7434,9790899,1000,"ordinal","uniform","normal","Symmetric","5",1,TRUE,0.948000000033062
"2698","Y=~y1",0.535906825337483,0.0372786296627288,0.4,"PLS",7434,9790899,1000,"ordinal","uniform","normal","Symmetric","5",1,TRUE,0.948000000033062
"2699","Y=~y2",0.850207340242268,0.013109678923155,0.7,"PLS",7434,9790899,1000,"ordinal","uniform","normal","Symmetric","5",1,TRUE,0.948000000033062
"2700","Y=~y3",0.893578404891988,0.0078373220766253,0.9,"PLS",7434,9790899,1000,"ordinal","uniform","normal","Symmetric","5",1,TRUE,0.948000000033062
"2701","Y~X",0.366270266696949,0.0244079645444487,0.4,"PLS",7434,9790899,1000,"ordinal","uniform","normal","Symmetric","5",1,TRUE,0.948000000033062
"2702","Y~Z",0.363186127929135,0.0235000712404237,0.5,"PLS",7434,9790899,1000,"ordinal","uniform","normal","Symmetric","5",1,TRUE,0.948000000033062
"2703","Y~X:Z",0.193529162879706,0.0227604932952423,0.3,"PLS",7434,9790899,1000,"ordinal","uniform","normal","Symmetric","5",1,TRUE,0.948000000033062
"2704","X~~Z",0.164697659172981,0.0318249074011188,0.2,"PLS",7434,9790899,1000,"ordinal","uniform","normal","Symmetric","5",1,TRUE,0.948000000033062
"2705","X=~x1",0.421,0.032,0.4,"Mplus",7434,9790899,1000,"ordinal","uniform","normal","Symmetric","5",1,TRUE,715.799999999988
"2706","X=~x2",0.812,0.027,0.8,"Mplus",7434,9790899,1000,"ordinal","uniform","normal","Symmetric","5",1,TRUE,715.799999999988
"2707","X=~x3",0.757,0.026,0.8,"Mplus",7434,9790899,1000,"ordinal","uniform","normal","Symmetric","5",1,TRUE,715.799999999988
"2708","Z=~z1",0.601,0.029,0.6,"Mplus",7434,9790899,1000,"ordinal","uniform","normal","Symmetric","5",1,TRUE,715.799999999988
"2709","Z=~z2",0.633,0.028,0.6,"Mplus",7434,9790899,1000,"ordinal","uniform","normal","Symmetric","5",1,TRUE,715.799999999988
"2710","Z=~z3",0.782,0.027,0.8,"Mplus",7434,9790899,1000,"ordinal","uniform","normal","Symmetric","5",1,TRUE,715.799999999988
"2711","Y=~y1",0.375,0.033,0.4,"Mplus",7434,9790899,1000,"ordinal","uniform","normal","Symmetric","5",1,TRUE,715.799999999988
"2712","Y=~y2",0.731,0.025,0.7,"Mplus",7434,9790899,1000,"ordinal","uniform","normal","Symmetric","5",1,TRUE,715.799999999988
"2713","Y=~y3",0.9,0.02,0.9,"Mplus",7434,9790899,1000,"ordinal","uniform","normal","Symmetric","5",1,TRUE,715.799999999988
"2714","Y~X",0.447,0.032,0.4,"Mplus",7434,9790899,1000,"ordinal","uniform","normal","Symmetric","5",1,TRUE,715.799999999988
"2715","Y~Z",0.472,0.033,0.5,"Mplus",7434,9790899,1000,"ordinal","uniform","normal","Symmetric","5",1,TRUE,715.799999999988
"2716","Y~X:Z",0.302,0.036,0.3,"Mplus",7434,9790899,1000,"ordinal","uniform","normal","Symmetric","5",1,TRUE,715.799999999988
"2717","X~~Z",0.231,0.041,0.2,"Mplus",7434,9790899,1000,"ordinal","uniform","normal","Symmetric","5",1,TRUE,715.799999999988
"2718","X=~x1",0.417894150120921,0.0305829782774999,0.4,"LSAM",7434,9790899,1000,"ordinal","uniform","normal","Symmetric","5",1,TRUE,0.444000000017695
"2719","X=~x2",0.809284003028627,0.0511477698038815,0.8,"LSAM",7434,9790899,1000,"ordinal","uniform","normal","Symmetric","5",1,TRUE,0.444000000017695
"2720","X=~x3",0.722506059258717,0.0510104987631861,0.8,"LSAM",7434,9790899,1000,"ordinal","uniform","normal","Symmetric","5",1,TRUE,0.444000000017695
"2721","Z=~z1",0.570409069152413,0.0203735143393954,0.6,"LSAM",7434,9790899,1000,"ordinal","uniform","normal","Symmetric","5",1,TRUE,0.444000000017695
"2722","Z=~z2",0.60407960197417,0.0389078003519427,0.6,"LSAM",7434,9790899,1000,"ordinal","uniform","normal","Symmetric","5",1,TRUE,0.444000000017695
"2723","Z=~z3",0.793767853478519,0.0434364947362096,0.8,"LSAM",7434,9790899,1000,"ordinal","uniform","normal","Symmetric","5",1,TRUE,0.444000000017695
"2724","Y=~y1",0.386772112783879,0.0127990046668857,0.4,"LSAM",7434,9790899,1000,"ordinal","uniform","normal","Symmetric","5",1,TRUE,0.444000000017695
"2725","Y=~y2",0.754509958826016,0.0458122230983097,0.7,"LSAM",7434,9790899,1000,"ordinal","uniform","normal","Symmetric","5",1,TRUE,0.444000000017695
"2726","Y=~y3",0.798486213786032,0.0474815441460387,0.9,"LSAM",7434,9790899,1000,"ordinal","uniform","normal","Symmetric","5",1,TRUE,0.444000000017695
"2727","Y~X",0.455661544049568,0.0370492266629865,0.4,"LSAM",7434,9790899,1000,"ordinal","uniform","normal","Symmetric","5",1,TRUE,0.444000000017695
"2728","Y~Z",0.471436221517695,0.0479111125481775,0.5,"LSAM",7434,9790899,1000,"ordinal","uniform","normal","Symmetric","5",1,TRUE,0.444000000017695
"2729","Y~X:Z",0.304765430040623,0.041627777164819,0.3,"LSAM",7434,9790899,1000,"ordinal","uniform","normal","Symmetric","5",1,TRUE,0.444000000017695
"2730","X~~Z",0.226597141298028,0.0411129666875601,0.2,"LSAM",7434,9790899,1000,"ordinal","uniform","normal","Symmetric","5",1,TRUE,0.444000000017695
"2731","X=~x1",0.484018270359084,0.122365023065923,0.4,"MC-PLSc",7435,7239766,300,"ordinal","uniform","normal","Extreme","2",1,TRUE,12.5760000000009
"2732","X=~x2",0.874437845952583,0.11862386937869,0.8,"MC-PLSc",7435,7239766,300,"ordinal","uniform","normal","Extreme","2",1,TRUE,12.5760000000009
"2733","X=~x3",0.778785209944682,0.0959454215541052,0.8,"MC-PLSc",7435,7239766,300,"ordinal","uniform","normal","Extreme","2",1,TRUE,12.5760000000009
"2734","Z=~z1",0.395677662921758,0.212915637769245,0.6,"MC-PLSc",7435,7239766,300,"ordinal","uniform","normal","Extreme","2",1,TRUE,12.5760000000009
"2735","Z=~z2",0.754228409609681,0.176490149831668,0.6,"MC-PLSc",7435,7239766,300,"ordinal","uniform","normal","Extreme","2",1,TRUE,12.5760000000009
"2736","Z=~z3",0.692519814640729,0.20421544225433,0.8,"MC-PLSc",7435,7239766,300,"ordinal","uniform","normal","Extreme","2",1,TRUE,12.5760000000009
"2737","Y=~y1",0.370592515899574,0.11355269084074,0.4,"MC-PLSc",7435,7239766,300,"ordinal","uniform","normal","Extreme","2",1,TRUE,12.5760000000009
"2738","Y=~y2",0.736060155667244,0.097617662185205,0.7,"MC-PLSc",7435,7239766,300,"ordinal","uniform","normal","Extreme","2",1,TRUE,12.5760000000009
"2739","Y=~y3",0.972314018520683,0.110354289920996,0.9,"MC-PLSc",7435,7239766,300,"ordinal","uniform","normal","Extreme","2",1,TRUE,12.5760000000009
"2740","Y~X",0.408173404915182,0.163344067585577,0.4,"MC-PLSc",7435,7239766,300,"ordinal","uniform","normal","Extreme","2",1,TRUE,12.5760000000009
"2741","Y~Z",0.277778604789751,0.193769919878942,0.5,"MC-PLSc",7435,7239766,300,"ordinal","uniform","normal","Extreme","2",1,TRUE,12.5760000000009
"2742","Y~X:Z",0.319843317235705,0.303025895315665,0.3,"MC-PLSc",7435,7239766,300,"ordinal","uniform","normal","Extreme","2",1,TRUE,12.5760000000009
"2743","X~~Z",0.307748822586729,0.129141341442855,0.2,"MC-PLSc",7435,7239766,300,"ordinal","uniform","normal","Extreme","2",1,TRUE,12.5760000000009
"2744","X=~x1",0.37200512362714,0.127468438382438,0.4,"PLSc",7435,7239766,300,"ordinal","uniform","normal","Extreme","2",1,TRUE,1.29099999996834
"2745","X=~x2",0.659114266777973,0.121574025110662,0.8,"PLSc",7435,7239766,300,"ordinal","uniform","normal","Extreme","2",1,TRUE,1.29099999996834
"2746","X=~x3",0.604987038220605,0.116329443143103,0.8,"PLSc",7435,7239766,300,"ordinal","uniform","normal","Extreme","2",1,TRUE,1.29099999996834
"2747","Z=~z1",0.273678818193486,0.144528286907869,0.6,"PLSc",7435,7239766,300,"ordinal","uniform","normal","Extreme","2",1,TRUE,1.29099999996834
"2748","Z=~z2",0.566215907309167,0.158454933379846,0.6,"PLSc",7435,7239766,300,"ordinal","uniform","normal","Extreme","2",1,TRUE,1.29099999996834
"2749","Z=~z3",0.494063481740645,0.146117300507753,0.8,"PLSc",7435,7239766,300,"ordinal","uniform","normal","Extreme","2",1,TRUE,1.29099999996834
"2750","Y=~y1",0.268986049997948,0.126018680409475,0.4,"PLSc",7435,7239766,300,"ordinal","uniform","normal","Extreme","2",1,TRUE,1.29099999996834
"2751","Y=~y2",0.597026690352417,0.106950791831974,0.7,"PLSc",7435,7239766,300,"ordinal","uniform","normal","Extreme","2",1,TRUE,1.29099999996834
"2752","Y=~y3",0.801356411496343,0.108488734434981,0.9,"PLSc",7435,7239766,300,"ordinal","uniform","normal","Extreme","2",1,TRUE,1.29099999996834
"2753","Y~X",0.418807881135068,0.164869782821758,0.4,"PLSc",7435,7239766,300,"ordinal","uniform","normal","Extreme","2",1,TRUE,1.29099999996834
"2754","Y~Z",0.311862344110601,0.218108518273662,0.5,"PLSc",7435,7239766,300,"ordinal","uniform","normal","Extreme","2",1,TRUE,1.29099999996834
"2755","Y~X:Z",0.0658117410738959,0.262044787245584,0.3,"PLSc",7435,7239766,300,"ordinal","uniform","normal","Extreme","2",1,TRUE,1.29099999996834
"2756","X~~Z",0.26262125136606,0.126666319269253,0.2,"PLSc",7435,7239766,300,"ordinal","uniform","normal","Extreme","2",1,TRUE,1.29099999996834
"2757","X=~x1",0.497350760648679,0.123494559405778,0.4,"PLS",7435,7239766,300,"ordinal","uniform","normal","Extreme","2",1,TRUE,0.930999999982305
"2758","X=~x2",0.839416825880976,0.0506471547118643,0.8,"PLS",7435,7239766,300,"ordinal","uniform","normal","Extreme","2",1,TRUE,0.930999999982305
"2759","X=~x3",0.789437139680911,0.0623352355753522,0.8,"PLS",7435,7239766,300,"ordinal","uniform","normal","Extreme","2",1,TRUE,0.930999999982305
"2760","Z=~z1",0.446124346985524,0.173225999747635,0.6,"PLS",7435,7239766,300,"ordinal","uniform","normal","Extreme","2",1,TRUE,0.930999999982305
"2761","Z=~z2",0.797151474500927,0.115296347746653,0.6,"PLS",7435,7239766,300,"ordinal","uniform","normal","Extreme","2",1,TRUE,0.930999999982305
"2762","Z=~z3",0.738782837130256,0.126092128084231,0.8,"PLS",7435,7239766,300,"ordinal","uniform","normal","Extreme","2",1,TRUE,0.930999999982305
"2763","Y=~y1",0.402001662214596,0.130211542325239,0.4,"PLS",7435,7239766,300,"ordinal","uniform","normal","Extreme","2",1,TRUE,0.930999999982305
"2764","Y=~y2",0.79244821728326,0.0600474501250314,0.7,"PLS",7435,7239766,300,"ordinal","uniform","normal","Extreme","2",1,TRUE,0.930999999982305
"2765","Y=~y3",0.888870489543152,0.0355720766147528,0.9,"PLS",7435,7239766,300,"ordinal","uniform","normal","Extreme","2",1,TRUE,0.930999999982305
"2766","Y~X",0.292159614054881,0.0653790570126156,0.4,"PLS",7435,7239766,300,"ordinal","uniform","normal","Extreme","2",1,TRUE,0.930999999982305
"2767","Y~Z",0.197119090568172,0.0611468600859661,0.5,"PLS",7435,7239766,300,"ordinal","uniform","normal","Extreme","2",1,TRUE,0.930999999982305
"2768","Y~X:Z",0.105833266211682,0.0562299327109284,0.3,"PLS",7435,7239766,300,"ordinal","uniform","normal","Extreme","2",1,TRUE,0.930999999982305
"2769","X~~Z",0.138202149203617,0.0672215008088886,0.2,"PLS",7435,7239766,300,"ordinal","uniform","normal","Extreme","2",1,TRUE,0.930999999982305
"2770","X=~x1",0.432,0.182,0.4,"Mplus",7435,7239766,300,"ordinal","uniform","normal","Extreme","2",1,TRUE,115.584000000032
"2771","X=~x2",0.923,0.103,0.8,"Mplus",7435,7239766,300,"ordinal","uniform","normal","Extreme","2",1,TRUE,115.584000000032
"2772","X=~x3",0.755,0.087,0.8,"Mplus",7435,7239766,300,"ordinal","uniform","normal","Extreme","2",1,TRUE,115.584000000032
"2773","Z=~z1",0.41,0.11,0.6,"Mplus",7435,7239766,300,"ordinal","uniform","normal","Extreme","2",1,TRUE,115.584000000032
"2774","Z=~z2",0.752,0.156,0.6,"Mplus",7435,7239766,300,"ordinal","uniform","normal","Extreme","2",1,TRUE,115.584000000032
"2775","Z=~z3",0.708,0.159,0.8,"Mplus",7435,7239766,300,"ordinal","uniform","normal","Extreme","2",1,TRUE,115.584000000032
"2776","Y=~y1",0.369,0.11,0.4,"Mplus",7435,7239766,300,"ordinal","uniform","normal","Extreme","2",1,TRUE,115.584000000032
"2777","Y=~y2",0.774,0.092,0.7,"Mplus",7435,7239766,300,"ordinal","uniform","normal","Extreme","2",1,TRUE,115.584000000032
"2778","Y=~y3",0.962,0.085,0.9,"Mplus",7435,7239766,300,"ordinal","uniform","normal","Extreme","2",1,TRUE,115.584000000032
"2779","Y~X",0.484,0.12,0.4,"Mplus",7435,7239766,300,"ordinal","uniform","normal","Extreme","2",1,TRUE,115.584000000032
"2780","Y~Z",0.368,0.148,0.5,"Mplus",7435,7239766,300,"ordinal","uniform","normal","Extreme","2",1,TRUE,115.584000000032
"2781","Y~X:Z",0.059,0.199,0.3,"Mplus",7435,7239766,300,"ordinal","uniform","normal","Extreme","2",1,TRUE,115.584000000032
"2782","X~~Z",0.289,0.132,0.2,"Mplus",7435,7239766,300,"ordinal","uniform","normal","Extreme","2",1,TRUE,115.584000000032
"2783","X=~x1",0.310091133451453,0.0822180051673175,0.4,"LSAM",7435,7239766,300,"ordinal","uniform","normal","Extreme","2",1,TRUE,0.550000000046566
"2784","X=~x2",0.813739696292929,0.176742298828041,0.8,"LSAM",7435,7239766,300,"ordinal","uniform","normal","Extreme","2",1,TRUE,0.550000000046566
"2785","X=~x3",0.558465665159464,0.151760424515286,0.8,"LSAM",7435,7239766,300,"ordinal","uniform","normal","Extreme","2",1,TRUE,0.550000000046566
"2786","Z=~z1",0.30800344405089,0.784245896191573,0.6,"LSAM",7435,7239766,300,"ordinal","uniform","normal","Extreme","2",1,TRUE,0.550000000046566
"2787","Z=~z2",0.542946577367682,1.09056308855793,0.6,"LSAM",7435,7239766,300,"ordinal","uniform","normal","Extreme","2",1,TRUE,0.550000000046566
"2788","Z=~z3",0.506360400692638,1.07049623870169,0.8,"LSAM",7435,7239766,300,"ordinal","uniform","normal","Extreme","2",1,TRUE,0.550000000046566
"2789","Y=~y1",0.307741553179515,0.0255739433979503,0.4,"LSAM",7435,7239766,300,"ordinal","uniform","normal","Extreme","2",1,TRUE,0.550000000046566
"2790","Y=~y2",0.591236128728377,0.108161881007916,0.7,"LSAM",7435,7239766,300,"ordinal","uniform","normal","Extreme","2",1,TRUE,0.550000000046566
"2791","Y=~y3",0.815044935935482,0.149048179139102,0.9,"LSAM",7435,7239766,300,"ordinal","uniform","normal","Extreme","2",1,TRUE,0.550000000046566
"2792","Y~X",0.366588233879335,0.504848350213433,0.4,"LSAM",7435,7239766,300,"ordinal","uniform","normal","Extreme","2",1,TRUE,0.550000000046566
"2793","Y~Z",0.29888821612366,1.05017453904373,0.5,"LSAM",7435,7239766,300,"ordinal","uniform","normal","Extreme","2",1,TRUE,0.550000000046566
"2794","Y~X:Z",0.0782388937389604,0.21177087306644,0.3,"LSAM",7435,7239766,300,"ordinal","uniform","normal","Extreme","2",1,TRUE,0.550000000046566
"2795","X~~Z",0.248129676256492,0.633864160858881,0.2,"LSAM",7435,7239766,300,"ordinal","uniform","normal","Extreme","2",1,TRUE,0.550000000046566
"2796","X=~x1",0.279273684095484,0.0952617443523335,0.4,"MC-PLSc",7436,4829785,1000,"ordinal","uniform","normal","Extreme","2",1,TRUE,15.5949999999721
"2797","X=~x2",0.613508088348725,0.0814125187965205,0.8,"MC-PLSc",7436,4829785,1000,"ordinal","uniform","normal","Extreme","2",1,TRUE,15.5949999999721
"2798","X=~x3",0.92869141210401,0.108168926233978,0.8,"MC-PLSc",7436,4829785,1000,"ordinal","uniform","normal","Extreme","2",1,TRUE,15.5949999999721
"2799","Z=~z1",0.722328763180232,0.0655720514370886,0.6,"MC-PLSc",7436,4829785,1000,"ordinal","uniform","normal","Extreme","2",1,TRUE,15.5949999999721
"2800","Z=~z2",0.509723789206283,0.0800239227999932,0.6,"MC-PLSc",7436,4829785,1000,"ordinal","uniform","normal","Extreme","2",1,TRUE,15.5949999999721
"2801","Z=~z3",0.757015771579222,0.063849408006811,0.8,"MC-PLSc",7436,4829785,1000,"ordinal","uniform","normal","Extreme","2",1,TRUE,15.5949999999721
"2802","Y=~y1",0.317611757275442,0.0676909048105939,0.4,"MC-PLSc",7436,4829785,1000,"ordinal","uniform","normal","Extreme","2",1,TRUE,15.5949999999721
"2803","Y=~y2",0.696922260385038,0.0648656196887069,0.7,"MC-PLSc",7436,4829785,1000,"ordinal","uniform","normal","Extreme","2",1,TRUE,15.5949999999721
"2804","Y=~y3",0.982976750996235,0.0603002645886737,0.9,"MC-PLSc",7436,4829785,1000,"ordinal","uniform","normal","Extreme","2",1,TRUE,15.5949999999721
"2805","Y~X",0.342867350012376,0.133775636851834,0.4,"MC-PLSc",7436,4829785,1000,"ordinal","uniform","normal","Extreme","2",1,TRUE,15.5949999999721
"2806","Y~Z",0.444134845419421,0.100784014647546,0.5,"MC-PLSc",7436,4829785,1000,"ordinal","uniform","normal","Extreme","2",1,TRUE,15.5949999999721
"2807","Y~X:Z",0.332082415673448,0.31828829532853,0.3,"MC-PLSc",7436,4829785,1000,"ordinal","uniform","normal","Extreme","2",1,TRUE,15.5949999999721
"2808","X~~Z",0.202423916628613,0.067014985246814,0.2,"MC-PLSc",7436,4829785,1000,"ordinal","uniform","normal","Extreme","2",1,TRUE,15.5949999999721
"2809","X=~x1",0.180174623477884,0.0848604952572312,0.4,"PLSc",7436,4829785,1000,"ordinal","uniform","normal","Extreme","2",1,TRUE,1.36199999996461
"2810","X=~x2",0.438417448684196,0.0719660994662495,0.8,"PLSc",7436,4829785,1000,"ordinal","uniform","normal","Extreme","2",1,TRUE,1.36199999996461
"2811","X=~x3",0.743990001159495,0.0880584168764039,0.8,"PLSc",7436,4829785,1000,"ordinal","uniform","normal","Extreme","2",1,TRUE,1.36199999996461
"2812","Z=~z1",0.577929249689805,0.0651323724963584,0.6,"PLSc",7436,4829785,1000,"ordinal","uniform","normal","Extreme","2",1,TRUE,1.36199999996461
"2813","Z=~z2",0.309189777605007,0.0734181152253523,0.6,"PLSc",7436,4829785,1000,"ordinal","uniform","normal","Extreme","2",1,TRUE,1.36199999996461
"2814","Z=~z3",0.572789434452792,0.0648184397503357,0.8,"PLSc",7436,4829785,1000,"ordinal","uniform","normal","Extreme","2",1,TRUE,1.36199999996461
"2815","Y=~y1",0.210915728092419,0.0664523109399877,0.4,"PLSc",7436,4829785,1000,"ordinal","uniform","normal","Extreme","2",1,TRUE,1.36199999996461
"2816","Y=~y2",0.557708910831124,0.0502948653542968,0.7,"PLSc",7436,4829785,1000,"ordinal","uniform","normal","Extreme","2",1,TRUE,1.36199999996461
"2817","Y=~y3",0.823769845598867,0.0563374867035586,0.9,"PLSc",7436,4829785,1000,"ordinal","uniform","normal","Extreme","2",1,TRUE,1.36199999996461
"2818","Y~X",0.350657114584948,0.0952130651124813,0.4,"PLSc",7436,4829785,1000,"ordinal","uniform","normal","Extreme","2",1,TRUE,1.36199999996461
"2819","Y~Z",0.415865790700247,0.097995931935488,0.5,"PLSc",7436,4829785,1000,"ordinal","uniform","normal","Extreme","2",1,TRUE,1.36199999996461
"2820","Y~X:Z",0.141586715512697,0.37691812705156,0.3,"PLSc",7436,4829785,1000,"ordinal","uniform","normal","Extreme","2",1,TRUE,1.36199999996461
"2821","X~~Z",0.160096732029508,0.0599718587008849,0.2,"PLSc",7436,4829785,1000,"ordinal","uniform","normal","Extreme","2",1,TRUE,1.36199999996461
"2822","X=~x1",0.303515492131176,0.102546295377672,0.4,"PLS",7436,4829785,1000,"ordinal","uniform","normal","Extreme","2",1,TRUE,0.939000000013039
"2823","X=~x2",0.695468369697871,0.0596418585444245,0.8,"PLS",7436,4829785,1000,"ordinal","uniform","normal","Extreme","2",1,TRUE,0.939000000013039
"2824","X=~x3",0.886996077844984,0.0363354916670901,0.8,"PLS",7436,4829785,1000,"ordinal","uniform","normal","Extreme","2",1,TRUE,0.939000000013039
"2825","Z=~z1",0.751638684187931,0.0467983121772394,0.6,"PLS",7436,4829785,1000,"ordinal","uniform","normal","Extreme","2",1,TRUE,0.939000000013039
"2826","Z=~z2",0.548528722306264,0.0665515173601274,0.6,"PLS",7436,4829785,1000,"ordinal","uniform","normal","Extreme","2",1,TRUE,0.939000000013039
"2827","Z=~z3",0.779439800030191,0.0390740323852567,0.8,"PLS",7436,4829785,1000,"ordinal","uniform","normal","Extreme","2",1,TRUE,0.939000000013039
"2828","Y=~y1",0.341704788201559,0.0718497272714706,0.4,"PLS",7436,4829785,1000,"ordinal","uniform","normal","Extreme","2",1,TRUE,0.939000000013039
"2829","Y=~y2",0.775031521364634,0.0323199512496289,0.7,"PLS",7436,4829785,1000,"ordinal","uniform","normal","Extreme","2",1,TRUE,0.939000000013039
"2830","Y=~y3",0.89635480801923,0.0159202688867931,0.9,"PLS",7436,4829785,1000,"ordinal","uniform","normal","Extreme","2",1,TRUE,0.939000000013039
"2831","Y~X",0.251539138237691,0.0345519031580892,0.4,"PLS",7436,4829785,1000,"ordinal","uniform","normal","Extreme","2",1,TRUE,0.939000000013039
"2832","Y~Z",0.273969098164788,0.0311128202326065,0.5,"PLS",7436,4829785,1000,"ordinal","uniform","normal","Extreme","2",1,TRUE,0.939000000013039
"2833","Y~X:Z",0.126297057920859,0.0364988770179263,0.3,"PLS",7436,4829785,1000,"ordinal","uniform","normal","Extreme","2",1,TRUE,0.939000000013039
"2834","X~~Z",0.088144603959571,0.0321636883779603,0.2,"PLS",7436,4829785,1000,"ordinal","uniform","normal","Extreme","2",1,TRUE,0.939000000013039
"2835","X=~x1",0.282,0.122,0.4,"Mplus",7436,4829785,1000,"ordinal","uniform","normal","Extreme","2",1,TRUE,198.282000000007
"2836","X=~x2",0.642,0.085,0.8,"Mplus",7436,4829785,1000,"ordinal","uniform","normal","Extreme","2",1,TRUE,198.282000000007
"2837","X=~x3",0.876,0.105,0.8,"Mplus",7436,4829785,1000,"ordinal","uniform","normal","Extreme","2",1,TRUE,198.282000000007
"2838","Z=~z1",0.645,0.061,0.6,"Mplus",7436,4829785,1000,"ordinal","uniform","normal","Extreme","2",1,TRUE,198.282000000007
"2839","Z=~z2",0.577,0.058,0.6,"Mplus",7436,4829785,1000,"ordinal","uniform","normal","Extreme","2",1,TRUE,198.282000000007
"2840","Z=~z3",0.785,0.06,0.8,"Mplus",7436,4829785,1000,"ordinal","uniform","normal","Extreme","2",1,TRUE,198.282000000007
"2841","Y=~y1",0.332,0.08,0.4,"Mplus",7436,4829785,1000,"ordinal","uniform","normal","Extreme","2",1,TRUE,198.282000000007
"2842","Y=~y2",0.708,0.047,0.7,"Mplus",7436,4829785,1000,"ordinal","uniform","normal","Extreme","2",1,TRUE,198.282000000007
"2843","Y=~y3",0.981,0.039,0.9,"Mplus",7436,4829785,1000,"ordinal","uniform","normal","Extreme","2",1,TRUE,198.282000000007
"2844","Y~X",0.426,0.075,0.4,"Mplus",7436,4829785,1000,"ordinal","uniform","normal","Extreme","2",1,TRUE,198.282000000007
"2845","Y~Z",0.51,0.069,0.5,"Mplus",7436,4829785,1000,"ordinal","uniform","normal","Extreme","2",1,TRUE,198.282000000007
"2846","Y~X:Z",0.115,0.122,0.3,"Mplus",7436,4829785,1000,"ordinal","uniform","normal","Extreme","2",1,TRUE,198.282000000007
"2847","X~~Z",0.192,0.077,0.2,"Mplus",7436,4829785,1000,"ordinal","uniform","normal","Extreme","2",1,TRUE,198.282000000007
"2848","X=~x1",0.301995445260305,0.0468365088035954,0.4,"LSAM",7436,4829785,1000,"ordinal","uniform","normal","Extreme","2",1,TRUE,0.492000000027474
"2849","X=~x2",0.632602219281983,0.120915751928564,0.8,"LSAM",7436,4829785,1000,"ordinal","uniform","normal","Extreme","2",1,TRUE,0.492000000027474
"2850","X=~x3",0.48541327413923,0.0951539758814305,0.8,"LSAM",7436,4829785,1000,"ordinal","uniform","normal","Extreme","2",1,TRUE,0.492000000027474
"2851","Z=~z1",0.413572911875803,0.148264783057207,0.6,"LSAM",7436,4829785,1000,"ordinal","uniform","normal","Extreme","2",1,TRUE,0.492000000027474
"2852","Z=~z2",0.432829737347086,0.161558690430214,0.6,"LSAM",7436,4829785,1000,"ordinal","uniform","normal","Extreme","2",1,TRUE,0.492000000027474
"2853","Z=~z3",0.659720594270628,0.184386304951516,0.8,"LSAM",7436,4829785,1000,"ordinal","uniform","normal","Extreme","2",1,TRUE,0.492000000027474
"2854","Y=~y1",0.304431566568481,0.0166070554587746,0.4,"LSAM",7436,4829785,1000,"ordinal","uniform","normal","Extreme","2",1,TRUE,0.492000000027474
"2855","Y=~y2",0.624709154459346,0.0701810199250465,0.7,"LSAM",7436,4829785,1000,"ordinal","uniform","normal","Extreme","2",1,TRUE,0.492000000027474
"2856","Y=~y3",0.712112644864877,0.0805991677913037,0.9,"LSAM",7436,4829785,1000,"ordinal","uniform","normal","Extreme","2",1,TRUE,0.492000000027474
"2857","Y~X",0.361266495406188,0.121059997927291,0.4,"LSAM",7436,4829785,1000,"ordinal","uniform","normal","Extreme","2",1,TRUE,0.492000000027474
"2858","Y~Z",0.384079834725617,0.275180798313345,0.5,"LSAM",7436,4829785,1000,"ordinal","uniform","normal","Extreme","2",1,TRUE,0.492000000027474
"2859","Y~X:Z",0.23004995934636,0.16405086016325,0.3,"LSAM",7436,4829785,1000,"ordinal","uniform","normal","Extreme","2",1,TRUE,0.492000000027474
"2860","X~~Z",0.126955016974603,0.111650295679243,0.2,"LSAM",7436,4829785,1000,"ordinal","uniform","normal","Extreme","2",1,TRUE,0.492000000027474
"2861","X=~x1",0.334432218731267,0.139558319178263,0.4,"MC-PLSc",7437,5633426,300,"ordinal","uniform","normal","Extreme","3",1,TRUE,13.9440000000177
"2862","X=~x2",0.98898458147732,0.167285322598934,0.8,"MC-PLSc",7437,5633426,300,"ordinal","uniform","normal","Extreme","3",1,TRUE,13.9440000000177
"2863","X=~x3",0.706773816898782,0.118093932919395,0.8,"MC-PLSc",7437,5633426,300,"ordinal","uniform","normal","Extreme","3",1,TRUE,13.9440000000177
"2864","Z=~z1",0.540239341015156,0.0955047073622257,0.6,"MC-PLSc",7437,5633426,300,"ordinal","uniform","normal","Extreme","3",1,TRUE,13.9440000000177
"2865","Z=~z2",0.5569652799028,0.0921262061381014,0.6,"MC-PLSc",7437,5633426,300,"ordinal","uniform","normal","Extreme","3",1,TRUE,13.9440000000177
"2866","Z=~z3",0.907991749060973,0.0947480397489859,0.8,"MC-PLSc",7437,5633426,300,"ordinal","uniform","normal","Extreme","3",1,TRUE,13.9440000000177
"2867","Y=~y1",0.44764616669445,0.100519465930057,0.4,"MC-PLSc",7437,5633426,300,"ordinal","uniform","normal","Extreme","3",1,TRUE,13.9440000000177
"2868","Y=~y2",0.596547942121993,0.0839392289066752,0.7,"MC-PLSc",7437,5633426,300,"ordinal","uniform","normal","Extreme","3",1,TRUE,13.9440000000177
"2869","Y=~y3",0.92566194537912,0.0736168823593256,0.9,"MC-PLSc",7437,5633426,300,"ordinal","uniform","normal","Extreme","3",1,TRUE,13.9440000000177
"2870","Y~X",0.180173546824458,0.129204049026075,0.4,"MC-PLSc",7437,5633426,300,"ordinal","uniform","normal","Extreme","3",1,TRUE,13.9440000000177
"2871","Y~Z",0.466215854845462,0.105140084630222,0.5,"MC-PLSc",7437,5633426,300,"ordinal","uniform","normal","Extreme","3",1,TRUE,13.9440000000177
"2872","Y~X:Z",0.598497213665118,0.212223441621187,0.3,"MC-PLSc",7437,5633426,300,"ordinal","uniform","normal","Extreme","3",1,TRUE,13.9440000000177
"2873","X~~Z",0.104834022168731,0.112960777879335,0.2,"MC-PLSc",7437,5633426,300,"ordinal","uniform","normal","Extreme","3",1,TRUE,13.9440000000177
"2874","X=~x1",0.19378876673959,0.180866916630435,0.4,"PLSc",7437,5633426,300,"ordinal","uniform","normal","Extreme","3",1,TRUE,1.29700000002049
"2875","X=~x2",0.936149763342445,0.132279218592873,0.8,"PLSc",7437,5633426,300,"ordinal","uniform","normal","Extreme","3",1,TRUE,1.29700000002049
"2876","X=~x3",0.58313943481297,0.134089494650923,0.8,"PLSc",7437,5633426,300,"ordinal","uniform","normal","Extreme","3",1,TRUE,1.29700000002049
"2877","Z=~z1",0.427561423436589,0.126211630105652,0.6,"PLSc",7437,5633426,300,"ordinal","uniform","normal","Extreme","3",1,TRUE,1.29700000002049
"2878","Z=~z2",0.448094011103378,0.107448258821564,0.6,"PLSc",7437,5633426,300,"ordinal","uniform","normal","Extreme","3",1,TRUE,1.29700000002049
"2879","Z=~z3",0.808756292468515,0.111340877506588,0.8,"PLSc",7437,5633426,300,"ordinal","uniform","normal","Extreme","3",1,TRUE,1.29700000002049
"2880","Y=~y1",0.358820679143777,0.114593360139588,0.4,"PLSc",7437,5633426,300,"ordinal","uniform","normal","Extreme","3",1,TRUE,1.29700000002049
"2881","Y=~y2",0.510841656930314,0.093225839711271,0.7,"PLSc",7437,5633426,300,"ordinal","uniform","normal","Extreme","3",1,TRUE,1.29700000002049
"2882","Y=~y3",0.808844433203641,0.0854818007508246,0.9,"PLSc",7437,5633426,300,"ordinal","uniform","normal","Extreme","3",1,TRUE,1.29700000002049
"2883","Y~X",0.255188045882422,3.55552381754704,0.4,"PLSc",7437,5633426,300,"ordinal","uniform","normal","Extreme","3",1,TRUE,1.29700000002049
"2884","Y~Z",0.467554979776063,17.8852703596412,0.5,"PLSc",7437,5633426,300,"ordinal","uniform","normal","Extreme","3",1,TRUE,1.29700000002049
"2885","Y~X:Z",0.36679255444146,35.3695345285709,0.3,"PLSc",7437,5633426,300,"ordinal","uniform","normal","Extreme","3",1,TRUE,1.29700000002049
"2886","X~~Z",0.0831597364741653,0.0946699327732028,0.2,"PLSc",7437,5633426,300,"ordinal","uniform","normal","Extreme","3",1,TRUE,1.29700000002049
"2887","X=~x1",0.38961483878066,0.154176724292522,0.4,"PLS",7437,5633426,300,"ordinal","uniform","normal","Extreme","3",1,TRUE,0.926000000035856
"2888","X=~x2",0.912558579546869,0.0424114126659799,0.8,"PLS",7437,5633426,300,"ordinal","uniform","normal","Extreme","3",1,TRUE,0.926000000035856
"2889","X=~x3",0.794898786095442,0.0697174670193544,0.8,"PLS",7437,5633426,300,"ordinal","uniform","normal","Extreme","3",1,TRUE,0.926000000035856
"2890","Z=~z1",0.625109577497707,0.102039930451774,0.6,"PLS",7437,5633426,300,"ordinal","uniform","normal","Extreme","3",1,TRUE,0.926000000035856
"2891","Z=~z2",0.647279112577588,0.0822000556187689,0.6,"PLS",7437,5633426,300,"ordinal","uniform","normal","Extreme","3",1,TRUE,0.926000000035856
"2892","Z=~z3",0.881214882646135,0.0364035011468468,0.8,"PLS",7437,5633426,300,"ordinal","uniform","normal","Extreme","3",1,TRUE,0.926000000035856
"2893","Y=~y1",0.548508642825267,0.107183008082023,0.4,"PLS",7437,5633426,300,"ordinal","uniform","normal","Extreme","3",1,TRUE,0.926000000035856
"2894","Y=~y2",0.705106714109769,0.0710974434902825,0.7,"PLS",7437,5633426,300,"ordinal","uniform","normal","Extreme","3",1,TRUE,0.926000000035856
"2895","Y=~y3",0.88545401149225,0.0286472210369223,0.9,"PLS",7437,5633426,300,"ordinal","uniform","normal","Extreme","3",1,TRUE,0.926000000035856
"2896","Y~X",0.217783973638224,0.0571791611790218,0.4,"PLS",7437,5633426,300,"ordinal","uniform","normal","Extreme","3",1,TRUE,0.926000000035856
"2897","Y~Z",0.322789076459441,0.0507560693661126,0.5,"PLS",7437,5633426,300,"ordinal","uniform","normal","Extreme","3",1,TRUE,0.926000000035856
"2898","Y~X:Z",0.249411702965206,0.0523392285510363,0.3,"PLS",7437,5633426,300,"ordinal","uniform","normal","Extreme","3",1,TRUE,0.926000000035856
"2899","X~~Z",0.0611519629748196,0.0676387307961472,0.2,"PLS",7437,5633426,300,"ordinal","uniform","normal","Extreme","3",1,TRUE,0.926000000035856
"2900","X=~x1",0.403,0.094,0.4,"Mplus",7437,5633426,300,"ordinal","uniform","normal","Extreme","3",1,TRUE,191.911999999953
"2901","X=~x2",0.855,0.09,0.8,"Mplus",7437,5633426,300,"ordinal","uniform","normal","Extreme","3",1,TRUE,191.911999999953
"2902","X=~x3",0.765,0.085,0.8,"Mplus",7437,5633426,300,"ordinal","uniform","normal","Extreme","3",1,TRUE,191.911999999953
"2903","Z=~z1",0.497,0.065,0.6,"Mplus",7437,5633426,300,"ordinal","uniform","normal","Extreme","3",1,TRUE,191.911999999953
"2904","Z=~z2",0.478,0.071,0.6,"Mplus",7437,5633426,300,"ordinal","uniform","normal","Extreme","3",1,TRUE,191.911999999953
"2905","Z=~z3",0.98,0.004,0.8,"Mplus",7437,5633426,300,"ordinal","uniform","normal","Extreme","3",1,TRUE,191.911999999953
"2906","Y=~y1",0.412,0.081,0.4,"Mplus",7437,5633426,300,"ordinal","uniform","normal","Extreme","3",1,TRUE,191.911999999953
"2907","Y=~y2",0.568,0.073,0.7,"Mplus",7437,5633426,300,"ordinal","uniform","normal","Extreme","3",1,TRUE,191.911999999953
"2908","Y=~y3",0.952,0.072,0.9,"Mplus",7437,5633426,300,"ordinal","uniform","normal","Extreme","3",1,TRUE,191.911999999953
"2909","Y~X",0.321,0.111,0.4,"Mplus",7437,5633426,300,"ordinal","uniform","normal","Extreme","3",1,TRUE,191.911999999953
"2910","Y~Z",0.532,0.081,0.5,"Mplus",7437,5633426,300,"ordinal","uniform","normal","Extreme","3",1,TRUE,191.911999999953
"2911","Y~X:Z",0.365,0.111,0.3,"Mplus",7437,5633426,300,"ordinal","uniform","normal","Extreme","3",1,TRUE,191.911999999953
"2912","X~~Z",0.025,0.098,0.2,"Mplus",7437,5633426,300,"ordinal","uniform","normal","Extreme","3",1,TRUE,191.911999999953
"2913","X=~x1",0.329790703125534,0.0694858511407887,0.4,"LSAM",7437,5633426,300,"ordinal","uniform","normal","Extreme","3",1,TRUE,0.534999999974389
"2914","X=~x2",0.633241458739412,0.134228072665619,0.8,"LSAM",7437,5633426,300,"ordinal","uniform","normal","Extreme","3",1,TRUE,0.534999999974389
"2915","X=~x3",0.798542884152351,0.144986104155249,0.8,"LSAM",7437,5633426,300,"ordinal","uniform","normal","Extreme","3",1,TRUE,0.534999999974389
"2916","Z=~z1",0.428256466055836,0.0380341116984026,0.6,"LSAM",7437,5633426,300,"ordinal","uniform","normal","Extreme","3",1,TRUE,0.534999999974389
"2917","Z=~z2",0.445863556749729,0.0865683113366494,0.6,"LSAM",7437,5633426,300,"ordinal","uniform","normal","Extreme","3",1,TRUE,0.534999999974389
"2918","Z=~z3",0.810637930595725,0.1498948998391,0.8,"LSAM",7437,5633426,300,"ordinal","uniform","normal","Extreme","3",1,TRUE,0.534999999974389
"2919","Y=~y1",0.36189420327692,0.0258379952061637,0.4,"LSAM",7437,5633426,300,"ordinal","uniform","normal","Extreme","3",1,TRUE,0.534999999974389
"2920","Y=~y2",0.466175978499229,0.08688629473354,0.7,"LSAM",7437,5633426,300,"ordinal","uniform","normal","Extreme","3",1,TRUE,0.534999999974389
"2921","Y=~y3",0.865558941230716,0.163362967154814,0.9,"LSAM",7437,5633426,300,"ordinal","uniform","normal","Extreme","3",1,TRUE,0.534999999974389
"2922","Y~X",0.286845891085327,0.0879443431706434,0.4,"LSAM",7437,5633426,300,"ordinal","uniform","normal","Extreme","3",1,TRUE,0.534999999974389
"2923","Y~Z",0.49029622411439,0.185359584124548,0.5,"LSAM",7437,5633426,300,"ordinal","uniform","normal","Extreme","3",1,TRUE,0.534999999974389
"2924","Y~X:Z",0.379310441193087,0.201071434812207,0.3,"LSAM",7437,5633426,300,"ordinal","uniform","normal","Extreme","3",1,TRUE,0.534999999974389
"2925","X~~Z",0.0480058851163841,0.0849701261452224,0.2,"LSAM",7437,5633426,300,"ordinal","uniform","normal","Extreme","3",1,TRUE,0.534999999974389
"2926","X=~x1",0.425027153069885,0.053566160704087,0.4,"MC-PLSc",7438,1712286,1000,"ordinal","uniform","normal","Extreme","3",1,TRUE,17.9610000000102
"2927","X=~x2",0.685878934513602,0.0482918190972845,0.8,"MC-PLSc",7438,1712286,1000,"ordinal","uniform","normal","Extreme","3",1,TRUE,17.9610000000102
"2928","X=~x3",0.765275516355431,0.0590841804267666,0.8,"MC-PLSc",7438,1712286,1000,"ordinal","uniform","normal","Extreme","3",1,TRUE,17.9610000000102
"2929","Z=~z1",0.517888923702081,0.0506774278942902,0.6,"MC-PLSc",7438,1712286,1000,"ordinal","uniform","normal","Extreme","3",1,TRUE,17.9610000000102
"2930","Z=~z2",0.621536918644931,0.0423655430473121,0.6,"MC-PLSc",7438,1712286,1000,"ordinal","uniform","normal","Extreme","3",1,TRUE,17.9610000000102
"2931","Z=~z3",0.829256383734527,0.0384500521541139,0.8,"MC-PLSc",7438,1712286,1000,"ordinal","uniform","normal","Extreme","3",1,TRUE,17.9610000000102
"2932","Y=~y1",0.367483618494043,0.0466520530320003,0.4,"MC-PLSc",7438,1712286,1000,"ordinal","uniform","normal","Extreme","3",1,TRUE,17.9610000000102
"2933","Y=~y2",0.737949516102076,0.0376008711913565,0.7,"MC-PLSc",7438,1712286,1000,"ordinal","uniform","normal","Extreme","3",1,TRUE,17.9610000000102
"2934","Y=~y3",0.819868145851581,0.0377743433441834,0.9,"MC-PLSc",7438,1712286,1000,"ordinal","uniform","normal","Extreme","3",1,TRUE,17.9610000000102
"2935","Y~X",0.338896814938338,0.0775252999485902,0.4,"MC-PLSc",7438,1712286,1000,"ordinal","uniform","normal","Extreme","3",1,TRUE,17.9610000000102
"2936","Y~Z",0.518652926926911,0.0719348444267607,0.5,"MC-PLSc",7438,1712286,1000,"ordinal","uniform","normal","Extreme","3",1,TRUE,17.9610000000102
"2937","Y~X:Z",0.405064313466473,0.144924569248473,0.3,"MC-PLSc",7438,1712286,1000,"ordinal","uniform","normal","Extreme","3",1,TRUE,17.9610000000102
"2938","X~~Z",0.316215006084148,0.0620636385315343,0.2,"MC-PLSc",7438,1712286,1000,"ordinal","uniform","normal","Extreme","3",1,TRUE,17.9610000000102
"2939","X=~x1",0.363266067689101,0.0576963099155867,0.4,"PLSc",7438,1712286,1000,"ordinal","uniform","normal","Extreme","3",1,TRUE,1.35399999999208
"2940","X=~x2",0.551249986736398,0.0573044621387318,0.8,"PLSc",7438,1712286,1000,"ordinal","uniform","normal","Extreme","3",1,TRUE,1.35399999999208
"2941","X=~x3",0.650709646208066,0.0559622264442168,0.8,"PLSc",7438,1712286,1000,"ordinal","uniform","normal","Extreme","3",1,TRUE,1.35399999999208
"2942","Z=~z1",0.40514798966757,0.0546905588453318,0.6,"PLSc",7438,1712286,1000,"ordinal","uniform","normal","Extreme","3",1,TRUE,1.35399999999208
"2943","Z=~z2",0.518281139676988,0.048917428536477,0.6,"PLSc",7438,1712286,1000,"ordinal","uniform","normal","Extreme","3",1,TRUE,1.35399999999208
"2944","Z=~z3",0.729145976154565,0.0427289848809099,0.8,"PLSc",7438,1712286,1000,"ordinal","uniform","normal","Extreme","3",1,TRUE,1.35399999999208
"2945","Y=~y1",0.338609297170077,0.0490629876337226,0.4,"PLSc",7438,1712286,1000,"ordinal","uniform","normal","Extreme","3",1,TRUE,1.35399999999208
"2946","Y=~y2",0.65130795363063,0.0393634481581772,0.7,"PLSc",7438,1712286,1000,"ordinal","uniform","normal","Extreme","3",1,TRUE,1.35399999999208
"2947","Y=~y3",0.735900194759406,0.0369225354819088,0.9,"PLSc",7438,1712286,1000,"ordinal","uniform","normal","Extreme","3",1,TRUE,1.35399999999208
"2948","Y~X",0.366991447051101,0.0578510901983515,0.4,"PLSc",7438,1712286,1000,"ordinal","uniform","normal","Extreme","3",1,TRUE,1.35399999999208
"2949","Y~Z",0.48689211183974,0.0576776086607769,0.5,"PLSc",7438,1712286,1000,"ordinal","uniform","normal","Extreme","3",1,TRUE,1.35399999999208
"2950","Y~X:Z",0.195229757908075,0.0826334652218392,0.3,"PLSc",7438,1712286,1000,"ordinal","uniform","normal","Extreme","3",1,TRUE,1.35399999999208
"2951","X~~Z",0.288863514684995,0.0566188269420624,0.2,"PLSc",7438,1712286,1000,"ordinal","uniform","normal","Extreme","3",1,TRUE,1.35399999999208
"2952","X=~x1",0.506069518982465,0.0598042611414468,0.4,"PLS",7438,1712286,1000,"ordinal","uniform","normal","Extreme","3",1,TRUE,0.962999999988824
"2953","X=~x2",0.772215585704377,0.0338917990001895,0.8,"PLS",7438,1712286,1000,"ordinal","uniform","normal","Extreme","3",1,TRUE,0.962999999988824
"2954","X=~x3",0.82125303769452,0.0274809470871109,0.8,"PLS",7438,1712286,1000,"ordinal","uniform","normal","Extreme","3",1,TRUE,0.962999999988824
"2955","Z=~z1",0.604912629198792,0.0451718777286289,0.6,"PLS",7438,1712286,1000,"ordinal","uniform","normal","Extreme","3",1,TRUE,0.962999999988824
"2956","Z=~z2",0.709384147334538,0.0344074984629158,0.6,"PLS",7438,1712286,1000,"ordinal","uniform","normal","Extreme","3",1,TRUE,0.962999999988824
"2957","Z=~z3",0.846471813774681,0.0183991628439115,0.8,"PLS",7438,1712286,1000,"ordinal","uniform","normal","Extreme","3",1,TRUE,0.962999999988824
"2958","Y=~y1",0.460032853968946,0.0514573964472824,0.4,"PLS",7438,1712286,1000,"ordinal","uniform","normal","Extreme","3",1,TRUE,0.962999999988824
"2959","Y=~y2",0.825441619063411,0.0200160572898173,0.7,"PLS",7438,1712286,1000,"ordinal","uniform","normal","Extreme","3",1,TRUE,0.962999999988824
"2960","Y=~y3",0.861202019020219,0.0137940847913006,0.9,"PLS",7438,1712286,1000,"ordinal","uniform","normal","Extreme","3",1,TRUE,0.962999999988824
"2961","Y~X",0.267791934120773,0.0289430916607354,0.4,"PLS",7438,1712286,1000,"ordinal","uniform","normal","Extreme","3",1,TRUE,0.962999999988824
"2962","Y~Z",0.353923648710012,0.0290263478457905,0.5,"PLS",7438,1712286,1000,"ordinal","uniform","normal","Extreme","3",1,TRUE,0.962999999988824
"2963","Y~X:Z",0.152382794726741,0.0299256510940903,0.3,"PLS",7438,1712286,1000,"ordinal","uniform","normal","Extreme","3",1,TRUE,0.962999999988824
"2964","X~~Z",0.170138335707402,0.0334314979195098,0.2,"PLS",7438,1712286,1000,"ordinal","uniform","normal","Extreme","3",1,TRUE,0.962999999988824
"2965","X=~x1",0.364,0.049,0.4,"Mplus",7438,1712286,1000,"ordinal","uniform","normal","Extreme","3",1,TRUE,518.950000000012
"2966","X=~x2",0.708,0.045,0.8,"Mplus",7438,1712286,1000,"ordinal","uniform","normal","Extreme","3",1,TRUE,518.950000000012
"2967","X=~x3",0.774,0.046,0.8,"Mplus",7438,1712286,1000,"ordinal","uniform","normal","Extreme","3",1,TRUE,518.950000000012
"2968","Z=~z1",0.524,0.042,0.6,"Mplus",7438,1712286,1000,"ordinal","uniform","normal","Extreme","3",1,TRUE,518.950000000012
"2969","Z=~z2",0.608,0.041,0.6,"Mplus",7438,1712286,1000,"ordinal","uniform","normal","Extreme","3",1,TRUE,518.950000000012
"2970","Z=~z3",0.817,0.037,0.8,"Mplus",7438,1712286,1000,"ordinal","uniform","normal","Extreme","3",1,TRUE,518.950000000012
"2971","Y=~y1",0.339,0.043,0.4,"Mplus",7438,1712286,1000,"ordinal","uniform","normal","Extreme","3",1,TRUE,518.950000000012
"2972","Y=~y2",0.731,0.035,0.7,"Mplus",7438,1712286,1000,"ordinal","uniform","normal","Extreme","3",1,TRUE,518.950000000012
"2973","Y=~y3",0.825,0.035,0.9,"Mplus",7438,1712286,1000,"ordinal","uniform","normal","Extreme","3",1,TRUE,518.950000000012
"2974","Y~X",0.364,0.064,0.4,"Mplus",7438,1712286,1000,"ordinal","uniform","normal","Extreme","3",1,TRUE,518.950000000012
"2975","Y~Z",0.552,0.059,0.5,"Mplus",7438,1712286,1000,"ordinal","uniform","normal","Extreme","3",1,TRUE,518.950000000012
"2976","Y~X:Z",0.304,0.087,0.3,"Mplus",7438,1712286,1000,"ordinal","uniform","normal","Extreme","3",1,TRUE,518.950000000012
"2977","X~~Z",0.276,0.057,0.2,"Mplus",7438,1712286,1000,"ordinal","uniform","normal","Extreme","3",1,TRUE,518.950000000012
"2978","X=~x1",0.311631967771395,0.0381105550903996,0.4,"LSAM",7438,1712286,1000,"ordinal","uniform","normal","Extreme","3",1,TRUE,0.536000000021886
"2979","X=~x2",0.645990429477402,0.0927756652756754,0.8,"LSAM",7438,1712286,1000,"ordinal","uniform","normal","Extreme","3",1,TRUE,0.536000000021886
"2980","X=~x3",0.622557438135731,0.0902239003168266,0.8,"LSAM",7438,1712286,1000,"ordinal","uniform","normal","Extreme","3",1,TRUE,0.536000000021886
"2981","Z=~z1",0.433922886312938,0.0361543143005281,0.6,"LSAM",7438,1712286,1000,"ordinal","uniform","normal","Extreme","3",1,TRUE,0.536000000021886
"2982","Z=~z2",0.512568166395161,0.0628760935352626,0.6,"LSAM",7438,1712286,1000,"ordinal","uniform","normal","Extreme","3",1,TRUE,0.536000000021886
"2983","Z=~z3",0.706669499778831,0.0792325725751116,0.8,"LSAM",7438,1712286,1000,"ordinal","uniform","normal","Extreme","3",1,TRUE,0.536000000021886
"2984","Y=~y1",0.310281771842027,0.013872001238393,0.4,"LSAM",7438,1712286,1000,"ordinal","uniform","normal","Extreme","3",1,TRUE,0.536000000021886
"2985","Y=~y2",0.686841205052189,0.0645608194964658,0.7,"LSAM",7438,1712286,1000,"ordinal","uniform","normal","Extreme","3",1,TRUE,0.536000000021886
"2986","Y=~y3",0.747394766224469,0.0699457241239551,0.9,"LSAM",7438,1712286,1000,"ordinal","uniform","normal","Extreme","3",1,TRUE,0.536000000021886
"2987","Y~X",0.325862332061533,0.0655904652944367,0.4,"LSAM",7438,1712286,1000,"ordinal","uniform","normal","Extreme","3",1,TRUE,0.536000000021886
"2988","Y~Z",0.493147500731569,0.091224153668728,0.5,"LSAM",7438,1712286,1000,"ordinal","uniform","normal","Extreme","3",1,TRUE,0.536000000021886
"2989","Y~X:Z",0.196087862650033,0.0717833638492146,0.3,"LSAM",7438,1712286,1000,"ordinal","uniform","normal","Extreme","3",1,TRUE,0.536000000021886
"2990","X~~Z",0.283829616762004,0.0607811216738414,0.2,"LSAM",7438,1712286,1000,"ordinal","uniform","normal","Extreme","3",1,TRUE,0.536000000021886
"2991","X=~x1",0.438102186470773,0.0960975509019402,0.4,"MC-PLSc",7439,8075673,300,"ordinal","uniform","normal","Extreme","5",1,TRUE,17.3620000000228
"2992","X=~x2",0.836133835015522,0.0796314973331364,0.8,"MC-PLSc",7439,8075673,300,"ordinal","uniform","normal","Extreme","5",1,TRUE,17.3620000000228
"2993","X=~x3",0.777674358203419,0.0908089346851756,0.8,"MC-PLSc",7439,8075673,300,"ordinal","uniform","normal","Extreme","5",1,TRUE,17.3620000000228
"2994","Z=~z1",0.611503691618982,0.0765390140145584,0.6,"MC-PLSc",7439,8075673,300,"ordinal","uniform","normal","Extreme","5",1,TRUE,17.3620000000228
"2995","Z=~z2",0.631274748597133,0.0640234932486437,0.6,"MC-PLSc",7439,8075673,300,"ordinal","uniform","normal","Extreme","5",1,TRUE,17.3620000000228
"2996","Z=~z3",0.771404036572299,0.0699892096465888,0.8,"MC-PLSc",7439,8075673,300,"ordinal","uniform","normal","Extreme","5",1,TRUE,17.3620000000228
"2997","Y=~y1",0.252063346005672,0.0760500905609644,0.4,"MC-PLSc",7439,8075673,300,"ordinal","uniform","normal","Extreme","5",1,TRUE,17.3620000000228
"2998","Y=~y2",0.745955522012456,0.0620339317848545,0.7,"MC-PLSc",7439,8075673,300,"ordinal","uniform","normal","Extreme","5",1,TRUE,17.3620000000228
"2999","Y=~y3",0.858517032749906,0.0596754098448161,0.9,"MC-PLSc",7439,8075673,300,"ordinal","uniform","normal","Extreme","5",1,TRUE,17.3620000000228
"3000","Y~X",0.286783039291171,0.086054316195374,0.4,"MC-PLSc",7439,8075673,300,"ordinal","uniform","normal","Extreme","5",1,TRUE,17.3620000000228
"3001","Y~Z",0.524805763599203,0.0888211725131641,0.5,"MC-PLSc",7439,8075673,300,"ordinal","uniform","normal","Extreme","5",1,TRUE,17.3620000000228
"3002","Y~X:Z",0.268981802609674,0.134656397910099,0.3,"MC-PLSc",7439,8075673,300,"ordinal","uniform","normal","Extreme","5",1,TRUE,17.3620000000228
"3003","X~~Z",0.183428000902676,0.0845640233654212,0.2,"MC-PLSc",7439,8075673,300,"ordinal","uniform","normal","Extreme","5",1,TRUE,17.3620000000228
"3004","X=~x1",0.41634243837433,0.147362229189493,0.4,"PLSc",7439,8075673,300,"ordinal","uniform","normal","Extreme","5",1,TRUE,1.27399999997579
"3005","X=~x2",0.762843330890409,0.105613877535706,0.8,"PLSc",7439,8075673,300,"ordinal","uniform","normal","Extreme","5",1,TRUE,1.27399999997579
"3006","X=~x3",0.700330892569389,0.112214890009039,0.8,"PLSc",7439,8075673,300,"ordinal","uniform","normal","Extreme","5",1,TRUE,1.27399999997579
"3007","Z=~z1",0.559781169572659,0.0826197545699534,0.6,"PLSc",7439,8075673,300,"ordinal","uniform","normal","Extreme","5",1,TRUE,1.27399999997579
"3008","Z=~z2",0.626514671651737,0.0857901355532597,0.6,"PLSc",7439,8075673,300,"ordinal","uniform","normal","Extreme","5",1,TRUE,1.27399999997579
"3009","Z=~z3",0.632772610651476,0.0904256500375797,0.8,"PLSc",7439,8075673,300,"ordinal","uniform","normal","Extreme","5",1,TRUE,1.27399999997579
"3010","Y=~y1",0.157902977155954,0.105233170120087,0.4,"PLSc",7439,8075673,300,"ordinal","uniform","normal","Extreme","5",1,TRUE,1.27399999997579
"3011","Y=~y2",0.709323348896408,0.05928067304102,0.7,"PLSc",7439,8075673,300,"ordinal","uniform","normal","Extreme","5",1,TRUE,1.27399999997579
"3012","Y=~y3",0.818733227971762,0.0594269115979312,0.9,"PLSc",7439,8075673,300,"ordinal","uniform","normal","Extreme","5",1,TRUE,1.27399999997579
"3013","Y~X",0.30295906172297,0.239048309035635,0.4,"PLSc",7439,8075673,300,"ordinal","uniform","normal","Extreme","5",1,TRUE,1.27399999997579
"3014","Y~Z",0.485589197008781,0.0925290538276188,0.5,"PLSc",7439,8075673,300,"ordinal","uniform","normal","Extreme","5",1,TRUE,1.27399999997579
"3015","Y~X:Z",0.217698661461722,0.696395303670808,0.3,"PLSc",7439,8075673,300,"ordinal","uniform","normal","Extreme","5",1,TRUE,1.27399999997579
"3016","X~~Z",0.170105097948828,0.0809666830907264,0.2,"PLSc",7439,8075673,300,"ordinal","uniform","normal","Extreme","5",1,TRUE,1.27399999997579
"3017","X=~x1",0.546823184979103,0.110858690665721,0.4,"PLS",7439,8075673,300,"ordinal","uniform","normal","Extreme","5",1,TRUE,0.888999999966472
"3018","X=~x2",0.865916467650089,0.0377256528763207,0.8,"PLS",7439,8075673,300,"ordinal","uniform","normal","Extreme","5",1,TRUE,0.888999999966472
"3019","X=~x3",0.844002613037562,0.0443088627849338,0.8,"PLS",7439,8075673,300,"ordinal","uniform","normal","Extreme","5",1,TRUE,0.888999999966472
"3020","Z=~z1",0.718799202248726,0.0542471889312039,0.6,"PLS",7439,8075673,300,"ordinal","uniform","normal","Extreme","5",1,TRUE,0.888999999966472
"3021","Z=~z2",0.733577934293698,0.0573390927917385,0.6,"PLS",7439,8075673,300,"ordinal","uniform","normal","Extreme","5",1,TRUE,0.888999999966472
"3022","Z=~z3",0.826181702193073,0.0388768999232703,0.8,"PLS",7439,8075673,300,"ordinal","uniform","normal","Extreme","5",1,TRUE,0.888999999966472
"3023","Y=~y1",0.339423810913072,0.103158951808538,0.4,"PLS",7439,8075673,300,"ordinal","uniform","normal","Extreme","5",1,TRUE,0.888999999966472
"3024","Y=~y2",0.85438294447598,0.028850844648417,0.7,"PLS",7439,8075673,300,"ordinal","uniform","normal","Extreme","5",1,TRUE,0.888999999966472
"3025","Y=~y3",0.891786574860847,0.0184489591155864,0.9,"PLS",7439,8075673,300,"ordinal","uniform","normal","Extreme","5",1,TRUE,0.888999999966472
"3026","Y~X",0.241918454580709,0.0513915757114401,0.4,"PLS",7439,8075673,300,"ordinal","uniform","normal","Extreme","5",1,TRUE,0.888999999966472
"3027","Y~Z",0.359306889185803,0.0486601485825542,0.5,"PLS",7439,8075673,300,"ordinal","uniform","normal","Extreme","5",1,TRUE,0.888999999966472
"3028","Y~X:Z",0.135976001583495,0.0555440667855997,0.3,"PLS",7439,8075673,300,"ordinal","uniform","normal","Extreme","5",1,TRUE,0.888999999966472
"3029","X~~Z",0.114439638095753,0.055623260960709,0.2,"PLS",7439,8075673,300,"ordinal","uniform","normal","Extreme","5",1,TRUE,0.888999999966472
"3030","X=~x1",0.413,0.07,0.4,"Mplus",7439,8075673,300,"ordinal","uniform","normal","Extreme","5",1,TRUE,194.572999999975
"3031","X=~x2",0.832,0.061,0.8,"Mplus",7439,8075673,300,"ordinal","uniform","normal","Extreme","5",1,TRUE,194.572999999975
"3032","X=~x3",0.789,0.06,0.8,"Mplus",7439,8075673,300,"ordinal","uniform","normal","Extreme","5",1,TRUE,194.572999999975
"3033","Z=~z1",0.619,0.06,0.6,"Mplus",7439,8075673,300,"ordinal","uniform","normal","Extreme","5",1,TRUE,194.572999999975
"3034","Z=~z2",0.535,0.066,0.6,"Mplus",7439,8075673,300,"ordinal","uniform","normal","Extreme","5",1,TRUE,194.572999999975
"3035","Z=~z3",0.876,0.069,0.8,"Mplus",7439,8075673,300,"ordinal","uniform","normal","Extreme","5",1,TRUE,194.572999999975
"3036","Y=~y1",0.251,0.064,0.4,"Mplus",7439,8075673,300,"ordinal","uniform","normal","Extreme","5",1,TRUE,194.572999999975
"3037","Y=~y2",0.687,0.06,0.7,"Mplus",7439,8075673,300,"ordinal","uniform","normal","Extreme","5",1,TRUE,194.572999999975
"3038","Y=~y3",0.882,0.059,0.9,"Mplus",7439,8075673,300,"ordinal","uniform","normal","Extreme","5",1,TRUE,194.572999999975
"3039","Y~X",0.337,0.079,0.4,"Mplus",7439,8075673,300,"ordinal","uniform","normal","Extreme","5",1,TRUE,194.572999999975
"3040","Y~Z",0.468,0.087,0.5,"Mplus",7439,8075673,300,"ordinal","uniform","normal","Extreme","5",1,TRUE,194.572999999975
"3041","Y~X:Z",0.288,0.114,0.3,"Mplus",7439,8075673,300,"ordinal","uniform","normal","Extreme","5",1,TRUE,194.572999999975
"3042","X~~Z",0.134,0.077,0.2,"Mplus",7439,8075673,300,"ordinal","uniform","normal","Extreme","5",1,TRUE,194.572999999975
"3043","X=~x1",0.352919186451608,0.0587910218951689,0.4,"LSAM",7439,8075673,300,"ordinal","uniform","normal","Extreme","5",1,TRUE,0.509000000020023
"3044","X=~x2",0.779552848811133,0.113418046213811,0.8,"LSAM",7439,8075673,300,"ordinal","uniform","normal","Extreme","5",1,TRUE,0.509000000020023
"3045","X=~x3",0.739209705595744,0.112555506175836,0.8,"LSAM",7439,8075673,300,"ordinal","uniform","normal","Extreme","5",1,TRUE,0.509000000020023
"3046","Z=~z1",0.511751080079821,0.0529593107545154,0.6,"LSAM",7439,8075673,300,"ordinal","uniform","normal","Extreme","5",1,TRUE,0.509000000020023
"3047","Z=~z2",0.457466954205756,0.0794164617487026,0.6,"LSAM",7439,8075673,300,"ordinal","uniform","normal","Extreme","5",1,TRUE,0.509000000020023
"3048","Z=~z3",0.892172512908535,0.11145814749899,0.8,"LSAM",7439,8075673,300,"ordinal","uniform","normal","Extreme","5",1,TRUE,0.509000000020023
"3049","Y=~y1",0.311017618857561,0.0237392341686222,0.4,"LSAM",7439,8075673,300,"ordinal","uniform","normal","Extreme","5",1,TRUE,0.509000000020023
"3050","Y=~y2",0.714211647443689,0.113882093911088,0.7,"LSAM",7439,8075673,300,"ordinal","uniform","normal","Extreme","5",1,TRUE,0.509000000020023
"3051","Y=~y3",0.75886048181074,0.120239840181243,0.9,"LSAM",7439,8075673,300,"ordinal","uniform","normal","Extreme","5",1,TRUE,0.509000000020023
"3052","Y~X",0.363950461879684,0.0751994605826352,0.4,"LSAM",7439,8075673,300,"ordinal","uniform","normal","Extreme","5",1,TRUE,0.509000000020023
"3053","Y~Z",0.384360744358089,0.101354102383266,0.5,"LSAM",7439,8075673,300,"ordinal","uniform","normal","Extreme","5",1,TRUE,0.509000000020023
"3054","Y~X:Z",0.280061572911389,0.0890617462417509,0.3,"LSAM",7439,8075673,300,"ordinal","uniform","normal","Extreme","5",1,TRUE,0.509000000020023
"3055","X~~Z",0.114219153155485,0.072246593992431,0.2,"LSAM",7439,8075673,300,"ordinal","uniform","normal","Extreme","5",1,TRUE,0.509000000020023
"3056","X=~x1",0.372942550747383,0.0480474213616343,0.4,"MC-PLSc",7440,9891175,1000,"ordinal","uniform","normal","Extreme","5",1,TRUE,19.460000000021
"3057","X=~x2",0.844297406054223,0.0317044381279547,0.8,"MC-PLSc",7440,9891175,1000,"ordinal","uniform","normal","Extreme","5",1,TRUE,19.460000000021
"3058","X=~x3",0.837081137517778,0.0299704475187994,0.8,"MC-PLSc",7440,9891175,1000,"ordinal","uniform","normal","Extreme","5",1,TRUE,19.460000000021
"3059","Z=~z1",0.667913313580316,0.0367210975604516,0.6,"MC-PLSc",7440,9891175,1000,"ordinal","uniform","normal","Extreme","5",1,TRUE,19.460000000021
"3060","Z=~z2",0.617738045148342,0.032918116887092,0.6,"MC-PLSc",7440,9891175,1000,"ordinal","uniform","normal","Extreme","5",1,TRUE,19.460000000021
"3061","Z=~z3",0.82979909071124,0.0265084127770787,0.8,"MC-PLSc",7440,9891175,1000,"ordinal","uniform","normal","Extreme","5",1,TRUE,19.460000000021
"3062","Y=~y1",0.431112031623978,0.0333455158712421,0.4,"MC-PLSc",7440,9891175,1000,"ordinal","uniform","normal","Extreme","5",1,TRUE,19.460000000021
"3063","Y=~y2",0.718732636754736,0.0257161556293897,0.7,"MC-PLSc",7440,9891175,1000,"ordinal","uniform","normal","Extreme","5",1,TRUE,19.460000000021
"3064","Y=~y3",0.914227631931851,0.0211244879726857,0.9,"MC-PLSc",7440,9891175,1000,"ordinal","uniform","normal","Extreme","5",1,TRUE,19.460000000021
"3065","Y~X",0.367766402183087,0.0399969804862188,0.4,"MC-PLSc",7440,9891175,1000,"ordinal","uniform","normal","Extreme","5",1,TRUE,19.460000000021
"3066","Y~Z",0.57348271890166,0.0434275110165377,0.5,"MC-PLSc",7440,9891175,1000,"ordinal","uniform","normal","Extreme","5",1,TRUE,19.460000000021
"3067","Y~X:Z",0.223647619253452,0.0734517335785714,0.3,"MC-PLSc",7440,9891175,1000,"ordinal","uniform","normal","Extreme","5",1,TRUE,19.460000000021
"3068","X~~Z",0.261887451313813,0.0438809805381039,0.2,"MC-PLSc",7440,9891175,1000,"ordinal","uniform","normal","Extreme","5",1,TRUE,19.460000000021
"3069","X=~x1",0.341391203427524,0.0590537139211889,0.4,"PLSc",7440,9891175,1000,"ordinal","uniform","normal","Extreme","5",1,TRUE,1.40200000000186
"3070","X=~x2",0.764828874804276,0.0415184003079381,0.8,"PLSc",7440,9891175,1000,"ordinal","uniform","normal","Extreme","5",1,TRUE,1.40200000000186
"3071","X=~x3",0.786740345503283,0.0421115494495557,0.8,"PLSc",7440,9891175,1000,"ordinal","uniform","normal","Extreme","5",1,TRUE,1.40200000000186
"3072","Z=~z1",0.588865701104362,0.0406099896104999,0.6,"PLSc",7440,9891175,1000,"ordinal","uniform","normal","Extreme","5",1,TRUE,1.40200000000186
"3073","Z=~z2",0.572668352481233,0.0411838598596393,0.6,"PLSc",7440,9891175,1000,"ordinal","uniform","normal","Extreme","5",1,TRUE,1.40200000000186
"3074","Z=~z3",0.77168932961042,0.0358017375328441,0.8,"PLSc",7440,9891175,1000,"ordinal","uniform","normal","Extreme","5",1,TRUE,1.40200000000186
"3075","Y=~y1",0.406401013051671,0.0390088633936778,0.4,"PLSc",7440,9891175,1000,"ordinal","uniform","normal","Extreme","5",1,TRUE,1.40200000000186
"3076","Y=~y2",0.665466546355059,0.0315694700598832,0.7,"PLSc",7440,9891175,1000,"ordinal","uniform","normal","Extreme","5",1,TRUE,1.40200000000186
"3077","Y=~y3",0.856461151790035,0.0246623910386882,0.9,"PLSc",7440,9891175,1000,"ordinal","uniform","normal","Extreme","5",1,TRUE,1.40200000000186
"3078","Y~X",0.368454750095449,0.0382322567596745,0.4,"PLSc",7440,9891175,1000,"ordinal","uniform","normal","Extreme","5",1,TRUE,1.40200000000186
"3079","Y~Z",0.549917301813121,0.0409683270584584,0.5,"PLSc",7440,9891175,1000,"ordinal","uniform","normal","Extreme","5",1,TRUE,1.40200000000186
"3080","Y~X:Z",0.151264133252208,0.0549958918041692,0.3,"PLSc",7440,9891175,1000,"ordinal","uniform","normal","Extreme","5",1,TRUE,1.40200000000186
"3081","X~~Z",0.243311901683942,0.0443390905096347,0.2,"PLSc",7440,9891175,1000,"ordinal","uniform","normal","Extreme","5",1,TRUE,1.40200000000186
"3082","X=~x1",0.472848688708134,0.0497156312091057,0.4,"PLS",7440,9891175,1000,"ordinal","uniform","normal","Extreme","5",1,TRUE,0.972000000008848
"3083","X=~x2",0.879864175541825,0.0135856347537562,0.8,"PLS",7440,9891175,1000,"ordinal","uniform","normal","Extreme","5",1,TRUE,0.972000000008848
"3084","X=~x3",0.877674092913785,0.0141128844747454,0.8,"PLS",7440,9891175,1000,"ordinal","uniform","normal","Extreme","5",1,TRUE,0.972000000008848
"3085","Z=~z1",0.760589661399053,0.0224370952177025,0.6,"PLS",7440,9891175,1000,"ordinal","uniform","normal","Extreme","5",1,TRUE,0.972000000008848
"3086","Z=~z2",0.720407300478761,0.0267022249098992,0.6,"PLS",7440,9891175,1000,"ordinal","uniform","normal","Extreme","5",1,TRUE,0.972000000008848
"3087","Z=~z3",0.850790452764182,0.0135524513320256,0.8,"PLS",7440,9891175,1000,"ordinal","uniform","normal","Extreme","5",1,TRUE,0.972000000008848
"3088","Y=~y1",0.553360528878226,0.0373762672549312,0.4,"PLS",7440,9891175,1000,"ordinal","uniform","normal","Extreme","5",1,TRUE,0.972000000008848
"3089","Y=~y2",0.826047488060249,0.0164008077234505,0.7,"PLS",7440,9891175,1000,"ordinal","uniform","normal","Extreme","5",1,TRUE,0.972000000008848
"3090","Y=~y3",0.896788839626361,0.00748170327042239,0.9,"PLS",7440,9891175,1000,"ordinal","uniform","normal","Extreme","5",1,TRUE,0.972000000008848
"3091","Y~X",0.311552600566339,0.026612509063027,0.4,"PLS",7440,9891175,1000,"ordinal","uniform","normal","Extreme","5",1,TRUE,0.972000000008848
"3092","Y~Z",0.417799445258698,0.0278462005568447,0.5,"PLS",7440,9891175,1000,"ordinal","uniform","normal","Extreme","5",1,TRUE,0.972000000008848
"3093","Y~X:Z",0.127491695617178,0.0290704011996163,0.3,"PLS",7440,9891175,1000,"ordinal","uniform","normal","Extreme","5",1,TRUE,0.972000000008848
"3094","X~~Z",0.176422837670324,0.0322662618056054,0.2,"PLS",7440,9891175,1000,"ordinal","uniform","normal","Extreme","5",1,TRUE,0.972000000008848
"3095","X=~x1",0.337,0.035,0.4,"Mplus",7440,9891175,1000,"ordinal","uniform","normal","Extreme","5",1,TRUE,515.101000000024
"3096","X=~x2",0.852,0.027,0.8,"Mplus",7440,9891175,1000,"ordinal","uniform","normal","Extreme","5",1,TRUE,515.101000000024
"3097","X=~x3",0.814,0.027,0.8,"Mplus",7440,9891175,1000,"ordinal","uniform","normal","Extreme","5",1,TRUE,515.101000000024
"3098","Z=~z1",0.646,0.03,0.6,"Mplus",7440,9891175,1000,"ordinal","uniform","normal","Extreme","5",1,TRUE,515.101000000024
"3099","Z=~z2",0.585,0.033,0.6,"Mplus",7440,9891175,1000,"ordinal","uniform","normal","Extreme","5",1,TRUE,515.101000000024
"3100","Z=~z3",0.828,0.029,0.8,"Mplus",7440,9891175,1000,"ordinal","uniform","normal","Extreme","5",1,TRUE,515.101000000024
"3101","Y=~y1",0.401,0.034,0.4,"Mplus",7440,9891175,1000,"ordinal","uniform","normal","Extreme","5",1,TRUE,515.101000000024
"3102","Y=~y2",0.691,0.026,0.7,"Mplus",7440,9891175,1000,"ordinal","uniform","normal","Extreme","5",1,TRUE,515.101000000024
"3103","Y=~y3",0.908,0.021,0.9,"Mplus",7440,9891175,1000,"ordinal","uniform","normal","Extreme","5",1,TRUE,515.101000000024
"3104","Y~X",0.393,0.039,0.4,"Mplus",7440,9891175,1000,"ordinal","uniform","normal","Extreme","5",1,TRUE,515.101000000024
"3105","Y~Z",0.555,0.039,0.5,"Mplus",7440,9891175,1000,"ordinal","uniform","normal","Extreme","5",1,TRUE,515.101000000024
"3106","Y~X:Z",0.243,0.053,0.3,"Mplus",7440,9891175,1000,"ordinal","uniform","normal","Extreme","5",1,TRUE,515.101000000024
"3107","X~~Z",0.243,0.045,0.2,"Mplus",7440,9891175,1000,"ordinal","uniform","normal","Extreme","5",1,TRUE,515.101000000024
"3108","X=~x1",0.315447468234873,0.0333889260433651,0.4,"LSAM",7440,9891175,1000,"ordinal","uniform","normal","Extreme","5",1,TRUE,0.439000000013039
"3109","X=~x2",0.842627638382425,0.0639717662356493,0.8,"LSAM",7440,9891175,1000,"ordinal","uniform","normal","Extreme","5",1,TRUE,0.439000000013039
"3110","X=~x3",0.734785984236792,0.064556503491294,0.8,"LSAM",7440,9891175,1000,"ordinal","uniform","normal","Extreme","5",1,TRUE,0.439000000013039
"3111","Z=~z1",0.628404748967474,0.0325891688350869,0.6,"LSAM",7440,9891175,1000,"ordinal","uniform","normal","Extreme","5",1,TRUE,0.439000000013039
"3112","Z=~z2",0.542901309804258,0.0467046070213547,0.6,"LSAM",7440,9891175,1000,"ordinal","uniform","normal","Extreme","5",1,TRUE,0.439000000013039
"3113","Z=~z3",0.762095174544303,0.0504052678046482,0.8,"LSAM",7440,9891175,1000,"ordinal","uniform","normal","Extreme","5",1,TRUE,0.439000000013039
"3114","Y=~y1",0.37237293655837,0.012943865336236,0.4,"LSAM",7440,9891175,1000,"ordinal","uniform","normal","Extreme","5",1,TRUE,0.439000000013039
"3115","Y=~y2",0.673188204089555,0.0445177525895485,0.7,"LSAM",7440,9891175,1000,"ordinal","uniform","normal","Extreme","5",1,TRUE,0.439000000013039
"3116","Y=~y3",0.879296600453802,0.0530588953182458,0.9,"LSAM",7440,9891175,1000,"ordinal","uniform","normal","Extreme","5",1,TRUE,0.439000000013039
"3117","Y~X",0.357870934925713,0.0358722940505012,0.4,"LSAM",7440,9891175,1000,"ordinal","uniform","normal","Extreme","5",1,TRUE,0.439000000013039
"3118","Y~Z",0.538500191985219,0.0377174812423627,0.5,"LSAM",7440,9891175,1000,"ordinal","uniform","normal","Extreme","5",1,TRUE,0.439000000013039
"3119","Y~X:Z",0.146745967842034,0.0442570748339861,0.3,"LSAM",7440,9891175,1000,"ordinal","uniform","normal","Extreme","5",1,TRUE,0.439000000013039
"3120","X~~Z",0.230274744343197,0.042596631502475,0.2,"LSAM",7440,9891175,1000,"ordinal","uniform","normal","Extreme","5",1,TRUE,0.439000000013039
"3121","X=~x1",0.475377079837818,0.0952123511982226,0.4,"MC-PLSc",7441,1897420,300,"ordinal","normal","skewed","Symmetric","2",1,TRUE,11.8420000000042
"3122","X=~x2",0.799730732381187,0.0905637761741477,0.8,"MC-PLSc",7441,1897420,300,"ordinal","normal","skewed","Symmetric","2",1,TRUE,11.8420000000042
"3123","X=~x3",0.730209575499778,0.0956881456455183,0.8,"MC-PLSc",7441,1897420,300,"ordinal","normal","skewed","Symmetric","2",1,TRUE,11.8420000000042
"3124","Z=~z1",0.663616031206758,0.0906164253172386,0.6,"MC-PLSc",7441,1897420,300,"ordinal","normal","skewed","Symmetric","2",1,TRUE,11.8420000000042
"3125","Z=~z2",0.54930747786987,0.0909668770414217,0.6,"MC-PLSc",7441,1897420,300,"ordinal","normal","skewed","Symmetric","2",1,TRUE,11.8420000000042
"3126","Z=~z3",0.748357813165447,0.0839053626663192,0.8,"MC-PLSc",7441,1897420,300,"ordinal","normal","skewed","Symmetric","2",1,TRUE,11.8420000000042
"3127","Y=~y1",0.364646418470409,0.0861422692938655,0.4,"MC-PLSc",7441,1897420,300,"ordinal","normal","skewed","Symmetric","2",1,TRUE,11.8420000000042
"3128","Y=~y2",0.699539264649679,0.0635035537045902,0.7,"MC-PLSc",7441,1897420,300,"ordinal","normal","skewed","Symmetric","2",1,TRUE,11.8420000000042
"3129","Y=~y3",0.9989384477687,0.0506735387600951,0.9,"MC-PLSc",7441,1897420,300,"ordinal","normal","skewed","Symmetric","2",1,TRUE,11.8420000000042
"3130","Y~X",0.413592070962789,0.090297068664549,0.4,"MC-PLSc",7441,1897420,300,"ordinal","normal","skewed","Symmetric","2",1,TRUE,11.8420000000042
"3131","Y~Z",0.501018692284213,0.108493180862034,0.5,"MC-PLSc",7441,1897420,300,"ordinal","normal","skewed","Symmetric","2",1,TRUE,11.8420000000042
"3132","Y~X:Z",0.25981546744597,0.17705444147455,0.3,"MC-PLSc",7441,1897420,300,"ordinal","normal","skewed","Symmetric","2",1,TRUE,11.8420000000042
"3133","X~~Z",0.240887227928618,0.104382575470233,0.2,"MC-PLSc",7441,1897420,300,"ordinal","normal","skewed","Symmetric","2",1,TRUE,11.8420000000042
"3134","X=~x1",0.425632942272604,0.100485797841279,0.4,"PLSc",7441,1897420,300,"ordinal","normal","skewed","Symmetric","2",1,TRUE,1.3059999999823
"3135","X=~x2",0.599188929033882,0.0936782540449388,0.8,"PLSc",7441,1897420,300,"ordinal","normal","skewed","Symmetric","2",1,TRUE,1.3059999999823
"3136","X=~x3",0.605697088146691,0.0958076826087772,0.8,"PLSc",7441,1897420,300,"ordinal","normal","skewed","Symmetric","2",1,TRUE,1.3059999999823
"3137","Z=~z1",0.493236801072317,0.0904857485145235,0.6,"PLSc",7441,1897420,300,"ordinal","normal","skewed","Symmetric","2",1,TRUE,1.3059999999823
"3138","Z=~z2",0.459115665690971,0.0885615055868564,0.6,"PLSc",7441,1897420,300,"ordinal","normal","skewed","Symmetric","2",1,TRUE,1.3059999999823
"3139","Z=~z3",0.636305328055459,0.0903928308213586,0.8,"PLSc",7441,1897420,300,"ordinal","normal","skewed","Symmetric","2",1,TRUE,1.3059999999823
"3140","Y=~y1",0.261916398755359,0.0973066329676946,0.4,"PLSc",7441,1897420,300,"ordinal","normal","skewed","Symmetric","2",1,TRUE,1.3059999999823
"3141","Y=~y2",0.594970924391174,0.0654517673624863,0.7,"PLSc",7441,1897420,300,"ordinal","normal","skewed","Symmetric","2",1,TRUE,1.3059999999823
"3142","Y=~y3",0.838248226132904,0.0609712188148164,0.9,"PLSc",7441,1897420,300,"ordinal","normal","skewed","Symmetric","2",1,TRUE,1.3059999999823
"3143","Y~X",0.433096372405519,0.104265088302268,0.4,"PLSc",7441,1897420,300,"ordinal","normal","skewed","Symmetric","2",1,TRUE,1.3059999999823
"3144","Y~Z",0.482021220514602,0.108834549601637,0.5,"PLSc",7441,1897420,300,"ordinal","normal","skewed","Symmetric","2",1,TRUE,1.3059999999823
"3145","Y~X:Z",0.224192632348618,0.14104686195614,0.3,"PLSc",7441,1897420,300,"ordinal","normal","skewed","Symmetric","2",1,TRUE,1.3059999999823
"3146","X~~Z",0.235805274354597,0.105070552409517,0.2,"PLSc",7441,1897420,300,"ordinal","normal","skewed","Symmetric","2",1,TRUE,1.3059999999823
"3147","X=~x1",0.559118074451131,0.0948920290692851,0.4,"PLS",7441,1897420,300,"ordinal","normal","skewed","Symmetric","2",1,TRUE,0.882999999972526
"3148","X=~x2",0.814051875563371,0.0443856600011533,0.8,"PLS",7441,1897420,300,"ordinal","normal","skewed","Symmetric","2",1,TRUE,0.882999999972526
"3149","X=~x3",0.77850810995581,0.0555579085086298,0.8,"PLS",7441,1897420,300,"ordinal","normal","skewed","Symmetric","2",1,TRUE,0.882999999972526
"3150","Z=~z1",0.731022330744646,0.0567083859581474,0.6,"PLS",7441,1897420,300,"ordinal","normal","skewed","Symmetric","2",1,TRUE,0.882999999972526
"3151","Z=~z2",0.636379231760349,0.0742492414089317,0.6,"PLS",7441,1897420,300,"ordinal","normal","skewed","Symmetric","2",1,TRUE,0.882999999972526
"3152","Z=~z3",0.786059440923828,0.0502625565695191,0.8,"PLS",7441,1897420,300,"ordinal","normal","skewed","Symmetric","2",1,TRUE,0.882999999972526
"3153","Y=~y1",0.440044439422114,0.0983757546790338,0.4,"PLS",7441,1897420,300,"ordinal","normal","skewed","Symmetric","2",1,TRUE,0.882999999972526
"3154","Y=~y2",0.770105563916705,0.0472987600861708,0.7,"PLS",7441,1897420,300,"ordinal","normal","skewed","Symmetric","2",1,TRUE,0.882999999972526
"3155","Y=~y3",0.90200136478538,0.0158035202720067,0.9,"PLS",7441,1897420,300,"ordinal","normal","skewed","Symmetric","2",1,TRUE,0.882999999972526
"3156","Y~X",0.295180241738745,0.0508445588973294,0.4,"PLS",7441,1897420,300,"ordinal","normal","skewed","Symmetric","2",1,TRUE,0.882999999972526
"3157","Y~Z",0.328557836839926,0.050832305540817,0.5,"PLS",7441,1897420,300,"ordinal","normal","skewed","Symmetric","2",1,TRUE,0.882999999972526
"3158","Y~X:Z",0.0953537131765588,0.0469028956755755,0.3,"PLS",7441,1897420,300,"ordinal","normal","skewed","Symmetric","2",1,TRUE,0.882999999972526
"3159","X~~Z",0.133095588460166,0.0582582215349261,0.2,"PLS",7441,1897420,300,"ordinal","normal","skewed","Symmetric","2",1,TRUE,0.882999999972526
"3160","X=~x1",0.407,0.074,0.4,"Mplus",7441,1897420,300,"ordinal","normal","skewed","Symmetric","2",1,TRUE,134.081000000006
"3161","X=~x2",0.877,0.083,0.8,"Mplus",7441,1897420,300,"ordinal","normal","skewed","Symmetric","2",1,TRUE,134.081000000006
"3162","X=~x3",0.682,0.078,0.8,"Mplus",7441,1897420,300,"ordinal","normal","skewed","Symmetric","2",1,TRUE,134.081000000006
"3163","Z=~z1",0.668,0.089,0.6,"Mplus",7441,1897420,300,"ordinal","normal","skewed","Symmetric","2",1,TRUE,134.081000000006
"3164","Z=~z2",0.519,0.09,0.6,"Mplus",7441,1897420,300,"ordinal","normal","skewed","Symmetric","2",1,TRUE,134.081000000006
"3165","Z=~z3",0.699,0.087,0.8,"Mplus",7441,1897420,300,"ordinal","normal","skewed","Symmetric","2",1,TRUE,134.081000000006
"3166","Y=~y1",0.381,0.068,0.4,"Mplus",7441,1897420,300,"ordinal","normal","skewed","Symmetric","2",1,TRUE,134.081000000006
"3167","Y=~y2",0.655,0.061,0.7,"Mplus",7441,1897420,300,"ordinal","normal","skewed","Symmetric","2",1,TRUE,134.081000000006
"3168","Y=~y3",1,0,0.9,"Mplus",7441,1897420,300,"ordinal","normal","skewed","Symmetric","2",1,TRUE,134.081000000006
"3169","Y~X",0.4,0.091,0.4,"Mplus",7441,1897420,300,"ordinal","normal","skewed","Symmetric","2",1,TRUE,134.081000000006
"3170","Y~Z",0.512,0.084,0.5,"Mplus",7441,1897420,300,"ordinal","normal","skewed","Symmetric","2",1,TRUE,134.081000000006
"3171","Y~X:Z",0.162,0.144,0.3,"Mplus",7441,1897420,300,"ordinal","normal","skewed","Symmetric","2",1,TRUE,134.081000000006
"3172","X~~Z",0.218,0.107,0.2,"Mplus",7441,1897420,300,"ordinal","normal","skewed","Symmetric","2",1,TRUE,134.081000000006
"3173","X=~x1",0.314015215929581,0.0886367618008076,0.4,"LSAM",7441,1897420,300,"ordinal","normal","skewed","Symmetric","2",1,TRUE,0.615999999979977
"3174","X=~x2",0.850866037630934,0.184554899553184,0.8,"LSAM",7441,1897420,300,"ordinal","normal","skewed","Symmetric","2",1,TRUE,0.615999999979977
"3175","X=~x3",0.514493384252277,0.15169888826827,0.8,"LSAM",7441,1897420,300,"ordinal","normal","skewed","Symmetric","2",1,TRUE,0.615999999979977
"3176","Z=~z1",0.673006376105864,0.245341438481501,0.6,"LSAM",7441,1897420,300,"ordinal","normal","skewed","Symmetric","2",1,TRUE,0.615999999979977
"3177","Z=~z2",0.415700073236682,0.247621474498032,0.6,"LSAM",7441,1897420,300,"ordinal","normal","skewed","Symmetric","2",1,TRUE,0.615999999979977
"3178","Z=~z3",0.516353194157859,0.276489607328679,0.8,"LSAM",7441,1897420,300,"ordinal","normal","skewed","Symmetric","2",1,TRUE,0.615999999979977
"3179","Y=~y1",0.313970342771663,0.0147197116723403,0.4,"LSAM",7441,1897420,300,"ordinal","normal","skewed","Symmetric","2",1,TRUE,0.615999999979977
"3180","Y=~y2",0.474371536342546,0.0791467602742107,0.7,"LSAM",7441,1897420,300,"ordinal","normal","skewed","Symmetric","2",1,TRUE,0.615999999979977
"3181","Y=~y3",1,0.161997846583038,0.9,"LSAM",7441,1897420,300,"ordinal","normal","skewed","Symmetric","2",1,TRUE,0.615999999979977
"3182","Y~X",0.304401659367035,0.135396762168843,0.4,"LSAM",7441,1897420,300,"ordinal","normal","skewed","Symmetric","2",1,TRUE,0.615999999979977
"3183","Y~Z",0.408397962863324,0.326005649597307,0.5,"LSAM",7441,1897420,300,"ordinal","normal","skewed","Symmetric","2",1,TRUE,0.615999999979977
"3184","Y~X:Z",0.0973392509207081,0.251694495549886,0.3,"LSAM",7441,1897420,300,"ordinal","normal","skewed","Symmetric","2",1,TRUE,0.615999999979977
"3185","X~~Z",0.145186432852612,0.223356567832942,0.2,"LSAM",7441,1897420,300,"ordinal","normal","skewed","Symmetric","2",1,TRUE,0.615999999979977
"3186","X=~x1",0.383928432008941,0.0580824483899277,0.4,"MC-PLSc",7442,9108572,1000,"ordinal","normal","skewed","Symmetric","2",1,TRUE,14.3979999999865
"3187","X=~x2",0.831509365589578,0.0503679990240576,0.8,"MC-PLSc",7442,9108572,1000,"ordinal","normal","skewed","Symmetric","2",1,TRUE,14.3979999999865
"3188","X=~x3",0.775497658784761,0.0485816848701303,0.8,"MC-PLSc",7442,9108572,1000,"ordinal","normal","skewed","Symmetric","2",1,TRUE,14.3979999999865
"3189","Z=~z1",0.572400953486969,0.0447586216073827,0.6,"MC-PLSc",7442,9108572,1000,"ordinal","normal","skewed","Symmetric","2",1,TRUE,14.3979999999865
"3190","Z=~z2",0.555425874870854,0.0442092946334749,0.6,"MC-PLSc",7442,9108572,1000,"ordinal","normal","skewed","Symmetric","2",1,TRUE,14.3979999999865
"3191","Z=~z3",0.863337531798927,0.0435234318806983,0.8,"MC-PLSc",7442,9108572,1000,"ordinal","normal","skewed","Symmetric","2",1,TRUE,14.3979999999865
"3192","Y=~y1",0.374636058760258,0.0468677468093532,0.4,"MC-PLSc",7442,9108572,1000,"ordinal","normal","skewed","Symmetric","2",1,TRUE,14.3979999999865
"3193","Y=~y2",0.763960673283275,0.032941082633873,0.7,"MC-PLSc",7442,9108572,1000,"ordinal","normal","skewed","Symmetric","2",1,TRUE,14.3979999999865
"3194","Y=~y3",0.882043100838049,0.031208337849039,0.9,"MC-PLSc",7442,9108572,1000,"ordinal","normal","skewed","Symmetric","2",1,TRUE,14.3979999999865
"3195","Y~X",0.438350470611834,0.0463172378616982,0.4,"MC-PLSc",7442,9108572,1000,"ordinal","normal","skewed","Symmetric","2",1,TRUE,14.3979999999865
"3196","Y~Z",0.555970548189579,0.045431719403764,0.5,"MC-PLSc",7442,9108572,1000,"ordinal","normal","skewed","Symmetric","2",1,TRUE,14.3979999999865
"3197","Y~X:Z",0.376032178800094,0.0646181727766038,0.3,"MC-PLSc",7442,9108572,1000,"ordinal","normal","skewed","Symmetric","2",1,TRUE,14.3979999999865
"3198","X~~Z",0.201658727411481,0.0552293634148397,0.2,"MC-PLSc",7442,9108572,1000,"ordinal","normal","skewed","Symmetric","2",1,TRUE,14.3979999999865
"3199","X=~x1",0.284184948002467,0.064649900136577,0.4,"PLSc",7442,9108572,1000,"ordinal","normal","skewed","Symmetric","2",1,TRUE,1.36999999999534
"3200","X=~x2",0.698916416260089,0.0505284654141906,0.8,"PLSc",7442,9108572,1000,"ordinal","normal","skewed","Symmetric","2",1,TRUE,1.36999999999534
"3201","X=~x3",0.647150531911421,0.0464899423293388,0.8,"PLSc",7442,9108572,1000,"ordinal","normal","skewed","Symmetric","2",1,TRUE,1.36999999999534
"3202","Z=~z1",0.409044697836319,0.052444446383899,0.6,"PLSc",7442,9108572,1000,"ordinal","normal","skewed","Symmetric","2",1,TRUE,1.36999999999534
"3203","Z=~z2",0.469093303148945,0.0461738055371704,0.6,"PLSc",7442,9108572,1000,"ordinal","normal","skewed","Symmetric","2",1,TRUE,1.36999999999534
"3204","Z=~z3",0.734068948275798,0.0427038173403463,0.8,"PLSc",7442,9108572,1000,"ordinal","normal","skewed","Symmetric","2",1,TRUE,1.36999999999534
"3205","Y=~y1",0.274535890442559,0.0469332271957712,0.4,"PLSc",7442,9108572,1000,"ordinal","normal","skewed","Symmetric","2",1,TRUE,1.36999999999534
"3206","Y=~y2",0.623024068528951,0.0338410399526881,0.7,"PLSc",7442,9108572,1000,"ordinal","normal","skewed","Symmetric","2",1,TRUE,1.36999999999534
"3207","Y=~y3",0.716921640828591,0.0306769466343062,0.9,"PLSc",7442,9108572,1000,"ordinal","normal","skewed","Symmetric","2",1,TRUE,1.36999999999534
"3208","Y~X",0.449249811017823,0.0538517360294997,0.4,"PLSc",7442,9108572,1000,"ordinal","normal","skewed","Symmetric","2",1,TRUE,1.36999999999534
"3209","Y~Z",0.537962514903414,0.0505349724149284,0.5,"PLSc",7442,9108572,1000,"ordinal","normal","skewed","Symmetric","2",1,TRUE,1.36999999999534
"3210","Y~X:Z",0.284228967681708,0.060696598360217,0.3,"PLSc",7442,9108572,1000,"ordinal","normal","skewed","Symmetric","2",1,TRUE,1.36999999999534
"3211","X~~Z",0.189357144524155,0.0516546074474401,0.2,"PLSc",7442,9108572,1000,"ordinal","normal","skewed","Symmetric","2",1,TRUE,1.36999999999534
"3212","X=~x1",0.459688796749745,0.0570983943181819,0.4,"PLS",7442,9108572,1000,"ordinal","normal","skewed","Symmetric","2",1,TRUE,0.952999999979511
"3213","X=~x2",0.838431626115707,0.0220430208999713,0.8,"PLS",7442,9108572,1000,"ordinal","normal","skewed","Symmetric","2",1,TRUE,0.952999999979511
"3214","X=~x3",0.812560253937932,0.0236462783352225,0.8,"PLS",7442,9108572,1000,"ordinal","normal","skewed","Symmetric","2",1,TRUE,0.952999999979511
"3215","Z=~z1",0.658200404869274,0.0379950814174103,0.6,"PLS",7442,9108572,1000,"ordinal","normal","skewed","Symmetric","2",1,TRUE,0.952999999979511
"3216","Z=~z2",0.64127462179421,0.0387625683949722,0.6,"PLS",7442,9108572,1000,"ordinal","normal","skewed","Symmetric","2",1,TRUE,0.952999999979511
"3217","Z=~z3",0.845241295885894,0.0190069166501734,0.8,"PLS",7442,9108572,1000,"ordinal","normal","skewed","Symmetric","2",1,TRUE,0.952999999979511
"3218","Y=~y1",0.441481542941314,0.0485266837897319,0.4,"PLS",7442,9108572,1000,"ordinal","normal","skewed","Symmetric","2",1,TRUE,0.952999999979511
"3219","Y=~y2",0.794362915775408,0.0202327891135554,0.7,"PLS",7442,9108572,1000,"ordinal","normal","skewed","Symmetric","2",1,TRUE,0.952999999979511
"3220","Y=~y3",0.856061137077145,0.0120879184134124,0.9,"PLS",7442,9108572,1000,"ordinal","normal","skewed","Symmetric","2",1,TRUE,0.952999999979511
"3221","Y~X",0.297084707987539,0.0272317765536866,0.4,"PLS",7442,9108572,1000,"ordinal","normal","skewed","Symmetric","2",1,TRUE,0.952999999979511
"3222","Y~Z",0.356354014578325,0.0259690184874709,0.5,"PLS",7442,9108572,1000,"ordinal","normal","skewed","Symmetric","2",1,TRUE,0.952999999979511
"3223","Y~X:Z",0.13122504502279,0.025724066785523,0.3,"PLS",7442,9108572,1000,"ordinal","normal","skewed","Symmetric","2",1,TRUE,0.952999999979511
"3224","X~~Z",0.117152468931995,0.0313904332144896,0.2,"PLS",7442,9108572,1000,"ordinal","normal","skewed","Symmetric","2",1,TRUE,0.952999999979511
"3225","X=~x1",0.371,0.044,0.4,"Mplus",7442,9108572,1000,"ordinal","normal","skewed","Symmetric","2",1,TRUE,179.484999999986
"3226","X=~x2",0.803,0.047,0.8,"Mplus",7442,9108572,1000,"ordinal","normal","skewed","Symmetric","2",1,TRUE,179.484999999986
"3227","X=~x3",0.756,0.047,0.8,"Mplus",7442,9108572,1000,"ordinal","normal","skewed","Symmetric","2",1,TRUE,179.484999999986
"3228","Z=~z1",0.576,0.043,0.6,"Mplus",7442,9108572,1000,"ordinal","normal","skewed","Symmetric","2",1,TRUE,179.484999999986
"3229","Z=~z2",0.479,0.047,0.6,"Mplus",7442,9108572,1000,"ordinal","normal","skewed","Symmetric","2",1,TRUE,179.484999999986
"3230","Z=~z3",0.858,0.045,0.8,"Mplus",7442,9108572,1000,"ordinal","normal","skewed","Symmetric","2",1,TRUE,179.484999999986
"3231","Y=~y1",0.349,0.044,0.4,"Mplus",7442,9108572,1000,"ordinal","normal","skewed","Symmetric","2",1,TRUE,179.484999999986
"3232","Y=~y2",0.735,0.04,0.7,"Mplus",7442,9108572,1000,"ordinal","normal","skewed","Symmetric","2",1,TRUE,179.484999999986
"3233","Y=~y3",0.86,0.037,0.9,"Mplus",7442,9108572,1000,"ordinal","normal","skewed","Symmetric","2",1,TRUE,179.484999999986
"3234","Y~X",0.433,0.05,0.4,"Mplus",7442,9108572,1000,"ordinal","normal","skewed","Symmetric","2",1,TRUE,179.484999999986
"3235","Y~Z",0.56,0.046,0.5,"Mplus",7442,9108572,1000,"ordinal","normal","skewed","Symmetric","2",1,TRUE,179.484999999986
"3236","Y~X:Z",0.315,0.08,0.3,"Mplus",7442,9108572,1000,"ordinal","normal","skewed","Symmetric","2",1,TRUE,179.484999999986
"3237","X~~Z",0.202,0.054,0.2,"Mplus",7442,9108572,1000,"ordinal","normal","skewed","Symmetric","2",1,TRUE,179.484999999986
"3238","X=~x1",0.323229012821559,0.0366034454067716,0.4,"LSAM",7442,9108572,1000,"ordinal","normal","skewed","Symmetric","2",1,TRUE,0.478999999992084
"3239","X=~x2",0.674456535927613,0.0864062061771812,0.8,"LSAM",7442,9108572,1000,"ordinal","normal","skewed","Symmetric","2",1,TRUE,0.478999999992084
"3240","X=~x3",0.643482327110347,0.0837392615916723,0.8,"LSAM",7442,9108572,1000,"ordinal","normal","skewed","Symmetric","2",1,TRUE,0.478999999992084
"3241","Z=~z1",0.564033008836329,0.101363704626379,0.6,"LSAM",7442,9108572,1000,"ordinal","normal","skewed","Symmetric","2",1,TRUE,0.478999999992084
"3242","Z=~z2",0.422594281788519,0.102702223237069,0.6,"LSAM",7442,9108572,1000,"ordinal","normal","skewed","Symmetric","2",1,TRUE,0.478999999992084
"3243","Z=~z3",0.634582430521928,0.121169781892565,0.8,"LSAM",7442,9108572,1000,"ordinal","normal","skewed","Symmetric","2",1,TRUE,0.478999999992084
"3244","Y=~y1",0.313615014951273,0.00883112219419233,0.4,"LSAM",7442,9108572,1000,"ordinal","normal","skewed","Symmetric","2",1,TRUE,0.478999999992084
"3245","Y=~y2",0.541297704390946,0.0578474972216367,0.7,"LSAM",7442,9108572,1000,"ordinal","normal","skewed","Symmetric","2",1,TRUE,0.478999999992084
"3246","Y=~y3",0.797199560562864,0.090070743364483,0.9,"LSAM",7442,9108572,1000,"ordinal","normal","skewed","Symmetric","2",1,TRUE,0.478999999992084
"3247","Y~X",0.416567578364903,0.0683590254832912,0.4,"LSAM",7442,9108572,1000,"ordinal","normal","skewed","Symmetric","2",1,TRUE,0.478999999992084
"3248","Y~Z",0.51702510345959,0.207142894250526,0.5,"LSAM",7442,9108572,1000,"ordinal","normal","skewed","Symmetric","2",1,TRUE,0.478999999992084
"3249","Y~X:Z",0.256835970060485,0.0965130056339526,0.3,"LSAM",7442,9108572,1000,"ordinal","normal","skewed","Symmetric","2",1,TRUE,0.478999999992084
"3250","X~~Z",0.194830171828669,0.0668846399074402,0.2,"LSAM",7442,9108572,1000,"ordinal","normal","skewed","Symmetric","2",1,TRUE,0.478999999992084
"3251","X=~x1",0.338190011128127,0.135638227895561,0.4,"MC-PLSc",7443,6783312,300,"ordinal","normal","skewed","Symmetric","3",1,TRUE,13.1450000000186
"3252","X=~x2",0.744104043642591,0.099683179799547,0.8,"MC-PLSc",7443,6783312,300,"ordinal","normal","skewed","Symmetric","3",1,TRUE,13.1450000000186
"3253","X=~x3",0.925444107944435,0.0926776135580165,0.8,"MC-PLSc",7443,6783312,300,"ordinal","normal","skewed","Symmetric","3",1,TRUE,13.1450000000186
"3254","Z=~z1",0.739730123588931,0.0585516563227293,0.6,"MC-PLSc",7443,6783312,300,"ordinal","normal","skewed","Symmetric","3",1,TRUE,13.1450000000186
"3255","Z=~z2",0.653934525725606,0.058644557401529,0.6,"MC-PLSc",7443,6783312,300,"ordinal","normal","skewed","Symmetric","3",1,TRUE,13.1450000000186
"3256","Z=~z3",0.643509659794585,0.0682391226458315,0.8,"MC-PLSc",7443,6783312,300,"ordinal","normal","skewed","Symmetric","3",1,TRUE,13.1450000000186
"3257","Y=~y1",0.405563905010391,0.0847337052170239,0.4,"MC-PLSc",7443,6783312,300,"ordinal","normal","skewed","Symmetric","3",1,TRUE,13.1450000000186
"3258","Y=~y2",0.600047079000203,0.0732318382586048,0.7,"MC-PLSc",7443,6783312,300,"ordinal","normal","skewed","Symmetric","3",1,TRUE,13.1450000000186
"3259","Y=~y3",0.841925916535157,0.0598245469913341,0.9,"MC-PLSc",7443,6783312,300,"ordinal","normal","skewed","Symmetric","3",1,TRUE,13.1450000000186
"3260","Y~X",0.35939933832188,0.0831169612344212,0.4,"MC-PLSc",7443,6783312,300,"ordinal","normal","skewed","Symmetric","3",1,TRUE,13.1450000000186
"3261","Y~Z",0.628840166464098,0.0792290827458964,0.5,"MC-PLSc",7443,6783312,300,"ordinal","normal","skewed","Symmetric","3",1,TRUE,13.1450000000186
"3262","Y~X:Z",0.160570259731075,0.107028700576735,0.3,"MC-PLSc",7443,6783312,300,"ordinal","normal","skewed","Symmetric","3",1,TRUE,13.1450000000186
"3263","X~~Z",0.128622202134863,0.083268284776473,0.2,"MC-PLSc",7443,6783312,300,"ordinal","normal","skewed","Symmetric","3",1,TRUE,13.1450000000186
"3264","X=~x1",0.198491932336454,0.166242400988018,0.4,"PLSc",7443,6783312,300,"ordinal","normal","skewed","Symmetric","3",1,TRUE,1.30400000000373
"3265","X=~x2",0.674502959799821,0.11270924908366,0.8,"PLSc",7443,6783312,300,"ordinal","normal","skewed","Symmetric","3",1,TRUE,1.30400000000373
"3266","X=~x3",0.870485564598593,0.112130958487588,0.8,"PLSc",7443,6783312,300,"ordinal","normal","skewed","Symmetric","3",1,TRUE,1.30400000000373
"3267","Z=~z1",0.652665358553127,0.0695707120780805,0.6,"PLSc",7443,6783312,300,"ordinal","normal","skewed","Symmetric","3",1,TRUE,1.30400000000373
"3268","Z=~z2",0.607953288078197,0.0704182459928407,0.6,"PLSc",7443,6783312,300,"ordinal","normal","skewed","Symmetric","3",1,TRUE,1.30400000000373
"3269","Z=~z3",0.539505845597284,0.0828081854691111,0.8,"PLSc",7443,6783312,300,"ordinal","normal","skewed","Symmetric","3",1,TRUE,1.30400000000373
"3270","Y=~y1",0.371641068835896,0.0883485868590732,0.4,"PLSc",7443,6783312,300,"ordinal","normal","skewed","Symmetric","3",1,TRUE,1.30400000000373
"3271","Y=~y2",0.529897164946669,0.0741442207908177,0.7,"PLSc",7443,6783312,300,"ordinal","normal","skewed","Symmetric","3",1,TRUE,1.30400000000373
"3272","Y=~y3",0.718339040729465,0.0576926406439872,0.9,"PLSc",7443,6783312,300,"ordinal","normal","skewed","Symmetric","3",1,TRUE,1.30400000000373
"3273","Y~X",0.350983082571792,0.239286690648682,0.4,"PLSc",7443,6783312,300,"ordinal","normal","skewed","Symmetric","3",1,TRUE,1.30400000000373
"3274","Y~Z",0.633825554843646,0.102494094399311,0.5,"PLSc",7443,6783312,300,"ordinal","normal","skewed","Symmetric","3",1,TRUE,1.30400000000373
"3275","Y~X:Z",0.120579498689572,0.288176408141571,0.3,"PLSc",7443,6783312,300,"ordinal","normal","skewed","Symmetric","3",1,TRUE,1.30400000000373
"3276","X~~Z",0.126196389365028,0.0849823093475366,0.2,"PLSc",7443,6783312,300,"ordinal","normal","skewed","Symmetric","3",1,TRUE,1.30400000000373
"3277","X=~x1",0.450787898882775,0.134990420736339,0.4,"PLS",7443,6783312,300,"ordinal","normal","skewed","Symmetric","3",1,TRUE,0.933999999950174
"3278","X=~x2",0.830030596767969,0.049552474974861,0.8,"PLS",7443,6783312,300,"ordinal","normal","skewed","Symmetric","3",1,TRUE,0.933999999950174
"3279","X=~x3",0.893692831998064,0.0287732351229156,0.8,"PLS",7443,6783312,300,"ordinal","normal","skewed","Symmetric","3",1,TRUE,0.933999999950174
"3280","Z=~z1",0.789785396439573,0.0348430859408031,0.6,"PLS",7443,6783312,300,"ordinal","normal","skewed","Symmetric","3",1,TRUE,0.933999999950174
"3281","Z=~z2",0.746644809789151,0.0412465515167103,0.6,"PLS",7443,6783312,300,"ordinal","normal","skewed","Symmetric","3",1,TRUE,0.933999999950174
"3282","Z=~z3",0.734257300520549,0.0472290077260289,0.8,"PLS",7443,6783312,300,"ordinal","normal","skewed","Symmetric","3",1,TRUE,0.933999999950174
"3283","Y=~y1",0.536184682195566,0.0897896210659525,0.4,"PLS",7443,6783312,300,"ordinal","normal","skewed","Symmetric","3",1,TRUE,0.933999999950174
"3284","Y=~y2",0.73069608333449,0.0518519653330458,0.7,"PLS",7443,6783312,300,"ordinal","normal","skewed","Symmetric","3",1,TRUE,0.933999999950174
"3285","Y=~y3",0.856891454073676,0.0221609939532406,0.9,"PLS",7443,6783312,300,"ordinal","normal","skewed","Symmetric","3",1,TRUE,0.933999999950174
"3286","Y~X",0.259968833426569,0.0521763856412545,0.4,"PLS",7443,6783312,300,"ordinal","normal","skewed","Symmetric","3",1,TRUE,0.933999999950174
"3287","Y~Z",0.399913597383519,0.0515339385869515,0.5,"PLS",7443,6783312,300,"ordinal","normal","skewed","Symmetric","3",1,TRUE,0.933999999950174
"3288","Y~X:Z",0.0792119892222609,0.0549829460078248,0.3,"PLS",7443,6783312,300,"ordinal","normal","skewed","Symmetric","3",1,TRUE,0.933999999950174
"3289","X~~Z",0.0880974236140407,0.0572780808418943,0.2,"PLS",7443,6783312,300,"ordinal","normal","skewed","Symmetric","3",1,TRUE,0.933999999950174
"3290","X=~x1",0.426,0.071,0.4,"Mplus",7443,6783312,300,"ordinal","normal","skewed","Symmetric","3",1,TRUE,209.550999999978
"3291","X=~x2",0.764,0.071,0.8,"Mplus",7443,6783312,300,"ordinal","normal","skewed","Symmetric","3",1,TRUE,209.550999999978
"3292","X=~x3",0.833,0.069,0.8,"Mplus",7443,6783312,300,"ordinal","normal","skewed","Symmetric","3",1,TRUE,209.550999999978
"3293","Z=~z1",0.732,0.059,0.6,"Mplus",7443,6783312,300,"ordinal","normal","skewed","Symmetric","3",1,TRUE,209.550999999978
"3294","Z=~z2",0.608,0.069,0.6,"Mplus",7443,6783312,300,"ordinal","normal","skewed","Symmetric","3",1,TRUE,209.550999999978
"3295","Z=~z3",0.661,0.065,0.8,"Mplus",7443,6783312,300,"ordinal","normal","skewed","Symmetric","3",1,TRUE,209.550999999978
"3296","Y=~y1",0.387,0.071,0.4,"Mplus",7443,6783312,300,"ordinal","normal","skewed","Symmetric","3",1,TRUE,209.550999999978
"3297","Y=~y2",0.603,0.065,0.7,"Mplus",7443,6783312,300,"ordinal","normal","skewed","Symmetric","3",1,TRUE,209.550999999978
"3298","Y=~y3",0.853,0.062,0.9,"Mplus",7443,6783312,300,"ordinal","normal","skewed","Symmetric","3",1,TRUE,209.550999999978
"3299","Y~X",0.359,0.09,0.4,"Mplus",7443,6783312,300,"ordinal","normal","skewed","Symmetric","3",1,TRUE,209.550999999978
"3300","Y~Z",0.615,0.08,0.5,"Mplus",7443,6783312,300,"ordinal","normal","skewed","Symmetric","3",1,TRUE,209.550999999978
"3301","Y~X:Z",0.215,0.111,0.3,"Mplus",7443,6783312,300,"ordinal","normal","skewed","Symmetric","3",1,TRUE,209.550999999978
"3302","X~~Z",0.167,0.093,0.2,"Mplus",7443,6783312,300,"ordinal","normal","skewed","Symmetric","3",1,TRUE,209.550999999978
"3303","X=~x1",0.401461506049008,0.0592356001031517,0.4,"LSAM",7443,6783312,300,"ordinal","normal","skewed","Symmetric","3",1,TRUE,0.466000000014901
"3304","X=~x2",0.742597578009849,0.111048669422198,0.8,"LSAM",7443,6783312,300,"ordinal","normal","skewed","Symmetric","3",1,TRUE,0.466000000014901
"3305","X=~x3",0.69770371046375,0.108887426427193,0.8,"LSAM",7443,6783312,300,"ordinal","normal","skewed","Symmetric","3",1,TRUE,0.466000000014901
"3306","Z=~z1",0.638746333715863,0.137736966135803,0.6,"LSAM",7443,6783312,300,"ordinal","normal","skewed","Symmetric","3",1,TRUE,0.466000000014901
"3307","Z=~z2",0.548991624505666,0.159158781696797,0.6,"LSAM",7443,6783312,300,"ordinal","normal","skewed","Symmetric","3",1,TRUE,0.466000000014901
"3308","Z=~z3",0.61698915059343,0.162373383929614,0.8,"LSAM",7443,6783312,300,"ordinal","normal","skewed","Symmetric","3",1,TRUE,0.466000000014901
"3309","Y=~y1",0.321027794019796,0.0220009075491838,0.4,"LSAM",7443,6783312,300,"ordinal","normal","skewed","Symmetric","3",1,TRUE,0.466000000014901
"3310","Y=~y2",0.491556154827954,0.100714253885999,0.7,"LSAM",7443,6783312,300,"ordinal","normal","skewed","Symmetric","3",1,TRUE,0.466000000014901
"3311","Y=~y3",0.820590680519172,0.179298174624769,0.9,"LSAM",7443,6783312,300,"ordinal","normal","skewed","Symmetric","3",1,TRUE,0.466000000014901
"3312","Y~X",0.327557341501326,0.128811012630878,0.4,"LSAM",7443,6783312,300,"ordinal","normal","skewed","Symmetric","3",1,TRUE,0.466000000014901
"3313","Y~Z",0.561349652407269,0.153258260852869,0.5,"LSAM",7443,6783312,300,"ordinal","normal","skewed","Symmetric","3",1,TRUE,0.466000000014901
"3314","Y~X:Z",0.117077288945255,0.140685892853783,0.3,"LSAM",7443,6783312,300,"ordinal","normal","skewed","Symmetric","3",1,TRUE,0.466000000014901
"3315","X~~Z",0.148445242495609,0.166044505838408,0.2,"LSAM",7443,6783312,300,"ordinal","normal","skewed","Symmetric","3",1,TRUE,0.466000000014901
"3316","X=~x1",0.454547154093159,0.0503862294804823,0.4,"MC-PLSc",7444,7898308,1000,"ordinal","normal","skewed","Symmetric","3",1,TRUE,15.9349999999977
"3317","X=~x2",0.790660567926457,0.0415934056211737,0.8,"MC-PLSc",7444,7898308,1000,"ordinal","normal","skewed","Symmetric","3",1,TRUE,15.9349999999977
"3318","X=~x3",0.800316425892996,0.0419796197347951,0.8,"MC-PLSc",7444,7898308,1000,"ordinal","normal","skewed","Symmetric","3",1,TRUE,15.9349999999977
"3319","Z=~z1",0.583325224680261,0.0398010471758184,0.6,"MC-PLSc",7444,7898308,1000,"ordinal","normal","skewed","Symmetric","3",1,TRUE,15.9349999999977
"3320","Z=~z2",0.646241907671427,0.039521051900358,0.6,"MC-PLSc",7444,7898308,1000,"ordinal","normal","skewed","Symmetric","3",1,TRUE,15.9349999999977
"3321","Z=~z3",0.772934258339909,0.0344381592527085,0.8,"MC-PLSc",7444,7898308,1000,"ordinal","normal","skewed","Symmetric","3",1,TRUE,15.9349999999977
"3322","Y=~y1",0.37293553583184,0.0415527836114062,0.4,"MC-PLSc",7444,7898308,1000,"ordinal","normal","skewed","Symmetric","3",1,TRUE,15.9349999999977
"3323","Y=~y2",0.720846068267671,0.0313092492829243,0.7,"MC-PLSc",7444,7898308,1000,"ordinal","normal","skewed","Symmetric","3",1,TRUE,15.9349999999977
"3324","Y=~y3",0.864414265200769,0.0353716887493704,0.9,"MC-PLSc",7444,7898308,1000,"ordinal","normal","skewed","Symmetric","3",1,TRUE,15.9349999999977
"3325","Y~X",0.401929174926266,0.0402987804647857,0.4,"MC-PLSc",7444,7898308,1000,"ordinal","normal","skewed","Symmetric","3",1,TRUE,15.9349999999977
"3326","Y~Z",0.494485691341087,0.0423687693894618,0.5,"MC-PLSc",7444,7898308,1000,"ordinal","normal","skewed","Symmetric","3",1,TRUE,15.9349999999977
"3327","Y~X:Z",0.324848197153456,0.0538003662633669,0.3,"MC-PLSc",7444,7898308,1000,"ordinal","normal","skewed","Symmetric","3",1,TRUE,15.9349999999977
"3328","X~~Z",0.217947330250723,0.0495986876431151,0.2,"MC-PLSc",7444,7898308,1000,"ordinal","normal","skewed","Symmetric","3",1,TRUE,15.9349999999977
"3329","X=~x1",0.403784749518948,0.0592634025726857,0.4,"PLSc",7444,7898308,1000,"ordinal","normal","skewed","Symmetric","3",1,TRUE,1.37699999997858
"3330","X=~x2",0.667953566995873,0.0404709299403356,0.8,"PLSc",7444,7898308,1000,"ordinal","normal","skewed","Symmetric","3",1,TRUE,1.37699999997858
"3331","X=~x3",0.74973595060693,0.0460475506394095,0.8,"PLSc",7444,7898308,1000,"ordinal","normal","skewed","Symmetric","3",1,TRUE,1.37699999997858
"3332","Z=~z1",0.492403230565506,0.051592282465909,0.6,"PLSc",7444,7898308,1000,"ordinal","normal","skewed","Symmetric","3",1,TRUE,1.37699999997858
"3333","Z=~z2",0.577533452631692,0.0448301865863132,0.6,"PLSc",7444,7898308,1000,"ordinal","normal","skewed","Symmetric","3",1,TRUE,1.37699999997858
"3334","Z=~z3",0.704340255459104,0.0410602475902519,0.8,"PLSc",7444,7898308,1000,"ordinal","normal","skewed","Symmetric","3",1,TRUE,1.37699999997858
"3335","Y=~y1",0.345709344424906,0.0427063434715566,0.4,"PLSc",7444,7898308,1000,"ordinal","normal","skewed","Symmetric","3",1,TRUE,1.37699999997858
"3336","Y=~y2",0.630186820112896,0.0330689259207644,0.7,"PLSc",7444,7898308,1000,"ordinal","normal","skewed","Symmetric","3",1,TRUE,1.37699999997858
"3337","Y=~y3",0.736804285269049,0.0348163187393722,0.9,"PLSc",7444,7898308,1000,"ordinal","normal","skewed","Symmetric","3",1,TRUE,1.37699999997858
"3338","Y~X",0.384451887767119,0.0479483736536231,0.4,"PLSc",7444,7898308,1000,"ordinal","normal","skewed","Symmetric","3",1,TRUE,1.37699999997858
"3339","Y~Z",0.502677068377779,0.0495121310314734,0.5,"PLSc",7444,7898308,1000,"ordinal","normal","skewed","Symmetric","3",1,TRUE,1.37699999997858
"3340","Y~X:Z",0.306063369016148,0.0614179112877633,0.3,"PLSc",7444,7898308,1000,"ordinal","normal","skewed","Symmetric","3",1,TRUE,1.37699999997858
"3341","X~~Z",0.213671013217445,0.0498392505095713,0.2,"PLSc",7444,7898308,1000,"ordinal","normal","skewed","Symmetric","3",1,TRUE,1.37699999997858
"3342","X=~x1",0.570225105971646,0.0443127426787364,0.4,"PLS",7444,7898308,1000,"ordinal","normal","skewed","Symmetric","3",1,TRUE,0.975000000034925
"3343","X=~x2",0.832176018723871,0.0165569389316289,0.8,"PLS",7444,7898308,1000,"ordinal","normal","skewed","Symmetric","3",1,TRUE,0.975000000034925
"3344","X=~x3",0.838561261844986,0.0188808721860674,0.8,"PLS",7444,7898308,1000,"ordinal","normal","skewed","Symmetric","3",1,TRUE,0.975000000034925
"3345","Z=~z1",0.692288280404805,0.0320720875928494,0.6,"PLS",7444,7898308,1000,"ordinal","normal","skewed","Symmetric","3",1,TRUE,0.975000000034925
"3346","Z=~z2",0.742438344654775,0.0261889835802972,0.6,"PLS",7444,7898308,1000,"ordinal","normal","skewed","Symmetric","3",1,TRUE,0.975000000034925
"3347","Z=~z3",0.814898471471387,0.0189722514693918,0.8,"PLS",7444,7898308,1000,"ordinal","normal","skewed","Symmetric","3",1,TRUE,0.975000000034925
"3348","Y=~y1",0.490377322970892,0.0415197881569305,0.4,"PLS",7444,7898308,1000,"ordinal","normal","skewed","Symmetric","3",1,TRUE,0.975000000034925
"3349","Y=~y2",0.802484051973192,0.0172366569209212,0.7,"PLS",7444,7898308,1000,"ordinal","normal","skewed","Symmetric","3",1,TRUE,0.975000000034925
"3350","Y=~y3",0.861146479199252,0.0123743309513753,0.9,"PLS",7444,7898308,1000,"ordinal","normal","skewed","Symmetric","3",1,TRUE,0.975000000034925
"3351","Y~X",0.292508849622497,0.0271955812009889,0.4,"PLS",7444,7898308,1000,"ordinal","normal","skewed","Symmetric","3",1,TRUE,0.975000000034925
"3352","Y~Z",0.334588608034497,0.0272338972130726,0.5,"PLS",7444,7898308,1000,"ordinal","normal","skewed","Symmetric","3",1,TRUE,0.975000000034925
"3353","Y~X:Z",0.160718270051708,0.0244719653654311,0.3,"PLS",7444,7898308,1000,"ordinal","normal","skewed","Symmetric","3",1,TRUE,0.975000000034925
"3354","X~~Z",0.141148310646898,0.0329143343117308,0.2,"PLS",7444,7898308,1000,"ordinal","normal","skewed","Symmetric","3",1,TRUE,0.975000000034925
"3355","X=~x1",0.451,0.037,0.4,"Mplus",7444,7898308,1000,"ordinal","normal","skewed","Symmetric","3",1,TRUE,562.885000000009
"3356","X=~x2",0.821,0.036,0.8,"Mplus",7444,7898308,1000,"ordinal","normal","skewed","Symmetric","3",1,TRUE,562.885000000009
"3357","X=~x3",0.756,0.035,0.8,"Mplus",7444,7898308,1000,"ordinal","normal","skewed","Symmetric","3",1,TRUE,562.885000000009
"3358","Z=~z1",0.589,0.035,0.6,"Mplus",7444,7898308,1000,"ordinal","normal","skewed","Symmetric","3",1,TRUE,562.885000000009
"3359","Z=~z2",0.625,0.037,0.6,"Mplus",7444,7898308,1000,"ordinal","normal","skewed","Symmetric","3",1,TRUE,562.885000000009
"3360","Z=~z3",0.754,0.036,0.8,"Mplus",7444,7898308,1000,"ordinal","normal","skewed","Symmetric","3",1,TRUE,562.885000000009
"3361","Y=~y1",0.36,0.038,0.4,"Mplus",7444,7898308,1000,"ordinal","normal","skewed","Symmetric","3",1,TRUE,562.885000000009
"3362","Y=~y2",0.713,0.031,0.7,"Mplus",7444,7898308,1000,"ordinal","normal","skewed","Symmetric","3",1,TRUE,562.885000000009
"3363","Y=~y3",0.865,0.031,0.9,"Mplus",7444,7898308,1000,"ordinal","normal","skewed","Symmetric","3",1,TRUE,562.885000000009
"3364","Y~X",0.394,0.043,0.4,"Mplus",7444,7898308,1000,"ordinal","normal","skewed","Symmetric","3",1,TRUE,562.885000000009
"3365","Y~Z",0.497,0.042,0.5,"Mplus",7444,7898308,1000,"ordinal","normal","skewed","Symmetric","3",1,TRUE,562.885000000009
"3366","Y~X:Z",0.266,0.045,0.3,"Mplus",7444,7898308,1000,"ordinal","normal","skewed","Symmetric","3",1,TRUE,562.885000000009
"3367","X~~Z",0.204,0.047,0.2,"Mplus",7444,7898308,1000,"ordinal","normal","skewed","Symmetric","3",1,TRUE,562.885000000009
"3368","X=~x1",0.399740115032522,0.0363532617677528,0.4,"LSAM",7444,7898308,1000,"ordinal","normal","skewed","Symmetric","3",1,TRUE,0.558000000019092
"3369","X=~x2",0.814344409100517,0.0652021436181251,0.8,"LSAM",7444,7898308,1000,"ordinal","normal","skewed","Symmetric","3",1,TRUE,0.558000000019092
"3370","X=~x3",0.619069624219478,0.0607120243799191,0.8,"LSAM",7444,7898308,1000,"ordinal","normal","skewed","Symmetric","3",1,TRUE,0.558000000019092
"3371","Z=~z1",0.556733828707305,0.0717953720870088,0.6,"LSAM",7444,7898308,1000,"ordinal","normal","skewed","Symmetric","3",1,TRUE,0.558000000019092
"3372","Z=~z2",0.578061039224919,0.0845828900911855,0.6,"LSAM",7444,7898308,1000,"ordinal","normal","skewed","Symmetric","3",1,TRUE,0.558000000019092
"3373","Z=~z3",0.642422889917078,0.085802400859082,0.8,"LSAM",7444,7898308,1000,"ordinal","normal","skewed","Symmetric","3",1,TRUE,0.558000000019092
"3374","Y=~y1",0.314780811298564,0.0114708025655063,0.4,"LSAM",7444,7898308,1000,"ordinal","normal","skewed","Symmetric","3",1,TRUE,0.558000000019092
"3375","Y=~y2",0.603506340309027,0.0588132949327703,0.7,"LSAM",7444,7898308,1000,"ordinal","normal","skewed","Symmetric","3",1,TRUE,0.558000000019092
"3376","Y=~y3",0.802516865442481,0.0787749633094037,0.9,"LSAM",7444,7898308,1000,"ordinal","normal","skewed","Symmetric","3",1,TRUE,0.558000000019092
"3377","Y~X",0.32591527707923,0.0745091345312538,0.4,"LSAM",7444,7898308,1000,"ordinal","normal","skewed","Symmetric","3",1,TRUE,0.558000000019092
"3378","Y~Z",0.504145868856614,0.136502308918318,0.5,"LSAM",7444,7898308,1000,"ordinal","normal","skewed","Symmetric","3",1,TRUE,0.558000000019092
"3379","Y~X:Z",0.280719087691163,0.0943281064415805,0.3,"LSAM",7444,7898308,1000,"ordinal","normal","skewed","Symmetric","3",1,TRUE,0.558000000019092
"3380","X~~Z",0.202411234705444,0.0608337736630526,0.2,"LSAM",7444,7898308,1000,"ordinal","normal","skewed","Symmetric","3",1,TRUE,0.558000000019092
"3381","X=~x1",0.361943213014855,0.0808654312324369,0.4,"MC-PLSc",7445,1040578,300,"ordinal","normal","skewed","Symmetric","5",1,TRUE,16.640000000014
"3382","X=~x2",0.772906236242364,0.0748867096923612,0.8,"MC-PLSc",7445,1040578,300,"ordinal","normal","skewed","Symmetric","5",1,TRUE,16.640000000014
"3383","X=~x3",0.815460125205807,0.0722867853735514,0.8,"MC-PLSc",7445,1040578,300,"ordinal","normal","skewed","Symmetric","5",1,TRUE,16.640000000014
"3384","Z=~z1",0.612097065930225,0.0661826880395587,0.6,"MC-PLSc",7445,1040578,300,"ordinal","normal","skewed","Symmetric","5",1,TRUE,16.640000000014
"3385","Z=~z2",0.532730468644759,0.0675406336435445,0.6,"MC-PLSc",7445,1040578,300,"ordinal","normal","skewed","Symmetric","5",1,TRUE,16.640000000014
"3386","Z=~z3",0.806101475386012,0.0583802364693608,0.8,"MC-PLSc",7445,1040578,300,"ordinal","normal","skewed","Symmetric","5",1,TRUE,16.640000000014
"3387","Y=~y1",0.461668793776167,0.0729620808244101,0.4,"MC-PLSc",7445,1040578,300,"ordinal","normal","skewed","Symmetric","5",1,TRUE,16.640000000014
"3388","Y=~y2",0.755403949429837,0.0526652911084419,0.7,"MC-PLSc",7445,1040578,300,"ordinal","normal","skewed","Symmetric","5",1,TRUE,16.640000000014
"3389","Y=~y3",0.890197222908998,0.0530551307503704,0.9,"MC-PLSc",7445,1040578,300,"ordinal","normal","skewed","Symmetric","5",1,TRUE,16.640000000014
"3390","Y~X",0.294642255621921,0.0745599315270591,0.4,"MC-PLSc",7445,1040578,300,"ordinal","normal","skewed","Symmetric","5",1,TRUE,16.640000000014
"3391","Y~Z",0.401101561399699,0.078170543061196,0.5,"MC-PLSc",7445,1040578,300,"ordinal","normal","skewed","Symmetric","5",1,TRUE,16.640000000014
"3392","Y~X:Z",0.379573971435003,0.0880111425952219,0.3,"MC-PLSc",7445,1040578,300,"ordinal","normal","skewed","Symmetric","5",1,TRUE,16.640000000014
"3393","X~~Z",0.304984622426394,0.0808487651057679,0.2,"MC-PLSc",7445,1040578,300,"ordinal","normal","skewed","Symmetric","5",1,TRUE,16.640000000014
"3394","X=~x1",0.304846442877457,0.14561272219193,0.4,"PLSc",7445,1040578,300,"ordinal","normal","skewed","Symmetric","5",1,TRUE,1.27499999996508
"3395","X=~x2",0.755331430320809,0.0871884720065634,0.8,"PLSc",7445,1040578,300,"ordinal","normal","skewed","Symmetric","5",1,TRUE,1.27499999996508
"3396","X=~x3",0.786187156376782,0.0817084244712502,0.8,"PLSc",7445,1040578,300,"ordinal","normal","skewed","Symmetric","5",1,TRUE,1.27499999996508
"3397","Z=~z1",0.598026282300839,0.071070603426769,0.6,"PLSc",7445,1040578,300,"ordinal","normal","skewed","Symmetric","5",1,TRUE,1.27499999996508
"3398","Z=~z2",0.464386565958557,0.0893036083487351,0.6,"PLSc",7445,1040578,300,"ordinal","normal","skewed","Symmetric","5",1,TRUE,1.27499999996508
"3399","Z=~z3",0.792326903206222,0.0757781918282773,0.8,"PLSc",7445,1040578,300,"ordinal","normal","skewed","Symmetric","5",1,TRUE,1.27499999996508
"3400","Y=~y1",0.42265346374307,0.0957838661409914,0.4,"PLSc",7445,1040578,300,"ordinal","normal","skewed","Symmetric","5",1,TRUE,1.27499999996508
"3401","Y=~y2",0.728805097229115,0.0603972089630655,0.7,"PLSc",7445,1040578,300,"ordinal","normal","skewed","Symmetric","5",1,TRUE,1.27499999996508
"3402","Y=~y3",0.836449473943378,0.0575800721474393,0.9,"PLSc",7445,1040578,300,"ordinal","normal","skewed","Symmetric","5",1,TRUE,1.27499999996508
"3403","Y~X",0.289349614457155,0.0789992271241422,0.4,"PLSc",7445,1040578,300,"ordinal","normal","skewed","Symmetric","5",1,TRUE,1.27499999996508
"3404","Y~Z",0.376631120354708,0.0901996424451661,0.5,"PLSc",7445,1040578,300,"ordinal","normal","skewed","Symmetric","5",1,TRUE,1.27499999996508
"3405","Y~X:Z",0.367033262871814,0.131735350219777,0.3,"PLSc",7445,1040578,300,"ordinal","normal","skewed","Symmetric","5",1,TRUE,1.27499999996508
"3406","X~~Z",0.297679854103651,0.0766489852926289,0.2,"PLSc",7445,1040578,300,"ordinal","normal","skewed","Symmetric","5",1,TRUE,1.27499999996508
"3407","X=~x1",0.50041668665461,0.106461909012227,0.4,"PLS",7445,1040578,300,"ordinal","normal","skewed","Symmetric","5",1,TRUE,0.899999999965075
"3408","X=~x2",0.857947442644368,0.0328787455181738,0.8,"PLS",7445,1040578,300,"ordinal","normal","skewed","Symmetric","5",1,TRUE,0.899999999965075
"3409","X=~x3",0.871626222396065,0.0276072238387049,0.8,"PLS",7445,1040578,300,"ordinal","normal","skewed","Symmetric","5",1,TRUE,0.899999999965075
"3410","Z=~z1",0.747969076650204,0.0438054445281667,0.6,"PLS",7445,1040578,300,"ordinal","normal","skewed","Symmetric","5",1,TRUE,0.899999999965075
"3411","Z=~z2",0.681371054491044,0.0551858058849779,0.6,"PLS",7445,1040578,300,"ordinal","normal","skewed","Symmetric","5",1,TRUE,0.899999999965075
"3412","Z=~z3",0.854199446903588,0.0271219036139625,0.8,"PLS",7445,1040578,300,"ordinal","normal","skewed","Symmetric","5",1,TRUE,0.899999999965075
"3413","Y=~y1",0.600518844443489,0.0697249309127114,0.4,"PLS",7445,1040578,300,"ordinal","normal","skewed","Symmetric","5",1,TRUE,0.899999999965075
"3414","Y=~y2",0.839652616977482,0.026000821476145,0.7,"PLS",7445,1040578,300,"ordinal","normal","skewed","Symmetric","5",1,TRUE,0.899999999965075
"3415","Y=~y3",0.889885459265753,0.016074961164932,0.9,"PLS",7445,1040578,300,"ordinal","normal","skewed","Symmetric","5",1,TRUE,0.899999999965075
"3416","Y~X",0.246912295494486,0.0464052882162046,0.4,"PLS",7445,1040578,300,"ordinal","normal","skewed","Symmetric","5",1,TRUE,0.899999999965075
"3417","Y~Z",0.302384142936393,0.0533668950675913,0.5,"PLS",7445,1040578,300,"ordinal","normal","skewed","Symmetric","5",1,TRUE,0.899999999965075
"3418","Y~X:Z",0.233125445992555,0.0469154390921582,0.3,"PLS",7445,1040578,300,"ordinal","normal","skewed","Symmetric","5",1,TRUE,0.899999999965075
"3419","X~~Z",0.214070590379404,0.0552224657555892,0.2,"PLS",7445,1040578,300,"ordinal","normal","skewed","Symmetric","5",1,TRUE,0.899999999965075
"3420","X=~x1",0.367,0.072,0.4,"Mplus",7445,1040578,300,"ordinal","normal","skewed","Symmetric","5",1,TRUE,243.738000000012
"3421","X=~x2",0.72,0.06,0.8,"Mplus",7445,1040578,300,"ordinal","normal","skewed","Symmetric","5",1,TRUE,243.738000000012
"3422","X=~x3",0.845,0.064,0.8,"Mplus",7445,1040578,300,"ordinal","normal","skewed","Symmetric","5",1,TRUE,243.738000000012
"3423","Z=~z1",0.587,0.058,0.6,"Mplus",7445,1040578,300,"ordinal","normal","skewed","Symmetric","5",1,TRUE,243.738000000012
"3424","Z=~z2",0.553,0.055,0.6,"Mplus",7445,1040578,300,"ordinal","normal","skewed","Symmetric","5",1,TRUE,243.738000000012
"3425","Z=~z3",0.776,0.056,0.8,"Mplus",7445,1040578,300,"ordinal","normal","skewed","Symmetric","5",1,TRUE,243.738000000012
"3426","Y=~y1",0.456,0.056,0.4,"Mplus",7445,1040578,300,"ordinal","normal","skewed","Symmetric","5",1,TRUE,243.738000000012
"3427","Y=~y2",0.737,0.047,0.7,"Mplus",7445,1040578,300,"ordinal","normal","skewed","Symmetric","5",1,TRUE,243.738000000012
"3428","Y=~y3",0.867,0.04,0.9,"Mplus",7445,1040578,300,"ordinal","normal","skewed","Symmetric","5",1,TRUE,243.738000000012
"3429","Y~X",0.282,0.07,0.4,"Mplus",7445,1040578,300,"ordinal","normal","skewed","Symmetric","5",1,TRUE,243.738000000012
"3430","Y~Z",0.433,0.077,0.5,"Mplus",7445,1040578,300,"ordinal","normal","skewed","Symmetric","5",1,TRUE,243.738000000012
"3431","Y~X:Z",0.382,0.07,0.3,"Mplus",7445,1040578,300,"ordinal","normal","skewed","Symmetric","5",1,TRUE,243.738000000012
"3432","X~~Z",0.278,0.085,0.2,"Mplus",7445,1040578,300,"ordinal","normal","skewed","Symmetric","5",1,TRUE,243.738000000012
"3433","X=~x1",0.381563781881666,0.0587748116827094,0.4,"LSAM",7445,1040578,300,"ordinal","normal","skewed","Symmetric","5",1,TRUE,0.432000000029802
"3434","X=~x2",0.716981397028301,0.107823740406766,0.8,"LSAM",7445,1040578,300,"ordinal","normal","skewed","Symmetric","5",1,TRUE,0.432000000029802
"3435","X=~x3",0.773572329554226,0.109434953529515,0.8,"LSAM",7445,1040578,300,"ordinal","normal","skewed","Symmetric","5",1,TRUE,0.432000000029802
"3436","Z=~z1",0.573644156970257,0.0407063117430965,0.6,"LSAM",7445,1040578,300,"ordinal","normal","skewed","Symmetric","5",1,TRUE,0.432000000029802
"3437","Z=~z2",0.564001037570537,0.0802138341820292,0.6,"LSAM",7445,1040578,300,"ordinal","normal","skewed","Symmetric","5",1,TRUE,0.432000000029802
"3438","Z=~z3",0.724290183706941,0.0923393104953482,0.8,"LSAM",7445,1040578,300,"ordinal","normal","skewed","Symmetric","5",1,TRUE,0.432000000029802
"3439","Y=~y1",0.443991820725162,0.0259887850065347,0.4,"LSAM",7445,1040578,300,"ordinal","normal","skewed","Symmetric","5",1,TRUE,0.432000000029802
"3440","Y=~y2",0.677582601819017,0.0697682188226117,0.7,"LSAM",7445,1040578,300,"ordinal","normal","skewed","Symmetric","5",1,TRUE,0.432000000029802
"3441","Y=~y3",0.875086069910781,0.0793957302554899,0.9,"LSAM",7445,1040578,300,"ordinal","normal","skewed","Symmetric","5",1,TRUE,0.432000000029802
"3442","Y~X",0.294926904399501,0.083263693068084,0.4,"LSAM",7445,1040578,300,"ordinal","normal","skewed","Symmetric","5",1,TRUE,0.432000000029802
"3443","Y~Z",0.36808200191414,0.104553565953416,0.5,"LSAM",7445,1040578,300,"ordinal","normal","skewed","Symmetric","5",1,TRUE,0.432000000029802
"3444","Y~X:Z",0.376188528154047,0.0872726891623023,0.3,"LSAM",7445,1040578,300,"ordinal","normal","skewed","Symmetric","5",1,TRUE,0.432000000029802
"3445","X~~Z",0.293946076429213,0.0811946296704543,0.2,"LSAM",7445,1040578,300,"ordinal","normal","skewed","Symmetric","5",1,TRUE,0.432000000029802
"3446","X=~x1",0.466671106173788,0.0362917754527939,0.4,"MC-PLSc",7446,7313591,1000,"ordinal","normal","skewed","Symmetric","5",1,TRUE,19.524000000034
"3447","X=~x2",0.739735046123877,0.0341987954605852,0.8,"MC-PLSc",7446,7313591,1000,"ordinal","normal","skewed","Symmetric","5",1,TRUE,19.524000000034
"3448","X=~x3",0.811061090349434,0.0326920531880437,0.8,"MC-PLSc",7446,7313591,1000,"ordinal","normal","skewed","Symmetric","5",1,TRUE,19.524000000034
"3449","Z=~z1",0.609114922167273,0.0294540746788455,0.6,"MC-PLSc",7446,7313591,1000,"ordinal","normal","skewed","Symmetric","5",1,TRUE,19.524000000034
"3450","Z=~z2",0.656674489457438,0.0307946188248682,0.6,"MC-PLSc",7446,7313591,1000,"ordinal","normal","skewed","Symmetric","5",1,TRUE,19.524000000034
"3451","Z=~z3",0.802405596876415,0.031461343557446,0.8,"MC-PLSc",7446,7313591,1000,"ordinal","normal","skewed","Symmetric","5",1,TRUE,19.524000000034
"3452","Y=~y1",0.443584395457336,0.0393974849990902,0.4,"MC-PLSc",7446,7313591,1000,"ordinal","normal","skewed","Symmetric","5",1,TRUE,19.524000000034
"3453","Y=~y2",0.730769572682226,0.0275642711491327,0.7,"MC-PLSc",7446,7313591,1000,"ordinal","normal","skewed","Symmetric","5",1,TRUE,19.524000000034
"3454","Y=~y3",0.901839265428389,0.0229053102282353,0.9,"MC-PLSc",7446,7313591,1000,"ordinal","normal","skewed","Symmetric","5",1,TRUE,19.524000000034
"3455","Y~X",0.395850622189456,0.0389458596377434,0.4,"MC-PLSc",7446,7313591,1000,"ordinal","normal","skewed","Symmetric","5",1,TRUE,19.524000000034
"3456","Y~Z",0.541699653395951,0.0375594090782347,0.5,"MC-PLSc",7446,7313591,1000,"ordinal","normal","skewed","Symmetric","5",1,TRUE,19.524000000034
"3457","Y~X:Z",0.392373893230319,0.0419258643158074,0.3,"MC-PLSc",7446,7313591,1000,"ordinal","normal","skewed","Symmetric","5",1,TRUE,19.524000000034
"3458","X~~Z",0.141052644841148,0.0434624525729379,0.2,"MC-PLSc",7446,7313591,1000,"ordinal","normal","skewed","Symmetric","5",1,TRUE,19.524000000034
"3459","X=~x1",0.471620652174284,0.0545145807422571,0.4,"PLSc",7446,7313591,1000,"ordinal","normal","skewed","Symmetric","5",1,TRUE,1.36300000001211
"3460","X=~x2",0.672574567858332,0.0480820681430886,0.8,"PLSc",7446,7313591,1000,"ordinal","normal","skewed","Symmetric","5",1,TRUE,1.36300000001211
"3461","X=~x3",0.782765663292809,0.0433494621602713,0.8,"PLSc",7446,7313591,1000,"ordinal","normal","skewed","Symmetric","5",1,TRUE,1.36300000001211
"3462","Z=~z1",0.563083577076853,0.0435191950866966,0.6,"PLSc",7446,7313591,1000,"ordinal","normal","skewed","Symmetric","5",1,TRUE,1.36300000001211
"3463","Z=~z2",0.638164637032016,0.0426051766611566,0.6,"PLSc",7446,7313591,1000,"ordinal","normal","skewed","Symmetric","5",1,TRUE,1.36300000001211
"3464","Z=~z3",0.773147867892379,0.0376395433353021,0.8,"PLSc",7446,7313591,1000,"ordinal","normal","skewed","Symmetric","5",1,TRUE,1.36300000001211
"3465","Y=~y1",0.409220499605452,0.0444740241171534,0.4,"PLSc",7446,7313591,1000,"ordinal","normal","skewed","Symmetric","5",1,TRUE,1.36300000001211
"3466","Y=~y2",0.67518444109682,0.0289228648618137,0.7,"PLSc",7446,7313591,1000,"ordinal","normal","skewed","Symmetric","5",1,TRUE,1.36300000001211
"3467","Y=~y3",0.8801405542105,0.0259034527828046,0.9,"PLSc",7446,7313591,1000,"ordinal","normal","skewed","Symmetric","5",1,TRUE,1.36300000001211
"3468","Y~X",0.379706124485419,0.0467044828870441,0.4,"PLSc",7446,7313591,1000,"ordinal","normal","skewed","Symmetric","5",1,TRUE,1.36300000001211
"3469","Y~Z",0.560310682220634,0.0427983393558131,0.5,"PLSc",7446,7313591,1000,"ordinal","normal","skewed","Symmetric","5",1,TRUE,1.36300000001211
"3470","Y~X:Z",0.423086461672887,0.0751145736249535,0.3,"PLSc",7446,7313591,1000,"ordinal","normal","skewed","Symmetric","5",1,TRUE,1.36300000001211
"3471","X~~Z",0.142179449426708,0.0421556347633611,0.2,"PLSc",7446,7313591,1000,"ordinal","normal","skewed","Symmetric","5",1,TRUE,1.36300000001211
"3472","X=~x1",0.610390941199374,0.0363238263513325,0.4,"PLS",7446,7313591,1000,"ordinal","normal","skewed","Symmetric","5",1,TRUE,0.958999999973457
"3473","X=~x2",0.831933707557124,0.0180379314162625,0.8,"PLS",7446,7313591,1000,"ordinal","normal","skewed","Symmetric","5",1,TRUE,0.958999999973457
"3474","X=~x3",0.861450486393021,0.014203962660819,0.8,"PLS",7446,7313591,1000,"ordinal","normal","skewed","Symmetric","5",1,TRUE,0.958999999973457
"3475","Z=~z1",0.737972811220639,0.0247627317392946,0.6,"PLS",7446,7313591,1000,"ordinal","normal","skewed","Symmetric","5",1,TRUE,0.958999999973457
"3476","Z=~z2",0.772035152662567,0.0219973404042642,0.6,"PLS",7446,7313591,1000,"ordinal","normal","skewed","Symmetric","5",1,TRUE,0.958999999973457
"3477","Z=~z3",0.848253997501899,0.0132070243377723,0.8,"PLS",7446,7313591,1000,"ordinal","normal","skewed","Symmetric","5",1,TRUE,0.958999999973457
"3478","Y=~y1",0.587212990237069,0.035424074870055,0.4,"PLS",7446,7313591,1000,"ordinal","normal","skewed","Symmetric","5",1,TRUE,0.958999999973457
"3479","Y=~y2",0.830584712816131,0.0133660132199615,0.7,"PLS",7446,7313591,1000,"ordinal","normal","skewed","Symmetric","5",1,TRUE,0.958999999973457
"3480","Y=~y3",0.892150350036093,0.00771117620499895,0.9,"PLS",7446,7313591,1000,"ordinal","normal","skewed","Symmetric","5",1,TRUE,0.958999999973457
"3481","Y~X",0.309618303029371,0.0271373114965844,0.4,"PLS",7446,7313591,1000,"ordinal","normal","skewed","Symmetric","5",1,TRUE,0.958999999973457
"3482","Y~Z",0.410541262086068,0.0241524721299806,0.5,"PLS",7446,7313591,1000,"ordinal","normal","skewed","Symmetric","5",1,TRUE,0.958999999973457
"3483","Y~X:Z",0.229349650840514,0.0288820019984567,0.3,"PLS",7446,7313591,1000,"ordinal","normal","skewed","Symmetric","5",1,TRUE,0.958999999973457
"3484","X~~Z",0.101684466409413,0.030506723485658,0.2,"PLS",7446,7313591,1000,"ordinal","normal","skewed","Symmetric","5",1,TRUE,0.958999999973457
"3485","X=~x1",0.431,0.032,0.4,"Mplus",7446,7313591,1000,"ordinal","normal","skewed","Symmetric","5",1,TRUE,925.565000000002
"3486","X=~x2",0.771,0.028,0.8,"Mplus",7446,7313591,1000,"ordinal","normal","skewed","Symmetric","5",1,TRUE,925.565000000002
"3487","X=~x3",0.785,0.028,0.8,"Mplus",7446,7313591,1000,"ordinal","normal","skewed","Symmetric","5",1,TRUE,925.565000000002
"3488","Z=~z1",0.621,0.03,0.6,"Mplus",7446,7313591,1000,"ordinal","normal","skewed","Symmetric","5",1,TRUE,925.565000000002
"3489","Z=~z2",0.635,0.03,0.6,"Mplus",7446,7313591,1000,"ordinal","normal","skewed","Symmetric","5",1,TRUE,925.565000000002
"3490","Z=~z3",0.79,0.025,0.8,"Mplus",7446,7313591,1000,"ordinal","normal","skewed","Symmetric","5",1,TRUE,925.565000000002
"3491","Y=~y1",0.451,0.035,0.4,"Mplus",7446,7313591,1000,"ordinal","normal","skewed","Symmetric","5",1,TRUE,925.565000000002
"3492","Y=~y2",0.725,0.024,0.7,"Mplus",7446,7313591,1000,"ordinal","normal","skewed","Symmetric","5",1,TRUE,925.565000000002
"3493","Y=~y3",0.876,0.021,0.9,"Mplus",7446,7313591,1000,"ordinal","normal","skewed","Symmetric","5",1,TRUE,925.565000000002
"3494","Y~X",0.385,0.037,0.4,"Mplus",7446,7313591,1000,"ordinal","normal","skewed","Symmetric","5",1,TRUE,925.565000000002
"3495","Y~Z",0.543,0.032,0.5,"Mplus",7446,7313591,1000,"ordinal","normal","skewed","Symmetric","5",1,TRUE,925.565000000002
"3496","Y~X:Z",0.36,0.048,0.3,"Mplus",7446,7313591,1000,"ordinal","normal","skewed","Symmetric","5",1,TRUE,925.565000000002
"3497","X~~Z",0.156,0.041,0.2,"Mplus",7446,7313591,1000,"ordinal","normal","skewed","Symmetric","5",1,TRUE,925.565000000002
"3498","X=~x1",0.417562624719144,0.0305142107789685,0.4,"LSAM",7446,7313591,1000,"ordinal","normal","skewed","Symmetric","5",1,TRUE,0.439000000013039
"3499","X=~x2",0.760073147605867,0.0529370797054883,0.8,"LSAM",7446,7313591,1000,"ordinal","normal","skewed","Symmetric","5",1,TRUE,0.439000000013039
"3500","X=~x3",0.745794152087957,0.0528171071987676,0.8,"LSAM",7446,7313591,1000,"ordinal","normal","skewed","Symmetric","5",1,TRUE,0.439000000013039
"3501","Z=~z1",0.60558906168769,0.0208691635989032,0.6,"LSAM",7446,7313591,1000,"ordinal","normal","skewed","Symmetric","5",1,TRUE,0.439000000013039
"3502","Z=~z2",0.616250005534021,0.0391441033559364,0.6,"LSAM",7446,7313591,1000,"ordinal","normal","skewed","Symmetric","5",1,TRUE,0.439000000013039
"3503","Z=~z3",0.753902600032207,0.0420932921528487,0.8,"LSAM",7446,7313591,1000,"ordinal","normal","skewed","Symmetric","5",1,TRUE,0.439000000013039
"3504","Y=~y1",0.437499500627661,0.0147451098741092,0.4,"LSAM",7446,7313591,1000,"ordinal","normal","skewed","Symmetric","5",1,TRUE,0.439000000013039
"3505","Y=~y2",0.730067308819642,0.0420494980085534,0.7,"LSAM",7446,7313591,1000,"ordinal","normal","skewed","Symmetric","5",1,TRUE,0.439000000013039
"3506","Y=~y3",0.796309330697971,0.0441228272897501,0.9,"LSAM",7446,7313591,1000,"ordinal","normal","skewed","Symmetric","5",1,TRUE,0.439000000013039
"3507","Y~X",0.376697480248297,0.0448340121433729,0.4,"LSAM",7446,7313591,1000,"ordinal","normal","skewed","Symmetric","5",1,TRUE,0.439000000013039
"3508","Y~Z",0.574967402326393,0.0545957848092569,0.5,"LSAM",7446,7313591,1000,"ordinal","normal","skewed","Symmetric","5",1,TRUE,0.439000000013039
"3509","Y~X:Z",0.401032181986759,0.0621388021490432,0.3,"LSAM",7446,7313591,1000,"ordinal","normal","skewed","Symmetric","5",1,TRUE,0.439000000013039
"3510","X~~Z",0.153082680988817,0.0421295915187239,0.2,"LSAM",7446,7313591,1000,"ordinal","normal","skewed","Symmetric","5",1,TRUE,0.439000000013039
"3511","X=~x1",0.499843499226742,0.162823176915284,0.4,"MC-PLSc",7447,5186965,300,"ordinal","normal","skewed","Extreme","2",1,TRUE,16.1920000000391
"3512","X=~x2",0.822529376122494,0.134481549107347,0.8,"MC-PLSc",7447,5186965,300,"ordinal","normal","skewed","Extreme","2",1,TRUE,16.1920000000391
"3513","X=~x3",0.926152378350128,0.119118582945696,0.8,"MC-PLSc",7447,5186965,300,"ordinal","normal","skewed","Extreme","2",1,TRUE,16.1920000000391
"3514","Z=~z1",0.589617211035693,0.110093851547657,0.6,"MC-PLSc",7447,5186965,300,"ordinal","normal","skewed","Extreme","2",1,TRUE,16.1920000000391
"3515","Z=~z2",0.650363054963985,0.0884739678896995,0.6,"MC-PLSc",7447,5186965,300,"ordinal","normal","skewed","Extreme","2",1,TRUE,16.1920000000391
"3516","Z=~z3",0.820820473128789,0.0985766391742267,0.8,"MC-PLSc",7447,5186965,300,"ordinal","normal","skewed","Extreme","2",1,TRUE,16.1920000000391
"3517","Y=~y1",0.274039098723557,0.092124759985336,0.4,"MC-PLSc",7447,5186965,300,"ordinal","normal","skewed","Extreme","2",1,TRUE,16.1920000000391
"3518","Y=~y2",0.752182489494814,0.0899306445136008,0.7,"MC-PLSc",7447,5186965,300,"ordinal","normal","skewed","Extreme","2",1,TRUE,16.1920000000391
"3519","Y=~y3",0.943501355826974,0.0989872260317942,0.9,"MC-PLSc",7447,5186965,300,"ordinal","normal","skewed","Extreme","2",1,TRUE,16.1920000000391
"3520","Y~X",0.237910639126969,0.316197144022685,0.4,"MC-PLSc",7447,5186965,300,"ordinal","normal","skewed","Extreme","2",1,TRUE,16.1920000000391
"3521","Y~Z",0.757418042879229,0.171095833509464,0.5,"MC-PLSc",7447,5186965,300,"ordinal","normal","skewed","Extreme","2",1,TRUE,16.1920000000391
"3522","Y~X:Z",0.419485846570857,0.572928178099305,0.3,"MC-PLSc",7447,5186965,300,"ordinal","normal","skewed","Extreme","2",1,TRUE,16.1920000000391
"3523","X~~Z",0.170704169078697,0.117698493304324,0.2,"MC-PLSc",7447,5186965,300,"ordinal","normal","skewed","Extreme","2",1,TRUE,16.1920000000391
"3524","X=~x1",0.258365715296559,0.168016127943149,0.4,"PLSc",7447,5186965,300,"ordinal","normal","skewed","Extreme","2",1,TRUE,1.25800000003073
"3525","X=~x2",0.680508474734954,0.120340655969621,0.8,"PLSc",7447,5186965,300,"ordinal","normal","skewed","Extreme","2",1,TRUE,1.25800000003073
"3526","X=~x3",0.768799885522715,0.133624959198981,0.8,"PLSc",7447,5186965,300,"ordinal","normal","skewed","Extreme","2",1,TRUE,1.25800000003073
"3527","Z=~z1",0.396084002167204,0.105859551859365,0.6,"PLSc",7447,5186965,300,"ordinal","normal","skewed","Extreme","2",1,TRUE,1.25800000003073
"3528","Z=~z2",0.494591909503044,0.109594819316347,0.6,"PLSc",7447,5186965,300,"ordinal","normal","skewed","Extreme","2",1,TRUE,1.25800000003073
"3529","Z=~z3",0.631796889306324,0.0978150876538422,0.8,"PLSc",7447,5186965,300,"ordinal","normal","skewed","Extreme","2",1,TRUE,1.25800000003073
"3530","Y=~y1",0.175229568016441,0.104570372273586,0.4,"PLSc",7447,5186965,300,"ordinal","normal","skewed","Extreme","2",1,TRUE,1.25800000003073
"3531","Y=~y2",0.65782720906385,0.0733963797793468,0.7,"PLSc",7447,5186965,300,"ordinal","normal","skewed","Extreme","2",1,TRUE,1.25800000003073
"3532","Y=~y3",0.794893868135626,0.0736948783484851,0.9,"PLSc",7447,5186965,300,"ordinal","normal","skewed","Extreme","2",1,TRUE,1.25800000003073
"3533","Y~X",0.306232666453226,0.410882817704215,0.4,"PLSc",7447,5186965,300,"ordinal","normal","skewed","Extreme","2",1,TRUE,1.25800000003073
"3534","Y~Z",0.673879241798117,0.488133005586778,0.5,"PLSc",7447,5186965,300,"ordinal","normal","skewed","Extreme","2",1,TRUE,1.25800000003073
"3535","Y~X:Z",0.343877044037552,1.80171294671996,0.3,"PLSc",7447,5186965,300,"ordinal","normal","skewed","Extreme","2",1,TRUE,1.25800000003073
"3536","X~~Z",0.129728796384959,0.0992615206553816,0.2,"PLSc",7447,5186965,300,"ordinal","normal","skewed","Extreme","2",1,TRUE,1.25800000003073
"3537","X=~x1",0.509782824713972,0.139332552081653,0.4,"PLS",7447,5186965,300,"ordinal","normal","skewed","Extreme","2",1,TRUE,0.930999999982305
"3538","X=~x2",0.816590970937252,0.0581069345135292,0.8,"PLS",7447,5186965,300,"ordinal","normal","skewed","Extreme","2",1,TRUE,0.930999999982305
"3539","X=~x3",0.855364422007729,0.0542517295496396,0.8,"PLS",7447,5186965,300,"ordinal","normal","skewed","Extreme","2",1,TRUE,0.930999999982305
"3540","Z=~z1",0.622284139515791,0.095990272640096,0.6,"PLS",7447,5186965,300,"ordinal","normal","skewed","Extreme","2",1,TRUE,0.930999999982305
"3541","Z=~z2",0.676960212782323,0.092744029932273,0.6,"PLS",7447,5186965,300,"ordinal","normal","skewed","Extreme","2",1,TRUE,0.930999999982305
"3542","Z=~z3",0.812313655407412,0.0458188791708865,0.8,"PLS",7447,5186965,300,"ordinal","normal","skewed","Extreme","2",1,TRUE,0.930999999982305
"3543","Y=~y1",0.303658023072163,0.12350937882292,0.4,"PLS",7447,5186965,300,"ordinal","normal","skewed","Extreme","2",1,TRUE,0.930999999982305
"3544","Y=~y2",0.826011148788023,0.0426873201171094,0.7,"PLS",7447,5186965,300,"ordinal","normal","skewed","Extreme","2",1,TRUE,0.930999999982305
"3545","Y=~y3",0.893380443958272,0.0240135977855251,0.9,"PLS",7447,5186965,300,"ordinal","normal","skewed","Extreme","2",1,TRUE,0.930999999982305
"3546","Y~X",0.260154333567349,0.0580488965305477,0.4,"PLS",7447,5186965,300,"ordinal","normal","skewed","Extreme","2",1,TRUE,0.930999999982305
"3547","Y~Z",0.424434371303032,0.0749757425634908,0.5,"PLS",7447,5186965,300,"ordinal","normal","skewed","Extreme","2",1,TRUE,0.930999999982305
"3548","Y~X:Z",0.146124938004068,0.076801591251012,0.3,"PLS",7447,5186965,300,"ordinal","normal","skewed","Extreme","2",1,TRUE,0.930999999982305
"3549","X~~Z",0.0790878141471181,0.0568982558498273,0.2,"PLS",7447,5186965,300,"ordinal","normal","skewed","Extreme","2",1,TRUE,0.930999999982305
"3550","X=~x1",0.585,0.106,0.4,"Mplus",7447,5186965,300,"ordinal","normal","skewed","Extreme","2",1,TRUE,79.2289999999921
"3551","X=~x2",0.811,0.086,0.8,"Mplus",7447,5186965,300,"ordinal","normal","skewed","Extreme","2",1,TRUE,79.2289999999921
"3552","X=~x3",0.882,0.082,0.8,"Mplus",7447,5186965,300,"ordinal","normal","skewed","Extreme","2",1,TRUE,79.2289999999921
"3553","Z=~z1",0.587,0.095,0.6,"Mplus",7447,5186965,300,"ordinal","normal","skewed","Extreme","2",1,TRUE,79.2289999999921
"3554","Z=~z2",0.628,0.096,0.6,"Mplus",7447,5186965,300,"ordinal","normal","skewed","Extreme","2",1,TRUE,79.2289999999921
"3555","Z=~z3",0.825,0.085,0.8,"Mplus",7447,5186965,300,"ordinal","normal","skewed","Extreme","2",1,TRUE,79.2289999999921
"3556","Y=~y1",0.312,0.121,0.4,"Mplus",7447,5186965,300,"ordinal","normal","skewed","Extreme","2",1,TRUE,79.2289999999921
"3557","Y=~y2",0.785,0.106,0.7,"Mplus",7447,5186965,300,"ordinal","normal","skewed","Extreme","2",1,TRUE,79.2289999999921
"3558","Y=~y3",0.957,0.066,0.9,"Mplus",7447,5186965,300,"ordinal","normal","skewed","Extreme","2",1,TRUE,79.2289999999921
"3559","Y~X",0.391,0.165,0.4,"Mplus",7447,5186965,300,"ordinal","normal","skewed","Extreme","2",1,TRUE,79.2289999999921
"3560","Y~Z",0.707,0.104,0.5,"Mplus",7447,5186965,300,"ordinal","normal","skewed","Extreme","2",1,TRUE,79.2289999999921
"3561","Y~X:Z",0.066,0.343,0.3,"Mplus",7447,5186965,300,"ordinal","normal","skewed","Extreme","2",1,TRUE,79.2289999999921
"3562","X~~Z",0.214,0.133,0.2,"Mplus",7447,5186965,300,"ordinal","normal","skewed","Extreme","2",1,TRUE,79.2289999999921
"3563","X=~x1",0.440461870113345,0.0673818073790992,0.4,"LSAM",7447,5186965,300,"ordinal","normal","skewed","Extreme","2",1,TRUE,0.565000000002328
"3564","X=~x2",0.654002512671922,0.115885545404996,0.8,"LSAM",7447,5186965,300,"ordinal","normal","skewed","Extreme","2",1,TRUE,0.565000000002328
"3565","X=~x3",0.682959779398208,0.118048694275044,0.8,"LSAM",7447,5186965,300,"ordinal","normal","skewed","Extreme","2",1,TRUE,0.565000000002328
"3566","Z=~z1",0.453891171217231,0.254384086979693,0.6,"LSAM",7447,5186965,300,"ordinal","normal","skewed","Extreme","2",1,TRUE,0.565000000002328
"3567","Z=~z2",0.405863493329852,0.255850141281584,0.6,"LSAM",7447,5186965,300,"ordinal","normal","skewed","Extreme","2",1,TRUE,0.565000000002328
"3568","Z=~z3",0.676163759965155,0.304467440845298,0.8,"LSAM",7447,5186965,300,"ordinal","normal","skewed","Extreme","2",1,TRUE,0.565000000002328
"3569","Y=~y1",0.303612525735268,0.0239972277638077,0.4,"LSAM",7447,5186965,300,"ordinal","normal","skewed","Extreme","2",1,TRUE,0.565000000002328
"3570","Y=~y2",0.558336469086422,0.0959033647674888,0.7,"LSAM",7447,5186965,300,"ordinal","normal","skewed","Extreme","2",1,TRUE,0.565000000002328
"3571","Y=~y3",0.906125217116354,0.150729062467432,0.9,"LSAM",7447,5186965,300,"ordinal","normal","skewed","Extreme","2",1,TRUE,0.565000000002328
"3572","Y~X",0.290960444400283,0.149926793141922,0.4,"LSAM",7447,5186965,300,"ordinal","normal","skewed","Extreme","2",1,TRUE,0.565000000002328
"3573","Y~Z",0.604010846783161,0.303924514843008,0.5,"LSAM",7447,5186965,300,"ordinal","normal","skewed","Extreme","2",1,TRUE,0.565000000002328
"3574","Y~X:Z",0.135889759657778,1.04548899917299,0.3,"LSAM",7447,5186965,300,"ordinal","normal","skewed","Extreme","2",1,TRUE,0.565000000002328
"3575","X~~Z",0.114581406243878,0.155813344128334,0.2,"LSAM",7447,5186965,300,"ordinal","normal","skewed","Extreme","2",1,TRUE,0.565000000002328
"3576","X=~x1",0.441753515841557,0.0819895459648289,0.4,"MC-PLSc",7448,776475,1000,"ordinal","normal","skewed","Extreme","2",1,TRUE,19.685999999987
"3577","X=~x2",0.757801768503135,0.0666505599898615,0.8,"MC-PLSc",7448,776475,1000,"ordinal","normal","skewed","Extreme","2",1,TRUE,19.685999999987
"3578","X=~x3",0.822694248640963,0.0682454506619445,0.8,"MC-PLSc",7448,776475,1000,"ordinal","normal","skewed","Extreme","2",1,TRUE,19.685999999987
"3579","Z=~z1",0.618956804078527,0.0619324786605977,0.6,"MC-PLSc",7448,776475,1000,"ordinal","normal","skewed","Extreme","2",1,TRUE,19.685999999987
"3580","Z=~z2",0.514907495130071,0.0733322690151263,0.6,"MC-PLSc",7448,776475,1000,"ordinal","normal","skewed","Extreme","2",1,TRUE,19.685999999987
"3581","Z=~z3",0.77332462818696,0.0609633096995769,0.8,"MC-PLSc",7448,776475,1000,"ordinal","normal","skewed","Extreme","2",1,TRUE,19.685999999987
"3582","Y=~y1",0.314630524608939,0.0640170061433598,0.4,"MC-PLSc",7448,776475,1000,"ordinal","normal","skewed","Extreme","2",1,TRUE,19.685999999987
"3583","Y=~y2",0.688514123771811,0.0567359719718233,0.7,"MC-PLSc",7448,776475,1000,"ordinal","normal","skewed","Extreme","2",1,TRUE,19.685999999987
"3584","Y=~y3",0.913100546286158,0.0599595189890104,0.9,"MC-PLSc",7448,776475,1000,"ordinal","normal","skewed","Extreme","2",1,TRUE,19.685999999987
"3585","Y~X",0.100117271113796,0.192084395748597,0.4,"MC-PLSc",7448,776475,1000,"ordinal","normal","skewed","Extreme","2",1,TRUE,19.685999999987
"3586","Y~Z",0.586247828680301,0.0961038258833365,0.5,"MC-PLSc",7448,776475,1000,"ordinal","normal","skewed","Extreme","2",1,TRUE,19.685999999987
"3587","Y~X:Z",0.58168264918314,0.220852926053785,0.3,"MC-PLSc",7448,776475,1000,"ordinal","normal","skewed","Extreme","2",1,TRUE,19.685999999987
"3588","X~~Z",0.296781136202983,0.0859083883757003,0.2,"MC-PLSc",7448,776475,1000,"ordinal","normal","skewed","Extreme","2",1,TRUE,19.685999999987
"3589","X=~x1",0.333270791809314,0.0811664688960251,0.4,"PLSc",7448,776475,1000,"ordinal","normal","skewed","Extreme","2",1,TRUE,1.39400000002934
"3590","X=~x2",0.555976872260904,0.0752383643765737,0.8,"PLSc",7448,776475,1000,"ordinal","normal","skewed","Extreme","2",1,TRUE,1.39400000002934
"3591","X=~x3",0.623766207687635,0.0832288587678794,0.8,"PLSc",7448,776475,1000,"ordinal","normal","skewed","Extreme","2",1,TRUE,1.39400000002934
"3592","Z=~z1",0.469915327007086,0.0521280625975633,0.6,"PLSc",7448,776475,1000,"ordinal","normal","skewed","Extreme","2",1,TRUE,1.39400000002934
"3593","Z=~z2",0.285653943418552,0.0655557024641671,0.6,"PLSc",7448,776475,1000,"ordinal","normal","skewed","Extreme","2",1,TRUE,1.39400000002934
"3594","Z=~z3",0.603926010362808,0.0543786082359417,0.8,"PLSc",7448,776475,1000,"ordinal","normal","skewed","Extreme","2",1,TRUE,1.39400000002934
"3595","Y=~y1",0.210091192493301,0.0608749751278407,0.4,"PLSc",7448,776475,1000,"ordinal","normal","skewed","Extreme","2",1,TRUE,1.39400000002934
"3596","Y=~y2",0.574921501285681,0.0462544194591447,0.7,"PLSc",7448,776475,1000,"ordinal","normal","skewed","Extreme","2",1,TRUE,1.39400000002934
"3597","Y=~y3",0.76744797600308,0.0479120816982097,0.9,"PLSc",7448,776475,1000,"ordinal","normal","skewed","Extreme","2",1,TRUE,1.39400000002934
"3598","Y~X",0.294364145879294,0.0656204433494333,0.4,"PLSc",7448,776475,1000,"ordinal","normal","skewed","Extreme","2",1,TRUE,1.39400000002934
"3599","Y~Z",0.558445131408712,0.0946977145447717,0.5,"PLSc",7448,776475,1000,"ordinal","normal","skewed","Extreme","2",1,TRUE,1.39400000002934
"3600","Y~X:Z",0.0919169568981175,0.0763268520896177,0.3,"PLSc",7448,776475,1000,"ordinal","normal","skewed","Extreme","2",1,TRUE,1.39400000002934
"3601","X~~Z",0.249229159510516,0.0743450896535263,0.2,"PLSc",7448,776475,1000,"ordinal","normal","skewed","Extreme","2",1,TRUE,1.39400000002934
"3602","X=~x1",0.45875612657477,0.0836046001501745,0.4,"PLS",7448,776475,1000,"ordinal","normal","skewed","Extreme","2",1,TRUE,0.950000000011642
"3603","X=~x2",0.778406687051579,0.0435485989585312,0.8,"PLS",7448,776475,1000,"ordinal","normal","skewed","Extreme","2",1,TRUE,0.950000000011642
"3604","X=~x3",0.820841592338505,0.0416565640284299,0.8,"PLS",7448,776475,1000,"ordinal","normal","skewed","Extreme","2",1,TRUE,0.950000000011642
"3605","Z=~z1",0.671208925823445,0.0479223915221976,0.6,"PLS",7448,776475,1000,"ordinal","normal","skewed","Extreme","2",1,TRUE,0.950000000011642
"3606","Z=~z2",0.554213905249139,0.065623522140269,0.6,"PLS",7448,776475,1000,"ordinal","normal","skewed","Extreme","2",1,TRUE,0.950000000011642
"3607","Z=~z3",0.807071234144755,0.0331801322767367,0.8,"PLS",7448,776475,1000,"ordinal","normal","skewed","Extreme","2",1,TRUE,0.950000000011642
"3608","Y=~y1",0.360133925968084,0.0727378857804379,0.4,"PLS",7448,776475,1000,"ordinal","normal","skewed","Extreme","2",1,TRUE,0.950000000011642
"3609","Y=~y2",0.774846130145852,0.0308968077088068,0.7,"PLS",7448,776475,1000,"ordinal","normal","skewed","Extreme","2",1,TRUE,0.950000000011642
"3610","Y=~y3",0.881406748215589,0.0157332521435881,0.9,"PLS",7448,776475,1000,"ordinal","normal","skewed","Extreme","2",1,TRUE,0.950000000011642
"3611","Y~X",0.215203878517031,0.0312772500923383,0.4,"PLS",7448,776475,1000,"ordinal","normal","skewed","Extreme","2",1,TRUE,0.950000000011642
"3612","Y~Z",0.324616429467361,0.0354621604522728,0.5,"PLS",7448,776475,1000,"ordinal","normal","skewed","Extreme","2",1,TRUE,0.950000000011642
"3613","Y~X:Z",0.147360671791475,0.027324877868765,0.3,"PLS",7448,776475,1000,"ordinal","normal","skewed","Extreme","2",1,TRUE,0.950000000011642
"3614","X~~Z",0.127540778860421,0.0383027766933987,0.2,"PLS",7448,776475,1000,"ordinal","normal","skewed","Extreme","2",1,TRUE,0.950000000011642
"3615","X=~x1",0.367,0.065,0.4,"Mplus",7448,776475,1000,"ordinal","normal","skewed","Extreme","2",1,TRUE,141.080000000016
"3616","X=~x2",0.784,0.059,0.8,"Mplus",7448,776475,1000,"ordinal","normal","skewed","Extreme","2",1,TRUE,141.080000000016
"3617","X=~x3",0.83,0.06,0.8,"Mplus",7448,776475,1000,"ordinal","normal","skewed","Extreme","2",1,TRUE,141.080000000016
"3618","Z=~z1",0.562,0.061,0.6,"Mplus",7448,776475,1000,"ordinal","normal","skewed","Extreme","2",1,TRUE,141.080000000016
"3619","Z=~z2",0.567,0.059,0.6,"Mplus",7448,776475,1000,"ordinal","normal","skewed","Extreme","2",1,TRUE,141.080000000016
"3620","Z=~z3",0.79,0.06,0.8,"Mplus",7448,776475,1000,"ordinal","normal","skewed","Extreme","2",1,TRUE,141.080000000016
"3621","Y=~y1",0.334,0.059,0.4,"Mplus",7448,776475,1000,"ordinal","normal","skewed","Extreme","2",1,TRUE,141.080000000016
"3622","Y=~y2",0.671,0.047,0.7,"Mplus",7448,776475,1000,"ordinal","normal","skewed","Extreme","2",1,TRUE,141.080000000016
"3623","Y=~y3",0.947,0.05,0.9,"Mplus",7448,776475,1000,"ordinal","normal","skewed","Extreme","2",1,TRUE,141.080000000016
"3624","Y~X",0.236,0.111,0.4,"Mplus",7448,776475,1000,"ordinal","normal","skewed","Extreme","2",1,TRUE,141.080000000016
"3625","Y~Z",0.597,0.09,0.5,"Mplus",7448,776475,1000,"ordinal","normal","skewed","Extreme","2",1,TRUE,141.080000000016
"3626","Y~X:Z",0.313,0.13,0.3,"Mplus",7448,776475,1000,"ordinal","normal","skewed","Extreme","2",1,TRUE,141.080000000016
"3627","X~~Z",0.269,0.08,0.2,"Mplus",7448,776475,1000,"ordinal","normal","skewed","Extreme","2",1,TRUE,141.080000000016
"3628","X=~x1",0.304489094891539,0.040609953642991,0.4,"LSAM",7448,776475,1000,"ordinal","normal","skewed","Extreme","2",1,TRUE,0.527999999991152
"3629","X=~x2",0.59928138537464,0.0920619069845908,0.8,"LSAM",7448,776475,1000,"ordinal","normal","skewed","Extreme","2",1,TRUE,0.527999999991152
"3630","X=~x3",0.654096460229911,0.0982424901052401,0.8,"LSAM",7448,776475,1000,"ordinal","normal","skewed","Extreme","2",1,TRUE,0.527999999991152
"3631","Z=~z1",0.373877294341363,0.357601457119327,0.6,"LSAM",7448,776475,1000,"ordinal","normal","skewed","Extreme","2",1,TRUE,0.527999999991152
"3632","Z=~z2",0.489704925019258,0.420435695642757,0.6,"LSAM",7448,776475,1000,"ordinal","normal","skewed","Extreme","2",1,TRUE,0.527999999991152
"3633","Z=~z3",0.544334202510532,0.434185416532287,0.8,"LSAM",7448,776475,1000,"ordinal","normal","skewed","Extreme","2",1,TRUE,0.527999999991152
"3634","Y=~y1",0.307130516458029,0.0160746768463401,0.4,"LSAM",7448,776475,1000,"ordinal","normal","skewed","Extreme","2",1,TRUE,0.527999999991152
"3635","Y=~y2",0.537064638488858,0.0622492372365564,0.7,"LSAM",7448,776475,1000,"ordinal","normal","skewed","Extreme","2",1,TRUE,0.527999999991152
"3636","Y=~y3",0.780232811872687,0.0935530628664495,0.9,"LSAM",7448,776475,1000,"ordinal","normal","skewed","Extreme","2",1,TRUE,0.527999999991152
"3637","Y~X",0.283120326091435,0.354186337915355,0.4,"LSAM",7448,776475,1000,"ordinal","normal","skewed","Extreme","2",1,TRUE,0.527999999991152
"3638","Y~Z",0.520778253457435,1.10120704046681,0.5,"LSAM",7448,776475,1000,"ordinal","normal","skewed","Extreme","2",1,TRUE,0.527999999991152
"3639","Y~X:Z",0.11716677047786,0.348896407479294,0.3,"LSAM",7448,776475,1000,"ordinal","normal","skewed","Extreme","2",1,TRUE,0.527999999991152
"3640","X~~Z",0.229839866056522,0.351965828180359,0.2,"LSAM",7448,776475,1000,"ordinal","normal","skewed","Extreme","2",1,TRUE,0.527999999991152
"3641","X=~x1",0.330132385587353,0.139304106032613,0.4,"MC-PLSc",7449,5434946,300,"ordinal","normal","skewed","Extreme","3",1,TRUE,12.2580000000307
"3642","X=~x2",0.858430356092035,0.241830466982973,0.8,"MC-PLSc",7449,5434946,300,"ordinal","normal","skewed","Extreme","3",1,TRUE,12.2580000000307
"3643","X=~x3",0.752571229186028,0.172053466242537,0.8,"MC-PLSc",7449,5434946,300,"ordinal","normal","skewed","Extreme","3",1,TRUE,12.2580000000307
"3644","Z=~z1",0.605483338999471,0.105104631723714,0.6,"MC-PLSc",7449,5434946,300,"ordinal","normal","skewed","Extreme","3",1,TRUE,12.2580000000307
"3645","Z=~z2",0.613821432698298,0.102824449147848,0.6,"MC-PLSc",7449,5434946,300,"ordinal","normal","skewed","Extreme","3",1,TRUE,12.2580000000307
"3646","Z=~z3",0.74858552944072,0.108947550568117,0.8,"MC-PLSc",7449,5434946,300,"ordinal","normal","skewed","Extreme","3",1,TRUE,12.2580000000307
"3647","Y=~y1",0.324726440910453,0.113741964272155,0.4,"MC-PLSc",7449,5434946,300,"ordinal","normal","skewed","Extreme","3",1,TRUE,12.2580000000307
"3648","Y=~y2",0.641883436499979,0.0884616511120908,0.7,"MC-PLSc",7449,5434946,300,"ordinal","normal","skewed","Extreme","3",1,TRUE,12.2580000000307
"3649","Y=~y3",0.973842812830849,0.107087565091033,0.9,"MC-PLSc",7449,5434946,300,"ordinal","normal","skewed","Extreme","3",1,TRUE,12.2580000000307
"3650","Y~X",0.414231143897465,0.128051846994735,0.4,"MC-PLSc",7449,5434946,300,"ordinal","normal","skewed","Extreme","3",1,TRUE,12.2580000000307
"3651","Y~Z",0.550138203993076,0.10314433308544,0.5,"MC-PLSc",7449,5434946,300,"ordinal","normal","skewed","Extreme","3",1,TRUE,12.2580000000307
"3652","Y~X:Z",0.200967700216357,0.195056185601334,0.3,"MC-PLSc",7449,5434946,300,"ordinal","normal","skewed","Extreme","3",1,TRUE,12.2580000000307
"3653","X~~Z",-0.0240057157596439,0.108678452268722,0.2,"MC-PLSc",7449,5434946,300,"ordinal","normal","skewed","Extreme","3",1,TRUE,12.2580000000307
"3654","X=~x1",0.212539330033462,0.156491031477931,0.4,"PLSc",7449,5434946,300,"ordinal","normal","skewed","Extreme","3",1,TRUE,1.32699999999022
"3655","X=~x2",0.778265912165152,0.135098633300882,0.8,"PLSc",7449,5434946,300,"ordinal","normal","skewed","Extreme","3",1,TRUE,1.32699999999022
"3656","X=~x3",0.62892124042393,0.121111999596206,0.8,"PLSc",7449,5434946,300,"ordinal","normal","skewed","Extreme","3",1,TRUE,1.32699999999022
"3657","Z=~z1",0.463144960339867,0.112741811682042,0.6,"PLSc",7449,5434946,300,"ordinal","normal","skewed","Extreme","3",1,TRUE,1.32699999999022
"3658","Z=~z2",0.530231721638372,0.110027205060799,0.6,"PLSc",7449,5434946,300,"ordinal","normal","skewed","Extreme","3",1,TRUE,1.32699999999022
"3659","Z=~z3",0.628637970913446,0.114794318242161,0.8,"PLSc",7449,5434946,300,"ordinal","normal","skewed","Extreme","3",1,TRUE,1.32699999999022
"3660","Y=~y1",0.195706257815271,0.124588355045017,0.4,"PLSc",7449,5434946,300,"ordinal","normal","skewed","Extreme","3",1,TRUE,1.32699999999022
"3661","Y=~y2",0.55166768891736,0.0877438499906754,0.7,"PLSc",7449,5434946,300,"ordinal","normal","skewed","Extreme","3",1,TRUE,1.32699999999022
"3662","Y=~y3",0.896204160610273,0.0874734311289866,0.9,"PLSc",7449,5434946,300,"ordinal","normal","skewed","Extreme","3",1,TRUE,1.32699999999022
"3663","Y~X",0.376530178864734,0.856788676398316,0.4,"PLSc",7449,5434946,300,"ordinal","normal","skewed","Extreme","3",1,TRUE,1.32699999999022
"3664","Y~Z",0.498954947373944,0.975639256922999,0.5,"PLSc",7449,5434946,300,"ordinal","normal","skewed","Extreme","3",1,TRUE,1.32699999999022
"3665","Y~X:Z",0.196437342575624,2.02806001690802,0.3,"PLSc",7449,5434946,300,"ordinal","normal","skewed","Extreme","3",1,TRUE,1.32699999999022
"3666","X~~Z",-0.0196272550855123,0.0954791549037857,0.2,"PLSc",7449,5434946,300,"ordinal","normal","skewed","Extreme","3",1,TRUE,1.32699999999022
"3667","X=~x1",0.396378957260767,0.13930455828152,0.4,"PLS",7449,5434946,300,"ordinal","normal","skewed","Extreme","3",1,TRUE,0.907000000006519
"3668","X=~x2",0.866021167175448,0.0553193323413905,0.8,"PLS",7449,5434946,300,"ordinal","normal","skewed","Extreme","3",1,TRUE,0.907000000006519
"3669","X=~x3",0.815666838705079,0.0602547055215357,0.8,"PLS",7449,5434946,300,"ordinal","normal","skewed","Extreme","3",1,TRUE,0.907000000006519
"3670","Z=~z1",0.673969160494689,0.0826874109363962,0.6,"PLS",7449,5434946,300,"ordinal","normal","skewed","Extreme","3",1,TRUE,0.907000000006519
"3671","Z=~z2",0.702224704125231,0.0839459107924445,0.6,"PLS",7449,5434946,300,"ordinal","normal","skewed","Extreme","3",1,TRUE,0.907000000006519
"3672","Z=~z3",0.795494358223599,0.061485416133565,0.8,"PLS",7449,5434946,300,"ordinal","normal","skewed","Extreme","3",1,TRUE,0.907000000006519
"3673","Y=~y1",0.408141601310322,0.123415903161512,0.4,"PLS",7449,5434946,300,"ordinal","normal","skewed","Extreme","3",1,TRUE,0.907000000006519
"3674","Y=~y2",0.761735863575741,0.0589832841421537,0.7,"PLS",7449,5434946,300,"ordinal","normal","skewed","Extreme","3",1,TRUE,0.907000000006519
"3675","Y=~y3",0.905161243704484,0.0240616043291517,0.9,"PLS",7449,5434946,300,"ordinal","normal","skewed","Extreme","3",1,TRUE,0.907000000006519
"3676","Y~X",0.273640021382256,0.0587473420630712,0.4,"PLS",7449,5434946,300,"ordinal","normal","skewed","Extreme","3",1,TRUE,0.907000000006519
"3677","Y~Z",0.331019594363584,0.054687749229589,0.5,"PLS",7449,5434946,300,"ordinal","normal","skewed","Extreme","3",1,TRUE,0.907000000006519
"3678","Y~X:Z",0.133327520000835,0.0564736688565903,0.3,"PLS",7449,5434946,300,"ordinal","normal","skewed","Extreme","3",1,TRUE,0.907000000006519
"3679","X~~Z",-0.012149997923392,0.0598291581302465,0.2,"PLS",7449,5434946,300,"ordinal","normal","skewed","Extreme","3",1,TRUE,0.907000000006519
"3680","X=~x1",0.38,0.092,0.4,"Mplus",7449,5434946,300,"ordinal","normal","skewed","Extreme","3",1,TRUE,170.212
"3681","X=~x2",0.77,0.108,0.8,"Mplus",7449,5434946,300,"ordinal","normal","skewed","Extreme","3",1,TRUE,170.212
"3682","X=~x3",0.766,0.116,0.8,"Mplus",7449,5434946,300,"ordinal","normal","skewed","Extreme","3",1,TRUE,170.212
"3683","Z=~z1",0.624,0.083,0.6,"Mplus",7449,5434946,300,"ordinal","normal","skewed","Extreme","3",1,TRUE,170.212
"3684","Z=~z2",0.533,0.092,0.6,"Mplus",7449,5434946,300,"ordinal","normal","skewed","Extreme","3",1,TRUE,170.212
"3685","Z=~z3",0.703,0.085,0.8,"Mplus",7449,5434946,300,"ordinal","normal","skewed","Extreme","3",1,TRUE,170.212
"3686","Y=~y1",0.351,0.081,0.4,"Mplus",7449,5434946,300,"ordinal","normal","skewed","Extreme","3",1,TRUE,170.212
"3687","Y=~y2",0.61,0.083,0.7,"Mplus",7449,5434946,300,"ordinal","normal","skewed","Extreme","3",1,TRUE,170.212
"3688","Y=~y3",0.942,0.075,0.9,"Mplus",7449,5434946,300,"ordinal","normal","skewed","Extreme","3",1,TRUE,170.212
"3689","Y~X",0.409,0.109,0.4,"Mplus",7449,5434946,300,"ordinal","normal","skewed","Extreme","3",1,TRUE,170.212
"3690","Y~Z",0.611,0.107,0.5,"Mplus",7449,5434946,300,"ordinal","normal","skewed","Extreme","3",1,TRUE,170.212
"3691","Y~X:Z",0.285,0.242,0.3,"Mplus",7449,5434946,300,"ordinal","normal","skewed","Extreme","3",1,TRUE,170.212
"3692","X~~Z",-0.025,0.12,0.2,"Mplus",7449,5434946,300,"ordinal","normal","skewed","Extreme","3",1,TRUE,170.212
"3693","X=~x1",0.315211673726952,0.0805701979491389,0.4,"LSAM",7449,5434946,300,"ordinal","normal","skewed","Extreme","3",1,TRUE,0.453000000037719
"3694","X=~x2",0.558353658917001,0.148714248530822,0.8,"LSAM",7449,5434946,300,"ordinal","normal","skewed","Extreme","3",1,TRUE,0.453000000037719
"3695","X=~x3",0.814044909547655,0.174276726922884,0.8,"LSAM",7449,5434946,300,"ordinal","normal","skewed","Extreme","3",1,TRUE,0.453000000037719
"3696","Z=~z1",0.512154327056331,0.0821391180453982,0.6,"LSAM",7449,5434946,300,"ordinal","normal","skewed","Extreme","3",1,TRUE,0.453000000037719
"3697","Z=~z2",0.469030071384664,0.118969595391461,0.6,"LSAM",7449,5434946,300,"ordinal","normal","skewed","Extreme","3",1,TRUE,0.453000000037719
"3698","Z=~z3",0.645563555145963,0.14713127281037,0.8,"LSAM",7449,5434946,300,"ordinal","normal","skewed","Extreme","3",1,TRUE,0.453000000037719
"3699","Y=~y1",0.353609231507811,0.0312337282953283,0.4,"LSAM",7449,5434946,300,"ordinal","normal","skewed","Extreme","3",1,TRUE,0.453000000037719
"3700","Y=~y2",0.688682746226337,0.125949767426851,0.7,"LSAM",7449,5434946,300,"ordinal","normal","skewed","Extreme","3",1,TRUE,0.453000000037719
"3701","Y=~y3",0.647350641227129,0.118549251786838,0.9,"LSAM",7449,5434946,300,"ordinal","normal","skewed","Extreme","3",1,TRUE,0.453000000037719
"3702","Y~X",0.327697172654491,0.0978202494372655,0.4,"LSAM",7449,5434946,300,"ordinal","normal","skewed","Extreme","3",1,TRUE,0.453000000037719
"3703","Y~Z",0.465082127994279,0.146173684383732,0.5,"LSAM",7449,5434946,300,"ordinal","normal","skewed","Extreme","3",1,TRUE,0.453000000037719
"3704","Y~X:Z",0.177683904873699,0.105316051455124,0.3,"LSAM",7449,5434946,300,"ordinal","normal","skewed","Extreme","3",1,TRUE,0.453000000037719
"3705","X~~Z",0.0130556689238152,0.10080885256016,0.2,"LSAM",7449,5434946,300,"ordinal","normal","skewed","Extreme","3",1,TRUE,0.453000000037719
"3706","X=~x1",0.343683938245251,0.0645488900377352,0.4,"MC-PLSc",7450,8561616,1000,"ordinal","normal","skewed","Extreme","3",1,TRUE,16.6839999999502
"3707","X=~x2",0.84066945284487,0.0479901974115481,0.8,"MC-PLSc",7450,8561616,1000,"ordinal","normal","skewed","Extreme","3",1,TRUE,16.6839999999502
"3708","X=~x3",0.80980023152153,0.0460955821889586,0.8,"MC-PLSc",7450,8561616,1000,"ordinal","normal","skewed","Extreme","3",1,TRUE,16.6839999999502
"3709","Z=~z1",0.589637990352483,0.0495862342485327,0.6,"MC-PLSc",7450,8561616,1000,"ordinal","normal","skewed","Extreme","3",1,TRUE,16.6839999999502
"3710","Z=~z2",0.568780074104383,0.0465797857746432,0.6,"MC-PLSc",7450,8561616,1000,"ordinal","normal","skewed","Extreme","3",1,TRUE,16.6839999999502
"3711","Z=~z3",0.833118014537827,0.0530701651946709,0.8,"MC-PLSc",7450,8561616,1000,"ordinal","normal","skewed","Extreme","3",1,TRUE,16.6839999999502
"3712","Y=~y1",0.436036246054647,0.0494218337264804,0.4,"MC-PLSc",7450,8561616,1000,"ordinal","normal","skewed","Extreme","3",1,TRUE,16.6839999999502
"3713","Y=~y2",0.775586294095482,0.0326833050729893,0.7,"MC-PLSc",7450,8561616,1000,"ordinal","normal","skewed","Extreme","3",1,TRUE,16.6839999999502
"3714","Y=~y3",0.943079628971034,0.032125510519682,0.9,"MC-PLSc",7450,8561616,1000,"ordinal","normal","skewed","Extreme","3",1,TRUE,16.6839999999502
"3715","Y~X",0.371272119118951,0.0630384013180384,0.4,"MC-PLSc",7450,8561616,1000,"ordinal","normal","skewed","Extreme","3",1,TRUE,16.6839999999502
"3716","Y~Z",0.416887574110416,0.0685476933161665,0.5,"MC-PLSc",7450,8561616,1000,"ordinal","normal","skewed","Extreme","3",1,TRUE,16.6839999999502
"3717","Y~X:Z",0.369708664333066,0.0997144017015501,0.3,"MC-PLSc",7450,8561616,1000,"ordinal","normal","skewed","Extreme","3",1,TRUE,16.6839999999502
"3718","X~~Z",0.216689960181527,0.0656412559254235,0.2,"MC-PLSc",7450,8561616,1000,"ordinal","normal","skewed","Extreme","3",1,TRUE,16.6839999999502
"3719","X=~x1",0.232292515636739,0.0744085760767643,0.4,"PLSc",7450,8561616,1000,"ordinal","normal","skewed","Extreme","3",1,TRUE,1.37400000001071
"3720","X=~x2",0.747376658966705,0.0471380471956549,0.8,"PLSc",7450,8561616,1000,"ordinal","normal","skewed","Extreme","3",1,TRUE,1.37400000001071
"3721","X=~x3",0.698935701660444,0.0492396428368314,0.8,"PLSc",7450,8561616,1000,"ordinal","normal","skewed","Extreme","3",1,TRUE,1.37400000001071
"3722","Z=~z1",0.4781028441808,0.059212174782666,0.6,"PLSc",7450,8561616,1000,"ordinal","normal","skewed","Extreme","3",1,TRUE,1.37400000001071
"3723","Z=~z2",0.446656704942593,0.0607802654003451,0.6,"PLSc",7450,8561616,1000,"ordinal","normal","skewed","Extreme","3",1,TRUE,1.37400000001071
"3724","Z=~z3",0.733999004581207,0.0542825133483809,0.8,"PLSc",7450,8561616,1000,"ordinal","normal","skewed","Extreme","3",1,TRUE,1.37400000001071
"3725","Y=~y1",0.337101383904216,0.055378841154246,0.4,"PLSc",7450,8561616,1000,"ordinal","normal","skewed","Extreme","3",1,TRUE,1.37400000001071
"3726","Y=~y2",0.700073321680969,0.0377775693847724,0.7,"PLSc",7450,8561616,1000,"ordinal","normal","skewed","Extreme","3",1,TRUE,1.37400000001071
"3727","Y=~y3",0.860796623821431,0.0347242806635574,0.9,"PLSc",7450,8561616,1000,"ordinal","normal","skewed","Extreme","3",1,TRUE,1.37400000001071
"3728","Y~X",0.366380641057583,0.0451394526994461,0.4,"PLSc",7450,8561616,1000,"ordinal","normal","skewed","Extreme","3",1,TRUE,1.37400000001071
"3729","Y~Z",0.400627057849758,0.0542695742315843,0.5,"PLSc",7450,8561616,1000,"ordinal","normal","skewed","Extreme","3",1,TRUE,1.37400000001071
"3730","Y~X:Z",0.183140056879944,0.0600871072766853,0.3,"PLSc",7450,8561616,1000,"ordinal","normal","skewed","Extreme","3",1,TRUE,1.37400000001071
"3731","X~~Z",0.18303720646159,0.0497292200190762,0.2,"PLSc",7450,8561616,1000,"ordinal","normal","skewed","Extreme","3",1,TRUE,1.37400000001071
"3732","X=~x1",0.398585384537785,0.0685126932271053,0.4,"PLS",7450,8561616,1000,"ordinal","normal","skewed","Extreme","3",1,TRUE,0.961000000010245
"3733","X=~x2",0.858751235258248,0.0199002794254252,0.8,"PLS",7450,8561616,1000,"ordinal","normal","skewed","Extreme","3",1,TRUE,0.961000000010245
"3734","X=~x3",0.84724280554543,0.0214597632536087,0.8,"PLS",7450,8561616,1000,"ordinal","normal","skewed","Extreme","3",1,TRUE,0.961000000010245
"3735","Z=~z1",0.671218588975674,0.0444290176925592,0.6,"PLS",7450,8561616,1000,"ordinal","normal","skewed","Extreme","3",1,TRUE,0.961000000010245
"3736","Z=~z2",0.657471182124374,0.0454883357722322,0.6,"PLS",7450,8561616,1000,"ordinal","normal","skewed","Extreme","3",1,TRUE,0.961000000010245
"3737","Z=~z3",0.842000152325732,0.0235862819930758,0.8,"PLS",7450,8561616,1000,"ordinal","normal","skewed","Extreme","3",1,TRUE,0.961000000010245
"3738","Y=~y1",0.514591720227886,0.0477631020721623,0.4,"PLS",7450,8561616,1000,"ordinal","normal","skewed","Extreme","3",1,TRUE,0.961000000010245
"3739","Y=~y2",0.841147451360129,0.0181814132466924,0.7,"PLS",7450,8561616,1000,"ordinal","normal","skewed","Extreme","3",1,TRUE,0.961000000010245
"3740","Y=~y3",0.895565121962482,0.010027889712752,0.9,"PLS",7450,8561616,1000,"ordinal","normal","skewed","Extreme","3",1,TRUE,0.961000000010245
"3741","Y~X",0.296312974924481,0.029485923474828,0.4,"PLS",7450,8561616,1000,"ordinal","normal","skewed","Extreme","3",1,TRUE,0.961000000010245
"3742","Y~Z",0.301228564714452,0.0323657354445308,0.5,"PLS",7450,8561616,1000,"ordinal","normal","skewed","Extreme","3",1,TRUE,0.961000000010245
"3743","Y~X:Z",0.156937160199485,0.0290601540847273,0.3,"PLS",7450,8561616,1000,"ordinal","normal","skewed","Extreme","3",1,TRUE,0.961000000010245
"3744","X~~Z",0.119164084572069,0.0320399256286651,0.2,"PLS",7450,8561616,1000,"ordinal","normal","skewed","Extreme","3",1,TRUE,0.961000000010245
"3745","X=~x1",0.333,0.048,0.4,"Mplus",7450,8561616,1000,"ordinal","normal","skewed","Extreme","3",1,TRUE,416.166999999958
"3746","X=~x2",0.826,0.046,0.8,"Mplus",7450,8561616,1000,"ordinal","normal","skewed","Extreme","3",1,TRUE,416.166999999958
"3747","X=~x3",0.79,0.044,0.8,"Mplus",7450,8561616,1000,"ordinal","normal","skewed","Extreme","3",1,TRUE,416.166999999958
"3748","Z=~z1",0.563,0.048,0.6,"Mplus",7450,8561616,1000,"ordinal","normal","skewed","Extreme","3",1,TRUE,416.166999999958
"3749","Z=~z2",0.569,0.047,0.6,"Mplus",7450,8561616,1000,"ordinal","normal","skewed","Extreme","3",1,TRUE,416.166999999958
"3750","Z=~z3",0.803,0.047,0.8,"Mplus",7450,8561616,1000,"ordinal","normal","skewed","Extreme","3",1,TRUE,416.166999999958
"3751","Y=~y1",0.44,0.04,0.4,"Mplus",7450,8561616,1000,"ordinal","normal","skewed","Extreme","3",1,TRUE,416.166999999958
"3752","Y=~y2",0.748,0.034,0.7,"Mplus",7450,8561616,1000,"ordinal","normal","skewed","Extreme","3",1,TRUE,416.166999999958
"3753","Y=~y3",0.932,0.031,0.9,"Mplus",7450,8561616,1000,"ordinal","normal","skewed","Extreme","3",1,TRUE,416.166999999958
"3754","Y~X",0.345,0.064,0.4,"Mplus",7450,8561616,1000,"ordinal","normal","skewed","Extreme","3",1,TRUE,416.166999999958
"3755","Y~Z",0.429,0.062,0.5,"Mplus",7450,8561616,1000,"ordinal","normal","skewed","Extreme","3",1,TRUE,416.166999999958
"3756","Y~X:Z",0.314,0.094,0.3,"Mplus",7450,8561616,1000,"ordinal","normal","skewed","Extreme","3",1,TRUE,416.166999999958
"3757","X~~Z",0.25,0.057,0.2,"Mplus",7450,8561616,1000,"ordinal","normal","skewed","Extreme","3",1,TRUE,416.166999999958
"3758","X=~x1",0.31282455332001,0.0371787177475115,0.4,"LSAM",7450,8561616,1000,"ordinal","normal","skewed","Extreme","3",1,TRUE,0.600999999966007
"3759","X=~x2",0.646619002092456,0.0779656604819337,0.8,"LSAM",7450,8561616,1000,"ordinal","normal","skewed","Extreme","3",1,TRUE,0.600999999966007
"3760","X=~x3",0.766787302538835,0.0838064481412425,0.8,"LSAM",7450,8561616,1000,"ordinal","normal","skewed","Extreme","3",1,TRUE,0.600999999966007
"3761","Z=~z1",0.492311430978641,0.0398310423357107,0.6,"LSAM",7450,8561616,1000,"ordinal","normal","skewed","Extreme","3",1,TRUE,0.600999999966007
"3762","Z=~z2",0.506102800710519,0.0630973508224578,0.6,"LSAM",7450,8561616,1000,"ordinal","normal","skewed","Extreme","3",1,TRUE,0.600999999966007
"3763","Z=~z3",0.658502588798304,0.0751603859274967,0.8,"LSAM",7450,8561616,1000,"ordinal","normal","skewed","Extreme","3",1,TRUE,0.600999999966007
"3764","Y=~y1",0.374915125302899,0.0145119739964632,0.4,"LSAM",7450,8561616,1000,"ordinal","normal","skewed","Extreme","3",1,TRUE,0.600999999966007
"3765","Y=~y2",0.701294366204848,0.0474223868290132,0.7,"LSAM",7450,8561616,1000,"ordinal","normal","skewed","Extreme","3",1,TRUE,0.600999999966007
"3766","Y=~y3",0.829871101249175,0.052951197139496,0.9,"LSAM",7450,8561616,1000,"ordinal","normal","skewed","Extreme","3",1,TRUE,0.600999999966007
"3767","Y~X",0.359544284850936,0.0530598179380343,0.4,"LSAM",7450,8561616,1000,"ordinal","normal","skewed","Extreme","3",1,TRUE,0.600999999966007
"3768","Y~Z",0.426078678332986,0.0724369240226022,0.5,"LSAM",7450,8561616,1000,"ordinal","normal","skewed","Extreme","3",1,TRUE,0.600999999966007
"3769","Y~X:Z",0.163325179504753,0.0577507636055115,0.3,"LSAM",7450,8561616,1000,"ordinal","normal","skewed","Extreme","3",1,TRUE,0.600999999966007
"3770","X~~Z",0.194167165282831,0.059584115556312,0.2,"LSAM",7450,8561616,1000,"ordinal","normal","skewed","Extreme","3",1,TRUE,0.600999999966007
"3771","X=~x1",0.459064993494096,0.0798848163185852,0.4,"MC-PLSc",7451,6500527,300,"ordinal","normal","skewed","Extreme","5",1,TRUE,16.1380000000354
"3772","X=~x2",0.834246666181152,0.061785097503408,0.8,"MC-PLSc",7451,6500527,300,"ordinal","normal","skewed","Extreme","5",1,TRUE,16.1380000000354
"3773","X=~x3",0.839816661155937,0.0562637980547289,0.8,"MC-PLSc",7451,6500527,300,"ordinal","normal","skewed","Extreme","5",1,TRUE,16.1380000000354
"3774","Z=~z1",0.633455676687404,0.0665216093397746,0.6,"MC-PLSc",7451,6500527,300,"ordinal","normal","skewed","Extreme","5",1,TRUE,16.1380000000354
"3775","Z=~z2",0.575831034877798,0.0759951072758309,0.6,"MC-PLSc",7451,6500527,300,"ordinal","normal","skewed","Extreme","5",1,TRUE,16.1380000000354
"3776","Z=~z3",0.918017916438564,0.054497318051957,0.8,"MC-PLSc",7451,6500527,300,"ordinal","normal","skewed","Extreme","5",1,TRUE,16.1380000000354
"3777","Y=~y1",0.269426583212296,0.0948904109353759,0.4,"MC-PLSc",7451,6500527,300,"ordinal","normal","skewed","Extreme","5",1,TRUE,16.1380000000354
"3778","Y=~y2",0.74560458060257,0.0534754693976967,0.7,"MC-PLSc",7451,6500527,300,"ordinal","normal","skewed","Extreme","5",1,TRUE,16.1380000000354
"3779","Y=~y3",0.882200095913382,0.050672587488051,0.9,"MC-PLSc",7451,6500527,300,"ordinal","normal","skewed","Extreme","5",1,TRUE,16.1380000000354
"3780","Y~X",0.450163959712362,0.081409278071816,0.4,"MC-PLSc",7451,6500527,300,"ordinal","normal","skewed","Extreme","5",1,TRUE,16.1380000000354
"3781","Y~Z",0.529095863703141,0.0806036998830936,0.5,"MC-PLSc",7451,6500527,300,"ordinal","normal","skewed","Extreme","5",1,TRUE,16.1380000000354
"3782","Y~X:Z",0.19651480124924,0.109198381419783,0.3,"MC-PLSc",7451,6500527,300,"ordinal","normal","skewed","Extreme","5",1,TRUE,16.1380000000354
"3783","X~~Z",0.174355391748917,0.0886202039939067,0.2,"MC-PLSc",7451,6500527,300,"ordinal","normal","skewed","Extreme","5",1,TRUE,16.1380000000354
"3784","X=~x1",0.409131262257159,0.107332435757817,0.4,"PLSc",7451,6500527,300,"ordinal","normal","skewed","Extreme","5",1,TRUE,1.31899999995949
"3785","X=~x2",0.753789499571226,0.0739810151852199,0.8,"PLSc",7451,6500527,300,"ordinal","normal","skewed","Extreme","5",1,TRUE,1.31899999995949
"3786","X=~x3",0.800824809767962,0.0735355374830737,0.8,"PLSc",7451,6500527,300,"ordinal","normal","skewed","Extreme","5",1,TRUE,1.31899999995949
"3787","Z=~z1",0.571144575067891,0.0841724721306092,0.6,"PLSc",7451,6500527,300,"ordinal","normal","skewed","Extreme","5",1,TRUE,1.31899999995949
"3788","Z=~z2",0.500651228085536,0.0974027115577357,0.6,"PLSc",7451,6500527,300,"ordinal","normal","skewed","Extreme","5",1,TRUE,1.31899999995949
"3789","Z=~z3",0.866132274352268,0.0764847587820341,0.8,"PLSc",7451,6500527,300,"ordinal","normal","skewed","Extreme","5",1,TRUE,1.31899999995949
"3790","Y=~y1",0.24320508668009,0.097040775132393,0.4,"PLSc",7451,6500527,300,"ordinal","normal","skewed","Extreme","5",1,TRUE,1.31899999995949
"3791","Y=~y2",0.701550496457194,0.0533704089561048,0.7,"PLSc",7451,6500527,300,"ordinal","normal","skewed","Extreme","5",1,TRUE,1.31899999995949
"3792","Y=~y3",0.819305955253627,0.0486275149129647,0.9,"PLSc",7451,6500527,300,"ordinal","normal","skewed","Extreme","5",1,TRUE,1.31899999995949
"3793","Y~X",0.432338522085373,0.0722659722666745,0.4,"PLSc",7451,6500527,300,"ordinal","normal","skewed","Extreme","5",1,TRUE,1.31899999995949
"3794","Y~Z",0.506646943776926,0.0752737756136124,0.5,"PLSc",7451,6500527,300,"ordinal","normal","skewed","Extreme","5",1,TRUE,1.31899999995949
"3795","Y~X:Z",0.148271967040301,0.0758895019263961,0.3,"PLSc",7451,6500527,300,"ordinal","normal","skewed","Extreme","5",1,TRUE,1.31899999995949
"3796","X~~Z",0.157543175079499,0.0773241101480124,0.2,"PLSc",7451,6500527,300,"ordinal","normal","skewed","Extreme","5",1,TRUE,1.31899999995949
"3797","X=~x1",0.565565189111705,0.0793010362912152,0.4,"PLS",7451,6500527,300,"ordinal","normal","skewed","Extreme","5",1,TRUE,0.910000000032596
"3798","X=~x2",0.869767224664313,0.0265183247002946,0.8,"PLS",7451,6500527,300,"ordinal","normal","skewed","Extreme","5",1,TRUE,0.910000000032596
"3799","X=~x3",0.870954666642334,0.0270438477573316,0.8,"PLS",7451,6500527,300,"ordinal","normal","skewed","Extreme","5",1,TRUE,0.910000000032596
"3800","Z=~z1",0.739487591381157,0.0509414475039199,0.6,"PLS",7451,6500527,300,"ordinal","normal","skewed","Extreme","5",1,TRUE,0.910000000032596
"3801","Z=~z2",0.68771369228309,0.0649137293782796,0.6,"PLS",7451,6500527,300,"ordinal","normal","skewed","Extreme","5",1,TRUE,0.910000000032596
"3802","Z=~z3",0.887036471989907,0.0203744442732137,0.8,"PLS",7451,6500527,300,"ordinal","normal","skewed","Extreme","5",1,TRUE,0.910000000032596
"3803","Y=~y1",0.360728303709631,0.106166595571179,0.4,"PLS",7451,6500527,300,"ordinal","normal","skewed","Extreme","5",1,TRUE,0.910000000032596
"3804","Y=~y2",0.854939006158026,0.0272127724284405,0.7,"PLS",7451,6500527,300,"ordinal","normal","skewed","Extreme","5",1,TRUE,0.910000000032596
"3805","Y=~y3",0.895995404943602,0.0160478987072055,0.9,"PLS",7451,6500527,300,"ordinal","normal","skewed","Extreme","5",1,TRUE,0.910000000032596
"3806","Y~X",0.343117064821158,0.0469656677763311,0.4,"PLS",7451,6500527,300,"ordinal","normal","skewed","Extreme","5",1,TRUE,0.910000000032596
"3807","Y~Z",0.391409552819818,0.0504343855709929,0.5,"PLS",7451,6500527,300,"ordinal","normal","skewed","Extreme","5",1,TRUE,0.910000000032596
"3808","Y~X:Z",0.128128656077489,0.042968958204037,0.3,"PLS",7451,6500527,300,"ordinal","normal","skewed","Extreme","5",1,TRUE,0.910000000032596
"3809","X~~Z",0.118359872715617,0.0584162126182277,0.2,"PLS",7451,6500527,300,"ordinal","normal","skewed","Extreme","5",1,TRUE,0.910000000032596
"3810","X=~x1",0.428,0.064,0.4,"Mplus",7451,6500527,300,"ordinal","normal","skewed","Extreme","5",1,TRUE,242.376000000047
"3811","X=~x2",0.873,0.054,0.8,"Mplus",7451,6500527,300,"ordinal","normal","skewed","Extreme","5",1,TRUE,242.376000000047
"3812","X=~x3",0.776,0.057,0.8,"Mplus",7451,6500527,300,"ordinal","normal","skewed","Extreme","5",1,TRUE,242.376000000047
"3813","Z=~z1",0.592,0.056,0.6,"Mplus",7451,6500527,300,"ordinal","normal","skewed","Extreme","5",1,TRUE,242.376000000047
"3814","Z=~z2",0.537,0.059,0.6,"Mplus",7451,6500527,300,"ordinal","normal","skewed","Extreme","5",1,TRUE,242.376000000047
"3815","Z=~z3",0.919,0.049,0.8,"Mplus",7451,6500527,300,"ordinal","normal","skewed","Extreme","5",1,TRUE,242.376000000047
"3816","Y=~y1",0.242,0.081,0.4,"Mplus",7451,6500527,300,"ordinal","normal","skewed","Extreme","5",1,TRUE,242.376000000047
"3817","Y=~y2",0.728,0.053,0.7,"Mplus",7451,6500527,300,"ordinal","normal","skewed","Extreme","5",1,TRUE,242.376000000047
"3818","Y=~y3",0.875,0.048,0.9,"Mplus",7451,6500527,300,"ordinal","normal","skewed","Extreme","5",1,TRUE,242.376000000047
"3819","Y~X",0.388,0.083,0.4,"Mplus",7451,6500527,300,"ordinal","normal","skewed","Extreme","5",1,TRUE,242.376000000047
"3820","Y~Z",0.542,0.072,0.5,"Mplus",7451,6500527,300,"ordinal","normal","skewed","Extreme","5",1,TRUE,242.376000000047
"3821","Y~X:Z",0.237,0.1,0.3,"Mplus",7451,6500527,300,"ordinal","normal","skewed","Extreme","5",1,TRUE,242.376000000047
"3822","X~~Z",0.214,0.083,0.2,"Mplus",7451,6500527,300,"ordinal","normal","skewed","Extreme","5",1,TRUE,242.376000000047
"3823","X=~x1",0.40138077453563,0.0571431790131466,0.4,"LSAM",7451,6500527,300,"ordinal","normal","skewed","Extreme","5",1,TRUE,0.420999999972992
"3824","X=~x2",0.832255151201445,0.0926267455395988,0.8,"LSAM",7451,6500527,300,"ordinal","normal","skewed","Extreme","5",1,TRUE,0.420999999972992
"3825","X=~x3",0.731714127652893,0.0938116960392397,0.8,"LSAM",7451,6500527,300,"ordinal","normal","skewed","Extreme","5",1,TRUE,0.420999999972992
"3826","Z=~z1",0.567484920754537,0.0496604442881367,0.6,"LSAM",7451,6500527,300,"ordinal","normal","skewed","Extreme","5",1,TRUE,0.420999999972992
"3827","Z=~z2",0.526355714640203,0.0768020422057526,0.6,"LSAM",7451,6500527,300,"ordinal","normal","skewed","Extreme","5",1,TRUE,0.420999999972992
"3828","Z=~z3",0.843079481758847,0.090085641827461,0.8,"LSAM",7451,6500527,300,"ordinal","normal","skewed","Extreme","5",1,TRUE,0.420999999972992
"3829","Y=~y1",0.305157086331764,0.0216028206772017,0.4,"LSAM",7451,6500527,300,"ordinal","normal","skewed","Extreme","5",1,TRUE,0.420999999972992
"3830","Y=~y2",0.704087034124257,0.104693793710452,0.7,"LSAM",7451,6500527,300,"ordinal","normal","skewed","Extreme","5",1,TRUE,0.420999999972992
"3831","Y=~y3",0.815169737269474,0.118518243258024,0.9,"LSAM",7451,6500527,300,"ordinal","normal","skewed","Extreme","5",1,TRUE,0.420999999972992
"3832","Y~X",0.407388314575642,0.0703579702934227,0.4,"LSAM",7451,6500527,300,"ordinal","normal","skewed","Extreme","5",1,TRUE,0.420999999972992
"3833","Y~Z",0.530620369001724,0.0750116135926532,0.5,"LSAM",7451,6500527,300,"ordinal","normal","skewed","Extreme","5",1,TRUE,0.420999999972992
"3834","Y~X:Z",0.16399143119614,0.0650091059544404,0.3,"LSAM",7451,6500527,300,"ordinal","normal","skewed","Extreme","5",1,TRUE,0.420999999972992
"3835","X~~Z",0.156486670495123,0.0766321399418092,0.2,"LSAM",7451,6500527,300,"ordinal","normal","skewed","Extreme","5",1,TRUE,0.420999999972992
"3836","X=~x1",0.41351296810682,0.048385105706108,0.4,"MC-PLSc",7452,4767690,1000,"ordinal","normal","skewed","Extreme","5",1,TRUE,20.3329999999842
"3837","X=~x2",0.824406142152099,0.0333977989508589,0.8,"MC-PLSc",7452,4767690,1000,"ordinal","normal","skewed","Extreme","5",1,TRUE,20.3329999999842
"3838","X=~x3",0.799215827471921,0.0364604011743063,0.8,"MC-PLSc",7452,4767690,1000,"ordinal","normal","skewed","Extreme","5",1,TRUE,20.3329999999842
"3839","Z=~z1",0.518293330341484,0.0412941287934525,0.6,"MC-PLSc",7452,4767690,1000,"ordinal","normal","skewed","Extreme","5",1,TRUE,20.3329999999842
"3840","Z=~z2",0.595209749644972,0.0401538920907792,0.6,"MC-PLSc",7452,4767690,1000,"ordinal","normal","skewed","Extreme","5",1,TRUE,20.3329999999842
"3841","Z=~z3",0.839251162268735,0.0349623790382192,0.8,"MC-PLSc",7452,4767690,1000,"ordinal","normal","skewed","Extreme","5",1,TRUE,20.3329999999842
"3842","Y=~y1",0.413742113408938,0.0391276266312778,0.4,"MC-PLSc",7452,4767690,1000,"ordinal","normal","skewed","Extreme","5",1,TRUE,20.3329999999842
"3843","Y=~y2",0.725128516523193,0.0321741127308102,0.7,"MC-PLSc",7452,4767690,1000,"ordinal","normal","skewed","Extreme","5",1,TRUE,20.3329999999842
"3844","Y=~y3",0.91836509691968,0.0276668398163857,0.9,"MC-PLSc",7452,4767690,1000,"ordinal","normal","skewed","Extreme","5",1,TRUE,20.3329999999842
"3845","Y~X",0.384216044360886,0.0459473382605255,0.4,"MC-PLSc",7452,4767690,1000,"ordinal","normal","skewed","Extreme","5",1,TRUE,20.3329999999842
"3846","Y~Z",0.49549453296837,0.0490127537121282,0.5,"MC-PLSc",7452,4767690,1000,"ordinal","normal","skewed","Extreme","5",1,TRUE,20.3329999999842
"3847","Y~X:Z",0.345298053593036,0.0831465771084568,0.3,"MC-PLSc",7452,4767690,1000,"ordinal","normal","skewed","Extreme","5",1,TRUE,20.3329999999842
"3848","X~~Z",0.201835235036211,0.0494690072573076,0.2,"MC-PLSc",7452,4767690,1000,"ordinal","normal","skewed","Extreme","5",1,TRUE,20.3329999999842
"3849","X=~x1",0.344168779223794,0.0593531413221613,0.4,"PLSc",7452,4767690,1000,"ordinal","normal","skewed","Extreme","5",1,TRUE,1.35700000001816
"3850","X=~x2",0.769013253881938,0.0443062342300557,0.8,"PLSc",7452,4767690,1000,"ordinal","normal","skewed","Extreme","5",1,TRUE,1.35700000001816
"3851","X=~x3",0.745992940274006,0.0394467116702627,0.8,"PLSc",7452,4767690,1000,"ordinal","normal","skewed","Extreme","5",1,TRUE,1.35700000001816
"3852","Z=~z1",0.455105004322548,0.0487500148424881,0.6,"PLSc",7452,4767690,1000,"ordinal","normal","skewed","Extreme","5",1,TRUE,1.35700000001816
"3853","Z=~z2",0.518925817119908,0.0451476941344489,0.6,"PLSc",7452,4767690,1000,"ordinal","normal","skewed","Extreme","5",1,TRUE,1.35700000001816
"3854","Z=~z3",0.802681557938608,0.0454174744159955,0.8,"PLSc",7452,4767690,1000,"ordinal","normal","skewed","Extreme","5",1,TRUE,1.35700000001816
"3855","Y=~y1",0.369117524336229,0.0473939288009212,0.4,"PLSc",7452,4767690,1000,"ordinal","normal","skewed","Extreme","5",1,TRUE,1.35700000001816
"3856","Y=~y2",0.675524655640972,0.0315256062773225,0.7,"PLSc",7452,4767690,1000,"ordinal","normal","skewed","Extreme","5",1,TRUE,1.35700000001816
"3857","Y=~y3",0.880570538733086,0.0299521214068693,0.9,"PLSc",7452,4767690,1000,"ordinal","normal","skewed","Extreme","5",1,TRUE,1.35700000001816
"3858","Y~X",0.388035935177848,0.0393564441017216,0.4,"PLSc",7452,4767690,1000,"ordinal","normal","skewed","Extreme","5",1,TRUE,1.35700000001816
"3859","Y~Z",0.467955332558283,0.0479007852365206,0.5,"PLSc",7452,4767690,1000,"ordinal","normal","skewed","Extreme","5",1,TRUE,1.35700000001816
"3860","Y~X:Z",0.228933202395574,0.0507156504229296,0.3,"PLSc",7452,4767690,1000,"ordinal","normal","skewed","Extreme","5",1,TRUE,1.35700000001816
"3861","X~~Z",0.182324358700709,0.0463313665613255,0.2,"PLSc",7452,4767690,1000,"ordinal","normal","skewed","Extreme","5",1,TRUE,1.35700000001816
"3862","X=~x1",0.516074652165578,0.0474882839301407,0.4,"PLS",7452,4767690,1000,"ordinal","normal","skewed","Extreme","5",1,TRUE,0.951000000000931
"3863","X=~x2",0.865083711249691,0.0152823860595778,0.8,"PLS",7452,4767690,1000,"ordinal","normal","skewed","Extreme","5",1,TRUE,0.951000000000931
"3864","X=~x3",0.856816619464816,0.0146651780032934,0.8,"PLS",7452,4767690,1000,"ordinal","normal","skewed","Extreme","5",1,TRUE,0.951000000000931
"3865","Z=~z1",0.646985014021856,0.0357140920827325,0.6,"PLS",7452,4767690,1000,"ordinal","normal","skewed","Extreme","5",1,TRUE,0.951000000000931
"3866","Z=~z2",0.717003485681366,0.0298231393548586,0.6,"PLS",7452,4767690,1000,"ordinal","normal","skewed","Extreme","5",1,TRUE,0.951000000000931
"3867","Z=~z3",0.862372983297811,0.0155785302978107,0.8,"PLS",7452,4767690,1000,"ordinal","normal","skewed","Extreme","5",1,TRUE,0.951000000000931
"3868","Y=~y1",0.534625829731933,0.0433247719616857,0.4,"PLS",7452,4767690,1000,"ordinal","normal","skewed","Extreme","5",1,TRUE,0.951000000000931
"3869","Y=~y2",0.83329626897535,0.0156041006288425,0.7,"PLS",7452,4767690,1000,"ordinal","normal","skewed","Extreme","5",1,TRUE,0.951000000000931
"3870","Y=~y3",0.900085769660752,0.00804159292143709,0.9,"PLS",7452,4767690,1000,"ordinal","normal","skewed","Extreme","5",1,TRUE,0.951000000000931
"3871","Y~X",0.318563554089434,0.0267591787783054,0.4,"PLS",7452,4767690,1000,"ordinal","normal","skewed","Extreme","5",1,TRUE,0.951000000000931
"3872","Y~Z",0.365590568122736,0.029441268239973,0.5,"PLS",7452,4767690,1000,"ordinal","normal","skewed","Extreme","5",1,TRUE,0.951000000000931
"3873","Y~X:Z",0.17554385933288,0.0259948410816153,0.3,"PLS",7452,4767690,1000,"ordinal","normal","skewed","Extreme","5",1,TRUE,0.951000000000931
"3874","X~~Z",0.128495333489285,0.0327383308192542,0.2,"PLS",7452,4767690,1000,"ordinal","normal","skewed","Extreme","5",1,TRUE,0.951000000000931
"3875","X=~x1",0.394,0.038,0.4,"Mplus",7452,4767690,1000,"ordinal","normal","skewed","Extreme","5",1,TRUE,667.27899999998
"3876","X=~x2",0.808,0.031,0.8,"Mplus",7452,4767690,1000,"ordinal","normal","skewed","Extreme","5",1,TRUE,667.27899999998
"3877","X=~x3",0.791,0.03,0.8,"Mplus",7452,4767690,1000,"ordinal","normal","skewed","Extreme","5",1,TRUE,667.27899999998
"3878","Z=~z1",0.505,0.037,0.6,"Mplus",7452,4767690,1000,"ordinal","normal","skewed","Extreme","5",1,TRUE,667.27899999998
"3879","Z=~z2",0.583,0.037,0.6,"Mplus",7452,4767690,1000,"ordinal","normal","skewed","Extreme","5",1,TRUE,667.27899999998
"3880","Z=~z3",0.811,0.035,0.8,"Mplus",7452,4767690,1000,"ordinal","normal","skewed","Extreme","5",1,TRUE,667.27899999998
"3881","Y=~y1",0.394,0.036,0.4,"Mplus",7452,4767690,1000,"ordinal","normal","skewed","Extreme","5",1,TRUE,667.27899999998
"3882","Y=~y2",0.713,0.027,0.7,"Mplus",7452,4767690,1000,"ordinal","normal","skewed","Extreme","5",1,TRUE,667.27899999998
"3883","Y=~y3",0.918,0.023,0.9,"Mplus",7452,4767690,1000,"ordinal","normal","skewed","Extreme","5",1,TRUE,667.27899999998
"3884","Y~X",0.402,0.043,0.4,"Mplus",7452,4767690,1000,"ordinal","normal","skewed","Extreme","5",1,TRUE,667.27899999998
"3885","Y~Z",0.492,0.043,0.5,"Mplus",7452,4767690,1000,"ordinal","normal","skewed","Extreme","5",1,TRUE,667.27899999998
"3886","Y~X:Z",0.272,0.061,0.3,"Mplus",7452,4767690,1000,"ordinal","normal","skewed","Extreme","5",1,TRUE,667.27899999998
"3887","X~~Z",0.216,0.046,0.2,"Mplus",7452,4767690,1000,"ordinal","normal","skewed","Extreme","5",1,TRUE,667.27899999998
"3888","X=~x1",0.371539523052858,0.0320942850740472,0.4,"LSAM",7452,4767690,1000,"ordinal","normal","skewed","Extreme","5",1,TRUE,0.429000000003725
"3889","X=~x2",0.755396669619663,0.0608083394269375,0.8,"LSAM",7452,4767690,1000,"ordinal","normal","skewed","Extreme","5",1,TRUE,0.429000000003725
"3890","X=~x3",0.739095620980629,0.06054232401676,0.8,"LSAM",7452,4767690,1000,"ordinal","normal","skewed","Extreme","5",1,TRUE,0.429000000003725
"3891","Z=~z1",0.489012196717089,0.0260137014028928,0.6,"LSAM",7452,4767690,1000,"ordinal","normal","skewed","Extreme","5",1,TRUE,0.429000000003725
"3892","Z=~z2",0.575744590371836,0.0520019332908246,0.6,"LSAM",7452,4767690,1000,"ordinal","normal","skewed","Extreme","5",1,TRUE,0.429000000003725
"3893","Z=~z3",0.707912345137682,0.0597135889356755,0.8,"LSAM",7452,4767690,1000,"ordinal","normal","skewed","Extreme","5",1,TRUE,0.429000000003725
"3894","Y=~y1",0.379259008236067,0.0149586144255523,0.4,"LSAM",7452,4767690,1000,"ordinal","normal","skewed","Extreme","5",1,TRUE,0.429000000003725
"3895","Y=~y2",0.701133425209795,0.0461452745670067,0.7,"LSAM",7452,4767690,1000,"ordinal","normal","skewed","Extreme","5",1,TRUE,0.429000000003725
"3896","Y=~y3",0.842730143560098,0.051600771940365,0.9,"LSAM",7452,4767690,1000,"ordinal","normal","skewed","Extreme","5",1,TRUE,0.429000000003725
"3897","Y~X",0.401291450808568,0.0432896198551513,0.4,"LSAM",7452,4767690,1000,"ordinal","normal","skewed","Extreme","5",1,TRUE,0.429000000003725
"3898","Y~Z",0.486056785761677,0.0485854722631346,0.5,"LSAM",7452,4767690,1000,"ordinal","normal","skewed","Extreme","5",1,TRUE,0.429000000003725
"3899","Y~X:Z",0.234061082374036,0.0482590379181083,0.3,"LSAM",7452,4767690,1000,"ordinal","normal","skewed","Extreme","5",1,TRUE,0.429000000003725
"3900","X~~Z",0.189375800340015,0.0467328261360791,0.2,"LSAM",7452,4767690,1000,"ordinal","normal","skewed","Extreme","5",1,TRUE,0.429000000003725
"3901","X=~x1",0.268789595739941,0.135660129686592,0.4,"MC-PLSc",7453,4702107,300,"ordinal","skewed","skewed","Symmetric","2",1,TRUE,13.814000000013
"3902","X=~x2",0.740441724526455,0.121586708671353,0.8,"MC-PLSc",7453,4702107,300,"ordinal","skewed","skewed","Symmetric","2",1,TRUE,13.814000000013
"3903","X=~x3",0.669168356884223,0.121545578369983,0.8,"MC-PLSc",7453,4702107,300,"ordinal","skewed","skewed","Symmetric","2",1,TRUE,13.814000000013
"3904","Z=~z1",0.531317816645169,0.297907746204105,0.6,"MC-PLSc",7453,4702107,300,"ordinal","skewed","skewed","Symmetric","2",1,TRUE,13.814000000013
"3905","Z=~z2",0.153250690301583,0.213479869181979,0.6,"MC-PLSc",7453,4702107,300,"ordinal","skewed","skewed","Symmetric","2",1,TRUE,13.814000000013
"3906","Z=~z3",0.739429935074747,0.637150288435189,0.8,"MC-PLSc",7453,4702107,300,"ordinal","skewed","skewed","Symmetric","2",1,TRUE,13.814000000013
"3907","Y=~y1",0.437308446495955,0.111722972639318,0.4,"MC-PLSc",7453,4702107,300,"ordinal","skewed","skewed","Symmetric","2",1,TRUE,13.814000000013
"3908","Y=~y2",0.613292930238939,0.112898083869782,0.7,"MC-PLSc",7453,4702107,300,"ordinal","skewed","skewed","Symmetric","2",1,TRUE,13.814000000013
"3909","Y=~y3",0.879304174968285,0.113062352469998,0.9,"MC-PLSc",7453,4702107,300,"ordinal","skewed","skewed","Symmetric","2",1,TRUE,13.814000000013
"3910","Y~X",0.463423837582365,0.163186874808178,0.4,"MC-PLSc",7453,4702107,300,"ordinal","skewed","skewed","Symmetric","2",1,TRUE,13.814000000013
"3911","Y~Z",0.324571576787658,0.201445534527896,0.5,"MC-PLSc",7453,4702107,300,"ordinal","skewed","skewed","Symmetric","2",1,TRUE,13.814000000013
"3912","Y~X:Z",0.514298114197508,0.362236032339542,0.3,"MC-PLSc",7453,4702107,300,"ordinal","skewed","skewed","Symmetric","2",1,TRUE,13.814000000013
"3913","X~~Z",0.271943350431536,0.152093948207286,0.2,"MC-PLSc",7453,4702107,300,"ordinal","skewed","skewed","Symmetric","2",1,TRUE,13.814000000013
"3914","X=~x1",0.238061182298212,0.121387793770602,0.4,"PLSc",7453,4702107,300,"ordinal","skewed","skewed","Symmetric","2",1,TRUE,1.33199999999488
"3915","X=~x2",0.587989383085595,0.105720457018892,0.8,"PLSc",7453,4702107,300,"ordinal","skewed","skewed","Symmetric","2",1,TRUE,1.33199999999488
"3916","X=~x3",0.53484871142198,0.0984760188203369,0.8,"PLSc",7453,4702107,300,"ordinal","skewed","skewed","Symmetric","2",1,TRUE,1.33199999999488
"3917","Z=~z1",0.384788413653935,0.160144646667619,0.6,"PLSc",7453,4702107,300,"ordinal","skewed","skewed","Symmetric","2",1,TRUE,1.33199999999488
"3918","Z=~z2",-0.0241832802315058,0.201522256772777,0.6,"PLSc",7453,4702107,300,"ordinal","skewed","skewed","Symmetric","2",1,TRUE,1.33199999999488
"3919","Z=~z3",0.533643721729408,0.213229970156386,0.8,"PLSc",7453,4702107,300,"ordinal","skewed","skewed","Symmetric","2",1,TRUE,1.33199999999488
"3920","Y=~y1",0.360938727592993,0.0960130537872739,0.4,"PLSc",7453,4702107,300,"ordinal","skewed","skewed","Symmetric","2",1,TRUE,1.33199999999488
"3921","Y=~y2",0.437618377399704,0.100294842366241,0.7,"PLSc",7453,4702107,300,"ordinal","skewed","skewed","Symmetric","2",1,TRUE,1.33199999999488
"3922","Y=~y3",0.704326422998372,0.100800740863286,0.9,"PLSc",7453,4702107,300,"ordinal","skewed","skewed","Symmetric","2",1,TRUE,1.33199999999488
"3923","Y~X",0.380843127286499,1.4180808732095,0.4,"PLSc",7453,4702107,300,"ordinal","skewed","skewed","Symmetric","2",1,TRUE,1.33199999999488
"3924","Y~Z",0.340158659030768,1.81860341169121,0.5,"PLSc",7453,4702107,300,"ordinal","skewed","skewed","Symmetric","2",1,TRUE,1.33199999999488
"3925","Y~X:Z",0.360427432291166,1.53664563350836,0.3,"PLSc",7453,4702107,300,"ordinal","skewed","skewed","Symmetric","2",1,TRUE,1.33199999999488
"3926","X~~Z",0.294078314294475,0.394643419908412,0.2,"PLSc",7453,4702107,300,"ordinal","skewed","skewed","Symmetric","2",1,TRUE,1.33199999999488
"3927","X=~x1",0.352751746470498,0.146887467498644,0.4,"PLS",7453,4702107,300,"ordinal","skewed","skewed","Symmetric","2",1,TRUE,0.875
"3928","X=~x2",0.818422894501065,0.0613112613458415,0.8,"PLS",7453,4702107,300,"ordinal","skewed","skewed","Symmetric","2",1,TRUE,0.875
"3929","X=~x3",0.773141437219703,0.0688348065979867,0.8,"PLS",7453,4702107,300,"ordinal","skewed","skewed","Symmetric","2",1,TRUE,0.875
"3930","Z=~z1",0.696842242159945,0.143738354694774,0.6,"PLS",7453,4702107,300,"ordinal","skewed","skewed","Symmetric","2",1,TRUE,0.875
"3931","Z=~z2",0.221380974135685,0.243819725633887,0.6,"PLS",7453,4702107,300,"ordinal","skewed","skewed","Symmetric","2",1,TRUE,0.875
"3932","Z=~z3",0.856598013258044,0.122986012527695,0.8,"PLS",7453,4702107,300,"ordinal","skewed","skewed","Symmetric","2",1,TRUE,0.875
"3933","Y=~y1",0.516616996232571,0.104463681033152,0.4,"PLS",7453,4702107,300,"ordinal","skewed","skewed","Symmetric","2",1,TRUE,0.875
"3934","Y=~y2",0.689453126861045,0.0783207958749336,0.7,"PLS",7453,4702107,300,"ordinal","skewed","skewed","Symmetric","2",1,TRUE,0.875
"3935","Y=~y3",0.853753173575148,0.0445866812497925,0.9,"PLS",7453,4702107,300,"ordinal","skewed","skewed","Symmetric","2",1,TRUE,0.875
"3936","Y~X",0.269432025979203,0.053510631253853,0.4,"PLS",7453,4702107,300,"ordinal","skewed","skewed","Symmetric","2",1,TRUE,0.875
"3937","Y~Z",0.193414286085004,0.0581367973826084,0.5,"PLS",7453,4702107,300,"ordinal","skewed","skewed","Symmetric","2",1,TRUE,0.875
"3938","Y~X:Z",0.150139033571875,0.0512300556444044,0.3,"PLS",7453,4702107,300,"ordinal","skewed","skewed","Symmetric","2",1,TRUE,0.875
"3939","X~~Z",0.124545874208043,0.0606714353296406,0.2,"PLS",7453,4702107,300,"ordinal","skewed","skewed","Symmetric","2",1,TRUE,0.875
"3940","X=~x1",0.231,0.09,0.4,"Mplus",7453,4702107,300,"ordinal","skewed","skewed","Symmetric","2",1,TRUE,114.563000000024
"3941","X=~x2",0.719,0.11,0.8,"Mplus",7453,4702107,300,"ordinal","skewed","skewed","Symmetric","2",1,TRUE,114.563000000024
"3942","X=~x3",0.649,0.096,0.8,"Mplus",7453,4702107,300,"ordinal","skewed","skewed","Symmetric","2",1,TRUE,114.563000000024
"3943","Z=~z1",0.48,0.111,0.6,"Mplus",7453,4702107,300,"ordinal","skewed","skewed","Symmetric","2",1,TRUE,114.563000000024
"3944","Z=~z2",0.366,0.103,0.6,"Mplus",7453,4702107,300,"ordinal","skewed","skewed","Symmetric","2",1,TRUE,114.563000000024
"3945","Z=~z3",0.733,0.125,0.8,"Mplus",7453,4702107,300,"ordinal","skewed","skewed","Symmetric","2",1,TRUE,114.563000000024
"3946","Y=~y1",0.36,0.094,0.4,"Mplus",7453,4702107,300,"ordinal","skewed","skewed","Symmetric","2",1,TRUE,114.563000000024
"3947","Y=~y2",0.621,0.098,0.7,"Mplus",7453,4702107,300,"ordinal","skewed","skewed","Symmetric","2",1,TRUE,114.563000000024
"3948","Y=~y3",0.882,0.095,0.9,"Mplus",7453,4702107,300,"ordinal","skewed","skewed","Symmetric","2",1,TRUE,114.563000000024
"3949","Y~X",0.451,0.112,0.4,"Mplus",7453,4702107,300,"ordinal","skewed","skewed","Symmetric","2",1,TRUE,114.563000000024
"3950","Y~Z",0.236,0.139,0.5,"Mplus",7453,4702107,300,"ordinal","skewed","skewed","Symmetric","2",1,TRUE,114.563000000024
"3951","Y~X:Z",0.568,0.177,0.3,"Mplus",7453,4702107,300,"ordinal","skewed","skewed","Symmetric","2",1,TRUE,114.563000000024
"3952","X~~Z",0.315,0.133,0.2,"Mplus",7453,4702107,300,"ordinal","skewed","skewed","Symmetric","2",1,TRUE,114.563000000024
"3953","X=~x1",0.296549690482674,0.0738359765337608,0.4,"LSAM",7453,4702107,300,"ordinal","skewed","skewed","Symmetric","2",1,TRUE,0.459999999962747
"3954","X=~x2",0.618585297269142,0.203378466929726,0.8,"LSAM",7453,4702107,300,"ordinal","skewed","skewed","Symmetric","2",1,TRUE,0.459999999962747
"3955","X=~x3",0.513391308184655,0.170000203159579,0.8,"LSAM",7453,4702107,300,"ordinal","skewed","skewed","Symmetric","2",1,TRUE,0.459999999962747
"3956","Z=~z1",0.483669307423033,0.378974069474472,0.6,"LSAM",7453,4702107,300,"ordinal","skewed","skewed","Symmetric","2",1,TRUE,0.459999999962747
"3957","Z=~z2",0.419193578062814,0.375896472954931,0.6,"LSAM",7453,4702107,300,"ordinal","skewed","skewed","Symmetric","2",1,TRUE,0.459999999962747
"3958","Z=~z3",0.471790127724991,0.402520193147824,0.8,"LSAM",7453,4702107,300,"ordinal","skewed","skewed","Symmetric","2",1,TRUE,0.459999999962747
"3959","Y=~y1",0.312599479480498,0.0203234130126542,0.4,"LSAM",7453,4702107,300,"ordinal","skewed","skewed","Symmetric","2",1,TRUE,0.459999999962747
"3960","Y=~y2",0.561062589743488,0.137570085635644,0.7,"LSAM",7453,4702107,300,"ordinal","skewed","skewed","Symmetric","2",1,TRUE,0.459999999962747
"3961","Y=~y3",0.636789194164476,0.161344476392945,0.9,"LSAM",7453,4702107,300,"ordinal","skewed","skewed","Symmetric","2",1,TRUE,0.459999999962747
"3962","Y~X",0.492592306959985,0.328557468758706,0.4,"LSAM",7453,4702107,300,"ordinal","skewed","skewed","Symmetric","2",1,TRUE,0.459999999962747
"3963","Y~Z",0.172967933436131,0.479091568985575,0.5,"LSAM",7453,4702107,300,"ordinal","skewed","skewed","Symmetric","2",1,TRUE,0.459999999962747
"3964","Y~X:Z",0.383337141190284,0.457283181543561,0.3,"LSAM",7453,4702107,300,"ordinal","skewed","skewed","Symmetric","2",1,TRUE,0.459999999962747
"3965","X~~Z",0.211881999989483,0.388277121006224,0.2,"LSAM",7453,4702107,300,"ordinal","skewed","skewed","Symmetric","2",1,TRUE,0.459999999962747
"3966","X=~x1",0.343008009254387,0.0677602759808276,0.4,"MC-PLSc",7454,570112,1000,"ordinal","skewed","skewed","Symmetric","2",1,TRUE,15.3769999999786
"3967","X=~x2",0.913735331525637,0.0570625052876747,0.8,"MC-PLSc",7454,570112,1000,"ordinal","skewed","skewed","Symmetric","2",1,TRUE,15.3769999999786
"3968","X=~x3",0.691882580936208,0.0498561431706237,0.8,"MC-PLSc",7454,570112,1000,"ordinal","skewed","skewed","Symmetric","2",1,TRUE,15.3769999999786
"3969","Z=~z1",0.500571283510793,0.0566314811917999,0.6,"MC-PLSc",7454,570112,1000,"ordinal","skewed","skewed","Symmetric","2",1,TRUE,15.3769999999786
"3970","Z=~z2",0.604009226859064,0.0434055781027969,0.6,"MC-PLSc",7454,570112,1000,"ordinal","skewed","skewed","Symmetric","2",1,TRUE,15.3769999999786
"3971","Z=~z3",0.677421681878491,0.0504588320921362,0.8,"MC-PLSc",7454,570112,1000,"ordinal","skewed","skewed","Symmetric","2",1,TRUE,15.3769999999786
"3972","Y=~y1",0.372163695424797,0.049727238138345,0.4,"MC-PLSc",7454,570112,1000,"ordinal","skewed","skewed","Symmetric","2",1,TRUE,15.3769999999786
"3973","Y=~y2",0.594391484103305,0.0446185040797552,0.7,"MC-PLSc",7454,570112,1000,"ordinal","skewed","skewed","Symmetric","2",1,TRUE,15.3769999999786
"3974","Y=~y3",0.846430896576849,0.0398606820652367,0.9,"MC-PLSc",7454,570112,1000,"ordinal","skewed","skewed","Symmetric","2",1,TRUE,15.3769999999786
"3975","Y~X",0.365664209066062,0.0694934369695849,0.4,"MC-PLSc",7454,570112,1000,"ordinal","skewed","skewed","Symmetric","2",1,TRUE,15.3769999999786
"3976","Y~Z",0.616329950291354,0.0610300670317506,0.5,"MC-PLSc",7454,570112,1000,"ordinal","skewed","skewed","Symmetric","2",1,TRUE,15.3769999999786
"3977","Y~X:Z",0.343848697900957,0.0937120794999874,0.3,"MC-PLSc",7454,570112,1000,"ordinal","skewed","skewed","Symmetric","2",1,TRUE,15.3769999999786
"3978","X~~Z",0.174970202921651,0.0585578998073342,0.2,"MC-PLSc",7454,570112,1000,"ordinal","skewed","skewed","Symmetric","2",1,TRUE,15.3769999999786
"3979","X=~x1",0.233707970232405,0.0807260363489223,0.4,"PLSc",7454,570112,1000,"ordinal","skewed","skewed","Symmetric","2",1,TRUE,1.35699999995995
"3980","X=~x2",0.783444940756934,0.0638160959551548,0.8,"PLSc",7454,570112,1000,"ordinal","skewed","skewed","Symmetric","2",1,TRUE,1.35699999995995
"3981","X=~x3",0.5688083382843,0.0534773661794709,0.8,"PLSc",7454,570112,1000,"ordinal","skewed","skewed","Symmetric","2",1,TRUE,1.35699999995995
"3982","Z=~z1",0.379383527646305,0.0549139196787501,0.6,"PLSc",7454,570112,1000,"ordinal","skewed","skewed","Symmetric","2",1,TRUE,1.35699999995995
"3983","Z=~z2",0.503131972727085,0.0479288322473044,0.6,"PLSc",7454,570112,1000,"ordinal","skewed","skewed","Symmetric","2",1,TRUE,1.35699999995995
"3984","Z=~z3",0.549394725709838,0.0468480972638175,0.8,"PLSc",7454,570112,1000,"ordinal","skewed","skewed","Symmetric","2",1,TRUE,1.35699999995995
"3985","Y=~y1",0.292252558362149,0.0455890985803763,0.4,"PLSc",7454,570112,1000,"ordinal","skewed","skewed","Symmetric","2",1,TRUE,1.35699999995995
"3986","Y=~y2",0.470141079487616,0.0412990305057407,0.7,"PLSc",7454,570112,1000,"ordinal","skewed","skewed","Symmetric","2",1,TRUE,1.35699999995995
"3987","Y=~y3",0.680654462485198,0.039148472630137,0.9,"PLSc",7454,570112,1000,"ordinal","skewed","skewed","Symmetric","2",1,TRUE,1.35699999995995
"3988","Y~X",0.364322550741637,0.0586374954204359,0.4,"PLSc",7454,570112,1000,"ordinal","skewed","skewed","Symmetric","2",1,TRUE,1.35699999995995
"3989","Y~Z",0.602180893344786,0.0603831622394553,0.5,"PLSc",7454,570112,1000,"ordinal","skewed","skewed","Symmetric","2",1,TRUE,1.35699999995995
"3990","Y~X:Z",0.219874662176934,0.0820264674081186,0.3,"PLSc",7454,570112,1000,"ordinal","skewed","skewed","Symmetric","2",1,TRUE,1.35699999995995
"3991","X~~Z",0.165776040570311,0.0572063039741432,0.2,"PLSc",7454,570112,1000,"ordinal","skewed","skewed","Symmetric","2",1,TRUE,1.35699999995995
"3992","X=~x1",0.423893573201507,0.0699923382381636,0.4,"PLS",7454,570112,1000,"ordinal","skewed","skewed","Symmetric","2",1,TRUE,0.967000000004191
"3993","X=~x2",0.872232250622575,0.0245570366885878,0.8,"PLS",7454,570112,1000,"ordinal","skewed","skewed","Symmetric","2",1,TRUE,0.967000000004191
"3994","X=~x3",0.771546363621676,0.0334329705917839,0.8,"PLS",7454,570112,1000,"ordinal","skewed","skewed","Symmetric","2",1,TRUE,0.967000000004191
"3995","Z=~z1",0.612531991172103,0.049810082460466,0.6,"PLS",7454,570112,1000,"ordinal","skewed","skewed","Symmetric","2",1,TRUE,0.967000000004191
"3996","Z=~z2",0.705435253962535,0.039580039824103,0.6,"PLS",7454,570112,1000,"ordinal","skewed","skewed","Symmetric","2",1,TRUE,0.967000000004191
"3997","Z=~z3",0.761586969718451,0.0326624710756998,0.8,"PLS",7454,570112,1000,"ordinal","skewed","skewed","Symmetric","2",1,TRUE,0.967000000004191
"3998","Y=~y1",0.467782740951056,0.0526164057431262,0.4,"PLS",7454,570112,1000,"ordinal","skewed","skewed","Symmetric","2",1,TRUE,0.967000000004191
"3999","Y=~y2",0.691607344759784,0.0346804967310872,0.7,"PLS",7454,570112,1000,"ordinal","skewed","skewed","Symmetric","2",1,TRUE,0.967000000004191
"4000","Y=~y3",0.856315774692411,0.017180784623727,0.9,"PLS",7454,570112,1000,"ordinal","skewed","skewed","Symmetric","2",1,TRUE,0.967000000004191
"4001","Y~X",0.252129351782387,0.0270819148908986,0.4,"PLS",7454,570112,1000,"ordinal","skewed","skewed","Symmetric","2",1,TRUE,0.967000000004191
"4002","Y~Z",0.324726256255081,0.026423848381044,0.5,"PLS",7454,570112,1000,"ordinal","skewed","skewed","Symmetric","2",1,TRUE,0.967000000004191
"4003","Y~X:Z",0.108469102141911,0.0281568942409164,0.3,"PLS",7454,570112,1000,"ordinal","skewed","skewed","Symmetric","2",1,TRUE,0.967000000004191
"4004","X~~Z",0.0935704712230451,0.0323671305145357,0.2,"PLS",7454,570112,1000,"ordinal","skewed","skewed","Symmetric","2",1,TRUE,0.967000000004191
"4005","X=~x1",0.348,0.046,0.4,"Mplus",7454,570112,1000,"ordinal","skewed","skewed","Symmetric","2",1,TRUE,199.913
"4006","X=~x2",0.846,0.055,0.8,"Mplus",7454,570112,1000,"ordinal","skewed","skewed","Symmetric","2",1,TRUE,199.913
"4007","X=~x3",0.685,0.053,0.8,"Mplus",7454,570112,1000,"ordinal","skewed","skewed","Symmetric","2",1,TRUE,199.913
"4008","Z=~z1",0.49,0.05,0.6,"Mplus",7454,570112,1000,"ordinal","skewed","skewed","Symmetric","2",1,TRUE,199.913
"4009","Z=~z2",0.553,0.052,0.6,"Mplus",7454,570112,1000,"ordinal","skewed","skewed","Symmetric","2",1,TRUE,199.913
"4010","Z=~z3",0.637,0.054,0.8,"Mplus",7454,570112,1000,"ordinal","skewed","skewed","Symmetric","2",1,TRUE,199.913
"4011","Y=~y1",0.347,0.046,0.4,"Mplus",7454,570112,1000,"ordinal","skewed","skewed","Symmetric","2",1,TRUE,199.913
"4012","Y=~y2",0.557,0.048,0.7,"Mplus",7454,570112,1000,"ordinal","skewed","skewed","Symmetric","2",1,TRUE,199.913
"4013","Y=~y3",0.855,0.052,0.9,"Mplus",7454,570112,1000,"ordinal","skewed","skewed","Symmetric","2",1,TRUE,199.913
"4014","Y~X",0.355,0.06,0.4,"Mplus",7454,570112,1000,"ordinal","skewed","skewed","Symmetric","2",1,TRUE,199.913
"4015","Y~Z",0.588,0.059,0.5,"Mplus",7454,570112,1000,"ordinal","skewed","skewed","Symmetric","2",1,TRUE,199.913
"4016","Y~X:Z",0.384,0.094,0.3,"Mplus",7454,570112,1000,"ordinal","skewed","skewed","Symmetric","2",1,TRUE,199.913
"4017","X~~Z",0.223,0.062,0.2,"Mplus",7454,570112,1000,"ordinal","skewed","skewed","Symmetric","2",1,TRUE,199.913
"4018","X=~x1",0.328920477666729,0.0374359697910113,0.4,"LSAM",7454,570112,1000,"ordinal","skewed","skewed","Symmetric","2",1,TRUE,0.48399999999674
"4019","X=~x2",0.620247843783387,0.0843729210216582,0.8,"LSAM",7454,570112,1000,"ordinal","skewed","skewed","Symmetric","2",1,TRUE,0.48399999999674
"4020","X=~x3",0.66357718221944,0.0885664529469843,0.8,"LSAM",7454,570112,1000,"ordinal","skewed","skewed","Symmetric","2",1,TRUE,0.48399999999674
"4021","Z=~z1",0.452258305234978,0.156212636531127,0.6,"LSAM",7454,570112,1000,"ordinal","skewed","skewed","Symmetric","2",1,TRUE,0.48399999999674
"4022","Z=~z2",0.432236009150951,0.164578176041878,0.6,"LSAM",7454,570112,1000,"ordinal","skewed","skewed","Symmetric","2",1,TRUE,0.48399999999674
"4023","Z=~z3",0.556613587941309,0.186005627179599,0.8,"LSAM",7454,570112,1000,"ordinal","skewed","skewed","Symmetric","2",1,TRUE,0.48399999999674
"4024","Y=~y1",0.311683736729669,0.0106853235359782,0.4,"LSAM",7454,570112,1000,"ordinal","skewed","skewed","Symmetric","2",1,TRUE,0.48399999999674
"4025","Y=~y2",0.431908621425299,0.0601154616901261,0.7,"LSAM",7454,570112,1000,"ordinal","skewed","skewed","Symmetric","2",1,TRUE,0.48399999999674
"4026","Y=~y3",0.734190866824001,0.1185027471982,0.9,"LSAM",7454,570112,1000,"ordinal","skewed","skewed","Symmetric","2",1,TRUE,0.48399999999674
"4027","Y~X",0.347674356369265,0.114682069314763,0.4,"LSAM",7454,570112,1000,"ordinal","skewed","skewed","Symmetric","2",1,TRUE,0.48399999999674
"4028","Y~Z",0.569334123002588,0.226411110992808,0.5,"LSAM",7454,570112,1000,"ordinal","skewed","skewed","Symmetric","2",1,TRUE,0.48399999999674
"4029","Y~X:Z",0.202532496517563,0.0815569062725218,0.3,"LSAM",7454,570112,1000,"ordinal","skewed","skewed","Symmetric","2",1,TRUE,0.48399999999674
"4030","X~~Z",0.164234404868443,0.0965882721404022,0.2,"LSAM",7454,570112,1000,"ordinal","skewed","skewed","Symmetric","2",1,TRUE,0.48399999999674
"4031","X=~x1",0.377899043932298,0.0987189043465753,0.4,"MC-PLSc",7455,2680836,300,"ordinal","skewed","skewed","Symmetric","3",1,TRUE,13.0109999999986
"4032","X=~x2",0.778331399618835,0.0834159840915855,0.8,"MC-PLSc",7455,2680836,300,"ordinal","skewed","skewed","Symmetric","3",1,TRUE,13.0109999999986
"4033","X=~x3",0.872242080174667,0.0880064092724498,0.8,"MC-PLSc",7455,2680836,300,"ordinal","skewed","skewed","Symmetric","3",1,TRUE,13.0109999999986
"4034","Z=~z1",0.509511437079523,0.0766454128621615,0.6,"MC-PLSc",7455,2680836,300,"ordinal","skewed","skewed","Symmetric","3",1,TRUE,13.0109999999986
"4035","Z=~z2",0.652344509546807,0.0585258047910145,0.6,"MC-PLSc",7455,2680836,300,"ordinal","skewed","skewed","Symmetric","3",1,TRUE,13.0109999999986
"4036","Z=~z3",0.864957139210827,0.0590496268898007,0.8,"MC-PLSc",7455,2680836,300,"ordinal","skewed","skewed","Symmetric","3",1,TRUE,13.0109999999986
"4037","Y=~y1",0.39532850010194,0.0787495126183609,0.4,"MC-PLSc",7455,2680836,300,"ordinal","skewed","skewed","Symmetric","3",1,TRUE,13.0109999999986
"4038","Y=~y2",0.665529526190712,0.0676469021919391,0.7,"MC-PLSc",7455,2680836,300,"ordinal","skewed","skewed","Symmetric","3",1,TRUE,13.0109999999986
"4039","Y=~y3",0.91916990180375,0.0764378993478591,0.9,"MC-PLSc",7455,2680836,300,"ordinal","skewed","skewed","Symmetric","3",1,TRUE,13.0109999999986
"4040","Y~X",0.30028154888738,0.0962104345932698,0.4,"MC-PLSc",7455,2680836,300,"ordinal","skewed","skewed","Symmetric","3",1,TRUE,13.0109999999986
"4041","Y~Z",0.604770026088065,0.0917007989034288,0.5,"MC-PLSc",7455,2680836,300,"ordinal","skewed","skewed","Symmetric","3",1,TRUE,13.0109999999986
"4042","Y~X:Z",0.304389476866698,0.097783115767251,0.3,"MC-PLSc",7455,2680836,300,"ordinal","skewed","skewed","Symmetric","3",1,TRUE,13.0109999999986
"4043","X~~Z",0.306249908602837,0.0872865959325863,0.2,"MC-PLSc",7455,2680836,300,"ordinal","skewed","skewed","Symmetric","3",1,TRUE,13.0109999999986
"4044","X=~x1",0.333741712992084,0.125580222605761,0.4,"PLSc",7455,2680836,300,"ordinal","skewed","skewed","Symmetric","3",1,TRUE,1.29899999999907
"4045","X=~x2",0.676251937797687,0.0932512331970764,0.8,"PLSc",7455,2680836,300,"ordinal","skewed","skewed","Symmetric","3",1,TRUE,1.29899999999907
"4046","X=~x3",0.763621954597679,0.0879279538581604,0.8,"PLSc",7455,2680836,300,"ordinal","skewed","skewed","Symmetric","3",1,TRUE,1.29899999999907
"4047","Z=~z1",0.413334737281988,0.0887037762079612,0.6,"PLSc",7455,2680836,300,"ordinal","skewed","skewed","Symmetric","3",1,TRUE,1.29899999999907
"4048","Z=~z2",0.596297887599085,0.0623704673475314,0.6,"PLSc",7455,2680836,300,"ordinal","skewed","skewed","Symmetric","3",1,TRUE,1.29899999999907
"4049","Z=~z3",0.765216645546241,0.0595413612682311,0.8,"PLSc",7455,2680836,300,"ordinal","skewed","skewed","Symmetric","3",1,TRUE,1.29899999999907
"4050","Y=~y1",0.37348195489282,0.0776998807271989,0.4,"PLSc",7455,2680836,300,"ordinal","skewed","skewed","Symmetric","3",1,TRUE,1.29899999999907
"4051","Y=~y2",0.513592159967231,0.0602422350551507,0.7,"PLSc",7455,2680836,300,"ordinal","skewed","skewed","Symmetric","3",1,TRUE,1.29899999999907
"4052","Y=~y3",0.776617550208988,0.0643561361701281,0.9,"PLSc",7455,2680836,300,"ordinal","skewed","skewed","Symmetric","3",1,TRUE,1.29899999999907
"4053","Y~X",0.265785461001558,0.13827271747493,0.4,"PLSc",7455,2680836,300,"ordinal","skewed","skewed","Symmetric","3",1,TRUE,1.29899999999907
"4054","Y~Z",0.573291063001564,0.105380544153407,0.5,"PLSc",7455,2680836,300,"ordinal","skewed","skewed","Symmetric","3",1,TRUE,1.29899999999907
"4055","Y~X:Z",0.266266419310608,0.290001883712558,0.3,"PLSc",7455,2680836,300,"ordinal","skewed","skewed","Symmetric","3",1,TRUE,1.29899999999907
"4056","X~~Z",0.30338739060354,0.0800649899244672,0.2,"PLSc",7455,2680836,300,"ordinal","skewed","skewed","Symmetric","3",1,TRUE,1.29899999999907
"4057","X=~x1",0.493756349520712,0.104162103812019,0.4,"PLS",7455,2680836,300,"ordinal","skewed","skewed","Symmetric","3",1,TRUE,0.89100000000326
"4058","X=~x2",0.829914724169333,0.0401341954914141,0.8,"PLS",7455,2680836,300,"ordinal","skewed","skewed","Symmetric","3",1,TRUE,0.89100000000326
"4059","X=~x3",0.862357306012147,0.031187768739372,0.8,"PLS",7455,2680836,300,"ordinal","skewed","skewed","Symmetric","3",1,TRUE,0.89100000000326
"4060","Z=~z1",0.627771549074233,0.0705459420101256,0.6,"PLS",7455,2680836,300,"ordinal","skewed","skewed","Symmetric","3",1,TRUE,0.89100000000326
"4061","Z=~z2",0.753059553763988,0.038975314618516,0.6,"PLS",7455,2680836,300,"ordinal","skewed","skewed","Symmetric","3",1,TRUE,0.89100000000326
"4062","Z=~z3",0.851530890470629,0.0230765184639231,0.8,"PLS",7455,2680836,300,"ordinal","skewed","skewed","Symmetric","3",1,TRUE,0.89100000000326
"4063","Y=~y1",0.522872338914704,0.0814242385380292,0.4,"PLS",7455,2680836,300,"ordinal","skewed","skewed","Symmetric","3",1,TRUE,0.89100000000326
"4064","Y=~y2",0.759052763370715,0.039902977023055,0.7,"PLS",7455,2680836,300,"ordinal","skewed","skewed","Symmetric","3",1,TRUE,0.89100000000326
"4065","Y=~y3",0.858139591732473,0.0258039966640068,0.9,"PLS",7455,2680836,300,"ordinal","skewed","skewed","Symmetric","3",1,TRUE,0.89100000000326
"4066","Y~X",0.228031355324044,0.0546581640058523,0.4,"PLS",7455,2680836,300,"ordinal","skewed","skewed","Symmetric","3",1,TRUE,0.89100000000326
"4067","Y~Z",0.400026392684434,0.0461908291390975,0.5,"PLS",7455,2680836,300,"ordinal","skewed","skewed","Symmetric","3",1,TRUE,0.89100000000326
"4068","Y~X:Z",0.175827735819375,0.0481621434956906,0.3,"PLS",7455,2680836,300,"ordinal","skewed","skewed","Symmetric","3",1,TRUE,0.89100000000326
"4069","X~~Z",0.206343641985659,0.0537617529980795,0.2,"PLS",7455,2680836,300,"ordinal","skewed","skewed","Symmetric","3",1,TRUE,0.89100000000326
"4070","X=~x1",0.366,0.073,0.4,"Mplus",7455,2680836,300,"ordinal","skewed","skewed","Symmetric","3",1,TRUE,154.082999999984
"4071","X=~x2",0.795,0.06,0.8,"Mplus",7455,2680836,300,"ordinal","skewed","skewed","Symmetric","3",1,TRUE,154.082999999984
"4072","X=~x3",0.823,0.064,0.8,"Mplus",7455,2680836,300,"ordinal","skewed","skewed","Symmetric","3",1,TRUE,154.082999999984
"4073","Z=~z1",0.522,0.07,0.6,"Mplus",7455,2680836,300,"ordinal","skewed","skewed","Symmetric","3",1,TRUE,154.082999999984
"4074","Z=~z2",0.642,0.061,0.6,"Mplus",7455,2680836,300,"ordinal","skewed","skewed","Symmetric","3",1,TRUE,154.082999999984
"4075","Z=~z3",0.826,0.064,0.8,"Mplus",7455,2680836,300,"ordinal","skewed","skewed","Symmetric","3",1,TRUE,154.082999999984
"4076","Y=~y1",0.339,0.07,0.4,"Mplus",7455,2680836,300,"ordinal","skewed","skewed","Symmetric","3",1,TRUE,154.082999999984
"4077","Y=~y2",0.675,0.063,0.7,"Mplus",7455,2680836,300,"ordinal","skewed","skewed","Symmetric","3",1,TRUE,154.082999999984
"4078","Y=~y3",0.917,0.042,0.9,"Mplus",7455,2680836,300,"ordinal","skewed","skewed","Symmetric","3",1,TRUE,154.082999999984
"4079","Y~X",0.311,0.101,0.4,"Mplus",7455,2680836,300,"ordinal","skewed","skewed","Symmetric","3",1,TRUE,154.082999999984
"4080","Y~Z",0.57,0.084,0.5,"Mplus",7455,2680836,300,"ordinal","skewed","skewed","Symmetric","3",1,TRUE,154.082999999984
"4081","Y~X:Z",0.404,0.142,0.3,"Mplus",7455,2680836,300,"ordinal","skewed","skewed","Symmetric","3",1,TRUE,154.082999999984
"4082","X~~Z",0.353,0.093,0.2,"Mplus",7455,2680836,300,"ordinal","skewed","skewed","Symmetric","3",1,TRUE,154.082999999984
"4083","X=~x1",0.338345241870518,0.0633011745963754,0.4,"LSAM",7455,2680836,300,"ordinal","skewed","skewed","Symmetric","3",1,TRUE,0.456000000005588
"4084","X=~x2",0.706364218574486,0.131343781400985,0.8,"LSAM",7455,2680836,300,"ordinal","skewed","skewed","Symmetric","3",1,TRUE,0.456000000005588
"4085","X=~x3",0.728649778319355,0.132899334209578,0.8,"LSAM",7455,2680836,300,"ordinal","skewed","skewed","Symmetric","3",1,TRUE,0.456000000005588
"4086","Z=~z1",0.493287101254175,0.0612904448578482,0.6,"LSAM",7455,2680836,300,"ordinal","skewed","skewed","Symmetric","3",1,TRUE,0.456000000005588
"4087","Z=~z2",0.561607018005661,0.100415741232337,0.6,"LSAM",7455,2680836,300,"ordinal","skewed","skewed","Symmetric","3",1,TRUE,0.456000000005588
"4088","Z=~z3",0.729389415362658,0.114859492038819,0.8,"LSAM",7455,2680836,300,"ordinal","skewed","skewed","Symmetric","3",1,TRUE,0.456000000005588
"4089","Y=~y1",0.334973762793669,0.0266788922906687,0.4,"LSAM",7455,2680836,300,"ordinal","skewed","skewed","Symmetric","3",1,TRUE,0.456000000005588
"4090","Y=~y2",0.763316980312913,0.147202942682978,0.7,"LSAM",7455,2680836,300,"ordinal","skewed","skewed","Symmetric","3",1,TRUE,0.456000000005588
"4091","Y=~y3",0.57509919177413,0.109549713130015,0.9,"LSAM",7455,2680836,300,"ordinal","skewed","skewed","Symmetric","3",1,TRUE,0.456000000005588
"4092","Y~X",0.229235315696522,0.0948095468289097,0.4,"LSAM",7455,2680836,300,"ordinal","skewed","skewed","Symmetric","3",1,TRUE,0.456000000005588
"4093","Y~Z",0.50897147146288,0.179965053860221,0.5,"LSAM",7455,2680836,300,"ordinal","skewed","skewed","Symmetric","3",1,TRUE,0.456000000005588
"4094","Y~X:Z",0.25559247774488,0.104359365218852,0.3,"LSAM",7455,2680836,300,"ordinal","skewed","skewed","Symmetric","3",1,TRUE,0.456000000005588
"4095","X~~Z",0.287845170109937,0.0833282759800239,0.2,"LSAM",7455,2680836,300,"ordinal","skewed","skewed","Symmetric","3",1,TRUE,0.456000000005588
"4096","X=~x1",0.383267237495212,0.054606268484549,0.4,"MC-PLSc",7456,5724040,1000,"ordinal","skewed","skewed","Symmetric","3",1,TRUE,16.0320000000065
"4097","X=~x2",0.804180328389183,0.0519443723091701,0.8,"MC-PLSc",7456,5724040,1000,"ordinal","skewed","skewed","Symmetric","3",1,TRUE,16.0320000000065
"4098","X=~x3",0.681646439281404,0.0504354524363287,0.8,"MC-PLSc",7456,5724040,1000,"ordinal","skewed","skewed","Symmetric","3",1,TRUE,16.0320000000065
"4099","Z=~z1",0.629434548196856,0.0357799946645778,0.6,"MC-PLSc",7456,5724040,1000,"ordinal","skewed","skewed","Symmetric","3",1,TRUE,16.0320000000065
"4100","Z=~z2",0.529675378097839,0.0407694672388499,0.6,"MC-PLSc",7456,5724040,1000,"ordinal","skewed","skewed","Symmetric","3",1,TRUE,16.0320000000065
"4101","Z=~z3",0.783121971162759,0.0372785408124395,0.8,"MC-PLSc",7456,5724040,1000,"ordinal","skewed","skewed","Symmetric","3",1,TRUE,16.0320000000065
"4102","Y=~y1",0.345041344227131,0.0481029814228738,0.4,"MC-PLSc",7456,5724040,1000,"ordinal","skewed","skewed","Symmetric","3",1,TRUE,16.0320000000065
"4103","Y=~y2",0.58418605303173,0.0361828901505322,0.7,"MC-PLSc",7456,5724040,1000,"ordinal","skewed","skewed","Symmetric","3",1,TRUE,16.0320000000065
"4104","Y=~y3",0.761133532009734,0.0395570943376586,0.9,"MC-PLSc",7456,5724040,1000,"ordinal","skewed","skewed","Symmetric","3",1,TRUE,16.0320000000065
"4105","Y~X",0.391538403750036,0.0511801394301968,0.4,"MC-PLSc",7456,5724040,1000,"ordinal","skewed","skewed","Symmetric","3",1,TRUE,16.0320000000065
"4106","Y~Z",0.637921744993225,0.05057716464977,0.5,"MC-PLSc",7456,5724040,1000,"ordinal","skewed","skewed","Symmetric","3",1,TRUE,16.0320000000065
"4107","Y~X:Z",0.305385779286688,0.0533734086252121,0.3,"MC-PLSc",7456,5724040,1000,"ordinal","skewed","skewed","Symmetric","3",1,TRUE,16.0320000000065
"4108","X~~Z",0.225301778013002,0.0535323088222201,0.2,"MC-PLSc",7456,5724040,1000,"ordinal","skewed","skewed","Symmetric","3",1,TRUE,16.0320000000065
"4109","X=~x1",0.356249333082311,0.0625721181644728,0.4,"PLSc",7456,5724040,1000,"ordinal","skewed","skewed","Symmetric","3",1,TRUE,1.59600000001956
"4110","X=~x2",0.70048676524955,0.0564864079253468,0.8,"PLSc",7456,5724040,1000,"ordinal","skewed","skewed","Symmetric","3",1,TRUE,1.59600000001956
"4111","X=~x3",0.583402905278107,0.0523266087768381,0.8,"PLSc",7456,5724040,1000,"ordinal","skewed","skewed","Symmetric","3",1,TRUE,1.59600000001956
"4112","Z=~z1",0.581782352497999,0.0396819870661907,0.6,"PLSc",7456,5724040,1000,"ordinal","skewed","skewed","Symmetric","3",1,TRUE,1.59600000001956
"4113","Z=~z2",0.440669339862914,0.0451473370205693,0.6,"PLSc",7456,5724040,1000,"ordinal","skewed","skewed","Symmetric","3",1,TRUE,1.59600000001956
"4114","Z=~z3",0.682427635091335,0.0370903483031949,0.8,"PLSc",7456,5724040,1000,"ordinal","skewed","skewed","Symmetric","3",1,TRUE,1.59600000001956
"4115","Y=~y1",0.31355047952259,0.0399497936401572,0.4,"PLSc",7456,5724040,1000,"ordinal","skewed","skewed","Symmetric","3",1,TRUE,1.59600000001956
"4116","Y=~y2",0.500362600482306,0.0345632905862208,0.7,"PLSc",7456,5724040,1000,"ordinal","skewed","skewed","Symmetric","3",1,TRUE,1.59600000001956
"4117","Y=~y3",0.648295527811396,0.0314943275931289,0.9,"PLSc",7456,5724040,1000,"ordinal","skewed","skewed","Symmetric","3",1,TRUE,1.59600000001956
"4118","Y~X",0.381445617053489,0.0591184832210162,0.4,"PLSc",7456,5724040,1000,"ordinal","skewed","skewed","Symmetric","3",1,TRUE,1.59600000001956
"4119","Y~Z",0.637338084690215,0.0585989333715484,0.5,"PLSc",7456,5724040,1000,"ordinal","skewed","skewed","Symmetric","3",1,TRUE,1.59600000001956
"4120","Y~X:Z",0.237696257509056,0.0664437494525513,0.3,"PLSc",7456,5724040,1000,"ordinal","skewed","skewed","Symmetric","3",1,TRUE,1.59600000001956
"4121","X~~Z",0.225534961701529,0.0517388158091797,0.2,"PLSc",7456,5724040,1000,"ordinal","skewed","skewed","Symmetric","3",1,TRUE,1.59600000001956
"4122","X=~x1",0.511178932667447,0.0549773467861332,0.4,"PLS",7456,5724040,1000,"ordinal","skewed","skewed","Symmetric","3",1,TRUE,0.950000000011642
"4123","X=~x2",0.840845178555093,0.0227735270765924,0.8,"PLS",7456,5724040,1000,"ordinal","skewed","skewed","Symmetric","3",1,TRUE,0.950000000011642
"4124","X=~x3",0.779606229337599,0.0285994388878412,0.8,"PLS",7456,5724040,1000,"ordinal","skewed","skewed","Symmetric","3",1,TRUE,0.950000000011642
"4125","Z=~z1",0.735300981589137,0.0260737295836879,0.6,"PLS",7456,5724040,1000,"ordinal","skewed","skewed","Symmetric","3",1,TRUE,0.950000000011642
"4126","Z=~z2",0.652664938491707,0.0330603911460266,0.6,"PLS",7456,5724040,1000,"ordinal","skewed","skewed","Symmetric","3",1,TRUE,0.950000000011642
"4127","Z=~z3",0.820208515561168,0.0167316806653227,0.8,"PLS",7456,5724040,1000,"ordinal","skewed","skewed","Symmetric","3",1,TRUE,0.950000000011642
"4128","Y=~y1",0.482801509612968,0.0446280518281339,0.4,"PLS",7456,5724040,1000,"ordinal","skewed","skewed","Symmetric","3",1,TRUE,0.950000000011642
"4129","Y=~y2",0.729720241353475,0.0253137091775009,0.7,"PLS",7456,5724040,1000,"ordinal","skewed","skewed","Symmetric","3",1,TRUE,0.950000000011642
"4130","Y=~y3",0.829352587663756,0.0149230782122834,0.9,"PLS",7456,5724040,1000,"ordinal","skewed","skewed","Symmetric","3",1,TRUE,0.950000000011642
"4131","Y~X",0.253881804199441,0.0268847692647712,0.4,"PLS",7456,5724040,1000,"ordinal","skewed","skewed","Symmetric","3",1,TRUE,0.950000000011642
"4132","Y~Z",0.383553384772525,0.0273068642645724,0.5,"PLS",7456,5724040,1000,"ordinal","skewed","skewed","Symmetric","3",1,TRUE,0.950000000011642
"4133","Y~X:Z",0.131136522522523,0.0239863038380387,0.3,"PLS",7456,5724040,1000,"ordinal","skewed","skewed","Symmetric","3",1,TRUE,0.950000000011642
"4134","X~~Z",0.137984061424816,0.0313145396684484,0.2,"PLS",7456,5724040,1000,"ordinal","skewed","skewed","Symmetric","3",1,TRUE,0.950000000011642
"4135","X=~x1",0.349,0.041,0.4,"Mplus",7456,5724040,1000,"ordinal","skewed","skewed","Symmetric","3",1,TRUE,568.796999999962
"4136","X=~x2",0.836,0.044,0.8,"Mplus",7456,5724040,1000,"ordinal","skewed","skewed","Symmetric","3",1,TRUE,568.796999999962
"4137","X=~x3",0.655,0.04,0.8,"Mplus",7456,5724040,1000,"ordinal","skewed","skewed","Symmetric","3",1,TRUE,568.796999999962
"4138","Z=~z1",0.591,0.038,0.6,"Mplus",7456,5724040,1000,"ordinal","skewed","skewed","Symmetric","3",1,TRUE,568.796999999962
"4139","Z=~z2",0.544,0.036,0.6,"Mplus",7456,5724040,1000,"ordinal","skewed","skewed","Symmetric","3",1,TRUE,568.796999999962
"4140","Z=~z3",0.78,0.037,0.8,"Mplus",7456,5724040,1000,"ordinal","skewed","skewed","Symmetric","3",1,TRUE,568.796999999962
"4141","Y=~y1",0.312,0.038,0.4,"Mplus",7456,5724040,1000,"ordinal","skewed","skewed","Symmetric","3",1,TRUE,568.796999999962
"4142","Y=~y2",0.563,0.037,0.7,"Mplus",7456,5724040,1000,"ordinal","skewed","skewed","Symmetric","3",1,TRUE,568.796999999962
"4143","Y=~y3",0.779,0.037,0.9,"Mplus",7456,5724040,1000,"ordinal","skewed","skewed","Symmetric","3",1,TRUE,568.796999999962
"4144","Y~X",0.348,0.052,0.4,"Mplus",7456,5724040,1000,"ordinal","skewed","skewed","Symmetric","3",1,TRUE,568.796999999962
"4145","Y~Z",0.635,0.049,0.5,"Mplus",7456,5724040,1000,"ordinal","skewed","skewed","Symmetric","3",1,TRUE,568.796999999962
"4146","Y~X:Z",0.319,0.047,0.3,"Mplus",7456,5724040,1000,"ordinal","skewed","skewed","Symmetric","3",1,TRUE,568.796999999962
"4147","X~~Z",0.265,0.052,0.2,"Mplus",7456,5724040,1000,"ordinal","skewed","skewed","Symmetric","3",1,TRUE,568.796999999962
"4148","X=~x1",0.318664032371479,0.0382397956657307,0.4,"LSAM",7456,5724040,1000,"ordinal","skewed","skewed","Symmetric","3",1,TRUE,0.468999999982771
"4149","X=~x2",0.694814126345813,0.0908131311167081,0.8,"LSAM",7456,5724040,1000,"ordinal","skewed","skewed","Symmetric","3",1,TRUE,0.468999999982771
"4150","X=~x3",0.620329853653941,0.0843684898688793,0.8,"LSAM",7456,5724040,1000,"ordinal","skewed","skewed","Symmetric","3",1,TRUE,0.468999999982771
"4151","Z=~z1",0.506967956561384,0.0482860362029139,0.6,"LSAM",7456,5724040,1000,"ordinal","skewed","skewed","Symmetric","3",1,TRUE,0.468999999982771
"4152","Z=~z2",0.50601082198251,0.0654808935265679,0.6,"LSAM",7456,5724040,1000,"ordinal","skewed","skewed","Symmetric","3",1,TRUE,0.468999999982771
"4153","Z=~z3",0.701723946006269,0.0761891929883015,0.8,"LSAM",7456,5724040,1000,"ordinal","skewed","skewed","Symmetric","3",1,TRUE,0.468999999982771
"4154","Y=~y1",0.312712528255275,0.0151661065142136,0.4,"LSAM",7456,5724040,1000,"ordinal","skewed","skewed","Symmetric","3",1,TRUE,0.468999999982771
"4155","Y=~y2",0.543459019086819,0.0790332704524314,0.7,"LSAM",7456,5724040,1000,"ordinal","skewed","skewed","Symmetric","3",1,TRUE,0.468999999982771
"4156","Y=~y3",0.613593015199209,0.0920178122120525,0.9,"LSAM",7456,5724040,1000,"ordinal","skewed","skewed","Symmetric","3",1,TRUE,0.468999999982771
"4157","Y~X",0.373746898672975,0.0866055880797577,0.4,"LSAM",7456,5724040,1000,"ordinal","skewed","skewed","Symmetric","3",1,TRUE,0.468999999982771
"4158","Y~Z",0.635158626767463,0.103060349957611,0.5,"LSAM",7456,5724040,1000,"ordinal","skewed","skewed","Symmetric","3",1,TRUE,0.468999999982771
"4159","Y~X:Z",0.222575502931268,0.0565463672231821,0.3,"LSAM",7456,5724040,1000,"ordinal","skewed","skewed","Symmetric","3",1,TRUE,0.468999999982771
"4160","X~~Z",0.227697323414951,0.0741619838644695,0.2,"LSAM",7456,5724040,1000,"ordinal","skewed","skewed","Symmetric","3",1,TRUE,0.468999999982771
"4161","X=~x1",0.266689859691744,0.0844917885908323,0.4,"MC-PLSc",7457,2081407,300,"ordinal","skewed","skewed","Symmetric","5",1,TRUE,18.0920000000042
"4162","X=~x2",0.790790644581827,0.0580388921983379,0.8,"MC-PLSc",7457,2081407,300,"ordinal","skewed","skewed","Symmetric","5",1,TRUE,18.0920000000042
"4163","X=~x3",0.774217019836301,0.0609529468227536,0.8,"MC-PLSc",7457,2081407,300,"ordinal","skewed","skewed","Symmetric","5",1,TRUE,18.0920000000042
"4164","Z=~z1",0.506226395638931,0.0753039218156781,0.6,"MC-PLSc",7457,2081407,300,"ordinal","skewed","skewed","Symmetric","5",1,TRUE,18.0920000000042
"4165","Z=~z2",0.527131790573786,0.0802535271016507,0.6,"MC-PLSc",7457,2081407,300,"ordinal","skewed","skewed","Symmetric","5",1,TRUE,18.0920000000042
"4166","Z=~z3",0.74505710710972,0.059363519094132,0.8,"MC-PLSc",7457,2081407,300,"ordinal","skewed","skewed","Symmetric","5",1,TRUE,18.0920000000042
"4167","Y=~y1",0.248740716600036,0.0688918528987125,0.4,"MC-PLSc",7457,2081407,300,"ordinal","skewed","skewed","Symmetric","5",1,TRUE,18.0920000000042
"4168","Y=~y2",0.595553972335331,0.0569048033803567,0.7,"MC-PLSc",7457,2081407,300,"ordinal","skewed","skewed","Symmetric","5",1,TRUE,18.0920000000042
"4169","Y=~y3",0.846769974852842,0.0533442144764946,0.9,"MC-PLSc",7457,2081407,300,"ordinal","skewed","skewed","Symmetric","5",1,TRUE,18.0920000000042
"4170","Y~X",0.445439500260238,0.0793216287043503,0.4,"MC-PLSc",7457,2081407,300,"ordinal","skewed","skewed","Symmetric","5",1,TRUE,18.0920000000042
"4171","Y~Z",0.598852106335553,0.0841265684421531,0.5,"MC-PLSc",7457,2081407,300,"ordinal","skewed","skewed","Symmetric","5",1,TRUE,18.0920000000042
"4172","Y~X:Z",0.317272038928361,0.0991137540346344,0.3,"MC-PLSc",7457,2081407,300,"ordinal","skewed","skewed","Symmetric","5",1,TRUE,18.0920000000042
"4173","X~~Z",0.230784034654118,0.0854918115972239,0.2,"MC-PLSc",7457,2081407,300,"ordinal","skewed","skewed","Symmetric","5",1,TRUE,18.0920000000042
"4174","X=~x1",0.179269622020404,0.118480613627442,0.4,"PLSc",7457,2081407,300,"ordinal","skewed","skewed","Symmetric","5",1,TRUE,1.29399999999441
"4175","X=~x2",0.767759598466508,0.0587155002527679,0.8,"PLSc",7457,2081407,300,"ordinal","skewed","skewed","Symmetric","5",1,TRUE,1.29399999999441
"4176","X=~x3",0.747788139597809,0.0582585824335635,0.8,"PLSc",7457,2081407,300,"ordinal","skewed","skewed","Symmetric","5",1,TRUE,1.29399999999441
"4177","Z=~z1",0.463980891068378,0.0697354272933813,0.6,"PLSc",7457,2081407,300,"ordinal","skewed","skewed","Symmetric","5",1,TRUE,1.29399999999441
"4178","Z=~z2",0.490238480681215,0.0748805445056115,0.6,"PLSc",7457,2081407,300,"ordinal","skewed","skewed","Symmetric","5",1,TRUE,1.29399999999441
"4179","Z=~z3",0.728361426623204,0.0632821608942758,0.8,"PLSc",7457,2081407,300,"ordinal","skewed","skewed","Symmetric","5",1,TRUE,1.29399999999441
"4180","Y=~y1",0.228947906781475,0.0786141297205256,0.4,"PLSc",7457,2081407,300,"ordinal","skewed","skewed","Symmetric","5",1,TRUE,1.29399999999441
"4181","Y=~y2",0.56472109961579,0.0537373703413396,0.7,"PLSc",7457,2081407,300,"ordinal","skewed","skewed","Symmetric","5",1,TRUE,1.29399999999441
"4182","Y=~y3",0.799194851108838,0.0507393854964292,0.9,"PLSc",7457,2081407,300,"ordinal","skewed","skewed","Symmetric","5",1,TRUE,1.29399999999441
"4183","Y~X",0.440389737045895,0.164336471527249,0.4,"PLSc",7457,2081407,300,"ordinal","skewed","skewed","Symmetric","5",1,TRUE,1.29399999999441
"4184","Y~Z",0.568006761769116,0.209251203145299,0.5,"PLSc",7457,2081407,300,"ordinal","skewed","skewed","Symmetric","5",1,TRUE,1.29399999999441
"4185","Y~X:Z",0.197424041721038,0.425692028891791,0.3,"PLSc",7457,2081407,300,"ordinal","skewed","skewed","Symmetric","5",1,TRUE,1.29399999999441
"4186","X~~Z",0.227444697647414,0.0886543696458449,0.2,"PLSc",7457,2081407,300,"ordinal","skewed","skewed","Symmetric","5",1,TRUE,1.29399999999441
"4187","X=~x1",0.383173198893169,0.111925492329579,0.4,"PLS",7457,2081407,300,"ordinal","skewed","skewed","Symmetric","5",1,TRUE,0.916000000026543
"4188","X=~x2",0.869967269050555,0.022283703102378,0.8,"PLS",7457,2081407,300,"ordinal","skewed","skewed","Symmetric","5",1,TRUE,0.916000000026543
"4189","X=~x3",0.864949432472447,0.0239994689996282,0.8,"PLS",7457,2081407,300,"ordinal","skewed","skewed","Symmetric","5",1,TRUE,0.916000000026543
"4190","Z=~z1",0.667543496298901,0.0567372286011953,0.6,"PLS",7457,2081407,300,"ordinal","skewed","skewed","Symmetric","5",1,TRUE,0.916000000026543
"4191","Z=~z2",0.688329415024827,0.0592098264657928,0.6,"PLS",7457,2081407,300,"ordinal","skewed","skewed","Symmetric","5",1,TRUE,0.916000000026543
"4192","Z=~z3",0.833412275968992,0.0280535612009091,0.8,"PLS",7457,2081407,300,"ordinal","skewed","skewed","Symmetric","5",1,TRUE,0.916000000026543
"4193","Y=~y1",0.372605553728171,0.0925598139131638,0.4,"PLS",7457,2081407,300,"ordinal","skewed","skewed","Symmetric","5",1,TRUE,0.916000000026543
"4194","Y=~y2",0.773386779366219,0.0379054290538077,0.7,"PLS",7457,2081407,300,"ordinal","skewed","skewed","Symmetric","5",1,TRUE,0.916000000026543
"4195","Y=~y3",0.88832038993845,0.0160348589443997,0.9,"PLS",7457,2081407,300,"ordinal","skewed","skewed","Symmetric","5",1,TRUE,0.916000000026543
"4196","Y~X",0.344649098907197,0.0483052857263313,0.4,"PLS",7457,2081407,300,"ordinal","skewed","skewed","Symmetric","5",1,TRUE,0.916000000026543
"4197","Y~Z",0.396333831675862,0.0473093562815507,0.5,"PLS",7457,2081407,300,"ordinal","skewed","skewed","Symmetric","5",1,TRUE,0.916000000026543
"4198","Y~X:Z",0.161985155405424,0.0470758140278625,0.3,"PLS",7457,2081407,300,"ordinal","skewed","skewed","Symmetric","5",1,TRUE,0.916000000026543
"4199","X~~Z",0.152635811522024,0.0599431337302568,0.2,"PLS",7457,2081407,300,"ordinal","skewed","skewed","Symmetric","5",1,TRUE,0.916000000026543
"4200","X=~x1",0.306,0.072,0.4,"Mplus",7457,2081407,300,"ordinal","skewed","skewed","Symmetric","5",1,TRUE,213.45299999998
"4201","X=~x2",0.74,0.056,0.8,"Mplus",7457,2081407,300,"ordinal","skewed","skewed","Symmetric","5",1,TRUE,213.45299999998
"4202","X=~x3",0.769,0.06,0.8,"Mplus",7457,2081407,300,"ordinal","skewed","skewed","Symmetric","5",1,TRUE,213.45299999998
"4203","Z=~z1",0.483,0.076,0.6,"Mplus",7457,2081407,300,"ordinal","skewed","skewed","Symmetric","5",1,TRUE,213.45299999998
"4204","Z=~z2",0.495,0.071,0.6,"Mplus",7457,2081407,300,"ordinal","skewed","skewed","Symmetric","5",1,TRUE,213.45299999998
"4205","Z=~z3",0.733,0.056,0.8,"Mplus",7457,2081407,300,"ordinal","skewed","skewed","Symmetric","5",1,TRUE,213.45299999998
"4206","Y=~y1",0.229,0.062,0.4,"Mplus",7457,2081407,300,"ordinal","skewed","skewed","Symmetric","5",1,TRUE,213.45299999998
"4207","Y=~y2",0.583,0.054,0.7,"Mplus",7457,2081407,300,"ordinal","skewed","skewed","Symmetric","5",1,TRUE,213.45299999998
"4208","Y=~y3",0.829,0.051,0.9,"Mplus",7457,2081407,300,"ordinal","skewed","skewed","Symmetric","5",1,TRUE,213.45299999998
"4209","Y~X",0.443,0.074,0.4,"Mplus",7457,2081407,300,"ordinal","skewed","skewed","Symmetric","5",1,TRUE,213.45299999998
"4210","Y~Z",0.625,0.078,0.5,"Mplus",7457,2081407,300,"ordinal","skewed","skewed","Symmetric","5",1,TRUE,213.45299999998
"4211","Y~X:Z",0.401,0.07,0.3,"Mplus",7457,2081407,300,"ordinal","skewed","skewed","Symmetric","5",1,TRUE,213.45299999998
"4212","X~~Z",0.281,0.08,0.2,"Mplus",7457,2081407,300,"ordinal","skewed","skewed","Symmetric","5",1,TRUE,213.45299999998
"4213","X=~x1",0.318283391877767,0.0631586559689502,0.4,"LSAM",7457,2081407,300,"ordinal","skewed","skewed","Symmetric","5",1,TRUE,0.451999999990221
"4214","X=~x2",0.705939278148125,0.135547767554693,0.8,"LSAM",7457,2081407,300,"ordinal","skewed","skewed","Symmetric","5",1,TRUE,0.451999999990221
"4215","X=~x3",0.749180475915605,0.138396327611565,0.8,"LSAM",7457,2081407,300,"ordinal","skewed","skewed","Symmetric","5",1,TRUE,0.451999999990221
"4216","Z=~z1",0.517128585147588,0.0662417307310666,0.6,"LSAM",7457,2081407,300,"ordinal","skewed","skewed","Symmetric","5",1,TRUE,0.451999999990221
"4217","Z=~z2",0.532410528948799,0.11131741334285,0.6,"LSAM",7457,2081407,300,"ordinal","skewed","skewed","Symmetric","5",1,TRUE,0.451999999990221
"4218","Z=~z3",0.632608983939245,0.124750540171278,0.8,"LSAM",7457,2081407,300,"ordinal","skewed","skewed","Symmetric","5",1,TRUE,0.451999999990221
"4219","Y=~y1",0.307241759484421,0.0253471753012523,0.4,"LSAM",7457,2081407,300,"ordinal","skewed","skewed","Symmetric","5",1,TRUE,0.451999999990221
"4220","Y=~y2",0.58980798199662,0.119973135270044,0.7,"LSAM",7457,2081407,300,"ordinal","skewed","skewed","Symmetric","5",1,TRUE,0.451999999990221
"4221","Y=~y3",0.740226765342722,0.154232550104546,0.9,"LSAM",7457,2081407,300,"ordinal","skewed","skewed","Symmetric","5",1,TRUE,0.451999999990221
"4222","Y~X",0.45420777482172,0.107429346746435,0.4,"LSAM",7457,2081407,300,"ordinal","skewed","skewed","Symmetric","5",1,TRUE,0.451999999990221
"4223","Y~Z",0.60046742070966,0.160989363819716,0.5,"LSAM",7457,2081407,300,"ordinal","skewed","skewed","Symmetric","5",1,TRUE,0.451999999990221
"4224","Y~X:Z",0.185430339545007,0.130343450867478,0.3,"LSAM",7457,2081407,300,"ordinal","skewed","skewed","Symmetric","5",1,TRUE,0.451999999990221
"4225","X~~Z",0.237924493800552,0.0956901071373317,0.2,"LSAM",7457,2081407,300,"ordinal","skewed","skewed","Symmetric","5",1,TRUE,0.451999999990221
"4226","X=~x1",0.350526033742327,0.0436313511685205,0.4,"MC-PLSc",7458,2674718,1000,"ordinal","skewed","skewed","Symmetric","5",1,TRUE,19.5999999999767
"4227","X=~x2",0.767800982563872,0.0344857147070475,0.8,"MC-PLSc",7458,2674718,1000,"ordinal","skewed","skewed","Symmetric","5",1,TRUE,19.5999999999767
"4228","X=~x3",0.740979485793308,0.0371672389494331,0.8,"MC-PLSc",7458,2674718,1000,"ordinal","skewed","skewed","Symmetric","5",1,TRUE,19.5999999999767
"4229","Z=~z1",0.574944791850873,0.0343813367645984,0.6,"MC-PLSc",7458,2674718,1000,"ordinal","skewed","skewed","Symmetric","5",1,TRUE,19.5999999999767
"4230","Z=~z2",0.583356375170624,0.0342459518745871,0.6,"MC-PLSc",7458,2674718,1000,"ordinal","skewed","skewed","Symmetric","5",1,TRUE,19.5999999999767
"4231","Z=~z3",0.80133012912088,0.0321103425998203,0.8,"MC-PLSc",7458,2674718,1000,"ordinal","skewed","skewed","Symmetric","5",1,TRUE,19.5999999999767
"4232","Y=~y1",0.36992458701903,0.0337107689029754,0.4,"MC-PLSc",7458,2674718,1000,"ordinal","skewed","skewed","Symmetric","5",1,TRUE,19.5999999999767
"4233","Y=~y2",0.577883041121681,0.0316868683465999,0.7,"MC-PLSc",7458,2674718,1000,"ordinal","skewed","skewed","Symmetric","5",1,TRUE,19.5999999999767
"4234","Y=~y3",0.875453741664222,0.0327472695811373,0.9,"MC-PLSc",7458,2674718,1000,"ordinal","skewed","skewed","Symmetric","5",1,TRUE,19.5999999999767
"4235","Y~X",0.381915786734106,0.0421958454782844,0.4,"MC-PLSc",7458,2674718,1000,"ordinal","skewed","skewed","Symmetric","5",1,TRUE,19.5999999999767
"4236","Y~Z",0.521723571452985,0.0422938783503896,0.5,"MC-PLSc",7458,2674718,1000,"ordinal","skewed","skewed","Symmetric","5",1,TRUE,19.5999999999767
"4237","Y~X:Z",0.330183747595163,0.0484013725652008,0.3,"MC-PLSc",7458,2674718,1000,"ordinal","skewed","skewed","Symmetric","5",1,TRUE,19.5999999999767
"4238","X~~Z",0.172768368250048,0.0465045506524862,0.2,"MC-PLSc",7458,2674718,1000,"ordinal","skewed","skewed","Symmetric","5",1,TRUE,19.5999999999767
"4239","X=~x1",0.351408821027061,0.0632122561856515,0.4,"PLSc",7458,2674718,1000,"ordinal","skewed","skewed","Symmetric","5",1,TRUE,1.56500000000233
"4240","X=~x2",0.716091616342337,0.0449345112945657,0.8,"PLSc",7458,2674718,1000,"ordinal","skewed","skewed","Symmetric","5",1,TRUE,1.56500000000233
"4241","X=~x3",0.69825775092101,0.0456708620665674,0.8,"PLSc",7458,2674718,1000,"ordinal","skewed","skewed","Symmetric","5",1,TRUE,1.56500000000233
"4242","Z=~z1",0.547592230414437,0.0384075251588906,0.6,"PLSc",7458,2674718,1000,"ordinal","skewed","skewed","Symmetric","5",1,TRUE,1.56500000000233
"4243","Z=~z2",0.529154530389049,0.0415470955337285,0.6,"PLSc",7458,2674718,1000,"ordinal","skewed","skewed","Symmetric","5",1,TRUE,1.56500000000233
"4244","Z=~z3",0.781997726847949,0.0387640816845094,0.8,"PLSc",7458,2674718,1000,"ordinal","skewed","skewed","Symmetric","5",1,TRUE,1.56500000000233
"4245","Y=~y1",0.35995954157672,0.0401304295089212,0.4,"PLSc",7458,2674718,1000,"ordinal","skewed","skewed","Symmetric","5",1,TRUE,1.56500000000233
"4246","Y=~y2",0.555178882327949,0.0364254065571196,0.7,"PLSc",7458,2674718,1000,"ordinal","skewed","skewed","Symmetric","5",1,TRUE,1.56500000000233
"4247","Y=~y3",0.805484367342966,0.0308759172447693,0.9,"PLSc",7458,2674718,1000,"ordinal","skewed","skewed","Symmetric","5",1,TRUE,1.56500000000233
"4248","Y~X",0.3894256861092,0.0498732516798441,0.4,"PLSc",7458,2674718,1000,"ordinal","skewed","skewed","Symmetric","5",1,TRUE,1.56500000000233
"4249","Y~Z",0.496138648052101,0.0495456308362063,0.5,"PLSc",7458,2674718,1000,"ordinal","skewed","skewed","Symmetric","5",1,TRUE,1.56500000000233
"4250","Y~X:Z",0.271029401474495,0.0588466668582086,0.3,"PLSc",7458,2674718,1000,"ordinal","skewed","skewed","Symmetric","5",1,TRUE,1.56500000000233
"4251","X~~Z",0.171542349291292,0.0451442740306822,0.2,"PLSc",7458,2674718,1000,"ordinal","skewed","skewed","Symmetric","5",1,TRUE,1.56500000000233
"4252","X=~x1",0.490243442468212,0.0536971859369093,0.4,"PLS",7458,2674718,1000,"ordinal","skewed","skewed","Symmetric","5",1,TRUE,0.967999999993481
"4253","X=~x2",0.850939499476391,0.0170979524660634,0.8,"PLS",7458,2674718,1000,"ordinal","skewed","skewed","Symmetric","5",1,TRUE,0.967999999993481
"4254","X=~x3",0.839510718878824,0.0199673969010346,0.8,"PLS",7458,2674718,1000,"ordinal","skewed","skewed","Symmetric","5",1,TRUE,0.967999999993481
"4255","Z=~z1",0.715644136638918,0.0243669336404173,0.6,"PLS",7458,2674718,1000,"ordinal","skewed","skewed","Symmetric","5",1,TRUE,0.967999999993481
"4256","Z=~z2",0.723094613357491,0.0248478191085671,0.6,"PLS",7458,2674718,1000,"ordinal","skewed","skewed","Symmetric","5",1,TRUE,0.967999999993481
"4257","Z=~z3",0.848746699737811,0.0144285421699887,0.8,"PLS",7458,2674718,1000,"ordinal","skewed","skewed","Symmetric","5",1,TRUE,0.967999999993481
"4258","Y=~y1",0.524314582631967,0.040636585842113,0.4,"PLS",7458,2674718,1000,"ordinal","skewed","skewed","Symmetric","5",1,TRUE,0.967999999993481
"4259","Y=~y2",0.745559142133355,0.0244375919754736,0.7,"PLS",7458,2674718,1000,"ordinal","skewed","skewed","Symmetric","5",1,TRUE,0.967999999993481
"4260","Y=~y3",0.886890082843724,0.00919534035760225,0.9,"PLS",7458,2674718,1000,"ordinal","skewed","skewed","Symmetric","5",1,TRUE,0.967999999993481
"4261","Y~X",0.285627524887919,0.02847236091058,0.4,"PLS",7458,2674718,1000,"ordinal","skewed","skewed","Symmetric","5",1,TRUE,0.967999999993481
"4262","Y~Z",0.37166774173695,0.0291913442012279,0.5,"PLS",7458,2674718,1000,"ordinal","skewed","skewed","Symmetric","5",1,TRUE,0.967999999993481
"4263","Y~X:Z",0.180813916384107,0.0252558003226967,0.3,"PLS",7458,2674718,1000,"ordinal","skewed","skewed","Symmetric","5",1,TRUE,0.967999999993481
"4264","X~~Z",0.116753403406033,0.0307662238156436,0.2,"PLS",7458,2674718,1000,"ordinal","skewed","skewed","Symmetric","5",1,TRUE,0.967999999993481
"4265","X=~x1",0.324,0.037,0.4,"Mplus",7458,2674718,1000,"ordinal","skewed","skewed","Symmetric","5",1,TRUE,868.852000000014
"4266","X=~x2",0.756,0.031,0.8,"Mplus",7458,2674718,1000,"ordinal","skewed","skewed","Symmetric","5",1,TRUE,868.852000000014
"4267","X=~x3",0.731,0.031,0.8,"Mplus",7458,2674718,1000,"ordinal","skewed","skewed","Symmetric","5",1,TRUE,868.852000000014
"4268","Z=~z1",0.547,0.033,0.6,"Mplus",7458,2674718,1000,"ordinal","skewed","skewed","Symmetric","5",1,TRUE,868.852000000014
"4269","Z=~z2",0.571,0.032,0.6,"Mplus",7458,2674718,1000,"ordinal","skewed","skewed","Symmetric","5",1,TRUE,868.852000000014
"4270","Z=~z3",0.775,0.031,0.8,"Mplus",7458,2674718,1000,"ordinal","skewed","skewed","Symmetric","5",1,TRUE,868.852000000014
"4271","Y=~y1",0.349,0.033,0.4,"Mplus",7458,2674718,1000,"ordinal","skewed","skewed","Symmetric","5",1,TRUE,868.852000000014
"4272","Y=~y2",0.591,0.031,0.7,"Mplus",7458,2674718,1000,"ordinal","skewed","skewed","Symmetric","5",1,TRUE,868.852000000014
"4273","Y=~y3",0.849,0.028,0.9,"Mplus",7458,2674718,1000,"ordinal","skewed","skewed","Symmetric","5",1,TRUE,868.852000000014
"4274","Y~X",0.384,0.04,0.4,"Mplus",7458,2674718,1000,"ordinal","skewed","skewed","Symmetric","5",1,TRUE,868.852000000014
"4275","Y~Z",0.509,0.043,0.5,"Mplus",7458,2674718,1000,"ordinal","skewed","skewed","Symmetric","5",1,TRUE,868.852000000014
"4276","Y~X:Z",0.419,0.047,0.3,"Mplus",7458,2674718,1000,"ordinal","skewed","skewed","Symmetric","5",1,TRUE,868.852000000014
"4277","X~~Z",0.225,0.046,0.2,"Mplus",7458,2674718,1000,"ordinal","skewed","skewed","Symmetric","5",1,TRUE,868.852000000014
"4278","X=~x1",0.315607652079419,0.0350642202431874,0.4,"LSAM",7458,2674718,1000,"ordinal","skewed","skewed","Symmetric","5",1,TRUE,0.47099999996135
"4279","X=~x2",0.755323505655195,0.0777690981207774,0.8,"LSAM",7458,2674718,1000,"ordinal","skewed","skewed","Symmetric","5",1,TRUE,0.47099999996135
"4280","X=~x3",0.691459427560608,0.0752791299071869,0.8,"LSAM",7458,2674718,1000,"ordinal","skewed","skewed","Symmetric","5",1,TRUE,0.47099999996135
"4281","Z=~z1",0.553681496779872,0.0323514711103946,0.6,"LSAM",7458,2674718,1000,"ordinal","skewed","skewed","Symmetric","5",1,TRUE,0.47099999996135
"4282","Z=~z2",0.595264371959114,0.0510378260433888,0.6,"LSAM",7458,2674718,1000,"ordinal","skewed","skewed","Symmetric","5",1,TRUE,0.47099999996135
"4283","Z=~z3",0.709655020857608,0.0545356583533395,0.8,"LSAM",7458,2674718,1000,"ordinal","skewed","skewed","Symmetric","5",1,TRUE,0.47099999996135
"4284","Y=~y1",0.323530563119747,0.0117941684090999,0.4,"LSAM",7458,2674718,1000,"ordinal","skewed","skewed","Symmetric","5",1,TRUE,0.47099999996135
"4285","Y=~y2",0.493893123895942,0.0478685848323282,0.7,"LSAM",7458,2674718,1000,"ordinal","skewed","skewed","Symmetric","5",1,TRUE,0.47099999996135
"4286","Y=~y3",0.928112667586814,0.0890561522084741,0.9,"LSAM",7458,2674718,1000,"ordinal","skewed","skewed","Symmetric","5",1,TRUE,0.47099999996135
"4287","Y~X",0.362916891173631,0.0465339436915272,0.4,"LSAM",7458,2674718,1000,"ordinal","skewed","skewed","Symmetric","5",1,TRUE,0.47099999996135
"4288","Y~Z",0.430286487509441,0.0562704242554278,0.5,"LSAM",7458,2674718,1000,"ordinal","skewed","skewed","Symmetric","5",1,TRUE,0.47099999996135
"4289","Y~X:Z",0.227470148002731,0.044812033871986,0.3,"LSAM",7458,2674718,1000,"ordinal","skewed","skewed","Symmetric","5",1,TRUE,0.47099999996135
"4290","X~~Z",0.167175350915188,0.0505375957140631,0.2,"LSAM",7458,2674718,1000,"ordinal","skewed","skewed","Symmetric","5",1,TRUE,0.47099999996135
"4291","X=~x1",0.23726761197155,0.131831387553505,0.4,"MC-PLSc",7459,7145618,300,"ordinal","skewed","skewed","Extreme","2",1,TRUE,12.0199999999604
"4292","X=~x2",0.940640058016919,0.05089726725073,0.8,"MC-PLSc",7459,7145618,300,"ordinal","skewed","skewed","Extreme","2",1,TRUE,12.0199999999604
"4293","X=~x3",0.96372616567487,0.0521352653500815,0.8,"MC-PLSc",7459,7145618,300,"ordinal","skewed","skewed","Extreme","2",1,TRUE,12.0199999999604
"4294","Z=~z1",0.582091620003696,0.120480432954934,0.6,"MC-PLSc",7459,7145618,300,"ordinal","skewed","skewed","Extreme","2",1,TRUE,12.0199999999604
"4295","Z=~z2",0.652938460431436,0.0811266227327258,0.6,"MC-PLSc",7459,7145618,300,"ordinal","skewed","skewed","Extreme","2",1,TRUE,12.0199999999604
"4296","Z=~z3",0.999,0.0437656860968383,0.8,"MC-PLSc",7459,7145618,300,"ordinal","skewed","skewed","Extreme","2",1,TRUE,12.0199999999604
"4297","Y=~y1",0.447777522416611,0.142134157564834,0.4,"MC-PLSc",7459,7145618,300,"ordinal","skewed","skewed","Extreme","2",1,TRUE,12.0199999999604
"4298","Y=~y2",0.909197833658792,0.0508544162888318,0.7,"MC-PLSc",7459,7145618,300,"ordinal","skewed","skewed","Extreme","2",1,TRUE,12.0199999999604
"4299","Y=~y3",0.983115349336566,0.0305946993718005,0.9,"MC-PLSc",7459,7145618,300,"ordinal","skewed","skewed","Extreme","2",1,TRUE,12.0199999999604
"4300","Y~X",0.586499209323905,0.0693716219326031,0.4,"MC-PLSc",7459,7145618,300,"ordinal","skewed","skewed","Extreme","2",1,TRUE,12.0199999999604
"4301","Y~Z",0.599796691759686,0.0723763320260205,0.5,"MC-PLSc",7459,7145618,300,"ordinal","skewed","skewed","Extreme","2",1,TRUE,12.0199999999604
"4302","Y~X:Z",-0.187575492094873,0.137354982677671,0.3,"MC-PLSc",7459,7145618,300,"ordinal","skewed","skewed","Extreme","2",1,TRUE,12.0199999999604
"4303","X~~Z",0.310121280506569,0.112045437889293,0.2,"MC-PLSc",7459,7145618,300,"ordinal","skewed","skewed","Extreme","2",1,TRUE,12.0199999999604
"4304","X=~x1",0.0581801155761594,0.10559212038613,0.4,"PLSc",7459,7145618,300,"ordinal","skewed","skewed","Extreme","2",1,TRUE,1.29500000004191
"4305","X=~x2",0.812190231384057,0.0695514974665825,0.8,"PLSc",7459,7145618,300,"ordinal","skewed","skewed","Extreme","2",1,TRUE,1.29500000004191
"4306","X=~x3",0.827917839786157,0.0708129221803677,0.8,"PLSc",7459,7145618,300,"ordinal","skewed","skewed","Extreme","2",1,TRUE,1.29500000004191
"4307","Z=~z1",0.326281897704883,0.113746738453504,0.6,"PLSc",7459,7145618,300,"ordinal","skewed","skewed","Extreme","2",1,TRUE,1.29500000004191
"4308","Z=~z2",0.480679356610002,0.0973581350291503,0.6,"PLSc",7459,7145618,300,"ordinal","skewed","skewed","Extreme","2",1,TRUE,1.29500000004191
"4309","Z=~z3",0.914033197042184,0.0958710846719025,0.8,"PLSc",7459,7145618,300,"ordinal","skewed","skewed","Extreme","2",1,TRUE,1.29500000004191
"4310","Y=~y1",0.220514754735242,0.0891864150098605,0.4,"PLSc",7459,7145618,300,"ordinal","skewed","skewed","Extreme","2",1,TRUE,1.29500000004191
"4311","Y=~y2",0.693168898981782,0.0655413972797756,0.7,"PLSc",7459,7145618,300,"ordinal","skewed","skewed","Extreme","2",1,TRUE,1.29500000004191
"4312","Y=~y3",0.799826642005134,0.0513820919814924,0.9,"PLSc",7459,7145618,300,"ordinal","skewed","skewed","Extreme","2",1,TRUE,1.29500000004191
"4313","Y~X",0.566027394970028,0.106598965777254,0.4,"PLSc",7459,7145618,300,"ordinal","skewed","skewed","Extreme","2",1,TRUE,1.29500000004191
"4314","Y~Z",0.588783760270095,0.120792909859101,0.5,"PLSc",7459,7145618,300,"ordinal","skewed","skewed","Extreme","2",1,TRUE,1.29500000004191
"4315","Y~X:Z",-0.0337962948045659,0.151648051485663,0.3,"PLSc",7459,7145618,300,"ordinal","skewed","skewed","Extreme","2",1,TRUE,1.29500000004191
"4316","X~~Z",0.200111168203115,0.101491237214492,0.2,"PLSc",7459,7145618,300,"ordinal","skewed","skewed","Extreme","2",1,TRUE,1.29500000004191
"4317","X=~x1",0.209412912687442,0.121359793391613,0.4,"PLS",7459,7145618,300,"ordinal","skewed","skewed","Extreme","2",1,TRUE,0.900000000023283
"4318","X=~x2",0.906807078336769,0.0258350109581089,0.8,"PLS",7459,7145618,300,"ordinal","skewed","skewed","Extreme","2",1,TRUE,0.900000000023283
"4319","X=~x3",0.912264944861714,0.0241493032518342,0.8,"PLS",7459,7145618,300,"ordinal","skewed","skewed","Extreme","2",1,TRUE,0.900000000023283
"4320","Z=~z1",0.581214658232884,0.103861988650606,0.6,"PLS",7459,7145618,300,"ordinal","skewed","skewed","Extreme","2",1,TRUE,0.900000000023283
"4321","Z=~z2",0.672756832967513,0.0834858072199182,0.6,"PLS",7459,7145618,300,"ordinal","skewed","skewed","Extreme","2",1,TRUE,0.900000000023283
"4322","Z=~z3",0.900883593235165,0.0274232523413783,0.8,"PLS",7459,7145618,300,"ordinal","skewed","skewed","Extreme","2",1,TRUE,0.900000000023283
"4323","Y=~y1",0.363208234179272,0.11301495761522,0.4,"PLS",7459,7145618,300,"ordinal","skewed","skewed","Extreme","2",1,TRUE,0.900000000023283
"4324","Y=~y2",0.845055476560918,0.036738285871754,0.7,"PLS",7459,7145618,300,"ordinal","skewed","skewed","Extreme","2",1,TRUE,0.900000000023283
"4325","Y=~y3",0.887483577671894,0.0184460382276514,0.9,"PLS",7459,7145618,300,"ordinal","skewed","skewed","Extreme","2",1,TRUE,0.900000000023283
"4326","Y~X",0.430015242951405,0.075149291777333,0.4,"PLS",7459,7145618,300,"ordinal","skewed","skewed","Extreme","2",1,TRUE,0.900000000023283
"4327","Y~Z",0.43758114843231,0.0699738337194917,0.5,"PLS",7459,7145618,300,"ordinal","skewed","skewed","Extreme","2",1,TRUE,0.900000000023283
"4328","Y~X:Z",0.0201474073630334,0.0739694824033675,0.3,"PLS",7459,7145618,300,"ordinal","skewed","skewed","Extreme","2",1,TRUE,0.900000000023283
"4329","X~~Z",0.157475031699387,0.0783355271801041,0.2,"PLS",7459,7145618,300,"ordinal","skewed","skewed","Extreme","2",1,TRUE,0.900000000023283
"4330","X=~x1",NA,NA,0.4,"Mplus",7459,7145618,300,"ordinal","skewed","skewed","Extreme","2",1,FALSE,159.66399999999
"4331","X=~x2",NA,NA,0.8,"Mplus",7459,7145618,300,"ordinal","skewed","skewed","Extreme","2",1,FALSE,159.66399999999
"4332","X=~x3",NA,NA,0.8,"Mplus",7459,7145618,300,"ordinal","skewed","skewed","Extreme","2",1,FALSE,159.66399999999
"4333","Z=~z1",NA,NA,0.6,"Mplus",7459,7145618,300,"ordinal","skewed","skewed","Extreme","2",1,FALSE,159.66399999999
"4334","Z=~z2",NA,NA,0.6,"Mplus",7459,7145618,300,"ordinal","skewed","skewed","Extreme","2",1,FALSE,159.66399999999
"4335","Z=~z3",NA,NA,0.8,"Mplus",7459,7145618,300,"ordinal","skewed","skewed","Extreme","2",1,FALSE,159.66399999999
"4336","Y=~y1",NA,NA,0.4,"Mplus",7459,7145618,300,"ordinal","skewed","skewed","Extreme","2",1,FALSE,159.66399999999
"4337","Y=~y2",NA,NA,0.7,"Mplus",7459,7145618,300,"ordinal","skewed","skewed","Extreme","2",1,FALSE,159.66399999999
"4338","Y=~y3",NA,NA,0.9,"Mplus",7459,7145618,300,"ordinal","skewed","skewed","Extreme","2",1,FALSE,159.66399999999
"4339","Y~X",NA,NA,0.4,"Mplus",7459,7145618,300,"ordinal","skewed","skewed","Extreme","2",1,FALSE,159.66399999999
"4340","Y~Z",NA,NA,0.5,"Mplus",7459,7145618,300,"ordinal","skewed","skewed","Extreme","2",1,FALSE,159.66399999999
"4341","Y~X:Z",NA,NA,0.3,"Mplus",7459,7145618,300,"ordinal","skewed","skewed","Extreme","2",1,FALSE,159.66399999999
"4342","X~~Z",NA,NA,0.2,"Mplus",7459,7145618,300,"ordinal","skewed","skewed","Extreme","2",1,FALSE,159.66399999999
"4343","X=~x1",0.300662182925674,0.0676229110710867,0.4,"LSAM",7459,7145618,300,"ordinal","skewed","skewed","Extreme","2",1,TRUE,0.581000000005588
"4344","X=~x2",0.737429413586624,0.121443201599362,0.8,"LSAM",7459,7145618,300,"ordinal","skewed","skewed","Extreme","2",1,TRUE,0.581000000005588
"4345","X=~x3",0.883792825826119,0.112990635704172,0.8,"LSAM",7459,7145618,300,"ordinal","skewed","skewed","Extreme","2",1,TRUE,0.581000000005588
"4346","Z=~z1",0.507761876924691,0.29588080756354,0.6,"LSAM",7459,7145618,300,"ordinal","skewed","skewed","Extreme","2",1,TRUE,0.581000000005588
"4347","Z=~z2",0.52165270551591,0.308982919081581,0.6,"LSAM",7459,7145618,300,"ordinal","skewed","skewed","Extreme","2",1,TRUE,0.581000000005588
"4348","Z=~z3",0.696313204782296,0.301497476929326,0.8,"LSAM",7459,7145618,300,"ordinal","skewed","skewed","Extreme","2",1,TRUE,0.581000000005588
"4349","Y=~y1",0.307850193449777,0.0294392970677172,0.4,"LSAM",7459,7145618,300,"ordinal","skewed","skewed","Extreme","2",1,TRUE,0.581000000005588
"4350","Y=~y2",0.669832513021757,0.111340594790163,0.7,"LSAM",7459,7145618,300,"ordinal","skewed","skewed","Extreme","2",1,TRUE,0.581000000005588
"4351","Y=~y3",0.799969247788102,0.129278243687648,0.9,"LSAM",7459,7145618,300,"ordinal","skewed","skewed","Extreme","2",1,TRUE,0.581000000005588
"4352","Y~X",0.527209547141851,0.288267315969439,0.4,"LSAM",7459,7145618,300,"ordinal","skewed","skewed","Extreme","2",1,TRUE,0.581000000005588
"4353","Y~Z",0.683506046179016,1.21555766049056,0.5,"LSAM",7459,7145618,300,"ordinal","skewed","skewed","Extreme","2",1,TRUE,0.581000000005588
"4354","Y~X:Z",-0.0714364470085293,0.178525727346348,0.3,"LSAM",7459,7145618,300,"ordinal","skewed","skewed","Extreme","2",1,TRUE,0.581000000005588
"4355","X~~Z",0.216244862125959,0.249021863479969,0.2,"LSAM",7459,7145618,300,"ordinal","skewed","skewed","Extreme","2",1,TRUE,0.581000000005588
"4356","X=~x1",0.459404731936248,0.0735677153744781,0.4,"MC-PLSc",7460,7512294,1000,"ordinal","skewed","skewed","Extreme","2",1,TRUE,17.5530000000144
"4357","X=~x2",0.866234948632226,0.0579859837657992,0.8,"MC-PLSc",7460,7512294,1000,"ordinal","skewed","skewed","Extreme","2",1,TRUE,17.5530000000144
"4358","X=~x3",0.890472253554319,0.0557646814000518,0.8,"MC-PLSc",7460,7512294,1000,"ordinal","skewed","skewed","Extreme","2",1,TRUE,17.5530000000144
"4359","Z=~z1",0.685526546425813,0.0545213682678873,0.6,"MC-PLSc",7460,7512294,1000,"ordinal","skewed","skewed","Extreme","2",1,TRUE,17.5530000000144
"4360","Z=~z2",0.785022489139041,0.039968476747999,0.6,"MC-PLSc",7460,7512294,1000,"ordinal","skewed","skewed","Extreme","2",1,TRUE,17.5530000000144
"4361","Z=~z3",0.944560002616448,0.0354503147878373,0.8,"MC-PLSc",7460,7512294,1000,"ordinal","skewed","skewed","Extreme","2",1,TRUE,17.5530000000144
"4362","Y=~y1",0.353486319880654,0.0604677398788628,0.4,"MC-PLSc",7460,7512294,1000,"ordinal","skewed","skewed","Extreme","2",1,TRUE,17.5530000000144
"4363","Y=~y2",0.759412751347952,0.0503542012030061,0.7,"MC-PLSc",7460,7512294,1000,"ordinal","skewed","skewed","Extreme","2",1,TRUE,17.5530000000144
"4364","Y=~y3",0.944992356602458,0.0743714218760659,0.9,"MC-PLSc",7460,7512294,1000,"ordinal","skewed","skewed","Extreme","2",1,TRUE,17.5530000000144
"4365","Y~X",0.368490985518463,0.14382226308513,0.4,"MC-PLSc",7460,7512294,1000,"ordinal","skewed","skewed","Extreme","2",1,TRUE,17.5530000000144
"4366","Y~Z",0.587697004793909,0.100474563869831,0.5,"MC-PLSc",7460,7512294,1000,"ordinal","skewed","skewed","Extreme","2",1,TRUE,17.5530000000144
"4367","Y~X:Z",0.43844246284919,0.219190454064417,0.3,"MC-PLSc",7460,7512294,1000,"ordinal","skewed","skewed","Extreme","2",1,TRUE,17.5530000000144
"4368","X~~Z",0.193640715318324,0.0741932747340303,0.2,"MC-PLSc",7460,7512294,1000,"ordinal","skewed","skewed","Extreme","2",1,TRUE,17.5530000000144
"4369","X=~x1",0.254976520716056,0.0775359539239887,0.4,"PLSc",7460,7512294,1000,"ordinal","skewed","skewed","Extreme","2",1,TRUE,1.38000000000466
"4370","X=~x2",0.707015844828663,0.0557934759973379,0.8,"PLSc",7460,7512294,1000,"ordinal","skewed","skewed","Extreme","2",1,TRUE,1.38000000000466
"4371","X=~x3",0.71749393931776,0.0604248074087228,0.8,"PLSc",7460,7512294,1000,"ordinal","skewed","skewed","Extreme","2",1,TRUE,1.38000000000466
"4372","Z=~z1",0.463351942657014,0.0608537384750724,0.6,"PLSc",7460,7512294,1000,"ordinal","skewed","skewed","Extreme","2",1,TRUE,1.38000000000466
"4373","Z=~z2",0.594500950390906,0.0550008133258234,0.6,"PLSc",7460,7512294,1000,"ordinal","skewed","skewed","Extreme","2",1,TRUE,1.38000000000466
"4374","Z=~z3",0.813229660695087,0.0507070522570947,0.8,"PLSc",7460,7512294,1000,"ordinal","skewed","skewed","Extreme","2",1,TRUE,1.38000000000466
"4375","Y=~y1",0.221738082693196,0.0551869073482893,0.4,"PLSc",7460,7512294,1000,"ordinal","skewed","skewed","Extreme","2",1,TRUE,1.38000000000466
"4376","Y=~y2",0.664452412680873,0.0410237958653576,0.7,"PLSc",7460,7512294,1000,"ordinal","skewed","skewed","Extreme","2",1,TRUE,1.38000000000466
"4377","Y=~y3",0.807012913276198,0.0380258733095788,0.9,"PLSc",7460,7512294,1000,"ordinal","skewed","skewed","Extreme","2",1,TRUE,1.38000000000466
"4378","Y~X",0.381327097278643,0.0589154873201364,0.4,"PLSc",7460,7512294,1000,"ordinal","skewed","skewed","Extreme","2",1,TRUE,1.38000000000466
"4379","Y~Z",0.514031600444715,0.0633392927463544,0.5,"PLSc",7460,7512294,1000,"ordinal","skewed","skewed","Extreme","2",1,TRUE,1.38000000000466
"4380","Y~X:Z",0.185334146194868,0.068766456617035,0.3,"PLSc",7460,7512294,1000,"ordinal","skewed","skewed","Extreme","2",1,TRUE,1.38000000000466
"4381","X~~Z",0.133461446523487,0.053129439877021,0.2,"PLSc",7460,7512294,1000,"ordinal","skewed","skewed","Extreme","2",1,TRUE,1.38000000000466
"4382","X=~x1",0.465075702691833,0.0655096080446922,0.4,"PLS",7460,7512294,1000,"ordinal","skewed","skewed","Extreme","2",1,TRUE,0.946999999985565
"4383","X=~x2",0.835016547371604,0.0255620824460565,0.8,"PLS",7460,7512294,1000,"ordinal","skewed","skewed","Extreme","2",1,TRUE,0.946999999985565
"4384","X=~x3",0.843110453091612,0.0261983403583676,0.8,"PLS",7460,7512294,1000,"ordinal","skewed","skewed","Extreme","2",1,TRUE,0.946999999985565
"4385","Z=~z1",0.66926071704235,0.0422438717486501,0.6,"PLS",7460,7512294,1000,"ordinal","skewed","skewed","Extreme","2",1,TRUE,0.946999999985565
"4386","Z=~z2",0.764163413862829,0.0304105482263765,0.6,"PLS",7460,7512294,1000,"ordinal","skewed","skewed","Extreme","2",1,TRUE,0.946999999985565
"4387","Z=~z3",0.855811193346624,0.0164976717632664,0.8,"PLS",7460,7512294,1000,"ordinal","skewed","skewed","Extreme","2",1,TRUE,0.946999999985565
"4388","Y=~y1",0.395477903024058,0.0660138141553905,0.4,"PLS",7460,7512294,1000,"ordinal","skewed","skewed","Extreme","2",1,TRUE,0.946999999985565
"4389","Y=~y2",0.82455540180868,0.0222706819226724,0.7,"PLS",7460,7512294,1000,"ordinal","skewed","skewed","Extreme","2",1,TRUE,0.946999999985565
"4390","Y=~y3",0.886175822797909,0.0120731579311337,0.9,"PLS",7460,7512294,1000,"ordinal","skewed","skewed","Extreme","2",1,TRUE,0.946999999985565
"4391","Y~X",0.285315730008361,0.0388715912644293,0.4,"PLS",7460,7512294,1000,"ordinal","skewed","skewed","Extreme","2",1,TRUE,0.946999999985565
"4392","Y~Z",0.386065709652991,0.0425073396618315,0.5,"PLS",7460,7512294,1000,"ordinal","skewed","skewed","Extreme","2",1,TRUE,0.946999999985565
"4393","Y~X:Z",0.17979661106129,0.0288369998436146,0.3,"PLS",7460,7512294,1000,"ordinal","skewed","skewed","Extreme","2",1,TRUE,0.946999999985565
"4394","X~~Z",0.0923316469511475,0.0368781301004469,0.2,"PLS",7460,7512294,1000,"ordinal","skewed","skewed","Extreme","2",1,TRUE,0.946999999985565
"4395","X=~x1",0.503,0.209,0.4,"Mplus",7460,7512294,1000,"ordinal","skewed","skewed","Extreme","2",1,TRUE,126.095999999961
"4396","X=~x2",0.845,0.045,0.8,"Mplus",7460,7512294,1000,"ordinal","skewed","skewed","Extreme","2",1,TRUE,126.095999999961
"4397","X=~x3",0.869,0.047,0.8,"Mplus",7460,7512294,1000,"ordinal","skewed","skewed","Extreme","2",1,TRUE,126.095999999961
"4398","Z=~z1",0.68,0.133,0.6,"Mplus",7460,7512294,1000,"ordinal","skewed","skewed","Extreme","2",1,TRUE,126.095999999961
"4399","Z=~z2",0.773,0.04,0.6,"Mplus",7460,7512294,1000,"ordinal","skewed","skewed","Extreme","2",1,TRUE,126.095999999961
"4400","Z=~z3",0.931,0.028,0.8,"Mplus",7460,7512294,1000,"ordinal","skewed","skewed","Extreme","2",1,TRUE,126.095999999961
"4401","Y=~y1",0.336,0.05,0.4,"Mplus",7460,7512294,1000,"ordinal","skewed","skewed","Extreme","2",1,TRUE,126.095999999961
"4402","Y=~y2",0.732,0.046,0.7,"Mplus",7460,7512294,1000,"ordinal","skewed","skewed","Extreme","2",1,TRUE,126.095999999961
"4403","Y=~y3",0.894,0.042,0.9,"Mplus",7460,7512294,1000,"ordinal","skewed","skewed","Extreme","2",1,TRUE,126.095999999961
"4404","Y~X",0.221,0.141,0.4,"Mplus",7460,7512294,1000,"ordinal","skewed","skewed","Extreme","2",1,TRUE,126.095999999961
"4405","Y~Z",0.48,0.111,0.5,"Mplus",7460,7512294,1000,"ordinal","skewed","skewed","Extreme","2",1,TRUE,126.095999999961
"4406","Y~X:Z",0.789,0.05,0.3,"Mplus",7460,7512294,1000,"ordinal","skewed","skewed","Extreme","2",1,TRUE,126.095999999961
"4407","X~~Z",0.243,0.071,0.2,"Mplus",7460,7512294,1000,"ordinal","skewed","skewed","Extreme","2",1,TRUE,126.095999999961
"4408","X=~x1",0.368833216349978,0.0398984607824909,0.4,"LSAM",7460,7512294,1000,"ordinal","skewed","skewed","Extreme","2",1,TRUE,0.477000000013504
"4409","X=~x2",0.651158625088699,0.0742077328034408,0.8,"LSAM",7460,7512294,1000,"ordinal","skewed","skewed","Extreme","2",1,TRUE,0.477000000013504
"4410","X=~x3",0.703888158119266,0.0767940463394936,0.8,"LSAM",7460,7512294,1000,"ordinal","skewed","skewed","Extreme","2",1,TRUE,0.477000000013504
"4411","Z=~z1",0.546275151186989,0.191514785499659,0.6,"LSAM",7460,7512294,1000,"ordinal","skewed","skewed","Extreme","2",1,TRUE,0.477000000013504
"4412","Z=~z2",0.641773308294134,0.192910646941439,0.6,"LSAM",7460,7512294,1000,"ordinal","skewed","skewed","Extreme","2",1,TRUE,0.477000000013504
"4413","Z=~z3",0.687890585581166,0.186105449080396,0.8,"LSAM",7460,7512294,1000,"ordinal","skewed","skewed","Extreme","2",1,TRUE,0.477000000013504
"4414","Y=~y1",0.313130985836473,0.0186507285395821,0.4,"LSAM",7460,7512294,1000,"ordinal","skewed","skewed","Extreme","2",1,TRUE,0.477000000013504
"4415","Y=~y2",0.625565228185401,0.06176749560598,0.7,"LSAM",7460,7512294,1000,"ordinal","skewed","skewed","Extreme","2",1,TRUE,0.477000000013504
"4416","Y=~y3",0.807124724558434,0.0766782606977217,0.9,"LSAM",7460,7512294,1000,"ordinal","skewed","skewed","Extreme","2",1,TRUE,0.477000000013504
"4417","Y~X",0.385241691059635,0.122010233138944,0.4,"LSAM",7460,7512294,1000,"ordinal","skewed","skewed","Extreme","2",1,TRUE,0.477000000013504
"4418","Y~Z",0.523478425758561,0.426930210560898,0.5,"LSAM",7460,7512294,1000,"ordinal","skewed","skewed","Extreme","2",1,TRUE,0.477000000013504
"4419","Y~X:Z",0.175739807182479,0.111687564196227,0.3,"LSAM",7460,7512294,1000,"ordinal","skewed","skewed","Extreme","2",1,TRUE,0.477000000013504
"4420","X~~Z",0.142631844327895,0.0918865114107702,0.2,"LSAM",7460,7512294,1000,"ordinal","skewed","skewed","Extreme","2",1,TRUE,0.477000000013504
"4421","X=~x1",0.499420156839791,0.0984455030329184,0.4,"MC-PLSc",7461,2381392,300,"ordinal","skewed","skewed","Extreme","3",1,TRUE,13.9910000000382
"4422","X=~x2",0.85008219403971,0.065917243007019,0.8,"MC-PLSc",7461,2381392,300,"ordinal","skewed","skewed","Extreme","3",1,TRUE,13.9910000000382
"4423","X=~x3",0.969707722640478,0.052774718740976,0.8,"MC-PLSc",7461,2381392,300,"ordinal","skewed","skewed","Extreme","3",1,TRUE,13.9910000000382
"4424","Z=~z1",0.73715775076368,0.0859489922520893,0.6,"MC-PLSc",7461,2381392,300,"ordinal","skewed","skewed","Extreme","3",1,TRUE,13.9910000000382
"4425","Z=~z2",0.735549090864091,0.0927158285378482,0.6,"MC-PLSc",7461,2381392,300,"ordinal","skewed","skewed","Extreme","3",1,TRUE,13.9910000000382
"4426","Z=~z3",0.864282012784491,0.0830652312026412,0.8,"MC-PLSc",7461,2381392,300,"ordinal","skewed","skewed","Extreme","3",1,TRUE,13.9910000000382
"4427","Y=~y1",0.349513270070264,0.0897008990580355,0.4,"MC-PLSc",7461,2381392,300,"ordinal","skewed","skewed","Extreme","3",1,TRUE,13.9910000000382
"4428","Y=~y2",0.694611232514115,0.0774202924307228,0.7,"MC-PLSc",7461,2381392,300,"ordinal","skewed","skewed","Extreme","3",1,TRUE,13.9910000000382
"4429","Y=~y3",0.86163435170811,0.0863441757906388,0.9,"MC-PLSc",7461,2381392,300,"ordinal","skewed","skewed","Extreme","3",1,TRUE,13.9910000000382
"4430","Y~X",0.507362440072996,0.135511274475138,0.4,"MC-PLSc",7461,2381392,300,"ordinal","skewed","skewed","Extreme","3",1,TRUE,13.9910000000382
"4431","Y~Z",0.477140390758883,0.154830294891506,0.5,"MC-PLSc",7461,2381392,300,"ordinal","skewed","skewed","Extreme","3",1,TRUE,13.9910000000382
"4432","Y~X:Z",0.457705711075461,0.206951330728942,0.3,"MC-PLSc",7461,2381392,300,"ordinal","skewed","skewed","Extreme","3",1,TRUE,13.9910000000382
"4433","X~~Z",0.106618557971603,0.0966876275723027,0.2,"MC-PLSc",7461,2381392,300,"ordinal","skewed","skewed","Extreme","3",1,TRUE,13.9910000000382
"4434","X=~x1",0.416055265423684,0.119304186506954,0.4,"PLSc",7461,2381392,300,"ordinal","skewed","skewed","Extreme","3",1,TRUE,1.27900000003865
"4435","X=~x2",0.695912788391222,0.0862229840627944,0.8,"PLSc",7461,2381392,300,"ordinal","skewed","skewed","Extreme","3",1,TRUE,1.27900000003865
"4436","X=~x3",0.902299092714152,0.0741949457260985,0.8,"PLSc",7461,2381392,300,"ordinal","skewed","skewed","Extreme","3",1,TRUE,1.27900000003865
"4437","Z=~z1",0.630186697375389,0.0964316362273425,0.6,"PLSc",7461,2381392,300,"ordinal","skewed","skewed","Extreme","3",1,TRUE,1.27900000003865
"4438","Z=~z2",0.58539369718754,0.104546801095809,0.6,"PLSc",7461,2381392,300,"ordinal","skewed","skewed","Extreme","3",1,TRUE,1.27900000003865
"4439","Z=~z3",0.765852613023452,0.0971211493301869,0.8,"PLSc",7461,2381392,300,"ordinal","skewed","skewed","Extreme","3",1,TRUE,1.27900000003865
"4440","Y=~y1",0.358763045424062,0.0843408803391402,0.4,"PLSc",7461,2381392,300,"ordinal","skewed","skewed","Extreme","3",1,TRUE,1.27900000003865
"4441","Y=~y2",0.540357839741379,0.0753793017967947,0.7,"PLSc",7461,2381392,300,"ordinal","skewed","skewed","Extreme","3",1,TRUE,1.27900000003865
"4442","Y=~y3",0.791687004116772,0.0687145324979388,0.9,"PLSc",7461,2381392,300,"ordinal","skewed","skewed","Extreme","3",1,TRUE,1.27900000003865
"4443","Y~X",0.466923131055106,0.111067002053927,0.4,"PLSc",7461,2381392,300,"ordinal","skewed","skewed","Extreme","3",1,TRUE,1.27900000003865
"4444","Y~Z",0.485819355086917,0.139811474781433,0.5,"PLSc",7461,2381392,300,"ordinal","skewed","skewed","Extreme","3",1,TRUE,1.27900000003865
"4445","Y~X:Z",0.278878023934138,0.257109720230168,0.3,"PLSc",7461,2381392,300,"ordinal","skewed","skewed","Extreme","3",1,TRUE,1.27900000003865
"4446","X~~Z",0.0814288215564795,0.0898221562710668,0.2,"PLSc",7461,2381392,300,"ordinal","skewed","skewed","Extreme","3",1,TRUE,1.27900000003865
"4447","X=~x1",0.552116570849988,0.0951334889040485,0.4,"PLS",7461,2381392,300,"ordinal","skewed","skewed","Extreme","3",1,TRUE,0.897999999986496
"4448","X=~x2",0.863127844860149,0.0348003105666211,0.8,"PLS",7461,2381392,300,"ordinal","skewed","skewed","Extreme","3",1,TRUE,0.897999999986496
"4449","X=~x3",0.904050931437186,0.0206633580867575,0.8,"PLS",7461,2381392,300,"ordinal","skewed","skewed","Extreme","3",1,TRUE,0.897999999986496
"4450","Z=~z1",0.765990128374892,0.05156502492646,0.6,"PLS",7461,2381392,300,"ordinal","skewed","skewed","Extreme","3",1,TRUE,0.897999999986496
"4451","Z=~z2",0.764673512171786,0.0512655688161831,0.6,"PLS",7461,2381392,300,"ordinal","skewed","skewed","Extreme","3",1,TRUE,0.897999999986496
"4452","Z=~z3",0.835830571592092,0.0365758754829962,0.8,"PLS",7461,2381392,300,"ordinal","skewed","skewed","Extreme","3",1,TRUE,0.897999999986496
"4453","Y=~y1",0.442662990055953,0.100241092383627,0.4,"PLS",7461,2381392,300,"ordinal","skewed","skewed","Extreme","3",1,TRUE,0.897999999986496
"4454","Y=~y2",0.7995338790046,0.0478306611886522,0.7,"PLS",7461,2381392,300,"ordinal","skewed","skewed","Extreme","3",1,TRUE,0.897999999986496
"4455","Y=~y3",0.876196740775042,0.0264082422430043,0.9,"PLS",7461,2381392,300,"ordinal","skewed","skewed","Extreme","3",1,TRUE,0.897999999986496
"4456","Y~X",0.367647639438894,0.0606541452702749,0.4,"PLS",7461,2381392,300,"ordinal","skewed","skewed","Extreme","3",1,TRUE,0.897999999986496
"4457","Y~Z",0.342089196653954,0.055687283197876,0.5,"PLS",7461,2381392,300,"ordinal","skewed","skewed","Extreme","3",1,TRUE,0.897999999986496
"4458","Y~X:Z",0.211354390554522,0.05002782863371,0.3,"PLS",7461,2381392,300,"ordinal","skewed","skewed","Extreme","3",1,TRUE,0.897999999986496
"4459","X~~Z",0.0614783817057527,0.0684335482969143,0.2,"PLS",7461,2381392,300,"ordinal","skewed","skewed","Extreme","3",1,TRUE,0.897999999986496
"4460","X=~x1",0.19,0.032,0.4,"Mplus",7461,2381392,300,"ordinal","skewed","skewed","Extreme","3",1,TRUE,182.740000000049
"4461","X=~x2",0.828,0.051,0.8,"Mplus",7461,2381392,300,"ordinal","skewed","skewed","Extreme","3",1,TRUE,182.740000000049
"4462","X=~x3",0.999,0,0.8,"Mplus",7461,2381392,300,"ordinal","skewed","skewed","Extreme","3",1,TRUE,182.740000000049
"4463","Z=~z1",0.704,0.095,0.6,"Mplus",7461,2381392,300,"ordinal","skewed","skewed","Extreme","3",1,TRUE,182.740000000049
"4464","Z=~z2",0.71,0.068,0.6,"Mplus",7461,2381392,300,"ordinal","skewed","skewed","Extreme","3",1,TRUE,182.740000000049
"4465","Z=~z3",0.828,0.072,0.8,"Mplus",7461,2381392,300,"ordinal","skewed","skewed","Extreme","3",1,TRUE,182.740000000049
"4466","Y=~y1",0.273,0.103,0.4,"Mplus",7461,2381392,300,"ordinal","skewed","skewed","Extreme","3",1,TRUE,182.740000000049
"4467","Y=~y2",0.676,0.073,0.7,"Mplus",7461,2381392,300,"ordinal","skewed","skewed","Extreme","3",1,TRUE,182.740000000049
"4468","Y=~y3",0.922,0.077,0.9,"Mplus",7461,2381392,300,"ordinal","skewed","skewed","Extreme","3",1,TRUE,182.740000000049
"4469","Y~X",0.419,0.127,0.4,"Mplus",7461,2381392,300,"ordinal","skewed","skewed","Extreme","3",1,TRUE,182.740000000049
"4470","Y~Z",0.491,0.122,0.5,"Mplus",7461,2381392,300,"ordinal","skewed","skewed","Extreme","3",1,TRUE,182.740000000049
"4471","Y~X:Z",0.51,0.168,0.3,"Mplus",7461,2381392,300,"ordinal","skewed","skewed","Extreme","3",1,TRUE,182.740000000049
"4472","X~~Z",0.121,0.103,0.2,"Mplus",7461,2381392,300,"ordinal","skewed","skewed","Extreme","3",1,TRUE,182.740000000049
"4473","X=~x1",0.380255119825914,0.0583132056216602,0.4,"LSAM",7461,2381392,300,"ordinal","skewed","skewed","Extreme","3",1,TRUE,0.475000000034925
"4474","X=~x2",0.821355085263079,0.089577991269209,0.8,"LSAM",7461,2381392,300,"ordinal","skewed","skewed","Extreme","3",1,TRUE,0.475000000034925
"4475","X=~x3",0.802764528075358,0.090382322806388,0.8,"LSAM",7461,2381392,300,"ordinal","skewed","skewed","Extreme","3",1,TRUE,0.475000000034925
"4476","Z=~z1",0.61809091518924,0.094484754981715,0.6,"LSAM",7461,2381392,300,"ordinal","skewed","skewed","Extreme","3",1,TRUE,0.475000000034925
"4477","Z=~z2",0.663337731320714,0.111076556846058,0.6,"LSAM",7461,2381392,300,"ordinal","skewed","skewed","Extreme","3",1,TRUE,0.475000000034925
"4478","Z=~z3",0.702982434415609,0.109330281376627,0.8,"LSAM",7461,2381392,300,"ordinal","skewed","skewed","Extreme","3",1,TRUE,0.475000000034925
"4479","Y=~y1",0.304574228364205,0.0269483764526362,0.4,"LSAM",7461,2381392,300,"ordinal","skewed","skewed","Extreme","3",1,TRUE,0.475000000034925
"4480","Y=~y2",0.808918465969137,0.135674403346689,0.7,"LSAM",7461,2381392,300,"ordinal","skewed","skewed","Extreme","3",1,TRUE,0.475000000034925
"4481","Y=~y3",0.64293436672547,0.110002218946463,0.9,"LSAM",7461,2381392,300,"ordinal","skewed","skewed","Extreme","3",1,TRUE,0.475000000034925
"4482","Y~X",0.39050676812419,0.0987724077175351,0.4,"LSAM",7461,2381392,300,"ordinal","skewed","skewed","Extreme","3",1,TRUE,0.475000000034925
"4483","Y~Z",0.386554207505141,0.133945880339328,0.5,"LSAM",7461,2381392,300,"ordinal","skewed","skewed","Extreme","3",1,TRUE,0.475000000034925
"4484","Y~X:Z",0.22324452696291,0.0896169636250113,0.3,"LSAM",7461,2381392,300,"ordinal","skewed","skewed","Extreme","3",1,TRUE,0.475000000034925
"4485","X~~Z",0.0905522384239749,0.0969372918459602,0.2,"LSAM",7461,2381392,300,"ordinal","skewed","skewed","Extreme","3",1,TRUE,0.475000000034925
"4486","X=~x1",0.382916405357452,0.0618299594129883,0.4,"MC-PLSc",7462,7868254,1000,"ordinal","skewed","skewed","Extreme","3",1,TRUE,17.3539999999921
"4487","X=~x2",0.932072310389774,0.0309458022285021,0.8,"MC-PLSc",7462,7868254,1000,"ordinal","skewed","skewed","Extreme","3",1,TRUE,17.3539999999921
"4488","X=~x3",0.879741503565397,0.0271113200667879,0.8,"MC-PLSc",7462,7868254,1000,"ordinal","skewed","skewed","Extreme","3",1,TRUE,17.3539999999921
"4489","Z=~z1",0.70704427418682,0.0368734574506678,0.6,"MC-PLSc",7462,7868254,1000,"ordinal","skewed","skewed","Extreme","3",1,TRUE,17.3539999999921
"4490","Z=~z2",0.701605263691317,0.0376474673921508,0.6,"MC-PLSc",7462,7868254,1000,"ordinal","skewed","skewed","Extreme","3",1,TRUE,17.3539999999921
"4491","Z=~z3",0.881721869148523,0.0293140230015572,0.8,"MC-PLSc",7462,7868254,1000,"ordinal","skewed","skewed","Extreme","3",1,TRUE,17.3539999999921
"4492","Y=~y1",0.370215904093326,0.0434578564187399,0.4,"MC-PLSc",7462,7868254,1000,"ordinal","skewed","skewed","Extreme","3",1,TRUE,17.3539999999921
"4493","Y=~y2",0.679538137281565,0.0358398627583176,0.7,"MC-PLSc",7462,7868254,1000,"ordinal","skewed","skewed","Extreme","3",1,TRUE,17.3539999999921
"4494","Y=~y3",0.933926915997949,0.0406398656902005,0.9,"MC-PLSc",7462,7868254,1000,"ordinal","skewed","skewed","Extreme","3",1,TRUE,17.3539999999921
"4495","Y~X",0.373333656979675,0.0788892984204735,0.4,"MC-PLSc",7462,7868254,1000,"ordinal","skewed","skewed","Extreme","3",1,TRUE,17.3539999999921
"4496","Y~Z",0.553247302347303,0.0735602363285773,0.5,"MC-PLSc",7462,7868254,1000,"ordinal","skewed","skewed","Extreme","3",1,TRUE,17.3539999999921
"4497","Y~X:Z",0.389044137142663,0.131984628648614,0.3,"MC-PLSc",7462,7868254,1000,"ordinal","skewed","skewed","Extreme","3",1,TRUE,17.3539999999921
"4498","X~~Z",0.279855577672757,0.0536779604366303,0.2,"MC-PLSc",7462,7868254,1000,"ordinal","skewed","skewed","Extreme","3",1,TRUE,17.3539999999921
"4499","X=~x1",0.241229389538945,0.0669921063935023,0.4,"PLSc",7462,7868254,1000,"ordinal","skewed","skewed","Extreme","3",1,TRUE,1.38199999998324
"4500","X=~x2",0.842852493435831,0.0386967803957876,0.8,"PLSc",7462,7868254,1000,"ordinal","skewed","skewed","Extreme","3",1,TRUE,1.38199999998324
"4501","X=~x3",0.783451430966348,0.041165604607626,0.8,"PLSc",7462,7868254,1000,"ordinal","skewed","skewed","Extreme","3",1,TRUE,1.38199999998324
"4502","Z=~z1",0.582643255064945,0.0490764443128218,0.6,"PLSc",7462,7868254,1000,"ordinal","skewed","skewed","Extreme","3",1,TRUE,1.38199999998324
"4503","Z=~z2",0.586651915585799,0.0512180441221149,0.6,"PLSc",7462,7868254,1000,"ordinal","skewed","skewed","Extreme","3",1,TRUE,1.38199999998324
"4504","Z=~z3",0.763757318275968,0.0392666383598543,0.8,"PLSc",7462,7868254,1000,"ordinal","skewed","skewed","Extreme","3",1,TRUE,1.38199999998324
"4505","Y=~y1",0.313143379447519,0.0470608413185661,0.4,"PLSc",7462,7868254,1000,"ordinal","skewed","skewed","Extreme","3",1,TRUE,1.38199999998324
"4506","Y=~y2",0.621616607638818,0.037972952426793,0.7,"PLSc",7462,7868254,1000,"ordinal","skewed","skewed","Extreme","3",1,TRUE,1.38199999998324
"4507","Y=~y3",0.836116975686351,0.0293256074876539,0.9,"PLSc",7462,7868254,1000,"ordinal","skewed","skewed","Extreme","3",1,TRUE,1.38199999998324
"4508","Y~X",0.384401497766055,0.0501305180193012,0.4,"PLSc",7462,7868254,1000,"ordinal","skewed","skewed","Extreme","3",1,TRUE,1.38199999998324
"4509","Y~Z",0.528209432248782,0.0527408491421995,0.5,"PLSc",7462,7868254,1000,"ordinal","skewed","skewed","Extreme","3",1,TRUE,1.38199999998324
"4510","Y~X:Z",0.177530770535245,0.0512806640098742,0.3,"PLSc",7462,7868254,1000,"ordinal","skewed","skewed","Extreme","3",1,TRUE,1.38199999998324
"4511","X~~Z",0.2239048343894,0.049980815255879,0.2,"PLSc",7462,7868254,1000,"ordinal","skewed","skewed","Extreme","3",1,TRUE,1.38199999998324
"4512","X=~x1",0.426272846275665,0.0586309341408808,0.4,"PLS",7462,7868254,1000,"ordinal","skewed","skewed","Extreme","3",1,TRUE,0.941999999980908
"4513","X=~x2",0.899925403930434,0.0117356922364193,0.8,"PLS",7462,7868254,1000,"ordinal","skewed","skewed","Extreme","3",1,TRUE,0.941999999980908
"4514","X=~x3",0.881519271209162,0.0145343390953416,0.8,"PLS",7462,7868254,1000,"ordinal","skewed","skewed","Extreme","3",1,TRUE,0.941999999980908
"4515","Z=~z1",0.743471724075661,0.0296096182038498,0.6,"PLS",7462,7868254,1000,"ordinal","skewed","skewed","Extreme","3",1,TRUE,0.941999999980908
"4516","Z=~z2",0.738537518396737,0.0322647998287279,0.6,"PLS",7462,7868254,1000,"ordinal","skewed","skewed","Extreme","3",1,TRUE,0.941999999980908
"4517","Z=~z3",0.850445486004409,0.0146288686282935,0.8,"PLS",7462,7868254,1000,"ordinal","skewed","skewed","Extreme","3",1,TRUE,0.941999999980908
"4518","Y=~y1",0.465586481062403,0.0523228407961574,0.4,"PLS",7462,7868254,1000,"ordinal","skewed","skewed","Extreme","3",1,TRUE,0.941999999980908
"4519","Y=~y2",0.800569923945034,0.0236078653815708,0.7,"PLS",7462,7868254,1000,"ordinal","skewed","skewed","Extreme","3",1,TRUE,0.941999999980908
"4520","Y=~y3",0.89486852439839,0.00872137216221386,0.9,"PLS",7462,7868254,1000,"ordinal","skewed","skewed","Extreme","3",1,TRUE,0.941999999980908
"4521","Y~X",0.323506834328067,0.0346890487838354,0.4,"PLS",7462,7868254,1000,"ordinal","skewed","skewed","Extreme","3",1,TRUE,0.941999999980908
"4522","Y~Z",0.390115695383669,0.034878137460271,0.5,"PLS",7462,7868254,1000,"ordinal","skewed","skewed","Extreme","3",1,TRUE,0.941999999980908
"4523","Y~X:Z",0.173545247642595,0.0281867667016553,0.3,"PLS",7462,7868254,1000,"ordinal","skewed","skewed","Extreme","3",1,TRUE,0.941999999980908
"4524","X~~Z",0.166679571200942,0.0377356745070041,0.2,"PLS",7462,7868254,1000,"ordinal","skewed","skewed","Extreme","3",1,TRUE,0.941999999980908
"4525","X=~x1",0.395,0.038,0.4,"Mplus",7462,7868254,1000,"ordinal","skewed","skewed","Extreme","3",1,TRUE,444.255999999994
"4526","X=~x2",0.903,0.028,0.8,"Mplus",7462,7868254,1000,"ordinal","skewed","skewed","Extreme","3",1,TRUE,444.255999999994
"4527","X=~x3",0.868,0.03,0.8,"Mplus",7462,7868254,1000,"ordinal","skewed","skewed","Extreme","3",1,TRUE,444.255999999994
"4528","Z=~z1",0.663,0.036,0.6,"Mplus",7462,7868254,1000,"ordinal","skewed","skewed","Extreme","3",1,TRUE,444.255999999994
"4529","Z=~z2",0.665,0.039,0.6,"Mplus",7462,7868254,1000,"ordinal","skewed","skewed","Extreme","3",1,TRUE,444.255999999994
"4530","Z=~z3",0.869,0.029,0.8,"Mplus",7462,7868254,1000,"ordinal","skewed","skewed","Extreme","3",1,TRUE,444.255999999994
"4531","Y=~y1",0.348,0.041,0.4,"Mplus",7462,7868254,1000,"ordinal","skewed","skewed","Extreme","3",1,TRUE,444.255999999994
"4532","Y=~y2",0.667,0.037,0.7,"Mplus",7462,7868254,1000,"ordinal","skewed","skewed","Extreme","3",1,TRUE,444.255999999994
"4533","Y=~y3",0.906,0.034,0.9,"Mplus",7462,7868254,1000,"ordinal","skewed","skewed","Extreme","3",1,TRUE,444.255999999994
"4534","Y~X",0.324,0.073,0.4,"Mplus",7462,7868254,1000,"ordinal","skewed","skewed","Extreme","3",1,TRUE,444.255999999994
"4535","Y~Z",0.499,0.065,0.5,"Mplus",7462,7868254,1000,"ordinal","skewed","skewed","Extreme","3",1,TRUE,444.255999999994
"4536","Y~X:Z",0.566,0.092,0.3,"Mplus",7462,7868254,1000,"ordinal","skewed","skewed","Extreme","3",1,TRUE,444.255999999994
"4537","X~~Z",0.317,0.05,0.2,"Mplus",7462,7868254,1000,"ordinal","skewed","skewed","Extreme","3",1,TRUE,444.255999999994
"4538","X=~x1",0.326324494988133,0.0338765751604768,0.4,"LSAM",7462,7868254,1000,"ordinal","skewed","skewed","Extreme","3",1,TRUE,0.439999999944121
"4539","X=~x2",0.829964602067179,0.0617929639922006,0.8,"LSAM",7462,7868254,1000,"ordinal","skewed","skewed","Extreme","3",1,TRUE,0.439999999944121
"4540","X=~x3",0.751207690910878,0.0625946643610961,0.8,"LSAM",7462,7868254,1000,"ordinal","skewed","skewed","Extreme","3",1,TRUE,0.439999999944121
"4541","Z=~z1",0.58678251966228,0.0349941259887325,0.6,"LSAM",7462,7868254,1000,"ordinal","skewed","skewed","Extreme","3",1,TRUE,0.439999999944121
"4542","Z=~z2",0.569686584879965,0.0487510086250048,0.6,"LSAM",7462,7868254,1000,"ordinal","skewed","skewed","Extreme","3",1,TRUE,0.439999999944121
"4543","Z=~z3",0.777258384614873,0.0511770965989889,0.8,"LSAM",7462,7868254,1000,"ordinal","skewed","skewed","Extreme","3",1,TRUE,0.439999999944121
"4544","Y=~y1",0.314570900848651,0.0139940450788754,0.4,"LSAM",7462,7868254,1000,"ordinal","skewed","skewed","Extreme","3",1,TRUE,0.439999999944121
"4545","Y=~y2",0.592510490922256,0.0537879459728758,0.7,"LSAM",7462,7868254,1000,"ordinal","skewed","skewed","Extreme","3",1,TRUE,0.439999999944121
"4546","Y=~y3",0.880989742089102,0.0761021645769082,0.9,"LSAM",7462,7868254,1000,"ordinal","skewed","skewed","Extreme","3",1,TRUE,0.439999999944121
"4547","Y~X",0.379933703351363,0.049921108652878,0.4,"LSAM",7462,7868254,1000,"ordinal","skewed","skewed","Extreme","3",1,TRUE,0.439999999944121
"4548","Y~Z",0.513704981777123,0.059294674729281,0.5,"LSAM",7462,7868254,1000,"ordinal","skewed","skewed","Extreme","3",1,TRUE,0.439999999944121
"4549","Y~X:Z",0.152386545013275,0.0416280859278832,0.3,"LSAM",7462,7868254,1000,"ordinal","skewed","skewed","Extreme","3",1,TRUE,0.439999999944121
"4550","X~~Z",0.22175827597146,0.0490638216153865,0.2,"LSAM",7462,7868254,1000,"ordinal","skewed","skewed","Extreme","3",1,TRUE,0.439999999944121
"4551","X=~x1",0.580084031629988,0.0594308616785574,0.4,"MC-PLSc",7463,7253963,300,"ordinal","skewed","skewed","Extreme","5",1,TRUE,16.8180000000284
"4552","X=~x2",0.846100831585164,0.0359518436747226,0.8,"MC-PLSc",7463,7253963,300,"ordinal","skewed","skewed","Extreme","5",1,TRUE,16.8180000000284
"4553","X=~x3",0.927002306100415,0.0376645517080127,0.8,"MC-PLSc",7463,7253963,300,"ordinal","skewed","skewed","Extreme","5",1,TRUE,16.8180000000284
"4554","Z=~z1",0.680961344413506,0.0616333706780048,0.6,"MC-PLSc",7463,7253963,300,"ordinal","skewed","skewed","Extreme","5",1,TRUE,16.8180000000284
"4555","Z=~z2",0.723732184089551,0.0536395125830535,0.6,"MC-PLSc",7463,7253963,300,"ordinal","skewed","skewed","Extreme","5",1,TRUE,16.8180000000284
"4556","Z=~z3",0.876628701475573,0.0452716576203494,0.8,"MC-PLSc",7463,7253963,300,"ordinal","skewed","skewed","Extreme","5",1,TRUE,16.8180000000284
"4557","Y=~y1",0.516273089416424,0.0599093962206611,0.4,"MC-PLSc",7463,7253963,300,"ordinal","skewed","skewed","Extreme","5",1,TRUE,16.8180000000284
"4558","Y=~y2",0.668419061124199,0.0612207292556816,0.7,"MC-PLSc",7463,7253963,300,"ordinal","skewed","skewed","Extreme","5",1,TRUE,16.8180000000284
"4559","Y=~y3",0.92051705577725,0.0430393157448111,0.9,"MC-PLSc",7463,7253963,300,"ordinal","skewed","skewed","Extreme","5",1,TRUE,16.8180000000284
"4560","Y~X",0.47385758734105,0.097985953578494,0.4,"MC-PLSc",7463,7253963,300,"ordinal","skewed","skewed","Extreme","5",1,TRUE,16.8180000000284
"4561","Y~Z",0.497430611730551,0.0896740313061359,0.5,"MC-PLSc",7463,7253963,300,"ordinal","skewed","skewed","Extreme","5",1,TRUE,16.8180000000284
"4562","Y~X:Z",0.296853268558724,0.130923751573079,0.3,"MC-PLSc",7463,7253963,300,"ordinal","skewed","skewed","Extreme","5",1,TRUE,16.8180000000284
"4563","X~~Z",0.335009723779625,0.0913086986435757,0.2,"MC-PLSc",7463,7253963,300,"ordinal","skewed","skewed","Extreme","5",1,TRUE,16.8180000000284
"4564","X=~x1",0.592217731693955,0.0689985215942956,0.4,"PLSc",7463,7253963,300,"ordinal","skewed","skewed","Extreme","5",1,TRUE,1.27100000000792
"4565","X=~x2",0.793670790552278,0.0555306729452279,0.8,"PLSc",7463,7253963,300,"ordinal","skewed","skewed","Extreme","5",1,TRUE,1.27100000000792
"4566","X=~x3",0.768194250473946,0.05121220712273,0.8,"PLSc",7463,7253963,300,"ordinal","skewed","skewed","Extreme","5",1,TRUE,1.27100000000792
"4567","Z=~z1",0.618894123401615,0.0674081300793077,0.6,"PLSc",7463,7253963,300,"ordinal","skewed","skewed","Extreme","5",1,TRUE,1.27100000000792
"4568","Z=~z2",0.655130340225544,0.0616069082124194,0.6,"PLSc",7463,7253963,300,"ordinal","skewed","skewed","Extreme","5",1,TRUE,1.27100000000792
"4569","Z=~z3",0.808332267976052,0.0546847929410607,0.8,"PLSc",7463,7253963,300,"ordinal","skewed","skewed","Extreme","5",1,TRUE,1.27100000000792
"4570","Y=~y1",0.48053338479778,0.0715072253310356,0.4,"PLSc",7463,7253963,300,"ordinal","skewed","skewed","Extreme","5",1,TRUE,1.27100000000792
"4571","Y=~y2",0.639943476475617,0.0546152314349192,0.7,"PLSc",7463,7253963,300,"ordinal","skewed","skewed","Extreme","5",1,TRUE,1.27100000000792
"4572","Y=~y3",0.863691344909723,0.0394135279441046,0.9,"PLSc",7463,7253963,300,"ordinal","skewed","skewed","Extreme","5",1,TRUE,1.27100000000792
"4573","Y~X",0.469287729720006,0.0886706603782936,0.4,"PLSc",7463,7253963,300,"ordinal","skewed","skewed","Extreme","5",1,TRUE,1.27100000000792
"4574","Y~Z",0.48297812549856,0.0777299678660521,0.5,"PLSc",7463,7253963,300,"ordinal","skewed","skewed","Extreme","5",1,TRUE,1.27100000000792
"4575","Y~X:Z",0.158752491078803,0.0641837999838418,0.3,"PLSc",7463,7253963,300,"ordinal","skewed","skewed","Extreme","5",1,TRUE,1.27100000000792
"4576","X~~Z",0.306189803291929,0.0846540378954586,0.2,"PLSc",7463,7253963,300,"ordinal","skewed","skewed","Extreme","5",1,TRUE,1.27100000000792
"4577","X=~x1",0.669162533049247,0.0534428275860126,0.4,"PLS",7463,7253963,300,"ordinal","skewed","skewed","Extreme","5",1,TRUE,0.89000000001397
"4578","X=~x2",0.874741097230134,0.0206261574176079,0.8,"PLS",7463,7253963,300,"ordinal","skewed","skewed","Extreme","5",1,TRUE,0.89000000001397
"4579","X=~x3",0.898082539964882,0.0158509941272363,0.8,"PLS",7463,7253963,300,"ordinal","skewed","skewed","Extreme","5",1,TRUE,0.89000000001397
"4580","Z=~z1",0.758106528579314,0.0415483337843038,0.6,"PLS",7463,7253963,300,"ordinal","skewed","skewed","Extreme","5",1,TRUE,0.89000000001397
"4581","Z=~z2",0.793870155597859,0.0334539917662932,0.6,"PLS",7463,7253963,300,"ordinal","skewed","skewed","Extreme","5",1,TRUE,0.89000000001397
"4582","Z=~z3",0.866778951161242,0.019332326958657,0.8,"PLS",7463,7253963,300,"ordinal","skewed","skewed","Extreme","5",1,TRUE,0.89000000001397
"4583","Y=~y1",0.646842827522575,0.0623752958250328,0.4,"PLS",7463,7253963,300,"ordinal","skewed","skewed","Extreme","5",1,TRUE,0.89000000001397
"4584","Y=~y2",0.792973186144794,0.0353336654871162,0.7,"PLS",7463,7253963,300,"ordinal","skewed","skewed","Extreme","5",1,TRUE,0.89000000001397
"4585","Y=~y3",0.8945682250791,0.0124070267202167,0.9,"PLS",7463,7253963,300,"ordinal","skewed","skewed","Extreme","5",1,TRUE,0.89000000001397
"4586","Y~X",0.389042629160369,0.0594367593067018,0.4,"PLS",7463,7253963,300,"ordinal","skewed","skewed","Extreme","5",1,TRUE,0.89000000001397
"4587","Y~Z",0.387043452600316,0.0527241221867852,0.5,"PLS",7463,7253963,300,"ordinal","skewed","skewed","Extreme","5",1,TRUE,0.89000000001397
"4588","Y~X:Z",0.163667161439293,0.0391694852366027,0.3,"PLS",7463,7253963,300,"ordinal","skewed","skewed","Extreme","5",1,TRUE,0.89000000001397
"4589","X~~Z",0.234275779729188,0.0659828698556359,0.2,"PLS",7463,7253963,300,"ordinal","skewed","skewed","Extreme","5",1,TRUE,0.89000000001397
"4590","X=~x1",0.435,0.067,0.4,"Mplus",7463,7253963,300,"ordinal","skewed","skewed","Extreme","5",1,TRUE,166.90499999997
"4591","X=~x2",0.856,0.039,0.8,"Mplus",7463,7253963,300,"ordinal","skewed","skewed","Extreme","5",1,TRUE,166.90499999997
"4592","X=~x3",0.867,0.041,0.8,"Mplus",7463,7253963,300,"ordinal","skewed","skewed","Extreme","5",1,TRUE,166.90499999997
"4593","Z=~z1",0.607,0.06,0.6,"Mplus",7463,7253963,300,"ordinal","skewed","skewed","Extreme","5",1,TRUE,166.90499999997
"4594","Z=~z2",0.672,0.055,0.6,"Mplus",7463,7253963,300,"ordinal","skewed","skewed","Extreme","5",1,TRUE,166.90499999997
"4595","Z=~z3",0.83,0.047,0.8,"Mplus",7463,7253963,300,"ordinal","skewed","skewed","Extreme","5",1,TRUE,166.90499999997
"4596","Y=~y1",0.474,0.063,0.4,"Mplus",7463,7253963,300,"ordinal","skewed","skewed","Extreme","5",1,TRUE,166.90499999997
"4597","Y=~y2",0.653,0.059,0.7,"Mplus",7463,7253963,300,"ordinal","skewed","skewed","Extreme","5",1,TRUE,166.90499999997
"4598","Y=~y3",0.867,0.047,0.9,"Mplus",7463,7253963,300,"ordinal","skewed","skewed","Extreme","5",1,TRUE,166.90499999997
"4599","Y~X",0.37,0.092,0.4,"Mplus",7463,7253963,300,"ordinal","skewed","skewed","Extreme","5",1,TRUE,166.90499999997
"4600","Y~Z",0.521,0.085,0.5,"Mplus",7463,7253963,300,"ordinal","skewed","skewed","Extreme","5",1,TRUE,166.90499999997
"4601","Y~X:Z",0.479,0.098,0.3,"Mplus",7463,7253963,300,"ordinal","skewed","skewed","Extreme","5",1,TRUE,166.90499999997
"4602","X~~Z",0.409,0.073,0.2,"Mplus",7463,7253963,300,"ordinal","skewed","skewed","Extreme","5",1,TRUE,166.90499999997
"4603","X=~x1",0.447395827716923,0.0561220583783656,0.4,"LSAM",7463,7253963,300,"ordinal","skewed","skewed","Extreme","5",1,TRUE,0.424999999988358
"4604","X=~x2",0.767553668582811,0.0703625867086713,0.8,"LSAM",7463,7253963,300,"ordinal","skewed","skewed","Extreme","5",1,TRUE,0.424999999988358
"4605","X=~x3",0.950413628025288,0.0563502200437439,0.8,"LSAM",7463,7253963,300,"ordinal","skewed","skewed","Extreme","5",1,TRUE,0.424999999988358
"4606","Z=~z1",0.607781596947761,0.040030954878601,0.6,"LSAM",7463,7253963,300,"ordinal","skewed","skewed","Extreme","5",1,TRUE,0.424999999988358
"4607","Z=~z2",0.667410763157855,0.0653557502900661,0.6,"LSAM",7463,7253963,300,"ordinal","skewed","skewed","Extreme","5",1,TRUE,0.424999999988358
"4608","Z=~z3",0.807058464180835,0.0658657217388422,0.8,"LSAM",7463,7253963,300,"ordinal","skewed","skewed","Extreme","5",1,TRUE,0.424999999988358
"4609","Y=~y1",0.466980054509486,0.034792649372573,0.4,"LSAM",7463,7253963,300,"ordinal","skewed","skewed","Extreme","5",1,TRUE,0.424999999988358
"4610","Y=~y2",0.62031757248711,0.0711199819937239,0.7,"LSAM",7463,7253963,300,"ordinal","skewed","skewed","Extreme","5",1,TRUE,0.424999999988358
"4611","Y=~y3",0.900422953674031,0.0826215504876405,0.9,"LSAM",7463,7253963,300,"ordinal","skewed","skewed","Extreme","5",1,TRUE,0.424999999988358
"4612","Y~X",0.399339201352315,0.0697746850055434,0.4,"LSAM",7463,7253963,300,"ordinal","skewed","skewed","Extreme","5",1,TRUE,0.424999999988358
"4613","Y~Z",0.55994618387929,0.0687327879266126,0.5,"LSAM",7463,7253963,300,"ordinal","skewed","skewed","Extreme","5",1,TRUE,0.424999999988358
"4614","Y~X:Z",0.091461991041669,0.0527057504974662,0.3,"LSAM",7463,7253963,300,"ordinal","skewed","skewed","Extreme","5",1,TRUE,0.424999999988358
"4615","X~~Z",0.241723073100559,0.0759605258074323,0.2,"LSAM",7463,7253963,300,"ordinal","skewed","skewed","Extreme","5",1,TRUE,0.424999999988358
"4616","X=~x1",0.433685734415075,0.0425014899155489,0.4,"MC-PLSc",7464,4284196,1000,"ordinal","skewed","skewed","Extreme","5",1,TRUE,18.8720000000321
"4617","X=~x2",0.886583553147191,0.0249711457811904,0.8,"MC-PLSc",7464,4284196,1000,"ordinal","skewed","skewed","Extreme","5",1,TRUE,18.8720000000321
"4618","X=~x3",0.817234628648342,0.0259671352985266,0.8,"MC-PLSc",7464,4284196,1000,"ordinal","skewed","skewed","Extreme","5",1,TRUE,18.8720000000321
"4619","Z=~z1",0.66118302220781,0.0336620806305434,0.6,"MC-PLSc",7464,4284196,1000,"ordinal","skewed","skewed","Extreme","5",1,TRUE,18.8720000000321
"4620","Z=~z2",0.706040358406942,0.0323746927857501,0.6,"MC-PLSc",7464,4284196,1000,"ordinal","skewed","skewed","Extreme","5",1,TRUE,18.8720000000321
"4621","Z=~z3",0.872532571891466,0.0224631180981473,0.8,"MC-PLSc",7464,4284196,1000,"ordinal","skewed","skewed","Extreme","5",1,TRUE,18.8720000000321
"4622","Y=~y1",0.433616045070527,0.0378234603222327,0.4,"MC-PLSc",7464,4284196,1000,"ordinal","skewed","skewed","Extreme","5",1,TRUE,18.8720000000321
"4623","Y=~y2",0.713359005527763,0.0284482478080614,0.7,"MC-PLSc",7464,4284196,1000,"ordinal","skewed","skewed","Extreme","5",1,TRUE,18.8720000000321
"4624","Y=~y3",0.912334208447902,0.0281378709749481,0.9,"MC-PLSc",7464,4284196,1000,"ordinal","skewed","skewed","Extreme","5",1,TRUE,18.8720000000321
"4625","Y~X",0.404324572868848,0.0528337824322334,0.4,"MC-PLSc",7464,4284196,1000,"ordinal","skewed","skewed","Extreme","5",1,TRUE,18.8720000000321
"4626","Y~Z",0.537532140945475,0.0527153530272537,0.5,"MC-PLSc",7464,4284196,1000,"ordinal","skewed","skewed","Extreme","5",1,TRUE,18.8720000000321
"4627","Y~X:Z",0.297600717408915,0.0746022940188251,0.3,"MC-PLSc",7464,4284196,1000,"ordinal","skewed","skewed","Extreme","5",1,TRUE,18.8720000000321
"4628","X~~Z",0.294275402589991,0.0507869380047621,0.2,"MC-PLSc",7464,4284196,1000,"ordinal","skewed","skewed","Extreme","5",1,TRUE,18.8720000000321
"4629","X=~x1",0.395276188260495,0.0482190226723984,0.4,"PLSc",7464,4284196,1000,"ordinal","skewed","skewed","Extreme","5",1,TRUE,1.37300000002142
"4630","X=~x2",0.838659057413231,0.0328690559792902,0.8,"PLSc",7464,4284196,1000,"ordinal","skewed","skewed","Extreme","5",1,TRUE,1.37300000002142
"4631","X=~x3",0.721931592363514,0.0330944902389214,0.8,"PLSc",7464,4284196,1000,"ordinal","skewed","skewed","Extreme","5",1,TRUE,1.37300000002142
"4632","Z=~z1",0.576854856858241,0.0397728741747849,0.6,"PLSc",7464,4284196,1000,"ordinal","skewed","skewed","Extreme","5",1,TRUE,1.37300000002142
"4633","Z=~z2",0.650443238549187,0.035707242135761,0.6,"PLSc",7464,4284196,1000,"ordinal","skewed","skewed","Extreme","5",1,TRUE,1.37300000002142
"4634","Z=~z3",0.806442192630346,0.0295374223223576,0.8,"PLSc",7464,4284196,1000,"ordinal","skewed","skewed","Extreme","5",1,TRUE,1.37300000002142
"4635","Y=~y1",0.395620499911744,0.0442474452281975,0.4,"PLSc",7464,4284196,1000,"ordinal","skewed","skewed","Extreme","5",1,TRUE,1.37300000002142
"4636","Y=~y2",0.6603089015199,0.029428488571814,0.7,"PLSc",7464,4284196,1000,"ordinal","skewed","skewed","Extreme","5",1,TRUE,1.37300000002142
"4637","Y=~y3",0.892700705038428,0.0254995959344867,0.9,"PLSc",7464,4284196,1000,"ordinal","skewed","skewed","Extreme","5",1,TRUE,1.37300000002142
"4638","Y~X",0.396762365607522,0.040941784831068,0.4,"PLSc",7464,4284196,1000,"ordinal","skewed","skewed","Extreme","5",1,TRUE,1.37300000002142
"4639","Y~Z",0.503720966722107,0.0433356187993708,0.5,"PLSc",7464,4284196,1000,"ordinal","skewed","skewed","Extreme","5",1,TRUE,1.37300000002142
"4640","Y~X:Z",0.174341831158285,0.0387791910469511,0.3,"PLSc",7464,4284196,1000,"ordinal","skewed","skewed","Extreme","5",1,TRUE,1.37300000002142
"4641","X~~Z",0.265532555056894,0.0472412265194597,0.2,"PLSc",7464,4284196,1000,"ordinal","skewed","skewed","Extreme","5",1,TRUE,1.37300000002142
"4642","X=~x1",0.5288993044868,0.041481313184595,0.4,"PLS",7464,4284196,1000,"ordinal","skewed","skewed","Extreme","5",1,TRUE,0.933999999950174
"4643","X=~x2",0.889440310834492,0.0100600081148964,0.8,"PLS",7464,4284196,1000,"ordinal","skewed","skewed","Extreme","5",1,TRUE,0.933999999950174
"4644","X=~x3",0.865813215406592,0.0122149491685744,0.8,"PLS",7464,4284196,1000,"ordinal","skewed","skewed","Extreme","5",1,TRUE,0.933999999950174
"4645","Z=~z1",0.743188044039508,0.0256361493077386,0.6,"PLS",7464,4284196,1000,"ordinal","skewed","skewed","Extreme","5",1,TRUE,0.933999999950174
"4646","Z=~z2",0.781292934169065,0.0192650130316749,0.6,"PLS",7464,4284196,1000,"ordinal","skewed","skewed","Extreme","5",1,TRUE,0.933999999950174
"4647","Z=~z3",0.864763295511117,0.00980120720411932,0.8,"PLS",7464,4284196,1000,"ordinal","skewed","skewed","Extreme","5",1,TRUE,0.933999999950174
"4648","Y=~y1",0.559979626156495,0.0414278352585209,0.4,"PLS",7464,4284196,1000,"ordinal","skewed","skewed","Extreme","5",1,TRUE,0.933999999950174
"4649","Y=~y2",0.830037294098787,0.0153165524547571,0.7,"PLS",7464,4284196,1000,"ordinal","skewed","skewed","Extreme","5",1,TRUE,0.933999999950174
"4650","Y=~y3",0.898508705071954,0.00745502291071464,0.9,"PLS",7464,4284196,1000,"ordinal","skewed","skewed","Extreme","5",1,TRUE,0.933999999950174
"4651","Y~X",0.337240672946889,0.0286364426394249,0.4,"PLS",7464,4284196,1000,"ordinal","skewed","skewed","Extreme","5",1,TRUE,0.933999999950174
"4652","Y~Z",0.403405097027862,0.0314329551315896,0.5,"PLS",7464,4284196,1000,"ordinal","skewed","skewed","Extreme","5",1,TRUE,0.933999999950174
"4653","Y~X:Z",0.178403151738642,0.0233758948377107,0.3,"PLS",7464,4284196,1000,"ordinal","skewed","skewed","Extreme","5",1,TRUE,0.933999999950174
"4654","X~~Z",0.199657440910953,0.0360265263083016,0.2,"PLS",7464,4284196,1000,"ordinal","skewed","skewed","Extreme","5",1,TRUE,0.933999999950174
"4655","X=~x1",0.363,0.038,0.4,"Mplus",7464,4284196,1000,"ordinal","skewed","skewed","Extreme","5",1,TRUE,557.141999999993
"4656","X=~x2",0.871,0.025,0.8,"Mplus",7464,4284196,1000,"ordinal","skewed","skewed","Extreme","5",1,TRUE,557.141999999993
"4657","X=~x3",0.778,0.027,0.8,"Mplus",7464,4284196,1000,"ordinal","skewed","skewed","Extreme","5",1,TRUE,557.141999999993
"4658","Z=~z1",0.634,0.034,0.6,"Mplus",7464,4284196,1000,"ordinal","skewed","skewed","Extreme","5",1,TRUE,557.141999999993
"4659","Z=~z2",0.669,0.031,0.6,"Mplus",7464,4284196,1000,"ordinal","skewed","skewed","Extreme","5",1,TRUE,557.141999999993
"4660","Z=~z3",0.845,0.025,0.8,"Mplus",7464,4284196,1000,"ordinal","skewed","skewed","Extreme","5",1,TRUE,557.141999999993
"4661","Y=~y1",0.396,0.035,0.4,"Mplus",7464,4284196,1000,"ordinal","skewed","skewed","Extreme","5",1,TRUE,557.141999999993
"4662","Y=~y2",0.664,0.031,0.7,"Mplus",7464,4284196,1000,"ordinal","skewed","skewed","Extreme","5",1,TRUE,557.141999999993
"4663","Y=~y3",0.89,0.025,0.9,"Mplus",7464,4284196,1000,"ordinal","skewed","skewed","Extreme","5",1,TRUE,557.141999999993
"4664","Y~X",0.376,0.048,0.4,"Mplus",7464,4284196,1000,"ordinal","skewed","skewed","Extreme","5",1,TRUE,557.141999999993
"4665","Y~Z",0.483,0.046,0.5,"Mplus",7464,4284196,1000,"ordinal","skewed","skewed","Extreme","5",1,TRUE,557.141999999993
"4666","Y~X:Z",0.489,0.061,0.3,"Mplus",7464,4284196,1000,"ordinal","skewed","skewed","Extreme","5",1,TRUE,557.141999999993
"4667","X~~Z",0.349,0.041,0.2,"Mplus",7464,4284196,1000,"ordinal","skewed","skewed","Extreme","5",1,TRUE,557.141999999993
"4668","X=~x1",0.354985841550842,0.0319243291153855,0.4,"LSAM",7464,4284196,1000,"ordinal","skewed","skewed","Extreme","5",1,TRUE,0.502000000036787
"4669","X=~x2",0.777192254781583,0.0556043951302888,0.8,"LSAM",7464,4284196,1000,"ordinal","skewed","skewed","Extreme","5",1,TRUE,0.502000000036787
"4670","X=~x3",0.815665225513844,0.0551538430095575,0.8,"LSAM",7464,4284196,1000,"ordinal","skewed","skewed","Extreme","5",1,TRUE,0.502000000036787
"4671","Z=~z1",0.604462048896106,0.027006241642004,0.6,"LSAM",7464,4284196,1000,"ordinal","skewed","skewed","Extreme","5",1,TRUE,0.502000000036787
"4672","Z=~z2",0.630395058514824,0.0404995577082306,0.6,"LSAM",7464,4284196,1000,"ordinal","skewed","skewed","Extreme","5",1,TRUE,0.502000000036787
"4673","Z=~z3",0.799795276754943,0.0408428791457099,0.8,"LSAM",7464,4284196,1000,"ordinal","skewed","skewed","Extreme","5",1,TRUE,0.502000000036787
"4674","Y=~y1",0.401930002933692,0.0190598547770379,0.4,"LSAM",7464,4284196,1000,"ordinal","skewed","skewed","Extreme","5",1,TRUE,0.502000000036787
"4675","Y=~y2",0.730228233228853,0.0463739630025119,0.7,"LSAM",7464,4284196,1000,"ordinal","skewed","skewed","Extreme","5",1,TRUE,0.502000000036787
"4676","Y=~y3",0.81021984802399,0.0485657238740378,0.9,"LSAM",7464,4284196,1000,"ordinal","skewed","skewed","Extreme","5",1,TRUE,0.502000000036787
"4677","Y~X",0.400962647696631,0.0434302500741018,0.4,"LSAM",7464,4284196,1000,"ordinal","skewed","skewed","Extreme","5",1,TRUE,0.502000000036787
"4678","Y~Z",0.522856794679007,0.0441660235054451,0.5,"LSAM",7464,4284196,1000,"ordinal","skewed","skewed","Extreme","5",1,TRUE,0.502000000036787
"4679","Y~X:Z",0.181699006853538,0.0353552101317699,0.3,"LSAM",7464,4284196,1000,"ordinal","skewed","skewed","Extreme","5",1,TRUE,0.502000000036787
"4680","X~~Z",0.25898523839463,0.0446725101234954,0.2,"LSAM",7464,4284196,1000,"ordinal","skewed","skewed","Extreme","5",1,TRUE,0.502000000036787
"4681","X=~x1",0.448009502356931,0.0844155939048368,0.4,"MC-PLSc",7465,186737,300,"ordinal","uniform","skewed","Symmetric","2",1,TRUE,11.3780000000261
"4682","X=~x2",0.823531712165867,0.0718937090394613,0.8,"MC-PLSc",7465,186737,300,"ordinal","uniform","skewed","Symmetric","2",1,TRUE,11.3780000000261
"4683","X=~x3",0.855153686737311,0.0707296016977169,0.8,"MC-PLSc",7465,186737,300,"ordinal","uniform","skewed","Symmetric","2",1,TRUE,11.3780000000261
"4684","Z=~z1",0.650309980575377,0.0723629912192214,0.6,"MC-PLSc",7465,186737,300,"ordinal","uniform","skewed","Symmetric","2",1,TRUE,11.3780000000261
"4685","Z=~z2",0.592653253275083,0.0718010589150256,0.6,"MC-PLSc",7465,186737,300,"ordinal","uniform","skewed","Symmetric","2",1,TRUE,11.3780000000261
"4686","Z=~z3",0.949137013181101,0.0641335607432721,0.8,"MC-PLSc",7465,186737,300,"ordinal","uniform","skewed","Symmetric","2",1,TRUE,11.3780000000261
"4687","Y=~y1",0.372618077502964,0.0822544710885545,0.4,"MC-PLSc",7465,186737,300,"ordinal","uniform","skewed","Symmetric","2",1,TRUE,11.3780000000261
"4688","Y=~y2",0.692252728082453,0.0680892453025801,0.7,"MC-PLSc",7465,186737,300,"ordinal","uniform","skewed","Symmetric","2",1,TRUE,11.3780000000261
"4689","Y=~y3",0.982063402499159,0.0535404402624683,0.9,"MC-PLSc",7465,186737,300,"ordinal","uniform","skewed","Symmetric","2",1,TRUE,11.3780000000261
"4690","Y~X",0.454391217996133,0.0722680623289217,0.4,"MC-PLSc",7465,186737,300,"ordinal","uniform","skewed","Symmetric","2",1,TRUE,11.3780000000261
"4691","Y~Z",0.549933381488808,0.0775949681864695,0.5,"MC-PLSc",7465,186737,300,"ordinal","uniform","skewed","Symmetric","2",1,TRUE,11.3780000000261
"4692","Y~X:Z",0.323350508310144,0.122346130844144,0.3,"MC-PLSc",7465,186737,300,"ordinal","uniform","skewed","Symmetric","2",1,TRUE,11.3780000000261
"4693","X~~Z",0.229500092925185,0.0830574248912205,0.2,"MC-PLSc",7465,186737,300,"ordinal","uniform","skewed","Symmetric","2",1,TRUE,11.3780000000261
"4694","X=~x1",0.349931784387351,0.110682986642748,0.4,"PLSc",7465,186737,300,"ordinal","uniform","skewed","Symmetric","2",1,TRUE,1.2609999999986
"4695","X=~x2",0.657239836045099,0.0782816232594213,0.8,"PLSc",7465,186737,300,"ordinal","uniform","skewed","Symmetric","2",1,TRUE,1.2609999999986
"4696","X=~x3",0.748928711830134,0.0745238341188119,0.8,"PLSc",7465,186737,300,"ordinal","uniform","skewed","Symmetric","2",1,TRUE,1.2609999999986
"4697","Z=~z1",0.587434835008018,0.0745322432893368,0.6,"PLSc",7465,186737,300,"ordinal","uniform","skewed","Symmetric","2",1,TRUE,1.2609999999986
"4698","Z=~z2",0.45873587661199,0.0865776283858405,0.6,"PLSc",7465,186737,300,"ordinal","uniform","skewed","Symmetric","2",1,TRUE,1.2609999999986
"4699","Z=~z3",0.746796566505161,0.0686827649197307,0.8,"PLSc",7465,186737,300,"ordinal","uniform","skewed","Symmetric","2",1,TRUE,1.2609999999986
"4700","Y=~y1",0.286830587117149,0.0851018985678425,0.4,"PLSc",7465,186737,300,"ordinal","uniform","skewed","Symmetric","2",1,TRUE,1.2609999999986
"4701","Y=~y2",0.534583411833004,0.0630713288875202,0.7,"PLSc",7465,186737,300,"ordinal","uniform","skewed","Symmetric","2",1,TRUE,1.2609999999986
"4702","Y=~y3",0.852574578183294,0.0649145334106018,0.9,"PLSc",7465,186737,300,"ordinal","uniform","skewed","Symmetric","2",1,TRUE,1.2609999999986
"4703","Y~X",0.440207196279154,0.0817221334929377,0.4,"PLSc",7465,186737,300,"ordinal","uniform","skewed","Symmetric","2",1,TRUE,1.2609999999986
"4704","Y~Z",0.555056490688566,0.0860304683785308,0.5,"PLSc",7465,186737,300,"ordinal","uniform","skewed","Symmetric","2",1,TRUE,1.2609999999986
"4705","Y~X:Z",0.231488509314288,0.0979668611380852,0.3,"PLSc",7465,186737,300,"ordinal","uniform","skewed","Symmetric","2",1,TRUE,1.2609999999986
"4706","X~~Z",0.216021472569897,0.0834330204379898,0.2,"PLSc",7465,186737,300,"ordinal","uniform","skewed","Symmetric","2",1,TRUE,1.2609999999986
"4707","X=~x1",0.519712525596775,0.0954818750771378,0.4,"PLS",7465,186737,300,"ordinal","uniform","skewed","Symmetric","2",1,TRUE,0.916999999957625
"4708","X=~x2",0.829626055866493,0.0350449258193643,0.8,"PLS",7465,186737,300,"ordinal","uniform","skewed","Symmetric","2",1,TRUE,0.916999999957625
"4709","X=~x3",0.84181357911911,0.033451502341195,0.8,"PLS",7465,186737,300,"ordinal","uniform","skewed","Symmetric","2",1,TRUE,0.916999999957625
"4710","Z=~z1",0.710824084668344,0.0546275596625706,0.6,"PLS",7465,186737,300,"ordinal","uniform","skewed","Symmetric","2",1,TRUE,0.916999999957625
"4711","Z=~z2",0.659014838768491,0.0657705930161218,0.6,"PLS",7465,186737,300,"ordinal","uniform","skewed","Symmetric","2",1,TRUE,0.916999999957625
"4712","Z=~z3",0.871131199950481,0.0232348302883566,0.8,"PLS",7465,186737,300,"ordinal","uniform","skewed","Symmetric","2",1,TRUE,0.916999999957625
"4713","Y=~y1",0.442077906971781,0.0917256740623579,0.4,"PLS",7465,186737,300,"ordinal","uniform","skewed","Symmetric","2",1,TRUE,0.916999999957625
"4714","Y=~y2",0.75472826918673,0.0451889340392535,0.7,"PLS",7465,186737,300,"ordinal","uniform","skewed","Symmetric","2",1,TRUE,0.916999999957625
"4715","Y=~y3",0.896966438765025,0.0197619254847998,0.9,"PLS",7465,186737,300,"ordinal","uniform","skewed","Symmetric","2",1,TRUE,0.916999999957625
"4716","Y~X",0.332197450807436,0.0485783091692035,0.4,"PLS",7465,186737,300,"ordinal","uniform","skewed","Symmetric","2",1,TRUE,0.916999999957625
"4717","Y~Z",0.399956305417719,0.0465186573190884,0.5,"PLS",7465,186737,300,"ordinal","uniform","skewed","Symmetric","2",1,TRUE,0.916999999957625
"4718","Y~X:Z",0.128305419024563,0.0453637757701381,0.3,"PLS",7465,186737,300,"ordinal","uniform","skewed","Symmetric","2",1,TRUE,0.916999999957625
"4719","X~~Z",0.144161618055686,0.0559635599799644,0.2,"PLS",7465,186737,300,"ordinal","uniform","skewed","Symmetric","2",1,TRUE,0.916999999957625
"4720","X=~x1",0.439,0.076,0.4,"Mplus",7465,186737,300,"ordinal","uniform","skewed","Symmetric","2",1,TRUE,213.800000000047
"4721","X=~x2",0.852,0.077,0.8,"Mplus",7465,186737,300,"ordinal","uniform","skewed","Symmetric","2",1,TRUE,213.800000000047
"4722","X=~x3",0.782,0.078,0.8,"Mplus",7465,186737,300,"ordinal","uniform","skewed","Symmetric","2",1,TRUE,213.800000000047
"4723","Z=~z1",0.571,0.063,0.6,"Mplus",7465,186737,300,"ordinal","uniform","skewed","Symmetric","2",1,TRUE,213.800000000047
"4724","Z=~z2",0.594,0.067,0.6,"Mplus",7465,186737,300,"ordinal","uniform","skewed","Symmetric","2",1,TRUE,213.800000000047
"4725","Z=~z3",0.991,0.009,0.8,"Mplus",7465,186737,300,"ordinal","uniform","skewed","Symmetric","2",1,TRUE,213.800000000047
"4726","Y=~y1",0.325,0.079,0.4,"Mplus",7465,186737,300,"ordinal","uniform","skewed","Symmetric","2",1,TRUE,213.800000000047
"4727","Y=~y2",0.639,0.066,0.7,"Mplus",7465,186737,300,"ordinal","uniform","skewed","Symmetric","2",1,TRUE,213.800000000047
"4728","Y=~y3",0.992,0.03,0.9,"Mplus",7465,186737,300,"ordinal","uniform","skewed","Symmetric","2",1,TRUE,213.800000000047
"4729","Y~X",0.469,0.075,0.4,"Mplus",7465,186737,300,"ordinal","uniform","skewed","Symmetric","2",1,TRUE,213.800000000047
"4730","Y~Z",0.537,0.067,0.5,"Mplus",7465,186737,300,"ordinal","uniform","skewed","Symmetric","2",1,TRUE,213.800000000047
"4731","Y~X:Z",0.267,0.124,0.3,"Mplus",7465,186737,300,"ordinal","uniform","skewed","Symmetric","2",1,TRUE,213.800000000047
"4732","X~~Z",0.184,0.091,0.2,"Mplus",7465,186737,300,"ordinal","uniform","skewed","Symmetric","2",1,TRUE,213.800000000047
"4733","X=~x1",0.361322605781728,0.072794593488823,0.4,"LSAM",7465,186737,300,"ordinal","uniform","skewed","Symmetric","2",1,FALSE,0.626000000047497
"4734","X=~x2",0.828601543272374,0.139208675417684,0.8,"LSAM",7465,186737,300,"ordinal","uniform","skewed","Symmetric","2",1,FALSE,0.626000000047497
"4735","X=~x3",0.587017444713409,0.125034655507623,0.8,"LSAM",7465,186737,300,"ordinal","uniform","skewed","Symmetric","2",1,FALSE,0.626000000047497
"4736","Z=~z1",0.407050935645136,0.0218900912218531,0.6,"LSAM",7465,186737,300,"ordinal","uniform","skewed","Symmetric","2",1,FALSE,0.626000000047497
"4737","Z=~z2",0.453236141653429,0.0666750948755456,0.6,"LSAM",7465,186737,300,"ordinal","uniform","skewed","Symmetric","2",1,FALSE,0.626000000047497
"4738","Z=~z3",1,0.12739947970242,0.8,"LSAM",7465,186737,300,"ordinal","uniform","skewed","Symmetric","2",1,FALSE,0.626000000047497
"4739","Y=~y1",0.313550832092017,0.0167997575972979,0.4,"LSAM",7465,186737,300,"ordinal","uniform","skewed","Symmetric","2",1,FALSE,0.626000000047497
"4740","Y=~y2",0.613142093722913,0.116203841453533,0.7,"LSAM",7465,186737,300,"ordinal","uniform","skewed","Symmetric","2",1,FALSE,0.626000000047497
"4741","Y=~y3",0.743971969059004,0.144350953577764,0.9,"LSAM",7465,186737,300,"ordinal","uniform","skewed","Symmetric","2",1,FALSE,0.626000000047497
"4742","Y~X",0.484686126557991,0.0805337905720356,0.4,"LSAM",7465,186737,300,"ordinal","uniform","skewed","Symmetric","2",1,FALSE,0.626000000047497
"4743","Y~Z",0.456999913491261,0.239138603454775,0.5,"LSAM",7465,186737,300,"ordinal","uniform","skewed","Symmetric","2",1,FALSE,0.626000000047497
"4744","Y~X:Z",0.173076843434443,0.0720465438205229,0.3,"LSAM",7465,186737,300,"ordinal","uniform","skewed","Symmetric","2",1,FALSE,0.626000000047497
"4745","X~~Z",0.107205195133548,0.0690728437736428,0.2,"LSAM",7465,186737,300,"ordinal","uniform","skewed","Symmetric","2",1,FALSE,0.626000000047497
"4746","X=~x1",0.423697957362217,0.0676284861761745,0.4,"MC-PLSc",7466,7572638,1000,"ordinal","uniform","skewed","Symmetric","2",1,TRUE,13.5489999999991
"4747","X=~x2",0.885581252878728,0.0525479749192058,0.8,"MC-PLSc",7466,7572638,1000,"ordinal","uniform","skewed","Symmetric","2",1,TRUE,13.5489999999991
"4748","X=~x3",0.77211958064154,0.0480942094422358,0.8,"MC-PLSc",7466,7572638,1000,"ordinal","uniform","skewed","Symmetric","2",1,TRUE,13.5489999999991
"4749","Z=~z1",0.656542565400874,0.039445238254291,0.6,"MC-PLSc",7466,7572638,1000,"ordinal","uniform","skewed","Symmetric","2",1,TRUE,13.5489999999991
"4750","Z=~z2",0.621788799685569,0.0427860353478298,0.6,"MC-PLSc",7466,7572638,1000,"ordinal","uniform","skewed","Symmetric","2",1,TRUE,13.5489999999991
"4751","Z=~z3",0.908807167065439,0.0379372850818926,0.8,"MC-PLSc",7466,7572638,1000,"ordinal","uniform","skewed","Symmetric","2",1,TRUE,13.5489999999991
"4752","Y=~y1",0.340793822112487,0.0489639727314757,0.4,"MC-PLSc",7466,7572638,1000,"ordinal","uniform","skewed","Symmetric","2",1,TRUE,13.5489999999991
"4753","Y=~y2",0.746186506101723,0.0411971146210637,0.7,"MC-PLSc",7466,7572638,1000,"ordinal","uniform","skewed","Symmetric","2",1,TRUE,13.5489999999991
"4754","Y=~y3",0.962119854265497,0.0292192795105525,0.9,"MC-PLSc",7466,7572638,1000,"ordinal","uniform","skewed","Symmetric","2",1,TRUE,13.5489999999991
"4755","Y~X",0.315378569698738,0.0499057534627132,0.4,"MC-PLSc",7466,7572638,1000,"ordinal","uniform","skewed","Symmetric","2",1,TRUE,13.5489999999991
"4756","Y~Z",0.503676640446349,0.0426841025867828,0.5,"MC-PLSc",7466,7572638,1000,"ordinal","uniform","skewed","Symmetric","2",1,TRUE,13.5489999999991
"4757","Y~X:Z",0.413751861665898,0.0607611246297814,0.3,"MC-PLSc",7466,7572638,1000,"ordinal","uniform","skewed","Symmetric","2",1,TRUE,13.5489999999991
"4758","X~~Z",0.272220140093518,0.0447645089508239,0.2,"MC-PLSc",7466,7572638,1000,"ordinal","uniform","skewed","Symmetric","2",1,TRUE,13.5489999999991
"4759","X=~x1",0.379601112696417,0.0676670524042581,0.4,"PLSc",7466,7572638,1000,"ordinal","uniform","skewed","Symmetric","2",1,TRUE,1.63000000000466
"4760","X=~x2",0.742145272782381,0.0599447980153849,0.8,"PLSc",7466,7572638,1000,"ordinal","uniform","skewed","Symmetric","2",1,TRUE,1.63000000000466
"4761","X=~x3",0.601243434763549,0.0530526654925926,0.8,"PLSc",7466,7572638,1000,"ordinal","uniform","skewed","Symmetric","2",1,TRUE,1.63000000000466
"4762","Z=~z1",0.551262908480634,0.0472207947796842,0.6,"PLSc",7466,7572638,1000,"ordinal","uniform","skewed","Symmetric","2",1,TRUE,1.63000000000466
"4763","Z=~z2",0.460832701983225,0.0508408181933858,0.6,"PLSc",7466,7572638,1000,"ordinal","uniform","skewed","Symmetric","2",1,TRUE,1.63000000000466
"4764","Z=~z3",0.780631282927149,0.0450445012159941,0.8,"PLSc",7466,7572638,1000,"ordinal","uniform","skewed","Symmetric","2",1,TRUE,1.63000000000466
"4765","Y=~y1",0.24458804414353,0.055165097682877,0.4,"PLSc",7466,7572638,1000,"ordinal","uniform","skewed","Symmetric","2",1,TRUE,1.63000000000466
"4766","Y=~y2",0.594173861745051,0.0389163637237032,0.7,"PLSc",7466,7572638,1000,"ordinal","uniform","skewed","Symmetric","2",1,TRUE,1.63000000000466
"4767","Y=~y3",0.817884593077748,0.0382393660004013,0.9,"PLSc",7466,7572638,1000,"ordinal","uniform","skewed","Symmetric","2",1,TRUE,1.63000000000466
"4768","Y~X",0.310035112800941,0.0497190956156889,0.4,"PLSc",7466,7572638,1000,"ordinal","uniform","skewed","Symmetric","2",1,TRUE,1.63000000000466
"4769","Y~Z",0.477995135268034,0.0445891029192907,0.5,"PLSc",7466,7572638,1000,"ordinal","uniform","skewed","Symmetric","2",1,TRUE,1.63000000000466
"4770","Y~X:Z",0.323676916109105,0.0534653519073593,0.3,"PLSc",7466,7572638,1000,"ordinal","uniform","skewed","Symmetric","2",1,TRUE,1.63000000000466
"4771","X~~Z",0.254843084353017,0.0495951830157942,0.2,"PLSc",7466,7572638,1000,"ordinal","uniform","skewed","Symmetric","2",1,TRUE,1.63000000000466
"4772","X=~x1",0.496991298265225,0.0602348720987374,0.4,"PLS",7466,7572638,1000,"ordinal","uniform","skewed","Symmetric","2",1,TRUE,0.961999999999534
"4773","X=~x2",0.857933618053302,0.022285100164013,0.8,"PLS",7466,7572638,1000,"ordinal","uniform","skewed","Symmetric","2",1,TRUE,0.961999999999534
"4774","X=~x3",0.806927868771374,0.025006093182427,0.8,"PLS",7466,7572638,1000,"ordinal","uniform","skewed","Symmetric","2",1,TRUE,0.961999999999534
"4775","Z=~z1",0.711876163029373,0.0311448735988843,0.6,"PLS",7466,7572638,1000,"ordinal","uniform","skewed","Symmetric","2",1,TRUE,0.961999999999534
"4776","Z=~z2",0.680880155902552,0.0324185566055516,0.6,"PLS",7466,7572638,1000,"ordinal","uniform","skewed","Symmetric","2",1,TRUE,0.961999999999534
"4777","Z=~z3",0.853610432709715,0.01599271073978,0.8,"PLS",7466,7572638,1000,"ordinal","uniform","skewed","Symmetric","2",1,TRUE,0.961999999999534
"4778","Y=~y1",0.40526538814044,0.0539921756113198,0.4,"PLS",7466,7572638,1000,"ordinal","uniform","skewed","Symmetric","2",1,TRUE,0.961999999999534
"4779","Y=~y2",0.792617986854255,0.0230355489385403,0.7,"PLS",7466,7572638,1000,"ordinal","uniform","skewed","Symmetric","2",1,TRUE,0.961999999999534
"4780","Y=~y3",0.886046369574635,0.0126853435981393,0.9,"PLS",7466,7572638,1000,"ordinal","uniform","skewed","Symmetric","2",1,TRUE,0.961999999999534
"4781","Y~X",0.235230941111884,0.0279564279503874,0.4,"PLS",7466,7572638,1000,"ordinal","uniform","skewed","Symmetric","2",1,TRUE,0.961999999999534
"4782","Y~Z",0.341009415080049,0.0267761996589323,0.5,"PLS",7466,7572638,1000,"ordinal","uniform","skewed","Symmetric","2",1,TRUE,0.961999999999534
"4783","Y~X:Z",0.174462149262683,0.026422332427983,0.3,"PLS",7466,7572638,1000,"ordinal","uniform","skewed","Symmetric","2",1,TRUE,0.961999999999534
"4784","X~~Z",0.168465913854136,0.0328221784136275,0.2,"PLS",7466,7572638,1000,"ordinal","uniform","skewed","Symmetric","2",1,TRUE,0.961999999999534
"4785","X=~x1",0.337,0.041,0.4,"Mplus",7466,7572638,1000,"ordinal","uniform","skewed","Symmetric","2",1,TRUE,180.263000000035
"4786","X=~x2",0.895,0.041,0.8,"Mplus",7466,7572638,1000,"ordinal","uniform","skewed","Symmetric","2",1,TRUE,180.263000000035
"4787","X=~x3",0.771,0.042,0.8,"Mplus",7466,7572638,1000,"ordinal","uniform","skewed","Symmetric","2",1,TRUE,180.263000000035
"4788","Z=~z1",0.63,0.04,0.6,"Mplus",7466,7572638,1000,"ordinal","uniform","skewed","Symmetric","2",1,TRUE,180.263000000035
"4789","Z=~z2",0.632,0.04,0.6,"Mplus",7466,7572638,1000,"ordinal","uniform","skewed","Symmetric","2",1,TRUE,180.263000000035
"4790","Z=~z3",0.85,0.037,0.8,"Mplus",7466,7572638,1000,"ordinal","uniform","skewed","Symmetric","2",1,TRUE,180.263000000035
"4791","Y=~y1",0.332,0.046,0.4,"Mplus",7466,7572638,1000,"ordinal","uniform","skewed","Symmetric","2",1,TRUE,180.263000000035
"4792","Y=~y2",0.739,0.04,0.7,"Mplus",7466,7572638,1000,"ordinal","uniform","skewed","Symmetric","2",1,TRUE,180.263000000035
"4793","Y=~y3",0.926,0.031,0.9,"Mplus",7466,7572638,1000,"ordinal","uniform","skewed","Symmetric","2",1,TRUE,180.263000000035
"4794","Y~X",0.32,0.047,0.4,"Mplus",7466,7572638,1000,"ordinal","uniform","skewed","Symmetric","2",1,TRUE,180.263000000035
"4795","Y~Z",0.532,0.042,0.5,"Mplus",7466,7572638,1000,"ordinal","uniform","skewed","Symmetric","2",1,TRUE,180.263000000035
"4796","Y~X:Z",0.431,0.056,0.3,"Mplus",7466,7572638,1000,"ordinal","uniform","skewed","Symmetric","2",1,TRUE,180.263000000035
"4797","X~~Z",0.259,0.049,0.2,"Mplus",7466,7572638,1000,"ordinal","uniform","skewed","Symmetric","2",1,TRUE,180.263000000035
"4798","X=~x1",0.311890939876994,0.0342351956798624,0.4,"LSAM",7466,7572638,1000,"ordinal","uniform","skewed","Symmetric","2",1,TRUE,0.48599999997532
"4799","X=~x2",0.702218953585275,0.0778283891167414,0.8,"LSAM",7466,7572638,1000,"ordinal","uniform","skewed","Symmetric","2",1,TRUE,0.48599999997532
"4800","X=~x3",0.720463182312514,0.0787584552835613,0.8,"LSAM",7466,7572638,1000,"ordinal","uniform","skewed","Symmetric","2",1,TRUE,0.48599999997532
"4801","Z=~z1",0.520485920711624,0.0714926465232436,0.6,"LSAM",7466,7572638,1000,"ordinal","uniform","skewed","Symmetric","2",1,TRUE,0.48599999997532
"4802","Z=~z2",0.55897841015903,0.0835388359187933,0.6,"LSAM",7466,7572638,1000,"ordinal","uniform","skewed","Symmetric","2",1,TRUE,0.48599999997532
"4803","Z=~z3",0.718060449633174,0.083934518915012,0.8,"LSAM",7466,7572638,1000,"ordinal","uniform","skewed","Symmetric","2",1,TRUE,0.48599999997532
"4804","Y=~y1",0.312456428778742,0.00956232733527972,0.4,"LSAM",7466,7572638,1000,"ordinal","uniform","skewed","Symmetric","2",1,TRUE,0.48599999997532
"4805","Y=~y2",0.667346447204715,0.0685745785849211,0.7,"LSAM",7466,7572638,1000,"ordinal","uniform","skewed","Symmetric","2",1,TRUE,0.48599999997532
"4806","Y=~y3",0.699810264387724,0.0722805986956362,0.9,"LSAM",7466,7572638,1000,"ordinal","uniform","skewed","Symmetric","2",1,TRUE,0.48599999997532
"4807","Y~X",0.299204672893512,0.0811155384249526,0.4,"LSAM",7466,7572638,1000,"ordinal","uniform","skewed","Symmetric","2",1,TRUE,0.48599999997532
"4808","Y~Z",0.513736134735838,0.169799086777409,0.5,"LSAM",7466,7572638,1000,"ordinal","uniform","skewed","Symmetric","2",1,TRUE,0.48599999997532
"4809","Y~X:Z",0.314356668916352,0.0628064350184198,0.3,"LSAM",7466,7572638,1000,"ordinal","uniform","skewed","Symmetric","2",1,TRUE,0.48599999997532
"4810","X~~Z",0.241631056396373,0.0601424066576802,0.2,"LSAM",7466,7572638,1000,"ordinal","uniform","skewed","Symmetric","2",1,TRUE,0.48599999997532
"4811","X=~x1",0.515881583871183,0.0745832463580048,0.4,"MC-PLSc",7467,9720263,300,"ordinal","uniform","skewed","Symmetric","3",1,TRUE,13.8040000000037
"4812","X=~x2",0.738609202917279,0.0650094031509253,0.8,"MC-PLSc",7467,9720263,300,"ordinal","uniform","skewed","Symmetric","3",1,TRUE,13.8040000000037
"4813","X=~x3",0.815796706097623,0.0609583751596512,0.8,"MC-PLSc",7467,9720263,300,"ordinal","uniform","skewed","Symmetric","3",1,TRUE,13.8040000000037
"4814","Z=~z1",0.596618133447424,0.0737003449508558,0.6,"MC-PLSc",7467,9720263,300,"ordinal","uniform","skewed","Symmetric","3",1,TRUE,13.8040000000037
"4815","Z=~z2",0.485476740146237,0.0766350855810805,0.6,"MC-PLSc",7467,9720263,300,"ordinal","uniform","skewed","Symmetric","3",1,TRUE,13.8040000000037
"4816","Z=~z3",0.797374400288814,0.0793574521865015,0.8,"MC-PLSc",7467,9720263,300,"ordinal","uniform","skewed","Symmetric","3",1,TRUE,13.8040000000037
"4817","Y=~y1",0.393521501779449,0.0694767131735556,0.4,"MC-PLSc",7467,9720263,300,"ordinal","uniform","skewed","Symmetric","3",1,TRUE,13.8040000000037
"4818","Y=~y2",0.68347242766447,0.0659673217720579,0.7,"MC-PLSc",7467,9720263,300,"ordinal","uniform","skewed","Symmetric","3",1,TRUE,13.8040000000037
"4819","Y=~y3",0.904503045821838,0.0533104779267266,0.9,"MC-PLSc",7467,9720263,300,"ordinal","uniform","skewed","Symmetric","3",1,TRUE,13.8040000000037
"4820","Y~X",0.387462539311216,0.0689164954154701,0.4,"MC-PLSc",7467,9720263,300,"ordinal","uniform","skewed","Symmetric","3",1,TRUE,13.8040000000037
"4821","Y~Z",0.52617571500917,0.0706875655222002,0.5,"MC-PLSc",7467,9720263,300,"ordinal","uniform","skewed","Symmetric","3",1,TRUE,13.8040000000037
"4822","Y~X:Z",0.526209013415525,0.086843489236566,0.3,"MC-PLSc",7467,9720263,300,"ordinal","uniform","skewed","Symmetric","3",1,TRUE,13.8040000000037
"4823","X~~Z",0.278783347182758,0.0941956329462593,0.2,"MC-PLSc",7467,9720263,300,"ordinal","uniform","skewed","Symmetric","3",1,TRUE,13.8040000000037
"4824","X=~x1",0.516761996142653,0.0844729746059352,0.4,"PLSc",7467,9720263,300,"ordinal","uniform","skewed","Symmetric","3",1,TRUE,1.29500000004191
"4825","X=~x2",0.637369765039157,0.0839403521510169,0.8,"PLSc",7467,9720263,300,"ordinal","uniform","skewed","Symmetric","3",1,TRUE,1.29500000004191
"4826","X=~x3",0.700534483046678,0.0800928702298171,0.8,"PLSc",7467,9720263,300,"ordinal","uniform","skewed","Symmetric","3",1,TRUE,1.29500000004191
"4827","Z=~z1",0.560617923905938,0.0703334727701496,0.6,"PLSc",7467,9720263,300,"ordinal","uniform","skewed","Symmetric","3",1,TRUE,1.29500000004191
"4828","Z=~z2",0.389453778796256,0.0929009046172865,0.6,"PLSc",7467,9720263,300,"ordinal","uniform","skewed","Symmetric","3",1,TRUE,1.29500000004191
"4829","Z=~z3",0.706679080163849,0.076458013696685,0.8,"PLSc",7467,9720263,300,"ordinal","uniform","skewed","Symmetric","3",1,TRUE,1.29500000004191
"4830","Y=~y1",0.332505181443789,0.0726203496665619,0.4,"PLSc",7467,9720263,300,"ordinal","uniform","skewed","Symmetric","3",1,TRUE,1.29500000004191
"4831","Y=~y2",0.613301931462139,0.0604905520769924,0.7,"PLSc",7467,9720263,300,"ordinal","uniform","skewed","Symmetric","3",1,TRUE,1.29500000004191
"4832","Y=~y3",0.74376481971674,0.0593880339398657,0.9,"PLSc",7467,9720263,300,"ordinal","uniform","skewed","Symmetric","3",1,TRUE,1.29500000004191
"4833","Y~X",0.34290260902248,2.37161118757083,0.4,"PLSc",7467,9720263,300,"ordinal","uniform","skewed","Symmetric","3",1,TRUE,1.29500000004191
"4834","Y~Z",0.524228875905939,2.89284491896161,0.5,"PLSc",7467,9720263,300,"ordinal","uniform","skewed","Symmetric","3",1,TRUE,1.29500000004191
"4835","Y~X:Z",0.541375805934819,7.9454498013448,0.3,"PLSc",7467,9720263,300,"ordinal","uniform","skewed","Symmetric","3",1,TRUE,1.29500000004191
"4836","X~~Z",0.281477291695466,0.0883709712411707,0.2,"PLSc",7467,9720263,300,"ordinal","uniform","skewed","Symmetric","3",1,TRUE,1.29500000004191
"4837","X=~x1",0.629690362009983,0.0642096714369503,0.4,"PLS",7467,9720263,300,"ordinal","uniform","skewed","Symmetric","3",1,TRUE,0.879000000015367
"4838","X=~x2",0.804513302577615,0.0354785297126629,0.8,"PLS",7467,9720263,300,"ordinal","uniform","skewed","Symmetric","3",1,TRUE,0.879000000015367
"4839","X=~x3",0.843287133194124,0.0306177838151196,0.8,"PLS",7467,9720263,300,"ordinal","uniform","skewed","Symmetric","3",1,TRUE,0.879000000015367
"4840","Z=~z1",0.717887400103023,0.0520624199663255,0.6,"PLS",7467,9720263,300,"ordinal","uniform","skewed","Symmetric","3",1,TRUE,0.879000000015367
"4841","Z=~z2",0.614309244096254,0.0759306657484563,0.6,"PLS",7467,9720263,300,"ordinal","uniform","skewed","Symmetric","3",1,TRUE,0.879000000015367
"4842","Z=~z3",0.840057081292896,0.0329354732916378,0.8,"PLS",7467,9720263,300,"ordinal","uniform","skewed","Symmetric","3",1,TRUE,0.879000000015367
"4843","Y=~y1",0.509103747604537,0.0750063544412357,0.4,"PLS",7467,9720263,300,"ordinal","uniform","skewed","Symmetric","3",1,TRUE,0.879000000015367
"4844","Y=~y2",0.772209026751899,0.0384867790182732,0.7,"PLS",7467,9720263,300,"ordinal","uniform","skewed","Symmetric","3",1,TRUE,0.879000000015367
"4845","Y=~y3",0.868722703471796,0.0214563033022376,0.9,"PLS",7467,9720263,300,"ordinal","uniform","skewed","Symmetric","3",1,TRUE,0.879000000015367
"4846","Y~X",0.293498186830999,0.0461377340564297,0.4,"PLS",7467,9720263,300,"ordinal","uniform","skewed","Symmetric","3",1,TRUE,0.879000000015367
"4847","Y~Z",0.353028430943223,0.0467940083465259,0.5,"PLS",7467,9720263,300,"ordinal","uniform","skewed","Symmetric","3",1,TRUE,0.879000000015367
"4848","Y~X:Z",0.257041484737073,0.0457970856626624,0.3,"PLS",7467,9720263,300,"ordinal","uniform","skewed","Symmetric","3",1,TRUE,0.879000000015367
"4849","X~~Z",0.179183057176661,0.0569038854032197,0.2,"PLS",7467,9720263,300,"ordinal","uniform","skewed","Symmetric","3",1,TRUE,0.879000000015367
"4850","X=~x1",0.437,0.066,0.4,"Mplus",7467,9720263,300,"ordinal","uniform","skewed","Symmetric","3",1,TRUE,219.310000000056
"4851","X=~x2",0.782,0.054,0.8,"Mplus",7467,9720263,300,"ordinal","uniform","skewed","Symmetric","3",1,TRUE,219.310000000056
"4852","X=~x3",0.819,0.052,0.8,"Mplus",7467,9720263,300,"ordinal","uniform","skewed","Symmetric","3",1,TRUE,219.310000000056
"4853","Z=~z1",0.51,0.079,0.6,"Mplus",7467,9720263,300,"ordinal","uniform","skewed","Symmetric","3",1,TRUE,219.310000000056
"4854","Z=~z2",0.491,0.07,0.6,"Mplus",7467,9720263,300,"ordinal","uniform","skewed","Symmetric","3",1,TRUE,219.310000000056
"4855","Z=~z3",0.892,0.078,0.8,"Mplus",7467,9720263,300,"ordinal","uniform","skewed","Symmetric","3",1,TRUE,219.310000000056
"4856","Y=~y1",0.37,0.065,0.4,"Mplus",7467,9720263,300,"ordinal","uniform","skewed","Symmetric","3",1,TRUE,219.310000000056
"4857","Y=~y2",0.622,0.067,0.7,"Mplus",7467,9720263,300,"ordinal","uniform","skewed","Symmetric","3",1,TRUE,219.310000000056
"4858","Y=~y3",0.927,0.064,0.9,"Mplus",7467,9720263,300,"ordinal","uniform","skewed","Symmetric","3",1,TRUE,219.310000000056
"4859","Y~X",0.407,0.077,0.4,"Mplus",7467,9720263,300,"ordinal","uniform","skewed","Symmetric","3",1,TRUE,219.310000000056
"4860","Y~Z",0.488,0.068,0.5,"Mplus",7467,9720263,300,"ordinal","uniform","skewed","Symmetric","3",1,TRUE,219.310000000056
"4861","Y~X:Z",0.478,0.074,0.3,"Mplus",7467,9720263,300,"ordinal","uniform","skewed","Symmetric","3",1,TRUE,219.310000000056
"4862","X~~Z",0.175,0.084,0.2,"Mplus",7467,9720263,300,"ordinal","uniform","skewed","Symmetric","3",1,TRUE,219.310000000056
"4863","X=~x1",0.386505838810297,0.0616178515755395,0.4,"LSAM",7467,9720263,300,"ordinal","uniform","skewed","Symmetric","3",1,TRUE,0.463999999978114
"4864","X=~x2",0.671669813760207,0.108713029393912,0.8,"LSAM",7467,9720263,300,"ordinal","uniform","skewed","Symmetric","3",1,TRUE,0.463999999978114
"4865","X=~x3",0.803491494189282,0.112739140785389,0.8,"LSAM",7467,9720263,300,"ordinal","uniform","skewed","Symmetric","3",1,TRUE,0.463999999978114
"4866","Z=~z1",0.454642338484521,0.0642062900877431,0.6,"LSAM",7467,9720263,300,"ordinal","uniform","skewed","Symmetric","3",1,TRUE,0.463999999978114
"4867","Z=~z2",0.467406382166975,0.103334073709992,0.6,"LSAM",7467,9720263,300,"ordinal","uniform","skewed","Symmetric","3",1,TRUE,0.463999999978114
"4868","Z=~z3",0.757794242994602,0.145461080499538,0.8,"LSAM",7467,9720263,300,"ordinal","uniform","skewed","Symmetric","3",1,TRUE,0.463999999978114
"4869","Y=~y1",0.325686351467754,0.0196743485135367,0.4,"LSAM",7467,9720263,300,"ordinal","uniform","skewed","Symmetric","3",1,TRUE,0.463999999978114
"4870","Y=~y2",0.469012932459364,0.0832192945301417,0.7,"LSAM",7467,9720263,300,"ordinal","uniform","skewed","Symmetric","3",1,TRUE,0.463999999978114
"4871","Y=~y3",0.949693783043168,0.168155474896292,0.9,"LSAM",7467,9720263,300,"ordinal","uniform","skewed","Symmetric","3",1,TRUE,0.463999999978114
"4872","Y~X",0.264407253952438,0.174301429811333,0.4,"LSAM",7467,9720263,300,"ordinal","uniform","skewed","Symmetric","3",1,TRUE,0.463999999978114
"4873","Y~Z",0.428992475960453,0.207015085812362,0.5,"LSAM",7467,9720263,300,"ordinal","uniform","skewed","Symmetric","3",1,TRUE,0.463999999978114
"4874","Y~X:Z",0.452225078003957,0.208900783065449,0.3,"LSAM",7467,9720263,300,"ordinal","uniform","skewed","Symmetric","3",1,TRUE,0.463999999978114
"4875","X~~Z",0.187363857744474,0.131987076683117,0.2,"LSAM",7467,9720263,300,"ordinal","uniform","skewed","Symmetric","3",1,TRUE,0.463999999978114
"4876","X=~x1",0.381758454986406,0.0425026032284723,0.4,"MC-PLSc",7468,1904811,1000,"ordinal","uniform","skewed","Symmetric","3",1,TRUE,15.6339999999618
"4877","X=~x2",0.820660782256144,0.0362968246757868,0.8,"MC-PLSc",7468,1904811,1000,"ordinal","uniform","skewed","Symmetric","3",1,TRUE,15.6339999999618
"4878","X=~x3",0.801926145682792,0.033852031301532,0.8,"MC-PLSc",7468,1904811,1000,"ordinal","uniform","skewed","Symmetric","3",1,TRUE,15.6339999999618
"4879","Z=~z1",0.589951936836203,0.0355936324527005,0.6,"MC-PLSc",7468,1904811,1000,"ordinal","uniform","skewed","Symmetric","3",1,TRUE,15.6339999999618
"4880","Z=~z2",0.568305145979422,0.0431325071933932,0.6,"MC-PLSc",7468,1904811,1000,"ordinal","uniform","skewed","Symmetric","3",1,TRUE,15.6339999999618
"4881","Z=~z3",0.808611409220196,0.0407557010454174,0.8,"MC-PLSc",7468,1904811,1000,"ordinal","uniform","skewed","Symmetric","3",1,TRUE,15.6339999999618
"4882","Y=~y1",0.410864228976471,0.0471790107722536,0.4,"MC-PLSc",7468,1904811,1000,"ordinal","uniform","skewed","Symmetric","3",1,TRUE,15.6339999999618
"4883","Y=~y2",0.7096351231469,0.0292572742815234,0.7,"MC-PLSc",7468,1904811,1000,"ordinal","uniform","skewed","Symmetric","3",1,TRUE,15.6339999999618
"4884","Y=~y3",0.924433698853133,0.0265766819184629,0.9,"MC-PLSc",7468,1904811,1000,"ordinal","uniform","skewed","Symmetric","3",1,TRUE,15.6339999999618
"4885","Y~X",0.410616485224596,0.0415093386286172,0.4,"MC-PLSc",7468,1904811,1000,"ordinal","uniform","skewed","Symmetric","3",1,TRUE,15.6339999999618
"4886","Y~Z",0.498003692601148,0.0404972760683756,0.5,"MC-PLSc",7468,1904811,1000,"ordinal","uniform","skewed","Symmetric","3",1,TRUE,15.6339999999618
"4887","Y~X:Z",0.345400119570045,0.0485887682075817,0.3,"MC-PLSc",7468,1904811,1000,"ordinal","uniform","skewed","Symmetric","3",1,TRUE,15.6339999999618
"4888","X~~Z",0.322190975073437,0.046179620605802,0.2,"MC-PLSc",7468,1904811,1000,"ordinal","uniform","skewed","Symmetric","3",1,TRUE,15.6339999999618
"4889","X=~x1",0.346558052598856,0.0551726243564328,0.4,"PLSc",7468,1904811,1000,"ordinal","uniform","skewed","Symmetric","3",1,TRUE,1.34600000001956
"4890","X=~x2",0.725553211372929,0.0404423375030835,0.8,"PLSc",7468,1904811,1000,"ordinal","uniform","skewed","Symmetric","3",1,TRUE,1.34600000001956
"4891","X=~x3",0.724233133739431,0.0377067679354195,0.8,"PLSc",7468,1904811,1000,"ordinal","uniform","skewed","Symmetric","3",1,TRUE,1.34600000001956
"4892","Z=~z1",0.527809636590267,0.0400808077887569,0.6,"PLSc",7468,1904811,1000,"ordinal","uniform","skewed","Symmetric","3",1,TRUE,1.34600000001956
"4893","Z=~z2",0.511719351098042,0.043481870744205,0.6,"PLSc",7468,1904811,1000,"ordinal","uniform","skewed","Symmetric","3",1,TRUE,1.34600000001956
"4894","Z=~z3",0.715364565012519,0.0369874638612111,0.8,"PLSc",7468,1904811,1000,"ordinal","uniform","skewed","Symmetric","3",1,TRUE,1.34600000001956
"4895","Y=~y1",0.351554016240659,0.0457217094452568,0.4,"PLSc",7468,1904811,1000,"ordinal","uniform","skewed","Symmetric","3",1,TRUE,1.34600000001956
"4896","Y=~y2",0.62318059278668,0.0306770796161112,0.7,"PLSc",7468,1904811,1000,"ordinal","uniform","skewed","Symmetric","3",1,TRUE,1.34600000001956
"4897","Y=~y3",0.815669220241128,0.0277742390406114,0.9,"PLSc",7468,1904811,1000,"ordinal","uniform","skewed","Symmetric","3",1,TRUE,1.34600000001956
"4898","Y~X",0.406346412078688,0.0475640949266395,0.4,"PLSc",7468,1904811,1000,"ordinal","uniform","skewed","Symmetric","3",1,TRUE,1.34600000001956
"4899","Y~Z",0.49444587601994,0.0509358148468857,0.5,"PLSc",7468,1904811,1000,"ordinal","uniform","skewed","Symmetric","3",1,TRUE,1.34600000001956
"4900","Y~X:Z",0.321516730787752,0.0680719013931675,0.3,"PLSc",7468,1904811,1000,"ordinal","uniform","skewed","Symmetric","3",1,TRUE,1.34600000001956
"4901","X~~Z",0.321476790016179,0.0434788413007709,0.2,"PLSc",7468,1904811,1000,"ordinal","uniform","skewed","Symmetric","3",1,TRUE,1.34600000001956
"4902","X=~x1",0.495570249144859,0.0463188532882127,0.4,"PLS",7468,1904811,1000,"ordinal","uniform","skewed","Symmetric","3",1,TRUE,0.948000000033062
"4903","X=~x2",0.853628940917414,0.0159560079308755,0.8,"PLS",7468,1904811,1000,"ordinal","uniform","skewed","Symmetric","3",1,TRUE,0.948000000033062
"4904","X=~x3",0.848492754432331,0.0155881504795516,0.8,"PLS",7468,1904811,1000,"ordinal","uniform","skewed","Symmetric","3",1,TRUE,0.948000000033062
"4905","Z=~z1",0.704502645265015,0.0262176370762902,0.6,"PLS",7468,1904811,1000,"ordinal","uniform","skewed","Symmetric","3",1,TRUE,0.948000000033062
"4906","Z=~z2",0.688184950670311,0.0302554446456962,0.6,"PLS",7468,1904811,1000,"ordinal","uniform","skewed","Symmetric","3",1,TRUE,0.948000000033062
"4907","Z=~z3",0.837804796398056,0.0150800183244638,0.8,"PLS",7468,1904811,1000,"ordinal","uniform","skewed","Symmetric","3",1,TRUE,0.948000000033062
"4908","Y=~y1",0.522658363889953,0.0424427589570736,0.4,"PLS",7468,1904811,1000,"ordinal","uniform","skewed","Symmetric","3",1,TRUE,0.948000000033062
"4909","Y=~y2",0.795765571940515,0.0179187134363671,0.7,"PLS",7468,1904811,1000,"ordinal","uniform","skewed","Symmetric","3",1,TRUE,0.948000000033062
"4910","Y=~y3",0.880716182565401,0.00945967545276951,0.9,"PLS",7468,1904811,1000,"ordinal","uniform","skewed","Symmetric","3",1,TRUE,0.948000000033062
"4911","Y~X",0.322351664044909,0.025758410491321,0.4,"PLS",7468,1904811,1000,"ordinal","uniform","skewed","Symmetric","3",1,TRUE,0.948000000033062
"4912","Y~Z",0.353620927695658,0.0263324868018343,0.5,"PLS",7468,1904811,1000,"ordinal","uniform","skewed","Symmetric","3",1,TRUE,0.948000000033062
"4913","Y~X:Z",0.169299693765163,0.0261152191782049,0.3,"PLS",7468,1904811,1000,"ordinal","uniform","skewed","Symmetric","3",1,TRUE,0.948000000033062
"4914","X~~Z",0.21295215259506,0.0287639517949973,0.2,"PLS",7468,1904811,1000,"ordinal","uniform","skewed","Symmetric","3",1,TRUE,0.948000000033062
"4915","X=~x1",0.363,0.036,0.4,"Mplus",7468,1904811,1000,"ordinal","uniform","skewed","Symmetric","3",1,TRUE,581.162000000011
"4916","X=~x2",0.812,0.031,0.8,"Mplus",7468,1904811,1000,"ordinal","uniform","skewed","Symmetric","3",1,TRUE,581.162000000011
"4917","X=~x3",0.799,0.031,0.8,"Mplus",7468,1904811,1000,"ordinal","uniform","skewed","Symmetric","3",1,TRUE,581.162000000011
"4918","Z=~z1",0.569,0.034,0.6,"Mplus",7468,1904811,1000,"ordinal","uniform","skewed","Symmetric","3",1,TRUE,581.162000000011
"4919","Z=~z2",0.542,0.035,0.6,"Mplus",7468,1904811,1000,"ordinal","uniform","skewed","Symmetric","3",1,TRUE,581.162000000011
"4920","Z=~z3",0.815,0.032,0.8,"Mplus",7468,1904811,1000,"ordinal","uniform","skewed","Symmetric","3",1,TRUE,581.162000000011
"4921","Y=~y1",0.407,0.036,0.4,"Mplus",7468,1904811,1000,"ordinal","uniform","skewed","Symmetric","3",1,TRUE,581.162000000011
"4922","Y=~y2",0.688,0.03,0.7,"Mplus",7468,1904811,1000,"ordinal","uniform","skewed","Symmetric","3",1,TRUE,581.162000000011
"4923","Y=~y3",0.917,0.025,0.9,"Mplus",7468,1904811,1000,"ordinal","uniform","skewed","Symmetric","3",1,TRUE,581.162000000011
"4924","Y~X",0.42,0.038,0.4,"Mplus",7468,1904811,1000,"ordinal","uniform","skewed","Symmetric","3",1,TRUE,581.162000000011
"4925","Y~Z",0.493,0.037,0.5,"Mplus",7468,1904811,1000,"ordinal","uniform","skewed","Symmetric","3",1,TRUE,581.162000000011
"4926","Y~X:Z",0.315,0.044,0.3,"Mplus",7468,1904811,1000,"ordinal","uniform","skewed","Symmetric","3",1,TRUE,581.162000000011
"4927","X~~Z",0.312,0.041,0.2,"Mplus",7468,1904811,1000,"ordinal","uniform","skewed","Symmetric","3",1,TRUE,581.162000000011
"4928","X=~x1",0.329854775627669,0.0342041457726331,0.4,"LSAM",7468,1904811,1000,"ordinal","uniform","skewed","Symmetric","3",1,TRUE,0.522999999986496
"4929","X=~x2",0.760783616842706,0.0725042582253275,0.8,"LSAM",7468,1904811,1000,"ordinal","uniform","skewed","Symmetric","3",1,TRUE,0.522999999986496
"4930","X=~x3",0.703000736850992,0.0707177298200967,0.8,"LSAM",7468,1904811,1000,"ordinal","uniform","skewed","Symmetric","3",1,TRUE,0.522999999986496
"4931","Z=~z1",0.511236528532408,0.0295782209380403,0.6,"LSAM",7468,1904811,1000,"ordinal","uniform","skewed","Symmetric","3",1,TRUE,0.522999999986496
"4932","Z=~z2",0.493483548820165,0.0500634827807157,0.6,"LSAM",7468,1904811,1000,"ordinal","uniform","skewed","Symmetric","3",1,TRUE,0.522999999986496
"4933","Z=~z3",0.752991787207181,0.0658314796391031,0.8,"LSAM",7468,1904811,1000,"ordinal","uniform","skewed","Symmetric","3",1,TRUE,0.522999999986496
"4934","Y=~y1",0.362715790698614,0.0119309483650427,0.4,"LSAM",7468,1904811,1000,"ordinal","uniform","skewed","Symmetric","3",1,TRUE,0.522999999986496
"4935","Y=~y2",0.624392643591452,0.0515682638816954,0.7,"LSAM",7468,1904811,1000,"ordinal","uniform","skewed","Symmetric","3",1,TRUE,0.522999999986496
"4936","Y=~y3",0.804436475735634,0.0651156254288132,0.9,"LSAM",7468,1904811,1000,"ordinal","uniform","skewed","Symmetric","3",1,TRUE,0.522999999986496
"4937","Y~X",0.409074835936073,0.0512540655067349,0.4,"LSAM",7468,1904811,1000,"ordinal","uniform","skewed","Symmetric","3",1,TRUE,0.522999999986496
"4938","Y~Z",0.481521357211684,0.082234625429835,0.5,"LSAM",7468,1904811,1000,"ordinal","uniform","skewed","Symmetric","3",1,TRUE,0.522999999986496
"4939","Y~X:Z",0.297011129256837,0.062594089023447,0.3,"LSAM",7468,1904811,1000,"ordinal","uniform","skewed","Symmetric","3",1,TRUE,0.522999999986496
"4940","X~~Z",0.310032541404202,0.0450210156103461,0.2,"LSAM",7468,1904811,1000,"ordinal","uniform","skewed","Symmetric","3",1,TRUE,0.522999999986496
"4941","X=~x1",0.361345274658861,0.0854155061222466,0.4,"MC-PLSc",7469,1498745,300,"ordinal","uniform","skewed","Symmetric","5",1,TRUE,17.1080000000075
"4942","X=~x2",0.809430523166876,0.0682048221804647,0.8,"MC-PLSc",7469,1498745,300,"ordinal","uniform","skewed","Symmetric","5",1,TRUE,17.1080000000075
"4943","X=~x3",0.801049233163121,0.0755741375027657,0.8,"MC-PLSc",7469,1498745,300,"ordinal","uniform","skewed","Symmetric","5",1,TRUE,17.1080000000075
"4944","Z=~z1",0.55319808715682,0.0620589473893692,0.6,"MC-PLSc",7469,1498745,300,"ordinal","uniform","skewed","Symmetric","5",1,TRUE,17.1080000000075
"4945","Z=~z2",0.68482017899053,0.0627667422898456,0.6,"MC-PLSc",7469,1498745,300,"ordinal","uniform","skewed","Symmetric","5",1,TRUE,17.1080000000075
"4946","Z=~z3",0.829068941560531,0.0490404501028015,0.8,"MC-PLSc",7469,1498745,300,"ordinal","uniform","skewed","Symmetric","5",1,TRUE,17.1080000000075
"4947","Y=~y1",0.35052510878361,0.0726359754882249,0.4,"MC-PLSc",7469,1498745,300,"ordinal","uniform","skewed","Symmetric","5",1,TRUE,17.1080000000075
"4948","Y=~y2",0.663907241207946,0.0544580143781026,0.7,"MC-PLSc",7469,1498745,300,"ordinal","uniform","skewed","Symmetric","5",1,TRUE,17.1080000000075
"4949","Y=~y3",0.879883936455522,0.0521015575333762,0.9,"MC-PLSc",7469,1498745,300,"ordinal","uniform","skewed","Symmetric","5",1,TRUE,17.1080000000075
"4950","Y~X",0.287205309112101,0.0618799453382288,0.4,"MC-PLSc",7469,1498745,300,"ordinal","uniform","skewed","Symmetric","5",1,TRUE,17.1080000000075
"4951","Y~Z",0.591306118052932,0.0615200981730251,0.5,"MC-PLSc",7469,1498745,300,"ordinal","uniform","skewed","Symmetric","5",1,TRUE,17.1080000000075
"4952","Y~X:Z",0.338247939139243,0.066569826789421,0.3,"MC-PLSc",7469,1498745,300,"ordinal","uniform","skewed","Symmetric","5",1,TRUE,17.1080000000075
"4953","X~~Z",0.185957124790166,0.0838685641826539,0.2,"MC-PLSc",7469,1498745,300,"ordinal","uniform","skewed","Symmetric","5",1,TRUE,17.1080000000075
"4954","X=~x1",0.347056904357067,0.140963217741171,0.4,"PLSc",7469,1498745,300,"ordinal","uniform","skewed","Symmetric","5",1,TRUE,1.26299999997718
"4955","X=~x2",0.78102044948203,0.0918844557609552,0.8,"PLSc",7469,1498745,300,"ordinal","uniform","skewed","Symmetric","5",1,TRUE,1.26299999997718
"4956","X=~x3",0.755536468301903,0.103763626927874,0.8,"PLSc",7469,1498745,300,"ordinal","uniform","skewed","Symmetric","5",1,TRUE,1.26299999997718
"4957","Z=~z1",0.483614981911334,0.0759777088643454,0.6,"PLSc",7469,1498745,300,"ordinal","uniform","skewed","Symmetric","5",1,TRUE,1.26299999997718
"4958","Z=~z2",0.692604382630568,0.0609259922356409,0.6,"PLSc",7469,1498745,300,"ordinal","uniform","skewed","Symmetric","5",1,TRUE,1.26299999997718
"4959","Z=~z3",0.791713921307144,0.0574366119070487,0.8,"PLSc",7469,1498745,300,"ordinal","uniform","skewed","Symmetric","5",1,TRUE,1.26299999997718
"4960","Y=~y1",0.391540871708573,0.0716660956749037,0.4,"PLSc",7469,1498745,300,"ordinal","uniform","skewed","Symmetric","5",1,TRUE,1.26299999997718
"4961","Y=~y2",0.601696996803294,0.0636751216534295,0.7,"PLSc",7469,1498745,300,"ordinal","uniform","skewed","Symmetric","5",1,TRUE,1.26299999997718
"4962","Y=~y3",0.800283394936078,0.0559239257156587,0.9,"PLSc",7469,1498745,300,"ordinal","uniform","skewed","Symmetric","5",1,TRUE,1.26299999997718
"4963","Y~X",0.294640009847574,0.0664410370708339,0.4,"PLSc",7469,1498745,300,"ordinal","uniform","skewed","Symmetric","5",1,TRUE,1.26299999997718
"4964","Y~Z",0.592304909598339,0.0750214138029218,0.5,"PLSc",7469,1498745,300,"ordinal","uniform","skewed","Symmetric","5",1,TRUE,1.26299999997718
"4965","Y~X:Z",0.307512870574818,0.0881316850620481,0.3,"PLSc",7469,1498745,300,"ordinal","uniform","skewed","Symmetric","5",1,TRUE,1.26299999997718
"4966","X~~Z",0.186092018680872,0.0773006351224505,0.2,"PLSc",7469,1498745,300,"ordinal","uniform","skewed","Symmetric","5",1,TRUE,1.26299999997718
"4967","X=~x1",0.495000607375182,0.100997653751369,0.4,"PLS",7469,1498745,300,"ordinal","uniform","skewed","Symmetric","5",1,TRUE,0.914999999979045
"4968","X=~x2",0.873138337213261,0.0299191849734179,0.8,"PLS",7469,1498745,300,"ordinal","uniform","skewed","Symmetric","5",1,TRUE,0.914999999979045
"4969","X=~x3",0.869508004551169,0.0346265036875147,0.8,"PLS",7469,1498745,300,"ordinal","uniform","skewed","Symmetric","5",1,TRUE,0.914999999979045
"4970","Z=~z1",0.693062004777105,0.0468892319881961,0.6,"PLS",7469,1498745,300,"ordinal","uniform","skewed","Symmetric","5",1,TRUE,0.914999999979045
"4971","Z=~z2",0.795087458859858,0.0324457585709279,0.6,"PLS",7469,1498745,300,"ordinal","uniform","skewed","Symmetric","5",1,TRUE,0.914999999979045
"4972","Z=~z3",0.861895544070604,0.020037289297795,0.8,"PLS",7469,1498745,300,"ordinal","uniform","skewed","Symmetric","5",1,TRUE,0.914999999979045
"4973","Y=~y1",0.492601559605497,0.0764530446720505,0.4,"PLS",7469,1498745,300,"ordinal","uniform","skewed","Symmetric","5",1,TRUE,0.914999999979045
"4974","Y=~y2",0.803059193581119,0.0326765821167749,0.7,"PLS",7469,1498745,300,"ordinal","uniform","skewed","Symmetric","5",1,TRUE,0.914999999979045
"4975","Y=~y3",0.889759000096716,0.0168071354246568,0.9,"PLS",7469,1498745,300,"ordinal","uniform","skewed","Symmetric","5",1,TRUE,0.914999999979045
"4976","Y~X",0.234602771595265,0.0423515513528078,0.4,"PLS",7469,1498745,300,"ordinal","uniform","skewed","Symmetric","5",1,TRUE,0.914999999979045
"4977","Y~Z",0.435650579809811,0.0422523640682389,0.5,"PLS",7469,1498745,300,"ordinal","uniform","skewed","Symmetric","5",1,TRUE,0.914999999979045
"4978","Y~X:Z",0.203542786143349,0.038789939194628,0.3,"PLS",7469,1498745,300,"ordinal","uniform","skewed","Symmetric","5",1,TRUE,0.914999999979045
"4979","X~~Z",0.137008839342778,0.0562018522011394,0.2,"PLS",7469,1498745,300,"ordinal","uniform","skewed","Symmetric","5",1,TRUE,0.914999999979045
"4980","X=~x1",0.348,0.067,0.4,"Mplus",7469,1498745,300,"ordinal","uniform","skewed","Symmetric","5",1,TRUE,221.585999999952
"4981","X=~x2",0.802,0.06,0.8,"Mplus",7469,1498745,300,"ordinal","uniform","skewed","Symmetric","5",1,TRUE,221.585999999952
"4982","X=~x3",0.791,0.06,0.8,"Mplus",7469,1498745,300,"ordinal","uniform","skewed","Symmetric","5",1,TRUE,221.585999999952
"4983","Z=~z1",0.57,0.053,0.6,"Mplus",7469,1498745,300,"ordinal","uniform","skewed","Symmetric","5",1,TRUE,221.585999999952
"4984","Z=~z2",0.663,0.057,0.6,"Mplus",7469,1498745,300,"ordinal","uniform","skewed","Symmetric","5",1,TRUE,221.585999999952
"4985","Z=~z3",0.826,0.049,0.8,"Mplus",7469,1498745,300,"ordinal","uniform","skewed","Symmetric","5",1,TRUE,221.585999999952
"4986","Y=~y1",0.326,0.06,0.4,"Mplus",7469,1498745,300,"ordinal","uniform","skewed","Symmetric","5",1,TRUE,221.585999999952
"4987","Y=~y2",0.655,0.049,0.7,"Mplus",7469,1498745,300,"ordinal","uniform","skewed","Symmetric","5",1,TRUE,221.585999999952
"4988","Y=~y3",0.889,0.047,0.9,"Mplus",7469,1498745,300,"ordinal","uniform","skewed","Symmetric","5",1,TRUE,221.585999999952
"4989","Y~X",0.288,0.063,0.4,"Mplus",7469,1498745,300,"ordinal","uniform","skewed","Symmetric","5",1,TRUE,221.585999999952
"4990","Y~Z",0.561,0.062,0.5,"Mplus",7469,1498745,300,"ordinal","uniform","skewed","Symmetric","5",1,TRUE,221.585999999952
"4991","Y~X:Z",0.267,0.061,0.3,"Mplus",7469,1498745,300,"ordinal","uniform","skewed","Symmetric","5",1,TRUE,221.585999999952
"4992","X~~Z",0.187,0.08,0.2,"Mplus",7469,1498745,300,"ordinal","uniform","skewed","Symmetric","5",1,TRUE,221.585999999952
"4993","X=~x1",0.338005478285958,0.0589981697496987,0.4,"LSAM",7469,1498745,300,"ordinal","uniform","skewed","Symmetric","5",1,TRUE,0.445000000006985
"4994","X=~x2",0.751348335624464,0.113901823117419,0.8,"LSAM",7469,1498745,300,"ordinal","uniform","skewed","Symmetric","5",1,TRUE,0.445000000006985
"4995","X=~x3",0.792485831822407,0.114314627940125,0.8,"LSAM",7469,1498745,300,"ordinal","uniform","skewed","Symmetric","5",1,TRUE,0.445000000006985
"4996","Z=~z1",0.57073419300638,0.0424886006793294,0.6,"LSAM",7469,1498745,300,"ordinal","uniform","skewed","Symmetric","5",1,TRUE,0.445000000006985
"4997","Z=~z2",0.607661019453522,0.0729808205908678,0.6,"LSAM",7469,1498745,300,"ordinal","uniform","skewed","Symmetric","5",1,TRUE,0.445000000006985
"4998","Z=~z3",0.803486789527464,0.0792322837709502,0.8,"LSAM",7469,1498745,300,"ordinal","uniform","skewed","Symmetric","5",1,TRUE,0.445000000006985
"4999","Y=~y1",0.310155127157451,0.0187381406268863,0.4,"LSAM",7469,1498745,300,"ordinal","uniform","skewed","Symmetric","5",1,TRUE,0.445000000006985
"5000","Y=~y2",0.628809029784875,0.0941737204898955,0.7,"LSAM",7469,1498745,300,"ordinal","uniform","skewed","Symmetric","5",1,TRUE,0.445000000006985
"5001","Y=~y3",0.891331018575972,0.127499437499943,0.9,"LSAM",7469,1498745,300,"ordinal","uniform","skewed","Symmetric","5",1,TRUE,0.445000000006985
"5002","Y~X",0.281048033995819,0.0668997513967444,0.4,"LSAM",7469,1498745,300,"ordinal","uniform","skewed","Symmetric","5",1,TRUE,0.445000000006985
"5003","Y~Z",0.531971501022963,0.0748690298710611,0.5,"LSAM",7469,1498745,300,"ordinal","uniform","skewed","Symmetric","5",1,TRUE,0.445000000006985
"5004","Y~X:Z",0.28209597155214,0.0607545709657137,0.3,"LSAM",7469,1498745,300,"ordinal","uniform","skewed","Symmetric","5",1,TRUE,0.445000000006985
"5005","X~~Z",0.199611734183895,0.0801887788124961,0.2,"LSAM",7469,1498745,300,"ordinal","uniform","skewed","Symmetric","5",1,TRUE,0.445000000006985
"5006","X=~x1",0.435311306910628,0.0435867930203715,0.4,"MC-PLSc",7470,7350106,1000,"ordinal","uniform","skewed","Symmetric","5",1,TRUE,19.5430000000051
"5007","X=~x2",0.832886957001989,0.0258598824380064,0.8,"MC-PLSc",7470,7350106,1000,"ordinal","uniform","skewed","Symmetric","5",1,TRUE,19.5430000000051
"5008","X=~x3",0.779981306872685,0.0311046562343196,0.8,"MC-PLSc",7470,7350106,1000,"ordinal","uniform","skewed","Symmetric","5",1,TRUE,19.5430000000051
"5009","Z=~z1",0.64633040804623,0.0282262704762072,0.6,"MC-PLSc",7470,7350106,1000,"ordinal","uniform","skewed","Symmetric","5",1,TRUE,19.5430000000051
"5010","Z=~z2",0.648067871863843,0.0270285825781754,0.6,"MC-PLSc",7470,7350106,1000,"ordinal","uniform","skewed","Symmetric","5",1,TRUE,19.5430000000051
"5011","Z=~z3",0.796103732510306,0.0248761355067803,0.8,"MC-PLSc",7470,7350106,1000,"ordinal","uniform","skewed","Symmetric","5",1,TRUE,19.5430000000051
"5012","Y=~y1",0.435987535148153,0.0311624735190724,0.4,"MC-PLSc",7470,7350106,1000,"ordinal","uniform","skewed","Symmetric","5",1,TRUE,19.5430000000051
"5013","Y=~y2",0.718659024750735,0.0247402445497864,0.7,"MC-PLSc",7470,7350106,1000,"ordinal","uniform","skewed","Symmetric","5",1,TRUE,19.5430000000051
"5014","Y=~y3",0.901733787605396,0.0224809024586658,0.9,"MC-PLSc",7470,7350106,1000,"ordinal","uniform","skewed","Symmetric","5",1,TRUE,19.5430000000051
"5015","Y~X",0.406226058110236,0.0340588725814186,0.4,"MC-PLSc",7470,7350106,1000,"ordinal","uniform","skewed","Symmetric","5",1,TRUE,19.5430000000051
"5016","Y~Z",0.513330188817146,0.03289266720237,0.5,"MC-PLSc",7470,7350106,1000,"ordinal","uniform","skewed","Symmetric","5",1,TRUE,19.5430000000051
"5017","Y~X:Z",0.316527892244059,0.0390489147111319,0.3,"MC-PLSc",7470,7350106,1000,"ordinal","uniform","skewed","Symmetric","5",1,TRUE,19.5430000000051
"5018","X~~Z",0.221073315010185,0.0439156138942164,0.2,"MC-PLSc",7470,7350106,1000,"ordinal","uniform","skewed","Symmetric","5",1,TRUE,19.5430000000051
"5019","X=~x1",0.395409753854191,0.0621709647775292,0.4,"PLSc",7470,7350106,1000,"ordinal","uniform","skewed","Symmetric","5",1,TRUE,1.39000000001397
"5020","X=~x2",0.794991831969219,0.0344569057816337,0.8,"PLSc",7470,7350106,1000,"ordinal","uniform","skewed","Symmetric","5",1,TRUE,1.39000000001397
"5021","X=~x3",0.760571364616159,0.0420845548471589,0.8,"PLSc",7470,7350106,1000,"ordinal","uniform","skewed","Symmetric","5",1,TRUE,1.39000000001397
"5022","Z=~z1",0.622569826542538,0.0385778163018126,0.6,"PLSc",7470,7350106,1000,"ordinal","uniform","skewed","Symmetric","5",1,TRUE,1.39000000001397
"5023","Z=~z2",0.61241633533756,0.038694543800179,0.6,"PLSc",7470,7350106,1000,"ordinal","uniform","skewed","Symmetric","5",1,TRUE,1.39000000001397
"5024","Z=~z3",0.759753025601771,0.0330284037036834,0.8,"PLSc",7470,7350106,1000,"ordinal","uniform","skewed","Symmetric","5",1,TRUE,1.39000000001397
"5025","Y=~y1",0.427822860525775,0.0418420222882892,0.4,"PLSc",7470,7350106,1000,"ordinal","uniform","skewed","Symmetric","5",1,TRUE,1.39000000001397
"5026","Y=~y2",0.664705104376672,0.0305936208886374,0.7,"PLSc",7470,7350106,1000,"ordinal","uniform","skewed","Symmetric","5",1,TRUE,1.39000000001397
"5027","Y=~y3",0.859976055906778,0.0251661154299521,0.9,"PLSc",7470,7350106,1000,"ordinal","uniform","skewed","Symmetric","5",1,TRUE,1.39000000001397
"5028","Y~X",0.409304744062216,0.0382771259438975,0.4,"PLSc",7470,7350106,1000,"ordinal","uniform","skewed","Symmetric","5",1,TRUE,1.39000000001397
"5029","Y~Z",0.514189179329871,0.0353773092234821,0.5,"PLSc",7470,7350106,1000,"ordinal","uniform","skewed","Symmetric","5",1,TRUE,1.39000000001397
"5030","Y~X:Z",0.297755946438341,0.0427810188575595,0.3,"PLSc",7470,7350106,1000,"ordinal","uniform","skewed","Symmetric","5",1,TRUE,1.39000000001397
"5031","X~~Z",0.222302807536237,0.0411110425831523,0.2,"PLSc",7470,7350106,1000,"ordinal","uniform","skewed","Symmetric","5",1,TRUE,1.39000000001397
"5032","X=~x1",0.574904078484164,0.0418556992602116,0.4,"PLS",7470,7350106,1000,"ordinal","uniform","skewed","Symmetric","5",1,TRUE,0.940999999991618
"5033","X=~x2",0.874436098574549,0.0109069128012509,0.8,"PLS",7470,7350106,1000,"ordinal","uniform","skewed","Symmetric","5",1,TRUE,0.940999999991618
"5034","X=~x3",0.856213256609012,0.015860686730293,0.8,"PLS",7470,7350106,1000,"ordinal","uniform","skewed","Symmetric","5",1,TRUE,0.940999999991618
"5035","Z=~z1",0.76177509678046,0.020725599618178,0.6,"PLS",7470,7350106,1000,"ordinal","uniform","skewed","Symmetric","5",1,TRUE,0.940999999991618
"5036","Z=~z2",0.764688061476519,0.019493194652195,0.6,"PLS",7470,7350106,1000,"ordinal","uniform","skewed","Symmetric","5",1,TRUE,0.940999999991618
"5037","Z=~z3",0.845093321586464,0.0111947947168196,0.8,"PLS",7470,7350106,1000,"ordinal","uniform","skewed","Symmetric","5",1,TRUE,0.940999999991618
"5038","Y=~y1",0.579062783343153,0.035577676912733,0.4,"PLS",7470,7350106,1000,"ordinal","uniform","skewed","Symmetric","5",1,TRUE,0.940999999991618
"5039","Y=~y2",0.826414504994722,0.0145966950506343,0.7,"PLS",7470,7350106,1000,"ordinal","uniform","skewed","Symmetric","5",1,TRUE,0.940999999991618
"5040","Y=~y3",0.893421627894434,0.00720715333028557,0.9,"PLS",7470,7350106,1000,"ordinal","uniform","skewed","Symmetric","5",1,TRUE,0.940999999991618
"5041","Y~X",0.329807582335364,0.0242122590501178,0.4,"PLS",7470,7350106,1000,"ordinal","uniform","skewed","Symmetric","5",1,TRUE,0.940999999991618
"5042","Y~Z",0.391789364954004,0.0230905607773975,0.5,"PLS",7470,7350106,1000,"ordinal","uniform","skewed","Symmetric","5",1,TRUE,0.940999999991618
"5043","Y~X:Z",0.18982404226717,0.0226073088050903,0.3,"PLS",7470,7350106,1000,"ordinal","uniform","skewed","Symmetric","5",1,TRUE,0.940999999991618
"5044","X~~Z",0.163257196575833,0.0300748376958906,0.2,"PLS",7470,7350106,1000,"ordinal","uniform","skewed","Symmetric","5",1,TRUE,0.940999999991618
"5045","X=~x1",0.427,0.034,0.4,"Mplus",7470,7350106,1000,"ordinal","uniform","skewed","Symmetric","5",1,TRUE,896.610999999975
"5046","X=~x2",0.823,0.027,0.8,"Mplus",7470,7350106,1000,"ordinal","uniform","skewed","Symmetric","5",1,TRUE,896.610999999975
"5047","X=~x3",0.752,0.028,0.8,"Mplus",7470,7350106,1000,"ordinal","uniform","skewed","Symmetric","5",1,TRUE,896.610999999975
"5048","Z=~z1",0.628,0.028,0.6,"Mplus",7470,7350106,1000,"ordinal","uniform","skewed","Symmetric","5",1,TRUE,896.610999999975
"5049","Z=~z2",0.639,0.028,0.6,"Mplus",7470,7350106,1000,"ordinal","uniform","skewed","Symmetric","5",1,TRUE,896.610999999975
"5050","Z=~z3",0.782,0.025,0.8,"Mplus",7470,7350106,1000,"ordinal","uniform","skewed","Symmetric","5",1,TRUE,896.610999999975
"5051","Y=~y1",0.414,0.032,0.4,"Mplus",7470,7350106,1000,"ordinal","uniform","skewed","Symmetric","5",1,TRUE,896.610999999975
"5052","Y=~y2",0.707,0.025,0.7,"Mplus",7470,7350106,1000,"ordinal","uniform","skewed","Symmetric","5",1,TRUE,896.610999999975
"5053","Y=~y3",0.904,0.02,0.9,"Mplus",7470,7350106,1000,"ordinal","uniform","skewed","Symmetric","5",1,TRUE,896.610999999975
"5054","Y~X",0.397,0.032,0.4,"Mplus",7470,7350106,1000,"ordinal","uniform","skewed","Symmetric","5",1,TRUE,896.610999999975
"5055","Y~Z",0.519,0.031,0.5,"Mplus",7470,7350106,1000,"ordinal","uniform","skewed","Symmetric","5",1,TRUE,896.610999999975
"5056","Y~X:Z",0.298,0.037,0.3,"Mplus",7470,7350106,1000,"ordinal","uniform","skewed","Symmetric","5",1,TRUE,896.610999999975
"5057","X~~Z",0.215,0.042,0.2,"Mplus",7470,7350106,1000,"ordinal","uniform","skewed","Symmetric","5",1,TRUE,896.610999999975
"5058","X=~x1",0.427044121750666,0.0302708939625002,0.4,"LSAM",7470,7350106,1000,"ordinal","uniform","skewed","Symmetric","5",1,TRUE,0.446999999985565
"5059","X=~x2",0.808340612759776,0.0499704834728683,0.8,"LSAM",7470,7350106,1000,"ordinal","uniform","skewed","Symmetric","5",1,TRUE,0.446999999985565
"5060","X=~x3",0.72318886339738,0.0498868778465492,0.8,"LSAM",7470,7350106,1000,"ordinal","uniform","skewed","Symmetric","5",1,TRUE,0.446999999985565
"5061","Z=~z1",0.608133735917784,0.0208126812034898,0.6,"LSAM",7470,7350106,1000,"ordinal","uniform","skewed","Symmetric","5",1,TRUE,0.446999999985565
"5062","Z=~z2",0.627012868440581,0.03844843548756,0.6,"LSAM",7470,7350106,1000,"ordinal","uniform","skewed","Symmetric","5",1,TRUE,0.446999999985565
"5063","Z=~z3",0.759777639176827,0.0408616593482608,0.8,"LSAM",7470,7350106,1000,"ordinal","uniform","skewed","Symmetric","5",1,TRUE,0.446999999985565
"5064","Y=~y1",0.401396494292458,0.0131162868107073,0.4,"LSAM",7470,7350106,1000,"ordinal","uniform","skewed","Symmetric","5",1,TRUE,0.446999999985565
"5065","Y=~y2",0.699436417132243,0.0428331645502108,0.7,"LSAM",7470,7350106,1000,"ordinal","uniform","skewed","Symmetric","5",1,TRUE,0.446999999985565
"5066","Y=~y3",0.84594605567354,0.0482108909455949,0.9,"LSAM",7470,7350106,1000,"ordinal","uniform","skewed","Symmetric","5",1,TRUE,0.446999999985565
"5067","Y~X",0.396846127368262,0.0383430244531212,0.4,"LSAM",7470,7350106,1000,"ordinal","uniform","skewed","Symmetric","5",1,TRUE,0.446999999985565
"5068","Y~Z",0.5269713343363,0.0446645324365368,0.5,"LSAM",7470,7350106,1000,"ordinal","uniform","skewed","Symmetric","5",1,TRUE,0.446999999985565
"5069","Y~X:Z",0.316078297271682,0.0406645253753657,0.3,"LSAM",7470,7350106,1000,"ordinal","uniform","skewed","Symmetric","5",1,TRUE,0.446999999985565
"5070","X~~Z",0.229541962819373,0.0424550123415587,0.2,"LSAM",7470,7350106,1000,"ordinal","uniform","skewed","Symmetric","5",1,TRUE,0.446999999985565
"5071","X=~x1",0.122363058544656,0.140792817438831,0.4,"MC-PLSc",7471,508594,300,"ordinal","uniform","skewed","Extreme","2",1,TRUE,18.0910000000149
"5072","X=~x2",0.781987425295989,0.143987909548163,0.8,"MC-PLSc",7471,508594,300,"ordinal","uniform","skewed","Extreme","2",1,TRUE,18.0910000000149
"5073","X=~x3",0.904758885482549,0.167180665721894,0.8,"MC-PLSc",7471,508594,300,"ordinal","uniform","skewed","Extreme","2",1,TRUE,18.0910000000149
"5074","Z=~z1",0.516146825218651,0.149087929399508,0.6,"MC-PLSc",7471,508594,300,"ordinal","uniform","skewed","Extreme","2",1,TRUE,18.0910000000149
"5075","Z=~z2",0.654332351269027,0.165855883205711,0.6,"MC-PLSc",7471,508594,300,"ordinal","uniform","skewed","Extreme","2",1,TRUE,18.0910000000149
"5076","Z=~z3",0.769902654128858,0.199879169710146,0.8,"MC-PLSc",7471,508594,300,"ordinal","uniform","skewed","Extreme","2",1,TRUE,18.0910000000149
"5077","Y=~y1",0.444150075284072,0.155062736810013,0.4,"MC-PLSc",7471,508594,300,"ordinal","uniform","skewed","Extreme","2",1,TRUE,18.0910000000149
"5078","Y=~y2",0.572407495444307,0.114373394008451,0.7,"MC-PLSc",7471,508594,300,"ordinal","uniform","skewed","Extreme","2",1,TRUE,18.0910000000149
"5079","Y=~y3",0.801154726134663,0.173949804504707,0.9,"MC-PLSc",7471,508594,300,"ordinal","uniform","skewed","Extreme","2",1,TRUE,18.0910000000149
"5080","Y~X",0.453955145037864,0.345323538014142,0.4,"MC-PLSc",7471,508594,300,"ordinal","uniform","skewed","Extreme","2",1,TRUE,18.0910000000149
"5081","Y~Z",0.306197342499625,0.211986874661087,0.5,"MC-PLSc",7471,508594,300,"ordinal","uniform","skewed","Extreme","2",1,TRUE,18.0910000000149
"5082","Y~X:Z",0.681202429293302,0.565392699626316,0.3,"MC-PLSc",7471,508594,300,"ordinal","uniform","skewed","Extreme","2",1,TRUE,18.0910000000149
"5083","X~~Z",0.201959544109416,0.140571085565587,0.2,"MC-PLSc",7471,508594,300,"ordinal","uniform","skewed","Extreme","2",1,TRUE,18.0910000000149
"5084","X=~x1",0.144311530169798,0.128609010523754,0.4,"PLSc",7471,508594,300,"ordinal","uniform","skewed","Extreme","2",1,TRUE,1.25699999998324
"5085","X=~x2",0.553160891705342,0.112909450421521,0.8,"PLSc",7471,508594,300,"ordinal","uniform","skewed","Extreme","2",1,TRUE,1.25699999998324
"5086","X=~x3",0.740905380307627,0.135763086560632,0.8,"PLSc",7471,508594,300,"ordinal","uniform","skewed","Extreme","2",1,TRUE,1.25699999998324
"5087","Z=~z1",0.329492701708983,0.1628107241852,0.6,"PLSc",7471,508594,300,"ordinal","uniform","skewed","Extreme","2",1,TRUE,1.25699999998324
"5088","Z=~z2",0.522775992993567,0.146237423704788,0.6,"PLSc",7471,508594,300,"ordinal","uniform","skewed","Extreme","2",1,TRUE,1.25699999998324
"5089","Z=~z3",0.561502100410403,0.157282630926485,0.8,"PLSc",7471,508594,300,"ordinal","uniform","skewed","Extreme","2",1,TRUE,1.25699999998324
"5090","Y=~y1",0.375174590494955,0.116920217870014,0.4,"PLSc",7471,508594,300,"ordinal","uniform","skewed","Extreme","2",1,TRUE,1.25699999998324
"5091","Y=~y2",0.430542238796193,0.111055653468169,0.7,"PLSc",7471,508594,300,"ordinal","uniform","skewed","Extreme","2",1,TRUE,1.25699999998324
"5092","Y=~y3",0.681904134933691,0.109431684076661,0.9,"PLSc",7471,508594,300,"ordinal","uniform","skewed","Extreme","2",1,TRUE,1.25699999998324
"5093","Y~X",0.424441253021796,3.64598344711568,0.4,"PLSc",7471,508594,300,"ordinal","uniform","skewed","Extreme","2",1,TRUE,1.25699999998324
"5094","Y~Z",0.385523845135042,1.49384095380864,0.5,"PLSc",7471,508594,300,"ordinal","uniform","skewed","Extreme","2",1,TRUE,1.25699999998324
"5095","Y~X:Z",0.368086764768664,16.7655053516185,0.3,"PLSc",7471,508594,300,"ordinal","uniform","skewed","Extreme","2",1,TRUE,1.25699999998324
"5096","X~~Z",0.158908202115235,0.120931070947432,0.2,"PLSc",7471,508594,300,"ordinal","uniform","skewed","Extreme","2",1,TRUE,1.25699999998324
"5097","X=~x1",0.119603438408178,0.155664906667048,0.4,"PLS",7471,508594,300,"ordinal","uniform","skewed","Extreme","2",1,TRUE,0.909999999974389
"5098","X=~x2",0.812931011502571,0.0717934896673509,0.8,"PLS",7471,508594,300,"ordinal","uniform","skewed","Extreme","2",1,TRUE,0.909999999974389
"5099","X=~x3",0.877148625347774,0.0556154106603838,0.8,"PLS",7471,508594,300,"ordinal","uniform","skewed","Extreme","2",1,TRUE,0.909999999974389
"5100","Z=~z1",0.557170820580836,0.165255331563481,0.6,"PLS",7471,508594,300,"ordinal","uniform","skewed","Extreme","2",1,TRUE,0.909999999974389
"5101","Z=~z2",0.706647817021867,0.131483280404627,0.6,"PLS",7471,508594,300,"ordinal","uniform","skewed","Extreme","2",1,TRUE,0.909999999974389
"5102","Z=~z3",0.793646598701428,0.101946002512184,0.8,"PLS",7471,508594,300,"ordinal","uniform","skewed","Extreme","2",1,TRUE,0.909999999974389
"5103","Y=~y1",0.539513311745878,0.125933629102943,0.4,"PLS",7471,508594,300,"ordinal","uniform","skewed","Extreme","2",1,TRUE,0.909999999974389
"5104","Y=~y2",0.683636111865233,0.0904240864896331,0.7,"PLS",7471,508594,300,"ordinal","uniform","skewed","Extreme","2",1,TRUE,0.909999999974389
"5105","Y=~y3",0.841823254918241,0.0542389963576259,0.9,"PLS",7471,508594,300,"ordinal","uniform","skewed","Extreme","2",1,TRUE,0.909999999974389
"5106","Y~X",0.303732139589533,0.0670117595608523,0.4,"PLS",7471,508594,300,"ordinal","uniform","skewed","Extreme","2",1,TRUE,0.909999999974389
"5107","Y~Z",0.22834892371377,0.0649361944003315,0.5,"PLS",7471,508594,300,"ordinal","uniform","skewed","Extreme","2",1,TRUE,0.909999999974389
"5108","Y~X:Z",0.172352816932772,0.0756652805335319,0.3,"PLS",7471,508594,300,"ordinal","uniform","skewed","Extreme","2",1,TRUE,0.909999999974389
"5109","X~~Z",0.0869877917108381,0.0609290079437959,0.2,"PLS",7471,508594,300,"ordinal","uniform","skewed","Extreme","2",1,TRUE,0.909999999974389
"5110","X=~x1",NA,NA,0.4,"Mplus",7471,508594,300,"ordinal","uniform","skewed","Extreme","2",1,FALSE,328.592000000004
"5111","X=~x2",NA,NA,0.8,"Mplus",7471,508594,300,"ordinal","uniform","skewed","Extreme","2",1,FALSE,328.592000000004
"5112","X=~x3",NA,NA,0.8,"Mplus",7471,508594,300,"ordinal","uniform","skewed","Extreme","2",1,FALSE,328.592000000004
"5113","Z=~z1",NA,NA,0.6,"Mplus",7471,508594,300,"ordinal","uniform","skewed","Extreme","2",1,FALSE,328.592000000004
"5114","Z=~z2",NA,NA,0.6,"Mplus",7471,508594,300,"ordinal","uniform","skewed","Extreme","2",1,FALSE,328.592000000004
"5115","Z=~z3",NA,NA,0.8,"Mplus",7471,508594,300,"ordinal","uniform","skewed","Extreme","2",1,FALSE,328.592000000004
"5116","Y=~y1",NA,NA,0.4,"Mplus",7471,508594,300,"ordinal","uniform","skewed","Extreme","2",1,FALSE,328.592000000004
"5117","Y=~y2",NA,NA,0.7,"Mplus",7471,508594,300,"ordinal","uniform","skewed","Extreme","2",1,FALSE,328.592000000004
"5118","Y=~y3",NA,NA,0.9,"Mplus",7471,508594,300,"ordinal","uniform","skewed","Extreme","2",1,FALSE,328.592000000004
"5119","Y~X",NA,NA,0.4,"Mplus",7471,508594,300,"ordinal","uniform","skewed","Extreme","2",1,FALSE,328.592000000004
"5120","Y~Z",NA,NA,0.5,"Mplus",7471,508594,300,"ordinal","uniform","skewed","Extreme","2",1,FALSE,328.592000000004
"5121","Y~X:Z",NA,NA,0.3,"Mplus",7471,508594,300,"ordinal","uniform","skewed","Extreme","2",1,FALSE,328.592000000004
"5122","X~~Z",NA,NA,0.2,"Mplus",7471,508594,300,"ordinal","uniform","skewed","Extreme","2",1,FALSE,328.592000000004
"5123","X=~x1",0.290004726545651,0.107233909422961,0.4,"LSAM",7471,508594,300,"ordinal","uniform","skewed","Extreme","2",1,TRUE,0.543999999994412
"5124","X=~x2",0.98243753916441,0.186459408625118,0.8,"LSAM",7471,508594,300,"ordinal","uniform","skewed","Extreme","2",1,TRUE,0.543999999994412
"5125","X=~x3",0.462810174046999,0.167754928748512,0.8,"LSAM",7471,508594,300,"ordinal","uniform","skewed","Extreme","2",1,TRUE,0.543999999994412
"5126","Z=~z1",0.367907017852022,0.0599946706580021,0.6,"LSAM",7471,508594,300,"ordinal","uniform","skewed","Extreme","2",1,TRUE,0.543999999994412
"5127","Z=~z2",0.32069237908392,0.0983878444796282,0.6,"LSAM",7471,508594,300,"ordinal","uniform","skewed","Extreme","2",1,TRUE,0.543999999994412
"5128","Z=~z3",0.799875279035097,0.255667573045633,0.8,"LSAM",7471,508594,300,"ordinal","uniform","skewed","Extreme","2",1,TRUE,0.543999999994412
"5129","Y=~y1",0.314937977274616,0.0351629694700841,0.4,"LSAM",7471,508594,300,"ordinal","uniform","skewed","Extreme","2",1,TRUE,0.543999999994412
"5130","Y=~y2",0.566095359908155,0.149782818096075,0.7,"LSAM",7471,508594,300,"ordinal","uniform","skewed","Extreme","2",1,TRUE,0.543999999994412
"5131","Y=~y3",0.6088626387592,0.163344985593273,0.9,"LSAM",7471,508594,300,"ordinal","uniform","skewed","Extreme","2",1,TRUE,0.543999999994412
"5132","Y~X",0.265737599103621,0.111579819603602,0.4,"LSAM",7471,508594,300,"ordinal","uniform","skewed","Extreme","2",1,TRUE,0.543999999994412
"5133","Y~Z",0.349286220080404,0.214255269513507,0.5,"LSAM",7471,508594,300,"ordinal","uniform","skewed","Extreme","2",1,TRUE,0.543999999994412
"5134","Y~X:Z",0.0444774927309857,0.0910323676887214,0.3,"LSAM",7471,508594,300,"ordinal","uniform","skewed","Extreme","2",1,TRUE,0.543999999994412
"5135","X~~Z",0.122657337918546,0.0838737491977284,0.2,"LSAM",7471,508594,300,"ordinal","uniform","skewed","Extreme","2",1,TRUE,0.543999999994412
"5136","X=~x1",0.49064258930658,0.0967770179453054,0.4,"MC-PLSc",7472,1265137,1000,"ordinal","uniform","skewed","Extreme","2",1,TRUE,16.0279999999912
"5137","X=~x2",0.738386267591865,0.0590788641432535,0.8,"MC-PLSc",7472,1265137,1000,"ordinal","uniform","skewed","Extreme","2",1,TRUE,16.0279999999912
"5138","X=~x3",0.751932655735609,0.068991087324169,0.8,"MC-PLSc",7472,1265137,1000,"ordinal","uniform","skewed","Extreme","2",1,TRUE,16.0279999999912
"5139","Z=~z1",0.54515434751029,0.0747785413383943,0.6,"MC-PLSc",7472,1265137,1000,"ordinal","uniform","skewed","Extreme","2",1,TRUE,16.0279999999912
"5140","Z=~z2",0.488554154873493,0.0966111166014649,0.6,"MC-PLSc",7472,1265137,1000,"ordinal","uniform","skewed","Extreme","2",1,TRUE,16.0279999999912
"5141","Z=~z3",0.796597280180266,0.109396288108787,0.8,"MC-PLSc",7472,1265137,1000,"ordinal","uniform","skewed","Extreme","2",1,TRUE,16.0279999999912
"5142","Y=~y1",0.409555726279425,0.0615735741462635,0.4,"MC-PLSc",7472,1265137,1000,"ordinal","uniform","skewed","Extreme","2",1,TRUE,16.0279999999912
"5143","Y=~y2",0.72122601051641,0.0538979861218112,0.7,"MC-PLSc",7472,1265137,1000,"ordinal","uniform","skewed","Extreme","2",1,TRUE,16.0279999999912
"5144","Y=~y3",0.988835636881166,0.0691354097665119,0.9,"MC-PLSc",7472,1265137,1000,"ordinal","uniform","skewed","Extreme","2",1,TRUE,16.0279999999912
"5145","Y~X",0.44864877836723,0.109860144374889,0.4,"MC-PLSc",7472,1265137,1000,"ordinal","uniform","skewed","Extreme","2",1,TRUE,16.0279999999912
"5146","Y~Z",0.298896537343965,0.0909599794719092,0.5,"MC-PLSc",7472,1265137,1000,"ordinal","uniform","skewed","Extreme","2",1,TRUE,16.0279999999912
"5147","Y~X:Z",0.344780878881354,0.222792026422808,0.3,"MC-PLSc",7472,1265137,1000,"ordinal","uniform","skewed","Extreme","2",1,TRUE,16.0279999999912
"5148","X~~Z",0.284109789002056,0.0806416156917213,0.2,"MC-PLSc",7472,1265137,1000,"ordinal","uniform","skewed","Extreme","2",1,TRUE,16.0279999999912
"5149","X=~x1",0.360897356546141,0.0699362016795406,0.4,"PLSc",7472,1265137,1000,"ordinal","uniform","skewed","Extreme","2",1,TRUE,1.35999999998603
"5150","X=~x2",0.550816288474211,0.0679821057674047,0.8,"PLSc",7472,1265137,1000,"ordinal","uniform","skewed","Extreme","2",1,TRUE,1.35999999998603
"5151","X=~x3",0.572705559467771,0.0659237499584741,0.8,"PLSc",7472,1265137,1000,"ordinal","uniform","skewed","Extreme","2",1,TRUE,1.35999999998603
"5152","Z=~z1",0.383923444100328,0.0734774923923132,0.6,"PLSc",7472,1265137,1000,"ordinal","uniform","skewed","Extreme","2",1,TRUE,1.35999999998603
"5153","Z=~z2",0.324576289407192,0.0772014247710552,0.6,"PLSc",7472,1265137,1000,"ordinal","uniform","skewed","Extreme","2",1,TRUE,1.35999999998603
"5154","Z=~z3",0.622826062473911,0.0770860014196025,0.8,"PLSc",7472,1265137,1000,"ordinal","uniform","skewed","Extreme","2",1,TRUE,1.35999999998603
"5155","Y=~y1",0.298350186467202,0.0632784034934787,0.4,"PLSc",7472,1265137,1000,"ordinal","uniform","skewed","Extreme","2",1,TRUE,1.35999999998603
"5156","Y=~y2",0.565109725328147,0.0527835649141861,0.7,"PLSc",7472,1265137,1000,"ordinal","uniform","skewed","Extreme","2",1,TRUE,1.35999999998603
"5157","Y=~y3",0.850360119829569,0.0534442781987922,0.9,"PLSc",7472,1265137,1000,"ordinal","uniform","skewed","Extreme","2",1,TRUE,1.35999999998603
"5158","Y~X",0.4293794466321,0.0728308681126039,0.4,"PLSc",7472,1265137,1000,"ordinal","uniform","skewed","Extreme","2",1,TRUE,1.35999999998603
"5159","Y~Z",0.323157965002379,0.0701013269891807,0.5,"PLSc",7472,1265137,1000,"ordinal","uniform","skewed","Extreme","2",1,TRUE,1.35999999998603
"5160","Y~X:Z",0.102639151298808,0.110410516894899,0.3,"PLSc",7472,1265137,1000,"ordinal","uniform","skewed","Extreme","2",1,TRUE,1.35999999998603
"5161","X~~Z",0.242552202306776,0.0743115251208592,0.2,"PLSc",7472,1265137,1000,"ordinal","uniform","skewed","Extreme","2",1,TRUE,1.35999999998603
"5162","X=~x1",0.531490284145452,0.070013544871293,0.4,"PLS",7472,1265137,1000,"ordinal","uniform","skewed","Extreme","2",1,TRUE,0.974999999976717
"5163","X=~x2",0.767846894727655,0.0435949011173347,0.8,"PLS",7472,1265137,1000,"ordinal","uniform","skewed","Extreme","2",1,TRUE,0.974999999976717
"5164","X=~x3",0.778703282497409,0.0401231256013321,0.8,"PLS",7472,1265137,1000,"ordinal","uniform","skewed","Extreme","2",1,TRUE,0.974999999976717
"5165","Z=~z1",0.61438987666078,0.072554343039163,0.6,"PLS",7472,1265137,1000,"ordinal","uniform","skewed","Extreme","2",1,TRUE,0.974999999976717
"5166","Z=~z2",0.552848021829104,0.0791553263726105,0.6,"PLS",7472,1265137,1000,"ordinal","uniform","skewed","Extreme","2",1,TRUE,0.974999999976717
"5167","Z=~z3",0.82886621203258,0.0453683688628779,0.8,"PLS",7472,1265137,1000,"ordinal","uniform","skewed","Extreme","2",1,TRUE,0.974999999976717
"5168","Y=~y1",0.448215603461536,0.0630470041970246,0.4,"PLS",7472,1265137,1000,"ordinal","uniform","skewed","Extreme","2",1,TRUE,0.974999999976717
"5169","Y=~y2",0.783471991090271,0.0304451981806726,0.7,"PLS",7472,1265137,1000,"ordinal","uniform","skewed","Extreme","2",1,TRUE,0.974999999976717
"5170","Y=~y3",0.890545985995658,0.0166453552380751,0.9,"PLS",7472,1265137,1000,"ordinal","uniform","skewed","Extreme","2",1,TRUE,0.974999999976717
"5171","Y~X",0.292403854015065,0.0341978610069742,0.4,"PLS",7472,1265137,1000,"ordinal","uniform","skewed","Extreme","2",1,TRUE,0.974999999976717
"5172","Y~Z",0.223173738153119,0.0300308616932588,0.5,"PLS",7472,1265137,1000,"ordinal","uniform","skewed","Extreme","2",1,TRUE,0.974999999976717
"5173","Y~X:Z",0.117296498162408,0.0339618572332597,0.3,"PLS",7472,1265137,1000,"ordinal","uniform","skewed","Extreme","2",1,TRUE,0.974999999976717
"5174","X~~Z",0.11977538511001,0.036583201221705,0.2,"PLS",7472,1265137,1000,"ordinal","uniform","skewed","Extreme","2",1,TRUE,0.974999999976717
"5175","X=~x1",0.469,0.056,0.4,"Mplus",7472,1265137,1000,"ordinal","uniform","skewed","Extreme","2",1,TRUE,170.388000000035
"5176","X=~x2",0.753,0.056,0.8,"Mplus",7472,1265137,1000,"ordinal","uniform","skewed","Extreme","2",1,TRUE,170.388000000035
"5177","X=~x3",0.758,0.057,0.8,"Mplus",7472,1265137,1000,"ordinal","uniform","skewed","Extreme","2",1,TRUE,170.388000000035
"5178","Z=~z1",0.547,0.067,0.6,"Mplus",7472,1265137,1000,"ordinal","uniform","skewed","Extreme","2",1,TRUE,170.388000000035
"5179","Z=~z2",0.527,0.065,0.6,"Mplus",7472,1265137,1000,"ordinal","uniform","skewed","Extreme","2",1,TRUE,170.388000000035
"5180","Z=~z3",0.763,0.071,0.8,"Mplus",7472,1265137,1000,"ordinal","uniform","skewed","Extreme","2",1,TRUE,170.388000000035
"5181","Y=~y1",0.405,0.062,0.4,"Mplus",7472,1265137,1000,"ordinal","uniform","skewed","Extreme","2",1,TRUE,170.388000000035
"5182","Y=~y2",0.731,0.046,0.7,"Mplus",7472,1265137,1000,"ordinal","uniform","skewed","Extreme","2",1,TRUE,170.388000000035
"5183","Y=~y3",0.975,0.039,0.9,"Mplus",7472,1265137,1000,"ordinal","uniform","skewed","Extreme","2",1,TRUE,170.388000000035
"5184","Y~X",0.49,0.073,0.4,"Mplus",7472,1265137,1000,"ordinal","uniform","skewed","Extreme","2",1,TRUE,170.388000000035
"5185","Y~Z",0.414,0.074,0.5,"Mplus",7472,1265137,1000,"ordinal","uniform","skewed","Extreme","2",1,TRUE,170.388000000035
"5186","Y~X:Z",0.152,0.114,0.3,"Mplus",7472,1265137,1000,"ordinal","uniform","skewed","Extreme","2",1,TRUE,170.388000000035
"5187","X~~Z",0.265,0.084,0.2,"Mplus",7472,1265137,1000,"ordinal","uniform","skewed","Extreme","2",1,TRUE,170.388000000035
"5188","X=~x1",0.315129327764825,0.0432942011369761,0.4,"LSAM",7472,1265137,1000,"ordinal","uniform","skewed","Extreme","2",1,TRUE,0.508000000030734
"5189","X=~x2",0.597611463177335,0.102558558750595,0.8,"LSAM",7472,1265137,1000,"ordinal","uniform","skewed","Extreme","2",1,TRUE,0.508000000030734
"5190","X=~x3",0.572980161708092,0.0989228354409536,0.8,"LSAM",7472,1265137,1000,"ordinal","uniform","skewed","Extreme","2",1,TRUE,0.508000000030734
"5191","Z=~z1",0.418615237444341,0.315952713713738,0.6,"LSAM",7472,1265137,1000,"ordinal","uniform","skewed","Extreme","2",1,TRUE,0.508000000030734
"5192","Z=~z2",0.3944514737382,0.312510052104432,0.6,"LSAM",7472,1265137,1000,"ordinal","uniform","skewed","Extreme","2",1,TRUE,0.508000000030734
"5193","Z=~z3",0.517105858231456,0.359637349570197,0.8,"LSAM",7472,1265137,1000,"ordinal","uniform","skewed","Extreme","2",1,TRUE,0.508000000030734
"5194","Y=~y1",0.314648894077509,0.0162023321170307,0.4,"LSAM",7472,1265137,1000,"ordinal","uniform","skewed","Extreme","2",1,TRUE,0.508000000030734
"5195","Y=~y2",0.714934946230073,0.0720315720259543,0.7,"LSAM",7472,1265137,1000,"ordinal","uniform","skewed","Extreme","2",1,TRUE,0.508000000030734
"5196","Y=~y3",0.680132433142253,0.0686639870649685,0.9,"LSAM",7472,1265137,1000,"ordinal","uniform","skewed","Extreme","2",1,TRUE,0.508000000030734
"5197","Y~X",0.420419872035244,0.201558450001253,0.4,"LSAM",7472,1265137,1000,"ordinal","uniform","skewed","Extreme","2",1,TRUE,0.508000000030734
"5198","Y~Z",0.3293785092201,0.433555305603198,0.5,"LSAM",7472,1265137,1000,"ordinal","uniform","skewed","Extreme","2",1,TRUE,0.508000000030734
"5199","Y~X:Z",0.0852556315585823,0.149365688459268,0.3,"LSAM",7472,1265137,1000,"ordinal","uniform","skewed","Extreme","2",1,TRUE,0.508000000030734
"5200","X~~Z",0.252567768544558,0.276791478432875,0.2,"LSAM",7472,1265137,1000,"ordinal","uniform","skewed","Extreme","2",1,TRUE,0.508000000030734
"5201","X=~x1",0.686799294903996,0.368005695882825,0.4,"MC-PLSc",7473,1967676,300,"ordinal","uniform","skewed","Extreme","3",1,TRUE,14.4769999999553
"5202","X=~x2",0.746391763491097,0.403283359399846,0.8,"MC-PLSc",7473,1967676,300,"ordinal","uniform","skewed","Extreme","3",1,TRUE,14.4769999999553
"5203","X=~x3",0.653623338728065,0.352153613611764,0.8,"MC-PLSc",7473,1967676,300,"ordinal","uniform","skewed","Extreme","3",1,TRUE,14.4769999999553
"5204","Z=~z1",0.62273736703886,0.133508289101352,0.6,"MC-PLSc",7473,1967676,300,"ordinal","uniform","skewed","Extreme","3",1,TRUE,14.4769999999553
"5205","Z=~z2",0.38919295208327,0.124821820267333,0.6,"MC-PLSc",7473,1967676,300,"ordinal","uniform","skewed","Extreme","3",1,TRUE,14.4769999999553
"5206","Z=~z3",0.879151799282721,0.13050516922921,0.8,"MC-PLSc",7473,1967676,300,"ordinal","uniform","skewed","Extreme","3",1,TRUE,14.4769999999553
"5207","Y=~y1",0.430182779067442,0.113632505303002,0.4,"MC-PLSc",7473,1967676,300,"ordinal","uniform","skewed","Extreme","3",1,TRUE,14.4769999999553
"5208","Y=~y2",0.572909927173542,0.105852727176229,0.7,"MC-PLSc",7473,1967676,300,"ordinal","uniform","skewed","Extreme","3",1,TRUE,14.4769999999553
"5209","Y=~y3",0.941090700991891,0.136846292036777,0.9,"MC-PLSc",7473,1967676,300,"ordinal","uniform","skewed","Extreme","3",1,TRUE,14.4769999999553
"5210","Y~X",0.022218613347648,0.13956236287885,0.4,"MC-PLSc",7473,1967676,300,"ordinal","uniform","skewed","Extreme","3",1,TRUE,14.4769999999553
"5211","Y~Z",0.426909077662305,0.137161033996347,0.5,"MC-PLSc",7473,1967676,300,"ordinal","uniform","skewed","Extreme","3",1,TRUE,14.4769999999553
"5212","Y~X:Z",0.499608766938917,0.184976970642207,0.3,"MC-PLSc",7473,1967676,300,"ordinal","uniform","skewed","Extreme","3",1,TRUE,14.4769999999553
"5213","X~~Z",0.176113140172996,0.116420782151477,0.2,"MC-PLSc",7473,1967676,300,"ordinal","uniform","skewed","Extreme","3",1,TRUE,14.4769999999553
"5214","X=~x1",0.654276954496579,0.248561289582813,0.4,"PLSc",7473,1967676,300,"ordinal","uniform","skewed","Extreme","3",1,TRUE,1.3410000000149
"5215","X=~x2",0.608626477991096,0.246962033596565,0.8,"PLSc",7473,1967676,300,"ordinal","uniform","skewed","Extreme","3",1,TRUE,1.3410000000149
"5216","X=~x3",0.471341685735605,0.232914944754497,0.8,"PLSc",7473,1967676,300,"ordinal","uniform","skewed","Extreme","3",1,TRUE,1.3410000000149
"5217","Z=~z1",0.515530565589445,0.129329416899369,0.6,"PLSc",7473,1967676,300,"ordinal","uniform","skewed","Extreme","3",1,TRUE,1.3410000000149
"5218","Z=~z2",0.251990575224164,0.140445519626862,0.6,"PLSc",7473,1967676,300,"ordinal","uniform","skewed","Extreme","3",1,TRUE,1.3410000000149
"5219","Z=~z3",0.807309913957012,0.115812509332425,0.8,"PLSc",7473,1967676,300,"ordinal","uniform","skewed","Extreme","3",1,TRUE,1.3410000000149
"5220","Y=~y1",0.395237802986284,0.133087498667112,0.4,"PLSc",7473,1967676,300,"ordinal","uniform","skewed","Extreme","3",1,TRUE,1.3410000000149
"5221","Y=~y2",0.424344801643538,0.139663336228499,0.7,"PLSc",7473,1967676,300,"ordinal","uniform","skewed","Extreme","3",1,TRUE,1.3410000000149
"5222","Y=~y3",0.814508489374517,0.138032143136942,0.9,"PLSc",7473,1967676,300,"ordinal","uniform","skewed","Extreme","3",1,TRUE,1.3410000000149
"5223","Y~X",0.0946373956999715,0.172088041074574,0.4,"PLSc",7473,1967676,300,"ordinal","uniform","skewed","Extreme","3",1,TRUE,1.3410000000149
"5224","Y~Z",0.396325253683276,0.151189900743794,0.5,"PLSc",7473,1967676,300,"ordinal","uniform","skewed","Extreme","3",1,TRUE,1.3410000000149
"5225","Y~X:Z",0.284091945123538,0.282340007960455,0.3,"PLSc",7473,1967676,300,"ordinal","uniform","skewed","Extreme","3",1,TRUE,1.3410000000149
"5226","X~~Z",0.151779555080927,0.106528271345722,0.2,"PLSc",7473,1967676,300,"ordinal","uniform","skewed","Extreme","3",1,TRUE,1.3410000000149
"5227","X=~x1",0.738282459054247,0.214087654702255,0.4,"PLS",7473,1967676,300,"ordinal","uniform","skewed","Extreme","3",1,TRUE,0.916000000026543
"5228","X=~x2",0.790481946262009,0.199509994352369,0.8,"PLS",7473,1967676,300,"ordinal","uniform","skewed","Extreme","3",1,TRUE,0.916000000026543
"5229","X=~x3",0.714667813174206,0.190816873608519,0.8,"PLS",7473,1967676,300,"ordinal","uniform","skewed","Extreme","3",1,TRUE,0.916000000026543
"5230","Z=~z1",0.719595736982542,0.0962613507713538,0.6,"PLS",7473,1967676,300,"ordinal","uniform","skewed","Extreme","3",1,TRUE,0.916000000026543
"5231","Z=~z2",0.468730237723024,0.128308840613378,0.6,"PLS",7473,1967676,300,"ordinal","uniform","skewed","Extreme","3",1,TRUE,0.916000000026543
"5232","Z=~z3",0.882643486588992,0.0428436827291362,0.8,"PLS",7473,1967676,300,"ordinal","uniform","skewed","Extreme","3",1,TRUE,0.916000000026543
"5233","Y=~y1",0.53029087274373,0.127013793114506,0.4,"PLS",7473,1967676,300,"ordinal","uniform","skewed","Extreme","3",1,TRUE,0.916000000026543
"5234","Y=~y2",0.685483634975675,0.0966654413151193,0.7,"PLS",7473,1967676,300,"ordinal","uniform","skewed","Extreme","3",1,TRUE,0.916000000026543
"5235","Y=~y3",0.890295353827487,0.047577471965632,0.9,"PLS",7473,1967676,300,"ordinal","uniform","skewed","Extreme","3",1,TRUE,0.916000000026543
"5236","Y~X",0.101272250555735,0.0589341988073107,0.4,"PLS",7473,1967676,300,"ordinal","uniform","skewed","Extreme","3",1,TRUE,0.916000000026543
"5237","Y~Z",0.275138811160513,0.0572708430312881,0.5,"PLS",7473,1967676,300,"ordinal","uniform","skewed","Extreme","3",1,TRUE,0.916000000026543
"5238","Y~X:Z",0.196274216964885,0.0622520408497023,0.3,"PLS",7473,1967676,300,"ordinal","uniform","skewed","Extreme","3",1,TRUE,0.916000000026543
"5239","X~~Z",0.0972114384308629,0.0660108583482469,0.2,"PLS",7473,1967676,300,"ordinal","uniform","skewed","Extreme","3",1,TRUE,0.916000000026543
"5240","X=~x1",0.465,0.165,0.4,"Mplus",7473,1967676,300,"ordinal","uniform","skewed","Extreme","3",1,TRUE,359.355999999971
"5241","X=~x2",0.992,0.013,0.8,"Mplus",7473,1967676,300,"ordinal","uniform","skewed","Extreme","3",1,TRUE,359.355999999971
"5242","X=~x3",0.623,0.064,0.8,"Mplus",7473,1967676,300,"ordinal","uniform","skewed","Extreme","3",1,TRUE,359.355999999971
"5243","Z=~z1",0.561,0.096,0.6,"Mplus",7473,1967676,300,"ordinal","uniform","skewed","Extreme","3",1,TRUE,359.355999999971
"5244","Z=~z2",0.384,0.073,0.6,"Mplus",7473,1967676,300,"ordinal","uniform","skewed","Extreme","3",1,TRUE,359.355999999971
"5245","Z=~z3",0.995,0.005,0.8,"Mplus",7473,1967676,300,"ordinal","uniform","skewed","Extreme","3",1,TRUE,359.355999999971
"5246","Y=~y1",0.323,0.2,0.4,"Mplus",7473,1967676,300,"ordinal","uniform","skewed","Extreme","3",1,TRUE,359.355999999971
"5247","Y=~y2",0.581,0.089,0.7,"Mplus",7473,1967676,300,"ordinal","uniform","skewed","Extreme","3",1,TRUE,359.355999999971
"5248","Y=~y3",0.999,0.001,0.9,"Mplus",7473,1967676,300,"ordinal","uniform","skewed","Extreme","3",1,TRUE,359.355999999971
"5249","Y~X",0.006,0.208,0.4,"Mplus",7473,1967676,300,"ordinal","uniform","skewed","Extreme","3",1,TRUE,359.355999999971
"5250","Y~Z",0.39,0.087,0.5,"Mplus",7473,1967676,300,"ordinal","uniform","skewed","Extreme","3",1,TRUE,359.355999999971
"5251","Y~X:Z",0.326,0.232,0.3,"Mplus",7473,1967676,300,"ordinal","uniform","skewed","Extreme","3",1,TRUE,359.355999999971
"5252","X~~Z",0.155,0.209,0.2,"Mplus",7473,1967676,300,"ordinal","uniform","skewed","Extreme","3",1,TRUE,359.355999999971
"5253","X=~x1",0.407663581279908,0.0639236776605725,0.4,"LSAM",7473,1967676,300,"ordinal","uniform","skewed","Extreme","3",1,TRUE,0.442000000039116
"5254","X=~x2",0.738508693314882,0.121689358671298,0.8,"LSAM",7473,1967676,300,"ordinal","uniform","skewed","Extreme","3",1,TRUE,0.442000000039116
"5255","X=~x3",0.640103556236734,0.114562258024464,0.8,"LSAM",7473,1967676,300,"ordinal","uniform","skewed","Extreme","3",1,TRUE,0.442000000039116
"5256","Z=~z1",0.549296135918782,0.0909997445420456,0.6,"LSAM",7473,1967676,300,"ordinal","uniform","skewed","Extreme","3",1,TRUE,0.442000000039116
"5257","Z=~z2",0.377916385603479,0.112512515859001,0.6,"LSAM",7473,1967676,300,"ordinal","uniform","skewed","Extreme","3",1,TRUE,0.442000000039116
"5258","Z=~z3",0.669442514759603,0.16773607103668,0.8,"LSAM",7473,1967676,300,"ordinal","uniform","skewed","Extreme","3",1,TRUE,0.442000000039116
"5259","Y=~y1",0.312865418889559,0.0251729609739088,0.4,"LSAM",7473,1967676,300,"ordinal","uniform","skewed","Extreme","3",1,TRUE,0.442000000039116
"5260","Y=~y2",0.54862303152482,0.110442261286566,0.7,"LSAM",7473,1967676,300,"ordinal","uniform","skewed","Extreme","3",1,TRUE,0.442000000039116
"5261","Y=~y3",0.788262622983215,0.163880146396351,0.9,"LSAM",7473,1967676,300,"ordinal","uniform","skewed","Extreme","3",1,TRUE,0.442000000039116
"5262","Y~X",0.10416468916479,0.136995337196511,0.4,"LSAM",7473,1967676,300,"ordinal","uniform","skewed","Extreme","3",1,TRUE,0.442000000039116
"5263","Y~Z",0.410869642525474,0.177295170405196,0.5,"LSAM",7473,1967676,300,"ordinal","uniform","skewed","Extreme","3",1,TRUE,0.442000000039116
"5264","Y~X:Z",0.258814145613803,0.116843156511016,0.3,"LSAM",7473,1967676,300,"ordinal","uniform","skewed","Extreme","3",1,TRUE,0.442000000039116
"5265","X~~Z",0.134584587912573,0.143544250648402,0.2,"LSAM",7473,1967676,300,"ordinal","uniform","skewed","Extreme","3",1,TRUE,0.442000000039116
"5266","X=~x1",0.40550146095578,0.0545398193787151,0.4,"MC-PLSc",7474,7502659,1000,"ordinal","uniform","skewed","Extreme","3",1,TRUE,17.6279999999679
"5267","X=~x2",0.81966591449839,0.042581405320687,0.8,"MC-PLSc",7474,7502659,1000,"ordinal","uniform","skewed","Extreme","3",1,TRUE,17.6279999999679
"5268","X=~x3",0.771375558934123,0.0425202344716886,0.8,"MC-PLSc",7474,7502659,1000,"ordinal","uniform","skewed","Extreme","3",1,TRUE,17.6279999999679
"5269","Z=~z1",0.538670400656102,0.0516403713858795,0.6,"MC-PLSc",7474,7502659,1000,"ordinal","uniform","skewed","Extreme","3",1,TRUE,17.6279999999679
"5270","Z=~z2",0.648580125817336,0.0517219252316395,0.6,"MC-PLSc",7474,7502659,1000,"ordinal","uniform","skewed","Extreme","3",1,TRUE,17.6279999999679
"5271","Z=~z3",0.754729358091597,0.0463475341997964,0.8,"MC-PLSc",7474,7502659,1000,"ordinal","uniform","skewed","Extreme","3",1,TRUE,17.6279999999679
"5272","Y=~y1",0.483779165572899,0.0454360519242393,0.4,"MC-PLSc",7474,7502659,1000,"ordinal","uniform","skewed","Extreme","3",1,TRUE,17.6279999999679
"5273","Y=~y2",0.72417140432034,0.0446915017204615,0.7,"MC-PLSc",7474,7502659,1000,"ordinal","uniform","skewed","Extreme","3",1,TRUE,17.6279999999679
"5274","Y=~y3",0.861829680493855,0.0447743806732575,0.9,"MC-PLSc",7474,7502659,1000,"ordinal","uniform","skewed","Extreme","3",1,TRUE,17.6279999999679
"5275","Y~X",0.333096606936199,0.0684114992274334,0.4,"MC-PLSc",7474,7502659,1000,"ordinal","uniform","skewed","Extreme","3",1,TRUE,17.6279999999679
"5276","Y~Z",0.39084652978034,0.063613772146116,0.5,"MC-PLSc",7474,7502659,1000,"ordinal","uniform","skewed","Extreme","3",1,TRUE,17.6279999999679
"5277","Y~X:Z",0.577489919158827,0.128577347119573,0.3,"MC-PLSc",7474,7502659,1000,"ordinal","uniform","skewed","Extreme","3",1,TRUE,17.6279999999679
"5278","X~~Z",0.194823301655821,0.055192201066661,0.2,"MC-PLSc",7474,7502659,1000,"ordinal","uniform","skewed","Extreme","3",1,TRUE,17.6279999999679
"5279","X=~x1",0.352402206697963,0.0643563013333301,0.4,"PLSc",7474,7502659,1000,"ordinal","uniform","skewed","Extreme","3",1,TRUE,1.37599999998929
"5280","X=~x2",0.703135328697619,0.0564518976245676,0.8,"PLSc",7474,7502659,1000,"ordinal","uniform","skewed","Extreme","3",1,TRUE,1.37599999998929
"5281","X=~x3",0.64307156797834,0.0514996389719042,0.8,"PLSc",7474,7502659,1000,"ordinal","uniform","skewed","Extreme","3",1,TRUE,1.37599999998929
"5282","Z=~z1",0.378437649409261,0.0646893913880497,0.6,"PLSc",7474,7502659,1000,"ordinal","uniform","skewed","Extreme","3",1,TRUE,1.37599999998929
"5283","Z=~z2",0.568726911161531,0.0559892660078078,0.6,"PLSc",7474,7502659,1000,"ordinal","uniform","skewed","Extreme","3",1,TRUE,1.37599999998929
"5284","Z=~z3",0.655768049000211,0.0579642139335773,0.8,"PLSc",7474,7502659,1000,"ordinal","uniform","skewed","Extreme","3",1,TRUE,1.37599999998929
"5285","Y=~y1",0.447101260649036,0.0482864873406812,0.4,"PLSc",7474,7502659,1000,"ordinal","uniform","skewed","Extreme","3",1,TRUE,1.37599999998929
"5286","Y=~y2",0.610470933298667,0.0434761867416047,0.7,"PLSc",7474,7502659,1000,"ordinal","uniform","skewed","Extreme","3",1,TRUE,1.37599999998929
"5287","Y=~y3",0.75792100560209,0.0400665044422286,0.9,"PLSc",7474,7502659,1000,"ordinal","uniform","skewed","Extreme","3",1,TRUE,1.37599999998929
"5288","Y~X",0.368802462852975,0.0599460907220793,0.4,"PLSc",7474,7502659,1000,"ordinal","uniform","skewed","Extreme","3",1,TRUE,1.37599999998929
"5289","Y~Z",0.389144169707354,0.057661124883647,0.5,"PLSc",7474,7502659,1000,"ordinal","uniform","skewed","Extreme","3",1,TRUE,1.37599999998929
"5290","Y~X:Z",0.356827894377237,0.133578063117946,0.3,"PLSc",7474,7502659,1000,"ordinal","uniform","skewed","Extreme","3",1,TRUE,1.37599999998929
"5291","X~~Z",0.173611777193131,0.0539073022162573,0.2,"PLSc",7474,7502659,1000,"ordinal","uniform","skewed","Extreme","3",1,TRUE,1.37599999998929
"5292","X=~x1",0.467737958495069,0.0600749308821699,0.4,"PLS",7474,7502659,1000,"ordinal","uniform","skewed","Extreme","3",1,TRUE,0.940000000002328
"5293","X=~x2",0.848594956918802,0.0222226297097042,0.8,"PLS",7474,7502659,1000,"ordinal","uniform","skewed","Extreme","3",1,TRUE,0.940000000002328
"5294","X=~x3",0.823296620484691,0.0222228296479006,0.8,"PLS",7474,7502659,1000,"ordinal","uniform","skewed","Extreme","3",1,TRUE,0.940000000002328
"5295","Z=~z1",0.624598086681829,0.0490515616904638,0.6,"PLS",7474,7502659,1000,"ordinal","uniform","skewed","Extreme","3",1,TRUE,0.940000000002328
"5296","Z=~z2",0.729380048847408,0.0392424121203044,0.6,"PLS",7474,7502659,1000,"ordinal","uniform","skewed","Extreme","3",1,TRUE,0.940000000002328
"5297","Z=~z3",0.805303017578714,0.0299444495811635,0.8,"PLS",7474,7502659,1000,"ordinal","uniform","skewed","Extreme","3",1,TRUE,0.940000000002328
"5298","Y=~y1",0.579726462804969,0.0433616047046478,0.4,"PLS",7474,7502659,1000,"ordinal","uniform","skewed","Extreme","3",1,TRUE,0.940000000002328
"5299","Y=~y2",0.795827129900892,0.0229233257428686,0.7,"PLS",7474,7502659,1000,"ordinal","uniform","skewed","Extreme","3",1,TRUE,0.940000000002328
"5300","Y=~y3",0.86126607145738,0.0142505564995441,0.9,"PLS",7474,7502659,1000,"ordinal","uniform","skewed","Extreme","3",1,TRUE,0.940000000002328
"5301","Y~X",0.281857644263043,0.0301765746538527,0.4,"PLS",7474,7502659,1000,"ordinal","uniform","skewed","Extreme","3",1,TRUE,0.940000000002328
"5302","Y~Z",0.277051346442633,0.0271776072028297,0.5,"PLS",7474,7502659,1000,"ordinal","uniform","skewed","Extreme","3",1,TRUE,0.940000000002328
"5303","Y~X:Z",0.216617572694779,0.0292400950376782,0.3,"PLS",7474,7502659,1000,"ordinal","uniform","skewed","Extreme","3",1,TRUE,0.940000000002328
"5304","X~~Z",0.105543684094008,0.0327380829752338,0.2,"PLS",7474,7502659,1000,"ordinal","uniform","skewed","Extreme","3",1,TRUE,0.940000000002328
"5305","X=~x1",0.365,0.044,0.4,"Mplus",7474,7502659,1000,"ordinal","uniform","skewed","Extreme","3",1,TRUE,381.142000000051
"5306","X=~x2",0.835,0.04,0.8,"Mplus",7474,7502659,1000,"ordinal","uniform","skewed","Extreme","3",1,TRUE,381.142000000051
"5307","X=~x3",0.798,0.04,0.8,"Mplus",7474,7502659,1000,"ordinal","uniform","skewed","Extreme","3",1,TRUE,381.142000000051
"5308","Z=~z1",0.595,0.044,0.6,"Mplus",7474,7502659,1000,"ordinal","uniform","skewed","Extreme","3",1,TRUE,381.142000000051
"5309","Z=~z2",0.608,0.051,0.6,"Mplus",7474,7502659,1000,"ordinal","uniform","skewed","Extreme","3",1,TRUE,381.142000000051
"5310","Z=~z3",0.746,0.048,0.8,"Mplus",7474,7502659,1000,"ordinal","uniform","skewed","Extreme","3",1,TRUE,381.142000000051
"5311","Y=~y1",0.451,0.043,0.4,"Mplus",7474,7502659,1000,"ordinal","uniform","skewed","Extreme","3",1,TRUE,381.142000000051
"5312","Y=~y2",0.723,0.037,0.7,"Mplus",7474,7502659,1000,"ordinal","uniform","skewed","Extreme","3",1,TRUE,381.142000000051
"5313","Y=~y3",0.888,0.036,0.9,"Mplus",7474,7502659,1000,"ordinal","uniform","skewed","Extreme","3",1,TRUE,381.142000000051
"5314","Y~X",0.393,0.061,0.4,"Mplus",7474,7502659,1000,"ordinal","uniform","skewed","Extreme","3",1,TRUE,381.142000000051
"5315","Y~Z",0.442,0.062,0.5,"Mplus",7474,7502659,1000,"ordinal","uniform","skewed","Extreme","3",1,TRUE,381.142000000051
"5316","Y~X:Z",0.282,0.084,0.3,"Mplus",7474,7502659,1000,"ordinal","uniform","skewed","Extreme","3",1,TRUE,381.142000000051
"5317","X~~Z",0.151,0.056,0.2,"Mplus",7474,7502659,1000,"ordinal","uniform","skewed","Extreme","3",1,TRUE,381.142000000051
"5318","X=~x1",0.309111045729821,0.0348900207713417,0.4,"LSAM",7474,7502659,1000,"ordinal","uniform","skewed","Extreme","3",1,TRUE,0.450000000011642
"5319","X=~x2",0.719502248238714,0.0804644066047752,0.8,"LSAM",7474,7502659,1000,"ordinal","uniform","skewed","Extreme","3",1,TRUE,0.450000000011642
"5320","X=~x3",0.694004234905446,0.0790998380107422,0.8,"LSAM",7474,7502659,1000,"ordinal","uniform","skewed","Extreme","3",1,TRUE,0.450000000011642
"5321","Z=~z1",0.525591695932961,0.047282401402736,0.6,"LSAM",7474,7502659,1000,"ordinal","uniform","skewed","Extreme","3",1,TRUE,0.450000000011642
"5322","Z=~z2",0.479717051270908,0.0674669574875725,0.6,"LSAM",7474,7502659,1000,"ordinal","uniform","skewed","Extreme","3",1,TRUE,0.450000000011642
"5323","Z=~z3",0.623046740982809,0.0797370141577662,0.8,"LSAM",7474,7502659,1000,"ordinal","uniform","skewed","Extreme","3",1,TRUE,0.450000000011642
"5324","Y=~y1",0.362892722379336,0.0149637164189549,0.4,"LSAM",7474,7502659,1000,"ordinal","uniform","skewed","Extreme","3",1,TRUE,0.450000000011642
"5325","Y=~y2",0.660394402435926,0.0533846159993816,0.7,"LSAM",7474,7502659,1000,"ordinal","uniform","skewed","Extreme","3",1,TRUE,0.450000000011642
"5326","Y=~y3",0.788739631574583,0.0618347126630995,0.9,"LSAM",7474,7502659,1000,"ordinal","uniform","skewed","Extreme","3",1,TRUE,0.450000000011642
"5327","Y~X",0.35565211114016,0.05946829291673,0.4,"LSAM",7474,7502659,1000,"ordinal","uniform","skewed","Extreme","3",1,TRUE,0.450000000011642
"5328","Y~Z",0.37841177254291,0.0944661694697376,0.5,"LSAM",7474,7502659,1000,"ordinal","uniform","skewed","Extreme","3",1,TRUE,0.450000000011642
"5329","Y~X:Z",0.40199854481167,0.103543490522002,0.3,"LSAM",7474,7502659,1000,"ordinal","uniform","skewed","Extreme","3",1,TRUE,0.450000000011642
"5330","X~~Z",0.153100972601068,0.0554741742332535,0.2,"LSAM",7474,7502659,1000,"ordinal","uniform","skewed","Extreme","3",1,TRUE,0.450000000011642
"5331","X=~x1",0.578802758353641,0.0946884543234615,0.4,"MC-PLSc",7475,512736,300,"ordinal","uniform","skewed","Extreme","5",1,TRUE,17.25900000002
"5332","X=~x2",0.817349111367626,0.101412545440185,0.8,"MC-PLSc",7475,512736,300,"ordinal","uniform","skewed","Extreme","5",1,TRUE,17.25900000002
"5333","X=~x3",0.697537216994859,0.0951156149533714,0.8,"MC-PLSc",7475,512736,300,"ordinal","uniform","skewed","Extreme","5",1,TRUE,17.25900000002
"5334","Z=~z1",0.660089547447731,0.0844045566964174,0.6,"MC-PLSc",7475,512736,300,"ordinal","uniform","skewed","Extreme","5",1,TRUE,17.25900000002
"5335","Z=~z2",0.571811044661889,0.0890425445901417,0.6,"MC-PLSc",7475,512736,300,"ordinal","uniform","skewed","Extreme","5",1,TRUE,17.25900000002
"5336","Z=~z3",0.715084501782716,0.0778724905745196,0.8,"MC-PLSc",7475,512736,300,"ordinal","uniform","skewed","Extreme","5",1,TRUE,17.25900000002
"5337","Y=~y1",0.496237281026039,0.0705879401659558,0.4,"MC-PLSc",7475,512736,300,"ordinal","uniform","skewed","Extreme","5",1,TRUE,17.25900000002
"5338","Y=~y2",0.732922119688822,0.0700039468750707,0.7,"MC-PLSc",7475,512736,300,"ordinal","uniform","skewed","Extreme","5",1,TRUE,17.25900000002
"5339","Y=~y3",0.930752719581563,0.0630964749432181,0.9,"MC-PLSc",7475,512736,300,"ordinal","uniform","skewed","Extreme","5",1,TRUE,17.25900000002
"5340","Y~X",0.257528426363101,0.0955773860695627,0.4,"MC-PLSc",7475,512736,300,"ordinal","uniform","skewed","Extreme","5",1,TRUE,17.25900000002
"5341","Y~Z",0.454867981746234,0.0866094575021826,0.5,"MC-PLSc",7475,512736,300,"ordinal","uniform","skewed","Extreme","5",1,TRUE,17.25900000002
"5342","Y~X:Z",0.42703142284501,0.119220823938396,0.3,"MC-PLSc",7475,512736,300,"ordinal","uniform","skewed","Extreme","5",1,TRUE,17.25900000002
"5343","X~~Z",0.132466288739443,0.0917144720076642,0.2,"MC-PLSc",7475,512736,300,"ordinal","uniform","skewed","Extreme","5",1,TRUE,17.25900000002
"5344","X=~x1",0.596984281437514,0.140339233938732,0.4,"PLSc",7475,512736,300,"ordinal","uniform","skewed","Extreme","5",1,TRUE,1.27900000003865
"5345","X=~x2",0.719072491833122,0.127185941592895,0.8,"PLSc",7475,512736,300,"ordinal","uniform","skewed","Extreme","5",1,TRUE,1.27900000003865
"5346","X=~x3",0.570826104994801,0.154704617974824,0.8,"PLSc",7475,512736,300,"ordinal","uniform","skewed","Extreme","5",1,TRUE,1.27900000003865
"5347","Z=~z1",0.590690006331246,0.0966939790706293,0.6,"PLSc",7475,512736,300,"ordinal","uniform","skewed","Extreme","5",1,TRUE,1.27900000003865
"5348","Z=~z2",0.556239950153098,0.0944097971411976,0.6,"PLSc",7475,512736,300,"ordinal","uniform","skewed","Extreme","5",1,TRUE,1.27900000003865
"5349","Z=~z3",0.61846098506151,0.0923073213043266,0.8,"PLSc",7475,512736,300,"ordinal","uniform","skewed","Extreme","5",1,TRUE,1.27900000003865
"5350","Y=~y1",0.392957251089841,0.104799147278126,0.4,"PLSc",7475,512736,300,"ordinal","uniform","skewed","Extreme","5",1,TRUE,1.27900000003865
"5351","Y=~y2",0.673748013528784,0.081359596233631,0.7,"PLSc",7475,512736,300,"ordinal","uniform","skewed","Extreme","5",1,TRUE,1.27900000003865
"5352","Y=~y3",0.923009540922777,0.0724727379733281,0.9,"PLSc",7475,512736,300,"ordinal","uniform","skewed","Extreme","5",1,TRUE,1.27900000003865
"5353","Y~X",0.291721222254019,0.765756154282167,0.4,"PLSc",7475,512736,300,"ordinal","uniform","skewed","Extreme","5",1,TRUE,1.27900000003865
"5354","Y~Z",0.421443578526915,0.202628456844253,0.5,"PLSc",7475,512736,300,"ordinal","uniform","skewed","Extreme","5",1,TRUE,1.27900000003865
"5355","Y~X:Z",0.336058334074561,1.73794945008476,0.3,"PLSc",7475,512736,300,"ordinal","uniform","skewed","Extreme","5",1,TRUE,1.27900000003865
"5356","X~~Z",0.127023443819199,0.0911429390990161,0.2,"PLSc",7475,512736,300,"ordinal","uniform","skewed","Extreme","5",1,TRUE,1.27900000003865
"5357","X=~x1",0.681288789902986,0.0918458627592394,0.4,"PLS",7475,512736,300,"ordinal","uniform","skewed","Extreme","5",1,TRUE,0.87599999998929
"5358","X=~x2",0.8450469419147,0.0517427438640021,0.8,"PLS",7475,512736,300,"ordinal","uniform","skewed","Extreme","5",1,TRUE,0.87599999998929
"5359","X=~x3",0.783957250681805,0.072178557795974,0.8,"PLS",7475,512736,300,"ordinal","uniform","skewed","Extreme","5",1,TRUE,0.87599999998929
"5360","Z=~z1",0.762481993332351,0.053624205799329,0.6,"PLS",7475,512736,300,"ordinal","uniform","skewed","Extreme","5",1,TRUE,0.87599999998929
"5361","Z=~z2",0.689849602052272,0.0704233168342198,0.6,"PLS",7475,512736,300,"ordinal","uniform","skewed","Extreme","5",1,TRUE,0.87599999998929
"5362","Z=~z3",0.796591478891946,0.0478063518893396,0.8,"PLS",7475,512736,300,"ordinal","uniform","skewed","Extreme","5",1,TRUE,0.87599999998929
"5363","Y=~y1",0.611994381984524,0.0727508648250834,0.4,"PLS",7475,512736,300,"ordinal","uniform","skewed","Extreme","5",1,TRUE,0.87599999998929
"5364","Y=~y2",0.823488278147892,0.0369370997022286,0.7,"PLS",7475,512736,300,"ordinal","uniform","skewed","Extreme","5",1,TRUE,0.87599999998929
"5365","Y=~y3",0.897704446061534,0.0172267809658918,0.9,"PLS",7475,512736,300,"ordinal","uniform","skewed","Extreme","5",1,TRUE,0.87599999998929
"5366","Y~X",0.234799038738111,0.0522201748427192,0.4,"PLS",7475,512736,300,"ordinal","uniform","skewed","Extreme","5",1,TRUE,0.87599999998929
"5367","Y~Z",0.320216075752232,0.0497070745804047,0.5,"PLS",7475,512736,300,"ordinal","uniform","skewed","Extreme","5",1,TRUE,0.87599999998929
"5368","Y~X:Z",0.207060621551234,0.0517936913115125,0.3,"PLS",7475,512736,300,"ordinal","uniform","skewed","Extreme","5",1,TRUE,0.87599999998929
"5369","X~~Z",0.081747984744891,0.0602242735749037,0.2,"PLS",7475,512736,300,"ordinal","uniform","skewed","Extreme","5",1,TRUE,0.87599999998929
"5370","X=~x1",0.45,0.068,0.4,"Mplus",7475,512736,300,"ordinal","uniform","skewed","Extreme","5",1,TRUE,185.015000000014
"5371","X=~x2",0.861,0.07,0.8,"Mplus",7475,512736,300,"ordinal","uniform","skewed","Extreme","5",1,TRUE,185.015000000014
"5372","X=~x3",0.746,0.062,0.8,"Mplus",7475,512736,300,"ordinal","uniform","skewed","Extreme","5",1,TRUE,185.015000000014
"5373","Z=~z1",0.62,0.079,0.6,"Mplus",7475,512736,300,"ordinal","uniform","skewed","Extreme","5",1,TRUE,185.015000000014
"5374","Z=~z2",0.523,0.083,0.6,"Mplus",7475,512736,300,"ordinal","uniform","skewed","Extreme","5",1,TRUE,185.015000000014
"5375","Z=~z3",0.699,0.073,0.8,"Mplus",7475,512736,300,"ordinal","uniform","skewed","Extreme","5",1,TRUE,185.015000000014
"5376","Y=~y1",0.469,0.061,0.4,"Mplus",7475,512736,300,"ordinal","uniform","skewed","Extreme","5",1,TRUE,185.015000000014
"5377","Y=~y2",0.736,0.056,0.7,"Mplus",7475,512736,300,"ordinal","uniform","skewed","Extreme","5",1,TRUE,185.015000000014
"5378","Y=~y3",0.901,0.047,0.9,"Mplus",7475,512736,300,"ordinal","uniform","skewed","Extreme","5",1,TRUE,185.015000000014
"5379","Y~X",0.24,0.082,0.4,"Mplus",7475,512736,300,"ordinal","uniform","skewed","Extreme","5",1,TRUE,185.015000000014
"5380","Y~Z",0.501,0.085,0.5,"Mplus",7475,512736,300,"ordinal","uniform","skewed","Extreme","5",1,TRUE,185.015000000014
"5381","Y~X:Z",0.369,0.106,0.3,"Mplus",7475,512736,300,"ordinal","uniform","skewed","Extreme","5",1,TRUE,185.015000000014
"5382","X~~Z",0.099,0.101,0.2,"Mplus",7475,512736,300,"ordinal","uniform","skewed","Extreme","5",1,TRUE,185.015000000014
"5383","X=~x1",0.408531769948049,0.0573459914609568,0.4,"LSAM",7475,512736,300,"ordinal","uniform","skewed","Extreme","5",1,TRUE,0.443000000028405
"5384","X=~x2",0.801356308724351,0.100497549472219,0.8,"LSAM",7475,512736,300,"ordinal","uniform","skewed","Extreme","5",1,TRUE,0.443000000028405
"5385","X=~x3",0.701383690110813,0.0987927053145727,0.8,"LSAM",7475,512736,300,"ordinal","uniform","skewed","Extreme","5",1,TRUE,0.443000000028405
"5386","Z=~z1",0.604811828654368,0.0543285381296661,0.6,"LSAM",7475,512736,300,"ordinal","uniform","skewed","Extreme","5",1,TRUE,0.443000000028405
"5387","Z=~z2",0.445866314420005,0.0862089168815855,0.6,"LSAM",7475,512736,300,"ordinal","uniform","skewed","Extreme","5",1,TRUE,0.443000000028405
"5388","Z=~z3",0.724369059951369,0.115467998357215,0.8,"LSAM",7475,512736,300,"ordinal","uniform","skewed","Extreme","5",1,TRUE,0.443000000028405
"5389","Y=~y1",0.496246065719268,0.0344943633564215,0.4,"LSAM",7475,512736,300,"ordinal","uniform","skewed","Extreme","5",1,TRUE,0.443000000028405
"5390","Y=~y2",0.721377394093796,0.072338116738588,0.7,"LSAM",7475,512736,300,"ordinal","uniform","skewed","Extreme","5",1,TRUE,0.443000000028405
"5391","Y=~y3",0.785242267727572,0.0744987416691475,0.9,"LSAM",7475,512736,300,"ordinal","uniform","skewed","Extreme","5",1,TRUE,0.443000000028405
"5392","Y~X",0.260847473663232,0.0830040843916237,0.4,"LSAM",7475,512736,300,"ordinal","uniform","skewed","Extreme","5",1,TRUE,0.443000000028405
"5393","Y~Z",0.423836523338845,0.0985412258159238,0.5,"LSAM",7475,512736,300,"ordinal","uniform","skewed","Extreme","5",1,TRUE,0.443000000028405
"5394","Y~X:Z",0.305918296843188,0.0872677174339862,0.3,"LSAM",7475,512736,300,"ordinal","uniform","skewed","Extreme","5",1,TRUE,0.443000000028405
"5395","X~~Z",0.127631366430862,0.0851077334406742,0.2,"LSAM",7475,512736,300,"ordinal","uniform","skewed","Extreme","5",1,TRUE,0.443000000028405
"5396","X=~x1",0.395067451308705,0.0446969855759513,0.4,"MC-PLSc",7476,5018914,1000,"ordinal","uniform","skewed","Extreme","5",1,TRUE,19.9679999999935
"5397","X=~x2",0.811844491546117,0.0343679945303731,0.8,"MC-PLSc",7476,5018914,1000,"ordinal","uniform","skewed","Extreme","5",1,TRUE,19.9679999999935
"5398","X=~x3",0.812935292176522,0.032440426394765,0.8,"MC-PLSc",7476,5018914,1000,"ordinal","uniform","skewed","Extreme","5",1,TRUE,19.9679999999935
"5399","Z=~z1",0.648570036412591,0.038037470343334,0.6,"MC-PLSc",7476,5018914,1000,"ordinal","uniform","skewed","Extreme","5",1,TRUE,19.9679999999935
"5400","Z=~z2",0.615383838046248,0.0424575835599282,0.6,"MC-PLSc",7476,5018914,1000,"ordinal","uniform","skewed","Extreme","5",1,TRUE,19.9679999999935
"5401","Z=~z3",0.807944381105572,0.0360715799840061,0.8,"MC-PLSc",7476,5018914,1000,"ordinal","uniform","skewed","Extreme","5",1,TRUE,19.9679999999935
"5402","Y=~y1",0.406881149954653,0.0406406375369797,0.4,"MC-PLSc",7476,5018914,1000,"ordinal","uniform","skewed","Extreme","5",1,TRUE,19.9679999999935
"5403","Y=~y2",0.718542951839767,0.0251240566023271,0.7,"MC-PLSc",7476,5018914,1000,"ordinal","uniform","skewed","Extreme","5",1,TRUE,19.9679999999935
"5404","Y=~y3",0.920187075851026,0.0292227183933708,0.9,"MC-PLSc",7476,5018914,1000,"ordinal","uniform","skewed","Extreme","5",1,TRUE,19.9679999999935
"5405","Y~X",0.454635702827365,0.0417775992321487,0.4,"MC-PLSc",7476,5018914,1000,"ordinal","uniform","skewed","Extreme","5",1,TRUE,19.9679999999935
"5406","Y~Z",0.432355219538944,0.043441608981286,0.5,"MC-PLSc",7476,5018914,1000,"ordinal","uniform","skewed","Extreme","5",1,TRUE,19.9679999999935
"5407","Y~X:Z",0.391444982672167,0.0664608721752206,0.3,"MC-PLSc",7476,5018914,1000,"ordinal","uniform","skewed","Extreme","5",1,TRUE,19.9679999999935
"5408","X~~Z",0.223079575008382,0.0503329465373225,0.2,"MC-PLSc",7476,5018914,1000,"ordinal","uniform","skewed","Extreme","5",1,TRUE,19.9679999999935
"5409","X=~x1",0.346677928094019,0.0568126869531483,0.4,"PLSc",7476,5018914,1000,"ordinal","uniform","skewed","Extreme","5",1,TRUE,1.37299999996321
"5410","X=~x2",0.738683274992456,0.0392631173813073,0.8,"PLSc",7476,5018914,1000,"ordinal","uniform","skewed","Extreme","5",1,TRUE,1.37299999996321
"5411","X=~x3",0.769749606357382,0.0398830824244616,0.8,"PLSc",7476,5018914,1000,"ordinal","uniform","skewed","Extreme","5",1,TRUE,1.37299999996321
"5412","Z=~z1",0.597786510243176,0.0438796487595728,0.6,"PLSc",7476,5018914,1000,"ordinal","uniform","skewed","Extreme","5",1,TRUE,1.37299999996321
"5413","Z=~z2",0.551089154810896,0.0459396905750248,0.6,"PLSc",7476,5018914,1000,"ordinal","uniform","skewed","Extreme","5",1,TRUE,1.37299999996321
"5414","Z=~z3",0.731990825792528,0.0425070512767392,0.8,"PLSc",7476,5018914,1000,"ordinal","uniform","skewed","Extreme","5",1,TRUE,1.37299999996321
"5415","Y=~y1",0.381346934834537,0.0480943983265092,0.4,"PLSc",7476,5018914,1000,"ordinal","uniform","skewed","Extreme","5",1,TRUE,1.37299999996321
"5416","Y=~y2",0.669041691630461,0.0318164126018324,0.7,"PLSc",7476,5018914,1000,"ordinal","uniform","skewed","Extreme","5",1,TRUE,1.37299999996321
"5417","Y=~y3",0.867019302037529,0.0259393624731292,0.9,"PLSc",7476,5018914,1000,"ordinal","uniform","skewed","Extreme","5",1,TRUE,1.37299999996321
"5418","Y~X",0.454158220824076,0.0409463533573381,0.4,"PLSc",7476,5018914,1000,"ordinal","uniform","skewed","Extreme","5",1,TRUE,1.37299999996321
"5419","Y~Z",0.42453294727419,0.0409298800671519,0.5,"PLSc",7476,5018914,1000,"ordinal","uniform","skewed","Extreme","5",1,TRUE,1.37299999996321
"5420","Y~X:Z",0.272132583374156,0.0578832472520516,0.3,"PLSc",7476,5018914,1000,"ordinal","uniform","skewed","Extreme","5",1,TRUE,1.37299999996321
"5421","X~~Z",0.207256083456443,0.0460445933379249,0.2,"PLSc",7476,5018914,1000,"ordinal","uniform","skewed","Extreme","5",1,TRUE,1.37299999996321
"5422","X=~x1",0.501895760971675,0.0495607277328834,0.4,"PLS",7476,5018914,1000,"ordinal","uniform","skewed","Extreme","5",1,TRUE,0.934999999997672
"5423","X=~x2",0.862397218935276,0.0146815307011004,0.8,"PLS",7476,5018914,1000,"ordinal","uniform","skewed","Extreme","5",1,TRUE,0.934999999997672
"5424","X=~x3",0.863861023877238,0.014642926994061,0.8,"PLS",7476,5018914,1000,"ordinal","uniform","skewed","Extreme","5",1,TRUE,0.934999999997672
"5425","Z=~z1",0.74583454792438,0.0247326386695721,0.6,"PLS",7476,5018914,1000,"ordinal","uniform","skewed","Extreme","5",1,TRUE,0.934999999997672
"5426","Z=~z2",0.718559368926891,0.0275144092860087,0.6,"PLS",7476,5018914,1000,"ordinal","uniform","skewed","Extreme","5",1,TRUE,0.934999999997672
"5427","Z=~z3",0.840137654332993,0.0160799495055996,0.8,"PLS",7476,5018914,1000,"ordinal","uniform","skewed","Extreme","5",1,TRUE,0.934999999997672
"5428","Y=~y1",0.52781017079722,0.0443545438121854,0.4,"PLS",7476,5018914,1000,"ordinal","uniform","skewed","Extreme","5",1,TRUE,0.934999999997672
"5429","Y=~y2",0.831569818500865,0.0160882189123986,0.7,"PLS",7476,5018914,1000,"ordinal","uniform","skewed","Extreme","5",1,TRUE,0.934999999997672
"5430","Y=~y3",0.90047521777585,0.00753888582492777,0.9,"PLS",7476,5018914,1000,"ordinal","uniform","skewed","Extreme","5",1,TRUE,0.934999999997672
"5431","Y~X",0.363586478436646,0.0271290604568816,0.4,"PLS",7476,5018914,1000,"ordinal","uniform","skewed","Extreme","5",1,TRUE,0.934999999997672
"5432","Y~Z",0.336443985021457,0.0261364739753644,0.5,"PLS",7476,5018914,1000,"ordinal","uniform","skewed","Extreme","5",1,TRUE,0.934999999997672
"5433","Y~X:Z",0.190538876411179,0.0256338722126171,0.3,"PLS",7476,5018914,1000,"ordinal","uniform","skewed","Extreme","5",1,TRUE,0.934999999997672
"5434","X~~Z",0.145166017023398,0.0319664161472317,0.2,"PLS",7476,5018914,1000,"ordinal","uniform","skewed","Extreme","5",1,TRUE,0.934999999997672
"5435","X=~x1",0.363,0.037,0.4,"Mplus",7476,5018914,1000,"ordinal","uniform","skewed","Extreme","5",1,TRUE,499.102000000014
"5436","X=~x2",0.805,0.032,0.8,"Mplus",7476,5018914,1000,"ordinal","uniform","skewed","Extreme","5",1,TRUE,499.102000000014
"5437","X=~x3",0.784,0.031,0.8,"Mplus",7476,5018914,1000,"ordinal","uniform","skewed","Extreme","5",1,TRUE,499.102000000014
"5438","Z=~z1",0.618,0.032,0.6,"Mplus",7476,5018914,1000,"ordinal","uniform","skewed","Extreme","5",1,TRUE,499.102000000014
"5439","Z=~z2",0.614,0.034,0.6,"Mplus",7476,5018914,1000,"ordinal","uniform","skewed","Extreme","5",1,TRUE,499.102000000014
"5440","Z=~z3",0.798,0.031,0.8,"Mplus",7476,5018914,1000,"ordinal","uniform","skewed","Extreme","5",1,TRUE,499.102000000014
"5441","Y=~y1",0.373,0.035,0.4,"Mplus",7476,5018914,1000,"ordinal","uniform","skewed","Extreme","5",1,TRUE,499.102000000014
"5442","Y=~y2",0.706,0.027,0.7,"Mplus",7476,5018914,1000,"ordinal","uniform","skewed","Extreme","5",1,TRUE,499.102000000014
"5443","Y=~y3",0.911,0.024,0.9,"Mplus",7476,5018914,1000,"ordinal","uniform","skewed","Extreme","5",1,TRUE,499.102000000014
"5444","Y~X",0.461,0.04,0.4,"Mplus",7476,5018914,1000,"ordinal","uniform","skewed","Extreme","5",1,TRUE,499.102000000014
"5445","Y~Z",0.448,0.041,0.5,"Mplus",7476,5018914,1000,"ordinal","uniform","skewed","Extreme","5",1,TRUE,499.102000000014
"5446","Y~X:Z",0.29,0.054,0.3,"Mplus",7476,5018914,1000,"ordinal","uniform","skewed","Extreme","5",1,TRUE,499.102000000014
"5447","X~~Z",0.216,0.046,0.2,"Mplus",7476,5018914,1000,"ordinal","uniform","skewed","Extreme","5",1,TRUE,499.102000000014
"5448","X=~x1",0.346183576745851,0.0332681319124076,0.4,"LSAM",7476,5018914,1000,"ordinal","uniform","skewed","Extreme","5",1,TRUE,0.440999999991618
"5449","X=~x2",0.802490721457483,0.0647952625911708,0.8,"LSAM",7476,5018914,1000,"ordinal","uniform","skewed","Extreme","5",1,TRUE,0.440999999991618
"5450","X=~x3",0.708896240674853,0.0635674184110976,0.8,"LSAM",7476,5018914,1000,"ordinal","uniform","skewed","Extreme","5",1,TRUE,0.440999999991618
"5451","Z=~z1",0.564959545692812,0.0294139360076403,0.6,"LSAM",7476,5018914,1000,"ordinal","uniform","skewed","Extreme","5",1,TRUE,0.440999999991618
"5452","Z=~z2",0.551443029649067,0.0464752762199991,0.6,"LSAM",7476,5018914,1000,"ordinal","uniform","skewed","Extreme","5",1,TRUE,0.440999999991618
"5453","Z=~z3",0.766704882587972,0.0529151330247253,0.8,"LSAM",7476,5018914,1000,"ordinal","uniform","skewed","Extreme","5",1,TRUE,0.440999999991618
"5454","Y=~y1",0.354056545543615,0.012578447359207,0.4,"LSAM",7476,5018914,1000,"ordinal","uniform","skewed","Extreme","5",1,TRUE,0.440999999991618
"5455","Y=~y2",0.681648377042856,0.0465446056160352,0.7,"LSAM",7476,5018914,1000,"ordinal","uniform","skewed","Extreme","5",1,TRUE,0.440999999991618
"5456","Y=~y3",0.876780926763489,0.0551942887138563,0.9,"LSAM",7476,5018914,1000,"ordinal","uniform","skewed","Extreme","5",1,TRUE,0.440999999991618
"5457","Y~X",0.424364825847696,0.0388399642666613,0.4,"LSAM",7476,5018914,1000,"ordinal","uniform","skewed","Extreme","5",1,TRUE,0.440999999991618
"5458","Y~Z",0.427264348026012,0.0438456956779431,0.5,"LSAM",7476,5018914,1000,"ordinal","uniform","skewed","Extreme","5",1,TRUE,0.440999999991618
"5459","Y~X:Z",0.261745675039371,0.0440247567695719,0.3,"LSAM",7476,5018914,1000,"ordinal","uniform","skewed","Extreme","5",1,TRUE,0.440999999991618
"5460","X~~Z",0.207188787031543,0.0440061267713183,0.2,"LSAM",7476,5018914,1000,"ordinal","uniform","skewed","Extreme","5",1,TRUE,0.440999999991618
