"","par","est","se","true","method","id","seed","n","type","dist.exo","dist.zeta","skew","ncat","model.id","admissible","time"
"1","X=~x1",0.429478894161028,0.0574666062913812,0.4,"MC-PLSc",12013,1543392,300,"continuous","normal","normal","Symmetric",NA,1,TRUE,6.23499999998603
"2","X=~x2",0.772226885869935,0.0409945886113143,0.8,"MC-PLSc",12013,1543392,300,"continuous","normal","normal","Symmetric",NA,1,TRUE,6.23499999998603
"3","X=~x3",0.835581250125878,0.0388997757398893,0.8,"MC-PLSc",12013,1543392,300,"continuous","normal","normal","Symmetric",NA,1,TRUE,6.23499999998603
"4","Z=~z1",0.691328502976344,0.0494177332369234,0.6,"MC-PLSc",12013,1543392,300,"continuous","normal","normal","Symmetric",NA,1,TRUE,6.23499999998603
"5","Z=~z2",0.689763375696249,0.0453399203812467,0.6,"MC-PLSc",12013,1543392,300,"continuous","normal","normal","Symmetric",NA,1,TRUE,6.23499999998603
"6","Z=~z3",0.782573223447485,0.0383602342996556,0.8,"MC-PLSc",12013,1543392,300,"continuous","normal","normal","Symmetric",NA,1,TRUE,6.23499999998603
"7","Y=~y1",0.459104457622404,0.0582721714417346,0.4,"MC-PLSc",12013,1543392,300,"continuous","normal","normal","Symmetric",NA,1,TRUE,6.23499999998603
"8","Y=~y2",0.695495406255286,0.0384397596127626,0.7,"MC-PLSc",12013,1543392,300,"continuous","normal","normal","Symmetric",NA,1,TRUE,6.23499999998603
"9","Y=~y3",0.953934127183444,0.0313284035992883,0.9,"MC-PLSc",12013,1543392,300,"continuous","normal","normal","Symmetric",NA,1,TRUE,6.23499999998603
"10","Y~X",0.497787996091503,0.0633023233672011,0.4,"MC-PLSc",12013,1543392,300,"continuous","normal","normal","Symmetric",NA,1,TRUE,6.23499999998603
"11","Y~Z",0.340122067145867,0.0591925718886401,0.5,"MC-PLSc",12013,1543392,300,"continuous","normal","normal","Symmetric",NA,1,TRUE,6.23499999998603
"12","Y~X:Z",0.223570540927566,0.0756228798327799,0.3,"MC-PLSc",12013,1543392,300,"continuous","normal","normal","Symmetric",NA,1,TRUE,6.23499999998603
"13","X~~Z",0.31757277565955,0.0760263832820893,0.2,"MC-PLSc",12013,1543392,300,"continuous","normal","normal","Symmetric",NA,1,TRUE,6.23499999998603
"14","X=~x1",0.446085029714325,0.0812154925411683,0.4,"PLSc",12013,1543392,300,"continuous","normal","normal","Symmetric",NA,1,TRUE,1.25699999998324
"15","X=~x2",0.781492864028893,0.0548979696518075,0.8,"PLSc",12013,1543392,300,"continuous","normal","normal","Symmetric",NA,1,TRUE,1.25699999998324
"16","X=~x3",0.809696000334138,0.0521059543481666,0.8,"PLSc",12013,1543392,300,"continuous","normal","normal","Symmetric",NA,1,TRUE,1.25699999998324
"17","Z=~z1",0.610535574189591,0.0721607944235454,0.6,"PLSc",12013,1543392,300,"continuous","normal","normal","Symmetric",NA,1,TRUE,1.25699999998324
"18","Z=~z2",0.736632026398876,0.0674192546891769,0.6,"PLSc",12013,1543392,300,"continuous","normal","normal","Symmetric",NA,1,TRUE,1.25699999998324
"19","Z=~z3",0.80576115117396,0.0588849069741512,0.8,"PLSc",12013,1543392,300,"continuous","normal","normal","Symmetric",NA,1,TRUE,1.25699999998324
"20","Y=~y1",0.447547588827944,0.0752783049195879,0.4,"PLSc",12013,1543392,300,"continuous","normal","normal","Symmetric",NA,1,TRUE,1.25699999998324
"21","Y=~y2",0.67797335344351,0.0480623415130946,0.7,"PLSc",12013,1543392,300,"continuous","normal","normal","Symmetric",NA,1,TRUE,1.25699999998324
"22","Y=~y3",0.98339361461887,0.0470047602647083,0.9,"PLSc",12013,1543392,300,"continuous","normal","normal","Symmetric",NA,1,TRUE,1.25699999998324
"23","Y~X",0.493639256869643,0.0727606434837241,0.4,"PLSc",12013,1543392,300,"continuous","normal","normal","Symmetric",NA,1,TRUE,1.25699999998324
"24","Y~Z",0.328499395979712,0.0658024233105513,0.5,"PLSc",12013,1543392,300,"continuous","normal","normal","Symmetric",NA,1,TRUE,1.25699999998324
"25","Y~X:Z",0.205481459933356,0.104178804384918,0.3,"PLSc",12013,1543392,300,"continuous","normal","normal","Symmetric",NA,1,TRUE,1.25699999998324
"26","X~~Z",0.316854630472157,0.0775600679546395,0.2,"PLSc",12013,1543392,300,"continuous","normal","normal","Symmetric",NA,1,TRUE,1.25699999998324
"27","X=~x1",0.590062218640493,0.0614850149023325,0.4,"PLS",12013,1543392,300,"continuous","normal","normal","Symmetric",NA,1,TRUE,0.869000000006054
"28","X=~x2",0.870031130633445,0.01989135603357,0.8,"PLS",12013,1543392,300,"continuous","normal","normal","Symmetric",NA,1,TRUE,0.869000000006054
"29","X=~x3",0.890734914343535,0.0160727107704501,0.8,"PLS",12013,1543392,300,"continuous","normal","normal","Symmetric",NA,1,TRUE,0.869000000006054
"30","Z=~z1",0.807367755161338,0.0300625580822116,0.6,"PLS",12013,1543392,300,"continuous","normal","normal","Symmetric",NA,1,TRUE,0.869000000006054
"31","Z=~z2",0.806860997001365,0.0293059329830141,0.6,"PLS",12013,1543392,300,"continuous","normal","normal","Symmetric",NA,1,TRUE,0.869000000006054
"32","Z=~z3",0.855998025724124,0.0182469097645665,0.8,"PLS",12013,1543392,300,"continuous","normal","normal","Symmetric",NA,1,TRUE,0.869000000006054
"33","Y=~y1",0.62578479875775,0.0549555046799488,0.4,"PLS",12013,1543392,300,"continuous","normal","normal","Symmetric",NA,1,TRUE,0.869000000006054
"34","Y=~y2",0.840713654981389,0.022824083181968,0.7,"PLS",12013,1543392,300,"continuous","normal","normal","Symmetric",NA,1,TRUE,0.869000000006054
"35","Y=~y3",0.92241449729505,0.00958142881347348,0.9,"PLS",12013,1543392,300,"continuous","normal","normal","Symmetric",NA,1,TRUE,0.869000000006054
"36","Y~X",0.41699716529966,0.0502872479720305,0.4,"PLS",12013,1543392,300,"continuous","normal","normal","Symmetric",NA,1,TRUE,0.869000000006054
"37","Y~Z",0.296956597012759,0.0452118885348506,0.5,"PLS",12013,1543392,300,"continuous","normal","normal","Symmetric",NA,1,TRUE,0.869000000006054
"38","Y~X:Z",0.16594740481171,0.0543139809906213,0.3,"PLS",12013,1543392,300,"continuous","normal","normal","Symmetric",NA,1,TRUE,0.869000000006054
"39","X~~Z",0.245622183780088,0.0610708559274913,0.2,"PLS",12013,1543392,300,"continuous","normal","normal","Symmetric",NA,1,TRUE,0.869000000006054
"40","X=~x1",0.421,0.053,0.4,"Mplus",12013,1543392,300,"continuous","normal","normal","Symmetric",NA,1,TRUE,2.3399999999674
"41","X=~x2",0.785,0.035,0.8,"Mplus",12013,1543392,300,"continuous","normal","normal","Symmetric",NA,1,TRUE,2.3399999999674
"42","X=~x3",0.828,0.036,0.8,"Mplus",12013,1543392,300,"continuous","normal","normal","Symmetric",NA,1,TRUE,2.3399999999674
"43","Z=~z1",0.718,0.042,0.6,"Mplus",12013,1543392,300,"continuous","normal","normal","Symmetric",NA,1,TRUE,2.3399999999674
"44","Z=~z2",0.657,0.042,0.6,"Mplus",12013,1543392,300,"continuous","normal","normal","Symmetric",NA,1,TRUE,2.3399999999674
"45","Z=~z3",0.785,0.036,0.8,"Mplus",12013,1543392,300,"continuous","normal","normal","Symmetric",NA,1,TRUE,2.3399999999674
"46","Y=~y1",0.453,0.049,0.4,"Mplus",12013,1543392,300,"continuous","normal","normal","Symmetric",NA,1,TRUE,2.3399999999674
"47","Y=~y2",0.691,0.039,0.7,"Mplus",12013,1543392,300,"continuous","normal","normal","Symmetric",NA,1,TRUE,2.3399999999674
"48","Y=~y3",0.951,0.028,0.9,"Mplus",12013,1543392,300,"continuous","normal","normal","Symmetric",NA,1,TRUE,2.3399999999674
"49","Y~X",0.511,0.052,0.4,"Mplus",12013,1543392,300,"continuous","normal","normal","Symmetric",NA,1,TRUE,2.3399999999674
"50","Y~Z",0.353,0.054,0.5,"Mplus",12013,1543392,300,"continuous","normal","normal","Symmetric",NA,1,TRUE,2.3399999999674
"51","Y~X:Z",0.229,0.06,0.3,"Mplus",12013,1543392,300,"continuous","normal","normal","Symmetric",NA,1,TRUE,2.3399999999674
"52","X~~Z",0.312,0.074,0.2,"Mplus",12013,1543392,300,"continuous","normal","normal","Symmetric",NA,1,TRUE,2.3399999999674
"53","X=~x1",0.414789329216388,0.0568912837136895,0.4,"LSAM",12013,1543392,300,"continuous","normal","normal","Symmetric",NA,1,TRUE,0.418999999994412
"54","X=~x2",0.7442391471913,0.0850532340491725,0.8,"LSAM",12013,1543392,300,"continuous","normal","normal","Symmetric",NA,1,TRUE,0.418999999994412
"55","X=~x3",0.877601853737046,0.0796456699756076,0.8,"LSAM",12013,1543392,300,"continuous","normal","normal","Symmetric",NA,1,TRUE,0.418999999994412
"56","Z=~z1",0.754827652557649,0.0341683976544748,0.6,"LSAM",12013,1543392,300,"continuous","normal","normal","Symmetric",NA,1,TRUE,0.418999999994412
"57","Z=~z2",0.64855041626031,0.058688387809187,0.6,"LSAM",12013,1543392,300,"continuous","normal","normal","Symmetric",NA,1,TRUE,0.418999999994412
"58","Z=~z3",0.762164196907602,0.0576105495357535,0.8,"LSAM",12013,1543392,300,"continuous","normal","normal","Symmetric",NA,1,TRUE,0.418999999994412
"59","Y=~y1",0.471044174558607,0.0272729644052331,0.4,"LSAM",12013,1543392,300,"continuous","normal","normal","Symmetric",NA,1,TRUE,0.418999999994412
"60","Y=~y2",0.723717136311314,0.0603454652584729,0.7,"LSAM",12013,1543392,300,"continuous","normal","normal","Symmetric",NA,1,TRUE,0.418999999994412
"61","Y=~y3",0.908689816562008,0.0632263172203601,0.9,"LSAM",12013,1543392,300,"continuous","normal","normal","Symmetric",NA,1,TRUE,0.418999999994412
"62","Y~X",0.494542987176358,0.0598955301980022,0.4,"LSAM",12013,1543392,300,"continuous","normal","normal","Symmetric",NA,1,TRUE,0.418999999994412
"63","Y~Z",0.34919347143656,0.0649866182115528,0.5,"LSAM",12013,1543392,300,"continuous","normal","normal","Symmetric",NA,1,TRUE,0.418999999994412
"64","Y~X:Z",0.182851329598853,0.0691709124855266,0.3,"LSAM",12013,1543392,300,"continuous","normal","normal","Symmetric",NA,1,TRUE,0.418999999994412
"65","X~~Z",0.323062841019885,0.0686839757497264,0.2,"LSAM",12013,1543392,300,"continuous","normal","normal","Symmetric",NA,1,TRUE,0.418999999994412
"66","X=~x1",0.472087615797171,0.0329868945512222,0.4,"MC-PLSc",12014,8633786,1000,"continuous","normal","normal","Symmetric",NA,1,TRUE,6.16800000000512
"67","X=~x2",0.828831155566663,0.0259523393417446,0.8,"MC-PLSc",12014,8633786,1000,"continuous","normal","normal","Symmetric",NA,1,TRUE,6.16800000000512
"68","X=~x3",0.792329806910697,0.0254050412391134,0.8,"MC-PLSc",12014,8633786,1000,"continuous","normal","normal","Symmetric",NA,1,TRUE,6.16800000000512
"69","Z=~z1",0.613417844424959,0.0277261716134838,0.6,"MC-PLSc",12014,8633786,1000,"continuous","normal","normal","Symmetric",NA,1,TRUE,6.16800000000512
"70","Z=~z2",0.607894050212459,0.0279633024861987,0.6,"MC-PLSc",12014,8633786,1000,"continuous","normal","normal","Symmetric",NA,1,TRUE,6.16800000000512
"71","Z=~z3",0.807299074758027,0.0251124790933836,0.8,"MC-PLSc",12014,8633786,1000,"continuous","normal","normal","Symmetric",NA,1,TRUE,6.16800000000512
"72","Y=~y1",0.352376944022119,0.0307676998361307,0.4,"MC-PLSc",12014,8633786,1000,"continuous","normal","normal","Symmetric",NA,1,TRUE,6.16800000000512
"73","Y=~y2",0.707374902011749,0.0235622744628837,0.7,"MC-PLSc",12014,8633786,1000,"continuous","normal","normal","Symmetric",NA,1,TRUE,6.16800000000512
"74","Y=~y3",0.870776697055991,0.020608435755751,0.9,"MC-PLSc",12014,8633786,1000,"continuous","normal","normal","Symmetric",NA,1,TRUE,6.16800000000512
"75","Y~X",0.411916416410022,0.0343854557952389,0.4,"MC-PLSc",12014,8633786,1000,"continuous","normal","normal","Symmetric",NA,1,TRUE,6.16800000000512
"76","Y~Z",0.538206455899223,0.0327807108778561,0.5,"MC-PLSc",12014,8633786,1000,"continuous","normal","normal","Symmetric",NA,1,TRUE,6.16800000000512
"77","Y~X:Z",0.342012773640006,0.037328987577146,0.3,"MC-PLSc",12014,8633786,1000,"continuous","normal","normal","Symmetric",NA,1,TRUE,6.16800000000512
"78","X~~Z",0.162078637166665,0.0386398443169097,0.2,"MC-PLSc",12014,8633786,1000,"continuous","normal","normal","Symmetric",NA,1,TRUE,6.16800000000512
"79","X=~x1",0.48493353884914,0.0515540861969851,0.4,"PLSc",12014,8633786,1000,"continuous","normal","normal","Symmetric",NA,1,TRUE,1.47600000002421
"80","X=~x2",0.835612659888628,0.0413709918725186,0.8,"PLSc",12014,8633786,1000,"continuous","normal","normal","Symmetric",NA,1,TRUE,1.47600000002421
"81","X=~x3",0.772290632584712,0.0390703785432941,0.8,"PLSc",12014,8633786,1000,"continuous","normal","normal","Symmetric",NA,1,TRUE,1.47600000002421
"82","Z=~z1",0.589484179832876,0.0407545417082352,0.6,"PLSc",12014,8633786,1000,"continuous","normal","normal","Symmetric",NA,1,TRUE,1.47600000002421
"83","Z=~z2",0.6389170770086,0.0381568161064998,0.6,"PLSc",12014,8633786,1000,"continuous","normal","normal","Symmetric",NA,1,TRUE,1.47600000002421
"84","Z=~z3",0.795102735223912,0.034790394444377,0.8,"PLSc",12014,8633786,1000,"continuous","normal","normal","Symmetric",NA,1,TRUE,1.47600000002421
"85","Y=~y1",0.3544079122296,0.045831934973538,0.4,"PLSc",12014,8633786,1000,"continuous","normal","normal","Symmetric",NA,1,TRUE,1.47600000002421
"86","Y=~y2",0.704684466014923,0.027202551827674,0.7,"PLSc",12014,8633786,1000,"continuous","normal","normal","Symmetric",NA,1,TRUE,1.47600000002421
"87","Y=~y3",0.870383841905406,0.0262278083975418,0.9,"PLSc",12014,8633786,1000,"continuous","normal","normal","Symmetric",NA,1,TRUE,1.47600000002421
"88","Y~X",0.438977759473139,0.0388322649092229,0.4,"PLSc",12014,8633786,1000,"continuous","normal","normal","Symmetric",NA,1,TRUE,1.47600000002421
"89","Y~Z",0.561655076407369,0.0417129209508907,0.5,"PLSc",12014,8633786,1000,"continuous","normal","normal","Symmetric",NA,1,TRUE,1.47600000002421
"90","Y~X:Z",0.390910816024971,0.0517442110821634,0.3,"PLSc",12014,8633786,1000,"continuous","normal","normal","Symmetric",NA,1,TRUE,1.47600000002421
"91","X~~Z",0.163804354805104,0.0397845484857932,0.2,"PLSc",12014,8633786,1000,"continuous","normal","normal","Symmetric",NA,1,TRUE,1.47600000002421
"92","X=~x1",0.632046787168242,0.0318325242725736,0.4,"PLS",12014,8633786,1000,"continuous","normal","normal","Symmetric",NA,1,TRUE,0.928000000014435
"93","X=~x2",0.887410782884794,0.0109609506183127,0.8,"PLS",12014,8633786,1000,"continuous","normal","normal","Symmetric",NA,1,TRUE,0.928000000014435
"94","X=~x3",0.875087871215503,0.0111482802967277,0.8,"PLS",12014,8633786,1000,"continuous","normal","normal","Symmetric",NA,1,TRUE,0.928000000014435
"95","Z=~z1",0.761561818850714,0.0206219914592937,0.6,"PLS",12014,8633786,1000,"continuous","normal","normal","Symmetric",NA,1,TRUE,0.928000000014435
"96","Z=~z2",0.757406020460374,0.0200353985127318,0.6,"PLS",12014,8633786,1000,"continuous","normal","normal","Symmetric",NA,1,TRUE,0.928000000014435
"97","Z=~z3",0.865276144479979,0.0109565394753922,0.8,"PLS",12014,8633786,1000,"continuous","normal","normal","Symmetric",NA,1,TRUE,0.928000000014435
"98","Y=~y1",0.507882791830584,0.040837555432163,0.4,"PLS",12014,8633786,1000,"continuous","normal","normal","Symmetric",NA,1,TRUE,0.928000000014435
"99","Y=~y2",0.848973563488305,0.0126507137235127,0.7,"PLS",12014,8633786,1000,"continuous","normal","normal","Symmetric",NA,1,TRUE,0.928000000014435
"100","Y=~y3",0.903158889667172,0.00711147277048692,0.9,"PLS",12014,8633786,1000,"continuous","normal","normal","Symmetric",NA,1,TRUE,0.928000000014435
"101","Y~X",0.341357140182479,0.026196934920258,0.4,"PLS",12014,8633786,1000,"continuous","normal","normal","Symmetric",NA,1,TRUE,0.928000000014435
"102","Y~Z",0.416129240059885,0.0242682396392107,0.5,"PLS",12014,8633786,1000,"continuous","normal","normal","Symmetric",NA,1,TRUE,0.928000000014435
"103","Y~X:Z",0.232721921033628,0.0261744041827742,0.3,"PLS",12014,8633786,1000,"continuous","normal","normal","Symmetric",NA,1,TRUE,0.928000000014435
"104","X~~Z",0.124477269776948,0.0303062457556099,0.2,"PLS",12014,8633786,1000,"continuous","normal","normal","Symmetric",NA,1,TRUE,0.928000000014435
"105","X=~x1",0.457,0.03,0.4,"Mplus",12014,8633786,1000,"continuous","normal","normal","Symmetric",NA,1,TRUE,10.9530000000377
"106","X=~x2",0.836,0.02,0.8,"Mplus",12014,8633786,1000,"continuous","normal","normal","Symmetric",NA,1,TRUE,10.9530000000377
"107","X=~x3",0.795,0.021,0.8,"Mplus",12014,8633786,1000,"continuous","normal","normal","Symmetric",NA,1,TRUE,10.9530000000377
"108","Z=~z1",0.624,0.026,0.6,"Mplus",12014,8633786,1000,"continuous","normal","normal","Symmetric",NA,1,TRUE,10.9530000000377
"109","Z=~z2",0.599,0.027,0.6,"Mplus",12014,8633786,1000,"continuous","normal","normal","Symmetric",NA,1,TRUE,10.9530000000377
"110","Z=~z3",0.808,0.022,0.8,"Mplus",12014,8633786,1000,"continuous","normal","normal","Symmetric",NA,1,TRUE,10.9530000000377
"111","Y=~y1",0.347,0.031,0.4,"Mplus",12014,8633786,1000,"continuous","normal","normal","Symmetric",NA,1,TRUE,10.9530000000377
"112","Y=~y2",0.7,0.023,0.7,"Mplus",12014,8633786,1000,"continuous","normal","normal","Symmetric",NA,1,TRUE,10.9530000000377
"113","Y=~y3",0.897,0.019,0.9,"Mplus",12014,8633786,1000,"continuous","normal","normal","Symmetric",NA,1,TRUE,10.9530000000377
"114","Y~X",0.376,0.032,0.4,"Mplus",12014,8633786,1000,"continuous","normal","normal","Symmetric",NA,1,TRUE,10.9530000000377
"115","Y~Z",0.525,0.029,0.5,"Mplus",12014,8633786,1000,"continuous","normal","normal","Symmetric",NA,1,TRUE,10.9530000000377
"116","Y~X:Z",0.349,0.03,0.3,"Mplus",12014,8633786,1000,"continuous","normal","normal","Symmetric",NA,1,TRUE,10.9530000000377
"117","X~~Z",0.177,0.037,0.2,"Mplus",12014,8633786,1000,"continuous","normal","normal","Symmetric",NA,1,TRUE,10.9530000000377
"118","X=~x1",0.461897995772491,0.0281803793016391,0.4,"LSAM",12014,8633786,1000,"continuous","normal","normal","Symmetric",NA,1,TRUE,0.494999999995343
"119","X=~x2",0.813864587890925,0.0391606952132895,0.8,"LSAM",12014,8633786,1000,"continuous","normal","normal","Symmetric",NA,1,TRUE,0.494999999995343
"120","X=~x3",0.81435876017423,0.0391499299505489,0.8,"LSAM",12014,8633786,1000,"continuous","normal","normal","Symmetric",NA,1,TRUE,0.494999999995343
"121","Z=~z1",0.632398482158531,0.0205962530721588,0.6,"LSAM",12014,8633786,1000,"continuous","normal","normal","Symmetric",NA,1,TRUE,0.494999999995343
"122","Z=~z2",0.573862381090703,0.0360720464693853,0.6,"LSAM",12014,8633786,1000,"continuous","normal","normal","Symmetric",NA,1,TRUE,0.494999999995343
"123","Z=~z3",0.82138482215408,0.0395723383085727,0.8,"LSAM",12014,8633786,1000,"continuous","normal","normal","Symmetric",NA,1,TRUE,0.494999999995343
"124","Y=~y1",0.349998157016669,0.0124702751249329,0.4,"LSAM",12014,8633786,1000,"continuous","normal","normal","Symmetric",NA,1,TRUE,0.494999999995343
"125","Y=~y2",0.704264643019757,0.0464768675579943,0.7,"LSAM",12014,8633786,1000,"continuous","normal","normal","Symmetric",NA,1,TRUE,0.494999999995343
"126","Y=~y3",0.874497147250043,0.0533391209228186,0.9,"LSAM",12014,8633786,1000,"continuous","normal","normal","Symmetric",NA,1,TRUE,0.494999999995343
"127","Y~X",0.426749201472924,0.039940711788871,0.4,"LSAM",12014,8633786,1000,"continuous","normal","normal","Symmetric",NA,1,TRUE,0.494999999995343
"128","Y~Z",0.555199973568223,0.0479556560356114,0.5,"LSAM",12014,8633786,1000,"continuous","normal","normal","Symmetric",NA,1,TRUE,0.494999999995343
"129","Y~X:Z",0.405769371363681,0.0426040486901452,0.3,"LSAM",12014,8633786,1000,"continuous","normal","normal","Symmetric",NA,1,TRUE,0.494999999995343
"130","X~~Z",0.164791757817634,0.0384974286135585,0.2,"LSAM",12014,8633786,1000,"continuous","normal","normal","Symmetric",NA,1,TRUE,0.494999999995343
"131","X=~x1",0.354421232463173,0.0937299645473356,0.4,"MC-PLSc",12015,3028599,300,"continuous","skewed","normal","Symmetric",NA,1,TRUE,6.34899999998743
"132","X=~x2",0.733950516435026,0.0539715493568074,0.8,"MC-PLSc",12015,3028599,300,"continuous","skewed","normal","Symmetric",NA,1,TRUE,6.34899999998743
"133","X=~x3",0.754282432064633,0.06741701542129,0.8,"MC-PLSc",12015,3028599,300,"continuous","skewed","normal","Symmetric",NA,1,TRUE,6.34899999998743
"134","Z=~z1",0.552949640051843,0.0633193017459535,0.6,"MC-PLSc",12015,3028599,300,"continuous","skewed","normal","Symmetric",NA,1,TRUE,6.34899999998743
"135","Z=~z2",0.641656086588851,0.0515715736976406,0.6,"MC-PLSc",12015,3028599,300,"continuous","skewed","normal","Symmetric",NA,1,TRUE,6.34899999998743
"136","Z=~z3",0.786002703553203,0.0426271087306541,0.8,"MC-PLSc",12015,3028599,300,"continuous","skewed","normal","Symmetric",NA,1,TRUE,6.34899999998743
"137","Y=~y1",0.38881641877024,0.0620185512424993,0.4,"MC-PLSc",12015,3028599,300,"continuous","skewed","normal","Symmetric",NA,1,TRUE,6.34899999998743
"138","Y=~y2",0.761786811520127,0.0538144864854047,0.7,"MC-PLSc",12015,3028599,300,"continuous","skewed","normal","Symmetric",NA,1,TRUE,6.34899999998743
"139","Y=~y3",0.914154070146974,0.0318258688857654,0.9,"MC-PLSc",12015,3028599,300,"continuous","skewed","normal","Symmetric",NA,1,TRUE,6.34899999998743
"140","Y~X",0.332190617252697,0.0550015169728289,0.4,"MC-PLSc",12015,3028599,300,"continuous","skewed","normal","Symmetric",NA,1,TRUE,6.34899999998743
"141","Y~Z",0.576817602227389,0.059050564810366,0.5,"MC-PLSc",12015,3028599,300,"continuous","skewed","normal","Symmetric",NA,1,TRUE,6.34899999998743
"142","Y~X:Z",0.371297967959735,0.0536133847928494,0.3,"MC-PLSc",12015,3028599,300,"continuous","skewed","normal","Symmetric",NA,1,TRUE,6.34899999998743
"143","X~~Z",0.17341066909675,0.0988206835969798,0.2,"MC-PLSc",12015,3028599,300,"continuous","skewed","normal","Symmetric",NA,1,TRUE,6.34899999998743
"144","X=~x1",0.367244687052681,0.129563114416201,0.4,"PLSc",12015,3028599,300,"continuous","skewed","normal","Symmetric",NA,1,TRUE,1.24599999998463
"145","X=~x2",0.695448395404648,0.0640318066231011,0.8,"PLSc",12015,3028599,300,"continuous","skewed","normal","Symmetric",NA,1,TRUE,1.24599999998463
"146","X=~x3",0.779183027171073,0.0801944696967565,0.8,"PLSc",12015,3028599,300,"continuous","skewed","normal","Symmetric",NA,1,TRUE,1.24599999998463
"147","Z=~z1",0.545229832254759,0.0641029614076521,0.6,"PLSc",12015,3028599,300,"continuous","skewed","normal","Symmetric",NA,1,TRUE,1.24599999998463
"148","Z=~z2",0.657582047739876,0.056206428361172,0.6,"PLSc",12015,3028599,300,"continuous","skewed","normal","Symmetric",NA,1,TRUE,1.24599999998463
"149","Z=~z3",0.775846317325531,0.0414907366103635,0.8,"PLSc",12015,3028599,300,"continuous","skewed","normal","Symmetric",NA,1,TRUE,1.24599999998463
"150","Y=~y1",0.335388240672982,0.0710705032244883,0.4,"PLSc",12015,3028599,300,"continuous","skewed","normal","Symmetric",NA,1,TRUE,1.24599999998463
"151","Y=~y2",0.765953856473706,0.0502415350886634,0.7,"PLSc",12015,3028599,300,"continuous","skewed","normal","Symmetric",NA,1,TRUE,1.24599999998463
"152","Y=~y3",0.946923878850081,0.0387164728359605,0.9,"PLSc",12015,3028599,300,"continuous","skewed","normal","Symmetric",NA,1,TRUE,1.24599999998463
"153","Y~X",0.319619975824397,0.105712515805275,0.4,"PLSc",12015,3028599,300,"continuous","skewed","normal","Symmetric",NA,1,TRUE,1.24599999998463
"154","Y~Z",0.553046073720243,0.0757960366520817,0.5,"PLSc",12015,3028599,300,"continuous","skewed","normal","Symmetric",NA,1,TRUE,1.24599999998463
"155","Y~X:Z",0.224096809403547,0.198250357125868,0.3,"PLSc",12015,3028599,300,"continuous","skewed","normal","Symmetric",NA,1,TRUE,1.24599999998463
"156","X~~Z",0.175707915865546,0.0939952673786149,0.2,"PLSc",12015,3028599,300,"continuous","skewed","normal","Symmetric",NA,1,TRUE,1.24599999998463
"157","X=~x1",0.511371367869359,0.105612675454679,0.4,"PLS",12015,3028599,300,"continuous","skewed","normal","Symmetric",NA,1,TRUE,0.895000000018626
"158","X=~x2",0.852845295450579,0.0253965572051417,0.8,"PLS",12015,3028599,300,"continuous","skewed","normal","Symmetric",NA,1,TRUE,0.895000000018626
"159","X=~x3",0.860760362089739,0.0326712861225805,0.8,"PLS",12015,3028599,300,"continuous","skewed","normal","Symmetric",NA,1,TRUE,0.895000000018626
"160","Z=~z1",0.713790873018739,0.0496431717292803,0.6,"PLS",12015,3028599,300,"continuous","skewed","normal","Symmetric",NA,1,TRUE,0.895000000018626
"161","Z=~z2",0.78454077350318,0.0341266985657126,0.6,"PLS",12015,3028599,300,"continuous","skewed","normal","Symmetric",NA,1,TRUE,0.895000000018626
"162","Z=~z3",0.857958931673284,0.016283068245612,0.8,"PLS",12015,3028599,300,"continuous","skewed","normal","Symmetric",NA,1,TRUE,0.895000000018626
"163","Y=~y1",0.548036530403401,0.0658939185411868,0.4,"PLS",12015,3028599,300,"continuous","skewed","normal","Symmetric",NA,1,TRUE,0.895000000018626
"164","Y=~y2",0.877895691966755,0.0226467829180017,0.7,"PLS",12015,3028599,300,"continuous","skewed","normal","Symmetric",NA,1,TRUE,0.895000000018626
"165","Y=~y3",0.919310889765726,0.00984386323170878,0.9,"PLS",12015,3028599,300,"continuous","skewed","normal","Symmetric",NA,1,TRUE,0.895000000018626
"166","Y~X",0.277390173526596,0.0413723635401034,0.4,"PLS",12015,3028599,300,"continuous","skewed","normal","Symmetric",NA,1,TRUE,0.895000000018626
"167","Y~Z",0.456723158357438,0.0420712484794081,0.5,"PLS",12015,3028599,300,"continuous","skewed","normal","Symmetric",NA,1,TRUE,0.895000000018626
"168","Y~X:Z",0.246887804090417,0.0378060199362448,0.3,"PLS",12015,3028599,300,"continuous","skewed","normal","Symmetric",NA,1,TRUE,0.895000000018626
"169","X~~Z",0.125774246796145,0.0683915861539276,0.2,"PLS",12015,3028599,300,"continuous","skewed","normal","Symmetric",NA,1,TRUE,0.895000000018626
"170","X=~x1",0.34,0.072,0.4,"Mplus",12015,3028599,300,"continuous","skewed","normal","Symmetric",NA,1,TRUE,2.35099999996601
"171","X=~x2",0.778,0.048,0.8,"Mplus",12015,3028599,300,"continuous","skewed","normal","Symmetric",NA,1,TRUE,2.35099999996601
"172","X=~x3",0.712,0.057,0.8,"Mplus",12015,3028599,300,"continuous","skewed","normal","Symmetric",NA,1,TRUE,2.35099999996601
"173","Z=~z1",0.563,0.059,0.6,"Mplus",12015,3028599,300,"continuous","skewed","normal","Symmetric",NA,1,TRUE,2.35099999996601
"174","Z=~z2",0.662,0.05,0.6,"Mplus",12015,3028599,300,"continuous","skewed","normal","Symmetric",NA,1,TRUE,2.35099999996601
"175","Z=~z3",0.748,0.045,0.8,"Mplus",12015,3028599,300,"continuous","skewed","normal","Symmetric",NA,1,TRUE,2.35099999996601
"176","Y=~y1",0.351,0.047,0.4,"Mplus",12015,3028599,300,"continuous","skewed","normal","Symmetric",NA,1,TRUE,2.35099999996601
"177","Y=~y2",0.689,0.041,0.7,"Mplus",12015,3028599,300,"continuous","skewed","normal","Symmetric",NA,1,TRUE,2.35099999996601
"178","Y=~y3",0.894,0.029,0.9,"Mplus",12015,3028599,300,"continuous","skewed","normal","Symmetric",NA,1,TRUE,2.35099999996601
"179","Y~X",0.365,0.058,0.4,"Mplus",12015,3028599,300,"continuous","skewed","normal","Symmetric",NA,1,TRUE,2.35099999996601
"180","Y~Z",0.611,0.061,0.5,"Mplus",12015,3028599,300,"continuous","skewed","normal","Symmetric",NA,1,TRUE,2.35099999996601
"181","Y~X:Z",0.368,0.047,0.3,"Mplus",12015,3028599,300,"continuous","skewed","normal","Symmetric",NA,1,TRUE,2.35099999996601
"182","X~~Z",0.246,0.092,0.2,"Mplus",12015,3028599,300,"continuous","skewed","normal","Symmetric",NA,1,TRUE,2.35099999996601
"183","X=~x1",0.339617669796779,0.0695374308633456,0.4,"LSAM",12015,3028599,300,"continuous","skewed","normal","Symmetric",NA,1,TRUE,0.431999999971595
"184","X=~x2",0.85661132020634,0.125262179872461,0.8,"LSAM",12015,3028599,300,"continuous","skewed","normal","Symmetric",NA,1,TRUE,0.431999999971595
"185","X=~x3",0.652778129438624,0.123499172593879,0.8,"LSAM",12015,3028599,300,"continuous","skewed","normal","Symmetric",NA,1,TRUE,0.431999999971595
"186","Z=~z1",0.559016232207431,0.043273272581243,0.6,"LSAM",12015,3028599,300,"continuous","skewed","normal","Symmetric",NA,1,TRUE,0.431999999971595
"187","Z=~z2",0.619518814952048,0.0739891444094142,0.6,"LSAM",12015,3028599,300,"continuous","skewed","normal","Symmetric",NA,1,TRUE,0.431999999971595
"188","Z=~z3",0.802849274599507,0.0795627537557478,0.8,"LSAM",12015,3028599,300,"continuous","skewed","normal","Symmetric",NA,1,TRUE,0.431999999971595
"189","Y=~y1",0.43187807355343,0.0452325681882635,0.4,"LSAM",12015,3028599,300,"continuous","skewed","normal","Symmetric",NA,1,TRUE,0.431999999971595
"190","Y=~y2",0.778883147287732,0.0728193137739504,0.7,"LSAM",12015,3028599,300,"continuous","skewed","normal","Symmetric",NA,1,TRUE,0.431999999971595
"191","Y=~y3",0.863859825051979,0.0709454788972692,0.9,"LSAM",12015,3028599,300,"continuous","skewed","normal","Symmetric",NA,1,TRUE,0.431999999971595
"192","Y~X",0.361222501062227,0.0655425958204522,0.4,"LSAM",12015,3028599,300,"continuous","skewed","normal","Symmetric",NA,1,TRUE,0.431999999971595
"193","Y~Z",0.582722601356954,0.0993259687554429,0.5,"LSAM",12015,3028599,300,"continuous","skewed","normal","Symmetric",NA,1,TRUE,0.431999999971595
"194","Y~X:Z",0.258490478842787,0.0509108400329735,0.3,"LSAM",12015,3028599,300,"continuous","skewed","normal","Symmetric",NA,1,TRUE,0.431999999971595
"195","X~~Z",0.13076832925636,0.0895822567335694,0.2,"LSAM",12015,3028599,300,"continuous","skewed","normal","Symmetric",NA,1,TRUE,0.431999999971595
"196","X=~x1",0.387041423324375,0.0331663798100209,0.4,"MC-PLSc",12016,905392,1000,"continuous","skewed","normal","Symmetric",NA,1,TRUE,6.30699999997159
"197","X=~x2",0.750944363568926,0.0252290995420471,0.8,"MC-PLSc",12016,905392,1000,"continuous","skewed","normal","Symmetric",NA,1,TRUE,6.30699999997159
"198","X=~x3",0.815605711157846,0.026769707644193,0.8,"MC-PLSc",12016,905392,1000,"continuous","skewed","normal","Symmetric",NA,1,TRUE,6.30699999997159
"199","Z=~z1",0.630952831523756,0.0291590277488652,0.6,"MC-PLSc",12016,905392,1000,"continuous","skewed","normal","Symmetric",NA,1,TRUE,6.30699999997159
"200","Z=~z2",0.605301316008012,0.0319794951628019,0.6,"MC-PLSc",12016,905392,1000,"continuous","skewed","normal","Symmetric",NA,1,TRUE,6.30699999997159
"201","Z=~z3",0.77719821738785,0.0248762698417503,0.8,"MC-PLSc",12016,905392,1000,"continuous","skewed","normal","Symmetric",NA,1,TRUE,6.30699999997159
"202","Y=~y1",0.369024713508494,0.0363167584776684,0.4,"MC-PLSc",12016,905392,1000,"continuous","skewed","normal","Symmetric",NA,1,TRUE,6.30699999997159
"203","Y=~y2",0.706811869720116,0.0271551965767499,0.7,"MC-PLSc",12016,905392,1000,"continuous","skewed","normal","Symmetric",NA,1,TRUE,6.30699999997159
"204","Y=~y3",0.903561170265203,0.0198274027255455,0.9,"MC-PLSc",12016,905392,1000,"continuous","skewed","normal","Symmetric",NA,1,TRUE,6.30699999997159
"205","Y~X",0.382310663143086,0.0348895879583985,0.4,"MC-PLSc",12016,905392,1000,"continuous","skewed","normal","Symmetric",NA,1,TRUE,6.30699999997159
"206","Y~Z",0.493053585134247,0.0372453158848361,0.5,"MC-PLSc",12016,905392,1000,"continuous","skewed","normal","Symmetric",NA,1,TRUE,6.30699999997159
"207","Y~X:Z",0.342842092524747,0.0313084487083892,0.3,"MC-PLSc",12016,905392,1000,"continuous","skewed","normal","Symmetric",NA,1,TRUE,6.30699999997159
"208","X~~Z",0.298988967343535,0.0471396431610595,0.2,"MC-PLSc",12016,905392,1000,"continuous","skewed","normal","Symmetric",NA,1,TRUE,6.30699999997159
"209","X=~x1",0.402944898215364,0.0436667220771665,0.4,"PLSc",12016,905392,1000,"continuous","skewed","normal","Symmetric",NA,1,TRUE,1.34099999995669
"210","X=~x2",0.742997364659591,0.0295965185213739,0.8,"PLSc",12016,905392,1000,"continuous","skewed","normal","Symmetric",NA,1,TRUE,1.34099999995669
"211","X=~x3",0.808498527155012,0.0289374419323196,0.8,"PLSc",12016,905392,1000,"continuous","skewed","normal","Symmetric",NA,1,TRUE,1.34099999995669
"212","Z=~z1",0.64652964754102,0.0318162082138411,0.6,"PLSc",12016,905392,1000,"continuous","skewed","normal","Symmetric",NA,1,TRUE,1.34099999995669
"213","Z=~z2",0.580867982643021,0.040771957960709,0.6,"PLSc",12016,905392,1000,"continuous","skewed","normal","Symmetric",NA,1,TRUE,1.34099999995669
"214","Z=~z3",0.78239236041674,0.0301709189806816,0.8,"PLSc",12016,905392,1000,"continuous","skewed","normal","Symmetric",NA,1,TRUE,1.34099999995669
"215","Y=~y1",0.353350898809633,0.0402393466573272,0.4,"PLSc",12016,905392,1000,"continuous","skewed","normal","Symmetric",NA,1,TRUE,1.34099999995669
"216","Y=~y2",0.716428076261274,0.0274915635905831,0.7,"PLSc",12016,905392,1000,"continuous","skewed","normal","Symmetric",NA,1,TRUE,1.34099999995669
"217","Y=~y3",0.90344103118632,0.0209087741496422,0.9,"PLSc",12016,905392,1000,"continuous","skewed","normal","Symmetric",NA,1,TRUE,1.34099999995669
"218","Y~X",0.363325880111104,0.0374917549482247,0.4,"PLSc",12016,905392,1000,"continuous","skewed","normal","Symmetric",NA,1,TRUE,1.34099999995669
"219","Y~Z",0.477896174030808,0.0418014725282071,0.5,"PLSc",12016,905392,1000,"continuous","skewed","normal","Symmetric",NA,1,TRUE,1.34099999995669
"220","Y~X:Z",0.246367596166332,0.036807340536687,0.3,"PLSc",12016,905392,1000,"continuous","skewed","normal","Symmetric",NA,1,TRUE,1.34099999995669
"221","X~~Z",0.300474033655788,0.0498229420712202,0.2,"PLSc",12016,905392,1000,"continuous","skewed","normal","Symmetric",NA,1,TRUE,1.34099999995669
"222","X=~x1",0.544857439048831,0.0380338276726689,0.4,"PLS",12016,905392,1000,"continuous","skewed","normal","Symmetric",NA,1,TRUE,0.940000000002328
"223","X=~x2",0.862596748758623,0.0117030635523646,0.8,"PLS",12016,905392,1000,"continuous","skewed","normal","Symmetric",NA,1,TRUE,0.940000000002328
"224","X=~x3",0.884066239175368,0.00971974293734465,0.8,"PLS",12016,905392,1000,"continuous","skewed","normal","Symmetric",NA,1,TRUE,0.940000000002328
"225","Z=~z1",0.773533922286097,0.0182977020946478,0.6,"PLS",12016,905392,1000,"continuous","skewed","normal","Symmetric",NA,1,TRUE,0.940000000002328
"226","Z=~z2",0.752729970230945,0.02386789610482,0.6,"PLS",12016,905392,1000,"continuous","skewed","normal","Symmetric",NA,1,TRUE,0.940000000002328
"227","Z=~z3",0.852716636120686,0.0110494934339734,0.8,"PLS",12016,905392,1000,"continuous","skewed","normal","Symmetric",NA,1,TRUE,0.940000000002328
"228","Y=~y1",0.525817660468325,0.0401250539052121,0.4,"PLS",12016,905392,1000,"continuous","skewed","normal","Symmetric",NA,1,TRUE,0.940000000002328
"229","Y=~y2",0.850981967684547,0.0137229689540906,0.7,"PLS",12016,905392,1000,"continuous","skewed","normal","Symmetric",NA,1,TRUE,0.940000000002328
"230","Y=~y3",0.91258699225082,0.00599760442911398,0.9,"PLS",12016,905392,1000,"continuous","skewed","normal","Symmetric",NA,1,TRUE,0.940000000002328
"231","Y~X",0.328098021132871,0.024621824716661,0.4,"PLS",12016,905392,1000,"continuous","skewed","normal","Symmetric",NA,1,TRUE,0.940000000002328
"232","Y~Z",0.391486102977077,0.0264380323199783,0.5,"PLS",12016,905392,1000,"continuous","skewed","normal","Symmetric",NA,1,TRUE,0.940000000002328
"233","Y~X:Z",0.236627148704,0.0231137595260335,0.3,"PLS",12016,905392,1000,"continuous","skewed","normal","Symmetric",NA,1,TRUE,0.940000000002328
"234","X~~Z",0.222421518398115,0.0376001279092024,0.2,"PLS",12016,905392,1000,"continuous","skewed","normal","Symmetric",NA,1,TRUE,0.940000000002328
"235","X=~x1",0.368,0.033,0.4,"Mplus",12016,905392,1000,"continuous","skewed","normal","Symmetric",NA,1,TRUE,7.52199999999721
"236","X=~x2",0.767,0.023,0.8,"Mplus",12016,905392,1000,"continuous","skewed","normal","Symmetric",NA,1,TRUE,7.52199999999721
"237","X=~x3",0.803,0.024,0.8,"Mplus",12016,905392,1000,"continuous","skewed","normal","Symmetric",NA,1,TRUE,7.52199999999721
"238","Z=~z1",0.621,0.029,0.6,"Mplus",12016,905392,1000,"continuous","skewed","normal","Symmetric",NA,1,TRUE,7.52199999999721
"239","Z=~z2",0.612,0.031,0.6,"Mplus",12016,905392,1000,"continuous","skewed","normal","Symmetric",NA,1,TRUE,7.52199999999721
"240","Z=~z3",0.78,0.024,0.8,"Mplus",12016,905392,1000,"continuous","skewed","normal","Symmetric",NA,1,TRUE,7.52199999999721
"241","Y=~y1",0.335,0.028,0.4,"Mplus",12016,905392,1000,"continuous","skewed","normal","Symmetric",NA,1,TRUE,7.52199999999721
"242","Y=~y2",0.653,0.021,0.7,"Mplus",12016,905392,1000,"continuous","skewed","normal","Symmetric",NA,1,TRUE,7.52199999999721
"243","Y=~y3",0.888,0.017,0.9,"Mplus",12016,905392,1000,"continuous","skewed","normal","Symmetric",NA,1,TRUE,7.52199999999721
"244","Y~X",0.394,0.037,0.4,"Mplus",12016,905392,1000,"continuous","skewed","normal","Symmetric",NA,1,TRUE,7.52199999999721
"245","Y~Z",0.497,0.037,0.5,"Mplus",12016,905392,1000,"continuous","skewed","normal","Symmetric",NA,1,TRUE,7.52199999999721
"246","Y~X:Z",0.374,0.031,0.3,"Mplus",12016,905392,1000,"continuous","skewed","normal","Symmetric",NA,1,TRUE,7.52199999999721
"247","X~~Z",0.334,0.041,0.2,"Mplus",12016,905392,1000,"continuous","skewed","normal","Symmetric",NA,1,TRUE,7.52199999999721
"248","X=~x1",0.371491389100303,0.0333369973383844,0.4,"LSAM",12016,905392,1000,"continuous","skewed","normal","Symmetric",NA,1,TRUE,0.433999999950174
"249","X=~x2",0.758640673416743,0.0553572627506679,0.8,"LSAM",12016,905392,1000,"continuous","skewed","normal","Symmetric",NA,1,TRUE,0.433999999950174
"250","X=~x3",0.818804283092285,0.054586009302477,0.8,"LSAM",12016,905392,1000,"continuous","skewed","normal","Symmetric",NA,1,TRUE,0.433999999950174
"251","Z=~z1",0.615920942163692,0.026431647339757,0.6,"LSAM",12016,905392,1000,"continuous","skewed","normal","Symmetric",NA,1,TRUE,0.433999999950174
"252","Z=~z2",0.627414906049376,0.0410700420168952,0.6,"LSAM",12016,905392,1000,"continuous","skewed","normal","Symmetric",NA,1,TRUE,0.433999999950174
"253","Z=~z3",0.768102914032446,0.042105428999651,0.8,"LSAM",12016,905392,1000,"continuous","skewed","normal","Symmetric",NA,1,TRUE,0.433999999950174
"254","Y=~y1",0.376831304201557,0.0208834589512502,0.4,"LSAM",12016,905392,1000,"continuous","skewed","normal","Symmetric",NA,1,TRUE,0.433999999950174
"255","Y=~y2",0.687125360950977,0.0449822167627055,0.7,"LSAM",12016,905392,1000,"continuous","skewed","normal","Symmetric",NA,1,TRUE,0.433999999950174
"256","Y=~y3",0.919191753763116,0.0483636037383708,0.9,"LSAM",12016,905392,1000,"continuous","skewed","normal","Symmetric",NA,1,TRUE,0.433999999950174
"257","Y~X",0.352074189436387,0.0406214321675837,0.4,"LSAM",12016,905392,1000,"continuous","skewed","normal","Symmetric",NA,1,TRUE,0.433999999950174
"258","Y~Z",0.471105939729715,0.0470597741484286,0.5,"LSAM",12016,905392,1000,"continuous","skewed","normal","Symmetric",NA,1,TRUE,0.433999999950174
"259","Y~X:Z",0.247928876165878,0.029956599080667,0.3,"LSAM",12016,905392,1000,"continuous","skewed","normal","Symmetric",NA,1,TRUE,0.433999999950174
"260","X~~Z",0.304045248180829,0.0444123784984857,0.2,"LSAM",12016,905392,1000,"continuous","skewed","normal","Symmetric",NA,1,TRUE,0.433999999950174
"261","X=~x1",0.331583313175963,0.0671456954120234,0.4,"MC-PLSc",12017,3178844,300,"continuous","uniform","normal","Symmetric",NA,1,TRUE,6.16199999995297
"262","X=~x2",0.767919251725401,0.0449342644413051,0.8,"MC-PLSc",12017,3178844,300,"continuous","uniform","normal","Symmetric",NA,1,TRUE,6.16199999995297
"263","X=~x3",0.833244630933703,0.045300235401035,0.8,"MC-PLSc",12017,3178844,300,"continuous","uniform","normal","Symmetric",NA,1,TRUE,6.16199999995297
"264","Z=~z1",0.625657914303858,0.052045971207383,0.6,"MC-PLSc",12017,3178844,300,"continuous","uniform","normal","Symmetric",NA,1,TRUE,6.16199999995297
"265","Z=~z2",0.590101976843384,0.0445882344206549,0.6,"MC-PLSc",12017,3178844,300,"continuous","uniform","normal","Symmetric",NA,1,TRUE,6.16199999995297
"266","Z=~z3",0.818498389345418,0.0356250456652942,0.8,"MC-PLSc",12017,3178844,300,"continuous","uniform","normal","Symmetric",NA,1,TRUE,6.16199999995297
"267","Y=~y1",0.378302666573617,0.0569716224481267,0.4,"MC-PLSc",12017,3178844,300,"continuous","uniform","normal","Symmetric",NA,1,TRUE,6.16199999995297
"268","Y=~y2",0.731009097900109,0.0390334529110654,0.7,"MC-PLSc",12017,3178844,300,"continuous","uniform","normal","Symmetric",NA,1,TRUE,6.16199999995297
"269","Y=~y3",0.886052056970109,0.0321852582946498,0.9,"MC-PLSc",12017,3178844,300,"continuous","uniform","normal","Symmetric",NA,1,TRUE,6.16199999995297
"270","Y~X",0.412268589558832,0.0561986730846583,0.4,"MC-PLSc",12017,3178844,300,"continuous","uniform","normal","Symmetric",NA,1,TRUE,6.16199999995297
"271","Y~Z",0.564714822096028,0.05801530920149,0.5,"MC-PLSc",12017,3178844,300,"continuous","uniform","normal","Symmetric",NA,1,TRUE,6.16199999995297
"272","Y~X:Z",0.279031498738092,0.0597359462753072,0.3,"MC-PLSc",12017,3178844,300,"continuous","uniform","normal","Symmetric",NA,1,TRUE,6.16199999995297
"273","X~~Z",0.213353164667043,0.0764046485364877,0.2,"MC-PLSc",12017,3178844,300,"continuous","uniform","normal","Symmetric",NA,1,TRUE,6.16199999995297
"274","X=~x1",0.377852659748765,0.0912448908585561,0.4,"PLSc",12017,3178844,300,"continuous","uniform","normal","Symmetric",NA,1,TRUE,1.2609999999986
"275","X=~x2",0.746359743689636,0.0609876122475898,0.8,"PLSc",12017,3178844,300,"continuous","uniform","normal","Symmetric",NA,1,TRUE,1.2609999999986
"276","X=~x3",0.814164447462316,0.0628158272570538,0.8,"PLSc",12017,3178844,300,"continuous","uniform","normal","Symmetric",NA,1,TRUE,1.2609999999986
"277","Z=~z1",0.599798759665973,0.0664602718254209,0.6,"PLSc",12017,3178844,300,"continuous","uniform","normal","Symmetric",NA,1,TRUE,1.2609999999986
"278","Z=~z2",0.597314624792191,0.0583059577448657,0.6,"PLSc",12017,3178844,300,"continuous","uniform","normal","Symmetric",NA,1,TRUE,1.2609999999986
"279","Z=~z3",0.833788042003959,0.0460377392913608,0.8,"PLSc",12017,3178844,300,"continuous","uniform","normal","Symmetric",NA,1,TRUE,1.2609999999986
"280","Y=~y1",0.349883076413845,0.0795880938303052,0.4,"PLSc",12017,3178844,300,"continuous","uniform","normal","Symmetric",NA,1,TRUE,1.2609999999986
"281","Y=~y2",0.742412786504238,0.0408435681620018,0.7,"PLSc",12017,3178844,300,"continuous","uniform","normal","Symmetric",NA,1,TRUE,1.2609999999986
"282","Y=~y3",0.894811316109916,0.0331003080669432,0.9,"PLSc",12017,3178844,300,"continuous","uniform","normal","Symmetric",NA,1,TRUE,1.2609999999986
"283","Y~X",0.412244154992872,0.0617973922337717,0.4,"PLSc",12017,3178844,300,"continuous","uniform","normal","Symmetric",NA,1,TRUE,1.2609999999986
"284","Y~Z",0.550999355899874,0.0648131044192531,0.5,"PLSc",12017,3178844,300,"continuous","uniform","normal","Symmetric",NA,1,TRUE,1.2609999999986
"285","Y~X:Z",0.253945531230968,0.0767185280757675,0.3,"PLSc",12017,3178844,300,"continuous","uniform","normal","Symmetric",NA,1,TRUE,1.2609999999986
"286","X~~Z",0.216149302200223,0.077534674534367,0.2,"PLSc",12017,3178844,300,"continuous","uniform","normal","Symmetric",NA,1,TRUE,1.2609999999986
"287","X=~x1",0.47877558681996,0.0795032770218048,0.4,"PLS",12017,3178844,300,"continuous","uniform","normal","Symmetric",NA,1,TRUE,0.882999999972526
"288","X=~x2",0.876668566217176,0.0221472238120615,0.8,"PLS",12017,3178844,300,"continuous","uniform","normal","Symmetric",NA,1,TRUE,0.882999999972526
"289","X=~x3",0.896478586524233,0.0175097572813522,0.8,"PLS",12017,3178844,300,"continuous","uniform","normal","Symmetric",NA,1,TRUE,0.882999999972526
"290","Z=~z1",0.771589784579957,0.0358580595971534,0.6,"PLS",12017,3178844,300,"continuous","uniform","normal","Symmetric",NA,1,TRUE,0.882999999972526
"291","Z=~z2",0.742457964824414,0.0362795384713208,0.6,"PLS",12017,3178844,300,"continuous","uniform","normal","Symmetric",NA,1,TRUE,0.882999999972526
"292","Z=~z3",0.870874508301216,0.014129006567203,0.8,"PLS",12017,3178844,300,"continuous","uniform","normal","Symmetric",NA,1,TRUE,0.882999999972526
"293","Y=~y1",0.536766189445332,0.071332599493194,0.4,"PLS",12017,3178844,300,"continuous","uniform","normal","Symmetric",NA,1,TRUE,0.882999999972526
"294","Y=~y2",0.860550481224983,0.0195772561955559,0.7,"PLS",12017,3178844,300,"continuous","uniform","normal","Symmetric",NA,1,TRUE,0.882999999972526
"295","Y=~y3",0.908342335063943,0.0101347706085572,0.9,"PLS",12017,3178844,300,"continuous","uniform","normal","Symmetric",NA,1,TRUE,0.882999999972526
"296","Y~X",0.347854530065001,0.0408369191569377,0.4,"PLS",12017,3178844,300,"continuous","uniform","normal","Symmetric",NA,1,TRUE,0.882999999972526
"297","Y~Z",0.446888331229156,0.0432668985702764,0.5,"PLS",12017,3178844,300,"continuous","uniform","normal","Symmetric",NA,1,TRUE,0.882999999972526
"298","Y~X:Z",0.193606775994075,0.0425225854696673,0.3,"PLS",12017,3178844,300,"continuous","uniform","normal","Symmetric",NA,1,TRUE,0.882999999972526
"299","X~~Z",0.162756358880387,0.0587735938057034,0.2,"PLS",12017,3178844,300,"continuous","uniform","normal","Symmetric",NA,1,TRUE,0.882999999972526
"300","X=~x1",0.303,0.063,0.4,"Mplus",12017,3178844,300,"continuous","uniform","normal","Symmetric",NA,1,TRUE,2.53800000000047
"301","X=~x2",0.785,0.039,0.8,"Mplus",12017,3178844,300,"continuous","uniform","normal","Symmetric",NA,1,TRUE,2.53800000000047
"302","X=~x3",0.841,0.04,0.8,"Mplus",12017,3178844,300,"continuous","uniform","normal","Symmetric",NA,1,TRUE,2.53800000000047
"303","Z=~z1",0.636,0.048,0.6,"Mplus",12017,3178844,300,"continuous","uniform","normal","Symmetric",NA,1,TRUE,2.53800000000047
"304","Z=~z2",0.591,0.046,0.6,"Mplus",12017,3178844,300,"continuous","uniform","normal","Symmetric",NA,1,TRUE,2.53800000000047
"305","Z=~z3",0.807,0.033,0.8,"Mplus",12017,3178844,300,"continuous","uniform","normal","Symmetric",NA,1,TRUE,2.53800000000047
"306","Y=~y1",0.394,0.053,0.4,"Mplus",12017,3178844,300,"continuous","uniform","normal","Symmetric",NA,1,TRUE,2.53800000000047
"307","Y=~y2",0.725,0.037,0.7,"Mplus",12017,3178844,300,"continuous","uniform","normal","Symmetric",NA,1,TRUE,2.53800000000047
"308","Y=~y3",0.871,0.031,0.9,"Mplus",12017,3178844,300,"continuous","uniform","normal","Symmetric",NA,1,TRUE,2.53800000000047
"309","Y~X",0.408,0.052,0.4,"Mplus",12017,3178844,300,"continuous","uniform","normal","Symmetric",NA,1,TRUE,2.53800000000047
"310","Y~Z",0.571,0.057,0.5,"Mplus",12017,3178844,300,"continuous","uniform","normal","Symmetric",NA,1,TRUE,2.53800000000047
"311","Y~X:Z",0.261,0.059,0.3,"Mplus",12017,3178844,300,"continuous","uniform","normal","Symmetric",NA,1,TRUE,2.53800000000047
"312","X~~Z",0.222,0.077,0.2,"Mplus",12017,3178844,300,"continuous","uniform","normal","Symmetric",NA,1,TRUE,2.53800000000047
"313","X=~x1",0.312855010688237,0.0584071142325924,0.4,"LSAM",12017,3178844,300,"continuous","uniform","normal","Symmetric",NA,1,TRUE,0.420999999972992
"314","X=~x2",0.780460760050203,0.108864096279291,0.8,"LSAM",12017,3178844,300,"continuous","uniform","normal","Symmetric",NA,1,TRUE,0.420999999972992
"315","X=~x3",0.848215331734985,0.106480596158376,0.8,"LSAM",12017,3178844,300,"continuous","uniform","normal","Symmetric",NA,1,TRUE,0.420999999972992
"316","Z=~z1",0.652669403529604,0.0379574145037629,0.6,"LSAM",12017,3178844,300,"continuous","uniform","normal","Symmetric",NA,1,TRUE,0.420999999972992
"317","Z=~z2",0.58320928813117,0.0664841644970482,0.6,"LSAM",12017,3178844,300,"continuous","uniform","normal","Symmetric",NA,1,TRUE,0.420999999972992
"318","Z=~z3",0.79454941728344,0.0715045455586435,0.8,"LSAM",12017,3178844,300,"continuous","uniform","normal","Symmetric",NA,1,TRUE,0.420999999972992
"319","Y=~y1",0.400766467601997,0.0244465169686657,0.4,"LSAM",12017,3178844,300,"continuous","uniform","normal","Symmetric",NA,1,TRUE,0.420999999972992
"320","Y=~y2",0.71982900608312,0.0729730437590886,0.7,"LSAM",12017,3178844,300,"continuous","uniform","normal","Symmetric",NA,1,TRUE,0.420999999972992
"321","Y=~y3",0.881075581688205,0.0804115268384199,0.9,"LSAM",12017,3178844,300,"continuous","uniform","normal","Symmetric",NA,1,TRUE,0.420999999972992
"322","Y~X",0.384808678466933,0.0617742246861443,0.4,"LSAM",12017,3178844,300,"continuous","uniform","normal","Symmetric",NA,1,TRUE,0.420999999972992
"323","Y~Z",0.572508305994554,0.0654713115088943,0.5,"LSAM",12017,3178844,300,"continuous","uniform","normal","Symmetric",NA,1,TRUE,0.420999999972992
"324","Y~X:Z",0.23797764037665,0.060136608880353,0.3,"LSAM",12017,3178844,300,"continuous","uniform","normal","Symmetric",NA,1,TRUE,0.420999999972992
"325","X~~Z",0.219527665603061,0.0789250905545626,0.2,"LSAM",12017,3178844,300,"continuous","uniform","normal","Symmetric",NA,1,TRUE,0.420999999972992
"326","X=~x1",0.45093241425354,0.0354715925957961,0.4,"MC-PLSc",12018,1120490,1000,"continuous","uniform","normal","Symmetric",NA,1,TRUE,6.16899999999441
"327","X=~x2",0.778492494223777,0.0265884603704656,0.8,"MC-PLSc",12018,1120490,1000,"continuous","uniform","normal","Symmetric",NA,1,TRUE,6.16899999999441
"328","X=~x3",0.79425441815343,0.0269150852621806,0.8,"MC-PLSc",12018,1120490,1000,"continuous","uniform","normal","Symmetric",NA,1,TRUE,6.16899999999441
"329","Z=~z1",0.57764752025584,0.0291009193114545,0.6,"MC-PLSc",12018,1120490,1000,"continuous","uniform","normal","Symmetric",NA,1,TRUE,6.16899999999441
"330","Z=~z2",0.613257332500159,0.0268171071225819,0.6,"MC-PLSc",12018,1120490,1000,"continuous","uniform","normal","Symmetric",NA,1,TRUE,6.16899999999441
"331","Z=~z3",0.771647379307177,0.0263110662222023,0.8,"MC-PLSc",12018,1120490,1000,"continuous","uniform","normal","Symmetric",NA,1,TRUE,6.16899999999441
"332","Y=~y1",0.379534005498385,0.0336335952820915,0.4,"MC-PLSc",12018,1120490,1000,"continuous","uniform","normal","Symmetric",NA,1,TRUE,6.16899999999441
"333","Y=~y2",0.696736380669565,0.0246665094266666,0.7,"MC-PLSc",12018,1120490,1000,"continuous","uniform","normal","Symmetric",NA,1,TRUE,6.16899999999441
"334","Y=~y3",0.865585790090593,0.0214641416979832,0.9,"MC-PLSc",12018,1120490,1000,"continuous","uniform","normal","Symmetric",NA,1,TRUE,6.16899999999441
"335","Y~X",0.383393102505861,0.0352566055903383,0.4,"MC-PLSc",12018,1120490,1000,"continuous","uniform","normal","Symmetric",NA,1,TRUE,6.16899999999441
"336","Y~Z",0.525912911072772,0.033921813740151,0.5,"MC-PLSc",12018,1120490,1000,"continuous","uniform","normal","Symmetric",NA,1,TRUE,6.16899999999441
"337","Y~X:Z",0.327408201747704,0.0392287938583863,0.3,"MC-PLSc",12018,1120490,1000,"continuous","uniform","normal","Symmetric",NA,1,TRUE,6.16899999999441
"338","X~~Z",0.208899353046067,0.0418814404182394,0.2,"MC-PLSc",12018,1120490,1000,"continuous","uniform","normal","Symmetric",NA,1,TRUE,6.16899999999441
"339","X=~x1",0.450645824387399,0.0533463763903662,0.4,"PLSc",12018,1120490,1000,"continuous","uniform","normal","Symmetric",NA,1,TRUE,1.35300000000279
"340","X=~x2",0.770470470630448,0.0367586343503933,0.8,"PLSc",12018,1120490,1000,"continuous","uniform","normal","Symmetric",NA,1,TRUE,1.35300000000279
"341","X=~x3",0.80147274084172,0.037635177722715,0.8,"PLSc",12018,1120490,1000,"continuous","uniform","normal","Symmetric",NA,1,TRUE,1.35300000000279
"342","Z=~z1",0.544988973256166,0.0407768238629438,0.6,"PLSc",12018,1120490,1000,"continuous","uniform","normal","Symmetric",NA,1,TRUE,1.35300000000279
"343","Z=~z2",0.633615075657575,0.038861041891744,0.6,"PLSc",12018,1120490,1000,"continuous","uniform","normal","Symmetric",NA,1,TRUE,1.35300000000279
"344","Z=~z3",0.777540777527731,0.0318814716861404,0.8,"PLSc",12018,1120490,1000,"continuous","uniform","normal","Symmetric",NA,1,TRUE,1.35300000000279
"345","Y=~y1",0.390073228589,0.0421036220399771,0.4,"PLSc",12018,1120490,1000,"continuous","uniform","normal","Symmetric",NA,1,TRUE,1.35300000000279
"346","Y=~y2",0.696780792616226,0.0258262851844878,0.7,"PLSc",12018,1120490,1000,"continuous","uniform","normal","Symmetric",NA,1,TRUE,1.35300000000279
"347","Y=~y3",0.8539099413755,0.0236941111435849,0.9,"PLSc",12018,1120490,1000,"continuous","uniform","normal","Symmetric",NA,1,TRUE,1.35300000000279
"348","Y~X",0.38723921942765,0.0400084758793862,0.4,"PLSc",12018,1120490,1000,"continuous","uniform","normal","Symmetric",NA,1,TRUE,1.35300000000279
"349","Y~Z",0.523450157186665,0.0362754666935798,0.5,"PLSc",12018,1120490,1000,"continuous","uniform","normal","Symmetric",NA,1,TRUE,1.35300000000279
"350","Y~X:Z",0.329529697673484,0.0535784197976638,0.3,"PLSc",12018,1120490,1000,"continuous","uniform","normal","Symmetric",NA,1,TRUE,1.35300000000279
"351","X~~Z",0.208625757308823,0.0400788557561288,0.2,"PLSc",12018,1120490,1000,"continuous","uniform","normal","Symmetric",NA,1,TRUE,1.35300000000279
"352","X=~x1",0.612641236075378,0.0338164560127704,0.4,"PLS",12018,1120490,1000,"continuous","uniform","normal","Symmetric",NA,1,TRUE,0.934999999997672
"353","X=~x2",0.867461637528238,0.0109707590397058,0.8,"PLS",12018,1120490,1000,"continuous","uniform","normal","Symmetric",NA,1,TRUE,0.934999999997672
"354","X=~x3",0.873217729119091,0.0119137089821905,0.8,"PLS",12018,1120490,1000,"continuous","uniform","normal","Symmetric",NA,1,TRUE,0.934999999997672
"355","Z=~z1",0.733997597723077,0.0227712781829266,0.6,"PLS",12018,1120490,1000,"continuous","uniform","normal","Symmetric",NA,1,TRUE,0.934999999997672
"356","Z=~z2",0.762813105387146,0.020749735944681,0.6,"PLS",12018,1120490,1000,"continuous","uniform","normal","Symmetric",NA,1,TRUE,0.934999999997672
"357","Z=~z3",0.85056402519403,0.0110193272115251,0.8,"PLS",12018,1120490,1000,"continuous","uniform","normal","Symmetric",NA,1,TRUE,0.934999999997672
"358","Y=~y1",0.538981731945361,0.0388225832827023,0.4,"PLS",12018,1120490,1000,"continuous","uniform","normal","Symmetric",NA,1,TRUE,0.934999999997672
"359","Y=~y2",0.840206031592275,0.0127034587256273,0.7,"PLS",12018,1120490,1000,"continuous","uniform","normal","Symmetric",NA,1,TRUE,0.934999999997672
"360","Y=~y3",0.899161482483421,0.00694674666226315,0.9,"PLS",12018,1120490,1000,"continuous","uniform","normal","Symmetric",NA,1,TRUE,0.934999999997672
"361","Y~X",0.316936781467223,0.0253794271408328,0.4,"PLS",12018,1120490,1000,"continuous","uniform","normal","Symmetric",NA,1,TRUE,0.934999999997672
"362","Y~Z",0.40147947216299,0.0226055497450908,0.5,"PLS",12018,1120490,1000,"continuous","uniform","normal","Symmetric",NA,1,TRUE,0.934999999997672
"363","Y~X:Z",0.215384883852588,0.0253557676232526,0.3,"PLS",12018,1120490,1000,"continuous","uniform","normal","Symmetric",NA,1,TRUE,0.934999999997672
"364","X~~Z",0.154022913085424,0.0296676251943504,0.2,"PLS",12018,1120490,1000,"continuous","uniform","normal","Symmetric",NA,1,TRUE,0.934999999997672
"365","X=~x1",0.444,0.028,0.4,"Mplus",12018,1120490,1000,"continuous","uniform","normal","Symmetric",NA,1,TRUE,19.5630000000237
"366","X=~x2",0.772,0.023,0.8,"Mplus",12018,1120490,1000,"continuous","uniform","normal","Symmetric",NA,1,TRUE,19.5630000000237
"367","X=~x3",0.805,0.023,0.8,"Mplus",12018,1120490,1000,"continuous","uniform","normal","Symmetric",NA,1,TRUE,19.5630000000237
"368","Z=~z1",0.591,0.026,0.6,"Mplus",12018,1120490,1000,"continuous","uniform","normal","Symmetric",NA,1,TRUE,19.5630000000237
"369","Z=~z2",0.599,0.026,0.6,"Mplus",12018,1120490,1000,"continuous","uniform","normal","Symmetric",NA,1,TRUE,19.5630000000237
"370","Z=~z3",0.766,0.021,0.8,"Mplus",12018,1120490,1000,"continuous","uniform","normal","Symmetric",NA,1,TRUE,19.5630000000237
"371","Y=~y1",0.375,0.032,0.4,"Mplus",12018,1120490,1000,"continuous","uniform","normal","Symmetric",NA,1,TRUE,19.5630000000237
"372","Y=~y2",0.703,0.022,0.7,"Mplus",12018,1120490,1000,"continuous","uniform","normal","Symmetric",NA,1,TRUE,19.5630000000237
"373","Y=~y3",0.868,0.019,0.9,"Mplus",12018,1120490,1000,"continuous","uniform","normal","Symmetric",NA,1,TRUE,19.5630000000237
"374","Y~X",0.361,0.034,0.4,"Mplus",12018,1120490,1000,"continuous","uniform","normal","Symmetric",NA,1,TRUE,19.5630000000237
"375","Y~Z",0.528,0.032,0.5,"Mplus",12018,1120490,1000,"continuous","uniform","normal","Symmetric",NA,1,TRUE,19.5630000000237
"376","Y~X:Z",0.35,0.033,0.3,"Mplus",12018,1120490,1000,"continuous","uniform","normal","Symmetric",NA,1,TRUE,19.5630000000237
"377","X~~Z",0.226,0.04,0.2,"Mplus",12018,1120490,1000,"continuous","uniform","normal","Symmetric",NA,1,TRUE,19.5630000000237
"378","X=~x1",0.450670299434314,0.0284556374867141,0.4,"LSAM",12018,1120490,1000,"continuous","uniform","normal","Symmetric",NA,1,TRUE,0.444999999948777
"379","X=~x2",0.79184387372989,0.0440119373142312,0.8,"LSAM",12018,1120490,1000,"continuous","uniform","normal","Symmetric",NA,1,TRUE,0.444999999948777
"380","X=~x3",0.780089914783241,0.0441109059988988,0.8,"LSAM",12018,1120490,1000,"continuous","uniform","normal","Symmetric",NA,1,TRUE,0.444999999948777
"381","Z=~z1",0.610864594697546,0.0218916987240769,0.6,"LSAM",12018,1120490,1000,"continuous","uniform","normal","Symmetric",NA,1,TRUE,0.444999999948777
"382","Z=~z2",0.590252387765457,0.0398529741672941,0.6,"LSAM",12018,1120490,1000,"continuous","uniform","normal","Symmetric",NA,1,TRUE,0.444999999948777
"383","Z=~z3",0.758691245450456,0.0437660259846881,0.8,"LSAM",12018,1120490,1000,"continuous","uniform","normal","Symmetric",NA,1,TRUE,0.444999999948777
"384","Y=~y1",0.365477033269375,0.0123868811507807,0.4,"LSAM",12018,1120490,1000,"continuous","uniform","normal","Symmetric",NA,1,TRUE,0.444999999948777
"385","Y=~y2",0.67997033220679,0.043844740347891,0.7,"LSAM",12018,1120490,1000,"continuous","uniform","normal","Symmetric",NA,1,TRUE,0.444999999948777
"386","Y=~y3",0.895453110468578,0.0521378651376918,0.9,"LSAM",12018,1120490,1000,"continuous","uniform","normal","Symmetric",NA,1,TRUE,0.444999999948777
"387","Y~X",0.366653598750747,0.0411625052074177,0.4,"LSAM",12018,1120490,1000,"continuous","uniform","normal","Symmetric",NA,1,TRUE,0.444999999948777
"388","Y~Z",0.501360970884361,0.0434404204171276,0.5,"LSAM",12018,1120490,1000,"continuous","uniform","normal","Symmetric",NA,1,TRUE,0.444999999948777
"389","Y~X:Z",0.330564320298026,0.0425083644844975,0.3,"LSAM",12018,1120490,1000,"continuous","uniform","normal","Symmetric",NA,1,TRUE,0.444999999948777
"390","X~~Z",0.226437067370198,0.0429516461658027,0.2,"LSAM",12018,1120490,1000,"continuous","uniform","normal","Symmetric",NA,1,TRUE,0.444999999948777
"391","X=~x1",0.408855467946137,0.0658887612759114,0.4,"MC-PLSc",12019,4295575,300,"continuous","normal","skewed","Symmetric",NA,1,TRUE,6.2729999999865
"392","X=~x2",0.850742223512572,0.0403718955098875,0.8,"MC-PLSc",12019,4295575,300,"continuous","normal","skewed","Symmetric",NA,1,TRUE,6.2729999999865
"393","X=~x3",0.786497420103058,0.0416296992696521,0.8,"MC-PLSc",12019,4295575,300,"continuous","normal","skewed","Symmetric",NA,1,TRUE,6.2729999999865
"394","Z=~z1",0.558163051263913,0.0653566327965852,0.6,"MC-PLSc",12019,4295575,300,"continuous","normal","skewed","Symmetric",NA,1,TRUE,6.2729999999865
"395","Z=~z2",0.571404924706343,0.0567497485793029,0.6,"MC-PLSc",12019,4295575,300,"continuous","normal","skewed","Symmetric",NA,1,TRUE,6.2729999999865
"396","Z=~z3",0.823484157841535,0.0617207298561172,0.8,"MC-PLSc",12019,4295575,300,"continuous","normal","skewed","Symmetric",NA,1,TRUE,6.2729999999865
"397","Y=~y1",0.374191802497186,0.0680201875955149,0.4,"MC-PLSc",12019,4295575,300,"continuous","normal","skewed","Symmetric",NA,1,TRUE,6.2729999999865
"398","Y=~y2",0.686535763374703,0.0461635636754463,0.7,"MC-PLSc",12019,4295575,300,"continuous","normal","skewed","Symmetric",NA,1,TRUE,6.2729999999865
"399","Y=~y3",0.858742429946078,0.0398976435644796,0.9,"MC-PLSc",12019,4295575,300,"continuous","normal","skewed","Symmetric",NA,1,TRUE,6.2729999999865
"400","Y~X",0.537846979473018,0.0536764172667538,0.4,"MC-PLSc",12019,4295575,300,"continuous","normal","skewed","Symmetric",NA,1,TRUE,6.2729999999865
"401","Y~Z",0.436305664388876,0.064583011820891,0.5,"MC-PLSc",12019,4295575,300,"continuous","normal","skewed","Symmetric",NA,1,TRUE,6.2729999999865
"402","Y~X:Z",0.272630931545418,0.0806076831966643,0.3,"MC-PLSc",12019,4295575,300,"continuous","normal","skewed","Symmetric",NA,1,TRUE,6.2729999999865
"403","X~~Z",0.163501687395876,0.0852632670925482,0.2,"MC-PLSc",12019,4295575,300,"continuous","normal","skewed","Symmetric",NA,1,TRUE,6.2729999999865
"404","X=~x1",0.421044963906939,0.0824132351983884,0.4,"PLSc",12019,4295575,300,"continuous","normal","skewed","Symmetric",NA,1,TRUE,1.24400000000605
"405","X=~x2",0.836086244226567,0.0498080796673906,0.8,"PLSc",12019,4295575,300,"continuous","normal","skewed","Symmetric",NA,1,TRUE,1.24400000000605
"406","X=~x3",0.787961488975718,0.0505200537879294,0.8,"PLSc",12019,4295575,300,"continuous","normal","skewed","Symmetric",NA,1,TRUE,1.24400000000605
"407","Z=~z1",0.550717666036832,0.0892104158168158,0.6,"PLSc",12019,4295575,300,"continuous","normal","skewed","Symmetric",NA,1,TRUE,1.24400000000605
"408","Z=~z2",0.533888618494017,0.089905701882485,0.6,"PLSc",12019,4295575,300,"continuous","normal","skewed","Symmetric",NA,1,TRUE,1.24400000000605
"409","Z=~z3",0.865259520503043,0.0769005401226568,0.8,"PLSc",12019,4295575,300,"continuous","normal","skewed","Symmetric",NA,1,TRUE,1.24400000000605
"410","Y=~y1",0.37362242333397,0.0772992726202115,0.4,"PLSc",12019,4295575,300,"continuous","normal","skewed","Symmetric",NA,1,TRUE,1.24400000000605
"411","Y=~y2",0.697272850646426,0.0501424712397021,0.7,"PLSc",12019,4295575,300,"continuous","normal","skewed","Symmetric",NA,1,TRUE,1.24400000000605
"412","Y=~y3",0.84610152268648,0.0474396295871436,0.9,"PLSc",12019,4295575,300,"continuous","normal","skewed","Symmetric",NA,1,TRUE,1.24400000000605
"413","Y~X",0.554977956410508,0.0688723424331022,0.4,"PLSc",12019,4295575,300,"continuous","normal","skewed","Symmetric",NA,1,TRUE,1.24400000000605
"414","Y~Z",0.42848216169017,0.0711362394224185,0.5,"PLSc",12019,4295575,300,"continuous","normal","skewed","Symmetric",NA,1,TRUE,1.24400000000605
"415","Y~X:Z",0.249071926881999,0.0741951294375813,0.3,"PLSc",12019,4295575,300,"continuous","normal","skewed","Symmetric",NA,1,TRUE,1.24400000000605
"416","X~~Z",0.1624279994933,0.0807699741900535,0.2,"PLSc",12019,4295575,300,"continuous","normal","skewed","Symmetric",NA,1,TRUE,1.24400000000605
"417","X=~x1",0.565846442551892,0.0656247414542771,0.4,"PLS",12019,4295575,300,"continuous","normal","skewed","Symmetric",NA,1,TRUE,0.897000000055414
"418","X=~x2",0.899161858190932,0.0150650077345097,0.8,"PLS",12019,4295575,300,"continuous","normal","skewed","Symmetric",NA,1,TRUE,0.897000000055414
"419","X=~x3",0.879736304134897,0.0186182070351937,0.8,"PLS",12019,4295575,300,"continuous","normal","skewed","Symmetric",NA,1,TRUE,0.897000000055414
"420","Z=~z1",0.72361688384469,0.0502277780157773,0.6,"PLS",12019,4295575,300,"continuous","normal","skewed","Symmetric",NA,1,TRUE,0.897000000055414
"421","Z=~z2",0.736177209168008,0.0463867276163919,0.6,"PLS",12019,4295575,300,"continuous","normal","skewed","Symmetric",NA,1,TRUE,0.897000000055414
"422","Z=~z3",0.872206959232414,0.0242009878804675,0.8,"PLS",12019,4295575,300,"continuous","normal","skewed","Symmetric",NA,1,TRUE,0.897000000055414
"423","Y=~y1",0.535209584832886,0.0742001327091414,0.4,"PLS",12019,4295575,300,"continuous","normal","skewed","Symmetric",NA,1,TRUE,0.897000000055414
"424","Y=~y2",0.834749089045148,0.0272825186323348,0.7,"PLS",12019,4295575,300,"continuous","normal","skewed","Symmetric",NA,1,TRUE,0.897000000055414
"425","Y=~y3",0.896543542365629,0.014638697116473,0.9,"PLS",12019,4295575,300,"continuous","normal","skewed","Symmetric",NA,1,TRUE,0.897000000055414
"426","Y~X",0.434522023009099,0.0499711853029049,0.4,"PLS",12019,4295575,300,"continuous","normal","skewed","Symmetric",NA,1,TRUE,0.897000000055414
"427","Y~Z",0.336778942458631,0.0473156459911268,0.5,"PLS",12019,4295575,300,"continuous","normal","skewed","Symmetric",NA,1,TRUE,0.897000000055414
"428","Y~X:Z",0.184726998571673,0.0574147694004912,0.3,"PLS",12019,4295575,300,"continuous","normal","skewed","Symmetric",NA,1,TRUE,0.897000000055414
"429","X~~Z",0.124927338651171,0.0618420254064046,0.2,"PLS",12019,4295575,300,"continuous","normal","skewed","Symmetric",NA,1,TRUE,0.897000000055414
"430","X=~x1",0.401,0.056,0.4,"Mplus",12019,4295575,300,"continuous","normal","skewed","Symmetric",NA,1,TRUE,2.4100000000326
"431","X=~x2",0.856,0.036,0.8,"Mplus",12019,4295575,300,"continuous","normal","skewed","Symmetric",NA,1,TRUE,2.4100000000326
"432","X=~x3",0.786,0.037,0.8,"Mplus",12019,4295575,300,"continuous","normal","skewed","Symmetric",NA,1,TRUE,2.4100000000326
"433","Z=~z1",0.57,0.055,0.6,"Mplus",12019,4295575,300,"continuous","normal","skewed","Symmetric",NA,1,TRUE,2.4100000000326
"434","Z=~z2",0.575,0.049,0.6,"Mplus",12019,4295575,300,"continuous","normal","skewed","Symmetric",NA,1,TRUE,2.4100000000326
"435","Z=~z3",0.78,0.049,0.8,"Mplus",12019,4295575,300,"continuous","normal","skewed","Symmetric",NA,1,TRUE,2.4100000000326
"436","Y=~y1",0.374,0.055,0.4,"Mplus",12019,4295575,300,"continuous","normal","skewed","Symmetric",NA,1,TRUE,2.4100000000326
"437","Y=~y2",0.683,0.042,0.7,"Mplus",12019,4295575,300,"continuous","normal","skewed","Symmetric",NA,1,TRUE,2.4100000000326
"438","Y=~y3",0.852,0.034,0.9,"Mplus",12019,4295575,300,"continuous","normal","skewed","Symmetric",NA,1,TRUE,2.4100000000326
"439","Y~X",0.533,0.052,0.4,"Mplus",12019,4295575,300,"continuous","normal","skewed","Symmetric",NA,1,TRUE,2.4100000000326
"440","Y~Z",0.449,0.062,0.5,"Mplus",12019,4295575,300,"continuous","normal","skewed","Symmetric",NA,1,TRUE,2.4100000000326
"441","Y~X:Z",0.288,0.066,0.3,"Mplus",12019,4295575,300,"continuous","normal","skewed","Symmetric",NA,1,TRUE,2.4100000000326
"442","X~~Z",0.173,0.089,0.2,"Mplus",12019,4295575,300,"continuous","normal","skewed","Symmetric",NA,1,TRUE,2.4100000000326
"443","X=~x1",0.396959291641352,0.0564458590477495,0.4,"LSAM",12019,4295575,300,"continuous","normal","skewed","Symmetric",NA,1,TRUE,0.436000000045169
"444","X=~x2",0.873709986712871,0.0797814580224234,0.8,"LSAM",12019,4295575,300,"continuous","normal","skewed","Symmetric",NA,1,TRUE,0.436000000045169
"445","X=~x3",0.771839667690721,0.0847409550804301,0.8,"LSAM",12019,4295575,300,"continuous","normal","skewed","Symmetric",NA,1,TRUE,0.436000000045169
"446","Z=~z1",0.584732320407092,0.0451945685717339,0.6,"LSAM",12019,4295575,300,"continuous","normal","skewed","Symmetric",NA,1,TRUE,0.436000000045169
"447","Z=~z2",0.63208378481246,0.0782014712083721,0.6,"LSAM",12019,4295575,300,"continuous","normal","skewed","Symmetric",NA,1,TRUE,0.436000000045169
"448","Z=~z3",0.732956416787806,0.0820347677017452,0.8,"LSAM",12019,4295575,300,"continuous","normal","skewed","Symmetric",NA,1,TRUE,0.436000000045169
"449","Y=~y1",0.370298691749232,0.0270369834169415,0.4,"LSAM",12019,4295575,300,"continuous","normal","skewed","Symmetric",NA,1,TRUE,0.436000000045169
"450","Y=~y2",0.654236694874084,0.0816084759778341,0.7,"LSAM",12019,4295575,300,"continuous","normal","skewed","Symmetric",NA,1,TRUE,0.436000000045169
"451","Y=~y3",0.900027618545136,0.0991459444301015,0.9,"LSAM",12019,4295575,300,"continuous","normal","skewed","Symmetric",NA,1,TRUE,0.436000000045169
"452","Y~X",0.515060817406127,0.0583873136257946,0.4,"LSAM",12019,4295575,300,"continuous","normal","skewed","Symmetric",NA,1,TRUE,0.436000000045169
"453","Y~Z",0.41079286005174,0.0816445687162086,0.5,"LSAM",12019,4295575,300,"continuous","normal","skewed","Symmetric",NA,1,TRUE,0.436000000045169
"454","Y~X:Z",0.24198530455069,0.0583325216747101,0.3,"LSAM",12019,4295575,300,"continuous","normal","skewed","Symmetric",NA,1,TRUE,0.436000000045169
"455","X~~Z",0.162106851280814,0.0905125941228713,0.2,"LSAM",12019,4295575,300,"continuous","normal","skewed","Symmetric",NA,1,TRUE,0.436000000045169
"456","X=~x1",0.4704537345818,0.035362466605936,0.4,"MC-PLSc",12020,9563717,1000,"continuous","normal","skewed","Symmetric",NA,1,TRUE,6.66300000000047
"457","X=~x2",0.763219011080855,0.0235617348981717,0.8,"MC-PLSc",12020,9563717,1000,"continuous","normal","skewed","Symmetric",NA,1,TRUE,6.66300000000047
"458","X=~x3",0.827605791539075,0.0249258205199694,0.8,"MC-PLSc",12020,9563717,1000,"continuous","normal","skewed","Symmetric",NA,1,TRUE,6.66300000000047
"459","Z=~z1",0.579007580476314,0.0292787512701108,0.6,"MC-PLSc",12020,9563717,1000,"continuous","normal","skewed","Symmetric",NA,1,TRUE,6.66300000000047
"460","Z=~z2",0.656206865246744,0.029071648060122,0.6,"MC-PLSc",12020,9563717,1000,"continuous","normal","skewed","Symmetric",NA,1,TRUE,6.66300000000047
"461","Z=~z3",0.772212862945661,0.0246198984008199,0.8,"MC-PLSc",12020,9563717,1000,"continuous","normal","skewed","Symmetric",NA,1,TRUE,6.66300000000047
"462","Y=~y1",0.3588378103008,0.0318565270589815,0.4,"MC-PLSc",12020,9563717,1000,"continuous","normal","skewed","Symmetric",NA,1,TRUE,6.66300000000047
"463","Y=~y2",0.701256869314428,0.0243737505733925,0.7,"MC-PLSc",12020,9563717,1000,"continuous","normal","skewed","Symmetric",NA,1,TRUE,6.66300000000047
"464","Y=~y3",0.911498456819933,0.0206598951191375,0.9,"MC-PLSc",12020,9563717,1000,"continuous","normal","skewed","Symmetric",NA,1,TRUE,6.66300000000047
"465","Y~X",0.397252661137169,0.0317204208778227,0.4,"MC-PLSc",12020,9563717,1000,"continuous","normal","skewed","Symmetric",NA,1,TRUE,6.66300000000047
"466","Y~Z",0.54193094750304,0.0342467188874533,0.5,"MC-PLSc",12020,9563717,1000,"continuous","normal","skewed","Symmetric",NA,1,TRUE,6.66300000000047
"467","Y~X:Z",0.275986802624995,0.040436603661847,0.3,"MC-PLSc",12020,9563717,1000,"continuous","normal","skewed","Symmetric",NA,1,TRUE,6.66300000000047
"468","X~~Z",0.20188184747755,0.0419382055150492,0.2,"MC-PLSc",12020,9563717,1000,"continuous","normal","skewed","Symmetric",NA,1,TRUE,6.66300000000047
"469","X=~x1",0.487701675730563,0.0498659893840216,0.4,"PLSc",12020,9563717,1000,"continuous","normal","skewed","Symmetric",NA,1,TRUE,1.37899999995716
"470","X=~x2",0.737616858501508,0.0354525686891861,0.8,"PLSc",12020,9563717,1000,"continuous","normal","skewed","Symmetric",NA,1,TRUE,1.37899999995716
"471","X=~x3",0.835914893356558,0.0353010039306185,0.8,"PLSc",12020,9563717,1000,"continuous","normal","skewed","Symmetric",NA,1,TRUE,1.37899999995716
"472","Z=~z1",0.540177612881525,0.038288598872684,0.6,"PLSc",12020,9563717,1000,"continuous","normal","skewed","Symmetric",NA,1,TRUE,1.37899999995716
"473","Z=~z2",0.685838959226519,0.0339643563674245,0.6,"PLSc",12020,9563717,1000,"continuous","normal","skewed","Symmetric",NA,1,TRUE,1.37899999995716
"474","Z=~z3",0.774630408453514,0.0306298011309637,0.8,"PLSc",12020,9563717,1000,"continuous","normal","skewed","Symmetric",NA,1,TRUE,1.37899999995716
"475","Y=~y1",0.360138674493485,0.0439221887838898,0.4,"PLSc",12020,9563717,1000,"continuous","normal","skewed","Symmetric",NA,1,TRUE,1.37899999995716
"476","Y=~y2",0.702590648601096,0.0274995753947503,0.7,"PLSc",12020,9563717,1000,"continuous","normal","skewed","Symmetric",NA,1,TRUE,1.37899999995716
"477","Y=~y3",0.905016376670705,0.0244030963588594,0.9,"PLSc",12020,9563717,1000,"continuous","normal","skewed","Symmetric",NA,1,TRUE,1.37899999995716
"478","Y~X",0.409961469619244,0.0364018077921676,0.4,"PLSc",12020,9563717,1000,"continuous","normal","skewed","Symmetric",NA,1,TRUE,1.37899999995716
"479","Y~Z",0.551588361739089,0.0372403056804202,0.5,"PLSc",12020,9563717,1000,"continuous","normal","skewed","Symmetric",NA,1,TRUE,1.37899999995716
"480","Y~X:Z",0.301147467486557,0.0479437231780904,0.3,"PLSc",12020,9563717,1000,"continuous","normal","skewed","Symmetric",NA,1,TRUE,1.37899999995716
"481","X~~Z",0.200109183354389,0.0410939887131806,0.2,"PLSc",12020,9563717,1000,"continuous","normal","skewed","Symmetric",NA,1,TRUE,1.37899999995716
"482","X=~x1",0.631476703520424,0.0330633605606353,0.4,"PLS",12020,9563717,1000,"continuous","normal","skewed","Symmetric",NA,1,TRUE,0.937000000034459
"483","X=~x2",0.861646106099438,0.0115537905345184,0.8,"PLS",12020,9563717,1000,"continuous","normal","skewed","Symmetric",NA,1,TRUE,0.937000000034459
"484","X=~x3",0.884534496134984,0.00976378555193258,0.8,"PLS",12020,9563717,1000,"continuous","normal","skewed","Symmetric",NA,1,TRUE,0.937000000034459
"485","Z=~z1",0.732733346762267,0.0222045624388573,0.6,"PLS",12020,9563717,1000,"continuous","normal","skewed","Symmetric",NA,1,TRUE,0.937000000034459
"486","Z=~z2",0.791219017206631,0.0173498562946077,0.6,"PLS",12020,9563717,1000,"continuous","normal","skewed","Symmetric",NA,1,TRUE,0.937000000034459
"487","Z=~z3",0.850542418989828,0.0109304489616998,0.8,"PLS",12020,9563717,1000,"continuous","normal","skewed","Symmetric",NA,1,TRUE,0.937000000034459
"488","Y=~y1",0.516836930778763,0.0385363501962759,0.4,"PLS",12020,9563717,1000,"continuous","normal","skewed","Symmetric",NA,1,TRUE,0.937000000034459
"489","Y=~y2",0.849454366696821,0.0127961872729085,0.7,"PLS",12020,9563717,1000,"continuous","normal","skewed","Symmetric",NA,1,TRUE,0.937000000034459
"490","Y=~y3",0.913651679719714,0.00628392625967183,0.9,"PLS",12020,9563717,1000,"continuous","normal","skewed","Symmetric",NA,1,TRUE,0.937000000034459
"491","Y~X",0.336651719556253,0.0241296947408226,0.4,"PLS",12020,9563717,1000,"continuous","normal","skewed","Symmetric",NA,1,TRUE,0.937000000034459
"492","Y~Z",0.422357178117418,0.0248889221816528,0.5,"PLS",12020,9563717,1000,"continuous","normal","skewed","Symmetric",NA,1,TRUE,0.937000000034459
"493","Y~X:Z",0.188980253625048,0.0280379077898394,0.3,"PLS",12020,9563717,1000,"continuous","normal","skewed","Symmetric",NA,1,TRUE,0.937000000034459
"494","X~~Z",0.150148359616909,0.0313761593488508,0.2,"PLS",12020,9563717,1000,"continuous","normal","skewed","Symmetric",NA,1,TRUE,0.937000000034459
"495","X=~x1",0.46,0.03,0.4,"Mplus",12020,9563717,1000,"continuous","normal","skewed","Symmetric",NA,1,TRUE,13.4569999999949
"496","X=~x2",0.782,0.021,0.8,"Mplus",12020,9563717,1000,"continuous","normal","skewed","Symmetric",NA,1,TRUE,13.4569999999949
"497","X=~x3",0.815,0.019,0.8,"Mplus",12020,9563717,1000,"continuous","normal","skewed","Symmetric",NA,1,TRUE,13.4569999999949
"498","Z=~z1",0.596,0.027,0.6,"Mplus",12020,9563717,1000,"continuous","normal","skewed","Symmetric",NA,1,TRUE,13.4569999999949
"499","Z=~z2",0.634,0.026,0.6,"Mplus",12020,9563717,1000,"continuous","normal","skewed","Symmetric",NA,1,TRUE,13.4569999999949
"500","Z=~z3",0.767,0.024,0.8,"Mplus",12020,9563717,1000,"continuous","normal","skewed","Symmetric",NA,1,TRUE,13.4569999999949
"501","Y=~y1",0.364,0.03,0.4,"Mplus",12020,9563717,1000,"continuous","normal","skewed","Symmetric",NA,1,TRUE,13.4569999999949
"502","Y=~y2",0.704,0.021,0.7,"Mplus",12020,9563717,1000,"continuous","normal","skewed","Symmetric",NA,1,TRUE,13.4569999999949
"503","Y=~y3",0.914,0.017,0.9,"Mplus",12020,9563717,1000,"continuous","normal","skewed","Symmetric",NA,1,TRUE,13.4569999999949
"504","Y~X",0.394,0.029,0.4,"Mplus",12020,9563717,1000,"continuous","normal","skewed","Symmetric",NA,1,TRUE,13.4569999999949
"505","Y~Z",0.539,0.031,0.5,"Mplus",12020,9563717,1000,"continuous","normal","skewed","Symmetric",NA,1,TRUE,13.4569999999949
"506","Y~X:Z",0.291,0.031,0.3,"Mplus",12020,9563717,1000,"continuous","normal","skewed","Symmetric",NA,1,TRUE,13.4569999999949
"507","X~~Z",0.213,0.039,0.2,"Mplus",12020,9563717,1000,"continuous","normal","skewed","Symmetric",NA,1,TRUE,13.4569999999949
"508","X=~x1",0.45609869242753,0.0284098273456699,0.4,"LSAM",12020,9563717,1000,"continuous","normal","skewed","Symmetric",NA,1,TRUE,0.440000000002328
"509","X=~x2",0.793470740523112,0.0416821117127398,0.8,"LSAM",12020,9563717,1000,"continuous","normal","skewed","Symmetric",NA,1,TRUE,0.440000000002328
"510","X=~x3",0.808075801936258,0.0414512351898333,0.8,"LSAM",12020,9563717,1000,"continuous","normal","skewed","Symmetric",NA,1,TRUE,0.440000000002328
"511","Z=~z1",0.61655223149875,0.0226891115628113,0.6,"LSAM",12020,9563717,1000,"continuous","normal","skewed","Symmetric",NA,1,TRUE,0.440000000002328
"512","Z=~z2",0.622746358626318,0.0388878016445671,0.6,"LSAM",12020,9563717,1000,"continuous","normal","skewed","Symmetric",NA,1,TRUE,0.440000000002328
"513","Z=~z3",0.768202661154222,0.0408620534663161,0.8,"LSAM",12020,9563717,1000,"continuous","normal","skewed","Symmetric",NA,1,TRUE,0.440000000002328
"514","Y=~y1",0.357719591248699,0.0130162644182517,0.4,"LSAM",12020,9563717,1000,"continuous","normal","skewed","Symmetric",NA,1,TRUE,0.440000000002328
"515","Y=~y2",0.690617836168173,0.0429546263598658,0.7,"LSAM",12020,9563717,1000,"continuous","normal","skewed","Symmetric",NA,1,TRUE,0.440000000002328
"516","Y=~y3",0.921422316532069,0.0500974116706533,0.9,"LSAM",12020,9563717,1000,"continuous","normal","skewed","Symmetric",NA,1,TRUE,0.440000000002328
"517","Y~X",0.394556476473538,0.0375522523955089,0.4,"LSAM",12020,9563717,1000,"continuous","normal","skewed","Symmetric",NA,1,TRUE,0.440000000002328
"518","Y~Z",0.544083042533692,0.0456278302986168,0.5,"LSAM",12020,9563717,1000,"continuous","normal","skewed","Symmetric",NA,1,TRUE,0.440000000002328
"519","Y~X:Z",0.319678011733971,0.0434112643361425,0.3,"LSAM",12020,9563717,1000,"continuous","normal","skewed","Symmetric",NA,1,TRUE,0.440000000002328
"520","X~~Z",0.215008175962561,0.0415705995856597,0.2,"LSAM",12020,9563717,1000,"continuous","normal","skewed","Symmetric",NA,1,TRUE,0.440000000002328
"521","X=~x1",0.400044503920361,0.0644234515737265,0.4,"MC-PLSc",12021,8621852,300,"continuous","skewed","skewed","Symmetric",NA,1,TRUE,6.14000000001397
"522","X=~x2",0.788550057963208,0.0665950193162857,0.8,"MC-PLSc",12021,8621852,300,"continuous","skewed","skewed","Symmetric",NA,1,TRUE,6.14000000001397
"523","X=~x3",0.76299551322934,0.0579324517262972,0.8,"MC-PLSc",12021,8621852,300,"continuous","skewed","skewed","Symmetric",NA,1,TRUE,6.14000000001397
"524","Z=~z1",0.6280749793839,0.0710854944797121,0.6,"MC-PLSc",12021,8621852,300,"continuous","skewed","skewed","Symmetric",NA,1,TRUE,6.14000000001397
"525","Z=~z2",0.656776274900595,0.0716304904280949,0.6,"MC-PLSc",12021,8621852,300,"continuous","skewed","skewed","Symmetric",NA,1,TRUE,6.14000000001397
"526","Z=~z3",0.863555864537374,0.0377674454363404,0.8,"MC-PLSc",12021,8621852,300,"continuous","skewed","skewed","Symmetric",NA,1,TRUE,6.14000000001397
"527","Y=~y1",0.417281569821885,0.0788238701639383,0.4,"MC-PLSc",12021,8621852,300,"continuous","skewed","skewed","Symmetric",NA,1,TRUE,6.14000000001397
"528","Y=~y2",0.772546923444375,0.0560510285648117,0.7,"MC-PLSc",12021,8621852,300,"continuous","skewed","skewed","Symmetric",NA,1,TRUE,6.14000000001397
"529","Y=~y3",0.885371817932616,0.0306702684675017,0.9,"MC-PLSc",12021,8621852,300,"continuous","skewed","skewed","Symmetric",NA,1,TRUE,6.14000000001397
"530","Y~X",0.376866887601331,0.0651500472239026,0.4,"MC-PLSc",12021,8621852,300,"continuous","skewed","skewed","Symmetric",NA,1,TRUE,6.14000000001397
"531","Y~Z",0.568333595030573,0.0674247497174654,0.5,"MC-PLSc",12021,8621852,300,"continuous","skewed","skewed","Symmetric",NA,1,TRUE,6.14000000001397
"532","Y~X:Z",0.422189953549567,0.0639436351355245,0.3,"MC-PLSc",12021,8621852,300,"continuous","skewed","skewed","Symmetric",NA,1,TRUE,6.14000000001397
"533","X~~Z",0.205071739370304,0.0789835040619962,0.2,"MC-PLSc",12021,8621852,300,"continuous","skewed","skewed","Symmetric",NA,1,TRUE,6.14000000001397
"534","X=~x1",0.426370206005183,0.0843587193460316,0.4,"PLSc",12021,8621852,300,"continuous","skewed","skewed","Symmetric",NA,1,TRUE,1.27899999998044
"535","X=~x2",0.80250502811571,0.0779311389470576,0.8,"PLSc",12021,8621852,300,"continuous","skewed","skewed","Symmetric",NA,1,TRUE,1.27899999998044
"536","X=~x3",0.722346076766159,0.0721068131938276,0.8,"PLSc",12021,8621852,300,"continuous","skewed","skewed","Symmetric",NA,1,TRUE,1.27899999998044
"537","Z=~z1",0.634584279652635,0.0720063573298427,0.6,"PLSc",12021,8621852,300,"continuous","skewed","skewed","Symmetric",NA,1,TRUE,1.27899999998044
"538","Z=~z2",0.646326598829581,0.0704668883454746,0.6,"PLSc",12021,8621852,300,"continuous","skewed","skewed","Symmetric",NA,1,TRUE,1.27899999998044
"539","Z=~z3",0.866620372428893,0.0467338046953929,0.8,"PLSc",12021,8621852,300,"continuous","skewed","skewed","Symmetric",NA,1,TRUE,1.27899999998044
"540","Y=~y1",0.358301962857858,0.0867205509958991,0.4,"PLSc",12021,8621852,300,"continuous","skewed","skewed","Symmetric",NA,1,TRUE,1.27899999998044
"541","Y=~y2",0.778281106552839,0.0473052911231218,0.7,"PLSc",12021,8621852,300,"continuous","skewed","skewed","Symmetric",NA,1,TRUE,1.27899999998044
"542","Y=~y3",0.920234266742689,0.0338077213144134,0.9,"PLSc",12021,8621852,300,"continuous","skewed","skewed","Symmetric",NA,1,TRUE,1.27899999998044
"543","Y~X",0.33943864517531,0.0845692419013449,0.4,"PLSc",12021,8621852,300,"continuous","skewed","skewed","Symmetric",NA,1,TRUE,1.27899999998044
"544","Y~Z",0.534213034443383,0.0816471975639933,0.5,"PLSc",12021,8621852,300,"continuous","skewed","skewed","Symmetric",NA,1,TRUE,1.27899999998044
"545","Y~X:Z",0.361592297043381,0.171505981283209,0.3,"PLSc",12021,8621852,300,"continuous","skewed","skewed","Symmetric",NA,1,TRUE,1.27899999998044
"546","X~~Z",0.207531915264996,0.0789568784120925,0.2,"PLSc",12021,8621852,300,"continuous","skewed","skewed","Symmetric",NA,1,TRUE,1.27899999998044
"547","X=~x1",0.559144615728906,0.0714035455219686,0.4,"PLS",12021,8621852,300,"continuous","skewed","skewed","Symmetric",NA,1,TRUE,0.879999999946449
"548","X=~x2",0.872894909684487,0.0248349058142986,0.8,"PLS",12021,8621852,300,"continuous","skewed","skewed","Symmetric",NA,1,TRUE,0.879999999946449
"549","X=~x3",0.864230164233146,0.0234807636987702,0.8,"PLS",12021,8621852,300,"continuous","skewed","skewed","Symmetric",NA,1,TRUE,0.879999999946449
"550","Z=~z1",0.769900656558551,0.046227543433865,0.6,"PLS",12021,8621852,300,"continuous","skewed","skewed","Symmetric",NA,1,TRUE,0.879999999946449
"551","Z=~z2",0.79289284072529,0.0423257366258337,0.6,"PLS",12021,8621852,300,"continuous","skewed","skewed","Symmetric",NA,1,TRUE,0.879999999946449
"552","Z=~z3",0.889711070886659,0.0152449451803424,0.8,"PLS",12021,8621852,300,"continuous","skewed","skewed","Symmetric",NA,1,TRUE,0.879999999946449
"553","Y=~y1",0.575439927549202,0.0806376984941624,0.4,"PLS",12021,8621852,300,"continuous","skewed","skewed","Symmetric",NA,1,TRUE,0.879999999946449
"554","Y=~y2",0.876983358003803,0.0210075971467969,0.7,"PLS",12021,8621852,300,"continuous","skewed","skewed","Symmetric",NA,1,TRUE,0.879999999946449
"555","Y=~y3",0.910075571098915,0.0109337600492737,0.9,"PLS",12021,8621852,300,"continuous","skewed","skewed","Symmetric",NA,1,TRUE,0.879999999946449
"556","Y~X",0.31216904105275,0.042769648294238,0.4,"PLS",12021,8621852,300,"continuous","skewed","skewed","Symmetric",NA,1,TRUE,0.879999999946449
"557","Y~Z",0.466551824356128,0.0527862083496796,0.5,"PLS",12021,8621852,300,"continuous","skewed","skewed","Symmetric",NA,1,TRUE,0.879999999946449
"558","Y~X:Z",0.29751707947681,0.054186122565933,0.3,"PLS",12021,8621852,300,"continuous","skewed","skewed","Symmetric",NA,1,TRUE,0.879999999946449
"559","X~~Z",0.15865605077495,0.0607405539941716,0.2,"PLS",12021,8621852,300,"continuous","skewed","skewed","Symmetric",NA,1,TRUE,0.879999999946449
"560","X=~x1",0.381,0.062,0.4,"Mplus",12021,8621852,300,"continuous","skewed","skewed","Symmetric",NA,1,TRUE,2.62599999998929
"561","X=~x2",0.771,0.041,0.8,"Mplus",12021,8621852,300,"continuous","skewed","skewed","Symmetric",NA,1,TRUE,2.62599999998929
"562","X=~x3",0.771,0.039,0.8,"Mplus",12021,8621852,300,"continuous","skewed","skewed","Symmetric",NA,1,TRUE,2.62599999998929
"563","Z=~z1",0.619,0.065,0.6,"Mplus",12021,8621852,300,"continuous","skewed","skewed","Symmetric",NA,1,TRUE,2.62599999998929
"564","Z=~z2",0.667,0.06,0.6,"Mplus",12021,8621852,300,"continuous","skewed","skewed","Symmetric",NA,1,TRUE,2.62599999998929
"565","Z=~z3",0.85,0.037,0.8,"Mplus",12021,8621852,300,"continuous","skewed","skewed","Symmetric",NA,1,TRUE,2.62599999998929
"566","Y=~y1",0.387,0.058,0.4,"Mplus",12021,8621852,300,"continuous","skewed","skewed","Symmetric",NA,1,TRUE,2.62599999998929
"567","Y=~y2",0.696,0.045,0.7,"Mplus",12021,8621852,300,"continuous","skewed","skewed","Symmetric",NA,1,TRUE,2.62599999998929
"568","Y=~y3",0.85,0.032,0.9,"Mplus",12021,8621852,300,"continuous","skewed","skewed","Symmetric",NA,1,TRUE,2.62599999998929
"569","Y~X",0.426,0.059,0.4,"Mplus",12021,8621852,300,"continuous","skewed","skewed","Symmetric",NA,1,TRUE,2.62599999998929
"570","Y~Z",0.52,0.067,0.5,"Mplus",12021,8621852,300,"continuous","skewed","skewed","Symmetric",NA,1,TRUE,2.62599999998929
"571","Y~X:Z",0.501,0.061,0.3,"Mplus",12021,8621852,300,"continuous","skewed","skewed","Symmetric",NA,1,TRUE,2.62599999998929
"572","X~~Z",0.282,0.07,0.2,"Mplus",12021,8621852,300,"continuous","skewed","skewed","Symmetric",NA,1,TRUE,2.62599999998929
"573","X=~x1",0.374526776618313,0.061017898035301,0.4,"LSAM",12021,8621852,300,"continuous","skewed","skewed","Symmetric",NA,1,TRUE,0.432000000029802
"574","X=~x2",0.732751678719737,0.101278902812441,0.8,"LSAM",12021,8621852,300,"continuous","skewed","skewed","Symmetric",NA,1,TRUE,0.432000000029802
"575","X=~x3",0.840684410250664,0.0990195550451889,0.8,"LSAM",12021,8621852,300,"continuous","skewed","skewed","Symmetric",NA,1,TRUE,0.432000000029802
"576","Z=~z1",0.619821217677198,0.0506750309370831,0.6,"LSAM",12021,8621852,300,"continuous","skewed","skewed","Symmetric",NA,1,TRUE,0.432000000029802
"577","Z=~z2",0.665097139362351,0.0680503807832519,0.6,"LSAM",12021,8621852,300,"continuous","skewed","skewed","Symmetric",NA,1,TRUE,0.432000000029802
"578","Z=~z3",0.862508041581268,0.0609847355058734,0.8,"LSAM",12021,8621852,300,"continuous","skewed","skewed","Symmetric",NA,1,TRUE,0.432000000029802
"579","Y=~y1",0.459098771537942,0.0475319185395765,0.4,"LSAM",12021,8621852,300,"continuous","skewed","skewed","Symmetric",NA,1,TRUE,0.432000000029802
"580","Y=~y2",0.785698543964285,0.071518418233773,0.7,"LSAM",12021,8621852,300,"continuous","skewed","skewed","Symmetric",NA,1,TRUE,0.432000000029802
"581","Y=~y3",0.838594768463052,0.0700982602677256,0.9,"LSAM",12021,8621852,300,"continuous","skewed","skewed","Symmetric",NA,1,TRUE,0.432000000029802
"582","Y~X",0.31763578548466,0.0886739310619326,0.4,"LSAM",12021,8621852,300,"continuous","skewed","skewed","Symmetric",NA,1,TRUE,0.432000000029802
"583","Y~Z",0.599645461890127,0.10477359552574,0.5,"LSAM",12021,8621852,300,"continuous","skewed","skewed","Symmetric",NA,1,TRUE,0.432000000029802
"584","Y~X:Z",0.373658632075283,0.0797029956870538,0.3,"LSAM",12021,8621852,300,"continuous","skewed","skewed","Symmetric",NA,1,TRUE,0.432000000029802
"585","X~~Z",0.194669061968723,0.0754473123485985,0.2,"LSAM",12021,8621852,300,"continuous","skewed","skewed","Symmetric",NA,1,TRUE,0.432000000029802
"586","X=~x1",0.42511260175357,0.0378430031650219,0.4,"MC-PLSc",12022,2934529,1000,"continuous","skewed","skewed","Symmetric",NA,1,TRUE,6.39499999996042
"587","X=~x2",0.779351140406158,0.0239864254861525,0.8,"MC-PLSc",12022,2934529,1000,"continuous","skewed","skewed","Symmetric",NA,1,TRUE,6.39499999996042
"588","X=~x3",0.826369440505293,0.0238219803461262,0.8,"MC-PLSc",12022,2934529,1000,"continuous","skewed","skewed","Symmetric",NA,1,TRUE,6.39499999996042
"589","Z=~z1",0.588268237498196,0.0317561800232491,0.6,"MC-PLSc",12022,2934529,1000,"continuous","skewed","skewed","Symmetric",NA,1,TRUE,6.39499999996042
"590","Z=~z2",0.584242893746073,0.0309113870765392,0.6,"MC-PLSc",12022,2934529,1000,"continuous","skewed","skewed","Symmetric",NA,1,TRUE,6.39499999996042
"591","Z=~z3",0.771008439729166,0.0289582394470014,0.8,"MC-PLSc",12022,2934529,1000,"continuous","skewed","skewed","Symmetric",NA,1,TRUE,6.39499999996042
"592","Y=~y1",0.370991476203173,0.0307032232699478,0.4,"MC-PLSc",12022,2934529,1000,"continuous","skewed","skewed","Symmetric",NA,1,TRUE,6.39499999996042
"593","Y=~y2",0.708542745520001,0.0242914505889995,0.7,"MC-PLSc",12022,2934529,1000,"continuous","skewed","skewed","Symmetric",NA,1,TRUE,6.39499999996042
"594","Y=~y3",0.913843139393001,0.0192048276638408,0.9,"MC-PLSc",12022,2934529,1000,"continuous","skewed","skewed","Symmetric",NA,1,TRUE,6.39499999996042
"595","Y~X",0.478912776226067,0.0348707768056465,0.4,"MC-PLSc",12022,2934529,1000,"continuous","skewed","skewed","Symmetric",NA,1,TRUE,6.39499999996042
"596","Y~Z",0.487165057983867,0.0337285202809845,0.5,"MC-PLSc",12022,2934529,1000,"continuous","skewed","skewed","Symmetric",NA,1,TRUE,6.39499999996042
"597","Y~X:Z",0.327775328717527,0.0344403184338187,0.3,"MC-PLSc",12022,2934529,1000,"continuous","skewed","skewed","Symmetric",NA,1,TRUE,6.39499999996042
"598","X~~Z",0.233110399733901,0.0424151909292915,0.2,"MC-PLSc",12022,2934529,1000,"continuous","skewed","skewed","Symmetric",NA,1,TRUE,6.39499999996042
"599","X=~x1",0.408091552827279,0.0511592406125763,0.4,"PLSc",12022,2934529,1000,"continuous","skewed","skewed","Symmetric",NA,1,TRUE,1.36599999997998
"600","X=~x2",0.774747983698938,0.0286489413043316,0.8,"PLSc",12022,2934529,1000,"continuous","skewed","skewed","Symmetric",NA,1,TRUE,1.36599999997998
"601","X=~x3",0.844113721482303,0.0276216253353934,0.8,"PLSc",12022,2934529,1000,"continuous","skewed","skewed","Symmetric",NA,1,TRUE,1.36599999997998
"602","Z=~z1",0.601343994531188,0.0371848101771029,0.6,"PLSc",12022,2934529,1000,"continuous","skewed","skewed","Symmetric",NA,1,TRUE,1.36599999997998
"603","Z=~z2",0.543782010640775,0.0370137027303259,0.6,"PLSc",12022,2934529,1000,"continuous","skewed","skewed","Symmetric",NA,1,TRUE,1.36599999997998
"604","Z=~z3",0.795749387219087,0.0341116193752095,0.8,"PLSc",12022,2934529,1000,"continuous","skewed","skewed","Symmetric",NA,1,TRUE,1.36599999997998
"605","Y=~y1",0.381509626030371,0.0359227294217606,0.4,"PLSc",12022,2934529,1000,"continuous","skewed","skewed","Symmetric",NA,1,TRUE,1.36599999997998
"606","Y=~y2",0.709731567955046,0.0253824899690365,0.7,"PLSc",12022,2934529,1000,"continuous","skewed","skewed","Symmetric",NA,1,TRUE,1.36599999997998
"607","Y=~y3",0.901372739996315,0.0201080239143802,0.9,"PLSc",12022,2934529,1000,"continuous","skewed","skewed","Symmetric",NA,1,TRUE,1.36599999997998
"608","Y~X",0.464172339549463,0.0373796234223804,0.4,"PLSc",12022,2934529,1000,"continuous","skewed","skewed","Symmetric",NA,1,TRUE,1.36599999997998
"609","Y~Z",0.468978613244998,0.0354708182162347,0.5,"PLSc",12022,2934529,1000,"continuous","skewed","skewed","Symmetric",NA,1,TRUE,1.36599999997998
"610","Y~X:Z",0.267550568303176,0.0535537908915849,0.3,"PLSc",12022,2934529,1000,"continuous","skewed","skewed","Symmetric",NA,1,TRUE,1.36599999997998
"611","X~~Z",0.230870251472913,0.0408992827164617,0.2,"PLSc",12022,2934529,1000,"continuous","skewed","skewed","Symmetric",NA,1,TRUE,1.36599999997998
"612","X=~x1",0.584982137923348,0.038360026787638,0.4,"PLS",12022,2934529,1000,"continuous","skewed","skewed","Symmetric",NA,1,TRUE,0.950000000011642
"613","X=~x2",0.872981398141032,0.0109344766275581,0.8,"PLS",12022,2934529,1000,"continuous","skewed","skewed","Symmetric",NA,1,TRUE,0.950000000011642
"614","X=~x3",0.888318286061072,0.00920214129384379,0.8,"PLS",12022,2934529,1000,"continuous","skewed","skewed","Symmetric",NA,1,TRUE,0.950000000011642
"615","Z=~z1",0.745269710505494,0.0232120707130973,0.6,"PLS",12022,2934529,1000,"continuous","skewed","skewed","Symmetric",NA,1,TRUE,0.950000000011642
"616","Z=~z2",0.741556586052827,0.02220468200601,0.6,"PLS",12022,2934529,1000,"continuous","skewed","skewed","Symmetric",NA,1,TRUE,0.950000000011642
"617","Z=~z3",0.851099240262444,0.0124211678324401,0.8,"PLS",12022,2934529,1000,"continuous","skewed","skewed","Symmetric",NA,1,TRUE,0.950000000011642
"618","Y=~y1",0.52947774917467,0.0357915815082172,0.4,"PLS",12022,2934529,1000,"continuous","skewed","skewed","Symmetric",NA,1,TRUE,0.950000000011642
"619","Y=~y2",0.852404535651018,0.0123714839788355,0.7,"PLS",12022,2934529,1000,"continuous","skewed","skewed","Symmetric",NA,1,TRUE,0.950000000011642
"620","Y=~y3",0.915285302135639,0.00570379355358725,0.9,"PLS",12022,2934529,1000,"continuous","skewed","skewed","Symmetric",NA,1,TRUE,0.950000000011642
"621","Y~X",0.40630374182747,0.0263623605253068,0.4,"PLS",12022,2934529,1000,"continuous","skewed","skewed","Symmetric",NA,1,TRUE,0.950000000011642
"622","Y~Z",0.381926642172839,0.0249007601527749,0.5,"PLS",12022,2934529,1000,"continuous","skewed","skewed","Symmetric",NA,1,TRUE,0.950000000011642
"623","Y~X:Z",0.223677451676999,0.0259986677503579,0.3,"PLS",12022,2934529,1000,"continuous","skewed","skewed","Symmetric",NA,1,TRUE,0.950000000011642
"624","X~~Z",0.173176381574526,0.0308791830427706,0.2,"PLS",12022,2934529,1000,"continuous","skewed","skewed","Symmetric",NA,1,TRUE,0.950000000011642
"625","X=~x1",0.43,0.033,0.4,"Mplus",12022,2934529,1000,"continuous","skewed","skewed","Symmetric",NA,1,TRUE,8.21399999997811
"626","X=~x2",0.773,0.023,0.8,"Mplus",12022,2934529,1000,"continuous","skewed","skewed","Symmetric",NA,1,TRUE,8.21399999997811
"627","X=~x3",0.816,0.021,0.8,"Mplus",12022,2934529,1000,"continuous","skewed","skewed","Symmetric",NA,1,TRUE,8.21399999997811
"628","Z=~z1",0.577,0.033,0.6,"Mplus",12022,2934529,1000,"continuous","skewed","skewed","Symmetric",NA,1,TRUE,8.21399999997811
"629","Z=~z2",0.597,0.028,0.6,"Mplus",12022,2934529,1000,"continuous","skewed","skewed","Symmetric",NA,1,TRUE,8.21399999997811
"630","Z=~z3",0.746,0.027,0.8,"Mplus",12022,2934529,1000,"continuous","skewed","skewed","Symmetric",NA,1,TRUE,8.21399999997811
"631","Y=~y1",0.341,0.027,0.4,"Mplus",12022,2934529,1000,"continuous","skewed","skewed","Symmetric",NA,1,TRUE,8.21399999997811
"632","Y=~y2",0.674,0.021,0.7,"Mplus",12022,2934529,1000,"continuous","skewed","skewed","Symmetric",NA,1,TRUE,8.21399999997811
"633","Y=~y3",0.907,0.016,0.9,"Mplus",12022,2934529,1000,"continuous","skewed","skewed","Symmetric",NA,1,TRUE,8.21399999997811
"634","Y~X",0.444,0.035,0.4,"Mplus",12022,2934529,1000,"continuous","skewed","skewed","Symmetric",NA,1,TRUE,8.21399999997811
"635","Y~Z",0.495,0.032,0.5,"Mplus",12022,2934529,1000,"continuous","skewed","skewed","Symmetric",NA,1,TRUE,8.21399999997811
"636","Y~X:Z",0.396,0.027,0.3,"Mplus",12022,2934529,1000,"continuous","skewed","skewed","Symmetric",NA,1,TRUE,8.21399999997811
"637","X~~Z",0.294,0.04,0.2,"Mplus",12022,2934529,1000,"continuous","skewed","skewed","Symmetric",NA,1,TRUE,8.21399999997811
"638","X=~x1",0.438559862322043,0.0317806238702949,0.4,"LSAM",12022,2934529,1000,"continuous","skewed","skewed","Symmetric",NA,1,TRUE,0.440000000002328
"639","X=~x2",0.796342890823491,0.0452179426481128,0.8,"LSAM",12022,2934529,1000,"continuous","skewed","skewed","Symmetric",NA,1,TRUE,0.440000000002328
"640","X=~x3",0.797618967838496,0.0451911301522858,0.8,"LSAM",12022,2934529,1000,"continuous","skewed","skewed","Symmetric",NA,1,TRUE,0.440000000002328
"641","Z=~z1",0.582564924555172,0.0296538247572105,0.6,"LSAM",12022,2934529,1000,"continuous","skewed","skewed","Symmetric",NA,1,TRUE,0.440000000002328
"642","Z=~z2",0.635481319152936,0.0460847192305714,0.6,"LSAM",12022,2934529,1000,"continuous","skewed","skewed","Symmetric",NA,1,TRUE,0.440000000002328
"643","Z=~z3",0.726126543525473,0.0474587897737781,0.8,"LSAM",12022,2934529,1000,"continuous","skewed","skewed","Symmetric",NA,1,TRUE,0.440000000002328
"644","Y=~y1",0.35955026441053,0.016316093620814,0.4,"LSAM",12022,2934529,1000,"continuous","skewed","skewed","Symmetric",NA,1,TRUE,0.440000000002328
"645","Y=~y2",0.687035850139074,0.0427330643322588,0.7,"LSAM",12022,2934529,1000,"continuous","skewed","skewed","Symmetric",NA,1,TRUE,0.440000000002328
"646","Y=~y3",0.948114920985773,0.0480820268823981,0.9,"LSAM",12022,2934529,1000,"continuous","skewed","skewed","Symmetric",NA,1,TRUE,0.440000000002328
"647","Y~X",0.442251194291369,0.0539351288364125,0.4,"LSAM",12022,2934529,1000,"continuous","skewed","skewed","Symmetric",NA,1,TRUE,0.440000000002328
"648","Y~Z",0.445535746215637,0.0474363983457438,0.5,"LSAM",12022,2934529,1000,"continuous","skewed","skewed","Symmetric",NA,1,TRUE,0.440000000002328
"649","Y~X:Z",0.275008038161602,0.0492009776046043,0.3,"LSAM",12022,2934529,1000,"continuous","skewed","skewed","Symmetric",NA,1,TRUE,0.440000000002328
"650","X~~Z",0.236224663856767,0.0537679139085115,0.2,"LSAM",12022,2934529,1000,"continuous","skewed","skewed","Symmetric",NA,1,TRUE,0.440000000002328
"651","X=~x1",0.445811225592168,0.0652871976603199,0.4,"MC-PLSc",12023,6847411,300,"continuous","uniform","skewed","Symmetric",NA,1,TRUE,6.11900000000605
"652","X=~x2",0.805117107933331,0.0494383955699248,0.8,"MC-PLSc",12023,6847411,300,"continuous","uniform","skewed","Symmetric",NA,1,TRUE,6.11900000000605
"653","X=~x3",0.761850504404721,0.0407229148722385,0.8,"MC-PLSc",12023,6847411,300,"continuous","uniform","skewed","Symmetric",NA,1,TRUE,6.11900000000605
"654","Z=~z1",0.666148017755981,0.0447195773044258,0.6,"MC-PLSc",12023,6847411,300,"continuous","uniform","skewed","Symmetric",NA,1,TRUE,6.11900000000605
"655","Z=~z2",0.643969309686813,0.0466766661166452,0.6,"MC-PLSc",12023,6847411,300,"continuous","uniform","skewed","Symmetric",NA,1,TRUE,6.11900000000605
"656","Z=~z3",0.774807346434696,0.039267679950004,0.8,"MC-PLSc",12023,6847411,300,"continuous","uniform","skewed","Symmetric",NA,1,TRUE,6.11900000000605
"657","Y=~y1",0.369585431941248,0.0624495198276869,0.4,"MC-PLSc",12023,6847411,300,"continuous","uniform","skewed","Symmetric",NA,1,TRUE,6.11900000000605
"658","Y=~y2",0.725725671525168,0.0445081366957117,0.7,"MC-PLSc",12023,6847411,300,"continuous","uniform","skewed","Symmetric",NA,1,TRUE,6.11900000000605
"659","Y=~y3",0.864036973883497,0.0351959922539194,0.9,"MC-PLSc",12023,6847411,300,"continuous","uniform","skewed","Symmetric",NA,1,TRUE,6.11900000000605
"660","Y~X",0.369024459527904,0.0531682351429546,0.4,"MC-PLSc",12023,6847411,300,"continuous","uniform","skewed","Symmetric",NA,1,TRUE,6.11900000000605
"661","Y~Z",0.531493157845651,0.06886009007625,0.5,"MC-PLSc",12023,6847411,300,"continuous","uniform","skewed","Symmetric",NA,1,TRUE,6.11900000000605
"662","Y~X:Z",0.230942630867076,0.0690946107409988,0.3,"MC-PLSc",12023,6847411,300,"continuous","uniform","skewed","Symmetric",NA,1,TRUE,6.11900000000605
"663","X~~Z",0.259490537061221,0.074480441106548,0.2,"MC-PLSc",12023,6847411,300,"continuous","uniform","skewed","Symmetric",NA,1,TRUE,6.11900000000605
"664","X=~x1",0.484079046461369,0.0944000658389167,0.4,"PLSc",12023,6847411,300,"continuous","uniform","skewed","Symmetric",NA,1,TRUE,1.26900000002934
"665","X=~x2",0.765603326406651,0.0730033199219412,0.8,"PLSc",12023,6847411,300,"continuous","uniform","skewed","Symmetric",NA,1,TRUE,1.26900000002934
"666","X=~x3",0.762347890091555,0.0631942613502143,0.8,"PLSc",12023,6847411,300,"continuous","uniform","skewed","Symmetric",NA,1,TRUE,1.26900000002934
"667","Z=~z1",0.670478646863696,0.0555336700059394,0.6,"PLSc",12023,6847411,300,"continuous","uniform","skewed","Symmetric",NA,1,TRUE,1.26900000002934
"668","Z=~z2",0.647419880497719,0.0590601614333588,0.6,"PLSc",12023,6847411,300,"continuous","uniform","skewed","Symmetric",NA,1,TRUE,1.26900000002934
"669","Z=~z3",0.764475051022311,0.0533262780173548,0.8,"PLSc",12023,6847411,300,"continuous","uniform","skewed","Symmetric",NA,1,TRUE,1.26900000002934
"670","Y=~y1",0.347565462549277,0.071373945981245,0.4,"PLSc",12023,6847411,300,"continuous","uniform","skewed","Symmetric",NA,1,TRUE,1.26900000002934
"671","Y=~y2",0.725721057950127,0.0479432887543088,0.7,"PLSc",12023,6847411,300,"continuous","uniform","skewed","Symmetric",NA,1,TRUE,1.26900000002934
"672","Y=~y3",0.878750842516474,0.038032803698999,0.9,"PLSc",12023,6847411,300,"continuous","uniform","skewed","Symmetric",NA,1,TRUE,1.26900000002934
"673","Y~X",0.374037874096163,0.0579344872818326,0.4,"PLSc",12023,6847411,300,"continuous","uniform","skewed","Symmetric",NA,1,TRUE,1.26900000002934
"674","Y~Z",0.502609722671444,0.0852806519116338,0.5,"PLSc",12023,6847411,300,"continuous","uniform","skewed","Symmetric",NA,1,TRUE,1.26900000002934
"675","Y~X:Z",0.216888540782457,0.115942408307378,0.3,"PLSc",12023,6847411,300,"continuous","uniform","skewed","Symmetric",NA,1,TRUE,1.26900000002934
"676","X~~Z",0.262550218327238,0.0753051255755738,0.2,"PLSc",12023,6847411,300,"continuous","uniform","skewed","Symmetric",NA,1,TRUE,1.26900000002934
"677","X=~x1",0.607222316852589,0.0631067967492903,0.4,"PLS",12023,6847411,300,"continuous","uniform","skewed","Symmetric",NA,1,TRUE,0.872000000032131
"678","X=~x2",0.876685466569788,0.0224371817361328,0.8,"PLS",12023,6847411,300,"continuous","uniform","skewed","Symmetric",NA,1,TRUE,0.872000000032131
"679","X=~x3",0.861293403132932,0.0220027563830748,0.8,"PLS",12023,6847411,300,"continuous","uniform","skewed","Symmetric",NA,1,TRUE,0.872000000032131
"680","Z=~z1",0.794033833445902,0.0285192668895113,0.6,"PLS",12023,6847411,300,"continuous","uniform","skewed","Symmetric",NA,1,TRUE,0.872000000032131
"681","Z=~z2",0.777817486281208,0.0299886073417126,0.6,"PLS",12023,6847411,300,"continuous","uniform","skewed","Symmetric",NA,1,TRUE,0.872000000032131
"682","Z=~z3",0.851375760334365,0.0182650428752952,0.8,"PLS",12023,6847411,300,"continuous","uniform","skewed","Symmetric",NA,1,TRUE,0.872000000032131
"683","Y=~y1",0.525985049308018,0.0688762057282107,0.4,"PLS",12023,6847411,300,"continuous","uniform","skewed","Symmetric",NA,1,TRUE,0.872000000032131
"684","Y=~y2",0.856176194646364,0.0198522576190524,0.7,"PLS",12023,6847411,300,"continuous","uniform","skewed","Symmetric",NA,1,TRUE,0.872000000032131
"685","Y=~y3",0.900979098348284,0.0117864089723258,0.9,"PLS",12023,6847411,300,"continuous","uniform","skewed","Symmetric",NA,1,TRUE,0.872000000032131
"686","Y~X",0.309901525180861,0.0393146328505695,0.4,"PLS",12023,6847411,300,"continuous","uniform","skewed","Symmetric",NA,1,TRUE,0.872000000032131
"687","Y~Z",0.418862058786952,0.0505070007318325,0.5,"PLS",12023,6847411,300,"continuous","uniform","skewed","Symmetric",NA,1,TRUE,0.872000000032131
"688","Y~X:Z",0.158204577879824,0.0510501867529584,0.3,"PLS",12023,6847411,300,"continuous","uniform","skewed","Symmetric",NA,1,TRUE,0.872000000032131
"689","X~~Z",0.19548132703435,0.0571290576666116,0.2,"PLS",12023,6847411,300,"continuous","uniform","skewed","Symmetric",NA,1,TRUE,0.872000000032131
"690","X=~x1",0.428,0.049,0.4,"Mplus",12023,6847411,300,"continuous","uniform","skewed","Symmetric",NA,1,TRUE,2.53299999999581
"691","X=~x2",0.818,0.04,0.8,"Mplus",12023,6847411,300,"continuous","uniform","skewed","Symmetric",NA,1,TRUE,2.53299999999581
"692","X=~x3",0.763,0.036,0.8,"Mplus",12023,6847411,300,"continuous","uniform","skewed","Symmetric",NA,1,TRUE,2.53299999999581
"693","Z=~z1",0.652,0.045,0.6,"Mplus",12023,6847411,300,"continuous","uniform","skewed","Symmetric",NA,1,TRUE,2.53299999999581
"694","Z=~z2",0.629,0.047,0.6,"Mplus",12023,6847411,300,"continuous","uniform","skewed","Symmetric",NA,1,TRUE,2.53299999999581
"695","Z=~z3",0.799,0.039,0.8,"Mplus",12023,6847411,300,"continuous","uniform","skewed","Symmetric",NA,1,TRUE,2.53299999999581
"696","Y=~y1",0.363,0.059,0.4,"Mplus",12023,6847411,300,"continuous","uniform","skewed","Symmetric",NA,1,TRUE,2.53299999999581
"697","Y=~y2",0.694,0.038,0.7,"Mplus",12023,6847411,300,"continuous","uniform","skewed","Symmetric",NA,1,TRUE,2.53299999999581
"698","Y=~y3",0.882,0.034,0.9,"Mplus",12023,6847411,300,"continuous","uniform","skewed","Symmetric",NA,1,TRUE,2.53299999999581
"699","Y~X",0.394,0.063,0.4,"Mplus",12023,6847411,300,"continuous","uniform","skewed","Symmetric",NA,1,TRUE,2.53299999999581
"700","Y~Z",0.523,0.063,0.5,"Mplus",12023,6847411,300,"continuous","uniform","skewed","Symmetric",NA,1,TRUE,2.53299999999581
"701","Y~X:Z",0.259,0.068,0.3,"Mplus",12023,6847411,300,"continuous","uniform","skewed","Symmetric",NA,1,TRUE,2.53299999999581
"702","X~~Z",0.265,0.072,0.2,"Mplus",12023,6847411,300,"continuous","uniform","skewed","Symmetric",NA,1,TRUE,2.53299999999581
"703","X=~x1",0.409321026936106,0.056329515221408,0.4,"LSAM",12023,6847411,300,"continuous","uniform","skewed","Symmetric",NA,1,TRUE,0.426999999966938
"704","X=~x2",0.860425331858572,0.0843790713890357,0.8,"LSAM",12023,6847411,300,"continuous","uniform","skewed","Symmetric",NA,1,TRUE,0.426999999966938
"705","X=~x3",0.740409167432172,0.0878300696700151,0.8,"LSAM",12023,6847411,300,"continuous","uniform","skewed","Symmetric",NA,1,TRUE,0.426999999966938
"706","Z=~z1",0.660454858404274,0.0379058542155732,0.6,"LSAM",12023,6847411,300,"continuous","uniform","skewed","Symmetric",NA,1,TRUE,0.426999999966938
"707","Z=~z2",0.637136212530449,0.0641976302227663,0.6,"LSAM",12023,6847411,300,"continuous","uniform","skewed","Symmetric",NA,1,TRUE,0.426999999966938
"708","Z=~z3",0.785249918881255,0.0653171110608928,0.8,"LSAM",12023,6847411,300,"continuous","uniform","skewed","Symmetric",NA,1,TRUE,0.426999999966938
"709","Y=~y1",0.387758018300996,0.0278293058603573,0.4,"LSAM",12023,6847411,300,"continuous","uniform","skewed","Symmetric",NA,1,TRUE,0.426999999966938
"710","Y=~y2",0.738992535551712,0.0812165242676672,0.7,"LSAM",12023,6847411,300,"continuous","uniform","skewed","Symmetric",NA,1,TRUE,0.426999999966938
"711","Y=~y3",0.833168676617795,0.0863526541769717,0.9,"LSAM",12023,6847411,300,"continuous","uniform","skewed","Symmetric",NA,1,TRUE,0.426999999966938
"712","Y~X",0.3692394464169,0.0640027194243922,0.4,"LSAM",12023,6847411,300,"continuous","uniform","skewed","Symmetric",NA,1,TRUE,0.426999999966938
"713","Y~Z",0.521156212376243,0.0838487000688597,0.5,"LSAM",12023,6847411,300,"continuous","uniform","skewed","Symmetric",NA,1,TRUE,0.426999999966938
"714","Y~X:Z",0.222045755679027,0.0799972154324722,0.3,"LSAM",12023,6847411,300,"continuous","uniform","skewed","Symmetric",NA,1,TRUE,0.426999999966938
"715","X~~Z",0.255883799930724,0.0719049646674468,0.2,"LSAM",12023,6847411,300,"continuous","uniform","skewed","Symmetric",NA,1,TRUE,0.426999999966938
"716","X=~x1",0.452630349880253,0.0316877742952374,0.4,"MC-PLSc",12024,8307776,1000,"continuous","uniform","skewed","Symmetric",NA,1,TRUE,6.25699999998324
"717","X=~x2",0.83458393049358,0.023143441126943,0.8,"MC-PLSc",12024,8307776,1000,"continuous","uniform","skewed","Symmetric",NA,1,TRUE,6.25699999998324
"718","X=~x3",0.784752742502083,0.0233226397376227,0.8,"MC-PLSc",12024,8307776,1000,"continuous","uniform","skewed","Symmetric",NA,1,TRUE,6.25699999998324
"719","Z=~z1",0.594972231326714,0.0305300998145393,0.6,"MC-PLSc",12024,8307776,1000,"continuous","uniform","skewed","Symmetric",NA,1,TRUE,6.25699999998324
"720","Z=~z2",0.556628102469515,0.0341158914187177,0.6,"MC-PLSc",12024,8307776,1000,"continuous","uniform","skewed","Symmetric",NA,1,TRUE,6.25699999998324
"721","Z=~z3",0.837607000333456,0.0279914401300417,0.8,"MC-PLSc",12024,8307776,1000,"continuous","uniform","skewed","Symmetric",NA,1,TRUE,6.25699999998324
"722","Y=~y1",0.368572204379039,0.0312153660718503,0.4,"MC-PLSc",12024,8307776,1000,"continuous","uniform","skewed","Symmetric",NA,1,TRUE,6.25699999998324
"723","Y=~y2",0.705033162983217,0.0235640648386584,0.7,"MC-PLSc",12024,8307776,1000,"continuous","uniform","skewed","Symmetric",NA,1,TRUE,6.25699999998324
"724","Y=~y3",0.889830834430877,0.0215594556783681,0.9,"MC-PLSc",12024,8307776,1000,"continuous","uniform","skewed","Symmetric",NA,1,TRUE,6.25699999998324
"725","Y~X",0.484642389655833,0.0311174899931178,0.4,"MC-PLSc",12024,8307776,1000,"continuous","uniform","skewed","Symmetric",NA,1,TRUE,6.25699999998324
"726","Y~Z",0.414005617123691,0.0348835833837033,0.5,"MC-PLSc",12024,8307776,1000,"continuous","uniform","skewed","Symmetric",NA,1,TRUE,6.25699999998324
"727","Y~X:Z",0.301301143433208,0.0400988402637185,0.3,"MC-PLSc",12024,8307776,1000,"continuous","uniform","skewed","Symmetric",NA,1,TRUE,6.25699999998324
"728","X~~Z",0.138559507959676,0.0421184974351446,0.2,"MC-PLSc",12024,8307776,1000,"continuous","uniform","skewed","Symmetric",NA,1,TRUE,6.25699999998324
"729","X=~x1",0.442913214270472,0.0452906411626848,0.4,"PLSc",12024,8307776,1000,"continuous","uniform","skewed","Symmetric",NA,1,TRUE,1.43799999996554
"730","X=~x2",0.835606821008715,0.0308142421406731,0.8,"PLSc",12024,8307776,1000,"continuous","uniform","skewed","Symmetric",NA,1,TRUE,1.43799999996554
"731","X=~x3",0.790578435000613,0.0340540587643232,0.8,"PLSc",12024,8307776,1000,"continuous","uniform","skewed","Symmetric",NA,1,TRUE,1.43799999996554
"732","Z=~z1",0.602932904722955,0.0422510144439943,0.6,"PLSc",12024,8307776,1000,"continuous","uniform","skewed","Symmetric",NA,1,TRUE,1.43799999996554
"733","Z=~z2",0.541258439052469,0.0435346728440623,0.6,"PLSc",12024,8307776,1000,"continuous","uniform","skewed","Symmetric",NA,1,TRUE,1.43799999996554
"734","Z=~z3",0.843200118613008,0.0378646982085087,0.8,"PLSc",12024,8307776,1000,"continuous","uniform","skewed","Symmetric",NA,1,TRUE,1.43799999996554
"735","Y=~y1",0.360966517484431,0.041906888881458,0.4,"PLSc",12024,8307776,1000,"continuous","uniform","skewed","Symmetric",NA,1,TRUE,1.43799999996554
"736","Y=~y2",0.718626300050746,0.0287662002167422,0.7,"PLSc",12024,8307776,1000,"continuous","uniform","skewed","Symmetric",NA,1,TRUE,1.43799999996554
"737","Y=~y3",0.881282135975865,0.0269802690040814,0.9,"PLSc",12024,8307776,1000,"continuous","uniform","skewed","Symmetric",NA,1,TRUE,1.43799999996554
"738","Y~X",0.486442805048676,0.0352878414647353,0.4,"PLSc",12024,8307776,1000,"continuous","uniform","skewed","Symmetric",NA,1,TRUE,1.43799999996554
"739","Y~Z",0.418157175673969,0.0394655256577427,0.5,"PLSc",12024,8307776,1000,"continuous","uniform","skewed","Symmetric",NA,1,TRUE,1.43799999996554
"740","Y~X:Z",0.323499034076854,0.0508339333597562,0.3,"PLSc",12024,8307776,1000,"continuous","uniform","skewed","Symmetric",NA,1,TRUE,1.43799999996554
"741","X~~Z",0.140160721641024,0.0389718209234179,0.2,"PLSc",12024,8307776,1000,"continuous","uniform","skewed","Symmetric",NA,1,TRUE,1.43799999996554
"742","X=~x1",0.612613163285255,0.0306990088259942,0.4,"PLS",12024,8307776,1000,"continuous","uniform","skewed","Symmetric",NA,1,TRUE,0.913999999989755
"743","X=~x2",0.890193744943829,0.00857775309570479,0.8,"PLS",12024,8307776,1000,"continuous","uniform","skewed","Symmetric",NA,1,TRUE,0.913999999989755
"744","X=~x3",0.8741703619791,0.010401198357715,0.8,"PLS",12024,8307776,1000,"continuous","uniform","skewed","Symmetric",NA,1,TRUE,0.913999999989755
"745","Z=~z1",0.753926058653404,0.0220980341122831,0.6,"PLS",12024,8307776,1000,"continuous","uniform","skewed","Symmetric",NA,1,TRUE,0.913999999989755
"746","Z=~z2",0.720569041437483,0.0245401511431263,0.6,"PLS",12024,8307776,1000,"continuous","uniform","skewed","Symmetric",NA,1,TRUE,0.913999999989755
"747","Z=~z3",0.878763736956184,0.0102679671862741,0.8,"PLS",12024,8307776,1000,"continuous","uniform","skewed","Symmetric",NA,1,TRUE,0.913999999989755
"748","Y=~y1",0.528180171906957,0.0360533126112148,0.4,"PLS",12024,8307776,1000,"continuous","uniform","skewed","Symmetric",NA,1,TRUE,0.913999999989755
"749","Y=~y2",0.848293750051725,0.0126698732043843,0.7,"PLS",12024,8307776,1000,"continuous","uniform","skewed","Symmetric",NA,1,TRUE,0.913999999989755
"750","Y=~y3",0.908363911163892,0.00680934034001918,0.9,"PLS",12024,8307776,1000,"continuous","uniform","skewed","Symmetric",NA,1,TRUE,0.913999999989755
"751","Y~X",0.395166405591946,0.0249839838818844,0.4,"PLS",12024,8307776,1000,"continuous","uniform","skewed","Symmetric",NA,1,TRUE,0.913999999989755
"752","Y~Z",0.326192621897651,0.0259508455158554,0.5,"PLS",12024,8307776,1000,"continuous","uniform","skewed","Symmetric",NA,1,TRUE,0.913999999989755
"753","Y~X:Z",0.208897328177983,0.0292840152041369,0.3,"PLS",12024,8307776,1000,"continuous","uniform","skewed","Symmetric",NA,1,TRUE,0.913999999989755
"754","X~~Z",0.107644514208456,0.0298485874836075,0.2,"PLS",12024,8307776,1000,"continuous","uniform","skewed","Symmetric",NA,1,TRUE,0.913999999989755
"755","X=~x1",0.453,0.027,0.4,"Mplus",12024,8307776,1000,"continuous","uniform","skewed","Symmetric",NA,1,TRUE,7.50900000002002
"756","X=~x2",0.832,0.021,0.8,"Mplus",12024,8307776,1000,"continuous","uniform","skewed","Symmetric",NA,1,TRUE,7.50900000002002
"757","X=~x3",0.781,0.021,0.8,"Mplus",12024,8307776,1000,"continuous","uniform","skewed","Symmetric",NA,1,TRUE,7.50900000002002
"758","Z=~z1",0.585,0.025,0.6,"Mplus",12024,8307776,1000,"continuous","uniform","skewed","Symmetric",NA,1,TRUE,7.50900000002002
"759","Z=~z2",0.57,0.027,0.6,"Mplus",12024,8307776,1000,"continuous","uniform","skewed","Symmetric",NA,1,TRUE,7.50900000002002
"760","Z=~z3",0.823,0.024,0.8,"Mplus",12024,8307776,1000,"continuous","uniform","skewed","Symmetric",NA,1,TRUE,7.50900000002002
"761","Y=~y1",0.38,0.029,0.4,"Mplus",12024,8307776,1000,"continuous","uniform","skewed","Symmetric",NA,1,TRUE,7.50900000002002
"762","Y=~y2",0.698,0.022,0.7,"Mplus",12024,8307776,1000,"continuous","uniform","skewed","Symmetric",NA,1,TRUE,7.50900000002002
"763","Y=~y3",0.897,0.019,0.9,"Mplus",12024,8307776,1000,"continuous","uniform","skewed","Symmetric",NA,1,TRUE,7.50900000002002
"764","Y~X",0.49,0.031,0.4,"Mplus",12024,8307776,1000,"continuous","uniform","skewed","Symmetric",NA,1,TRUE,7.50900000002002
"765","Y~Z",0.424,0.037,0.5,"Mplus",12024,8307776,1000,"continuous","uniform","skewed","Symmetric",NA,1,TRUE,7.50900000002002
"766","Y~X:Z",0.322,0.035,0.3,"Mplus",12024,8307776,1000,"continuous","uniform","skewed","Symmetric",NA,1,TRUE,7.50900000002002
"767","X~~Z",0.134,0.039,0.2,"Mplus",12024,8307776,1000,"continuous","uniform","skewed","Symmetric",NA,1,TRUE,7.50900000002002
"768","X=~x1",0.458832065437664,0.0278745056942275,0.4,"LSAM",12024,8307776,1000,"continuous","uniform","skewed","Symmetric",NA,1,TRUE,0.430999999982305
"769","X=~x2",0.834992253596875,0.039822518345121,0.8,"LSAM",12024,8307776,1000,"continuous","uniform","skewed","Symmetric",NA,1,TRUE,0.430999999982305
"770","X=~x3",0.77807686399951,0.040793636550309,0.8,"LSAM",12024,8307776,1000,"continuous","uniform","skewed","Symmetric",NA,1,TRUE,0.430999999982305
"771","Z=~z1",0.587512726267428,0.0193124619226469,0.6,"LSAM",12024,8307776,1000,"continuous","uniform","skewed","Symmetric",NA,1,TRUE,0.430999999982305
"772","Z=~z2",0.570521347049206,0.036685687186607,0.6,"LSAM",12024,8307776,1000,"continuous","uniform","skewed","Symmetric",NA,1,TRUE,0.430999999982305
"773","Z=~z3",0.829717434393226,0.0425493406099474,0.8,"LSAM",12024,8307776,1000,"continuous","uniform","skewed","Symmetric",NA,1,TRUE,0.430999999982305
"774","Y=~y1",0.372429401573202,0.013934787808765,0.4,"LSAM",12024,8307776,1000,"continuous","uniform","skewed","Symmetric",NA,1,TRUE,0.430999999982305
"775","Y=~y2",0.670316222314092,0.0418372402633278,0.7,"LSAM",12024,8307776,1000,"continuous","uniform","skewed","Symmetric",NA,1,TRUE,0.430999999982305
"776","Y=~y3",0.929680243767335,0.0496225037922529,0.9,"LSAM",12024,8307776,1000,"continuous","uniform","skewed","Symmetric",NA,1,TRUE,0.430999999982305
"777","Y~X",0.482062041766994,0.0349640127306353,0.4,"LSAM",12024,8307776,1000,"continuous","uniform","skewed","Symmetric",NA,1,TRUE,0.430999999982305
"778","Y~Z",0.398759116005855,0.0464365134831268,0.5,"LSAM",12024,8307776,1000,"continuous","uniform","skewed","Symmetric",NA,1,TRUE,0.430999999982305
"779","Y~X:Z",0.3231072163341,0.0448766301024978,0.3,"LSAM",12024,8307776,1000,"continuous","uniform","skewed","Symmetric",NA,1,TRUE,0.430999999982305
"780","X~~Z",0.128799609998863,0.0392804094894389,0.2,"LSAM",12024,8307776,1000,"continuous","uniform","skewed","Symmetric",NA,1,TRUE,0.430999999982305
"781","X=~x1",0.163453065796889,0.12047839020913,0.4,"MC-PLSc",12025,8160387,300,"ordinal","normal","normal","Symmetric","2",1,TRUE,10.5929999999935
"782","X=~x2",0.98148741094448,0.102495521287413,0.8,"MC-PLSc",12025,8160387,300,"ordinal","normal","normal","Symmetric","2",1,TRUE,10.5929999999935
"783","X=~x3",0.715813944954927,0.0842243185566933,0.8,"MC-PLSc",12025,8160387,300,"ordinal","normal","normal","Symmetric","2",1,TRUE,10.5929999999935
"784","Z=~z1",0.581068907634057,0.102301472190866,0.6,"MC-PLSc",12025,8160387,300,"ordinal","normal","normal","Symmetric","2",1,TRUE,10.5929999999935
"785","Z=~z2",0.463892908824166,0.103359499806363,0.6,"MC-PLSc",12025,8160387,300,"ordinal","normal","normal","Symmetric","2",1,TRUE,10.5929999999935
"786","Z=~z3",0.844269925623576,0.099631759412053,0.8,"MC-PLSc",12025,8160387,300,"ordinal","normal","normal","Symmetric","2",1,TRUE,10.5929999999935
"787","Y=~y1",0.348346362500849,0.104193600988928,0.4,"MC-PLSc",12025,8160387,300,"ordinal","normal","normal","Symmetric","2",1,TRUE,10.5929999999935
"788","Y=~y2",0.64375644217669,0.0713275084009705,0.7,"MC-PLSc",12025,8160387,300,"ordinal","normal","normal","Symmetric","2",1,TRUE,10.5929999999935
"789","Y=~y3",0.998693015276448,0.0729453325162226,0.9,"MC-PLSc",12025,8160387,300,"ordinal","normal","normal","Symmetric","2",1,TRUE,10.5929999999935
"790","Y~X",0.433216322483036,0.0874305266215326,0.4,"MC-PLSc",12025,8160387,300,"ordinal","normal","normal","Symmetric","2",1,TRUE,10.5929999999935
"791","Y~Z",0.518755404803744,0.0965583482732008,0.5,"MC-PLSc",12025,8160387,300,"ordinal","normal","normal","Symmetric","2",1,TRUE,10.5929999999935
"792","Y~X:Z",0.116913765254118,0.171303655416321,0.3,"MC-PLSc",12025,8160387,300,"ordinal","normal","normal","Symmetric","2",1,TRUE,10.5929999999935
"793","X~~Z",0.118471778837412,0.100455835450761,0.2,"MC-PLSc",12025,8160387,300,"ordinal","normal","normal","Symmetric","2",1,TRUE,10.5929999999935
"794","X=~x1",0.0557103424392904,0.144736033320647,0.4,"PLSc",12025,8160387,300,"ordinal","normal","normal","Symmetric","2",1,TRUE,1.26699999999255
"795","X=~x2",0.835429921334724,0.114536358687178,0.8,"PLSc",12025,8160387,300,"ordinal","normal","normal","Symmetric","2",1,TRUE,1.26699999999255
"796","X=~x3",0.594703707335359,0.0995358384396274,0.8,"PLSc",12025,8160387,300,"ordinal","normal","normal","Symmetric","2",1,TRUE,1.26699999999255
"797","Z=~z1",0.495774358863837,0.097182920211629,0.6,"PLSc",12025,8160387,300,"ordinal","normal","normal","Symmetric","2",1,TRUE,1.26699999999255
"798","Z=~z2",0.371148462567582,0.10722336210576,0.6,"PLSc",12025,8160387,300,"ordinal","normal","normal","Symmetric","2",1,TRUE,1.26699999999255
"799","Z=~z3",0.656841381029883,0.0894857268612039,0.8,"PLSc",12025,8160387,300,"ordinal","normal","normal","Symmetric","2",1,TRUE,1.26699999999255
"800","Y=~y1",0.265750945548359,0.100668640397065,0.4,"PLSc",12025,8160387,300,"ordinal","normal","normal","Symmetric","2",1,TRUE,1.26699999999255
"801","Y=~y2",0.512997954796352,0.0738711786563995,0.7,"PLSc",12025,8160387,300,"ordinal","normal","normal","Symmetric","2",1,TRUE,1.26699999999255
"802","Y=~y3",0.874726587221917,0.0798014492430333,0.9,"PLSc",12025,8160387,300,"ordinal","normal","normal","Symmetric","2",1,TRUE,1.26699999999255
"803","Y~X",0.399098977105899,0.115567937772893,0.4,"PLSc",12025,8160387,300,"ordinal","normal","normal","Symmetric","2",1,TRUE,1.26699999999255
"804","Y~Z",0.505507477536034,0.140225248076739,0.5,"PLSc",12025,8160387,300,"ordinal","normal","normal","Symmetric","2",1,TRUE,1.26699999999255
"805","Y~X:Z",0.109093903052961,0.17937624887062,0.3,"PLSc",12025,8160387,300,"ordinal","normal","normal","Symmetric","2",1,TRUE,1.26699999999255
"806","X~~Z",0.110984858504453,0.094625635262446,0.2,"PLSc",12025,8160387,300,"ordinal","normal","normal","Symmetric","2",1,TRUE,1.26699999999255
"807","X=~x1",0.211653482794074,0.150837690924565,0.4,"PLS",12025,8160387,300,"ordinal","normal","normal","Symmetric","2",1,TRUE,0.882999999972526
"808","X=~x2",0.905173773881936,0.0328714827937193,0.8,"PLS",12025,8160387,300,"ordinal","normal","normal","Symmetric","2",1,TRUE,0.882999999972526
"809","X=~x3",0.805391335596072,0.0531844145698417,0.8,"PLS",12025,8160387,300,"ordinal","normal","normal","Symmetric","2",1,TRUE,0.882999999972526
"810","Z=~z1",0.681196660493821,0.086345962629765,0.6,"PLS",12025,8160387,300,"ordinal","normal","normal","Symmetric","2",1,TRUE,0.882999999972526
"811","Z=~z2",0.563957779330447,0.102599607295513,0.6,"PLS",12025,8160387,300,"ordinal","normal","normal","Symmetric","2",1,TRUE,0.882999999972526
"812","Z=~z3",0.844385251502199,0.039215674518022,0.8,"PLS",12025,8160387,300,"ordinal","normal","normal","Symmetric","2",1,TRUE,0.882999999972526
"813","Y=~y1",0.430225042436361,0.100173589292824,0.4,"PLS",12025,8160387,300,"ordinal","normal","normal","Symmetric","2",1,TRUE,0.882999999972526
"814","Y=~y2",0.741830363273694,0.0509950231882118,0.7,"PLS",12025,8160387,300,"ordinal","normal","normal","Symmetric","2",1,TRUE,0.882999999972526
"815","Y=~y3",0.901342390750209,0.0236526841927483,0.9,"PLS",12025,8160387,300,"ordinal","normal","normal","Symmetric","2",1,TRUE,0.882999999972526
"816","Y~X",0.303785227877118,0.0484087478465109,0.4,"PLS",12025,8160387,300,"ordinal","normal","normal","Symmetric","2",1,TRUE,0.882999999972526
"817","Y~Z",0.32521492461903,0.0535912432825973,0.5,"PLS",12025,8160387,300,"ordinal","normal","normal","Symmetric","2",1,TRUE,0.882999999972526
"818","Y~X:Z",0.047509595200507,0.0554626312854822,0.3,"PLS",12025,8160387,300,"ordinal","normal","normal","Symmetric","2",1,TRUE,0.882999999972526
"819","X~~Z",0.069445893151858,0.0583769664488129,0.2,"PLS",12025,8160387,300,"ordinal","normal","normal","Symmetric","2",1,TRUE,0.882999999972526
"820","X=~x1",0.191,0.048,0.4,"Mplus",12025,8160387,300,"ordinal","normal","normal","Symmetric","2",1,TRUE,120.408999999985
"821","X=~x2",0.982,0.009,0.8,"Mplus",12025,8160387,300,"ordinal","normal","normal","Symmetric","2",1,TRUE,120.408999999985
"822","X=~x3",0.666,0.062,0.8,"Mplus",12025,8160387,300,"ordinal","normal","normal","Symmetric","2",1,TRUE,120.408999999985
"823","Z=~z1",0.513,0.091,0.6,"Mplus",12025,8160387,300,"ordinal","normal","normal","Symmetric","2",1,TRUE,120.408999999985
"824","Z=~z2",0.432,0.08,0.6,"Mplus",12025,8160387,300,"ordinal","normal","normal","Symmetric","2",1,TRUE,120.408999999985
"825","Z=~z3",0.898,0.118,0.8,"Mplus",12025,8160387,300,"ordinal","normal","normal","Symmetric","2",1,TRUE,120.408999999985
"826","Y=~y1",0.316,0.074,0.4,"Mplus",12025,8160387,300,"ordinal","normal","normal","Symmetric","2",1,TRUE,120.408999999985
"827","Y=~y2",0.618,0.065,0.7,"Mplus",12025,8160387,300,"ordinal","normal","normal","Symmetric","2",1,TRUE,120.408999999985
"828","Y=~y3",0.99,0.021,0.9,"Mplus",12025,8160387,300,"ordinal","normal","normal","Symmetric","2",1,TRUE,120.408999999985
"829","Y~X",0.43,0.077,0.4,"Mplus",12025,8160387,300,"ordinal","normal","normal","Symmetric","2",1,TRUE,120.408999999985
"830","Y~Z",0.512,0.096,0.5,"Mplus",12025,8160387,300,"ordinal","normal","normal","Symmetric","2",1,TRUE,120.408999999985
"831","Y~X:Z",0.122,0.135,0.3,"Mplus",12025,8160387,300,"ordinal","normal","normal","Symmetric","2",1,TRUE,120.408999999985
"832","X~~Z",0.104,0.092,0.2,"Mplus",12025,8160387,300,"ordinal","normal","normal","Symmetric","2",1,TRUE,120.408999999985
"833","X=~x1",0.302741475228973,0.0631360558511457,0.4,"LSAM",12025,8160387,300,"ordinal","normal","normal","Symmetric","2",1,TRUE,0.504000000015367
"834","X=~x2",0.664314674652857,0.150130941148476,0.8,"LSAM",12025,8160387,300,"ordinal","normal","normal","Symmetric","2",1,TRUE,0.504000000015367
"835","X=~x3",0.702799643391005,0.155360140888938,0.8,"LSAM",12025,8160387,300,"ordinal","normal","normal","Symmetric","2",1,TRUE,0.504000000015367
"836","Z=~z1",0.342330082632082,0.0204794366184544,0.6,"LSAM",12025,8160387,300,"ordinal","normal","normal","Symmetric","2",1,TRUE,0.504000000015367
"837","Z=~z2",0.313774612801108,0.0725640888001155,0.6,"LSAM",12025,8160387,300,"ordinal","normal","normal","Symmetric","2",1,TRUE,0.504000000015367
"838","Z=~z3",0.955299555041913,0.251949497960592,0.8,"LSAM",12025,8160387,300,"ordinal","normal","normal","Symmetric","2",1,TRUE,0.504000000015367
"839","Y=~y1",0.31524100475756,0.017996503990997,0.4,"LSAM",12025,8160387,300,"ordinal","normal","normal","Symmetric","2",1,TRUE,0.504000000015367
"840","Y=~y2",0.648689468697548,0.129862242714267,0.7,"LSAM",12025,8160387,300,"ordinal","normal","normal","Symmetric","2",1,TRUE,0.504000000015367
"841","Y=~y3",0.678118945525239,0.136638159572753,0.9,"LSAM",12025,8160387,300,"ordinal","normal","normal","Symmetric","2",1,TRUE,0.504000000015367
"842","Y~X",0.438941169000827,0.086731043649012,0.4,"LSAM",12025,8160387,300,"ordinal","normal","normal","Symmetric","2",1,TRUE,0.504000000015367
"843","Y~Z",0.378646801196072,0.215279563287733,0.5,"LSAM",12025,8160387,300,"ordinal","normal","normal","Symmetric","2",1,TRUE,0.504000000015367
"844","Y~X:Z",0.108431379972326,0.0873183519143182,0.3,"LSAM",12025,8160387,300,"ordinal","normal","normal","Symmetric","2",1,TRUE,0.504000000015367
"845","X~~Z",0.06809923586726,0.0752041530886957,0.2,"LSAM",12025,8160387,300,"ordinal","normal","normal","Symmetric","2",1,TRUE,0.504000000015367
"846","X=~x1",0.319646099060558,0.0563669862084129,0.4,"MC-PLSc",12026,6060416,1000,"ordinal","normal","normal","Symmetric","2",1,TRUE,14.1939999999595
"847","X=~x2",0.797583938278664,0.0517445462721976,0.8,"MC-PLSc",12026,6060416,1000,"ordinal","normal","normal","Symmetric","2",1,TRUE,14.1939999999595
"848","X=~x3",0.810275628514277,0.0476977465512193,0.8,"MC-PLSc",12026,6060416,1000,"ordinal","normal","normal","Symmetric","2",1,TRUE,14.1939999999595
"849","Z=~z1",0.602197537682743,0.0455261149039097,0.6,"MC-PLSc",12026,6060416,1000,"ordinal","normal","normal","Symmetric","2",1,TRUE,14.1939999999595
"850","Z=~z2",0.598336478756745,0.0488581340399327,0.6,"MC-PLSc",12026,6060416,1000,"ordinal","normal","normal","Symmetric","2",1,TRUE,14.1939999999595
"851","Z=~z3",0.819256337671145,0.0424432017153581,0.8,"MC-PLSc",12026,6060416,1000,"ordinal","normal","normal","Symmetric","2",1,TRUE,14.1939999999595
"852","Y=~y1",0.392690876846133,0.0524370956228796,0.4,"MC-PLSc",12026,6060416,1000,"ordinal","normal","normal","Symmetric","2",1,TRUE,14.1939999999595
"853","Y=~y2",0.710908536158201,0.0440748835930761,0.7,"MC-PLSc",12026,6060416,1000,"ordinal","normal","normal","Symmetric","2",1,TRUE,14.1939999999595
"854","Y=~y3",0.873554842567609,0.0353212808586727,0.9,"MC-PLSc",12026,6060416,1000,"ordinal","normal","normal","Symmetric","2",1,TRUE,14.1939999999595
"855","Y~X",0.395208385185193,0.0487140525422643,0.4,"MC-PLSc",12026,6060416,1000,"ordinal","normal","normal","Symmetric","2",1,TRUE,14.1939999999595
"856","Y~Z",0.522563220134063,0.0512813680809187,0.5,"MC-PLSc",12026,6060416,1000,"ordinal","normal","normal","Symmetric","2",1,TRUE,14.1939999999595
"857","Y~X:Z",0.401558908227039,0.0700169999859044,0.3,"MC-PLSc",12026,6060416,1000,"ordinal","normal","normal","Symmetric","2",1,TRUE,14.1939999999595
"858","X~~Z",0.267833306268738,0.0528098481554089,0.2,"MC-PLSc",12026,6060416,1000,"ordinal","normal","normal","Symmetric","2",1,TRUE,14.1939999999595
"859","X=~x1",0.238502665562395,0.0694674785228683,0.4,"PLSc",12026,6060416,1000,"ordinal","normal","normal","Symmetric","2",1,TRUE,1.36099999997532
"860","X=~x2",0.669174661454352,0.0485133040177869,0.8,"PLSc",12026,6060416,1000,"ordinal","normal","normal","Symmetric","2",1,TRUE,1.36099999997532
"861","X=~x3",0.673674262246784,0.0474749290799832,0.8,"PLSc",12026,6060416,1000,"ordinal","normal","normal","Symmetric","2",1,TRUE,1.36099999997532
"862","Z=~z1",0.480313483585389,0.049815371384619,0.6,"PLSc",12026,6060416,1000,"ordinal","normal","normal","Symmetric","2",1,TRUE,1.36099999997532
"863","Z=~z2",0.474601756748933,0.0506927482923984,0.6,"PLSc",12026,6060416,1000,"ordinal","normal","normal","Symmetric","2",1,TRUE,1.36099999997532
"864","Z=~z3",0.688782727965096,0.0494953437672465,0.8,"PLSc",12026,6060416,1000,"ordinal","normal","normal","Symmetric","2",1,TRUE,1.36099999997532
"865","Y=~y1",0.321227666808342,0.0447036305576296,0.4,"PLSc",12026,6060416,1000,"ordinal","normal","normal","Symmetric","2",1,TRUE,1.36099999997532
"866","Y=~y2",0.543976908180158,0.0383252219940386,0.7,"PLSc",12026,6060416,1000,"ordinal","normal","normal","Symmetric","2",1,TRUE,1.36099999997532
"867","Y=~y3",0.700085837576005,0.0401932202744179,0.9,"PLSc",12026,6060416,1000,"ordinal","normal","normal","Symmetric","2",1,TRUE,1.36099999997532
"868","Y~X",0.38271640961914,0.0494146940991542,0.4,"PLSc",12026,6060416,1000,"ordinal","normal","normal","Symmetric","2",1,TRUE,1.36099999997532
"869","Y~Z",0.519441316510043,0.0570695150331575,0.5,"PLSc",12026,6060416,1000,"ordinal","normal","normal","Symmetric","2",1,TRUE,1.36099999997532
"870","Y~X:Z",0.313395662917301,0.075176734773478,0.3,"PLSc",12026,6060416,1000,"ordinal","normal","normal","Symmetric","2",1,TRUE,1.36099999997532
"871","X~~Z",0.253485182426345,0.0493897776898966,0.2,"PLSc",12026,6060416,1000,"ordinal","normal","normal","Symmetric","2",1,TRUE,1.36099999997532
"872","X=~x1",0.393183826560145,0.0660798140075428,0.4,"PLS",12026,6060416,1000,"ordinal","normal","normal","Symmetric","2",1,TRUE,0.939000000013039
"873","X=~x2",0.829766535114463,0.0234099384791923,0.8,"PLS",12026,6060416,1000,"ordinal","normal","normal","Symmetric","2",1,TRUE,0.939000000013039
"874","X=~x3",0.83480658626146,0.0221688143999756,0.8,"PLS",12026,6060416,1000,"ordinal","normal","normal","Symmetric","2",1,TRUE,0.939000000013039
"875","Z=~z1",0.677111720184298,0.0369240325848409,0.6,"PLS",12026,6060416,1000,"ordinal","normal","normal","Symmetric","2",1,TRUE,0.939000000013039
"876","Z=~z2",0.674041753089461,0.0378823350463328,0.6,"PLS",12026,6060416,1000,"ordinal","normal","normal","Symmetric","2",1,TRUE,0.939000000013039
"877","Z=~z3",0.821795062046767,0.0233635419518658,0.8,"PLS",12026,6060416,1000,"ordinal","normal","normal","Symmetric","2",1,TRUE,0.939000000013039
"878","Y=~y1",0.468766565378138,0.047768420912293,0.4,"PLS",12026,6060416,1000,"ordinal","normal","normal","Symmetric","2",1,TRUE,0.939000000013039
"879","Y=~y2",0.761885334748333,0.0240302927444435,0.7,"PLS",12026,6060416,1000,"ordinal","normal","normal","Symmetric","2",1,TRUE,0.939000000013039
"880","Y=~y3",0.847327607926385,0.017149762686185,0.9,"PLS",12026,6060416,1000,"ordinal","normal","normal","Symmetric","2",1,TRUE,0.939000000013039
"881","Y~X",0.267527646761416,0.0251367389819186,0.4,"PLS",12026,6060416,1000,"ordinal","normal","normal","Symmetric","2",1,TRUE,0.939000000013039
"882","Y~Z",0.32562354854537,0.028750912358425,0.5,"PLS",12026,6060416,1000,"ordinal","normal","normal","Symmetric","2",1,TRUE,0.939000000013039
"883","Y~X:Z",0.141144801933841,0.0278748218214583,0.3,"PLS",12026,6060416,1000,"ordinal","normal","normal","Symmetric","2",1,TRUE,0.939000000013039
"884","X~~Z",0.154066486355902,0.0296361287051646,0.2,"PLS",12026,6060416,1000,"ordinal","normal","normal","Symmetric","2",1,TRUE,0.939000000013039
"885","X=~x1",0.304,0.043,0.4,"Mplus",12026,6060416,1000,"ordinal","normal","normal","Symmetric","2",1,TRUE,187.157999999996
"886","X=~x2",0.76,0.046,0.8,"Mplus",12026,6060416,1000,"ordinal","normal","normal","Symmetric","2",1,TRUE,187.157999999996
"887","X=~x3",0.795,0.046,0.8,"Mplus",12026,6060416,1000,"ordinal","normal","normal","Symmetric","2",1,TRUE,187.157999999996
"888","Z=~z1",0.572,0.044,0.6,"Mplus",12026,6060416,1000,"ordinal","normal","normal","Symmetric","2",1,TRUE,187.157999999996
"889","Z=~z2",0.568,0.044,0.6,"Mplus",12026,6060416,1000,"ordinal","normal","normal","Symmetric","2",1,TRUE,187.157999999996
"890","Z=~z3",0.807,0.043,0.8,"Mplus",12026,6060416,1000,"ordinal","normal","normal","Symmetric","2",1,TRUE,187.157999999996
"891","Y=~y1",0.337,0.045,0.4,"Mplus",12026,6060416,1000,"ordinal","normal","normal","Symmetric","2",1,TRUE,187.157999999996
"892","Y=~y2",0.686,0.042,0.7,"Mplus",12026,6060416,1000,"ordinal","normal","normal","Symmetric","2",1,TRUE,187.157999999996
"893","Y=~y3",0.885,0.038,0.9,"Mplus",12026,6060416,1000,"ordinal","normal","normal","Symmetric","2",1,TRUE,187.157999999996
"894","Y~X",0.402,0.047,0.4,"Mplus",12026,6060416,1000,"ordinal","normal","normal","Symmetric","2",1,TRUE,187.157999999996
"895","Y~Z",0.51,0.048,0.5,"Mplus",12026,6060416,1000,"ordinal","normal","normal","Symmetric","2",1,TRUE,187.157999999996
"896","Y~X:Z",0.422,0.057,0.3,"Mplus",12026,6060416,1000,"ordinal","normal","normal","Symmetric","2",1,TRUE,187.157999999996
"897","X~~Z",0.268,0.053,0.2,"Mplus",12026,6060416,1000,"ordinal","normal","normal","Symmetric","2",1,TRUE,187.157999999996
"898","X=~x1",0.309792076491719,0.0363421030184783,0.4,"LSAM",12026,6060416,1000,"ordinal","normal","normal","Symmetric","2",1,TRUE,0.490999999979977
"899","X=~x2",0.634686916611033,0.085455553309026,0.8,"LSAM",12026,6060416,1000,"ordinal","normal","normal","Symmetric","2",1,TRUE,0.490999999979977
"900","X=~x3",0.679925615203985,0.0896208216682535,0.8,"LSAM",12026,6060416,1000,"ordinal","normal","normal","Symmetric","2",1,TRUE,0.490999999979977
"901","Z=~z1",0.499988699369722,0.10187802770827,0.6,"LSAM",12026,6060416,1000,"ordinal","normal","normal","Symmetric","2",1,TRUE,0.490999999979977
"902","Z=~z2",0.501261081563577,0.113361741398936,0.6,"LSAM",12026,6060416,1000,"ordinal","normal","normal","Symmetric","2",1,TRUE,0.490999999979977
"903","Z=~z3",0.641243967443632,0.120774057615495,0.8,"LSAM",12026,6060416,1000,"ordinal","normal","normal","Symmetric","2",1,TRUE,0.490999999979977
"904","Y=~y1",0.311117674571505,0.0102923660782195,0.4,"LSAM",12026,6060416,1000,"ordinal","normal","normal","Symmetric","2",1,TRUE,0.490999999979977
"905","Y=~y2",0.603542016229021,0.0728195017422266,0.7,"LSAM",12026,6060416,1000,"ordinal","normal","normal","Symmetric","2",1,TRUE,0.490999999979977
"906","Y=~y3",0.663508676964807,0.0816690871856209,0.9,"LSAM",12026,6060416,1000,"ordinal","normal","normal","Symmetric","2",1,TRUE,0.490999999979977
"907","Y~X",0.379116637510137,0.120355608952025,0.4,"LSAM",12026,6060416,1000,"ordinal","normal","normal","Symmetric","2",1,TRUE,0.490999999979977
"908","Y~Z",0.524699109883756,0.208184051037495,0.5,"LSAM",12026,6060416,1000,"ordinal","normal","normal","Symmetric","2",1,TRUE,0.490999999979977
"909","Y~X:Z",0.323169928938154,0.115146876357813,0.3,"LSAM",12026,6060416,1000,"ordinal","normal","normal","Symmetric","2",1,TRUE,0.490999999979977
"910","X~~Z",0.257479168060152,0.0896254268933752,0.2,"LSAM",12026,6060416,1000,"ordinal","normal","normal","Symmetric","2",1,TRUE,0.490999999979977
"911","X=~x1",0.302517547681796,0.0867257489818096,0.4,"MC-PLSc",12027,8983080,300,"ordinal","normal","normal","Symmetric","3",1,TRUE,12.6929999999702
"912","X=~x2",0.77173455197599,0.0924341644513106,0.8,"MC-PLSc",12027,8983080,300,"ordinal","normal","normal","Symmetric","3",1,TRUE,12.6929999999702
"913","X=~x3",0.787185693310462,0.0894893570443562,0.8,"MC-PLSc",12027,8983080,300,"ordinal","normal","normal","Symmetric","3",1,TRUE,12.6929999999702
"914","Z=~z1",0.726571202536834,0.0586791583332375,0.6,"MC-PLSc",12027,8983080,300,"ordinal","normal","normal","Symmetric","3",1,TRUE,12.6929999999702
"915","Z=~z2",0.574797119457413,0.08126648120924,0.6,"MC-PLSc",12027,8983080,300,"ordinal","normal","normal","Symmetric","3",1,TRUE,12.6929999999702
"916","Z=~z3",0.7426392008997,0.0710578966763404,0.8,"MC-PLSc",12027,8983080,300,"ordinal","normal","normal","Symmetric","3",1,TRUE,12.6929999999702
"917","Y=~y1",0.440202830704222,0.0682832227937817,0.4,"MC-PLSc",12027,8983080,300,"ordinal","normal","normal","Symmetric","3",1,TRUE,12.6929999999702
"918","Y=~y2",0.70021172849252,0.0588033918850318,0.7,"MC-PLSc",12027,8983080,300,"ordinal","normal","normal","Symmetric","3",1,TRUE,12.6929999999702
"919","Y=~y3",0.910427929854387,0.0526431337324519,0.9,"MC-PLSc",12027,8983080,300,"ordinal","normal","normal","Symmetric","3",1,TRUE,12.6929999999702
"920","Y~X",0.440485805803703,0.0727714417450079,0.4,"MC-PLSc",12027,8983080,300,"ordinal","normal","normal","Symmetric","3",1,TRUE,12.6929999999702
"921","Y~Z",0.465808146839072,0.07933263154847,0.5,"MC-PLSc",12027,8983080,300,"ordinal","normal","normal","Symmetric","3",1,TRUE,12.6929999999702
"922","Y~X:Z",0.340834859837013,0.0774799223348842,0.3,"MC-PLSc",12027,8983080,300,"ordinal","normal","normal","Symmetric","3",1,TRUE,12.6929999999702
"923","X~~Z",0.288753963588574,0.0869429673224217,0.2,"MC-PLSc",12027,8983080,300,"ordinal","normal","normal","Symmetric","3",1,TRUE,12.6929999999702
"924","X=~x1",0.20351377760878,0.115791698234956,0.4,"PLSc",12027,8983080,300,"ordinal","normal","normal","Symmetric","3",1,TRUE,1.28200000000652
"925","X=~x2",0.711187558817784,0.0777648751390513,0.8,"PLSc",12027,8983080,300,"ordinal","normal","normal","Symmetric","3",1,TRUE,1.28200000000652
"926","X=~x3",0.700449317792148,0.0772231311564653,0.8,"PLSc",12027,8983080,300,"ordinal","normal","normal","Symmetric","3",1,TRUE,1.28200000000652
"927","Z=~z1",0.650799708094034,0.0718008085567946,0.6,"PLSc",12027,8983080,300,"ordinal","normal","normal","Symmetric","3",1,TRUE,1.28200000000652
"928","Z=~z2",0.502702981032447,0.0874342976981317,0.6,"PLSc",12027,8983080,300,"ordinal","normal","normal","Symmetric","3",1,TRUE,1.28200000000652
"929","Z=~z3",0.662997594691367,0.0737158106903008,0.8,"PLSc",12027,8983080,300,"ordinal","normal","normal","Symmetric","3",1,TRUE,1.28200000000652
"930","Y=~y1",0.386057386823347,0.0738934052401059,0.4,"PLSc",12027,8983080,300,"ordinal","normal","normal","Symmetric","3",1,TRUE,1.28200000000652
"931","Y=~y2",0.619433585560204,0.0567516511956928,0.7,"PLSc",12027,8983080,300,"ordinal","normal","normal","Symmetric","3",1,TRUE,1.28200000000652
"932","Y=~y3",0.778626248710433,0.0587884303071001,0.9,"PLSc",12027,8983080,300,"ordinal","normal","normal","Symmetric","3",1,TRUE,1.28200000000652
"933","Y~X",0.452213761409132,0.0971648346587616,0.4,"PLSc",12027,8983080,300,"ordinal","normal","normal","Symmetric","3",1,TRUE,1.28200000000652
"934","Y~Z",0.45502298345319,0.0975876934431438,0.5,"PLSc",12027,8983080,300,"ordinal","normal","normal","Symmetric","3",1,TRUE,1.28200000000652
"935","Y~X:Z",0.300631529150423,0.131678929588541,0.3,"PLSc",12027,8983080,300,"ordinal","normal","normal","Symmetric","3",1,TRUE,1.28200000000652
"936","X~~Z",0.286572481678659,0.087122784960118,0.2,"PLSc",12027,8983080,300,"ordinal","normal","normal","Symmetric","3",1,TRUE,1.28200000000652
"937","X=~x1",0.409531765933749,0.102402950240838,0.4,"PLS",12027,8983080,300,"ordinal","normal","normal","Symmetric","3",1,TRUE,0.872000000032131
"938","X=~x2",0.840193519094558,0.0367839810116292,0.8,"PLS",12027,8983080,300,"ordinal","normal","normal","Symmetric","3",1,TRUE,0.872000000032131
"939","X=~x3",0.843184033376358,0.0349149881180499,0.8,"PLS",12027,8983080,300,"ordinal","normal","normal","Symmetric","3",1,TRUE,0.872000000032131
"940","Z=~z1",0.79157692114692,0.035863337690303,0.6,"PLS",12027,8983080,300,"ordinal","normal","normal","Symmetric","3",1,TRUE,0.872000000032131
"941","Z=~z2",0.682504305965656,0.0605769797224891,0.6,"PLS",12027,8983080,300,"ordinal","normal","normal","Symmetric","3",1,TRUE,0.872000000032131
"942","Z=~z3",0.797847346510214,0.0369181389559039,0.8,"PLS",12027,8983080,300,"ordinal","normal","normal","Symmetric","3",1,TRUE,0.872000000032131
"943","Y=~y1",0.557047387424151,0.0662033747432243,0.4,"PLS",12027,8983080,300,"ordinal","normal","normal","Symmetric","3",1,TRUE,0.872000000032131
"944","Y=~y2",0.785578493055936,0.0318040844196044,0.7,"PLS",12027,8983080,300,"ordinal","normal","normal","Symmetric","3",1,TRUE,0.872000000032131
"945","Y=~y3",0.868830071713788,0.020893814338937,0.9,"PLS",12027,8983080,300,"ordinal","normal","normal","Symmetric","3",1,TRUE,0.872000000032131
"946","Y~X",0.319925644085544,0.0448894879252283,0.4,"PLS",12027,8983080,300,"ordinal","normal","normal","Symmetric","3",1,TRUE,0.872000000032131
"947","Y~Z",0.331849395380092,0.0498641975614446,0.5,"PLS",12027,8983080,300,"ordinal","normal","normal","Symmetric","3",1,TRUE,0.872000000032131
"948","Y~X:Z",0.171032360145263,0.0423621132245025,0.3,"PLS",12027,8983080,300,"ordinal","normal","normal","Symmetric","3",1,TRUE,0.872000000032131
"949","X~~Z",0.188146414065472,0.0586068117985154,0.2,"PLS",12027,8983080,300,"ordinal","normal","normal","Symmetric","3",1,TRUE,0.872000000032131
"950","X=~x1",0.331,0.068,0.4,"Mplus",12027,8983080,300,"ordinal","normal","normal","Symmetric","3",1,TRUE,171.712
"951","X=~x2",0.715,0.064,0.8,"Mplus",12027,8983080,300,"ordinal","normal","normal","Symmetric","3",1,TRUE,171.712
"952","X=~x3",0.783,0.066,0.8,"Mplus",12027,8983080,300,"ordinal","normal","normal","Symmetric","3",1,TRUE,171.712
"953","Z=~z1",0.684,0.061,0.6,"Mplus",12027,8983080,300,"ordinal","normal","normal","Symmetric","3",1,TRUE,171.712
"954","Z=~z2",0.569,0.067,0.6,"Mplus",12027,8983080,300,"ordinal","normal","normal","Symmetric","3",1,TRUE,171.712
"955","Z=~z3",0.755,0.064,0.8,"Mplus",12027,8983080,300,"ordinal","normal","normal","Symmetric","3",1,TRUE,171.712
"956","Y=~y1",0.414,0.063,0.4,"Mplus",12027,8983080,300,"ordinal","normal","normal","Symmetric","3",1,TRUE,171.712
"957","Y=~y2",0.703,0.058,0.7,"Mplus",12027,8983080,300,"ordinal","normal","normal","Symmetric","3",1,TRUE,171.712
"958","Y=~y3",0.92,0.048,0.9,"Mplus",12027,8983080,300,"ordinal","normal","normal","Symmetric","3",1,TRUE,171.712
"959","Y~X",0.461,0.067,0.4,"Mplus",12027,8983080,300,"ordinal","normal","normal","Symmetric","3",1,TRUE,171.712
"960","Y~Z",0.474,0.073,0.5,"Mplus",12027,8983080,300,"ordinal","normal","normal","Symmetric","3",1,TRUE,171.712
"961","Y~X:Z",0.405,0.081,0.3,"Mplus",12027,8983080,300,"ordinal","normal","normal","Symmetric","3",1,TRUE,171.712
"962","X~~Z",0.285,0.087,0.2,"Mplus",12027,8983080,300,"ordinal","normal","normal","Symmetric","3",1,TRUE,171.712
"963","X=~x1",0.332834506062042,0.070540351812853,0.4,"LSAM",12027,8983080,300,"ordinal","normal","normal","Symmetric","3",1,TRUE,0.438000000023749
"964","X=~x2",0.604116001259365,0.141275173146533,0.8,"LSAM",12027,8983080,300,"ordinal","normal","normal","Symmetric","3",1,TRUE,0.438000000023749
"965","X=~x3",0.747219596468922,0.158482719571914,0.8,"LSAM",12027,8983080,300,"ordinal","normal","normal","Symmetric","3",1,TRUE,0.438000000023749
"966","Z=~z1",0.644684368771726,0.0827859997968566,0.6,"LSAM",12027,8983080,300,"ordinal","normal","normal","Symmetric","3",1,TRUE,0.438000000023749
"967","Z=~z2",0.521791882948613,0.110359937634363,0.6,"LSAM",12027,8983080,300,"ordinal","normal","normal","Symmetric","3",1,TRUE,0.438000000023749
"968","Z=~z3",0.650855732986447,0.118952024371301,0.8,"LSAM",12027,8983080,300,"ordinal","normal","normal","Symmetric","3",1,TRUE,0.438000000023749
"969","Y=~y1",0.38126886483738,0.0244990079755779,0.4,"LSAM",12027,8983080,300,"ordinal","normal","normal","Symmetric","3",1,TRUE,0.438000000023749
"970","Y=~y2",0.593425527283175,0.0901302285067873,0.7,"LSAM",12027,8983080,300,"ordinal","normal","normal","Symmetric","3",1,TRUE,0.438000000023749
"971","Y=~y3",0.813475664954431,0.119791946820905,0.9,"LSAM",12027,8983080,300,"ordinal","normal","normal","Symmetric","3",1,TRUE,0.438000000023749
"972","Y~X",0.435462533464203,0.10312432710363,0.4,"LSAM",12027,8983080,300,"ordinal","normal","normal","Symmetric","3",1,TRUE,0.438000000023749
"973","Y~Z",0.461433259152134,0.172286794125693,0.5,"LSAM",12027,8983080,300,"ordinal","normal","normal","Symmetric","3",1,TRUE,0.438000000023749
"974","Y~X:Z",0.28078867515454,0.118736301380838,0.3,"LSAM",12027,8983080,300,"ordinal","normal","normal","Symmetric","3",1,TRUE,0.438000000023749
"975","X~~Z",0.282903028733802,0.11492222453468,0.2,"LSAM",12027,8983080,300,"ordinal","normal","normal","Symmetric","3",1,TRUE,0.438000000023749
"976","X=~x1",0.392986397693796,0.0424817570773734,0.4,"MC-PLSc",12028,6503654,1000,"ordinal","normal","normal","Symmetric","3",1,TRUE,15.4890000000014
"977","X=~x2",0.861747943264128,0.0473151841397211,0.8,"MC-PLSc",12028,6503654,1000,"ordinal","normal","normal","Symmetric","3",1,TRUE,15.4890000000014
"978","X=~x3",0.752782759105407,0.0409804090223431,0.8,"MC-PLSc",12028,6503654,1000,"ordinal","normal","normal","Symmetric","3",1,TRUE,15.4890000000014
"979","Z=~z1",0.64755118058606,0.0432159147986388,0.6,"MC-PLSc",12028,6503654,1000,"ordinal","normal","normal","Symmetric","3",1,TRUE,15.4890000000014
"980","Z=~z2",0.586532239493886,0.0402603117009152,0.6,"MC-PLSc",12028,6503654,1000,"ordinal","normal","normal","Symmetric","3",1,TRUE,15.4890000000014
"981","Z=~z3",0.74847117011875,0.04595644149937,0.8,"MC-PLSc",12028,6503654,1000,"ordinal","normal","normal","Symmetric","3",1,TRUE,15.4890000000014
"982","Y=~y1",0.432128035886559,0.0433537723410925,0.4,"MC-PLSc",12028,6503654,1000,"ordinal","normal","normal","Symmetric","3",1,TRUE,15.4890000000014
"983","Y=~y2",0.68771129165652,0.0399550266757137,0.7,"MC-PLSc",12028,6503654,1000,"ordinal","normal","normal","Symmetric","3",1,TRUE,15.4890000000014
"984","Y=~y3",0.924547687948207,0.0286633458016969,0.9,"MC-PLSc",12028,6503654,1000,"ordinal","normal","normal","Symmetric","3",1,TRUE,15.4890000000014
"985","Y~X",0.428637163755244,0.0411119971164232,0.4,"MC-PLSc",12028,6503654,1000,"ordinal","normal","normal","Symmetric","3",1,TRUE,15.4890000000014
"986","Y~Z",0.499338144964068,0.0387995296177286,0.5,"MC-PLSc",12028,6503654,1000,"ordinal","normal","normal","Symmetric","3",1,TRUE,15.4890000000014
"987","Y~X:Z",0.343163011379314,0.0539443905062775,0.3,"MC-PLSc",12028,6503654,1000,"ordinal","normal","normal","Symmetric","3",1,TRUE,15.4890000000014
"988","X~~Z",0.151053068229669,0.0453983427913511,0.2,"MC-PLSc",12028,6503654,1000,"ordinal","normal","normal","Symmetric","3",1,TRUE,15.4890000000014
"989","X=~x1",0.315708681790813,0.0636402714926737,0.4,"PLSc",12028,6503654,1000,"ordinal","normal","normal","Symmetric","3",1,TRUE,1.38299999997253
"990","X=~x2",0.778676577031073,0.0415495002948261,0.8,"PLSc",12028,6503654,1000,"ordinal","normal","normal","Symmetric","3",1,TRUE,1.38299999997253
"991","X=~x3",0.67825341619967,0.0418719371700696,0.8,"PLSc",12028,6503654,1000,"ordinal","normal","normal","Symmetric","3",1,TRUE,1.38299999997253
"992","Z=~z1",0.587263869436455,0.0469005811926788,0.6,"PLSc",12028,6503654,1000,"ordinal","normal","normal","Symmetric","3",1,TRUE,1.38299999997253
"993","Z=~z2",0.497110873632601,0.049212821445061,0.6,"PLSc",12028,6503654,1000,"ordinal","normal","normal","Symmetric","3",1,TRUE,1.38299999997253
"994","Z=~z3",0.674284721174885,0.0457215512315545,0.8,"PLSc",12028,6503654,1000,"ordinal","normal","normal","Symmetric","3",1,TRUE,1.38299999997253
"995","Y=~y1",0.367418575371034,0.0484949227808052,0.4,"PLSc",12028,6503654,1000,"ordinal","normal","normal","Symmetric","3",1,TRUE,1.38299999997253
"996","Y=~y2",0.600483569967149,0.0327539243187416,0.7,"PLSc",12028,6503654,1000,"ordinal","normal","normal","Symmetric","3",1,TRUE,1.38299999997253
"997","Y=~y3",0.830503305367494,0.0341835503247807,0.9,"PLSc",12028,6503654,1000,"ordinal","normal","normal","Symmetric","3",1,TRUE,1.38299999997253
"998","Y~X",0.417448823757277,0.0478011713455674,0.4,"PLSc",12028,6503654,1000,"ordinal","normal","normal","Symmetric","3",1,TRUE,1.38299999997253
"999","Y~Z",0.499351378594622,0.0452869716660767,0.5,"PLSc",12028,6503654,1000,"ordinal","normal","normal","Symmetric","3",1,TRUE,1.38299999997253
"1000","Y~X:Z",0.335977118727183,0.066300986192803,0.3,"PLSc",12028,6503654,1000,"ordinal","normal","normal","Symmetric","3",1,TRUE,1.38299999997253
"1001","X~~Z",0.149582416195458,0.0458308521045128,0.2,"PLSc",12028,6503654,1000,"ordinal","normal","normal","Symmetric","3",1,TRUE,1.38299999997253
"1002","X=~x1",0.509121817631091,0.0494886696938321,0.4,"PLS",12028,6503654,1000,"ordinal","normal","normal","Symmetric","3",1,TRUE,0.940999999991618
"1003","X=~x2",0.864668942463128,0.0146042230327978,0.8,"PLS",12028,6503654,1000,"ordinal","normal","normal","Symmetric","3",1,TRUE,0.940999999991618
"1004","X=~x3",0.822024452353219,0.0198174841010735,0.8,"PLS",12028,6503654,1000,"ordinal","normal","normal","Symmetric","3",1,TRUE,0.940999999991618
"1005","Z=~z1",0.74316883857727,0.0281218621489247,0.6,"PLS",12028,6503654,1000,"ordinal","normal","normal","Symmetric","3",1,TRUE,0.940999999991618
"1006","Z=~z2",0.695119624177645,0.0321640817893933,0.6,"PLS",12028,6503654,1000,"ordinal","normal","normal","Symmetric","3",1,TRUE,0.940999999991618
"1007","Z=~z3",0.805204561213418,0.0219154262735306,0.8,"PLS",12028,6503654,1000,"ordinal","normal","normal","Symmetric","3",1,TRUE,0.940999999991618
"1008","Y=~y1",0.54953415987585,0.0406833578544415,0.4,"PLS",12028,6503654,1000,"ordinal","normal","normal","Symmetric","3",1,TRUE,0.940999999991618
"1009","Y=~y2",0.781744338232282,0.0194532315680683,0.7,"PLS",12028,6503654,1000,"ordinal","normal","normal","Symmetric","3",1,TRUE,0.940999999991618
"1010","Y=~y3",0.880086662387426,0.0107787656705816,0.9,"PLS",12028,6503654,1000,"ordinal","normal","normal","Symmetric","3",1,TRUE,0.940999999991618
"1011","Y~X",0.315265556569778,0.0265459396625308,0.4,"PLS",12028,6503654,1000,"ordinal","normal","normal","Symmetric","3",1,TRUE,0.940999999991618
"1012","Y~Z",0.339781843199356,0.025967812532195,0.5,"PLS",12028,6503654,1000,"ordinal","normal","normal","Symmetric","3",1,TRUE,0.940999999991618
"1013","Y~X:Z",0.16663327321954,0.0266559513192569,0.3,"PLS",12028,6503654,1000,"ordinal","normal","normal","Symmetric","3",1,TRUE,0.940999999991618
"1014","X~~Z",0.0990148913586355,0.0304515406489396,0.2,"PLS",12028,6503654,1000,"ordinal","normal","normal","Symmetric","3",1,TRUE,0.940999999991618
"1015","X=~x1",0.409,0.037,0.4,"Mplus",12028,6503654,1000,"ordinal","normal","normal","Symmetric","3",1,TRUE,486.701000000001
"1016","X=~x2",0.839,0.033,0.8,"Mplus",12028,6503654,1000,"ordinal","normal","normal","Symmetric","3",1,TRUE,486.701000000001
"1017","X=~x3",0.737,0.034,0.8,"Mplus",12028,6503654,1000,"ordinal","normal","normal","Symmetric","3",1,TRUE,486.701000000001
"1018","Z=~z1",0.614,0.037,0.6,"Mplus",12028,6503654,1000,"ordinal","normal","normal","Symmetric","3",1,TRUE,486.701000000001
"1019","Z=~z2",0.59,0.037,0.6,"Mplus",12028,6503654,1000,"ordinal","normal","normal","Symmetric","3",1,TRUE,486.701000000001
"1020","Z=~z3",0.74,0.035,0.8,"Mplus",12028,6503654,1000,"ordinal","normal","normal","Symmetric","3",1,TRUE,486.701000000001
"1021","Y=~y1",0.41,0.036,0.4,"Mplus",12028,6503654,1000,"ordinal","normal","normal","Symmetric","3",1,TRUE,486.701000000001
"1022","Y=~y2",0.669,0.032,0.7,"Mplus",12028,6503654,1000,"ordinal","normal","normal","Symmetric","3",1,TRUE,486.701000000001
"1023","Y=~y3",0.928,0.027,0.9,"Mplus",12028,6503654,1000,"ordinal","normal","normal","Symmetric","3",1,TRUE,486.701000000001
"1024","Y~X",0.422,0.04,0.4,"Mplus",12028,6503654,1000,"ordinal","normal","normal","Symmetric","3",1,TRUE,486.701000000001
"1025","Y~Z",0.525,0.037,0.5,"Mplus",12028,6503654,1000,"ordinal","normal","normal","Symmetric","3",1,TRUE,486.701000000001
"1026","Y~X:Z",0.354,0.046,0.3,"Mplus",12028,6503654,1000,"ordinal","normal","normal","Symmetric","3",1,TRUE,486.701000000001
"1027","X~~Z",0.137,0.046,0.2,"Mplus",12028,6503654,1000,"ordinal","normal","normal","Symmetric","3",1,TRUE,486.701000000001
"1028","X=~x1",0.381508412135326,0.034148660799561,0.4,"LSAM",12028,6503654,1000,"ordinal","normal","normal","Symmetric","3",1,TRUE,0.564000000013039
"1029","X=~x2",0.739834928450939,0.0675527976764062,0.8,"LSAM",12028,6503654,1000,"ordinal","normal","normal","Symmetric","3",1,TRUE,0.564000000013039
"1030","X=~x3",0.668525562532814,0.0648480015471783,0.8,"LSAM",12028,6503654,1000,"ordinal","normal","normal","Symmetric","3",1,TRUE,0.564000000013039
"1031","Z=~z1",0.555660703007585,0.0460282095571941,0.6,"LSAM",12028,6503654,1000,"ordinal","normal","normal","Symmetric","3",1,TRUE,0.564000000013039
"1032","Z=~z2",0.552919704913501,0.0637679570531553,0.6,"LSAM",12028,6503654,1000,"ordinal","normal","normal","Symmetric","3",1,TRUE,0.564000000013039
"1033","Z=~z3",0.652965192042449,0.0681646280678469,0.8,"LSAM",12028,6503654,1000,"ordinal","normal","normal","Symmetric","3",1,TRUE,0.564000000013039
"1034","Y=~y1",0.396114918297774,0.0132520010990972,0.4,"LSAM",12028,6503654,1000,"ordinal","normal","normal","Symmetric","3",1,TRUE,0.564000000013039
"1035","Y=~y2",0.632827814527415,0.0505258993566748,0.7,"LSAM",12028,6503654,1000,"ordinal","normal","normal","Symmetric","3",1,TRUE,0.564000000013039
"1036","Y=~y3",0.767962297365602,0.0600277922979225,0.9,"LSAM",12028,6503654,1000,"ordinal","normal","normal","Symmetric","3",1,TRUE,0.564000000013039
"1037","Y~X",0.425475454464493,0.0515248673732811,0.4,"LSAM",12028,6503654,1000,"ordinal","normal","normal","Symmetric","3",1,TRUE,0.564000000013039
"1038","Y~Z",0.525484869824321,0.105771837035327,0.5,"LSAM",12028,6503654,1000,"ordinal","normal","normal","Symmetric","3",1,TRUE,0.564000000013039
"1039","Y~X:Z",0.356235738584093,0.0991517183916433,0.3,"LSAM",12028,6503654,1000,"ordinal","normal","normal","Symmetric","3",1,TRUE,0.564000000013039
"1040","X~~Z",0.150942933300944,0.0464733149411078,0.2,"LSAM",12028,6503654,1000,"ordinal","normal","normal","Symmetric","3",1,TRUE,0.564000000013039
"1041","X=~x1",0.334933771272251,0.113737015812494,0.4,"MC-PLSc",12029,6876979,300,"ordinal","normal","normal","Symmetric","5",1,TRUE,17.4670000000042
"1042","X=~x2",0.819461022060792,0.178869503147013,0.8,"MC-PLSc",12029,6876979,300,"ordinal","normal","normal","Symmetric","5",1,TRUE,17.4670000000042
"1043","X=~x3",0.839892022371614,0.216056764410398,0.8,"MC-PLSc",12029,6876979,300,"ordinal","normal","normal","Symmetric","5",1,TRUE,17.4670000000042
"1044","Z=~z1",0.559494513983814,0.0621075889478136,0.6,"MC-PLSc",12029,6876979,300,"ordinal","normal","normal","Symmetric","5",1,TRUE,17.4670000000042
"1045","Z=~z2",0.678765954272025,0.0536503967341929,0.6,"MC-PLSc",12029,6876979,300,"ordinal","normal","normal","Symmetric","5",1,TRUE,17.4670000000042
"1046","Z=~z3",0.787094589006732,0.0537651695197262,0.8,"MC-PLSc",12029,6876979,300,"ordinal","normal","normal","Symmetric","5",1,TRUE,17.4670000000042
"1047","Y=~y1",0.354021737772679,0.0747873650303143,0.4,"MC-PLSc",12029,6876979,300,"ordinal","normal","normal","Symmetric","5",1,TRUE,17.4670000000042
"1048","Y=~y2",0.734251442249926,0.0530143652303538,0.7,"MC-PLSc",12029,6876979,300,"ordinal","normal","normal","Symmetric","5",1,TRUE,17.4670000000042
"1049","Y=~y3",0.894087168162898,0.0471795582750576,0.9,"MC-PLSc",12029,6876979,300,"ordinal","normal","normal","Symmetric","5",1,TRUE,17.4670000000042
"1050","Y~X",0.19583546035848,0.070820623034477,0.4,"MC-PLSc",12029,6876979,300,"ordinal","normal","normal","Symmetric","5",1,TRUE,17.4670000000042
"1051","Y~Z",0.595461600267866,0.0646589187720365,0.5,"MC-PLSc",12029,6876979,300,"ordinal","normal","normal","Symmetric","5",1,TRUE,17.4670000000042
"1052","Y~X:Z",0.40292981730999,0.0961937676074999,0.3,"MC-PLSc",12029,6876979,300,"ordinal","normal","normal","Symmetric","5",1,TRUE,17.4670000000042
"1053","X~~Z",0.251861243053199,0.0687059099162886,0.2,"MC-PLSc",12029,6876979,300,"ordinal","normal","normal","Symmetric","5",1,TRUE,17.4670000000042
"1054","X=~x1",0.143539900057057,0.178632332278815,0.4,"PLSc",12029,6876979,300,"ordinal","normal","normal","Symmetric","5",1,TRUE,1.26299999997718
"1055","X=~x2",0.798723795524122,0.114563341459111,0.8,"PLSc",12029,6876979,300,"ordinal","normal","normal","Symmetric","5",1,TRUE,1.26299999997718
"1056","X=~x3",0.820528950481472,0.125343024184649,0.8,"PLSc",12029,6876979,300,"ordinal","normal","normal","Symmetric","5",1,TRUE,1.26299999997718
"1057","Z=~z1",0.525010467266817,0.0852400741307554,0.6,"PLSc",12029,6876979,300,"ordinal","normal","normal","Symmetric","5",1,TRUE,1.26299999997718
"1058","Z=~z2",0.671763439100319,0.0660271203857716,0.6,"PLSc",12029,6876979,300,"ordinal","normal","normal","Symmetric","5",1,TRUE,1.26299999997718
"1059","Z=~z3",0.731907951071169,0.0597432509082063,0.8,"PLSc",12029,6876979,300,"ordinal","normal","normal","Symmetric","5",1,TRUE,1.26299999997718
"1060","Y=~y1",0.313237468087127,0.0957825890756998,0.4,"PLSc",12029,6876979,300,"ordinal","normal","normal","Symmetric","5",1,TRUE,1.26299999997718
"1061","Y=~y2",0.713114994905528,0.0598285219248329,0.7,"PLSc",12029,6876979,300,"ordinal","normal","normal","Symmetric","5",1,TRUE,1.26299999997718
"1062","Y=~y3",0.831909957038342,0.0519152418389933,0.9,"PLSc",12029,6876979,300,"ordinal","normal","normal","Symmetric","5",1,TRUE,1.26299999997718
"1063","Y~X",0.192833430455729,0.705557637135775,0.4,"PLSc",12029,6876979,300,"ordinal","normal","normal","Symmetric","5",1,TRUE,1.26299999997718
"1064","Y~Z",0.615310603912907,0.259381525691837,0.5,"PLSc",12029,6876979,300,"ordinal","normal","normal","Symmetric","5",1,TRUE,1.26299999997718
"1065","Y~X:Z",0.456694404650617,1.42852274888522,0.3,"PLSc",12029,6876979,300,"ordinal","normal","normal","Symmetric","5",1,TRUE,1.26299999997718
"1066","X~~Z",0.247931282720841,0.071796054153341,0.2,"PLSc",12029,6876979,300,"ordinal","normal","normal","Symmetric","5",1,TRUE,1.26299999997718
"1067","X=~x1",0.46550684784299,0.131934706666351,0.4,"PLS",12029,6876979,300,"ordinal","normal","normal","Symmetric","5",1,TRUE,0.901000000012573
"1068","X=~x2",0.88011105123993,0.0330393462556968,0.8,"PLS",12029,6876979,300,"ordinal","normal","normal","Symmetric","5",1,TRUE,0.901000000012573
"1069","X=~x3",0.887859231378718,0.0340313966543823,0.8,"PLS",12029,6876979,300,"ordinal","normal","normal","Symmetric","5",1,TRUE,0.901000000012573
"1070","Z=~z1",0.697401663142817,0.0564663653778961,0.6,"PLS",12029,6876979,300,"ordinal","normal","normal","Symmetric","5",1,TRUE,0.901000000012573
"1071","Z=~z2",0.788989689332005,0.0346683013241428,0.6,"PLS",12029,6876979,300,"ordinal","normal","normal","Symmetric","5",1,TRUE,0.901000000012573
"1072","Z=~z3",0.843229300674894,0.0227240711244344,0.8,"PLS",12029,6876979,300,"ordinal","normal","normal","Symmetric","5",1,TRUE,0.901000000012573
"1073","Y=~y1",0.486331768785282,0.0830628267551847,0.4,"PLS",12029,6876979,300,"ordinal","normal","normal","Symmetric","5",1,TRUE,0.901000000012573
"1074","Y=~y2",0.841288411408335,0.0277468610394344,0.7,"PLS",12029,6876979,300,"ordinal","normal","normal","Symmetric","5",1,TRUE,0.901000000012573
"1075","Y=~y3",0.894078343325869,0.0158898085538676,0.9,"PLS",12029,6876979,300,"ordinal","normal","normal","Symmetric","5",1,TRUE,0.901000000012573
"1076","Y~X",0.176150618413884,0.0532395952238151,0.4,"PLS",12029,6876979,300,"ordinal","normal","normal","Symmetric","5",1,TRUE,0.901000000012573
"1077","Y~Z",0.435428274765144,0.0471974823704462,0.5,"PLS",12029,6876979,300,"ordinal","normal","normal","Symmetric","5",1,TRUE,0.901000000012573
"1078","Y~X:Z",0.246600168265862,0.0543965472907912,0.3,"PLS",12029,6876979,300,"ordinal","normal","normal","Symmetric","5",1,TRUE,0.901000000012573
"1079","X~~Z",0.183870921835665,0.0531318136253502,0.2,"PLS",12029,6876979,300,"ordinal","normal","normal","Symmetric","5",1,TRUE,0.901000000012573
"1080","X=~x1",0.426,0.062,0.4,"Mplus",12029,6876979,300,"ordinal","normal","normal","Symmetric","5",1,TRUE,220.077000000048
"1081","X=~x2",0.755,0.061,0.8,"Mplus",12029,6876979,300,"ordinal","normal","normal","Symmetric","5",1,TRUE,220.077000000048
"1082","X=~x3",0.832,0.063,0.8,"Mplus",12029,6876979,300,"ordinal","normal","normal","Symmetric","5",1,TRUE,220.077000000048
"1083","Z=~z1",0.556,0.058,0.6,"Mplus",12029,6876979,300,"ordinal","normal","normal","Symmetric","5",1,TRUE,220.077000000048
"1084","Z=~z2",0.671,0.053,0.6,"Mplus",12029,6876979,300,"ordinal","normal","normal","Symmetric","5",1,TRUE,220.077000000048
"1085","Z=~z3",0.789,0.044,0.8,"Mplus",12029,6876979,300,"ordinal","normal","normal","Symmetric","5",1,TRUE,220.077000000048
"1086","Y=~y1",0.342,0.065,0.4,"Mplus",12029,6876979,300,"ordinal","normal","normal","Symmetric","5",1,TRUE,220.077000000048
"1087","Y=~y2",0.751,0.049,0.7,"Mplus",12029,6876979,300,"ordinal","normal","normal","Symmetric","5",1,TRUE,220.077000000048
"1088","Y=~y3",0.868,0.046,0.9,"Mplus",12029,6876979,300,"ordinal","normal","normal","Symmetric","5",1,TRUE,220.077000000048
"1089","Y~X",0.188,0.07,0.4,"Mplus",12029,6876979,300,"ordinal","normal","normal","Symmetric","5",1,TRUE,220.077000000048
"1090","Y~Z",0.591,0.059,0.5,"Mplus",12029,6876979,300,"ordinal","normal","normal","Symmetric","5",1,TRUE,220.077000000048
"1091","Y~X:Z",0.421,0.078,0.3,"Mplus",12029,6876979,300,"ordinal","normal","normal","Symmetric","5",1,TRUE,220.077000000048
"1092","X~~Z",0.241,0.069,0.2,"Mplus",12029,6876979,300,"ordinal","normal","normal","Symmetric","5",1,TRUE,220.077000000048
"1093","X=~x1",0.450750526681078,0.0535965255122073,0.4,"LSAM",12029,6876979,300,"ordinal","normal","normal","Symmetric","5",1,TRUE,0.440000000002328
"1094","X=~x2",0.740542771808106,0.0875644975053597,0.8,"LSAM",12029,6876979,300,"ordinal","normal","normal","Symmetric","5",1,TRUE,0.440000000002328
"1095","X=~x3",0.776832131455719,0.0877423591168515,0.8,"LSAM",12029,6876979,300,"ordinal","normal","normal","Symmetric","5",1,TRUE,0.440000000002328
"1096","Z=~z1",0.538674646478308,0.0403303560529875,0.6,"LSAM",12029,6876979,300,"ordinal","normal","normal","Symmetric","5",1,TRUE,0.440000000002328
"1097","Z=~z2",0.607932015381959,0.0760920935045524,0.6,"LSAM",12029,6876979,300,"ordinal","normal","normal","Symmetric","5",1,TRUE,0.440000000002328
"1098","Z=~z3",0.787288672721991,0.0852011468926587,0.8,"LSAM",12029,6876979,300,"ordinal","normal","normal","Symmetric","5",1,TRUE,0.440000000002328
"1099","Y=~y1",0.344576501115317,0.0206968387886811,0.4,"LSAM",12029,6876979,300,"ordinal","normal","normal","Symmetric","5",1,TRUE,0.440000000002328
"1100","Y=~y2",0.637331026302907,0.0854107618210977,0.7,"LSAM",12029,6876979,300,"ordinal","normal","normal","Symmetric","5",1,TRUE,0.440000000002328
"1101","Y=~y3",0.899124473718755,0.111239704488567,0.9,"LSAM",12029,6876979,300,"ordinal","normal","normal","Symmetric","5",1,TRUE,0.440000000002328
"1102","Y~X",0.193516919654351,0.0833074462515227,0.4,"LSAM",12029,6876979,300,"ordinal","normal","normal","Symmetric","5",1,TRUE,0.440000000002328
"1103","Y~Z",0.566093814367419,0.102890718734445,0.5,"LSAM",12029,6876979,300,"ordinal","normal","normal","Symmetric","5",1,TRUE,0.440000000002328
"1104","Y~X:Z",0.431461372317147,0.124537493774185,0.3,"LSAM",12029,6876979,300,"ordinal","normal","normal","Symmetric","5",1,TRUE,0.440000000002328
"1105","X~~Z",0.262420362510883,0.0720654185148043,0.2,"LSAM",12029,6876979,300,"ordinal","normal","normal","Symmetric","5",1,TRUE,0.440000000002328
"1106","X=~x1",0.323619279907505,0.0438557036188907,0.4,"MC-PLSc",12030,7386896,1000,"ordinal","normal","normal","Symmetric","5",1,TRUE,19.2160000000149
"1107","X=~x2",0.80708146515334,0.0285505208729368,0.8,"MC-PLSc",12030,7386896,1000,"ordinal","normal","normal","Symmetric","5",1,TRUE,19.2160000000149
"1108","X=~x3",0.861812200548412,0.0299446663883621,0.8,"MC-PLSc",12030,7386896,1000,"ordinal","normal","normal","Symmetric","5",1,TRUE,19.2160000000149
"1109","Z=~z1",0.646287789111616,0.0357905041053579,0.6,"MC-PLSc",12030,7386896,1000,"ordinal","normal","normal","Symmetric","5",1,TRUE,19.2160000000149
"1110","Z=~z2",0.607710182550107,0.0306182041890761,0.6,"MC-PLSc",12030,7386896,1000,"ordinal","normal","normal","Symmetric","5",1,TRUE,19.2160000000149
"1111","Z=~z3",0.781918906281053,0.0268471995177707,0.8,"MC-PLSc",12030,7386896,1000,"ordinal","normal","normal","Symmetric","5",1,TRUE,19.2160000000149
"1112","Y=~y1",0.416013089828948,0.0333869032792334,0.4,"MC-PLSc",12030,7386896,1000,"ordinal","normal","normal","Symmetric","5",1,TRUE,19.2160000000149
"1113","Y=~y2",0.725218182015363,0.0242799190482936,0.7,"MC-PLSc",12030,7386896,1000,"ordinal","normal","normal","Symmetric","5",1,TRUE,19.2160000000149
"1114","Y=~y3",0.891259410765576,0.0252688576977401,0.9,"MC-PLSc",12030,7386896,1000,"ordinal","normal","normal","Symmetric","5",1,TRUE,19.2160000000149
"1115","Y~X",0.428560194047265,0.0349357345745578,0.4,"MC-PLSc",12030,7386896,1000,"ordinal","normal","normal","Symmetric","5",1,TRUE,19.2160000000149
"1116","Y~Z",0.475686035654127,0.0335360379426071,0.5,"MC-PLSc",12030,7386896,1000,"ordinal","normal","normal","Symmetric","5",1,TRUE,19.2160000000149
"1117","Y~X:Z",0.323440099842952,0.0407611588338248,0.3,"MC-PLSc",12030,7386896,1000,"ordinal","normal","normal","Symmetric","5",1,TRUE,19.2160000000149
"1118","X~~Z",0.252589712028847,0.0424019606181803,0.2,"MC-PLSc",12030,7386896,1000,"ordinal","normal","normal","Symmetric","5",1,TRUE,19.2160000000149
"1119","X=~x1",0.276828670161012,0.057327727342711,0.4,"PLSc",12030,7386896,1000,"ordinal","normal","normal","Symmetric","5",1,TRUE,1.34600000001956
"1120","X=~x2",0.759279394703246,0.031625965238445,0.8,"PLSc",12030,7386896,1000,"ordinal","normal","normal","Symmetric","5",1,TRUE,1.34600000001956
"1121","X=~x3",0.855077111276927,0.033409402484149,0.8,"PLSc",12030,7386896,1000,"ordinal","normal","normal","Symmetric","5",1,TRUE,1.34600000001956
"1122","Z=~z1",0.617376502205787,0.045083847624667,0.6,"PLSc",12030,7386896,1000,"ordinal","normal","normal","Symmetric","5",1,TRUE,1.34600000001956
"1123","Z=~z2",0.59797838406769,0.041577069939258,0.6,"PLSc",12030,7386896,1000,"ordinal","normal","normal","Symmetric","5",1,TRUE,1.34600000001956
"1124","Z=~z3",0.726132057888114,0.0371114571877397,0.8,"PLSc",12030,7386896,1000,"ordinal","normal","normal","Symmetric","5",1,TRUE,1.34600000001956
"1125","Y=~y1",0.406166126287037,0.0437861627924642,0.4,"PLSc",12030,7386896,1000,"ordinal","normal","normal","Symmetric","5",1,TRUE,1.34600000001956
"1126","Y=~y2",0.687243375512178,0.0303733867734093,0.7,"PLSc",12030,7386896,1000,"ordinal","normal","normal","Symmetric","5",1,TRUE,1.34600000001956
"1127","Y=~y3",0.829242372978798,0.0269526260874014,0.9,"PLSc",12030,7386896,1000,"ordinal","normal","normal","Symmetric","5",1,TRUE,1.34600000001956
"1128","Y~X",0.430335046835996,0.0405045498904638,0.4,"PLSc",12030,7386896,1000,"ordinal","normal","normal","Symmetric","5",1,TRUE,1.34600000001956
"1129","Y~Z",0.495934194344241,0.0381697400479617,0.5,"PLSc",12030,7386896,1000,"ordinal","normal","normal","Symmetric","5",1,TRUE,1.34600000001956
"1130","Y~X:Z",0.307990617517465,0.0449388208216436,0.3,"PLSc",12030,7386896,1000,"ordinal","normal","normal","Symmetric","5",1,TRUE,1.34600000001956
"1131","X~~Z",0.251869346321762,0.0412969346985849,0.2,"PLSc",12030,7386896,1000,"ordinal","normal","normal","Symmetric","5",1,TRUE,1.34600000001956
"1132","X=~x1",0.451345707523767,0.0477278840885225,0.4,"PLS",12030,7386896,1000,"ordinal","normal","normal","Symmetric","5",1,TRUE,0.940000000002328
"1133","X=~x2",0.879161751288373,0.0110840901205134,0.8,"PLS",12030,7386896,1000,"ordinal","normal","normal","Symmetric","5",1,TRUE,0.940000000002328
"1134","X=~x3",0.895415453594544,0.0102530555925446,0.8,"PLS",12030,7386896,1000,"ordinal","normal","normal","Symmetric","5",1,TRUE,0.940000000002328
"1135","Z=~z1",0.76450363774823,0.022913627890725,0.6,"PLS",12030,7386896,1000,"ordinal","normal","normal","Symmetric","5",1,TRUE,0.940000000002328
"1136","Z=~z2",0.736977408533676,0.0233036543683321,0.6,"PLS",12030,7386896,1000,"ordinal","normal","normal","Symmetric","5",1,TRUE,0.940000000002328
"1137","Z=~z3",0.839633063665474,0.0136276041264818,0.8,"PLS",12030,7386896,1000,"ordinal","normal","normal","Symmetric","5",1,TRUE,0.940000000002328
"1138","Y=~y1",0.557972300595219,0.0361481264258153,0.4,"PLS",12030,7386896,1000,"ordinal","normal","normal","Symmetric","5",1,TRUE,0.940000000002328
"1139","Y=~y2",0.831020052062181,0.0138755312006156,0.7,"PLS",12030,7386896,1000,"ordinal","normal","normal","Symmetric","5",1,TRUE,0.940000000002328
"1140","Y=~y3",0.889450446226846,0.00826182097047138,0.9,"PLS",12030,7386896,1000,"ordinal","normal","normal","Symmetric","5",1,TRUE,0.940000000002328
"1141","Y~X",0.351404759411948,0.02604268169582,0.4,"PLS",12030,7386896,1000,"ordinal","normal","normal","Symmetric","5",1,TRUE,0.940000000002328
"1142","Y~Z",0.359237409457568,0.0238077585772864,0.5,"PLS",12030,7386896,1000,"ordinal","normal","normal","Symmetric","5",1,TRUE,0.940000000002328
"1143","Y~X:Z",0.191216023543695,0.0236920174942915,0.3,"PLS",12030,7386896,1000,"ordinal","normal","normal","Symmetric","5",1,TRUE,0.940000000002328
"1144","X~~Z",0.186087131077894,0.0309888244212991,0.2,"PLS",12030,7386896,1000,"ordinal","normal","normal","Symmetric","5",1,TRUE,0.940000000002328
"1145","X=~x1",0.334,0.034,0.4,"Mplus",12030,7386896,1000,"ordinal","normal","normal","Symmetric","5",1,TRUE,706.223999999987
"1146","X=~x2",0.816,0.026,0.8,"Mplus",12030,7386896,1000,"ordinal","normal","normal","Symmetric","5",1,TRUE,706.223999999987
"1147","X=~x3",0.828,0.026,0.8,"Mplus",12030,7386896,1000,"ordinal","normal","normal","Symmetric","5",1,TRUE,706.223999999987
"1148","Z=~z1",0.634,0.029,0.6,"Mplus",12030,7386896,1000,"ordinal","normal","normal","Symmetric","5",1,TRUE,706.223999999987
"1149","Z=~z2",0.59,0.03,0.6,"Mplus",12030,7386896,1000,"ordinal","normal","normal","Symmetric","5",1,TRUE,706.223999999987
"1150","Z=~z3",0.792,0.026,0.8,"Mplus",12030,7386896,1000,"ordinal","normal","normal","Symmetric","5",1,TRUE,706.223999999987
"1151","Y=~y1",0.396,0.032,0.4,"Mplus",12030,7386896,1000,"ordinal","normal","normal","Symmetric","5",1,TRUE,706.223999999987
"1152","Y=~y2",0.706,0.025,0.7,"Mplus",12030,7386896,1000,"ordinal","normal","normal","Symmetric","5",1,TRUE,706.223999999987
"1153","Y=~y3",0.896,0.021,0.9,"Mplus",12030,7386896,1000,"ordinal","normal","normal","Symmetric","5",1,TRUE,706.223999999987
"1154","Y~X",0.415,0.035,0.4,"Mplus",12030,7386896,1000,"ordinal","normal","normal","Symmetric","5",1,TRUE,706.223999999987
"1155","Y~Z",0.47,0.032,0.5,"Mplus",12030,7386896,1000,"ordinal","normal","normal","Symmetric","5",1,TRUE,706.223999999987
"1156","Y~X:Z",0.309,0.033,0.3,"Mplus",12030,7386896,1000,"ordinal","normal","normal","Symmetric","5",1,TRUE,706.223999999987
"1157","X~~Z",0.255,0.041,0.2,"Mplus",12030,7386896,1000,"ordinal","normal","normal","Symmetric","5",1,TRUE,706.223999999987
"1158","X=~x1",0.335539592768585,0.0333284532826226,0.4,"LSAM",12030,7386896,1000,"ordinal","normal","normal","Symmetric","5",1,TRUE,0.430999999982305
"1159","X=~x2",0.849425356494679,0.0596558864278669,0.8,"LSAM",12030,7386896,1000,"ordinal","normal","normal","Symmetric","5",1,TRUE,0.430999999982305
"1160","X=~x3",0.731991542632164,0.0606953547903143,0.8,"LSAM",12030,7386896,1000,"ordinal","normal","normal","Symmetric","5",1,TRUE,0.430999999982305
"1161","Z=~z1",0.607905276251406,0.023470036070329,0.6,"LSAM",12030,7386896,1000,"ordinal","normal","normal","Symmetric","5",1,TRUE,0.430999999982305
"1162","Z=~z2",0.556558022793654,0.0405391070886317,0.6,"LSAM",12030,7386896,1000,"ordinal","normal","normal","Symmetric","5",1,TRUE,0.430999999982305
"1163","Z=~z3",0.779671772390443,0.0460880071844006,0.8,"LSAM",12030,7386896,1000,"ordinal","normal","normal","Symmetric","5",1,TRUE,0.430999999982305
"1164","Y=~y1",0.380697454374713,0.0120209670948163,0.4,"LSAM",12030,7386896,1000,"ordinal","normal","normal","Symmetric","5",1,TRUE,0.430999999982305
"1165","Y=~y2",0.67167353516283,0.0438672501664448,0.7,"LSAM",12030,7386896,1000,"ordinal","normal","normal","Symmetric","5",1,TRUE,0.430999999982305
"1166","Y=~y3",0.870360659652399,0.0524617339429215,0.9,"LSAM",12030,7386896,1000,"ordinal","normal","normal","Symmetric","5",1,TRUE,0.430999999982305
"1167","Y~X",0.399432448989138,0.0390556802425099,0.4,"LSAM",12030,7386896,1000,"ordinal","normal","normal","Symmetric","5",1,TRUE,0.430999999982305
"1168","Y~Z",0.480627573149862,0.0466836274212603,0.5,"LSAM",12030,7386896,1000,"ordinal","normal","normal","Symmetric","5",1,TRUE,0.430999999982305
"1169","Y~X:Z",0.299487881294856,0.0378082693741439,0.3,"LSAM",12030,7386896,1000,"ordinal","normal","normal","Symmetric","5",1,TRUE,0.430999999982305
"1170","X~~Z",0.232977906159913,0.0408228095764457,0.2,"LSAM",12030,7386896,1000,"ordinal","normal","normal","Symmetric","5",1,TRUE,0.430999999982305
"1171","X=~x1",0.527119515541666,0.139489495717801,0.4,"MC-PLSc",12031,1058069,300,"ordinal","normal","normal","Extreme","2",1,TRUE,10.4839999999967
"1172","X=~x2",0.925136378774033,0.155247001394151,0.8,"MC-PLSc",12031,1058069,300,"ordinal","normal","normal","Extreme","2",1,TRUE,10.4839999999967
"1173","X=~x3",0.783824436825561,0.13752241221979,0.8,"MC-PLSc",12031,1058069,300,"ordinal","normal","normal","Extreme","2",1,TRUE,10.4839999999967
"1174","Z=~z1",0.621348726421427,0.101020262457822,0.6,"MC-PLSc",12031,1058069,300,"ordinal","normal","normal","Extreme","2",1,TRUE,10.4839999999967
"1175","Z=~z2",0.623789601837242,0.136960568375959,0.6,"MC-PLSc",12031,1058069,300,"ordinal","normal","normal","Extreme","2",1,TRUE,10.4839999999967
"1176","Z=~z3",0.95142386714143,0.143484456694496,0.8,"MC-PLSc",12031,1058069,300,"ordinal","normal","normal","Extreme","2",1,TRUE,10.4839999999967
"1177","Y=~y1",0.539986240748904,0.124147485706169,0.4,"MC-PLSc",12031,1058069,300,"ordinal","normal","normal","Extreme","2",1,TRUE,10.4839999999967
"1178","Y=~y2",0.775999965320058,0.0837453149713179,0.7,"MC-PLSc",12031,1058069,300,"ordinal","normal","normal","Extreme","2",1,TRUE,10.4839999999967
"1179","Y=~y3",0.862586366258867,0.0981800164451185,0.9,"MC-PLSc",12031,1058069,300,"ordinal","normal","normal","Extreme","2",1,TRUE,10.4839999999967
"1180","Y~X",0.523092282554295,0.120871284112893,0.4,"MC-PLSc",12031,1058069,300,"ordinal","normal","normal","Extreme","2",1,TRUE,10.4839999999967
"1181","Y~Z",0.481830672274978,0.184944851048717,0.5,"MC-PLSc",12031,1058069,300,"ordinal","normal","normal","Extreme","2",1,TRUE,10.4839999999967
"1182","Y~X:Z",0.0957062377350502,0.324936475623772,0.3,"MC-PLSc",12031,1058069,300,"ordinal","normal","normal","Extreme","2",1,TRUE,10.4839999999967
"1183","X~~Z",0.107583197270829,0.142146741412083,0.2,"MC-PLSc",12031,1058069,300,"ordinal","normal","normal","Extreme","2",1,TRUE,10.4839999999967
"1184","X=~x1",0.343417393806644,0.153607455623365,0.4,"PLSc",12031,1058069,300,"ordinal","normal","normal","Extreme","2",1,TRUE,1.26699999999255
"1185","X=~x2",0.77450043598093,0.135912028278209,0.8,"PLSc",12031,1058069,300,"ordinal","normal","normal","Extreme","2",1,TRUE,1.26699999999255
"1186","X=~x3",0.615036534786874,0.116699144754924,0.8,"PLSc",12031,1058069,300,"ordinal","normal","normal","Extreme","2",1,TRUE,1.26699999999255
"1187","Z=~z1",0.42804696659875,0.14076799963685,0.6,"PLSc",12031,1058069,300,"ordinal","normal","normal","Extreme","2",1,TRUE,1.26699999999255
"1188","Z=~z2",0.466378050251277,0.132033017439771,0.6,"PLSc",12031,1058069,300,"ordinal","normal","normal","Extreme","2",1,TRUE,1.26699999999255
"1189","Z=~z3",0.763513937822634,0.128305760553887,0.8,"PLSc",12031,1058069,300,"ordinal","normal","normal","Extreme","2",1,TRUE,1.26699999999255
"1190","Y=~y1",0.393961436562902,0.114387654905908,0.4,"PLSc",12031,1058069,300,"ordinal","normal","normal","Extreme","2",1,TRUE,1.26699999999255
"1191","Y=~y2",0.613043620324473,0.0897336050751855,0.7,"PLSc",12031,1058069,300,"ordinal","normal","normal","Extreme","2",1,TRUE,1.26699999999255
"1192","Y=~y3",0.691287464557461,0.0977946997949237,0.9,"PLSc",12031,1058069,300,"ordinal","normal","normal","Extreme","2",1,TRUE,1.26699999999255
"1193","Y~X",0.45968944287661,3.50272434365399,0.4,"PLSc",12031,1058069,300,"ordinal","normal","normal","Extreme","2",1,TRUE,1.26699999999255
"1194","Y~Z",0.415147732415644,3.12941312922972,0.5,"PLSc",12031,1058069,300,"ordinal","normal","normal","Extreme","2",1,TRUE,1.26699999999255
"1195","Y~X:Z",0.131777120974045,8.88136038750506,0.3,"PLSc",12031,1058069,300,"ordinal","normal","normal","Extreme","2",1,TRUE,1.26699999999255
"1196","X~~Z",0.0801680399676232,0.105857096184903,0.2,"PLSc",12031,1058069,300,"ordinal","normal","normal","Extreme","2",1,TRUE,1.26699999999255
"1197","X=~x1",0.545991840275451,0.127452847459743,0.4,"PLS",12031,1058069,300,"ordinal","normal","normal","Extreme","2",1,TRUE,0.896000000007916
"1198","X=~x2",0.854254195846357,0.059248984208705,0.8,"PLS",12031,1058069,300,"ordinal","normal","normal","Extreme","2",1,TRUE,0.896000000007916
"1199","X=~x3",0.788993153295367,0.0651053976446801,0.8,"PLS",12031,1058069,300,"ordinal","normal","normal","Extreme","2",1,TRUE,0.896000000007916
"1200","Z=~z1",0.645822792177412,0.1062033173532,0.6,"PLS",12031,1058069,300,"ordinal","normal","normal","Extreme","2",1,TRUE,0.896000000007916
"1201","Z=~z2",0.656700997705721,0.104828225711681,0.6,"PLS",12031,1058069,300,"ordinal","normal","normal","Extreme","2",1,TRUE,0.896000000007916
"1202","Z=~z3",0.857174129043297,0.050960861232923,0.8,"PLS",12031,1058069,300,"ordinal","normal","normal","Extreme","2",1,TRUE,0.896000000007916
"1203","Y=~y1",0.572986679440073,0.104178154553283,0.4,"PLS",12031,1058069,300,"ordinal","normal","normal","Extreme","2",1,TRUE,0.896000000007916
"1204","Y=~y2",0.782580738694232,0.0541573940970394,0.7,"PLS",12031,1058069,300,"ordinal","normal","normal","Extreme","2",1,TRUE,0.896000000007916
"1205","Y=~y3",0.828073867208644,0.0451033024738642,0.9,"PLS",12031,1058069,300,"ordinal","normal","normal","Extreme","2",1,TRUE,0.896000000007916
"1206","Y~X",0.306568249718245,0.061792349906383,0.4,"PLS",12031,1058069,300,"ordinal","normal","normal","Extreme","2",1,TRUE,0.896000000007916
"1207","Y~Z",0.275850176205062,0.0685754376426874,0.5,"PLS",12031,1058069,300,"ordinal","normal","normal","Extreme","2",1,TRUE,0.896000000007916
"1208","Y~X:Z",0.091692450530461,0.0631515797267852,0.3,"PLS",12031,1058069,300,"ordinal","normal","normal","Extreme","2",1,TRUE,0.896000000007916
"1209","X~~Z",0.0523574078169556,0.0676958951407825,0.2,"PLS",12031,1058069,300,"ordinal","normal","normal","Extreme","2",1,TRUE,0.896000000007916
"1210","X=~x1",NA,NA,0.4,"Mplus",12031,1058069,300,"ordinal","normal","normal","Extreme","2",1,FALSE,238.047999999952
"1211","X=~x2",NA,NA,0.8,"Mplus",12031,1058069,300,"ordinal","normal","normal","Extreme","2",1,FALSE,238.047999999952
"1212","X=~x3",NA,NA,0.8,"Mplus",12031,1058069,300,"ordinal","normal","normal","Extreme","2",1,FALSE,238.047999999952
"1213","Z=~z1",NA,NA,0.6,"Mplus",12031,1058069,300,"ordinal","normal","normal","Extreme","2",1,FALSE,238.047999999952
"1214","Z=~z2",NA,NA,0.6,"Mplus",12031,1058069,300,"ordinal","normal","normal","Extreme","2",1,FALSE,238.047999999952
"1215","Z=~z3",NA,NA,0.8,"Mplus",12031,1058069,300,"ordinal","normal","normal","Extreme","2",1,FALSE,238.047999999952
"1216","Y=~y1",NA,NA,0.4,"Mplus",12031,1058069,300,"ordinal","normal","normal","Extreme","2",1,FALSE,238.047999999952
"1217","Y=~y2",NA,NA,0.7,"Mplus",12031,1058069,300,"ordinal","normal","normal","Extreme","2",1,FALSE,238.047999999952
"1218","Y=~y3",NA,NA,0.9,"Mplus",12031,1058069,300,"ordinal","normal","normal","Extreme","2",1,FALSE,238.047999999952
"1219","Y~X",NA,NA,0.4,"Mplus",12031,1058069,300,"ordinal","normal","normal","Extreme","2",1,FALSE,238.047999999952
"1220","Y~Z",NA,NA,0.5,"Mplus",12031,1058069,300,"ordinal","normal","normal","Extreme","2",1,FALSE,238.047999999952
"1221","Y~X:Z",NA,NA,0.3,"Mplus",12031,1058069,300,"ordinal","normal","normal","Extreme","2",1,FALSE,238.047999999952
"1222","X~~Z",NA,NA,0.2,"Mplus",12031,1058069,300,"ordinal","normal","normal","Extreme","2",1,FALSE,238.047999999952
"1223","X=~x1",0.417954629702259,0.068178601129708,0.4,"LSAM",12031,1058069,300,"ordinal","normal","normal","Extreme","2",1,TRUE,0.519999999960419
"1224","X=~x2",0.656750631204171,0.122971714711094,0.8,"LSAM",12031,1058069,300,"ordinal","normal","normal","Extreme","2",1,TRUE,0.519999999960419
"1225","X=~x3",0.671253445584015,0.124268694709048,0.8,"LSAM",12031,1058069,300,"ordinal","normal","normal","Extreme","2",1,TRUE,0.519999999960419
"1226","Z=~z1",0.499196819085267,0.17715481994169,0.6,"LSAM",12031,1058069,300,"ordinal","normal","normal","Extreme","2",1,TRUE,0.519999999960419
"1227","Z=~z2",0.468875823923336,0.192248214051875,0.6,"LSAM",12031,1058069,300,"ordinal","normal","normal","Extreme","2",1,TRUE,0.519999999960419
"1228","Z=~z3",0.686852681355695,0.211578157325564,0.8,"LSAM",12031,1058069,300,"ordinal","normal","normal","Extreme","2",1,TRUE,0.519999999960419
"1229","Y=~y1",0.396928416196934,0.0371342412180936,0.4,"LSAM",12031,1058069,300,"ordinal","normal","normal","Extreme","2",1,TRUE,0.519999999960419
"1230","Y=~y2",0.609628409828573,0.108859191196802,0.7,"LSAM",12031,1058069,300,"ordinal","normal","normal","Extreme","2",1,TRUE,0.519999999960419
"1231","Y=~y3",0.692188108935171,0.122095811222259,0.9,"LSAM",12031,1058069,300,"ordinal","normal","normal","Extreme","2",1,TRUE,0.519999999960419
"1232","Y~X",0.457489116761822,0.125074791644268,0.4,"LSAM",12031,1058069,300,"ordinal","normal","normal","Extreme","2",1,TRUE,0.519999999960419
"1233","Y~Z",0.431756550203374,0.288146959713451,0.5,"LSAM",12031,1058069,300,"ordinal","normal","normal","Extreme","2",1,TRUE,0.519999999960419
"1234","Y~X:Z",0.106034712263999,0.223012701820487,0.3,"LSAM",12031,1058069,300,"ordinal","normal","normal","Extreme","2",1,TRUE,0.519999999960419
"1235","X~~Z",0.0895660540571345,0.119272220989644,0.2,"LSAM",12031,1058069,300,"ordinal","normal","normal","Extreme","2",1,TRUE,0.519999999960419
"1236","X=~x1",0.368488646823034,0.0808985168262704,0.4,"MC-PLSc",12032,1442938,1000,"ordinal","normal","normal","Extreme","2",1,TRUE,18.7159999999567
"1237","X=~x2",0.819959773197205,0.0971373943801025,0.8,"MC-PLSc",12032,1442938,1000,"ordinal","normal","normal","Extreme","2",1,TRUE,18.7159999999567
"1238","X=~x3",0.710815013406981,0.0820237878184776,0.8,"MC-PLSc",12032,1442938,1000,"ordinal","normal","normal","Extreme","2",1,TRUE,18.7159999999567
"1239","Z=~z1",0.632853906432079,0.0810228448344235,0.6,"MC-PLSc",12032,1442938,1000,"ordinal","normal","normal","Extreme","2",1,TRUE,18.7159999999567
"1240","Z=~z2",0.570769022974473,0.083735889222379,0.6,"MC-PLSc",12032,1442938,1000,"ordinal","normal","normal","Extreme","2",1,TRUE,18.7159999999567
"1241","Z=~z3",0.723163158879881,0.0741717424291454,0.8,"MC-PLSc",12032,1442938,1000,"ordinal","normal","normal","Extreme","2",1,TRUE,18.7159999999567
"1242","Y=~y1",0.362501433190645,0.0625955401689711,0.4,"MC-PLSc",12032,1442938,1000,"ordinal","normal","normal","Extreme","2",1,TRUE,18.7159999999567
"1243","Y=~y2",0.677703339367267,0.0493614139372007,0.7,"MC-PLSc",12032,1442938,1000,"ordinal","normal","normal","Extreme","2",1,TRUE,18.7159999999567
"1244","Y=~y3",0.869416529980451,0.0655609660022542,0.9,"MC-PLSc",12032,1442938,1000,"ordinal","normal","normal","Extreme","2",1,TRUE,18.7159999999567
"1245","Y~X",0.254869641743678,0.153535786223749,0.4,"MC-PLSc",12032,1442938,1000,"ordinal","normal","normal","Extreme","2",1,TRUE,18.7159999999567
"1246","Y~Z",0.562002744727925,0.121806544227144,0.5,"MC-PLSc",12032,1442938,1000,"ordinal","normal","normal","Extreme","2",1,TRUE,18.7159999999567
"1247","Y~X:Z",0.578769003795343,0.316317617779131,0.3,"MC-PLSc",12032,1442938,1000,"ordinal","normal","normal","Extreme","2",1,TRUE,18.7159999999567
"1248","X~~Z",0.100923247806916,0.0828726962031351,0.2,"MC-PLSc",12032,1442938,1000,"ordinal","normal","normal","Extreme","2",1,TRUE,18.7159999999567
"1249","X=~x1",0.27522472433642,0.0880742501901715,0.4,"PLSc",12032,1442938,1000,"ordinal","normal","normal","Extreme","2",1,TRUE,1.40299999999115
"1250","X=~x2",0.626741344869781,0.0872251211210466,0.8,"PLSc",12032,1442938,1000,"ordinal","normal","normal","Extreme","2",1,TRUE,1.40299999999115
"1251","X=~x3",0.517330033051587,0.0841571872735947,0.8,"PLSc",12032,1442938,1000,"ordinal","normal","normal","Extreme","2",1,TRUE,1.40299999999115
"1252","Z=~z1",0.454050635159311,0.0716420871040347,0.6,"PLSc",12032,1442938,1000,"ordinal","normal","normal","Extreme","2",1,TRUE,1.40299999999115
"1253","Z=~z2",0.416186281920923,0.0704150875599303,0.6,"PLSc",12032,1442938,1000,"ordinal","normal","normal","Extreme","2",1,TRUE,1.40299999999115
"1254","Z=~z3",0.515988383419878,0.0706288433531203,0.8,"PLSc",12032,1442938,1000,"ordinal","normal","normal","Extreme","2",1,TRUE,1.40299999999115
"1255","Y=~y1",0.279761690747856,0.0640419453503787,0.4,"PLSc",12032,1442938,1000,"ordinal","normal","normal","Extreme","2",1,TRUE,1.40299999999115
"1256","Y=~y2",0.529289488180428,0.0502173513571284,0.7,"PLSc",12032,1442938,1000,"ordinal","normal","normal","Extreme","2",1,TRUE,1.40299999999115
"1257","Y=~y3",0.729947111842909,0.0528271237003938,0.9,"PLSc",12032,1442938,1000,"ordinal","normal","normal","Extreme","2",1,TRUE,1.40299999999115
"1258","Y~X",0.370259747886738,1.03347614291339,0.4,"PLSc",12032,1442938,1000,"ordinal","normal","normal","Extreme","2",1,TRUE,1.40299999999115
"1259","Y~Z",0.517875145509169,1.08384737376496,0.5,"PLSc",12032,1442938,1000,"ordinal","normal","normal","Extreme","2",1,TRUE,1.40299999999115
"1260","Y~X:Z",0.312427972084396,4.13708272026772,0.3,"PLSc",12032,1442938,1000,"ordinal","normal","normal","Extreme","2",1,TRUE,1.40299999999115
"1261","X~~Z",0.0837323119943187,0.0673103799432258,0.2,"PLSc",12032,1442938,1000,"ordinal","normal","normal","Extreme","2",1,TRUE,1.40299999999115
"1262","X=~x1",0.405246416205862,0.0982712837393862,0.4,"PLS",12032,1442938,1000,"ordinal","normal","normal","Extreme","2",1,TRUE,0.97099999996135
"1263","X=~x2",0.826854264770023,0.0466499597551139,0.8,"PLS",12032,1442938,1000,"ordinal","normal","normal","Extreme","2",1,TRUE,0.97099999996135
"1264","X=~x3",0.760102280152256,0.0569325902437235,0.8,"PLS",12032,1442938,1000,"ordinal","normal","normal","Extreme","2",1,TRUE,0.97099999996135
"1265","Z=~z1",0.67800322052653,0.0624219065518855,0.6,"PLS",12032,1442938,1000,"ordinal","normal","normal","Extreme","2",1,TRUE,0.97099999996135
"1266","Z=~z2",0.625066176283245,0.0676126350822848,0.6,"PLS",12032,1442938,1000,"ordinal","normal","normal","Extreme","2",1,TRUE,0.97099999996135
"1267","Z=~z3",0.757144887072362,0.0459127754068488,0.8,"PLS",12032,1442938,1000,"ordinal","normal","normal","Extreme","2",1,TRUE,0.97099999996135
"1268","Y=~y1",0.413574627677483,0.0718772777834414,0.4,"PLS",12032,1442938,1000,"ordinal","normal","normal","Extreme","2",1,TRUE,0.97099999996135
"1269","Y=~y2",0.759568648085604,0.0321189971053573,0.7,"PLS",12032,1442938,1000,"ordinal","normal","normal","Extreme","2",1,TRUE,0.97099999996135
"1270","Y=~y3",0.86291982624546,0.0216968727768121,0.9,"PLS",12032,1442938,1000,"ordinal","normal","normal","Extreme","2",1,TRUE,0.97099999996135
"1271","Y~X",0.22473731900077,0.0358719498717585,0.4,"PLS",12032,1442938,1000,"ordinal","normal","normal","Extreme","2",1,TRUE,0.97099999996135
"1272","Y~Z",0.29885902923318,0.0357739709914635,0.5,"PLS",12032,1442938,1000,"ordinal","normal","normal","Extreme","2",1,TRUE,0.97099999996135
"1273","Y~X:Z",0.15461018572864,0.0350170447622497,0.3,"PLS",12032,1442938,1000,"ordinal","normal","normal","Extreme","2",1,TRUE,0.97099999996135
"1274","X~~Z",0.0405805138764369,0.0328127030488302,0.2,"PLS",12032,1442938,1000,"ordinal","normal","normal","Extreme","2",1,TRUE,0.97099999996135
"1275","X=~x1",0.304,0.068,0.4,"Mplus",12032,1442938,1000,"ordinal","normal","normal","Extreme","2",1,TRUE,130.513999999966
"1276","X=~x2",0.765,0.067,0.8,"Mplus",12032,1442938,1000,"ordinal","normal","normal","Extreme","2",1,TRUE,130.513999999966
"1277","X=~x3",0.777,0.069,0.8,"Mplus",12032,1442938,1000,"ordinal","normal","normal","Extreme","2",1,TRUE,130.513999999966
"1278","Z=~z1",0.628,0.061,0.6,"Mplus",12032,1442938,1000,"ordinal","normal","normal","Extreme","2",1,TRUE,130.513999999966
"1279","Z=~z2",0.54,0.061,0.6,"Mplus",12032,1442938,1000,"ordinal","normal","normal","Extreme","2",1,TRUE,130.513999999966
"1280","Z=~z3",0.722,0.059,0.8,"Mplus",12032,1442938,1000,"ordinal","normal","normal","Extreme","2",1,TRUE,130.513999999966
"1281","Y=~y1",0.342,0.056,0.4,"Mplus",12032,1442938,1000,"ordinal","normal","normal","Extreme","2",1,TRUE,130.513999999966
"1282","Y=~y2",0.671,0.05,0.7,"Mplus",12032,1442938,1000,"ordinal","normal","normal","Extreme","2",1,TRUE,130.513999999966
"1283","Y=~y3",0.875,0.055,0.9,"Mplus",12032,1442938,1000,"ordinal","normal","normal","Extreme","2",1,TRUE,130.513999999966
"1284","Y~X",0.281,0.109,0.4,"Mplus",12032,1442938,1000,"ordinal","normal","normal","Extreme","2",1,TRUE,130.513999999966
"1285","Y~Z",0.549,0.093,0.5,"Mplus",12032,1442938,1000,"ordinal","normal","normal","Extreme","2",1,TRUE,130.513999999966
"1286","Y~X:Z",0.589,0.159,0.3,"Mplus",12032,1442938,1000,"ordinal","normal","normal","Extreme","2",1,TRUE,130.513999999966
"1287","X~~Z",0.085,0.085,0.2,"Mplus",12032,1442938,1000,"ordinal","normal","normal","Extreme","2",1,TRUE,130.513999999966
"1288","X=~x1",0.301609701738213,0.0420807905874338,0.4,"LSAM",12032,1442938,1000,"ordinal","normal","normal","Extreme","2",1,TRUE,0.480999999970663
"1289","X=~x2",0.573602722013027,0.0998835648952692,0.8,"LSAM",12032,1442938,1000,"ordinal","normal","normal","Extreme","2",1,TRUE,0.480999999970663
"1290","X=~x3",0.59071907048628,0.102509845469284,0.8,"LSAM",12032,1442938,1000,"ordinal","normal","normal","Extreme","2",1,TRUE,0.480999999970663
"1291","Z=~z1",0.418090828456068,0.193951221612952,0.6,"LSAM",12032,1442938,1000,"ordinal","normal","normal","Extreme","2",1,TRUE,0.480999999970663
"1292","Z=~z2",0.359820986799173,0.184904564455755,0.6,"LSAM",12032,1442938,1000,"ordinal","normal","normal","Extreme","2",1,TRUE,0.480999999970663
"1293","Z=~z3",0.617996306822203,0.240235773588918,0.8,"LSAM",12032,1442938,1000,"ordinal","normal","normal","Extreme","2",1,TRUE,0.480999999970663
"1294","Y=~y1",0.306493332232858,0.0176355180948927,0.4,"LSAM",12032,1442938,1000,"ordinal","normal","normal","Extreme","2",1,TRUE,0.480999999970663
"1295","Y=~y2",0.629604559850276,0.0799167831532463,0.7,"LSAM",12032,1442938,1000,"ordinal","normal","normal","Extreme","2",1,TRUE,0.480999999970663
"1296","Y=~y3",0.631774276479882,0.0802287478488349,0.9,"LSAM",12032,1442938,1000,"ordinal","normal","normal","Extreme","2",1,TRUE,0.480999999970663
"1297","Y~X",0.37006961124575,0.142423344697475,0.4,"LSAM",12032,1442938,1000,"ordinal","normal","normal","Extreme","2",1,TRUE,0.480999999970663
"1298","Y~Z",0.48975741711135,0.290151245830447,0.5,"LSAM",12032,1442938,1000,"ordinal","normal","normal","Extreme","2",1,TRUE,0.480999999970663
"1299","Y~X:Z",0.344178463838937,0.357977008478201,0.3,"LSAM",12032,1442938,1000,"ordinal","normal","normal","Extreme","2",1,TRUE,0.480999999970663
"1300","X~~Z",0.0736324575661594,0.105533363447926,0.2,"LSAM",12032,1442938,1000,"ordinal","normal","normal","Extreme","2",1,TRUE,0.480999999970663
"1301","X=~x1",0.503542936797365,0.0819046949446116,0.4,"MC-PLSc",12033,6665526,300,"ordinal","normal","normal","Extreme","3",1,TRUE,15.7449999999953
"1302","X=~x2",0.908175784906703,0.0690343310937789,0.8,"MC-PLSc",12033,6665526,300,"ordinal","normal","normal","Extreme","3",1,TRUE,15.7449999999953
"1303","X=~x3",0.798561526063932,0.0714716504833394,0.8,"MC-PLSc",12033,6665526,300,"ordinal","normal","normal","Extreme","3",1,TRUE,15.7449999999953
"1304","Z=~z1",0.758183586287639,0.0979277175184772,0.6,"MC-PLSc",12033,6665526,300,"ordinal","normal","normal","Extreme","3",1,TRUE,15.7449999999953
"1305","Z=~z2",0.488932610329966,0.0992781156791429,0.6,"MC-PLSc",12033,6665526,300,"ordinal","normal","normal","Extreme","3",1,TRUE,15.7449999999953
"1306","Z=~z3",0.706310017584102,0.0886279311570327,0.8,"MC-PLSc",12033,6665526,300,"ordinal","normal","normal","Extreme","3",1,TRUE,15.7449999999953
"1307","Y=~y1",0.5296647381869,0.0783275477479092,0.4,"MC-PLSc",12033,6665526,300,"ordinal","normal","normal","Extreme","3",1,TRUE,15.7449999999953
"1308","Y=~y2",0.659136256382056,0.0811380420341326,0.7,"MC-PLSc",12033,6665526,300,"ordinal","normal","normal","Extreme","3",1,TRUE,15.7449999999953
"1309","Y=~y3",0.925829020249083,0.0622363420781198,0.9,"MC-PLSc",12033,6665526,300,"ordinal","normal","normal","Extreme","3",1,TRUE,15.7449999999953
"1310","Y~X",0.251340185067099,0.151417014107224,0.4,"MC-PLSc",12033,6665526,300,"ordinal","normal","normal","Extreme","3",1,TRUE,15.7449999999953
"1311","Y~Z",0.443436590856764,0.125835409880193,0.5,"MC-PLSc",12033,6665526,300,"ordinal","normal","normal","Extreme","3",1,TRUE,15.7449999999953
"1312","Y~X:Z",0.559119024301478,0.137642782277617,0.3,"MC-PLSc",12033,6665526,300,"ordinal","normal","normal","Extreme","3",1,TRUE,15.7449999999953
"1313","X~~Z",0.209972310425548,0.115091804159083,0.2,"MC-PLSc",12033,6665526,300,"ordinal","normal","normal","Extreme","3",1,TRUE,15.7449999999953
"1314","X=~x1",0.394336655137849,0.125709725165239,0.4,"PLSc",12033,6665526,300,"ordinal","normal","normal","Extreme","3",1,TRUE,1.28700000001118
"1315","X=~x2",0.779127948909552,0.0932451619750114,0.8,"PLSc",12033,6665526,300,"ordinal","normal","normal","Extreme","3",1,TRUE,1.28700000001118
"1316","X=~x3",0.725582682834209,0.0923865868909644,0.8,"PLSc",12033,6665526,300,"ordinal","normal","normal","Extreme","3",1,TRUE,1.28700000001118
"1317","Z=~z1",0.693718427409847,0.0930695434687518,0.6,"PLSc",12033,6665526,300,"ordinal","normal","normal","Extreme","3",1,TRUE,1.28700000001118
"1318","Z=~z2",0.354367640050357,0.114274693895952,0.6,"PLSc",12033,6665526,300,"ordinal","normal","normal","Extreme","3",1,TRUE,1.28700000001118
"1319","Z=~z3",0.570134531120838,0.0901934068335971,0.8,"PLSc",12033,6665526,300,"ordinal","normal","normal","Extreme","3",1,TRUE,1.28700000001118
"1320","Y=~y1",0.440500409735892,0.0960854108664549,0.4,"PLSc",12033,6665526,300,"ordinal","normal","normal","Extreme","3",1,TRUE,1.28700000001118
"1321","Y=~y2",0.555339712579838,0.0858433976656783,0.7,"PLSc",12033,6665526,300,"ordinal","normal","normal","Extreme","3",1,TRUE,1.28700000001118
"1322","Y=~y3",0.864999677102739,0.0682691903591206,0.9,"PLSc",12033,6665526,300,"ordinal","normal","normal","Extreme","3",1,TRUE,1.28700000001118
"1323","Y~X",0.311606707451167,0.0895007941001252,0.4,"PLSc",12033,6665526,300,"ordinal","normal","normal","Extreme","3",1,TRUE,1.28700000001118
"1324","Y~Z",0.418137905684089,0.0982200122507808,0.5,"PLSc",12033,6665526,300,"ordinal","normal","normal","Extreme","3",1,TRUE,1.28700000001118
"1325","Y~X:Z",0.226249100492951,0.13402138388109,0.3,"PLSc",12033,6665526,300,"ordinal","normal","normal","Extreme","3",1,TRUE,1.28700000001118
"1326","X~~Z",0.177511465095218,0.104072079512194,0.2,"PLSc",12033,6665526,300,"ordinal","normal","normal","Extreme","3",1,TRUE,1.28700000001118
"1327","X=~x1",0.570421785535506,0.0870359695715998,0.4,"PLS",12033,6665526,300,"ordinal","normal","normal","Extreme","3",1,TRUE,0.87400000001071
"1328","X=~x2",0.873510294364971,0.0296622619396291,0.8,"PLS",12033,6665526,300,"ordinal","normal","normal","Extreme","3",1,TRUE,0.87400000001071
"1329","X=~x3",0.833383858704241,0.0407315830953311,0.8,"PLS",12033,6665526,300,"ordinal","normal","normal","Extreme","3",1,TRUE,0.87400000001071
"1330","Z=~z1",0.805368940063604,0.0497601090844687,0.6,"PLS",12033,6665526,300,"ordinal","normal","normal","Extreme","3",1,TRUE,0.87400000001071
"1331","Z=~z2",0.570845976412696,0.0946658085568355,0.6,"PLS",12033,6665526,300,"ordinal","normal","normal","Extreme","3",1,TRUE,0.87400000001071
"1332","Z=~z3",0.775298232646709,0.0517661626917383,0.8,"PLS",12033,6665526,300,"ordinal","normal","normal","Extreme","3",1,TRUE,0.87400000001071
"1333","Y=~y1",0.633974289173071,0.0750321159036818,0.4,"PLS",12033,6665526,300,"ordinal","normal","normal","Extreme","3",1,TRUE,0.87400000001071
"1334","Y=~y2",0.749432425933794,0.0551412886126528,0.7,"PLS",12033,6665526,300,"ordinal","normal","normal","Extreme","3",1,TRUE,0.87400000001071
"1335","Y=~y3",0.880153899040162,0.0206612294673516,0.9,"PLS",12033,6665526,300,"ordinal","normal","normal","Extreme","3",1,TRUE,0.87400000001071
"1336","Y~X",0.262309360079596,0.0529822719463145,0.4,"PLS",12033,6665526,300,"ordinal","normal","normal","Extreme","3",1,TRUE,0.87400000001071
"1337","Y~Z",0.301147879130511,0.0512337164827747,0.5,"PLS",12033,6665526,300,"ordinal","normal","normal","Extreme","3",1,TRUE,0.87400000001071
"1338","Y~X:Z",0.209694736601473,0.0375735027192366,0.3,"PLS",12033,6665526,300,"ordinal","normal","normal","Extreme","3",1,TRUE,0.87400000001071
"1339","X~~Z",0.117364113896429,0.0707496030278666,0.2,"PLS",12033,6665526,300,"ordinal","normal","normal","Extreme","3",1,TRUE,0.87400000001071
"1340","X=~x1",0.483,0.072,0.4,"Mplus",12033,6665526,300,"ordinal","normal","normal","Extreme","3",1,TRUE,149.374000000011
"1341","X=~x2",0.932,0.063,0.8,"Mplus",12033,6665526,300,"ordinal","normal","normal","Extreme","3",1,TRUE,149.374000000011
"1342","X=~x3",0.749,0.07,0.8,"Mplus",12033,6665526,300,"ordinal","normal","normal","Extreme","3",1,TRUE,149.374000000011
"1343","Z=~z1",0.699,0.081,0.6,"Mplus",12033,6665526,300,"ordinal","normal","normal","Extreme","3",1,TRUE,149.374000000011
"1344","Z=~z2",0.537,0.08,0.6,"Mplus",12033,6665526,300,"ordinal","normal","normal","Extreme","3",1,TRUE,149.374000000011
"1345","Z=~z3",0.742,0.078,0.8,"Mplus",12033,6665526,300,"ordinal","normal","normal","Extreme","3",1,TRUE,149.374000000011
"1346","Y=~y1",0.484,0.071,0.4,"Mplus",12033,6665526,300,"ordinal","normal","normal","Extreme","3",1,TRUE,149.374000000011
"1347","Y=~y2",0.637,0.066,0.7,"Mplus",12033,6665526,300,"ordinal","normal","normal","Extreme","3",1,TRUE,149.374000000011
"1348","Y=~y3",0.919,0.057,0.9,"Mplus",12033,6665526,300,"ordinal","normal","normal","Extreme","3",1,TRUE,149.374000000011
"1349","Y~X",0.377,0.102,0.4,"Mplus",12033,6665526,300,"ordinal","normal","normal","Extreme","3",1,TRUE,149.374000000011
"1350","Y~Z",0.531,0.101,0.5,"Mplus",12033,6665526,300,"ordinal","normal","normal","Extreme","3",1,TRUE,149.374000000011
"1351","Y~X:Z",0.398,0.108,0.3,"Mplus",12033,6665526,300,"ordinal","normal","normal","Extreme","3",1,TRUE,149.374000000011
"1352","X~~Z",0.141,0.113,0.2,"Mplus",12033,6665526,300,"ordinal","normal","normal","Extreme","3",1,TRUE,149.374000000011
"1353","X=~x1",0.411167010910362,0.067082955473378,0.4,"LSAM",12033,6665526,300,"ordinal","normal","normal","Extreme","3",1,TRUE,0.512999999977183
"1354","X=~x2",0.863779405798537,0.103611152110181,0.8,"LSAM",12033,6665526,300,"ordinal","normal","normal","Extreme","3",1,TRUE,0.512999999977183
"1355","X=~x3",0.638217522122241,0.103813442081804,0.8,"LSAM",12033,6665526,300,"ordinal","normal","normal","Extreme","3",1,TRUE,0.512999999977183
"1356","Z=~z1",0.470979491650565,0.0402748400643479,0.6,"LSAM",12033,6665526,300,"ordinal","normal","normal","Extreme","3",1,TRUE,0.512999999977183
"1357","Z=~z2",0.4402684044417,0.0881861304257597,0.6,"LSAM",12033,6665526,300,"ordinal","normal","normal","Extreme","3",1,TRUE,0.512999999977183
"1358","Z=~z3",0.751038302232707,0.142608057336835,0.8,"LSAM",12033,6665526,300,"ordinal","normal","normal","Extreme","3",1,TRUE,0.512999999977183
"1359","Y=~y1",0.488569005046144,0.0339044875450937,0.4,"LSAM",12033,6665526,300,"ordinal","normal","normal","Extreme","3",1,TRUE,0.512999999977183
"1360","Y=~y2",0.626738836670885,0.0832337583923959,0.7,"LSAM",12033,6665526,300,"ordinal","normal","normal","Extreme","3",1,TRUE,0.512999999977183
"1361","Y=~y3",0.740674814439541,0.0931503453473224,0.9,"LSAM",12033,6665526,300,"ordinal","normal","normal","Extreme","3",1,TRUE,0.512999999977183
"1362","Y~X",0.318417946009853,0.082900538495973,0.4,"LSAM",12033,6665526,300,"ordinal","normal","normal","Extreme","3",1,TRUE,0.512999999977183
"1363","Y~Z",0.387469401049731,0.182486607056925,0.5,"LSAM",12033,6665526,300,"ordinal","normal","normal","Extreme","3",1,TRUE,0.512999999977183
"1364","Y~X:Z",0.27542337536215,0.0749592738402334,0.3,"LSAM",12033,6665526,300,"ordinal","normal","normal","Extreme","3",1,TRUE,0.512999999977183
"1365","X~~Z",0.150230118449727,0.092954501660746,0.2,"LSAM",12033,6665526,300,"ordinal","normal","normal","Extreme","3",1,TRUE,0.512999999977183
"1366","X=~x1",0.423940607806423,0.0581760810670287,0.4,"MC-PLSc",12034,7376798,1000,"ordinal","normal","normal","Extreme","3",1,TRUE,16.6579999999958
"1367","X=~x2",0.719918953109322,0.0425904645140285,0.8,"MC-PLSc",12034,7376798,1000,"ordinal","normal","normal","Extreme","3",1,TRUE,16.6579999999958
"1368","X=~x3",0.780336026355495,0.0510891817295402,0.8,"MC-PLSc",12034,7376798,1000,"ordinal","normal","normal","Extreme","3",1,TRUE,16.6579999999958
"1369","Z=~z1",0.621482447353946,0.0365857852071742,0.6,"MC-PLSc",12034,7376798,1000,"ordinal","normal","normal","Extreme","3",1,TRUE,16.6579999999958
"1370","Z=~z2",0.652576783708562,0.0434743955641208,0.6,"MC-PLSc",12034,7376798,1000,"ordinal","normal","normal","Extreme","3",1,TRUE,16.6579999999958
"1371","Z=~z3",0.713057558436322,0.0459075183803181,0.8,"MC-PLSc",12034,7376798,1000,"ordinal","normal","normal","Extreme","3",1,TRUE,16.6579999999958
"1372","Y=~y1",0.389294309901539,0.0414375678188715,0.4,"MC-PLSc",12034,7376798,1000,"ordinal","normal","normal","Extreme","3",1,TRUE,16.6579999999958
"1373","Y=~y2",0.736097899162122,0.0371528009343493,0.7,"MC-PLSc",12034,7376798,1000,"ordinal","normal","normal","Extreme","3",1,TRUE,16.6579999999958
"1374","Y=~y3",0.893795165152751,0.0383452847555184,0.9,"MC-PLSc",12034,7376798,1000,"ordinal","normal","normal","Extreme","3",1,TRUE,16.6579999999958
"1375","Y~X",0.441937944171746,0.0659889210904422,0.4,"MC-PLSc",12034,7376798,1000,"ordinal","normal","normal","Extreme","3",1,TRUE,16.6579999999958
"1376","Y~Z",0.545797990537049,0.0635862915426304,0.5,"MC-PLSc",12034,7376798,1000,"ordinal","normal","normal","Extreme","3",1,TRUE,16.6579999999958
"1377","Y~X:Z",0.246382409433532,0.134736267641308,0.3,"MC-PLSc",12034,7376798,1000,"ordinal","normal","normal","Extreme","3",1,TRUE,16.6579999999958
"1378","X~~Z",0.207331806821981,0.0619076670256683,0.2,"MC-PLSc",12034,7376798,1000,"ordinal","normal","normal","Extreme","3",1,TRUE,16.6579999999958
"1379","X=~x1",0.34031852482969,0.0646497318152341,0.4,"PLSc",12034,7376798,1000,"ordinal","normal","normal","Extreme","3",1,TRUE,1.37400000001071
"1380","X=~x2",0.587801864333509,0.0536859130099995,0.8,"PLSc",12034,7376798,1000,"ordinal","normal","normal","Extreme","3",1,TRUE,1.37400000001071
"1381","X=~x3",0.682992854875019,0.054635006324799,0.8,"PLSc",12034,7376798,1000,"ordinal","normal","normal","Extreme","3",1,TRUE,1.37400000001071
"1382","Z=~z1",0.517417494941457,0.0509464057964181,0.6,"PLSc",12034,7376798,1000,"ordinal","normal","normal","Extreme","3",1,TRUE,1.37400000001071
"1383","Z=~z2",0.547358200634722,0.0548047352350779,0.6,"PLSc",12034,7376798,1000,"ordinal","normal","normal","Extreme","3",1,TRUE,1.37400000001071
"1384","Z=~z3",0.581209420024645,0.0493025326757404,0.8,"PLSc",12034,7376798,1000,"ordinal","normal","normal","Extreme","3",1,TRUE,1.37400000001071
"1385","Y=~y1",0.344840851995873,0.049507038930738,0.4,"PLSc",12034,7376798,1000,"ordinal","normal","normal","Extreme","3",1,TRUE,1.37400000001071
"1386","Y=~y2",0.642483489473722,0.0415354150173716,0.7,"PLSc",12034,7376798,1000,"ordinal","normal","normal","Extreme","3",1,TRUE,1.37400000001071
"1387","Y=~y3",0.795198827081139,0.0362266390234541,0.9,"PLSc",12034,7376798,1000,"ordinal","normal","normal","Extreme","3",1,TRUE,1.37400000001071
"1388","Y~X",0.427830058462015,0.0526777685948189,0.4,"PLSc",12034,7376798,1000,"ordinal","normal","normal","Extreme","3",1,TRUE,1.37400000001071
"1389","Y~Z",0.516716674303605,0.0573772634099652,0.5,"PLSc",12034,7376798,1000,"ordinal","normal","normal","Extreme","3",1,TRUE,1.37400000001071
"1390","Y~X:Z",0.122345852917155,0.100437402664634,0.3,"PLSc",12034,7376798,1000,"ordinal","normal","normal","Extreme","3",1,TRUE,1.37400000001071
"1391","X~~Z",0.185932811163225,0.0558827829260388,0.2,"PLSc",12034,7376798,1000,"ordinal","normal","normal","Extreme","3",1,TRUE,1.37400000001071
"1392","X=~x1",0.506636017639972,0.0611666987247568,0.4,"PLS",12034,7376798,1000,"ordinal","normal","normal","Extreme","3",1,TRUE,0.934999999997672
"1393","X=~x2",0.792731405029263,0.0284558598220576,0.8,"PLS",12034,7376798,1000,"ordinal","normal","normal","Extreme","3",1,TRUE,0.934999999997672
"1394","X=~x3",0.821207989752111,0.0270038884644393,0.8,"PLS",12034,7376798,1000,"ordinal","normal","normal","Extreme","3",1,TRUE,0.934999999997672
"1395","Z=~z1",0.697677491787654,0.0377108677681731,0.6,"PLS",12034,7376798,1000,"ordinal","normal","normal","Extreme","3",1,TRUE,0.934999999997672
"1396","Z=~z2",0.721378747280001,0.0369713979312284,0.6,"PLS",12034,7376798,1000,"ordinal","normal","normal","Extreme","3",1,TRUE,0.934999999997672
"1397","Z=~z3",0.770516724218974,0.0281948708589879,0.8,"PLS",12034,7376798,1000,"ordinal","normal","normal","Extreme","3",1,TRUE,0.934999999997672
"1398","Y=~y1",0.474460437148755,0.0518386034292172,0.4,"PLS",12034,7376798,1000,"ordinal","normal","normal","Extreme","3",1,TRUE,0.934999999997672
"1399","Y=~y2",0.81970744933924,0.0227601602458845,0.7,"PLS",12034,7376798,1000,"ordinal","normal","normal","Extreme","3",1,TRUE,0.934999999997672
"1400","Y=~y3",0.881105106252652,0.0123076954802123,0.9,"PLS",12034,7376798,1000,"ordinal","normal","normal","Extreme","3",1,TRUE,0.934999999997672
"1401","Y~X",0.309646596416853,0.0305124836524685,0.4,"PLS",12034,7376798,1000,"ordinal","normal","normal","Extreme","3",1,TRUE,0.934999999997672
"1402","Y~Z",0.349765150875341,0.0301419630694095,0.5,"PLS",12034,7376798,1000,"ordinal","normal","normal","Extreme","3",1,TRUE,0.934999999997672
"1403","Y~X:Z",0.118695227485857,0.0320320816413351,0.3,"PLS",12034,7376798,1000,"ordinal","normal","normal","Extreme","3",1,TRUE,0.934999999997672
"1404","X~~Z",0.108167862299177,0.0325532312771028,0.2,"PLS",12034,7376798,1000,"ordinal","normal","normal","Extreme","3",1,TRUE,0.934999999997672
"1405","X=~x1",0.383,0.052,0.4,"Mplus",12034,7376798,1000,"ordinal","normal","normal","Extreme","3",1,TRUE,359.27899999998
"1406","X=~x2",0.734,0.046,0.8,"Mplus",12034,7376798,1000,"ordinal","normal","normal","Extreme","3",1,TRUE,359.27899999998
"1407","X=~x3",0.749,0.046,0.8,"Mplus",12034,7376798,1000,"ordinal","normal","normal","Extreme","3",1,TRUE,359.27899999998
"1408","Z=~z1",0.602,0.044,0.6,"Mplus",12034,7376798,1000,"ordinal","normal","normal","Extreme","3",1,TRUE,359.27899999998
"1409","Z=~z2",0.634,0.045,0.6,"Mplus",12034,7376798,1000,"ordinal","normal","normal","Extreme","3",1,TRUE,359.27899999998
"1410","Z=~z3",0.722,0.042,0.8,"Mplus",12034,7376798,1000,"ordinal","normal","normal","Extreme","3",1,TRUE,359.27899999998
"1411","Y=~y1",0.366,0.044,0.4,"Mplus",12034,7376798,1000,"ordinal","normal","normal","Extreme","3",1,TRUE,359.27899999998
"1412","Y=~y2",0.727,0.035,0.7,"Mplus",12034,7376798,1000,"ordinal","normal","normal","Extreme","3",1,TRUE,359.27899999998
"1413","Y=~y3",0.895,0.033,0.9,"Mplus",12034,7376798,1000,"ordinal","normal","normal","Extreme","3",1,TRUE,359.27899999998
"1414","Y~X",0.451,0.063,0.4,"Mplus",12034,7376798,1000,"ordinal","normal","normal","Extreme","3",1,TRUE,359.27899999998
"1415","Y~Z",0.555,0.056,0.5,"Mplus",12034,7376798,1000,"ordinal","normal","normal","Extreme","3",1,TRUE,359.27899999998
"1416","Y~X:Z",0.219,0.106,0.3,"Mplus",12034,7376798,1000,"ordinal","normal","normal","Extreme","3",1,TRUE,359.27899999998
"1417","X~~Z",0.166,0.059,0.2,"Mplus",12034,7376798,1000,"ordinal","normal","normal","Extreme","3",1,TRUE,359.27899999998
"1418","X=~x1",0.328713311353483,0.0431139205390027,0.4,"LSAM",12034,7376798,1000,"ordinal","normal","normal","Extreme","3",1,TRUE,0.446999999985565
"1419","X=~x2",0.745969037822401,0.0986356020887714,0.8,"LSAM",12034,7376798,1000,"ordinal","normal","normal","Extreme","3",1,TRUE,0.446999999985565
"1420","X=~x3",0.548476870104295,0.0817441363409546,0.8,"LSAM",12034,7376798,1000,"ordinal","normal","normal","Extreme","3",1,TRUE,0.446999999985565
"1421","Z=~z1",0.491395259905517,0.0530803741519556,0.6,"LSAM",12034,7376798,1000,"ordinal","normal","normal","Extreme","3",1,TRUE,0.446999999985565
"1422","Z=~z2",0.507396868747598,0.0728905823001423,0.6,"LSAM",12034,7376798,1000,"ordinal","normal","normal","Extreme","3",1,TRUE,0.446999999985565
"1423","Z=~z3",0.650850092488598,0.0832135026034515,0.8,"LSAM",12034,7376798,1000,"ordinal","normal","normal","Extreme","3",1,TRUE,0.446999999985565
"1424","Y=~y1",0.313239342912374,0.012659400737415,0.4,"LSAM",12034,7376798,1000,"ordinal","normal","normal","Extreme","3",1,TRUE,0.446999999985565
"1425","Y=~y2",0.668361875628682,0.058452089571056,0.7,"LSAM",12034,7376798,1000,"ordinal","normal","normal","Extreme","3",1,TRUE,0.446999999985565
"1426","Y=~y3",0.807131518515933,0.0692056860186763,0.9,"LSAM",12034,7376798,1000,"ordinal","normal","normal","Extreme","3",1,TRUE,0.446999999985565
"1427","Y~X",0.390776952063955,0.0510005562155719,0.4,"LSAM",12034,7376798,1000,"ordinal","normal","normal","Extreme","3",1,TRUE,0.446999999985565
"1428","Y~Z",0.508229737276066,0.0805910072499344,0.5,"LSAM",12034,7376798,1000,"ordinal","normal","normal","Extreme","3",1,TRUE,0.446999999985565
"1429","Y~X:Z",0.0839040277819907,0.0779345088229052,0.3,"LSAM",12034,7376798,1000,"ordinal","normal","normal","Extreme","3",1,TRUE,0.446999999985565
"1430","X~~Z",0.18382615604647,0.056391951552604,0.2,"LSAM",12034,7376798,1000,"ordinal","normal","normal","Extreme","3",1,TRUE,0.446999999985565
"1431","X=~x1",0.535405861630362,0.0642878647131231,0.4,"MC-PLSc",12035,4119119,300,"ordinal","normal","normal","Extreme","5",1,TRUE,16.4249999999884
"1432","X=~x2",0.744853187194237,0.05804350723402,0.8,"MC-PLSc",12035,4119119,300,"ordinal","normal","normal","Extreme","5",1,TRUE,16.4249999999884
"1433","X=~x3",0.757361170700416,0.0594108400769962,0.8,"MC-PLSc",12035,4119119,300,"ordinal","normal","normal","Extreme","5",1,TRUE,16.4249999999884
"1434","Z=~z1",0.677138318440997,0.08116591603146,0.6,"MC-PLSc",12035,4119119,300,"ordinal","normal","normal","Extreme","5",1,TRUE,16.4249999999884
"1435","Z=~z2",0.660536078101067,0.0764239255426416,0.6,"MC-PLSc",12035,4119119,300,"ordinal","normal","normal","Extreme","5",1,TRUE,16.4249999999884
"1436","Z=~z3",0.913530824922242,0.0687507678373246,0.8,"MC-PLSc",12035,4119119,300,"ordinal","normal","normal","Extreme","5",1,TRUE,16.4249999999884
"1437","Y=~y1",0.367079638545104,0.0663920999010039,0.4,"MC-PLSc",12035,4119119,300,"ordinal","normal","normal","Extreme","5",1,TRUE,16.4249999999884
"1438","Y=~y2",0.773455404771116,0.0522024903139055,0.7,"MC-PLSc",12035,4119119,300,"ordinal","normal","normal","Extreme","5",1,TRUE,16.4249999999884
"1439","Y=~y3",0.89189367507533,0.0479005121527479,0.9,"MC-PLSc",12035,4119119,300,"ordinal","normal","normal","Extreme","5",1,TRUE,16.4249999999884
"1440","Y~X",0.720674694971742,0.0710078972042592,0.4,"MC-PLSc",12035,4119119,300,"ordinal","normal","normal","Extreme","5",1,TRUE,16.4249999999884
"1441","Y~Z",0.245254530041083,0.0854396063738135,0.5,"MC-PLSc",12035,4119119,300,"ordinal","normal","normal","Extreme","5",1,TRUE,16.4249999999884
"1442","Y~X:Z",0.197359314505014,0.170120260235903,0.3,"MC-PLSc",12035,4119119,300,"ordinal","normal","normal","Extreme","5",1,TRUE,16.4249999999884
"1443","X~~Z",0.119203743235049,0.0806842404437399,0.2,"MC-PLSc",12035,4119119,300,"ordinal","normal","normal","Extreme","5",1,TRUE,16.4249999999884
"1444","X=~x1",0.494348836276495,0.077960797918798,0.4,"PLSc",12035,4119119,300,"ordinal","normal","normal","Extreme","5",1,TRUE,1.25900000002002
"1445","X=~x2",0.713079887636831,0.063699235316388,0.8,"PLSc",12035,4119119,300,"ordinal","normal","normal","Extreme","5",1,TRUE,1.25900000002002
"1446","X=~x3",0.655189920041025,0.0607020824870956,0.8,"PLSc",12035,4119119,300,"ordinal","normal","normal","Extreme","5",1,TRUE,1.25900000002002
"1447","Z=~z1",0.601254531138448,0.13192762525369,0.6,"PLSc",12035,4119119,300,"ordinal","normal","normal","Extreme","5",1,TRUE,1.25900000002002
"1448","Z=~z2",0.597647670169561,0.147021940218926,0.6,"PLSc",12035,4119119,300,"ordinal","normal","normal","Extreme","5",1,TRUE,1.25900000002002
"1449","Z=~z3",0.876053497666389,0.10844873207886,0.8,"PLSc",12035,4119119,300,"ordinal","normal","normal","Extreme","5",1,TRUE,1.25900000002002
"1450","Y=~y1",0.352605082171138,0.07829424052489,0.4,"PLSc",12035,4119119,300,"ordinal","normal","normal","Extreme","5",1,TRUE,1.25900000002002
"1451","Y=~y2",0.699213643956931,0.0555050291040114,0.7,"PLSc",12035,4119119,300,"ordinal","normal","normal","Extreme","5",1,TRUE,1.25900000002002
"1452","Y=~y3",0.846994686146241,0.0528987527348963,0.9,"PLSc",12035,4119119,300,"ordinal","normal","normal","Extreme","5",1,TRUE,1.25900000002002
"1453","Y~X",0.703746887539637,0.0917751346036562,0.4,"PLSc",12035,4119119,300,"ordinal","normal","normal","Extreme","5",1,TRUE,1.25900000002002
"1454","Y~Z",0.267071272335068,0.0875655968550117,0.5,"PLSc",12035,4119119,300,"ordinal","normal","normal","Extreme","5",1,TRUE,1.25900000002002
"1455","Y~X:Z",0.228254402099536,0.181629792231817,0.3,"PLSc",12035,4119119,300,"ordinal","normal","normal","Extreme","5",1,TRUE,1.25900000002002
"1456","X~~Z",0.108688985436938,0.0775818303331129,0.2,"PLSc",12035,4119119,300,"ordinal","normal","normal","Extreme","5",1,TRUE,1.25900000002002
"1457","X=~x1",0.64689623456179,0.0617537155188139,0.4,"PLS",12035,4119119,300,"ordinal","normal","normal","Extreme","5",1,TRUE,0.902000000001863
"1458","X=~x2",0.816531770330629,0.030995259806677,0.8,"PLS",12035,4119119,300,"ordinal","normal","normal","Extreme","5",1,TRUE,0.902000000001863
"1459","X=~x3",0.822886612567147,0.0285722224003878,0.8,"PLS",12035,4119119,300,"ordinal","normal","normal","Extreme","5",1,TRUE,0.902000000001863
"1460","Z=~z1",0.768472135074277,0.0557612892844706,0.6,"PLS",12035,4119119,300,"ordinal","normal","normal","Extreme","5",1,TRUE,0.902000000001863
"1461","Z=~z2",0.753510870597143,0.0641973068984052,0.6,"PLS",12035,4119119,300,"ordinal","normal","normal","Extreme","5",1,TRUE,0.902000000001863
"1462","Z=~z3",0.884749617782343,0.0264566467423439,0.8,"PLS",12035,4119119,300,"ordinal","normal","normal","Extreme","5",1,TRUE,0.902000000001863
"1463","Y=~y1",0.477043174865511,0.0831625882680932,0.4,"PLS",12035,4119119,300,"ordinal","normal","normal","Extreme","5",1,TRUE,0.902000000001863
"1464","Y=~y2",0.858515824989328,0.0245319747814309,0.7,"PLS",12035,4119119,300,"ordinal","normal","normal","Extreme","5",1,TRUE,0.902000000001863
"1465","Y=~y3",0.895655483610724,0.0158234786047044,0.9,"PLS",12035,4119119,300,"ordinal","normal","normal","Extreme","5",1,TRUE,0.902000000001863
"1466","Y~X",0.502228701980128,0.0498647357922624,0.4,"PLS",12035,4119119,300,"ordinal","normal","normal","Extreme","5",1,TRUE,0.902000000001863
"1467","Y~Z",0.224055997813415,0.0527970239280283,0.5,"PLS",12035,4119119,300,"ordinal","normal","normal","Extreme","5",1,TRUE,0.902000000001863
"1468","Y~X:Z",0.11837562598153,0.066929748810785,0.3,"PLS",12035,4119119,300,"ordinal","normal","normal","Extreme","5",1,TRUE,0.902000000001863
"1469","X~~Z",0.0785165623012042,0.0570048491540328,0.2,"PLS",12035,4119119,300,"ordinal","normal","normal","Extreme","5",1,TRUE,0.902000000001863
"1470","X=~x1",0.479,0.064,0.4,"Mplus",12035,4119119,300,"ordinal","normal","normal","Extreme","5",1,TRUE,243.256999999983
"1471","X=~x2",0.738,0.06,0.8,"Mplus",12035,4119119,300,"ordinal","normal","normal","Extreme","5",1,TRUE,243.256999999983
"1472","X=~x3",0.721,0.057,0.8,"Mplus",12035,4119119,300,"ordinal","normal","normal","Extreme","5",1,TRUE,243.256999999983
"1473","Z=~z1",0.695,0.054,0.6,"Mplus",12035,4119119,300,"ordinal","normal","normal","Extreme","5",1,TRUE,243.256999999983
"1474","Z=~z2",0.618,0.055,0.6,"Mplus",12035,4119119,300,"ordinal","normal","normal","Extreme","5",1,TRUE,243.256999999983
"1475","Z=~z3",0.865,0.051,0.8,"Mplus",12035,4119119,300,"ordinal","normal","normal","Extreme","5",1,TRUE,243.256999999983
"1476","Y=~y1",0.354,0.065,0.4,"Mplus",12035,4119119,300,"ordinal","normal","normal","Extreme","5",1,TRUE,243.256999999983
"1477","Y=~y2",0.746,0.05,0.7,"Mplus",12035,4119119,300,"ordinal","normal","normal","Extreme","5",1,TRUE,243.256999999983
"1478","Y=~y3",0.888,0.043,0.9,"Mplus",12035,4119119,300,"ordinal","normal","normal","Extreme","5",1,TRUE,243.256999999983
"1479","Y~X",0.656,0.069,0.4,"Mplus",12035,4119119,300,"ordinal","normal","normal","Extreme","5",1,TRUE,243.256999999983
"1480","Y~Z",0.253,0.078,0.5,"Mplus",12035,4119119,300,"ordinal","normal","normal","Extreme","5",1,TRUE,243.256999999983
"1481","Y~X:Z",0.352,0.118,0.3,"Mplus",12035,4119119,300,"ordinal","normal","normal","Extreme","5",1,TRUE,243.256999999983
"1482","X~~Z",0.121,0.076,0.2,"Mplus",12035,4119119,300,"ordinal","normal","normal","Extreme","5",1,TRUE,243.256999999983
"1483","X=~x1",0.454239282242859,0.0607524784058971,0.4,"LSAM",12035,4119119,300,"ordinal","normal","normal","Extreme","5",1,TRUE,0.431999999971595
"1484","X=~x2",0.62269068362238,0.0982327820192844,0.8,"LSAM",12035,4119119,300,"ordinal","normal","normal","Extreme","5",1,TRUE,0.431999999971595
"1485","X=~x3",0.793841893109018,0.105095702999904,0.8,"LSAM",12035,4119119,300,"ordinal","normal","normal","Extreme","5",1,TRUE,0.431999999971595
"1486","Z=~z1",0.640873573142862,0.0427509587606958,0.6,"LSAM",12035,4119119,300,"ordinal","normal","normal","Extreme","5",1,TRUE,0.431999999971595
"1487","Z=~z2",0.60892303279553,0.0671105232461128,0.6,"LSAM",12035,4119119,300,"ordinal","normal","normal","Extreme","5",1,TRUE,0.431999999971595
"1488","Z=~z3",0.823403046700006,0.0679243451942017,0.8,"LSAM",12035,4119119,300,"ordinal","normal","normal","Extreme","5",1,TRUE,0.431999999971595
"1489","Y=~y1",0.315121584270156,0.0242645474320394,0.4,"LSAM",12035,4119119,300,"ordinal","normal","normal","Extreme","5",1,TRUE,0.431999999971595
"1490","Y=~y2",0.784510450742357,0.101685316216502,0.7,"LSAM",12035,4119119,300,"ordinal","normal","normal","Extreme","5",1,TRUE,0.431999999971595
"1491","Y=~y3",0.791720073559244,0.102299118273186,0.9,"LSAM",12035,4119119,300,"ordinal","normal","normal","Extreme","5",1,TRUE,0.431999999971595
"1492","Y~X",0.640195866641596,0.0807160002754752,0.4,"LSAM",12035,4119119,300,"ordinal","normal","normal","Extreme","5",1,TRUE,0.431999999971595
"1493","Y~Z",0.288786325989971,0.0750865628662547,0.5,"LSAM",12035,4119119,300,"ordinal","normal","normal","Extreme","5",1,TRUE,0.431999999971595
"1494","Y~X:Z",0.157136254442548,0.130592617691488,0.3,"LSAM",12035,4119119,300,"ordinal","normal","normal","Extreme","5",1,TRUE,0.431999999971595
"1495","X~~Z",0.0903632737637587,0.0736736874140626,0.2,"LSAM",12035,4119119,300,"ordinal","normal","normal","Extreme","5",1,TRUE,0.431999999971595
"1496","X=~x1",0.326534036479969,0.0502604478931413,0.4,"MC-PLSc",12036,5857455,1000,"ordinal","normal","normal","Extreme","5",1,TRUE,19.7370000000228
"1497","X=~x2",0.768986831903643,0.0367480386430753,0.8,"MC-PLSc",12036,5857455,1000,"ordinal","normal","normal","Extreme","5",1,TRUE,19.7370000000228
"1498","X=~x3",0.844899648874008,0.038333978083842,0.8,"MC-PLSc",12036,5857455,1000,"ordinal","normal","normal","Extreme","5",1,TRUE,19.7370000000228
"1499","Z=~z1",0.560204777691145,0.0382384373269722,0.6,"MC-PLSc",12036,5857455,1000,"ordinal","normal","normal","Extreme","5",1,TRUE,19.7370000000228
"1500","Z=~z2",0.640029914321888,0.0386192378394099,0.6,"MC-PLSc",12036,5857455,1000,"ordinal","normal","normal","Extreme","5",1,TRUE,19.7370000000228
"1501","Z=~z3",0.788475160017317,0.0369542649028506,0.8,"MC-PLSc",12036,5857455,1000,"ordinal","normal","normal","Extreme","5",1,TRUE,19.7370000000228
"1502","Y=~y1",0.417559123996437,0.0358843312481563,0.4,"MC-PLSc",12036,5857455,1000,"ordinal","normal","normal","Extreme","5",1,TRUE,19.7370000000228
"1503","Y=~y2",0.695442578656559,0.0295512536990085,0.7,"MC-PLSc",12036,5857455,1000,"ordinal","normal","normal","Extreme","5",1,TRUE,19.7370000000228
"1504","Y=~y3",0.944061651699667,0.0251509376841474,0.9,"MC-PLSc",12036,5857455,1000,"ordinal","normal","normal","Extreme","5",1,TRUE,19.7370000000228
"1505","Y~X",0.378316222345039,0.0495315044221591,0.4,"MC-PLSc",12036,5857455,1000,"ordinal","normal","normal","Extreme","5",1,TRUE,19.7370000000228
"1506","Y~Z",0.546101245334341,0.0456293630626724,0.5,"MC-PLSc",12036,5857455,1000,"ordinal","normal","normal","Extreme","5",1,TRUE,19.7370000000228
"1507","Y~X:Z",0.33125476529569,0.0731140544127917,0.3,"MC-PLSc",12036,5857455,1000,"ordinal","normal","normal","Extreme","5",1,TRUE,19.7370000000228
"1508","X~~Z",0.103001766770283,0.0523836642999305,0.2,"MC-PLSc",12036,5857455,1000,"ordinal","normal","normal","Extreme","5",1,TRUE,19.7370000000228
"1509","X=~x1",0.226212471542492,0.0791307310349367,0.4,"PLSc",12036,5857455,1000,"ordinal","normal","normal","Extreme","5",1,TRUE,1.35100000002421
"1510","X=~x2",0.726740839880124,0.0431180358507555,0.8,"PLSc",12036,5857455,1000,"ordinal","normal","normal","Extreme","5",1,TRUE,1.35100000002421
"1511","X=~x3",0.794963016719751,0.0473271513816456,0.8,"PLSc",12036,5857455,1000,"ordinal","normal","normal","Extreme","5",1,TRUE,1.35100000002421
"1512","Z=~z1",0.516628972920585,0.0474893366483056,0.6,"PLSc",12036,5857455,1000,"ordinal","normal","normal","Extreme","5",1,TRUE,1.35100000002421
"1513","Z=~z2",0.577743647910648,0.0457739238049879,0.6,"PLSc",12036,5857455,1000,"ordinal","normal","normal","Extreme","5",1,TRUE,1.35100000002421
"1514","Z=~z3",0.713737683209006,0.0400513407253651,0.8,"PLSc",12036,5857455,1000,"ordinal","normal","normal","Extreme","5",1,TRUE,1.35100000002421
"1515","Y=~y1",0.385457610567721,0.0462110262293454,0.4,"PLSc",12036,5857455,1000,"ordinal","normal","normal","Extreme","5",1,TRUE,1.35100000002421
"1516","Y=~y2",0.654070390813277,0.0346285453389451,0.7,"PLSc",12036,5857455,1000,"ordinal","normal","normal","Extreme","5",1,TRUE,1.35100000002421
"1517","Y=~y3",0.885805340380206,0.0304890372207782,0.9,"PLSc",12036,5857455,1000,"ordinal","normal","normal","Extreme","5",1,TRUE,1.35100000002421
"1518","Y~X",0.382706869149843,0.0436017564804052,0.4,"PLSc",12036,5857455,1000,"ordinal","normal","normal","Extreme","5",1,TRUE,1.35100000002421
"1519","Y~Z",0.53069926385415,0.0410437549874684,0.5,"PLSc",12036,5857455,1000,"ordinal","normal","normal","Extreme","5",1,TRUE,1.35100000002421
"1520","Y~X:Z",0.258399850631377,0.0642170766512921,0.3,"PLSc",12036,5857455,1000,"ordinal","normal","normal","Extreme","5",1,TRUE,1.35100000002421
"1521","X~~Z",0.0939546098916223,0.0466550387490365,0.2,"PLSc",12036,5857455,1000,"ordinal","normal","normal","Extreme","5",1,TRUE,1.35100000002421
"1522","X=~x1",0.427898760360049,0.0621060098790183,0.4,"PLS",12036,5857455,1000,"ordinal","normal","normal","Extreme","5",1,TRUE,1.13100000005215
"1523","X=~x2",0.851974079540228,0.0181390008437919,0.8,"PLS",12036,5857455,1000,"ordinal","normal","normal","Extreme","5",1,TRUE,1.13100000005215
"1524","X=~x3",0.877265956216357,0.0158744426114801,0.8,"PLS",12036,5857455,1000,"ordinal","normal","normal","Extreme","5",1,TRUE,1.13100000005215
"1525","Z=~z1",0.678344526618903,0.0331552162842735,0.6,"PLS",12036,5857455,1000,"ordinal","normal","normal","Extreme","5",1,TRUE,1.13100000005215
"1526","Z=~z2",0.747456907709907,0.0261812781078856,0.6,"PLS",12036,5857455,1000,"ordinal","normal","normal","Extreme","5",1,TRUE,1.13100000005215
"1527","Z=~z3",0.835356012278773,0.0156303469010333,0.8,"PLS",12036,5857455,1000,"ordinal","normal","normal","Extreme","5",1,TRUE,1.13100000005215
"1528","Y=~y1",0.54258291222622,0.0415294818306271,0.4,"PLS",12036,5857455,1000,"ordinal","normal","normal","Extreme","5",1,TRUE,1.13100000005215
"1529","Y=~y2",0.818313081898889,0.0186524204663884,0.7,"PLS",12036,5857455,1000,"ordinal","normal","normal","Extreme","5",1,TRUE,1.13100000005215
"1530","Y=~y3",0.905902963274692,0.007671039878166,0.9,"PLS",12036,5857455,1000,"ordinal","normal","normal","Extreme","5",1,TRUE,1.13100000005215
"1531","Y~X",0.309497883193128,0.0285797144579117,0.4,"PLS",12036,5857455,1000,"ordinal","normal","normal","Extreme","5",1,TRUE,1.13100000005215
"1532","Y~Z",0.389000833650907,0.0263038721516768,0.5,"PLS",12036,5857455,1000,"ordinal","normal","normal","Extreme","5",1,TRUE,1.13100000005215
"1533","Y~X:Z",0.175043989552506,0.0287459101756859,0.3,"PLS",12036,5857455,1000,"ordinal","normal","normal","Extreme","5",1,TRUE,1.13100000005215
"1534","X~~Z",0.0648442381341529,0.0321287022084154,0.2,"PLS",12036,5857455,1000,"ordinal","normal","normal","Extreme","5",1,TRUE,1.13100000005215
"1535","X=~x1",0.349,0.037,0.4,"Mplus",12036,5857455,1000,"ordinal","normal","normal","Extreme","5",1,TRUE,560.83600000001
"1536","X=~x2",0.744,0.035,0.8,"Mplus",12036,5857455,1000,"ordinal","normal","normal","Extreme","5",1,TRUE,560.83600000001
"1537","X=~x3",0.816,0.035,0.8,"Mplus",12036,5857455,1000,"ordinal","normal","normal","Extreme","5",1,TRUE,560.83600000001
"1538","Z=~z1",0.533,0.036,0.6,"Mplus",12036,5857455,1000,"ordinal","normal","normal","Extreme","5",1,TRUE,560.83600000001
"1539","Z=~z2",0.606,0.034,0.6,"Mplus",12036,5857455,1000,"ordinal","normal","normal","Extreme","5",1,TRUE,560.83600000001
"1540","Z=~z3",0.775,0.032,0.8,"Mplus",12036,5857455,1000,"ordinal","normal","normal","Extreme","5",1,TRUE,560.83600000001
"1541","Y=~y1",0.391,0.034,0.4,"Mplus",12036,5857455,1000,"ordinal","normal","normal","Extreme","5",1,TRUE,560.83600000001
"1542","Y=~y2",0.687,0.029,0.7,"Mplus",12036,5857455,1000,"ordinal","normal","normal","Extreme","5",1,TRUE,560.83600000001
"1543","Y=~y3",0.926,0.024,0.9,"Mplus",12036,5857455,1000,"ordinal","normal","normal","Extreme","5",1,TRUE,560.83600000001
"1544","Y~X",0.39,0.043,0.4,"Mplus",12036,5857455,1000,"ordinal","normal","normal","Extreme","5",1,TRUE,560.83600000001
"1545","Y~Z",0.526,0.042,0.5,"Mplus",12036,5857455,1000,"ordinal","normal","normal","Extreme","5",1,TRUE,560.83600000001
"1546","Y~X:Z",0.358,0.056,0.3,"Mplus",12036,5857455,1000,"ordinal","normal","normal","Extreme","5",1,TRUE,560.83600000001
"1547","X~~Z",0.121,0.047,0.2,"Mplus",12036,5857455,1000,"ordinal","normal","normal","Extreme","5",1,TRUE,560.83600000001
"1548","X=~x1",0.340270651911021,0.03379578797938,0.4,"LSAM",12036,5857455,1000,"ordinal","normal","normal","Extreme","5",1,TRUE,0.445999999996275
"1549","X=~x2",0.70506893109596,0.0688127898058669,0.8,"LSAM",12036,5857455,1000,"ordinal","normal","normal","Extreme","5",1,TRUE,0.445999999996275
"1550","X=~x3",0.754908202198851,0.0703464074007649,0.8,"LSAM",12036,5857455,1000,"ordinal","normal","normal","Extreme","5",1,TRUE,0.445999999996275
"1551","Z=~z1",0.480753547397567,0.025574032312652,0.6,"LSAM",12036,5857455,1000,"ordinal","normal","normal","Extreme","5",1,TRUE,0.445999999996275
"1552","Z=~z2",0.575710424153496,0.0496375558966022,0.6,"LSAM",12036,5857455,1000,"ordinal","normal","normal","Extreme","5",1,TRUE,0.445999999996275
"1553","Z=~z3",0.753572784306005,0.0585827729653836,0.8,"LSAM",12036,5857455,1000,"ordinal","normal","normal","Extreme","5",1,TRUE,0.445999999996275
"1554","Y=~y1",0.367812865398366,0.0130608400722964,0.4,"LSAM",12036,5857455,1000,"ordinal","normal","normal","Extreme","5",1,TRUE,0.445999999996275
"1555","Y=~y2",0.63856705171043,0.0432627020586097,0.7,"LSAM",12036,5857455,1000,"ordinal","normal","normal","Extreme","5",1,TRUE,0.445999999996275
"1556","Y=~y3",0.921402603815985,0.0549137801065495,0.9,"LSAM",12036,5857455,1000,"ordinal","normal","normal","Extreme","5",1,TRUE,0.445999999996275
"1557","Y~X",0.394989207848377,0.0416708125925995,0.4,"LSAM",12036,5857455,1000,"ordinal","normal","normal","Extreme","5",1,TRUE,0.445999999996275
"1558","Y~Z",0.50551174701135,0.0458989366182809,0.5,"LSAM",12036,5857455,1000,"ordinal","normal","normal","Extreme","5",1,TRUE,0.445999999996275
"1559","Y~X:Z",0.237259585460709,0.0521006070916848,0.3,"LSAM",12036,5857455,1000,"ordinal","normal","normal","Extreme","5",1,TRUE,0.445999999996275
"1560","X~~Z",0.0840329601329536,0.0459948096210949,0.2,"LSAM",12036,5857455,1000,"ordinal","normal","normal","Extreme","5",1,TRUE,0.445999999996275
"1561","X=~x1",0.217303168230567,0.121427724112228,0.4,"MC-PLSc",12037,427521,300,"ordinal","skewed","normal","Symmetric","2",1,TRUE,12.3520000000135
"1562","X=~x2",0.779227587803158,0.124237615867191,0.8,"MC-PLSc",12037,427521,300,"ordinal","skewed","normal","Symmetric","2",1,TRUE,12.3520000000135
"1563","X=~x3",0.746930631368683,0.0964756404109977,0.8,"MC-PLSc",12037,427521,300,"ordinal","skewed","normal","Symmetric","2",1,TRUE,12.3520000000135
"1564","Z=~z1",0.458074071739434,0.106962902701416,0.6,"MC-PLSc",12037,427521,300,"ordinal","skewed","normal","Symmetric","2",1,TRUE,12.3520000000135
"1565","Z=~z2",0.37776892565185,0.107761089624861,0.6,"MC-PLSc",12037,427521,300,"ordinal","skewed","normal","Symmetric","2",1,TRUE,12.3520000000135
"1566","Z=~z3",0.799961064119918,0.144340672162869,0.8,"MC-PLSc",12037,427521,300,"ordinal","skewed","normal","Symmetric","2",1,TRUE,12.3520000000135
"1567","Y=~y1",0.178433402343786,0.0968651307171289,0.4,"MC-PLSc",12037,427521,300,"ordinal","skewed","normal","Symmetric","2",1,TRUE,12.3520000000135
"1568","Y=~y2",0.613692707119898,0.110439494982268,0.7,"MC-PLSc",12037,427521,300,"ordinal","skewed","normal","Symmetric","2",1,TRUE,12.3520000000135
"1569","Y=~y3",0.75149313255659,0.09774707725218,0.9,"MC-PLSc",12037,427521,300,"ordinal","skewed","normal","Symmetric","2",1,TRUE,12.3520000000135
"1570","Y~X",0.398497448297661,0.12758575490111,0.4,"MC-PLSc",12037,427521,300,"ordinal","skewed","normal","Symmetric","2",1,TRUE,12.3520000000135
"1571","Y~Z",0.514495109045833,0.131207133176217,0.5,"MC-PLSc",12037,427521,300,"ordinal","skewed","normal","Symmetric","2",1,TRUE,12.3520000000135
"1572","Y~X:Z",0.160595064284795,0.178518878050875,0.3,"MC-PLSc",12037,427521,300,"ordinal","skewed","normal","Symmetric","2",1,TRUE,12.3520000000135
"1573","X~~Z",0.425627697509359,0.122135121165035,0.2,"MC-PLSc",12037,427521,300,"ordinal","skewed","normal","Symmetric","2",1,TRUE,12.3520000000135
"1574","X=~x1",0.0726082666385775,0.1272289926194,0.4,"PLSc",12037,427521,300,"ordinal","skewed","normal","Symmetric","2",1,TRUE,1.28699999995297
"1575","X=~x2",0.641517526932703,0.110229611970768,0.8,"PLSc",12037,427521,300,"ordinal","skewed","normal","Symmetric","2",1,TRUE,1.28699999995297
"1576","X=~x3",0.617617195898695,0.105319195670386,0.8,"PLSc",12037,427521,300,"ordinal","skewed","normal","Symmetric","2",1,TRUE,1.28699999995297
"1577","Z=~z1",0.382632704569483,0.0950560763266632,0.6,"PLSc",12037,427521,300,"ordinal","skewed","normal","Symmetric","2",1,TRUE,1.28699999995297
"1578","Z=~z2",0.268623537653212,0.11358695760731,0.6,"PLSc",12037,427521,300,"ordinal","skewed","normal","Symmetric","2",1,TRUE,1.28699999995297
"1579","Z=~z3",0.652503967089593,0.113920280224345,0.8,"PLSc",12037,427521,300,"ordinal","skewed","normal","Symmetric","2",1,TRUE,1.28699999995297
"1580","Y=~y1",0.156498542319952,0.0868277506726236,0.4,"PLSc",12037,427521,300,"ordinal","skewed","normal","Symmetric","2",1,TRUE,1.28699999995297
"1581","Y=~y2",0.485514589630737,0.0778872642069852,0.7,"PLSc",12037,427521,300,"ordinal","skewed","normal","Symmetric","2",1,TRUE,1.28699999995297
"1582","Y=~y3",0.607879522091829,0.0830222144513619,0.9,"PLSc",12037,427521,300,"ordinal","skewed","normal","Symmetric","2",1,TRUE,1.28699999995297
"1583","Y~X",0.370767378497106,2.3768807591033,0.4,"PLSc",12037,427521,300,"ordinal","skewed","normal","Symmetric","2",1,TRUE,1.28699999995297
"1584","Y~Z",0.53204347717721,1.2001508518774,0.5,"PLSc",12037,427521,300,"ordinal","skewed","normal","Symmetric","2",1,TRUE,1.28699999995297
"1585","Y~X:Z",0.0916538847123318,3.64266668311462,0.3,"PLSc",12037,427521,300,"ordinal","skewed","normal","Symmetric","2",1,TRUE,1.28699999995297
"1586","X~~Z",0.41592537988757,0.129199730627108,0.2,"PLSc",12037,427521,300,"ordinal","skewed","normal","Symmetric","2",1,TRUE,1.28699999995297
"1587","X=~x1",0.284578899667393,0.147265291101182,0.4,"PLS",12037,427521,300,"ordinal","skewed","normal","Symmetric","2",1,TRUE,0.886999999987893
"1588","X=~x2",0.833315913431578,0.0539507105301565,0.8,"PLS",12037,427521,300,"ordinal","skewed","normal","Symmetric","2",1,TRUE,0.886999999987893
"1589","X=~x3",0.814959714366936,0.0577123045322577,0.8,"PLS",12037,427521,300,"ordinal","skewed","normal","Symmetric","2",1,TRUE,0.886999999987893
"1590","Z=~z1",0.593818493546761,0.110759553229283,0.6,"PLS",12037,427521,300,"ordinal","skewed","normal","Symmetric","2",1,TRUE,0.886999999987893
"1591","Z=~z2",0.503081295933669,0.122727728365739,0.6,"PLS",12037,427521,300,"ordinal","skewed","normal","Symmetric","2",1,TRUE,0.886999999987893
"1592","Z=~z3",0.85892555758288,0.0544539114758324,0.8,"PLS",12037,427521,300,"ordinal","skewed","normal","Symmetric","2",1,TRUE,0.886999999987893
"1593","Y=~y1",0.247655824049609,0.126576560531478,0.4,"PLS",12037,427521,300,"ordinal","skewed","normal","Symmetric","2",1,TRUE,0.886999999987893
"1594","Y=~y2",0.750049137660711,0.0592245817800172,0.7,"PLS",12037,427521,300,"ordinal","skewed","normal","Symmetric","2",1,TRUE,0.886999999987893
"1595","Y=~y3",0.839135871558758,0.0469261597625453,0.9,"PLS",12037,427521,300,"ordinal","skewed","normal","Symmetric","2",1,TRUE,0.886999999987893
"1596","Y~X",0.2564086992055,0.052559810299607,0.4,"PLS",12037,427521,300,"ordinal","skewed","normal","Symmetric","2",1,TRUE,0.886999999987893
"1597","Y~Z",0.275181805475381,0.0507649658113173,0.5,"PLS",12037,427521,300,"ordinal","skewed","normal","Symmetric","2",1,TRUE,0.886999999987893
"1598","Y~X:Z",0.0471598693535704,0.0496701243861752,0.3,"PLS",12037,427521,300,"ordinal","skewed","normal","Symmetric","2",1,TRUE,0.886999999987893
"1599","X~~Z",0.218995695843532,0.053688649201362,0.2,"PLS",12037,427521,300,"ordinal","skewed","normal","Symmetric","2",1,TRUE,0.886999999987893
"1600","X=~x1",0.285,0.084,0.4,"Mplus",12037,427521,300,"ordinal","skewed","normal","Symmetric","2",1,TRUE,147.597000000009
"1601","X=~x2",0.852,0.125,0.8,"Mplus",12037,427521,300,"ordinal","skewed","normal","Symmetric","2",1,TRUE,147.597000000009
"1602","X=~x3",0.609,0.106,0.8,"Mplus",12037,427521,300,"ordinal","skewed","normal","Symmetric","2",1,TRUE,147.597000000009
"1603","Z=~z1",0.418,0.097,0.6,"Mplus",12037,427521,300,"ordinal","skewed","normal","Symmetric","2",1,TRUE,147.597000000009
"1604","Z=~z2",0.368,0.096,0.6,"Mplus",12037,427521,300,"ordinal","skewed","normal","Symmetric","2",1,TRUE,147.597000000009
"1605","Z=~z3",0.722,0.126,0.8,"Mplus",12037,427521,300,"ordinal","skewed","normal","Symmetric","2",1,TRUE,147.597000000009
"1606","Y=~y1",0.137,0.075,0.4,"Mplus",12037,427521,300,"ordinal","skewed","normal","Symmetric","2",1,TRUE,147.597000000009
"1607","Y=~y2",0.59,0.096,0.7,"Mplus",12037,427521,300,"ordinal","skewed","normal","Symmetric","2",1,TRUE,147.597000000009
"1608","Y=~y3",0.779,0.102,0.9,"Mplus",12037,427521,300,"ordinal","skewed","normal","Symmetric","2",1,TRUE,147.597000000009
"1609","Y~X",0.334,0.176,0.4,"Mplus",12037,427521,300,"ordinal","skewed","normal","Symmetric","2",1,TRUE,147.597000000009
"1610","Y~Z",0.541,0.182,0.5,"Mplus",12037,427521,300,"ordinal","skewed","normal","Symmetric","2",1,TRUE,147.597000000009
"1611","Y~X:Z",0.376,0.152,0.3,"Mplus",12037,427521,300,"ordinal","skewed","normal","Symmetric","2",1,TRUE,147.597000000009
"1612","X~~Z",0.458,0.114,0.2,"Mplus",12037,427521,300,"ordinal","skewed","normal","Symmetric","2",1,TRUE,147.597000000009
"1613","X=~x1",0.313780270765493,0.0803069779959978,0.4,"LSAM",12037,427521,300,"ordinal","skewed","normal","Symmetric","2",1,TRUE,0.686000000045169
"1614","X=~x2",0.69841832307555,0.202633643447531,0.8,"LSAM",12037,427521,300,"ordinal","skewed","normal","Symmetric","2",1,TRUE,0.686000000045169
"1615","X=~x3",0.517794065471856,0.16056555763536,0.8,"LSAM",12037,427521,300,"ordinal","skewed","normal","Symmetric","2",1,TRUE,0.686000000045169
"1616","Z=~z1",0.324671060058204,0.117006621482432,0.6,"LSAM",12037,427521,300,"ordinal","skewed","normal","Symmetric","2",1,TRUE,0.686000000045169
"1617","Z=~z2",0.365414629227886,0.173525637955808,0.6,"LSAM",12037,427521,300,"ordinal","skewed","normal","Symmetric","2",1,TRUE,0.686000000045169
"1618","Z=~z3",0.630058234056175,0.289789559035116,0.8,"LSAM",12037,427521,300,"ordinal","skewed","normal","Symmetric","2",1,TRUE,0.686000000045169
"1619","Y=~y1",0.290303134878631,0.0259170518308418,0.4,"LSAM",12037,427521,300,"ordinal","skewed","normal","Symmetric","2",1,TRUE,0.686000000045169
"1620","Y=~y2",0.539864897567685,0.178355773579444,0.7,"LSAM",12037,427521,300,"ordinal","skewed","normal","Symmetric","2",1,TRUE,0.686000000045169
"1621","Y=~y3",0.489625867970935,0.155950423254752,0.9,"LSAM",12037,427521,300,"ordinal","skewed","normal","Symmetric","2",1,TRUE,0.686000000045169
"1622","Y~X",0.305022449891543,0.313871303690063,0.4,"LSAM",12037,427521,300,"ordinal","skewed","normal","Symmetric","2",1,TRUE,0.686000000045169
"1623","Y~Z",0.595174837174171,0.37399346181629,0.5,"LSAM",12037,427521,300,"ordinal","skewed","normal","Symmetric","2",1,TRUE,0.686000000045169
"1624","Y~X:Z",0.023693685039096,0.24999917581136,0.3,"LSAM",12037,427521,300,"ordinal","skewed","normal","Symmetric","2",1,TRUE,0.686000000045169
"1625","X~~Z",0.404379242000425,0.26369590300769,0.2,"LSAM",12037,427521,300,"ordinal","skewed","normal","Symmetric","2",1,TRUE,0.686000000045169
"1626","X=~x1",0.266545196172308,0.0655217189516801,0.4,"MC-PLSc",12038,6741517,1000,"ordinal","skewed","normal","Symmetric","2",1,TRUE,14.2289999999921
"1627","X=~x2",0.770543645641585,0.0637815975901328,0.8,"MC-PLSc",12038,6741517,1000,"ordinal","skewed","normal","Symmetric","2",1,TRUE,14.2289999999921
"1628","X=~x3",0.754154279046102,0.0646573873887303,0.8,"MC-PLSc",12038,6741517,1000,"ordinal","skewed","normal","Symmetric","2",1,TRUE,14.2289999999921
"1629","Z=~z1",0.558420540042216,0.0505684352022615,0.6,"MC-PLSc",12038,6741517,1000,"ordinal","skewed","normal","Symmetric","2",1,TRUE,14.2289999999921
"1630","Z=~z2",0.532564348335972,0.0473671015807985,0.6,"MC-PLSc",12038,6741517,1000,"ordinal","skewed","normal","Symmetric","2",1,TRUE,14.2289999999921
"1631","Z=~z3",0.791238317384753,0.0492447493914878,0.8,"MC-PLSc",12038,6741517,1000,"ordinal","skewed","normal","Symmetric","2",1,TRUE,14.2289999999921
"1632","Y=~y1",0.400519391372452,0.0514010447768502,0.4,"MC-PLSc",12038,6741517,1000,"ordinal","skewed","normal","Symmetric","2",1,TRUE,14.2289999999921
"1633","Y=~y2",0.571708577750294,0.0494960133479346,0.7,"MC-PLSc",12038,6741517,1000,"ordinal","skewed","normal","Symmetric","2",1,TRUE,14.2289999999921
"1634","Y=~y3",0.823522566431515,0.0462082752462202,0.9,"MC-PLSc",12038,6741517,1000,"ordinal","skewed","normal","Symmetric","2",1,TRUE,14.2289999999921
"1635","Y~X",0.447368070936421,0.0566898712478706,0.4,"MC-PLSc",12038,6741517,1000,"ordinal","skewed","normal","Symmetric","2",1,TRUE,14.2289999999921
"1636","Y~Z",0.61048608082336,0.0581356955535096,0.5,"MC-PLSc",12038,6741517,1000,"ordinal","skewed","normal","Symmetric","2",1,TRUE,14.2289999999921
"1637","Y~X:Z",0.183729766567089,0.102483162459899,0.3,"MC-PLSc",12038,6741517,1000,"ordinal","skewed","normal","Symmetric","2",1,TRUE,14.2289999999921
"1638","X~~Z",0.179418020407468,0.0643952912642516,0.2,"MC-PLSc",12038,6741517,1000,"ordinal","skewed","normal","Symmetric","2",1,TRUE,14.2289999999921
"1639","X=~x1",0.2167225340374,0.0690406359074467,0.4,"PLSc",12038,6741517,1000,"ordinal","skewed","normal","Symmetric","2",1,TRUE,1.34799999999814
"1640","X=~x2",0.630410165561852,0.0503454529958964,0.8,"PLSc",12038,6741517,1000,"ordinal","skewed","normal","Symmetric","2",1,TRUE,1.34799999999814
"1641","X=~x3",0.615835620014489,0.0580416338187764,0.8,"PLSc",12038,6741517,1000,"ordinal","skewed","normal","Symmetric","2",1,TRUE,1.34799999999814
"1642","Z=~z1",0.457478375159212,0.0456446907198985,0.6,"PLSc",12038,6741517,1000,"ordinal","skewed","normal","Symmetric","2",1,TRUE,1.34799999999814
"1643","Z=~z2",0.421364616144303,0.0461845632386906,0.6,"PLSc",12038,6741517,1000,"ordinal","skewed","normal","Symmetric","2",1,TRUE,1.34799999999814
"1644","Z=~z3",0.638002080803708,0.0453292309283344,0.8,"PLSc",12038,6741517,1000,"ordinal","skewed","normal","Symmetric","2",1,TRUE,1.34799999999814
"1645","Y=~y1",0.327978199145633,0.0393667364144889,0.4,"PLSc",12038,6741517,1000,"ordinal","skewed","normal","Symmetric","2",1,TRUE,1.34799999999814
"1646","Y=~y2",0.44206665315012,0.0412356228288678,0.7,"PLSc",12038,6741517,1000,"ordinal","skewed","normal","Symmetric","2",1,TRUE,1.34799999999814
"1647","Y=~y3",0.678516493595249,0.0389420625034854,0.9,"PLSc",12038,6741517,1000,"ordinal","skewed","normal","Symmetric","2",1,TRUE,1.34799999999814
"1648","Y~X",0.438909577496778,0.0565903002062192,0.4,"PLSc",12038,6741517,1000,"ordinal","skewed","normal","Symmetric","2",1,TRUE,1.34799999999814
"1649","Y~Z",0.611232344150873,0.0650639459772926,0.5,"PLSc",12038,6741517,1000,"ordinal","skewed","normal","Symmetric","2",1,TRUE,1.34799999999814
"1650","Y~X:Z",0.0565668094268183,0.075433888262345,0.3,"PLSc",12038,6741517,1000,"ordinal","skewed","normal","Symmetric","2",1,TRUE,1.34799999999814
"1651","X~~Z",0.175253497692216,0.0559785516900167,0.2,"PLSc",12038,6741517,1000,"ordinal","skewed","normal","Symmetric","2",1,TRUE,1.34799999999814
"1652","X=~x1",0.343245502796484,0.0737148961139341,0.4,"PLS",12038,6741517,1000,"ordinal","skewed","normal","Symmetric","2",1,TRUE,0.935999999986961
"1653","X=~x2",0.822780639568248,0.0269155187032736,0.8,"PLS",12038,6741517,1000,"ordinal","skewed","normal","Symmetric","2",1,TRUE,0.935999999986961
"1654","X=~x3",0.81429570712602,0.0316991101579964,0.8,"PLS",12038,6741517,1000,"ordinal","skewed","normal","Symmetric","2",1,TRUE,0.935999999986961
"1655","Z=~z1",0.65682713761513,0.0390658631288603,0.6,"PLS",12038,6741517,1000,"ordinal","skewed","normal","Symmetric","2",1,TRUE,0.935999999986961
"1656","Z=~z2",0.631253556595659,0.0400105880259457,0.6,"PLS",12038,6741517,1000,"ordinal","skewed","normal","Symmetric","2",1,TRUE,0.935999999986961
"1657","Z=~z3",0.816987859599656,0.0221199661185806,0.8,"PLS",12038,6741517,1000,"ordinal","skewed","normal","Symmetric","2",1,TRUE,0.935999999986961
"1658","Y=~y1",0.50496961077715,0.0461395125385692,0.4,"PLS",12038,6741517,1000,"ordinal","skewed","normal","Symmetric","2",1,TRUE,0.935999999986961
"1659","Y=~y2",0.681233001904249,0.0342876816593651,0.7,"PLS",12038,6741517,1000,"ordinal","skewed","normal","Symmetric","2",1,TRUE,0.935999999986961
"1660","Y=~y3",0.846816696362113,0.0173581337170591,0.9,"PLS",12038,6741517,1000,"ordinal","skewed","normal","Symmetric","2",1,TRUE,0.935999999986961
"1661","Y~X",0.269134604880736,0.0278880676517634,0.4,"PLS",12038,6741517,1000,"ordinal","skewed","normal","Symmetric","2",1,TRUE,0.935999999986961
"1662","Y~Z",0.343946296108857,0.028583787694313,0.5,"PLS",12038,6741517,1000,"ordinal","skewed","normal","Symmetric","2",1,TRUE,0.935999999986961
"1663","Y~X:Z",0.0572115395035662,0.0283585166357343,0.3,"PLS",12038,6741517,1000,"ordinal","skewed","normal","Symmetric","2",1,TRUE,0.935999999986961
"1664","X~~Z",0.0962519244946448,0.03027211348751,0.2,"PLS",12038,6741517,1000,"ordinal","skewed","normal","Symmetric","2",1,TRUE,0.935999999986961
"1665","X=~x1",0.228,0.044,0.4,"Mplus",12038,6741517,1000,"ordinal","skewed","normal","Symmetric","2",1,TRUE,216.863000000012
"1666","X=~x2",0.757,0.053,0.8,"Mplus",12038,6741517,1000,"ordinal","skewed","normal","Symmetric","2",1,TRUE,216.863000000012
"1667","X=~x3",0.718,0.053,0.8,"Mplus",12038,6741517,1000,"ordinal","skewed","normal","Symmetric","2",1,TRUE,216.863000000012
"1668","Z=~z1",0.495,0.046,0.6,"Mplus",12038,6741517,1000,"ordinal","skewed","normal","Symmetric","2",1,TRUE,216.863000000012
"1669","Z=~z2",0.506,0.046,0.6,"Mplus",12038,6741517,1000,"ordinal","skewed","normal","Symmetric","2",1,TRUE,216.863000000012
"1670","Z=~z3",0.786,0.049,0.8,"Mplus",12038,6741517,1000,"ordinal","skewed","normal","Symmetric","2",1,TRUE,216.863000000012
"1671","Y=~y1",0.354,0.045,0.4,"Mplus",12038,6741517,1000,"ordinal","skewed","normal","Symmetric","2",1,TRUE,216.863000000012
"1672","Y=~y2",0.566,0.046,0.7,"Mplus",12038,6741517,1000,"ordinal","skewed","normal","Symmetric","2",1,TRUE,216.863000000012
"1673","Y=~y3",0.815,0.044,0.9,"Mplus",12038,6741517,1000,"ordinal","skewed","normal","Symmetric","2",1,TRUE,216.863000000012
"1674","Y~X",0.433,0.057,0.4,"Mplus",12038,6741517,1000,"ordinal","skewed","normal","Symmetric","2",1,TRUE,216.863000000012
"1675","Y~Z",0.6,0.058,0.5,"Mplus",12038,6741517,1000,"ordinal","skewed","normal","Symmetric","2",1,TRUE,216.863000000012
"1676","Y~X:Z",0.326,0.095,0.3,"Mplus",12038,6741517,1000,"ordinal","skewed","normal","Symmetric","2",1,TRUE,216.863000000012
"1677","X~~Z",0.213,0.061,0.2,"Mplus",12038,6741517,1000,"ordinal","skewed","normal","Symmetric","2",1,TRUE,216.863000000012
"1678","X=~x1",0.30164776774843,0.0371194758220656,0.4,"LSAM",12038,6741517,1000,"ordinal","skewed","normal","Symmetric","2",1,TRUE,0.547999999951571
"1679","X=~x2",0.614496726065547,0.0946776374966603,0.8,"LSAM",12038,6741517,1000,"ordinal","skewed","normal","Symmetric","2",1,TRUE,0.547999999951571
"1680","X=~x3",0.608736763816092,0.0939145482020633,0.8,"LSAM",12038,6741517,1000,"ordinal","skewed","normal","Symmetric","2",1,TRUE,0.547999999951571
"1681","Z=~z1",0.422226015832745,0.070239175741422,0.6,"LSAM",12038,6741517,1000,"ordinal","skewed","normal","Symmetric","2",1,TRUE,0.547999999951571
"1682","Z=~z2",0.426411218115552,0.0879923891646671,0.6,"LSAM",12038,6741517,1000,"ordinal","skewed","normal","Symmetric","2",1,TRUE,0.547999999951571
"1683","Z=~z3",0.672271224178407,0.116299046078819,0.8,"LSAM",12038,6741517,1000,"ordinal","skewed","normal","Symmetric","2",1,TRUE,0.547999999951571
"1684","Y=~y1",0.314775207378534,0.0118321501373504,0.4,"LSAM",12038,6741517,1000,"ordinal","skewed","normal","Symmetric","2",1,TRUE,0.547999999951571
"1685","Y=~y2",0.511293300290968,0.0760278186369125,0.7,"LSAM",12038,6741517,1000,"ordinal","skewed","normal","Symmetric","2",1,TRUE,0.547999999951571
"1686","Y=~y3",0.619024721889566,0.097402444493032,0.9,"LSAM",12038,6741517,1000,"ordinal","skewed","normal","Symmetric","2",1,TRUE,0.547999999951571
"1687","Y~X",0.441008398672486,0.0836525738605712,0.4,"LSAM",12038,6741517,1000,"ordinal","skewed","normal","Symmetric","2",1,TRUE,0.547999999951571
"1688","Y~Z",0.603282394747756,0.124910629633703,0.5,"LSAM",12038,6741517,1000,"ordinal","skewed","normal","Symmetric","2",1,TRUE,0.547999999951571
"1689","Y~X:Z",0.0888367771600229,0.0784825861321802,0.3,"LSAM",12038,6741517,1000,"ordinal","skewed","normal","Symmetric","2",1,TRUE,0.547999999951571
"1690","X~~Z",0.180963800107621,0.0777407983879898,0.2,"LSAM",12038,6741517,1000,"ordinal","skewed","normal","Symmetric","2",1,TRUE,0.547999999951571
"1691","X=~x1",0.523699307817633,0.0875604911212551,0.4,"MC-PLSc",12039,481145,300,"ordinal","skewed","normal","Symmetric","3",1,TRUE,13.3759999999893
"1692","X=~x2",0.714465123546673,0.0760629129173696,0.8,"MC-PLSc",12039,481145,300,"ordinal","skewed","normal","Symmetric","3",1,TRUE,13.3759999999893
"1693","X=~x3",0.708194926836088,0.0828498543063785,0.8,"MC-PLSc",12039,481145,300,"ordinal","skewed","normal","Symmetric","3",1,TRUE,13.3759999999893
"1694","Z=~z1",0.538055091867513,0.0774790148783797,0.6,"MC-PLSc",12039,481145,300,"ordinal","skewed","normal","Symmetric","3",1,TRUE,13.3759999999893
"1695","Z=~z2",0.530538437681256,0.096545953884288,0.6,"MC-PLSc",12039,481145,300,"ordinal","skewed","normal","Symmetric","3",1,TRUE,13.3759999999893
"1696","Z=~z3",0.738941460872943,0.0770822951216382,0.8,"MC-PLSc",12039,481145,300,"ordinal","skewed","normal","Symmetric","3",1,TRUE,13.3759999999893
"1697","Y=~y1",0.341276487438251,0.0832937865692967,0.4,"MC-PLSc",12039,481145,300,"ordinal","skewed","normal","Symmetric","3",1,TRUE,13.3759999999893
"1698","Y=~y2",0.639735274303,0.0554266424461874,0.7,"MC-PLSc",12039,481145,300,"ordinal","skewed","normal","Symmetric","3",1,TRUE,13.3759999999893
"1699","Y=~y3",0.958781776176898,0.0546723117474199,0.9,"MC-PLSc",12039,481145,300,"ordinal","skewed","normal","Symmetric","3",1,TRUE,13.3759999999893
"1700","Y~X",0.437325392835581,0.0814600287000485,0.4,"MC-PLSc",12039,481145,300,"ordinal","skewed","normal","Symmetric","3",1,TRUE,13.3759999999893
"1701","Y~Z",0.446346224930736,0.0881487570324292,0.5,"MC-PLSc",12039,481145,300,"ordinal","skewed","normal","Symmetric","3",1,TRUE,13.3759999999893
"1702","Y~X:Z",0.313490721733745,0.0778202644399205,0.3,"MC-PLSc",12039,481145,300,"ordinal","skewed","normal","Symmetric","3",1,TRUE,13.3759999999893
"1703","X~~Z",0.311036147691429,0.111768924208207,0.2,"MC-PLSc",12039,481145,300,"ordinal","skewed","normal","Symmetric","3",1,TRUE,13.3759999999893
"1704","X=~x1",0.519109884059735,0.0872167225590895,0.4,"PLSc",12039,481145,300,"ordinal","skewed","normal","Symmetric","3",1,TRUE,1.26399999996647
"1705","X=~x2",0.592439797882598,0.0795249810882151,0.8,"PLSc",12039,481145,300,"ordinal","skewed","normal","Symmetric","3",1,TRUE,1.26399999996647
"1706","X=~x3",0.596922948528475,0.0856396439480665,0.8,"PLSc",12039,481145,300,"ordinal","skewed","normal","Symmetric","3",1,TRUE,1.26399999996647
"1707","Z=~z1",0.506931633949376,0.0746783935369912,0.6,"PLSc",12039,481145,300,"ordinal","skewed","normal","Symmetric","3",1,TRUE,1.26399999996647
"1708","Z=~z2",0.464323569240058,0.0985586156894165,0.6,"PLSc",12039,481145,300,"ordinal","skewed","normal","Symmetric","3",1,TRUE,1.26399999996647
"1709","Z=~z3",0.619336187071168,0.0762823232653007,0.8,"PLSc",12039,481145,300,"ordinal","skewed","normal","Symmetric","3",1,TRUE,1.26399999996647
"1710","Y=~y1",0.27597377632698,0.0965641541997141,0.4,"PLSc",12039,481145,300,"ordinal","skewed","normal","Symmetric","3",1,TRUE,1.26399999996647
"1711","Y=~y2",0.594069444693248,0.0603062354239733,0.7,"PLSc",12039,481145,300,"ordinal","skewed","normal","Symmetric","3",1,TRUE,1.26399999996647
"1712","Y=~y3",0.808453476300842,0.0628056725569121,0.9,"PLSc",12039,481145,300,"ordinal","skewed","normal","Symmetric","3",1,TRUE,1.26399999996647
"1713","Y~X",0.430515313287146,0.162838919446789,0.4,"PLSc",12039,481145,300,"ordinal","skewed","normal","Symmetric","3",1,TRUE,1.26399999996647
"1714","Y~Z",0.414167186312625,0.213980991768364,0.5,"PLSc",12039,481145,300,"ordinal","skewed","normal","Symmetric","3",1,TRUE,1.26399999996647
"1715","Y~X:Z",0.197344912082261,0.340755231084428,0.3,"PLSc",12039,481145,300,"ordinal","skewed","normal","Symmetric","3",1,TRUE,1.26399999996647
"1716","X~~Z",0.317054587183596,0.107451729393179,0.2,"PLSc",12039,481145,300,"ordinal","skewed","normal","Symmetric","3",1,TRUE,1.26399999996647
"1717","X=~x1",0.646819114383158,0.0697985753493675,0.4,"PLS",12039,481145,300,"ordinal","skewed","normal","Symmetric","3",1,TRUE,0.87699999997858
"1718","X=~x2",0.784244871291456,0.039864232766981,0.8,"PLS",12039,481145,300,"ordinal","skewed","normal","Symmetric","3",1,TRUE,0.87699999997858
"1719","X=~x3",0.783553814305388,0.0438530491275441,0.8,"PLS",12039,481145,300,"ordinal","skewed","normal","Symmetric","3",1,TRUE,0.87699999997858
"1720","Z=~z1",0.676694393269747,0.061987570246017,0.6,"PLS",12039,481145,300,"ordinal","skewed","normal","Symmetric","3",1,TRUE,0.87699999997858
"1721","Z=~z2",0.66776385775114,0.0727280812781519,0.6,"PLS",12039,481145,300,"ordinal","skewed","normal","Symmetric","3",1,TRUE,0.87699999997858
"1722","Z=~z3",0.807224257666217,0.0395010985910284,0.8,"PLS",12039,481145,300,"ordinal","skewed","normal","Symmetric","3",1,TRUE,0.87699999997858
"1723","Y=~y1",0.462065906312982,0.098811665876621,0.4,"PLS",12039,481145,300,"ordinal","skewed","normal","Symmetric","3",1,TRUE,0.87699999997858
"1724","Y=~y2",0.765780961800082,0.0405261223566971,0.7,"PLS",12039,481145,300,"ordinal","skewed","normal","Symmetric","3",1,TRUE,0.87699999997858
"1725","Y=~y3",0.891046108838405,0.0201111422137801,0.9,"PLS",12039,481145,300,"ordinal","skewed","normal","Symmetric","3",1,TRUE,0.87699999997858
"1726","Y~X",0.315285866297788,0.0464383373920683,0.4,"PLS",12039,481145,300,"ordinal","skewed","normal","Symmetric","3",1,TRUE,0.87699999997858
"1727","Y~Z",0.303435049499522,0.0486305870925938,0.5,"PLS",12039,481145,300,"ordinal","skewed","normal","Symmetric","3",1,TRUE,0.87699999997858
"1728","Y~X:Z",0.140424087878215,0.0361209270489297,0.3,"PLS",12039,481145,300,"ordinal","skewed","normal","Symmetric","3",1,TRUE,0.87699999997858
"1729","X~~Z",0.181334382751648,0.0614345283211293,0.2,"PLS",12039,481145,300,"ordinal","skewed","normal","Symmetric","3",1,TRUE,0.87699999997858
"1730","X=~x1",0.437,0.076,0.4,"Mplus",12039,481145,300,"ordinal","skewed","normal","Symmetric","3",1,TRUE,183.101999999955
"1731","X=~x2",0.775,0.064,0.8,"Mplus",12039,481145,300,"ordinal","skewed","normal","Symmetric","3",1,TRUE,183.101999999955
"1732","X=~x3",0.723,0.061,0.8,"Mplus",12039,481145,300,"ordinal","skewed","normal","Symmetric","3",1,TRUE,183.101999999955
"1733","Z=~z1",0.509,0.072,0.6,"Mplus",12039,481145,300,"ordinal","skewed","normal","Symmetric","3",1,TRUE,183.101999999955
"1734","Z=~z2",0.544,0.068,0.6,"Mplus",12039,481145,300,"ordinal","skewed","normal","Symmetric","3",1,TRUE,183.101999999955
"1735","Z=~z3",0.725,0.075,0.8,"Mplus",12039,481145,300,"ordinal","skewed","normal","Symmetric","3",1,TRUE,183.101999999955
"1736","Y=~y1",0.368,0.071,0.4,"Mplus",12039,481145,300,"ordinal","skewed","normal","Symmetric","3",1,TRUE,183.101999999955
"1737","Y=~y2",0.594,0.061,0.7,"Mplus",12039,481145,300,"ordinal","skewed","normal","Symmetric","3",1,TRUE,183.101999999955
"1738","Y=~y3",0.968,0.045,0.9,"Mplus",12039,481145,300,"ordinal","skewed","normal","Symmetric","3",1,TRUE,183.101999999955
"1739","Y~X",0.348,0.089,0.4,"Mplus",12039,481145,300,"ordinal","skewed","normal","Symmetric","3",1,TRUE,183.101999999955
"1740","Y~Z",0.462,0.083,0.5,"Mplus",12039,481145,300,"ordinal","skewed","normal","Symmetric","3",1,TRUE,183.101999999955
"1741","Y~X:Z",0.32,0.063,0.3,"Mplus",12039,481145,300,"ordinal","skewed","normal","Symmetric","3",1,TRUE,183.101999999955
"1742","X~~Z",0.367,0.097,0.2,"Mplus",12039,481145,300,"ordinal","skewed","normal","Symmetric","3",1,TRUE,183.101999999955
"1743","X=~x1",0.377168428757885,0.0645324215038111,0.4,"LSAM",12039,481145,300,"ordinal","skewed","normal","Symmetric","3",1,TRUE,0.449000000022352
"1744","X=~x2",0.679835587748628,0.13196846016609,0.8,"LSAM",12039,481145,300,"ordinal","skewed","normal","Symmetric","3",1,TRUE,0.449000000022352
"1745","X=~x3",0.662779424507788,0.130124344880973,0.8,"LSAM",12039,481145,300,"ordinal","skewed","normal","Symmetric","3",1,TRUE,0.449000000022352
"1746","Z=~z1",0.405705186840472,0.0700106538614476,0.6,"LSAM",12039,481145,300,"ordinal","skewed","normal","Symmetric","3",1,TRUE,0.449000000022352
"1747","Z=~z2",0.458625150699012,0.116159839554114,0.6,"LSAM",12039,481145,300,"ordinal","skewed","normal","Symmetric","3",1,TRUE,0.449000000022352
"1748","Z=~z3",0.743941497529488,0.16932432154826,0.8,"LSAM",12039,481145,300,"ordinal","skewed","normal","Symmetric","3",1,TRUE,0.449000000022352
"1749","Y=~y1",0.315134190539501,0.0192989515218373,0.4,"LSAM",12039,481145,300,"ordinal","skewed","normal","Symmetric","3",1,TRUE,0.449000000022352
"1750","Y=~y2",0.461440939074928,0.0819861941740015,0.7,"LSAM",12039,481145,300,"ordinal","skewed","normal","Symmetric","3",1,TRUE,0.449000000022352
"1751","Y=~y3",0.980495975513337,0.171492690364034,0.9,"LSAM",12039,481145,300,"ordinal","skewed","normal","Symmetric","3",1,TRUE,0.449000000022352
"1752","Y~X",0.298214698519063,0.0740444432213823,0.4,"LSAM",12039,481145,300,"ordinal","skewed","normal","Symmetric","3",1,TRUE,0.449000000022352
"1753","Y~Z",0.366644219394588,0.153845452837805,0.5,"LSAM",12039,481145,300,"ordinal","skewed","normal","Symmetric","3",1,TRUE,0.449000000022352
"1754","Y~X:Z",0.173747176634139,0.080585845299646,0.3,"LSAM",12039,481145,300,"ordinal","skewed","normal","Symmetric","3",1,TRUE,0.449000000022352
"1755","X~~Z",0.27798419124548,0.0932052638823847,0.2,"LSAM",12039,481145,300,"ordinal","skewed","normal","Symmetric","3",1,TRUE,0.449000000022352
"1756","X=~x1",0.388487226319068,0.045157743572137,0.4,"MC-PLSc",12040,8934274,1000,"ordinal","skewed","normal","Symmetric","3",1,TRUE,15.1849999999977
"1757","X=~x2",0.729368569696129,0.0334674381655239,0.8,"MC-PLSc",12040,8934274,1000,"ordinal","skewed","normal","Symmetric","3",1,TRUE,15.1849999999977
"1758","X=~x3",0.745441803189699,0.0415596279149046,0.8,"MC-PLSc",12040,8934274,1000,"ordinal","skewed","normal","Symmetric","3",1,TRUE,15.1849999999977
"1759","Z=~z1",0.478577949834194,0.0402891954540768,0.6,"MC-PLSc",12040,8934274,1000,"ordinal","skewed","normal","Symmetric","3",1,TRUE,15.1849999999977
"1760","Z=~z2",0.514728647447458,0.0426151583355055,0.6,"MC-PLSc",12040,8934274,1000,"ordinal","skewed","normal","Symmetric","3",1,TRUE,15.1849999999977
"1761","Z=~z3",0.765610157425945,0.0500702519221218,0.8,"MC-PLSc",12040,8934274,1000,"ordinal","skewed","normal","Symmetric","3",1,TRUE,15.1849999999977
"1762","Y=~y1",0.400838294392358,0.0358760403855951,0.4,"MC-PLSc",12040,8934274,1000,"ordinal","skewed","normal","Symmetric","3",1,TRUE,15.1849999999977
"1763","Y=~y2",0.690370112316636,0.0346864572899091,0.7,"MC-PLSc",12040,8934274,1000,"ordinal","skewed","normal","Symmetric","3",1,TRUE,15.1849999999977
"1764","Y=~y3",0.887938120628868,0.0272761883080296,0.9,"MC-PLSc",12040,8934274,1000,"ordinal","skewed","normal","Symmetric","3",1,TRUE,15.1849999999977
"1765","Y~X",0.483680756261637,0.0462547469035892,0.4,"MC-PLSc",12040,8934274,1000,"ordinal","skewed","normal","Symmetric","3",1,TRUE,15.1849999999977
"1766","Y~Z",0.524574087889947,0.0439889168090214,0.5,"MC-PLSc",12040,8934274,1000,"ordinal","skewed","normal","Symmetric","3",1,TRUE,15.1849999999977
"1767","Y~X:Z",0.329022855287362,0.0511669980209331,0.3,"MC-PLSc",12040,8934274,1000,"ordinal","skewed","normal","Symmetric","3",1,TRUE,15.1849999999977
"1768","X~~Z",0.249631452345055,0.0569928520415264,0.2,"MC-PLSc",12040,8934274,1000,"ordinal","skewed","normal","Symmetric","3",1,TRUE,15.1849999999977
"1769","X=~x1",0.344872417719885,0.0530327665584902,0.4,"PLSc",12040,8934274,1000,"ordinal","skewed","normal","Symmetric","3",1,TRUE,1.37599999998929
"1770","X=~x2",0.622525549543639,0.0387124888607643,0.8,"PLSc",12040,8934274,1000,"ordinal","skewed","normal","Symmetric","3",1,TRUE,1.37599999998929
"1771","X=~x3",0.659446007516899,0.0397682757773735,0.8,"PLSc",12040,8934274,1000,"ordinal","skewed","normal","Symmetric","3",1,TRUE,1.37599999998929
"1772","Z=~z1",0.439556541625117,0.0399669984732882,0.6,"PLSc",12040,8934274,1000,"ordinal","skewed","normal","Symmetric","3",1,TRUE,1.37599999998929
"1773","Z=~z2",0.441733041791207,0.0432646995812158,0.6,"PLSc",12040,8934274,1000,"ordinal","skewed","normal","Symmetric","3",1,TRUE,1.37599999998929
"1774","Z=~z3",0.661051650019589,0.0404647996109476,0.8,"PLSc",12040,8934274,1000,"ordinal","skewed","normal","Symmetric","3",1,TRUE,1.37599999998929
"1775","Y=~y1",0.359717447117452,0.039431652974937,0.4,"PLSc",12040,8934274,1000,"ordinal","skewed","normal","Symmetric","3",1,TRUE,1.37599999998929
"1776","Y=~y2",0.591551341787154,0.0310565454888393,0.7,"PLSc",12040,8934274,1000,"ordinal","skewed","normal","Symmetric","3",1,TRUE,1.37599999998929
"1777","Y=~y3",0.754570758342915,0.0300032184697261,0.9,"PLSc",12040,8934274,1000,"ordinal","skewed","normal","Symmetric","3",1,TRUE,1.37599999998929
"1778","Y~X",0.47227579243234,0.0617322894835422,0.4,"PLSc",12040,8934274,1000,"ordinal","skewed","normal","Symmetric","3",1,TRUE,1.37599999998929
"1779","Y~Z",0.502489137212239,0.0588457813289097,0.5,"PLSc",12040,8934274,1000,"ordinal","skewed","normal","Symmetric","3",1,TRUE,1.37599999998929
"1780","Y~X:Z",0.23567997351985,0.0909187680680904,0.3,"PLSc",12040,8934274,1000,"ordinal","skewed","normal","Symmetric","3",1,TRUE,1.37599999998929
"1781","X~~Z",0.251507074325441,0.0547329574948464,0.2,"PLSc",12040,8934274,1000,"ordinal","skewed","normal","Symmetric","3",1,TRUE,1.37599999998929
"1782","X=~x1",0.513338656370288,0.0504010800096204,0.4,"PLS",12040,8934274,1000,"ordinal","skewed","normal","Symmetric","3",1,TRUE,0.950000000011642
"1783","X=~x2",0.806384628611577,0.0188492339410672,0.8,"PLS",12040,8934274,1000,"ordinal","skewed","normal","Symmetric","3",1,TRUE,0.950000000011642
"1784","X=~x3",0.811385553992246,0.0201646975764345,0.8,"PLS",12040,8934274,1000,"ordinal","skewed","normal","Symmetric","3",1,TRUE,0.950000000011642
"1785","Z=~z1",0.626313182431876,0.0368803795114404,0.6,"PLS",12040,8934274,1000,"ordinal","skewed","normal","Symmetric","3",1,TRUE,0.950000000011642
"1786","Z=~z2",0.658019743097464,0.0352243629617468,0.6,"PLS",12040,8934274,1000,"ordinal","skewed","normal","Symmetric","3",1,TRUE,0.950000000011642
"1787","Z=~z3",0.828439261174075,0.0192203140564803,0.8,"PLS",12040,8934274,1000,"ordinal","skewed","normal","Symmetric","3",1,TRUE,0.950000000011642
"1788","Y=~y1",0.519265347463412,0.0411197903402389,0.4,"PLS",12040,8934274,1000,"ordinal","skewed","normal","Symmetric","3",1,TRUE,0.950000000011642
"1789","Y=~y2",0.781943380966349,0.0190494481354099,0.7,"PLS",12040,8934274,1000,"ordinal","skewed","normal","Symmetric","3",1,TRUE,0.950000000011642
"1790","Y=~y3",0.859783762956359,0.0114182980532836,0.9,"PLS",12040,8934274,1000,"ordinal","skewed","normal","Symmetric","3",1,TRUE,0.950000000011642
"1791","Y~X",0.336062589184151,0.0288355728575731,0.4,"PLS",12040,8934274,1000,"ordinal","skewed","normal","Symmetric","3",1,TRUE,0.950000000011642
"1792","Y~Z",0.339083913423651,0.0285442208274547,0.5,"PLS",12040,8934274,1000,"ordinal","skewed","normal","Symmetric","3",1,TRUE,0.950000000011642
"1793","Y~X:Z",0.143323431086912,0.0247733284313324,0.3,"PLS",12040,8934274,1000,"ordinal","skewed","normal","Symmetric","3",1,TRUE,0.950000000011642
"1794","X~~Z",0.144523492378904,0.0315518799325401,0.2,"PLS",12040,8934274,1000,"ordinal","skewed","normal","Symmetric","3",1,TRUE,0.950000000011642
"1795","X=~x1",0.373,0.041,0.4,"Mplus",12040,8934274,1000,"ordinal","skewed","normal","Symmetric","3",1,TRUE,498.685999999987
"1796","X=~x2",0.735,0.036,0.8,"Mplus",12040,8934274,1000,"ordinal","skewed","normal","Symmetric","3",1,TRUE,498.685999999987
"1797","X=~x3",0.715,0.038,0.8,"Mplus",12040,8934274,1000,"ordinal","skewed","normal","Symmetric","3",1,TRUE,498.685999999987
"1798","Z=~z1",0.459,0.042,0.6,"Mplus",12040,8934274,1000,"ordinal","skewed","normal","Symmetric","3",1,TRUE,498.685999999987
"1799","Z=~z2",0.512,0.04,0.6,"Mplus",12040,8934274,1000,"ordinal","skewed","normal","Symmetric","3",1,TRUE,498.685999999987
"1800","Z=~z3",0.771,0.041,0.8,"Mplus",12040,8934274,1000,"ordinal","skewed","normal","Symmetric","3",1,TRUE,498.685999999987
"1801","Y=~y1",0.367,0.037,0.4,"Mplus",12040,8934274,1000,"ordinal","skewed","normal","Symmetric","3",1,TRUE,498.685999999987
"1802","Y=~y2",0.702,0.033,0.7,"Mplus",12040,8934274,1000,"ordinal","skewed","normal","Symmetric","3",1,TRUE,498.685999999987
"1803","Y=~y3",0.876,0.029,0.9,"Mplus",12040,8934274,1000,"ordinal","skewed","normal","Symmetric","3",1,TRUE,498.685999999987
"1804","Y~X",0.462,0.047,0.4,"Mplus",12040,8934274,1000,"ordinal","skewed","normal","Symmetric","3",1,TRUE,498.685999999987
"1805","Y~Z",0.486,0.05,0.5,"Mplus",12040,8934274,1000,"ordinal","skewed","normal","Symmetric","3",1,TRUE,498.685999999987
"1806","Y~X:Z",0.403,0.047,0.3,"Mplus",12040,8934274,1000,"ordinal","skewed","normal","Symmetric","3",1,TRUE,498.685999999987
"1807","X~~Z",0.324,0.048,0.2,"Mplus",12040,8934274,1000,"ordinal","skewed","normal","Symmetric","3",1,TRUE,498.685999999987
"1808","X=~x1",0.33629092328573,0.0399124859138172,0.4,"LSAM",12040,8934274,1000,"ordinal","skewed","normal","Symmetric","3",1,TRUE,0.461000000010245
"1809","X=~x2",0.714574898511944,0.091666917059237,0.8,"LSAM",12040,8934274,1000,"ordinal","skewed","normal","Symmetric","3",1,TRUE,0.461000000010245
"1810","X=~x3",0.580676602340485,0.0801831874676212,0.8,"LSAM",12040,8934274,1000,"ordinal","skewed","normal","Symmetric","3",1,TRUE,0.461000000010245
"1811","Z=~z1",0.387088761148909,0.034654162576705,0.6,"LSAM",12040,8934274,1000,"ordinal","skewed","normal","Symmetric","3",1,TRUE,0.461000000010245
"1812","Z=~z2",0.459431400534245,0.0660095977994934,0.6,"LSAM",12040,8934274,1000,"ordinal","skewed","normal","Symmetric","3",1,TRUE,0.461000000010245
"1813","Z=~z3",0.700915075398876,0.0970422647860573,0.8,"LSAM",12040,8934274,1000,"ordinal","skewed","normal","Symmetric","3",1,TRUE,0.461000000010245
"1814","Y=~y1",0.340236637388367,0.0133112254220512,0.4,"LSAM",12040,8934274,1000,"ordinal","skewed","normal","Symmetric","3",1,TRUE,0.461000000010245
"1815","Y=~y2",0.627085973246056,0.0615520771020917,0.7,"LSAM",12040,8934274,1000,"ordinal","skewed","normal","Symmetric","3",1,TRUE,0.461000000010245
"1816","Y=~y3",0.732814112771023,0.0722363488273857,0.9,"LSAM",12040,8934274,1000,"ordinal","skewed","normal","Symmetric","3",1,TRUE,0.461000000010245
"1817","Y~X",0.44941874935322,0.0738890220820377,0.4,"LSAM",12040,8934274,1000,"ordinal","skewed","normal","Symmetric","3",1,TRUE,0.461000000010245
"1818","Y~Z",0.497686851058052,0.12794406381068,0.5,"LSAM",12040,8934274,1000,"ordinal","skewed","normal","Symmetric","3",1,TRUE,0.461000000010245
"1819","Y~X:Z",0.222727239864443,0.0689859431236221,0.3,"LSAM",12040,8934274,1000,"ordinal","skewed","normal","Symmetric","3",1,TRUE,0.461000000010245
"1820","X~~Z",0.255348891373184,0.0681205370210786,0.2,"LSAM",12040,8934274,1000,"ordinal","skewed","normal","Symmetric","3",1,TRUE,0.461000000010245
"1821","X=~x1",0.407885512772045,0.0672785560686124,0.4,"MC-PLSc",12041,8537568,300,"ordinal","skewed","normal","Symmetric","5",1,TRUE,17.3950000000186
"1822","X=~x2",0.74454915655317,0.0547873126850342,0.8,"MC-PLSc",12041,8537568,300,"ordinal","skewed","normal","Symmetric","5",1,TRUE,17.3950000000186
"1823","X=~x3",0.825257561734342,0.0454201537574034,0.8,"MC-PLSc",12041,8537568,300,"ordinal","skewed","normal","Symmetric","5",1,TRUE,17.3950000000186
"1824","Z=~z1",0.508489111626931,0.0716530710800947,0.6,"MC-PLSc",12041,8537568,300,"ordinal","skewed","normal","Symmetric","5",1,TRUE,17.3950000000186
"1825","Z=~z2",0.482145414678851,0.0759730406523275,0.6,"MC-PLSc",12041,8537568,300,"ordinal","skewed","normal","Symmetric","5",1,TRUE,17.3950000000186
"1826","Z=~z3",0.724821620064163,0.0964610268453648,0.8,"MC-PLSc",12041,8537568,300,"ordinal","skewed","normal","Symmetric","5",1,TRUE,17.3950000000186
"1827","Y=~y1",0.356794275231929,0.0642260436204889,0.4,"MC-PLSc",12041,8537568,300,"ordinal","skewed","normal","Symmetric","5",1,TRUE,17.3950000000186
"1828","Y=~y2",0.725718301132888,0.0531525547865625,0.7,"MC-PLSc",12041,8537568,300,"ordinal","skewed","normal","Symmetric","5",1,TRUE,17.3950000000186
"1829","Y=~y3",0.787115326374505,0.0550033201095986,0.9,"MC-PLSc",12041,8537568,300,"ordinal","skewed","normal","Symmetric","5",1,TRUE,17.3950000000186
"1830","Y~X",0.552079553828274,0.0705024964442601,0.4,"MC-PLSc",12041,8537568,300,"ordinal","skewed","normal","Symmetric","5",1,TRUE,17.3950000000186
"1831","Y~Z",0.445935308617494,0.0796375168299133,0.5,"MC-PLSc",12041,8537568,300,"ordinal","skewed","normal","Symmetric","5",1,TRUE,17.3950000000186
"1832","Y~X:Z",0.281618635493228,0.0810040014503607,0.3,"MC-PLSc",12041,8537568,300,"ordinal","skewed","normal","Symmetric","5",1,TRUE,17.3950000000186
"1833","X~~Z",0.272713497405452,0.101844734758078,0.2,"MC-PLSc",12041,8537568,300,"ordinal","skewed","normal","Symmetric","5",1,TRUE,17.3950000000186
"1834","X=~x1",0.424189464940868,0.067940683266351,0.4,"PLSc",12041,8537568,300,"ordinal","skewed","normal","Symmetric","5",1,TRUE,1.27599999995437
"1835","X=~x2",0.692020107098054,0.0610766407192352,0.8,"PLSc",12041,8537568,300,"ordinal","skewed","normal","Symmetric","5",1,TRUE,1.27599999995437
"1836","X=~x3",0.759935529034072,0.0528543421286286,0.8,"PLSc",12041,8537568,300,"ordinal","skewed","normal","Symmetric","5",1,TRUE,1.27599999995437
"1837","Z=~z1",0.472189049460912,0.0822336523837351,0.6,"PLSc",12041,8537568,300,"ordinal","skewed","normal","Symmetric","5",1,TRUE,1.27599999995437
"1838","Z=~z2",0.459438990791716,0.0776640926537569,0.6,"PLSc",12041,8537568,300,"ordinal","skewed","normal","Symmetric","5",1,TRUE,1.27599999995437
"1839","Z=~z3",0.690363149635803,0.0878407396648056,0.8,"PLSc",12041,8537568,300,"ordinal","skewed","normal","Symmetric","5",1,TRUE,1.27599999995437
"1840","Y=~y1",0.3481632545081,0.0657583453408119,0.4,"PLSc",12041,8537568,300,"ordinal","skewed","normal","Symmetric","5",1,TRUE,1.27599999995437
"1841","Y=~y2",0.705399779957258,0.0533926706098168,0.7,"PLSc",12041,8537568,300,"ordinal","skewed","normal","Symmetric","5",1,TRUE,1.27599999995437
"1842","Y=~y3",0.71562091201812,0.0475812372855666,0.9,"PLSc",12041,8537568,300,"ordinal","skewed","normal","Symmetric","5",1,TRUE,1.27599999995437
"1843","Y~X",0.557580452839495,0.0850645077446405,0.4,"PLSc",12041,8537568,300,"ordinal","skewed","normal","Symmetric","5",1,TRUE,1.27599999995437
"1844","Y~Z",0.440628072710396,0.0970976067407181,0.5,"PLSc",12041,8537568,300,"ordinal","skewed","normal","Symmetric","5",1,TRUE,1.27599999995437
"1845","Y~X:Z",0.123364574335332,0.0897180302029297,0.3,"PLSc",12041,8537568,300,"ordinal","skewed","normal","Symmetric","5",1,TRUE,1.27599999995437
"1846","X~~Z",0.276290787840978,0.0992757268442577,0.2,"PLSc",12041,8537568,300,"ordinal","skewed","normal","Symmetric","5",1,TRUE,1.27599999995437
"1847","X=~x1",0.550673267123149,0.0606091729225586,0.4,"PLS",12041,8537568,300,"ordinal","skewed","normal","Symmetric","5",1,TRUE,0.873999999952503
"1848","X=~x2",0.8369875500636,0.0268923675985087,0.8,"PLS",12041,8537568,300,"ordinal","skewed","normal","Symmetric","5",1,TRUE,0.873999999952503
"1849","X=~x3",0.868706826128372,0.0188757147838471,0.8,"PLS",12041,8537568,300,"ordinal","skewed","normal","Symmetric","5",1,TRUE,0.873999999952503
"1850","Z=~z1",0.679386135308275,0.0616753345355027,0.6,"PLS",12041,8537568,300,"ordinal","skewed","normal","Symmetric","5",1,TRUE,0.873999999952503
"1851","Z=~z2",0.650946943329886,0.0610768392410929,0.6,"PLS",12041,8537568,300,"ordinal","skewed","normal","Symmetric","5",1,TRUE,0.873999999952503
"1852","Z=~z3",0.827308224045514,0.0425649267114972,0.8,"PLS",12041,8537568,300,"ordinal","skewed","normal","Symmetric","5",1,TRUE,0.873999999952503
"1853","Y=~y1",0.500498482480984,0.0696363684220905,0.4,"PLS",12041,8537568,300,"ordinal","skewed","normal","Symmetric","5",1,TRUE,0.873999999952503
"1854","Y=~y2",0.830912293187153,0.0265498429827227,0.7,"PLS",12041,8537568,300,"ordinal","skewed","normal","Symmetric","5",1,TRUE,0.873999999952503
"1855","Y=~y3",0.856179981202912,0.0201984977298638,0.9,"PLS",12041,8537568,300,"ordinal","skewed","normal","Symmetric","5",1,TRUE,0.873999999952503
"1856","Y~X",0.419243944602284,0.0491891259272615,0.4,"PLS",12041,8537568,300,"ordinal","skewed","normal","Symmetric","5",1,TRUE,0.873999999952503
"1857","Y~Z",0.303942026654948,0.0486408637062904,0.5,"PLS",12041,8537568,300,"ordinal","skewed","normal","Symmetric","5",1,TRUE,0.873999999952503
"1858","Y~X:Z",0.142483687922387,0.0366952100957807,0.3,"PLS",12041,8537568,300,"ordinal","skewed","normal","Symmetric","5",1,TRUE,0.873999999952503
"1859","X~~Z",0.177314157584914,0.0642633748783003,0.2,"PLS",12041,8537568,300,"ordinal","skewed","normal","Symmetric","5",1,TRUE,0.873999999952503
"1860","X=~x1",0.364,0.057,0.4,"Mplus",12041,8537568,300,"ordinal","skewed","normal","Symmetric","5",1,TRUE,261.121999999974
"1861","X=~x2",0.734,0.054,0.8,"Mplus",12041,8537568,300,"ordinal","skewed","normal","Symmetric","5",1,TRUE,261.121999999974
"1862","X=~x3",0.826,0.051,0.8,"Mplus",12041,8537568,300,"ordinal","skewed","normal","Symmetric","5",1,TRUE,261.121999999974
"1863","Z=~z1",0.518,0.069,0.6,"Mplus",12041,8537568,300,"ordinal","skewed","normal","Symmetric","5",1,TRUE,261.121999999974
"1864","Z=~z2",0.474,0.07,0.6,"Mplus",12041,8537568,300,"ordinal","skewed","normal","Symmetric","5",1,TRUE,261.121999999974
"1865","Z=~z3",0.704,0.072,0.8,"Mplus",12041,8537568,300,"ordinal","skewed","normal","Symmetric","5",1,TRUE,261.121999999974
"1866","Y=~y1",0.323,0.063,0.4,"Mplus",12041,8537568,300,"ordinal","skewed","normal","Symmetric","5",1,TRUE,261.121999999974
"1867","Y=~y2",0.741,0.056,0.7,"Mplus",12041,8537568,300,"ordinal","skewed","normal","Symmetric","5",1,TRUE,261.121999999974
"1868","Y=~y3",0.763,0.049,0.9,"Mplus",12041,8537568,300,"ordinal","skewed","normal","Symmetric","5",1,TRUE,261.121999999974
"1869","Y~X",0.555,0.073,0.4,"Mplus",12041,8537568,300,"ordinal","skewed","normal","Symmetric","5",1,TRUE,261.121999999974
"1870","Y~Z",0.45,0.08,0.5,"Mplus",12041,8537568,300,"ordinal","skewed","normal","Symmetric","5",1,TRUE,261.121999999974
"1871","Y~X:Z",0.347,0.073,0.3,"Mplus",12041,8537568,300,"ordinal","skewed","normal","Symmetric","5",1,TRUE,261.121999999974
"1872","X~~Z",0.294,0.092,0.2,"Mplus",12041,8537568,300,"ordinal","skewed","normal","Symmetric","5",1,TRUE,261.121999999974
"1873","X=~x1",0.348960945198748,0.0624755730281043,0.4,"LSAM",12041,8537568,300,"ordinal","skewed","normal","Symmetric","5",1,TRUE,0.436000000045169
"1874","X=~x2",0.70047089737181,0.114953204698185,0.8,"LSAM",12041,8537568,300,"ordinal","skewed","normal","Symmetric","5",1,TRUE,0.436000000045169
"1875","X=~x3",0.821216796678457,0.116491789324485,0.8,"LSAM",12041,8537568,300,"ordinal","skewed","normal","Symmetric","5",1,TRUE,0.436000000045169
"1876","Z=~z1",0.508800324543081,0.0579250482240304,0.6,"LSAM",12041,8537568,300,"ordinal","skewed","normal","Symmetric","5",1,TRUE,0.436000000045169
"1877","Z=~z2",0.455642646392702,0.103489873353518,0.6,"LSAM",12041,8537568,300,"ordinal","skewed","normal","Symmetric","5",1,TRUE,0.436000000045169
"1878","Z=~z3",0.656089053884419,0.1390415382767,0.8,"LSAM",12041,8537568,300,"ordinal","skewed","normal","Symmetric","5",1,TRUE,0.436000000045169
"1879","Y=~y1",0.32719586537017,0.0232339682628799,0.4,"LSAM",12041,8537568,300,"ordinal","skewed","normal","Symmetric","5",1,TRUE,0.436000000045169
"1880","Y=~y2",0.597851853016385,0.0967432412574958,0.7,"LSAM",12041,8537568,300,"ordinal","skewed","normal","Symmetric","5",1,TRUE,0.436000000045169
"1881","Y=~y3",0.858751335881,0.134507055381542,0.9,"LSAM",12041,8537568,300,"ordinal","skewed","normal","Symmetric","5",1,TRUE,0.436000000045169
"1882","Y~X",0.435595401143222,0.0905230338489077,0.4,"LSAM",12041,8537568,300,"ordinal","skewed","normal","Symmetric","5",1,TRUE,0.436000000045169
"1883","Y~Z",0.458912521789478,0.10154368675636,0.5,"LSAM",12041,8537568,300,"ordinal","skewed","normal","Symmetric","5",1,TRUE,0.436000000045169
"1884","Y~X:Z",0.119854181999654,0.0679414307388572,0.3,"LSAM",12041,8537568,300,"ordinal","skewed","normal","Symmetric","5",1,TRUE,0.436000000045169
"1885","X~~Z",0.266031396232787,0.0993875839628011,0.2,"LSAM",12041,8537568,300,"ordinal","skewed","normal","Symmetric","5",1,TRUE,0.436000000045169
"1886","X=~x1",0.335272682753992,0.0415110750956296,0.4,"MC-PLSc",12042,2735141,1000,"ordinal","skewed","normal","Symmetric","5",1,TRUE,19.109999999986
"1887","X=~x2",0.810969550665184,0.0312993641814746,0.8,"MC-PLSc",12042,2735141,1000,"ordinal","skewed","normal","Symmetric","5",1,TRUE,19.109999999986
"1888","X=~x3",0.798459455028973,0.0286608176456501,0.8,"MC-PLSc",12042,2735141,1000,"ordinal","skewed","normal","Symmetric","5",1,TRUE,19.109999999986
"1889","Z=~z1",0.605164735690201,0.0295757674203418,0.6,"MC-PLSc",12042,2735141,1000,"ordinal","skewed","normal","Symmetric","5",1,TRUE,19.109999999986
"1890","Z=~z2",0.605878294792696,0.0324007054868321,0.6,"MC-PLSc",12042,2735141,1000,"ordinal","skewed","normal","Symmetric","5",1,TRUE,19.109999999986
"1891","Z=~z3",0.762213206581944,0.0292335756867609,0.8,"MC-PLSc",12042,2735141,1000,"ordinal","skewed","normal","Symmetric","5",1,TRUE,19.109999999986
"1892","Y=~y1",0.280633228628614,0.0372677507862072,0.4,"MC-PLSc",12042,2735141,1000,"ordinal","skewed","normal","Symmetric","5",1,TRUE,19.109999999986
"1893","Y=~y2",0.644543066920329,0.0280617505659515,0.7,"MC-PLSc",12042,2735141,1000,"ordinal","skewed","normal","Symmetric","5",1,TRUE,19.109999999986
"1894","Y=~y3",0.877694714444922,0.026648491601135,0.9,"MC-PLSc",12042,2735141,1000,"ordinal","skewed","normal","Symmetric","5",1,TRUE,19.109999999986
"1895","Y~X",0.437584444412476,0.0382990824495709,0.4,"MC-PLSc",12042,2735141,1000,"ordinal","skewed","normal","Symmetric","5",1,TRUE,19.109999999986
"1896","Y~Z",0.520421787206027,0.0392630536692668,0.5,"MC-PLSc",12042,2735141,1000,"ordinal","skewed","normal","Symmetric","5",1,TRUE,19.109999999986
"1897","Y~X:Z",0.259770031711314,0.050268748344783,0.3,"MC-PLSc",12042,2735141,1000,"ordinal","skewed","normal","Symmetric","5",1,TRUE,19.109999999986
"1898","X~~Z",0.210688569711866,0.0420416748900877,0.2,"MC-PLSc",12042,2735141,1000,"ordinal","skewed","normal","Symmetric","5",1,TRUE,19.109999999986
"1899","X=~x1",0.291934815352063,0.0619873818749806,0.4,"PLSc",12042,2735141,1000,"ordinal","skewed","normal","Symmetric","5",1,TRUE,1.35000000003492
"1900","X=~x2",0.791590219577711,0.033783265385695,0.8,"PLSc",12042,2735141,1000,"ordinal","skewed","normal","Symmetric","5",1,TRUE,1.35000000003492
"1901","X=~x3",0.747458184925793,0.0330334335777981,0.8,"PLSc",12042,2735141,1000,"ordinal","skewed","normal","Symmetric","5",1,TRUE,1.35000000003492
"1902","Z=~z1",0.589465585081438,0.0376464942229741,0.6,"PLSc",12042,2735141,1000,"ordinal","skewed","normal","Symmetric","5",1,TRUE,1.35000000003492
"1903","Z=~z2",0.562835526586886,0.036923862675951,0.6,"PLSc",12042,2735141,1000,"ordinal","skewed","normal","Symmetric","5",1,TRUE,1.35000000003492
"1904","Z=~z3",0.716462079695497,0.0343047817690963,0.8,"PLSc",12042,2735141,1000,"ordinal","skewed","normal","Symmetric","5",1,TRUE,1.35000000003492
"1905","Y=~y1",0.277140378108782,0.0433088184968989,0.4,"PLSc",12042,2735141,1000,"ordinal","skewed","normal","Symmetric","5",1,TRUE,1.35000000003492
"1906","Y=~y2",0.607535387033914,0.029735373504918,0.7,"PLSc",12042,2735141,1000,"ordinal","skewed","normal","Symmetric","5",1,TRUE,1.35000000003492
"1907","Y=~y3",0.82651229991065,0.0275857464049492,0.9,"PLSc",12042,2735141,1000,"ordinal","skewed","normal","Symmetric","5",1,TRUE,1.35000000003492
"1908","Y~X",0.431702345743655,0.0396383147516584,0.4,"PLSc",12042,2735141,1000,"ordinal","skewed","normal","Symmetric","5",1,TRUE,1.35000000003492
"1909","Y~Z",0.505005390841785,0.0422812714915644,0.5,"PLSc",12042,2735141,1000,"ordinal","skewed","normal","Symmetric","5",1,TRUE,1.35000000003492
"1910","Y~X:Z",0.188897082467037,0.0566851444294087,0.3,"PLSc",12042,2735141,1000,"ordinal","skewed","normal","Symmetric","5",1,TRUE,1.35000000003492
"1911","X~~Z",0.208766643117994,0.0468756526084777,0.2,"PLSc",12042,2735141,1000,"ordinal","skewed","normal","Symmetric","5",1,TRUE,1.35000000003492
"1912","X=~x1",0.467748974042003,0.051261656148763,0.4,"PLS",12042,2735141,1000,"ordinal","skewed","normal","Symmetric","5",1,TRUE,0.927000000025146
"1913","X=~x2",0.871223568587885,0.0116454352097628,0.8,"PLS",12042,2735141,1000,"ordinal","skewed","normal","Symmetric","5",1,TRUE,0.927000000025146
"1914","X=~x3",0.866696022655969,0.0114600430871388,0.8,"PLS",12042,2735141,1000,"ordinal","skewed","normal","Symmetric","5",1,TRUE,0.927000000025146
"1915","Z=~z1",0.735886361469388,0.0225104671359943,0.6,"PLS",12042,2735141,1000,"ordinal","skewed","normal","Symmetric","5",1,TRUE,0.927000000025146
"1916","Z=~z2",0.737695370043461,0.0223165678365152,0.6,"PLS",12042,2735141,1000,"ordinal","skewed","normal","Symmetric","5",1,TRUE,0.927000000025146
"1917","Z=~z3",0.827849770076383,0.014249223659435,0.8,"PLS",12042,2735141,1000,"ordinal","skewed","normal","Symmetric","5",1,TRUE,0.927000000025146
"1918","Y=~y1",0.408505594657942,0.0504629313319739,0.4,"PLS",12042,2735141,1000,"ordinal","skewed","normal","Symmetric","5",1,TRUE,0.927000000025146
"1919","Y=~y2",0.802586576804912,0.0176833691326763,0.7,"PLS",12042,2735141,1000,"ordinal","skewed","normal","Symmetric","5",1,TRUE,0.927000000025146
"1920","Y=~y3",0.894048581038418,0.00846990084331214,0.9,"PLS",12042,2735141,1000,"ordinal","skewed","normal","Symmetric","5",1,TRUE,0.927000000025146
"1921","Y~X",0.34171464643853,0.0255397684365726,0.4,"PLS",12042,2735141,1000,"ordinal","skewed","normal","Symmetric","5",1,TRUE,0.927000000025146
"1922","Y~Z",0.372926246853188,0.026908503007908,0.5,"PLS",12042,2735141,1000,"ordinal","skewed","normal","Symmetric","5",1,TRUE,0.927000000025146
"1923","Y~X:Z",0.14557358816447,0.0254176138119708,0.3,"PLS",12042,2735141,1000,"ordinal","skewed","normal","Symmetric","5",1,TRUE,0.927000000025146
"1924","X~~Z",0.146937970431029,0.0330416877689069,0.2,"PLS",12042,2735141,1000,"ordinal","skewed","normal","Symmetric","5",1,TRUE,0.927000000025146
"1925","X=~x1",0.343,0.037,0.4,"Mplus",12042,2735141,1000,"ordinal","skewed","normal","Symmetric","5",1,TRUE,725.323000000033
"1926","X=~x2",0.766,0.028,0.8,"Mplus",12042,2735141,1000,"ordinal","skewed","normal","Symmetric","5",1,TRUE,725.323000000033
"1927","X=~x3",0.77,0.028,0.8,"Mplus",12042,2735141,1000,"ordinal","skewed","normal","Symmetric","5",1,TRUE,725.323000000033
"1928","Z=~z1",0.579,0.033,0.6,"Mplus",12042,2735141,1000,"ordinal","skewed","normal","Symmetric","5",1,TRUE,725.323000000033
"1929","Z=~z2",0.603,0.03,0.6,"Mplus",12042,2735141,1000,"ordinal","skewed","normal","Symmetric","5",1,TRUE,725.323000000033
"1930","Z=~z3",0.747,0.03,0.8,"Mplus",12042,2735141,1000,"ordinal","skewed","normal","Symmetric","5",1,TRUE,725.323000000033
"1931","Y=~y1",0.269,0.037,0.4,"Mplus",12042,2735141,1000,"ordinal","skewed","normal","Symmetric","5",1,TRUE,725.323000000033
"1932","Y=~y2",0.647,0.029,0.7,"Mplus",12042,2735141,1000,"ordinal","skewed","normal","Symmetric","5",1,TRUE,725.323000000033
"1933","Y=~y3",0.867,0.025,0.9,"Mplus",12042,2735141,1000,"ordinal","skewed","normal","Symmetric","5",1,TRUE,725.323000000033
"1934","Y~X",0.438,0.041,0.4,"Mplus",12042,2735141,1000,"ordinal","skewed","normal","Symmetric","5",1,TRUE,725.323000000033
"1935","Y~Z",0.481,0.041,0.5,"Mplus",12042,2735141,1000,"ordinal","skewed","normal","Symmetric","5",1,TRUE,725.323000000033
"1936","Y~X:Z",0.356,0.057,0.3,"Mplus",12042,2735141,1000,"ordinal","skewed","normal","Symmetric","5",1,TRUE,725.323000000033
"1937","X~~Z",0.258,0.046,0.2,"Mplus",12042,2735141,1000,"ordinal","skewed","normal","Symmetric","5",1,TRUE,725.323000000033
"1938","X=~x1",0.342895407558049,0.0346264413502723,0.4,"LSAM",12042,2735141,1000,"ordinal","skewed","normal","Symmetric","5",1,TRUE,0.46999999997206
"1939","X=~x2",0.692805533832747,0.0649250600928912,0.8,"LSAM",12042,2735141,1000,"ordinal","skewed","normal","Symmetric","5",1,TRUE,0.46999999997206
"1940","X=~x3",0.817354861547087,0.0662990869698117,0.8,"LSAM",12042,2735141,1000,"ordinal","skewed","normal","Symmetric","5",1,TRUE,0.46999999997206
"1941","Z=~z1",0.5537941759197,0.028501310219809,0.6,"LSAM",12042,2735141,1000,"ordinal","skewed","normal","Symmetric","5",1,TRUE,0.46999999997206
"1942","Z=~z2",0.593354079105006,0.0480051576135206,0.6,"LSAM",12042,2735141,1000,"ordinal","skewed","normal","Symmetric","5",1,TRUE,0.46999999997206
"1943","Z=~z3",0.722866134543451,0.0522308131228173,0.8,"LSAM",12042,2735141,1000,"ordinal","skewed","normal","Symmetric","5",1,TRUE,0.46999999997206
"1944","Y=~y1",0.308515093367475,0.0124356998746438,0.4,"LSAM",12042,2735141,1000,"ordinal","skewed","normal","Symmetric","5",1,TRUE,0.46999999997206
"1945","Y=~y2",0.630596281857874,0.059269922568378,0.7,"LSAM",12042,2735141,1000,"ordinal","skewed","normal","Symmetric","5",1,TRUE,0.46999999997206
"1946","Y=~y3",0.806083001553404,0.0753218813430608,0.9,"LSAM",12042,2735141,1000,"ordinal","skewed","normal","Symmetric","5",1,TRUE,0.46999999997206
"1947","Y~X",0.420215607098706,0.0421921481408762,0.4,"LSAM",12042,2735141,1000,"ordinal","skewed","normal","Symmetric","5",1,TRUE,0.46999999997206
"1948","Y~Z",0.51921000220728,0.0511302584371478,0.5,"LSAM",12042,2735141,1000,"ordinal","skewed","normal","Symmetric","5",1,TRUE,0.46999999997206
"1949","Y~X:Z",0.17492364263329,0.0519534751070257,0.3,"LSAM",12042,2735141,1000,"ordinal","skewed","normal","Symmetric","5",1,TRUE,0.46999999997206
"1950","X~~Z",0.203686716272066,0.0433310394010898,0.2,"LSAM",12042,2735141,1000,"ordinal","skewed","normal","Symmetric","5",1,TRUE,0.46999999997206
"1951","X=~x1",0.543809734683453,0.113976527134957,0.4,"MC-PLSc",12043,9277565,300,"ordinal","skewed","normal","Extreme","2",1,TRUE,11.0040000000154
"1952","X=~x2",0.987472865392396,0.0831839627532525,0.8,"MC-PLSc",12043,9277565,300,"ordinal","skewed","normal","Extreme","2",1,TRUE,11.0040000000154
"1953","X=~x3",0.738920274808445,0.0740223899245417,0.8,"MC-PLSc",12043,9277565,300,"ordinal","skewed","normal","Extreme","2",1,TRUE,11.0040000000154
"1954","Z=~z1",0.573145746341687,0.120579197828745,0.6,"MC-PLSc",12043,9277565,300,"ordinal","skewed","normal","Extreme","2",1,TRUE,11.0040000000154
"1955","Z=~z2",0.848731502729622,0.113472507521664,0.6,"MC-PLSc",12043,9277565,300,"ordinal","skewed","normal","Extreme","2",1,TRUE,11.0040000000154
"1956","Z=~z3",0.749833457545374,0.103819122482569,0.8,"MC-PLSc",12043,9277565,300,"ordinal","skewed","normal","Extreme","2",1,TRUE,11.0040000000154
"1957","Y=~y1",0.30103128656316,0.123716011553241,0.4,"MC-PLSc",12043,9277565,300,"ordinal","skewed","normal","Extreme","2",1,TRUE,11.0040000000154
"1958","Y=~y2",0.791197731147025,0.187605925367586,0.7,"MC-PLSc",12043,9277565,300,"ordinal","skewed","normal","Extreme","2",1,TRUE,11.0040000000154
"1959","Y=~y3",0.975022169161978,0.124514285466113,0.9,"MC-PLSc",12043,9277565,300,"ordinal","skewed","normal","Extreme","2",1,TRUE,11.0040000000154
"1960","Y~X",0.501720608314685,0.19869529558968,0.4,"MC-PLSc",12043,9277565,300,"ordinal","skewed","normal","Extreme","2",1,TRUE,11.0040000000154
"1961","Y~Z",0.619073186483303,0.193597945576207,0.5,"MC-PLSc",12043,9277565,300,"ordinal","skewed","normal","Extreme","2",1,TRUE,11.0040000000154
"1962","Y~X:Z",0.19954802692267,0.759336601637819,0.3,"MC-PLSc",12043,9277565,300,"ordinal","skewed","normal","Extreme","2",1,TRUE,11.0040000000154
"1963","X~~Z",0.253278097469423,0.126343033211027,0.2,"MC-PLSc",12043,9277565,300,"ordinal","skewed","normal","Extreme","2",1,TRUE,11.0040000000154
"1964","X=~x1",0.444046065708734,0.116890288309742,0.4,"PLSc",12043,9277565,300,"ordinal","skewed","normal","Extreme","2",1,TRUE,1.29200000001583
"1965","X=~x2",0.789388231326662,0.0939323921759449,0.8,"PLSc",12043,9277565,300,"ordinal","skewed","normal","Extreme","2",1,TRUE,1.29200000001583
"1966","X=~x3",0.519339940286091,0.110378071314389,0.8,"PLSc",12043,9277565,300,"ordinal","skewed","normal","Extreme","2",1,TRUE,1.29200000001583
"1967","Z=~z1",0.296947989641418,0.122530179996615,0.6,"PLSc",12043,9277565,300,"ordinal","skewed","normal","Extreme","2",1,TRUE,1.29200000001583
"1968","Z=~z2",0.688628288407801,0.120553328597309,0.6,"PLSc",12043,9277565,300,"ordinal","skewed","normal","Extreme","2",1,TRUE,1.29200000001583
"1969","Z=~z3",0.584700210772233,0.115374185310845,0.8,"PLSc",12043,9277565,300,"ordinal","skewed","normal","Extreme","2",1,TRUE,1.29200000001583
"1970","Y=~y1",0.239619308496274,0.103348707227466,0.4,"PLSc",12043,9277565,300,"ordinal","skewed","normal","Extreme","2",1,TRUE,1.29200000001583
"1971","Y=~y2",0.672328492378869,0.0705661201375723,0.7,"PLSc",12043,9277565,300,"ordinal","skewed","normal","Extreme","2",1,TRUE,1.29200000001583
"1972","Y=~y3",0.795315772570948,0.069262960795357,0.9,"PLSc",12043,9277565,300,"ordinal","skewed","normal","Extreme","2",1,TRUE,1.29200000001583
"1973","Y~X",0.464926153080554,11.1630265111689,0.4,"PLSc",12043,9277565,300,"ordinal","skewed","normal","Extreme","2",1,TRUE,1.29200000001583
"1974","Y~Z",0.531598051411989,6.53172613528359,0.5,"PLSc",12043,9277565,300,"ordinal","skewed","normal","Extreme","2",1,TRUE,1.29200000001583
"1975","Y~X:Z",0.126880816490667,29.7035829622606,0.3,"PLSc",12043,9277565,300,"ordinal","skewed","normal","Extreme","2",1,TRUE,1.29200000001583
"1976","X~~Z",0.196925917756209,0.109417795841946,0.2,"PLSc",12043,9277565,300,"ordinal","skewed","normal","Extreme","2",1,TRUE,1.29200000001583
"1977","X=~x1",0.553282457840165,0.108313410703128,0.4,"PLS",12043,9277565,300,"ordinal","skewed","normal","Extreme","2",1,TRUE,0.89000000001397
"1978","X=~x2",0.882182093495553,0.0299763090892453,0.8,"PLS",12043,9277565,300,"ordinal","skewed","normal","Extreme","2",1,TRUE,0.89000000001397
"1979","X=~x3",0.753738441506028,0.0690358211693144,0.8,"PLS",12043,9277565,300,"ordinal","skewed","normal","Extreme","2",1,TRUE,0.89000000001397
"1980","Z=~z1",0.581878559236629,0.113041347136497,0.6,"PLS",12043,9277565,300,"ordinal","skewed","normal","Extreme","2",1,TRUE,0.89000000001397
"1981","Z=~z2",0.821608148731661,0.0583945563026185,0.6,"PLS",12043,9277565,300,"ordinal","skewed","normal","Extreme","2",1,TRUE,0.89000000001397
"1982","Z=~z3",0.740437679943096,0.0787777301443306,0.8,"PLS",12043,9277565,300,"ordinal","skewed","normal","Extreme","2",1,TRUE,0.89000000001397
"1983","Y=~y1",0.328789180608805,0.125077317841772,0.4,"PLS",12043,9277565,300,"ordinal","skewed","normal","Extreme","2",1,TRUE,0.89000000001397
"1984","Y=~y2",0.841624665573025,0.0399502310399932,0.7,"PLS",12043,9277565,300,"ordinal","skewed","normal","Extreme","2",1,TRUE,0.89000000001397
"1985","Y=~y3",0.894268402968855,0.0220654943300513,0.9,"PLS",12043,9277565,300,"ordinal","skewed","normal","Extreme","2",1,TRUE,0.89000000001397
"1986","Y~X",0.353118829088093,0.063925976185172,0.4,"PLS",12043,9277565,300,"ordinal","skewed","normal","Extreme","2",1,TRUE,0.89000000001397
"1987","Y~Z",0.366452509267264,0.0791158159980089,0.5,"PLS",12043,9277565,300,"ordinal","skewed","normal","Extreme","2",1,TRUE,0.89000000001397
"1988","Y~X:Z",0.137794302540829,0.0835038659298088,0.3,"PLS",12043,9277565,300,"ordinal","skewed","normal","Extreme","2",1,TRUE,0.89000000001397
"1989","X~~Z",0.124248697104343,0.0671725828156922,0.2,"PLS",12043,9277565,300,"ordinal","skewed","normal","Extreme","2",1,TRUE,0.89000000001397
"1990","X=~x1",NA,NA,0.4,"Mplus",12043,9277565,300,"ordinal","skewed","normal","Extreme","2",1,FALSE,263.478999999992
"1991","X=~x2",NA,NA,0.8,"Mplus",12043,9277565,300,"ordinal","skewed","normal","Extreme","2",1,FALSE,263.478999999992
"1992","X=~x3",NA,NA,0.8,"Mplus",12043,9277565,300,"ordinal","skewed","normal","Extreme","2",1,FALSE,263.478999999992
"1993","Z=~z1",NA,NA,0.6,"Mplus",12043,9277565,300,"ordinal","skewed","normal","Extreme","2",1,FALSE,263.478999999992
"1994","Z=~z2",NA,NA,0.6,"Mplus",12043,9277565,300,"ordinal","skewed","normal","Extreme","2",1,FALSE,263.478999999992
"1995","Z=~z3",NA,NA,0.8,"Mplus",12043,9277565,300,"ordinal","skewed","normal","Extreme","2",1,FALSE,263.478999999992
"1996","Y=~y1",NA,NA,0.4,"Mplus",12043,9277565,300,"ordinal","skewed","normal","Extreme","2",1,FALSE,263.478999999992
"1997","Y=~y2",NA,NA,0.7,"Mplus",12043,9277565,300,"ordinal","skewed","normal","Extreme","2",1,FALSE,263.478999999992
"1998","Y=~y3",NA,NA,0.9,"Mplus",12043,9277565,300,"ordinal","skewed","normal","Extreme","2",1,FALSE,263.478999999992
"1999","Y~X",NA,NA,0.4,"Mplus",12043,9277565,300,"ordinal","skewed","normal","Extreme","2",1,FALSE,263.478999999992
"2000","Y~Z",NA,NA,0.5,"Mplus",12043,9277565,300,"ordinal","skewed","normal","Extreme","2",1,FALSE,263.478999999992
"2001","Y~X:Z",NA,NA,0.3,"Mplus",12043,9277565,300,"ordinal","skewed","normal","Extreme","2",1,FALSE,263.478999999992
"2002","X~~Z",NA,NA,0.2,"Mplus",12043,9277565,300,"ordinal","skewed","normal","Extreme","2",1,FALSE,263.478999999992
"2003","X=~x1",0.313309390323404,0.0823325806183998,0.4,"LSAM",12043,9277565,300,"ordinal","skewed","normal","Extreme","2",1,TRUE,0.65400000003865
"2004","X=~x2",0.882336663893167,0.150349265423454,0.8,"LSAM",12043,9277565,300,"ordinal","skewed","normal","Extreme","2",1,TRUE,0.65400000003865
"2005","X=~x3",0.589050785868782,0.14492032761891,0.8,"LSAM",12043,9277565,300,"ordinal","skewed","normal","Extreme","2",1,TRUE,0.65400000003865
"2006","Z=~z1",0.544002511400223,0.715898589003028,0.6,"LSAM",12043,9277565,300,"ordinal","skewed","normal","Extreme","2",1,TRUE,0.65400000003865
"2007","Z=~z2",0.618212084631921,0.722801801642414,0.6,"LSAM",12043,9277565,300,"ordinal","skewed","normal","Extreme","2",1,TRUE,0.65400000003865
"2008","Z=~z3",0.481432986717211,0.696978812901831,0.8,"LSAM",12043,9277565,300,"ordinal","skewed","normal","Extreme","2",1,TRUE,0.65400000003865
"2009","Y=~y1",0.300184588932634,0.0291992027273432,0.4,"LSAM",12043,9277565,300,"ordinal","skewed","normal","Extreme","2",1,TRUE,0.65400000003865
"2010","Y=~y2",0.644720243367673,0.105351106975338,0.7,"LSAM",12043,9277565,300,"ordinal","skewed","normal","Extreme","2",1,TRUE,0.65400000003865
"2011","Y=~y3",0.853313911102885,0.132138381772702,0.9,"LSAM",12043,9277565,300,"ordinal","skewed","normal","Extreme","2",1,TRUE,0.65400000003865
"2012","Y~X",0.419961323263807,0.286955908177055,0.4,"LSAM",12043,9277565,300,"ordinal","skewed","normal","Extreme","2",1,TRUE,0.65400000003865
"2013","Y~Z",0.502582129477063,1.11546073439289,0.5,"LSAM",12043,9277565,300,"ordinal","skewed","normal","Extreme","2",1,TRUE,0.65400000003865
"2014","Y~X:Z",0.102485572270202,0.547864786700347,0.3,"LSAM",12043,9277565,300,"ordinal","skewed","normal","Extreme","2",1,TRUE,0.65400000003865
"2015","X~~Z",0.178246300518312,0.255315815741602,0.2,"LSAM",12043,9277565,300,"ordinal","skewed","normal","Extreme","2",1,TRUE,0.65400000003865
"2016","X=~x1",0.457604616576475,0.060006530730649,0.4,"MC-PLSc",12044,5078777,1000,"ordinal","skewed","normal","Extreme","2",1,TRUE,22.189000000013
"2017","X=~x2",0.921104740825326,0.0458223238169346,0.8,"MC-PLSc",12044,5078777,1000,"ordinal","skewed","normal","Extreme","2",1,TRUE,22.189000000013
"2018","X=~x3",0.817947954138206,0.0522773929363236,0.8,"MC-PLSc",12044,5078777,1000,"ordinal","skewed","normal","Extreme","2",1,TRUE,22.189000000013
"2019","Z=~z1",0.694865319042596,0.0535903324536483,0.6,"MC-PLSc",12044,5078777,1000,"ordinal","skewed","normal","Extreme","2",1,TRUE,22.189000000013
"2020","Z=~z2",0.677318957089694,0.0639686377232313,0.6,"MC-PLSc",12044,5078777,1000,"ordinal","skewed","normal","Extreme","2",1,TRUE,22.189000000013
"2021","Z=~z3",0.940988292060879,0.0418420890915408,0.8,"MC-PLSc",12044,5078777,1000,"ordinal","skewed","normal","Extreme","2",1,TRUE,22.189000000013
"2022","Y=~y1",0.364306048494575,0.0611608515542444,0.4,"MC-PLSc",12044,5078777,1000,"ordinal","skewed","normal","Extreme","2",1,TRUE,22.189000000013
"2023","Y=~y2",0.714424013805951,0.0430608562982127,0.7,"MC-PLSc",12044,5078777,1000,"ordinal","skewed","normal","Extreme","2",1,TRUE,22.189000000013
"2024","Y=~y3",0.901052933851208,0.0974677630906805,0.9,"MC-PLSc",12044,5078777,1000,"ordinal","skewed","normal","Extreme","2",1,TRUE,22.189000000013
"2025","Y~X",0.348970393555765,0.158070358364858,0.4,"MC-PLSc",12044,5078777,1000,"ordinal","skewed","normal","Extreme","2",1,TRUE,22.189000000013
"2026","Y~Z",0.556978696821762,0.112896129916748,0.5,"MC-PLSc",12044,5078777,1000,"ordinal","skewed","normal","Extreme","2",1,TRUE,22.189000000013
"2027","Y~X:Z",0.651179203900097,0.28241770964594,0.3,"MC-PLSc",12044,5078777,1000,"ordinal","skewed","normal","Extreme","2",1,TRUE,22.189000000013
"2028","X~~Z",0.208038118866469,0.0622559805697502,0.2,"MC-PLSc",12044,5078777,1000,"ordinal","skewed","normal","Extreme","2",1,TRUE,22.189000000013
"2029","X=~x1",0.32476984557628,0.0694092021677208,0.4,"PLSc",12044,5078777,1000,"ordinal","skewed","normal","Extreme","2",1,TRUE,1.35300000000279
"2030","X=~x2",0.737521131331851,0.0608490891865288,0.8,"PLSc",12044,5078777,1000,"ordinal","skewed","normal","Extreme","2",1,TRUE,1.35300000000279
"2031","X=~x3",0.620958904357229,0.0585781134454408,0.8,"PLSc",12044,5078777,1000,"ordinal","skewed","normal","Extreme","2",1,TRUE,1.35300000000279
"2032","Z=~z1",0.48197598392444,0.0564777411943946,0.6,"PLSc",12044,5078777,1000,"ordinal","skewed","normal","Extreme","2",1,TRUE,1.35300000000279
"2033","Z=~z2",0.473106832518791,0.0611245913238283,0.6,"PLSc",12044,5078777,1000,"ordinal","skewed","normal","Extreme","2",1,TRUE,1.35300000000279
"2034","Z=~z3",0.800015719687327,0.0563932050971006,0.8,"PLSc",12044,5078777,1000,"ordinal","skewed","normal","Extreme","2",1,TRUE,1.35300000000279
"2035","Y=~y1",0.244701805388893,0.0574136811472994,0.4,"PLSc",12044,5078777,1000,"ordinal","skewed","normal","Extreme","2",1,TRUE,1.35300000000279
"2036","Y=~y2",0.639741930508658,0.0433627275974743,0.7,"PLSc",12044,5078777,1000,"ordinal","skewed","normal","Extreme","2",1,TRUE,1.35300000000279
"2037","Y=~y3",0.808391796511065,0.0392633646426951,0.9,"PLSc",12044,5078777,1000,"ordinal","skewed","normal","Extreme","2",1,TRUE,1.35300000000279
"2038","Y~X",0.420179665942999,0.0594191799543276,0.4,"PLSc",12044,5078777,1000,"ordinal","skewed","normal","Extreme","2",1,TRUE,1.35300000000279
"2039","Y~Z",0.524235696070158,0.0625724644581922,0.5,"PLSc",12044,5078777,1000,"ordinal","skewed","normal","Extreme","2",1,TRUE,1.35300000000279
"2040","Y~X:Z",0.176588302827314,0.0680409687855483,0.3,"PLSc",12044,5078777,1000,"ordinal","skewed","normal","Extreme","2",1,TRUE,1.35300000000279
"2041","X~~Z",0.147722276332741,0.0532289409412,0.2,"PLSc",12044,5078777,1000,"ordinal","skewed","normal","Extreme","2",1,TRUE,1.35300000000279
"2042","X=~x1",0.461767234794533,0.0680243076201855,0.4,"PLS",12044,5078777,1000,"ordinal","skewed","normal","Extreme","2",1,TRUE,0.975000000034925
"2043","X=~x2",0.858980407606915,0.0234003349198395,0.8,"PLS",12044,5078777,1000,"ordinal","skewed","normal","Extreme","2",1,TRUE,0.975000000034925
"2044","X=~x3",0.807231146397985,0.0301032256668766,0.8,"PLS",12044,5078777,1000,"ordinal","skewed","normal","Extreme","2",1,TRUE,0.975000000034925
"2045","Z=~z1",0.695193168829883,0.041441417176712,0.6,"PLS",12044,5078777,1000,"ordinal","skewed","normal","Extreme","2",1,TRUE,0.975000000034925
"2046","Z=~z2",0.672578879814114,0.045110548599544,0.6,"PLS",12044,5078777,1000,"ordinal","skewed","normal","Extreme","2",1,TRUE,0.975000000034925
"2047","Z=~z3",0.852987558074962,0.0213672595634959,0.8,"PLS",12044,5078777,1000,"ordinal","skewed","normal","Extreme","2",1,TRUE,0.975000000034925
"2048","Y=~y1",0.429049416079688,0.0649514255666171,0.4,"PLS",12044,5078777,1000,"ordinal","skewed","normal","Extreme","2",1,TRUE,0.975000000034925
"2049","Y=~y2",0.809265120723372,0.0248781416090601,0.7,"PLS",12044,5078777,1000,"ordinal","skewed","normal","Extreme","2",1,TRUE,0.975000000034925
"2050","Y=~y3",0.882328166276294,0.012543411106901,0.9,"PLS",12044,5078777,1000,"ordinal","skewed","normal","Extreme","2",1,TRUE,0.975000000034925
"2051","Y~X",0.310550099845224,0.0363900214360415,0.4,"PLS",12044,5078777,1000,"ordinal","skewed","normal","Extreme","2",1,TRUE,0.975000000034925
"2052","Y~Z",0.383166593645585,0.037814989582709,0.5,"PLS",12044,5078777,1000,"ordinal","skewed","normal","Extreme","2",1,TRUE,0.975000000034925
"2053","Y~X:Z",0.176897125194046,0.0300980623752362,0.3,"PLS",12044,5078777,1000,"ordinal","skewed","normal","Extreme","2",1,TRUE,0.975000000034925
"2054","X~~Z",0.0976662368613512,0.0353192586014867,0.2,"PLS",12044,5078777,1000,"ordinal","skewed","normal","Extreme","2",1,TRUE,0.975000000034925
"2055","X=~x1",0.414,0.076,0.4,"Mplus",12044,5078777,1000,"ordinal","skewed","normal","Extreme","2",1,TRUE,218.602000000014
"2056","X=~x2",0.905,0.04,0.8,"Mplus",12044,5078777,1000,"ordinal","skewed","normal","Extreme","2",1,TRUE,218.602000000014
"2057","X=~x3",0.827,0.042,0.8,"Mplus",12044,5078777,1000,"ordinal","skewed","normal","Extreme","2",1,TRUE,218.602000000014
"2058","Z=~z1",0.681,0.047,0.6,"Mplus",12044,5078777,1000,"ordinal","skewed","normal","Extreme","2",1,TRUE,218.602000000014
"2059","Z=~z2",0.676,0.05,0.6,"Mplus",12044,5078777,1000,"ordinal","skewed","normal","Extreme","2",1,TRUE,218.602000000014
"2060","Z=~z3",0.898,0.038,0.8,"Mplus",12044,5078777,1000,"ordinal","skewed","normal","Extreme","2",1,TRUE,218.602000000014
"2061","Y=~y1",0.356,0.05,0.4,"Mplus",12044,5078777,1000,"ordinal","skewed","normal","Extreme","2",1,TRUE,218.602000000014
"2062","Y=~y2",0.688,0.046,0.7,"Mplus",12044,5078777,1000,"ordinal","skewed","normal","Extreme","2",1,TRUE,218.602000000014
"2063","Y=~y3",0.891,0.046,0.9,"Mplus",12044,5078777,1000,"ordinal","skewed","normal","Extreme","2",1,TRUE,218.602000000014
"2064","Y~X",0.399,0.096,0.4,"Mplus",12044,5078777,1000,"ordinal","skewed","normal","Extreme","2",1,TRUE,218.602000000014
"2065","Y~Z",0.596,0.088,0.5,"Mplus",12044,5078777,1000,"ordinal","skewed","normal","Extreme","2",1,TRUE,218.602000000014
"2066","Y~X:Z",0.58,0.086,0.3,"Mplus",12044,5078777,1000,"ordinal","skewed","normal","Extreme","2",1,TRUE,218.602000000014
"2067","X~~Z",0.186,0.066,0.2,"Mplus",12044,5078777,1000,"ordinal","skewed","normal","Extreme","2",1,TRUE,218.602000000014
"2068","X=~x1",0.311882274166308,0.0394005309197717,0.4,"LSAM",12044,5078777,1000,"ordinal","skewed","normal","Extreme","2",1,TRUE,0.690000000002328
"2069","X=~x2",0.72033621004199,0.0864974908471894,0.8,"LSAM",12044,5078777,1000,"ordinal","skewed","normal","Extreme","2",1,TRUE,0.690000000002328
"2070","X=~x3",0.66291987158431,0.0833144845287375,0.8,"LSAM",12044,5078777,1000,"ordinal","skewed","normal","Extreme","2",1,TRUE,0.690000000002328
"2071","Z=~z1",0.5883280105626,0.223111542384086,0.6,"LSAM",12044,5078777,1000,"ordinal","skewed","normal","Extreme","2",1,TRUE,0.690000000002328
"2072","Z=~z2",0.540344516401327,0.226231723370601,0.6,"LSAM",12044,5078777,1000,"ordinal","skewed","normal","Extreme","2",1,TRUE,0.690000000002328
"2073","Z=~z3",0.629256425406725,0.226120225336034,0.8,"LSAM",12044,5078777,1000,"ordinal","skewed","normal","Extreme","2",1,TRUE,0.690000000002328
"2074","Y=~y1",0.320597775142013,0.017960847560449,0.4,"LSAM",12044,5078777,1000,"ordinal","skewed","normal","Extreme","2",1,TRUE,0.690000000002328
"2075","Y=~y2",0.631289750671654,0.0636978116886499,0.7,"LSAM",12044,5078777,1000,"ordinal","skewed","normal","Extreme","2",1,TRUE,0.690000000002328
"2076","Y=~y3",0.767920238521838,0.0761473409451743,0.9,"LSAM",12044,5078777,1000,"ordinal","skewed","normal","Extreme","2",1,TRUE,0.690000000002328
"2077","Y~X",0.438268958978699,0.156401361094459,0.4,"LSAM",12044,5078777,1000,"ordinal","skewed","normal","Extreme","2",1,TRUE,0.690000000002328
"2078","Y~Z",0.534885692288501,0.493815542820012,0.5,"LSAM",12044,5078777,1000,"ordinal","skewed","normal","Extreme","2",1,TRUE,0.690000000002328
"2079","Y~X:Z",0.186565303883637,0.307047766209568,0.3,"LSAM",12044,5078777,1000,"ordinal","skewed","normal","Extreme","2",1,TRUE,0.690000000002328
"2080","X~~Z",0.148678551585736,0.19544129791286,0.2,"LSAM",12044,5078777,1000,"ordinal","skewed","normal","Extreme","2",1,TRUE,0.690000000002328
"2081","X=~x1",0.520528306246167,0.109620214941733,0.4,"MC-PLSc",12045,8073750,300,"ordinal","skewed","normal","Extreme","3",1,TRUE,14.3730000000214
"2082","X=~x2",0.899778233741797,0.0572395775905354,0.8,"MC-PLSc",12045,8073750,300,"ordinal","skewed","normal","Extreme","3",1,TRUE,14.3730000000214
"2083","X=~x3",0.839339117141769,0.0519272771587108,0.8,"MC-PLSc",12045,8073750,300,"ordinal","skewed","normal","Extreme","3",1,TRUE,14.3730000000214
"2084","Z=~z1",0.761037036111566,0.0585727735267083,0.6,"MC-PLSc",12045,8073750,300,"ordinal","skewed","normal","Extreme","3",1,TRUE,14.3730000000214
"2085","Z=~z2",0.568512676312386,0.0823287767813846,0.6,"MC-PLSc",12045,8073750,300,"ordinal","skewed","normal","Extreme","3",1,TRUE,14.3730000000214
"2086","Z=~z3",0.950607794854379,0.0514481460292463,0.8,"MC-PLSc",12045,8073750,300,"ordinal","skewed","normal","Extreme","3",1,TRUE,14.3730000000214
"2087","Y=~y1",0.408302737182815,0.0656544392159828,0.4,"MC-PLSc",12045,8073750,300,"ordinal","skewed","normal","Extreme","3",1,TRUE,14.3730000000214
"2088","Y=~y2",0.62423732474428,0.0646563523277891,0.7,"MC-PLSc",12045,8073750,300,"ordinal","skewed","normal","Extreme","3",1,TRUE,14.3730000000214
"2089","Y=~y3",0.948355481185367,0.082225972278593,0.9,"MC-PLSc",12045,8073750,300,"ordinal","skewed","normal","Extreme","3",1,TRUE,14.3730000000214
"2090","Y~X",0.442430528235639,0.134518809420466,0.4,"MC-PLSc",12045,8073750,300,"ordinal","skewed","normal","Extreme","3",1,TRUE,14.3730000000214
"2091","Y~Z",0.506164957410219,0.135857871247281,0.5,"MC-PLSc",12045,8073750,300,"ordinal","skewed","normal","Extreme","3",1,TRUE,14.3730000000214
"2092","Y~X:Z",0.412553279282257,0.196352123901203,0.3,"MC-PLSc",12045,8073750,300,"ordinal","skewed","normal","Extreme","3",1,TRUE,14.3730000000214
"2093","X~~Z",0.290278611351843,0.098308059384744,0.2,"MC-PLSc",12045,8073750,300,"ordinal","skewed","normal","Extreme","3",1,TRUE,14.3730000000214
"2094","X=~x1",0.387101131280375,0.109732157625007,0.4,"PLSc",12045,8073750,300,"ordinal","skewed","normal","Extreme","3",1,TRUE,1.2730000000447
"2095","X=~x2",0.809074617409242,0.0692981727451311,0.8,"PLSc",12045,8073750,300,"ordinal","skewed","normal","Extreme","3",1,TRUE,1.2730000000447
"2096","X=~x3",0.715474534815023,0.0728329212873943,0.8,"PLSc",12045,8073750,300,"ordinal","skewed","normal","Extreme","3",1,TRUE,1.2730000000447
"2097","Z=~z1",0.678659813795289,0.0661660382183393,0.6,"PLSc",12045,8073750,300,"ordinal","skewed","normal","Extreme","3",1,TRUE,1.2730000000447
"2098","Z=~z2",0.432299279628675,0.0963152659698749,0.6,"PLSc",12045,8073750,300,"ordinal","skewed","normal","Extreme","3",1,TRUE,1.2730000000447
"2099","Z=~z3",0.823130068468698,0.0596779642698584,0.8,"PLSc",12045,8073750,300,"ordinal","skewed","normal","Extreme","3",1,TRUE,1.2730000000447
"2100","Y=~y1",0.356213642081958,0.0773119962639972,0.4,"PLSc",12045,8073750,300,"ordinal","skewed","normal","Extreme","3",1,TRUE,1.2730000000447
"2101","Y=~y2",0.601528502560854,0.0649707780879229,0.7,"PLSc",12045,8073750,300,"ordinal","skewed","normal","Extreme","3",1,TRUE,1.2730000000447
"2102","Y=~y3",0.817861435525755,0.0558407515861296,0.9,"PLSc",12045,8073750,300,"ordinal","skewed","normal","Extreme","3",1,TRUE,1.2730000000447
"2103","Y~X",0.443380839242753,0.144380791273136,0.4,"PLSc",12045,8073750,300,"ordinal","skewed","normal","Extreme","3",1,TRUE,1.2730000000447
"2104","Y~Z",0.49883389984904,0.0978523249146804,0.5,"PLSc",12045,8073750,300,"ordinal","skewed","normal","Extreme","3",1,TRUE,1.2730000000447
"2105","Y~X:Z",0.199343031630706,0.275860932855023,0.3,"PLSc",12045,8073750,300,"ordinal","skewed","normal","Extreme","3",1,TRUE,1.2730000000447
"2106","X~~Z",0.233660165827526,0.0913182070062931,0.2,"PLSc",12045,8073750,300,"ordinal","skewed","normal","Extreme","3",1,TRUE,1.2730000000447
"2107","X=~x1",0.562934811237375,0.0923397952151854,0.4,"PLS",12045,8073750,300,"ordinal","skewed","normal","Extreme","3",1,TRUE,0.865999999979977
"2108","X=~x2",0.872531321427662,0.0238082269740322,0.8,"PLS",12045,8073750,300,"ordinal","skewed","normal","Extreme","3",1,TRUE,0.865999999979977
"2109","X=~x3",0.845014271341899,0.0315559322276593,0.8,"PLS",12045,8073750,300,"ordinal","skewed","normal","Extreme","3",1,TRUE,0.865999999979977
"2110","Z=~z1",0.8010107534308,0.0391067160832465,0.6,"PLS",12045,8073750,300,"ordinal","skewed","normal","Extreme","3",1,TRUE,0.865999999979977
"2111","Z=~z2",0.618494968948679,0.0816670948994785,0.6,"PLS",12045,8073750,300,"ordinal","skewed","normal","Extreme","3",1,TRUE,0.865999999979977
"2112","Z=~z3",0.886808846203842,0.0181632272923124,0.8,"PLS",12045,8073750,300,"ordinal","skewed","normal","Extreme","3",1,TRUE,0.865999999979977
"2113","Y=~y1",0.515099603191295,0.0871436059318858,0.4,"PLS",12045,8073750,300,"ordinal","skewed","normal","Extreme","3",1,TRUE,0.865999999979977
"2114","Y=~y2",0.765862201152147,0.046355722834778,0.7,"PLS",12045,8073750,300,"ordinal","skewed","normal","Extreme","3",1,TRUE,0.865999999979977
"2115","Y=~y3",0.899191141197472,0.01486103596125,0.9,"PLS",12045,8073750,300,"ordinal","skewed","normal","Extreme","3",1,TRUE,0.865999999979977
"2116","Y~X",0.345193118947449,0.0579802767862475,0.4,"PLS",12045,8073750,300,"ordinal","skewed","normal","Extreme","3",1,TRUE,0.865999999979977
"2117","Y~Z",0.383647481148972,0.062929922542898,0.5,"PLS",12045,8073750,300,"ordinal","skewed","normal","Extreme","3",1,TRUE,0.865999999979977
"2118","Y~X:Z",0.202222890104476,0.0438241215746692,0.3,"PLS",12045,8073750,300,"ordinal","skewed","normal","Extreme","3",1,TRUE,0.865999999979977
"2119","X~~Z",0.173036470783707,0.0692596458126753,0.2,"PLS",12045,8073750,300,"ordinal","skewed","normal","Extreme","3",1,TRUE,0.865999999979977
"2120","X=~x1",0.466,0.102,0.4,"Mplus",12045,8073750,300,"ordinal","skewed","normal","Extreme","3",1,TRUE,307.197999999975
"2121","X=~x2",0.899,0.055,0.8,"Mplus",12045,8073750,300,"ordinal","skewed","normal","Extreme","3",1,TRUE,307.197999999975
"2122","X=~x3",0.784,0.062,0.8,"Mplus",12045,8073750,300,"ordinal","skewed","normal","Extreme","3",1,TRUE,307.197999999975
"2123","Z=~z1",0.653,0.069,0.6,"Mplus",12045,8073750,300,"ordinal","skewed","normal","Extreme","3",1,TRUE,307.197999999975
"2124","Z=~z2",0.592,0.073,0.6,"Mplus",12045,8073750,300,"ordinal","skewed","normal","Extreme","3",1,TRUE,307.197999999975
"2125","Z=~z3",0.992,0.001,0.8,"Mplus",12045,8073750,300,"ordinal","skewed","normal","Extreme","3",1,TRUE,307.197999999975
"2126","Y=~y1",0.383,0.069,0.4,"Mplus",12045,8073750,300,"ordinal","skewed","normal","Extreme","3",1,TRUE,307.197999999975
"2127","Y=~y2",0.582,0.075,0.7,"Mplus",12045,8073750,300,"ordinal","skewed","normal","Extreme","3",1,TRUE,307.197999999975
"2128","Y=~y3",0.857,0.066,0.9,"Mplus",12045,8073750,300,"ordinal","skewed","normal","Extreme","3",1,TRUE,307.197999999975
"2129","Y~X",0.408,0.123,0.4,"Mplus",12045,8073750,300,"ordinal","skewed","normal","Extreme","3",1,TRUE,307.197999999975
"2130","Y~Z",0.314,0.136,0.5,"Mplus",12045,8073750,300,"ordinal","skewed","normal","Extreme","3",1,TRUE,307.197999999975
"2131","Y~X:Z",0.757,0.09,0.3,"Mplus",12045,8073750,300,"ordinal","skewed","normal","Extreme","3",1,TRUE,307.197999999975
"2132","X~~Z",0.308,0.078,0.2,"Mplus",12045,8073750,300,"ordinal","skewed","normal","Extreme","3",1,TRUE,307.197999999975
"2133","X=~x1",0.413136890631574,0.0603604335267842,0.4,"LSAM",12045,8073750,300,"ordinal","skewed","normal","Extreme","3",1,FALSE,0.615999999979977
"2134","X=~x2",0.755223530236537,0.100426044054579,0.8,"LSAM",12045,8073750,300,"ordinal","skewed","normal","Extreme","3",1,FALSE,0.615999999979977
"2135","X=~x3",0.747227067042501,0.100365319333924,0.8,"LSAM",12045,8073750,300,"ordinal","skewed","normal","Extreme","3",1,FALSE,0.615999999979977
"2136","Z=~z1",0.584233424649471,0.0388553428570846,0.6,"LSAM",12045,8073750,300,"ordinal","skewed","normal","Extreme","3",1,FALSE,0.615999999979977
"2137","Z=~z2",0.451982162371647,0.0650432562354457,0.6,"LSAM",12045,8073750,300,"ordinal","skewed","normal","Extreme","3",1,FALSE,0.615999999979977
"2138","Z=~z3",0.918073463418518,0.090831587693591,0.8,"LSAM",12045,8073750,300,"ordinal","skewed","normal","Extreme","3",1,FALSE,0.615999999979977
"2139","Y=~y1",0.34014899832138,0.0265873695562104,0.4,"LSAM",12045,8073750,300,"ordinal","skewed","normal","Extreme","3",1,FALSE,0.615999999979977
"2140","Y=~y2",0.501198938742154,0.079645658234427,0.7,"LSAM",12045,8073750,300,"ordinal","skewed","normal","Extreme","3",1,FALSE,0.615999999979977
"2141","Y=~y3",1,0.13778828849479,0.9,"LSAM",12045,8073750,300,"ordinal","skewed","normal","Extreme","3",1,FALSE,0.615999999979977
"2142","Y~X",0.355219627309269,0.084143913347617,0.4,"LSAM",12045,8073750,300,"ordinal","skewed","normal","Extreme","3",1,FALSE,0.615999999979977
"2143","Y~Z",0.388051850455353,0.094429185778972,0.5,"LSAM",12045,8073750,300,"ordinal","skewed","normal","Extreme","3",1,FALSE,0.615999999979977
"2144","Y~X:Z",0.16084560612115,0.056261143405909,0.3,"LSAM",12045,8073750,300,"ordinal","skewed","normal","Extreme","3",1,FALSE,0.615999999979977
"2145","X~~Z",0.236464885501421,0.0875865951809989,0.2,"LSAM",12045,8073750,300,"ordinal","skewed","normal","Extreme","3",1,FALSE,0.615999999979977
"2146","X=~x1",0.397010154951622,0.0545014059556597,0.4,"MC-PLSc",12046,692138,1000,"ordinal","skewed","normal","Extreme","3",1,TRUE,15.5669999999809
"2147","X=~x2",0.884477294845047,0.0323669043884105,0.8,"MC-PLSc",12046,692138,1000,"ordinal","skewed","normal","Extreme","3",1,TRUE,15.5669999999809
"2148","X=~x3",0.88696250141211,0.034543307088673,0.8,"MC-PLSc",12046,692138,1000,"ordinal","skewed","normal","Extreme","3",1,TRUE,15.5669999999809
"2149","Z=~z1",0.625117322359476,0.0476465696125378,0.6,"MC-PLSc",12046,692138,1000,"ordinal","skewed","normal","Extreme","3",1,TRUE,15.5669999999809
"2150","Z=~z2",0.689918709197485,0.0381553841222731,0.6,"MC-PLSc",12046,692138,1000,"ordinal","skewed","normal","Extreme","3",1,TRUE,15.5669999999809
"2151","Z=~z3",0.843220422119673,0.0304700986173724,0.8,"MC-PLSc",12046,692138,1000,"ordinal","skewed","normal","Extreme","3",1,TRUE,15.5669999999809
"2152","Y=~y1",0.375698667153365,0.0455642738445368,0.4,"MC-PLSc",12046,692138,1000,"ordinal","skewed","normal","Extreme","3",1,TRUE,15.5669999999809
"2153","Y=~y2",0.70865743733906,0.0344898143578382,0.7,"MC-PLSc",12046,692138,1000,"ordinal","skewed","normal","Extreme","3",1,TRUE,15.5669999999809
"2154","Y=~y3",0.952004601534428,0.0343344904180725,0.9,"MC-PLSc",12046,692138,1000,"ordinal","skewed","normal","Extreme","3",1,TRUE,15.5669999999809
"2155","Y~X",0.459930351915733,0.0762009538927995,0.4,"MC-PLSc",12046,692138,1000,"ordinal","skewed","normal","Extreme","3",1,TRUE,15.5669999999809
"2156","Y~Z",0.583956745126374,0.0739750580145607,0.5,"MC-PLSc",12046,692138,1000,"ordinal","skewed","normal","Extreme","3",1,TRUE,15.5669999999809
"2157","Y~X:Z",0.257925027805215,0.135544273714039,0.3,"MC-PLSc",12046,692138,1000,"ordinal","skewed","normal","Extreme","3",1,TRUE,15.5669999999809
"2158","X~~Z",0.224022814720997,0.0580630241972353,0.2,"MC-PLSc",12046,692138,1000,"ordinal","skewed","normal","Extreme","3",1,TRUE,15.5669999999809
"2159","X=~x1",0.311070924285403,0.0624450170377428,0.4,"PLSc",12046,692138,1000,"ordinal","skewed","normal","Extreme","3",1,TRUE,1.40000000002328
"2160","X=~x2",0.778458558814606,0.0436987223405779,0.8,"PLSc",12046,692138,1000,"ordinal","skewed","normal","Extreme","3",1,TRUE,1.40000000002328
"2161","X=~x3",0.766069827254613,0.0432046094677083,0.8,"PLSc",12046,692138,1000,"ordinal","skewed","normal","Extreme","3",1,TRUE,1.40000000002328
"2162","Z=~z1",0.505733287582348,0.0522508366287089,0.6,"PLSc",12046,692138,1000,"ordinal","skewed","normal","Extreme","3",1,TRUE,1.40000000002328
"2163","Z=~z2",0.579338705607426,0.0472188296580626,0.6,"PLSc",12046,692138,1000,"ordinal","skewed","normal","Extreme","3",1,TRUE,1.40000000002328
"2164","Z=~z3",0.707087648217212,0.0408861807643127,0.8,"PLSc",12046,692138,1000,"ordinal","skewed","normal","Extreme","3",1,TRUE,1.40000000002328
"2165","Y=~y1",0.325178762610543,0.0439674967516055,0.4,"PLSc",12046,692138,1000,"ordinal","skewed","normal","Extreme","3",1,TRUE,1.40000000002328
"2166","Y=~y2",0.640427339399549,0.0369844685366761,0.7,"PLSc",12046,692138,1000,"ordinal","skewed","normal","Extreme","3",1,TRUE,1.40000000002328
"2167","Y=~y3",0.846085719580379,0.0275469925027964,0.9,"PLSc",12046,692138,1000,"ordinal","skewed","normal","Extreme","3",1,TRUE,1.40000000002328
"2168","Y~X",0.433328534671958,0.0480472588805693,0.4,"PLSc",12046,692138,1000,"ordinal","skewed","normal","Extreme","3",1,TRUE,1.40000000002328
"2169","Y~Z",0.5451000216285,0.0508824701270904,0.5,"PLSc",12046,692138,1000,"ordinal","skewed","normal","Extreme","3",1,TRUE,1.40000000002328
"2170","Y~X:Z",0.146765392939808,0.0540513971306675,0.3,"PLSc",12046,692138,1000,"ordinal","skewed","normal","Extreme","3",1,TRUE,1.40000000002328
"2171","X~~Z",0.182426843712655,0.0537665368252656,0.2,"PLSc",12046,692138,1000,"ordinal","skewed","normal","Extreme","3",1,TRUE,1.40000000002328
"2172","X=~x1",0.445721310899577,0.0564829168233788,0.4,"PLS",12046,692138,1000,"ordinal","skewed","normal","Extreme","3",1,TRUE,0.956999999994878
"2173","X=~x2",0.877113145879379,0.0152838710400503,0.8,"PLS",12046,692138,1000,"ordinal","skewed","normal","Extreme","3",1,TRUE,0.956999999994878
"2174","X=~x3",0.877803814960922,0.0151631853025627,0.8,"PLS",12046,692138,1000,"ordinal","skewed","normal","Extreme","3",1,TRUE,0.956999999994878
"2175","Z=~z1",0.683058030872297,0.0373730282376045,0.6,"PLS",12046,692138,1000,"ordinal","skewed","normal","Extreme","3",1,TRUE,0.956999999994878
"2176","Z=~z2",0.738779405480991,0.030360780532529,0.6,"PLS",12046,692138,1000,"ordinal","skewed","normal","Extreme","3",1,TRUE,0.956999999994878
"2177","Z=~z3",0.832039523976101,0.0166632403559408,0.8,"PLS",12046,692138,1000,"ordinal","skewed","normal","Extreme","3",1,TRUE,0.956999999994878
"2178","Y=~y1",0.458570095398258,0.0503064076854807,0.4,"PLS",12046,692138,1000,"ordinal","skewed","normal","Extreme","3",1,TRUE,0.956999999994878
"2179","Y=~y2",0.817626005715786,0.0208771818209255,0.7,"PLS",12046,692138,1000,"ordinal","skewed","normal","Extreme","3",1,TRUE,0.956999999994878
"2180","Y=~y3",0.900040144435353,0.00808988527563716,0.9,"PLS",12046,692138,1000,"ordinal","skewed","normal","Extreme","3",1,TRUE,0.956999999994878
"2181","Y~X",0.351369615912185,0.0333700217006197,0.4,"PLS",12046,692138,1000,"ordinal","skewed","normal","Extreme","3",1,TRUE,0.956999999994878
"2182","Y~Z",0.391144131397684,0.0340444614075731,0.5,"PLS",12046,692138,1000,"ordinal","skewed","normal","Extreme","3",1,TRUE,0.956999999994878
"2183","Y~X:Z",0.154208418964004,0.0281059631403983,0.3,"PLS",12046,692138,1000,"ordinal","skewed","normal","Extreme","3",1,TRUE,0.956999999994878
"2184","X~~Z",0.12621100439752,0.0374724437070539,0.2,"PLS",12046,692138,1000,"ordinal","skewed","normal","Extreme","3",1,TRUE,0.956999999994878
"2185","X=~x1",0.367,0.047,0.4,"Mplus",12046,692138,1000,"ordinal","skewed","normal","Extreme","3",1,TRUE,332.594000000041
"2186","X=~x2",0.854,0.033,0.8,"Mplus",12046,692138,1000,"ordinal","skewed","normal","Extreme","3",1,TRUE,332.594000000041
"2187","X=~x3",0.878,0.033,0.8,"Mplus",12046,692138,1000,"ordinal","skewed","normal","Extreme","3",1,TRUE,332.594000000041
"2188","Z=~z1",0.572,0.042,0.6,"Mplus",12046,692138,1000,"ordinal","skewed","normal","Extreme","3",1,TRUE,332.594000000041
"2189","Z=~z2",0.653,0.041,0.6,"Mplus",12046,692138,1000,"ordinal","skewed","normal","Extreme","3",1,TRUE,332.594000000041
"2190","Z=~z3",0.835,0.036,0.8,"Mplus",12046,692138,1000,"ordinal","skewed","normal","Extreme","3",1,TRUE,332.594000000041
"2191","Y=~y1",0.345,0.043,0.4,"Mplus",12046,692138,1000,"ordinal","skewed","normal","Extreme","3",1,TRUE,332.594000000041
"2192","Y=~y2",0.691,0.035,0.7,"Mplus",12046,692138,1000,"ordinal","skewed","normal","Extreme","3",1,TRUE,332.594000000041
"2193","Y=~y3",0.927,0.028,0.9,"Mplus",12046,692138,1000,"ordinal","skewed","normal","Extreme","3",1,TRUE,332.594000000041
"2194","Y~X",0.363,0.066,0.4,"Mplus",12046,692138,1000,"ordinal","skewed","normal","Extreme","3",1,TRUE,332.594000000041
"2195","Y~Z",0.542,0.063,0.5,"Mplus",12046,692138,1000,"ordinal","skewed","normal","Extreme","3",1,TRUE,332.594000000041
"2196","Y~X:Z",0.457,0.06,0.3,"Mplus",12046,692138,1000,"ordinal","skewed","normal","Extreme","3",1,TRUE,332.594000000041
"2197","X~~Z",0.244,0.053,0.2,"Mplus",12046,692138,1000,"ordinal","skewed","normal","Extreme","3",1,TRUE,332.594000000041
"2198","X=~x1",0.313386948449222,0.0342359232892437,0.4,"LSAM",12046,692138,1000,"ordinal","skewed","normal","Extreme","3",1,TRUE,0.446999999985565
"2199","X=~x2",0.747498203207408,0.0671972671642126,0.8,"LSAM",12046,692138,1000,"ordinal","skewed","normal","Extreme","3",1,TRUE,0.446999999985565
"2200","X=~x3",0.807090030476893,0.0671760333602981,0.8,"LSAM",12046,692138,1000,"ordinal","skewed","normal","Extreme","3",1,TRUE,0.446999999985565
"2201","Z=~z1",0.502805674365889,0.0364713195603242,0.6,"LSAM",12046,692138,1000,"ordinal","skewed","normal","Extreme","3",1,TRUE,0.446999999985565
"2202","Z=~z2",0.545319434295355,0.0554158394162167,0.6,"LSAM",12046,692138,1000,"ordinal","skewed","normal","Extreme","3",1,TRUE,0.446999999985565
"2203","Z=~z3",0.747025823098309,0.0638037109640272,0.8,"LSAM",12046,692138,1000,"ordinal","skewed","normal","Extreme","3",1,TRUE,0.446999999985565
"2204","Y=~y1",0.312560573581792,0.0140157046938133,0.4,"LSAM",12046,692138,1000,"ordinal","skewed","normal","Extreme","3",1,TRUE,0.446999999985565
"2205","Y=~y2",0.626513267911793,0.0527575700634596,0.7,"LSAM",12046,692138,1000,"ordinal","skewed","normal","Extreme","3",1,TRUE,0.446999999985565
"2206","Y=~y3",0.89465212968127,0.0697806142901923,0.9,"LSAM",12046,692138,1000,"ordinal","skewed","normal","Extreme","3",1,TRUE,0.446999999985565
"2207","Y~X",0.408086128541508,0.0478977478224726,0.4,"LSAM",12046,692138,1000,"ordinal","skewed","normal","Extreme","3",1,TRUE,0.446999999985565
"2208","Y~Z",0.514767109419783,0.0584971416519484,0.5,"LSAM",12046,692138,1000,"ordinal","skewed","normal","Extreme","3",1,TRUE,0.446999999985565
"2209","Y~X:Z",0.159759290636571,0.0470373075596384,0.3,"LSAM",12046,692138,1000,"ordinal","skewed","normal","Extreme","3",1,TRUE,0.446999999985565
"2210","X~~Z",0.178398855189751,0.0509771387091049,0.2,"LSAM",12046,692138,1000,"ordinal","skewed","normal","Extreme","3",1,TRUE,0.446999999985565
"2211","X=~x1",0.386934104874222,0.0842475089632468,0.4,"MC-PLSc",12047,2007960,300,"ordinal","skewed","normal","Extreme","5",1,TRUE,18.6830000000191
"2212","X=~x2",0.86711980118861,0.0460395315778486,0.8,"MC-PLSc",12047,2007960,300,"ordinal","skewed","normal","Extreme","5",1,TRUE,18.6830000000191
"2213","X=~x3",0.903678849853881,0.046984220534572,0.8,"MC-PLSc",12047,2007960,300,"ordinal","skewed","normal","Extreme","5",1,TRUE,18.6830000000191
"2214","Z=~z1",0.62491258429357,0.0663474577837439,0.6,"MC-PLSc",12047,2007960,300,"ordinal","skewed","normal","Extreme","5",1,TRUE,18.6830000000191
"2215","Z=~z2",0.65649176676535,0.0580642924135325,0.6,"MC-PLSc",12047,2007960,300,"ordinal","skewed","normal","Extreme","5",1,TRUE,18.6830000000191
"2216","Z=~z3",0.855586765775306,0.043594521056722,0.8,"MC-PLSc",12047,2007960,300,"ordinal","skewed","normal","Extreme","5",1,TRUE,18.6830000000191
"2217","Y=~y1",0.396619797573167,0.0727875419556348,0.4,"MC-PLSc",12047,2007960,300,"ordinal","skewed","normal","Extreme","5",1,TRUE,18.6830000000191
"2218","Y=~y2",0.632548320847829,0.0575840470271735,0.7,"MC-PLSc",12047,2007960,300,"ordinal","skewed","normal","Extreme","5",1,TRUE,18.6830000000191
"2219","Y=~y3",0.897151016725829,0.0389160134482725,0.9,"MC-PLSc",12047,2007960,300,"ordinal","skewed","normal","Extreme","5",1,TRUE,18.6830000000191
"2220","Y~X",0.278857575962731,0.0927149348968356,0.4,"MC-PLSc",12047,2007960,300,"ordinal","skewed","normal","Extreme","5",1,TRUE,18.6830000000191
"2221","Y~Z",0.727579853375473,0.0726713832013951,0.5,"MC-PLSc",12047,2007960,300,"ordinal","skewed","normal","Extreme","5",1,TRUE,18.6830000000191
"2222","Y~X:Z",0.484604279321097,0.143884751489778,0.3,"MC-PLSc",12047,2007960,300,"ordinal","skewed","normal","Extreme","5",1,TRUE,18.6830000000191
"2223","X~~Z",0.283727498648021,0.0801112114035424,0.2,"MC-PLSc",12047,2007960,300,"ordinal","skewed","normal","Extreme","5",1,TRUE,18.6830000000191
"2224","X=~x1",0.23160112654074,0.119139188256288,0.4,"PLSc",12047,2007960,300,"ordinal","skewed","normal","Extreme","5",1,TRUE,1.26699999999255
"2225","X=~x2",0.812582262666345,0.0595470342755858,0.8,"PLSc",12047,2007960,300,"ordinal","skewed","normal","Extreme","5",1,TRUE,1.26699999999255
"2226","X=~x3",0.882589450364532,0.0621928946031396,0.8,"PLSc",12047,2007960,300,"ordinal","skewed","normal","Extreme","5",1,TRUE,1.26699999999255
"2227","Z=~z1",0.523317006946963,0.069241974391645,0.6,"PLSc",12047,2007960,300,"ordinal","skewed","normal","Extreme","5",1,TRUE,1.26699999999255
"2228","Z=~z2",0.610879038683801,0.0639553099389637,0.6,"PLSc",12047,2007960,300,"ordinal","skewed","normal","Extreme","5",1,TRUE,1.26699999999255
"2229","Z=~z3",0.794805727560306,0.0540311388671095,0.8,"PLSc",12047,2007960,300,"ordinal","skewed","normal","Extreme","5",1,TRUE,1.26699999999255
"2230","Y=~y1",0.361785276897356,0.0714536504330641,0.4,"PLSc",12047,2007960,300,"ordinal","skewed","normal","Extreme","5",1,TRUE,1.26699999999255
"2231","Y=~y2",0.608303429631279,0.0563352006520768,0.7,"PLSc",12047,2007960,300,"ordinal","skewed","normal","Extreme","5",1,TRUE,1.26699999999255
"2232","Y=~y3",0.866926988847553,0.0379922066692412,0.9,"PLSc",12047,2007960,300,"ordinal","skewed","normal","Extreme","5",1,TRUE,1.26699999999255
"2233","Y~X",0.337846442584389,0.0645548738402692,0.4,"PLSc",12047,2007960,300,"ordinal","skewed","normal","Extreme","5",1,TRUE,1.26699999999255
"2234","Y~Z",0.682410695514342,0.0721770925083237,0.5,"PLSc",12047,2007960,300,"ordinal","skewed","normal","Extreme","5",1,TRUE,1.26699999999255
"2235","Y~X:Z",0.235268462818993,0.0846275610312074,0.3,"PLSc",12047,2007960,300,"ordinal","skewed","normal","Extreme","5",1,TRUE,1.26699999999255
"2236","X~~Z",0.248202184720419,0.0722615260120132,0.2,"PLSc",12047,2007960,300,"ordinal","skewed","normal","Extreme","5",1,TRUE,1.26699999999255
"2237","X=~x1",0.475788290025179,0.0918934200588988,0.4,"PLS",12047,2007960,300,"ordinal","skewed","normal","Extreme","5",1,TRUE,0.924999999988358
"2238","X=~x2",0.894369379380263,0.0176814205568431,0.8,"PLS",12047,2007960,300,"ordinal","skewed","normal","Extreme","5",1,TRUE,0.924999999988358
"2239","X=~x3",0.905177254095829,0.0174191197384931,0.8,"PLS",12047,2007960,300,"ordinal","skewed","normal","Extreme","5",1,TRUE,0.924999999988358
"2240","Z=~z1",0.719546203479806,0.048862543381863,0.6,"PLS",12047,2007960,300,"ordinal","skewed","normal","Extreme","5",1,TRUE,0.924999999988358
"2241","Z=~z2",0.748241641401182,0.0435802894503574,0.6,"PLS",12047,2007960,300,"ordinal","skewed","normal","Extreme","5",1,TRUE,0.924999999988358
"2242","Z=~z3",0.859513658903593,0.019942864221134,0.8,"PLS",12047,2007960,300,"ordinal","skewed","normal","Extreme","5",1,TRUE,0.924999999988358
"2243","Y=~y1",0.533638536839029,0.0775417362266787,0.4,"PLS",12047,2007960,300,"ordinal","skewed","normal","Extreme","5",1,TRUE,0.924999999988358
"2244","Y=~y2",0.788437869639483,0.037496621150038,0.7,"PLS",12047,2007960,300,"ordinal","skewed","normal","Extreme","5",1,TRUE,0.924999999988358
"2245","Y=~y3",0.896567224223485,0.0115919965332739,0.9,"PLS",12047,2007960,300,"ordinal","skewed","normal","Extreme","5",1,TRUE,0.924999999988358
"2246","Y~X",0.315939417311283,0.0419925543999769,0.4,"PLS",12047,2007960,300,"ordinal","skewed","normal","Extreme","5",1,TRUE,0.924999999988358
"2247","Y~Z",0.510661460436037,0.0487095341275132,0.5,"PLS",12047,2007960,300,"ordinal","skewed","normal","Extreme","5",1,TRUE,0.924999999988358
"2248","Y~X:Z",0.201610023864629,0.0377541491213847,0.3,"PLS",12047,2007960,300,"ordinal","skewed","normal","Extreme","5",1,TRUE,0.924999999988358
"2249","X~~Z",0.190965742367903,0.0559655086558271,0.2,"PLS",12047,2007960,300,"ordinal","skewed","normal","Extreme","5",1,TRUE,0.924999999988358
"2250","X=~x1",0.412,0.065,0.4,"Mplus",12047,2007960,300,"ordinal","skewed","normal","Extreme","5",1,TRUE,179.304000000004
"2251","X=~x2",0.835,0.041,0.8,"Mplus",12047,2007960,300,"ordinal","skewed","normal","Extreme","5",1,TRUE,179.304000000004
"2252","X=~x3",0.843,0.039,0.8,"Mplus",12047,2007960,300,"ordinal","skewed","normal","Extreme","5",1,TRUE,179.304000000004
"2253","Z=~z1",0.572,0.066,0.6,"Mplus",12047,2007960,300,"ordinal","skewed","normal","Extreme","5",1,TRUE,179.304000000004
"2254","Z=~z2",0.599,0.065,0.6,"Mplus",12047,2007960,300,"ordinal","skewed","normal","Extreme","5",1,TRUE,179.304000000004
"2255","Z=~z3",0.812,0.052,0.8,"Mplus",12047,2007960,300,"ordinal","skewed","normal","Extreme","5",1,TRUE,179.304000000004
"2256","Y=~y1",0.378,0.062,0.4,"Mplus",12047,2007960,300,"ordinal","skewed","normal","Extreme","5",1,TRUE,179.304000000004
"2257","Y=~y2",0.614,0.057,0.7,"Mplus",12047,2007960,300,"ordinal","skewed","normal","Extreme","5",1,TRUE,179.304000000004
"2258","Y=~y3",0.868,0.044,0.9,"Mplus",12047,2007960,300,"ordinal","skewed","normal","Extreme","5",1,TRUE,179.304000000004
"2259","Y~X",0.379,0.072,0.4,"Mplus",12047,2007960,300,"ordinal","skewed","normal","Extreme","5",1,TRUE,179.304000000004
"2260","Y~Z",0.63,0.076,0.5,"Mplus",12047,2007960,300,"ordinal","skewed","normal","Extreme","5",1,TRUE,179.304000000004
"2261","Y~X:Z",0.495,0.096,0.3,"Mplus",12047,2007960,300,"ordinal","skewed","normal","Extreme","5",1,TRUE,179.304000000004
"2262","X~~Z",0.312,0.067,0.2,"Mplus",12047,2007960,300,"ordinal","skewed","normal","Extreme","5",1,TRUE,179.304000000004
"2263","X=~x1",0.400897473750057,0.0557007064826067,0.4,"LSAM",12047,2007960,300,"ordinal","skewed","normal","Extreme","5",1,TRUE,0.423000000009779
"2264","X=~x2",0.84341212742872,0.0848430198622194,0.8,"LSAM",12047,2007960,300,"ordinal","skewed","normal","Extreme","5",1,TRUE,0.423000000009779
"2265","X=~x3",0.7686261720778,0.0872449589921582,0.8,"LSAM",12047,2007960,300,"ordinal","skewed","normal","Extreme","5",1,TRUE,0.423000000009779
"2266","Z=~z1",0.589250411050834,0.0534200046443398,0.6,"LSAM",12047,2007960,300,"ordinal","skewed","normal","Extreme","5",1,TRUE,0.423000000009779
"2267","Z=~z2",0.565212264088352,0.0816631117943135,0.6,"LSAM",12047,2007960,300,"ordinal","skewed","normal","Extreme","5",1,TRUE,0.423000000009779
"2268","Z=~z3",0.778545554370837,0.0893051679740146,0.8,"LSAM",12047,2007960,300,"ordinal","skewed","normal","Extreme","5",1,TRUE,0.423000000009779
"2269","Y=~y1",0.369397970519597,0.0274553266792179,0.4,"LSAM",12047,2007960,300,"ordinal","skewed","normal","Extreme","5",1,TRUE,0.423000000009779
"2270","Y=~y2",0.60887818416368,0.0881160427636694,0.7,"LSAM",12047,2007960,300,"ordinal","skewed","normal","Extreme","5",1,TRUE,0.423000000009779
"2271","Y=~y3",0.859149204321218,0.115547689555201,0.9,"LSAM",12047,2007960,300,"ordinal","skewed","normal","Extreme","5",1,TRUE,0.423000000009779
"2272","Y~X",0.366929188570545,0.0654073766891533,0.4,"LSAM",12047,2007960,300,"ordinal","skewed","normal","Extreme","5",1,TRUE,0.423000000009779
"2273","Y~Z",0.684444107866308,0.0725860289692109,0.5,"LSAM",12047,2007960,300,"ordinal","skewed","normal","Extreme","5",1,TRUE,0.423000000009779
"2274","Y~X:Z",0.179109515343857,0.0749768714106692,0.3,"LSAM",12047,2007960,300,"ordinal","skewed","normal","Extreme","5",1,TRUE,0.423000000009779
"2275","X~~Z",0.259879207410267,0.0754039514752672,0.2,"LSAM",12047,2007960,300,"ordinal","skewed","normal","Extreme","5",1,TRUE,0.423000000009779
"2276","X=~x1",0.476160555098143,0.0430904973530762,0.4,"MC-PLSc",12048,3754368,1000,"ordinal","skewed","normal","Extreme","5",1,TRUE,18.460000000021
"2277","X=~x2",0.851887343493311,0.027081097597952,0.8,"MC-PLSc",12048,3754368,1000,"ordinal","skewed","normal","Extreme","5",1,TRUE,18.460000000021
"2278","X=~x3",0.865618065900687,0.0253152304214234,0.8,"MC-PLSc",12048,3754368,1000,"ordinal","skewed","normal","Extreme","5",1,TRUE,18.460000000021
"2279","Z=~z1",0.661878994101088,0.0344791036919665,0.6,"MC-PLSc",12048,3754368,1000,"ordinal","skewed","normal","Extreme","5",1,TRUE,18.460000000021
"2280","Z=~z2",0.66321684640683,0.0360138681762024,0.6,"MC-PLSc",12048,3754368,1000,"ordinal","skewed","normal","Extreme","5",1,TRUE,18.460000000021
"2281","Z=~z3",0.896674237334324,0.0257842238372621,0.8,"MC-PLSc",12048,3754368,1000,"ordinal","skewed","normal","Extreme","5",1,TRUE,18.460000000021
"2282","Y=~y1",0.349987000915625,0.0413695714008704,0.4,"MC-PLSc",12048,3754368,1000,"ordinal","skewed","normal","Extreme","5",1,TRUE,18.460000000021
"2283","Y=~y2",0.711144907576055,0.0294671762549191,0.7,"MC-PLSc",12048,3754368,1000,"ordinal","skewed","normal","Extreme","5",1,TRUE,18.460000000021
"2284","Y=~y3",0.902946207263426,0.0270546217270208,0.9,"MC-PLSc",12048,3754368,1000,"ordinal","skewed","normal","Extreme","5",1,TRUE,18.460000000021
"2285","Y~X",0.459236413142517,0.0478902462115884,0.4,"MC-PLSc",12048,3754368,1000,"ordinal","skewed","normal","Extreme","5",1,TRUE,18.460000000021
"2286","Y~Z",0.541971065189419,0.052233195524659,0.5,"MC-PLSc",12048,3754368,1000,"ordinal","skewed","normal","Extreme","5",1,TRUE,18.460000000021
"2287","Y~X:Z",0.211643418052305,0.0868911423698834,0.3,"MC-PLSc",12048,3754368,1000,"ordinal","skewed","normal","Extreme","5",1,TRUE,18.460000000021
"2288","X~~Z",0.193157919915879,0.0497380937251575,0.2,"MC-PLSc",12048,3754368,1000,"ordinal","skewed","normal","Extreme","5",1,TRUE,18.460000000021
"2289","X=~x1",0.39735281760988,0.060132048058567,0.4,"PLSc",12048,3754368,1000,"ordinal","skewed","normal","Extreme","5",1,TRUE,1.33500000002095
"2290","X=~x2",0.79436259553863,0.0386277841210366,0.8,"PLSc",12048,3754368,1000,"ordinal","skewed","normal","Extreme","5",1,TRUE,1.33500000002095
"2291","X=~x3",0.811069105611461,0.0355834089688112,0.8,"PLSc",12048,3754368,1000,"ordinal","skewed","normal","Extreme","5",1,TRUE,1.33500000002095
"2292","Z=~z1",0.610070570350288,0.0443614837613201,0.6,"PLSc",12048,3754368,1000,"ordinal","skewed","normal","Extreme","5",1,TRUE,1.33500000002095
"2293","Z=~z2",0.578578629990347,0.0442174955089864,0.6,"PLSc",12048,3754368,1000,"ordinal","skewed","normal","Extreme","5",1,TRUE,1.33500000002095
"2294","Z=~z3",0.826101221391184,0.035091670099461,0.8,"PLSc",12048,3754368,1000,"ordinal","skewed","normal","Extreme","5",1,TRUE,1.33500000002095
"2295","Y=~y1",0.267201475416878,0.0493111392968991,0.4,"PLSc",12048,3754368,1000,"ordinal","skewed","normal","Extreme","5",1,TRUE,1.33500000002095
"2296","Y=~y2",0.674051909436033,0.0288059128832891,0.7,"PLSc",12048,3754368,1000,"ordinal","skewed","normal","Extreme","5",1,TRUE,1.33500000002095
"2297","Y=~y3",0.881738841693321,0.0257654916272909,0.9,"PLSc",12048,3754368,1000,"ordinal","skewed","normal","Extreme","5",1,TRUE,1.33500000002095
"2298","Y~X",0.431938768654734,0.0372304095833541,0.4,"PLSc",12048,3754368,1000,"ordinal","skewed","normal","Extreme","5",1,TRUE,1.33500000002095
"2299","Y~Z",0.511272268590248,0.0422481764380276,0.5,"PLSc",12048,3754368,1000,"ordinal","skewed","normal","Extreme","5",1,TRUE,1.33500000002095
"2300","Y~X:Z",0.154813249856286,0.0417026964897467,0.3,"PLSc",12048,3754368,1000,"ordinal","skewed","normal","Extreme","5",1,TRUE,1.33500000002095
"2301","X~~Z",0.170314572331164,0.0470768134438509,0.2,"PLSc",12048,3754368,1000,"ordinal","skewed","normal","Extreme","5",1,TRUE,1.33500000002095
"2302","X=~x1",0.574056433464127,0.0436359839244268,0.4,"PLS",12048,3754368,1000,"ordinal","skewed","normal","Extreme","5",1,TRUE,1.14699999999721
"2303","X=~x2",0.876728460876877,0.0133164238752453,0.8,"PLS",12048,3754368,1000,"ordinal","skewed","normal","Extreme","5",1,TRUE,1.14699999999721
"2304","X=~x3",0.879981300076685,0.0118922820666197,0.8,"PLS",12048,3754368,1000,"ordinal","skewed","normal","Extreme","5",1,TRUE,1.14699999999721
"2305","Z=~z1",0.749063710591889,0.026162374274289,0.6,"PLS",12048,3754368,1000,"ordinal","skewed","normal","Extreme","5",1,TRUE,1.14699999999721
"2306","Z=~z2",0.750296434177343,0.0253111260037099,0.6,"PLS",12048,3754368,1000,"ordinal","skewed","normal","Extreme","5",1,TRUE,1.14699999999721
"2307","Z=~z3",0.874512064061709,0.0106734309956202,0.8,"PLS",12048,3754368,1000,"ordinal","skewed","normal","Extreme","5",1,TRUE,1.14699999999721
"2308","Y=~y1",0.462469329002033,0.0513678429167049,0.4,"PLS",12048,3754368,1000,"ordinal","skewed","normal","Extreme","5",1,TRUE,1.14699999999721
"2309","Y=~y2",0.832988345603978,0.0149585312919348,0.7,"PLS",12048,3754368,1000,"ordinal","skewed","normal","Extreme","5",1,TRUE,1.14699999999721
"2310","Y=~y3",0.89972115411417,0.00745628769251975,0.9,"PLS",12048,3754368,1000,"ordinal","skewed","normal","Extreme","5",1,TRUE,1.14699999999721
"2311","Y~X",0.357630510163445,0.0270854382136886,0.4,"PLS",12048,3754368,1000,"ordinal","skewed","normal","Extreme","5",1,TRUE,1.14699999999721
"2312","Y~Z",0.403249356432457,0.0294466622475626,0.5,"PLS",12048,3754368,1000,"ordinal","skewed","normal","Extreme","5",1,TRUE,1.14699999999721
"2313","Y~X:Z",0.141220798186762,0.0263365747471456,0.3,"PLS",12048,3754368,1000,"ordinal","skewed","normal","Extreme","5",1,TRUE,1.14699999999721
"2314","X~~Z",0.129509660869002,0.0358230698784433,0.2,"PLS",12048,3754368,1000,"ordinal","skewed","normal","Extreme","5",1,TRUE,1.14699999999721
"2315","X=~x1",0.449,0.038,0.4,"Mplus",12048,3754368,1000,"ordinal","skewed","normal","Extreme","5",1,TRUE,996.217000000004
"2316","X=~x2",0.81,0.028,0.8,"Mplus",12048,3754368,1000,"ordinal","skewed","normal","Extreme","5",1,TRUE,996.217000000004
"2317","X=~x3",0.843,0.026,0.8,"Mplus",12048,3754368,1000,"ordinal","skewed","normal","Extreme","5",1,TRUE,996.217000000004
"2318","Z=~z1",0.594,0.034,0.6,"Mplus",12048,3754368,1000,"ordinal","skewed","normal","Extreme","5",1,TRUE,996.217000000004
"2319","Z=~z2",0.61,0.033,0.6,"Mplus",12048,3754368,1000,"ordinal","skewed","normal","Extreme","5",1,TRUE,996.217000000004
"2320","Z=~z3",0.863,0.027,0.8,"Mplus",12048,3754368,1000,"ordinal","skewed","normal","Extreme","5",1,TRUE,996.217000000004
"2321","Y=~y1",0.344,0.037,0.4,"Mplus",12048,3754368,1000,"ordinal","skewed","normal","Extreme","5",1,TRUE,996.217000000004
"2322","Y=~y2",0.672,0.03,0.7,"Mplus",12048,3754368,1000,"ordinal","skewed","normal","Extreme","5",1,TRUE,996.217000000004
"2323","Y=~y3",0.902,0.023,0.9,"Mplus",12048,3754368,1000,"ordinal","skewed","normal","Extreme","5",1,TRUE,996.217000000004
"2324","Y~X",0.437,0.043,0.4,"Mplus",12048,3754368,1000,"ordinal","skewed","normal","Extreme","5",1,TRUE,996.217000000004
"2325","Y~Z",0.491,0.044,0.5,"Mplus",12048,3754368,1000,"ordinal","skewed","normal","Extreme","5",1,TRUE,996.217000000004
"2326","Y~X:Z",0.362,0.055,0.3,"Mplus",12048,3754368,1000,"ordinal","skewed","normal","Extreme","5",1,TRUE,996.217000000004
"2327","X~~Z",0.249,0.045,0.2,"Mplus",12048,3754368,1000,"ordinal","skewed","normal","Extreme","5",1,TRUE,996.217000000004
"2328","X=~x1",0.427862718100246,0.0297801422836737,0.4,"LSAM",12048,3754368,1000,"ordinal","skewed","normal","Extreme","5",1,TRUE,0.450000000011642
"2329","X=~x2",0.793429679852508,0.0461841578732313,0.8,"LSAM",12048,3754368,1000,"ordinal","skewed","normal","Extreme","5",1,TRUE,0.450000000011642
"2330","X=~x3",0.787942046918618,0.0462456486786267,0.8,"LSAM",12048,3754368,1000,"ordinal","skewed","normal","Extreme","5",1,TRUE,0.450000000011642
"2331","Z=~z1",0.576149865611486,0.0250459502623515,0.6,"LSAM",12048,3754368,1000,"ordinal","skewed","normal","Extreme","5",1,TRUE,0.450000000011642
"2332","Z=~z2",0.608822344709886,0.0396514572370322,0.6,"LSAM",12048,3754368,1000,"ordinal","skewed","normal","Extreme","5",1,TRUE,0.450000000011642
"2333","Z=~z3",0.831188787146828,0.0416150417706493,0.8,"LSAM",12048,3754368,1000,"ordinal","skewed","normal","Extreme","5",1,TRUE,0.450000000011642
"2334","Y=~y1",0.3568882788006,0.0162737866277967,0.4,"LSAM",12048,3754368,1000,"ordinal","skewed","normal","Extreme","5",1,TRUE,0.450000000011642
"2335","Y=~y2",0.712984913745273,0.0542507078209778,0.7,"LSAM",12048,3754368,1000,"ordinal","skewed","normal","Extreme","5",1,TRUE,0.450000000011642
"2336","Y=~y3",0.778506892655235,0.0577937100324412,0.9,"LSAM",12048,3754368,1000,"ordinal","skewed","normal","Extreme","5",1,TRUE,0.450000000011642
"2337","Y~X",0.455496189966072,0.0407660950393195,0.4,"LSAM",12048,3754368,1000,"ordinal","skewed","normal","Extreme","5",1,TRUE,0.450000000011642
"2338","Y~Z",0.52129509333808,0.0449755850134596,0.5,"LSAM",12048,3754368,1000,"ordinal","skewed","normal","Extreme","5",1,TRUE,0.450000000011642
"2339","Y~X:Z",0.157887010801297,0.0377485410258671,0.3,"LSAM",12048,3754368,1000,"ordinal","skewed","normal","Extreme","5",1,TRUE,0.450000000011642
"2340","X~~Z",0.177174905852208,0.0441646048592478,0.2,"LSAM",12048,3754368,1000,"ordinal","skewed","normal","Extreme","5",1,TRUE,0.450000000011642
"2341","X=~x1",0.558981894355558,0.0861141997352684,0.4,"MC-PLSc",12049,3653262,300,"ordinal","uniform","normal","Symmetric","2",1,TRUE,11.5970000000088
"2342","X=~x2",0.834535073693338,0.0668544763667491,0.8,"MC-PLSc",12049,3653262,300,"ordinal","uniform","normal","Symmetric","2",1,TRUE,11.5970000000088
"2343","X=~x3",0.780894719732616,0.0666072895614407,0.8,"MC-PLSc",12049,3653262,300,"ordinal","uniform","normal","Symmetric","2",1,TRUE,11.5970000000088
"2344","Z=~z1",0.632235267041607,0.0686312916773304,0.6,"MC-PLSc",12049,3653262,300,"ordinal","uniform","normal","Symmetric","2",1,TRUE,11.5970000000088
"2345","Z=~z2",0.794257521760827,0.0687271073287741,0.6,"MC-PLSc",12049,3653262,300,"ordinal","uniform","normal","Symmetric","2",1,TRUE,11.5970000000088
"2346","Z=~z3",0.803957539319212,0.0667212495282882,0.8,"MC-PLSc",12049,3653262,300,"ordinal","uniform","normal","Symmetric","2",1,TRUE,11.5970000000088
"2347","Y=~y1",0.361820702112142,0.0861442449659284,0.4,"MC-PLSc",12049,3653262,300,"ordinal","uniform","normal","Symmetric","2",1,TRUE,11.5970000000088
"2348","Y=~y2",0.790694136232449,0.0599920647197171,0.7,"MC-PLSc",12049,3653262,300,"ordinal","uniform","normal","Symmetric","2",1,TRUE,11.5970000000088
"2349","Y=~y3",0.968453208240655,0.0391356097997687,0.9,"MC-PLSc",12049,3653262,300,"ordinal","uniform","normal","Symmetric","2",1,TRUE,11.5970000000088
"2350","Y~X",0.468594944459053,0.0878882495031315,0.4,"MC-PLSc",12049,3653262,300,"ordinal","uniform","normal","Symmetric","2",1,TRUE,11.5970000000088
"2351","Y~Z",0.420510706018672,0.0865255416478519,0.5,"MC-PLSc",12049,3653262,300,"ordinal","uniform","normal","Symmetric","2",1,TRUE,11.5970000000088
"2352","Y~X:Z",0.4208858486572,0.107656086265705,0.3,"MC-PLSc",12049,3653262,300,"ordinal","uniform","normal","Symmetric","2",1,TRUE,11.5970000000088
"2353","X~~Z",0.409484231065269,0.0856735293617415,0.2,"MC-PLSc",12049,3653262,300,"ordinal","uniform","normal","Symmetric","2",1,TRUE,11.5970000000088
"2354","X=~x1",0.519377380181121,0.0797676524237248,0.4,"PLSc",12049,3653262,300,"ordinal","uniform","normal","Symmetric","2",1,TRUE,1.26000000000931
"2355","X=~x2",0.700674621992654,0.0750689398689341,0.8,"PLSc",12049,3653262,300,"ordinal","uniform","normal","Symmetric","2",1,TRUE,1.26000000000931
"2356","X=~x3",0.552894467411555,0.0779977372368836,0.8,"PLSc",12049,3653262,300,"ordinal","uniform","normal","Symmetric","2",1,TRUE,1.26000000000931
"2357","Z=~z1",0.493139135085479,0.0875057410829393,0.6,"PLSc",12049,3653262,300,"ordinal","uniform","normal","Symmetric","2",1,TRUE,1.26000000000931
"2358","Z=~z2",0.672426228547219,0.0727755599405013,0.6,"PLSc",12049,3653262,300,"ordinal","uniform","normal","Symmetric","2",1,TRUE,1.26000000000931
"2359","Z=~z3",0.669228051479838,0.0756051932516584,0.8,"PLSc",12049,3653262,300,"ordinal","uniform","normal","Symmetric","2",1,TRUE,1.26000000000931
"2360","Y=~y1",0.297892761611959,0.0819610288050522,0.4,"PLSc",12049,3653262,300,"ordinal","uniform","normal","Symmetric","2",1,TRUE,1.26000000000931
"2361","Y=~y2",0.630734401379336,0.0591241426191832,0.7,"PLSc",12049,3653262,300,"ordinal","uniform","normal","Symmetric","2",1,TRUE,1.26000000000931
"2362","Y=~y3",0.78403172696073,0.0565867268859819,0.9,"PLSc",12049,3653262,300,"ordinal","uniform","normal","Symmetric","2",1,TRUE,1.26000000000931
"2363","Y~X",0.520231510612398,0.118127182718285,0.4,"PLSc",12049,3653262,300,"ordinal","uniform","normal","Symmetric","2",1,TRUE,1.26000000000931
"2364","Y~Z",0.396818724985418,0.105510124909339,0.5,"PLSc",12049,3653262,300,"ordinal","uniform","normal","Symmetric","2",1,TRUE,1.26000000000931
"2365","Y~X:Z",0.335233984197534,0.117992488218296,0.3,"PLSc",12049,3653262,300,"ordinal","uniform","normal","Symmetric","2",1,TRUE,1.26000000000931
"2366","X~~Z",0.392285185667843,0.0839407646536205,0.2,"PLSc",12049,3653262,300,"ordinal","uniform","normal","Symmetric","2",1,TRUE,1.26000000000931
"2367","X=~x1",0.618660939466828,0.0683960402414338,0.4,"PLS",12049,3653262,300,"ordinal","uniform","normal","Symmetric","2",1,TRUE,0.902999999991152
"2368","X=~x2",0.825739087684371,0.0339442012094501,0.8,"PLS",12049,3653262,300,"ordinal","uniform","normal","Symmetric","2",1,TRUE,0.902999999991152
"2369","X=~x3",0.796502624643584,0.0391801585106556,0.8,"PLS",12049,3653262,300,"ordinal","uniform","normal","Symmetric","2",1,TRUE,0.902999999991152
"2370","Z=~z1",0.67977058013922,0.0610407545663099,0.6,"PLS",12049,3653262,300,"ordinal","uniform","normal","Symmetric","2",1,TRUE,0.902999999991152
"2371","Z=~z2",0.798749403101212,0.0371295044068679,0.6,"PLS",12049,3653262,300,"ordinal","uniform","normal","Symmetric","2",1,TRUE,0.902999999991152
"2372","Z=~z3",0.802300641273686,0.037195417840462,0.8,"PLS",12049,3653262,300,"ordinal","uniform","normal","Symmetric","2",1,TRUE,0.902999999991152
"2373","Y=~y1",0.412347374165859,0.0915519003481257,0.4,"PLS",12049,3653262,300,"ordinal","uniform","normal","Symmetric","2",1,TRUE,0.902999999991152
"2374","Y=~y2",0.810686831924263,0.0347045436256557,0.7,"PLS",12049,3653262,300,"ordinal","uniform","normal","Symmetric","2",1,TRUE,0.902999999991152
"2375","Y=~y3",0.888070647631134,0.0188433015642628,0.9,"PLS",12049,3653262,300,"ordinal","uniform","normal","Symmetric","2",1,TRUE,0.902999999991152
"2376","Y~X",0.345664333851574,0.0524141235674669,0.4,"PLS",12049,3653262,300,"ordinal","uniform","normal","Symmetric","2",1,TRUE,0.902999999991152
"2377","Y~Z",0.319103853554338,0.0537621227011945,0.5,"PLS",12049,3653262,300,"ordinal","uniform","normal","Symmetric","2",1,TRUE,0.902999999991152
"2378","Y~X:Z",0.161139225805139,0.0482825559674499,0.3,"PLS",12049,3653262,300,"ordinal","uniform","normal","Symmetric","2",1,TRUE,0.902999999991152
"2379","X~~Z",0.253200096165546,0.0544475855766812,0.2,"PLS",12049,3653262,300,"ordinal","uniform","normal","Symmetric","2",1,TRUE,0.902999999991152
"2380","X=~x1",0.418,0.083,0.4,"Mplus",12049,3653262,300,"ordinal","uniform","normal","Symmetric","2",1,TRUE,250.880000000005
"2381","X=~x2",0.885,0.069,0.8,"Mplus",12049,3653262,300,"ordinal","uniform","normal","Symmetric","2",1,TRUE,250.880000000005
"2382","X=~x3",0.807,0.068,0.8,"Mplus",12049,3653262,300,"ordinal","uniform","normal","Symmetric","2",1,TRUE,250.880000000005
"2383","Z=~z1",0.614,0.072,0.6,"Mplus",12049,3653262,300,"ordinal","uniform","normal","Symmetric","2",1,TRUE,250.880000000005
"2384","Z=~z2",0.759,0.073,0.6,"Mplus",12049,3653262,300,"ordinal","uniform","normal","Symmetric","2",1,TRUE,250.880000000005
"2385","Z=~z3",0.786,0.074,0.8,"Mplus",12049,3653262,300,"ordinal","uniform","normal","Symmetric","2",1,TRUE,250.880000000005
"2386","Y=~y1",0.311,0.088,0.4,"Mplus",12049,3653262,300,"ordinal","uniform","normal","Symmetric","2",1,TRUE,250.880000000005
"2387","Y=~y2",0.735,0.06,0.7,"Mplus",12049,3653262,300,"ordinal","uniform","normal","Symmetric","2",1,TRUE,250.880000000005
"2388","Y=~y3",0.998,0.018,0.9,"Mplus",12049,3653262,300,"ordinal","uniform","normal","Symmetric","2",1,TRUE,250.880000000005
"2389","Y~X",0.399,0.089,0.4,"Mplus",12049,3653262,300,"ordinal","uniform","normal","Symmetric","2",1,TRUE,250.880000000005
"2390","Y~Z",0.455,0.087,0.5,"Mplus",12049,3653262,300,"ordinal","uniform","normal","Symmetric","2",1,TRUE,250.880000000005
"2391","Y~X:Z",0.349,0.105,0.3,"Mplus",12049,3653262,300,"ordinal","uniform","normal","Symmetric","2",1,TRUE,250.880000000005
"2392","X~~Z",0.402,0.098,0.2,"Mplus",12049,3653262,300,"ordinal","uniform","normal","Symmetric","2",1,TRUE,250.880000000005
"2393","X=~x1",0.342892783980207,0.0668409412440588,0.4,"LSAM",12049,3653262,300,"ordinal","uniform","normal","Symmetric","2",1,TRUE,0.465000000025611
"2394","X=~x2",0.64457774947636,0.124885600860673,0.8,"LSAM",12049,3653262,300,"ordinal","uniform","normal","Symmetric","2",1,TRUE,0.465000000025611
"2395","X=~x3",0.817235825646776,0.132626436095123,0.8,"LSAM",12049,3653262,300,"ordinal","uniform","normal","Symmetric","2",1,TRUE,0.465000000025611
"2396","Z=~z1",0.530106042865274,0.246480264858916,0.6,"LSAM",12049,3653262,300,"ordinal","uniform","normal","Symmetric","2",1,TRUE,0.465000000025611
"2397","Z=~z2",0.640512656267326,0.256794842971122,0.6,"LSAM",12049,3653262,300,"ordinal","uniform","normal","Symmetric","2",1,TRUE,0.465000000025611
"2398","Z=~z3",0.6666666147389,0.253176564072404,0.8,"LSAM",12049,3653262,300,"ordinal","uniform","normal","Symmetric","2",1,TRUE,0.465000000025611
"2399","Y=~y1",0.306613347835543,0.0142626547490987,0.4,"LSAM",12049,3653262,300,"ordinal","uniform","normal","Symmetric","2",1,TRUE,0.465000000025611
"2400","Y=~y2",0.58647736090281,0.0941075524275017,0.7,"LSAM",12049,3653262,300,"ordinal","uniform","normal","Symmetric","2",1,TRUE,0.465000000025611
"2401","Y=~y3",0.887733190370561,0.141951750110863,0.9,"LSAM",12049,3653262,300,"ordinal","uniform","normal","Symmetric","2",1,TRUE,0.465000000025611
"2402","Y~X",0.31296574260006,0.166856614832142,0.4,"LSAM",12049,3653262,300,"ordinal","uniform","normal","Symmetric","2",1,TRUE,0.465000000025611
"2403","Y~Z",0.446689735213311,0.402110993010625,0.5,"LSAM",12049,3653262,300,"ordinal","uniform","normal","Symmetric","2",1,TRUE,0.465000000025611
"2404","Y~X:Z",0.25379618332861,0.138809026833768,0.3,"LSAM",12049,3653262,300,"ordinal","uniform","normal","Symmetric","2",1,TRUE,0.465000000025611
"2405","X~~Z",0.368411826797901,0.084489164504497,0.2,"LSAM",12049,3653262,300,"ordinal","uniform","normal","Symmetric","2",1,TRUE,0.465000000025611
"2406","X=~x1",0.440129738098858,0.0544833852810126,0.4,"MC-PLSc",12050,7712499,1000,"ordinal","uniform","normal","Symmetric","2",1,TRUE,14.3080000000191
"2407","X=~x2",0.868669414147437,0.0406568810875526,0.8,"MC-PLSc",12050,7712499,1000,"ordinal","uniform","normal","Symmetric","2",1,TRUE,14.3080000000191
"2408","X=~x3",0.857835590606831,0.0386181748976498,0.8,"MC-PLSc",12050,7712499,1000,"ordinal","uniform","normal","Symmetric","2",1,TRUE,14.3080000000191
"2409","Z=~z1",0.651711723482841,0.0417853244990117,0.6,"MC-PLSc",12050,7712499,1000,"ordinal","uniform","normal","Symmetric","2",1,TRUE,14.3080000000191
"2410","Z=~z2",0.656974946071661,0.049632483713233,0.6,"MC-PLSc",12050,7712499,1000,"ordinal","uniform","normal","Symmetric","2",1,TRUE,14.3080000000191
"2411","Z=~z3",0.804958299980336,0.0414620941100189,0.8,"MC-PLSc",12050,7712499,1000,"ordinal","uniform","normal","Symmetric","2",1,TRUE,14.3080000000191
"2412","Y=~y1",0.405437596744442,0.0481289924984497,0.4,"MC-PLSc",12050,7712499,1000,"ordinal","uniform","normal","Symmetric","2",1,TRUE,14.3080000000191
"2413","Y=~y2",0.753551360515837,0.0347892120784271,0.7,"MC-PLSc",12050,7712499,1000,"ordinal","uniform","normal","Symmetric","2",1,TRUE,14.3080000000191
"2414","Y=~y3",0.916587058532764,0.0331813293460096,0.9,"MC-PLSc",12050,7712499,1000,"ordinal","uniform","normal","Symmetric","2",1,TRUE,14.3080000000191
"2415","Y~X",0.40065791009338,0.0467245268947994,0.4,"MC-PLSc",12050,7712499,1000,"ordinal","uniform","normal","Symmetric","2",1,TRUE,14.3080000000191
"2416","Y~Z",0.547017528288902,0.0426207778149162,0.5,"MC-PLSc",12050,7712499,1000,"ordinal","uniform","normal","Symmetric","2",1,TRUE,14.3080000000191
"2417","Y~X:Z",0.375620352550789,0.0656582132032981,0.3,"MC-PLSc",12050,7712499,1000,"ordinal","uniform","normal","Symmetric","2",1,TRUE,14.3080000000191
"2418","X~~Z",0.219150652025985,0.0542786670247709,0.2,"MC-PLSc",12050,7712499,1000,"ordinal","uniform","normal","Symmetric","2",1,TRUE,14.3080000000191
"2419","X=~x1",0.372771118106435,0.069865585660129,0.4,"PLSc",12050,7712499,1000,"ordinal","uniform","normal","Symmetric","2",1,TRUE,1.34999999997672
"2420","X=~x2",0.71698910569965,0.0490574909793502,0.8,"PLSc",12050,7712499,1000,"ordinal","uniform","normal","Symmetric","2",1,TRUE,1.34999999997672
"2421","X=~x3",0.716977600329956,0.0497314879723889,0.8,"PLSc",12050,7712499,1000,"ordinal","uniform","normal","Symmetric","2",1,TRUE,1.34999999997672
"2422","Z=~z1",0.556233997991967,0.0472286183693826,0.6,"PLSc",12050,7712499,1000,"ordinal","uniform","normal","Symmetric","2",1,TRUE,1.34999999997672
"2423","Z=~z2",0.514678694218673,0.0472880390558033,0.6,"PLSc",12050,7712499,1000,"ordinal","uniform","normal","Symmetric","2",1,TRUE,1.34999999997672
"2424","Z=~z3",0.652534977466591,0.0427308993994859,0.8,"PLSc",12050,7712499,1000,"ordinal","uniform","normal","Symmetric","2",1,TRUE,1.34999999997672
"2425","Y=~y1",0.299921795214857,0.0481903519047887,0.4,"PLSc",12050,7712499,1000,"ordinal","uniform","normal","Symmetric","2",1,TRUE,1.34999999997672
"2426","Y=~y2",0.607949777915592,0.036267775328039,0.7,"PLSc",12050,7712499,1000,"ordinal","uniform","normal","Symmetric","2",1,TRUE,1.34999999997672
"2427","Y=~y3",0.753593772690933,0.0327898729310798,0.9,"PLSc",12050,7712499,1000,"ordinal","uniform","normal","Symmetric","2",1,TRUE,1.34999999997672
"2428","Y~X",0.383843909899029,0.0491289351907427,0.4,"PLSc",12050,7712499,1000,"ordinal","uniform","normal","Symmetric","2",1,TRUE,1.34999999997672
"2429","Y~Z",0.531689983780696,0.0491180344729507,0.5,"PLSc",12050,7712499,1000,"ordinal","uniform","normal","Symmetric","2",1,TRUE,1.34999999997672
"2430","Y~X:Z",0.240431474908427,0.0561619846651769,0.3,"PLSc",12050,7712499,1000,"ordinal","uniform","normal","Symmetric","2",1,TRUE,1.34999999997672
"2431","X~~Z",0.206875573667152,0.0492601071974472,0.2,"PLSc",12050,7712499,1000,"ordinal","uniform","normal","Symmetric","2",1,TRUE,1.34999999997672
"2432","X=~x1",0.507864271625259,0.056595850563818,0.4,"PLS",12050,7712499,1000,"ordinal","uniform","normal","Symmetric","2",1,TRUE,0.951000000000931
"2433","X=~x2",0.851273037055165,0.0183920582716062,0.8,"PLS",12050,7712499,1000,"ordinal","uniform","normal","Symmetric","2",1,TRUE,0.951000000000931
"2434","X=~x3",0.847911218414112,0.0195049329319851,0.8,"PLS",12050,7712499,1000,"ordinal","uniform","normal","Symmetric","2",1,TRUE,0.951000000000931
"2435","Z=~z1",0.707870323675352,0.0331243308361961,0.6,"PLS",12050,7712499,1000,"ordinal","uniform","normal","Symmetric","2",1,TRUE,0.951000000000931
"2436","Z=~z2",0.710433697326893,0.0323362841005233,0.6,"PLS",12050,7712499,1000,"ordinal","uniform","normal","Symmetric","2",1,TRUE,0.951000000000931
"2437","Z=~z3",0.806597242493762,0.0205365744954935,0.8,"PLS",12050,7712499,1000,"ordinal","uniform","normal","Symmetric","2",1,TRUE,0.951000000000931
"2438","Y=~y1",0.471689556758304,0.0507154334773182,0.4,"PLS",12050,7712499,1000,"ordinal","uniform","normal","Symmetric","2",1,TRUE,0.951000000000931
"2439","Y=~y2",0.787023252890514,0.0215198138540334,0.7,"PLS",12050,7712499,1000,"ordinal","uniform","normal","Symmetric","2",1,TRUE,0.951000000000931
"2440","Y=~y3",0.864189737613212,0.0123569955604331,0.9,"PLS",12050,7712499,1000,"ordinal","uniform","normal","Symmetric","2",1,TRUE,0.951000000000931
"2441","Y~X",0.288293502150963,0.028203247955627,0.4,"PLS",12050,7712499,1000,"ordinal","uniform","normal","Symmetric","2",1,TRUE,0.951000000000931
"2442","Y~Z",0.351857166396592,0.0267756470068347,0.5,"PLS",12050,7712499,1000,"ordinal","uniform","normal","Symmetric","2",1,TRUE,0.951000000000931
"2443","Y~X:Z",0.136015307950636,0.0264715807316073,0.3,"PLS",12050,7712499,1000,"ordinal","uniform","normal","Symmetric","2",1,TRUE,0.951000000000931
"2444","X~~Z",0.133421675241167,0.0318803834329981,0.2,"PLS",12050,7712499,1000,"ordinal","uniform","normal","Symmetric","2",1,TRUE,0.951000000000931
"2445","X=~x1",0.386,0.04,0.4,"Mplus",12050,7712499,1000,"ordinal","uniform","normal","Symmetric","2",1,TRUE,191.370999999985
"2446","X=~x2",0.859,0.038,0.8,"Mplus",12050,7712499,1000,"ordinal","uniform","normal","Symmetric","2",1,TRUE,191.370999999985
"2447","X=~x3",0.856,0.038,0.8,"Mplus",12050,7712499,1000,"ordinal","uniform","normal","Symmetric","2",1,TRUE,191.370999999985
"2448","Z=~z1",0.6,0.044,0.6,"Mplus",12050,7712499,1000,"ordinal","uniform","normal","Symmetric","2",1,TRUE,191.370999999985
"2449","Z=~z2",0.622,0.042,0.6,"Mplus",12050,7712499,1000,"ordinal","uniform","normal","Symmetric","2",1,TRUE,191.370999999985
"2450","Z=~z3",0.817,0.042,0.8,"Mplus",12050,7712499,1000,"ordinal","uniform","normal","Symmetric","2",1,TRUE,191.370999999985
"2451","Y=~y1",0.365,0.044,0.4,"Mplus",12050,7712499,1000,"ordinal","uniform","normal","Symmetric","2",1,TRUE,191.370999999985
"2452","Y=~y2",0.719,0.04,0.7,"Mplus",12050,7712499,1000,"ordinal","uniform","normal","Symmetric","2",1,TRUE,191.370999999985
"2453","Y=~y3",0.912,0.035,0.9,"Mplus",12050,7712499,1000,"ordinal","uniform","normal","Symmetric","2",1,TRUE,191.370999999985
"2454","Y~X",0.394,0.044,0.4,"Mplus",12050,7712499,1000,"ordinal","uniform","normal","Symmetric","2",1,TRUE,191.370999999985
"2455","Y~Z",0.534,0.044,0.5,"Mplus",12050,7712499,1000,"ordinal","uniform","normal","Symmetric","2",1,TRUE,191.370999999985
"2456","Y~X:Z",0.376,0.063,0.3,"Mplus",12050,7712499,1000,"ordinal","uniform","normal","Symmetric","2",1,TRUE,191.370999999985
"2457","X~~Z",0.233,0.051,0.2,"Mplus",12050,7712499,1000,"ordinal","uniform","normal","Symmetric","2",1,TRUE,191.370999999985
"2458","X=~x1",0.32336868434762,0.0336232820985999,0.4,"LSAM",12050,7712499,1000,"ordinal","uniform","normal","Symmetric","2",1,TRUE,0.538999999989755
"2459","X=~x2",0.757369445164487,0.0722582089993966,0.8,"LSAM",12050,7712499,1000,"ordinal","uniform","normal","Symmetric","2",1,TRUE,0.538999999989755
"2460","X=~x3",0.718156240040843,0.0711047802247188,0.8,"LSAM",12050,7712499,1000,"ordinal","uniform","normal","Symmetric","2",1,TRUE,0.538999999989755
"2461","Z=~z1",0.478002089549946,0.080472823332424,0.6,"LSAM",12050,7712499,1000,"ordinal","uniform","normal","Symmetric","2",1,TRUE,0.538999999989755
"2462","Z=~z2",0.55228570821041,0.0956850992149635,0.6,"LSAM",12050,7712499,1000,"ordinal","uniform","normal","Symmetric","2",1,TRUE,0.538999999989755
"2463","Z=~z3",0.698966376206831,0.0976086726027223,0.8,"LSAM",12050,7712499,1000,"ordinal","uniform","normal","Symmetric","2",1,TRUE,0.538999999989755
"2464","Y=~y1",0.322002621012161,0.00912349166735407,0.4,"LSAM",12050,7712499,1000,"ordinal","uniform","normal","Symmetric","2",1,TRUE,0.538999999989755
"2465","Y=~y2",0.583770151794092,0.0603087061224253,0.7,"LSAM",12050,7712499,1000,"ordinal","uniform","normal","Symmetric","2",1,TRUE,0.538999999989755
"2466","Y=~y3",0.764054850624538,0.081512285100606,0.9,"LSAM",12050,7712499,1000,"ordinal","uniform","normal","Symmetric","2",1,TRUE,0.538999999989755
"2467","Y~X",0.368507925101727,0.0884360369234974,0.4,"LSAM",12050,7712499,1000,"ordinal","uniform","normal","Symmetric","2",1,TRUE,0.538999999989755
"2468","Y~Z",0.520796734656584,0.128868740332901,0.5,"LSAM",12050,7712499,1000,"ordinal","uniform","normal","Symmetric","2",1,TRUE,0.538999999989755
"2469","Y~X:Z",0.252166742510591,0.144682920884039,0.3,"LSAM",12050,7712499,1000,"ordinal","uniform","normal","Symmetric","2",1,TRUE,0.538999999989755
"2470","X~~Z",0.211190025386077,0.0845137834690586,0.2,"LSAM",12050,7712499,1000,"ordinal","uniform","normal","Symmetric","2",1,TRUE,0.538999999989755
"2471","X=~x1",0.363104473281077,0.0833022971091555,0.4,"MC-PLSc",12051,754622,300,"ordinal","uniform","normal","Symmetric","3",1,TRUE,13.149000000034
"2472","X=~x2",0.796096323764616,0.05841528927011,0.8,"MC-PLSc",12051,754622,300,"ordinal","uniform","normal","Symmetric","3",1,TRUE,13.149000000034
"2473","X=~x3",0.900406395504068,0.0631797987393807,0.8,"MC-PLSc",12051,754622,300,"ordinal","uniform","normal","Symmetric","3",1,TRUE,13.149000000034
"2474","Z=~z1",0.593367923279914,0.0665599836736097,0.6,"MC-PLSc",12051,754622,300,"ordinal","uniform","normal","Symmetric","3",1,TRUE,13.149000000034
"2475","Z=~z2",0.532269692493126,0.0820404353266957,0.6,"MC-PLSc",12051,754622,300,"ordinal","uniform","normal","Symmetric","3",1,TRUE,13.149000000034
"2476","Z=~z3",0.840252952181486,0.0661438074015977,0.8,"MC-PLSc",12051,754622,300,"ordinal","uniform","normal","Symmetric","3",1,TRUE,13.149000000034
"2477","Y=~y1",0.333578185677691,0.0730137288145971,0.4,"MC-PLSc",12051,754622,300,"ordinal","uniform","normal","Symmetric","3",1,TRUE,13.149000000034
"2478","Y=~y2",0.751568775793424,0.0583503696643167,0.7,"MC-PLSc",12051,754622,300,"ordinal","uniform","normal","Symmetric","3",1,TRUE,13.149000000034
"2479","Y=~y3",0.941057019078687,0.0541421361258152,0.9,"MC-PLSc",12051,754622,300,"ordinal","uniform","normal","Symmetric","3",1,TRUE,13.149000000034
"2480","Y~X",0.343050987507718,0.0791267623613601,0.4,"MC-PLSc",12051,754622,300,"ordinal","uniform","normal","Symmetric","3",1,TRUE,13.149000000034
"2481","Y~Z",0.505844568719471,0.08389112980641,0.5,"MC-PLSc",12051,754622,300,"ordinal","uniform","normal","Symmetric","3",1,TRUE,13.149000000034
"2482","Y~X:Z",0.356228215921959,0.0874299055394306,0.3,"MC-PLSc",12051,754622,300,"ordinal","uniform","normal","Symmetric","3",1,TRUE,13.149000000034
"2483","X~~Z",0.411038012253132,0.0822725987283538,0.2,"MC-PLSc",12051,754622,300,"ordinal","uniform","normal","Symmetric","3",1,TRUE,13.149000000034
"2484","X=~x1",0.336943163127963,0.112738940173234,0.4,"PLSc",12051,754622,300,"ordinal","uniform","normal","Symmetric","3",1,TRUE,1.25599999999395
"2485","X=~x2",0.673691011248511,0.0692721963866655,0.8,"PLSc",12051,754622,300,"ordinal","uniform","normal","Symmetric","3",1,TRUE,1.25599999999395
"2486","X=~x3",0.845771481072999,0.0756120353538339,0.8,"PLSc",12051,754622,300,"ordinal","uniform","normal","Symmetric","3",1,TRUE,1.25599999999395
"2487","Z=~z1",0.56121628266615,0.0675931762819036,0.6,"PLSc",12051,754622,300,"ordinal","uniform","normal","Symmetric","3",1,TRUE,1.25599999999395
"2488","Z=~z2",0.410605132512153,0.0861554655650286,0.6,"PLSc",12051,754622,300,"ordinal","uniform","normal","Symmetric","3",1,TRUE,1.25599999999395
"2489","Z=~z3",0.779635440646975,0.0735055701067999,0.8,"PLSc",12051,754622,300,"ordinal","uniform","normal","Symmetric","3",1,TRUE,1.25599999999395
"2490","Y=~y1",0.310076756992434,0.0827371681957341,0.4,"PLSc",12051,754622,300,"ordinal","uniform","normal","Symmetric","3",1,TRUE,1.25599999999395
"2491","Y=~y2",0.674702791656969,0.0572158264493086,0.7,"PLSc",12051,754622,300,"ordinal","uniform","normal","Symmetric","3",1,TRUE,1.25599999999395
"2492","Y=~y3",0.789010000485707,0.0532885939186311,0.9,"PLSc",12051,754622,300,"ordinal","uniform","normal","Symmetric","3",1,TRUE,1.25599999999395
"2493","Y~X",0.363371566493772,0.092991316545778,0.4,"PLSc",12051,754622,300,"ordinal","uniform","normal","Symmetric","3",1,TRUE,1.25599999999395
"2494","Y~Z",0.512976604066325,0.102288310944631,0.5,"PLSc",12051,754622,300,"ordinal","uniform","normal","Symmetric","3",1,TRUE,1.25599999999395
"2495","Y~X:Z",0.33625398535751,0.116868573542824,0.3,"PLSc",12051,754622,300,"ordinal","uniform","normal","Symmetric","3",1,TRUE,1.25599999999395
"2496","X~~Z",0.403042640686892,0.0791771917138628,0.2,"PLSc",12051,754622,300,"ordinal","uniform","normal","Symmetric","3",1,TRUE,1.25599999999395
"2497","X=~x1",0.470245946709627,0.0947471677961476,0.4,"PLS",12051,754622,300,"ordinal","uniform","normal","Symmetric","3",1,TRUE,0.885000000009313
"2498","X=~x2",0.853208869629309,0.0271633770742363,0.8,"PLS",12051,754622,300,"ordinal","uniform","normal","Symmetric","3",1,TRUE,0.885000000009313
"2499","X=~x3",0.885767213881192,0.0247650997067886,0.8,"PLS",12051,754622,300,"ordinal","uniform","normal","Symmetric","3",1,TRUE,0.885000000009313
"2500","Z=~z1",0.714117897581936,0.0481219901259636,0.6,"PLS",12051,754622,300,"ordinal","uniform","normal","Symmetric","3",1,TRUE,0.885000000009313
"2501","Z=~z2",0.656945719648221,0.059907038667505,0.6,"PLS",12051,754622,300,"ordinal","uniform","normal","Symmetric","3",1,TRUE,0.885000000009313
"2502","Z=~z3",0.853840478993363,0.0270112222585926,0.8,"PLS",12051,754622,300,"ordinal","uniform","normal","Symmetric","3",1,TRUE,0.885000000009313
"2503","Y=~y1",0.437641183444293,0.0846471551550893,0.4,"PLS",12051,754622,300,"ordinal","uniform","normal","Symmetric","3",1,TRUE,0.885000000009313
"2504","Y=~y2",0.826164175829942,0.0303726417634011,0.7,"PLS",12051,754622,300,"ordinal","uniform","normal","Symmetric","3",1,TRUE,0.885000000009313
"2505","Y=~y3",0.890444822104596,0.0167225496856558,0.9,"PLS",12051,754622,300,"ordinal","uniform","normal","Symmetric","3",1,TRUE,0.885000000009313
"2506","Y~X",0.294517134752016,0.0473516180573914,0.4,"PLS",12051,754622,300,"ordinal","uniform","normal","Symmetric","3",1,TRUE,0.885000000009313
"2507","Y~Z",0.360440348938712,0.0511448557539305,0.5,"PLS",12051,754622,300,"ordinal","uniform","normal","Symmetric","3",1,TRUE,0.885000000009313
"2508","Y~X:Z",0.195101211047248,0.0490957105180026,0.3,"PLS",12051,754622,300,"ordinal","uniform","normal","Symmetric","3",1,TRUE,0.885000000009313
"2509","X~~Z",0.284855493795365,0.0549062265269544,0.2,"PLS",12051,754622,300,"ordinal","uniform","normal","Symmetric","3",1,TRUE,0.885000000009313
"2510","X=~x1",0.341,0.067,0.4,"Mplus",12051,754622,300,"ordinal","uniform","normal","Symmetric","3",1,TRUE,205.793000000005
"2511","X=~x2",0.808,0.053,0.8,"Mplus",12051,754622,300,"ordinal","uniform","normal","Symmetric","3",1,TRUE,205.793000000005
"2512","X=~x3",0.876,0.054,0.8,"Mplus",12051,754622,300,"ordinal","uniform","normal","Symmetric","3",1,TRUE,205.793000000005
"2513","Z=~z1",0.557,0.066,0.6,"Mplus",12051,754622,300,"ordinal","uniform","normal","Symmetric","3",1,TRUE,205.793000000005
"2514","Z=~z2",0.554,0.062,0.6,"Mplus",12051,754622,300,"ordinal","uniform","normal","Symmetric","3",1,TRUE,205.793000000005
"2515","Z=~z3",0.82,0.061,0.8,"Mplus",12051,754622,300,"ordinal","uniform","normal","Symmetric","3",1,TRUE,205.793000000005
"2516","Y=~y1",0.322,0.063,0.4,"Mplus",12051,754622,300,"ordinal","uniform","normal","Symmetric","3",1,TRUE,205.793000000005
"2517","Y=~y2",0.723,0.055,0.7,"Mplus",12051,754622,300,"ordinal","uniform","normal","Symmetric","3",1,TRUE,205.793000000005
"2518","Y=~y3",0.956,0.045,0.9,"Mplus",12051,754622,300,"ordinal","uniform","normal","Symmetric","3",1,TRUE,205.793000000005
"2519","Y~X",0.349,0.077,0.4,"Mplus",12051,754622,300,"ordinal","uniform","normal","Symmetric","3",1,TRUE,205.793000000005
"2520","Y~Z",0.473,0.083,0.5,"Mplus",12051,754622,300,"ordinal","uniform","normal","Symmetric","3",1,TRUE,205.793000000005
"2521","Y~X:Z",0.302,0.086,0.3,"Mplus",12051,754622,300,"ordinal","uniform","normal","Symmetric","3",1,TRUE,205.793000000005
"2522","X~~Z",0.39,0.082,0.2,"Mplus",12051,754622,300,"ordinal","uniform","normal","Symmetric","3",1,TRUE,205.793000000005
"2523","X=~x1",0.315516645852571,0.0685191548321872,0.4,"LSAM",12051,754622,300,"ordinal","uniform","normal","Symmetric","3",1,TRUE,0.45499999995809
"2524","X=~x2",0.879260621076976,0.125077041966728,0.8,"LSAM",12051,754622,300,"ordinal","uniform","normal","Symmetric","3",1,TRUE,0.45499999995809
"2525","X=~x3",0.670413293171118,0.12689613605373,0.8,"LSAM",12051,754622,300,"ordinal","uniform","normal","Symmetric","3",1,TRUE,0.45499999995809
"2526","Z=~z1",0.504634105256482,0.106988516789954,0.6,"LSAM",12051,754622,300,"ordinal","uniform","normal","Symmetric","3",1,TRUE,0.45499999995809
"2527","Z=~z2",0.56211114827786,0.135522755696186,0.6,"LSAM",12051,754622,300,"ordinal","uniform","normal","Symmetric","3",1,TRUE,0.45499999995809
"2528","Z=~z3",0.702839519293485,0.141582124495963,0.8,"LSAM",12051,754622,300,"ordinal","uniform","normal","Symmetric","3",1,TRUE,0.45499999995809
"2529","Y=~y1",0.310253763977115,0.0176531082368213,0.4,"LSAM",12051,754622,300,"ordinal","uniform","normal","Symmetric","3",1,TRUE,0.45499999995809
"2530","Y=~y2",0.576783790548052,0.0866711109021905,0.7,"LSAM",12051,754622,300,"ordinal","uniform","normal","Symmetric","3",1,TRUE,0.45499999995809
"2531","Y=~y3",0.954706305293956,0.13366428079852,0.9,"LSAM",12051,754622,300,"ordinal","uniform","normal","Symmetric","3",1,TRUE,0.45499999995809
"2532","Y~X",0.27050979337288,0.183543470892643,0.4,"LSAM",12051,754622,300,"ordinal","uniform","normal","Symmetric","3",1,TRUE,0.45499999995809
"2533","Y~Z",0.450083087746836,0.31739334976915,0.5,"LSAM",12051,754622,300,"ordinal","uniform","normal","Symmetric","3",1,TRUE,0.45499999995809
"2534","Y~X:Z",0.247881864962381,0.084426761713478,0.3,"LSAM",12051,754622,300,"ordinal","uniform","normal","Symmetric","3",1,TRUE,0.45499999995809
"2535","X~~Z",0.338797021196887,0.191531812949608,0.2,"LSAM",12051,754622,300,"ordinal","uniform","normal","Symmetric","3",1,TRUE,0.45499999995809
"2536","X=~x1",0.374774705923,0.0493510766012633,0.4,"MC-PLSc",12052,9080218,1000,"ordinal","uniform","normal","Symmetric","3",1,TRUE,15.9990000000107
"2537","X=~x2",0.820012153488123,0.0464147718527922,0.8,"MC-PLSc",12052,9080218,1000,"ordinal","uniform","normal","Symmetric","3",1,TRUE,15.9990000000107
"2538","X=~x3",0.759083029415795,0.0480280262354157,0.8,"MC-PLSc",12052,9080218,1000,"ordinal","uniform","normal","Symmetric","3",1,TRUE,15.9990000000107
"2539","Z=~z1",0.650858893750474,0.0329610788252545,0.6,"MC-PLSc",12052,9080218,1000,"ordinal","uniform","normal","Symmetric","3",1,TRUE,15.9990000000107
"2540","Z=~z2",0.639941210889097,0.0339916443053861,0.6,"MC-PLSc",12052,9080218,1000,"ordinal","uniform","normal","Symmetric","3",1,TRUE,15.9990000000107
"2541","Z=~z3",0.814809707802455,0.0305086972268651,0.8,"MC-PLSc",12052,9080218,1000,"ordinal","uniform","normal","Symmetric","3",1,TRUE,15.9990000000107
"2542","Y=~y1",0.428913180029331,0.0393502736812687,0.4,"MC-PLSc",12052,9080218,1000,"ordinal","uniform","normal","Symmetric","3",1,TRUE,15.9990000000107
"2543","Y=~y2",0.709727162721128,0.0365063922679555,0.7,"MC-PLSc",12052,9080218,1000,"ordinal","uniform","normal","Symmetric","3",1,TRUE,15.9990000000107
"2544","Y=~y3",0.911010105149732,0.0314907309505516,0.9,"MC-PLSc",12052,9080218,1000,"ordinal","uniform","normal","Symmetric","3",1,TRUE,15.9990000000107
"2545","Y~X",0.353938726211311,0.0388421340075158,0.4,"MC-PLSc",12052,9080218,1000,"ordinal","uniform","normal","Symmetric","3",1,TRUE,15.9990000000107
"2546","Y~Z",0.511839564716666,0.0394808573071674,0.5,"MC-PLSc",12052,9080218,1000,"ordinal","uniform","normal","Symmetric","3",1,TRUE,15.9990000000107
"2547","Y~X:Z",0.293001139010569,0.0502596676404184,0.3,"MC-PLSc",12052,9080218,1000,"ordinal","uniform","normal","Symmetric","3",1,TRUE,15.9990000000107
"2548","X~~Z",0.193760151741471,0.0418961829192866,0.2,"MC-PLSc",12052,9080218,1000,"ordinal","uniform","normal","Symmetric","3",1,TRUE,15.9990000000107
"2549","X=~x1",0.300697851211906,0.0724481037879173,0.4,"PLSc",12052,9080218,1000,"ordinal","uniform","normal","Symmetric","3",1,TRUE,1.375
"2550","X=~x2",0.74945316782645,0.0514114241862973,0.8,"PLSc",12052,9080218,1000,"ordinal","uniform","normal","Symmetric","3",1,TRUE,1.375
"2551","X=~x3",0.686438195318733,0.0495818923696904,0.8,"PLSc",12052,9080218,1000,"ordinal","uniform","normal","Symmetric","3",1,TRUE,1.375
"2552","Z=~z1",0.57986325288843,0.0432588104841127,0.6,"PLSc",12052,9080218,1000,"ordinal","uniform","normal","Symmetric","3",1,TRUE,1.375
"2553","Z=~z2",0.579271724538672,0.041582769789868,0.6,"PLSc",12052,9080218,1000,"ordinal","uniform","normal","Symmetric","3",1,TRUE,1.375
"2554","Z=~z3",0.724383242785252,0.0385435379788568,0.8,"PLSc",12052,9080218,1000,"ordinal","uniform","normal","Symmetric","3",1,TRUE,1.375
"2555","Y=~y1",0.395469771424792,0.046751280986858,0.4,"PLSc",12052,9080218,1000,"ordinal","uniform","normal","Symmetric","3",1,TRUE,1.375
"2556","Y=~y2",0.606395914716638,0.0344762482719676,0.7,"PLSc",12052,9080218,1000,"ordinal","uniform","normal","Symmetric","3",1,TRUE,1.375
"2557","Y=~y3",0.814943310853639,0.0340813466352357,0.9,"PLSc",12052,9080218,1000,"ordinal","uniform","normal","Symmetric","3",1,TRUE,1.375
"2558","Y~X",0.362797529431417,0.0454152122621381,0.4,"PLSc",12052,9080218,1000,"ordinal","uniform","normal","Symmetric","3",1,TRUE,1.375
"2559","Y~Z",0.507919863590378,0.0417221830598632,0.5,"PLSc",12052,9080218,1000,"ordinal","uniform","normal","Symmetric","3",1,TRUE,1.375
"2560","Y~X:Z",0.28179927793702,0.0599232956384402,0.3,"PLSc",12052,9080218,1000,"ordinal","uniform","normal","Symmetric","3",1,TRUE,1.375
"2561","X~~Z",0.19004011208757,0.0460186936236522,0.2,"PLSc",12052,9080218,1000,"ordinal","uniform","normal","Symmetric","3",1,TRUE,1.375
"2562","X=~x1",0.492186498032803,0.0543515408652997,0.4,"PLS",12052,9080218,1000,"ordinal","uniform","normal","Symmetric","3",1,TRUE,0.916000000026543
"2563","X=~x2",0.853729930029645,0.0199198002241408,0.8,"PLS",12052,9080218,1000,"ordinal","uniform","normal","Symmetric","3",1,TRUE,0.916000000026543
"2564","X=~x3",0.828066682233173,0.0216256184459423,0.8,"PLS",12052,9080218,1000,"ordinal","uniform","normal","Symmetric","3",1,TRUE,0.916000000026543
"2565","Z=~z1",0.740173269179341,0.0246168654580896,0.6,"PLS",12052,9080218,1000,"ordinal","uniform","normal","Symmetric","3",1,TRUE,0.916000000026543
"2566","Z=~z2",0.7329950579104,0.0246040250412137,0.6,"PLS",12052,9080218,1000,"ordinal","uniform","normal","Symmetric","3",1,TRUE,0.916000000026543
"2567","Z=~z3",0.834769416143413,0.0144680544438084,0.8,"PLS",12052,9080218,1000,"ordinal","uniform","normal","Symmetric","3",1,TRUE,0.916000000026543
"2568","Y=~y1",0.54808177635724,0.0399891367671988,0.4,"PLS",12052,9080218,1000,"ordinal","uniform","normal","Symmetric","3",1,TRUE,0.916000000026543
"2569","Y=~y2",0.796070963116431,0.017895169758618,0.7,"PLS",12052,9080218,1000,"ordinal","uniform","normal","Symmetric","3",1,TRUE,0.916000000026543
"2570","Y=~y3",0.876779943042489,0.011224852014461,0.9,"PLS",12052,9080218,1000,"ordinal","uniform","normal","Symmetric","3",1,TRUE,0.916000000026543
"2571","Y~X",0.261364245982026,0.0267875604769692,0.4,"PLS",12052,9080218,1000,"ordinal","uniform","normal","Symmetric","3",1,TRUE,0.916000000026543
"2572","Y~Z",0.363930949131006,0.0241310690604187,0.5,"PLS",12052,9080218,1000,"ordinal","uniform","normal","Symmetric","3",1,TRUE,0.916000000026543
"2573","Y~X:Z",0.149091898133831,0.0249989299998956,0.3,"PLS",12052,9080218,1000,"ordinal","uniform","normal","Symmetric","3",1,TRUE,0.916000000026543
"2574","X~~Z",0.129127545816591,0.0316565938864763,0.2,"PLS",12052,9080218,1000,"ordinal","uniform","normal","Symmetric","3",1,TRUE,0.916000000026543
"2575","X=~x1",0.38,0.036,0.4,"Mplus",12052,9080218,1000,"ordinal","uniform","normal","Symmetric","3",1,TRUE,574.686999999976
"2576","X=~x2",0.803,0.039,0.8,"Mplus",12052,9080218,1000,"ordinal","uniform","normal","Symmetric","3",1,TRUE,574.686999999976
"2577","X=~x3",0.739,0.04,0.8,"Mplus",12052,9080218,1000,"ordinal","uniform","normal","Symmetric","3",1,TRUE,574.686999999976
"2578","Z=~z1",0.643,0.032,0.6,"Mplus",12052,9080218,1000,"ordinal","uniform","normal","Symmetric","3",1,TRUE,574.686999999976
"2579","Z=~z2",0.614,0.033,0.6,"Mplus",12052,9080218,1000,"ordinal","uniform","normal","Symmetric","3",1,TRUE,574.686999999976
"2580","Z=~z3",0.807,0.031,0.8,"Mplus",12052,9080218,1000,"ordinal","uniform","normal","Symmetric","3",1,TRUE,574.686999999976
"2581","Y=~y1",0.394,0.036,0.4,"Mplus",12052,9080218,1000,"ordinal","uniform","normal","Symmetric","3",1,TRUE,574.686999999976
"2582","Y=~y2",0.717,0.031,0.7,"Mplus",12052,9080218,1000,"ordinal","uniform","normal","Symmetric","3",1,TRUE,574.686999999976
"2583","Y=~y3",0.904,0.027,0.9,"Mplus",12052,9080218,1000,"ordinal","uniform","normal","Symmetric","3",1,TRUE,574.686999999976
"2584","Y~X",0.346,0.038,0.4,"Mplus",12052,9080218,1000,"ordinal","uniform","normal","Symmetric","3",1,TRUE,574.686999999976
"2585","Y~Z",0.52,0.035,0.5,"Mplus",12052,9080218,1000,"ordinal","uniform","normal","Symmetric","3",1,TRUE,574.686999999976
"2586","Y~X:Z",0.284,0.041,0.3,"Mplus",12052,9080218,1000,"ordinal","uniform","normal","Symmetric","3",1,TRUE,574.686999999976
"2587","X~~Z",0.201,0.045,0.2,"Mplus",12052,9080218,1000,"ordinal","uniform","normal","Symmetric","3",1,TRUE,574.686999999976
"2588","X=~x1",0.36787525596878,0.0341439294917504,0.4,"LSAM",12052,9080218,1000,"ordinal","uniform","normal","Symmetric","3",1,TRUE,0.532999999995809
"2589","X=~x2",0.703686717253938,0.0702330214919821,0.8,"LSAM",12052,9080218,1000,"ordinal","uniform","normal","Symmetric","3",1,TRUE,0.532999999995809
"2590","X=~x3",0.684364839328145,0.0693007929913702,0.8,"LSAM",12052,9080218,1000,"ordinal","uniform","normal","Symmetric","3",1,TRUE,0.532999999995809
"2591","Z=~z1",0.576717995644186,0.0316939432271587,0.6,"LSAM",12052,9080218,1000,"ordinal","uniform","normal","Symmetric","3",1,TRUE,0.532999999995809
"2592","Z=~z2",0.558178651917986,0.0481250927912793,0.6,"LSAM",12052,9080218,1000,"ordinal","uniform","normal","Symmetric","3",1,TRUE,0.532999999995809
"2593","Z=~z3",0.749708463433007,0.053266712809895,0.8,"LSAM",12052,9080218,1000,"ordinal","uniform","normal","Symmetric","3",1,TRUE,0.532999999995809
"2594","Y=~y1",0.367141471731455,0.0123625868313644,0.4,"LSAM",12052,9080218,1000,"ordinal","uniform","normal","Symmetric","3",1,TRUE,0.532999999995809
"2595","Y=~y2",0.674377826421684,0.0534342094139814,0.7,"LSAM",12052,9080218,1000,"ordinal","uniform","normal","Symmetric","3",1,TRUE,0.532999999995809
"2596","Y=~y3",0.766660672823728,0.0598718061339671,0.9,"LSAM",12052,9080218,1000,"ordinal","uniform","normal","Symmetric","3",1,TRUE,0.532999999995809
"2597","Y~X",0.368554801349629,0.0463457090306654,0.4,"LSAM",12052,9080218,1000,"ordinal","uniform","normal","Symmetric","3",1,TRUE,0.532999999995809
"2598","Y~Z",0.510512142598737,0.0680701505986133,0.5,"LSAM",12052,9080218,1000,"ordinal","uniform","normal","Symmetric","3",1,TRUE,0.532999999995809
"2599","Y~X:Z",0.293736052712364,0.0514458512771809,0.3,"LSAM",12052,9080218,1000,"ordinal","uniform","normal","Symmetric","3",1,TRUE,0.532999999995809
"2600","X~~Z",0.196925231497639,0.0478926113554961,0.2,"LSAM",12052,9080218,1000,"ordinal","uniform","normal","Symmetric","3",1,TRUE,0.532999999995809
"2601","X=~x1",0.521096913397285,0.066407744778963,0.4,"MC-PLSc",12053,6039165,300,"ordinal","uniform","normal","Symmetric","5",1,TRUE,16.7530000000261
"2602","X=~x2",0.891068016197376,0.0479003101324024,0.8,"MC-PLSc",12053,6039165,300,"ordinal","uniform","normal","Symmetric","5",1,TRUE,16.7530000000261
"2603","X=~x3",0.677532210493563,0.059207263130048,0.8,"MC-PLSc",12053,6039165,300,"ordinal","uniform","normal","Symmetric","5",1,TRUE,16.7530000000261
"2604","Z=~z1",0.525746187416364,0.0546703613109466,0.6,"MC-PLSc",12053,6039165,300,"ordinal","uniform","normal","Symmetric","5",1,TRUE,16.7530000000261
"2605","Z=~z2",0.531653289886661,0.0575777119573551,0.6,"MC-PLSc",12053,6039165,300,"ordinal","uniform","normal","Symmetric","5",1,TRUE,16.7530000000261
"2606","Z=~z3",0.833343181264479,0.0483779168525295,0.8,"MC-PLSc",12053,6039165,300,"ordinal","uniform","normal","Symmetric","5",1,TRUE,16.7530000000261
"2607","Y=~y1",0.283093162928661,0.0589553287666537,0.4,"MC-PLSc",12053,6039165,300,"ordinal","uniform","normal","Symmetric","5",1,TRUE,16.7530000000261
"2608","Y=~y2",0.754014184020711,0.0449343201693146,0.7,"MC-PLSc",12053,6039165,300,"ordinal","uniform","normal","Symmetric","5",1,TRUE,16.7530000000261
"2609","Y=~y3",0.923833404871081,0.037396059051366,0.9,"MC-PLSc",12053,6039165,300,"ordinal","uniform","normal","Symmetric","5",1,TRUE,16.7530000000261
"2610","Y~X",0.305060022749528,0.0676454553646356,0.4,"MC-PLSc",12053,6039165,300,"ordinal","uniform","normal","Symmetric","5",1,TRUE,16.7530000000261
"2611","Y~Z",0.654846908212185,0.063414230370245,0.5,"MC-PLSc",12053,6039165,300,"ordinal","uniform","normal","Symmetric","5",1,TRUE,16.7530000000261
"2612","Y~X:Z",0.349143244247056,0.0768005438481953,0.3,"MC-PLSc",12053,6039165,300,"ordinal","uniform","normal","Symmetric","5",1,TRUE,16.7530000000261
"2613","X~~Z",0.272060256679457,0.0744229812824524,0.2,"MC-PLSc",12053,6039165,300,"ordinal","uniform","normal","Symmetric","5",1,TRUE,16.7530000000261
"2614","X=~x1",0.576523056026267,0.0890667516856513,0.4,"PLSc",12053,6039165,300,"ordinal","uniform","normal","Symmetric","5",1,TRUE,1.27199999999721
"2615","X=~x2",0.84579247084186,0.0722817309917955,0.8,"PLSc",12053,6039165,300,"ordinal","uniform","normal","Symmetric","5",1,TRUE,1.27199999999721
"2616","X=~x3",0.562057482688558,0.0837699934232888,0.8,"PLSc",12053,6039165,300,"ordinal","uniform","normal","Symmetric","5",1,TRUE,1.27199999999721
"2617","Z=~z1",0.473510588431225,0.065675847851508,0.6,"PLSc",12053,6039165,300,"ordinal","uniform","normal","Symmetric","5",1,TRUE,1.27199999999721
"2618","Z=~z2",0.475799178743615,0.0617971033286253,0.6,"PLSc",12053,6039165,300,"ordinal","uniform","normal","Symmetric","5",1,TRUE,1.27199999999721
"2619","Z=~z3",0.856525451819717,0.0544035181420884,0.8,"PLSc",12053,6039165,300,"ordinal","uniform","normal","Symmetric","5",1,TRUE,1.27199999999721
"2620","Y=~y1",0.232474388735987,0.073396595846938,0.4,"PLSc",12053,6039165,300,"ordinal","uniform","normal","Symmetric","5",1,TRUE,1.27199999999721
"2621","Y=~y2",0.740578394323117,0.0402863087861485,0.7,"PLSc",12053,6039165,300,"ordinal","uniform","normal","Symmetric","5",1,TRUE,1.27199999999721
"2622","Y=~y3",0.860195010868504,0.0398669089503885,0.9,"PLSc",12053,6039165,300,"ordinal","uniform","normal","Symmetric","5",1,TRUE,1.27199999999721
"2623","Y~X",0.308338071886634,0.0722344729064576,0.4,"PLSc",12053,6039165,300,"ordinal","uniform","normal","Symmetric","5",1,TRUE,1.27199999999721
"2624","Y~Z",0.632920754024259,0.0703497574164141,0.5,"PLSc",12053,6039165,300,"ordinal","uniform","normal","Symmetric","5",1,TRUE,1.27199999999721
"2625","Y~X:Z",0.29889093666545,0.0888178877794739,0.3,"PLSc",12053,6039165,300,"ordinal","uniform","normal","Symmetric","5",1,TRUE,1.27199999999721
"2626","X~~Z",0.266650536540545,0.0782047203726454,0.2,"PLSc",12053,6039165,300,"ordinal","uniform","normal","Symmetric","5",1,TRUE,1.27199999999721
"2627","X=~x1",0.665650780718343,0.0617492780314276,0.4,"PLS",12053,6039165,300,"ordinal","uniform","normal","Symmetric","5",1,TRUE,0.913000000000466
"2628","X=~x2",0.886863214808899,0.0200827989748068,0.8,"PLS",12053,6039165,300,"ordinal","uniform","normal","Symmetric","5",1,TRUE,0.913000000000466
"2629","X=~x3",0.79644243492004,0.0361336214900735,0.8,"PLS",12053,6039165,300,"ordinal","uniform","normal","Symmetric","5",1,TRUE,0.913000000000466
"2630","Z=~z1",0.682881932117566,0.0468583672655964,0.6,"PLS",12053,6039165,300,"ordinal","uniform","normal","Symmetric","5",1,TRUE,0.913000000000466
"2631","Z=~z2",0.690341390275777,0.0461183556452039,0.6,"PLS",12053,6039165,300,"ordinal","uniform","normal","Symmetric","5",1,TRUE,0.913000000000466
"2632","Z=~z3",0.868038600620721,0.0183051355861056,0.8,"PLS",12053,6039165,300,"ordinal","uniform","normal","Symmetric","5",1,TRUE,0.913000000000466
"2633","Y=~y1",0.400432095038847,0.0795553205002187,0.4,"PLS",12053,6039165,300,"ordinal","uniform","normal","Symmetric","5",1,TRUE,0.913000000000466
"2634","Y=~y2",0.861409972713466,0.0193037234397846,0.7,"PLS",12053,6039165,300,"ordinal","uniform","normal","Symmetric","5",1,TRUE,0.913000000000466
"2635","Y=~y3",0.910661387591531,0.0107418709206277,0.9,"PLS",12053,6039165,300,"ordinal","uniform","normal","Symmetric","5",1,TRUE,0.913000000000466
"2636","Y~X",0.275733210381941,0.0451730307176547,0.4,"PLS",12053,6039165,300,"ordinal","uniform","normal","Symmetric","5",1,TRUE,0.913000000000466
"2637","Y~Z",0.489201705472785,0.03966020565037,0.5,"PLS",12053,6039165,300,"ordinal","uniform","normal","Symmetric","5",1,TRUE,0.913000000000466
"2638","Y~X:Z",0.196142510924942,0.040569555976376,0.3,"PLS",12053,6039165,300,"ordinal","uniform","normal","Symmetric","5",1,TRUE,0.913000000000466
"2639","X~~Z",0.195136847390971,0.0569361561806495,0.2,"PLS",12053,6039165,300,"ordinal","uniform","normal","Symmetric","5",1,TRUE,0.913000000000466
"2640","X=~x1",0.425,0.058,0.4,"Mplus",12053,6039165,300,"ordinal","uniform","normal","Symmetric","5",1,TRUE,255.449000000022
"2641","X=~x2",0.886,0.047,0.8,"Mplus",12053,6039165,300,"ordinal","uniform","normal","Symmetric","5",1,TRUE,255.449000000022
"2642","X=~x3",0.736,0.048,0.8,"Mplus",12053,6039165,300,"ordinal","uniform","normal","Symmetric","5",1,TRUE,255.449000000022
"2643","Z=~z1",0.482,0.062,0.6,"Mplus",12053,6039165,300,"ordinal","uniform","normal","Symmetric","5",1,TRUE,255.449000000022
"2644","Z=~z2",0.518,0.057,0.6,"Mplus",12053,6039165,300,"ordinal","uniform","normal","Symmetric","5",1,TRUE,255.449000000022
"2645","Z=~z3",0.806,0.045,0.8,"Mplus",12053,6039165,300,"ordinal","uniform","normal","Symmetric","5",1,TRUE,255.449000000022
"2646","Y=~y1",0.306,0.062,0.4,"Mplus",12053,6039165,300,"ordinal","uniform","normal","Symmetric","5",1,TRUE,255.449000000022
"2647","Y=~y2",0.731,0.043,0.7,"Mplus",12053,6039165,300,"ordinal","uniform","normal","Symmetric","5",1,TRUE,255.449000000022
"2648","Y=~y3",0.91,0.038,0.9,"Mplus",12053,6039165,300,"ordinal","uniform","normal","Symmetric","5",1,TRUE,255.449000000022
"2649","Y~X",0.277,0.067,0.4,"Mplus",12053,6039165,300,"ordinal","uniform","normal","Symmetric","5",1,TRUE,255.449000000022
"2650","Y~Z",0.667,0.057,0.5,"Mplus",12053,6039165,300,"ordinal","uniform","normal","Symmetric","5",1,TRUE,255.449000000022
"2651","Y~X:Z",0.315,0.07,0.3,"Mplus",12053,6039165,300,"ordinal","uniform","normal","Symmetric","5",1,TRUE,255.449000000022
"2652","X~~Z",0.269,0.073,0.2,"Mplus",12053,6039165,300,"ordinal","uniform","normal","Symmetric","5",1,TRUE,255.449000000022
"2653","X=~x1",0.420462898399918,0.0569321727747458,0.4,"LSAM",12053,6039165,300,"ordinal","uniform","normal","Symmetric","5",1,TRUE,0.443000000028405
"2654","X=~x2",0.861911637633793,0.0853468358913813,0.8,"LSAM",12053,6039165,300,"ordinal","uniform","normal","Symmetric","5",1,TRUE,0.443000000028405
"2655","X=~x3",0.718058475004172,0.0885077083177777,0.8,"LSAM",12053,6039165,300,"ordinal","uniform","normal","Symmetric","5",1,TRUE,0.443000000028405
"2656","Z=~z1",0.578614322115351,0.0693182136722274,0.6,"LSAM",12053,6039165,300,"ordinal","uniform","normal","Symmetric","5",1,TRUE,0.443000000028405
"2657","Z=~z2",0.59494874839074,0.104808110045121,0.6,"LSAM",12053,6039165,300,"ordinal","uniform","normal","Symmetric","5",1,TRUE,0.443000000028405
"2658","Z=~z3",0.636668264248377,0.107689217170371,0.8,"LSAM",12053,6039165,300,"ordinal","uniform","normal","Symmetric","5",1,TRUE,0.443000000028405
"2659","Y=~y1",0.312744937735461,0.0171774731356173,0.4,"LSAM",12053,6039165,300,"ordinal","uniform","normal","Symmetric","5",1,TRUE,0.443000000028405
"2660","Y=~y2",0.616285451801686,0.0815093946095028,0.7,"LSAM",12053,6039165,300,"ordinal","uniform","normal","Symmetric","5",1,TRUE,0.443000000028405
"2661","Y=~y3",0.989377235034379,0.114031084441673,0.9,"LSAM",12053,6039165,300,"ordinal","uniform","normal","Symmetric","5",1,TRUE,0.443000000028405
"2662","Y~X",0.243679763430648,0.111304145131605,0.4,"LSAM",12053,6039165,300,"ordinal","uniform","normal","Symmetric","5",1,TRUE,0.443000000028405
"2663","Y~Z",0.583690843670654,0.151746794165777,0.5,"LSAM",12053,6039165,300,"ordinal","uniform","normal","Symmetric","5",1,TRUE,0.443000000028405
"2664","Y~X:Z",0.234435479447767,0.0798741004885622,0.3,"LSAM",12053,6039165,300,"ordinal","uniform","normal","Symmetric","5",1,TRUE,0.443000000028405
"2665","X~~Z",0.264256534337918,0.100701761196625,0.2,"LSAM",12053,6039165,300,"ordinal","uniform","normal","Symmetric","5",1,TRUE,0.443000000028405
"2666","X=~x1",0.439418246276116,0.0398028868618209,0.4,"MC-PLSc",12054,3432329,1000,"ordinal","uniform","normal","Symmetric","5",1,TRUE,19.6909999999916
"2667","X=~x2",0.74965689793659,0.0311476062944863,0.8,"MC-PLSc",12054,3432329,1000,"ordinal","uniform","normal","Symmetric","5",1,TRUE,19.6909999999916
"2668","X=~x3",0.850282962659391,0.0306360924180924,0.8,"MC-PLSc",12054,3432329,1000,"ordinal","uniform","normal","Symmetric","5",1,TRUE,19.6909999999916
"2669","Z=~z1",0.601960092475609,0.0305018260146233,0.6,"MC-PLSc",12054,3432329,1000,"ordinal","uniform","normal","Symmetric","5",1,TRUE,19.6909999999916
"2670","Z=~z2",0.530473727766049,0.0339681973418156,0.6,"MC-PLSc",12054,3432329,1000,"ordinal","uniform","normal","Symmetric","5",1,TRUE,19.6909999999916
"2671","Z=~z3",0.86673146541737,0.0310762195560881,0.8,"MC-PLSc",12054,3432329,1000,"ordinal","uniform","normal","Symmetric","5",1,TRUE,19.6909999999916
"2672","Y=~y1",0.408132995713062,0.03712692719084,0.4,"MC-PLSc",12054,3432329,1000,"ordinal","uniform","normal","Symmetric","5",1,TRUE,19.6909999999916
"2673","Y=~y2",0.735461029519543,0.0240032848699505,0.7,"MC-PLSc",12054,3432329,1000,"ordinal","uniform","normal","Symmetric","5",1,TRUE,19.6909999999916
"2674","Y=~y3",0.879506356033219,0.0225689783224759,0.9,"MC-PLSc",12054,3432329,1000,"ordinal","uniform","normal","Symmetric","5",1,TRUE,19.6909999999916
"2675","Y~X",0.384325915999549,0.0369339753253583,0.4,"MC-PLSc",12054,3432329,1000,"ordinal","uniform","normal","Symmetric","5",1,TRUE,19.6909999999916
"2676","Y~Z",0.505470803543931,0.0372756650640197,0.5,"MC-PLSc",12054,3432329,1000,"ordinal","uniform","normal","Symmetric","5",1,TRUE,19.6909999999916
"2677","Y~X:Z",0.329347835652451,0.0507479875819587,0.3,"MC-PLSc",12054,3432329,1000,"ordinal","uniform","normal","Symmetric","5",1,TRUE,19.6909999999916
"2678","X~~Z",0.213426661704079,0.0383753903055709,0.2,"MC-PLSc",12054,3432329,1000,"ordinal","uniform","normal","Symmetric","5",1,TRUE,19.6909999999916
"2679","X=~x1",0.409370687138744,0.0573480044546387,0.4,"PLSc",12054,3432329,1000,"ordinal","uniform","normal","Symmetric","5",1,TRUE,1.38699999998789
"2680","X=~x2",0.71722996594133,0.0363250013998332,0.8,"PLSc",12054,3432329,1000,"ordinal","uniform","normal","Symmetric","5",1,TRUE,1.38699999998789
"2681","X=~x3",0.820980407774495,0.0410390754080064,0.8,"PLSc",12054,3432329,1000,"ordinal","uniform","normal","Symmetric","5",1,TRUE,1.38699999998789
"2682","Z=~z1",0.579981122663179,0.0406854844852641,0.6,"PLSc",12054,3432329,1000,"ordinal","uniform","normal","Symmetric","5",1,TRUE,1.38699999998789
"2683","Z=~z2",0.471549778625096,0.0440162879261589,0.6,"PLSc",12054,3432329,1000,"ordinal","uniform","normal","Symmetric","5",1,TRUE,1.38699999998789
"2684","Z=~z3",0.856717695394961,0.0374303525630582,0.8,"PLSc",12054,3432329,1000,"ordinal","uniform","normal","Symmetric","5",1,TRUE,1.38699999998789
"2685","Y=~y1",0.406847730758118,0.0418772009960008,0.4,"PLSc",12054,3432329,1000,"ordinal","uniform","normal","Symmetric","5",1,TRUE,1.38699999998789
"2686","Y=~y2",0.688390939061338,0.0290810830033753,0.7,"PLSc",12054,3432329,1000,"ordinal","uniform","normal","Symmetric","5",1,TRUE,1.38699999998789
"2687","Y=~y3",0.827665574094822,0.0248043361604014,0.9,"PLSc",12054,3432329,1000,"ordinal","uniform","normal","Symmetric","5",1,TRUE,1.38699999998789
"2688","Y~X",0.37421815844689,0.0365744341296067,0.4,"PLSc",12054,3432329,1000,"ordinal","uniform","normal","Symmetric","5",1,TRUE,1.38699999998789
"2689","Y~Z",0.502621716909702,0.0411739931160154,0.5,"PLSc",12054,3432329,1000,"ordinal","uniform","normal","Symmetric","5",1,TRUE,1.38699999998789
"2690","Y~X:Z",0.325317641840024,0.0562548399876028,0.3,"PLSc",12054,3432329,1000,"ordinal","uniform","normal","Symmetric","5",1,TRUE,1.38699999998789
"2691","X~~Z",0.209897276924985,0.0393186184462368,0.2,"PLSc",12054,3432329,1000,"ordinal","uniform","normal","Symmetric","5",1,TRUE,1.38699999998789
"2692","X=~x1",0.580980558356059,0.0391266839259869,0.4,"PLS",12054,3432329,1000,"ordinal","uniform","normal","Symmetric","5",1,TRUE,0.956000000005588
"2693","X=~x2",0.843114235779659,0.0138563029532181,0.8,"PLS",12054,3432329,1000,"ordinal","uniform","normal","Symmetric","5",1,TRUE,0.956000000005588
"2694","X=~x3",0.879430886812443,0.0121285447297494,0.8,"PLS",12054,3432329,1000,"ordinal","uniform","normal","Symmetric","5",1,TRUE,0.956000000005588
"2695","Z=~z1",0.74487005645661,0.024151542022412,0.6,"PLS",12054,3432329,1000,"ordinal","uniform","normal","Symmetric","5",1,TRUE,0.956000000005588
"2696","Z=~z2",0.680410661501168,0.0298308404243741,0.6,"PLS",12054,3432329,1000,"ordinal","uniform","normal","Symmetric","5",1,TRUE,0.956000000005588
"2697","Z=~z3",0.876948554748351,0.0109348951693577,0.8,"PLS",12054,3432329,1000,"ordinal","uniform","normal","Symmetric","5",1,TRUE,0.956000000005588
"2698","Y=~y1",0.549331013123664,0.0373068232038379,0.4,"PLS",12054,3432329,1000,"ordinal","uniform","normal","Symmetric","5",1,TRUE,0.956000000005588
"2699","Y=~y2",0.837459679813501,0.0130057338685046,0.7,"PLS",12054,3432329,1000,"ordinal","uniform","normal","Symmetric","5",1,TRUE,0.956000000005588
"2700","Y=~y3",0.888487258717634,0.00771619684236653,0.9,"PLS",12054,3432329,1000,"ordinal","uniform","normal","Symmetric","5",1,TRUE,0.956000000005588
"2701","Y~X",0.307310916036911,0.0251112451043377,0.4,"PLS",12054,3432329,1000,"ordinal","uniform","normal","Symmetric","5",1,TRUE,0.956000000005588
"2702","Y~Z",0.384333146353761,0.0253144728761702,0.5,"PLS",12054,3432329,1000,"ordinal","uniform","normal","Symmetric","5",1,TRUE,0.956000000005588
"2703","Y~X:Z",0.196561909151489,0.0276073188638638,0.3,"PLS",12054,3432329,1000,"ordinal","uniform","normal","Symmetric","5",1,TRUE,0.956000000005588
"2704","X~~Z",0.156347125806222,0.0288108222214887,0.2,"PLS",12054,3432329,1000,"ordinal","uniform","normal","Symmetric","5",1,TRUE,0.956000000005588
"2705","X=~x1",0.422,0.032,0.4,"Mplus",12054,3432329,1000,"ordinal","uniform","normal","Symmetric","5",1,TRUE,724.81600000005
"2706","X=~x2",0.735,0.026,0.8,"Mplus",12054,3432329,1000,"ordinal","uniform","normal","Symmetric","5",1,TRUE,724.81600000005
"2707","X=~x3",0.833,0.026,0.8,"Mplus",12054,3432329,1000,"ordinal","uniform","normal","Symmetric","5",1,TRUE,724.81600000005
"2708","Z=~z1",0.569,0.031,0.6,"Mplus",12054,3432329,1000,"ordinal","uniform","normal","Symmetric","5",1,TRUE,724.81600000005
"2709","Z=~z2",0.535,0.031,0.6,"Mplus",12054,3432329,1000,"ordinal","uniform","normal","Symmetric","5",1,TRUE,724.81600000005
"2710","Z=~z3",0.839,0.028,0.8,"Mplus",12054,3432329,1000,"ordinal","uniform","normal","Symmetric","5",1,TRUE,724.81600000005
"2711","Y=~y1",0.372,0.034,0.4,"Mplus",12054,3432329,1000,"ordinal","uniform","normal","Symmetric","5",1,TRUE,724.81600000005
"2712","Y=~y2",0.727,0.024,0.7,"Mplus",12054,3432329,1000,"ordinal","uniform","normal","Symmetric","5",1,TRUE,724.81600000005
"2713","Y=~y3",0.887,0.02,0.9,"Mplus",12054,3432329,1000,"ordinal","uniform","normal","Symmetric","5",1,TRUE,724.81600000005
"2714","Y~X",0.414,0.032,0.4,"Mplus",12054,3432329,1000,"ordinal","uniform","normal","Symmetric","5",1,TRUE,724.81600000005
"2715","Y~Z",0.495,0.033,0.5,"Mplus",12054,3432329,1000,"ordinal","uniform","normal","Symmetric","5",1,TRUE,724.81600000005
"2716","Y~X:Z",0.35,0.037,0.3,"Mplus",12054,3432329,1000,"ordinal","uniform","normal","Symmetric","5",1,TRUE,724.81600000005
"2717","X~~Z",0.184,0.039,0.2,"Mplus",12054,3432329,1000,"ordinal","uniform","normal","Symmetric","5",1,TRUE,724.81600000005
"2718","X=~x1",0.42461027054949,0.0303460436432653,0.4,"LSAM",12054,3432329,1000,"ordinal","uniform","normal","Symmetric","5",1,TRUE,0.427000000025146
"2719","X=~x2",0.724334719366064,0.0505900301434044,0.8,"LSAM",12054,3432329,1000,"ordinal","uniform","normal","Symmetric","5",1,TRUE,0.427000000025146
"2720","X=~x3",0.800365228590273,0.0508098279822039,0.8,"LSAM",12054,3432329,1000,"ordinal","uniform","normal","Symmetric","5",1,TRUE,0.427000000025146
"2721","Z=~z1",0.588075219337766,0.0215047630847903,0.6,"LSAM",12054,3432329,1000,"ordinal","uniform","normal","Symmetric","5",1,TRUE,0.427000000025146
"2722","Z=~z2",0.552050391215358,0.0407870887365163,0.6,"LSAM",12054,3432329,1000,"ordinal","uniform","normal","Symmetric","5",1,TRUE,0.427000000025146
"2723","Z=~z3",0.768798716842322,0.0480711184924027,0.8,"LSAM",12054,3432329,1000,"ordinal","uniform","normal","Symmetric","5",1,TRUE,0.427000000025146
"2724","Y=~y1",0.368564470870314,0.0122121051462221,0.4,"LSAM",12054,3432329,1000,"ordinal","uniform","normal","Symmetric","5",1,TRUE,0.427000000025146
"2725","Y=~y2",0.701598794481032,0.0460815118446115,0.7,"LSAM",12054,3432329,1000,"ordinal","uniform","normal","Symmetric","5",1,TRUE,0.427000000025146
"2726","Y=~y3",0.847630884046816,0.0524506250579339,0.9,"LSAM",12054,3432329,1000,"ordinal","uniform","normal","Symmetric","5",1,TRUE,0.427000000025146
"2727","Y~X",0.387195199358287,0.0388059109003796,0.4,"LSAM",12054,3432329,1000,"ordinal","uniform","normal","Symmetric","5",1,TRUE,0.427000000025146
"2728","Y~Z",0.492899091346416,0.0493188342178369,0.5,"LSAM",12054,3432329,1000,"ordinal","uniform","normal","Symmetric","5",1,TRUE,0.427000000025146
"2729","Y~X:Z",0.362891583767666,0.0529888280220033,0.3,"LSAM",12054,3432329,1000,"ordinal","uniform","normal","Symmetric","5",1,TRUE,0.427000000025146
"2730","X~~Z",0.210357709403484,0.0406380980052134,0.2,"LSAM",12054,3432329,1000,"ordinal","uniform","normal","Symmetric","5",1,TRUE,0.427000000025146
"2731","X=~x1",0.619878366961101,0.233739540580559,0.4,"MC-PLSc",12055,8452829,300,"ordinal","uniform","normal","Extreme","2",1,TRUE,11.0829999999842
"2732","X=~x2",0.601112387022032,0.228261672112597,0.8,"MC-PLSc",12055,8452829,300,"ordinal","uniform","normal","Extreme","2",1,TRUE,11.0829999999842
"2733","X=~x3",0.852113514272809,0.397686274786167,0.8,"MC-PLSc",12055,8452829,300,"ordinal","uniform","normal","Extreme","2",1,TRUE,11.0829999999842
"2734","Z=~z1",0.617765989850847,0.364894598678099,0.6,"MC-PLSc",12055,8452829,300,"ordinal","uniform","normal","Extreme","2",1,TRUE,11.0829999999842
"2735","Z=~z2",0.744746719941142,0.306444646354819,0.6,"MC-PLSc",12055,8452829,300,"ordinal","uniform","normal","Extreme","2",1,TRUE,11.0829999999842
"2736","Z=~z3",0.544441143844984,0.319520985930044,0.8,"MC-PLSc",12055,8452829,300,"ordinal","uniform","normal","Extreme","2",1,TRUE,11.0829999999842
"2737","Y=~y1",0.216226318768348,0.170039499246859,0.4,"MC-PLSc",12055,8452829,300,"ordinal","uniform","normal","Extreme","2",1,TRUE,11.0829999999842
"2738","Y=~y2",0.828751071011565,0.314866948896959,0.7,"MC-PLSc",12055,8452829,300,"ordinal","uniform","normal","Extreme","2",1,TRUE,11.0829999999842
"2739","Y=~y3",0.814258208662191,0.205067122358748,0.9,"MC-PLSc",12055,8452829,300,"ordinal","uniform","normal","Extreme","2",1,TRUE,11.0829999999842
"2740","Y~X",0.417569929597156,0.255850041657143,0.4,"MC-PLSc",12055,8452829,300,"ordinal","uniform","normal","Extreme","2",1,TRUE,11.0829999999842
"2741","Y~Z",0.420306734229663,0.212410907508179,0.5,"MC-PLSc",12055,8452829,300,"ordinal","uniform","normal","Extreme","2",1,TRUE,11.0829999999842
"2742","Y~X:Z",0.241717812970252,0.49456950053679,0.3,"MC-PLSc",12055,8452829,300,"ordinal","uniform","normal","Extreme","2",1,TRUE,11.0829999999842
"2743","X~~Z",0.0212980615564481,0.169945291608957,0.2,"MC-PLSc",12055,8452829,300,"ordinal","uniform","normal","Extreme","2",1,TRUE,11.0829999999842
"2744","X=~x1",0.550903626667405,0.166231641693898,0.4,"PLSc",12055,8452829,300,"ordinal","uniform","normal","Extreme","2",1,TRUE,1.30499999999302
"2745","X=~x2",0.358285054300923,0.20017605100626,0.8,"PLSc",12055,8452829,300,"ordinal","uniform","normal","Extreme","2",1,TRUE,1.30499999999302
"2746","X=~x3",0.613746743413415,0.193633478629003,0.8,"PLSc",12055,8452829,300,"ordinal","uniform","normal","Extreme","2",1,TRUE,1.30499999999302
"2747","Z=~z1",0.403215675145966,0.202820930583774,0.6,"PLSc",12055,8452829,300,"ordinal","uniform","normal","Extreme","2",1,TRUE,1.30499999999302
"2748","Z=~z2",0.609253151450732,0.176278045415476,0.6,"PLSc",12055,8452829,300,"ordinal","uniform","normal","Extreme","2",1,TRUE,1.30499999999302
"2749","Z=~z3",0.377165071049721,0.206343888809095,0.8,"PLSc",12055,8452829,300,"ordinal","uniform","normal","Extreme","2",1,TRUE,1.30499999999302
"2750","Y=~y1",0.106752446845255,0.190233008532416,0.4,"PLSc",12055,8452829,300,"ordinal","uniform","normal","Extreme","2",1,TRUE,1.30499999999302
"2751","Y=~y2",0.678073558316922,0.143802914547024,0.7,"PLSc",12055,8452829,300,"ordinal","uniform","normal","Extreme","2",1,TRUE,1.30499999999302
"2752","Y=~y3",0.6588857548791,0.149208322567711,0.9,"PLSc",12055,8452829,300,"ordinal","uniform","normal","Extreme","2",1,TRUE,1.30499999999302
"2753","Y~X",0.395608872388047,1.83751335817555,0.4,"PLSc",12055,8452829,300,"ordinal","uniform","normal","Extreme","2",1,TRUE,1.30499999999302
"2754","Y~Z",0.385384084321427,1.90634032321662,0.5,"PLSc",12055,8452829,300,"ordinal","uniform","normal","Extreme","2",1,TRUE,1.30499999999302
"2755","Y~X:Z",0.214719467158733,5.69116536757204,0.3,"PLSc",12055,8452829,300,"ordinal","uniform","normal","Extreme","2",1,TRUE,1.30499999999302
"2756","X~~Z",0.0178875228633046,0.133414378935266,0.2,"PLSc",12055,8452829,300,"ordinal","uniform","normal","Extreme","2",1,TRUE,1.30499999999302
"2757","X=~x1",0.661391870740882,0.163615438493432,0.4,"PLS",12055,8452829,300,"ordinal","uniform","normal","Extreme","2",1,TRUE,0.907999999995809
"2758","X=~x2",0.647283564257992,0.168928109559245,0.8,"PLS",12055,8452829,300,"ordinal","uniform","normal","Extreme","2",1,TRUE,0.907999999995809
"2759","X=~x3",0.822083782833899,0.139664210356991,0.8,"PLS",12055,8452829,300,"ordinal","uniform","normal","Extreme","2",1,TRUE,0.907999999995809
"2760","Z=~z1",0.66967660173681,0.178628200062196,0.6,"PLS",12055,8452829,300,"ordinal","uniform","normal","Extreme","2",1,TRUE,0.907999999995809
"2761","Z=~z2",0.772996993399836,0.166022299116291,0.6,"PLS",12055,8452829,300,"ordinal","uniform","normal","Extreme","2",1,TRUE,0.907999999995809
"2762","Z=~z3",0.617710269210373,0.211959775346386,0.8,"PLS",12055,8452829,300,"ordinal","uniform","normal","Extreme","2",1,TRUE,0.907999999995809
"2763","Y=~y1",0.226617144320341,0.200652652222219,0.4,"PLS",12055,8452829,300,"ordinal","uniform","normal","Extreme","2",1,TRUE,0.907999999995809
"2764","Y=~y2",0.84604794648327,0.0881249187790722,0.7,"PLS",12055,8452829,300,"ordinal","uniform","normal","Extreme","2",1,TRUE,0.907999999995809
"2765","Y=~y3",0.839549067851181,0.10167623743099,0.9,"PLS",12055,8452829,300,"ordinal","uniform","normal","Extreme","2",1,TRUE,0.907999999995809
"2766","Y~X",0.234126605577094,0.0660854960727178,0.4,"PLS",12055,8452829,300,"ordinal","uniform","normal","Extreme","2",1,TRUE,0.907999999995809
"2767","Y~Z",0.214792766352706,0.0661688821959751,0.5,"PLS",12055,8452829,300,"ordinal","uniform","normal","Extreme","2",1,TRUE,0.907999999995809
"2768","Y~X:Z",0.110986380587126,0.0784932938538291,0.3,"PLS",12055,8452829,300,"ordinal","uniform","normal","Extreme","2",1,TRUE,0.907999999995809
"2769","X~~Z",0.00911931304673595,0.060451501236421,0.2,"PLS",12055,8452829,300,"ordinal","uniform","normal","Extreme","2",1,TRUE,0.907999999995809
"2770","X=~x1",NA,NA,0.4,"Mplus",12055,8452829,300,"ordinal","uniform","normal","Extreme","2",1,FALSE,360.164999999979
"2771","X=~x2",NA,NA,0.8,"Mplus",12055,8452829,300,"ordinal","uniform","normal","Extreme","2",1,FALSE,360.164999999979
"2772","X=~x3",NA,NA,0.8,"Mplus",12055,8452829,300,"ordinal","uniform","normal","Extreme","2",1,FALSE,360.164999999979
"2773","Z=~z1",NA,NA,0.6,"Mplus",12055,8452829,300,"ordinal","uniform","normal","Extreme","2",1,FALSE,360.164999999979
"2774","Z=~z2",NA,NA,0.6,"Mplus",12055,8452829,300,"ordinal","uniform","normal","Extreme","2",1,FALSE,360.164999999979
"2775","Z=~z3",NA,NA,0.8,"Mplus",12055,8452829,300,"ordinal","uniform","normal","Extreme","2",1,FALSE,360.164999999979
"2776","Y=~y1",NA,NA,0.4,"Mplus",12055,8452829,300,"ordinal","uniform","normal","Extreme","2",1,FALSE,360.164999999979
"2777","Y=~y2",NA,NA,0.7,"Mplus",12055,8452829,300,"ordinal","uniform","normal","Extreme","2",1,FALSE,360.164999999979
"2778","Y=~y3",NA,NA,0.9,"Mplus",12055,8452829,300,"ordinal","uniform","normal","Extreme","2",1,FALSE,360.164999999979
"2779","Y~X",NA,NA,0.4,"Mplus",12055,8452829,300,"ordinal","uniform","normal","Extreme","2",1,FALSE,360.164999999979
"2780","Y~Z",NA,NA,0.5,"Mplus",12055,8452829,300,"ordinal","uniform","normal","Extreme","2",1,FALSE,360.164999999979
"2781","Y~X:Z",NA,NA,0.3,"Mplus",12055,8452829,300,"ordinal","uniform","normal","Extreme","2",1,FALSE,360.164999999979
"2782","X~~Z",NA,NA,0.2,"Mplus",12055,8452829,300,"ordinal","uniform","normal","Extreme","2",1,FALSE,360.164999999979
"2783","X=~x1",0.307548484677739,0.0853147044847369,0.4,"LSAM",12055,8452829,300,"ordinal","uniform","normal","Extreme","2",1,TRUE,0.460000000020955
"2784","X=~x2",0.545982768921369,0.151385197253571,0.8,"LSAM",12055,8452829,300,"ordinal","uniform","normal","Extreme","2",1,TRUE,0.460000000020955
"2785","X=~x3",0.856157715794264,0.173621733099217,0.8,"LSAM",12055,8452829,300,"ordinal","uniform","normal","Extreme","2",1,TRUE,0.460000000020955
"2786","Z=~z1",0.657128835194729,0.829953970776666,0.6,"LSAM",12055,8452829,300,"ordinal","uniform","normal","Extreme","2",1,TRUE,0.460000000020955
"2787","Z=~z2",0.319784655837273,0.646671687908476,0.6,"LSAM",12055,8452829,300,"ordinal","uniform","normal","Extreme","2",1,TRUE,0.460000000020955
"2788","Z=~z3",0.488166189398614,0.840710470216811,0.8,"LSAM",12055,8452829,300,"ordinal","uniform","normal","Extreme","2",1,TRUE,0.460000000020955
"2789","Y=~y1",0.2984752984632,0.0301020539020726,0.4,"LSAM",12055,8452829,300,"ordinal","uniform","normal","Extreme","2",1,TRUE,0.460000000020955
"2790","Y=~y2",0.599579682027761,0.132863232562233,0.7,"LSAM",12055,8452829,300,"ordinal","uniform","normal","Extreme","2",1,TRUE,0.460000000020955
"2791","Y=~y3",0.68774737161149,0.155183391738194,0.9,"LSAM",12055,8452829,300,"ordinal","uniform","normal","Extreme","2",1,TRUE,0.460000000020955
"2792","Y~X",0.289705124677065,0.101038338716639,0.4,"LSAM",12055,8452829,300,"ordinal","uniform","normal","Extreme","2",1,TRUE,0.460000000020955
"2793","Y~Z",0.289464683720747,1.04061019243034,0.5,"LSAM",12055,8452829,300,"ordinal","uniform","normal","Extreme","2",1,TRUE,0.460000000020955
"2794","Y~X:Z",0.225048729218925,0.604720521070805,0.3,"LSAM",12055,8452829,300,"ordinal","uniform","normal","Extreme","2",1,TRUE,0.460000000020955
"2795","X~~Z",0.0433393066271932,0.143504122543396,0.2,"LSAM",12055,8452829,300,"ordinal","uniform","normal","Extreme","2",1,TRUE,0.460000000020955
"2796","X=~x1",0.356857900416836,0.0889716154876944,0.4,"MC-PLSc",12056,8342270,1000,"ordinal","uniform","normal","Extreme","2",1,TRUE,13.2599999999511
"2797","X=~x2",0.753253239001213,0.0702997649638809,0.8,"MC-PLSc",12056,8342270,1000,"ordinal","uniform","normal","Extreme","2",1,TRUE,13.2599999999511
"2798","X=~x3",0.837812326622755,0.0604872397595544,0.8,"MC-PLSc",12056,8342270,1000,"ordinal","uniform","normal","Extreme","2",1,TRUE,13.2599999999511
"2799","Z=~z1",0.648471123141767,0.0648598760975457,0.6,"MC-PLSc",12056,8342270,1000,"ordinal","uniform","normal","Extreme","2",1,TRUE,13.2599999999511
"2800","Z=~z2",0.73079904247933,0.0579903183113723,0.6,"MC-PLSc",12056,8342270,1000,"ordinal","uniform","normal","Extreme","2",1,TRUE,13.2599999999511
"2801","Z=~z3",0.821681710260328,0.0530127632056811,0.8,"MC-PLSc",12056,8342270,1000,"ordinal","uniform","normal","Extreme","2",1,TRUE,13.2599999999511
"2802","Y=~y1",0.402309096623681,0.0681158050165819,0.4,"MC-PLSc",12056,8342270,1000,"ordinal","uniform","normal","Extreme","2",1,TRUE,13.2599999999511
"2803","Y=~y2",0.720693349810381,0.0718447196655613,0.7,"MC-PLSc",12056,8342270,1000,"ordinal","uniform","normal","Extreme","2",1,TRUE,13.2599999999511
"2804","Y=~y3",0.925160481109018,0.0520749068334914,0.9,"MC-PLSc",12056,8342270,1000,"ordinal","uniform","normal","Extreme","2",1,TRUE,13.2599999999511
"2805","Y~X",0.385965016332248,0.0768364974226811,0.4,"MC-PLSc",12056,8342270,1000,"ordinal","uniform","normal","Extreme","2",1,TRUE,13.2599999999511
"2806","Y~Z",0.503219775686576,0.0730139474167599,0.5,"MC-PLSc",12056,8342270,1000,"ordinal","uniform","normal","Extreme","2",1,TRUE,13.2599999999511
"2807","Y~X:Z",0.0612492317107989,0.124261709458996,0.3,"MC-PLSc",12056,8342270,1000,"ordinal","uniform","normal","Extreme","2",1,TRUE,13.2599999999511
"2808","X~~Z",0.26651061826825,0.0686056038469198,0.2,"MC-PLSc",12056,8342270,1000,"ordinal","uniform","normal","Extreme","2",1,TRUE,13.2599999999511
"2809","X=~x1",0.240053881089801,0.0847806896407798,0.4,"PLSc",12056,8342270,1000,"ordinal","uniform","normal","Extreme","2",1,TRUE,1.35399999999208
"2810","X=~x2",0.56686248564739,0.0661084148978077,0.8,"PLSc",12056,8342270,1000,"ordinal","uniform","normal","Extreme","2",1,TRUE,1.35399999999208
"2811","X=~x3",0.662300906046284,0.069881719419536,0.8,"PLSc",12056,8342270,1000,"ordinal","uniform","normal","Extreme","2",1,TRUE,1.35399999999208
"2812","Z=~z1",0.503116849616283,0.0717367035952752,0.6,"PLSc",12056,8342270,1000,"ordinal","uniform","normal","Extreme","2",1,TRUE,1.35399999999208
"2813","Z=~z2",0.537587577202474,0.0701858977742805,0.6,"PLSc",12056,8342270,1000,"ordinal","uniform","normal","Extreme","2",1,TRUE,1.35399999999208
"2814","Z=~z3",0.619594619304265,0.0678009444448821,0.8,"PLSc",12056,8342270,1000,"ordinal","uniform","normal","Extreme","2",1,TRUE,1.35399999999208
"2815","Y=~y1",0.288604253437559,0.0623170906826743,0.4,"PLSc",12056,8342270,1000,"ordinal","uniform","normal","Extreme","2",1,TRUE,1.35399999999208
"2816","Y=~y2",0.537704786655484,0.056978535787456,0.7,"PLSc",12056,8342270,1000,"ordinal","uniform","normal","Extreme","2",1,TRUE,1.35399999999208
"2817","Y=~y3",0.762162510121395,0.0506283021979216,0.9,"PLSc",12056,8342270,1000,"ordinal","uniform","normal","Extreme","2",1,TRUE,1.35399999999208
"2818","Y~X",0.365958886582747,0.0652831603353477,0.4,"PLSc",12056,8342270,1000,"ordinal","uniform","normal","Extreme","2",1,TRUE,1.35399999999208
"2819","Y~Z",0.476240866476866,0.0771384097164663,0.5,"PLSc",12056,8342270,1000,"ordinal","uniform","normal","Extreme","2",1,TRUE,1.35399999999208
"2820","Y~X:Z",-0.00246320983592921,0.0681003558451396,0.3,"PLSc",12056,8342270,1000,"ordinal","uniform","normal","Extreme","2",1,TRUE,1.35399999999208
"2821","X~~Z",0.219772865422982,0.0647335675636142,0.2,"PLSc",12056,8342270,1000,"ordinal","uniform","normal","Extreme","2",1,TRUE,1.35399999999208
"2822","X=~x1",0.38223967196237,0.0869220029063094,0.4,"PLS",12056,8342270,1000,"ordinal","uniform","normal","Extreme","2",1,TRUE,0.957999999984168
"2823","X=~x2",0.784597856845783,0.0412746850225438,0.8,"PLS",12056,8342270,1000,"ordinal","uniform","normal","Extreme","2",1,TRUE,0.957999999984168
"2824","X=~x3",0.834997609822238,0.0357072209139088,0.8,"PLS",12056,8342270,1000,"ordinal","uniform","normal","Extreme","2",1,TRUE,0.957999999984168
"2825","Z=~z1",0.657591831833006,0.0562802757355344,0.6,"PLS",12056,8342270,1000,"ordinal","uniform","normal","Extreme","2",1,TRUE,0.957999999984168
"2826","Z=~z2",0.735309909854118,0.0437896536038484,0.6,"PLS",12056,8342270,1000,"ordinal","uniform","normal","Extreme","2",1,TRUE,0.957999999984168
"2827","Z=~z3",0.797186363508425,0.0330738268869828,0.8,"PLS",12056,8342270,1000,"ordinal","uniform","normal","Extreme","2",1,TRUE,0.957999999984168
"2828","Y=~y1",0.43743964747477,0.064894643132662,0.4,"PLS",12056,8342270,1000,"ordinal","uniform","normal","Extreme","2",1,TRUE,0.957999999984168
"2829","Y=~y2",0.762090435331422,0.036941114525724,0.7,"PLS",12056,8342270,1000,"ordinal","uniform","normal","Extreme","2",1,TRUE,0.957999999984168
"2830","Y=~y3",0.867966033932162,0.0191520880948193,0.9,"PLS",12056,8342270,1000,"ordinal","uniform","normal","Extreme","2",1,TRUE,0.957999999984168
"2831","Y~X",0.230662945180242,0.0332444068673353,0.4,"PLS",12056,8342270,1000,"ordinal","uniform","normal","Extreme","2",1,TRUE,0.957999999984168
"2832","Y~Z",0.294721524654757,0.0387807572666227,0.5,"PLS",12056,8342270,1000,"ordinal","uniform","normal","Extreme","2",1,TRUE,0.957999999984168
"2833","Y~X:Z",0.0560428485316041,0.0308024954246942,0.3,"PLS",12056,8342270,1000,"ordinal","uniform","normal","Extreme","2",1,TRUE,0.957999999984168
"2834","X~~Z",0.125173096409242,0.0371095494393607,0.2,"PLS",12056,8342270,1000,"ordinal","uniform","normal","Extreme","2",1,TRUE,0.957999999984168
"2835","X=~x1",0.362,0.064,0.4,"Mplus",12056,8342270,1000,"ordinal","uniform","normal","Extreme","2",1,TRUE,149.372999999963
"2836","X=~x2",0.767,0.064,0.8,"Mplus",12056,8342270,1000,"ordinal","uniform","normal","Extreme","2",1,TRUE,149.372999999963
"2837","X=~x3",0.807,0.067,0.8,"Mplus",12056,8342270,1000,"ordinal","uniform","normal","Extreme","2",1,TRUE,149.372999999963
"2838","Z=~z1",0.611,0.052,0.6,"Mplus",12056,8342270,1000,"ordinal","uniform","normal","Extreme","2",1,TRUE,149.372999999963
"2839","Z=~z2",0.748,0.049,0.6,"Mplus",12056,8342270,1000,"ordinal","uniform","normal","Extreme","2",1,TRUE,149.372999999963
"2840","Z=~z3",0.836,0.048,0.8,"Mplus",12056,8342270,1000,"ordinal","uniform","normal","Extreme","2",1,TRUE,149.372999999963
"2841","Y=~y1",0.39,0.059,0.4,"Mplus",12056,8342270,1000,"ordinal","uniform","normal","Extreme","2",1,TRUE,149.372999999963
"2842","Y=~y2",0.713,0.054,0.7,"Mplus",12056,8342270,1000,"ordinal","uniform","normal","Extreme","2",1,TRUE,149.372999999963
"2843","Y=~y3",0.912,0.047,0.9,"Mplus",12056,8342270,1000,"ordinal","uniform","normal","Extreme","2",1,TRUE,149.372999999963
"2844","Y~X",0.428,0.067,0.4,"Mplus",12056,8342270,1000,"ordinal","uniform","normal","Extreme","2",1,TRUE,149.372999999963
"2845","Y~Z",0.482,0.074,0.5,"Mplus",12056,8342270,1000,"ordinal","uniform","normal","Extreme","2",1,TRUE,149.372999999963
"2846","Y~X:Z",0.073,0.121,0.3,"Mplus",12056,8342270,1000,"ordinal","uniform","normal","Extreme","2",1,TRUE,149.372999999963
"2847","X~~Z",0.251,0.073,0.2,"Mplus",12056,8342270,1000,"ordinal","uniform","normal","Extreme","2",1,TRUE,149.372999999963
"2848","X=~x1",0.30557680810192,0.0415633793411857,0.4,"LSAM",12056,8342270,1000,"ordinal","uniform","normal","Extreme","2",1,TRUE,0.505999999993946
"2849","X=~x2",0.63036075544854,0.101656146455866,0.8,"LSAM",12056,8342270,1000,"ordinal","uniform","normal","Extreme","2",1,TRUE,0.505999999993946
"2850","X=~x3",0.578564774995252,0.0948071397462225,0.8,"LSAM",12056,8342270,1000,"ordinal","uniform","normal","Extreme","2",1,TRUE,0.505999999993946
"2851","Z=~z1",0.407763393926556,0.138717501735813,0.6,"LSAM",12056,8342270,1000,"ordinal","uniform","normal","Extreme","2",1,TRUE,0.505999999993946
"2852","Z=~z2",0.56705959793652,0.165865534132839,0.6,"LSAM",12056,8342270,1000,"ordinal","uniform","normal","Extreme","2",1,TRUE,0.505999999993946
"2853","Z=~z3",0.692219300128647,0.161638680641633,0.8,"LSAM",12056,8342270,1000,"ordinal","uniform","normal","Extreme","2",1,TRUE,0.505999999993946
"2854","Y=~y1",0.311495690457035,0.0175584975498129,0.4,"LSAM",12056,8342270,1000,"ordinal","uniform","normal","Extreme","2",1,TRUE,0.505999999993946
"2855","Y=~y2",0.661434872002386,0.0802935465876662,0.7,"LSAM",12056,8342270,1000,"ordinal","uniform","normal","Extreme","2",1,TRUE,0.505999999993946
"2856","Y=~y3",0.627925338775703,0.0758594193141572,0.9,"LSAM",12056,8342270,1000,"ordinal","uniform","normal","Extreme","2",1,TRUE,0.505999999993946
"2857","Y~X",0.359718774634918,0.0836392109798737,0.4,"LSAM",12056,8342270,1000,"ordinal","uniform","normal","Extreme","2",1,TRUE,0.505999999993946
"2858","Y~Z",0.459831209014754,0.199196743578861,0.5,"LSAM",12056,8342270,1000,"ordinal","uniform","normal","Extreme","2",1,TRUE,0.505999999993946
"2859","Y~X:Z",0.00271445352180628,0.107250090751427,0.3,"LSAM",12056,8342270,1000,"ordinal","uniform","normal","Extreme","2",1,TRUE,0.505999999993946
"2860","X~~Z",0.197783849925147,0.111072853195198,0.2,"LSAM",12056,8342270,1000,"ordinal","uniform","normal","Extreme","2",1,TRUE,0.505999999993946
"2861","X=~x1",0.452013942610734,0.0936999802691381,0.4,"MC-PLSc",12057,2229590,300,"ordinal","uniform","normal","Extreme","3",1,TRUE,15.9489999999641
"2862","X=~x2",0.74239163314948,0.0672929982238418,0.8,"MC-PLSc",12057,2229590,300,"ordinal","uniform","normal","Extreme","3",1,TRUE,15.9489999999641
"2863","X=~x3",0.756760926205836,0.0719304663128136,0.8,"MC-PLSc",12057,2229590,300,"ordinal","uniform","normal","Extreme","3",1,TRUE,15.9489999999641
"2864","Z=~z1",0.736149414990462,0.0811966611720548,0.6,"MC-PLSc",12057,2229590,300,"ordinal","uniform","normal","Extreme","3",1,TRUE,15.9489999999641
"2865","Z=~z2",0.574122039056509,0.0942657126127909,0.6,"MC-PLSc",12057,2229590,300,"ordinal","uniform","normal","Extreme","3",1,TRUE,15.9489999999641
"2866","Z=~z3",0.77936428201761,0.0902476353377779,0.8,"MC-PLSc",12057,2229590,300,"ordinal","uniform","normal","Extreme","3",1,TRUE,15.9489999999641
"2867","Y=~y1",0.264437938220562,0.0838610677017957,0.4,"MC-PLSc",12057,2229590,300,"ordinal","uniform","normal","Extreme","3",1,TRUE,15.9489999999641
"2868","Y=~y2",0.731505989712008,0.0634665485275669,0.7,"MC-PLSc",12057,2229590,300,"ordinal","uniform","normal","Extreme","3",1,TRUE,15.9489999999641
"2869","Y=~y3",0.952454932232493,0.0625418564803018,0.9,"MC-PLSc",12057,2229590,300,"ordinal","uniform","normal","Extreme","3",1,TRUE,15.9489999999641
"2870","Y~X",0.565715088945917,0.127691689239963,0.4,"MC-PLSc",12057,2229590,300,"ordinal","uniform","normal","Extreme","3",1,TRUE,15.9489999999641
"2871","Y~Z",0.102948248549387,0.151598993947054,0.5,"MC-PLSc",12057,2229590,300,"ordinal","uniform","normal","Extreme","3",1,TRUE,15.9489999999641
"2872","Y~X:Z",0.610764927554204,0.183134387132289,0.3,"MC-PLSc",12057,2229590,300,"ordinal","uniform","normal","Extreme","3",1,TRUE,15.9489999999641
"2873","X~~Z",0.339612096788516,0.111290187030001,0.2,"MC-PLSc",12057,2229590,300,"ordinal","uniform","normal","Extreme","3",1,TRUE,15.9489999999641
"2874","X=~x1",0.40155615824245,0.0834173758099721,0.4,"PLSc",12057,2229590,300,"ordinal","uniform","normal","Extreme","3",1,TRUE,1.47399999998743
"2875","X=~x2",0.617680902398116,0.085518094775657,0.8,"PLSc",12057,2229590,300,"ordinal","uniform","normal","Extreme","3",1,TRUE,1.47399999998743
"2876","X=~x3",0.616262936817986,0.0778471802016457,0.8,"PLSc",12057,2229590,300,"ordinal","uniform","normal","Extreme","3",1,TRUE,1.47399999998743
"2877","Z=~z1",0.661028071535688,0.105489179738785,0.6,"PLSc",12057,2229590,300,"ordinal","uniform","normal","Extreme","3",1,TRUE,1.47399999998743
"2878","Z=~z2",0.414135825106057,0.115426318050475,0.6,"PLSc",12057,2229590,300,"ordinal","uniform","normal","Extreme","3",1,TRUE,1.47399999998743
"2879","Z=~z3",0.667709580802238,0.115252336542799,0.8,"PLSc",12057,2229590,300,"ordinal","uniform","normal","Extreme","3",1,TRUE,1.47399999998743
"2880","Y=~y1",0.211477752395436,0.0920853798868503,0.4,"PLSc",12057,2229590,300,"ordinal","uniform","normal","Extreme","3",1,TRUE,1.47399999998743
"2881","Y=~y2",0.643525545077646,0.0729935455423078,0.7,"PLSc",12057,2229590,300,"ordinal","uniform","normal","Extreme","3",1,TRUE,1.47399999998743
"2882","Y=~y3",0.870820780029773,0.0656460738351935,0.9,"PLSc",12057,2229590,300,"ordinal","uniform","normal","Extreme","3",1,TRUE,1.47399999998743
"2883","Y~X",0.517373755338385,0.124362397171475,0.4,"PLSc",12057,2229590,300,"ordinal","uniform","normal","Extreme","3",1,TRUE,1.47399999998743
"2884","Y~Z",0.21807371258568,0.0959414946637659,0.5,"PLSc",12057,2229590,300,"ordinal","uniform","normal","Extreme","3",1,TRUE,1.47399999998743
"2885","Y~X:Z",0.229774210231043,0.122619133181523,0.3,"PLSc",12057,2229590,300,"ordinal","uniform","normal","Extreme","3",1,TRUE,1.47399999998743
"2886","X~~Z",0.306719351146042,0.10305818373814,0.2,"PLSc",12057,2229590,300,"ordinal","uniform","normal","Extreme","3",1,TRUE,1.47399999998743
"2887","X=~x1",0.524788671858086,0.0900615774974414,0.4,"PLS",12057,2229590,300,"ordinal","uniform","normal","Extreme","3",1,TRUE,0.941999999980908
"2888","X=~x2",0.80553557155384,0.0487103701069188,0.8,"PLS",12057,2229590,300,"ordinal","uniform","normal","Extreme","3",1,TRUE,0.941999999980908
"2889","X=~x3",0.809925153807525,0.040892657205677,0.8,"PLS",12057,2229590,300,"ordinal","uniform","normal","Extreme","3",1,TRUE,0.941999999980908
"2890","Z=~z1",0.783469256191365,0.0584499725815198,0.6,"PLS",12057,2229590,300,"ordinal","uniform","normal","Extreme","3",1,TRUE,0.941999999980908
"2891","Z=~z2",0.638161052500839,0.0821198217287038,0.6,"PLS",12057,2229590,300,"ordinal","uniform","normal","Extreme","3",1,TRUE,0.941999999980908
"2892","Z=~z3",0.807929372565299,0.0541640192019061,0.8,"PLS",12057,2229590,300,"ordinal","uniform","normal","Extreme","3",1,TRUE,0.941999999980908
"2893","Y=~y1",0.322929309064002,0.105287152018184,0.4,"PLS",12057,2229590,300,"ordinal","uniform","normal","Extreme","3",1,TRUE,0.941999999980908
"2894","Y=~y2",0.836747004266588,0.0403717356085069,0.7,"PLS",12057,2229590,300,"ordinal","uniform","normal","Extreme","3",1,TRUE,0.941999999980908
"2895","Y=~y3",0.906858779942386,0.0190910946092123,0.9,"PLS",12057,2229590,300,"ordinal","uniform","normal","Extreme","3",1,TRUE,0.941999999980908
"2896","Y~X",0.376039666036684,0.0593251013053992,0.4,"PLS",12057,2229590,300,"ordinal","uniform","normal","Extreme","3",1,TRUE,0.941999999980908
"2897","Y~Z",0.21630980272967,0.0487726109625289,0.5,"PLS",12057,2229590,300,"ordinal","uniform","normal","Extreme","3",1,TRUE,0.941999999980908
"2898","Y~X:Z",0.203360924168981,0.0455371816259621,0.3,"PLS",12057,2229590,300,"ordinal","uniform","normal","Extreme","3",1,TRUE,0.941999999980908
"2899","X~~Z",0.186950332187128,0.0628690370249275,0.2,"PLS",12057,2229590,300,"ordinal","uniform","normal","Extreme","3",1,TRUE,0.941999999980908
"2900","X=~x1",0.408,0.111,0.4,"Mplus",12057,2229590,300,"ordinal","uniform","normal","Extreme","3",1,TRUE,160.828000000038
"2901","X=~x2",0.752,0.068,0.8,"Mplus",12057,2229590,300,"ordinal","uniform","normal","Extreme","3",1,TRUE,160.828000000038
"2902","X=~x3",0.772,0.082,0.8,"Mplus",12057,2229590,300,"ordinal","uniform","normal","Extreme","3",1,TRUE,160.828000000038
"2903","Z=~z1",0.692,0.088,0.6,"Mplus",12057,2229590,300,"ordinal","uniform","normal","Extreme","3",1,TRUE,160.828000000038
"2904","Z=~z2",0.611,0.075,0.6,"Mplus",12057,2229590,300,"ordinal","uniform","normal","Extreme","3",1,TRUE,160.828000000038
"2905","Z=~z3",0.789,0.105,0.8,"Mplus",12057,2229590,300,"ordinal","uniform","normal","Extreme","3",1,TRUE,160.828000000038
"2906","Y=~y1",0.243,0.085,0.4,"Mplus",12057,2229590,300,"ordinal","uniform","normal","Extreme","3",1,TRUE,160.828000000038
"2907","Y=~y2",0.734,0.106,0.7,"Mplus",12057,2229590,300,"ordinal","uniform","normal","Extreme","3",1,TRUE,160.828000000038
"2908","Y=~y3",0.9,0.11,0.9,"Mplus",12057,2229590,300,"ordinal","uniform","normal","Extreme","3",1,TRUE,160.828000000038
"2909","Y~X",0.531,0.171,0.4,"Mplus",12057,2229590,300,"ordinal","uniform","normal","Extreme","3",1,TRUE,160.828000000038
"2910","Y~Z",0.262,0.126,0.5,"Mplus",12057,2229590,300,"ordinal","uniform","normal","Extreme","3",1,TRUE,160.828000000038
"2911","Y~X:Z",0.472,0.85,0.3,"Mplus",12057,2229590,300,"ordinal","uniform","normal","Extreme","3",1,TRUE,160.828000000038
"2912","X~~Z",0.317,0.133,0.2,"Mplus",12057,2229590,300,"ordinal","uniform","normal","Extreme","3",1,TRUE,160.828000000038
"2913","X=~x1",0.311143348051735,0.0662921044745895,0.4,"LSAM",12057,2229590,300,"ordinal","uniform","normal","Extreme","3",1,TRUE,0.592999999993481
"2914","X=~x2",0.650400933578922,0.152335263666415,0.8,"LSAM",12057,2229590,300,"ordinal","uniform","normal","Extreme","3",1,TRUE,0.592999999993481
"2915","X=~x3",0.696513502675807,0.158902562354065,0.8,"LSAM",12057,2229590,300,"ordinal","uniform","normal","Extreme","3",1,TRUE,0.592999999993481
"2916","Z=~z1",0.555723042648696,0.0859291129291455,0.6,"LSAM",12057,2229590,300,"ordinal","uniform","normal","Extreme","3",1,TRUE,0.592999999993481
"2917","Z=~z2",0.519799332039721,0.114555104630498,0.6,"LSAM",12057,2229590,300,"ordinal","uniform","normal","Extreme","3",1,TRUE,0.592999999993481
"2918","Z=~z3",0.686703330373825,0.127900480299734,0.8,"LSAM",12057,2229590,300,"ordinal","uniform","normal","Extreme","3",1,TRUE,0.592999999993481
"2919","Y=~y1",0.302592821754307,0.0252325004394857,0.4,"LSAM",12057,2229590,300,"ordinal","uniform","normal","Extreme","3",1,TRUE,0.592999999993481
"2920","Y=~y2",0.753552473281835,0.118186889698151,0.7,"LSAM",12057,2229590,300,"ordinal","uniform","normal","Extreme","3",1,TRUE,0.592999999993481
"2921","Y=~y3",0.735475614546779,0.11572978620275,0.9,"LSAM",12057,2229590,300,"ordinal","uniform","normal","Extreme","3",1,TRUE,0.592999999993481
"2922","Y~X",0.459290876219209,0.122530749869106,0.4,"LSAM",12057,2229590,300,"ordinal","uniform","normal","Extreme","3",1,TRUE,0.592999999993481
"2923","Y~Z",0.255466775654371,0.114089721041306,0.5,"LSAM",12057,2229590,300,"ordinal","uniform","normal","Extreme","3",1,TRUE,0.592999999993481
"2924","Y~X:Z",0.253473745565201,0.125258097187186,0.3,"LSAM",12057,2229590,300,"ordinal","uniform","normal","Extreme","3",1,TRUE,0.592999999993481
"2925","X~~Z",0.29730505042018,0.116359918679147,0.2,"LSAM",12057,2229590,300,"ordinal","uniform","normal","Extreme","3",1,TRUE,0.592999999993481
"2926","X=~x1",0.399890517369828,0.071640602810505,0.4,"MC-PLSc",12058,1430602,1000,"ordinal","uniform","normal","Extreme","3",1,TRUE,16.7770000000019
"2927","X=~x2",0.785078096774636,0.0489357977902011,0.8,"MC-PLSc",12058,1430602,1000,"ordinal","uniform","normal","Extreme","3",1,TRUE,16.7770000000019
"2928","X=~x3",0.767751420810204,0.0502176174078486,0.8,"MC-PLSc",12058,1430602,1000,"ordinal","uniform","normal","Extreme","3",1,TRUE,16.7770000000019
"2929","Z=~z1",0.630366298383966,0.0447303356871394,0.6,"MC-PLSc",12058,1430602,1000,"ordinal","uniform","normal","Extreme","3",1,TRUE,16.7770000000019
"2930","Z=~z2",0.625229086783431,0.0437439636697028,0.6,"MC-PLSc",12058,1430602,1000,"ordinal","uniform","normal","Extreme","3",1,TRUE,16.7770000000019
"2931","Z=~z3",0.76539364049122,0.0418899608573645,0.8,"MC-PLSc",12058,1430602,1000,"ordinal","uniform","normal","Extreme","3",1,TRUE,16.7770000000019
"2932","Y=~y1",0.377340332008668,0.0465504391336343,0.4,"MC-PLSc",12058,1430602,1000,"ordinal","uniform","normal","Extreme","3",1,TRUE,16.7770000000019
"2933","Y=~y2",0.666844462136304,0.0358208031838843,0.7,"MC-PLSc",12058,1430602,1000,"ordinal","uniform","normal","Extreme","3",1,TRUE,16.7770000000019
"2934","Y=~y3",0.9379127194165,0.0379263399845185,0.9,"MC-PLSc",12058,1430602,1000,"ordinal","uniform","normal","Extreme","3",1,TRUE,16.7770000000019
"2935","Y~X",0.277321272724264,0.0634504802438621,0.4,"MC-PLSc",12058,1430602,1000,"ordinal","uniform","normal","Extreme","3",1,TRUE,16.7770000000019
"2936","Y~Z",0.475399818055144,0.0693348643655765,0.5,"MC-PLSc",12058,1430602,1000,"ordinal","uniform","normal","Extreme","3",1,TRUE,16.7770000000019
"2937","Y~X:Z",0.391134678337213,0.0925981786571038,0.3,"MC-PLSc",12058,1430602,1000,"ordinal","uniform","normal","Extreme","3",1,TRUE,16.7770000000019
"2938","X~~Z",0.2383582584436,0.0596503850286905,0.2,"MC-PLSc",12058,1430602,1000,"ordinal","uniform","normal","Extreme","3",1,TRUE,16.7770000000019
"2939","X=~x1",0.36049014980742,0.070379255793612,0.4,"PLSc",12058,1430602,1000,"ordinal","uniform","normal","Extreme","3",1,TRUE,1.36900000000605
"2940","X=~x2",0.65651291639474,0.0581897914644769,0.8,"PLSc",12058,1430602,1000,"ordinal","uniform","normal","Extreme","3",1,TRUE,1.36900000000605
"2941","X=~x3",0.631631669428211,0.0582503809735273,0.8,"PLSc",12058,1430602,1000,"ordinal","uniform","normal","Extreme","3",1,TRUE,1.36900000000605
"2942","Z=~z1",0.50213582973483,0.0523463149347881,0.6,"PLSc",12058,1430602,1000,"ordinal","uniform","normal","Extreme","3",1,TRUE,1.36900000000605
"2943","Z=~z2",0.54003581639712,0.0567703948889447,0.6,"PLSc",12058,1430602,1000,"ordinal","uniform","normal","Extreme","3",1,TRUE,1.36900000000605
"2944","Z=~z3",0.65198891428335,0.0508985721561465,0.8,"PLSc",12058,1430602,1000,"ordinal","uniform","normal","Extreme","3",1,TRUE,1.36900000000605
"2945","Y=~y1",0.289455737999563,0.0573348089359001,0.4,"PLSc",12058,1430602,1000,"ordinal","uniform","normal","Extreme","3",1,TRUE,1.36900000000605
"2946","Y=~y2",0.585532718739815,0.0418692728342992,0.7,"PLSc",12058,1430602,1000,"ordinal","uniform","normal","Extreme","3",1,TRUE,1.36900000000605
"2947","Y=~y3",0.854515347256686,0.0387011182391555,0.9,"PLSc",12058,1430602,1000,"ordinal","uniform","normal","Extreme","3",1,TRUE,1.36900000000605
"2948","Y~X",0.302842330341931,0.0482707030793829,0.4,"PLSc",12058,1430602,1000,"ordinal","uniform","normal","Extreme","3",1,TRUE,1.36900000000605
"2949","Y~Z",0.44534117749783,0.0564722830598425,0.5,"PLSc",12058,1430602,1000,"ordinal","uniform","normal","Extreme","3",1,TRUE,1.36900000000605
"2950","Y~X:Z",0.194422546186638,0.0858072369170185,0.3,"PLSc",12058,1430602,1000,"ordinal","uniform","normal","Extreme","3",1,TRUE,1.36900000000605
"2951","X~~Z",0.216839610593165,0.0547373973468296,0.2,"PLSc",12058,1430602,1000,"ordinal","uniform","normal","Extreme","3",1,TRUE,1.36900000000605
"2952","X=~x1",0.470225152583748,0.0671030474567907,0.4,"PLS",12058,1430602,1000,"ordinal","uniform","normal","Extreme","3",1,TRUE,0.945999999996275
"2953","X=~x2",0.829764753936313,0.0260549528408273,0.8,"PLS",12058,1430602,1000,"ordinal","uniform","normal","Extreme","3",1,TRUE,0.945999999996275
"2954","X=~x3",0.82078722423333,0.0260795065806485,0.8,"PLS",12058,1430602,1000,"ordinal","uniform","normal","Extreme","3",1,TRUE,0.945999999996275
"2955","Z=~z1",0.70296207536703,0.0348284032183172,0.6,"PLS",12058,1430602,1000,"ordinal","uniform","normal","Extreme","3",1,TRUE,0.945999999996275
"2956","Z=~z2",0.701568635347779,0.0391363893160755,0.6,"PLS",12058,1430602,1000,"ordinal","uniform","normal","Extreme","3",1,TRUE,0.945999999996275
"2957","Z=~z3",0.804351062415689,0.0240497496852397,0.8,"PLS",12058,1430602,1000,"ordinal","uniform","normal","Extreme","3",1,TRUE,0.945999999996275
"2958","Y=~y1",0.468529870885941,0.0541658838311799,0.4,"PLS",12058,1430602,1000,"ordinal","uniform","normal","Extreme","3",1,TRUE,0.945999999996275
"2959","Y=~y2",0.780702723161715,0.0252351614571496,0.7,"PLS",12058,1430602,1000,"ordinal","uniform","normal","Extreme","3",1,TRUE,0.945999999996275
"2960","Y=~y3",0.892595780924872,0.0114026584179547,0.9,"PLS",12058,1430602,1000,"ordinal","uniform","normal","Extreme","3",1,TRUE,0.945999999996275
"2961","Y~X",0.244079916480216,0.0283975336559116,0.4,"PLS",12058,1430602,1000,"ordinal","uniform","normal","Extreme","3",1,TRUE,0.945999999996275
"2962","Y~Z",0.31981317681787,0.0330241363162437,0.5,"PLS",12058,1430602,1000,"ordinal","uniform","normal","Extreme","3",1,TRUE,0.945999999996275
"2963","Y~X:Z",0.154475810480696,0.0293283330702556,0.3,"PLS",12058,1430602,1000,"ordinal","uniform","normal","Extreme","3",1,TRUE,0.945999999996275
"2964","X~~Z",0.130225165969398,0.0335110570533178,0.2,"PLS",12058,1430602,1000,"ordinal","uniform","normal","Extreme","3",1,TRUE,0.945999999996275
"2965","X=~x1",0.316,0.047,0.4,"Mplus",12058,1430602,1000,"ordinal","uniform","normal","Extreme","3",1,TRUE,382.23199999996
"2966","X=~x2",0.79,0.046,0.8,"Mplus",12058,1430602,1000,"ordinal","uniform","normal","Extreme","3",1,TRUE,382.23199999996
"2967","X=~x3",0.788,0.044,0.8,"Mplus",12058,1430602,1000,"ordinal","uniform","normal","Extreme","3",1,TRUE,382.23199999996
"2968","Z=~z1",0.639,0.041,0.6,"Mplus",12058,1430602,1000,"ordinal","uniform","normal","Extreme","3",1,TRUE,382.23199999996
"2969","Z=~z2",0.581,0.043,0.6,"Mplus",12058,1430602,1000,"ordinal","uniform","normal","Extreme","3",1,TRUE,382.23199999996
"2970","Z=~z3",0.773,0.04,0.8,"Mplus",12058,1430602,1000,"ordinal","uniform","normal","Extreme","3",1,TRUE,382.23199999996
"2971","Y=~y1",0.381,0.043,0.4,"Mplus",12058,1430602,1000,"ordinal","uniform","normal","Extreme","3",1,TRUE,382.23199999996
"2972","Y=~y2",0.663,0.037,0.7,"Mplus",12058,1430602,1000,"ordinal","uniform","normal","Extreme","3",1,TRUE,382.23199999996
"2973","Y=~y3",0.923,0.034,0.9,"Mplus",12058,1430602,1000,"ordinal","uniform","normal","Extreme","3",1,TRUE,382.23199999996
"2974","Y~X",0.328,0.059,0.4,"Mplus",12058,1430602,1000,"ordinal","uniform","normal","Extreme","3",1,TRUE,382.23199999996
"2975","Y~Z",0.488,0.057,0.5,"Mplus",12058,1430602,1000,"ordinal","uniform","normal","Extreme","3",1,TRUE,382.23199999996
"2976","Y~X:Z",0.26,0.086,0.3,"Mplus",12058,1430602,1000,"ordinal","uniform","normal","Extreme","3",1,TRUE,382.23199999996
"2977","X~~Z",0.231,0.056,0.2,"Mplus",12058,1430602,1000,"ordinal","uniform","normal","Extreme","3",1,TRUE,382.23199999996
"2978","X=~x1",0.306837874582787,0.035398934486037,0.4,"LSAM",12058,1430602,1000,"ordinal","uniform","normal","Extreme","3",1,TRUE,0.445999999996275
"2979","X=~x2",0.682117584475989,0.0824266676595492,0.8,"LSAM",12058,1430602,1000,"ordinal","uniform","normal","Extreme","3",1,TRUE,0.445999999996275
"2980","X=~x3",0.696717710631531,0.0834040868569346,0.8,"LSAM",12058,1430602,1000,"ordinal","uniform","normal","Extreme","3",1,TRUE,0.445999999996275
"2981","Z=~z1",0.54652625924752,0.0434126600540836,0.6,"LSAM",12058,1430602,1000,"ordinal","uniform","normal","Extreme","3",1,TRUE,0.445999999996275
"2982","Z=~z2",0.478727444326465,0.0608164254707267,0.6,"LSAM",12058,1430602,1000,"ordinal","uniform","normal","Extreme","3",1,TRUE,0.445999999996275
"2983","Z=~z3",0.672664138561084,0.0737520033305189,0.8,"LSAM",12058,1430602,1000,"ordinal","uniform","normal","Extreme","3",1,TRUE,0.445999999996275
"2984","Y=~y1",0.339617057321199,0.0140261791602148,0.4,"LSAM",12058,1430602,1000,"ordinal","uniform","normal","Extreme","3",1,TRUE,0.445999999996275
"2985","Y=~y2",0.635362548370393,0.0597409549442322,0.7,"LSAM",12058,1430602,1000,"ordinal","uniform","normal","Extreme","3",1,TRUE,0.445999999996275
"2986","Y=~y3",0.755603114664284,0.0707143405059654,0.9,"LSAM",12058,1430602,1000,"ordinal","uniform","normal","Extreme","3",1,TRUE,0.445999999996275
"2987","Y~X",0.301017601913329,0.0516145062925812,0.4,"LSAM",12058,1430602,1000,"ordinal","uniform","normal","Extreme","3",1,TRUE,0.445999999996275
"2988","Y~Z",0.469464464231336,0.0748250038898196,0.5,"LSAM",12058,1430602,1000,"ordinal","uniform","normal","Extreme","3",1,TRUE,0.445999999996275
"2989","Y~X:Z",0.208468009864351,0.0658255258049712,0.3,"LSAM",12058,1430602,1000,"ordinal","uniform","normal","Extreme","3",1,TRUE,0.445999999996275
"2990","X~~Z",0.20794212558621,0.054584885776437,0.2,"LSAM",12058,1430602,1000,"ordinal","uniform","normal","Extreme","3",1,TRUE,0.445999999996275
"2991","X=~x1",0.259774578871983,0.0837189471535322,0.4,"MC-PLSc",12059,1827087,300,"ordinal","uniform","normal","Extreme","5",1,TRUE,16.911999999953
"2992","X=~x2",0.783799244928443,0.054501638821099,0.8,"MC-PLSc",12059,1827087,300,"ordinal","uniform","normal","Extreme","5",1,TRUE,16.911999999953
"2993","X=~x3",0.907396505711553,0.059484075030989,0.8,"MC-PLSc",12059,1827087,300,"ordinal","uniform","normal","Extreme","5",1,TRUE,16.911999999953
"2994","Z=~z1",0.550630754180691,0.0792824648529111,0.6,"MC-PLSc",12059,1827087,300,"ordinal","uniform","normal","Extreme","5",1,TRUE,16.911999999953
"2995","Z=~z2",0.677235382272412,0.0621970927226191,0.6,"MC-PLSc",12059,1827087,300,"ordinal","uniform","normal","Extreme","5",1,TRUE,16.911999999953
"2996","Z=~z3",0.870657260051394,0.067957466200115,0.8,"MC-PLSc",12059,1827087,300,"ordinal","uniform","normal","Extreme","5",1,TRUE,16.911999999953
"2997","Y=~y1",0.335926498937642,0.068831786078421,0.4,"MC-PLSc",12059,1827087,300,"ordinal","uniform","normal","Extreme","5",1,TRUE,16.911999999953
"2998","Y=~y2",0.706307915472705,0.0537531719863792,0.7,"MC-PLSc",12059,1827087,300,"ordinal","uniform","normal","Extreme","5",1,TRUE,16.911999999953
"2999","Y=~y3",0.907180974678609,0.0529325024939777,0.9,"MC-PLSc",12059,1827087,300,"ordinal","uniform","normal","Extreme","5",1,TRUE,16.911999999953
"3000","Y~X",0.442625746208817,0.0775281832921481,0.4,"MC-PLSc",12059,1827087,300,"ordinal","uniform","normal","Extreme","5",1,TRUE,16.911999999953
"3001","Y~Z",0.406022283644718,0.0886018560421802,0.5,"MC-PLSc",12059,1827087,300,"ordinal","uniform","normal","Extreme","5",1,TRUE,16.911999999953
"3002","Y~X:Z",0.350512177267335,0.107894342743784,0.3,"MC-PLSc",12059,1827087,300,"ordinal","uniform","normal","Extreme","5",1,TRUE,16.911999999953
"3003","X~~Z",0.284566348015762,0.0854304181836611,0.2,"MC-PLSc",12059,1827087,300,"ordinal","uniform","normal","Extreme","5",1,TRUE,16.911999999953
"3004","X=~x1",0.322131563755132,0.108302140745431,0.4,"PLSc",12059,1827087,300,"ordinal","uniform","normal","Extreme","5",1,TRUE,1.29000000003725
"3005","X=~x2",0.645733994815887,0.0759820600401149,0.8,"PLSc",12059,1827087,300,"ordinal","uniform","normal","Extreme","5",1,TRUE,1.29000000003725
"3006","X=~x3",0.844388450637292,0.0734234281062304,0.8,"PLSc",12059,1827087,300,"ordinal","uniform","normal","Extreme","5",1,TRUE,1.29000000003725
"3007","Z=~z1",0.393951099951239,0.0995622280519701,0.6,"PLSc",12059,1827087,300,"ordinal","uniform","normal","Extreme","5",1,TRUE,1.29000000003725
"3008","Z=~z2",0.632773303702133,0.0766640551225746,0.6,"PLSc",12059,1827087,300,"ordinal","uniform","normal","Extreme","5",1,TRUE,1.29000000003725
"3009","Z=~z3",0.869831612010428,0.085819324543138,0.8,"PLSc",12059,1827087,300,"ordinal","uniform","normal","Extreme","5",1,TRUE,1.29000000003725
"3010","Y=~y1",0.308132708677779,0.0904977284942017,0.4,"PLSc",12059,1827087,300,"ordinal","uniform","normal","Extreme","5",1,TRUE,1.29000000003725
"3011","Y=~y2",0.656550565147571,0.0563878829389297,0.7,"PLSc",12059,1827087,300,"ordinal","uniform","normal","Extreme","5",1,TRUE,1.29000000003725
"3012","Y=~y3",0.858849635810835,0.0576286511578954,0.9,"PLSc",12059,1827087,300,"ordinal","uniform","normal","Extreme","5",1,TRUE,1.29000000003725
"3013","Y~X",0.44016396220925,0.0719421682287077,0.4,"PLSc",12059,1827087,300,"ordinal","uniform","normal","Extreme","5",1,TRUE,1.29000000003725
"3014","Y~Z",0.393684527578971,0.088719736513356,0.5,"PLSc",12059,1827087,300,"ordinal","uniform","normal","Extreme","5",1,TRUE,1.29000000003725
"3015","Y~X:Z",0.22218645850956,0.103676044514853,0.3,"PLSc",12059,1827087,300,"ordinal","uniform","normal","Extreme","5",1,TRUE,1.29000000003725
"3016","X~~Z",0.258723316243317,0.0775148540220677,0.2,"PLSc",12059,1827087,300,"ordinal","uniform","normal","Extreme","5",1,TRUE,1.29000000003725
"3017","X=~x1",0.339788162675502,0.112110590609448,0.4,"PLS",12059,1827087,300,"ordinal","uniform","normal","Extreme","5",1,TRUE,0.877000000036787
"3018","X=~x2",0.868067143271326,0.0284316464492596,0.8,"PLS",12059,1827087,300,"ordinal","uniform","normal","Extreme","5",1,TRUE,0.877000000036787
"3019","X=~x3",0.907475280583917,0.0211517166794995,0.8,"PLS",12059,1827087,300,"ordinal","uniform","normal","Extreme","5",1,TRUE,0.877000000036787
"3020","Z=~z1",0.666377812645185,0.0603190680760878,0.6,"PLS",12059,1827087,300,"ordinal","uniform","normal","Extreme","5",1,TRUE,0.877000000036787
"3021","Z=~z2",0.775713780721954,0.041630783349466,0.6,"PLS",12059,1827087,300,"ordinal","uniform","normal","Extreme","5",1,TRUE,0.877000000036787
"3022","Z=~z3",0.868763825152612,0.028373150360997,0.8,"PLS",12059,1827087,300,"ordinal","uniform","normal","Extreme","5",1,TRUE,0.877000000036787
"3023","Y=~y1",0.452985917384328,0.0886610337129589,0.4,"PLS",12059,1827087,300,"ordinal","uniform","normal","Extreme","5",1,TRUE,0.877000000036787
"3024","Y=~y2",0.829456244005106,0.0309482812980363,0.7,"PLS",12059,1827087,300,"ordinal","uniform","normal","Extreme","5",1,TRUE,0.877000000036787
"3025","Y=~y3",0.899302871899205,0.0164517898311225,0.9,"PLS",12059,1827087,300,"ordinal","uniform","normal","Extreme","5",1,TRUE,0.877000000036787
"3026","Y~X",0.35636785099186,0.0484225673227991,0.4,"PLS",12059,1827087,300,"ordinal","uniform","normal","Extreme","5",1,TRUE,0.877000000036787
"3027","Y~Z",0.321736749045107,0.0516083415921204,0.5,"PLS",12059,1827087,300,"ordinal","uniform","normal","Extreme","5",1,TRUE,0.877000000036787
"3028","Y~X:Z",0.17543724832385,0.0410412890526364,0.3,"PLS",12059,1827087,300,"ordinal","uniform","normal","Extreme","5",1,TRUE,0.877000000036787
"3029","X~~Z",0.193251479517587,0.0569631816497263,0.2,"PLS",12059,1827087,300,"ordinal","uniform","normal","Extreme","5",1,TRUE,0.877000000036787
"3030","X=~x1",0.144,0.052,0.4,"Mplus",12059,1827087,300,"ordinal","uniform","normal","Extreme","5",1,TRUE,180.466000000015
"3031","X=~x2",0.741,0.054,0.8,"Mplus",12059,1827087,300,"ordinal","uniform","normal","Extreme","5",1,TRUE,180.466000000015
"3032","X=~x3",0.938,0.049,0.8,"Mplus",12059,1827087,300,"ordinal","uniform","normal","Extreme","5",1,TRUE,180.466000000015
"3033","Z=~z1",0.625,0.063,0.6,"Mplus",12059,1827087,300,"ordinal","uniform","normal","Extreme","5",1,TRUE,180.466000000015
"3034","Z=~z2",0.66,0.07,0.6,"Mplus",12059,1827087,300,"ordinal","uniform","normal","Extreme","5",1,TRUE,180.466000000015
"3035","Z=~z3",0.814,0.062,0.8,"Mplus",12059,1827087,300,"ordinal","uniform","normal","Extreme","5",1,TRUE,180.466000000015
"3036","Y=~y1",0.321,0.063,0.4,"Mplus",12059,1827087,300,"ordinal","uniform","normal","Extreme","5",1,TRUE,180.466000000015
"3037","Y=~y2",0.695,0.051,0.7,"Mplus",12059,1827087,300,"ordinal","uniform","normal","Extreme","5",1,TRUE,180.466000000015
"3038","Y=~y3",0.897,0.048,0.9,"Mplus",12059,1827087,300,"ordinal","uniform","normal","Extreme","5",1,TRUE,180.466000000015
"3039","Y~X",0.442,0.072,0.4,"Mplus",12059,1827087,300,"ordinal","uniform","normal","Extreme","5",1,TRUE,180.466000000015
"3040","Y~Z",0.437,0.08,0.5,"Mplus",12059,1827087,300,"ordinal","uniform","normal","Extreme","5",1,TRUE,180.466000000015
"3041","Y~X:Z",0.217,0.088,0.3,"Mplus",12059,1827087,300,"ordinal","uniform","normal","Extreme","5",1,TRUE,180.466000000015
"3042","X~~Z",0.297,0.078,0.2,"Mplus",12059,1827087,300,"ordinal","uniform","normal","Extreme","5",1,TRUE,180.466000000015
"3043","X=~x1",0.29421413298044,0.0578553856984408,0.4,"LSAM",12059,1827087,300,"ordinal","uniform","normal","Extreme","5",1,TRUE,0.402000000001863
"3044","X=~x2",0.859025381842826,0.112541271555677,0.8,"LSAM",12059,1827087,300,"ordinal","uniform","normal","Extreme","5",1,TRUE,0.402000000001863
"3045","X=~x3",0.761481893133617,0.114881502430992,0.8,"LSAM",12059,1827087,300,"ordinal","uniform","normal","Extreme","5",1,TRUE,0.402000000001863
"3046","Z=~z1",0.612056464103242,0.0564745153501223,0.6,"LSAM",12059,1827087,300,"ordinal","uniform","normal","Extreme","5",1,TRUE,0.402000000001863
"3047","Z=~z2",0.647310466165145,0.0868737929925377,0.6,"LSAM",12059,1827087,300,"ordinal","uniform","normal","Extreme","5",1,TRUE,0.402000000001863
"3048","Z=~z3",0.677980144495573,0.0877556737121735,0.8,"LSAM",12059,1827087,300,"ordinal","uniform","normal","Extreme","5",1,TRUE,0.402000000001863
"3049","Y=~y1",0.314386525875926,0.0213173360803959,0.4,"LSAM",12059,1827087,300,"ordinal","uniform","normal","Extreme","5",1,TRUE,0.402000000001863
"3050","Y=~y2",0.683404171928963,0.101576502168762,0.7,"LSAM",12059,1827087,300,"ordinal","uniform","normal","Extreme","5",1,TRUE,0.402000000001863
"3051","Y=~y3",0.830296465735383,0.119634054472965,0.9,"LSAM",12059,1827087,300,"ordinal","uniform","normal","Extreme","5",1,TRUE,0.402000000001863
"3052","Y~X",0.383007575961904,0.0755863496904314,0.4,"LSAM",12059,1827087,300,"ordinal","uniform","normal","Extreme","5",1,TRUE,0.402000000001863
"3053","Y~Z",0.429785304935807,0.0957905787446812,0.5,"LSAM",12059,1827087,300,"ordinal","uniform","normal","Extreme","5",1,TRUE,0.402000000001863
"3054","Y~X:Z",0.229908164672079,0.0718559935037169,0.3,"LSAM",12059,1827087,300,"ordinal","uniform","normal","Extreme","5",1,TRUE,0.402000000001863
"3055","X~~Z",0.244721911564213,0.0801400441535728,0.2,"LSAM",12059,1827087,300,"ordinal","uniform","normal","Extreme","5",1,TRUE,0.402000000001863
"3056","X=~x1",0.419257671854318,0.040344185641222,0.4,"MC-PLSc",12060,2573751,1000,"ordinal","uniform","normal","Extreme","5",1,TRUE,20.1930000000284
"3057","X=~x2",0.83906721209293,0.0319725243165561,0.8,"MC-PLSc",12060,2573751,1000,"ordinal","uniform","normal","Extreme","5",1,TRUE,20.1930000000284
"3058","X=~x3",0.812238784094448,0.0325823379917811,0.8,"MC-PLSc",12060,2573751,1000,"ordinal","uniform","normal","Extreme","5",1,TRUE,20.1930000000284
"3059","Z=~z1",0.669620328364742,0.0343008622659046,0.6,"MC-PLSc",12060,2573751,1000,"ordinal","uniform","normal","Extreme","5",1,TRUE,20.1930000000284
"3060","Z=~z2",0.586264358836227,0.0358416960267588,0.6,"MC-PLSc",12060,2573751,1000,"ordinal","uniform","normal","Extreme","5",1,TRUE,20.1930000000284
"3061","Z=~z3",0.775176731537632,0.0302766513837489,0.8,"MC-PLSc",12060,2573751,1000,"ordinal","uniform","normal","Extreme","5",1,TRUE,20.1930000000284
"3062","Y=~y1",0.399076501540144,0.0351864170756089,0.4,"MC-PLSc",12060,2573751,1000,"ordinal","uniform","normal","Extreme","5",1,TRUE,20.1930000000284
"3063","Y=~y2",0.685796377692323,0.0276352323648764,0.7,"MC-PLSc",12060,2573751,1000,"ordinal","uniform","normal","Extreme","5",1,TRUE,20.1930000000284
"3064","Y=~y3",0.93105792913749,0.0253887547837677,0.9,"MC-PLSc",12060,2573751,1000,"ordinal","uniform","normal","Extreme","5",1,TRUE,20.1930000000284
"3065","Y~X",0.353789226289464,0.0486593183648197,0.4,"MC-PLSc",12060,2573751,1000,"ordinal","uniform","normal","Extreme","5",1,TRUE,20.1930000000284
"3066","Y~Z",0.574264279275237,0.0438540604889517,0.5,"MC-PLSc",12060,2573751,1000,"ordinal","uniform","normal","Extreme","5",1,TRUE,20.1930000000284
"3067","Y~X:Z",0.344167995510893,0.0857812160426531,0.3,"MC-PLSc",12060,2573751,1000,"ordinal","uniform","normal","Extreme","5",1,TRUE,20.1930000000284
"3068","X~~Z",0.226220321324363,0.046173672710721,0.2,"MC-PLSc",12060,2573751,1000,"ordinal","uniform","normal","Extreme","5",1,TRUE,20.1930000000284
"3069","X=~x1",0.394902277467845,0.063523552886751,0.4,"PLSc",12060,2573751,1000,"ordinal","uniform","normal","Extreme","5",1,TRUE,1.36999999999534
"3070","X=~x2",0.747735031776968,0.0449943208884842,0.8,"PLSc",12060,2573751,1000,"ordinal","uniform","normal","Extreme","5",1,TRUE,1.36999999999534
"3071","X=~x3",0.757813401970605,0.0499363518901242,0.8,"PLSc",12060,2573751,1000,"ordinal","uniform","normal","Extreme","5",1,TRUE,1.36999999999534
"3072","Z=~z1",0.619191351484916,0.0381557464696497,0.6,"PLSc",12060,2573751,1000,"ordinal","uniform","normal","Extreme","5",1,TRUE,1.36999999999534
"3073","Z=~z2",0.505985833438297,0.0437145390040438,0.6,"PLSc",12060,2573751,1000,"ordinal","uniform","normal","Extreme","5",1,TRUE,1.36999999999534
"3074","Z=~z3",0.715517705201421,0.0374093301310337,0.8,"PLSc",12060,2573751,1000,"ordinal","uniform","normal","Extreme","5",1,TRUE,1.36999999999534
"3075","Y=~y1",0.367929123487809,0.0444901534290169,0.4,"PLSc",12060,2573751,1000,"ordinal","uniform","normal","Extreme","5",1,TRUE,1.36999999999534
"3076","Y=~y2",0.647281694786107,0.0325370665356371,0.7,"PLSc",12060,2573751,1000,"ordinal","uniform","normal","Extreme","5",1,TRUE,1.36999999999534
"3077","Y=~y3",0.870271148505085,0.0286492235951058,0.9,"PLSc",12060,2573751,1000,"ordinal","uniform","normal","Extreme","5",1,TRUE,1.36999999999534
"3078","Y~X",0.378291379550894,0.0386577961441851,0.4,"PLSc",12060,2573751,1000,"ordinal","uniform","normal","Extreme","5",1,TRUE,1.36999999999534
"3079","Y~Z",0.549702441125506,0.0404385481821628,0.5,"PLSc",12060,2573751,1000,"ordinal","uniform","normal","Extreme","5",1,TRUE,1.36999999999534
"3080","Y~X:Z",0.234988959720076,0.0615040051826418,0.3,"PLSc",12060,2573751,1000,"ordinal","uniform","normal","Extreme","5",1,TRUE,1.36999999999534
"3081","X~~Z",0.211956324543895,0.0461679980148165,0.2,"PLSc",12060,2573751,1000,"ordinal","uniform","normal","Extreme","5",1,TRUE,1.36999999999534
"3082","X=~x1",0.521569736042117,0.0485648208614604,0.4,"PLS",12060,2573751,1000,"ordinal","uniform","normal","Extreme","5",1,TRUE,0.934999999997672
"3083","X=~x2",0.871336192966445,0.0143438661552992,0.8,"PLS",12060,2573751,1000,"ordinal","uniform","normal","Extreme","5",1,TRUE,0.934999999997672
"3084","X=~x3",0.863175341749456,0.0171174733239505,0.8,"PLS",12060,2573751,1000,"ordinal","uniform","normal","Extreme","5",1,TRUE,0.934999999997672
"3085","Z=~z1",0.76229672020523,0.0218926911826327,0.6,"PLS",12060,2573751,1000,"ordinal","uniform","normal","Extreme","5",1,TRUE,0.934999999997672
"3086","Z=~z2",0.693783218286229,0.029025945555226,0.6,"PLS",12060,2573751,1000,"ordinal","uniform","normal","Extreme","5",1,TRUE,0.934999999997672
"3087","Z=~z3",0.827398131321512,0.0156955316846027,0.8,"PLS",12060,2573751,1000,"ordinal","uniform","normal","Extreme","5",1,TRUE,0.934999999997672
"3088","Y=~y1",0.526305753443614,0.0424126239843935,0.4,"PLS",12060,2573751,1000,"ordinal","uniform","normal","Extreme","5",1,TRUE,0.934999999997672
"3089","Y=~y2",0.813504770646292,0.0179233668475157,0.7,"PLS",12060,2573751,1000,"ordinal","uniform","normal","Extreme","5",1,TRUE,0.934999999997672
"3090","Y=~y3",0.901706996043688,0.00785583342406842,0.9,"PLS",12060,2573751,1000,"ordinal","uniform","normal","Extreme","5",1,TRUE,0.934999999997672
"3091","Y~X",0.313952383453385,0.0245910536851831,0.4,"PLS",12060,2573751,1000,"ordinal","uniform","normal","Extreme","5",1,TRUE,0.934999999997672
"3092","Y~Z",0.409946166545832,0.0259712761864634,0.5,"PLS",12060,2573751,1000,"ordinal","uniform","normal","Extreme","5",1,TRUE,0.934999999997672
"3093","Y~X:Z",0.167654761647371,0.0277209977388841,0.3,"PLS",12060,2573751,1000,"ordinal","uniform","normal","Extreme","5",1,TRUE,0.934999999997672
"3094","X~~Z",0.14709969333092,0.0323088647948504,0.2,"PLS",12060,2573751,1000,"ordinal","uniform","normal","Extreme","5",1,TRUE,0.934999999997672
"3095","X=~x1",0.386,0.034,0.4,"Mplus",12060,2573751,1000,"ordinal","uniform","normal","Extreme","5",1,TRUE,535.809999999998
"3096","X=~x2",0.826,0.026,0.8,"Mplus",12060,2573751,1000,"ordinal","uniform","normal","Extreme","5",1,TRUE,535.809999999998
"3097","X=~x3",0.818,0.026,0.8,"Mplus",12060,2573751,1000,"ordinal","uniform","normal","Extreme","5",1,TRUE,535.809999999998
"3098","Z=~z1",0.63,0.033,0.6,"Mplus",12060,2573751,1000,"ordinal","uniform","normal","Extreme","5",1,TRUE,535.809999999998
"3099","Z=~z2",0.561,0.034,0.6,"Mplus",12060,2573751,1000,"ordinal","uniform","normal","Extreme","5",1,TRUE,535.809999999998
"3100","Z=~z3",0.766,0.029,0.8,"Mplus",12060,2573751,1000,"ordinal","uniform","normal","Extreme","5",1,TRUE,535.809999999998
"3101","Y=~y1",0.374,0.036,0.4,"Mplus",12060,2573751,1000,"ordinal","uniform","normal","Extreme","5",1,TRUE,535.809999999998
"3102","Y=~y2",0.669,0.028,0.7,"Mplus",12060,2573751,1000,"ordinal","uniform","normal","Extreme","5",1,TRUE,535.809999999998
"3103","Y=~y3",0.91,0.024,0.9,"Mplus",12060,2573751,1000,"ordinal","uniform","normal","Extreme","5",1,TRUE,535.809999999998
"3104","Y~X",0.39,0.041,0.4,"Mplus",12060,2573751,1000,"ordinal","uniform","normal","Extreme","5",1,TRUE,535.809999999998
"3105","Y~Z",0.558,0.041,0.5,"Mplus",12060,2573751,1000,"ordinal","uniform","normal","Extreme","5",1,TRUE,535.809999999998
"3106","Y~X:Z",0.373,0.052,0.3,"Mplus",12060,2573751,1000,"ordinal","uniform","normal","Extreme","5",1,TRUE,535.809999999998
"3107","X~~Z",0.224,0.047,0.2,"Mplus",12060,2573751,1000,"ordinal","uniform","normal","Extreme","5",1,TRUE,535.809999999998
"3108","X=~x1",0.335352641165892,0.0335242053705407,0.4,"LSAM",12060,2573751,1000,"ordinal","uniform","normal","Extreme","5",1,TRUE,0.489999999990687
"3109","X=~x2",0.841451708790979,0.0620988229312136,0.8,"LSAM",12060,2573751,1000,"ordinal","uniform","normal","Extreme","5",1,TRUE,0.489999999990687
"3110","X=~x3",0.71818850058777,0.0623314671848635,0.8,"LSAM",12060,2573751,1000,"ordinal","uniform","normal","Extreme","5",1,TRUE,0.489999999990687
"3111","Z=~z1",0.583905576447918,0.0322013212741511,0.6,"LSAM",12060,2573751,1000,"ordinal","uniform","normal","Extreme","5",1,TRUE,0.489999999990687
"3112","Z=~z2",0.545196745443365,0.0499202883515757,0.6,"LSAM",12060,2573751,1000,"ordinal","uniform","normal","Extreme","5",1,TRUE,0.489999999990687
"3113","Z=~z3",0.714309155172202,0.0560157993407349,0.8,"LSAM",12060,2573751,1000,"ordinal","uniform","normal","Extreme","5",1,TRUE,0.489999999990687
"3114","Y=~y1",0.35473351825528,0.0122489202370311,0.4,"LSAM",12060,2573751,1000,"ordinal","uniform","normal","Extreme","5",1,TRUE,0.489999999990687
"3115","Y=~y2",0.626934730394026,0.0454980730757209,0.7,"LSAM",12060,2573751,1000,"ordinal","uniform","normal","Extreme","5",1,TRUE,0.489999999990687
"3116","Y=~y3",0.907561184441241,0.0598359212750931,0.9,"LSAM",12060,2573751,1000,"ordinal","uniform","normal","Extreme","5",1,TRUE,0.489999999990687
"3117","Y~X",0.362801429807659,0.0383425602760146,0.4,"LSAM",12060,2573751,1000,"ordinal","uniform","normal","Extreme","5",1,TRUE,0.489999999990687
"3118","Y~Z",0.532578885414304,0.0414055954608464,0.5,"LSAM",12060,2573751,1000,"ordinal","uniform","normal","Extreme","5",1,TRUE,0.489999999990687
"3119","Y~X:Z",0.211300696951435,0.0443567202181455,0.3,"LSAM",12060,2573751,1000,"ordinal","uniform","normal","Extreme","5",1,TRUE,0.489999999990687
"3120","X~~Z",0.194598766728352,0.0450299026182299,0.2,"LSAM",12060,2573751,1000,"ordinal","uniform","normal","Extreme","5",1,TRUE,0.489999999990687
"3121","X=~x1",0.51262447079989,0.111150577075311,0.4,"MC-PLSc",12061,6467525,300,"ordinal","normal","skewed","Symmetric","2",1,TRUE,11.49099999998
"3122","X=~x2",0.763848703886426,0.0854128987429377,0.8,"MC-PLSc",12061,6467525,300,"ordinal","normal","skewed","Symmetric","2",1,TRUE,11.49099999998
"3123","X=~x3",0.801125838794405,0.0989635845703621,0.8,"MC-PLSc",12061,6467525,300,"ordinal","normal","skewed","Symmetric","2",1,TRUE,11.49099999998
"3124","Z=~z1",0.546364050258474,0.0919848045537524,0.6,"MC-PLSc",12061,6467525,300,"ordinal","normal","skewed","Symmetric","2",1,TRUE,11.49099999998
"3125","Z=~z2",0.634969531529963,0.0958199196634848,0.6,"MC-PLSc",12061,6467525,300,"ordinal","normal","skewed","Symmetric","2",1,TRUE,11.49099999998
"3126","Z=~z3",0.896344650212181,0.0882965269033601,0.8,"MC-PLSc",12061,6467525,300,"ordinal","normal","skewed","Symmetric","2",1,TRUE,11.49099999998
"3127","Y=~y1",0.380493939826895,0.100798744584302,0.4,"MC-PLSc",12061,6467525,300,"ordinal","normal","skewed","Symmetric","2",1,TRUE,11.49099999998
"3128","Y=~y2",0.638114586009667,0.0839548681826368,0.7,"MC-PLSc",12061,6467525,300,"ordinal","normal","skewed","Symmetric","2",1,TRUE,11.49099999998
"3129","Y=~y3",0.974398147145036,0.0697574470224264,0.9,"MC-PLSc",12061,6467525,300,"ordinal","normal","skewed","Symmetric","2",1,TRUE,11.49099999998
"3130","Y~X",0.434359376700813,0.0840458991925093,0.4,"MC-PLSc",12061,6467525,300,"ordinal","normal","skewed","Symmetric","2",1,TRUE,11.49099999998
"3131","Y~Z",0.482142806938099,0.0830021050372971,0.5,"MC-PLSc",12061,6467525,300,"ordinal","normal","skewed","Symmetric","2",1,TRUE,11.49099999998
"3132","Y~X:Z",0.457657615493882,0.122513529917976,0.3,"MC-PLSc",12061,6467525,300,"ordinal","normal","skewed","Symmetric","2",1,TRUE,11.49099999998
"3133","X~~Z",0.182628103702819,0.095566753037341,0.2,"MC-PLSc",12061,6467525,300,"ordinal","normal","skewed","Symmetric","2",1,TRUE,11.49099999998
"3134","X=~x1",0.380276714150266,0.107937792084385,0.4,"PLSc",12061,6467525,300,"ordinal","normal","skewed","Symmetric","2",1,TRUE,1.26799999998184
"3135","X=~x2",0.674122371704756,0.0915497351711079,0.8,"PLSc",12061,6467525,300,"ordinal","normal","skewed","Symmetric","2",1,TRUE,1.26799999998184
"3136","X=~x3",0.638320288266519,0.0896297447638839,0.8,"PLSc",12061,6467525,300,"ordinal","normal","skewed","Symmetric","2",1,TRUE,1.26799999998184
"3137","Z=~z1",0.408483242291566,0.106581313120015,0.6,"PLSc",12061,6467525,300,"ordinal","normal","skewed","Symmetric","2",1,TRUE,1.26799999998184
"3138","Z=~z2",0.55024475957032,0.0888553835193142,0.6,"PLSc",12061,6467525,300,"ordinal","normal","skewed","Symmetric","2",1,TRUE,1.26799999998184
"3139","Z=~z3",0.731743680975364,0.0852552980892151,0.8,"PLSc",12061,6467525,300,"ordinal","normal","skewed","Symmetric","2",1,TRUE,1.26799999998184
"3140","Y=~y1",0.313758332239951,0.0843367197443195,0.4,"PLSc",12061,6467525,300,"ordinal","normal","skewed","Symmetric","2",1,TRUE,1.26799999998184
"3141","Y=~y2",0.493157717288848,0.0741350956572548,0.7,"PLSc",12061,6467525,300,"ordinal","normal","skewed","Symmetric","2",1,TRUE,1.26799999998184
"3142","Y=~y3",0.784348427400691,0.0727300103686859,0.9,"PLSc",12061,6467525,300,"ordinal","normal","skewed","Symmetric","2",1,TRUE,1.26799999998184
"3143","Y~X",0.419297113387283,0.0977469564279604,0.4,"PLSc",12061,6467525,300,"ordinal","normal","skewed","Symmetric","2",1,TRUE,1.26799999998184
"3144","Y~Z",0.484335365538377,0.0965775981875735,0.5,"PLSc",12061,6467525,300,"ordinal","normal","skewed","Symmetric","2",1,TRUE,1.26799999998184
"3145","Y~X:Z",0.344420383223263,0.13108784250985,0.3,"PLSc",12061,6467525,300,"ordinal","normal","skewed","Symmetric","2",1,TRUE,1.26799999998184
"3146","X~~Z",0.175062488587163,0.0951302573801563,0.2,"PLSc",12061,6467525,300,"ordinal","normal","skewed","Symmetric","2",1,TRUE,1.26799999998184
"3147","X=~x1",0.588039462923996,0.0829314490341256,0.4,"PLS",12061,6467525,300,"ordinal","normal","skewed","Symmetric","2",1,TRUE,0.878000000026077
"3148","X=~x2",0.791159457557258,0.0518133564517242,0.8,"PLS",12061,6467525,300,"ordinal","normal","skewed","Symmetric","2",1,TRUE,0.878000000026077
"3149","X=~x3",0.811870589998897,0.0420535767387283,0.8,"PLS",12061,6467525,300,"ordinal","normal","skewed","Symmetric","2",1,TRUE,0.878000000026077
"3150","Z=~z1",0.624109559570458,0.0817602633301815,0.6,"PLS",12061,6467525,300,"ordinal","normal","skewed","Symmetric","2",1,TRUE,0.878000000026077
"3151","Z=~z2",0.706453852938098,0.062677337071231,0.6,"PLS",12061,6467525,300,"ordinal","normal","skewed","Symmetric","2",1,TRUE,0.878000000026077
"3152","Z=~z3",0.853875922517438,0.0314312048008608,0.8,"PLS",12061,6467525,300,"ordinal","normal","skewed","Symmetric","2",1,TRUE,0.878000000026077
"3153","Y=~y1",0.455717447801024,0.092575742626736,0.4,"PLS",12061,6467525,300,"ordinal","normal","skewed","Symmetric","2",1,TRUE,0.878000000026077
"3154","Y=~y2",0.712622457800855,0.0584377954373533,0.7,"PLS",12061,6467525,300,"ordinal","normal","skewed","Symmetric","2",1,TRUE,0.878000000026077
"3155","Y=~y3",0.89163931575713,0.0225876650006448,0.9,"PLS",12061,6467525,300,"ordinal","normal","skewed","Symmetric","2",1,TRUE,0.878000000026077
"3156","Y~X",0.295694965221844,0.0494648777383045,0.4,"PLS",12061,6467525,300,"ordinal","normal","skewed","Symmetric","2",1,TRUE,0.878000000026077
"3157","Y~Z",0.329126286389252,0.0504204877045206,0.5,"PLS",12061,6467525,300,"ordinal","normal","skewed","Symmetric","2",1,TRUE,0.878000000026077
"3158","Y~X:Z",0.175344146508817,0.0505088505764443,0.3,"PLS",12061,6467525,300,"ordinal","normal","skewed","Symmetric","2",1,TRUE,0.878000000026077
"3159","X~~Z",0.109483786264439,0.0595607732392353,0.2,"PLS",12061,6467525,300,"ordinal","normal","skewed","Symmetric","2",1,TRUE,0.878000000026077
"3160","X=~x1",0.559,0.079,0.4,"Mplus",12061,6467525,300,"ordinal","normal","skewed","Symmetric","2",1,TRUE,93.9260000000359
"3161","X=~x2",0.624,0.081,0.8,"Mplus",12061,6467525,300,"ordinal","normal","skewed","Symmetric","2",1,TRUE,93.9260000000359
"3162","X=~x3",0.846,0.074,0.8,"Mplus",12061,6467525,300,"ordinal","normal","skewed","Symmetric","2",1,TRUE,93.9260000000359
"3163","Z=~z1",0.547,0.074,0.6,"Mplus",12061,6467525,300,"ordinal","normal","skewed","Symmetric","2",1,TRUE,93.9260000000359
"3164","Z=~z2",0.544,0.078,0.6,"Mplus",12061,6467525,300,"ordinal","normal","skewed","Symmetric","2",1,TRUE,93.9260000000359
"3165","Z=~z3",0.91,0.073,0.8,"Mplus",12061,6467525,300,"ordinal","normal","skewed","Symmetric","2",1,TRUE,93.9260000000359
"3166","Y=~y1",0.355,0.077,0.4,"Mplus",12061,6467525,300,"ordinal","normal","skewed","Symmetric","2",1,TRUE,93.9260000000359
"3167","Y=~y2",0.606,0.077,0.7,"Mplus",12061,6467525,300,"ordinal","normal","skewed","Symmetric","2",1,TRUE,93.9260000000359
"3168","Y=~y3",0.986,0.039,0.9,"Mplus",12061,6467525,300,"ordinal","normal","skewed","Symmetric","2",1,TRUE,93.9260000000359
"3169","Y~X",0.383,0.088,0.4,"Mplus",12061,6467525,300,"ordinal","normal","skewed","Symmetric","2",1,TRUE,93.9260000000359
"3170","Y~Z",0.502,0.077,0.5,"Mplus",12061,6467525,300,"ordinal","normal","skewed","Symmetric","2",1,TRUE,93.9260000000359
"3171","Y~X:Z",0.505,0.102,0.3,"Mplus",12061,6467525,300,"ordinal","normal","skewed","Symmetric","2",1,TRUE,93.9260000000359
"3172","X~~Z",0.155,0.093,0.2,"Mplus",12061,6467525,300,"ordinal","normal","skewed","Symmetric","2",1,TRUE,93.9260000000359
"3173","X=~x1",0.440342233901039,0.0762757201118449,0.4,"LSAM",12061,6467525,300,"ordinal","normal","skewed","Symmetric","2",1,TRUE,0.428000000014435
"3174","X=~x2",0.499711353283919,0.112683866396917,0.8,"LSAM",12061,6467525,300,"ordinal","normal","skewed","Symmetric","2",1,TRUE,0.428000000014435
"3175","X=~x3",0.787138583975226,0.14178778708881,0.8,"LSAM",12061,6467525,300,"ordinal","normal","skewed","Symmetric","2",1,TRUE,0.428000000014435
"3176","Z=~z1",0.454309847551077,0.0510542831424882,0.6,"LSAM",12061,6467525,300,"ordinal","normal","skewed","Symmetric","2",1,TRUE,0.428000000014435
"3177","Z=~z2",0.439327190929309,0.0886401265229695,0.6,"LSAM",12061,6467525,300,"ordinal","normal","skewed","Symmetric","2",1,TRUE,0.428000000014435
"3178","Z=~z3",0.822296789404452,0.14384563363489,0.8,"LSAM",12061,6467525,300,"ordinal","normal","skewed","Symmetric","2",1,TRUE,0.428000000014435
"3179","Y=~y1",0.308733598962324,0.0155435024422515,0.4,"LSAM",12061,6467525,300,"ordinal","normal","skewed","Symmetric","2",1,TRUE,0.428000000014435
"3180","Y=~y2",0.468999859737546,0.0917622189053809,0.7,"LSAM",12061,6467525,300,"ordinal","normal","skewed","Symmetric","2",1,TRUE,0.428000000014435
"3181","Y=~y3",0.882512552495671,0.188124898210299,0.9,"LSAM",12061,6467525,300,"ordinal","normal","skewed","Symmetric","2",1,TRUE,0.428000000014435
"3182","Y~X",0.34839009305133,0.0745587102397238,0.4,"LSAM",12061,6467525,300,"ordinal","normal","skewed","Symmetric","2",1,TRUE,0.428000000014435
"3183","Y~Z",0.452986953920203,0.131997971923245,0.5,"LSAM",12061,6467525,300,"ordinal","normal","skewed","Symmetric","2",1,TRUE,0.428000000014435
"3184","Y~X:Z",0.302340393310764,0.114427822625919,0.3,"LSAM",12061,6467525,300,"ordinal","normal","skewed","Symmetric","2",1,TRUE,0.428000000014435
"3185","X~~Z",0.120441026929354,0.108817291680836,0.2,"LSAM",12061,6467525,300,"ordinal","normal","skewed","Symmetric","2",1,TRUE,0.428000000014435
"3186","X=~x1",0.245853173600243,0.0763600755784025,0.4,"MC-PLSc",12062,7069592,1000,"ordinal","normal","skewed","Symmetric","2",1,TRUE,14.4610000000102
"3187","X=~x2",0.810585490591953,0.0646666744697447,0.8,"MC-PLSc",12062,7069592,1000,"ordinal","normal","skewed","Symmetric","2",1,TRUE,14.4610000000102
"3188","X=~x3",0.869326941082529,0.0744726240735845,0.8,"MC-PLSc",12062,7069592,1000,"ordinal","normal","skewed","Symmetric","2",1,TRUE,14.4610000000102
"3189","Z=~z1",0.632003529894475,0.044718984805555,0.6,"MC-PLSc",12062,7069592,1000,"ordinal","normal","skewed","Symmetric","2",1,TRUE,14.4610000000102
"3190","Z=~z2",0.584520642446844,0.0493735417983985,0.6,"MC-PLSc",12062,7069592,1000,"ordinal","normal","skewed","Symmetric","2",1,TRUE,14.4610000000102
"3191","Z=~z3",0.850131606014404,0.0446933581752529,0.8,"MC-PLSc",12062,7069592,1000,"ordinal","normal","skewed","Symmetric","2",1,TRUE,14.4610000000102
"3192","Y=~y1",0.391264333548871,0.0553405156814095,0.4,"MC-PLSc",12062,7069592,1000,"ordinal","normal","skewed","Symmetric","2",1,TRUE,14.4610000000102
"3193","Y=~y2",0.781530383251421,0.0411561899556456,0.7,"MC-PLSc",12062,7069592,1000,"ordinal","normal","skewed","Symmetric","2",1,TRUE,14.4610000000102
"3194","Y=~y3",0.869892715966719,0.0397327134716326,0.9,"MC-PLSc",12062,7069592,1000,"ordinal","normal","skewed","Symmetric","2",1,TRUE,14.4610000000102
"3195","Y~X",0.301256013082222,0.0533300365710514,0.4,"MC-PLSc",12062,7069592,1000,"ordinal","normal","skewed","Symmetric","2",1,TRUE,14.4610000000102
"3196","Y~Z",0.562578106081525,0.0464745710822448,0.5,"MC-PLSc",12062,7069592,1000,"ordinal","normal","skewed","Symmetric","2",1,TRUE,14.4610000000102
"3197","Y~X:Z",0.320178050260026,0.0889055450930172,0.3,"MC-PLSc",12062,7069592,1000,"ordinal","normal","skewed","Symmetric","2",1,TRUE,14.4610000000102
"3198","X~~Z",0.208716013809892,0.0496818633513514,0.2,"MC-PLSc",12062,7069592,1000,"ordinal","normal","skewed","Symmetric","2",1,TRUE,14.4610000000102
"3199","X=~x1",0.0929595972768333,0.0990822405432181,0.4,"PLSc",12062,7069592,1000,"ordinal","normal","skewed","Symmetric","2",1,TRUE,1.3640000000014
"3200","X=~x2",0.688288027248799,0.0589394729639142,0.8,"PLSc",12062,7069592,1000,"ordinal","normal","skewed","Symmetric","2",1,TRUE,1.3640000000014
"3201","X=~x3",0.729322281537988,0.0655978569548964,0.8,"PLSc",12062,7069592,1000,"ordinal","normal","skewed","Symmetric","2",1,TRUE,1.3640000000014
"3202","Z=~z1",0.531559091297757,0.047189599236672,0.6,"PLSc",12062,7069592,1000,"ordinal","normal","skewed","Symmetric","2",1,TRUE,1.3640000000014
"3203","Z=~z2",0.44565060576865,0.0506595134563945,0.6,"PLSc",12062,7069592,1000,"ordinal","normal","skewed","Symmetric","2",1,TRUE,1.3640000000014
"3204","Z=~z3",0.706790515215786,0.0466955539191706,0.8,"PLSc",12062,7069592,1000,"ordinal","normal","skewed","Symmetric","2",1,TRUE,1.3640000000014
"3205","Y=~y1",0.276627080184725,0.0530986704391204,0.4,"PLSc",12062,7069592,1000,"ordinal","normal","skewed","Symmetric","2",1,TRUE,1.3640000000014
"3206","Y=~y2",0.644248389955349,0.037258517490304,0.7,"PLSc",12062,7069592,1000,"ordinal","normal","skewed","Symmetric","2",1,TRUE,1.3640000000014
"3207","Y=~y3",0.726641366946423,0.0386854750216942,0.9,"PLSc",12062,7069592,1000,"ordinal","normal","skewed","Symmetric","2",1,TRUE,1.3640000000014
"3208","Y~X",0.279972408738919,0.0523362397731288,0.4,"PLSc",12062,7069592,1000,"ordinal","normal","skewed","Symmetric","2",1,TRUE,1.3640000000014
"3209","Y~Z",0.549185435288385,0.0507418642615088,0.5,"PLSc",12062,7069592,1000,"ordinal","normal","skewed","Symmetric","2",1,TRUE,1.3640000000014
"3210","Y~X:Z",0.247964774329962,0.0618217853742302,0.3,"PLSc",12062,7069592,1000,"ordinal","normal","skewed","Symmetric","2",1,TRUE,1.3640000000014
"3211","X~~Z",0.195471532261284,0.047821637995807,0.2,"PLSc",12062,7069592,1000,"ordinal","normal","skewed","Symmetric","2",1,TRUE,1.3640000000014
"3212","X=~x1",0.308329537082631,0.086781441102825,0.4,"PLS",12062,7069592,1000,"ordinal","normal","skewed","Symmetric","2",1,TRUE,0.914999999979045
"3213","X=~x2",0.843362059284972,0.025827666156864,0.8,"PLS",12062,7069592,1000,"ordinal","normal","skewed","Symmetric","2",1,TRUE,0.914999999979045
"3214","X=~x3",0.863918286428138,0.0233634951292888,0.8,"PLS",12062,7069592,1000,"ordinal","normal","skewed","Symmetric","2",1,TRUE,0.914999999979045
"3215","Z=~z1",0.700086492256937,0.0334955969585025,0.6,"PLS",12062,7069592,1000,"ordinal","normal","skewed","Symmetric","2",1,TRUE,0.914999999979045
"3216","Z=~z2",0.658540420041862,0.0367171904681964,0.6,"PLS",12062,7069592,1000,"ordinal","normal","skewed","Symmetric","2",1,TRUE,0.914999999979045
"3217","Z=~z3",0.833126271922452,0.0200585668473638,0.8,"PLS",12062,7069592,1000,"ordinal","normal","skewed","Symmetric","2",1,TRUE,0.914999999979045
"3218","Y=~y1",0.462633220035841,0.0484449558114918,0.4,"PLS",12062,7069592,1000,"ordinal","normal","skewed","Symmetric","2",1,TRUE,0.914999999979045
"3219","Y=~y2",0.807030161716291,0.0200570838570112,0.7,"PLS",12062,7069592,1000,"ordinal","normal","skewed","Symmetric","2",1,TRUE,0.914999999979045
"3220","Y=~y3",0.8503296525326,0.0164309679628917,0.9,"PLS",12062,7069592,1000,"ordinal","normal","skewed","Symmetric","2",1,TRUE,0.914999999979045
"3221","Y~X",0.216469660967507,0.0300456077329764,0.4,"PLS",12062,7069592,1000,"ordinal","normal","skewed","Symmetric","2",1,TRUE,0.914999999979045
"3222","Y~Z",0.350608040563902,0.0267780997661763,0.5,"PLS",12062,7069592,1000,"ordinal","normal","skewed","Symmetric","2",1,TRUE,0.914999999979045
"3223","Y~X:Z",0.123348612110988,0.0290710853030031,0.3,"PLS",12062,7069592,1000,"ordinal","normal","skewed","Symmetric","2",1,TRUE,0.914999999979045
"3224","X~~Z",0.125079186644229,0.0302275976419883,0.2,"PLS",12062,7069592,1000,"ordinal","normal","skewed","Symmetric","2",1,TRUE,0.914999999979045
"3225","X=~x1",0.331,0.04,0.4,"Mplus",12062,7069592,1000,"ordinal","normal","skewed","Symmetric","2",1,TRUE,194.820999999996
"3226","X=~x2",0.72,0.052,0.8,"Mplus",12062,7069592,1000,"ordinal","normal","skewed","Symmetric","2",1,TRUE,194.820999999996
"3227","X=~x3",0.9,0.054,0.8,"Mplus",12062,7069592,1000,"ordinal","normal","skewed","Symmetric","2",1,TRUE,194.820999999996
"3228","Z=~z1",0.584,0.044,0.6,"Mplus",12062,7069592,1000,"ordinal","normal","skewed","Symmetric","2",1,TRUE,194.820999999996
"3229","Z=~z2",0.571,0.043,0.6,"Mplus",12062,7069592,1000,"ordinal","normal","skewed","Symmetric","2",1,TRUE,194.820999999996
"3230","Z=~z3",0.831,0.043,0.8,"Mplus",12062,7069592,1000,"ordinal","normal","skewed","Symmetric","2",1,TRUE,194.820999999996
"3231","Y=~y1",0.385,0.045,0.4,"Mplus",12062,7069592,1000,"ordinal","normal","skewed","Symmetric","2",1,TRUE,194.820999999996
"3232","Y=~y2",0.763,0.041,0.7,"Mplus",12062,7069592,1000,"ordinal","normal","skewed","Symmetric","2",1,TRUE,194.820999999996
"3233","Y=~y3",0.842,0.038,0.9,"Mplus",12062,7069592,1000,"ordinal","normal","skewed","Symmetric","2",1,TRUE,194.820999999996
"3234","Y~X",0.287,0.051,0.4,"Mplus",12062,7069592,1000,"ordinal","normal","skewed","Symmetric","2",1,TRUE,194.820999999996
"3235","Y~Z",0.577,0.046,0.5,"Mplus",12062,7069592,1000,"ordinal","normal","skewed","Symmetric","2",1,TRUE,194.820999999996
"3236","Y~X:Z",0.338,0.069,0.3,"Mplus",12062,7069592,1000,"ordinal","normal","skewed","Symmetric","2",1,TRUE,194.820999999996
"3237","X~~Z",0.206,0.052,0.2,"Mplus",12062,7069592,1000,"ordinal","normal","skewed","Symmetric","2",1,TRUE,194.820999999996
"3238","X=~x1",0.313714852430788,0.0372814068237607,0.4,"LSAM",12062,7069592,1000,"ordinal","normal","skewed","Symmetric","2",1,TRUE,0.461999999999534
"3239","X=~x2",0.623917671968691,0.0802589378962519,0.8,"LSAM",12062,7069592,1000,"ordinal","normal","skewed","Symmetric","2",1,TRUE,0.461999999999534
"3240","X=~x3",0.742599595215068,0.0883445538991112,0.8,"LSAM",12062,7069592,1000,"ordinal","normal","skewed","Symmetric","2",1,TRUE,0.461999999999534
"3241","Z=~z1",0.479166801528027,0.0610687125963334,0.6,"LSAM",12062,7069592,1000,"ordinal","normal","skewed","Symmetric","2",1,TRUE,0.461999999999534
"3242","Z=~z2",0.505239052358354,0.0773656354885079,0.6,"LSAM",12062,7069592,1000,"ordinal","normal","skewed","Symmetric","2",1,TRUE,0.461999999999534
"3243","Z=~z3",0.705061533205702,0.0873218855289575,0.8,"LSAM",12062,7069592,1000,"ordinal","normal","skewed","Symmetric","2",1,TRUE,0.461999999999534
"3244","Y=~y1",0.337641844513153,0.0100946039447514,0.4,"LSAM",12062,7069592,1000,"ordinal","normal","skewed","Symmetric","2",1,TRUE,0.461999999999534
"3245","Y=~y2",0.618448049128103,0.0632010366344865,0.7,"LSAM",12062,7069592,1000,"ordinal","normal","skewed","Symmetric","2",1,TRUE,0.461999999999534
"3246","Y=~y3",0.711004464846636,0.0737851602476147,0.9,"LSAM",12062,7069592,1000,"ordinal","normal","skewed","Symmetric","2",1,TRUE,0.461999999999534
"3247","Y~X",0.284674295142604,0.0598880568092036,0.4,"LSAM",12062,7069592,1000,"ordinal","normal","skewed","Symmetric","2",1,TRUE,0.461999999999534
"3248","Y~Z",0.556177980142272,0.12535680890109,0.5,"LSAM",12062,7069592,1000,"ordinal","normal","skewed","Symmetric","2",1,TRUE,0.461999999999534
"3249","Y~X:Z",0.249411094461355,0.0771157887628733,0.3,"LSAM",12062,7069592,1000,"ordinal","normal","skewed","Symmetric","2",1,TRUE,0.461999999999534
"3250","X~~Z",0.188965144459745,0.0516987382714742,0.2,"LSAM",12062,7069592,1000,"ordinal","normal","skewed","Symmetric","2",1,TRUE,0.461999999999534
"3251","X=~x1",0.389874938204355,0.0719291740291523,0.4,"MC-PLSc",12063,5009877,300,"ordinal","normal","skewed","Symmetric","3",1,TRUE,13.2699999999604
"3252","X=~x2",0.853701596805668,0.0526630796522356,0.8,"MC-PLSc",12063,5009877,300,"ordinal","normal","skewed","Symmetric","3",1,TRUE,13.2699999999604
"3253","X=~x3",0.810504461043104,0.0565923000243134,0.8,"MC-PLSc",12063,5009877,300,"ordinal","normal","skewed","Symmetric","3",1,TRUE,13.2699999999604
"3254","Z=~z1",0.581296266022053,0.0781873144555574,0.6,"MC-PLSc",12063,5009877,300,"ordinal","normal","skewed","Symmetric","3",1,TRUE,13.2699999999604
"3255","Z=~z2",0.518723745298684,0.0697323377268778,0.6,"MC-PLSc",12063,5009877,300,"ordinal","normal","skewed","Symmetric","3",1,TRUE,13.2699999999604
"3256","Z=~z3",0.758972834911882,0.0723428470698703,0.8,"MC-PLSc",12063,5009877,300,"ordinal","normal","skewed","Symmetric","3",1,TRUE,13.2699999999604
"3257","Y=~y1",0.438838817893813,0.0688317782075691,0.4,"MC-PLSc",12063,5009877,300,"ordinal","normal","skewed","Symmetric","3",1,TRUE,13.2699999999604
"3258","Y=~y2",0.657633643185203,0.0686918048790903,0.7,"MC-PLSc",12063,5009877,300,"ordinal","normal","skewed","Symmetric","3",1,TRUE,13.2699999999604
"3259","Y=~y3",0.876498170506071,0.0452931909087979,0.9,"MC-PLSc",12063,5009877,300,"ordinal","normal","skewed","Symmetric","3",1,TRUE,13.2699999999604
"3260","Y~X",0.546340793805485,0.0663112282252647,0.4,"MC-PLSc",12063,5009877,300,"ordinal","normal","skewed","Symmetric","3",1,TRUE,13.2699999999604
"3261","Y~Z",0.490205049536335,0.0804845490946398,0.5,"MC-PLSc",12063,5009877,300,"ordinal","normal","skewed","Symmetric","3",1,TRUE,13.2699999999604
"3262","Y~X:Z",0.400155975620902,0.0916499230783976,0.3,"MC-PLSc",12063,5009877,300,"ordinal","normal","skewed","Symmetric","3",1,TRUE,13.2699999999604
"3263","X~~Z",0.191547675221857,0.0949021964957141,0.2,"MC-PLSc",12063,5009877,300,"ordinal","normal","skewed","Symmetric","3",1,TRUE,13.2699999999604
"3264","X=~x1",0.360836118526968,0.0892908356768237,0.4,"PLSc",12063,5009877,300,"ordinal","normal","skewed","Symmetric","3",1,TRUE,1.2839999999851
"3265","X=~x2",0.73393060271108,0.0557889568590907,0.8,"PLSc",12063,5009877,300,"ordinal","normal","skewed","Symmetric","3",1,TRUE,1.2839999999851
"3266","X=~x3",0.749288040975846,0.0633302110449195,0.8,"PLSc",12063,5009877,300,"ordinal","normal","skewed","Symmetric","3",1,TRUE,1.2839999999851
"3267","Z=~z1",0.54276591080209,0.0755344472342744,0.6,"PLSc",12063,5009877,300,"ordinal","normal","skewed","Symmetric","3",1,TRUE,1.2839999999851
"3268","Z=~z2",0.414240758113866,0.0928901886367913,0.6,"PLSc",12063,5009877,300,"ordinal","normal","skewed","Symmetric","3",1,TRUE,1.2839999999851
"3269","Z=~z3",0.681636515439917,0.0736114467946751,0.8,"PLSc",12063,5009877,300,"ordinal","normal","skewed","Symmetric","3",1,TRUE,1.2839999999851
"3270","Y=~y1",0.420794668039425,0.066814529420916,0.4,"PLSc",12063,5009877,300,"ordinal","normal","skewed","Symmetric","3",1,TRUE,1.2839999999851
"3271","Y=~y2",0.530211629525362,0.0676257330216805,0.7,"PLSc",12063,5009877,300,"ordinal","normal","skewed","Symmetric","3",1,TRUE,1.2839999999851
"3272","Y=~y3",0.774907003555065,0.0530362475029363,0.9,"PLSc",12063,5009877,300,"ordinal","normal","skewed","Symmetric","3",1,TRUE,1.2839999999851
"3273","Y~X",0.593671286488334,0.106954447143289,0.4,"PLSc",12063,5009877,300,"ordinal","normal","skewed","Symmetric","3",1,TRUE,1.2839999999851
"3274","Y~Z",0.443390072428463,0.151321401672639,0.5,"PLSc",12063,5009877,300,"ordinal","normal","skewed","Symmetric","3",1,TRUE,1.2839999999851
"3275","Y~X:Z",0.357157159765222,0.223513096136475,0.3,"PLSc",12063,5009877,300,"ordinal","normal","skewed","Symmetric","3",1,TRUE,1.2839999999851
"3276","X~~Z",0.191403690612253,0.0829468465971039,0.2,"PLSc",12063,5009877,300,"ordinal","normal","skewed","Symmetric","3",1,TRUE,1.2839999999851
"3277","X=~x1",0.498703125355337,0.0836273253394215,0.4,"PLS",12063,5009877,300,"ordinal","normal","skewed","Symmetric","3",1,TRUE,0.865999999979977
"3278","X=~x2",0.869321393980001,0.0197353450228508,0.8,"PLS",12063,5009877,300,"ordinal","normal","skewed","Symmetric","3",1,TRUE,0.865999999979977
"3279","X=~x3",0.852272428185403,0.027118634307352,0.8,"PLS",12063,5009877,300,"ordinal","normal","skewed","Symmetric","3",1,TRUE,0.865999999979977
"3280","Z=~z1",0.701678331774249,0.0549403561143519,0.6,"PLS",12063,5009877,300,"ordinal","normal","skewed","Symmetric","3",1,TRUE,0.865999999979977
"3281","Z=~z2",0.654365015660291,0.0661263385023582,0.6,"PLS",12063,5009877,300,"ordinal","normal","skewed","Symmetric","3",1,TRUE,0.865999999979977
"3282","Z=~z3",0.819372633612209,0.034074051269353,0.8,"PLS",12063,5009877,300,"ordinal","normal","skewed","Symmetric","3",1,TRUE,0.865999999979977
"3283","Y=~y1",0.562057754153634,0.0706833947191655,0.4,"PLS",12063,5009877,300,"ordinal","normal","skewed","Symmetric","3",1,TRUE,0.865999999979977
"3284","Y=~y2",0.756716036596481,0.0450532124225436,0.7,"PLS",12063,5009877,300,"ordinal","normal","skewed","Symmetric","3",1,TRUE,0.865999999979977
"3285","Y=~y3",0.863801733314323,0.0200478035270282,0.9,"PLS",12063,5009877,300,"ordinal","normal","skewed","Symmetric","3",1,TRUE,0.865999999979977
"3286","Y~X",0.404309869228388,0.0471563069764649,0.4,"PLS",12063,5009877,300,"ordinal","normal","skewed","Symmetric","3",1,TRUE,0.865999999979977
"3287","Y~Z",0.322613878647866,0.0515853990235779,0.5,"PLS",12063,5009877,300,"ordinal","normal","skewed","Symmetric","3",1,TRUE,0.865999999979977
"3288","Y~X:Z",0.185636089013531,0.0474152783249857,0.3,"PLS",12063,5009877,300,"ordinal","normal","skewed","Symmetric","3",1,TRUE,0.865999999979977
"3289","X~~Z",0.124323505504958,0.0537490910541991,0.2,"PLS",12063,5009877,300,"ordinal","normal","skewed","Symmetric","3",1,TRUE,0.865999999979977
"3290","X=~x1",0.372,0.069,0.4,"Mplus",12063,5009877,300,"ordinal","normal","skewed","Symmetric","3",1,TRUE,174.958999999973
"3291","X=~x2",0.846,0.051,0.8,"Mplus",12063,5009877,300,"ordinal","normal","skewed","Symmetric","3",1,TRUE,174.958999999973
"3292","X=~x3",0.817,0.052,0.8,"Mplus",12063,5009877,300,"ordinal","normal","skewed","Symmetric","3",1,TRUE,174.958999999973
"3293","Z=~z1",0.542,0.074,0.6,"Mplus",12063,5009877,300,"ordinal","normal","skewed","Symmetric","3",1,TRUE,174.958999999973
"3294","Z=~z2",0.528,0.065,0.6,"Mplus",12063,5009877,300,"ordinal","normal","skewed","Symmetric","3",1,TRUE,174.958999999973
"3295","Z=~z3",0.717,0.075,0.8,"Mplus",12063,5009877,300,"ordinal","normal","skewed","Symmetric","3",1,TRUE,174.958999999973
"3296","Y=~y1",0.388,0.076,0.4,"Mplus",12063,5009877,300,"ordinal","normal","skewed","Symmetric","3",1,TRUE,174.958999999973
"3297","Y=~y2",0.663,0.059,0.7,"Mplus",12063,5009877,300,"ordinal","normal","skewed","Symmetric","3",1,TRUE,174.958999999973
"3298","Y=~y3",0.902,0.045,0.9,"Mplus",12063,5009877,300,"ordinal","normal","skewed","Symmetric","3",1,TRUE,174.958999999973
"3299","Y~X",0.526,0.063,0.4,"Mplus",12063,5009877,300,"ordinal","normal","skewed","Symmetric","3",1,TRUE,174.958999999973
"3300","Y~Z",0.517,0.073,0.5,"Mplus",12063,5009877,300,"ordinal","normal","skewed","Symmetric","3",1,TRUE,174.958999999973
"3301","Y~X:Z",0.385,0.079,0.3,"Mplus",12063,5009877,300,"ordinal","normal","skewed","Symmetric","3",1,TRUE,174.958999999973
"3302","X~~Z",0.185,0.096,0.2,"Mplus",12063,5009877,300,"ordinal","normal","skewed","Symmetric","3",1,TRUE,174.958999999973
"3303","X=~x1",0.32177159122216,0.0737774693835899,0.4,"LSAM",12063,5009877,300,"ordinal","normal","skewed","Symmetric","3",1,TRUE,0.511999999987893
"3304","X=~x2",0.902703468234764,0.127584363733348,0.8,"LSAM",12063,5009877,300,"ordinal","normal","skewed","Symmetric","3",1,TRUE,0.511999999987893
"3305","X=~x3",0.63201606115755,0.130152827602276,0.8,"LSAM",12063,5009877,300,"ordinal","normal","skewed","Symmetric","3",1,TRUE,0.511999999987893
"3306","Z=~z1",0.455834570834318,0.0912019092520651,0.6,"LSAM",12063,5009877,300,"ordinal","normal","skewed","Symmetric","3",1,TRUE,0.511999999987893
"3307","Z=~z2",0.543911847715331,0.135282485432311,0.6,"LSAM",12063,5009877,300,"ordinal","normal","skewed","Symmetric","3",1,TRUE,0.511999999987893
"3308","Z=~z3",0.656101259606878,0.149317472230753,0.8,"LSAM",12063,5009877,300,"ordinal","normal","skewed","Symmetric","3",1,TRUE,0.511999999987893
"3309","Y=~y1",0.347298864264111,0.0232769132419992,0.4,"LSAM",12063,5009877,300,"ordinal","normal","skewed","Symmetric","3",1,TRUE,0.511999999987893
"3310","Y=~y2",0.651329429819994,0.111754311879659,0.7,"LSAM",12063,5009877,300,"ordinal","normal","skewed","Symmetric","3",1,TRUE,0.511999999987893
"3311","Y=~y3",0.720603913624347,0.12376590504959,0.9,"LSAM",12063,5009877,300,"ordinal","normal","skewed","Symmetric","3",1,TRUE,0.511999999987893
"3312","Y~X",0.491490924526191,0.094458327570858,0.4,"LSAM",12063,5009877,300,"ordinal","normal","skewed","Symmetric","3",1,TRUE,0.511999999987893
"3313","Y~Z",0.478844550662091,0.182597410108328,0.5,"LSAM",12063,5009877,300,"ordinal","normal","skewed","Symmetric","3",1,TRUE,0.511999999987893
"3314","Y~X:Z",0.213977327616566,0.128518413415312,0.3,"LSAM",12063,5009877,300,"ordinal","normal","skewed","Symmetric","3",1,TRUE,0.511999999987893
"3315","X~~Z",0.155914414813178,0.0968323050949483,0.2,"LSAM",12063,5009877,300,"ordinal","normal","skewed","Symmetric","3",1,TRUE,0.511999999987893
"3316","X=~x1",0.430336760834564,0.0478601047426877,0.4,"MC-PLSc",12064,7529351,1000,"ordinal","normal","skewed","Symmetric","3",1,TRUE,15.5059999999939
"3317","X=~x2",0.790547189595187,0.0321369266206287,0.8,"MC-PLSc",12064,7529351,1000,"ordinal","normal","skewed","Symmetric","3",1,TRUE,15.5059999999939
"3318","X=~x3",0.79777130981015,0.0361220375977405,0.8,"MC-PLSc",12064,7529351,1000,"ordinal","normal","skewed","Symmetric","3",1,TRUE,15.5059999999939
"3319","Z=~z1",0.555717446377245,0.0368553772875459,0.6,"MC-PLSc",12064,7529351,1000,"ordinal","normal","skewed","Symmetric","3",1,TRUE,15.5059999999939
"3320","Z=~z2",0.625546135831819,0.0381626858599915,0.6,"MC-PLSc",12064,7529351,1000,"ordinal","normal","skewed","Symmetric","3",1,TRUE,15.5059999999939
"3321","Z=~z3",0.841216954305631,0.0325924446536138,0.8,"MC-PLSc",12064,7529351,1000,"ordinal","normal","skewed","Symmetric","3",1,TRUE,15.5059999999939
"3322","Y=~y1",0.460370744173971,0.0387760265143902,0.4,"MC-PLSc",12064,7529351,1000,"ordinal","normal","skewed","Symmetric","3",1,TRUE,15.5059999999939
"3323","Y=~y2",0.636929957919261,0.0377966769719637,0.7,"MC-PLSc",12064,7529351,1000,"ordinal","normal","skewed","Symmetric","3",1,TRUE,15.5059999999939
"3324","Y=~y3",0.900556469148408,0.0295342257825709,0.9,"MC-PLSc",12064,7529351,1000,"ordinal","normal","skewed","Symmetric","3",1,TRUE,15.5059999999939
"3325","Y~X",0.42799060092857,0.040702942003447,0.4,"MC-PLSc",12064,7529351,1000,"ordinal","normal","skewed","Symmetric","3",1,TRUE,15.5059999999939
"3326","Y~Z",0.497032068286447,0.0422098282628676,0.5,"MC-PLSc",12064,7529351,1000,"ordinal","normal","skewed","Symmetric","3",1,TRUE,15.5059999999939
"3327","Y~X:Z",0.287845197247049,0.0477349754201495,0.3,"MC-PLSc",12064,7529351,1000,"ordinal","normal","skewed","Symmetric","3",1,TRUE,15.5059999999939
"3328","X~~Z",0.238593439864378,0.0479979458211092,0.2,"MC-PLSc",12064,7529351,1000,"ordinal","normal","skewed","Symmetric","3",1,TRUE,15.5059999999939
"3329","X=~x1",0.366661272532196,0.0584399628629778,0.4,"PLSc",12064,7529351,1000,"ordinal","normal","skewed","Symmetric","3",1,TRUE,1.35100000002421
"3330","X=~x2",0.70766771175382,0.0377970780788011,0.8,"PLSc",12064,7529351,1000,"ordinal","normal","skewed","Symmetric","3",1,TRUE,1.35100000002421
"3331","X=~x3",0.718749213799735,0.0426816905060653,0.8,"PLSc",12064,7529351,1000,"ordinal","normal","skewed","Symmetric","3",1,TRUE,1.35100000002421
"3332","Z=~z1",0.475828677476306,0.0442630419088724,0.6,"PLSc",12064,7529351,1000,"ordinal","normal","skewed","Symmetric","3",1,TRUE,1.35100000002421
"3333","Z=~z2",0.56723927674206,0.0424522743273814,0.6,"PLSc",12064,7529351,1000,"ordinal","normal","skewed","Symmetric","3",1,TRUE,1.35100000002421
"3334","Z=~z3",0.753397222619974,0.0388545585501644,0.8,"PLSc",12064,7529351,1000,"ordinal","normal","skewed","Symmetric","3",1,TRUE,1.35100000002421
"3335","Y=~y1",0.414516265435474,0.0416697453214285,0.4,"PLSc",12064,7529351,1000,"ordinal","normal","skewed","Symmetric","3",1,TRUE,1.35100000002421
"3336","Y=~y2",0.540593193896875,0.0376192306734559,0.7,"PLSc",12064,7529351,1000,"ordinal","normal","skewed","Symmetric","3",1,TRUE,1.35100000002421
"3337","Y=~y3",0.799203315516578,0.0326208283465556,0.9,"PLSc",12064,7529351,1000,"ordinal","normal","skewed","Symmetric","3",1,TRUE,1.35100000002421
"3338","Y~X",0.414997816442826,0.0476337433776269,0.4,"PLSc",12064,7529351,1000,"ordinal","normal","skewed","Symmetric","3",1,TRUE,1.35100000002421
"3339","Y~Z",0.502584058080576,0.0486180729788083,0.5,"PLSc",12064,7529351,1000,"ordinal","normal","skewed","Symmetric","3",1,TRUE,1.35100000002421
"3340","Y~X:Z",0.253605744142368,0.0538241162260481,0.3,"PLSc",12064,7529351,1000,"ordinal","normal","skewed","Symmetric","3",1,TRUE,1.35100000002421
"3341","X~~Z",0.236047902603104,0.0481055926141286,0.2,"PLSc",12064,7529351,1000,"ordinal","normal","skewed","Symmetric","3",1,TRUE,1.35100000002421
"3342","X=~x1",0.548223833654725,0.0459219683153777,0.4,"PLS",12064,7529351,1000,"ordinal","normal","skewed","Symmetric","3",1,TRUE,0.937000000034459
"3343","X=~x2",0.835446541727279,0.0161656456002932,0.8,"PLS",12064,7529351,1000,"ordinal","normal","skewed","Symmetric","3",1,TRUE,0.937000000034459
"3344","X=~x3",0.837033542552204,0.0176069491755506,0.8,"PLS",12064,7529351,1000,"ordinal","normal","skewed","Symmetric","3",1,TRUE,0.937000000034459
"3345","Z=~z1",0.671221935221231,0.0298115802088445,0.6,"PLS",12064,7529351,1000,"ordinal","normal","skewed","Symmetric","3",1,TRUE,0.937000000034459
"3346","Z=~z2",0.730028889703372,0.0271216920676141,0.6,"PLS",12064,7529351,1000,"ordinal","normal","skewed","Symmetric","3",1,TRUE,0.937000000034459
"3347","Z=~z3",0.848184305889777,0.0139697143154677,0.8,"PLS",12064,7529351,1000,"ordinal","normal","skewed","Symmetric","3",1,TRUE,0.937000000034459
"3348","Y=~y1",0.583056584671715,0.0379767784236839,0.4,"PLS",12064,7529351,1000,"ordinal","normal","skewed","Symmetric","3",1,TRUE,0.937000000034459
"3349","Y=~y2",0.746962916168446,0.0241530140199849,0.7,"PLS",12064,7529351,1000,"ordinal","normal","skewed","Symmetric","3",1,TRUE,0.937000000034459
"3350","Y=~y3",0.869208432333191,0.0114870153004134,0.9,"PLS",12064,7529351,1000,"ordinal","normal","skewed","Symmetric","3",1,TRUE,0.937000000034459
"3351","Y~X",0.311707795876307,0.0285103742261018,0.4,"PLS",12064,7529351,1000,"ordinal","normal","skewed","Symmetric","3",1,TRUE,0.937000000034459
"3352","Y~Z",0.349668531700262,0.0278828873348022,0.5,"PLS",12064,7529351,1000,"ordinal","normal","skewed","Symmetric","3",1,TRUE,0.937000000034459
"3353","Y~X:Z",0.144270348412606,0.0239698211638139,0.3,"PLS",12064,7529351,1000,"ordinal","normal","skewed","Symmetric","3",1,TRUE,0.937000000034459
"3354","X~~Z",0.158576528518088,0.032266887494513,0.2,"PLS",12064,7529351,1000,"ordinal","normal","skewed","Symmetric","3",1,TRUE,0.937000000034459
"3355","X=~x1",0.435,0.037,0.4,"Mplus",12064,7529351,1000,"ordinal","normal","skewed","Symmetric","3",1,TRUE,647.025999999954
"3356","X=~x2",0.783,0.032,0.8,"Mplus",12064,7529351,1000,"ordinal","normal","skewed","Symmetric","3",1,TRUE,647.025999999954
"3357","X=~x3",0.771,0.033,0.8,"Mplus",12064,7529351,1000,"ordinal","normal","skewed","Symmetric","3",1,TRUE,647.025999999954
"3358","Z=~z1",0.562,0.034,0.6,"Mplus",12064,7529351,1000,"ordinal","normal","skewed","Symmetric","3",1,TRUE,647.025999999954
"3359","Z=~z2",0.606,0.035,0.6,"Mplus",12064,7529351,1000,"ordinal","normal","skewed","Symmetric","3",1,TRUE,647.025999999954
"3360","Z=~z3",0.824,0.032,0.8,"Mplus",12064,7529351,1000,"ordinal","normal","skewed","Symmetric","3",1,TRUE,647.025999999954
"3361","Y=~y1",0.445,0.037,0.4,"Mplus",12064,7529351,1000,"ordinal","normal","skewed","Symmetric","3",1,TRUE,647.025999999954
"3362","Y=~y2",0.662,0.033,0.7,"Mplus",12064,7529351,1000,"ordinal","normal","skewed","Symmetric","3",1,TRUE,647.025999999954
"3363","Y=~y3",0.874,0.027,0.9,"Mplus",12064,7529351,1000,"ordinal","normal","skewed","Symmetric","3",1,TRUE,647.025999999954
"3364","Y~X",0.456,0.04,0.4,"Mplus",12064,7529351,1000,"ordinal","normal","skewed","Symmetric","3",1,TRUE,647.025999999954
"3365","Y~Z",0.502,0.043,0.5,"Mplus",12064,7529351,1000,"ordinal","normal","skewed","Symmetric","3",1,TRUE,647.025999999954
"3366","Y~X:Z",0.297,0.051,0.3,"Mplus",12064,7529351,1000,"ordinal","normal","skewed","Symmetric","3",1,TRUE,647.025999999954
"3367","X~~Z",0.231,0.046,0.2,"Mplus",12064,7529351,1000,"ordinal","normal","skewed","Symmetric","3",1,TRUE,647.025999999954
"3368","X=~x1",0.397663259472888,0.0331890417998408,0.4,"LSAM",12064,7529351,1000,"ordinal","normal","skewed","Symmetric","3",1,TRUE,0.451000000000931
"3369","X=~x2",0.712580841465945,0.0640833189576035,0.8,"LSAM",12064,7529351,1000,"ordinal","normal","skewed","Symmetric","3",1,TRUE,0.451000000000931
"3370","X=~x3",0.689068647003765,0.0631969758660008,0.8,"LSAM",12064,7529351,1000,"ordinal","normal","skewed","Symmetric","3",1,TRUE,0.451000000000931
"3371","Z=~z1",0.512778460700027,0.0287556655840822,0.6,"LSAM",12064,7529351,1000,"ordinal","normal","skewed","Symmetric","3",1,TRUE,0.451000000000931
"3372","Z=~z2",0.538614362882886,0.049838840549349,0.6,"LSAM",12064,7529351,1000,"ordinal","normal","skewed","Symmetric","3",1,TRUE,0.451000000000931
"3373","Z=~z3",0.747458854557192,0.060251913192229,0.8,"LSAM",12064,7529351,1000,"ordinal","normal","skewed","Symmetric","3",1,TRUE,0.451000000000931
"3374","Y=~y1",0.398647517716996,0.014400366577171,0.4,"LSAM",12064,7529351,1000,"ordinal","normal","skewed","Symmetric","3",1,TRUE,0.451000000000931
"3375","Y=~y2",0.608667939695223,0.0530518467015587,0.7,"LSAM",12064,7529351,1000,"ordinal","normal","skewed","Symmetric","3",1,TRUE,0.451000000000931
"3376","Y=~y3",0.739808822207153,0.0637215298512474,0.9,"LSAM",12064,7529351,1000,"ordinal","normal","skewed","Symmetric","3",1,TRUE,0.451000000000931
"3377","Y~X",0.431882803800131,0.0512056134771271,0.4,"LSAM",12064,7529351,1000,"ordinal","normal","skewed","Symmetric","3",1,TRUE,0.451000000000931
"3378","Y~Z",0.50392979452106,0.0705153255639337,0.5,"LSAM",12064,7529351,1000,"ordinal","normal","skewed","Symmetric","3",1,TRUE,0.451000000000931
"3379","Y~X:Z",0.240208021989414,0.0499794370756477,0.3,"LSAM",12064,7529351,1000,"ordinal","normal","skewed","Symmetric","3",1,TRUE,0.451000000000931
"3380","X~~Z",0.236003140300898,0.0482436855636138,0.2,"LSAM",12064,7529351,1000,"ordinal","normal","skewed","Symmetric","3",1,TRUE,0.451000000000931
"3381","X=~x1",0.275587989806104,0.0863178293119193,0.4,"MC-PLSc",12065,2035574,300,"ordinal","normal","skewed","Symmetric","5",1,TRUE,16.1110000000335
"3382","X=~x2",0.835233609133588,0.0661325506710254,0.8,"MC-PLSc",12065,2035574,300,"ordinal","normal","skewed","Symmetric","5",1,TRUE,16.1110000000335
"3383","X=~x3",0.81476224472531,0.060785462670451,0.8,"MC-PLSc",12065,2035574,300,"ordinal","normal","skewed","Symmetric","5",1,TRUE,16.1110000000335
"3384","Z=~z1",0.676204450986345,0.062928901704345,0.6,"MC-PLSc",12065,2035574,300,"ordinal","normal","skewed","Symmetric","5",1,TRUE,16.1110000000335
"3385","Z=~z2",0.663930078314093,0.0664857918248006,0.6,"MC-PLSc",12065,2035574,300,"ordinal","normal","skewed","Symmetric","5",1,TRUE,16.1110000000335
"3386","Z=~z3",0.762537045369613,0.0546101014347734,0.8,"MC-PLSc",12065,2035574,300,"ordinal","normal","skewed","Symmetric","5",1,TRUE,16.1110000000335
"3387","Y=~y1",0.352382627147426,0.0627237843575546,0.4,"MC-PLSc",12065,2035574,300,"ordinal","normal","skewed","Symmetric","5",1,TRUE,16.1110000000335
"3388","Y=~y2",0.81005917687185,0.0453590688334211,0.7,"MC-PLSc",12065,2035574,300,"ordinal","normal","skewed","Symmetric","5",1,TRUE,16.1110000000335
"3389","Y=~y3",0.853733999358674,0.0424021278637167,0.9,"MC-PLSc",12065,2035574,300,"ordinal","normal","skewed","Symmetric","5",1,TRUE,16.1110000000335
"3390","Y~X",0.423017900330814,0.0591507236522934,0.4,"MC-PLSc",12065,2035574,300,"ordinal","normal","skewed","Symmetric","5",1,TRUE,16.1110000000335
"3391","Y~Z",0.464752051977655,0.0695106699965766,0.5,"MC-PLSc",12065,2035574,300,"ordinal","normal","skewed","Symmetric","5",1,TRUE,16.1110000000335
"3392","Y~X:Z",0.27530085847047,0.0780058592762803,0.3,"MC-PLSc",12065,2035574,300,"ordinal","normal","skewed","Symmetric","5",1,TRUE,16.1110000000335
"3393","X~~Z",0.165570311803917,0.0854729827126038,0.2,"MC-PLSc",12065,2035574,300,"ordinal","normal","skewed","Symmetric","5",1,TRUE,16.1110000000335
"3394","X=~x1",0.213129105437329,0.138962911172114,0.4,"PLSc",12065,2035574,300,"ordinal","normal","skewed","Symmetric","5",1,TRUE,1.2730000000447
"3395","X=~x2",0.804154911985532,0.0664289645107442,0.8,"PLSc",12065,2035574,300,"ordinal","normal","skewed","Symmetric","5",1,TRUE,1.2730000000447
"3396","X=~x3",0.792224156519373,0.059977152902243,0.8,"PLSc",12065,2035574,300,"ordinal","normal","skewed","Symmetric","5",1,TRUE,1.2730000000447
"3397","Z=~z1",0.627024082251401,0.0790797631978856,0.6,"PLSc",12065,2035574,300,"ordinal","normal","skewed","Symmetric","5",1,TRUE,1.2730000000447
"3398","Z=~z2",0.660171990203508,0.0741766414761105,0.6,"PLSc",12065,2035574,300,"ordinal","normal","skewed","Symmetric","5",1,TRUE,1.2730000000447
"3399","Z=~z3",0.715158490608288,0.0701144837813957,0.8,"PLSc",12065,2035574,300,"ordinal","normal","skewed","Symmetric","5",1,TRUE,1.2730000000447
"3400","Y=~y1",0.289286162815063,0.0911738984033591,0.4,"PLSc",12065,2035574,300,"ordinal","normal","skewed","Symmetric","5",1,TRUE,1.2730000000447
"3401","Y=~y2",0.791884595469115,0.0472547323977023,0.7,"PLSc",12065,2035574,300,"ordinal","normal","skewed","Symmetric","5",1,TRUE,1.2730000000447
"3402","Y=~y3",0.817598371645483,0.0457286229394713,0.9,"PLSc",12065,2035574,300,"ordinal","normal","skewed","Symmetric","5",1,TRUE,1.2730000000447
"3403","Y~X",0.42483319856277,0.0704879030358485,0.4,"PLSc",12065,2035574,300,"ordinal","normal","skewed","Symmetric","5",1,TRUE,1.2730000000447
"3404","Y~Z",0.446672262350978,0.0673255175948449,0.5,"PLSc",12065,2035574,300,"ordinal","normal","skewed","Symmetric","5",1,TRUE,1.2730000000447
"3405","Y~X:Z",0.231444914573146,0.0790344953132036,0.3,"PLSc",12065,2035574,300,"ordinal","normal","skewed","Symmetric","5",1,TRUE,1.2730000000447
"3406","X~~Z",0.164742805886712,0.0861561137374334,0.2,"PLSc",12065,2035574,300,"ordinal","normal","skewed","Symmetric","5",1,TRUE,1.2730000000447
"3407","X=~x1",0.394861739419212,0.115783232920232,0.4,"PLS",12065,2035574,300,"ordinal","normal","skewed","Symmetric","5",1,TRUE,0.881999999983236
"3408","X=~x2",0.888907339751979,0.0215719021008274,0.8,"PLS",12065,2035574,300,"ordinal","normal","skewed","Symmetric","5",1,TRUE,0.881999999983236
"3409","X=~x3",0.883699879310857,0.0220210403919779,0.8,"PLS",12065,2035574,300,"ordinal","normal","skewed","Symmetric","5",1,TRUE,0.881999999983236
"3410","Z=~z1",0.779295200690565,0.0398029424981017,0.6,"PLS",12065,2035574,300,"ordinal","normal","skewed","Symmetric","5",1,TRUE,0.881999999983236
"3411","Z=~z2",0.772348942628801,0.0382460816111145,0.6,"PLS",12065,2035574,300,"ordinal","normal","skewed","Symmetric","5",1,TRUE,0.881999999983236
"3412","Z=~z3",0.828384382929421,0.027854494967748,0.8,"PLS",12065,2035574,300,"ordinal","normal","skewed","Symmetric","5",1,TRUE,0.881999999983236
"3413","Y=~y1",0.485207643155635,0.0817124529056493,0.4,"PLS",12065,2035574,300,"ordinal","normal","skewed","Symmetric","5",1,TRUE,0.881999999983236
"3414","Y=~y2",0.875195530139969,0.017696971349926,0.7,"PLS",12065,2035574,300,"ordinal","normal","skewed","Symmetric","5",1,TRUE,0.881999999983236
"3415","Y=~y3",0.889008341643795,0.0154546082581959,0.9,"PLS",12065,2035574,300,"ordinal","normal","skewed","Symmetric","5",1,TRUE,0.881999999983236
"3416","Y~X",0.340647553472412,0.0477213321703367,0.4,"PLS",12065,2035574,300,"ordinal","normal","skewed","Symmetric","5",1,TRUE,0.881999999983236
"3417","Y~Z",0.35315240801066,0.0440967781362209,0.5,"PLS",12065,2035574,300,"ordinal","normal","skewed","Symmetric","5",1,TRUE,0.881999999983236
"3418","Y~X:Z",0.171042699721429,0.0481875179400955,0.3,"PLS",12065,2035574,300,"ordinal","normal","skewed","Symmetric","5",1,TRUE,0.881999999983236
"3419","X~~Z",0.122195556674445,0.0639290679307996,0.2,"PLS",12065,2035574,300,"ordinal","normal","skewed","Symmetric","5",1,TRUE,0.881999999983236
"3420","X=~x1",0.313,0.063,0.4,"Mplus",12065,2035574,300,"ordinal","normal","skewed","Symmetric","5",1,TRUE,217.54700000002
"3421","X=~x2",0.835,0.055,0.8,"Mplus",12065,2035574,300,"ordinal","normal","skewed","Symmetric","5",1,TRUE,217.54700000002
"3422","X=~x3",0.779,0.053,0.8,"Mplus",12065,2035574,300,"ordinal","normal","skewed","Symmetric","5",1,TRUE,217.54700000002
"3423","Z=~z1",0.67,0.053,0.6,"Mplus",12065,2035574,300,"ordinal","normal","skewed","Symmetric","5",1,TRUE,217.54700000002
"3424","Z=~z2",0.634,0.056,0.6,"Mplus",12065,2035574,300,"ordinal","normal","skewed","Symmetric","5",1,TRUE,217.54700000002
"3425","Z=~z3",0.759,0.049,0.8,"Mplus",12065,2035574,300,"ordinal","normal","skewed","Symmetric","5",1,TRUE,217.54700000002
"3426","Y=~y1",0.365,0.064,0.4,"Mplus",12065,2035574,300,"ordinal","normal","skewed","Symmetric","5",1,TRUE,217.54700000002
"3427","Y=~y2",0.804,0.043,0.7,"Mplus",12065,2035574,300,"ordinal","normal","skewed","Symmetric","5",1,TRUE,217.54700000002
"3428","Y=~y3",0.834,0.044,0.9,"Mplus",12065,2035574,300,"ordinal","normal","skewed","Symmetric","5",1,TRUE,217.54700000002
"3429","Y~X",0.426,0.063,0.4,"Mplus",12065,2035574,300,"ordinal","normal","skewed","Symmetric","5",1,TRUE,217.54700000002
"3430","Y~Z",0.479,0.067,0.5,"Mplus",12065,2035574,300,"ordinal","normal","skewed","Symmetric","5",1,TRUE,217.54700000002
"3431","Y~X:Z",0.276,0.075,0.3,"Mplus",12065,2035574,300,"ordinal","normal","skewed","Symmetric","5",1,TRUE,217.54700000002
"3432","X~~Z",0.181,0.085,0.2,"Mplus",12065,2035574,300,"ordinal","normal","skewed","Symmetric","5",1,TRUE,217.54700000002
"3433","X=~x1",0.314808647059579,0.059972646919405,0.4,"LSAM",12065,2035574,300,"ordinal","normal","skewed","Symmetric","5",1,TRUE,0.420999999972992
"3434","X=~x2",0.797677037790096,0.121743725612099,0.8,"LSAM",12065,2035574,300,"ordinal","normal","skewed","Symmetric","5",1,TRUE,0.420999999972992
"3435","X=~x3",0.752701688949604,0.121311762776343,0.8,"LSAM",12065,2035574,300,"ordinal","normal","skewed","Symmetric","5",1,TRUE,0.420999999972992
"3436","Z=~z1",0.659823826764948,0.0444869176177065,0.6,"LSAM",12065,2035574,300,"ordinal","normal","skewed","Symmetric","5",1,TRUE,0.420999999972992
"3437","Z=~z2",0.601433303703937,0.0731567142972132,0.6,"LSAM",12065,2035574,300,"ordinal","normal","skewed","Symmetric","5",1,TRUE,0.420999999972992
"3438","Z=~z3",0.743432568035313,0.0763239981920607,0.8,"LSAM",12065,2035574,300,"ordinal","normal","skewed","Symmetric","5",1,TRUE,0.420999999972992
"3439","Y=~y1",0.372107252108582,0.0231518135411186,0.4,"LSAM",12065,2035574,300,"ordinal","normal","skewed","Symmetric","5",1,TRUE,0.420999999972992
"3440","Y=~y2",0.727164014004388,0.0839359022827481,0.7,"LSAM",12065,2035574,300,"ordinal","normal","skewed","Symmetric","5",1,TRUE,0.420999999972992
"3441","Y=~y3",0.833232873097584,0.0915877073863172,0.9,"LSAM",12065,2035574,300,"ordinal","normal","skewed","Symmetric","5",1,TRUE,0.420999999972992
"3442","Y~X",0.433175577476105,0.0708729223582036,0.4,"LSAM",12065,2035574,300,"ordinal","normal","skewed","Symmetric","5",1,TRUE,0.420999999972992
"3443","Y~Z",0.445697614386714,0.0805987288740814,0.5,"LSAM",12065,2035574,300,"ordinal","normal","skewed","Symmetric","5",1,TRUE,0.420999999972992
"3444","Y~X:Z",0.224175654216876,0.0675736042629342,0.3,"LSAM",12065,2035574,300,"ordinal","normal","skewed","Symmetric","5",1,TRUE,0.420999999972992
"3445","X~~Z",0.166764737819551,0.0837285127824809,0.2,"LSAM",12065,2035574,300,"ordinal","normal","skewed","Symmetric","5",1,TRUE,0.420999999972992
"3446","X=~x1",0.377228729004887,0.0450580304845305,0.4,"MC-PLSc",12066,6015014,1000,"ordinal","normal","skewed","Symmetric","5",1,TRUE,19.6849999999977
"3447","X=~x2",0.842522726607552,0.0290028243290999,0.8,"MC-PLSc",12066,6015014,1000,"ordinal","normal","skewed","Symmetric","5",1,TRUE,19.6849999999977
"3448","X=~x3",0.782013226960113,0.0276041934802645,0.8,"MC-PLSc",12066,6015014,1000,"ordinal","normal","skewed","Symmetric","5",1,TRUE,19.6849999999977
"3449","Z=~z1",0.506513183113789,0.0397180300628886,0.6,"MC-PLSc",12066,6015014,1000,"ordinal","normal","skewed","Symmetric","5",1,TRUE,19.6849999999977
"3450","Z=~z2",0.563053052156691,0.0398170653996694,0.6,"MC-PLSc",12066,6015014,1000,"ordinal","normal","skewed","Symmetric","5",1,TRUE,19.6849999999977
"3451","Z=~z3",0.809773071983161,0.0369116239570807,0.8,"MC-PLSc",12066,6015014,1000,"ordinal","normal","skewed","Symmetric","5",1,TRUE,19.6849999999977
"3452","Y=~y1",0.387358774049131,0.0371443119907398,0.4,"MC-PLSc",12066,6015014,1000,"ordinal","normal","skewed","Symmetric","5",1,TRUE,19.6849999999977
"3453","Y=~y2",0.722607831766991,0.0297776072678062,0.7,"MC-PLSc",12066,6015014,1000,"ordinal","normal","skewed","Symmetric","5",1,TRUE,19.6849999999977
"3454","Y=~y3",0.87920347379118,0.0239164683123361,0.9,"MC-PLSc",12066,6015014,1000,"ordinal","normal","skewed","Symmetric","5",1,TRUE,19.6849999999977
"3455","Y~X",0.446436279251702,0.0379426879657669,0.4,"MC-PLSc",12066,6015014,1000,"ordinal","normal","skewed","Symmetric","5",1,TRUE,19.6849999999977
"3456","Y~Z",0.436716519117078,0.041663053769988,0.5,"MC-PLSc",12066,6015014,1000,"ordinal","normal","skewed","Symmetric","5",1,TRUE,19.6849999999977
"3457","Y~X:Z",0.32827130295415,0.0412639043034353,0.3,"MC-PLSc",12066,6015014,1000,"ordinal","normal","skewed","Symmetric","5",1,TRUE,19.6849999999977
"3458","X~~Z",0.229322869601385,0.0460364439839722,0.2,"MC-PLSc",12066,6015014,1000,"ordinal","normal","skewed","Symmetric","5",1,TRUE,19.6849999999977
"3459","X=~x1",0.324108858338409,0.0606697587913078,0.4,"PLSc",12066,6015014,1000,"ordinal","normal","skewed","Symmetric","5",1,TRUE,1.35899999999674
"3460","X=~x2",0.821181478618427,0.0345920894308658,0.8,"PLSc",12066,6015014,1000,"ordinal","normal","skewed","Symmetric","5",1,TRUE,1.35899999999674
"3461","X=~x3",0.754298940478798,0.033351990371427,0.8,"PLSc",12066,6015014,1000,"ordinal","normal","skewed","Symmetric","5",1,TRUE,1.35899999999674
"3462","Z=~z1",0.462420944142267,0.0516789709687329,0.6,"PLSc",12066,6015014,1000,"ordinal","normal","skewed","Symmetric","5",1,TRUE,1.35899999999674
"3463","Z=~z2",0.52049488201172,0.0484612880537381,0.6,"PLSc",12066,6015014,1000,"ordinal","normal","skewed","Symmetric","5",1,TRUE,1.35899999999674
"3464","Z=~z3",0.812547896578909,0.0433544133088486,0.8,"PLSc",12066,6015014,1000,"ordinal","normal","skewed","Symmetric","5",1,TRUE,1.35899999999674
"3465","Y=~y1",0.367742538791594,0.0472546334749818,0.4,"PLSc",12066,6015014,1000,"ordinal","normal","skewed","Symmetric","5",1,TRUE,1.35899999999674
"3466","Y=~y2",0.688893782882831,0.0288324597375066,0.7,"PLSc",12066,6015014,1000,"ordinal","normal","skewed","Symmetric","5",1,TRUE,1.35899999999674
"3467","Y=~y3",0.826849054966782,0.0313187086177366,0.9,"PLSc",12066,6015014,1000,"ordinal","normal","skewed","Symmetric","5",1,TRUE,1.35899999999674
"3468","Y~X",0.448971132522304,0.039795510355146,0.4,"PLSc",12066,6015014,1000,"ordinal","normal","skewed","Symmetric","5",1,TRUE,1.35899999999674
"3469","Y~Z",0.44463993444319,0.0427987789120722,0.5,"PLSc",12066,6015014,1000,"ordinal","normal","skewed","Symmetric","5",1,TRUE,1.35899999999674
"3470","Y~X:Z",0.300199371146159,0.0452601597945172,0.3,"PLSc",12066,6015014,1000,"ordinal","normal","skewed","Symmetric","5",1,TRUE,1.35899999999674
"3471","X~~Z",0.225930653267453,0.0427476417733461,0.2,"PLSc",12066,6015014,1000,"ordinal","normal","skewed","Symmetric","5",1,TRUE,1.35899999999674
"3472","X=~x1",0.516658636328781,0.0462445427090838,0.4,"PLS",12066,6015014,1000,"ordinal","normal","skewed","Symmetric","5",1,TRUE,0.951000000000931
"3473","X=~x2",0.882040925177597,0.0114934065527343,0.8,"PLS",12066,6015014,1000,"ordinal","normal","skewed","Symmetric","5",1,TRUE,0.951000000000931
"3474","X=~x3",0.861668413700599,0.0125186426031801,0.8,"PLS",12066,6015014,1000,"ordinal","normal","skewed","Symmetric","5",1,TRUE,0.951000000000931
"3475","Z=~z1",0.66396521406425,0.034935765995012,0.6,"PLS",12066,6015014,1000,"ordinal","normal","skewed","Symmetric","5",1,TRUE,0.951000000000931
"3476","Z=~z2",0.717892199567579,0.0283381141444715,0.6,"PLS",12066,6015014,1000,"ordinal","normal","skewed","Symmetric","5",1,TRUE,0.951000000000931
"3477","Z=~z3",0.859093145650845,0.0157455230353104,0.8,"PLS",12066,6015014,1000,"ordinal","normal","skewed","Symmetric","5",1,TRUE,0.951000000000931
"3478","Y=~y1",0.527738653029218,0.0417447813380072,0.4,"PLS",12066,6015014,1000,"ordinal","normal","skewed","Symmetric","5",1,TRUE,0.951000000000931
"3479","Y=~y2",0.830635893762847,0.0136790514813501,0.7,"PLS",12066,6015014,1000,"ordinal","normal","skewed","Symmetric","5",1,TRUE,0.951000000000931
"3480","Y=~y3",0.889640489208974,0.00913370772291134,0.9,"PLS",12066,6015014,1000,"ordinal","normal","skewed","Symmetric","5",1,TRUE,0.951000000000931
"3481","Y~X",0.358124887509265,0.0259960703854381,0.4,"PLS",12066,6015014,1000,"ordinal","normal","skewed","Symmetric","5",1,TRUE,0.951000000000931
"3482","Y~Z",0.324254970813267,0.0257896919569906,0.5,"PLS",12066,6015014,1000,"ordinal","normal","skewed","Symmetric","5",1,TRUE,0.951000000000931
"3483","Y~X:Z",0.195088479258783,0.0250454834047818,0.3,"PLS",12066,6015014,1000,"ordinal","normal","skewed","Symmetric","5",1,TRUE,0.951000000000931
"3484","X~~Z",0.164091649494105,0.0309329553274298,0.2,"PLS",12066,6015014,1000,"ordinal","normal","skewed","Symmetric","5",1,TRUE,0.951000000000931
"3485","X=~x1",0.397,0.035,0.4,"Mplus",12066,6015014,1000,"ordinal","normal","skewed","Symmetric","5",1,TRUE,1016.56900000002
"3486","X=~x2",0.811,0.027,0.8,"Mplus",12066,6015014,1000,"ordinal","normal","skewed","Symmetric","5",1,TRUE,1016.56900000002
"3487","X=~x3",0.781,0.028,0.8,"Mplus",12066,6015014,1000,"ordinal","normal","skewed","Symmetric","5",1,TRUE,1016.56900000002
"3488","Z=~z1",0.514,0.035,0.6,"Mplus",12066,6015014,1000,"ordinal","normal","skewed","Symmetric","5",1,TRUE,1016.56900000002
"3489","Z=~z2",0.581,0.035,0.6,"Mplus",12066,6015014,1000,"ordinal","normal","skewed","Symmetric","5",1,TRUE,1016.56900000002
"3490","Z=~z3",0.753,0.035,0.8,"Mplus",12066,6015014,1000,"ordinal","normal","skewed","Symmetric","5",1,TRUE,1016.56900000002
"3491","Y=~y1",0.377,0.032,0.4,"Mplus",12066,6015014,1000,"ordinal","normal","skewed","Symmetric","5",1,TRUE,1016.56900000002
"3492","Y=~y2",0.71,0.026,0.7,"Mplus",12066,6015014,1000,"ordinal","normal","skewed","Symmetric","5",1,TRUE,1016.56900000002
"3493","Y=~y3",0.869,0.023,0.9,"Mplus",12066,6015014,1000,"ordinal","normal","skewed","Symmetric","5",1,TRUE,1016.56900000002
"3494","Y~X",0.45,0.038,0.4,"Mplus",12066,6015014,1000,"ordinal","normal","skewed","Symmetric","5",1,TRUE,1016.56900000002
"3495","Y~Z",0.445,0.038,0.5,"Mplus",12066,6015014,1000,"ordinal","normal","skewed","Symmetric","5",1,TRUE,1016.56900000002
"3496","Y~X:Z",0.288,0.059,0.3,"Mplus",12066,6015014,1000,"ordinal","normal","skewed","Symmetric","5",1,TRUE,1016.56900000002
"3497","X~~Z",0.231,0.046,0.2,"Mplus",12066,6015014,1000,"ordinal","normal","skewed","Symmetric","5",1,TRUE,1016.56900000002
"3498","X=~x1",0.392342960148219,0.0311573502985293,0.4,"LSAM",12066,6015014,1000,"ordinal","normal","skewed","Symmetric","5",1,TRUE,0.423999999999069
"3499","X=~x2",0.777566597034426,0.0549105519716086,0.8,"LSAM",12066,6015014,1000,"ordinal","normal","skewed","Symmetric","5",1,TRUE,0.423999999999069
"3500","X=~x3",0.749860059725273,0.0547730141501011,0.8,"LSAM",12066,6015014,1000,"ordinal","normal","skewed","Symmetric","5",1,TRUE,0.423999999999069
"3501","Z=~z1",0.53029062186967,0.0279264597193178,0.6,"LSAM",12066,6015014,1000,"ordinal","normal","skewed","Symmetric","5",1,TRUE,0.423999999999069
"3502","Z=~z2",0.593671706109409,0.0521503491137933,0.6,"LSAM",12066,6015014,1000,"ordinal","normal","skewed","Symmetric","5",1,TRUE,0.423999999999069
"3503","Z=~z3",0.671072977014978,0.0560276149200303,0.8,"LSAM",12066,6015014,1000,"ordinal","normal","skewed","Symmetric","5",1,TRUE,0.423999999999069
"3504","Y=~y1",0.362531079620339,0.0122664197181797,0.4,"LSAM",12066,6015014,1000,"ordinal","normal","skewed","Symmetric","5",1,TRUE,0.423999999999069
"3505","Y=~y2",0.653123579509226,0.0463221889797394,0.7,"LSAM",12066,6015014,1000,"ordinal","normal","skewed","Symmetric","5",1,TRUE,0.423999999999069
"3506","Y=~y3",0.873197709559595,0.0574806186672704,0.9,"LSAM",12066,6015014,1000,"ordinal","normal","skewed","Symmetric","5",1,TRUE,0.423999999999069
"3507","Y~X",0.431999311078227,0.0464409280490206,0.4,"LSAM",12066,6015014,1000,"ordinal","normal","skewed","Symmetric","5",1,TRUE,0.423999999999069
"3508","Y~Z",0.444317919142798,0.0601299732721437,0.5,"LSAM",12066,6015014,1000,"ordinal","normal","skewed","Symmetric","5",1,TRUE,0.423999999999069
"3509","Y~X:Z",0.293535946985328,0.0429890787486367,0.3,"LSAM",12066,6015014,1000,"ordinal","normal","skewed","Symmetric","5",1,TRUE,0.423999999999069
"3510","X~~Z",0.235791830481442,0.0497793804464701,0.2,"LSAM",12066,6015014,1000,"ordinal","normal","skewed","Symmetric","5",1,TRUE,0.423999999999069
"3511","X=~x1",-0.0264406144126156,0.203905616121619,0.4,"MC-PLSc",12067,9573473,300,"ordinal","normal","skewed","Extreme","2",1,TRUE,13.7039999999688
"3512","X=~x2",0.739001777194574,0.260389663021064,0.8,"MC-PLSc",12067,9573473,300,"ordinal","normal","skewed","Extreme","2",1,TRUE,13.7039999999688
"3513","X=~x3",0.734510283302134,0.346066815309862,0.8,"MC-PLSc",12067,9573473,300,"ordinal","normal","skewed","Extreme","2",1,TRUE,13.7039999999688
"3514","Z=~z1",0.623344664519927,0.166580684730679,0.6,"MC-PLSc",12067,9573473,300,"ordinal","normal","skewed","Extreme","2",1,TRUE,13.7039999999688
"3515","Z=~z2",0.645039423160902,0.155816821820223,0.6,"MC-PLSc",12067,9573473,300,"ordinal","normal","skewed","Extreme","2",1,TRUE,13.7039999999688
"3516","Z=~z3",0.87426396313811,0.161243214575264,0.8,"MC-PLSc",12067,9573473,300,"ordinal","normal","skewed","Extreme","2",1,TRUE,13.7039999999688
"3517","Y=~y1",0.433577004139751,0.123532759171669,0.4,"MC-PLSc",12067,9573473,300,"ordinal","normal","skewed","Extreme","2",1,TRUE,13.7039999999688
"3518","Y=~y2",0.76858889819695,0.138830224032725,0.7,"MC-PLSc",12067,9573473,300,"ordinal","normal","skewed","Extreme","2",1,TRUE,13.7039999999688
"3519","Y=~y3",0.840385889042717,0.131191294248775,0.9,"MC-PLSc",12067,9573473,300,"ordinal","normal","skewed","Extreme","2",1,TRUE,13.7039999999688
"3520","Y~X",0.404260005028402,0.254891869349218,0.4,"MC-PLSc",12067,9573473,300,"ordinal","normal","skewed","Extreme","2",1,TRUE,13.7039999999688
"3521","Y~Z",0.493187405878008,0.229426327462686,0.5,"MC-PLSc",12067,9573473,300,"ordinal","normal","skewed","Extreme","2",1,TRUE,13.7039999999688
"3522","Y~X:Z",0.390641070580791,0.527694645104894,0.3,"MC-PLSc",12067,9573473,300,"ordinal","normal","skewed","Extreme","2",1,TRUE,13.7039999999688
"3523","X~~Z",0.0615188498231463,0.148064464343418,0.2,"MC-PLSc",12067,9573473,300,"ordinal","normal","skewed","Extreme","2",1,TRUE,13.7039999999688
"3524","X=~x1",-0.112424515094252,0.128952311414086,0.4,"PLSc",12067,9573473,300,"ordinal","normal","skewed","Extreme","2",1,TRUE,1.26699999999255
"3525","X=~x2",0.517837276961353,0.176913496911548,0.8,"PLSc",12067,9573473,300,"ordinal","normal","skewed","Extreme","2",1,TRUE,1.26699999999255
"3526","X=~x3",0.502370121044339,0.18593500806175,0.8,"PLSc",12067,9573473,300,"ordinal","normal","skewed","Extreme","2",1,TRUE,1.26699999999255
"3527","Z=~z1",0.450827333764917,0.142875077799309,0.6,"PLSc",12067,9573473,300,"ordinal","normal","skewed","Extreme","2",1,TRUE,1.26699999999255
"3528","Z=~z2",0.468028811030044,0.167469618161904,0.6,"PLSc",12067,9573473,300,"ordinal","normal","skewed","Extreme","2",1,TRUE,1.26699999999255
"3529","Z=~z3",0.669078343746561,0.165863254110246,0.8,"PLSc",12067,9573473,300,"ordinal","normal","skewed","Extreme","2",1,TRUE,1.26699999999255
"3530","Y=~y1",0.359328911342181,0.117261305028417,0.4,"PLSc",12067,9573473,300,"ordinal","normal","skewed","Extreme","2",1,TRUE,1.26699999999255
"3531","Y=~y2",0.640605858121923,0.107436270367797,0.7,"PLSc",12067,9573473,300,"ordinal","normal","skewed","Extreme","2",1,TRUE,1.26699999999255
"3532","Y=~y3",0.637071500088582,0.0963266580776169,0.9,"PLSc",12067,9573473,300,"ordinal","normal","skewed","Extreme","2",1,TRUE,1.26699999999255
"3533","Y~X",0.443662417598299,1.56010367695229,0.4,"PLSc",12067,9573473,300,"ordinal","normal","skewed","Extreme","2",1,TRUE,1.26699999999255
"3534","Y~Z",0.449807257446861,1.95135358196483,0.5,"PLSc",12067,9573473,300,"ordinal","normal","skewed","Extreme","2",1,TRUE,1.26699999999255
"3535","Y~X:Z",0.217081597589273,3.83205398619973,0.3,"PLSc",12067,9573473,300,"ordinal","normal","skewed","Extreme","2",1,TRUE,1.26699999999255
"3536","X~~Z",0.0503486885783495,0.16083507982651,0.2,"PLSc",12067,9573473,300,"ordinal","normal","skewed","Extreme","2",1,TRUE,1.26699999999255
"3537","X=~x1",-0.0289076581634215,0.19264731076202,0.4,"PLS",12067,9573473,300,"ordinal","normal","skewed","Extreme","2",1,TRUE,0.887999999977183
"3538","X=~x2",0.814297396913709,0.130507593425341,0.8,"PLS",12067,9573473,300,"ordinal","normal","skewed","Extreme","2",1,TRUE,0.887999999977183
"3539","X=~x3",0.797650987458389,0.143272314600847,0.8,"PLS",12067,9573473,300,"ordinal","normal","skewed","Extreme","2",1,TRUE,0.887999999977183
"3540","Z=~z1",0.644053412142687,0.125606050611027,0.6,"PLS",12067,9573473,300,"ordinal","normal","skewed","Extreme","2",1,TRUE,0.887999999977183
"3541","Z=~z2",0.673215872815495,0.142618176735836,0.6,"PLS",12067,9573473,300,"ordinal","normal","skewed","Extreme","2",1,TRUE,0.887999999977183
"3542","Z=~z3",0.823354781735781,0.10416825095333,0.8,"PLS",12067,9573473,300,"ordinal","normal","skewed","Extreme","2",1,TRUE,0.887999999977183
"3543","Y=~y1",0.480956494356003,0.124281749789225,0.4,"PLS",12067,9573473,300,"ordinal","normal","skewed","Extreme","2",1,TRUE,0.887999999977183
"3544","Y=~y2",0.80237140359445,0.0733576521036795,0.7,"PLS",12067,9573473,300,"ordinal","normal","skewed","Extreme","2",1,TRUE,0.887999999977183
"3545","Y=~y3",0.837457684947545,0.0433840266551054,0.9,"PLS",12067,9573473,300,"ordinal","normal","skewed","Extreme","2",1,TRUE,0.887999999977183
"3546","Y~X",0.227318026692008,0.0590423544506181,0.4,"PLS",12067,9573473,300,"ordinal","normal","skewed","Extreme","2",1,TRUE,0.887999999977183
"3547","Y~Z",0.28729384976146,0.0745665642185905,0.5,"PLS",12067,9573473,300,"ordinal","normal","skewed","Extreme","2",1,TRUE,0.887999999977183
"3548","Y~X:Z",0.134751199340534,0.0890701451352209,0.3,"PLS",12067,9573473,300,"ordinal","normal","skewed","Extreme","2",1,TRUE,0.887999999977183
"3549","X~~Z",0.0244614528687577,0.0632716601338007,0.2,"PLS",12067,9573473,300,"ordinal","normal","skewed","Extreme","2",1,TRUE,0.887999999977183
"3550","X=~x1",0.243,0.135,0.4,"Mplus",12067,9573473,300,"ordinal","normal","skewed","Extreme","2",1,TRUE,64.7390000000014
"3551","X=~x2",0.671,0.115,0.8,"Mplus",12067,9573473,300,"ordinal","normal","skewed","Extreme","2",1,TRUE,64.7390000000014
"3552","X=~x3",0.827,0.127,0.8,"Mplus",12067,9573473,300,"ordinal","normal","skewed","Extreme","2",1,TRUE,64.7390000000014
"3553","Z=~z1",0.609,0.103,0.6,"Mplus",12067,9573473,300,"ordinal","normal","skewed","Extreme","2",1,TRUE,64.7390000000014
"3554","Z=~z2",0.699,0.106,0.6,"Mplus",12067,9573473,300,"ordinal","normal","skewed","Extreme","2",1,TRUE,64.7390000000014
"3555","Z=~z3",0.82,0.105,0.8,"Mplus",12067,9573473,300,"ordinal","normal","skewed","Extreme","2",1,TRUE,64.7390000000014
"3556","Y=~y1",0.401,0.103,0.4,"Mplus",12067,9573473,300,"ordinal","normal","skewed","Extreme","2",1,TRUE,64.7390000000014
"3557","Y=~y2",0.723,0.091,0.7,"Mplus",12067,9573473,300,"ordinal","normal","skewed","Extreme","2",1,TRUE,64.7390000000014
"3558","Y=~y3",0.91,0.1,0.9,"Mplus",12067,9573473,300,"ordinal","normal","skewed","Extreme","2",1,TRUE,64.7390000000014
"3559","Y~X",0.571,0.18,0.4,"Mplus",12067,9573473,300,"ordinal","normal","skewed","Extreme","2",1,TRUE,64.7390000000014
"3560","Y~Z",0.583,0.192,0.5,"Mplus",12067,9573473,300,"ordinal","normal","skewed","Extreme","2",1,TRUE,64.7390000000014
"3561","Y~X:Z",0.35,0.236,0.3,"Mplus",12067,9573473,300,"ordinal","normal","skewed","Extreme","2",1,TRUE,64.7390000000014
"3562","X~~Z",-0.109,0.172,0.2,"Mplus",12067,9573473,300,"ordinal","normal","skewed","Extreme","2",1,TRUE,64.7390000000014
"3563","X=~x1",0.295262943558143,0.0843478529685583,0.4,"LSAM",12067,9573473,300,"ordinal","normal","skewed","Extreme","2",1,TRUE,0.512999999977183
"3564","X=~x2",0.502456962044628,0.185834993043776,0.8,"LSAM",12067,9573473,300,"ordinal","normal","skewed","Extreme","2",1,TRUE,0.512999999977183
"3565","X=~x3",0.576632315011494,0.212135820181587,0.8,"LSAM",12067,9573473,300,"ordinal","normal","skewed","Extreme","2",1,TRUE,0.512999999977183
"3566","Z=~z1",0.435962344860634,0.3402872277561,0.6,"LSAM",12067,9573473,300,"ordinal","normal","skewed","Extreme","2",1,TRUE,0.512999999977183
"3567","Z=~z2",0.480769757342044,0.36868575613148,0.6,"LSAM",12067,9573473,300,"ordinal","normal","skewed","Extreme","2",1,TRUE,0.512999999977183
"3568","Z=~z3",0.671299635447854,0.381414572369327,0.8,"LSAM",12067,9573473,300,"ordinal","normal","skewed","Extreme","2",1,TRUE,0.512999999977183
"3569","Y=~y1",0.309366972725814,0.0257832258921622,0.4,"LSAM",12067,9573473,300,"ordinal","normal","skewed","Extreme","2",1,TRUE,0.512999999977183
"3570","Y=~y2",0.519297038737971,0.0968547253019671,0.7,"LSAM",12067,9573473,300,"ordinal","normal","skewed","Extreme","2",1,TRUE,0.512999999977183
"3571","Y=~y3",0.890321118061902,0.165408517144214,0.9,"LSAM",12067,9573473,300,"ordinal","normal","skewed","Extreme","2",1,TRUE,0.512999999977183
"3572","Y~X",0.443452427038671,0.406122745467916,0.4,"LSAM",12067,9573473,300,"ordinal","normal","skewed","Extreme","2",1,TRUE,0.512999999977183
"3573","Y~Z",0.425451053781272,0.635937696476684,0.5,"LSAM",12067,9573473,300,"ordinal","normal","skewed","Extreme","2",1,TRUE,0.512999999977183
"3574","Y~X:Z",0.471039917108157,1.2626089751533,0.3,"LSAM",12067,9573473,300,"ordinal","normal","skewed","Extreme","2",1,TRUE,0.512999999977183
"3575","X~~Z",-0.0510332664022245,0.125982186205224,0.2,"LSAM",12067,9573473,300,"ordinal","normal","skewed","Extreme","2",1,TRUE,0.512999999977183
"3576","X=~x1",0.491171033792852,0.0804005551313373,0.4,"MC-PLSc",12068,1754186,1000,"ordinal","normal","skewed","Extreme","2",1,TRUE,14.1439999999711
"3577","X=~x2",0.712353965570698,0.0712480859049308,0.8,"MC-PLSc",12068,1754186,1000,"ordinal","normal","skewed","Extreme","2",1,TRUE,14.1439999999711
"3578","X=~x3",0.862678562525259,0.0769177299779414,0.8,"MC-PLSc",12068,1754186,1000,"ordinal","normal","skewed","Extreme","2",1,TRUE,14.1439999999711
"3579","Z=~z1",0.60482061866378,0.0638620972387883,0.6,"MC-PLSc",12068,1754186,1000,"ordinal","normal","skewed","Extreme","2",1,TRUE,14.1439999999711
"3580","Z=~z2",0.554413785200062,0.0640939627965814,0.6,"MC-PLSc",12068,1754186,1000,"ordinal","normal","skewed","Extreme","2",1,TRUE,14.1439999999711
"3581","Z=~z3",0.895307848046004,0.0769587036303883,0.8,"MC-PLSc",12068,1754186,1000,"ordinal","normal","skewed","Extreme","2",1,TRUE,14.1439999999711
"3582","Y=~y1",0.431475277135542,0.0560562433407245,0.4,"MC-PLSc",12068,1754186,1000,"ordinal","normal","skewed","Extreme","2",1,TRUE,14.1439999999711
"3583","Y=~y2",0.808879454234674,0.0589195050218047,0.7,"MC-PLSc",12068,1754186,1000,"ordinal","normal","skewed","Extreme","2",1,TRUE,14.1439999999711
"3584","Y=~y3",0.845888373062663,0.0471822135774182,0.9,"MC-PLSc",12068,1754186,1000,"ordinal","normal","skewed","Extreme","2",1,TRUE,14.1439999999711
"3585","Y~X",0.325608277416251,0.102646734952173,0.4,"MC-PLSc",12068,1754186,1000,"ordinal","normal","skewed","Extreme","2",1,TRUE,14.1439999999711
"3586","Y~Z",0.455106414439156,0.108978211470623,0.5,"MC-PLSc",12068,1754186,1000,"ordinal","normal","skewed","Extreme","2",1,TRUE,14.1439999999711
"3587","Y~X:Z",0.315193998294064,0.161341859998841,0.3,"MC-PLSc",12068,1754186,1000,"ordinal","normal","skewed","Extreme","2",1,TRUE,14.1439999999711
"3588","X~~Z",0.151133210528722,0.0819838124733874,0.2,"MC-PLSc",12068,1754186,1000,"ordinal","normal","skewed","Extreme","2",1,TRUE,14.1439999999711
"3589","X=~x1",0.393780045216508,0.0840654723519176,0.4,"PLSc",12068,1754186,1000,"ordinal","normal","skewed","Extreme","2",1,TRUE,1.37599999998929
"3590","X=~x2",0.507973275160274,0.0849392918821961,0.8,"PLSc",12068,1754186,1000,"ordinal","normal","skewed","Extreme","2",1,TRUE,1.37599999998929
"3591","X=~x3",0.633503711416403,0.0827205039358458,0.8,"PLSc",12068,1754186,1000,"ordinal","normal","skewed","Extreme","2",1,TRUE,1.37599999998929
"3592","Z=~z1",0.476756532185224,0.0657852187441985,0.6,"PLSc",12068,1754186,1000,"ordinal","normal","skewed","Extreme","2",1,TRUE,1.37599999998929
"3593","Z=~z2",0.352610953023511,0.0796720661520835,0.6,"PLSc",12068,1754186,1000,"ordinal","normal","skewed","Extreme","2",1,TRUE,1.37599999998929
"3594","Z=~z3",0.682796639968256,0.0662493011671915,0.8,"PLSc",12068,1754186,1000,"ordinal","normal","skewed","Extreme","2",1,TRUE,1.37599999998929
"3595","Y=~y1",0.311462900777435,0.0700729853013941,0.4,"PLSc",12068,1754186,1000,"ordinal","normal","skewed","Extreme","2",1,TRUE,1.37599999998929
"3596","Y=~y2",0.644432831898479,0.0558716555480856,0.7,"PLSc",12068,1754186,1000,"ordinal","normal","skewed","Extreme","2",1,TRUE,1.37599999998929
"3597","Y=~y3",0.704175328672438,0.0512786681786923,0.9,"PLSc",12068,1754186,1000,"ordinal","normal","skewed","Extreme","2",1,TRUE,1.37599999998929
"3598","Y~X",0.333314617853555,0.276067774315803,0.4,"PLSc",12068,1754186,1000,"ordinal","normal","skewed","Extreme","2",1,TRUE,1.37599999998929
"3599","Y~Z",0.419760843768823,0.216801802497407,0.5,"PLSc",12068,1754186,1000,"ordinal","normal","skewed","Extreme","2",1,TRUE,1.37599999998929
"3600","Y~X:Z",0.151025942593797,1.2087201436388,0.3,"PLSc",12068,1754186,1000,"ordinal","normal","skewed","Extreme","2",1,TRUE,1.37599999998929
"3601","X~~Z",0.119832968211636,0.0639163491569428,0.2,"PLSc",12068,1754186,1000,"ordinal","normal","skewed","Extreme","2",1,TRUE,1.37599999998929
"3602","X=~x1",0.527436359682511,0.0851296093775533,0.4,"PLS",12068,1754186,1000,"ordinal","normal","skewed","Extreme","2",1,TRUE,0.924999999988358
"3603","X=~x2",0.732882499226324,0.0564373402220303,0.8,"PLS",12068,1754186,1000,"ordinal","normal","skewed","Extreme","2",1,TRUE,0.924999999988358
"3604","X=~x3",0.83232674684787,0.0397248480350556,0.8,"PLS",12068,1754186,1000,"ordinal","normal","skewed","Extreme","2",1,TRUE,0.924999999988358
"3605","Z=~z1",0.650449950445759,0.0619233472769957,0.6,"PLS",12068,1754186,1000,"ordinal","normal","skewed","Extreme","2",1,TRUE,0.924999999988358
"3606","Z=~z2",0.598921090893741,0.0649411709826582,0.6,"PLS",12068,1754186,1000,"ordinal","normal","skewed","Extreme","2",1,TRUE,0.924999999988358
"3607","Z=~z3",0.842376007437943,0.0303978633317728,0.8,"PLS",12068,1754186,1000,"ordinal","normal","skewed","Extreme","2",1,TRUE,0.924999999988358
"3608","Y=~y1",0.468178114086537,0.0690499761895135,0.4,"PLS",12068,1754186,1000,"ordinal","normal","skewed","Extreme","2",1,TRUE,0.924999999988358
"3609","Y=~y2",0.820767817007335,0.0278922884854561,0.7,"PLS",12068,1754186,1000,"ordinal","normal","skewed","Extreme","2",1,TRUE,0.924999999988358
"3610","Y=~y3",0.836293616281602,0.0246179817410666,0.9,"PLS",12068,1754186,1000,"ordinal","normal","skewed","Extreme","2",1,TRUE,0.924999999988358
"3611","Y~X",0.219058431276881,0.0340457912106364,0.4,"PLS",12068,1754186,1000,"ordinal","normal","skewed","Extreme","2",1,TRUE,0.924999999988358
"3612","Y~Z",0.270999746786382,0.0357493851230368,0.5,"PLS",12068,1754186,1000,"ordinal","normal","skewed","Extreme","2",1,TRUE,0.924999999988358
"3613","Y~X:Z",0.122359260415926,0.0318465969736976,0.3,"PLS",12068,1754186,1000,"ordinal","normal","skewed","Extreme","2",1,TRUE,0.924999999988358
"3614","X~~Z",0.0657436303218367,0.0357323131631509,0.2,"PLS",12068,1754186,1000,"ordinal","normal","skewed","Extreme","2",1,TRUE,0.924999999988358
"3615","X=~x1",NA,NA,0.4,"Mplus",12068,1754186,1000,"ordinal","normal","skewed","Extreme","2",1,FALSE,619.895000000019
"3616","X=~x2",NA,NA,0.8,"Mplus",12068,1754186,1000,"ordinal","normal","skewed","Extreme","2",1,FALSE,619.895000000019
"3617","X=~x3",NA,NA,0.8,"Mplus",12068,1754186,1000,"ordinal","normal","skewed","Extreme","2",1,FALSE,619.895000000019
"3618","Z=~z1",NA,NA,0.6,"Mplus",12068,1754186,1000,"ordinal","normal","skewed","Extreme","2",1,FALSE,619.895000000019
"3619","Z=~z2",NA,NA,0.6,"Mplus",12068,1754186,1000,"ordinal","normal","skewed","Extreme","2",1,FALSE,619.895000000019
"3620","Z=~z3",NA,NA,0.8,"Mplus",12068,1754186,1000,"ordinal","normal","skewed","Extreme","2",1,FALSE,619.895000000019
"3621","Y=~y1",NA,NA,0.4,"Mplus",12068,1754186,1000,"ordinal","normal","skewed","Extreme","2",1,FALSE,619.895000000019
"3622","Y=~y2",NA,NA,0.7,"Mplus",12068,1754186,1000,"ordinal","normal","skewed","Extreme","2",1,FALSE,619.895000000019
"3623","Y=~y3",NA,NA,0.9,"Mplus",12068,1754186,1000,"ordinal","normal","skewed","Extreme","2",1,FALSE,619.895000000019
"3624","Y~X",NA,NA,0.4,"Mplus",12068,1754186,1000,"ordinal","normal","skewed","Extreme","2",1,FALSE,619.895000000019
"3625","Y~Z",NA,NA,0.5,"Mplus",12068,1754186,1000,"ordinal","normal","skewed","Extreme","2",1,FALSE,619.895000000019
"3626","Y~X:Z",NA,NA,0.3,"Mplus",12068,1754186,1000,"ordinal","normal","skewed","Extreme","2",1,FALSE,619.895000000019
"3627","X~~Z",NA,NA,0.2,"Mplus",12068,1754186,1000,"ordinal","normal","skewed","Extreme","2",1,FALSE,619.895000000019
"3628","X=~x1",0.308401150978203,0.048396702261903,0.4,"LSAM",12068,1754186,1000,"ordinal","normal","skewed","Extreme","2",1,TRUE,0.475000000034925
"3629","X=~x2",0.512358057221242,0.0873287414560861,0.8,"LSAM",12068,1754186,1000,"ordinal","normal","skewed","Extreme","2",1,TRUE,0.475000000034925
"3630","X=~x3",0.778238873512719,0.110636181999332,0.8,"LSAM",12068,1754186,1000,"ordinal","normal","skewed","Extreme","2",1,TRUE,0.475000000034925
"3631","Z=~z1",0.361309570999714,0.0743805416280306,0.6,"LSAM",12068,1754186,1000,"ordinal","normal","skewed","Extreme","2",1,TRUE,0.475000000034925
"3632","Z=~z2",0.456896998659697,0.1016239677301,0.6,"LSAM",12068,1754186,1000,"ordinal","normal","skewed","Extreme","2",1,TRUE,0.475000000034925
"3633","Z=~z3",0.722449196876129,0.126374402215835,0.8,"LSAM",12068,1754186,1000,"ordinal","normal","skewed","Extreme","2",1,TRUE,0.475000000034925
"3634","Y=~y1",0.31509065185942,0.0169842011952657,0.4,"LSAM",12068,1754186,1000,"ordinal","normal","skewed","Extreme","2",1,TRUE,0.475000000034925
"3635","Y=~y2",0.742516633250283,0.0807305725022812,0.7,"LSAM",12068,1754186,1000,"ordinal","normal","skewed","Extreme","2",1,TRUE,0.475000000034925
"3636","Y=~y3",0.613003167504522,0.0665567077728494,0.9,"LSAM",12068,1754186,1000,"ordinal","normal","skewed","Extreme","2",1,TRUE,0.475000000034925
"3637","Y~X",0.272803850804096,0.0594004391228975,0.4,"LSAM",12068,1754186,1000,"ordinal","normal","skewed","Extreme","2",1,TRUE,0.475000000034925
"3638","Y~Z",0.407689270300507,0.112406345233094,0.5,"LSAM",12068,1754186,1000,"ordinal","normal","skewed","Extreme","2",1,TRUE,0.475000000034925
"3639","Y~X:Z",0.156023807780311,0.13347542775005,0.3,"LSAM",12068,1754186,1000,"ordinal","normal","skewed","Extreme","2",1,TRUE,0.475000000034925
"3640","X~~Z",0.101733612960305,0.0698227695384434,0.2,"LSAM",12068,1754186,1000,"ordinal","normal","skewed","Extreme","2",1,TRUE,0.475000000034925
"3641","X=~x1",0.421719729525489,0.105254282895563,0.4,"MC-PLSc",12069,415496,300,"ordinal","normal","skewed","Extreme","3",1,TRUE,13.9400000000023
"3642","X=~x2",0.947269588866548,0.0747823017908176,0.8,"MC-PLSc",12069,415496,300,"ordinal","normal","skewed","Extreme","3",1,TRUE,13.9400000000023
"3643","X=~x3",0.652806917208853,0.0851350783602093,0.8,"MC-PLSc",12069,415496,300,"ordinal","normal","skewed","Extreme","3",1,TRUE,13.9400000000023
"3644","Z=~z1",0.651472435633151,0.110584820183951,0.6,"MC-PLSc",12069,415496,300,"ordinal","normal","skewed","Extreme","3",1,TRUE,13.9400000000023
"3645","Z=~z2",0.68509508726086,0.0870800016850602,0.6,"MC-PLSc",12069,415496,300,"ordinal","normal","skewed","Extreme","3",1,TRUE,13.9400000000023
"3646","Z=~z3",0.717558261616322,0.0794591533539222,0.8,"MC-PLSc",12069,415496,300,"ordinal","normal","skewed","Extreme","3",1,TRUE,13.9400000000023
"3647","Y=~y1",0.536788497464931,0.0736410718545979,0.4,"MC-PLSc",12069,415496,300,"ordinal","normal","skewed","Extreme","3",1,TRUE,13.9400000000023
"3648","Y=~y2",0.690377226051349,0.0712069203381588,0.7,"MC-PLSc",12069,415496,300,"ordinal","normal","skewed","Extreme","3",1,TRUE,13.9400000000023
"3649","Y=~y3",0.96289716742069,0.0596557154309627,0.9,"MC-PLSc",12069,415496,300,"ordinal","normal","skewed","Extreme","3",1,TRUE,13.9400000000023
"3650","Y~X",0.476599484746982,0.108083272274016,0.4,"MC-PLSc",12069,415496,300,"ordinal","normal","skewed","Extreme","3",1,TRUE,13.9400000000023
"3651","Y~Z",0.296972974416939,0.132097880235024,0.5,"MC-PLSc",12069,415496,300,"ordinal","normal","skewed","Extreme","3",1,TRUE,13.9400000000023
"3652","Y~X:Z",0.424990457770406,0.155857056922573,0.3,"MC-PLSc",12069,415496,300,"ordinal","normal","skewed","Extreme","3",1,TRUE,13.9400000000023
"3653","X~~Z",0.260008429692028,0.112610817555948,0.2,"MC-PLSc",12069,415496,300,"ordinal","normal","skewed","Extreme","3",1,TRUE,13.9400000000023
"3654","X=~x1",0.305687382748753,0.107533562749511,0.4,"PLSc",12069,415496,300,"ordinal","normal","skewed","Extreme","3",1,TRUE,1.26600000000326
"3655","X=~x2",0.859782238294572,0.0935734966462444,0.8,"PLSc",12069,415496,300,"ordinal","normal","skewed","Extreme","3",1,TRUE,1.26600000000326
"3656","X=~x3",0.541334780411273,0.0929140954877338,0.8,"PLSc",12069,415496,300,"ordinal","normal","skewed","Extreme","3",1,TRUE,1.26600000000326
"3657","Z=~z1",0.548189337890978,0.0975394490854254,0.6,"PLSc",12069,415496,300,"ordinal","normal","skewed","Extreme","3",1,TRUE,1.26600000000326
"3658","Z=~z2",0.592320828614073,0.107427051651006,0.6,"PLSc",12069,415496,300,"ordinal","normal","skewed","Extreme","3",1,TRUE,1.26600000000326
"3659","Z=~z3",0.563770656643791,0.104378991743854,0.8,"PLSc",12069,415496,300,"ordinal","normal","skewed","Extreme","3",1,TRUE,1.26600000000326
"3660","Y=~y1",0.524953758986839,0.0833773312239082,0.4,"PLSc",12069,415496,300,"ordinal","normal","skewed","Extreme","3",1,TRUE,1.26600000000326
"3661","Y=~y2",0.585272715469743,0.0842029387468943,0.7,"PLSc",12069,415496,300,"ordinal","normal","skewed","Extreme","3",1,TRUE,1.26600000000326
"3662","Y=~y3",0.812966596918546,0.0637166870442779,0.9,"PLSc",12069,415496,300,"ordinal","normal","skewed","Extreme","3",1,TRUE,1.26600000000326
"3663","Y~X",0.476450442920415,0.102868489756022,0.4,"PLSc",12069,415496,300,"ordinal","normal","skewed","Extreme","3",1,TRUE,1.26600000000326
"3664","Y~Z",0.336705024790817,0.102224126507214,0.5,"PLSc",12069,415496,300,"ordinal","normal","skewed","Extreme","3",1,TRUE,1.26600000000326
"3665","Y~X:Z",0.166933576438132,0.148329537999561,0.3,"PLSc",12069,415496,300,"ordinal","normal","skewed","Extreme","3",1,TRUE,1.26600000000326
"3666","X~~Z",0.2239458335515,0.0976999726361664,0.2,"PLSc",12069,415496,300,"ordinal","normal","skewed","Extreme","3",1,TRUE,1.26600000000326
"3667","X=~x1",0.495655046849265,0.10413770882498,0.4,"PLS",12069,415496,300,"ordinal","normal","skewed","Extreme","3",1,TRUE,0.902999999991152
"3668","X=~x2",0.892571348258487,0.0256279544680423,0.8,"PLS",12069,415496,300,"ordinal","normal","skewed","Extreme","3",1,TRUE,0.902999999991152
"3669","X=~x3",0.747513584948202,0.0615427271176115,0.8,"PLS",12069,415496,300,"ordinal","normal","skewed","Extreme","3",1,TRUE,0.902999999991152
"3670","Z=~z1",0.715829325639174,0.0643057394730768,0.6,"PLS",12069,415496,300,"ordinal","normal","skewed","Extreme","3",1,TRUE,0.902999999991152
"3671","Z=~z2",0.740507440027431,0.0673963442291765,0.6,"PLS",12069,415496,300,"ordinal","normal","skewed","Extreme","3",1,TRUE,0.902999999991152
"3672","Z=~z3",0.765474533127007,0.0570599337228686,0.8,"PLS",12069,415496,300,"ordinal","normal","skewed","Extreme","3",1,TRUE,0.902999999991152
"3673","Y=~y1",0.637427424271859,0.0710264317213879,0.4,"PLS",12069,415496,300,"ordinal","normal","skewed","Extreme","3",1,TRUE,0.902999999991152
"3674","Y=~y2",0.777361162155253,0.0495298473921765,0.7,"PLS",12069,415496,300,"ordinal","normal","skewed","Extreme","3",1,TRUE,0.902999999991152
"3675","Y=~y3",0.888097463448175,0.0193984510505948,0.9,"PLS",12069,415496,300,"ordinal","normal","skewed","Extreme","3",1,TRUE,0.902999999991152
"3676","Y~X",0.368513737716274,0.0584428049389622,0.4,"PLS",12069,415496,300,"ordinal","normal","skewed","Extreme","3",1,TRUE,0.902999999991152
"3677","Y~Z",0.249014330460222,0.0510906867369328,0.5,"PLS",12069,415496,300,"ordinal","normal","skewed","Extreme","3",1,TRUE,0.902999999991152
"3678","Y~X:Z",0.16611355567314,0.0456255674212442,0.3,"PLS",12069,415496,300,"ordinal","normal","skewed","Extreme","3",1,TRUE,0.902999999991152
"3679","X~~Z",0.146207449904571,0.0641165819455441,0.2,"PLS",12069,415496,300,"ordinal","normal","skewed","Extreme","3",1,TRUE,0.902999999991152
"3680","X=~x1",0.404,0.079,0.4,"Mplus",12069,415496,300,"ordinal","normal","skewed","Extreme","3",1,TRUE,166.994999999995
"3681","X=~x2",0.869,0.097,0.8,"Mplus",12069,415496,300,"ordinal","normal","skewed","Extreme","3",1,TRUE,166.994999999995
"3682","X=~x3",0.669,0.07,0.8,"Mplus",12069,415496,300,"ordinal","normal","skewed","Extreme","3",1,TRUE,166.994999999995
"3683","Z=~z1",0.636,0.071,0.6,"Mplus",12069,415496,300,"ordinal","normal","skewed","Extreme","3",1,TRUE,166.994999999995
"3684","Z=~z2",0.636,0.082,0.6,"Mplus",12069,415496,300,"ordinal","normal","skewed","Extreme","3",1,TRUE,166.994999999995
"3685","Z=~z3",0.761,0.088,0.8,"Mplus",12069,415496,300,"ordinal","normal","skewed","Extreme","3",1,TRUE,166.994999999995
"3686","Y=~y1",0.465,0.078,0.4,"Mplus",12069,415496,300,"ordinal","normal","skewed","Extreme","3",1,TRUE,166.994999999995
"3687","Y=~y2",0.689,0.073,0.7,"Mplus",12069,415496,300,"ordinal","normal","skewed","Extreme","3",1,TRUE,166.994999999995
"3688","Y=~y3",0.947,0.076,0.9,"Mplus",12069,415496,300,"ordinal","normal","skewed","Extreme","3",1,TRUE,166.994999999995
"3689","Y~X",0.521,0.126,0.4,"Mplus",12069,415496,300,"ordinal","normal","skewed","Extreme","3",1,TRUE,166.994999999995
"3690","Y~Z",0.185,0.12,0.5,"Mplus",12069,415496,300,"ordinal","normal","skewed","Extreme","3",1,TRUE,166.994999999995
"3691","Y~X:Z",0.69,0.255,0.3,"Mplus",12069,415496,300,"ordinal","normal","skewed","Extreme","3",1,TRUE,166.994999999995
"3692","X~~Z",0.262,0.1,0.2,"Mplus",12069,415496,300,"ordinal","normal","skewed","Extreme","3",1,TRUE,166.994999999995
"3693","X=~x1",0.366051821765628,0.0701349474926148,0.4,"LSAM",12069,415496,300,"ordinal","normal","skewed","Extreme","3",1,TRUE,0.453999999968801
"3694","X=~x2",0.733125561206893,0.146114341482636,0.8,"LSAM",12069,415496,300,"ordinal","normal","skewed","Extreme","3",1,TRUE,0.453999999968801
"3695","X=~x3",0.603677412086222,0.131801048434246,0.8,"LSAM",12069,415496,300,"ordinal","normal","skewed","Extreme","3",1,TRUE,0.453999999968801
"3696","Z=~z1",0.514680781456806,0.066944238495102,0.6,"LSAM",12069,415496,300,"ordinal","normal","skewed","Extreme","3",1,TRUE,0.453999999968801
"3697","Z=~z2",0.511169485029864,0.105444714645793,0.6,"LSAM",12069,415496,300,"ordinal","normal","skewed","Extreme","3",1,TRUE,0.453999999968801
"3698","Z=~z3",0.688475392216967,0.12641183721743,0.8,"LSAM",12069,415496,300,"ordinal","normal","skewed","Extreme","3",1,TRUE,0.453999999968801
"3699","Y=~y1",0.390068906266836,0.0239064445001241,0.4,"LSAM",12069,415496,300,"ordinal","normal","skewed","Extreme","3",1,TRUE,0.453999999968801
"3700","Y=~y2",0.604817259212525,0.0733529938080078,0.7,"LSAM",12069,415496,300,"ordinal","normal","skewed","Extreme","3",1,TRUE,0.453999999968801
"3701","Y=~y3",0.947586977929844,0.0978000067377481,0.9,"LSAM",12069,415496,300,"ordinal","normal","skewed","Extreme","3",1,TRUE,0.453999999968801
"3702","Y~X",0.420614824099954,0.0889017596073993,0.4,"LSAM",12069,415496,300,"ordinal","normal","skewed","Extreme","3",1,TRUE,0.453999999968801
"3703","Y~Z",0.282842322578758,0.110314128699942,0.5,"LSAM",12069,415496,300,"ordinal","normal","skewed","Extreme","3",1,TRUE,0.453999999968801
"3704","Y~X:Z",0.185969275134935,0.0836973279761087,0.3,"LSAM",12069,415496,300,"ordinal","normal","skewed","Extreme","3",1,TRUE,0.453999999968801
"3705","X~~Z",0.223783843896245,0.112339184997541,0.2,"LSAM",12069,415496,300,"ordinal","normal","skewed","Extreme","3",1,TRUE,0.453999999968801
"3706","X=~x1",0.37967479203822,0.0662135492044839,0.4,"MC-PLSc",12070,7690847,1000,"ordinal","normal","skewed","Extreme","3",1,TRUE,15.2920000000158
"3707","X=~x2",0.817105828478642,0.0416229021994788,0.8,"MC-PLSc",12070,7690847,1000,"ordinal","normal","skewed","Extreme","3",1,TRUE,15.2920000000158
"3708","X=~x3",0.845348498121051,0.0454769573891446,0.8,"MC-PLSc",12070,7690847,1000,"ordinal","normal","skewed","Extreme","3",1,TRUE,15.2920000000158
"3709","Z=~z1",0.550606705586116,0.0657425302580176,0.6,"MC-PLSc",12070,7690847,1000,"ordinal","normal","skewed","Extreme","3",1,TRUE,15.2920000000158
"3710","Z=~z2",0.525157681292952,0.0585287902632529,0.6,"MC-PLSc",12070,7690847,1000,"ordinal","normal","skewed","Extreme","3",1,TRUE,15.2920000000158
"3711","Z=~z3",0.861853019048776,0.0680410665112408,0.8,"MC-PLSc",12070,7690847,1000,"ordinal","normal","skewed","Extreme","3",1,TRUE,15.2920000000158
"3712","Y=~y1",0.43472186263547,0.0516376856530667,0.4,"MC-PLSc",12070,7690847,1000,"ordinal","normal","skewed","Extreme","3",1,TRUE,15.2920000000158
"3713","Y=~y2",0.722520985307904,0.0342733038951212,0.7,"MC-PLSc",12070,7690847,1000,"ordinal","normal","skewed","Extreme","3",1,TRUE,15.2920000000158
"3714","Y=~y3",0.998666795269569,0.0360900045504137,0.9,"MC-PLSc",12070,7690847,1000,"ordinal","normal","skewed","Extreme","3",1,TRUE,15.2920000000158
"3715","Y~X",0.386812382496856,0.0689392747513988,0.4,"MC-PLSc",12070,7690847,1000,"ordinal","normal","skewed","Extreme","3",1,TRUE,15.2920000000158
"3716","Y~Z",0.437684031495328,0.0639151422683441,0.5,"MC-PLSc",12070,7690847,1000,"ordinal","normal","skewed","Extreme","3",1,TRUE,15.2920000000158
"3717","Y~X:Z",0.222377568543295,0.1096528648212,0.3,"MC-PLSc",12070,7690847,1000,"ordinal","normal","skewed","Extreme","3",1,TRUE,15.2920000000158
"3718","X~~Z",0.115582441843369,0.0653185249815295,0.2,"MC-PLSc",12070,7690847,1000,"ordinal","normal","skewed","Extreme","3",1,TRUE,15.2920000000158
"3719","X=~x1",0.265169115163087,0.0832783232525398,0.4,"PLSc",12070,7690847,1000,"ordinal","normal","skewed","Extreme","3",1,TRUE,1.35300000000279
"3720","X=~x2",0.703223323388783,0.0482432888291566,0.8,"PLSc",12070,7690847,1000,"ordinal","normal","skewed","Extreme","3",1,TRUE,1.35300000000279
"3721","X=~x3",0.759292195570564,0.0521443938573892,0.8,"PLSc",12070,7690847,1000,"ordinal","normal","skewed","Extreme","3",1,TRUE,1.35300000000279
"3722","Z=~z1",0.425323632801535,0.0722650197574553,0.6,"PLSc",12070,7690847,1000,"ordinal","normal","skewed","Extreme","3",1,TRUE,1.35300000000279
"3723","Z=~z2",0.443272938417364,0.0621954741619757,0.6,"PLSc",12070,7690847,1000,"ordinal","normal","skewed","Extreme","3",1,TRUE,1.35300000000279
"3724","Z=~z3",0.746345578420962,0.0651584797493986,0.8,"PLSc",12070,7690847,1000,"ordinal","normal","skewed","Extreme","3",1,TRUE,1.35300000000279
"3725","Y=~y1",0.335329712529704,0.0609328184614258,0.4,"PLSc",12070,7690847,1000,"ordinal","normal","skewed","Extreme","3",1,TRUE,1.35300000000279
"3726","Y=~y2",0.634182941516937,0.041434944829091,0.7,"PLSc",12070,7690847,1000,"ordinal","normal","skewed","Extreme","3",1,TRUE,1.35300000000279
"3727","Y=~y3",0.912369794137868,0.0436063405333792,0.9,"PLSc",12070,7690847,1000,"ordinal","normal","skewed","Extreme","3",1,TRUE,1.35300000000279
"3728","Y~X",0.34699230648786,0.0483745805214058,0.4,"PLSc",12070,7690847,1000,"ordinal","normal","skewed","Extreme","3",1,TRUE,1.35300000000279
"3729","Y~Z",0.411384764466104,0.0498182861783298,0.5,"PLSc",12070,7690847,1000,"ordinal","normal","skewed","Extreme","3",1,TRUE,1.35300000000279
"3730","Y~X:Z",0.156350978206045,0.056752430107987,0.3,"PLSc",12070,7690847,1000,"ordinal","normal","skewed","Extreme","3",1,TRUE,1.35300000000279
"3731","X~~Z",0.0943229958322462,0.0512674678343929,0.2,"PLSc",12070,7690847,1000,"ordinal","normal","skewed","Extreme","3",1,TRUE,1.35300000000279
"3732","X=~x1",0.441652244536182,0.0706270702863681,0.4,"PLS",12070,7690847,1000,"ordinal","normal","skewed","Extreme","3",1,TRUE,0.960000000020955
"3733","X=~x2",0.846769142626217,0.0205486745202779,0.8,"PLS",12070,7690847,1000,"ordinal","normal","skewed","Extreme","3",1,TRUE,0.960000000020955
"3734","X=~x3",0.858748969865834,0.021434403682086,0.8,"PLS",12070,7690847,1000,"ordinal","normal","skewed","Extreme","3",1,TRUE,0.960000000020955
"3735","Z=~z1",0.645664951831275,0.053250842155455,0.6,"PLS",12070,7690847,1000,"ordinal","normal","skewed","Extreme","3",1,TRUE,0.960000000020955
"3736","Z=~z2",0.628961002136476,0.0513614394686442,0.6,"PLS",12070,7690847,1000,"ordinal","normal","skewed","Extreme","3",1,TRUE,0.960000000020955
"3737","Z=~z3",0.858468155106219,0.025509058409565,0.8,"PLS",12070,7690847,1000,"ordinal","normal","skewed","Extreme","3",1,TRUE,0.960000000020955
"3738","Y=~y1",0.515726892570717,0.0520967989929361,0.4,"PLS",12070,7690847,1000,"ordinal","normal","skewed","Extreme","3",1,TRUE,0.960000000020955
"3739","Y=~y2",0.809756528181443,0.0220574536301517,0.7,"PLS",12070,7690847,1000,"ordinal","normal","skewed","Extreme","3",1,TRUE,0.960000000020955
"3740","Y=~y3",0.907764483362023,0.0102638502051092,0.9,"PLS",12070,7690847,1000,"ordinal","normal","skewed","Extreme","3",1,TRUE,0.960000000020955
"3741","Y~X",0.280025739053058,0.0330988268689098,0.4,"PLS",12070,7690847,1000,"ordinal","normal","skewed","Extreme","3",1,TRUE,0.960000000020955
"3742","Y~Z",0.298053040833498,0.0307087484506162,0.5,"PLS",12070,7690847,1000,"ordinal","normal","skewed","Extreme","3",1,TRUE,0.960000000020955
"3743","Y~X:Z",0.130910119509997,0.0279215808393648,0.3,"PLS",12070,7690847,1000,"ordinal","normal","skewed","Extreme","3",1,TRUE,0.960000000020955
"3744","X~~Z",0.0617333699300628,0.0336181274019387,0.2,"PLS",12070,7690847,1000,"ordinal","normal","skewed","Extreme","3",1,TRUE,0.960000000020955
"3745","X=~x1",0.391,0.054,0.4,"Mplus",12070,7690847,1000,"ordinal","normal","skewed","Extreme","3",1,TRUE,445.694000000018
"3746","X=~x2",0.837,0.043,0.8,"Mplus",12070,7690847,1000,"ordinal","normal","skewed","Extreme","3",1,TRUE,445.694000000018
"3747","X=~x3",0.777,0.044,0.8,"Mplus",12070,7690847,1000,"ordinal","normal","skewed","Extreme","3",1,TRUE,445.694000000018
"3748","Z=~z1",0.559,0.051,0.6,"Mplus",12070,7690847,1000,"ordinal","normal","skewed","Extreme","3",1,TRUE,445.694000000018
"3749","Z=~z2",0.504,0.048,0.6,"Mplus",12070,7690847,1000,"ordinal","normal","skewed","Extreme","3",1,TRUE,445.694000000018
"3750","Z=~z3",0.826,0.046,0.8,"Mplus",12070,7690847,1000,"ordinal","normal","skewed","Extreme","3",1,TRUE,445.694000000018
"3751","Y=~y1",0.425,0.111,0.4,"Mplus",12070,7690847,1000,"ordinal","normal","skewed","Extreme","3",1,TRUE,445.694000000018
"3752","Y=~y2",0.682,0.031,0.7,"Mplus",12070,7690847,1000,"ordinal","normal","skewed","Extreme","3",1,TRUE,445.694000000018
"3753","Y=~y3",0.997,0,0.9,"Mplus",12070,7690847,1000,"ordinal","normal","skewed","Extreme","3",1,TRUE,445.694000000018
"3754","Y~X",0.346,0.069,0.4,"Mplus",12070,7690847,1000,"ordinal","normal","skewed","Extreme","3",1,TRUE,445.694000000018
"3755","Y~Z",0.441,0.055,0.5,"Mplus",12070,7690847,1000,"ordinal","normal","skewed","Extreme","3",1,TRUE,445.694000000018
"3756","Y~X:Z",0.264,0.098,0.3,"Mplus",12070,7690847,1000,"ordinal","normal","skewed","Extreme","3",1,TRUE,445.694000000018
"3757","X~~Z",0.113,0.063,0.2,"Mplus",12070,7690847,1000,"ordinal","normal","skewed","Extreme","3",1,TRUE,445.694000000018
"3758","X=~x1",0.323762121880447,0.0374609304130037,0.4,"LSAM",12070,7690847,1000,"ordinal","normal","skewed","Extreme","3",1,TRUE,0.53000000002794
"3759","X=~x2",0.780976764486086,0.080061471239379,0.8,"LSAM",12070,7690847,1000,"ordinal","normal","skewed","Extreme","3",1,TRUE,0.53000000002794
"3760","X=~x3",0.64967089121948,0.0750212178553878,0.8,"LSAM",12070,7690847,1000,"ordinal","normal","skewed","Extreme","3",1,TRUE,0.53000000002794
"3761","Z=~z1",0.480369650005844,0.0284977268316379,0.6,"LSAM",12070,7690847,1000,"ordinal","normal","skewed","Extreme","3",1,TRUE,0.53000000002794
"3762","Z=~z2",0.416257502353621,0.0522457403184218,0.6,"LSAM",12070,7690847,1000,"ordinal","normal","skewed","Extreme","3",1,TRUE,0.53000000002794
"3763","Z=~z3",0.716971055223495,0.0841274075030417,0.8,"LSAM",12070,7690847,1000,"ordinal","normal","skewed","Extreme","3",1,TRUE,0.53000000002794
"3764","Y=~y1",0.372208735198166,0.0142581355564512,0.4,"LSAM",12070,7690847,1000,"ordinal","normal","skewed","Extreme","3",1,TRUE,0.53000000002794
"3765","Y=~y2",0.651171042073666,0.0468581780677408,0.7,"LSAM",12070,7690847,1000,"ordinal","normal","skewed","Extreme","3",1,TRUE,0.53000000002794
"3766","Y=~y3",0.860233295948419,0.0571510320620238,0.9,"LSAM",12070,7690847,1000,"ordinal","normal","skewed","Extreme","3",1,TRUE,0.53000000002794
"3767","Y~X",0.354328271899106,0.0482503137848477,0.4,"LSAM",12070,7690847,1000,"ordinal","normal","skewed","Extreme","3",1,TRUE,0.53000000002794
"3768","Y~Z",0.417327140893293,0.0686887983322288,0.5,"LSAM",12070,7690847,1000,"ordinal","normal","skewed","Extreme","3",1,TRUE,0.53000000002794
"3769","Y~X:Z",0.160100351670042,0.0512500522193925,0.3,"LSAM",12070,7690847,1000,"ordinal","normal","skewed","Extreme","3",1,TRUE,0.53000000002794
"3770","X~~Z",0.104255277503675,0.0536656134539228,0.2,"LSAM",12070,7690847,1000,"ordinal","normal","skewed","Extreme","3",1,TRUE,0.53000000002794
"3771","X=~x1",0.316962059617779,0.103060845885425,0.4,"MC-PLSc",12071,2493289,300,"ordinal","normal","skewed","Extreme","5",1,TRUE,16.4199999999837
"3772","X=~x2",0.734587085999492,0.0799067343672095,0.8,"MC-PLSc",12071,2493289,300,"ordinal","normal","skewed","Extreme","5",1,TRUE,16.4199999999837
"3773","X=~x3",0.775468478530234,0.0818095697191713,0.8,"MC-PLSc",12071,2493289,300,"ordinal","normal","skewed","Extreme","5",1,TRUE,16.4199999999837
"3774","Z=~z1",0.710949767609054,0.0873859522030144,0.6,"MC-PLSc",12071,2493289,300,"ordinal","normal","skewed","Extreme","5",1,TRUE,16.4199999999837
"3775","Z=~z2",0.592051345832812,0.0964218408750909,0.6,"MC-PLSc",12071,2493289,300,"ordinal","normal","skewed","Extreme","5",1,TRUE,16.4199999999837
"3776","Z=~z3",0.863865021574305,0.0829241663018388,0.8,"MC-PLSc",12071,2493289,300,"ordinal","normal","skewed","Extreme","5",1,TRUE,16.4199999999837
"3777","Y=~y1",0.338512141553419,0.087103971719389,0.4,"MC-PLSc",12071,2493289,300,"ordinal","normal","skewed","Extreme","5",1,TRUE,16.4199999999837
"3778","Y=~y2",0.630191082855158,0.0717217110748067,0.7,"MC-PLSc",12071,2493289,300,"ordinal","normal","skewed","Extreme","5",1,TRUE,16.4199999999837
"3779","Y=~y3",0.929171973653408,0.0700246687278938,0.9,"MC-PLSc",12071,2493289,300,"ordinal","normal","skewed","Extreme","5",1,TRUE,16.4199999999837
"3780","Y~X",0.477519332799482,0.0892500279231937,0.4,"MC-PLSc",12071,2493289,300,"ordinal","normal","skewed","Extreme","5",1,TRUE,16.4199999999837
"3781","Y~Z",0.251413510072776,0.084516639045823,0.5,"MC-PLSc",12071,2493289,300,"ordinal","normal","skewed","Extreme","5",1,TRUE,16.4199999999837
"3782","Y~X:Z",0.302945946677015,0.129927447469274,0.3,"MC-PLSc",12071,2493289,300,"ordinal","normal","skewed","Extreme","5",1,TRUE,16.4199999999837
"3783","X~~Z",0.171658200690192,0.0997360598125419,0.2,"MC-PLSc",12071,2493289,300,"ordinal","normal","skewed","Extreme","5",1,TRUE,16.4199999999837
"3784","X=~x1",0.271759061000114,0.130702293310747,0.4,"PLSc",12071,2493289,300,"ordinal","normal","skewed","Extreme","5",1,TRUE,1.31299999996554
"3785","X=~x2",0.6497638252215,0.0873082013481662,0.8,"PLSc",12071,2493289,300,"ordinal","normal","skewed","Extreme","5",1,TRUE,1.31299999996554
"3786","X=~x3",0.738221370900834,0.0824219188327574,0.8,"PLSc",12071,2493289,300,"ordinal","normal","skewed","Extreme","5",1,TRUE,1.31299999996554
"3787","Z=~z1",0.692876562975917,0.114579337035787,0.6,"PLSc",12071,2493289,300,"ordinal","normal","skewed","Extreme","5",1,TRUE,1.31299999996554
"3788","Z=~z2",0.436160868790083,0.136160923608418,0.6,"PLSc",12071,2493289,300,"ordinal","normal","skewed","Extreme","5",1,TRUE,1.31299999996554
"3789","Z=~z3",0.837125403754511,0.113053924882827,0.8,"PLSc",12071,2493289,300,"ordinal","normal","skewed","Extreme","5",1,TRUE,1.31299999996554
"3790","Y=~y1",0.326343026126698,0.102217629340102,0.4,"PLSc",12071,2493289,300,"ordinal","normal","skewed","Extreme","5",1,TRUE,1.31299999996554
"3791","Y=~y2",0.545420977735509,0.0816219683482286,0.7,"PLSc",12071,2493289,300,"ordinal","normal","skewed","Extreme","5",1,TRUE,1.31299999996554
"3792","Y=~y3",0.880724342582739,0.0806093015527787,0.9,"PLSc",12071,2493289,300,"ordinal","normal","skewed","Extreme","5",1,TRUE,1.31299999996554
"3793","Y~X",0.45788135627419,0.102926902773945,0.4,"PLSc",12071,2493289,300,"ordinal","normal","skewed","Extreme","5",1,TRUE,1.31299999996554
"3794","Y~Z",0.252206987017962,0.0773458313791436,0.5,"PLSc",12071,2493289,300,"ordinal","normal","skewed","Extreme","5",1,TRUE,1.31299999996554
"3795","Y~X:Z",0.205566747952726,0.125348912724252,0.3,"PLSc",12071,2493289,300,"ordinal","normal","skewed","Extreme","5",1,TRUE,1.31299999996554
"3796","X~~Z",0.157646900851793,0.0907122787010492,0.2,"PLSc",12071,2493289,300,"ordinal","normal","skewed","Extreme","5",1,TRUE,1.31299999996554
"3797","X=~x1",0.422262438588423,0.121551949658973,0.4,"PLS",12071,2493289,300,"ordinal","normal","skewed","Extreme","5",1,TRUE,0.869000000006054
"3798","X=~x2",0.832744853944322,0.0398631865630154,0.8,"PLS",12071,2493289,300,"ordinal","normal","skewed","Extreme","5",1,TRUE,0.869000000006054
"3799","X=~x3",0.848471089982354,0.0387554878360014,0.8,"PLS",12071,2493289,300,"ordinal","normal","skewed","Extreme","5",1,TRUE,0.869000000006054
"3800","Z=~z1",0.793503654249591,0.0537254165936254,0.6,"PLS",12071,2493289,300,"ordinal","normal","skewed","Extreme","5",1,TRUE,0.869000000006054
"3801","Z=~z2",0.695347309663147,0.0701145439215239,0.6,"PLS",12071,2493289,300,"ordinal","normal","skewed","Extreme","5",1,TRUE,0.869000000006054
"3802","Z=~z3",0.867151289972566,0.0357325725964316,0.8,"PLS",12071,2493289,300,"ordinal","normal","skewed","Extreme","5",1,TRUE,0.869000000006054
"3803","Y=~y1",0.45395793710327,0.100464378969473,0.4,"PLS",12071,2493289,300,"ordinal","normal","skewed","Extreme","5",1,TRUE,0.869000000006054
"3804","Y=~y2",0.778587425675039,0.0483866094845742,0.7,"PLS",12071,2493289,300,"ordinal","normal","skewed","Extreme","5",1,TRUE,0.869000000006054
"3805","Y=~y3",0.902191263325446,0.0213765862481959,0.9,"PLS",12071,2493289,300,"ordinal","normal","skewed","Extreme","5",1,TRUE,0.869000000006054
"3806","Y~X",0.329944011093682,0.0534620205792005,0.4,"PLS",12071,2493289,300,"ordinal","normal","skewed","Extreme","5",1,TRUE,0.869000000006054
"3807","Y~Z",0.22271064727822,0.0510677010905263,0.5,"PLS",12071,2493289,300,"ordinal","normal","skewed","Extreme","5",1,TRUE,0.869000000006054
"3808","Y~X:Z",0.157135889855195,0.0488701513281022,0.3,"PLS",12071,2493289,300,"ordinal","normal","skewed","Extreme","5",1,TRUE,0.869000000006054
"3809","X~~Z",0.111140579627725,0.0636143976842841,0.2,"PLS",12071,2493289,300,"ordinal","normal","skewed","Extreme","5",1,TRUE,0.869000000006054
"3810","X=~x1",0.324,0.069,0.4,"Mplus",12071,2493289,300,"ordinal","normal","skewed","Extreme","5",1,TRUE,202.222999999998
"3811","X=~x2",0.779,0.088,0.8,"Mplus",12071,2493289,300,"ordinal","normal","skewed","Extreme","5",1,TRUE,202.222999999998
"3812","X=~x3",0.722,0.085,0.8,"Mplus",12071,2493289,300,"ordinal","normal","skewed","Extreme","5",1,TRUE,202.222999999998
"3813","Z=~z1",0.661,0.059,0.6,"Mplus",12071,2493289,300,"ordinal","normal","skewed","Extreme","5",1,TRUE,202.222999999998
"3814","Z=~z2",0.615,0.062,0.6,"Mplus",12071,2493289,300,"ordinal","normal","skewed","Extreme","5",1,TRUE,202.222999999998
"3815","Z=~z3",0.835,0.056,0.8,"Mplus",12071,2493289,300,"ordinal","normal","skewed","Extreme","5",1,TRUE,202.222999999998
"3816","Y=~y1",0.288,0.069,0.4,"Mplus",12071,2493289,300,"ordinal","normal","skewed","Extreme","5",1,TRUE,202.222999999998
"3817","Y=~y2",0.621,0.061,0.7,"Mplus",12071,2493289,300,"ordinal","normal","skewed","Extreme","5",1,TRUE,202.222999999998
"3818","Y=~y3",0.915,0.069,0.9,"Mplus",12071,2493289,300,"ordinal","normal","skewed","Extreme","5",1,TRUE,202.222999999998
"3819","Y~X",0.422,0.101,0.4,"Mplus",12071,2493289,300,"ordinal","normal","skewed","Extreme","5",1,TRUE,202.222999999998
"3820","Y~Z",0.325,0.093,0.5,"Mplus",12071,2493289,300,"ordinal","normal","skewed","Extreme","5",1,TRUE,202.222999999998
"3821","Y~X:Z",0.24,0.127,0.3,"Mplus",12071,2493289,300,"ordinal","normal","skewed","Extreme","5",1,TRUE,202.222999999998
"3822","X~~Z",0.131,0.092,0.2,"Mplus",12071,2493289,300,"ordinal","normal","skewed","Extreme","5",1,TRUE,202.222999999998
"3823","X=~x1",0.312012923041507,0.0808167494880418,0.4,"LSAM",12071,2493289,300,"ordinal","normal","skewed","Extreme","5",1,TRUE,0.418000000005122
"3824","X=~x2",0.850975160324902,0.168400935905859,0.8,"LSAM",12071,2493289,300,"ordinal","normal","skewed","Extreme","5",1,TRUE,0.418000000005122
"3825","X=~x3",0.555819658829483,0.146168306290264,0.8,"LSAM",12071,2493289,300,"ordinal","normal","skewed","Extreme","5",1,TRUE,0.418000000005122
"3826","Z=~z1",0.615833347922297,0.0688334773439045,0.6,"LSAM",12071,2493289,300,"ordinal","normal","skewed","Extreme","5",1,TRUE,0.418000000005122
"3827","Z=~z2",0.621316353079905,0.0901680491153824,0.6,"LSAM",12071,2493289,300,"ordinal","normal","skewed","Extreme","5",1,TRUE,0.418000000005122
"3828","Z=~z3",0.762665732714535,0.0882653237486636,0.8,"LSAM",12071,2493289,300,"ordinal","normal","skewed","Extreme","5",1,TRUE,0.418000000005122
"3829","Y=~y1",0.311778177190162,0.0234752204456872,0.4,"LSAM",12071,2493289,300,"ordinal","normal","skewed","Extreme","5",1,TRUE,0.418000000005122
"3830","Y=~y2",0.682867978529213,0.115941288894305,0.7,"LSAM",12071,2493289,300,"ordinal","normal","skewed","Extreme","5",1,TRUE,0.418000000005122
"3831","Y=~y3",0.753694290339141,0.127471022596018,0.9,"LSAM",12071,2493289,300,"ordinal","normal","skewed","Extreme","5",1,TRUE,0.418000000005122
"3832","Y~X",0.395038959136579,0.0776232893629339,0.4,"LSAM",12071,2493289,300,"ordinal","normal","skewed","Extreme","5",1,TRUE,0.418000000005122
"3833","Y~Z",0.277011108336894,0.0922822132583745,0.5,"LSAM",12071,2493289,300,"ordinal","normal","skewed","Extreme","5",1,TRUE,0.418000000005122
"3834","Y~X:Z",0.213528142297513,0.0873009689989579,0.3,"LSAM",12071,2493289,300,"ordinal","normal","skewed","Extreme","5",1,TRUE,0.418000000005122
"3835","X~~Z",0.140589389658162,0.0823653507430252,0.2,"LSAM",12071,2493289,300,"ordinal","normal","skewed","Extreme","5",1,TRUE,0.418000000005122
"3836","X=~x1",0.355166679553055,0.0492602197331181,0.4,"MC-PLSc",12072,9228325,1000,"ordinal","normal","skewed","Extreme","5",1,TRUE,19.3530000000028
"3837","X=~x2",0.774770682574835,0.0401316740882041,0.8,"MC-PLSc",12072,9228325,1000,"ordinal","normal","skewed","Extreme","5",1,TRUE,19.3530000000028
"3838","X=~x3",0.77890701658064,0.0384474967719858,0.8,"MC-PLSc",12072,9228325,1000,"ordinal","normal","skewed","Extreme","5",1,TRUE,19.3530000000028
"3839","Z=~z1",0.551527142450308,0.0359808463923156,0.6,"MC-PLSc",12072,9228325,1000,"ordinal","normal","skewed","Extreme","5",1,TRUE,19.3530000000028
"3840","Z=~z2",0.606504787982405,0.0415116522486226,0.6,"MC-PLSc",12072,9228325,1000,"ordinal","normal","skewed","Extreme","5",1,TRUE,19.3530000000028
"3841","Z=~z3",0.831304291083641,0.0375401801934179,0.8,"MC-PLSc",12072,9228325,1000,"ordinal","normal","skewed","Extreme","5",1,TRUE,19.3530000000028
"3842","Y=~y1",0.350598027822045,0.0404676682950117,0.4,"MC-PLSc",12072,9228325,1000,"ordinal","normal","skewed","Extreme","5",1,TRUE,19.3530000000028
"3843","Y=~y2",0.681680259433532,0.029953436069872,0.7,"MC-PLSc",12072,9228325,1000,"ordinal","normal","skewed","Extreme","5",1,TRUE,19.3530000000028
"3844","Y=~y3",0.969376777789396,0.029313956839985,0.9,"MC-PLSc",12072,9228325,1000,"ordinal","normal","skewed","Extreme","5",1,TRUE,19.3530000000028
"3845","Y~X",0.312328011984307,0.051067266945643,0.4,"MC-PLSc",12072,9228325,1000,"ordinal","normal","skewed","Extreme","5",1,TRUE,19.3530000000028
"3846","Y~Z",0.508551324471526,0.0469780029600241,0.5,"MC-PLSc",12072,9228325,1000,"ordinal","normal","skewed","Extreme","5",1,TRUE,19.3530000000028
"3847","Y~X:Z",0.325088422194387,0.0721423874284863,0.3,"MC-PLSc",12072,9228325,1000,"ordinal","normal","skewed","Extreme","5",1,TRUE,19.3530000000028
"3848","X~~Z",0.240193907153518,0.0524868184784648,0.2,"MC-PLSc",12072,9228325,1000,"ordinal","normal","skewed","Extreme","5",1,TRUE,19.3530000000028
"3849","X=~x1",0.297503017629532,0.0666669076175896,0.4,"PLSc",12072,9228325,1000,"ordinal","normal","skewed","Extreme","5",1,TRUE,1.36900000000605
"3850","X=~x2",0.717658775786514,0.0467249442949544,0.8,"PLSc",12072,9228325,1000,"ordinal","normal","skewed","Extreme","5",1,TRUE,1.36900000000605
"3851","X=~x3",0.723538734862881,0.0441683693337766,0.8,"PLSc",12072,9228325,1000,"ordinal","normal","skewed","Extreme","5",1,TRUE,1.36900000000605
"3852","Z=~z1",0.474238081563391,0.0464496562001604,0.6,"PLSc",12072,9228325,1000,"ordinal","normal","skewed","Extreme","5",1,TRUE,1.36900000000605
"3853","Z=~z2",0.537928228813505,0.042293781923972,0.6,"PLSc",12072,9228325,1000,"ordinal","normal","skewed","Extreme","5",1,TRUE,1.36900000000605
"3854","Z=~z3",0.796991839534325,0.0428241632840993,0.8,"PLSc",12072,9228325,1000,"ordinal","normal","skewed","Extreme","5",1,TRUE,1.36900000000605
"3855","Y=~y1",0.306448331713227,0.050530490859741,0.4,"PLSc",12072,9228325,1000,"ordinal","normal","skewed","Extreme","5",1,TRUE,1.36900000000605
"3856","Y=~y2",0.634632431374042,0.0342554280862918,0.7,"PLSc",12072,9228325,1000,"ordinal","normal","skewed","Extreme","5",1,TRUE,1.36900000000605
"3857","Y=~y3",0.919139140984281,0.0285047753340847,0.9,"PLSc",12072,9228325,1000,"ordinal","normal","skewed","Extreme","5",1,TRUE,1.36900000000605
"3858","Y~X",0.326994504756388,0.0415610289392741,0.4,"PLSc",12072,9228325,1000,"ordinal","normal","skewed","Extreme","5",1,TRUE,1.36900000000605
"3859","Y~Z",0.477412287857238,0.0426280639964587,0.5,"PLSc",12072,9228325,1000,"ordinal","normal","skewed","Extreme","5",1,TRUE,1.36900000000605
"3860","Y~X:Z",0.188370791840631,0.0471935464517356,0.3,"PLSc",12072,9228325,1000,"ordinal","normal","skewed","Extreme","5",1,TRUE,1.36900000000605
"3861","X~~Z",0.225674581267173,0.0473100345572487,0.2,"PLSc",12072,9228325,1000,"ordinal","normal","skewed","Extreme","5",1,TRUE,1.36900000000605
"3862","X=~x1",0.463956040075538,0.0550612032607082,0.4,"PLS",12072,9228325,1000,"ordinal","normal","skewed","Extreme","5",1,TRUE,0.918000000005122
"3863","X=~x2",0.847650553826283,0.018669057438581,0.8,"PLS",12072,9228325,1000,"ordinal","normal","skewed","Extreme","5",1,TRUE,0.918000000005122
"3864","X=~x3",0.848393786411294,0.0182109622007068,0.8,"PLS",12072,9228325,1000,"ordinal","normal","skewed","Extreme","5",1,TRUE,0.918000000005122
"3865","Z=~z1",0.67373811388762,0.031647471271624,0.6,"PLS",12072,9228325,1000,"ordinal","normal","skewed","Extreme","5",1,TRUE,0.918000000005122
"3866","Z=~z2",0.720464848266598,0.0275758311540083,0.6,"PLS",12072,9228325,1000,"ordinal","normal","skewed","Extreme","5",1,TRUE,0.918000000005122
"3867","Z=~z3",0.857265239140099,0.0152281088025351,0.8,"PLS",12072,9228325,1000,"ordinal","normal","skewed","Extreme","5",1,TRUE,0.918000000005122
"3868","Y=~y1",0.466601068124425,0.0489222179786164,0.4,"PLS",12072,9228325,1000,"ordinal","normal","skewed","Extreme","5",1,TRUE,0.918000000005122
"3869","Y=~y2",0.817059724701439,0.0190372402237018,0.7,"PLS",12072,9228325,1000,"ordinal","normal","skewed","Extreme","5",1,TRUE,0.918000000005122
"3870","Y=~y3",0.914533656294974,0.00647483471008681,0.9,"PLS",12072,9228325,1000,"ordinal","normal","skewed","Extreme","5",1,TRUE,0.918000000005122
"3871","Y~X",0.274242449495572,0.0273488812773907,0.4,"PLS",12072,9228325,1000,"ordinal","normal","skewed","Extreme","5",1,TRUE,0.918000000005122
"3872","Y~Z",0.377574430435711,0.0272774104794518,0.5,"PLS",12072,9228325,1000,"ordinal","normal","skewed","Extreme","5",1,TRUE,0.918000000005122
"3873","Y~X:Z",0.160237428881382,0.0252425325227973,0.3,"PLS",12072,9228325,1000,"ordinal","normal","skewed","Extreme","5",1,TRUE,0.918000000005122
"3874","X~~Z",0.154600067385211,0.0323820725567178,0.2,"PLS",12072,9228325,1000,"ordinal","normal","skewed","Extreme","5",1,TRUE,0.918000000005122
"3875","X=~x1",0.335,0.04,0.4,"Mplus",12072,9228325,1000,"ordinal","normal","skewed","Extreme","5",1,TRUE,659.628000000026
"3876","X=~x2",0.761,0.038,0.8,"Mplus",12072,9228325,1000,"ordinal","normal","skewed","Extreme","5",1,TRUE,659.628000000026
"3877","X=~x3",0.755,0.037,0.8,"Mplus",12072,9228325,1000,"ordinal","normal","skewed","Extreme","5",1,TRUE,659.628000000026
"3878","Z=~z1",0.529,0.034,0.6,"Mplus",12072,9228325,1000,"ordinal","normal","skewed","Extreme","5",1,TRUE,659.628000000026
"3879","Z=~z2",0.59,0.036,0.6,"Mplus",12072,9228325,1000,"ordinal","normal","skewed","Extreme","5",1,TRUE,659.628000000026
"3880","Z=~z3",0.796,0.033,0.8,"Mplus",12072,9228325,1000,"ordinal","normal","skewed","Extreme","5",1,TRUE,659.628000000026
"3881","Y=~y1",0.348,0.035,0.4,"Mplus",12072,9228325,1000,"ordinal","normal","skewed","Extreme","5",1,TRUE,659.628000000026
"3882","Y=~y2",0.662,0.028,0.7,"Mplus",12072,9228325,1000,"ordinal","normal","skewed","Extreme","5",1,TRUE,659.628000000026
"3883","Y=~y3",0.954,0.025,0.9,"Mplus",12072,9228325,1000,"ordinal","normal","skewed","Extreme","5",1,TRUE,659.628000000026
"3884","Y~X",0.314,0.047,0.4,"Mplus",12072,9228325,1000,"ordinal","normal","skewed","Extreme","5",1,TRUE,659.628000000026
"3885","Y~Z",0.552,0.04,0.5,"Mplus",12072,9228325,1000,"ordinal","normal","skewed","Extreme","5",1,TRUE,659.628000000026
"3886","Y~X:Z",0.216,0.06,0.3,"Mplus",12072,9228325,1000,"ordinal","normal","skewed","Extreme","5",1,TRUE,659.628000000026
"3887","X~~Z",0.254,0.049,0.2,"Mplus",12072,9228325,1000,"ordinal","normal","skewed","Extreme","5",1,TRUE,659.628000000026
"3888","X=~x1",0.325634965591216,0.0345919475253522,0.4,"LSAM",12072,9228325,1000,"ordinal","normal","skewed","Extreme","5",1,TRUE,0.47099999996135
"3889","X=~x2",0.720612947433262,0.0764144760878232,0.8,"LSAM",12072,9228325,1000,"ordinal","normal","skewed","Extreme","5",1,TRUE,0.47099999996135
"3890","X=~x3",0.701014057692101,0.0754913717912974,0.8,"LSAM",12072,9228325,1000,"ordinal","normal","skewed","Extreme","5",1,TRUE,0.47099999996135
"3891","Z=~z1",0.531648704608379,0.0299182175898756,0.6,"LSAM",12072,9228325,1000,"ordinal","normal","skewed","Extreme","5",1,TRUE,0.47099999996135
"3892","Z=~z2",0.567986874661153,0.0513010028472888,0.6,"LSAM",12072,9228325,1000,"ordinal","normal","skewed","Extreme","5",1,TRUE,0.47099999996135
"3893","Z=~z3",0.708073898823544,0.0576794010267932,0.8,"LSAM",12072,9228325,1000,"ordinal","normal","skewed","Extreme","5",1,TRUE,0.47099999996135
"3894","Y=~y1",0.31909133488875,0.0114211624337396,0.4,"LSAM",12072,9228325,1000,"ordinal","normal","skewed","Extreme","5",1,TRUE,0.47099999996135
"3895","Y=~y2",0.637939642773221,0.0499880155943985,0.7,"LSAM",12072,9228325,1000,"ordinal","normal","skewed","Extreme","5",1,TRUE,0.47099999996135
"3896","Y=~y3",0.904394453109123,0.0657347056405394,0.9,"LSAM",12072,9228325,1000,"ordinal","normal","skewed","Extreme","5",1,TRUE,0.47099999996135
"3897","Y~X",0.31896369421447,0.0430388208376905,0.4,"LSAM",12072,9228325,1000,"ordinal","normal","skewed","Extreme","5",1,TRUE,0.47099999996135
"3898","Y~Z",0.508519007037075,0.045889353645046,0.5,"LSAM",12072,9228325,1000,"ordinal","normal","skewed","Extreme","5",1,TRUE,0.47099999996135
"3899","Y~X:Z",0.178903540689048,0.0431241914630378,0.3,"LSAM",12072,9228325,1000,"ordinal","normal","skewed","Extreme","5",1,TRUE,0.47099999996135
"3900","X~~Z",0.232166077018385,0.0500102774505054,0.2,"LSAM",12072,9228325,1000,"ordinal","normal","skewed","Extreme","5",1,TRUE,0.47099999996135
"3901","X=~x1",0.353381653206825,0.120148907479654,0.4,"MC-PLSc",12073,5622154,300,"ordinal","skewed","skewed","Symmetric","2",1,TRUE,11.5650000000023
"3902","X=~x2",0.664279898778415,0.117986210059517,0.8,"MC-PLSc",12073,5622154,300,"ordinal","skewed","skewed","Symmetric","2",1,TRUE,11.5650000000023
"3903","X=~x3",0.830088112511356,0.124635844577132,0.8,"MC-PLSc",12073,5622154,300,"ordinal","skewed","skewed","Symmetric","2",1,TRUE,11.5650000000023
"3904","Z=~z1",0.502029544928718,0.0904800644461729,0.6,"MC-PLSc",12073,5622154,300,"ordinal","skewed","skewed","Symmetric","2",1,TRUE,11.5650000000023
"3905","Z=~z2",0.729594342465048,0.0799023986201516,0.6,"MC-PLSc",12073,5622154,300,"ordinal","skewed","skewed","Symmetric","2",1,TRUE,11.5650000000023
"3906","Z=~z3",0.67600026186608,0.0794505777139833,0.8,"MC-PLSc",12073,5622154,300,"ordinal","skewed","skewed","Symmetric","2",1,TRUE,11.5650000000023
"3907","Y=~y1",0.495560265204287,0.0957523905533831,0.4,"MC-PLSc",12073,5622154,300,"ordinal","skewed","skewed","Symmetric","2",1,TRUE,11.5650000000023
"3908","Y=~y2",0.681526456843302,0.0949059817633429,0.7,"MC-PLSc",12073,5622154,300,"ordinal","skewed","skewed","Symmetric","2",1,TRUE,11.5650000000023
"3909","Y=~y3",0.781776203814786,0.0809604336736221,0.9,"MC-PLSc",12073,5622154,300,"ordinal","skewed","skewed","Symmetric","2",1,TRUE,11.5650000000023
"3910","Y~X",0.266443463823895,0.0969219967728289,0.4,"MC-PLSc",12073,5622154,300,"ordinal","skewed","skewed","Symmetric","2",1,TRUE,11.5650000000023
"3911","Y~Z",0.624769863153241,0.087104547275625,0.5,"MC-PLSc",12073,5622154,300,"ordinal","skewed","skewed","Symmetric","2",1,TRUE,11.5650000000023
"3912","Y~X:Z",0.416314798606593,0.159708721511069,0.3,"MC-PLSc",12073,5622154,300,"ordinal","skewed","skewed","Symmetric","2",1,TRUE,11.5650000000023
"3913","X~~Z",0.323303994944172,0.112068844671883,0.2,"MC-PLSc",12073,5622154,300,"ordinal","skewed","skewed","Symmetric","2",1,TRUE,11.5650000000023
"3914","X=~x1",0.320015047789025,0.125748639060336,0.4,"PLSc",12073,5622154,300,"ordinal","skewed","skewed","Symmetric","2",1,TRUE,1.25500000000466
"3915","X=~x2",0.535966780252976,0.111972290370714,0.8,"PLSc",12073,5622154,300,"ordinal","skewed","skewed","Symmetric","2",1,TRUE,1.25500000000466
"3916","X=~x3",0.643794130903596,0.116967579522311,0.8,"PLSc",12073,5622154,300,"ordinal","skewed","skewed","Symmetric","2",1,TRUE,1.25500000000466
"3917","Z=~z1",0.429713376233527,0.0802350313871053,0.6,"PLSc",12073,5622154,300,"ordinal","skewed","skewed","Symmetric","2",1,TRUE,1.25500000000466
"3918","Z=~z2",0.606771213669974,0.0815570444213524,0.6,"PLSc",12073,5622154,300,"ordinal","skewed","skewed","Symmetric","2",1,TRUE,1.25500000000466
"3919","Z=~z3",0.501188712394212,0.0884807213686646,0.8,"PLSc",12073,5622154,300,"ordinal","skewed","skewed","Symmetric","2",1,TRUE,1.25500000000466
"3920","Y=~y1",0.424040245026659,0.0735938588093528,0.4,"PLSc",12073,5622154,300,"ordinal","skewed","skewed","Symmetric","2",1,TRUE,1.25500000000466
"3921","Y=~y2",0.519808428231936,0.0712308291251212,0.7,"PLSc",12073,5622154,300,"ordinal","skewed","skewed","Symmetric","2",1,TRUE,1.25500000000466
"3922","Y=~y3",0.587364491685695,0.0676462274988462,0.9,"PLSc",12073,5622154,300,"ordinal","skewed","skewed","Symmetric","2",1,TRUE,1.25500000000466
"3923","Y~X",0.220450224639787,0.3825559236744,0.4,"PLSc",12073,5622154,300,"ordinal","skewed","skewed","Symmetric","2",1,TRUE,1.25500000000466
"3924","Y~Z",0.644262056822769,0.229309707927908,0.5,"PLSc",12073,5622154,300,"ordinal","skewed","skewed","Symmetric","2",1,TRUE,1.25500000000466
"3925","Y~X:Z",0.275262307849452,0.333217610248213,0.3,"PLSc",12073,5622154,300,"ordinal","skewed","skewed","Symmetric","2",1,TRUE,1.25500000000466
"3926","X~~Z",0.318751640042447,0.114086315846103,0.2,"PLSc",12073,5622154,300,"ordinal","skewed","skewed","Symmetric","2",1,TRUE,1.25500000000466
"3927","X=~x1",0.439357526292571,0.140967180348458,0.4,"PLS",12073,5622154,300,"ordinal","skewed","skewed","Symmetric","2",1,TRUE,0.923000000009779
"3928","X=~x2",0.75220957305623,0.0803131943825732,0.8,"PLS",12073,5622154,300,"ordinal","skewed","skewed","Symmetric","2",1,TRUE,0.923000000009779
"3929","X=~x3",0.846966141590068,0.0507096250936455,0.8,"PLS",12073,5622154,300,"ordinal","skewed","skewed","Symmetric","2",1,TRUE,0.923000000009779
"3930","Z=~z1",0.59505416617828,0.0789273851249442,0.6,"PLS",12073,5622154,300,"ordinal","skewed","skewed","Symmetric","2",1,TRUE,0.923000000009779
"3931","Z=~z2",0.779994101569781,0.0496180678490897,0.6,"PLS",12073,5622154,300,"ordinal","skewed","skewed","Symmetric","2",1,TRUE,0.923000000009779
"3932","Z=~z3",0.747261473530633,0.0569030282405124,0.8,"PLS",12073,5622154,300,"ordinal","skewed","skewed","Symmetric","2",1,TRUE,0.923000000009779
"3933","Y=~y1",0.573820728162944,0.0762174240407224,0.4,"PLS",12073,5622154,300,"ordinal","skewed","skewed","Symmetric","2",1,TRUE,0.923000000009779
"3934","Y=~y2",0.735743311643901,0.0503940332537793,0.7,"PLS",12073,5622154,300,"ordinal","skewed","skewed","Symmetric","2",1,TRUE,0.923000000009779
"3935","Y=~y3",0.80171714467606,0.0363458266357752,0.9,"PLS",12073,5622154,300,"ordinal","skewed","skewed","Symmetric","2",1,TRUE,0.923000000009779
"3936","Y~X",0.203285843871295,0.0499830469225413,0.4,"PLS",12073,5622154,300,"ordinal","skewed","skewed","Symmetric","2",1,TRUE,0.923000000009779
"3937","Y~Z",0.350873866261703,0.0531396982425029,0.5,"PLS",12073,5622154,300,"ordinal","skewed","skewed","Symmetric","2",1,TRUE,0.923000000009779
"3938","Y~X:Z",0.134553248722643,0.0539324157788209,0.3,"PLS",12073,5622154,300,"ordinal","skewed","skewed","Symmetric","2",1,TRUE,0.923000000009779
"3939","X~~Z",0.171488813940997,0.0593979017859882,0.2,"PLS",12073,5622154,300,"ordinal","skewed","skewed","Symmetric","2",1,TRUE,0.923000000009779
"3940","X=~x1",0.216,0.093,0.4,"Mplus",12073,5622154,300,"ordinal","skewed","skewed","Symmetric","2",1,TRUE,90.960000000021
"3941","X=~x2",0.725,0.101,0.8,"Mplus",12073,5622154,300,"ordinal","skewed","skewed","Symmetric","2",1,TRUE,90.960000000021
"3942","X=~x3",0.767,0.111,0.8,"Mplus",12073,5622154,300,"ordinal","skewed","skewed","Symmetric","2",1,TRUE,90.960000000021
"3943","Z=~z1",0.463,0.084,0.6,"Mplus",12073,5622154,300,"ordinal","skewed","skewed","Symmetric","2",1,TRUE,90.960000000021
"3944","Z=~z2",0.694,0.087,0.6,"Mplus",12073,5622154,300,"ordinal","skewed","skewed","Symmetric","2",1,TRUE,90.960000000021
"3945","Z=~z3",0.69,0.087,0.8,"Mplus",12073,5622154,300,"ordinal","skewed","skewed","Symmetric","2",1,TRUE,90.960000000021
"3946","Y=~y1",0.441,0.092,0.4,"Mplus",12073,5622154,300,"ordinal","skewed","skewed","Symmetric","2",1,TRUE,90.960000000021
"3947","Y=~y2",0.696,0.092,0.7,"Mplus",12073,5622154,300,"ordinal","skewed","skewed","Symmetric","2",1,TRUE,90.960000000021
"3948","Y=~y3",0.807,0.092,0.9,"Mplus",12073,5622154,300,"ordinal","skewed","skewed","Symmetric","2",1,TRUE,90.960000000021
"3949","Y~X",0.228,0.114,0.4,"Mplus",12073,5622154,300,"ordinal","skewed","skewed","Symmetric","2",1,TRUE,90.960000000021
"3950","Y~Z",0.546,0.104,0.5,"Mplus",12073,5622154,300,"ordinal","skewed","skewed","Symmetric","2",1,TRUE,90.960000000021
"3951","Y~X:Z",0.54,0.145,0.3,"Mplus",12073,5622154,300,"ordinal","skewed","skewed","Symmetric","2",1,TRUE,90.960000000021
"3952","X~~Z",0.398,0.113,0.2,"Mplus",12073,5622154,300,"ordinal","skewed","skewed","Symmetric","2",1,TRUE,90.960000000021
"3953","X=~x1",0.30343964044777,0.0912126508336904,0.4,"LSAM",12073,5622154,300,"ordinal","skewed","skewed","Symmetric","2",1,TRUE,0.478000000002794
"3954","X=~x2",0.480872958740042,0.156739849008136,0.8,"LSAM",12073,5622154,300,"ordinal","skewed","skewed","Symmetric","2",1,TRUE,0.478000000002794
"3955","X=~x3",0.821743488027326,0.209518705658678,0.8,"LSAM",12073,5622154,300,"ordinal","skewed","skewed","Symmetric","2",1,TRUE,0.478000000002794
"3956","Z=~z1",0.341991392862634,0.1092433834661,0.6,"LSAM",12073,5622154,300,"ordinal","skewed","skewed","Symmetric","2",1,TRUE,0.478000000002794
"3957","Z=~z2",0.501926388885396,0.173287715530884,0.6,"LSAM",12073,5622154,300,"ordinal","skewed","skewed","Symmetric","2",1,TRUE,0.478000000002794
"3958","Z=~z3",0.716290079980126,0.209691820875016,0.8,"LSAM",12073,5622154,300,"ordinal","skewed","skewed","Symmetric","2",1,TRUE,0.478000000002794
"3959","Y=~y1",0.313259341844355,0.0183957878430172,0.4,"LSAM",12073,5622154,300,"ordinal","skewed","skewed","Symmetric","2",1,TRUE,0.478000000002794
"3960","Y=~y2",0.514630511046232,0.114778402090005,0.7,"LSAM",12073,5622154,300,"ordinal","skewed","skewed","Symmetric","2",1,TRUE,0.478000000002794
"3961","Y=~y3",0.736502238391905,0.177746343263446,0.9,"LSAM",12073,5622154,300,"ordinal","skewed","skewed","Symmetric","2",1,TRUE,0.478000000002794
"3962","Y~X",0.225483047638406,0.0915929561915685,0.4,"LSAM",12073,5622154,300,"ordinal","skewed","skewed","Symmetric","2",1,TRUE,0.478000000002794
"3963","Y~Z",0.474098539430306,0.159087217014749,0.5,"LSAM",12073,5622154,300,"ordinal","skewed","skewed","Symmetric","2",1,TRUE,0.478000000002794
"3964","Y~X:Z",0.245377165283671,0.20595245273934,0.3,"LSAM",12073,5622154,300,"ordinal","skewed","skewed","Symmetric","2",1,TRUE,0.478000000002794
"3965","X~~Z",0.229313773373297,0.091986506556748,0.2,"LSAM",12073,5622154,300,"ordinal","skewed","skewed","Symmetric","2",1,TRUE,0.478000000002794
"3966","X=~x1",0.409368874583148,0.0584196775554025,0.4,"MC-PLSc",12074,626215,1000,"ordinal","skewed","skewed","Symmetric","2",1,TRUE,14.7779999999912
"3967","X=~x2",0.821216239683697,0.0511778009293412,0.8,"MC-PLSc",12074,626215,1000,"ordinal","skewed","skewed","Symmetric","2",1,TRUE,14.7779999999912
"3968","X=~x3",0.705758026916772,0.0473604641997606,0.8,"MC-PLSc",12074,626215,1000,"ordinal","skewed","skewed","Symmetric","2",1,TRUE,14.7779999999912
"3969","Z=~z1",0.596748129617653,0.0531176311937792,0.6,"MC-PLSc",12074,626215,1000,"ordinal","skewed","skewed","Symmetric","2",1,TRUE,14.7779999999912
"3970","Z=~z2",0.552966899100611,0.0603135874631538,0.6,"MC-PLSc",12074,626215,1000,"ordinal","skewed","skewed","Symmetric","2",1,TRUE,14.7779999999912
"3971","Z=~z3",0.730244426215637,0.0505671962084358,0.8,"MC-PLSc",12074,626215,1000,"ordinal","skewed","skewed","Symmetric","2",1,TRUE,14.7779999999912
"3972","Y=~y1",0.415860549192679,0.0485664991592398,0.4,"MC-PLSc",12074,626215,1000,"ordinal","skewed","skewed","Symmetric","2",1,TRUE,14.7779999999912
"3973","Y=~y2",0.661009138989521,0.0410565913899868,0.7,"MC-PLSc",12074,626215,1000,"ordinal","skewed","skewed","Symmetric","2",1,TRUE,14.7779999999912
"3974","Y=~y3",0.902010600093469,0.0375535946494524,0.9,"MC-PLSc",12074,626215,1000,"ordinal","skewed","skewed","Symmetric","2",1,TRUE,14.7779999999912
"3975","Y~X",0.400628320824535,0.0588382718427228,0.4,"MC-PLSc",12074,626215,1000,"ordinal","skewed","skewed","Symmetric","2",1,TRUE,14.7779999999912
"3976","Y~Z",0.519644076784141,0.0529057443681267,0.5,"MC-PLSc",12074,626215,1000,"ordinal","skewed","skewed","Symmetric","2",1,TRUE,14.7779999999912
"3977","Y~X:Z",0.333285506185889,0.0792306269847742,0.3,"MC-PLSc",12074,626215,1000,"ordinal","skewed","skewed","Symmetric","2",1,TRUE,14.7779999999912
"3978","X~~Z",0.314716619559517,0.0609553263804661,0.2,"MC-PLSc",12074,626215,1000,"ordinal","skewed","skewed","Symmetric","2",1,TRUE,14.7779999999912
"3979","X=~x1",0.333227873638753,0.0625171743995525,0.4,"PLSc",12074,626215,1000,"ordinal","skewed","skewed","Symmetric","2",1,TRUE,1.36300000001211
"3980","X=~x2",0.688174919820773,0.0518958052253673,0.8,"PLSc",12074,626215,1000,"ordinal","skewed","skewed","Symmetric","2",1,TRUE,1.36300000001211
"3981","X=~x3",0.55924516924941,0.0463339353491046,0.8,"PLSc",12074,626215,1000,"ordinal","skewed","skewed","Symmetric","2",1,TRUE,1.36300000001211
"3982","Z=~z1",0.478044972513473,0.0475626240705386,0.6,"PLSc",12074,626215,1000,"ordinal","skewed","skewed","Symmetric","2",1,TRUE,1.36300000001211
"3983","Z=~z2",0.435306044811814,0.0478554166858295,0.6,"PLSc",12074,626215,1000,"ordinal","skewed","skewed","Symmetric","2",1,TRUE,1.36300000001211
"3984","Z=~z3",0.603958447419699,0.0471408093692526,0.8,"PLSc",12074,626215,1000,"ordinal","skewed","skewed","Symmetric","2",1,TRUE,1.36300000001211
"3985","Y=~y1",0.33323195044497,0.0440977451307469,0.4,"PLSc",12074,626215,1000,"ordinal","skewed","skewed","Symmetric","2",1,TRUE,1.36300000001211
"3986","Y=~y2",0.522406381861077,0.0400044729256578,0.7,"PLSc",12074,626215,1000,"ordinal","skewed","skewed","Symmetric","2",1,TRUE,1.36300000001211
"3987","Y=~y3",0.736895511316819,0.0390163987107437,0.9,"PLSc",12074,626215,1000,"ordinal","skewed","skewed","Symmetric","2",1,TRUE,1.36300000001211
"3988","Y~X",0.395577034328211,0.0635394001231034,0.4,"PLSc",12074,626215,1000,"ordinal","skewed","skewed","Symmetric","2",1,TRUE,1.36300000001211
"3989","Y~Z",0.509027803630901,0.0602414935714048,0.5,"PLSc",12074,626215,1000,"ordinal","skewed","skewed","Symmetric","2",1,TRUE,1.36300000001211
"3990","Y~X:Z",0.19016719464927,0.0724950116191359,0.3,"PLSc",12074,626215,1000,"ordinal","skewed","skewed","Symmetric","2",1,TRUE,1.36300000001211
"3991","X~~Z",0.302799385988416,0.0576055930006069,0.2,"PLSc",12074,626215,1000,"ordinal","skewed","skewed","Symmetric","2",1,TRUE,1.36300000001211
"3992","X=~x1",0.497004362313282,0.0592907131897722,0.4,"PLS",12074,626215,1000,"ordinal","skewed","skewed","Symmetric","2",1,TRUE,0.942999999970198
"3993","X=~x2",0.833166417919888,0.0245485723169062,0.8,"PLS",12074,626215,1000,"ordinal","skewed","skewed","Symmetric","2",1,TRUE,0.942999999970198
"3994","X=~x3",0.770216550079564,0.0274957304242189,0.8,"PLS",12074,626215,1000,"ordinal","skewed","skewed","Symmetric","2",1,TRUE,0.942999999970198
"3995","Z=~z1",0.687129062926205,0.0364632164073547,0.6,"PLS",12074,626215,1000,"ordinal","skewed","skewed","Symmetric","2",1,TRUE,0.942999999970198
"3996","Z=~z2",0.647441187172176,0.041032760208169,0.6,"PLS",12074,626215,1000,"ordinal","skewed","skewed","Symmetric","2",1,TRUE,0.942999999970198
"3997","Z=~z3",0.783763246661659,0.0276198403440815,0.8,"PLS",12074,626215,1000,"ordinal","skewed","skewed","Symmetric","2",1,TRUE,0.942999999970198
"3998","Y=~y1",0.496253553680534,0.0459616344618697,0.4,"PLS",12074,626215,1000,"ordinal","skewed","skewed","Symmetric","2",1,TRUE,0.942999999970198
"3999","Y=~y2",0.731782295784621,0.0280592608201895,0.7,"PLS",12074,626215,1000,"ordinal","skewed","skewed","Symmetric","2",1,TRUE,0.942999999970198
"4000","Y=~y3",0.865096797762646,0.0144441351562673,0.9,"PLS",12074,626215,1000,"ordinal","skewed","skewed","Symmetric","2",1,TRUE,0.942999999970198
"4001","Y~X",0.285922071571177,0.0293914898064319,0.4,"PLS",12074,626215,1000,"ordinal","skewed","skewed","Symmetric","2",1,TRUE,0.942999999970198
"4002","Y~Z",0.31775799416176,0.026725256512982,0.5,"PLS",12074,626215,1000,"ordinal","skewed","skewed","Symmetric","2",1,TRUE,0.942999999970198
"4003","Y~X:Z",0.104809573768761,0.0264860979103738,0.3,"PLS",12074,626215,1000,"ordinal","skewed","skewed","Symmetric","2",1,TRUE,0.942999999970198
"4004","X~~Z",0.167800479890205,0.0314198623277078,0.2,"PLS",12074,626215,1000,"ordinal","skewed","skewed","Symmetric","2",1,TRUE,0.942999999970198
"4005","X=~x1",0.366,0.045,0.4,"Mplus",12074,626215,1000,"ordinal","skewed","skewed","Symmetric","2",1,TRUE,192.886999999988
"4006","X=~x2",0.776,0.047,0.8,"Mplus",12074,626215,1000,"ordinal","skewed","skewed","Symmetric","2",1,TRUE,192.886999999988
"4007","X=~x3",0.715,0.047,0.8,"Mplus",12074,626215,1000,"ordinal","skewed","skewed","Symmetric","2",1,TRUE,192.886999999988
"4008","Z=~z1",0.537,0.048,0.6,"Mplus",12074,626215,1000,"ordinal","skewed","skewed","Symmetric","2",1,TRUE,192.886999999988
"4009","Z=~z2",0.515,0.049,0.6,"Mplus",12074,626215,1000,"ordinal","skewed","skewed","Symmetric","2",1,TRUE,192.886999999988
"4010","Z=~z3",0.721,0.05,0.8,"Mplus",12074,626215,1000,"ordinal","skewed","skewed","Symmetric","2",1,TRUE,192.886999999988
"4011","Y=~y1",0.383,0.046,0.4,"Mplus",12074,626215,1000,"ordinal","skewed","skewed","Symmetric","2",1,TRUE,192.886999999988
"4012","Y=~y2",0.643,0.046,0.7,"Mplus",12074,626215,1000,"ordinal","skewed","skewed","Symmetric","2",1,TRUE,192.886999999988
"4013","Y=~y3",0.903,0.04,0.9,"Mplus",12074,626215,1000,"ordinal","skewed","skewed","Symmetric","2",1,TRUE,192.886999999988
"4014","Y~X",0.381,0.059,0.4,"Mplus",12074,626215,1000,"ordinal","skewed","skewed","Symmetric","2",1,TRUE,192.886999999988
"4015","Y~Z",0.503,0.057,0.5,"Mplus",12074,626215,1000,"ordinal","skewed","skewed","Symmetric","2",1,TRUE,192.886999999988
"4016","Y~X:Z",0.385,0.089,0.3,"Mplus",12074,626215,1000,"ordinal","skewed","skewed","Symmetric","2",1,TRUE,192.886999999988
"4017","X~~Z",0.348,0.059,0.2,"Mplus",12074,626215,1000,"ordinal","skewed","skewed","Symmetric","2",1,TRUE,192.886999999988
"4018","X=~x1",0.316599371134691,0.0383352815144339,0.4,"LSAM",12074,626215,1000,"ordinal","skewed","skewed","Symmetric","2",1,TRUE,0.465999999956694
"4019","X=~x2",0.610753007389684,0.0894397887625263,0.8,"LSAM",12074,626215,1000,"ordinal","skewed","skewed","Symmetric","2",1,TRUE,0.465999999956694
"4020","X=~x3",0.649846677265702,0.0937964230160846,0.8,"LSAM",12074,626215,1000,"ordinal","skewed","skewed","Symmetric","2",1,TRUE,0.465999999956694
"4021","Z=~z1",0.49322264958365,0.151135606439617,0.6,"LSAM",12074,626215,1000,"ordinal","skewed","skewed","Symmetric","2",1,TRUE,0.465999999956694
"4022","Z=~z2",0.463573417426345,0.158362471645262,0.6,"LSAM",12074,626215,1000,"ordinal","skewed","skewed","Symmetric","2",1,TRUE,0.465999999956694
"4023","Z=~z3",0.560779951573048,0.171126787746104,0.8,"LSAM",12074,626215,1000,"ordinal","skewed","skewed","Symmetric","2",1,TRUE,0.465999999956694
"4024","Y=~y1",0.314510030423295,0.00945964158550926,0.4,"LSAM",12074,626215,1000,"ordinal","skewed","skewed","Symmetric","2",1,TRUE,0.465999999956694
"4025","Y=~y2",0.508993042348617,0.0585540834932942,0.7,"LSAM",12074,626215,1000,"ordinal","skewed","skewed","Symmetric","2",1,TRUE,0.465999999956694
"4026","Y=~y3",0.781741758488935,0.097349720636151,0.9,"LSAM",12074,626215,1000,"ordinal","skewed","skewed","Symmetric","2",1,TRUE,0.465999999956694
"4027","Y~X",0.386307091012681,0.209878468985662,0.4,"LSAM",12074,626215,1000,"ordinal","skewed","skewed","Symmetric","2",1,TRUE,0.465999999956694
"4028","Y~Z",0.496463291963624,0.224483656660929,0.5,"LSAM",12074,626215,1000,"ordinal","skewed","skewed","Symmetric","2",1,TRUE,0.465999999956694
"4029","Y~X:Z",0.176033767581437,0.0956142933177667,0.3,"LSAM",12074,626215,1000,"ordinal","skewed","skewed","Symmetric","2",1,TRUE,0.465999999956694
"4030","X~~Z",0.291871432512442,0.236292465715746,0.2,"LSAM",12074,626215,1000,"ordinal","skewed","skewed","Symmetric","2",1,TRUE,0.465999999956694
"4031","X=~x1",0.386940161259588,0.0981951486114736,0.4,"MC-PLSc",12075,4828876,300,"ordinal","skewed","skewed","Symmetric","3",1,TRUE,13.2189999999828
"4032","X=~x2",0.734297623856995,0.0807300599250993,0.8,"MC-PLSc",12075,4828876,300,"ordinal","skewed","skewed","Symmetric","3",1,TRUE,13.2189999999828
"4033","X=~x3",0.77202774885857,0.0806841928706668,0.8,"MC-PLSc",12075,4828876,300,"ordinal","skewed","skewed","Symmetric","3",1,TRUE,13.2189999999828
"4034","Z=~z1",0.631363175297275,0.095736111128601,0.6,"MC-PLSc",12075,4828876,300,"ordinal","skewed","skewed","Symmetric","3",1,TRUE,13.2189999999828
"4035","Z=~z2",0.626878355089968,0.084492244265253,0.6,"MC-PLSc",12075,4828876,300,"ordinal","skewed","skewed","Symmetric","3",1,TRUE,13.2189999999828
"4036","Z=~z3",0.754514029904619,0.0841869542350028,0.8,"MC-PLSc",12075,4828876,300,"ordinal","skewed","skewed","Symmetric","3",1,TRUE,13.2189999999828
"4037","Y=~y1",0.397274071481776,0.0696071306119492,0.4,"MC-PLSc",12075,4828876,300,"ordinal","skewed","skewed","Symmetric","3",1,TRUE,13.2189999999828
"4038","Y=~y2",0.628355447857761,0.0686661246489082,0.7,"MC-PLSc",12075,4828876,300,"ordinal","skewed","skewed","Symmetric","3",1,TRUE,13.2189999999828
"4039","Y=~y3",0.831228591226805,0.0589071835163767,0.9,"MC-PLSc",12075,4828876,300,"ordinal","skewed","skewed","Symmetric","3",1,TRUE,13.2189999999828
"4040","Y~X",0.480374402311963,0.0896907176355074,0.4,"MC-PLSc",12075,4828876,300,"ordinal","skewed","skewed","Symmetric","3",1,TRUE,13.2189999999828
"4041","Y~Z",0.503144486265312,0.0926245937851895,0.5,"MC-PLSc",12075,4828876,300,"ordinal","skewed","skewed","Symmetric","3",1,TRUE,13.2189999999828
"4042","Y~X:Z",0.249080415057746,0.107104915508459,0.3,"MC-PLSc",12075,4828876,300,"ordinal","skewed","skewed","Symmetric","3",1,TRUE,13.2189999999828
"4043","X~~Z",0.148680211823581,0.098442945027417,0.2,"MC-PLSc",12075,4828876,300,"ordinal","skewed","skewed","Symmetric","3",1,TRUE,13.2189999999828
"4044","X=~x1",0.384795718328857,0.105138303983487,0.4,"PLSc",12075,4828876,300,"ordinal","skewed","skewed","Symmetric","3",1,TRUE,1.2730000000447
"4045","X=~x2",0.634868088694606,0.0774016276630559,0.8,"PLSc",12075,4828876,300,"ordinal","skewed","skewed","Symmetric","3",1,TRUE,1.2730000000447
"4046","X=~x3",0.658955882095565,0.0867518586726608,0.8,"PLSc",12075,4828876,300,"ordinal","skewed","skewed","Symmetric","3",1,TRUE,1.2730000000447
"4047","Z=~z1",0.597051584940502,0.0933491588942135,0.6,"PLSc",12075,4828876,300,"ordinal","skewed","skewed","Symmetric","3",1,TRUE,1.2730000000447
"4048","Z=~z2",0.523110752704221,0.0866515047770405,0.6,"PLSc",12075,4828876,300,"ordinal","skewed","skewed","Symmetric","3",1,TRUE,1.2730000000447
"4049","Z=~z3",0.63926235465826,0.0772801268946175,0.8,"PLSc",12075,4828876,300,"ordinal","skewed","skewed","Symmetric","3",1,TRUE,1.2730000000447
"4050","Y=~y1",0.376138114892129,0.0728977909544112,0.4,"PLSc",12075,4828876,300,"ordinal","skewed","skewed","Symmetric","3",1,TRUE,1.2730000000447
"4051","Y=~y2",0.527348283576413,0.0647712662669623,0.7,"PLSc",12075,4828876,300,"ordinal","skewed","skewed","Symmetric","3",1,TRUE,1.2730000000447
"4052","Y=~y3",0.717150304107083,0.0556698157302732,0.9,"PLSc",12075,4828876,300,"ordinal","skewed","skewed","Symmetric","3",1,TRUE,1.2730000000447
"4053","Y~X",0.483032929304082,0.114154702051821,0.4,"PLSc",12075,4828876,300,"ordinal","skewed","skewed","Symmetric","3",1,TRUE,1.2730000000447
"4054","Y~Z",0.490492574799412,0.0960064314219582,0.5,"PLSc",12075,4828876,300,"ordinal","skewed","skewed","Symmetric","3",1,TRUE,1.2730000000447
"4055","Y~X:Z",0.139969114606578,0.135457764066265,0.3,"PLSc",12075,4828876,300,"ordinal","skewed","skewed","Symmetric","3",1,TRUE,1.2730000000447
"4056","X~~Z",0.153823225272228,0.103088798509588,0.2,"PLSc",12075,4828876,300,"ordinal","skewed","skewed","Symmetric","3",1,TRUE,1.2730000000447
"4057","X=~x1",0.510035987475779,0.101451891580927,0.4,"PLS",12075,4828876,300,"ordinal","skewed","skewed","Symmetric","3",1,TRUE,0.880999999993946
"4058","X=~x2",0.811607602371709,0.0369394628423463,0.8,"PLS",12075,4828876,300,"ordinal","skewed","skewed","Symmetric","3",1,TRUE,0.880999999993946
"4059","X=~x3",0.829768764075328,0.0374415406061731,0.8,"PLS",12075,4828876,300,"ordinal","skewed","skewed","Symmetric","3",1,TRUE,0.880999999993946
"4060","Z=~z1",0.729869173059541,0.0603920424991327,0.6,"PLS",12075,4828876,300,"ordinal","skewed","skewed","Symmetric","3",1,TRUE,0.880999999993946
"4061","Z=~z2",0.72276230429986,0.0548689667631959,0.6,"PLS",12075,4828876,300,"ordinal","skewed","skewed","Symmetric","3",1,TRUE,0.880999999993946
"4062","Z=~z3",0.795592991010441,0.0374599904095264,0.8,"PLS",12075,4828876,300,"ordinal","skewed","skewed","Symmetric","3",1,TRUE,0.880999999993946
"4063","Y=~y1",0.52694789333334,0.0731551258814031,0.4,"PLS",12075,4828876,300,"ordinal","skewed","skewed","Symmetric","3",1,TRUE,0.880999999993946
"4064","Y=~y2",0.750745591826107,0.0411032498793419,0.7,"PLS",12075,4828876,300,"ordinal","skewed","skewed","Symmetric","3",1,TRUE,0.880999999993946
"4065","Y=~y3",0.847268048063071,0.024580175053611,0.9,"PLS",12075,4828876,300,"ordinal","skewed","skewed","Symmetric","3",1,TRUE,0.880999999993946
"4066","Y~X",0.313558344480504,0.054553526626432,0.4,"PLS",12075,4828876,300,"ordinal","skewed","skewed","Symmetric","3",1,TRUE,0.880999999993946
"4067","Y~Z",0.323507623990929,0.0462648547417561,0.5,"PLS",12075,4828876,300,"ordinal","skewed","skewed","Symmetric","3",1,TRUE,0.880999999993946
"4068","Y~X:Z",0.113522076448485,0.0478950603325545,0.3,"PLS",12075,4828876,300,"ordinal","skewed","skewed","Symmetric","3",1,TRUE,0.880999999993946
"4069","X~~Z",0.0946166935881356,0.0641365278405937,0.2,"PLS",12075,4828876,300,"ordinal","skewed","skewed","Symmetric","3",1,TRUE,0.880999999993946
"4070","X=~x1",0.331,0.075,0.4,"Mplus",12075,4828876,300,"ordinal","skewed","skewed","Symmetric","3",1,TRUE,171.780000000028
"4071","X=~x2",0.763,0.061,0.8,"Mplus",12075,4828876,300,"ordinal","skewed","skewed","Symmetric","3",1,TRUE,171.780000000028
"4072","X=~x3",0.762,0.065,0.8,"Mplus",12075,4828876,300,"ordinal","skewed","skewed","Symmetric","3",1,TRUE,171.780000000028
"4073","Z=~z1",0.582,0.074,0.6,"Mplus",12075,4828876,300,"ordinal","skewed","skewed","Symmetric","3",1,TRUE,171.780000000028
"4074","Z=~z2",0.608,0.065,0.6,"Mplus",12075,4828876,300,"ordinal","skewed","skewed","Symmetric","3",1,TRUE,171.780000000028
"4075","Z=~z3",0.784,0.066,0.8,"Mplus",12075,4828876,300,"ordinal","skewed","skewed","Symmetric","3",1,TRUE,171.780000000028
"4076","Y=~y1",0.367,0.065,0.4,"Mplus",12075,4828876,300,"ordinal","skewed","skewed","Symmetric","3",1,TRUE,171.780000000028
"4077","Y=~y2",0.637,0.063,0.7,"Mplus",12075,4828876,300,"ordinal","skewed","skewed","Symmetric","3",1,TRUE,171.780000000028
"4078","Y=~y3",0.858,0.054,0.9,"Mplus",12075,4828876,300,"ordinal","skewed","skewed","Symmetric","3",1,TRUE,171.780000000028
"4079","Y~X",0.457,0.083,0.4,"Mplus",12075,4828876,300,"ordinal","skewed","skewed","Symmetric","3",1,TRUE,171.780000000028
"4080","Y~Z",0.492,0.086,0.5,"Mplus",12075,4828876,300,"ordinal","skewed","skewed","Symmetric","3",1,TRUE,171.780000000028
"4081","Y~X:Z",0.384,0.116,0.3,"Mplus",12075,4828876,300,"ordinal","skewed","skewed","Symmetric","3",1,TRUE,171.780000000028
"4082","X~~Z",0.219,0.104,0.2,"Mplus",12075,4828876,300,"ordinal","skewed","skewed","Symmetric","3",1,TRUE,171.780000000028
"4083","X=~x1",0.312294613516442,0.0665195953258833,0.4,"LSAM",12075,4828876,300,"ordinal","skewed","skewed","Symmetric","3",1,TRUE,0.448000000033062
"4084","X=~x2",0.648948861162503,0.146528293463911,0.8,"LSAM",12075,4828876,300,"ordinal","skewed","skewed","Symmetric","3",1,TRUE,0.448000000033062
"4085","X=~x3",0.731309864614808,0.156116476422874,0.8,"LSAM",12075,4828876,300,"ordinal","skewed","skewed","Symmetric","3",1,TRUE,0.448000000033062
"4086","Z=~z1",0.493198999879927,0.105950976031769,0.6,"LSAM",12075,4828876,300,"ordinal","skewed","skewed","Symmetric","3",1,TRUE,0.448000000033062
"4087","Z=~z2",0.591520552859186,0.137557619511116,0.6,"LSAM",12075,4828876,300,"ordinal","skewed","skewed","Symmetric","3",1,TRUE,0.448000000033062
"4088","Z=~z3",0.683672611060735,0.141276197496445,0.8,"LSAM",12075,4828876,300,"ordinal","skewed","skewed","Symmetric","3",1,TRUE,0.448000000033062
"4089","Y=~y1",0.317199704573172,0.0243904565779246,0.4,"LSAM",12075,4828876,300,"ordinal","skewed","skewed","Symmetric","3",1,TRUE,0.448000000033062
"4090","Y=~y2",0.623779193418654,0.132515337480132,0.7,"LSAM",12075,4828876,300,"ordinal","skewed","skewed","Symmetric","3",1,TRUE,0.448000000033062
"4091","Y=~y3",0.671564889633057,0.144112153512769,0.9,"LSAM",12075,4828876,300,"ordinal","skewed","skewed","Symmetric","3",1,TRUE,0.448000000033062
"4092","Y~X",0.460009223129803,0.108676165787286,0.4,"LSAM",12075,4828876,300,"ordinal","skewed","skewed","Symmetric","3",1,TRUE,0.448000000033062
"4093","Y~Z",0.470961065744352,0.119564997496054,0.5,"LSAM",12075,4828876,300,"ordinal","skewed","skewed","Symmetric","3",1,TRUE,0.448000000033062
"4094","Y~X:Z",0.122263149844134,0.114186115272097,0.3,"LSAM",12075,4828876,300,"ordinal","skewed","skewed","Symmetric","3",1,TRUE,0.448000000033062
"4095","X~~Z",0.147743292758481,0.114908474025213,0.2,"LSAM",12075,4828876,300,"ordinal","skewed","skewed","Symmetric","3",1,TRUE,0.448000000033062
"4096","X=~x1",0.3083405659894,0.0503109664768016,0.4,"MC-PLSc",12076,1150114,1000,"ordinal","skewed","skewed","Symmetric","3",1,TRUE,15.8640000000014
"4097","X=~x2",0.744435583716989,0.0444172615376157,0.8,"MC-PLSc",12076,1150114,1000,"ordinal","skewed","skewed","Symmetric","3",1,TRUE,15.8640000000014
"4098","X=~x3",0.784331415625296,0.0470738020637474,0.8,"MC-PLSc",12076,1150114,1000,"ordinal","skewed","skewed","Symmetric","3",1,TRUE,15.8640000000014
"4099","Z=~z1",0.600969972099318,0.0462199410481051,0.6,"MC-PLSc",12076,1150114,1000,"ordinal","skewed","skewed","Symmetric","3",1,TRUE,15.8640000000014
"4100","Z=~z2",0.514288870377323,0.0492342555709244,0.6,"MC-PLSc",12076,1150114,1000,"ordinal","skewed","skewed","Symmetric","3",1,TRUE,15.8640000000014
"4101","Z=~z3",0.760972155906372,0.0516142570588841,0.8,"MC-PLSc",12076,1150114,1000,"ordinal","skewed","skewed","Symmetric","3",1,TRUE,15.8640000000014
"4102","Y=~y1",0.37577821805052,0.038739335586094,0.4,"MC-PLSc",12076,1150114,1000,"ordinal","skewed","skewed","Symmetric","3",1,TRUE,15.8640000000014
"4103","Y=~y2",0.571969034295929,0.0358851289648766,0.7,"MC-PLSc",12076,1150114,1000,"ordinal","skewed","skewed","Symmetric","3",1,TRUE,15.8640000000014
"4104","Y=~y3",0.860162484347524,0.037950687930296,0.9,"MC-PLSc",12076,1150114,1000,"ordinal","skewed","skewed","Symmetric","3",1,TRUE,15.8640000000014
"4105","Y~X",0.484929429540414,0.0430028030804131,0.4,"MC-PLSc",12076,1150114,1000,"ordinal","skewed","skewed","Symmetric","3",1,TRUE,15.8640000000014
"4106","Y~Z",0.49625619406121,0.0433280718896205,0.5,"MC-PLSc",12076,1150114,1000,"ordinal","skewed","skewed","Symmetric","3",1,TRUE,15.8640000000014
"4107","Y~X:Z",0.287850090797585,0.0534848993941037,0.3,"MC-PLSc",12076,1150114,1000,"ordinal","skewed","skewed","Symmetric","3",1,TRUE,15.8640000000014
"4108","X~~Z",0.0929557946371603,0.0589686840543035,0.2,"MC-PLSc",12076,1150114,1000,"ordinal","skewed","skewed","Symmetric","3",1,TRUE,15.8640000000014
"4109","X=~x1",0.244506097590611,0.0680646159323117,0.4,"PLSc",12076,1150114,1000,"ordinal","skewed","skewed","Symmetric","3",1,TRUE,1.37300000002142
"4110","X=~x2",0.65863203644938,0.0436526613183697,0.8,"PLSc",12076,1150114,1000,"ordinal","skewed","skewed","Symmetric","3",1,TRUE,1.37300000002142
"4111","X=~x3",0.693358175645059,0.0439877582296277,0.8,"PLSc",12076,1150114,1000,"ordinal","skewed","skewed","Symmetric","3",1,TRUE,1.37300000002142
"4112","Z=~z1",0.538416220174777,0.0490628534604884,0.6,"PLSc",12076,1150114,1000,"ordinal","skewed","skewed","Symmetric","3",1,TRUE,1.37300000002142
"4113","Z=~z2",0.416730185868843,0.0558571372066944,0.6,"PLSc",12076,1150114,1000,"ordinal","skewed","skewed","Symmetric","3",1,TRUE,1.37300000002142
"4114","Z=~z3",0.687484444794284,0.0491541604395273,0.8,"PLSc",12076,1150114,1000,"ordinal","skewed","skewed","Symmetric","3",1,TRUE,1.37300000002142
"4115","Y=~y1",0.347226004300423,0.0438251456530325,0.4,"PLSc",12076,1150114,1000,"ordinal","skewed","skewed","Symmetric","3",1,TRUE,1.37300000002142
"4116","Y=~y2",0.493279021317925,0.0364815106811172,0.7,"PLSc",12076,1150114,1000,"ordinal","skewed","skewed","Symmetric","3",1,TRUE,1.37300000002142
"4117","Y=~y3",0.722636779951881,0.0371535788836198,0.9,"PLSc",12076,1150114,1000,"ordinal","skewed","skewed","Symmetric","3",1,TRUE,1.37300000002142
"4118","Y~X",0.461364275114024,0.0556856512464409,0.4,"PLSc",12076,1150114,1000,"ordinal","skewed","skewed","Symmetric","3",1,TRUE,1.37300000002142
"4119","Y~Z",0.496159560805821,0.056373106598375,0.5,"PLSc",12076,1150114,1000,"ordinal","skewed","skewed","Symmetric","3",1,TRUE,1.37300000002142
"4120","Y~X:Z",0.212233366091698,0.0682542968874758,0.3,"PLSc",12076,1150114,1000,"ordinal","skewed","skewed","Symmetric","3",1,TRUE,1.37300000002142
"4121","X~~Z",0.0935873542963506,0.0543657009054739,0.2,"PLSc",12076,1150114,1000,"ordinal","skewed","skewed","Symmetric","3",1,TRUE,1.37300000002142
"4122","X=~x1",0.422462181656505,0.0612398214308691,0.4,"PLS",12076,1150114,1000,"ordinal","skewed","skewed","Symmetric","3",1,TRUE,1.14199999999255
"4123","X=~x2",0.821471380854266,0.0224851880226694,0.8,"PLS",12076,1150114,1000,"ordinal","skewed","skewed","Symmetric","3",1,TRUE,1.14199999999255
"4124","X=~x3",0.837539760820491,0.0200517638585349,0.8,"PLS",12076,1150114,1000,"ordinal","skewed","skewed","Symmetric","3",1,TRUE,1.14199999999255
"4125","Z=~z1",0.719901821608726,0.0317643160690064,0.6,"PLS",12076,1150114,1000,"ordinal","skewed","skewed","Symmetric","3",1,TRUE,1.14199999999255
"4126","Z=~z2",0.642318320860236,0.040025061969655,0.6,"PLS",12076,1150114,1000,"ordinal","skewed","skewed","Symmetric","3",1,TRUE,1.14199999999255
"4127","Z=~z3",0.81346119756562,0.0241913891041142,0.8,"PLS",12076,1150114,1000,"ordinal","skewed","skewed","Symmetric","3",1,TRUE,1.14199999999255
"4128","Y=~y1",0.512304855374696,0.0478593293559733,0.4,"PLS",12076,1150114,1000,"ordinal","skewed","skewed","Symmetric","3",1,TRUE,1.14199999999255
"4129","Y=~y2",0.711767194227992,0.0281774967403482,0.7,"PLS",12076,1150114,1000,"ordinal","skewed","skewed","Symmetric","3",1,TRUE,1.14199999999255
"4130","Y=~y3",0.860766455702476,0.0145224547996146,0.9,"PLS",12076,1150114,1000,"ordinal","skewed","skewed","Symmetric","3",1,TRUE,1.14199999999255
"4131","Y~X",0.308020585453226,0.0276876063217203,0.4,"PLS",12076,1150114,1000,"ordinal","skewed","skewed","Symmetric","3",1,TRUE,1.14199999999255
"4132","Y~Z",0.303584127512919,0.0281390312267254,0.5,"PLS",12076,1150114,1000,"ordinal","skewed","skewed","Symmetric","3",1,TRUE,1.14199999999255
"4133","Y~X:Z",0.127385969649173,0.0239109970067504,0.3,"PLS",12076,1150114,1000,"ordinal","skewed","skewed","Symmetric","3",1,TRUE,1.14199999999255
"4134","X~~Z",0.0573751305874638,0.0332306699574966,0.2,"PLS",12076,1150114,1000,"ordinal","skewed","skewed","Symmetric","3",1,TRUE,1.14199999999255
"4135","X=~x1",0.323,0.04,0.4,"Mplus",12076,1150114,1000,"ordinal","skewed","skewed","Symmetric","3",1,TRUE,672.543000000005
"4136","X=~x2",0.717,0.041,0.8,"Mplus",12076,1150114,1000,"ordinal","skewed","skewed","Symmetric","3",1,TRUE,672.543000000005
"4137","X=~x3",0.769,0.043,0.8,"Mplus",12076,1150114,1000,"ordinal","skewed","skewed","Symmetric","3",1,TRUE,672.543000000005
"4138","Z=~z1",0.577,0.041,0.6,"Mplus",12076,1150114,1000,"ordinal","skewed","skewed","Symmetric","3",1,TRUE,672.543000000005
"4139","Z=~z2",0.534,0.041,0.6,"Mplus",12076,1150114,1000,"ordinal","skewed","skewed","Symmetric","3",1,TRUE,672.543000000005
"4140","Z=~z3",0.73,0.041,0.8,"Mplus",12076,1150114,1000,"ordinal","skewed","skewed","Symmetric","3",1,TRUE,672.543000000005
"4141","Y=~y1",0.358,0.039,0.4,"Mplus",12076,1150114,1000,"ordinal","skewed","skewed","Symmetric","3",1,TRUE,672.543000000005
"4142","Y=~y2",0.58,0.037,0.7,"Mplus",12076,1150114,1000,"ordinal","skewed","skewed","Symmetric","3",1,TRUE,672.543000000005
"4143","Y=~y3",0.854,0.036,0.9,"Mplus",12076,1150114,1000,"ordinal","skewed","skewed","Symmetric","3",1,TRUE,672.543000000005
"4144","Y~X",0.469,0.046,0.4,"Mplus",12076,1150114,1000,"ordinal","skewed","skewed","Symmetric","3",1,TRUE,672.543000000005
"4145","Y~Z",0.49,0.045,0.5,"Mplus",12076,1150114,1000,"ordinal","skewed","skewed","Symmetric","3",1,TRUE,672.543000000005
"4146","Y~X:Z",0.314,0.056,0.3,"Mplus",12076,1150114,1000,"ordinal","skewed","skewed","Symmetric","3",1,TRUE,672.543000000005
"4147","X~~Z",0.155,0.061,0.2,"Mplus",12076,1150114,1000,"ordinal","skewed","skewed","Symmetric","3",1,TRUE,672.543000000005
"4148","X=~x1",0.315117705245942,0.0375229380033001,0.4,"LSAM",12076,1150114,1000,"ordinal","skewed","skewed","Symmetric","3",1,TRUE,0.492000000027474
"4149","X=~x2",0.655580252379077,0.0881700193430477,0.8,"LSAM",12076,1150114,1000,"ordinal","skewed","skewed","Symmetric","3",1,TRUE,0.492000000027474
"4150","X=~x3",0.654271579008727,0.0880509631656161,0.8,"LSAM",12076,1150114,1000,"ordinal","skewed","skewed","Symmetric","3",1,TRUE,0.492000000027474
"4151","Z=~z1",0.537491788917322,0.0848782019173607,0.6,"LSAM",12076,1150114,1000,"ordinal","skewed","skewed","Symmetric","3",1,TRUE,0.492000000027474
"4152","Z=~z2",0.521227855218214,0.0985281567930319,0.6,"LSAM",12076,1150114,1000,"ordinal","skewed","skewed","Symmetric","3",1,TRUE,0.492000000027474
"4153","Z=~z3",0.593128397812491,0.103119975175534,0.8,"LSAM",12076,1150114,1000,"ordinal","skewed","skewed","Symmetric","3",1,TRUE,0.492000000027474
"4154","Y=~y1",0.31482256124791,0.0138158893008809,0.4,"LSAM",12076,1150114,1000,"ordinal","skewed","skewed","Symmetric","3",1,TRUE,0.492000000027474
"4155","Y=~y2",0.497575419615679,0.0616022860274878,0.7,"LSAM",12076,1150114,1000,"ordinal","skewed","skewed","Symmetric","3",1,TRUE,0.492000000027474
"4156","Y=~y3",0.758928157089842,0.101147682132888,0.9,"LSAM",12076,1150114,1000,"ordinal","skewed","skewed","Symmetric","3",1,TRUE,0.492000000027474
"4157","Y~X",0.44896111275322,0.0941703631399829,0.4,"LSAM",12076,1150114,1000,"ordinal","skewed","skewed","Symmetric","3",1,TRUE,0.492000000027474
"4158","Y~Z",0.497805628718971,0.149768344201768,0.5,"LSAM",12076,1150114,1000,"ordinal","skewed","skewed","Symmetric","3",1,TRUE,0.492000000027474
"4159","Y~X:Z",0.180531047331808,0.0754952183575548,0.3,"LSAM",12076,1150114,1000,"ordinal","skewed","skewed","Symmetric","3",1,TRUE,0.492000000027474
"4160","X~~Z",0.0875808676186487,0.0867393280403806,0.2,"LSAM",12076,1150114,1000,"ordinal","skewed","skewed","Symmetric","3",1,TRUE,0.492000000027474
"4161","X=~x1",0.347054339150557,0.0771715081861867,0.4,"MC-PLSc",12077,4042799,300,"ordinal","skewed","skewed","Symmetric","5",1,TRUE,16.5239999999758
"4162","X=~x2",0.733773298340942,0.0544542373397106,0.8,"MC-PLSc",12077,4042799,300,"ordinal","skewed","skewed","Symmetric","5",1,TRUE,16.5239999999758
"4163","X=~x3",0.783213188696291,0.0517167355956013,0.8,"MC-PLSc",12077,4042799,300,"ordinal","skewed","skewed","Symmetric","5",1,TRUE,16.5239999999758
"4164","Z=~z1",0.549837669784366,0.0535007708770096,0.6,"MC-PLSc",12077,4042799,300,"ordinal","skewed","skewed","Symmetric","5",1,TRUE,16.5239999999758
"4165","Z=~z2",0.690753002560053,0.0403983366663659,0.6,"MC-PLSc",12077,4042799,300,"ordinal","skewed","skewed","Symmetric","5",1,TRUE,16.5239999999758
"4166","Z=~z3",0.847549339184024,0.0407352082216379,0.8,"MC-PLSc",12077,4042799,300,"ordinal","skewed","skewed","Symmetric","5",1,TRUE,16.5239999999758
"4167","Y=~y1",0.436428584577759,0.0614572229866299,0.4,"MC-PLSc",12077,4042799,300,"ordinal","skewed","skewed","Symmetric","5",1,TRUE,16.5239999999758
"4168","Y=~y2",0.690772987328526,0.0533396054391346,0.7,"MC-PLSc",12077,4042799,300,"ordinal","skewed","skewed","Symmetric","5",1,TRUE,16.5239999999758
"4169","Y=~y3",0.830707520221006,0.0446527163787831,0.9,"MC-PLSc",12077,4042799,300,"ordinal","skewed","skewed","Symmetric","5",1,TRUE,16.5239999999758
"4170","Y~X",0.437038607804389,0.0757026917477602,0.4,"MC-PLSc",12077,4042799,300,"ordinal","skewed","skewed","Symmetric","5",1,TRUE,16.5239999999758
"4171","Y~Z",0.545116040152803,0.0682508010301239,0.5,"MC-PLSc",12077,4042799,300,"ordinal","skewed","skewed","Symmetric","5",1,TRUE,16.5239999999758
"4172","Y~X:Z",0.345528824626516,0.0646547413200589,0.3,"MC-PLSc",12077,4042799,300,"ordinal","skewed","skewed","Symmetric","5",1,TRUE,16.5239999999758
"4173","X~~Z",0.423689010385476,0.0788495735534653,0.2,"MC-PLSc",12077,4042799,300,"ordinal","skewed","skewed","Symmetric","5",1,TRUE,16.5239999999758
"4174","X=~x1",0.362944277283796,0.0705632710216884,0.4,"PLSc",12077,4042799,300,"ordinal","skewed","skewed","Symmetric","5",1,TRUE,1.27399999997579
"4175","X=~x2",0.690714884980143,0.0555012836670925,0.8,"PLSc",12077,4042799,300,"ordinal","skewed","skewed","Symmetric","5",1,TRUE,1.27399999997579
"4176","X=~x3",0.719564797619446,0.0545777645053257,0.8,"PLSc",12077,4042799,300,"ordinal","skewed","skewed","Symmetric","5",1,TRUE,1.27399999997579
"4177","Z=~z1",0.482690919973057,0.0606963031408744,0.6,"PLSc",12077,4042799,300,"ordinal","skewed","skewed","Symmetric","5",1,TRUE,1.27399999997579
"4178","Z=~z2",0.697762335138486,0.0484673203183572,0.6,"PLSc",12077,4042799,300,"ordinal","skewed","skewed","Symmetric","5",1,TRUE,1.27399999997579
"4179","Z=~z3",0.793081064446544,0.0446063542653253,0.8,"PLSc",12077,4042799,300,"ordinal","skewed","skewed","Symmetric","5",1,TRUE,1.27399999997579
"4180","Y=~y1",0.419122232009907,0.0671466651729166,0.4,"PLSc",12077,4042799,300,"ordinal","skewed","skewed","Symmetric","5",1,TRUE,1.27399999997579
"4181","Y=~y2",0.619452228813205,0.0502881284317682,0.7,"PLSc",12077,4042799,300,"ordinal","skewed","skewed","Symmetric","5",1,TRUE,1.27399999997579
"4182","Y=~y3",0.80593640899084,0.0448263124688831,0.9,"PLSc",12077,4042799,300,"ordinal","skewed","skewed","Symmetric","5",1,TRUE,1.27399999997579
"4183","Y~X",0.405953623473745,0.0934059075824249,0.4,"PLSc",12077,4042799,300,"ordinal","skewed","skewed","Symmetric","5",1,TRUE,1.27399999997579
"4184","Y~Z",0.53482167629238,0.0816646111765594,0.5,"PLSc",12077,4042799,300,"ordinal","skewed","skewed","Symmetric","5",1,TRUE,1.27399999997579
"4185","Y~X:Z",0.231983004152878,0.0851292614041102,0.3,"PLSc",12077,4042799,300,"ordinal","skewed","skewed","Symmetric","5",1,TRUE,1.27399999997579
"4186","X~~Z",0.427411660079418,0.0846996476857243,0.2,"PLSc",12077,4042799,300,"ordinal","skewed","skewed","Symmetric","5",1,TRUE,1.27399999997579
"4187","X=~x1",0.485533629989428,0.0749609693439618,0.4,"PLS",12077,4042799,300,"ordinal","skewed","skewed","Symmetric","5",1,TRUE,0.893999999971129
"4188","X=~x2",0.838050262586738,0.0252766418262293,0.8,"PLS",12077,4042799,300,"ordinal","skewed","skewed","Symmetric","5",1,TRUE,0.893999999971129
"4189","X=~x3",0.857537288032442,0.022540738090767,0.8,"PLS",12077,4042799,300,"ordinal","skewed","skewed","Symmetric","5",1,TRUE,0.893999999971129
"4190","Z=~z1",0.68346572968879,0.043737880849916,0.6,"PLS",12077,4042799,300,"ordinal","skewed","skewed","Symmetric","5",1,TRUE,0.893999999971129
"4191","Z=~z2",0.797972297118679,0.0259552570704638,0.6,"PLS",12077,4042799,300,"ordinal","skewed","skewed","Symmetric","5",1,TRUE,0.893999999971129
"4192","Z=~z3",0.868141563577621,0.01574108217583,0.8,"PLS",12077,4042799,300,"ordinal","skewed","skewed","Symmetric","5",1,TRUE,0.893999999971129
"4193","Y=~y1",0.581634574754013,0.067309635887106,0.4,"PLS",12077,4042799,300,"ordinal","skewed","skewed","Symmetric","5",1,TRUE,0.893999999971129
"4194","Y=~y2",0.804820438046022,0.0302541476273795,0.7,"PLS",12077,4042799,300,"ordinal","skewed","skewed","Symmetric","5",1,TRUE,0.893999999971129
"4195","Y=~y3",0.864295566359078,0.0182009252775478,0.9,"PLS",12077,4042799,300,"ordinal","skewed","skewed","Symmetric","5",1,TRUE,0.893999999971129
"4196","Y~X",0.335817339400223,0.0458720196238871,0.4,"PLS",12077,4042799,300,"ordinal","skewed","skewed","Symmetric","5",1,TRUE,0.893999999971129
"4197","Y~Z",0.419791468010654,0.0439693626411117,0.5,"PLS",12077,4042799,300,"ordinal","skewed","skewed","Symmetric","5",1,TRUE,0.893999999971129
"4198","Y~X:Z",0.194960099306873,0.0327677720542337,0.3,"PLS",12077,4042799,300,"ordinal","skewed","skewed","Symmetric","5",1,TRUE,0.893999999971129
"4199","X~~Z",0.300497313665145,0.0614608249745035,0.2,"PLS",12077,4042799,300,"ordinal","skewed","skewed","Symmetric","5",1,TRUE,0.893999999971129
"4200","X=~x1",0.31,0.068,0.4,"Mplus",12077,4042799,300,"ordinal","skewed","skewed","Symmetric","5",1,TRUE,227.513000000035
"4201","X=~x2",0.775,0.053,0.8,"Mplus",12077,4042799,300,"ordinal","skewed","skewed","Symmetric","5",1,TRUE,227.513000000035
"4202","X=~x3",0.731,0.049,0.8,"Mplus",12077,4042799,300,"ordinal","skewed","skewed","Symmetric","5",1,TRUE,227.513000000035
"4203","Z=~z1",0.549,0.051,0.6,"Mplus",12077,4042799,300,"ordinal","skewed","skewed","Symmetric","5",1,TRUE,227.513000000035
"4204","Z=~z2",0.657,0.05,0.6,"Mplus",12077,4042799,300,"ordinal","skewed","skewed","Symmetric","5",1,TRUE,227.513000000035
"4205","Z=~z3",0.85,0.046,0.8,"Mplus",12077,4042799,300,"ordinal","skewed","skewed","Symmetric","5",1,TRUE,227.513000000035
"4206","Y=~y1",0.405,0.061,0.4,"Mplus",12077,4042799,300,"ordinal","skewed","skewed","Symmetric","5",1,TRUE,227.513000000035
"4207","Y=~y2",0.663,0.053,0.7,"Mplus",12077,4042799,300,"ordinal","skewed","skewed","Symmetric","5",1,TRUE,227.513000000035
"4208","Y=~y3",0.843,0.044,0.9,"Mplus",12077,4042799,300,"ordinal","skewed","skewed","Symmetric","5",1,TRUE,227.513000000035
"4209","Y~X",0.484,0.076,0.4,"Mplus",12077,4042799,300,"ordinal","skewed","skewed","Symmetric","5",1,TRUE,227.513000000035
"4210","Y~Z",0.475,0.071,0.5,"Mplus",12077,4042799,300,"ordinal","skewed","skewed","Symmetric","5",1,TRUE,227.513000000035
"4211","Y~X:Z",0.378,0.058,0.3,"Mplus",12077,4042799,300,"ordinal","skewed","skewed","Symmetric","5",1,TRUE,227.513000000035
"4212","X~~Z",0.452,0.073,0.2,"Mplus",12077,4042799,300,"ordinal","skewed","skewed","Symmetric","5",1,TRUE,227.513000000035
"4213","X=~x1",0.312965452067754,0.0648532437178294,0.4,"LSAM",12077,4042799,300,"ordinal","skewed","skewed","Symmetric","5",1,TRUE,0.442999999970198
"4214","X=~x2",0.677436805567473,0.134333640428528,0.8,"LSAM",12077,4042799,300,"ordinal","skewed","skewed","Symmetric","5",1,TRUE,0.442999999970198
"4215","X=~x3",0.792568624803997,0.140546172094727,0.8,"LSAM",12077,4042799,300,"ordinal","skewed","skewed","Symmetric","5",1,TRUE,0.442999999970198
"4216","Z=~z1",0.546854708598438,0.0383622860033025,0.6,"LSAM",12077,4042799,300,"ordinal","skewed","skewed","Symmetric","5",1,TRUE,0.442999999970198
"4217","Z=~z2",0.600779393739019,0.0700555290686009,0.6,"LSAM",12077,4042799,300,"ordinal","skewed","skewed","Symmetric","5",1,TRUE,0.442999999970198
"4218","Z=~z3",0.840823164915293,0.0787966523060208,0.8,"LSAM",12077,4042799,300,"ordinal","skewed","skewed","Symmetric","5",1,TRUE,0.442999999970198
"4219","Y=~y1",0.410681935767852,0.0310467530289444,0.4,"LSAM",12077,4042799,300,"ordinal","skewed","skewed","Symmetric","5",1,TRUE,0.442999999970198
"4220","Y=~y2",0.731486152488522,0.0973199272081777,0.7,"LSAM",12077,4042799,300,"ordinal","skewed","skewed","Symmetric","5",1,TRUE,0.442999999970198
"4221","Y=~y3",0.700028940296795,0.0942193071232402,0.9,"LSAM",12077,4042799,300,"ordinal","skewed","skewed","Symmetric","5",1,TRUE,0.442999999970198
"4222","Y~X",0.434066002391201,0.0803063328450333,0.4,"LSAM",12077,4042799,300,"ordinal","skewed","skewed","Symmetric","5",1,TRUE,0.442999999970198
"4223","Y~Z",0.495092537752665,0.0818012323891016,0.5,"LSAM",12077,4042799,300,"ordinal","skewed","skewed","Symmetric","5",1,TRUE,0.442999999970198
"4224","Y~X:Z",0.211597607030735,0.0613331256598049,0.3,"LSAM",12077,4042799,300,"ordinal","skewed","skewed","Symmetric","5",1,TRUE,0.442999999970198
"4225","X~~Z",0.38225811635525,0.0756637814535725,0.2,"LSAM",12077,4042799,300,"ordinal","skewed","skewed","Symmetric","5",1,TRUE,0.442999999970198
"4226","X=~x1",0.380898670471066,0.0398005609663907,0.4,"MC-PLSc",12078,9527671,1000,"ordinal","skewed","skewed","Symmetric","5",1,TRUE,19.7760000000126
"4227","X=~x2",0.77970719065829,0.0375814515293142,0.8,"MC-PLSc",12078,9527671,1000,"ordinal","skewed","skewed","Symmetric","5",1,TRUE,19.7760000000126
"4228","X=~x3",0.732707859544705,0.0289536844507651,0.8,"MC-PLSc",12078,9527671,1000,"ordinal","skewed","skewed","Symmetric","5",1,TRUE,19.7760000000126
"4229","Z=~z1",0.627893819763805,0.0313027756764165,0.6,"MC-PLSc",12078,9527671,1000,"ordinal","skewed","skewed","Symmetric","5",1,TRUE,19.7760000000126
"4230","Z=~z2",0.604595654242662,0.0358369321330497,0.6,"MC-PLSc",12078,9527671,1000,"ordinal","skewed","skewed","Symmetric","5",1,TRUE,19.7760000000126
"4231","Z=~z3",0.7842743226121,0.0319900749183754,0.8,"MC-PLSc",12078,9527671,1000,"ordinal","skewed","skewed","Symmetric","5",1,TRUE,19.7760000000126
"4232","Y=~y1",0.352240814333321,0.0360903588036406,0.4,"MC-PLSc",12078,9527671,1000,"ordinal","skewed","skewed","Symmetric","5",1,TRUE,19.7760000000126
"4233","Y=~y2",0.637305474900802,0.0300765111190456,0.7,"MC-PLSc",12078,9527671,1000,"ordinal","skewed","skewed","Symmetric","5",1,TRUE,19.7760000000126
"4234","Y=~y3",0.824685369628443,0.0253576977996234,0.9,"MC-PLSc",12078,9527671,1000,"ordinal","skewed","skewed","Symmetric","5",1,TRUE,19.7760000000126
"4235","Y~X",0.468474982101238,0.041376052754982,0.4,"MC-PLSc",12078,9527671,1000,"ordinal","skewed","skewed","Symmetric","5",1,TRUE,19.7760000000126
"4236","Y~Z",0.556175489507063,0.039542479525387,0.5,"MC-PLSc",12078,9527671,1000,"ordinal","skewed","skewed","Symmetric","5",1,TRUE,19.7760000000126
"4237","Y~X:Z",0.274979499961012,0.0495228933159524,0.3,"MC-PLSc",12078,9527671,1000,"ordinal","skewed","skewed","Symmetric","5",1,TRUE,19.7760000000126
"4238","X~~Z",0.195012758407369,0.0432276626629462,0.2,"MC-PLSc",12078,9527671,1000,"ordinal","skewed","skewed","Symmetric","5",1,TRUE,19.7760000000126
"4239","X=~x1",0.392138497362198,0.0490825797423811,0.4,"PLSc",12078,9527671,1000,"ordinal","skewed","skewed","Symmetric","5",1,TRUE,1.35699999995995
"4240","X=~x2",0.737670014058955,0.038583171336862,0.8,"PLSc",12078,9527671,1000,"ordinal","skewed","skewed","Symmetric","5",1,TRUE,1.35699999995995
"4241","X=~x3",0.664206583626952,0.034356113711024,0.8,"PLSc",12078,9527671,1000,"ordinal","skewed","skewed","Symmetric","5",1,TRUE,1.35699999995995
"4242","Z=~z1",0.588533659137653,0.039516043627539,0.6,"PLSc",12078,9527671,1000,"ordinal","skewed","skewed","Symmetric","5",1,TRUE,1.35699999995995
"4243","Z=~z2",0.580352365209686,0.039557535726059,0.6,"PLSc",12078,9527671,1000,"ordinal","skewed","skewed","Symmetric","5",1,TRUE,1.35699999995995
"4244","Z=~z3",0.738301983160453,0.0331674774094996,0.8,"PLSc",12078,9527671,1000,"ordinal","skewed","skewed","Symmetric","5",1,TRUE,1.35699999995995
"4245","Y=~y1",0.325658830212829,0.0374821564077725,0.4,"PLSc",12078,9527671,1000,"ordinal","skewed","skewed","Symmetric","5",1,TRUE,1.35699999995995
"4246","Y=~y2",0.609784049865348,0.0300647546244404,0.7,"PLSc",12078,9527671,1000,"ordinal","skewed","skewed","Symmetric","5",1,TRUE,1.35699999995995
"4247","Y=~y3",0.772243666972091,0.0262831597960538,0.9,"PLSc",12078,9527671,1000,"ordinal","skewed","skewed","Symmetric","5",1,TRUE,1.35699999995995
"4248","Y~X",0.45773648949429,0.0441741118918326,0.4,"PLSc",12078,9527671,1000,"ordinal","skewed","skewed","Symmetric","5",1,TRUE,1.35699999995995
"4249","Y~Z",0.543612436596909,0.0442332949216192,0.5,"PLSc",12078,9527671,1000,"ordinal","skewed","skewed","Symmetric","5",1,TRUE,1.35699999995995
"4250","Y~X:Z",0.207410246401892,0.0623878622508938,0.3,"PLSc",12078,9527671,1000,"ordinal","skewed","skewed","Symmetric","5",1,TRUE,1.35699999995995
"4251","X~~Z",0.194859192004067,0.0454072743889869,0.2,"PLSc",12078,9527671,1000,"ordinal","skewed","skewed","Symmetric","5",1,TRUE,1.35699999995995
"4252","X=~x1",0.523733191337237,0.0443903058371087,0.4,"PLS",12078,9527671,1000,"ordinal","skewed","skewed","Symmetric","5",1,TRUE,0.940999999991618
"4253","X=~x2",0.851697456028503,0.0149355341939134,0.8,"PLS",12078,9527671,1000,"ordinal","skewed","skewed","Symmetric","5",1,TRUE,0.940999999991618
"4254","X=~x3",0.832286227907437,0.0148487848643821,0.8,"PLS",12078,9527671,1000,"ordinal","skewed","skewed","Symmetric","5",1,TRUE,0.940999999991618
"4255","Z=~z1",0.752352869005708,0.0222378899787512,0.6,"PLS",12078,9527671,1000,"ordinal","skewed","skewed","Symmetric","5",1,TRUE,0.940999999991618
"4256","Z=~z2",0.733061163225498,0.0235193244240601,0.6,"PLS",12078,9527671,1000,"ordinal","skewed","skewed","Symmetric","5",1,TRUE,0.940999999991618
"4257","Z=~z3",0.835932899173735,0.0126109268503813,0.8,"PLS",12078,9527671,1000,"ordinal","skewed","skewed","Symmetric","5",1,TRUE,0.940999999991618
"4258","Y=~y1",0.496894441986349,0.0378239909948849,0.4,"PLS",12078,9527671,1000,"ordinal","skewed","skewed","Symmetric","5",1,TRUE,0.940999999991618
"4259","Y=~y2",0.785759936934525,0.0182965602741338,0.7,"PLS",12078,9527671,1000,"ordinal","skewed","skewed","Symmetric","5",1,TRUE,0.940999999991618
"4260","Y=~y3",0.869816988809338,0.00933381420448422,0.9,"PLS",12078,9527671,1000,"ordinal","skewed","skewed","Symmetric","5",1,TRUE,0.940999999991618
"4261","Y~X",0.3395942629992,0.0251524199065158,0.4,"PLS",12078,9527671,1000,"ordinal","skewed","skewed","Symmetric","5",1,TRUE,0.940999999991618
"4262","Y~Z",0.394523372499633,0.0266386118063469,0.5,"PLS",12078,9527671,1000,"ordinal","skewed","skewed","Symmetric","5",1,TRUE,0.940999999991618
"4263","Y~X:Z",0.151064878808669,0.0241523399133518,0.3,"PLS",12078,9527671,1000,"ordinal","skewed","skewed","Symmetric","5",1,TRUE,0.940999999991618
"4264","X~~Z",0.132382263751715,0.0315309696738123,0.2,"PLS",12078,9527671,1000,"ordinal","skewed","skewed","Symmetric","5",1,TRUE,0.940999999991618
"4265","X=~x1",0.35,0.038,0.4,"Mplus",12078,9527671,1000,"ordinal","skewed","skewed","Symmetric","5",1,TRUE,856.325000000012
"4266","X=~x2",0.743,0.029,0.8,"Mplus",12078,9527671,1000,"ordinal","skewed","skewed","Symmetric","5",1,TRUE,856.325000000012
"4267","X=~x3",0.748,0.03,0.8,"Mplus",12078,9527671,1000,"ordinal","skewed","skewed","Symmetric","5",1,TRUE,856.325000000012
"4268","Z=~z1",0.637,0.031,0.6,"Mplus",12078,9527671,1000,"ordinal","skewed","skewed","Symmetric","5",1,TRUE,856.325000000012
"4269","Z=~z2",0.583,0.031,0.6,"Mplus",12078,9527671,1000,"ordinal","skewed","skewed","Symmetric","5",1,TRUE,856.325000000012
"4270","Z=~z3",0.751,0.027,0.8,"Mplus",12078,9527671,1000,"ordinal","skewed","skewed","Symmetric","5",1,TRUE,856.325000000012
"4271","Y=~y1",0.33,0.033,0.4,"Mplus",12078,9527671,1000,"ordinal","skewed","skewed","Symmetric","5",1,TRUE,856.325000000012
"4272","Y=~y2",0.624,0.03,0.7,"Mplus",12078,9527671,1000,"ordinal","skewed","skewed","Symmetric","5",1,TRUE,856.325000000012
"4273","Y=~y3",0.804,0.026,0.9,"Mplus",12078,9527671,1000,"ordinal","skewed","skewed","Symmetric","5",1,TRUE,856.325000000012
"4274","Y~X",0.449,0.044,0.4,"Mplus",12078,9527671,1000,"ordinal","skewed","skewed","Symmetric","5",1,TRUE,856.325000000012
"4275","Y~Z",0.549,0.041,0.5,"Mplus",12078,9527671,1000,"ordinal","skewed","skewed","Symmetric","5",1,TRUE,856.325000000012
"4276","Y~X:Z",0.352,0.048,0.3,"Mplus",12078,9527671,1000,"ordinal","skewed","skewed","Symmetric","5",1,TRUE,856.325000000012
"4277","X~~Z",0.248,0.046,0.2,"Mplus",12078,9527671,1000,"ordinal","skewed","skewed","Symmetric","5",1,TRUE,856.325000000012
"4278","X=~x1",0.327100390598684,0.034586699844124,0.4,"LSAM",12078,9527671,1000,"ordinal","skewed","skewed","Symmetric","5",1,TRUE,0.444000000017695
"4279","X=~x2",0.700751867039861,0.0717999249524476,0.8,"LSAM",12078,9527671,1000,"ordinal","skewed","skewed","Symmetric","5",1,TRUE,0.444000000017695
"4280","X=~x3",0.759034183816691,0.0736733448020839,0.8,"LSAM",12078,9527671,1000,"ordinal","skewed","skewed","Symmetric","5",1,TRUE,0.444000000017695
"4281","Z=~z1",0.608176259508084,0.0266256528353982,0.6,"LSAM",12078,9527671,1000,"ordinal","skewed","skewed","Symmetric","5",1,TRUE,0.444000000017695
"4282","Z=~z2",0.565196643372173,0.0443156630726361,0.6,"LSAM",12078,9527671,1000,"ordinal","skewed","skewed","Symmetric","5",1,TRUE,0.444000000017695
"4283","Z=~z3",0.7338544977244,0.0490356975426734,0.8,"LSAM",12078,9527671,1000,"ordinal","skewed","skewed","Symmetric","5",1,TRUE,0.444000000017695
"4284","Y=~y1",0.337132185634968,0.0142369809103706,0.4,"LSAM",12078,9527671,1000,"ordinal","skewed","skewed","Symmetric","5",1,TRUE,0.444000000017695
"4285","Y=~y2",0.583338799986544,0.0570385025620819,0.7,"LSAM",12078,9527671,1000,"ordinal","skewed","skewed","Symmetric","5",1,TRUE,0.444000000017695
"4286","Y=~y3",0.793857473559805,0.0774782593518738,0.9,"LSAM",12078,9527671,1000,"ordinal","skewed","skewed","Symmetric","5",1,TRUE,0.444000000017695
"4287","Y~X",0.436655256673007,0.0467677683927368,0.4,"LSAM",12078,9527671,1000,"ordinal","skewed","skewed","Symmetric","5",1,TRUE,0.444000000017695
"4288","Y~Z",0.537251962878562,0.0480998155807428,0.5,"LSAM",12078,9527671,1000,"ordinal","skewed","skewed","Symmetric","5",1,TRUE,0.444000000017695
"4289","Y~X:Z",0.209293306126881,0.0451943401577883,0.3,"LSAM",12078,9527671,1000,"ordinal","skewed","skewed","Symmetric","5",1,TRUE,0.444000000017695
"4290","X~~Z",0.193184424533347,0.0457689741156719,0.2,"LSAM",12078,9527671,1000,"ordinal","skewed","skewed","Symmetric","5",1,TRUE,0.444000000017695
"4291","X=~x1",0.548803197982414,0.102764887919812,0.4,"MC-PLSc",12079,1149379,300,"ordinal","skewed","skewed","Extreme","2",1,TRUE,12.8400000000256
"4292","X=~x2",0.886375038903606,0.076665813886985,0.8,"MC-PLSc",12079,1149379,300,"ordinal","skewed","skewed","Extreme","2",1,TRUE,12.8400000000256
"4293","X=~x3",0.838075189562939,0.107180211242506,0.8,"MC-PLSc",12079,1149379,300,"ordinal","skewed","skewed","Extreme","2",1,TRUE,12.8400000000256
"4294","Z=~z1",0.850008821540176,0.0682559279531944,0.6,"MC-PLSc",12079,1149379,300,"ordinal","skewed","skewed","Extreme","2",1,TRUE,12.8400000000256
"4295","Z=~z2",0.757931668064195,0.0884072997986846,0.6,"MC-PLSc",12079,1149379,300,"ordinal","skewed","skewed","Extreme","2",1,TRUE,12.8400000000256
"4296","Z=~z3",0.896888782069063,0.0661326946421645,0.8,"MC-PLSc",12079,1149379,300,"ordinal","skewed","skewed","Extreme","2",1,TRUE,12.8400000000256
"4297","Y=~y1",0.420652026823906,0.103932376764292,0.4,"MC-PLSc",12079,1149379,300,"ordinal","skewed","skewed","Extreme","2",1,TRUE,12.8400000000256
"4298","Y=~y2",0.83189135033275,0.139243934996043,0.7,"MC-PLSc",12079,1149379,300,"ordinal","skewed","skewed","Extreme","2",1,TRUE,12.8400000000256
"4299","Y=~y3",0.99846838644785,0.0445672903434323,0.9,"MC-PLSc",12079,1149379,300,"ordinal","skewed","skewed","Extreme","2",1,TRUE,12.8400000000256
"4300","Y~X",0.429851061781545,0.185653447441435,0.4,"MC-PLSc",12079,1149379,300,"ordinal","skewed","skewed","Extreme","2",1,TRUE,12.8400000000256
"4301","Y~Z",0.649960653064637,0.140624663212784,0.5,"MC-PLSc",12079,1149379,300,"ordinal","skewed","skewed","Extreme","2",1,TRUE,12.8400000000256
"4302","Y~X:Z",0.201520284566205,0.339937783409529,0.3,"MC-PLSc",12079,1149379,300,"ordinal","skewed","skewed","Extreme","2",1,TRUE,12.8400000000256
"4303","X~~Z",0.360348447723722,0.145147541390808,0.2,"MC-PLSc",12079,1149379,300,"ordinal","skewed","skewed","Extreme","2",1,TRUE,12.8400000000256
"4304","X=~x1",0.482564151084554,0.0983640371219765,0.4,"PLSc",12079,1149379,300,"ordinal","skewed","skewed","Extreme","2",1,TRUE,1.26600000000326
"4305","X=~x2",0.645577155893512,0.0907851301033585,0.8,"PLSc",12079,1149379,300,"ordinal","skewed","skewed","Extreme","2",1,TRUE,1.26600000000326
"4306","X=~x3",0.559102106899536,0.112667649987141,0.8,"PLSc",12079,1149379,300,"ordinal","skewed","skewed","Extreme","2",1,TRUE,1.26600000000326
"4307","Z=~z1",0.61979359608035,0.0896332177445813,0.6,"PLSc",12079,1149379,300,"ordinal","skewed","skewed","Extreme","2",1,TRUE,1.26600000000326
"4308","Z=~z2",0.576153262913282,0.0821534701829888,0.6,"PLSc",12079,1149379,300,"ordinal","skewed","skewed","Extreme","2",1,TRUE,1.26600000000326
"4309","Z=~z3",0.741896947882613,0.0873208543934044,0.8,"PLSc",12079,1149379,300,"ordinal","skewed","skewed","Extreme","2",1,TRUE,1.26600000000326
"4310","Y=~y1",0.392403690551512,0.0866710026668966,0.4,"PLSc",12079,1149379,300,"ordinal","skewed","skewed","Extreme","2",1,TRUE,1.26600000000326
"4311","Y=~y2",0.65710840956528,0.0878490429916192,0.7,"PLSc",12079,1149379,300,"ordinal","skewed","skewed","Extreme","2",1,TRUE,1.26600000000326
"4312","Y=~y3",0.821773059657713,0.057870785702014,0.9,"PLSc",12079,1149379,300,"ordinal","skewed","skewed","Extreme","2",1,TRUE,1.26600000000326
"4313","Y~X",0.398815187116305,0.135782243951123,0.4,"PLSc",12079,1149379,300,"ordinal","skewed","skewed","Extreme","2",1,TRUE,1.26600000000326
"4314","Y~Z",0.522773924949648,0.194007679041347,0.5,"PLSc",12079,1149379,300,"ordinal","skewed","skewed","Extreme","2",1,TRUE,1.26600000000326
"4315","Y~X:Z",0.123941908475583,0.19755763855817,0.3,"PLSc",12079,1149379,300,"ordinal","skewed","skewed","Extreme","2",1,TRUE,1.26600000000326
"4316","X~~Z",0.278570233914182,0.123837271291963,0.2,"PLSc",12079,1149379,300,"ordinal","skewed","skewed","Extreme","2",1,TRUE,1.26600000000326
"4317","X=~x1",0.530236993745063,0.10904353790828,0.4,"PLS",12079,1149379,300,"ordinal","skewed","skewed","Extreme","2",1,TRUE,0.896000000007916
"4318","X=~x2",0.838936589501384,0.0405031763288388,0.8,"PLS",12079,1149379,300,"ordinal","skewed","skewed","Extreme","2",1,TRUE,0.896000000007916
"4319","X=~x3",0.809373669159213,0.0593966731504796,0.8,"PLS",12079,1149379,300,"ordinal","skewed","skewed","Extreme","2",1,TRUE,0.896000000007916
"4320","Z=~z1",0.793852874089695,0.0485030932308639,0.6,"PLS",12079,1149379,300,"ordinal","skewed","skewed","Extreme","2",1,TRUE,0.896000000007916
"4321","Z=~z2",0.717733521428952,0.058614640551733,0.6,"PLS",12079,1149379,300,"ordinal","skewed","skewed","Extreme","2",1,TRUE,0.896000000007916
"4322","Z=~z3",0.827966368309023,0.0363925835248563,0.8,"PLS",12079,1149379,300,"ordinal","skewed","skewed","Extreme","2",1,TRUE,0.896000000007916
"4323","Y=~y1",0.447701400446444,0.10468321198931,0.4,"PLS",12079,1149379,300,"ordinal","skewed","skewed","Extreme","2",1,TRUE,0.896000000007916
"4324","Y=~y2",0.855432191424551,0.0451679683307208,0.7,"PLS",12079,1149379,300,"ordinal","skewed","skewed","Extreme","2",1,TRUE,0.896000000007916
"4325","Y=~y3",0.901046622863701,0.0169555085716531,0.9,"PLS",12079,1149379,300,"ordinal","skewed","skewed","Extreme","2",1,TRUE,0.896000000007916
"4326","Y~X",0.278044454075273,0.0732680695985301,0.4,"PLS",12079,1149379,300,"ordinal","skewed","skewed","Extreme","2",1,TRUE,0.896000000007916
"4327","Y~Z",0.39313188419532,0.0901847028359748,0.5,"PLS",12079,1149379,300,"ordinal","skewed","skewed","Extreme","2",1,TRUE,0.896000000007916
"4328","Y~X:Z",0.183339722774619,0.057308048472252,0.3,"PLS",12079,1149379,300,"ordinal","skewed","skewed","Extreme","2",1,TRUE,0.896000000007916
"4329","X~~Z",0.178699827625433,0.0817756918437631,0.2,"PLS",12079,1149379,300,"ordinal","skewed","skewed","Extreme","2",1,TRUE,0.896000000007916
"4330","X=~x1",NA,NA,0.4,"Mplus",12079,1149379,300,"ordinal","skewed","skewed","Extreme","2",1,FALSE,92.5769999999902
"4331","X=~x2",NA,NA,0.8,"Mplus",12079,1149379,300,"ordinal","skewed","skewed","Extreme","2",1,FALSE,92.5769999999902
"4332","X=~x3",NA,NA,0.8,"Mplus",12079,1149379,300,"ordinal","skewed","skewed","Extreme","2",1,FALSE,92.5769999999902
"4333","Z=~z1",NA,NA,0.6,"Mplus",12079,1149379,300,"ordinal","skewed","skewed","Extreme","2",1,FALSE,92.5769999999902
"4334","Z=~z2",NA,NA,0.6,"Mplus",12079,1149379,300,"ordinal","skewed","skewed","Extreme","2",1,FALSE,92.5769999999902
"4335","Z=~z3",NA,NA,0.8,"Mplus",12079,1149379,300,"ordinal","skewed","skewed","Extreme","2",1,FALSE,92.5769999999902
"4336","Y=~y1",NA,NA,0.4,"Mplus",12079,1149379,300,"ordinal","skewed","skewed","Extreme","2",1,FALSE,92.5769999999902
"4337","Y=~y2",NA,NA,0.7,"Mplus",12079,1149379,300,"ordinal","skewed","skewed","Extreme","2",1,FALSE,92.5769999999902
"4338","Y=~y3",NA,NA,0.9,"Mplus",12079,1149379,300,"ordinal","skewed","skewed","Extreme","2",1,FALSE,92.5769999999902
"4339","Y~X",NA,NA,0.4,"Mplus",12079,1149379,300,"ordinal","skewed","skewed","Extreme","2",1,FALSE,92.5769999999902
"4340","Y~Z",NA,NA,0.5,"Mplus",12079,1149379,300,"ordinal","skewed","skewed","Extreme","2",1,FALSE,92.5769999999902
"4341","Y~X:Z",NA,NA,0.3,"Mplus",12079,1149379,300,"ordinal","skewed","skewed","Extreme","2",1,FALSE,92.5769999999902
"4342","X~~Z",NA,NA,0.2,"Mplus",12079,1149379,300,"ordinal","skewed","skewed","Extreme","2",1,FALSE,92.5769999999902
"4343","X=~x1",0.300507051547822,0.0647519020571996,0.4,"LSAM",12079,1149379,300,"ordinal","skewed","skewed","Extreme","2",1,TRUE,0.585999999952037
"4344","X=~x2",0.767039821059763,0.132463438446815,0.8,"LSAM",12079,1149379,300,"ordinal","skewed","skewed","Extreme","2",1,TRUE,0.585999999952037
"4345","X=~x3",0.757508499027417,0.132321909308931,0.8,"LSAM",12079,1149379,300,"ordinal","skewed","skewed","Extreme","2",1,TRUE,0.585999999952037
"4346","Z=~z1",0.716722765629131,0.337151933877949,0.6,"LSAM",12079,1149379,300,"ordinal","skewed","skewed","Extreme","2",1,TRUE,0.585999999952037
"4347","Z=~z2",0.541167829128968,0.374980715720473,0.6,"LSAM",12079,1149379,300,"ordinal","skewed","skewed","Extreme","2",1,TRUE,0.585999999952037
"4348","Z=~z3",0.683132405590962,0.359269543180633,0.8,"LSAM",12079,1149379,300,"ordinal","skewed","skewed","Extreme","2",1,TRUE,0.585999999952037
"4349","Y=~y1",0.303947343831955,0.0368867349728276,0.4,"LSAM",12079,1149379,300,"ordinal","skewed","skewed","Extreme","2",1,TRUE,0.585999999952037
"4350","Y=~y2",0.766157142371569,0.099769248786145,0.7,"LSAM",12079,1149379,300,"ordinal","skewed","skewed","Extreme","2",1,TRUE,0.585999999952037
"4351","Y=~y3",0.855221138953319,0.103275561971768,0.9,"LSAM",12079,1149379,300,"ordinal","skewed","skewed","Extreme","2",1,TRUE,0.585999999952037
"4352","Y~X",0.298602197022657,0.582897559874484,0.4,"LSAM",12079,1149379,300,"ordinal","skewed","skewed","Extreme","2",1,TRUE,0.585999999952037
"4353","Y~Z",0.517132771665186,0.709227415047162,0.5,"LSAM",12079,1149379,300,"ordinal","skewed","skewed","Extreme","2",1,TRUE,0.585999999952037
"4354","Y~X:Z",0.147523819576783,0.366065322507901,0.3,"LSAM",12079,1149379,300,"ordinal","skewed","skewed","Extreme","2",1,TRUE,0.585999999952037
"4355","X~~Z",0.226108059831225,0.209882617963367,0.2,"LSAM",12079,1149379,300,"ordinal","skewed","skewed","Extreme","2",1,TRUE,0.585999999952037
"4356","X=~x1",0.562909689502192,0.0639895050472999,0.4,"MC-PLSc",12080,4556462,1000,"ordinal","skewed","skewed","Extreme","2",1,TRUE,16.814000000013
"4357","X=~x2",0.859584312438453,0.0420085738957449,0.8,"MC-PLSc",12080,4556462,1000,"ordinal","skewed","skewed","Extreme","2",1,TRUE,16.814000000013
"4358","X=~x3",0.93171860669563,0.0406902696284387,0.8,"MC-PLSc",12080,4556462,1000,"ordinal","skewed","skewed","Extreme","2",1,TRUE,16.814000000013
"4359","Z=~z1",0.819578337974514,0.0419439392284505,0.6,"MC-PLSc",12080,4556462,1000,"ordinal","skewed","skewed","Extreme","2",1,TRUE,16.814000000013
"4360","Z=~z2",0.729568002215548,0.0472866477640576,0.6,"MC-PLSc",12080,4556462,1000,"ordinal","skewed","skewed","Extreme","2",1,TRUE,16.814000000013
"4361","Z=~z3",0.884641599959106,0.0366983897103038,0.8,"MC-PLSc",12080,4556462,1000,"ordinal","skewed","skewed","Extreme","2",1,TRUE,16.814000000013
"4362","Y=~y1",0.463476951625793,0.0542318382051536,0.4,"MC-PLSc",12080,4556462,1000,"ordinal","skewed","skewed","Extreme","2",1,TRUE,16.814000000013
"4363","Y=~y2",0.670687937411043,0.0458011542282854,0.7,"MC-PLSc",12080,4556462,1000,"ordinal","skewed","skewed","Extreme","2",1,TRUE,16.814000000013
"4364","Y=~y3",0.816977294951989,0.0638971451238695,0.9,"MC-PLSc",12080,4556462,1000,"ordinal","skewed","skewed","Extreme","2",1,TRUE,16.814000000013
"4365","Y~X",0.419968942599936,0.139720308430212,0.4,"MC-PLSc",12080,4556462,1000,"ordinal","skewed","skewed","Extreme","2",1,TRUE,16.814000000013
"4366","Y~Z",0.552426975177184,0.101380826497161,0.5,"MC-PLSc",12080,4556462,1000,"ordinal","skewed","skewed","Extreme","2",1,TRUE,16.814000000013
"4367","Y~X:Z",0.445258122501987,0.230767720716584,0.3,"MC-PLSc",12080,4556462,1000,"ordinal","skewed","skewed","Extreme","2",1,TRUE,16.814000000013
"4368","X~~Z",0.205139464036706,0.0635514845461175,0.2,"MC-PLSc",12080,4556462,1000,"ordinal","skewed","skewed","Extreme","2",1,TRUE,16.814000000013
"4369","X=~x1",0.409237805315281,0.0734909761838643,0.4,"PLSc",12080,4556462,1000,"ordinal","skewed","skewed","Extreme","2",1,TRUE,1.35999999998603
"4370","X=~x2",0.667381930353306,0.0636145298769094,0.8,"PLSc",12080,4556462,1000,"ordinal","skewed","skewed","Extreme","2",1,TRUE,1.35999999998603
"4371","X=~x3",0.760840373228841,0.0579084309342432,0.8,"PLSc",12080,4556462,1000,"ordinal","skewed","skewed","Extreme","2",1,TRUE,1.35999999998603
"4372","Z=~z1",0.652579250560908,0.0559134982395662,0.6,"PLSc",12080,4556462,1000,"ordinal","skewed","skewed","Extreme","2",1,TRUE,1.35999999998603
"4373","Z=~z2",0.526990463763756,0.0632312715162397,0.6,"PLSc",12080,4556462,1000,"ordinal","skewed","skewed","Extreme","2",1,TRUE,1.35999999998603
"4374","Z=~z3",0.710152129982565,0.0557711226020974,0.8,"PLSc",12080,4556462,1000,"ordinal","skewed","skewed","Extreme","2",1,TRUE,1.35999999998603
"4375","Y=~y1",0.361099100046478,0.0500614118392265,0.4,"PLSc",12080,4556462,1000,"ordinal","skewed","skewed","Extreme","2",1,TRUE,1.35999999998603
"4376","Y=~y2",0.550201291422348,0.0472630127968183,0.7,"PLSc",12080,4556462,1000,"ordinal","skewed","skewed","Extreme","2",1,TRUE,1.35999999998603
"4377","Y=~y3",0.714467290147879,0.041704803797177,0.9,"PLSc",12080,4556462,1000,"ordinal","skewed","skewed","Extreme","2",1,TRUE,1.35999999998603
"4378","Y~X",0.417791320105349,0.0630383663495143,0.4,"PLSc",12080,4556462,1000,"ordinal","skewed","skewed","Extreme","2",1,TRUE,1.35999999998603
"4379","Y~Z",0.510902653245365,0.0609075699051442,0.5,"PLSc",12080,4556462,1000,"ordinal","skewed","skewed","Extreme","2",1,TRUE,1.35999999998603
"4380","Y~X:Z",0.19037981178561,0.0743840833031581,0.3,"PLSc",12080,4556462,1000,"ordinal","skewed","skewed","Extreme","2",1,TRUE,1.35999999998603
"4381","X~~Z",0.147472444726379,0.0500385272326001,0.2,"PLSc",12080,4556462,1000,"ordinal","skewed","skewed","Extreme","2",1,TRUE,1.35999999998603
"4382","X=~x1",0.562373874904702,0.0580986401399937,0.4,"PLS",12080,4556462,1000,"ordinal","skewed","skewed","Extreme","2",1,TRUE,0.940999999991618
"4383","X=~x2",0.820921594633066,0.029002843145715,0.8,"PLS",12080,4556462,1000,"ordinal","skewed","skewed","Extreme","2",1,TRUE,0.940999999991618
"4384","X=~x3",0.859501065424107,0.0211265232155252,0.8,"PLS",12080,4556462,1000,"ordinal","skewed","skewed","Extreme","2",1,TRUE,0.940999999991618
"4385","Z=~z1",0.782341059024369,0.0280153379699533,0.6,"PLS",12080,4556462,1000,"ordinal","skewed","skewed","Extreme","2",1,TRUE,0.940999999991618
"4386","Z=~z2",0.707419199019365,0.0384372086249723,0.6,"PLS",12080,4556462,1000,"ordinal","skewed","skewed","Extreme","2",1,TRUE,0.940999999991618
"4387","Z=~z3",0.822834282829241,0.0227358420419379,0.8,"PLS",12080,4556462,1000,"ordinal","skewed","skewed","Extreme","2",1,TRUE,0.940999999991618
"4388","Y=~y1",0.544333144277784,0.0520487244020115,0.4,"PLS",12080,4556462,1000,"ordinal","skewed","skewed","Extreme","2",1,TRUE,0.940999999991618
"4389","Y=~y2",0.755412553659759,0.0302739198205856,0.7,"PLS",12080,4556462,1000,"ordinal","skewed","skewed","Extreme","2",1,TRUE,0.940999999991618
"4390","Y=~y3",0.83707258350352,0.0179437246508823,0.9,"PLS",12080,4556462,1000,"ordinal","skewed","skewed","Extreme","2",1,TRUE,0.940999999991618
"4391","Y~X",0.294977396740893,0.0391511745865677,0.4,"PLS",12080,4556462,1000,"ordinal","skewed","skewed","Extreme","2",1,TRUE,0.940999999991618
"4392","Y~Z",0.34744339630724,0.0375175794873752,0.5,"PLS",12080,4556462,1000,"ordinal","skewed","skewed","Extreme","2",1,TRUE,0.940999999991618
"4393","Y~X:Z",0.163610597535337,0.0293010038077014,0.3,"PLS",12080,4556462,1000,"ordinal","skewed","skewed","Extreme","2",1,TRUE,0.940999999991618
"4394","X~~Z",0.101010105613897,0.034351868191144,0.2,"PLS",12080,4556462,1000,"ordinal","skewed","skewed","Extreme","2",1,TRUE,0.940999999991618
"4395","X=~x1",0.528,0.079,0.4,"Mplus",12080,4556462,1000,"ordinal","skewed","skewed","Extreme","2",1,TRUE,223.713999999978
"4396","X=~x2",0.855,0.039,0.8,"Mplus",12080,4556462,1000,"ordinal","skewed","skewed","Extreme","2",1,TRUE,223.713999999978
"4397","X=~x3",0.919,0.038,0.8,"Mplus",12080,4556462,1000,"ordinal","skewed","skewed","Extreme","2",1,TRUE,223.713999999978
"4398","Z=~z1",0.783,0.04,0.6,"Mplus",12080,4556462,1000,"ordinal","skewed","skewed","Extreme","2",1,TRUE,223.713999999978
"4399","Z=~z2",0.72,0.044,0.6,"Mplus",12080,4556462,1000,"ordinal","skewed","skewed","Extreme","2",1,TRUE,223.713999999978
"4400","Z=~z3",0.898,0.037,0.8,"Mplus",12080,4556462,1000,"ordinal","skewed","skewed","Extreme","2",1,TRUE,223.713999999978
"4401","Y=~y1",0.445,0.052,0.4,"Mplus",12080,4556462,1000,"ordinal","skewed","skewed","Extreme","2",1,TRUE,223.713999999978
"4402","Y=~y2",0.656,0.049,0.7,"Mplus",12080,4556462,1000,"ordinal","skewed","skewed","Extreme","2",1,TRUE,223.713999999978
"4403","Y=~y3",0.818,0.047,0.9,"Mplus",12080,4556462,1000,"ordinal","skewed","skewed","Extreme","2",1,TRUE,223.713999999978
"4404","Y~X",0.389,0.12,0.4,"Mplus",12080,4556462,1000,"ordinal","skewed","skewed","Extreme","2",1,TRUE,223.713999999978
"4405","Y~Z",0.523,0.106,0.5,"Mplus",12080,4556462,1000,"ordinal","skewed","skewed","Extreme","2",1,TRUE,223.713999999978
"4406","Y~X:Z",0.515,0.185,0.3,"Mplus",12080,4556462,1000,"ordinal","skewed","skewed","Extreme","2",1,TRUE,223.713999999978
"4407","X~~Z",0.226,0.066,0.2,"Mplus",12080,4556462,1000,"ordinal","skewed","skewed","Extreme","2",1,TRUE,223.713999999978
"4408","X=~x1",0.380551715384953,0.0374080615146113,0.4,"LSAM",12080,4556462,1000,"ordinal","skewed","skewed","Extreme","2",1,TRUE,0.491999999969266
"4409","X=~x2",0.691132122543374,0.0648157646104329,0.8,"LSAM",12080,4556462,1000,"ordinal","skewed","skewed","Extreme","2",1,TRUE,0.491999999969266
"4410","X=~x3",0.761650853689822,0.0659468570955049,0.8,"LSAM",12080,4556462,1000,"ordinal","skewed","skewed","Extreme","2",1,TRUE,0.491999999969266
"4411","Z=~z1",0.618723565284877,0.121838883340916,0.6,"LSAM",12080,4556462,1000,"ordinal","skewed","skewed","Extreme","2",1,TRUE,0.491999999969266
"4412","Z=~z2",0.562976785035744,0.127934131034889,0.6,"LSAM",12080,4556462,1000,"ordinal","skewed","skewed","Extreme","2",1,TRUE,0.491999999969266
"4413","Z=~z3",0.710265967114132,0.120308412519032,0.8,"LSAM",12080,4556462,1000,"ordinal","skewed","skewed","Extreme","2",1,TRUE,0.491999999969266
"4414","Y=~y1",0.377616600301353,0.0224734558909139,0.4,"LSAM",12080,4556462,1000,"ordinal","skewed","skewed","Extreme","2",1,TRUE,0.491999999969266
"4415","Y=~y2",0.629438103133069,0.0707319081901386,0.7,"LSAM",12080,4556462,1000,"ordinal","skewed","skewed","Extreme","2",1,TRUE,0.491999999969266
"4416","Y=~y3",0.618632537708595,0.0695527324303121,0.9,"LSAM",12080,4556462,1000,"ordinal","skewed","skewed","Extreme","2",1,TRUE,0.491999999969266
"4417","Y~X",0.418760873352674,0.0669562782724879,0.4,"LSAM",12080,4556462,1000,"ordinal","skewed","skewed","Extreme","2",1,TRUE,0.491999999969266
"4418","Y~Z",0.523786807553046,0.179157970151579,0.5,"LSAM",12080,4556462,1000,"ordinal","skewed","skewed","Extreme","2",1,TRUE,0.491999999969266
"4419","Y~X:Z",0.201762512107957,0.123051432656077,0.3,"LSAM",12080,4556462,1000,"ordinal","skewed","skewed","Extreme","2",1,TRUE,0.491999999969266
"4420","X~~Z",0.135929280789248,0.0561700122266383,0.2,"LSAM",12080,4556462,1000,"ordinal","skewed","skewed","Extreme","2",1,TRUE,0.491999999969266
"4421","X=~x1",0.382481782702018,0.10090391490235,0.4,"MC-PLSc",12081,4224314,300,"ordinal","skewed","skewed","Extreme","3",1,TRUE,15.0879999999888
"4422","X=~x2",0.930974613648171,0.0617016614073229,0.8,"MC-PLSc",12081,4224314,300,"ordinal","skewed","skewed","Extreme","3",1,TRUE,15.0879999999888
"4423","X=~x3",0.939196152253334,0.0717711199260255,0.8,"MC-PLSc",12081,4224314,300,"ordinal","skewed","skewed","Extreme","3",1,TRUE,15.0879999999888
"4424","Z=~z1",0.688996600933752,0.0786983105198244,0.6,"MC-PLSc",12081,4224314,300,"ordinal","skewed","skewed","Extreme","3",1,TRUE,15.0879999999888
"4425","Z=~z2",0.696221343048073,0.0775993121534215,0.6,"MC-PLSc",12081,4224314,300,"ordinal","skewed","skewed","Extreme","3",1,TRUE,15.0879999999888
"4426","Z=~z3",0.789538516298524,0.078757013263252,0.8,"MC-PLSc",12081,4224314,300,"ordinal","skewed","skewed","Extreme","3",1,TRUE,15.0879999999888
"4427","Y=~y1",0.526149221320501,0.0679326919096729,0.4,"MC-PLSc",12081,4224314,300,"ordinal","skewed","skewed","Extreme","3",1,TRUE,15.0879999999888
"4428","Y=~y2",0.656917768324512,0.0723974062114831,0.7,"MC-PLSc",12081,4224314,300,"ordinal","skewed","skewed","Extreme","3",1,TRUE,15.0879999999888
"4429","Y=~y3",0.81966064758834,0.0922957460018786,0.9,"MC-PLSc",12081,4224314,300,"ordinal","skewed","skewed","Extreme","3",1,TRUE,15.0879999999888
"4430","Y~X",0.479175795139568,0.149922697494818,0.4,"MC-PLSc",12081,4224314,300,"ordinal","skewed","skewed","Extreme","3",1,TRUE,15.0879999999888
"4431","Y~Z",0.516507366044258,0.148335868458281,0.5,"MC-PLSc",12081,4224314,300,"ordinal","skewed","skewed","Extreme","3",1,TRUE,15.0879999999888
"4432","Y~X:Z",0.517943666026759,0.243731470291325,0.3,"MC-PLSc",12081,4224314,300,"ordinal","skewed","skewed","Extreme","3",1,TRUE,15.0879999999888
"4433","X~~Z",0.0763037445351605,0.111775616539708,0.2,"MC-PLSc",12081,4224314,300,"ordinal","skewed","skewed","Extreme","3",1,TRUE,15.0879999999888
"4434","X=~x1",0.213239174130287,0.14595745383974,0.4,"PLSc",12081,4224314,300,"ordinal","skewed","skewed","Extreme","3",1,TRUE,1.27799999999115
"4435","X=~x2",0.882265356785822,0.0794228462415057,0.8,"PLSc",12081,4224314,300,"ordinal","skewed","skewed","Extreme","3",1,TRUE,1.27799999999115
"4436","X=~x3",0.833998062999207,0.0712700304915285,0.8,"PLSc",12081,4224314,300,"ordinal","skewed","skewed","Extreme","3",1,TRUE,1.27799999999115
"4437","Z=~z1",0.604011355262573,0.102066209611575,0.6,"PLSc",12081,4224314,300,"ordinal","skewed","skewed","Extreme","3",1,TRUE,1.27799999999115
"4438","Z=~z2",0.57113464839305,0.0954549013881959,0.6,"PLSc",12081,4224314,300,"ordinal","skewed","skewed","Extreme","3",1,TRUE,1.27799999999115
"4439","Z=~z3",0.643567090104728,0.110513408206484,0.8,"PLSc",12081,4224314,300,"ordinal","skewed","skewed","Extreme","3",1,TRUE,1.27799999999115
"4440","Y=~y1",0.502771996646905,0.0771839680539107,0.4,"PLSc",12081,4224314,300,"ordinal","skewed","skewed","Extreme","3",1,TRUE,1.27799999999115
"4441","Y=~y2",0.60124122859269,0.0757785853298186,0.7,"PLSc",12081,4224314,300,"ordinal","skewed","skewed","Extreme","3",1,TRUE,1.27799999999115
"4442","Y=~y3",0.680475607659824,0.0705102765966778,0.9,"PLSc",12081,4224314,300,"ordinal","skewed","skewed","Extreme","3",1,TRUE,1.27799999999115
"4443","Y~X",0.471038468332716,0.499743580309918,0.4,"PLSc",12081,4224314,300,"ordinal","skewed","skewed","Extreme","3",1,TRUE,1.27799999999115
"4444","Y~Z",0.52467676004335,0.387255212340193,0.5,"PLSc",12081,4224314,300,"ordinal","skewed","skewed","Extreme","3",1,TRUE,1.27799999999115
"4445","Y~X:Z",0.343404085649021,1.1601041769598,0.3,"PLSc",12081,4224314,300,"ordinal","skewed","skewed","Extreme","3",1,TRUE,1.27799999999115
"4446","X~~Z",0.0559312174643316,0.0813981412190076,0.2,"PLSc",12081,4224314,300,"ordinal","skewed","skewed","Extreme","3",1,TRUE,1.27799999999115
"4447","X=~x1",0.41732041073231,0.114440341090856,0.4,"PLS",12081,4224314,300,"ordinal","skewed","skewed","Extreme","3",1,TRUE,0.880999999993946
"4448","X=~x2",0.912536990831011,0.0222625957586358,0.8,"PLS",12081,4224314,300,"ordinal","skewed","skewed","Extreme","3",1,TRUE,0.880999999993946
"4449","X=~x3",0.911372766170838,0.0190255587036198,0.8,"PLS",12081,4224314,300,"ordinal","skewed","skewed","Extreme","3",1,TRUE,0.880999999993946
"4450","Z=~z1",0.743213199935433,0.0576350574798336,0.6,"PLS",12081,4224314,300,"ordinal","skewed","skewed","Extreme","3",1,TRUE,0.880999999993946
"4451","Z=~z2",0.740076666022252,0.0542492004961766,0.6,"PLS",12081,4224314,300,"ordinal","skewed","skewed","Extreme","3",1,TRUE,0.880999999993946
"4452","Z=~z3",0.796296123377683,0.0541925645176773,0.8,"PLS",12081,4224314,300,"ordinal","skewed","skewed","Extreme","3",1,TRUE,0.880999999993946
"4453","Y=~y1",0.632985468143534,0.0687263212438033,0.4,"PLS",12081,4224314,300,"ordinal","skewed","skewed","Extreme","3",1,TRUE,0.880999999993946
"4454","Y=~y2",0.756742883924681,0.0479928092557045,0.7,"PLS",12081,4224314,300,"ordinal","skewed","skewed","Extreme","3",1,TRUE,0.880999999993946
"4455","Y=~y3",0.851099844436838,0.0292127720886773,0.9,"PLS",12081,4224314,300,"ordinal","skewed","skewed","Extreme","3",1,TRUE,0.880999999993946
"4456","Y~X",0.356063188993722,0.0569275360879753,0.4,"PLS",12081,4224314,300,"ordinal","skewed","skewed","Extreme","3",1,TRUE,0.880999999993946
"4457","Y~Z",0.347154062771277,0.0588720092451638,0.5,"PLS",12081,4224314,300,"ordinal","skewed","skewed","Extreme","3",1,TRUE,0.880999999993946
"4458","Y~X:Z",0.229241271574251,0.051033334382744,0.3,"PLS",12081,4224314,300,"ordinal","skewed","skewed","Extreme","3",1,TRUE,0.880999999993946
"4459","X~~Z",0.0410238707827927,0.0597752842262552,0.2,"PLS",12081,4224314,300,"ordinal","skewed","skewed","Extreme","3",1,TRUE,0.880999999993946
"4460","X=~x1",0.446,0.032,0.4,"Mplus",12081,4224314,300,"ordinal","skewed","skewed","Extreme","3",1,TRUE,404.657999999996
"4461","X=~x2",0.848,0.049,0.8,"Mplus",12081,4224314,300,"ordinal","skewed","skewed","Extreme","3",1,TRUE,404.657999999996
"4462","X=~x3",0.995,0.006,0.8,"Mplus",12081,4224314,300,"ordinal","skewed","skewed","Extreme","3",1,TRUE,404.657999999996
"4463","Z=~z1",0.631,0.074,0.6,"Mplus",12081,4224314,300,"ordinal","skewed","skewed","Extreme","3",1,TRUE,404.657999999996
"4464","Z=~z2",0.665,0.074,0.6,"Mplus",12081,4224314,300,"ordinal","skewed","skewed","Extreme","3",1,TRUE,404.657999999996
"4465","Z=~z3",0.77,0.075,0.8,"Mplus",12081,4224314,300,"ordinal","skewed","skewed","Extreme","3",1,TRUE,404.657999999996
"4466","Y=~y1",0.491,0.078,0.4,"Mplus",12081,4224314,300,"ordinal","skewed","skewed","Extreme","3",1,TRUE,404.657999999996
"4467","Y=~y2",0.682,0.07,0.7,"Mplus",12081,4224314,300,"ordinal","skewed","skewed","Extreme","3",1,TRUE,404.657999999996
"4468","Y=~y3",0.836,0.08,0.9,"Mplus",12081,4224314,300,"ordinal","skewed","skewed","Extreme","3",1,TRUE,404.657999999996
"4469","Y~X",0.356,0.139,0.4,"Mplus",12081,4224314,300,"ordinal","skewed","skewed","Extreme","3",1,TRUE,404.657999999996
"4470","Y~Z",0.43,0.145,0.5,"Mplus",12081,4224314,300,"ordinal","skewed","skewed","Extreme","3",1,TRUE,404.657999999996
"4471","Y~X:Z",0.508,0.19,0.3,"Mplus",12081,4224314,300,"ordinal","skewed","skewed","Extreme","3",1,TRUE,404.657999999996
"4472","X~~Z",0.166,0.115,0.2,"Mplus",12081,4224314,300,"ordinal","skewed","skewed","Extreme","3",1,TRUE,404.657999999996
"4473","X=~x1",0.333971136782813,0.0648461999791027,0.4,"LSAM",12081,4224314,300,"ordinal","skewed","skewed","Extreme","3",1,TRUE,0.543999999994412
"4474","X=~x2",0.74292861565389,0.104001013538539,0.8,"LSAM",12081,4224314,300,"ordinal","skewed","skewed","Extreme","3",1,TRUE,0.543999999994412
"4475","X=~x3",0.926918298201951,0.0900739441852712,0.8,"LSAM",12081,4224314,300,"ordinal","skewed","skewed","Extreme","3",1,TRUE,0.543999999994412
"4476","Z=~z1",0.545019297011431,0.0873910543796365,0.6,"LSAM",12081,4224314,300,"ordinal","skewed","skewed","Extreme","3",1,TRUE,0.543999999994412
"4477","Z=~z2",0.585593751256227,0.115950587055172,0.6,"LSAM",12081,4224314,300,"ordinal","skewed","skewed","Extreme","3",1,TRUE,0.543999999994412
"4478","Z=~z3",0.690960775208289,0.120251144558207,0.8,"LSAM",12081,4224314,300,"ordinal","skewed","skewed","Extreme","3",1,TRUE,0.543999999994412
"4479","Y=~y1",0.368016539212683,0.0274024479865777,0.4,"LSAM",12081,4224314,300,"ordinal","skewed","skewed","Extreme","3",1,TRUE,0.543999999994412
"4480","Y=~y2",0.500000691315339,0.0776197023521236,0.7,"LSAM",12081,4224314,300,"ordinal","skewed","skewed","Extreme","3",1,TRUE,0.543999999994412
"4481","Y=~y3",0.968886372772567,0.132034004691697,0.9,"LSAM",12081,4224314,300,"ordinal","skewed","skewed","Extreme","3",1,TRUE,0.543999999994412
"4482","Y~X",0.315142564946941,0.0772789627295286,0.4,"LSAM",12081,4224314,300,"ordinal","skewed","skewed","Extreme","3",1,TRUE,0.543999999994412
"4483","Y~Z",0.375376384105027,0.0969139889567519,0.5,"LSAM",12081,4224314,300,"ordinal","skewed","skewed","Extreme","3",1,TRUE,0.543999999994412
"4484","Y~X:Z",0.289024995898601,0.103201270026979,0.3,"LSAM",12081,4224314,300,"ordinal","skewed","skewed","Extreme","3",1,TRUE,0.543999999994412
"4485","X~~Z",0.0512784592057736,0.0838002789583516,0.2,"LSAM",12081,4224314,300,"ordinal","skewed","skewed","Extreme","3",1,TRUE,0.543999999994412
"4486","X=~x1",0.512604398896324,0.0490085493769972,0.4,"MC-PLSc",12082,3394767,1000,"ordinal","skewed","skewed","Extreme","3",1,TRUE,17.5250000000233
"4487","X=~x2",0.847290448142136,0.0373513210484742,0.8,"MC-PLSc",12082,3394767,1000,"ordinal","skewed","skewed","Extreme","3",1,TRUE,17.5250000000233
"4488","X=~x3",0.87701117174247,0.0334544239959925,0.8,"MC-PLSc",12082,3394767,1000,"ordinal","skewed","skewed","Extreme","3",1,TRUE,17.5250000000233
"4489","Z=~z1",0.717923219219835,0.0362584933281611,0.6,"MC-PLSc",12082,3394767,1000,"ordinal","skewed","skewed","Extreme","3",1,TRUE,17.5250000000233
"4490","Z=~z2",0.660391426663348,0.040350556106699,0.6,"MC-PLSc",12082,3394767,1000,"ordinal","skewed","skewed","Extreme","3",1,TRUE,17.5250000000233
"4491","Z=~z3",0.871234024115416,0.0292410209709892,0.8,"MC-PLSc",12082,3394767,1000,"ordinal","skewed","skewed","Extreme","3",1,TRUE,17.5250000000233
"4492","Y=~y1",0.330817944475656,0.0452955798656935,0.4,"MC-PLSc",12082,3394767,1000,"ordinal","skewed","skewed","Extreme","3",1,TRUE,17.5250000000233
"4493","Y=~y2",0.757002023824406,0.0362614893911938,0.7,"MC-PLSc",12082,3394767,1000,"ordinal","skewed","skewed","Extreme","3",1,TRUE,17.5250000000233
"4494","Y=~y3",0.842042215474287,0.0367204344792482,0.9,"MC-PLSc",12082,3394767,1000,"ordinal","skewed","skewed","Extreme","3",1,TRUE,17.5250000000233
"4495","Y~X",0.368335018351729,0.0720960857483758,0.4,"MC-PLSc",12082,3394767,1000,"ordinal","skewed","skewed","Extreme","3",1,TRUE,17.5250000000233
"4496","Y~Z",0.547564008168633,0.0704095367018097,0.5,"MC-PLSc",12082,3394767,1000,"ordinal","skewed","skewed","Extreme","3",1,TRUE,17.5250000000233
"4497","Y~X:Z",0.460726070454019,0.143776781542705,0.3,"MC-PLSc",12082,3394767,1000,"ordinal","skewed","skewed","Extreme","3",1,TRUE,17.5250000000233
"4498","X~~Z",0.305107115440018,0.0562151399051884,0.2,"MC-PLSc",12082,3394767,1000,"ordinal","skewed","skewed","Extreme","3",1,TRUE,17.5250000000233
"4499","X=~x1",0.44914132929147,0.058026491274037,0.4,"PLSc",12082,3394767,1000,"ordinal","skewed","skewed","Extreme","3",1,TRUE,1.37199999997392
"4500","X=~x2",0.721320844820194,0.0459071345679271,0.8,"PLSc",12082,3394767,1000,"ordinal","skewed","skewed","Extreme","3",1,TRUE,1.37199999997392
"4501","X=~x3",0.718837738541113,0.0471050120903335,0.8,"PLSc",12082,3394767,1000,"ordinal","skewed","skewed","Extreme","3",1,TRUE,1.37199999997392
"4502","Z=~z1",0.578982532269435,0.046656952603783,0.6,"PLSc",12082,3394767,1000,"ordinal","skewed","skewed","Extreme","3",1,TRUE,1.37199999997392
"4503","Z=~z2",0.572608969974842,0.0458517632531495,0.6,"PLSc",12082,3394767,1000,"ordinal","skewed","skewed","Extreme","3",1,TRUE,1.37199999997392
"4504","Z=~z3",0.740557491717261,0.0421555204061133,0.8,"PLSc",12082,3394767,1000,"ordinal","skewed","skewed","Extreme","3",1,TRUE,1.37199999997392
"4505","Y=~y1",0.285708559032253,0.0469519863312065,0.4,"PLSc",12082,3394767,1000,"ordinal","skewed","skewed","Extreme","3",1,TRUE,1.37199999997392
"4506","Y=~y2",0.702535500878314,0.033382758282277,0.7,"PLSc",12082,3394767,1000,"ordinal","skewed","skewed","Extreme","3",1,TRUE,1.37199999997392
"4507","Y=~y3",0.781779676645942,0.0319362829443341,0.9,"PLSc",12082,3394767,1000,"ordinal","skewed","skewed","Extreme","3",1,TRUE,1.37199999997392
"4508","Y~X",0.39722962495335,0.0488387503751346,0.4,"PLSc",12082,3394767,1000,"ordinal","skewed","skewed","Extreme","3",1,TRUE,1.37199999997392
"4509","Y~Z",0.518543205470778,0.0481469270636638,0.5,"PLSc",12082,3394767,1000,"ordinal","skewed","skewed","Extreme","3",1,TRUE,1.37199999997392
"4510","Y~X:Z",0.187541499639889,0.0689469245996847,0.3,"PLSc",12082,3394767,1000,"ordinal","skewed","skewed","Extreme","3",1,TRUE,1.37199999997392
"4511","X~~Z",0.258996527307306,0.0551242959074833,0.2,"PLSc",12082,3394767,1000,"ordinal","skewed","skewed","Extreme","3",1,TRUE,1.37199999997392
"4512","X=~x1",0.560601881821889,0.0505812922343409,0.4,"PLS",12082,3394767,1000,"ordinal","skewed","skewed","Extreme","3",1,TRUE,0.992999999958556
"4513","X=~x2",0.846093376562292,0.0194243544388457,0.8,"PLS",12082,3394767,1000,"ordinal","skewed","skewed","Extreme","3",1,TRUE,0.992999999958556
"4514","X=~x3",0.861688112713298,0.0169179374327655,0.8,"PLS",12082,3394767,1000,"ordinal","skewed","skewed","Extreme","3",1,TRUE,0.992999999958556
"4515","Z=~z1",0.754129860151134,0.0275602760726138,0.6,"PLS",12082,3394767,1000,"ordinal","skewed","skewed","Extreme","3",1,TRUE,0.992999999958556
"4516","Z=~z2",0.71155713500477,0.0292719561795542,0.6,"PLS",12082,3394767,1000,"ordinal","skewed","skewed","Extreme","3",1,TRUE,0.992999999958556
"4517","Z=~z3",0.844190140500876,0.0149496493024214,0.8,"PLS",12082,3394767,1000,"ordinal","skewed","skewed","Extreme","3",1,TRUE,0.992999999958556
"4518","Y=~y1",0.420059612943083,0.0559265805830416,0.4,"PLS",12082,3394767,1000,"ordinal","skewed","skewed","Extreme","3",1,TRUE,0.992999999958556
"4519","Y=~y2",0.851237920397011,0.0153571159834718,0.7,"PLS",12082,3394767,1000,"ordinal","skewed","skewed","Extreme","3",1,TRUE,0.992999999958556
"4520","Y=~y3",0.876892168206356,0.011731482021258,0.9,"PLS",12082,3394767,1000,"ordinal","skewed","skewed","Extreme","3",1,TRUE,0.992999999958556
"4521","Y~X",0.318548176568704,0.0317510527622548,0.4,"PLS",12082,3394767,1000,"ordinal","skewed","skewed","Extreme","3",1,TRUE,0.992999999958556
"4522","Y~Z",0.388527461629197,0.0323425614928644,0.5,"PLS",12082,3394767,1000,"ordinal","skewed","skewed","Extreme","3",1,TRUE,0.992999999958556
"4523","Y~X:Z",0.180480287082849,0.0317983266527234,0.3,"PLS",12082,3394767,1000,"ordinal","skewed","skewed","Extreme","3",1,TRUE,0.992999999958556
"4524","X~~Z",0.178573198954498,0.0381513489331383,0.2,"PLS",12082,3394767,1000,"ordinal","skewed","skewed","Extreme","3",1,TRUE,0.992999999958556
"4525","X=~x1",0.463,0.045,0.4,"Mplus",12082,3394767,1000,"ordinal","skewed","skewed","Extreme","3",1,TRUE,349.534000000043
"4526","X=~x2",0.835,0.031,0.8,"Mplus",12082,3394767,1000,"ordinal","skewed","skewed","Extreme","3",1,TRUE,349.534000000043
"4527","X=~x3",0.883,0.03,0.8,"Mplus",12082,3394767,1000,"ordinal","skewed","skewed","Extreme","3",1,TRUE,349.534000000043
"4528","Z=~z1",0.69,0.037,0.6,"Mplus",12082,3394767,1000,"ordinal","skewed","skewed","Extreme","3",1,TRUE,349.534000000043
"4529","Z=~z2",0.607,0.038,0.6,"Mplus",12082,3394767,1000,"ordinal","skewed","skewed","Extreme","3",1,TRUE,349.534000000043
"4530","Z=~z3",0.854,0.031,0.8,"Mplus",12082,3394767,1000,"ordinal","skewed","skewed","Extreme","3",1,TRUE,349.534000000043
"4531","Y=~y1",0.322,0.041,0.4,"Mplus",12082,3394767,1000,"ordinal","skewed","skewed","Extreme","3",1,TRUE,349.534000000043
"4532","Y=~y2",0.745,0.034,0.7,"Mplus",12082,3394767,1000,"ordinal","skewed","skewed","Extreme","3",1,TRUE,349.534000000043
"4533","Y=~y3",0.84,0.034,0.9,"Mplus",12082,3394767,1000,"ordinal","skewed","skewed","Extreme","3",1,TRUE,349.534000000043
"4534","Y~X",0.27,0.075,0.4,"Mplus",12082,3394767,1000,"ordinal","skewed","skewed","Extreme","3",1,TRUE,349.534000000043
"4535","Y~Z",0.509,0.067,0.5,"Mplus",12082,3394767,1000,"ordinal","skewed","skewed","Extreme","3",1,TRUE,349.534000000043
"4536","Y~X:Z",0.627,0.085,0.3,"Mplus",12082,3394767,1000,"ordinal","skewed","skewed","Extreme","3",1,TRUE,349.534000000043
"4537","X~~Z",0.363,0.047,0.2,"Mplus",12082,3394767,1000,"ordinal","skewed","skewed","Extreme","3",1,TRUE,349.534000000043
"4538","X=~x1",0.342596479994537,0.0361058017540084,0.4,"LSAM",12082,3394767,1000,"ordinal","skewed","skewed","Extreme","3",1,TRUE,0.456999999994878
"4539","X=~x2",0.694770477784276,0.0638478864936338,0.8,"LSAM",12082,3394767,1000,"ordinal","skewed","skewed","Extreme","3",1,TRUE,0.456999999994878
"4540","X=~x3",0.851507719263306,0.0630671314869737,0.8,"LSAM",12082,3394767,1000,"ordinal","skewed","skewed","Extreme","3",1,TRUE,0.456999999994878
"4541","Z=~z1",0.611751808970313,0.0344104498823949,0.6,"LSAM",12082,3394767,1000,"ordinal","skewed","skewed","Extreme","3",1,TRUE,0.456999999994878
"4542","Z=~z2",0.510175632729673,0.0480971463399419,0.6,"LSAM",12082,3394767,1000,"ordinal","skewed","skewed","Extreme","3",1,TRUE,0.456999999994878
"4543","Z=~z3",0.77323862345506,0.0543929469202554,0.8,"LSAM",12082,3394767,1000,"ordinal","skewed","skewed","Extreme","3",1,TRUE,0.456999999994878
"4544","Y=~y1",0.310660615775345,0.0154173857795042,0.4,"LSAM",12082,3394767,1000,"ordinal","skewed","skewed","Extreme","3",1,TRUE,0.456999999994878
"4545","Y=~y2",0.738417202859248,0.0637142703679216,0.7,"LSAM",12082,3394767,1000,"ordinal","skewed","skewed","Extreme","3",1,TRUE,0.456999999994878
"4546","Y=~y3",0.746728775763285,0.0643009868078961,0.9,"LSAM",12082,3394767,1000,"ordinal","skewed","skewed","Extreme","3",1,TRUE,0.456999999994878
"4547","Y~X",0.381138505373965,0.046304213281399,0.4,"LSAM",12082,3394767,1000,"ordinal","skewed","skewed","Extreme","3",1,TRUE,0.456999999994878
"4548","Y~Z",0.548892010733431,0.0635340202197114,0.5,"LSAM",12082,3394767,1000,"ordinal","skewed","skewed","Extreme","3",1,TRUE,0.456999999994878
"4549","Y~X:Z",0.163997607199811,0.0535468591551559,0.3,"LSAM",12082,3394767,1000,"ordinal","skewed","skewed","Extreme","3",1,TRUE,0.456999999994878
"4550","X~~Z",0.212306629717613,0.0469933766522212,0.2,"LSAM",12082,3394767,1000,"ordinal","skewed","skewed","Extreme","3",1,TRUE,0.456999999994878
"4551","X=~x1",0.404628223792361,0.088260920218885,0.4,"MC-PLSc",12083,2666617,300,"ordinal","skewed","skewed","Extreme","5",1,TRUE,16.9710000000196
"4552","X=~x2",0.893293576265966,0.0419230067725492,0.8,"MC-PLSc",12083,2666617,300,"ordinal","skewed","skewed","Extreme","5",1,TRUE,16.9710000000196
"4553","X=~x3",0.904378166561707,0.0450896792234631,0.8,"MC-PLSc",12083,2666617,300,"ordinal","skewed","skewed","Extreme","5",1,TRUE,16.9710000000196
"4554","Z=~z1",0.652043010483353,0.071922606676393,0.6,"MC-PLSc",12083,2666617,300,"ordinal","skewed","skewed","Extreme","5",1,TRUE,16.9710000000196
"4555","Z=~z2",0.475006429137804,0.078146012090492,0.6,"MC-PLSc",12083,2666617,300,"ordinal","skewed","skewed","Extreme","5",1,TRUE,16.9710000000196
"4556","Z=~z3",0.773688771959469,0.0825298506759186,0.8,"MC-PLSc",12083,2666617,300,"ordinal","skewed","skewed","Extreme","5",1,TRUE,16.9710000000196
"4557","Y=~y1",0.316641515467453,0.0706022904204582,0.4,"MC-PLSc",12083,2666617,300,"ordinal","skewed","skewed","Extreme","5",1,TRUE,16.9710000000196
"4558","Y=~y2",0.523680234851722,0.0696939526478341,0.7,"MC-PLSc",12083,2666617,300,"ordinal","skewed","skewed","Extreme","5",1,TRUE,16.9710000000196
"4559","Y=~y3",0.937003511912448,0.0644776045763459,0.9,"MC-PLSc",12083,2666617,300,"ordinal","skewed","skewed","Extreme","5",1,TRUE,16.9710000000196
"4560","Y~X",0.523629151763915,0.0920949854003866,0.4,"MC-PLSc",12083,2666617,300,"ordinal","skewed","skewed","Extreme","5",1,TRUE,16.9710000000196
"4561","Y~Z",0.645611629829168,0.0825554648143289,0.5,"MC-PLSc",12083,2666617,300,"ordinal","skewed","skewed","Extreme","5",1,TRUE,16.9710000000196
"4562","Y~X:Z",0.21949685762806,0.201930982701613,0.3,"MC-PLSc",12083,2666617,300,"ordinal","skewed","skewed","Extreme","5",1,TRUE,16.9710000000196
"4563","X~~Z",0.127614806772188,0.0893485795345656,0.2,"MC-PLSc",12083,2666617,300,"ordinal","skewed","skewed","Extreme","5",1,TRUE,16.9710000000196
"4564","X=~x1",0.306044671492047,0.119002073063307,0.4,"PLSc",12083,2666617,300,"ordinal","skewed","skewed","Extreme","5",1,TRUE,1.25900000002002
"4565","X=~x2",0.830389350696497,0.0561611280001691,0.8,"PLSc",12083,2666617,300,"ordinal","skewed","skewed","Extreme","5",1,TRUE,1.25900000002002
"4566","X=~x3",0.878842524822979,0.0586055352654729,0.8,"PLSc",12083,2666617,300,"ordinal","skewed","skewed","Extreme","5",1,TRUE,1.25900000002002
"4567","Z=~z1",0.593549989721892,0.0749778960598413,0.6,"PLSc",12083,2666617,300,"ordinal","skewed","skewed","Extreme","5",1,TRUE,1.25900000002002
"4568","Z=~z2",0.425505292312211,0.0834635802420204,0.6,"PLSc",12083,2666617,300,"ordinal","skewed","skewed","Extreme","5",1,TRUE,1.25900000002002
"4569","Z=~z3",0.680457983573243,0.0841138118380479,0.8,"PLSc",12083,2666617,300,"ordinal","skewed","skewed","Extreme","5",1,TRUE,1.25900000002002
"4570","Y=~y1",0.22637861833792,0.0807055153432262,0.4,"PLSc",12083,2666617,300,"ordinal","skewed","skewed","Extreme","5",1,TRUE,1.25900000002002
"4571","Y=~y2",0.517910377717325,0.0612350839241265,0.7,"PLSc",12083,2666617,300,"ordinal","skewed","skewed","Extreme","5",1,TRUE,1.25900000002002
"4572","Y=~y3",0.86695748232138,0.0515179894001241,0.9,"PLSc",12083,2666617,300,"ordinal","skewed","skewed","Extreme","5",1,TRUE,1.25900000002002
"4573","Y~X",0.488774818877211,0.266020241875297,0.4,"PLSc",12083,2666617,300,"ordinal","skewed","skewed","Extreme","5",1,TRUE,1.25900000002002
"4574","Y~Z",0.629644500760951,0.222873614744299,0.5,"PLSc",12083,2666617,300,"ordinal","skewed","skewed","Extreme","5",1,TRUE,1.25900000002002
"4575","Y~X:Z",0.224129294575984,0.540360143225938,0.3,"PLSc",12083,2666617,300,"ordinal","skewed","skewed","Extreme","5",1,TRUE,1.25900000002002
"4576","X~~Z",0.111296445293935,0.0858047038389932,0.2,"PLSc",12083,2666617,300,"ordinal","skewed","skewed","Extreme","5",1,TRUE,1.25900000002002
"4577","X=~x1",0.495916646965015,0.0957457374813012,0.4,"PLS",12083,2666617,300,"ordinal","skewed","skewed","Extreme","5",1,TRUE,0.906000000017229
"4578","X=~x2",0.905211757659984,0.0165301483558676,0.8,"PLS",12083,2666617,300,"ordinal","skewed","skewed","Extreme","5",1,TRUE,0.906000000017229
"4579","X=~x3",0.907897429024583,0.0179370778424228,0.8,"PLS",12083,2666617,300,"ordinal","skewed","skewed","Extreme","5",1,TRUE,0.906000000017229
"4580","Z=~z1",0.761625194064943,0.0492094056871274,0.6,"PLS",12083,2666617,300,"ordinal","skewed","skewed","Extreme","5",1,TRUE,0.906000000017229
"4581","Z=~z2",0.599207296240359,0.0750266886938193,0.6,"PLS",12083,2666617,300,"ordinal","skewed","skewed","Extreme","5",1,TRUE,0.906000000017229
"4582","Z=~z3",0.830211772009972,0.0374397818103567,0.8,"PLS",12083,2666617,300,"ordinal","skewed","skewed","Extreme","5",1,TRUE,0.906000000017229
"4583","Y=~y1",0.447363067763337,0.0886354361366038,0.4,"PLS",12083,2666617,300,"ordinal","skewed","skewed","Extreme","5",1,TRUE,0.906000000017229
"4584","Y=~y2",0.70963022940415,0.0547635750035114,0.7,"PLS",12083,2666617,300,"ordinal","skewed","skewed","Extreme","5",1,TRUE,0.906000000017229
"4585","Y=~y3",0.90860164621596,0.0129126929499591,0.9,"PLS",12083,2666617,300,"ordinal","skewed","skewed","Extreme","5",1,TRUE,0.906000000017229
"4586","Y~X",0.409493211495408,0.0525147681795738,0.4,"PLS",12083,2666617,300,"ordinal","skewed","skewed","Extreme","5",1,TRUE,0.906000000017229
"4587","Y~Z",0.427388001168241,0.0545314752817301,0.5,"PLS",12083,2666617,300,"ordinal","skewed","skewed","Extreme","5",1,TRUE,0.906000000017229
"4588","Y~X:Z",0.143603479324659,0.0503038743741875,0.3,"PLS",12083,2666617,300,"ordinal","skewed","skewed","Extreme","5",1,TRUE,0.906000000017229
"4589","X~~Z",0.0797135495207132,0.0618414008526518,0.2,"PLS",12083,2666617,300,"ordinal","skewed","skewed","Extreme","5",1,TRUE,0.906000000017229
"4590","X=~x1",0.384,0.07,0.4,"Mplus",12083,2666617,300,"ordinal","skewed","skewed","Extreme","5",1,TRUE,182.098999999987
"4591","X=~x2",0.831,0.042,0.8,"Mplus",12083,2666617,300,"ordinal","skewed","skewed","Extreme","5",1,TRUE,182.098999999987
"4592","X=~x3",0.871,0.042,0.8,"Mplus",12083,2666617,300,"ordinal","skewed","skewed","Extreme","5",1,TRUE,182.098999999987
"4593","Z=~z1",0.583,0.071,0.6,"Mplus",12083,2666617,300,"ordinal","skewed","skewed","Extreme","5",1,TRUE,182.098999999987
"4594","Z=~z2",0.416,0.076,0.6,"Mplus",12083,2666617,300,"ordinal","skewed","skewed","Extreme","5",1,TRUE,182.098999999987
"4595","Z=~z3",0.728,0.067,0.8,"Mplus",12083,2666617,300,"ordinal","skewed","skewed","Extreme","5",1,TRUE,182.098999999987
"4596","Y=~y1",0.312,0.061,0.4,"Mplus",12083,2666617,300,"ordinal","skewed","skewed","Extreme","5",1,TRUE,182.098999999987
"4597","Y=~y2",0.495,0.067,0.7,"Mplus",12083,2666617,300,"ordinal","skewed","skewed","Extreme","5",1,TRUE,182.098999999987
"4598","Y=~y3",0.902,0.057,0.9,"Mplus",12083,2666617,300,"ordinal","skewed","skewed","Extreme","5",1,TRUE,182.098999999987
"4599","Y~X",0.415,0.094,0.4,"Mplus",12083,2666617,300,"ordinal","skewed","skewed","Extreme","5",1,TRUE,182.098999999987
"4600","Y~Z",0.518,0.088,0.5,"Mplus",12083,2666617,300,"ordinal","skewed","skewed","Extreme","5",1,TRUE,182.098999999987
"4601","Y~X:Z",0.495,0.118,0.3,"Mplus",12083,2666617,300,"ordinal","skewed","skewed","Extreme","5",1,TRUE,182.098999999987
"4602","X~~Z",0.272,0.084,0.2,"Mplus",12083,2666617,300,"ordinal","skewed","skewed","Extreme","5",1,TRUE,182.098999999987
"4603","X=~x1",0.378207787151076,0.0570691341743764,0.4,"LSAM",12083,2666617,300,"ordinal","skewed","skewed","Extreme","5",1,TRUE,0.419999999983702
"4604","X=~x2",0.877765787226772,0.0806454457955685,0.8,"LSAM",12083,2666617,300,"ordinal","skewed","skewed","Extreme","5",1,TRUE,0.419999999983702
"4605","X=~x3",0.788278785600002,0.0858768547018378,0.8,"LSAM",12083,2666617,300,"ordinal","skewed","skewed","Extreme","5",1,TRUE,0.419999999983702
"4606","Z=~z1",0.546007857391088,0.0530953557130739,0.6,"LSAM",12083,2666617,300,"ordinal","skewed","skewed","Extreme","5",1,TRUE,0.419999999983702
"4607","Z=~z2",0.400353340539173,0.0853585058012125,0.6,"LSAM",12083,2666617,300,"ordinal","skewed","skewed","Extreme","5",1,TRUE,0.419999999983702
"4608","Z=~z3",0.759517087256492,0.13709083012169,0.8,"LSAM",12083,2666617,300,"ordinal","skewed","skewed","Extreme","5",1,TRUE,0.419999999983702
"4609","Y=~y1",0.322315015736299,0.0228251154295371,0.4,"LSAM",12083,2666617,300,"ordinal","skewed","skewed","Extreme","5",1,TRUE,0.419999999983702
"4610","Y=~y2",0.415558588975015,0.0824179943446956,0.7,"LSAM",12083,2666617,300,"ordinal","skewed","skewed","Extreme","5",1,TRUE,0.419999999983702
"4611","Y=~y3",0.953255655944009,0.196234472016174,0.9,"LSAM",12083,2666617,300,"ordinal","skewed","skewed","Extreme","5",1,TRUE,0.419999999983702
"4612","Y~X",0.491998352423213,0.0722549181705788,0.4,"LSAM",12083,2666617,300,"ordinal","skewed","skewed","Extreme","5",1,TRUE,0.419999999983702
"4613","Y~Z",0.524777893755966,0.0801566734659846,0.5,"LSAM",12083,2666617,300,"ordinal","skewed","skewed","Extreme","5",1,TRUE,0.419999999983702
"4614","Y~X:Z",0.150873462814161,0.0928311828269941,0.3,"LSAM",12083,2666617,300,"ordinal","skewed","skewed","Extreme","5",1,TRUE,0.419999999983702
"4615","X~~Z",0.0938266575861704,0.075117503889011,0.2,"LSAM",12083,2666617,300,"ordinal","skewed","skewed","Extreme","5",1,TRUE,0.419999999983702
"4616","X=~x1",0.498717954862527,0.0398274713760817,0.4,"MC-PLSc",12084,4578614,1000,"ordinal","skewed","skewed","Extreme","5",1,TRUE,20.2469999999739
"4617","X=~x2",0.783902398010891,0.0322557078493497,0.8,"MC-PLSc",12084,4578614,1000,"ordinal","skewed","skewed","Extreme","5",1,TRUE,20.2469999999739
"4618","X=~x3",0.857423516515207,0.0297480630511244,0.8,"MC-PLSc",12084,4578614,1000,"ordinal","skewed","skewed","Extreme","5",1,TRUE,20.2469999999739
"4619","Z=~z1",0.70438054745015,0.0314035816553188,0.6,"MC-PLSc",12084,4578614,1000,"ordinal","skewed","skewed","Extreme","5",1,TRUE,20.2469999999739
"4620","Z=~z2",0.630143620653456,0.0369646655651094,0.6,"MC-PLSc",12084,4578614,1000,"ordinal","skewed","skewed","Extreme","5",1,TRUE,20.2469999999739
"4621","Z=~z3",0.822374556775701,0.0278076095144832,0.8,"MC-PLSc",12084,4578614,1000,"ordinal","skewed","skewed","Extreme","5",1,TRUE,20.2469999999739
"4622","Y=~y1",0.338835598345252,0.039383713749497,0.4,"MC-PLSc",12084,4578614,1000,"ordinal","skewed","skewed","Extreme","5",1,TRUE,20.2469999999739
"4623","Y=~y2",0.656199559837593,0.0293037952922205,0.7,"MC-PLSc",12084,4578614,1000,"ordinal","skewed","skewed","Extreme","5",1,TRUE,20.2469999999739
"4624","Y=~y3",0.915804204973652,0.0273407994179662,0.9,"MC-PLSc",12084,4578614,1000,"ordinal","skewed","skewed","Extreme","5",1,TRUE,20.2469999999739
"4625","Y~X",0.405891512805809,0.0539303999607297,0.4,"MC-PLSc",12084,4578614,1000,"ordinal","skewed","skewed","Extreme","5",1,TRUE,20.2469999999739
"4626","Y~Z",0.54102373647583,0.0480363896192816,0.5,"MC-PLSc",12084,4578614,1000,"ordinal","skewed","skewed","Extreme","5",1,TRUE,20.2469999999739
"4627","Y~X:Z",0.400017493564672,0.070785115478798,0.3,"MC-PLSc",12084,4578614,1000,"ordinal","skewed","skewed","Extreme","5",1,TRUE,20.2469999999739
"4628","X~~Z",0.246957204912543,0.0488904242041327,0.2,"MC-PLSc",12084,4578614,1000,"ordinal","skewed","skewed","Extreme","5",1,TRUE,20.2469999999739
"4629","X=~x1",0.491442025067278,0.0523209691329466,0.4,"PLSc",12084,4578614,1000,"ordinal","skewed","skewed","Extreme","5",1,TRUE,1.35699999995995
"4630","X=~x2",0.677258692580486,0.0437347853303035,0.8,"PLSc",12084,4578614,1000,"ordinal","skewed","skewed","Extreme","5",1,TRUE,1.35699999995995
"4631","X=~x3",0.77444565872624,0.0422502318742986,0.8,"PLSc",12084,4578614,1000,"ordinal","skewed","skewed","Extreme","5",1,TRUE,1.35699999995995
"4632","Z=~z1",0.650409566128903,0.0330702622305034,0.6,"PLSc",12084,4578614,1000,"ordinal","skewed","skewed","Extreme","5",1,TRUE,1.35699999995995
"4633","Z=~z2",0.556416894911666,0.0400691382101127,0.6,"PLSc",12084,4578614,1000,"ordinal","skewed","skewed","Extreme","5",1,TRUE,1.35699999995995
"4634","Z=~z3",0.744426685707333,0.03364809379254,0.8,"PLSc",12084,4578614,1000,"ordinal","skewed","skewed","Extreme","5",1,TRUE,1.35699999995995
"4635","Y=~y1",0.305751334354575,0.0420104551381368,0.4,"PLSc",12084,4578614,1000,"ordinal","skewed","skewed","Extreme","5",1,TRUE,1.35699999995995
"4636","Y=~y2",0.617342682896083,0.0300988148079272,0.7,"PLSc",12084,4578614,1000,"ordinal","skewed","skewed","Extreme","5",1,TRUE,1.35699999995995
"4637","Y=~y3",0.869669114556698,0.0268509924803053,0.9,"PLSc",12084,4578614,1000,"ordinal","skewed","skewed","Extreme","5",1,TRUE,1.35699999995995
"4638","Y~X",0.422350967632226,0.0433853404623649,0.4,"PLSc",12084,4578614,1000,"ordinal","skewed","skewed","Extreme","5",1,TRUE,1.35699999995995
"4639","Y~Z",0.51192827777339,0.0432082376612453,0.5,"PLSc",12084,4578614,1000,"ordinal","skewed","skewed","Extreme","5",1,TRUE,1.35699999995995
"4640","Y~X:Z",0.206825757837899,0.048871361603294,0.3,"PLSc",12084,4578614,1000,"ordinal","skewed","skewed","Extreme","5",1,TRUE,1.35699999995995
"4641","X~~Z",0.227346243390206,0.0475452746867215,0.2,"PLSc",12084,4578614,1000,"ordinal","skewed","skewed","Extreme","5",1,TRUE,1.35699999995995
"4642","X=~x1",0.601615451227578,0.0410587609868826,0.4,"PLS",12084,4578614,1000,"ordinal","skewed","skewed","Extreme","5",1,TRUE,0.960999999952037
"4643","X=~x2",0.838911318539291,0.017452133944642,0.8,"PLS",12084,4578614,1000,"ordinal","skewed","skewed","Extreme","5",1,TRUE,0.960999999952037
"4644","X=~x3",0.868844749011216,0.0141672780821242,0.8,"PLS",12084,4578614,1000,"ordinal","skewed","skewed","Extreme","5",1,TRUE,0.960999999952037
"4645","Z=~z1",0.78174071888716,0.0182257276845705,0.6,"PLS",12084,4578614,1000,"ordinal","skewed","skewed","Extreme","5",1,TRUE,0.960999999952037
"4646","Z=~z2",0.722121963850205,0.025212516011078,0.6,"PLS",12084,4578614,1000,"ordinal","skewed","skewed","Extreme","5",1,TRUE,0.960999999952037
"4647","Z=~z3",0.841213141233189,0.0136042886344651,0.8,"PLS",12084,4578614,1000,"ordinal","skewed","skewed","Extreme","5",1,TRUE,0.960999999952037
"4648","Y=~y1",0.460143468082724,0.0452948608487477,0.4,"PLS",12084,4578614,1000,"ordinal","skewed","skewed","Extreme","5",1,TRUE,0.960999999952037
"4649","Y=~y2",0.803300452116487,0.0183574043512474,0.7,"PLS",12084,4578614,1000,"ordinal","skewed","skewed","Extreme","5",1,TRUE,0.960999999952037
"4650","Y=~y3",0.902287406518071,0.00743801240995199,0.9,"PLS",12084,4578614,1000,"ordinal","skewed","skewed","Extreme","5",1,TRUE,0.960999999952037
"4651","Y~X",0.340296772706208,0.0274802009847266,0.4,"PLS",12084,4578614,1000,"ordinal","skewed","skewed","Extreme","5",1,TRUE,0.960999999952037
"4652","Y~Z",0.402712781627303,0.0269378935150486,0.5,"PLS",12084,4578614,1000,"ordinal","skewed","skewed","Extreme","5",1,TRUE,0.960999999952037
"4653","Y~X:Z",0.182288604404808,0.0232485668196191,0.3,"PLS",12084,4578614,1000,"ordinal","skewed","skewed","Extreme","5",1,TRUE,0.960999999952037
"4654","X~~Z",0.161071286255742,0.034254927540901,0.2,"PLS",12084,4578614,1000,"ordinal","skewed","skewed","Extreme","5",1,TRUE,0.960999999952037
"4655","X=~x1",0.395,0.039,0.4,"Mplus",12084,4578614,1000,"ordinal","skewed","skewed","Extreme","5",1,TRUE,542.006999999983
"4656","X=~x2",0.781,0.03,0.8,"Mplus",12084,4578614,1000,"ordinal","skewed","skewed","Extreme","5",1,TRUE,542.006999999983
"4657","X=~x3",0.838,0.029,0.8,"Mplus",12084,4578614,1000,"ordinal","skewed","skewed","Extreme","5",1,TRUE,542.006999999983
"4658","Z=~z1",0.641,0.033,0.6,"Mplus",12084,4578614,1000,"ordinal","skewed","skewed","Extreme","5",1,TRUE,542.006999999983
"4659","Z=~z2",0.579,0.035,0.6,"Mplus",12084,4578614,1000,"ordinal","skewed","skewed","Extreme","5",1,TRUE,542.006999999983
"4660","Z=~z3",0.799,0.031,0.8,"Mplus",12084,4578614,1000,"ordinal","skewed","skewed","Extreme","5",1,TRUE,542.006999999983
"4661","Y=~y1",0.314,0.036,0.4,"Mplus",12084,4578614,1000,"ordinal","skewed","skewed","Extreme","5",1,TRUE,542.006999999983
"4662","Y=~y2",0.616,0.032,0.7,"Mplus",12084,4578614,1000,"ordinal","skewed","skewed","Extreme","5",1,TRUE,542.006999999983
"4663","Y=~y3",0.906,0.028,0.9,"Mplus",12084,4578614,1000,"ordinal","skewed","skewed","Extreme","5",1,TRUE,542.006999999983
"4664","Y~X",0.405,0.045,0.4,"Mplus",12084,4578614,1000,"ordinal","skewed","skewed","Extreme","5",1,TRUE,542.006999999983
"4665","Y~Z",0.49,0.046,0.5,"Mplus",12084,4578614,1000,"ordinal","skewed","skewed","Extreme","5",1,TRUE,542.006999999983
"4666","Y~X:Z",0.447,0.06,0.3,"Mplus",12084,4578614,1000,"ordinal","skewed","skewed","Extreme","5",1,TRUE,542.006999999983
"4667","X~~Z",0.283,0.046,0.2,"Mplus",12084,4578614,1000,"ordinal","skewed","skewed","Extreme","5",1,TRUE,542.006999999983
"4668","X=~x1",0.382357559816257,0.0314426097634762,0.4,"LSAM",12084,4578614,1000,"ordinal","skewed","skewed","Extreme","5",1,TRUE,0.428000000014435
"4669","X=~x2",0.758269389447519,0.0541399408017161,0.8,"LSAM",12084,4578614,1000,"ordinal","skewed","skewed","Extreme","5",1,TRUE,0.428000000014435
"4670","X=~x3",0.79934472062074,0.054013786531229,0.8,"LSAM",12084,4578614,1000,"ordinal","skewed","skewed","Extreme","5",1,TRUE,0.428000000014435
"4671","Z=~z1",0.625202782435837,0.0277695223964502,0.6,"LSAM",12084,4578614,1000,"ordinal","skewed","skewed","Extreme","5",1,TRUE,0.428000000014435
"4672","Z=~z2",0.570018469809919,0.0433540071323437,0.6,"LSAM",12084,4578614,1000,"ordinal","skewed","skewed","Extreme","5",1,TRUE,0.428000000014435
"4673","Z=~z3",0.757213420982005,0.0467072478758031,0.8,"LSAM",12084,4578614,1000,"ordinal","skewed","skewed","Extreme","5",1,TRUE,0.428000000014435
"4674","Y=~y1",0.315024389613284,0.0127921590233127,0.4,"LSAM",12084,4578614,1000,"ordinal","skewed","skewed","Extreme","5",1,TRUE,0.428000000014435
"4675","Y=~y2",0.620175648180978,0.0542850742811007,0.7,"LSAM",12084,4578614,1000,"ordinal","skewed","skewed","Extreme","5",1,TRUE,0.428000000014435
"4676","Y=~y3",0.864207172672688,0.0725814306003889,0.9,"LSAM",12084,4578614,1000,"ordinal","skewed","skewed","Extreme","5",1,TRUE,0.428000000014435
"4677","Y~X",0.407305093917979,0.0409530697280459,0.4,"LSAM",12084,4578614,1000,"ordinal","skewed","skewed","Extreme","5",1,TRUE,0.428000000014435
"4678","Y~Z",0.520889580041739,0.0431264152027335,0.5,"LSAM",12084,4578614,1000,"ordinal","skewed","skewed","Extreme","5",1,TRUE,0.428000000014435
"4679","Y~X:Z",0.20435317398741,0.040492344471523,0.3,"LSAM",12084,4578614,1000,"ordinal","skewed","skewed","Extreme","5",1,TRUE,0.428000000014435
"4680","X~~Z",0.221496800851305,0.0449927971428716,0.2,"LSAM",12084,4578614,1000,"ordinal","skewed","skewed","Extreme","5",1,TRUE,0.428000000014435
"4681","X=~x1",0.617321987649339,0.0925787062945549,0.4,"MC-PLSc",12085,5808544,300,"ordinal","uniform","skewed","Symmetric","2",1,TRUE,10.9029999999912
"4682","X=~x2",0.780391261928158,0.0797387102802559,0.8,"MC-PLSc",12085,5808544,300,"ordinal","uniform","skewed","Symmetric","2",1,TRUE,10.9029999999912
"4683","X=~x3",0.810388158806873,0.108167276407748,0.8,"MC-PLSc",12085,5808544,300,"ordinal","uniform","skewed","Symmetric","2",1,TRUE,10.9029999999912
"4684","Z=~z1",0.689925812180324,0.0678466152840832,0.6,"MC-PLSc",12085,5808544,300,"ordinal","uniform","skewed","Symmetric","2",1,TRUE,10.9029999999912
"4685","Z=~z2",0.603501488998938,0.0769429595095544,0.6,"MC-PLSc",12085,5808544,300,"ordinal","uniform","skewed","Symmetric","2",1,TRUE,10.9029999999912
"4686","Z=~z3",0.926368305848781,0.0642444705884501,0.8,"MC-PLSc",12085,5808544,300,"ordinal","uniform","skewed","Symmetric","2",1,TRUE,10.9029999999912
"4687","Y=~y1",0.474419531002641,0.077282636731366,0.4,"MC-PLSc",12085,5808544,300,"ordinal","uniform","skewed","Symmetric","2",1,TRUE,10.9029999999912
"4688","Y=~y2",0.72586413072517,0.0684209716402016,0.7,"MC-PLSc",12085,5808544,300,"ordinal","uniform","skewed","Symmetric","2",1,TRUE,10.9029999999912
"4689","Y=~y3",0.900637366106075,0.0501705063112715,0.9,"MC-PLSc",12085,5808544,300,"ordinal","uniform","skewed","Symmetric","2",1,TRUE,10.9029999999912
"4690","Y~X",0.46200782106865,0.0727792068774037,0.4,"MC-PLSc",12085,5808544,300,"ordinal","uniform","skewed","Symmetric","2",1,TRUE,10.9029999999912
"4691","Y~Z",0.632555593658997,0.0740941624610466,0.5,"MC-PLSc",12085,5808544,300,"ordinal","uniform","skewed","Symmetric","2",1,TRUE,10.9029999999912
"4692","Y~X:Z",0.230550255031117,0.12107192466572,0.3,"MC-PLSc",12085,5808544,300,"ordinal","uniform","skewed","Symmetric","2",1,TRUE,10.9029999999912
"4693","X~~Z",0.135984848430769,0.100820115712069,0.2,"MC-PLSc",12085,5808544,300,"ordinal","uniform","skewed","Symmetric","2",1,TRUE,10.9029999999912
"4694","X=~x1",0.634113297740297,0.0937185537244975,0.4,"PLSc",12085,5808544,300,"ordinal","uniform","skewed","Symmetric","2",1,TRUE,1.25899999996182
"4695","X=~x2",0.565922873744184,0.0988677424514689,0.8,"PLSc",12085,5808544,300,"ordinal","uniform","skewed","Symmetric","2",1,TRUE,1.25899999996182
"4696","X=~x3",0.575923054364188,0.0999512824651104,0.8,"PLSc",12085,5808544,300,"ordinal","uniform","skewed","Symmetric","2",1,TRUE,1.25899999996182
"4697","Z=~z1",0.591972244199183,0.0737366306069384,0.6,"PLSc",12085,5808544,300,"ordinal","uniform","skewed","Symmetric","2",1,TRUE,1.25899999996182
"4698","Z=~z2",0.48845517660965,0.0859770430384807,0.6,"PLSc",12085,5808544,300,"ordinal","uniform","skewed","Symmetric","2",1,TRUE,1.25899999996182
"4699","Z=~z3",0.744017518794292,0.0708206145791749,0.8,"PLSc",12085,5808544,300,"ordinal","uniform","skewed","Symmetric","2",1,TRUE,1.25899999996182
"4700","Y=~y1",0.429475490524615,0.0657886849439113,0.4,"PLSc",12085,5808544,300,"ordinal","uniform","skewed","Symmetric","2",1,TRUE,1.25899999996182
"4701","Y=~y2",0.568380572861535,0.0628920183717667,0.7,"PLSc",12085,5808544,300,"ordinal","uniform","skewed","Symmetric","2",1,TRUE,1.25899999996182
"4702","Y=~y3",0.714316509311769,0.056633257824304,0.9,"PLSc",12085,5808544,300,"ordinal","uniform","skewed","Symmetric","2",1,TRUE,1.25899999996182
"4703","Y~X",0.476426574971822,0.0797322375501379,0.4,"PLSc",12085,5808544,300,"ordinal","uniform","skewed","Symmetric","2",1,TRUE,1.25899999996182
"4704","Y~Z",0.645998566981426,0.0838707398539655,0.5,"PLSc",12085,5808544,300,"ordinal","uniform","skewed","Symmetric","2",1,TRUE,1.25899999996182
"4705","Y~X:Z",0.203603669741363,0.112506527890353,0.3,"PLSc",12085,5808544,300,"ordinal","uniform","skewed","Symmetric","2",1,TRUE,1.25899999996182
"4706","X~~Z",0.130528063476014,0.0914675107629483,0.2,"PLSc",12085,5808544,300,"ordinal","uniform","skewed","Symmetric","2",1,TRUE,1.25899999996182
"4707","X=~x1",0.672423458369901,0.078004483173429,0.4,"PLS",12085,5808544,300,"ordinal","uniform","skewed","Symmetric","2",1,TRUE,0.897999999986496
"4708","X=~x2",0.790529466455135,0.0536654086450981,0.8,"PLS",12085,5808544,300,"ordinal","uniform","skewed","Symmetric","2",1,TRUE,0.897999999986496
"4709","X=~x3",0.806431639371586,0.0524439412556021,0.8,"PLS",12085,5808544,300,"ordinal","uniform","skewed","Symmetric","2",1,TRUE,0.897999999986496
"4710","Z=~z1",0.737910156768593,0.0474383879205383,0.6,"PLS",12085,5808544,300,"ordinal","uniform","skewed","Symmetric","2",1,TRUE,0.897999999986496
"4711","Z=~z2",0.663898861060933,0.0630362711673396,0.6,"PLS",12085,5808544,300,"ordinal","uniform","skewed","Symmetric","2",1,TRUE,0.897999999986496
"4712","Z=~z3",0.859626740948923,0.0259815831257616,0.8,"PLS",12085,5808544,300,"ordinal","uniform","skewed","Symmetric","2",1,TRUE,0.897999999986496
"4713","Y=~y1",0.544949618749055,0.0694758870738524,0.4,"PLS",12085,5808544,300,"ordinal","uniform","skewed","Symmetric","2",1,TRUE,0.897999999986496
"4714","Y=~y2",0.771919626296762,0.0403794893346966,0.7,"PLS",12085,5808544,300,"ordinal","uniform","skewed","Symmetric","2",1,TRUE,0.897999999986496
"4715","Y=~y3",0.859027887869659,0.0220436006647049,0.9,"PLS",12085,5808544,300,"ordinal","uniform","skewed","Symmetric","2",1,TRUE,0.897999999986496
"4716","Y~X",0.313048411541885,0.0440727381829905,0.4,"PLS",12085,5808544,300,"ordinal","uniform","skewed","Symmetric","2",1,TRUE,0.897999999986496
"4717","Y~Z",0.427091584092242,0.045124931370552,0.5,"PLS",12085,5808544,300,"ordinal","uniform","skewed","Symmetric","2",1,TRUE,0.897999999986496
"4718","Y~X:Z",0.0962309969504086,0.0460935731082689,0.3,"PLS",12085,5808544,300,"ordinal","uniform","skewed","Symmetric","2",1,TRUE,0.897999999986496
"4719","X~~Z",0.0838665628440981,0.0593914111886602,0.2,"PLS",12085,5808544,300,"ordinal","uniform","skewed","Symmetric","2",1,TRUE,0.897999999986496
"4720","X=~x1",0.402,0.074,0.4,"Mplus",12085,5808544,300,"ordinal","uniform","skewed","Symmetric","2",1,TRUE,139.656000000017
"4721","X=~x2",0.871,0.065,0.8,"Mplus",12085,5808544,300,"ordinal","uniform","skewed","Symmetric","2",1,TRUE,139.656000000017
"4722","X=~x3",0.921,0.064,0.8,"Mplus",12085,5808544,300,"ordinal","uniform","skewed","Symmetric","2",1,TRUE,139.656000000017
"4723","Z=~z1",0.616,0.064,0.6,"Mplus",12085,5808544,300,"ordinal","uniform","skewed","Symmetric","2",1,TRUE,139.656000000017
"4724","Z=~z2",0.565,0.07,0.6,"Mplus",12085,5808544,300,"ordinal","uniform","skewed","Symmetric","2",1,TRUE,139.656000000017
"4725","Z=~z3",0.979,0.035,0.8,"Mplus",12085,5808544,300,"ordinal","uniform","skewed","Symmetric","2",1,TRUE,139.656000000017
"4726","Y=~y1",0.387,0.078,0.4,"Mplus",12085,5808544,300,"ordinal","uniform","skewed","Symmetric","2",1,TRUE,139.656000000017
"4727","Y=~y2",0.714,0.068,0.7,"Mplus",12085,5808544,300,"ordinal","uniform","skewed","Symmetric","2",1,TRUE,139.656000000017
"4728","Y=~y3",0.948,0.061,0.9,"Mplus",12085,5808544,300,"ordinal","uniform","skewed","Symmetric","2",1,TRUE,139.656000000017
"4729","Y~X",0.394,0.075,0.4,"Mplus",12085,5808544,300,"ordinal","uniform","skewed","Symmetric","2",1,TRUE,139.656000000017
"4730","Y~Z",0.568,0.084,0.5,"Mplus",12085,5808544,300,"ordinal","uniform","skewed","Symmetric","2",1,TRUE,139.656000000017
"4731","Y~X:Z",0.231,0.115,0.3,"Mplus",12085,5808544,300,"ordinal","uniform","skewed","Symmetric","2",1,TRUE,139.656000000017
"4732","X~~Z",0.117,0.096,0.2,"Mplus",12085,5808544,300,"ordinal","uniform","skewed","Symmetric","2",1,TRUE,139.656000000017
"4733","X=~x1",0.313578868843868,0.0603164296952399,0.4,"LSAM",12085,5808544,300,"ordinal","uniform","skewed","Symmetric","2",1,TRUE,0.473999999987427
"4734","X=~x2",0.740445636182481,0.119306377386117,0.8,"LSAM",12085,5808544,300,"ordinal","uniform","skewed","Symmetric","2",1,TRUE,0.473999999987427
"4735","X=~x3",0.826415341982542,0.119193069690481,0.8,"LSAM",12085,5808544,300,"ordinal","uniform","skewed","Symmetric","2",1,TRUE,0.473999999987427
"4736","Z=~z1",0.501673714874448,0.0337883087613476,0.6,"LSAM",12085,5808544,300,"ordinal","uniform","skewed","Symmetric","2",1,TRUE,0.473999999987427
"4737","Z=~z2",0.464523288655377,0.0710707139574497,0.6,"LSAM",12085,5808544,300,"ordinal","uniform","skewed","Symmetric","2",1,TRUE,0.473999999987427
"4738","Z=~z3",0.878163143757674,0.112199039242663,0.8,"LSAM",12085,5808544,300,"ordinal","uniform","skewed","Symmetric","2",1,TRUE,0.473999999987427
"4739","Y=~y1",0.31281778826493,0.0149478004611095,0.4,"LSAM",12085,5808544,300,"ordinal","uniform","skewed","Symmetric","2",1,TRUE,0.473999999987427
"4740","Y=~y2",0.578250317180197,0.0976135819540845,0.7,"LSAM",12085,5808544,300,"ordinal","uniform","skewed","Symmetric","2",1,TRUE,0.473999999987427
"4741","Y=~y3",0.85640712374793,0.146357610885621,0.9,"LSAM",12085,5808544,300,"ordinal","uniform","skewed","Symmetric","2",1,TRUE,0.473999999987427
"4742","Y~X",0.366038791276886,0.0697485830616274,0.4,"LSAM",12085,5808544,300,"ordinal","uniform","skewed","Symmetric","2",1,TRUE,0.473999999987427
"4743","Y~Z",0.505834597067314,0.120470693249217,0.5,"LSAM",12085,5808544,300,"ordinal","uniform","skewed","Symmetric","2",1,TRUE,0.473999999987427
"4744","Y~X:Z",0.244008671115516,0.0770532182441673,0.3,"LSAM",12085,5808544,300,"ordinal","uniform","skewed","Symmetric","2",1,TRUE,0.473999999987427
"4745","X~~Z",0.0912036895989544,0.0895675059236745,0.2,"LSAM",12085,5808544,300,"ordinal","uniform","skewed","Symmetric","2",1,TRUE,0.473999999987427
"4746","X=~x1",0.468228864276053,0.0487566978141245,0.4,"MC-PLSc",12086,1929671,1000,"ordinal","uniform","skewed","Symmetric","2",1,TRUE,14.2289999999921
"4747","X=~x2",0.885525233078575,0.0339455648640632,0.8,"MC-PLSc",12086,1929671,1000,"ordinal","uniform","skewed","Symmetric","2",1,TRUE,14.2289999999921
"4748","X=~x3",0.843353655701115,0.0336679993227103,0.8,"MC-PLSc",12086,1929671,1000,"ordinal","uniform","skewed","Symmetric","2",1,TRUE,14.2289999999921
"4749","Z=~z1",0.687152390600668,0.046258761123277,0.6,"MC-PLSc",12086,1929671,1000,"ordinal","uniform","skewed","Symmetric","2",1,TRUE,14.2289999999921
"4750","Z=~z2",0.70012204288539,0.0430888782964344,0.6,"MC-PLSc",12086,1929671,1000,"ordinal","uniform","skewed","Symmetric","2",1,TRUE,14.2289999999921
"4751","Z=~z3",0.799788135933339,0.0409030065207156,0.8,"MC-PLSc",12086,1929671,1000,"ordinal","uniform","skewed","Symmetric","2",1,TRUE,14.2289999999921
"4752","Y=~y1",0.420470887639279,0.0534792361487644,0.4,"MC-PLSc",12086,1929671,1000,"ordinal","uniform","skewed","Symmetric","2",1,TRUE,14.2289999999921
"4753","Y=~y2",0.638266993156298,0.0465979581108928,0.7,"MC-PLSc",12086,1929671,1000,"ordinal","uniform","skewed","Symmetric","2",1,TRUE,14.2289999999921
"4754","Y=~y3",0.914025776885833,0.0344389596201873,0.9,"MC-PLSc",12086,1929671,1000,"ordinal","uniform","skewed","Symmetric","2",1,TRUE,14.2289999999921
"4755","Y~X",0.473413229278169,0.0444439537778943,0.4,"MC-PLSc",12086,1929671,1000,"ordinal","uniform","skewed","Symmetric","2",1,TRUE,14.2289999999921
"4756","Y~Z",0.475588795643633,0.0448816869644151,0.5,"MC-PLSc",12086,1929671,1000,"ordinal","uniform","skewed","Symmetric","2",1,TRUE,14.2289999999921
"4757","Y~X:Z",0.356634181163961,0.0647506186508738,0.3,"MC-PLSc",12086,1929671,1000,"ordinal","uniform","skewed","Symmetric","2",1,TRUE,14.2289999999921
"4758","X~~Z",0.233986352729094,0.0539450005352756,0.2,"MC-PLSc",12086,1929671,1000,"ordinal","uniform","skewed","Symmetric","2",1,TRUE,14.2289999999921
"4759","X=~x1",0.385178727049393,0.0577038542234047,0.4,"PLSc",12086,1929671,1000,"ordinal","uniform","skewed","Symmetric","2",1,TRUE,1.39199999999255
"4760","X=~x2",0.756276705600536,0.0401003823123874,0.8,"PLSc",12086,1929671,1000,"ordinal","uniform","skewed","Symmetric","2",1,TRUE,1.39199999999255
"4761","X=~x3",0.689891287460917,0.0428264713772877,0.8,"PLSc",12086,1929671,1000,"ordinal","uniform","skewed","Symmetric","2",1,TRUE,1.39199999999255
"4762","Z=~z1",0.535133419962965,0.0484243619312244,0.6,"PLSc",12086,1929671,1000,"ordinal","uniform","skewed","Symmetric","2",1,TRUE,1.39199999999255
"4763","Z=~z2",0.56235498226675,0.0499726910518164,0.6,"PLSc",12086,1929671,1000,"ordinal","uniform","skewed","Symmetric","2",1,TRUE,1.39199999999255
"4764","Z=~z3",0.694091902562521,0.0465271464466065,0.8,"PLSc",12086,1929671,1000,"ordinal","uniform","skewed","Symmetric","2",1,TRUE,1.39199999999255
"4765","Y=~y1",0.352227275561323,0.0412517917024226,0.4,"PLSc",12086,1929671,1000,"ordinal","uniform","skewed","Symmetric","2",1,TRUE,1.39199999999255
"4766","Y=~y2",0.485815275610002,0.0409625371424625,0.7,"PLSc",12086,1929671,1000,"ordinal","uniform","skewed","Symmetric","2",1,TRUE,1.39199999999255
"4767","Y=~y3",0.740519124137814,0.0356875955674681,0.9,"PLSc",12086,1929671,1000,"ordinal","uniform","skewed","Symmetric","2",1,TRUE,1.39199999999255
"4768","Y~X",0.472088361843308,0.0500562062082637,0.4,"PLSc",12086,1929671,1000,"ordinal","uniform","skewed","Symmetric","2",1,TRUE,1.39199999999255
"4769","Y~Z",0.482128512585848,0.0503528371985431,0.5,"PLSc",12086,1929671,1000,"ordinal","uniform","skewed","Symmetric","2",1,TRUE,1.39199999999255
"4770","Y~X:Z",0.280046481718996,0.0566851317738746,0.3,"PLSc",12086,1929671,1000,"ordinal","uniform","skewed","Symmetric","2",1,TRUE,1.39199999999255
"4771","X~~Z",0.216520632982649,0.0464652225960306,0.2,"PLSc",12086,1929671,1000,"ordinal","uniform","skewed","Symmetric","2",1,TRUE,1.39199999999255
"4772","X=~x1",0.533223724799071,0.0467404972218123,0.4,"PLS",12086,1929671,1000,"ordinal","uniform","skewed","Symmetric","2",1,TRUE,0.947000000043772
"4773","X=~x2",0.856582028481366,0.015600950438174,0.8,"PLS",12086,1929671,1000,"ordinal","uniform","skewed","Symmetric","2",1,TRUE,0.947000000043772
"4774","X=~x3",0.839492885438775,0.0175204156853354,0.8,"PLS",12086,1929671,1000,"ordinal","uniform","skewed","Symmetric","2",1,TRUE,0.947000000043772
"4775","Z=~z1",0.727590089304266,0.0289902874722145,0.6,"PLS",12086,1929671,1000,"ordinal","uniform","skewed","Symmetric","2",1,TRUE,0.947000000043772
"4776","Z=~z2",0.737350350132265,0.0292521080391156,0.6,"PLS",12086,1929671,1000,"ordinal","uniform","skewed","Symmetric","2",1,TRUE,0.947000000043772
"4777","Z=~z3",0.799192858625092,0.0229659807596854,0.8,"PLS",12086,1929671,1000,"ordinal","uniform","skewed","Symmetric","2",1,TRUE,0.947000000043772
"4778","Y=~y1",0.50240095833047,0.0456854376004338,0.4,"PLS",12086,1929671,1000,"ordinal","uniform","skewed","Symmetric","2",1,TRUE,0.947000000043772
"4779","Y=~y2",0.712476888378491,0.0305117444049842,0.7,"PLS",12086,1929671,1000,"ordinal","uniform","skewed","Symmetric","2",1,TRUE,0.947000000043772
"4780","Y=~y3",0.86955756107275,0.0136227328174749,0.9,"PLS",12086,1929671,1000,"ordinal","uniform","skewed","Symmetric","2",1,TRUE,0.947000000043772
"4781","Y~X",0.329475452255552,0.0280928661805733,0.4,"PLS",12086,1929671,1000,"ordinal","uniform","skewed","Symmetric","2",1,TRUE,0.947000000043772
"4782","Y~Z",0.314147468112129,0.02768172327014,0.5,"PLS",12086,1929671,1000,"ordinal","uniform","skewed","Symmetric","2",1,TRUE,0.947000000043772
"4783","Y~X:Z",0.139728395784948,0.0270036343524846,0.3,"PLS",12086,1929671,1000,"ordinal","uniform","skewed","Symmetric","2",1,TRUE,0.947000000043772
"4784","X~~Z",0.144319132275991,0.0312682589159397,0.2,"PLS",12086,1929671,1000,"ordinal","uniform","skewed","Symmetric","2",1,TRUE,0.947000000043772
"4785","X=~x1",0.423,0.04,0.4,"Mplus",12086,1929671,1000,"ordinal","uniform","skewed","Symmetric","2",1,TRUE,198.349999999977
"4786","X=~x2",0.87,0.036,0.8,"Mplus",12086,1929671,1000,"ordinal","uniform","skewed","Symmetric","2",1,TRUE,198.349999999977
"4787","X=~x3",0.841,0.036,0.8,"Mplus",12086,1929671,1000,"ordinal","uniform","skewed","Symmetric","2",1,TRUE,198.349999999977
"4788","Z=~z1",0.674,0.041,0.6,"Mplus",12086,1929671,1000,"ordinal","uniform","skewed","Symmetric","2",1,TRUE,198.349999999977
"4789","Z=~z2",0.678,0.042,0.6,"Mplus",12086,1929671,1000,"ordinal","uniform","skewed","Symmetric","2",1,TRUE,198.349999999977
"4790","Z=~z3",0.763,0.041,0.8,"Mplus",12086,1929671,1000,"ordinal","uniform","skewed","Symmetric","2",1,TRUE,198.349999999977
"4791","Y=~y1",0.355,0.045,0.4,"Mplus",12086,1929671,1000,"ordinal","uniform","skewed","Symmetric","2",1,TRUE,198.349999999977
"4792","Y=~y2",0.633,0.042,0.7,"Mplus",12086,1929671,1000,"ordinal","uniform","skewed","Symmetric","2",1,TRUE,198.349999999977
"4793","Y=~y3",0.911,0.037,0.9,"Mplus",12086,1929671,1000,"ordinal","uniform","skewed","Symmetric","2",1,TRUE,198.349999999977
"4794","Y~X",0.464,0.046,0.4,"Mplus",12086,1929671,1000,"ordinal","uniform","skewed","Symmetric","2",1,TRUE,198.349999999977
"4795","Y~Z",0.476,0.046,0.5,"Mplus",12086,1929671,1000,"ordinal","uniform","skewed","Symmetric","2",1,TRUE,198.349999999977
"4796","Y~X:Z",0.351,0.069,0.3,"Mplus",12086,1929671,1000,"ordinal","uniform","skewed","Symmetric","2",1,TRUE,198.349999999977
"4797","X~~Z",0.239,0.049,0.2,"Mplus",12086,1929671,1000,"ordinal","uniform","skewed","Symmetric","2",1,TRUE,198.349999999977
"4798","X=~x1",0.356500164859625,0.0328167963041598,0.4,"LSAM",12086,1929671,1000,"ordinal","uniform","skewed","Symmetric","2",1,TRUE,0.456000000005588
"4799","X=~x2",0.71332957858858,0.0646862212998379,0.8,"LSAM",12086,1929671,1000,"ordinal","uniform","skewed","Symmetric","2",1,TRUE,0.456000000005588
"4800","X=~x3",0.757343787524747,0.0658138151119564,0.8,"LSAM",12086,1929671,1000,"ordinal","uniform","skewed","Symmetric","2",1,TRUE,0.456000000005588
"4801","Z=~z1",0.606671301103371,0.144956517661318,0.6,"LSAM",12086,1929671,1000,"ordinal","uniform","skewed","Symmetric","2",1,TRUE,0.456000000005588
"4802","Z=~z2",0.596703330815428,0.151994356144033,0.6,"LSAM",12086,1929671,1000,"ordinal","uniform","skewed","Symmetric","2",1,TRUE,0.456000000005588
"4803","Z=~z3",0.593433697817355,0.152008741620466,0.8,"LSAM",12086,1929671,1000,"ordinal","uniform","skewed","Symmetric","2",1,TRUE,0.456000000005588
"4804","Y=~y1",0.312136229340321,0.00927973462793698,0.4,"LSAM",12086,1929671,1000,"ordinal","uniform","skewed","Symmetric","2",1,TRUE,0.456000000005588
"4805","Y=~y2",0.511018027705015,0.0590617419463811,0.7,"LSAM",12086,1929671,1000,"ordinal","uniform","skewed","Symmetric","2",1,TRUE,0.456000000005588
"4806","Y=~y3",0.776513123356496,0.0973567735308132,0.9,"LSAM",12086,1929671,1000,"ordinal","uniform","skewed","Symmetric","2",1,TRUE,0.456000000005588
"4807","Y~X",0.438128352032071,0.122976027102336,0.4,"LSAM",12086,1929671,1000,"ordinal","uniform","skewed","Symmetric","2",1,TRUE,0.456000000005588
"4808","Y~Z",0.477947615792813,0.264844014487961,0.5,"LSAM",12086,1929671,1000,"ordinal","uniform","skewed","Symmetric","2",1,TRUE,0.456000000005588
"4809","Y~X:Z",0.253355034580771,0.157528476959235,0.3,"LSAM",12086,1929671,1000,"ordinal","uniform","skewed","Symmetric","2",1,TRUE,0.456000000005588
"4810","X~~Z",0.204714227770627,0.106585796871679,0.2,"LSAM",12086,1929671,1000,"ordinal","uniform","skewed","Symmetric","2",1,TRUE,0.456000000005588
"4811","X=~x1",0.351863458764727,0.0873838726731064,0.4,"MC-PLSc",12087,142069,300,"ordinal","uniform","skewed","Symmetric","3",1,TRUE,13.0470000000205
"4812","X=~x2",0.705743638256196,0.0981664880813178,0.8,"MC-PLSc",12087,142069,300,"ordinal","uniform","skewed","Symmetric","3",1,TRUE,13.0470000000205
"4813","X=~x3",0.895551803882633,0.087069987838045,0.8,"MC-PLSc",12087,142069,300,"ordinal","uniform","skewed","Symmetric","3",1,TRUE,13.0470000000205
"4814","Z=~z1",0.595422158128007,0.0964196496765782,0.6,"MC-PLSc",12087,142069,300,"ordinal","uniform","skewed","Symmetric","3",1,TRUE,13.0470000000205
"4815","Z=~z2",0.642457120259718,0.0884821231437069,0.6,"MC-PLSc",12087,142069,300,"ordinal","uniform","skewed","Symmetric","3",1,TRUE,13.0470000000205
"4816","Z=~z3",0.704794872461633,0.0895922432601009,0.8,"MC-PLSc",12087,142069,300,"ordinal","uniform","skewed","Symmetric","3",1,TRUE,13.0470000000205
"4817","Y=~y1",0.46726812045101,0.0804247758677996,0.4,"MC-PLSc",12087,142069,300,"ordinal","uniform","skewed","Symmetric","3",1,TRUE,13.0470000000205
"4818","Y=~y2",0.748862751037386,0.069945538282689,0.7,"MC-PLSc",12087,142069,300,"ordinal","uniform","skewed","Symmetric","3",1,TRUE,13.0470000000205
"4819","Y=~y3",0.840565137578997,0.0682358568147834,0.9,"MC-PLSc",12087,142069,300,"ordinal","uniform","skewed","Symmetric","3",1,TRUE,13.0470000000205
"4820","Y~X",0.48862205899611,0.0850785039245755,0.4,"MC-PLSc",12087,142069,300,"ordinal","uniform","skewed","Symmetric","3",1,TRUE,13.0470000000205
"4821","Y~Z",0.402668771247316,0.0885685548620913,0.5,"MC-PLSc",12087,142069,300,"ordinal","uniform","skewed","Symmetric","3",1,TRUE,13.0470000000205
"4822","Y~X:Z",0.34379134927063,0.129382063803983,0.3,"MC-PLSc",12087,142069,300,"ordinal","uniform","skewed","Symmetric","3",1,TRUE,13.0470000000205
"4823","X~~Z",0.159289580822445,0.0850239435339529,0.2,"MC-PLSc",12087,142069,300,"ordinal","uniform","skewed","Symmetric","3",1,TRUE,13.0470000000205
"4824","X=~x1",0.163694574901237,0.121158127764662,0.4,"PLSc",12087,142069,300,"ordinal","uniform","skewed","Symmetric","3",1,TRUE,1.26900000002934
"4825","X=~x2",0.639925367864402,0.0695795956312584,0.8,"PLSc",12087,142069,300,"ordinal","uniform","skewed","Symmetric","3",1,TRUE,1.26900000002934
"4826","X=~x3",0.843689578173077,0.0858824164073873,0.8,"PLSc",12087,142069,300,"ordinal","uniform","skewed","Symmetric","3",1,TRUE,1.26900000002934
"4827","Z=~z1",0.522593022091589,0.124419312389652,0.6,"PLSc",12087,142069,300,"ordinal","uniform","skewed","Symmetric","3",1,TRUE,1.26900000002934
"4828","Z=~z2",0.572807420179807,0.114720720946925,0.6,"PLSc",12087,142069,300,"ordinal","uniform","skewed","Symmetric","3",1,TRUE,1.26900000002934
"4829","Z=~z3",0.638756931502802,0.106476545734234,0.8,"PLSc",12087,142069,300,"ordinal","uniform","skewed","Symmetric","3",1,TRUE,1.26900000002934
"4830","Y=~y1",0.450965096787622,0.0870444194347047,0.4,"PLSc",12087,142069,300,"ordinal","uniform","skewed","Symmetric","3",1,TRUE,1.26900000002934
"4831","Y=~y2",0.614536795767397,0.0655686052800736,0.7,"PLSc",12087,142069,300,"ordinal","uniform","skewed","Symmetric","3",1,TRUE,1.26900000002934
"4832","Y=~y3",0.732972165287967,0.0712689321626229,0.9,"PLSc",12087,142069,300,"ordinal","uniform","skewed","Symmetric","3",1,TRUE,1.26900000002934
"4833","Y~X",0.4385033672663,0.12350985416341,0.4,"PLSc",12087,142069,300,"ordinal","uniform","skewed","Symmetric","3",1,TRUE,1.26900000002934
"4834","Y~Z",0.435994586079696,0.145562329312776,0.5,"PLSc",12087,142069,300,"ordinal","uniform","skewed","Symmetric","3",1,TRUE,1.26900000002934
"4835","Y~X:Z",0.368043630583348,0.254843241608223,0.3,"PLSc",12087,142069,300,"ordinal","uniform","skewed","Symmetric","3",1,TRUE,1.26900000002934
"4836","X~~Z",0.155214373601037,0.0835329883376895,0.2,"PLSc",12087,142069,300,"ordinal","uniform","skewed","Symmetric","3",1,TRUE,1.26900000002934
"4837","X=~x1",0.467073603148705,0.0958695956568682,0.4,"PLS",12087,142069,300,"ordinal","uniform","skewed","Symmetric","3",1,TRUE,0.906000000017229
"4838","X=~x2",0.807000341812607,0.0354947283532903,0.8,"PLS",12087,142069,300,"ordinal","uniform","skewed","Symmetric","3",1,TRUE,0.906000000017229
"4839","X=~x3",0.883588857260319,0.0267534652080004,0.8,"PLS",12087,142069,300,"ordinal","uniform","skewed","Symmetric","3",1,TRUE,0.906000000017229
"4840","Z=~z1",0.708940421313375,0.0732325999688243,0.6,"PLS",12087,142069,300,"ordinal","uniform","skewed","Symmetric","3",1,TRUE,0.906000000017229
"4841","Z=~z2",0.742775562789276,0.0618367384744813,0.6,"PLS",12087,142069,300,"ordinal","uniform","skewed","Symmetric","3",1,TRUE,0.906000000017229
"4842","Z=~z3",0.782492583352358,0.0523626647804105,0.8,"PLS",12087,142069,300,"ordinal","uniform","skewed","Symmetric","3",1,TRUE,0.906000000017229
"4843","Y=~y1",0.583265919184633,0.0750437765035795,0.4,"PLS",12087,142069,300,"ordinal","uniform","skewed","Symmetric","3",1,TRUE,0.906000000017229
"4844","Y=~y2",0.806240852167115,0.033122080399378,0.7,"PLS",12087,142069,300,"ordinal","uniform","skewed","Symmetric","3",1,TRUE,0.906000000017229
"4845","Y=~y3",0.843858493073429,0.0298450862430894,0.9,"PLS",12087,142069,300,"ordinal","uniform","skewed","Symmetric","3",1,TRUE,0.906000000017229
"4846","Y~X",0.349392092850715,0.0522306235100415,0.4,"PLS",12087,142069,300,"ordinal","uniform","skewed","Symmetric","3",1,TRUE,0.906000000017229
"4847","Y~Z",0.267840062261298,0.0566290635099965,0.5,"PLS",12087,142069,300,"ordinal","uniform","skewed","Symmetric","3",1,TRUE,0.906000000017229
"4848","Y~X:Z",0.171296335961353,0.069044605915338,0.3,"PLS",12087,142069,300,"ordinal","uniform","skewed","Symmetric","3",1,TRUE,0.906000000017229
"4849","X~~Z",0.103705657902001,0.0553727639149507,0.2,"PLS",12087,142069,300,"ordinal","uniform","skewed","Symmetric","3",1,TRUE,0.906000000017229
"4850","X=~x1",0.472,0.071,0.4,"Mplus",12087,142069,300,"ordinal","uniform","skewed","Symmetric","3",1,TRUE,179.917999999947
"4851","X=~x2",0.771,0.071,0.8,"Mplus",12087,142069,300,"ordinal","uniform","skewed","Symmetric","3",1,TRUE,179.917999999947
"4852","X=~x3",0.728,0.075,0.8,"Mplus",12087,142069,300,"ordinal","uniform","skewed","Symmetric","3",1,TRUE,179.917999999947
"4853","Z=~z1",0.583,0.069,0.6,"Mplus",12087,142069,300,"ordinal","uniform","skewed","Symmetric","3",1,TRUE,179.917999999947
"4854","Z=~z2",0.596,0.066,0.6,"Mplus",12087,142069,300,"ordinal","uniform","skewed","Symmetric","3",1,TRUE,179.917999999947
"4855","Z=~z3",0.685,0.063,0.8,"Mplus",12087,142069,300,"ordinal","uniform","skewed","Symmetric","3",1,TRUE,179.917999999947
"4856","Y=~y1",0.41,0.074,0.4,"Mplus",12087,142069,300,"ordinal","uniform","skewed","Symmetric","3",1,TRUE,179.917999999947
"4857","Y=~y2",0.746,0.054,0.7,"Mplus",12087,142069,300,"ordinal","uniform","skewed","Symmetric","3",1,TRUE,179.917999999947
"4858","Y=~y3",0.892,0.052,0.9,"Mplus",12087,142069,300,"ordinal","uniform","skewed","Symmetric","3",1,TRUE,179.917999999947
"4859","Y~X",0.413,0.088,0.4,"Mplus",12087,142069,300,"ordinal","uniform","skewed","Symmetric","3",1,TRUE,179.917999999947
"4860","Y~Z",0.467,0.086,0.5,"Mplus",12087,142069,300,"ordinal","uniform","skewed","Symmetric","3",1,TRUE,179.917999999947
"4861","Y~X:Z",0.45,0.11,0.3,"Mplus",12087,142069,300,"ordinal","uniform","skewed","Symmetric","3",1,TRUE,179.917999999947
"4862","X~~Z",0.178,0.092,0.2,"Mplus",12087,142069,300,"ordinal","uniform","skewed","Symmetric","3",1,TRUE,179.917999999947
"4863","X=~x1",0.464408676166235,0.0594309346910601,0.4,"LSAM",12087,142069,300,"ordinal","uniform","skewed","Symmetric","3",1,TRUE,0.461999999999534
"4864","X=~x2",0.732640203515726,0.109341197751403,0.8,"LSAM",12087,142069,300,"ordinal","uniform","skewed","Symmetric","3",1,TRUE,0.461999999999534
"4865","X=~x3",0.621931826701974,0.101822307991994,0.8,"LSAM",12087,142069,300,"ordinal","uniform","skewed","Symmetric","3",1,TRUE,0.461999999999534
"4866","Z=~z1",0.551850452377861,0.0997794679346374,0.6,"LSAM",12087,142069,300,"ordinal","uniform","skewed","Symmetric","3",1,TRUE,0.461999999999534
"4867","Z=~z2",0.576655718890798,0.132945974532945,0.6,"LSAM",12087,142069,300,"ordinal","uniform","skewed","Symmetric","3",1,TRUE,0.461999999999534
"4868","Z=~z3",0.606393376773933,0.135425492828504,0.8,"LSAM",12087,142069,300,"ordinal","uniform","skewed","Symmetric","3",1,TRUE,0.461999999999534
"4869","Y=~y1",0.366389824622781,0.0242745581960506,0.4,"LSAM",12087,142069,300,"ordinal","uniform","skewed","Symmetric","3",1,TRUE,0.461999999999534
"4870","Y=~y2",0.733550126086051,0.107663628163409,0.7,"LSAM",12087,142069,300,"ordinal","uniform","skewed","Symmetric","3",1,TRUE,0.461999999999534
"4871","Y=~y3",0.696467282815929,0.102817408213774,0.9,"LSAM",12087,142069,300,"ordinal","uniform","skewed","Symmetric","3",1,TRUE,0.461999999999534
"4872","Y~X",0.385750139303874,0.138879069244549,0.4,"LSAM",12087,142069,300,"ordinal","uniform","skewed","Symmetric","3",1,TRUE,0.461999999999534
"4873","Y~Z",0.447056720823451,0.28913832020504,0.5,"LSAM",12087,142069,300,"ordinal","uniform","skewed","Symmetric","3",1,TRUE,0.461999999999534
"4874","Y~X:Z",0.41101639899879,0.361988181020967,0.3,"LSAM",12087,142069,300,"ordinal","uniform","skewed","Symmetric","3",1,TRUE,0.461999999999534
"4875","X~~Z",0.156273594312879,0.0965261569652017,0.2,"LSAM",12087,142069,300,"ordinal","uniform","skewed","Symmetric","3",1,TRUE,0.461999999999534
"4876","X=~x1",0.460547910328909,0.0472967941824154,0.4,"MC-PLSc",12088,3192017,1000,"ordinal","uniform","skewed","Symmetric","3",1,TRUE,15.4400000000023
"4877","X=~x2",0.855544580748901,0.0284080020935009,0.8,"MC-PLSc",12088,3192017,1000,"ordinal","uniform","skewed","Symmetric","3",1,TRUE,15.4400000000023
"4878","X=~x3",0.76515454960703,0.0342350984120697,0.8,"MC-PLSc",12088,3192017,1000,"ordinal","uniform","skewed","Symmetric","3",1,TRUE,15.4400000000023
"4879","Z=~z1",0.625163669220818,0.0352447847525796,0.6,"MC-PLSc",12088,3192017,1000,"ordinal","uniform","skewed","Symmetric","3",1,TRUE,15.4400000000023
"4880","Z=~z2",0.603806107126993,0.0380349802766539,0.6,"MC-PLSc",12088,3192017,1000,"ordinal","uniform","skewed","Symmetric","3",1,TRUE,15.4400000000023
"4881","Z=~z3",0.849554838875243,0.0291993077611465,0.8,"MC-PLSc",12088,3192017,1000,"ordinal","uniform","skewed","Symmetric","3",1,TRUE,15.4400000000023
"4882","Y=~y1",0.413097453206488,0.0387343326535269,0.4,"MC-PLSc",12088,3192017,1000,"ordinal","uniform","skewed","Symmetric","3",1,TRUE,15.4400000000023
"4883","Y=~y2",0.710942421268037,0.0276355671488583,0.7,"MC-PLSc",12088,3192017,1000,"ordinal","uniform","skewed","Symmetric","3",1,TRUE,15.4400000000023
"4884","Y=~y3",0.869412062768636,0.0289448710456428,0.9,"MC-PLSc",12088,3192017,1000,"ordinal","uniform","skewed","Symmetric","3",1,TRUE,15.4400000000023
"4885","Y~X",0.459830090977034,0.0370191233088813,0.4,"MC-PLSc",12088,3192017,1000,"ordinal","uniform","skewed","Symmetric","3",1,TRUE,15.4400000000023
"4886","Y~Z",0.480539598331928,0.0419341757073259,0.5,"MC-PLSc",12088,3192017,1000,"ordinal","uniform","skewed","Symmetric","3",1,TRUE,15.4400000000023
"4887","Y~X:Z",0.384913401628704,0.0452992376283836,0.3,"MC-PLSc",12088,3192017,1000,"ordinal","uniform","skewed","Symmetric","3",1,TRUE,15.4400000000023
"4888","X~~Z",0.267808182466936,0.0430283064097834,0.2,"MC-PLSc",12088,3192017,1000,"ordinal","uniform","skewed","Symmetric","3",1,TRUE,15.4400000000023
"4889","X=~x1",0.39184993786593,0.0546007401942397,0.4,"PLSc",12088,3192017,1000,"ordinal","uniform","skewed","Symmetric","3",1,TRUE,1.36599999997998
"4890","X=~x2",0.773432580888702,0.0353891350077352,0.8,"PLSc",12088,3192017,1000,"ordinal","uniform","skewed","Symmetric","3",1,TRUE,1.36599999997998
"4891","X=~x3",0.695324509969749,0.0362526431007929,0.8,"PLSc",12088,3192017,1000,"ordinal","uniform","skewed","Symmetric","3",1,TRUE,1.36599999997998
"4892","Z=~z1",0.5647613424224,0.0415291625548765,0.6,"PLSc",12088,3192017,1000,"ordinal","uniform","skewed","Symmetric","3",1,TRUE,1.36599999997998
"4893","Z=~z2",0.514642226082407,0.0456617451528993,0.6,"PLSc",12088,3192017,1000,"ordinal","uniform","skewed","Symmetric","3",1,TRUE,1.36599999997998
"4894","Z=~z3",0.775128731112168,0.0376769818872608,0.8,"PLSc",12088,3192017,1000,"ordinal","uniform","skewed","Symmetric","3",1,TRUE,1.36599999997998
"4895","Y=~y1",0.363989788833456,0.041392105326065,0.4,"PLSc",12088,3192017,1000,"ordinal","uniform","skewed","Symmetric","3",1,TRUE,1.36599999997998
"4896","Y=~y2",0.626683534362455,0.0297894598241884,0.7,"PLSc",12088,3192017,1000,"ordinal","uniform","skewed","Symmetric","3",1,TRUE,1.36599999997998
"4897","Y=~y3",0.747949729027987,0.0301104003339394,0.9,"PLSc",12088,3192017,1000,"ordinal","uniform","skewed","Symmetric","3",1,TRUE,1.36599999997998
"4898","Y~X",0.446775424571891,0.0413974589804007,0.4,"PLSc",12088,3192017,1000,"ordinal","uniform","skewed","Symmetric","3",1,TRUE,1.36599999997998
"4899","Y~Z",0.484139587517756,0.0511878627692887,0.5,"PLSc",12088,3192017,1000,"ordinal","uniform","skewed","Symmetric","3",1,TRUE,1.36599999997998
"4900","Y~X:Z",0.347407170465384,0.0552127992536063,0.3,"PLSc",12088,3192017,1000,"ordinal","uniform","skewed","Symmetric","3",1,TRUE,1.36599999997998
"4901","X~~Z",0.264310068525176,0.044323180258,0.2,"PLSc",12088,3192017,1000,"ordinal","uniform","skewed","Symmetric","3",1,TRUE,1.36599999997998
"4902","X=~x1",0.575178919683274,0.0411476372157959,0.4,"PLS",12088,3192017,1000,"ordinal","uniform","skewed","Symmetric","3",1,TRUE,0.960000000020955
"4903","X=~x2",0.861455061875458,0.0127158131863969,0.8,"PLS",12088,3192017,1000,"ordinal","uniform","skewed","Symmetric","3",1,TRUE,0.960000000020955
"4904","X=~x3",0.824365873884384,0.0161914787491503,0.8,"PLS",12088,3192017,1000,"ordinal","uniform","skewed","Symmetric","3",1,TRUE,0.960000000020955
"4905","Z=~z1",0.727027319199283,0.0264161280474009,0.6,"PLS",12088,3192017,1000,"ordinal","uniform","skewed","Symmetric","3",1,TRUE,0.960000000020955
"4906","Z=~z2",0.706523100980048,0.0293541936261069,0.6,"PLS",12088,3192017,1000,"ordinal","uniform","skewed","Symmetric","3",1,TRUE,0.960000000020955
"4907","Z=~z3",0.850656665544352,0.0134325599722071,0.8,"PLS",12088,3192017,1000,"ordinal","uniform","skewed","Symmetric","3",1,TRUE,0.960000000020955
"4908","Y=~y1",0.531469660562931,0.0390362696292682,0.4,"PLS",12088,3192017,1000,"ordinal","uniform","skewed","Symmetric","3",1,TRUE,0.960000000020955
"4909","Y=~y2",0.791812436479102,0.0168482452861127,0.7,"PLS",12088,3192017,1000,"ordinal","uniform","skewed","Symmetric","3",1,TRUE,0.960000000020955
"4910","Y=~y3",0.859866557882992,0.0110613760848987,0.9,"PLS",12088,3192017,1000,"ordinal","uniform","skewed","Symmetric","3",1,TRUE,0.960000000020955
"4911","Y~X",0.338529541322113,0.0232192664329266,0.4,"PLS",12088,3192017,1000,"ordinal","uniform","skewed","Symmetric","3",1,TRUE,0.960000000020955
"4912","Y~Z",0.341923779713002,0.0281102628048206,0.5,"PLS",12088,3192017,1000,"ordinal","uniform","skewed","Symmetric","3",1,TRUE,0.960000000020955
"4913","Y~X:Z",0.197077948259935,0.0252025057362187,0.3,"PLS",12088,3192017,1000,"ordinal","uniform","skewed","Symmetric","3",1,TRUE,0.960000000020955
"4914","X~~Z",0.184173357810667,0.0313612344234018,0.2,"PLS",12088,3192017,1000,"ordinal","uniform","skewed","Symmetric","3",1,TRUE,0.960000000020955
"4915","X=~x1",0.459,0.035,0.4,"Mplus",12088,3192017,1000,"ordinal","uniform","skewed","Symmetric","3",1,TRUE,514.474000000046
"4916","X=~x2",0.849,0.031,0.8,"Mplus",12088,3192017,1000,"ordinal","uniform","skewed","Symmetric","3",1,TRUE,514.474000000046
"4917","X=~x3",0.744,0.031,0.8,"Mplus",12088,3192017,1000,"ordinal","uniform","skewed","Symmetric","3",1,TRUE,514.474000000046
"4918","Z=~z1",0.595,0.034,0.6,"Mplus",12088,3192017,1000,"ordinal","uniform","skewed","Symmetric","3",1,TRUE,514.474000000046
"4919","Z=~z2",0.6,0.033,0.6,"Mplus",12088,3192017,1000,"ordinal","uniform","skewed","Symmetric","3",1,TRUE,514.474000000046
"4920","Z=~z3",0.841,0.031,0.8,"Mplus",12088,3192017,1000,"ordinal","uniform","skewed","Symmetric","3",1,TRUE,514.474000000046
"4921","Y=~y1",0.39,0.036,0.4,"Mplus",12088,3192017,1000,"ordinal","uniform","skewed","Symmetric","3",1,TRUE,514.474000000046
"4922","Y=~y2",0.683,0.03,0.7,"Mplus",12088,3192017,1000,"ordinal","uniform","skewed","Symmetric","3",1,TRUE,514.474000000046
"4923","Y=~y3",0.872,0.028,0.9,"Mplus",12088,3192017,1000,"ordinal","uniform","skewed","Symmetric","3",1,TRUE,514.474000000046
"4924","Y~X",0.458,0.036,0.4,"Mplus",12088,3192017,1000,"ordinal","uniform","skewed","Symmetric","3",1,TRUE,514.474000000046
"4925","Y~Z",0.478,0.041,0.5,"Mplus",12088,3192017,1000,"ordinal","uniform","skewed","Symmetric","3",1,TRUE,514.474000000046
"4926","Y~X:Z",0.334,0.041,0.3,"Mplus",12088,3192017,1000,"ordinal","uniform","skewed","Symmetric","3",1,TRUE,514.474000000046
"4927","X~~Z",0.263,0.044,0.2,"Mplus",12088,3192017,1000,"ordinal","uniform","skewed","Symmetric","3",1,TRUE,514.474000000046
"4928","X=~x1",0.42366698539208,0.0323723380492563,0.4,"LSAM",12088,3192017,1000,"ordinal","uniform","skewed","Symmetric","3",1,TRUE,0.437999999965541
"4929","X=~x2",0.771925448966825,0.0581972166048932,0.8,"LSAM",12088,3192017,1000,"ordinal","uniform","skewed","Symmetric","3",1,TRUE,0.437999999965541
"4930","X=~x3",0.671333667130541,0.0560435641567678,0.8,"LSAM",12088,3192017,1000,"ordinal","uniform","skewed","Symmetric","3",1,TRUE,0.437999999965541
"4931","Z=~z1",0.554570550973498,0.0367926161246767,0.6,"LSAM",12088,3192017,1000,"ordinal","uniform","skewed","Symmetric","3",1,TRUE,0.437999999965541
"4932","Z=~z2",0.563439211229059,0.0530865765643998,0.6,"LSAM",12088,3192017,1000,"ordinal","uniform","skewed","Symmetric","3",1,TRUE,0.437999999965541
"4933","Z=~z3",0.73668966085436,0.0577724759823899,0.8,"LSAM",12088,3192017,1000,"ordinal","uniform","skewed","Symmetric","3",1,TRUE,0.437999999965541
"4934","Y=~y1",0.356621553518619,0.0124615636413003,0.4,"LSAM",12088,3192017,1000,"ordinal","uniform","skewed","Symmetric","3",1,TRUE,0.437999999965541
"4935","Y=~y2",0.5914191101036,0.053429664071645,0.7,"LSAM",12088,3192017,1000,"ordinal","uniform","skewed","Symmetric","3",1,TRUE,0.437999999965541
"4936","Y=~y3",0.795466037603171,0.0714694448745948,0.9,"LSAM",12088,3192017,1000,"ordinal","uniform","skewed","Symmetric","3",1,TRUE,0.437999999965541
"4937","Y~X",0.433752672270041,0.0565034278215255,0.4,"LSAM",12088,3192017,1000,"ordinal","uniform","skewed","Symmetric","3",1,TRUE,0.437999999965541
"4938","Y~Z",0.472634014217545,0.0846870517694777,0.5,"LSAM",12088,3192017,1000,"ordinal","uniform","skewed","Symmetric","3",1,TRUE,0.437999999965541
"4939","Y~X:Z",0.347743142640422,0.0581350661852817,0.3,"LSAM",12088,3192017,1000,"ordinal","uniform","skewed","Symmetric","3",1,TRUE,0.437999999965541
"4940","X~~Z",0.276498715293278,0.064032824460109,0.2,"LSAM",12088,3192017,1000,"ordinal","uniform","skewed","Symmetric","3",1,TRUE,0.437999999965541
"4941","X=~x1",0.410752386150053,0.0709066421118479,0.4,"MC-PLSc",12089,9650995,300,"ordinal","uniform","skewed","Symmetric","5",1,TRUE,16.8329999999842
"4942","X=~x2",0.768593949767207,0.0526584674313305,0.8,"MC-PLSc",12089,9650995,300,"ordinal","uniform","skewed","Symmetric","5",1,TRUE,16.8329999999842
"4943","X=~x3",0.883686916668077,0.0565565097368197,0.8,"MC-PLSc",12089,9650995,300,"ordinal","uniform","skewed","Symmetric","5",1,TRUE,16.8329999999842
"4944","Z=~z1",0.667046180888495,0.0466653331387421,0.6,"MC-PLSc",12089,9650995,300,"ordinal","uniform","skewed","Symmetric","5",1,TRUE,16.8329999999842
"4945","Z=~z2",0.638687500717247,0.050755084076514,0.6,"MC-PLSc",12089,9650995,300,"ordinal","uniform","skewed","Symmetric","5",1,TRUE,16.8329999999842
"4946","Z=~z3",0.780678061277524,0.0433913362482476,0.8,"MC-PLSc",12089,9650995,300,"ordinal","uniform","skewed","Symmetric","5",1,TRUE,16.8329999999842
"4947","Y=~y1",0.25042552716988,0.0672449758842248,0.4,"MC-PLSc",12089,9650995,300,"ordinal","uniform","skewed","Symmetric","5",1,TRUE,16.8329999999842
"4948","Y=~y2",0.702178528111604,0.0492350648771532,0.7,"MC-PLSc",12089,9650995,300,"ordinal","uniform","skewed","Symmetric","5",1,TRUE,16.8329999999842
"4949","Y=~y3",0.931952942061378,0.0378345632967188,0.9,"MC-PLSc",12089,9650995,300,"ordinal","uniform","skewed","Symmetric","5",1,TRUE,16.8329999999842
"4950","Y~X",0.401661455566747,0.0690047826805353,0.4,"MC-PLSc",12089,9650995,300,"ordinal","uniform","skewed","Symmetric","5",1,TRUE,16.8329999999842
"4951","Y~Z",0.540826780687953,0.0604985737866033,0.5,"MC-PLSc",12089,9650995,300,"ordinal","uniform","skewed","Symmetric","5",1,TRUE,16.8329999999842
"4952","Y~X:Z",0.198459799109303,0.087173334460058,0.3,"MC-PLSc",12089,9650995,300,"ordinal","uniform","skewed","Symmetric","5",1,TRUE,16.8329999999842
"4953","X~~Z",0.259103070617784,0.0715404348568014,0.2,"MC-PLSc",12089,9650995,300,"ordinal","uniform","skewed","Symmetric","5",1,TRUE,16.8329999999842
"4954","X=~x1",0.380654427604654,0.117839490595144,0.4,"PLSc",12089,9650995,300,"ordinal","uniform","skewed","Symmetric","5",1,TRUE,1.27000000001863
"4955","X=~x2",0.701510780620906,0.0594836328533555,0.8,"PLSc",12089,9650995,300,"ordinal","uniform","skewed","Symmetric","5",1,TRUE,1.27000000001863
"4956","X=~x3",0.890700171814074,0.0647339744871605,0.8,"PLSc",12089,9650995,300,"ordinal","uniform","skewed","Symmetric","5",1,TRUE,1.27000000001863
"4957","Z=~z1",0.638216382229978,0.0583500944699298,0.6,"PLSc",12089,9650995,300,"ordinal","uniform","skewed","Symmetric","5",1,TRUE,1.27000000001863
"4958","Z=~z2",0.642075707505426,0.0596393930516007,0.6,"PLSc",12089,9650995,300,"ordinal","uniform","skewed","Symmetric","5",1,TRUE,1.27000000001863
"4959","Z=~z3",0.710470394777116,0.050897047056176,0.8,"PLSc",12089,9650995,300,"ordinal","uniform","skewed","Symmetric","5",1,TRUE,1.27000000001863
"4960","Y=~y1",0.256279277990337,0.0833094055538294,0.4,"PLSc",12089,9650995,300,"ordinal","uniform","skewed","Symmetric","5",1,TRUE,1.27000000001863
"4961","Y=~y2",0.683286149087809,0.052973151750819,0.7,"PLSc",12089,9650995,300,"ordinal","uniform","skewed","Symmetric","5",1,TRUE,1.27000000001863
"4962","Y=~y3",0.856486383969909,0.041571928286439,0.9,"PLSc",12089,9650995,300,"ordinal","uniform","skewed","Symmetric","5",1,TRUE,1.27000000001863
"4963","Y~X",0.407983066111337,0.0784956994931877,0.4,"PLSc",12089,9650995,300,"ordinal","uniform","skewed","Symmetric","5",1,TRUE,1.27000000001863
"4964","Y~Z",0.53776541389061,0.0702126706729026,0.5,"PLSc",12089,9650995,300,"ordinal","uniform","skewed","Symmetric","5",1,TRUE,1.27000000001863
"4965","Y~X:Z",0.187858260379356,0.112944706409456,0.3,"PLSc",12089,9650995,300,"ordinal","uniform","skewed","Symmetric","5",1,TRUE,1.27000000001863
"4966","X~~Z",0.257199107768177,0.0712806230165645,0.2,"PLSc",12089,9650995,300,"ordinal","uniform","skewed","Symmetric","5",1,TRUE,1.27000000001863
"4967","X=~x1",0.551338857068694,0.0906479590839117,0.4,"PLS",12089,9650995,300,"ordinal","uniform","skewed","Symmetric","5",1,TRUE,0.875
"4968","X=~x2",0.855836258804145,0.0242863742208412,0.8,"PLS",12089,9650995,300,"ordinal","uniform","skewed","Symmetric","5",1,TRUE,0.875
"4969","X=~x3",0.894968385084476,0.0195319038761532,0.8,"PLS",12089,9650995,300,"ordinal","uniform","skewed","Symmetric","5",1,TRUE,0.875
"4970","Z=~z1",0.776779338146392,0.0302801186629584,0.6,"PLS",12089,9650995,300,"ordinal","uniform","skewed","Symmetric","5",1,TRUE,0.875
"4971","Z=~z2",0.755715611890462,0.033854494319948,0.6,"PLS",12089,9650995,300,"ordinal","uniform","skewed","Symmetric","5",1,TRUE,0.875
"4972","Z=~z3",0.839204637184481,0.0200625212539402,0.8,"PLS",12089,9650995,300,"ordinal","uniform","skewed","Symmetric","5",1,TRUE,0.875
"4973","Y=~y1",0.363075614677256,0.0911647561789009,0.4,"PLS",12089,9650995,300,"ordinal","uniform","skewed","Symmetric","5",1,TRUE,0.875
"4974","Y=~y2",0.844116621387482,0.0300025786377116,0.7,"PLS",12089,9650995,300,"ordinal","uniform","skewed","Symmetric","5",1,TRUE,0.875
"4975","Y=~y3",0.9134374672402,0.0107757051135351,0.9,"PLS",12089,9650995,300,"ordinal","uniform","skewed","Symmetric","5",1,TRUE,0.875
"4976","Y~X",0.341426520484342,0.0494208146024549,0.4,"PLS",12089,9650995,300,"ordinal","uniform","skewed","Symmetric","5",1,TRUE,0.875
"4977","Y~Z",0.415327618321544,0.045895412599138,0.5,"PLS",12089,9650995,300,"ordinal","uniform","skewed","Symmetric","5",1,TRUE,0.875
"4978","Y~X:Z",0.125414781995219,0.049633928856501,0.3,"PLS",12089,9650995,300,"ordinal","uniform","skewed","Symmetric","5",1,TRUE,0.875
"4979","X~~Z",0.192178818810271,0.0538999412234648,0.2,"PLS",12089,9650995,300,"ordinal","uniform","skewed","Symmetric","5",1,TRUE,0.875
"4980","X=~x1",0.402,0.064,0.4,"Mplus",12089,9650995,300,"ordinal","uniform","skewed","Symmetric","5",1,TRUE,239.493000000017
"4981","X=~x2",0.762,0.052,0.8,"Mplus",12089,9650995,300,"ordinal","uniform","skewed","Symmetric","5",1,TRUE,239.493000000017
"4982","X=~x3",0.857,0.05,0.8,"Mplus",12089,9650995,300,"ordinal","uniform","skewed","Symmetric","5",1,TRUE,239.493000000017
"4983","Z=~z1",0.654,0.048,0.6,"Mplus",12089,9650995,300,"ordinal","uniform","skewed","Symmetric","5",1,TRUE,239.493000000017
"4984","Z=~z2",0.6,0.053,0.6,"Mplus",12089,9650995,300,"ordinal","uniform","skewed","Symmetric","5",1,TRUE,239.493000000017
"4985","Z=~z3",0.786,0.045,0.8,"Mplus",12089,9650995,300,"ordinal","uniform","skewed","Symmetric","5",1,TRUE,239.493000000017
"4986","Y=~y1",0.243,0.064,0.4,"Mplus",12089,9650995,300,"ordinal","uniform","skewed","Symmetric","5",1,TRUE,239.493000000017
"4987","Y=~y2",0.715,0.049,0.7,"Mplus",12089,9650995,300,"ordinal","uniform","skewed","Symmetric","5",1,TRUE,239.493000000017
"4988","Y=~y3",0.906,0.037,0.9,"Mplus",12089,9650995,300,"ordinal","uniform","skewed","Symmetric","5",1,TRUE,239.493000000017
"4989","Y~X",0.415,0.063,0.4,"Mplus",12089,9650995,300,"ordinal","uniform","skewed","Symmetric","5",1,TRUE,239.493000000017
"4990","Y~Z",0.545,0.059,0.5,"Mplus",12089,9650995,300,"ordinal","uniform","skewed","Symmetric","5",1,TRUE,239.493000000017
"4991","Y~X:Z",0.203,0.085,0.3,"Mplus",12089,9650995,300,"ordinal","uniform","skewed","Symmetric","5",1,TRUE,239.493000000017
"4992","X~~Z",0.244,0.072,0.2,"Mplus",12089,9650995,300,"ordinal","uniform","skewed","Symmetric","5",1,TRUE,239.493000000017
"4993","X=~x1",0.406551603040669,0.0551375135893582,0.4,"LSAM",12089,9650995,300,"ordinal","uniform","skewed","Symmetric","5",1,TRUE,0.427999999956228
"4994","X=~x2",0.81698195434891,0.0900738026151283,0.8,"LSAM",12089,9650995,300,"ordinal","uniform","skewed","Symmetric","5",1,TRUE,0.427999999956228
"4995","X=~x3",0.752693907290374,0.0908074020083805,0.8,"LSAM",12089,9650995,300,"ordinal","uniform","skewed","Symmetric","5",1,TRUE,0.427999999956228
"4996","Z=~z1",0.6290978602868,0.0413343804543796,0.6,"LSAM",12089,9650995,300,"ordinal","uniform","skewed","Symmetric","5",1,TRUE,0.427999999956228
"4997","Z=~z2",0.566379474509901,0.0699211797149273,0.6,"LSAM",12089,9650995,300,"ordinal","uniform","skewed","Symmetric","5",1,TRUE,0.427999999956228
"4998","Z=~z3",0.801312543538064,0.0770113205826727,0.8,"LSAM",12089,9650995,300,"ordinal","uniform","skewed","Symmetric","5",1,TRUE,0.427999999956228
"4999","Y=~y1",0.304882385203381,0.0175040792370312,0.4,"LSAM",12089,9650995,300,"ordinal","uniform","skewed","Symmetric","5",1,TRUE,0.427999999956228
"5000","Y=~y2",0.61217304849865,0.0840694158350565,0.7,"LSAM",12089,9650995,300,"ordinal","uniform","skewed","Symmetric","5",1,TRUE,0.427999999956228
"5001","Y=~y3",0.980806656018162,0.119999165496864,0.9,"LSAM",12089,9650995,300,"ordinal","uniform","skewed","Symmetric","5",1,TRUE,0.427999999956228
"5002","Y~X",0.365643215130279,0.0588351005412654,0.4,"LSAM",12089,9650995,300,"ordinal","uniform","skewed","Symmetric","5",1,TRUE,0.427999999956228
"5003","Y~Z",0.468564275234722,0.0610189589123781,0.5,"LSAM",12089,9650995,300,"ordinal","uniform","skewed","Symmetric","5",1,TRUE,0.427999999956228
"5004","Y~X:Z",0.144223543443274,0.0844221645294163,0.3,"LSAM",12089,9650995,300,"ordinal","uniform","skewed","Symmetric","5",1,TRUE,0.427999999956228
"5005","X~~Z",0.214300999608083,0.0753405857990214,0.2,"LSAM",12089,9650995,300,"ordinal","uniform","skewed","Symmetric","5",1,TRUE,0.427999999956228
"5006","X=~x1",0.404044095416921,0.0342124986232136,0.4,"MC-PLSc",12090,392198,1000,"ordinal","uniform","skewed","Symmetric","5",1,TRUE,19.2789999999804
"5007","X=~x2",0.787494869695198,0.0303768666008848,0.8,"MC-PLSc",12090,392198,1000,"ordinal","uniform","skewed","Symmetric","5",1,TRUE,19.2789999999804
"5008","X=~x3",0.826411745137697,0.0320549171397862,0.8,"MC-PLSc",12090,392198,1000,"ordinal","uniform","skewed","Symmetric","5",1,TRUE,19.2789999999804
"5009","Z=~z1",0.617797444037834,0.029487061427991,0.6,"MC-PLSc",12090,392198,1000,"ordinal","uniform","skewed","Symmetric","5",1,TRUE,19.2789999999804
"5010","Z=~z2",0.555359059772307,0.0346226577337451,0.6,"MC-PLSc",12090,392198,1000,"ordinal","uniform","skewed","Symmetric","5",1,TRUE,19.2789999999804
"5011","Z=~z3",0.849264797793476,0.029392891319696,0.8,"MC-PLSc",12090,392198,1000,"ordinal","uniform","skewed","Symmetric","5",1,TRUE,19.2789999999804
"5012","Y=~y1",0.358487282746215,0.0365447468294617,0.4,"MC-PLSc",12090,392198,1000,"ordinal","uniform","skewed","Symmetric","5",1,TRUE,19.2789999999804
"5013","Y=~y2",0.675338754733521,0.0282803604212353,0.7,"MC-PLSc",12090,392198,1000,"ordinal","uniform","skewed","Symmetric","5",1,TRUE,19.2789999999804
"5014","Y=~y3",0.937886927258802,0.0244822433997476,0.9,"MC-PLSc",12090,392198,1000,"ordinal","uniform","skewed","Symmetric","5",1,TRUE,19.2789999999804
"5015","Y~X",0.405404561834958,0.0371844151426164,0.4,"MC-PLSc",12090,392198,1000,"ordinal","uniform","skewed","Symmetric","5",1,TRUE,19.2789999999804
"5016","Y~Z",0.472226391962708,0.0333769253564333,0.5,"MC-PLSc",12090,392198,1000,"ordinal","uniform","skewed","Symmetric","5",1,TRUE,19.2789999999804
"5017","Y~X:Z",0.270191591004386,0.0399909394205451,0.3,"MC-PLSc",12090,392198,1000,"ordinal","uniform","skewed","Symmetric","5",1,TRUE,19.2789999999804
"5018","X~~Z",0.219392470430956,0.0425373073750238,0.2,"MC-PLSc",12090,392198,1000,"ordinal","uniform","skewed","Symmetric","5",1,TRUE,19.2789999999804
"5019","X=~x1",0.392407666025755,0.0583192199475718,0.4,"PLSc",12090,392198,1000,"ordinal","uniform","skewed","Symmetric","5",1,TRUE,1.35399999999208
"5020","X=~x2",0.75258253309408,0.0371938324421434,0.8,"PLSc",12090,392198,1000,"ordinal","uniform","skewed","Symmetric","5",1,TRUE,1.35399999999208
"5021","X=~x3",0.785328512315639,0.0371523588293051,0.8,"PLSc",12090,392198,1000,"ordinal","uniform","skewed","Symmetric","5",1,TRUE,1.35399999999208
"5022","Z=~z1",0.564118816587621,0.0423483800051622,0.6,"PLSc",12090,392198,1000,"ordinal","uniform","skewed","Symmetric","5",1,TRUE,1.35399999999208
"5023","Z=~z2",0.540132648727772,0.0449822888825638,0.6,"PLSc",12090,392198,1000,"ordinal","uniform","skewed","Symmetric","5",1,TRUE,1.35399999999208
"5024","Z=~z3",0.830442666681598,0.0376227253631016,0.8,"PLSc",12090,392198,1000,"ordinal","uniform","skewed","Symmetric","5",1,TRUE,1.35399999999208
"5025","Y=~y1",0.353649531938464,0.0423854176998667,0.4,"PLSc",12090,392198,1000,"ordinal","uniform","skewed","Symmetric","5",1,TRUE,1.35399999999208
"5026","Y=~y2",0.626051225051164,0.0307147790614327,0.7,"PLSc",12090,392198,1000,"ordinal","uniform","skewed","Symmetric","5",1,TRUE,1.35399999999208
"5027","Y=~y3",0.901095607880728,0.0278581883029594,0.9,"PLSc",12090,392198,1000,"ordinal","uniform","skewed","Symmetric","5",1,TRUE,1.35399999999208
"5028","Y~X",0.405687166577207,0.0365868739658553,0.4,"PLSc",12090,392198,1000,"ordinal","uniform","skewed","Symmetric","5",1,TRUE,1.35399999999208
"5029","Y~Z",0.46292901721997,0.0372841089453511,0.5,"PLSc",12090,392198,1000,"ordinal","uniform","skewed","Symmetric","5",1,TRUE,1.35399999999208
"5030","Y~X:Z",0.24598473986361,0.0452351727904041,0.3,"PLSc",12090,392198,1000,"ordinal","uniform","skewed","Symmetric","5",1,TRUE,1.35399999999208
"5031","X~~Z",0.216692088172083,0.0417322621265076,0.2,"PLSc",12090,392198,1000,"ordinal","uniform","skewed","Symmetric","5",1,TRUE,1.35399999999208
"5032","X=~x1",0.546265910863536,0.0436243585232659,0.4,"PLS",12090,392198,1000,"ordinal","uniform","skewed","Symmetric","5",1,TRUE,0.945000000006985
"5033","X=~x2",0.861343962652359,0.0133073619452386,0.8,"PLS",12090,392198,1000,"ordinal","uniform","skewed","Symmetric","5",1,TRUE,0.945000000006985
"5034","X=~x3",0.87432252850275,0.0118591365468124,0.8,"PLS",12090,392198,1000,"ordinal","uniform","skewed","Symmetric","5",1,TRUE,0.945000000006985
"5035","Z=~z1",0.752287949125469,0.0224306596296468,0.6,"PLS",12090,392198,1000,"ordinal","uniform","skewed","Symmetric","5",1,TRUE,0.945000000006985
"5036","Z=~z2",0.701762522185301,0.0269968458501275,0.6,"PLS",12090,392198,1000,"ordinal","uniform","skewed","Symmetric","5",1,TRUE,0.945000000006985
"5037","Z=~z3",0.869293029851418,0.011105000387807,0.8,"PLS",12090,392198,1000,"ordinal","uniform","skewed","Symmetric","5",1,TRUE,0.945000000006985
"5038","Y=~y1",0.500742945380596,0.0404882156736535,0.4,"PLS",12090,392198,1000,"ordinal","uniform","skewed","Symmetric","5",1,TRUE,0.945000000006985
"5039","Y=~y2",0.816143003095109,0.0156975503725271,0.7,"PLS",12090,392198,1000,"ordinal","uniform","skewed","Symmetric","5",1,TRUE,0.945000000006985
"5040","Y=~y3",0.907220890545697,0.00745959607630669,0.9,"PLS",12090,392198,1000,"ordinal","uniform","skewed","Symmetric","5",1,TRUE,0.945000000006985
"5041","Y~X",0.330098982176073,0.0236166016283333,0.4,"PLS",12090,392198,1000,"ordinal","uniform","skewed","Symmetric","5",1,TRUE,0.945000000006985
"5042","Y~Z",0.366242193335412,0.0233231817178803,0.5,"PLS",12090,392198,1000,"ordinal","uniform","skewed","Symmetric","5",1,TRUE,0.945000000006985
"5043","Y~X:Z",0.167515120162461,0.0257152770388923,0.3,"PLS",12090,392198,1000,"ordinal","uniform","skewed","Symmetric","5",1,TRUE,0.945000000006985
"5044","X~~Z",0.159347694514948,0.0310759805629945,0.2,"PLS",12090,392198,1000,"ordinal","uniform","skewed","Symmetric","5",1,TRUE,0.945000000006985
"5045","X=~x1",0.369,0.032,0.4,"Mplus",12090,392198,1000,"ordinal","uniform","skewed","Symmetric","5",1,TRUE,795.677999999956
"5046","X=~x2",0.783,0.029,0.8,"Mplus",12090,392198,1000,"ordinal","uniform","skewed","Symmetric","5",1,TRUE,795.677999999956
"5047","X=~x3",0.806,0.028,0.8,"Mplus",12090,392198,1000,"ordinal","uniform","skewed","Symmetric","5",1,TRUE,795.677999999956
"5048","Z=~z1",0.626,0.029,0.6,"Mplus",12090,392198,1000,"ordinal","uniform","skewed","Symmetric","5",1,TRUE,795.677999999956
"5049","Z=~z2",0.527,0.031,0.6,"Mplus",12090,392198,1000,"ordinal","uniform","skewed","Symmetric","5",1,TRUE,795.677999999956
"5050","Z=~z3",0.816,0.026,0.8,"Mplus",12090,392198,1000,"ordinal","uniform","skewed","Symmetric","5",1,TRUE,795.677999999956
"5051","Y=~y1",0.324,0.034,0.4,"Mplus",12090,392198,1000,"ordinal","uniform","skewed","Symmetric","5",1,TRUE,795.677999999956
"5052","Y=~y2",0.665,0.025,0.7,"Mplus",12090,392198,1000,"ordinal","uniform","skewed","Symmetric","5",1,TRUE,795.677999999956
"5053","Y=~y3",0.929,0.024,0.9,"Mplus",12090,392198,1000,"ordinal","uniform","skewed","Symmetric","5",1,TRUE,795.677999999956
"5054","Y~X",0.404,0.034,0.4,"Mplus",12090,392198,1000,"ordinal","uniform","skewed","Symmetric","5",1,TRUE,795.677999999956
"5055","Y~Z",0.475,0.032,0.5,"Mplus",12090,392198,1000,"ordinal","uniform","skewed","Symmetric","5",1,TRUE,795.677999999956
"5056","Y~X:Z",0.224,0.039,0.3,"Mplus",12090,392198,1000,"ordinal","uniform","skewed","Symmetric","5",1,TRUE,795.677999999956
"5057","X~~Z",0.219,0.042,0.2,"Mplus",12090,392198,1000,"ordinal","uniform","skewed","Symmetric","5",1,TRUE,795.677999999956
"5058","X=~x1",0.381254501586998,0.0309828966473963,0.4,"LSAM",12090,392198,1000,"ordinal","uniform","skewed","Symmetric","5",1,TRUE,0.429000000003725
"5059","X=~x2",0.750406331634139,0.0547429020368596,0.8,"LSAM",12090,392198,1000,"ordinal","uniform","skewed","Symmetric","5",1,TRUE,0.429000000003725
"5060","X=~x3",0.796795766967919,0.0548089752902006,0.8,"LSAM",12090,392198,1000,"ordinal","uniform","skewed","Symmetric","5",1,TRUE,0.429000000003725
"5061","Z=~z1",0.628256224819127,0.0231171425263577,0.6,"LSAM",12090,392198,1000,"ordinal","uniform","skewed","Symmetric","5",1,TRUE,0.429000000003725
"5062","Z=~z2",0.532876581183226,0.0403038023875231,0.6,"LSAM",12090,392198,1000,"ordinal","uniform","skewed","Symmetric","5",1,TRUE,0.429000000003725
"5063","Z=~z3",0.771539283994444,0.0469204496950255,0.8,"LSAM",12090,392198,1000,"ordinal","uniform","skewed","Symmetric","5",1,TRUE,0.429000000003725
"5064","Y=~y1",0.334447945963027,0.0112332324985318,0.4,"LSAM",12090,392198,1000,"ordinal","uniform","skewed","Symmetric","5",1,TRUE,0.429000000003725
"5065","Y=~y2",0.675663876703218,0.0502689188600546,0.7,"LSAM",12090,392198,1000,"ordinal","uniform","skewed","Symmetric","5",1,TRUE,0.429000000003725
"5066","Y=~y3",0.858617685561894,0.0606534292985783,0.9,"LSAM",12090,392198,1000,"ordinal","uniform","skewed","Symmetric","5",1,TRUE,0.429000000003725
"5067","Y~X",0.400601871086036,0.0389553111354327,0.4,"LSAM",12090,392198,1000,"ordinal","uniform","skewed","Symmetric","5",1,TRUE,0.429000000003725
"5068","Y~Z",0.482925617567149,0.040933606404978,0.5,"LSAM",12090,392198,1000,"ordinal","uniform","skewed","Symmetric","5",1,TRUE,0.429000000003725
"5069","Y~X:Z",0.244961481043296,0.0391249183906711,0.3,"LSAM",12090,392198,1000,"ordinal","uniform","skewed","Symmetric","5",1,TRUE,0.429000000003725
"5070","X~~Z",0.22569885493566,0.0440490455575217,0.2,"LSAM",12090,392198,1000,"ordinal","uniform","skewed","Symmetric","5",1,TRUE,0.429000000003725
"5071","X=~x1",0.325205403555992,0.143613962137467,0.4,"MC-PLSc",12091,4315018,300,"ordinal","uniform","skewed","Extreme","2",1,TRUE,17.4569999999949
"5072","X=~x2",0.700913703472223,0.105755976200383,0.8,"MC-PLSc",12091,4315018,300,"ordinal","uniform","skewed","Extreme","2",1,TRUE,17.4569999999949
"5073","X=~x3",0.826266758037344,0.124679696346606,0.8,"MC-PLSc",12091,4315018,300,"ordinal","uniform","skewed","Extreme","2",1,TRUE,17.4569999999949
"5074","Z=~z1",0.55032087609517,0.161078466294499,0.6,"MC-PLSc",12091,4315018,300,"ordinal","uniform","skewed","Extreme","2",1,TRUE,17.4569999999949
"5075","Z=~z2",0.556639836022625,0.210348462426776,0.6,"MC-PLSc",12091,4315018,300,"ordinal","uniform","skewed","Extreme","2",1,TRUE,17.4569999999949
"5076","Z=~z3",0.745003075691829,0.222710788158776,0.8,"MC-PLSc",12091,4315018,300,"ordinal","uniform","skewed","Extreme","2",1,TRUE,17.4569999999949
"5077","Y=~y1",0.409982359064461,0.112796749571513,0.4,"MC-PLSc",12091,4315018,300,"ordinal","uniform","skewed","Extreme","2",1,TRUE,17.4569999999949
"5078","Y=~y2",0.763677856035762,0.0715238806339781,0.7,"MC-PLSc",12091,4315018,300,"ordinal","uniform","skewed","Extreme","2",1,TRUE,17.4569999999949
"5079","Y=~y3",0.935933019440304,0.171878398679172,0.9,"MC-PLSc",12091,4315018,300,"ordinal","uniform","skewed","Extreme","2",1,TRUE,17.4569999999949
"5080","Y~X",0.605421057592495,0.213745844887475,0.4,"MC-PLSc",12091,4315018,300,"ordinal","uniform","skewed","Extreme","2",1,TRUE,17.4569999999949
"5081","Y~Z",0.125333480048225,0.3541014492421,0.5,"MC-PLSc",12091,4315018,300,"ordinal","uniform","skewed","Extreme","2",1,TRUE,17.4569999999949
"5082","Y~X:Z",0.685094587029943,0.928885973777302,0.3,"MC-PLSc",12091,4315018,300,"ordinal","uniform","skewed","Extreme","2",1,TRUE,17.4569999999949
"5083","X~~Z",0.206764374110172,0.134059798050258,0.2,"MC-PLSc",12091,4315018,300,"ordinal","uniform","skewed","Extreme","2",1,TRUE,17.4569999999949
"5084","X=~x1",0.207904416940634,0.11289728810146,0.4,"PLSc",12091,4315018,300,"ordinal","uniform","skewed","Extreme","2",1,TRUE,1.28800000000047
"5085","X=~x2",0.524120759437981,0.102805472891709,0.8,"PLSc",12091,4315018,300,"ordinal","uniform","skewed","Extreme","2",1,TRUE,1.28800000000047
"5086","X=~x3",0.64933269894469,0.105660792849602,0.8,"PLSc",12091,4315018,300,"ordinal","uniform","skewed","Extreme","2",1,TRUE,1.28800000000047
"5087","Z=~z1",0.432878308336344,0.133338796629719,0.6,"PLSc",12091,4315018,300,"ordinal","uniform","skewed","Extreme","2",1,TRUE,1.28800000000047
"5088","Z=~z2",0.325048363157803,0.147388630484281,0.6,"PLSc",12091,4315018,300,"ordinal","uniform","skewed","Extreme","2",1,TRUE,1.28800000000047
"5089","Z=~z3",0.54879988159796,0.154517626355158,0.8,"PLSc",12091,4315018,300,"ordinal","uniform","skewed","Extreme","2",1,TRUE,1.28800000000047
"5090","Y=~y1",0.274853357791472,0.121602240267873,0.4,"PLSc",12091,4315018,300,"ordinal","uniform","skewed","Extreme","2",1,TRUE,1.28800000000047
"5091","Y=~y2",0.681225449383122,0.0841686880706222,0.7,"PLSc",12091,4315018,300,"ordinal","uniform","skewed","Extreme","2",1,TRUE,1.28800000000047
"5092","Y=~y3",0.778512232679409,0.0782933746326332,0.9,"PLSc",12091,4315018,300,"ordinal","uniform","skewed","Extreme","2",1,TRUE,1.28800000000047
"5093","Y~X",0.58982009858939,20.6857364550041,0.4,"PLSc",12091,4315018,300,"ordinal","uniform","skewed","Extreme","2",1,TRUE,1.28800000000047
"5094","Y~Z",0.16436447033661,40.9346454489874,0.5,"PLSc",12091,4315018,300,"ordinal","uniform","skewed","Extreme","2",1,TRUE,1.28800000000047
"5095","Y~X:Z",0.422646229247861,80.2787872436995,0.3,"PLSc",12091,4315018,300,"ordinal","uniform","skewed","Extreme","2",1,TRUE,1.28800000000047
"5096","X~~Z",0.172817411286727,0.125254600064162,0.2,"PLSc",12091,4315018,300,"ordinal","uniform","skewed","Extreme","2",1,TRUE,1.28800000000047
"5097","X=~x1",0.345272326304057,0.143464788563302,0.4,"PLS",12091,4315018,300,"ordinal","uniform","skewed","Extreme","2",1,TRUE,0.902000000001863
"5098","X=~x2",0.755455727322922,0.0839835717536392,0.8,"PLS",12091,4315018,300,"ordinal","uniform","skewed","Extreme","2",1,TRUE,0.902000000001863
"5099","X=~x3",0.843707809693789,0.0567236011819557,0.8,"PLS",12091,4315018,300,"ordinal","uniform","skewed","Extreme","2",1,TRUE,0.902000000001863
"5100","Z=~z1",0.608755498530232,0.157645184514556,0.6,"PLS",12091,4315018,300,"ordinal","uniform","skewed","Extreme","2",1,TRUE,0.902000000001863
"5101","Z=~z2",0.608708584453873,0.146930852450706,0.6,"PLS",12091,4315018,300,"ordinal","uniform","skewed","Extreme","2",1,TRUE,0.902000000001863
"5102","Z=~z3",0.799579150876136,0.10646030176895,0.8,"PLS",12091,4315018,300,"ordinal","uniform","skewed","Extreme","2",1,TRUE,0.902000000001863
"5103","Y=~y1",0.460206815011621,0.118431514811492,0.4,"PLS",12091,4315018,300,"ordinal","uniform","skewed","Extreme","2",1,TRUE,0.902000000001863
"5104","Y=~y2",0.815568584695501,0.0474962432032472,0.7,"PLS",12091,4315018,300,"ordinal","uniform","skewed","Extreme","2",1,TRUE,0.902000000001863
"5105","Y=~y3",0.880358776573047,0.0261270340567728,0.9,"PLS",12091,4315018,300,"ordinal","uniform","skewed","Extreme","2",1,TRUE,0.902000000001863
"5106","Y~X",0.38189532661605,0.0719579900459811,0.4,"PLS",12091,4315018,300,"ordinal","uniform","skewed","Extreme","2",1,TRUE,0.902000000001863
"5107","Y~Z",0.211454702465235,0.0487276247606836,0.5,"PLS",12091,4315018,300,"ordinal","uniform","skewed","Extreme","2",1,TRUE,0.902000000001863
"5108","Y~X:Z",0.163492569316081,0.0716900711817547,0.3,"PLS",12091,4315018,300,"ordinal","uniform","skewed","Extreme","2",1,TRUE,0.902000000001863
"5109","X~~Z",0.0830734926996568,0.0599968622066716,0.2,"PLS",12091,4315018,300,"ordinal","uniform","skewed","Extreme","2",1,TRUE,0.902000000001863
"5110","X=~x1",0.296,0.107,0.4,"Mplus",12091,4315018,300,"ordinal","uniform","skewed","Extreme","2",1,TRUE,66.920999999973
"5111","X=~x2",0.711,0.098,0.8,"Mplus",12091,4315018,300,"ordinal","uniform","skewed","Extreme","2",1,TRUE,66.920999999973
"5112","X=~x3",0.823,0.093,0.8,"Mplus",12091,4315018,300,"ordinal","uniform","skewed","Extreme","2",1,TRUE,66.920999999973
"5113","Z=~z1",0.363,0.165,0.6,"Mplus",12091,4315018,300,"ordinal","uniform","skewed","Extreme","2",1,TRUE,66.920999999973
"5114","Z=~z2",0.622,0.115,0.6,"Mplus",12091,4315018,300,"ordinal","uniform","skewed","Extreme","2",1,TRUE,66.920999999973
"5115","Z=~z3",0.882,0.207,0.8,"Mplus",12091,4315018,300,"ordinal","uniform","skewed","Extreme","2",1,TRUE,66.920999999973
"5116","Y=~y1",0.469,0.095,0.4,"Mplus",12091,4315018,300,"ordinal","uniform","skewed","Extreme","2",1,TRUE,66.920999999973
"5117","Y=~y2",0.754,0.077,0.7,"Mplus",12091,4315018,300,"ordinal","uniform","skewed","Extreme","2",1,TRUE,66.920999999973
"5118","Y=~y3",0.945,0.081,0.9,"Mplus",12091,4315018,300,"ordinal","uniform","skewed","Extreme","2",1,TRUE,66.920999999973
"5119","Y~X",0.605,0.15,0.4,"Mplus",12091,4315018,300,"ordinal","uniform","skewed","Extreme","2",1,TRUE,66.920999999973
"5120","Y~Z",0.261,0.193,0.5,"Mplus",12091,4315018,300,"ordinal","uniform","skewed","Extreme","2",1,TRUE,66.920999999973
"5121","Y~X:Z",0.414,0.205,0.3,"Mplus",12091,4315018,300,"ordinal","uniform","skewed","Extreme","2",1,TRUE,66.920999999973
"5122","X~~Z",0.162,0.141,0.2,"Mplus",12091,4315018,300,"ordinal","uniform","skewed","Extreme","2",1,TRUE,66.920999999973
"5123","X=~x1",0.301982220285481,0.0803992525186403,0.4,"LSAM",12091,4315018,300,"ordinal","uniform","skewed","Extreme","2",1,TRUE,0.532999999995809
"5124","X=~x2",0.520315132026813,0.176247206812294,0.8,"LSAM",12091,4315018,300,"ordinal","uniform","skewed","Extreme","2",1,TRUE,0.532999999995809
"5125","X=~x3",0.614890855067561,0.205084641681417,0.8,"LSAM",12091,4315018,300,"ordinal","uniform","skewed","Extreme","2",1,TRUE,0.532999999995809
"5126","Z=~z1",0.303970308802982,0.49714257588695,0.6,"LSAM",12091,4315018,300,"ordinal","uniform","skewed","Extreme","2",1,TRUE,0.532999999995809
"5127","Z=~z2",0.490997302883396,0.684278782874381,0.6,"LSAM",12091,4315018,300,"ordinal","uniform","skewed","Extreme","2",1,TRUE,0.532999999995809
"5128","Z=~z3",0.6259999111694,0.710155124461333,0.8,"LSAM",12091,4315018,300,"ordinal","uniform","skewed","Extreme","2",1,TRUE,0.532999999995809
"5129","Y=~y1",0.320853890094207,0.0213885398140249,0.4,"LSAM",12091,4315018,300,"ordinal","uniform","skewed","Extreme","2",1,TRUE,0.532999999995809
"5130","Y=~y2",0.515712328143852,0.0844283649658539,0.7,"LSAM",12091,4315018,300,"ordinal","uniform","skewed","Extreme","2",1,TRUE,0.532999999995809
"5131","Y=~y3",0.967750749998091,0.14807687229376,0.9,"LSAM",12091,4315018,300,"ordinal","uniform","skewed","Extreme","2",1,TRUE,0.532999999995809
"5132","Y~X",0.488716418438756,0.216103245513141,0.4,"LSAM",12091,4315018,300,"ordinal","uniform","skewed","Extreme","2",1,TRUE,0.532999999995809
"5133","Y~Z",0.211682389832668,0.993724961544102,0.5,"LSAM",12091,4315018,300,"ordinal","uniform","skewed","Extreme","2",1,TRUE,0.532999999995809
"5134","Y~X:Z",0.16080150636194,0.314531639556574,0.3,"LSAM",12091,4315018,300,"ordinal","uniform","skewed","Extreme","2",1,TRUE,0.532999999995809
"5135","X~~Z",0.154112445886255,0.127979628553942,0.2,"LSAM",12091,4315018,300,"ordinal","uniform","skewed","Extreme","2",1,TRUE,0.532999999995809
"5136","X=~x1",0.355896132509723,0.0662878397672224,0.4,"MC-PLSc",12092,3001564,1000,"ordinal","uniform","skewed","Extreme","2",1,TRUE,16.1790000000037
"5137","X=~x2",0.772458883811826,0.0700337305391382,0.8,"MC-PLSc",12092,3001564,1000,"ordinal","uniform","skewed","Extreme","2",1,TRUE,16.1790000000037
"5138","X=~x3",0.83850109326924,0.0579510650291413,0.8,"MC-PLSc",12092,3001564,1000,"ordinal","uniform","skewed","Extreme","2",1,TRUE,16.1790000000037
"5139","Z=~z1",0.488903227048432,0.0956841523054651,0.6,"MC-PLSc",12092,3001564,1000,"ordinal","uniform","skewed","Extreme","2",1,TRUE,16.1790000000037
"5140","Z=~z2",0.512463176361123,0.0749132222815999,0.6,"MC-PLSc",12092,3001564,1000,"ordinal","uniform","skewed","Extreme","2",1,TRUE,16.1790000000037
"5141","Z=~z3",0.797104895997924,0.0820468154948762,0.8,"MC-PLSc",12092,3001564,1000,"ordinal","uniform","skewed","Extreme","2",1,TRUE,16.1790000000037
"5142","Y=~y1",0.344984249575445,0.055853237051523,0.4,"MC-PLSc",12092,3001564,1000,"ordinal","uniform","skewed","Extreme","2",1,TRUE,16.1790000000037
"5143","Y=~y2",0.652953908967481,0.0564032092976241,0.7,"MC-PLSc",12092,3001564,1000,"ordinal","uniform","skewed","Extreme","2",1,TRUE,16.1790000000037
"5144","Y=~y3",0.947032402574776,0.0734514709482317,0.9,"MC-PLSc",12092,3001564,1000,"ordinal","uniform","skewed","Extreme","2",1,TRUE,16.1790000000037
"5145","Y~X",0.29809621232044,0.106265693791501,0.4,"MC-PLSc",12092,3001564,1000,"ordinal","uniform","skewed","Extreme","2",1,TRUE,16.1790000000037
"5146","Y~Z",0.363853061259353,0.111420955683908,0.5,"MC-PLSc",12092,3001564,1000,"ordinal","uniform","skewed","Extreme","2",1,TRUE,16.1790000000037
"5147","Y~X:Z",0.461036365220924,0.167884588831021,0.3,"MC-PLSc",12092,3001564,1000,"ordinal","uniform","skewed","Extreme","2",1,TRUE,16.1790000000037
"5148","X~~Z",0.230144741322604,0.0731878937987451,0.2,"MC-PLSc",12092,3001564,1000,"ordinal","uniform","skewed","Extreme","2",1,TRUE,16.1790000000037
"5149","X=~x1",0.166808587348735,0.0940727029537435,0.4,"PLSc",12092,3001564,1000,"ordinal","uniform","skewed","Extreme","2",1,TRUE,1.38399999996182
"5150","X=~x2",0.610456452415749,0.074003650756743,0.8,"PLSc",12092,3001564,1000,"ordinal","uniform","skewed","Extreme","2",1,TRUE,1.38399999996182
"5151","X=~x3",0.670280474680717,0.0778852196315564,0.8,"PLSc",12092,3001564,1000,"ordinal","uniform","skewed","Extreme","2",1,TRUE,1.38399999996182
"5152","Z=~z1",0.341557820187203,0.0748048390288825,0.6,"PLSc",12092,3001564,1000,"ordinal","uniform","skewed","Extreme","2",1,TRUE,1.38399999996182
"5153","Z=~z2",0.352490537499577,0.0726934095456822,0.6,"PLSc",12092,3001564,1000,"ordinal","uniform","skewed","Extreme","2",1,TRUE,1.38399999996182
"5154","Z=~z3",0.610690413446107,0.0767274393989962,0.8,"PLSc",12092,3001564,1000,"ordinal","uniform","skewed","Extreme","2",1,TRUE,1.38399999996182
"5155","Y=~y1",0.229374798041242,0.0680194661670906,0.4,"PLSc",12092,3001564,1000,"ordinal","uniform","skewed","Extreme","2",1,TRUE,1.38399999996182
"5156","Y=~y2",0.518027054054746,0.0525483086912296,0.7,"PLSc",12092,3001564,1000,"ordinal","uniform","skewed","Extreme","2",1,TRUE,1.38399999996182
"5157","Y=~y3",0.782730371368663,0.0596590531526697,0.9,"PLSc",12092,3001564,1000,"ordinal","uniform","skewed","Extreme","2",1,TRUE,1.38399999996182
"5158","Y~X",0.324845555741981,0.106491055441143,0.4,"PLSc",12092,3001564,1000,"ordinal","uniform","skewed","Extreme","2",1,TRUE,1.38399999996182
"5159","Y~Z",0.360003420431816,0.0978789769062065,0.5,"PLSc",12092,3001564,1000,"ordinal","uniform","skewed","Extreme","2",1,TRUE,1.38399999996182
"5160","Y~X:Z",0.218869051201057,0.579717619752316,0.3,"PLSc",12092,3001564,1000,"ordinal","uniform","skewed","Extreme","2",1,TRUE,1.38399999996182
"5161","X~~Z",0.189979218394381,0.062015232078541,0.2,"PLSc",12092,3001564,1000,"ordinal","uniform","skewed","Extreme","2",1,TRUE,1.38399999996182
"5162","X=~x1",0.373986451368996,0.0892558971462503,0.4,"PLS",12092,3001564,1000,"ordinal","uniform","skewed","Extreme","2",1,TRUE,0.935999999986961
"5163","X=~x2",0.795640103775976,0.045780805881,0.8,"PLS",12092,3001564,1000,"ordinal","uniform","skewed","Extreme","2",1,TRUE,0.935999999986961
"5164","X=~x3",0.837147897771713,0.0390218132614511,0.8,"PLS",12092,3001564,1000,"ordinal","uniform","skewed","Extreme","2",1,TRUE,0.935999999986961
"5165","Z=~z1",0.551950056719817,0.0825251751632743,0.6,"PLS",12092,3001564,1000,"ordinal","uniform","skewed","Extreme","2",1,TRUE,0.935999999986961
"5166","Z=~z2",0.585356888280221,0.0738838452850662,0.6,"PLS",12092,3001564,1000,"ordinal","uniform","skewed","Extreme","2",1,TRUE,0.935999999986961
"5167","Z=~z3",0.838530411181307,0.0414410252817592,0.8,"PLS",12092,3001564,1000,"ordinal","uniform","skewed","Extreme","2",1,TRUE,0.935999999986961
"5168","Y=~y1",0.388922218027166,0.0741942444685948,0.4,"PLS",12092,3001564,1000,"ordinal","uniform","skewed","Extreme","2",1,TRUE,0.935999999986961
"5169","Y=~y2",0.735256240369169,0.0399277317379221,0.7,"PLS",12092,3001564,1000,"ordinal","uniform","skewed","Extreme","2",1,TRUE,0.935999999986961
"5170","Y=~y3",0.886666797739253,0.0200072365741237,0.9,"PLS",12092,3001564,1000,"ordinal","uniform","skewed","Extreme","2",1,TRUE,0.935999999986961
"5171","Y~X",0.240905206938473,0.031938974758248,0.4,"PLS",12092,3001564,1000,"ordinal","uniform","skewed","Extreme","2",1,TRUE,0.935999999986961
"5172","Y~Z",0.230172349208308,0.0322862093437039,0.5,"PLS",12092,3001564,1000,"ordinal","uniform","skewed","Extreme","2",1,TRUE,0.935999999986961
"5173","Y~X:Z",0.146007710489044,0.0374781847210426,0.3,"PLS",12092,3001564,1000,"ordinal","uniform","skewed","Extreme","2",1,TRUE,0.935999999986961
"5174","X~~Z",0.098508678085663,0.0326060802071727,0.2,"PLS",12092,3001564,1000,"ordinal","uniform","skewed","Extreme","2",1,TRUE,0.935999999986961
"5175","X=~x1",0.444,0.06,0.4,"Mplus",12092,3001564,1000,"ordinal","uniform","skewed","Extreme","2",1,TRUE,160.341000000015
"5176","X=~x2",0.732,0.065,0.8,"Mplus",12092,3001564,1000,"ordinal","uniform","skewed","Extreme","2",1,TRUE,160.341000000015
"5177","X=~x3",0.845,0.067,0.8,"Mplus",12092,3001564,1000,"ordinal","uniform","skewed","Extreme","2",1,TRUE,160.341000000015
"5178","Z=~z1",0.458,0.064,0.6,"Mplus",12092,3001564,1000,"ordinal","uniform","skewed","Extreme","2",1,TRUE,160.341000000015
"5179","Z=~z2",0.51,0.063,0.6,"Mplus",12092,3001564,1000,"ordinal","uniform","skewed","Extreme","2",1,TRUE,160.341000000015
"5180","Z=~z3",0.818,0.076,0.8,"Mplus",12092,3001564,1000,"ordinal","uniform","skewed","Extreme","2",1,TRUE,160.341000000015
"5181","Y=~y1",0.37,0.056,0.4,"Mplus",12092,3001564,1000,"ordinal","uniform","skewed","Extreme","2",1,TRUE,160.341000000015
"5182","Y=~y2",0.662,0.05,0.7,"Mplus",12092,3001564,1000,"ordinal","uniform","skewed","Extreme","2",1,TRUE,160.341000000015
"5183","Y=~y3",0.954,0.048,0.9,"Mplus",12092,3001564,1000,"ordinal","uniform","skewed","Extreme","2",1,TRUE,160.341000000015
"5184","Y~X",0.39,0.08,0.4,"Mplus",12092,3001564,1000,"ordinal","uniform","skewed","Extreme","2",1,TRUE,160.341000000015
"5185","Y~Z",0.464,0.079,0.5,"Mplus",12092,3001564,1000,"ordinal","uniform","skewed","Extreme","2",1,TRUE,160.341000000015
"5186","Y~X:Z",0.14,0.103,0.3,"Mplus",12092,3001564,1000,"ordinal","uniform","skewed","Extreme","2",1,TRUE,160.341000000015
"5187","X~~Z",0.231,0.077,0.2,"Mplus",12092,3001564,1000,"ordinal","uniform","skewed","Extreme","2",1,TRUE,160.341000000015
"5188","X=~x1",0.316664828151234,0.0456305130421755,0.4,"LSAM",12092,3001564,1000,"ordinal","uniform","skewed","Extreme","2",1,TRUE,0.503000000026077
"5189","X=~x2",0.53237857143359,0.0908629073410298,0.8,"LSAM",12092,3001564,1000,"ordinal","uniform","skewed","Extreme","2",1,TRUE,0.503000000026077
"5190","X=~x3",0.683648976441113,0.109565824304343,0.8,"LSAM",12092,3001564,1000,"ordinal","uniform","skewed","Extreme","2",1,TRUE,0.503000000026077
"5191","Z=~z1",0.314930531087495,0.10561768085715,0.6,"LSAM",12092,3001564,1000,"ordinal","uniform","skewed","Extreme","2",1,TRUE,0.503000000026077
"5192","Z=~z2",0.357927391801715,0.132477690564069,0.6,"LSAM",12092,3001564,1000,"ordinal","uniform","skewed","Extreme","2",1,TRUE,0.503000000026077
"5193","Z=~z3",0.642609477422425,0.199562000458119,0.8,"LSAM",12092,3001564,1000,"ordinal","uniform","skewed","Extreme","2",1,TRUE,0.503000000026077
"5194","Y=~y1",0.309340620837841,0.0176681061102747,0.4,"LSAM",12092,3001564,1000,"ordinal","uniform","skewed","Extreme","2",1,TRUE,0.503000000026077
"5195","Y=~y2",0.527510472406072,0.0668747616098028,0.7,"LSAM",12092,3001564,1000,"ordinal","uniform","skewed","Extreme","2",1,TRUE,0.503000000026077
"5196","Y=~y3",0.730437489875169,0.0967370036737525,0.9,"LSAM",12092,3001564,1000,"ordinal","uniform","skewed","Extreme","2",1,TRUE,0.503000000026077
"5197","Y~X",0.336644991660472,0.0729571374849659,0.4,"LSAM",12092,3001564,1000,"ordinal","uniform","skewed","Extreme","2",1,TRUE,0.503000000026077
"5198","Y~Z",0.367931109304999,0.2074673385244,0.5,"LSAM",12092,3001564,1000,"ordinal","uniform","skewed","Extreme","2",1,TRUE,0.503000000026077
"5199","Y~X:Z",0.163754270064878,0.229759872209126,0.3,"LSAM",12092,3001564,1000,"ordinal","uniform","skewed","Extreme","2",1,TRUE,0.503000000026077
"5200","X~~Z",0.202697369301253,0.13148039643792,0.2,"LSAM",12092,3001564,1000,"ordinal","uniform","skewed","Extreme","2",1,TRUE,0.503000000026077
"5201","X=~x1",0.464563926662504,0.104602204630511,0.4,"MC-PLSc",12093,3162293,300,"ordinal","uniform","skewed","Extreme","3",1,TRUE,14.1429999999818
"5202","X=~x2",0.880866390248973,0.0898947001553132,0.8,"MC-PLSc",12093,3162293,300,"ordinal","uniform","skewed","Extreme","3",1,TRUE,14.1429999999818
"5203","X=~x3",0.725636928420775,0.0970027810842731,0.8,"MC-PLSc",12093,3162293,300,"ordinal","uniform","skewed","Extreme","3",1,TRUE,14.1429999999818
"5204","Z=~z1",0.617552014332331,0.0922724614737546,0.6,"MC-PLSc",12093,3162293,300,"ordinal","uniform","skewed","Extreme","3",1,TRUE,14.1429999999818
"5205","Z=~z2",0.75393718110118,0.0774547040964651,0.6,"MC-PLSc",12093,3162293,300,"ordinal","uniform","skewed","Extreme","3",1,TRUE,14.1429999999818
"5206","Z=~z3",0.831553029032579,0.0887036790975248,0.8,"MC-PLSc",12093,3162293,300,"ordinal","uniform","skewed","Extreme","3",1,TRUE,14.1429999999818
"5207","Y=~y1",0.48113992128839,0.105555158172747,0.4,"MC-PLSc",12093,3162293,300,"ordinal","uniform","skewed","Extreme","3",1,TRUE,14.1429999999818
"5208","Y=~y2",0.746249917937433,0.0704124662939294,0.7,"MC-PLSc",12093,3162293,300,"ordinal","uniform","skewed","Extreme","3",1,TRUE,14.1429999999818
"5209","Y=~y3",0.870019599057166,0.08741863500248,0.9,"MC-PLSc",12093,3162293,300,"ordinal","uniform","skewed","Extreme","3",1,TRUE,14.1429999999818
"5210","Y~X",0.235486485189573,0.0953107260683627,0.4,"MC-PLSc",12093,3162293,300,"ordinal","uniform","skewed","Extreme","3",1,TRUE,14.1429999999818
"5211","Y~Z",0.326247294329431,0.119623058554832,0.5,"MC-PLSc",12093,3162293,300,"ordinal","uniform","skewed","Extreme","3",1,TRUE,14.1429999999818
"5212","Y~X:Z",0.46339696707045,0.143630875077191,0.3,"MC-PLSc",12093,3162293,300,"ordinal","uniform","skewed","Extreme","3",1,TRUE,14.1429999999818
"5213","X~~Z",0.224962982067851,0.0889008674183488,0.2,"MC-PLSc",12093,3162293,300,"ordinal","uniform","skewed","Extreme","3",1,TRUE,14.1429999999818
"5214","X=~x1",0.408286579959077,0.164872445000312,0.4,"PLSc",12093,3162293,300,"ordinal","uniform","skewed","Extreme","3",1,TRUE,1.29099999996834
"5215","X=~x2",0.783580931864923,0.133237311277435,0.8,"PLSc",12093,3162293,300,"ordinal","uniform","skewed","Extreme","3",1,TRUE,1.29099999996834
"5216","X=~x3",0.584323120799773,0.125648483056814,0.8,"PLSc",12093,3162293,300,"ordinal","uniform","skewed","Extreme","3",1,TRUE,1.29099999996834
"5217","Z=~z1",0.507162997649777,0.12188842265454,0.6,"PLSc",12093,3162293,300,"ordinal","uniform","skewed","Extreme","3",1,TRUE,1.29099999996834
"5218","Z=~z2",0.653773363733404,0.101219915293659,0.6,"PLSc",12093,3162293,300,"ordinal","uniform","skewed","Extreme","3",1,TRUE,1.29099999996834
"5219","Z=~z3",0.70957367286943,0.10174268186508,0.8,"PLSc",12093,3162293,300,"ordinal","uniform","skewed","Extreme","3",1,TRUE,1.29099999996834
"5220","Y=~y1",0.32329504663653,0.133945716974967,0.4,"PLSc",12093,3162293,300,"ordinal","uniform","skewed","Extreme","3",1,TRUE,1.29099999996834
"5221","Y=~y2",0.694519911079396,0.0911100572077677,0.7,"PLSc",12093,3162293,300,"ordinal","uniform","skewed","Extreme","3",1,TRUE,1.29099999996834
"5222","Y=~y3",0.766064779710252,0.0907244205487095,0.9,"PLSc",12093,3162293,300,"ordinal","uniform","skewed","Extreme","3",1,TRUE,1.29099999996834
"5223","Y~X",0.26816218449512,0.571059577682142,0.4,"PLSc",12093,3162293,300,"ordinal","uniform","skewed","Extreme","3",1,TRUE,1.29099999996834
"5224","Y~Z",0.280770410394732,0.34150083759438,0.5,"PLSc",12093,3162293,300,"ordinal","uniform","skewed","Extreme","3",1,TRUE,1.29099999996834
"5225","Y~X:Z",0.297074257674722,1.27636445330306,0.3,"PLSc",12093,3162293,300,"ordinal","uniform","skewed","Extreme","3",1,TRUE,1.29099999996834
"5226","X~~Z",0.196122466266078,0.0884203013865206,0.2,"PLSc",12093,3162293,300,"ordinal","uniform","skewed","Extreme","3",1,TRUE,1.29099999996834
"5227","X=~x1",0.538175076078871,0.12883833481558,0.4,"PLS",12093,3162293,300,"ordinal","uniform","skewed","Extreme","3",1,TRUE,0.883000000030734
"5228","X=~x2",0.868281516823346,0.0505334875142887,0.8,"PLS",12093,3162293,300,"ordinal","uniform","skewed","Extreme","3",1,TRUE,0.883000000030734
"5229","X=~x3",0.793568502355105,0.0661330466950508,0.8,"PLS",12093,3162293,300,"ordinal","uniform","skewed","Extreme","3",1,TRUE,0.883000000030734
"5230","Z=~z1",0.676383722560352,0.0825840354651293,0.6,"PLS",12093,3162293,300,"ordinal","uniform","skewed","Extreme","3",1,TRUE,0.883000000030734
"5231","Z=~z2",0.789584888890621,0.0505978586465113,0.6,"PLS",12093,3162293,300,"ordinal","uniform","skewed","Extreme","3",1,TRUE,0.883000000030734
"5232","Z=~z3",0.830079439181003,0.0424508168666493,0.8,"PLS",12093,3162293,300,"ordinal","uniform","skewed","Extreme","3",1,TRUE,0.883000000030734
"5233","Y=~y1",0.561493907435876,0.101233455404038,0.4,"PLS",12093,3162293,300,"ordinal","uniform","skewed","Extreme","3",1,TRUE,0.883000000030734
"5234","Y=~y2",0.809072993322818,0.0451289117138941,0.7,"PLS",12093,3162293,300,"ordinal","uniform","skewed","Extreme","3",1,TRUE,0.883000000030734
"5235","Y=~y3",0.858627571520295,0.0329993357509307,0.9,"PLS",12093,3162293,300,"ordinal","uniform","skewed","Extreme","3",1,TRUE,0.883000000030734
"5236","Y~X",0.208163045510862,0.0454160199442872,0.4,"PLS",12093,3162293,300,"ordinal","uniform","skewed","Extreme","3",1,TRUE,0.883000000030734
"5237","Y~Z",0.240766888302348,0.0517427073668401,0.5,"PLS",12093,3162293,300,"ordinal","uniform","skewed","Extreme","3",1,TRUE,0.883000000030734
"5238","Y~X:Z",0.199637638622073,0.0468277724722067,0.3,"PLS",12093,3162293,300,"ordinal","uniform","skewed","Extreme","3",1,TRUE,0.883000000030734
"5239","X~~Z",0.132385574972356,0.0609927043220291,0.2,"PLS",12093,3162293,300,"ordinal","uniform","skewed","Extreme","3",1,TRUE,0.883000000030734
"5240","X=~x1",0.387,0.073,0.4,"Mplus",12093,3162293,300,"ordinal","uniform","skewed","Extreme","3",1,TRUE,125.621999999974
"5241","X=~x2",0.877,0.086,0.8,"Mplus",12093,3162293,300,"ordinal","uniform","skewed","Extreme","3",1,TRUE,125.621999999974
"5242","X=~x3",0.749,0.08,0.8,"Mplus",12093,3162293,300,"ordinal","uniform","skewed","Extreme","3",1,TRUE,125.621999999974
"5243","Z=~z1",0.598,0.076,0.6,"Mplus",12093,3162293,300,"ordinal","uniform","skewed","Extreme","3",1,TRUE,125.621999999974
"5244","Z=~z2",0.722,0.076,0.6,"Mplus",12093,3162293,300,"ordinal","uniform","skewed","Extreme","3",1,TRUE,125.621999999974
"5245","Z=~z3",0.847,0.08,0.8,"Mplus",12093,3162293,300,"ordinal","uniform","skewed","Extreme","3",1,TRUE,125.621999999974
"5246","Y=~y1",0.519,0.071,0.4,"Mplus",12093,3162293,300,"ordinal","uniform","skewed","Extreme","3",1,TRUE,125.621999999974
"5247","Y=~y2",0.716,0.069,0.7,"Mplus",12093,3162293,300,"ordinal","uniform","skewed","Extreme","3",1,TRUE,125.621999999974
"5248","Y=~y3",0.904,0.062,0.9,"Mplus",12093,3162293,300,"ordinal","uniform","skewed","Extreme","3",1,TRUE,125.621999999974
"5249","Y~X",0.378,0.085,0.4,"Mplus",12093,3162293,300,"ordinal","uniform","skewed","Extreme","3",1,TRUE,125.621999999974
"5250","Y~Z",0.378,0.105,0.5,"Mplus",12093,3162293,300,"ordinal","uniform","skewed","Extreme","3",1,TRUE,125.621999999974
"5251","Y~X:Z",0.126,0.11,0.3,"Mplus",12093,3162293,300,"ordinal","uniform","skewed","Extreme","3",1,TRUE,125.621999999974
"5252","X~~Z",0.199,0.097,0.2,"Mplus",12093,3162293,300,"ordinal","uniform","skewed","Extreme","3",1,TRUE,125.621999999974
"5253","X=~x1",0.330219076648078,0.0635592397699658,0.4,"LSAM",12093,3162293,300,"ordinal","uniform","skewed","Extreme","3",1,TRUE,0.511999999987893
"5254","X=~x2",0.737824532506226,0.136584891141225,0.8,"LSAM",12093,3162293,300,"ordinal","uniform","skewed","Extreme","3",1,TRUE,0.511999999987893
"5255","X=~x3",0.698409844012895,0.133729364449316,0.8,"LSAM",12093,3162293,300,"ordinal","uniform","skewed","Extreme","3",1,TRUE,0.511999999987893
"5256","Z=~z1",0.505505525437056,0.0501943710552211,0.6,"LSAM",12093,3162293,300,"ordinal","uniform","skewed","Extreme","3",1,TRUE,0.511999999987893
"5257","Z=~z2",0.627172803645653,0.0892568573291418,0.6,"LSAM",12093,3162293,300,"ordinal","uniform","skewed","Extreme","3",1,TRUE,0.511999999987893
"5258","Z=~z3",0.739174751985024,0.0958967904505383,0.8,"LSAM",12093,3162293,300,"ordinal","uniform","skewed","Extreme","3",1,TRUE,0.511999999987893
"5259","Y=~y1",0.458836546499632,0.0324546392467777,0.4,"LSAM",12093,3162293,300,"ordinal","uniform","skewed","Extreme","3",1,TRUE,0.511999999987893
"5260","Y=~y2",0.582553634274594,0.0825424822564528,0.7,"LSAM",12093,3162293,300,"ordinal","uniform","skewed","Extreme","3",1,TRUE,0.511999999987893
"5261","Y=~y3",0.790423610660004,0.103549971570928,0.9,"LSAM",12093,3162293,300,"ordinal","uniform","skewed","Extreme","3",1,TRUE,0.511999999987893
"5262","Y~X",0.263693701206041,0.0769072164632019,0.4,"LSAM",12093,3162293,300,"ordinal","uniform","skewed","Extreme","3",1,TRUE,0.511999999987893
"5263","Y~Z",0.26305617265229,0.120735889734357,0.5,"LSAM",12093,3162293,300,"ordinal","uniform","skewed","Extreme","3",1,TRUE,0.511999999987893
"5264","Y~X:Z",0.281988711155038,0.0969421987943039,0.3,"LSAM",12093,3162293,300,"ordinal","uniform","skewed","Extreme","3",1,TRUE,0.511999999987893
"5265","X~~Z",0.20737388301301,0.092832377283765,0.2,"LSAM",12093,3162293,300,"ordinal","uniform","skewed","Extreme","3",1,TRUE,0.511999999987893
"5266","X=~x1",0.437787506226823,0.0532042518129488,0.4,"MC-PLSc",12094,8411306,1000,"ordinal","uniform","skewed","Extreme","3",1,TRUE,17.7490000000107
"5267","X=~x2",0.753080073928898,0.0469094099405696,0.8,"MC-PLSc",12094,8411306,1000,"ordinal","uniform","skewed","Extreme","3",1,TRUE,17.7490000000107
"5268","X=~x3",0.880466604838049,0.0491760894070294,0.8,"MC-PLSc",12094,8411306,1000,"ordinal","uniform","skewed","Extreme","3",1,TRUE,17.7490000000107
"5269","Z=~z1",0.566230728462471,0.0533826866078396,0.6,"MC-PLSc",12094,8411306,1000,"ordinal","uniform","skewed","Extreme","3",1,TRUE,17.7490000000107
"5270","Z=~z2",0.56419057451218,0.0490581146134441,0.6,"MC-PLSc",12094,8411306,1000,"ordinal","uniform","skewed","Extreme","3",1,TRUE,17.7490000000107
"5271","Z=~z3",0.817431306153351,0.0478577599453869,0.8,"MC-PLSc",12094,8411306,1000,"ordinal","uniform","skewed","Extreme","3",1,TRUE,17.7490000000107
"5272","Y=~y1",0.486313489583671,0.0426699348837033,0.4,"MC-PLSc",12094,8411306,1000,"ordinal","uniform","skewed","Extreme","3",1,TRUE,17.7490000000107
"5273","Y=~y2",0.75400670724898,0.039773952807644,0.7,"MC-PLSc",12094,8411306,1000,"ordinal","uniform","skewed","Extreme","3",1,TRUE,17.7490000000107
"5274","Y=~y3",0.845971342441529,0.0339681217205201,0.9,"MC-PLSc",12094,8411306,1000,"ordinal","uniform","skewed","Extreme","3",1,TRUE,17.7490000000107
"5275","Y~X",0.32607784780963,0.0681269921615175,0.4,"MC-PLSc",12094,8411306,1000,"ordinal","uniform","skewed","Extreme","3",1,TRUE,17.7490000000107
"5276","Y~Z",0.527299387224002,0.0591235552908279,0.5,"MC-PLSc",12094,8411306,1000,"ordinal","uniform","skewed","Extreme","3",1,TRUE,17.7490000000107
"5277","Y~X:Z",0.519938212287851,0.121086942152602,0.3,"MC-PLSc",12094,8411306,1000,"ordinal","uniform","skewed","Extreme","3",1,TRUE,17.7490000000107
"5278","X~~Z",0.0752728955859295,0.0674285155446942,0.2,"MC-PLSc",12094,8411306,1000,"ordinal","uniform","skewed","Extreme","3",1,TRUE,17.7490000000107
"5279","X=~x1",0.346604691120848,0.0770333116657345,0.4,"PLSc",12094,8411306,1000,"ordinal","uniform","skewed","Extreme","3",1,TRUE,1.42499999998836
"5280","X=~x2",0.641067334108703,0.0625022339511713,0.8,"PLSc",12094,8411306,1000,"ordinal","uniform","skewed","Extreme","3",1,TRUE,1.42499999998836
"5281","X=~x3",0.783989969504533,0.0687480416165919,0.8,"PLSc",12094,8411306,1000,"ordinal","uniform","skewed","Extreme","3",1,TRUE,1.42499999998836
"5282","Z=~z1",0.455642648446896,0.0593375434863033,0.6,"PLSc",12094,8411306,1000,"ordinal","uniform","skewed","Extreme","3",1,TRUE,1.42499999998836
"5283","Z=~z2",0.451557430390386,0.0551574350311318,0.6,"PLSc",12094,8411306,1000,"ordinal","uniform","skewed","Extreme","3",1,TRUE,1.42499999998836
"5284","Z=~z3",0.721252667449014,0.0541528599086698,0.8,"PLSc",12094,8411306,1000,"ordinal","uniform","skewed","Extreme","3",1,TRUE,1.42499999998836
"5285","Y=~y1",0.461647053586764,0.0477951334412688,0.4,"PLSc",12094,8411306,1000,"ordinal","uniform","skewed","Extreme","3",1,TRUE,1.42499999998836
"5286","Y=~y2",0.647253238843969,0.043832836240437,0.7,"PLSc",12094,8411306,1000,"ordinal","uniform","skewed","Extreme","3",1,TRUE,1.42499999998836
"5287","Y=~y3",0.721523579353041,0.0408471085825283,0.9,"PLSc",12094,8411306,1000,"ordinal","uniform","skewed","Extreme","3",1,TRUE,1.42499999998836
"5288","Y~X",0.407964501177014,0.0630754235848884,0.4,"PLSc",12094,8411306,1000,"ordinal","uniform","skewed","Extreme","3",1,TRUE,1.42499999998836
"5289","Y~Z",0.508025189373982,0.0598460672521339,0.5,"PLSc",12094,8411306,1000,"ordinal","uniform","skewed","Extreme","3",1,TRUE,1.42499999998836
"5290","Y~X:Z",0.429941332711412,0.13458773407072,0.3,"PLSc",12094,8411306,1000,"ordinal","uniform","skewed","Extreme","3",1,TRUE,1.42499999998836
"5291","X~~Z",0.0666732977496516,0.0457447982155957,0.2,"PLSc",12094,8411306,1000,"ordinal","uniform","skewed","Extreme","3",1,TRUE,1.42499999998836
"5292","X=~x1",0.512720756739292,0.0613733488201938,0.4,"PLS",12094,8411306,1000,"ordinal","uniform","skewed","Extreme","3",1,TRUE,0.940000000002328
"5293","X=~x2",0.808998871899548,0.0287394262799187,0.8,"PLS",12094,8411306,1000,"ordinal","uniform","skewed","Extreme","3",1,TRUE,0.940000000002328
"5294","X=~x3",0.868776862130992,0.0228602886999102,0.8,"PLS",12094,8411306,1000,"ordinal","uniform","skewed","Extreme","3",1,TRUE,0.940000000002328
"5295","Z=~z1",0.659347242399923,0.0440675199568649,0.6,"PLS",12094,8411306,1000,"ordinal","uniform","skewed","Extreme","3",1,TRUE,0.940000000002328
"5296","Z=~z2",0.658370761410114,0.0409583582846836,0.6,"PLS",12094,8411306,1000,"ordinal","uniform","skewed","Extreme","3",1,TRUE,0.940000000002328
"5297","Z=~z3",0.837662919646458,0.0236757757729687,0.8,"PLS",12094,8411306,1000,"ordinal","uniform","skewed","Extreme","3",1,TRUE,0.940000000002328
"5298","Y=~y1",0.578771885487237,0.0414784490793454,0.4,"PLS",12094,8411306,1000,"ordinal","uniform","skewed","Extreme","3",1,TRUE,0.940000000002328
"5299","Y=~y2",0.813337086201942,0.0214078109879731,0.7,"PLS",12094,8411306,1000,"ordinal","uniform","skewed","Extreme","3",1,TRUE,0.940000000002328
"5300","Y=~y3",0.854864351266592,0.0152964773664237,0.9,"PLS",12094,8411306,1000,"ordinal","uniform","skewed","Extreme","3",1,TRUE,0.940000000002328
"5301","Y~X",0.279088423265602,0.0286736800668969,0.4,"PLS",12094,8411306,1000,"ordinal","uniform","skewed","Extreme","3",1,TRUE,0.940000000002328
"5302","Y~Z",0.341038279957429,0.0287479422211427,0.5,"PLS",12094,8411306,1000,"ordinal","uniform","skewed","Extreme","3",1,TRUE,0.940000000002328
"5303","Y~X:Z",0.212546763468273,0.0315393049772731,0.3,"PLS",12094,8411306,1000,"ordinal","uniform","skewed","Extreme","3",1,TRUE,0.940000000002328
"5304","X~~Z",0.0429918731529711,0.0292825673111155,0.2,"PLS",12094,8411306,1000,"ordinal","uniform","skewed","Extreme","3",1,TRUE,0.940000000002328
"5305","X=~x1",0.426,0.042,0.4,"Mplus",12094,8411306,1000,"ordinal","uniform","skewed","Extreme","3",1,TRUE,393.875
"5306","X=~x2",0.741,0.04,0.8,"Mplus",12094,8411306,1000,"ordinal","uniform","skewed","Extreme","3",1,TRUE,393.875
"5307","X=~x3",0.875,0.04,0.8,"Mplus",12094,8411306,1000,"ordinal","uniform","skewed","Extreme","3",1,TRUE,393.875
"5308","Z=~z1",0.559,0.044,0.6,"Mplus",12094,8411306,1000,"ordinal","uniform","skewed","Extreme","3",1,TRUE,393.875
"5309","Z=~z2",0.583,0.042,0.6,"Mplus",12094,8411306,1000,"ordinal","uniform","skewed","Extreme","3",1,TRUE,393.875
"5310","Z=~z3",0.786,0.042,0.8,"Mplus",12094,8411306,1000,"ordinal","uniform","skewed","Extreme","3",1,TRUE,393.875
"5311","Y=~y1",0.437,0.04,0.4,"Mplus",12094,8411306,1000,"ordinal","uniform","skewed","Extreme","3",1,TRUE,393.875
"5312","Y=~y2",0.75,0.035,0.7,"Mplus",12094,8411306,1000,"ordinal","uniform","skewed","Extreme","3",1,TRUE,393.875
"5313","Y=~y3",0.862,0.033,0.9,"Mplus",12094,8411306,1000,"ordinal","uniform","skewed","Extreme","3",1,TRUE,393.875
"5314","Y~X",0.427,0.051,0.4,"Mplus",12094,8411306,1000,"ordinal","uniform","skewed","Extreme","3",1,TRUE,393.875
"5315","Y~Z",0.548,0.052,0.5,"Mplus",12094,8411306,1000,"ordinal","uniform","skewed","Extreme","3",1,TRUE,393.875
"5316","Y~X:Z",0.296,0.068,0.3,"Mplus",12094,8411306,1000,"ordinal","uniform","skewed","Extreme","3",1,TRUE,393.875
"5317","X~~Z",0.04,0.055,0.2,"Mplus",12094,8411306,1000,"ordinal","uniform","skewed","Extreme","3",1,TRUE,393.875
"5318","X=~x1",0.354094839984964,0.0352706706033275,0.4,"LSAM",12094,8411306,1000,"ordinal","uniform","skewed","Extreme","3",1,TRUE,0.463000000047032
"5319","X=~x2",0.664126732775246,0.0692416836541801,0.8,"LSAM",12094,8411306,1000,"ordinal","uniform","skewed","Extreme","3",1,TRUE,0.463000000047032
"5320","X=~x3",0.752448621402358,0.0727740520873286,0.8,"LSAM",12094,8411306,1000,"ordinal","uniform","skewed","Extreme","3",1,TRUE,0.463000000047032
"5321","Z=~z1",0.49320224121161,0.0495378851166948,0.6,"LSAM",12094,8411306,1000,"ordinal","uniform","skewed","Extreme","3",1,TRUE,0.463000000047032
"5322","Z=~z2",0.497368425734323,0.0708889791072765,0.6,"LSAM",12094,8411306,1000,"ordinal","uniform","skewed","Extreme","3",1,TRUE,0.463000000047032
"5323","Z=~z3",0.635462164450855,0.0823628787324353,0.8,"LSAM",12094,8411306,1000,"ordinal","uniform","skewed","Extreme","3",1,TRUE,0.463000000047032
"5324","Y=~y1",0.34706218841244,0.0133673584125912,0.4,"LSAM",12094,8411306,1000,"ordinal","uniform","skewed","Extreme","3",1,TRUE,0.463000000047032
"5325","Y=~y2",0.665030778171898,0.0524761284668714,0.7,"LSAM",12094,8411306,1000,"ordinal","uniform","skewed","Extreme","3",1,TRUE,0.463000000047032
"5326","Y=~y3",0.819758031328252,0.0622764722194617,0.9,"LSAM",12094,8411306,1000,"ordinal","uniform","skewed","Extreme","3",1,TRUE,0.463000000047032
"5327","Y~X",0.395704255887457,0.0555837858449216,0.4,"LSAM",12094,8411306,1000,"ordinal","uniform","skewed","Extreme","3",1,TRUE,0.463000000047032
"5328","Y~Z",0.475208485971431,0.112537064732875,0.5,"LSAM",12094,8411306,1000,"ordinal","uniform","skewed","Extreme","3",1,TRUE,0.463000000047032
"5329","Y~X:Z",0.439193841791355,0.122176007795288,0.3,"LSAM",12094,8411306,1000,"ordinal","uniform","skewed","Extreme","3",1,TRUE,0.463000000047032
"5330","X~~Z",0.0632657775813024,0.0492045109173826,0.2,"LSAM",12094,8411306,1000,"ordinal","uniform","skewed","Extreme","3",1,TRUE,0.463000000047032
"5331","X=~x1",0.245882883468326,0.117737608839672,0.4,"MC-PLSc",12095,2237857,300,"ordinal","uniform","skewed","Extreme","5",1,TRUE,17.0950000000303
"5332","X=~x2",0.929718985201674,0.124646356029949,0.8,"MC-PLSc",12095,2237857,300,"ordinal","uniform","skewed","Extreme","5",1,TRUE,17.0950000000303
"5333","X=~x3",0.803857954556334,0.108174231811338,0.8,"MC-PLSc",12095,2237857,300,"ordinal","uniform","skewed","Extreme","5",1,TRUE,17.0950000000303
"5334","Z=~z1",0.580441068494789,0.0584938240514547,0.6,"MC-PLSc",12095,2237857,300,"ordinal","uniform","skewed","Extreme","5",1,TRUE,17.0950000000303
"5335","Z=~z2",0.501928304213898,0.0690458958563356,0.6,"MC-PLSc",12095,2237857,300,"ordinal","uniform","skewed","Extreme","5",1,TRUE,17.0950000000303
"5336","Z=~z3",0.825235889274066,0.0669328585933041,0.8,"MC-PLSc",12095,2237857,300,"ordinal","uniform","skewed","Extreme","5",1,TRUE,17.0950000000303
"5337","Y=~y1",0.549339314759121,0.0647389394817982,0.4,"MC-PLSc",12095,2237857,300,"ordinal","uniform","skewed","Extreme","5",1,TRUE,17.0950000000303
"5338","Y=~y2",0.744606895281241,0.0496067429479096,0.7,"MC-PLSc",12095,2237857,300,"ordinal","uniform","skewed","Extreme","5",1,TRUE,17.0950000000303
"5339","Y=~y3",0.941771196807806,0.0425645010050612,0.9,"MC-PLSc",12095,2237857,300,"ordinal","uniform","skewed","Extreme","5",1,TRUE,17.0950000000303
"5340","Y~X",0.243267694964398,0.0855907991130228,0.4,"MC-PLSc",12095,2237857,300,"ordinal","uniform","skewed","Extreme","5",1,TRUE,17.0950000000303
"5341","Y~Z",0.71820989849112,0.0726487431956384,0.5,"MC-PLSc",12095,2237857,300,"ordinal","uniform","skewed","Extreme","5",1,TRUE,17.0950000000303
"5342","Y~X:Z",0.284122578995665,0.132136204096081,0.3,"MC-PLSc",12095,2237857,300,"ordinal","uniform","skewed","Extreme","5",1,TRUE,17.0950000000303
"5343","X~~Z",0.0798280939325293,0.0902301674362844,0.2,"MC-PLSc",12095,2237857,300,"ordinal","uniform","skewed","Extreme","5",1,TRUE,17.0950000000303
"5344","X=~x1",0.146227595569981,0.180781140555354,0.4,"PLSc",12095,2237857,300,"ordinal","uniform","skewed","Extreme","5",1,TRUE,1.30200000002515
"5345","X=~x2",0.901299259653544,0.11830046292813,0.8,"PLSc",12095,2237857,300,"ordinal","uniform","skewed","Extreme","5",1,TRUE,1.30200000002515
"5346","X=~x3",0.744189167954569,0.11044815343135,0.8,"PLSc",12095,2237857,300,"ordinal","uniform","skewed","Extreme","5",1,TRUE,1.30200000002515
"5347","Z=~z1",0.473020522665508,0.0758407085378711,0.6,"PLSc",12095,2237857,300,"ordinal","uniform","skewed","Extreme","5",1,TRUE,1.30200000002515
"5348","Z=~z2",0.47656364038809,0.0763828941141049,0.6,"PLSc",12095,2237857,300,"ordinal","uniform","skewed","Extreme","5",1,TRUE,1.30200000002515
"5349","Z=~z3",0.775074953305811,0.0743720568825413,0.8,"PLSc",12095,2237857,300,"ordinal","uniform","skewed","Extreme","5",1,TRUE,1.30200000002515
"5350","Y=~y1",0.453614757182912,0.0783967208179033,0.4,"PLSc",12095,2237857,300,"ordinal","uniform","skewed","Extreme","5",1,TRUE,1.30200000002515
"5351","Y=~y2",0.748579180068092,0.0584112170896851,0.7,"PLSc",12095,2237857,300,"ordinal","uniform","skewed","Extreme","5",1,TRUE,1.30200000002515
"5352","Y=~y3",0.849641760348707,0.0478677199170939,0.9,"PLSc",12095,2237857,300,"ordinal","uniform","skewed","Extreme","5",1,TRUE,1.30200000002515
"5353","Y~X",0.282262229283115,0.087570616588139,0.4,"PLSc",12095,2237857,300,"ordinal","uniform","skewed","Extreme","5",1,TRUE,1.30200000002515
"5354","Y~Z",0.694295314378359,0.104846825846357,0.5,"PLSc",12095,2237857,300,"ordinal","uniform","skewed","Extreme","5",1,TRUE,1.30200000002515
"5355","Y~X:Z",0.255189410824284,0.181461499947903,0.3,"PLSc",12095,2237857,300,"ordinal","uniform","skewed","Extreme","5",1,TRUE,1.30200000002515
"5356","X~~Z",0.0717067098981362,0.0770207356569747,0.2,"PLSc",12095,2237857,300,"ordinal","uniform","skewed","Extreme","5",1,TRUE,1.30200000002515
"5357","X=~x1",0.322242184376897,0.149059182097056,0.4,"PLS",12095,2237857,300,"ordinal","uniform","skewed","Extreme","5",1,TRUE,0.891999999992549
"5358","X=~x2",0.916640321216359,0.0287816985347813,0.8,"PLS",12095,2237857,300,"ordinal","uniform","skewed","Extreme","5",1,TRUE,0.891999999992549
"5359","X=~x3",0.884577773919895,0.0338593226503508,0.8,"PLS",12095,2237857,300,"ordinal","uniform","skewed","Extreme","5",1,TRUE,0.891999999992549
"5360","Z=~z1",0.711834226845604,0.050524288341184,0.6,"PLS",12095,2237857,300,"ordinal","uniform","skewed","Extreme","5",1,TRUE,0.891999999992549
"5361","Z=~z2",0.628392416307899,0.0665790395713852,0.6,"PLS",12095,2237857,300,"ordinal","uniform","skewed","Extreme","5",1,TRUE,0.891999999992549
"5362","Z=~z3",0.858905553621973,0.0279375506072776,0.8,"PLS",12095,2237857,300,"ordinal","uniform","skewed","Extreme","5",1,TRUE,0.891999999992549
"5363","Y=~y1",0.661057557190865,0.0576332993139374,0.4,"PLS",12095,2237857,300,"ordinal","uniform","skewed","Extreme","5",1,TRUE,0.891999999992549
"5364","Y=~y2",0.826315573078383,0.0305622623932372,0.7,"PLS",12095,2237857,300,"ordinal","uniform","skewed","Extreme","5",1,TRUE,0.891999999992549
"5365","Y=~y3",0.897176247610176,0.013860237749185,0.9,"PLS",12095,2237857,300,"ordinal","uniform","skewed","Extreme","5",1,TRUE,0.891999999992549
"5366","Y~X",0.2392269123368,0.0450275826482001,0.4,"PLS",12095,2237857,300,"ordinal","uniform","skewed","Extreme","5",1,TRUE,0.891999999992549
"5367","Y~Z",0.494174961652153,0.0472733321661535,0.5,"PLS",12095,2237857,300,"ordinal","uniform","skewed","Extreme","5",1,TRUE,0.891999999992549
"5368","Y~X:Z",0.158012285099957,0.0467685818152514,0.3,"PLS",12095,2237857,300,"ordinal","uniform","skewed","Extreme","5",1,TRUE,0.891999999992549
"5369","X~~Z",0.0524735302543008,0.0552336343442708,0.2,"PLS",12095,2237857,300,"ordinal","uniform","skewed","Extreme","5",1,TRUE,0.891999999992549
"5370","X=~x1",0.276,0.066,0.4,"Mplus",12095,2237857,300,"ordinal","uniform","skewed","Extreme","5",1,TRUE,166.706000000006
"5371","X=~x2",0.886,0.065,0.8,"Mplus",12095,2237857,300,"ordinal","uniform","skewed","Extreme","5",1,TRUE,166.706000000006
"5372","X=~x3",0.814,0.066,0.8,"Mplus",12095,2237857,300,"ordinal","uniform","skewed","Extreme","5",1,TRUE,166.706000000006
"5373","Z=~z1",0.585,0.055,0.6,"Mplus",12095,2237857,300,"ordinal","uniform","skewed","Extreme","5",1,TRUE,166.706000000006
"5374","Z=~z2",0.477,0.069,0.6,"Mplus",12095,2237857,300,"ordinal","uniform","skewed","Extreme","5",1,TRUE,166.706000000006
"5375","Z=~z3",0.826,0.061,0.8,"Mplus",12095,2237857,300,"ordinal","uniform","skewed","Extreme","5",1,TRUE,166.706000000006
"5376","Y=~y1",0.561,0.056,0.4,"Mplus",12095,2237857,300,"ordinal","uniform","skewed","Extreme","5",1,TRUE,166.706000000006
"5377","Y=~y2",0.705,0.061,0.7,"Mplus",12095,2237857,300,"ordinal","uniform","skewed","Extreme","5",1,TRUE,166.706000000006
"5378","Y=~y3",0.926,0.05,0.9,"Mplus",12095,2237857,300,"ordinal","uniform","skewed","Extreme","5",1,TRUE,166.706000000006
"5379","Y~X",0.256,0.076,0.4,"Mplus",12095,2237857,300,"ordinal","uniform","skewed","Extreme","5",1,TRUE,166.706000000006
"5380","Y~Z",0.665,0.067,0.5,"Mplus",12095,2237857,300,"ordinal","uniform","skewed","Extreme","5",1,TRUE,166.706000000006
"5381","Y~X:Z",0.275,0.117,0.3,"Mplus",12095,2237857,300,"ordinal","uniform","skewed","Extreme","5",1,TRUE,166.706000000006
"5382","X~~Z",0.099,0.088,0.2,"Mplus",12095,2237857,300,"ordinal","uniform","skewed","Extreme","5",1,TRUE,166.706000000006
"5383","X=~x1",0.309728870435578,0.06289915070642,0.4,"LSAM",12095,2237857,300,"ordinal","uniform","skewed","Extreme","5",1,TRUE,0.423999999999069
"5384","X=~x2",0.720560839914233,0.117618838172344,0.8,"LSAM",12095,2237857,300,"ordinal","uniform","skewed","Extreme","5",1,TRUE,0.423999999999069
"5385","X=~x3",0.88293388799453,0.112884162794531,0.8,"LSAM",12095,2237857,300,"ordinal","uniform","skewed","Extreme","5",1,TRUE,0.423999999999069
"5386","Z=~z1",0.607956788108291,0.0576168868134784,0.6,"LSAM",12095,2237857,300,"ordinal","uniform","skewed","Extreme","5",1,TRUE,0.423999999999069
"5387","Z=~z2",0.406529419113443,0.0880874799698123,0.6,"LSAM",12095,2237857,300,"ordinal","uniform","skewed","Extreme","5",1,TRUE,0.423999999999069
"5388","Z=~z3",0.71290778751626,0.127457445142906,0.8,"LSAM",12095,2237857,300,"ordinal","uniform","skewed","Extreme","5",1,TRUE,0.423999999999069
"5389","Y=~y1",0.520475865748057,0.0300686622193041,0.4,"LSAM",12095,2237857,300,"ordinal","uniform","skewed","Extreme","5",1,TRUE,0.423999999999069
"5390","Y=~y2",0.617292273379306,0.059873034937485,0.7,"LSAM",12095,2237857,300,"ordinal","uniform","skewed","Extreme","5",1,TRUE,0.423999999999069
"5391","Y=~y3",0.942795484733208,0.0674281032671002,0.9,"LSAM",12095,2237857,300,"ordinal","uniform","skewed","Extreme","5",1,TRUE,0.423999999999069
"5392","Y~X",0.19870134483428,0.0667462143142734,0.4,"LSAM",12095,2237857,300,"ordinal","uniform","skewed","Extreme","5",1,TRUE,0.423999999999069
"5393","Y~Z",0.64232617320036,0.0721972672402108,0.5,"LSAM",12095,2237857,300,"ordinal","uniform","skewed","Extreme","5",1,TRUE,0.423999999999069
"5394","Y~X:Z",0.177368377514336,0.078837518615927,0.3,"LSAM",12095,2237857,300,"ordinal","uniform","skewed","Extreme","5",1,TRUE,0.423999999999069
"5395","X~~Z",0.0893441605964438,0.0818331867466393,0.2,"LSAM",12095,2237857,300,"ordinal","uniform","skewed","Extreme","5",1,TRUE,0.423999999999069
"5396","X=~x1",0.44428338046418,0.0452356250020955,0.4,"MC-PLSc",12096,4353512,1000,"ordinal","uniform","skewed","Extreme","5",1,TRUE,19.9760000000242
"5397","X=~x2",0.808324950821878,0.0324345635654068,0.8,"MC-PLSc",12096,4353512,1000,"ordinal","uniform","skewed","Extreme","5",1,TRUE,19.9760000000242
"5398","X=~x3",0.848500689872354,0.0376524141693031,0.8,"MC-PLSc",12096,4353512,1000,"ordinal","uniform","skewed","Extreme","5",1,TRUE,19.9760000000242
"5399","Z=~z1",0.589790178971957,0.039182418379592,0.6,"MC-PLSc",12096,4353512,1000,"ordinal","uniform","skewed","Extreme","5",1,TRUE,19.9760000000242
"5400","Z=~z2",0.590235973726518,0.0399780675290917,0.6,"MC-PLSc",12096,4353512,1000,"ordinal","uniform","skewed","Extreme","5",1,TRUE,19.9760000000242
"5401","Z=~z3",0.827370082042274,0.0366650582174002,0.8,"MC-PLSc",12096,4353512,1000,"ordinal","uniform","skewed","Extreme","5",1,TRUE,19.9760000000242
"5402","Y=~y1",0.447515466859879,0.0380782642386069,0.4,"MC-PLSc",12096,4353512,1000,"ordinal","uniform","skewed","Extreme","5",1,TRUE,19.9760000000242
"5403","Y=~y2",0.739167760195679,0.0271484880184791,0.7,"MC-PLSc",12096,4353512,1000,"ordinal","uniform","skewed","Extreme","5",1,TRUE,19.9760000000242
"5404","Y=~y3",0.908953409058003,0.0283514651143767,0.9,"MC-PLSc",12096,4353512,1000,"ordinal","uniform","skewed","Extreme","5",1,TRUE,19.9760000000242
"5405","Y~X",0.340653494207027,0.0483922557861918,0.4,"MC-PLSc",12096,4353512,1000,"ordinal","uniform","skewed","Extreme","5",1,TRUE,19.9760000000242
"5406","Y~Z",0.46910198371638,0.0440440947151337,0.5,"MC-PLSc",12096,4353512,1000,"ordinal","uniform","skewed","Extreme","5",1,TRUE,19.9760000000242
"5407","Y~X:Z",0.376494017041629,0.0672868029450838,0.3,"MC-PLSc",12096,4353512,1000,"ordinal","uniform","skewed","Extreme","5",1,TRUE,19.9760000000242
"5408","X~~Z",0.167606676582671,0.04798528748462,0.2,"MC-PLSc",12096,4353512,1000,"ordinal","uniform","skewed","Extreme","5",1,TRUE,19.9760000000242
"5409","X=~x1",0.379175745861457,0.0641490596749793,0.4,"PLSc",12096,4353512,1000,"ordinal","uniform","skewed","Extreme","5",1,TRUE,1.3640000000014
"5410","X=~x2",0.757161979325975,0.048031805671004,0.8,"PLSc",12096,4353512,1000,"ordinal","uniform","skewed","Extreme","5",1,TRUE,1.3640000000014
"5411","X=~x3",0.792177110091786,0.0481549357413837,0.8,"PLSc",12096,4353512,1000,"ordinal","uniform","skewed","Extreme","5",1,TRUE,1.3640000000014
"5412","Z=~z1",0.51231719166426,0.0535952593554576,0.6,"PLSc",12096,4353512,1000,"ordinal","uniform","skewed","Extreme","5",1,TRUE,1.3640000000014
"5413","Z=~z2",0.553161078537854,0.0530205450639525,0.6,"PLSc",12096,4353512,1000,"ordinal","uniform","skewed","Extreme","5",1,TRUE,1.3640000000014
"5414","Z=~z3",0.755227336536455,0.045722940328799,0.8,"PLSc",12096,4353512,1000,"ordinal","uniform","skewed","Extreme","5",1,TRUE,1.3640000000014
"5415","Y=~y1",0.395112630885526,0.0538821796012011,0.4,"PLSc",12096,4353512,1000,"ordinal","uniform","skewed","Extreme","5",1,TRUE,1.3640000000014
"5416","Y=~y2",0.687692172211858,0.0344357086070719,0.7,"PLSc",12096,4353512,1000,"ordinal","uniform","skewed","Extreme","5",1,TRUE,1.3640000000014
"5417","Y=~y3",0.860754241707372,0.0316092448475151,0.9,"PLSc",12096,4353512,1000,"ordinal","uniform","skewed","Extreme","5",1,TRUE,1.3640000000014
"5418","Y~X",0.345099214955631,0.0425768173330912,0.4,"PLSc",12096,4353512,1000,"ordinal","uniform","skewed","Extreme","5",1,TRUE,1.3640000000014
"5419","Y~Z",0.447270186368303,0.0414896892569234,0.5,"PLSc",12096,4353512,1000,"ordinal","uniform","skewed","Extreme","5",1,TRUE,1.3640000000014
"5420","Y~X:Z",0.27503578783349,0.056156819237713,0.3,"PLSc",12096,4353512,1000,"ordinal","uniform","skewed","Extreme","5",1,TRUE,1.3640000000014
"5421","X~~Z",0.155524157672402,0.0445678453968994,0.2,"PLSc",12096,4353512,1000,"ordinal","uniform","skewed","Extreme","5",1,TRUE,1.3640000000014
"5422","X=~x1",0.550490881566963,0.0465094512542514,0.4,"PLS",12096,4353512,1000,"ordinal","uniform","skewed","Extreme","5",1,TRUE,1.16800000000512
"5423","X=~x2",0.859566477810785,0.0167529041873928,0.8,"PLS",12096,4353512,1000,"ordinal","uniform","skewed","Extreme","5",1,TRUE,1.16800000000512
"5424","X=~x3",0.874395108081451,0.014187877584826,0.8,"PLS",12096,4353512,1000,"ordinal","uniform","skewed","Extreme","5",1,TRUE,1.16800000000512
"5425","Z=~z1",0.70347619120732,0.0336860547811101,0.6,"PLS",12096,4353512,1000,"ordinal","uniform","skewed","Extreme","5",1,TRUE,1.16800000000512
"5426","Z=~z2",0.705919603721501,0.035476077677033,0.6,"PLS",12096,4353512,1000,"ordinal","uniform","skewed","Extreme","5",1,TRUE,1.16800000000512
"5427","Z=~z3",0.853761888733578,0.0164306398365552,0.8,"PLS",12096,4353512,1000,"ordinal","uniform","skewed","Extreme","5",1,TRUE,1.16800000000512
"5428","Y=~y1",0.565568432004569,0.0429634100910205,0.4,"PLS",12096,4353512,1000,"ordinal","uniform","skewed","Extreme","5",1,TRUE,1.16800000000512
"5429","Y=~y2",0.832874316570708,0.0160079206739047,0.7,"PLS",12096,4353512,1000,"ordinal","uniform","skewed","Extreme","5",1,TRUE,1.16800000000512
"5430","Y=~y3",0.89331518374652,0.00897825804573671,0.9,"PLS",12096,4353512,1000,"ordinal","uniform","skewed","Extreme","5",1,TRUE,1.16800000000512
"5431","Y~X",0.290165202330323,0.0280261716232617,0.4,"PLS",12096,4353512,1000,"ordinal","uniform","skewed","Extreme","5",1,TRUE,1.16800000000512
"5432","Y~Z",0.341330014870867,0.026897461099693,0.5,"PLS",12096,4353512,1000,"ordinal","uniform","skewed","Extreme","5",1,TRUE,1.16800000000512
"5433","Y~X:Z",0.194397938560102,0.0257755029633618,0.3,"PLS",12096,4353512,1000,"ordinal","uniform","skewed","Extreme","5",1,TRUE,1.16800000000512
"5434","X~~Z",0.109928181207361,0.0315693693150188,0.2,"PLS",12096,4353512,1000,"ordinal","uniform","skewed","Extreme","5",1,TRUE,1.16800000000512
"5435","X=~x1",0.426,0.035,0.4,"Mplus",12096,4353512,1000,"ordinal","uniform","skewed","Extreme","5",1,TRUE,768.475999999966
"5436","X=~x2",0.796,0.034,0.8,"Mplus",12096,4353512,1000,"ordinal","uniform","skewed","Extreme","5",1,TRUE,768.475999999966
"5437","X=~x3",0.83,0.033,0.8,"Mplus",12096,4353512,1000,"ordinal","uniform","skewed","Extreme","5",1,TRUE,768.475999999966
"5438","Z=~z1",0.576,0.035,0.6,"Mplus",12096,4353512,1000,"ordinal","uniform","skewed","Extreme","5",1,TRUE,768.475999999966
"5439","Z=~z2",0.572,0.035,0.6,"Mplus",12096,4353512,1000,"ordinal","uniform","skewed","Extreme","5",1,TRUE,768.475999999966
"5440","Z=~z3",0.846,0.035,0.8,"Mplus",12096,4353512,1000,"ordinal","uniform","skewed","Extreme","5",1,TRUE,768.475999999966
"5441","Y=~y1",0.403,0.037,0.4,"Mplus",12096,4353512,1000,"ordinal","uniform","skewed","Extreme","5",1,TRUE,768.475999999966
"5442","Y=~y2",0.717,0.03,0.7,"Mplus",12096,4353512,1000,"ordinal","uniform","skewed","Extreme","5",1,TRUE,768.475999999966
"5443","Y=~y3",0.889,0.027,0.9,"Mplus",12096,4353512,1000,"ordinal","uniform","skewed","Extreme","5",1,TRUE,768.475999999966
"5444","Y~X",0.349,0.046,0.4,"Mplus",12096,4353512,1000,"ordinal","uniform","skewed","Extreme","5",1,TRUE,768.475999999966
"5445","Y~Z",0.49,0.044,0.5,"Mplus",12096,4353512,1000,"ordinal","uniform","skewed","Extreme","5",1,TRUE,768.475999999966
"5446","Y~X:Z",0.266,0.065,0.3,"Mplus",12096,4353512,1000,"ordinal","uniform","skewed","Extreme","5",1,TRUE,768.475999999966
"5447","X~~Z",0.141,0.045,0.2,"Mplus",12096,4353512,1000,"ordinal","uniform","skewed","Extreme","5",1,TRUE,768.475999999966
"5448","X=~x1",0.399760305460883,0.0307158171009895,0.4,"LSAM",12096,4353512,1000,"ordinal","uniform","skewed","Extreme","5",1,TRUE,0.538999999989755
"5449","X=~x2",0.738546960007287,0.0531173760864891,0.8,"LSAM",12096,4353512,1000,"ordinal","uniform","skewed","Extreme","5",1,TRUE,0.538999999989755
"5450","X=~x3",0.795034078690563,0.05330295821451,0.8,"LSAM",12096,4353512,1000,"ordinal","uniform","skewed","Extreme","5",1,TRUE,0.538999999989755
"5451","Z=~z1",0.537045083029748,0.0256804479206754,0.6,"LSAM",12096,4353512,1000,"ordinal","uniform","skewed","Extreme","5",1,TRUE,0.538999999989755
"5452","Z=~z2",0.492792790648038,0.0444309927793895,0.6,"LSAM",12096,4353512,1000,"ordinal","uniform","skewed","Extreme","5",1,TRUE,0.538999999989755
"5453","Z=~z3",0.79664320203715,0.0591546180302038,0.8,"LSAM",12096,4353512,1000,"ordinal","uniform","skewed","Extreme","5",1,TRUE,0.538999999989755
"5454","Y=~y1",0.407886148543485,0.0159996040960755,0.4,"LSAM",12096,4353512,1000,"ordinal","uniform","skewed","Extreme","5",1,TRUE,0.538999999989755
"5455","Y=~y2",0.697430336625085,0.0437861181840957,0.7,"LSAM",12096,4353512,1000,"ordinal","uniform","skewed","Extreme","5",1,TRUE,0.538999999989755
"5456","Y=~y3",0.83869452213055,0.0484545342324903,0.9,"LSAM",12096,4353512,1000,"ordinal","uniform","skewed","Extreme","5",1,TRUE,0.538999999989755
"5457","Y~X",0.367013709326147,0.0441966364654459,0.4,"LSAM",12096,4353512,1000,"ordinal","uniform","skewed","Extreme","5",1,TRUE,0.538999999989755
"5458","Y~Z",0.455319544186561,0.0479225702392702,0.5,"LSAM",12096,4353512,1000,"ordinal","uniform","skewed","Extreme","5",1,TRUE,0.538999999989755
"5459","Y~X:Z",0.284800834289935,0.0450712561195834,0.3,"LSAM",12096,4353512,1000,"ordinal","uniform","skewed","Extreme","5",1,TRUE,0.538999999989755
"5460","X~~Z",0.135103506277073,0.0431959613248823,0.2,"LSAM",12096,4353512,1000,"ordinal","uniform","skewed","Extreme","5",1,TRUE,0.538999999989755
